#usda 1.0
(
    defaultPrim = "Vehicle"
    metersPerUnit = 1
    upAxis = "Y"
)
def Xform "Vehicle" {
    def Mesh "mesh_colormap" {
        int[] faceVertexCounts = [3, 3, 3, 3, 3, 3, 3, 3, 3, 3, 3, 3, 3, 3, 3, 3, 3, 3, 3, 3, 3, 3, 3, 3, 3, 3, 3, 3, 3, 3, 3, 3, 3, 3, 3, 3, 3, 3, 3, 3, 3, 3, 3, 3, 3, 3, 3, 3, 3, 3, 3, 3, 3, 3, 3, 3, 3, 3, 3, 3, 3, 3, 3, 3, 3, 3, 3, 3, 3, 3, 3, 3, 3, 3, 3, 3, 3, 3, 3, 3, 3, 3, 3, 3, 3, 3, 3, 3, 3, 3, 3, 3, 3, 3, 3, 3, 3, 3, 3, 3, 3, 3, 3, 3, 3, 3, 3, 3, 3, 3, 3, 3, 3, 3, 3, 3, 3, 3, 3, 3, 3, 3, 3, 3, 3, 3, 3, 3, 3, 3, 3, 3, 3, 3, 3, 3, 3, 3, 3, 3, 3, 3, 3, 3, 3, 3, 3, 3, 3, 3, 3, 3, 3, 3, 3, 3, 3, 3, 3, 3, 3, 3, 3, 3, 3, 3, 3, 3, 3, 3, 3, 3, 3, 3, 3, 3, 3, 3, 3, 3, 3, 3, 3, 3, 3, 3, 3, 3, 3, 3, 3, 3, 3, 3, 3, 3, 3, 3, 3, 3, 3, 3, 3, 3, 3, 3, 3, 3, 3, 3, 3, 3, 3, 3, 3, 3, 3, 3, 3, 3, 3, 3, 3, 3, 3, 3, 3, 3, 3, 3, 3, 3, 3, 3, 3, 3, 3, 3, 3, 3, 3, 3, 3, 3, 3, 3, 3, 3, 3, 3, 3, 3, 3, 3, 3, 3, 3, 3, 3, 3, 3, 3, 3, 3, 3, 3, 3, 3, 3, 3, 3, 3, 3, 3, 3, 3, 3, 3, 3, 3, 3, 3, 3, 3, 3, 3, 3, 3, 3, 3, 3, 3, 3, 3, 3, 3, 3, 3, 3, 3, 3, 3, 3, 3, 3, 3, 3, 3, 3, 3, 3, 3, 3, 3, 3, 3, 3, 3, 3, 3, 3, 3, 3, 3, 3, 3, 3, 3, 3, 3, 3, 3, 3, 3, 3, 3, 3, 3, 3, 3, 3, 3, 3, 3, 3, 3, 3, 3, 3, 3, 3, 3, 3, 3, 3, 3, 3, 3, 3, 3, 3, 3, 3, 3, 3, 3, 3, 3, 3, 3, 3, 3, 3, 3, 3, 3, 3, 3, 3, 3, 3, 3, 3, 3, 3, 3, 3, 3, 3, 3, 3, 3, 3, 3, 3, 3, 3, 3, 3, 3, 3, 3, 3, 3, 3, 3, 3, 3, 3, 3, 3, 3, 3, 3, 3, 3, 3, 3, 3, 3, 3, 3, 3, 3, 3, 3, 3, 3, 3, 3, 3, 3, 3, 3, 3, 3, 3, 3, 3, 3, 3, 3, 3, 3, 3, 3, 3, 3, 3, 3, 3, 3, 3, 3, 3, 3, 3, 3, 3, 3, 3, 3, 3, 3, 3, 3, 3, 3, 3, 3, 3, 3, 3, 3, 3, 3, 3, 3, 3, 3, 3, 3, 3, 3, 3, 3, 3, 3, 3, 3, 3, 3, 3, 3, 3, 3, 3, 3, 3, 3, 3, 3, 3, 3, 3, 3, 3, 3, 3, 3, 3, 3, 3, 3, 3, 3, 3, 3, 3, 3, 3, 3, 3, 3, 3, 3, 3, 3, 3, 3, 3, 3, 3, 3, 3, 3, 3, 3, 3, 3, 3, 3, 3, 3, 3, 3, 3, 3, 3, 3, 3, 3, 3, 3, 3, 3, 3, 3, 3, 3, 3, 3, 3, 3, 3, 3, 3, 3, 3, 3, 3, 3, 3, 3, 3, 3, 3, 3, 3, 3, 3, 3, 3, 3, 3, 3, 3, 3, 3, 3, 3, 3, 3, 3, 3, 3, 3, 3, 3, 3, 3, 3, 3, 3, 3, 3, 3, 3, 3, 3, 3, 3, 3, 3, 3, 3, 3, 3, 3, 3, 3, 3, 3, 3, 3, 3, 3, 3, 3, 3, 3, 3, 3, 3, 3, 3, 3, 3, 3, 3, 3, 3, 3, 3, 3, 3, 3, 3, 3, 3, 3, 3, 3, 3, 3, 3, 3, 3, 3, 3, 3, 3, 3, 3, 3, 3, 3, 3, 3, 3, 3, 3, 3, 3, 3, 3, 3, 3, 3, 3, 3, 3, 3, 3, 3, 3, 3, 3, 3, 3, 3, 3, 3, 3, 3, 3, 3, 3, 3, 3, 3, 3, 3, 3, 3, 3, 3, 3, 3, 3, 3, 3, 3, 3, 3, 3, 3, 3, 3, 3, 3, 3, 3, 3, 3, 3, 3, 3, 3, 3, 3, 3, 3, 3, 3, 3, 3, 3, 3, 3, 3, 3, 3, 3, 3, 3, 3, 3, 3, 3, 3, 3, 3, 3, 3, 3, 3, 3, 3, 3, 3, 3, 3, 3, 3, 3, 3, 3, 3, 3, 3, 3, 3, 3, 3, 3, 3, 3, 3, 3, 3, 3, 3, 3, 3, 3, 3, 3, 3, 3, 3, 3, 3, 3, 3, 3, 3, 3, 3, 3, 3, 3, 3, 3, 3, 3, 3, 3, 3, 3, 3, 3, 3, 3, 3, 3, 3, 3, 3, 3, 3, 3, 3, 3, 3, 3, 3, 3, 3, 3, 3, 3, 3, 3, 3, 3, 3, 3, 3, 3, 3, 3, 3, 3, 3, 3, 3, 3, 3, 3, 3, 3, 3, 3, 3, 3, 3, 3, 3, 3, 3, 3, 3, 3, 3, 3, 3, 3, 3, 3, 3, 3, 3, 3, 3, 3, 3, 3, 3, 3, 3, 3, 3, 3, 3, 3, 3, 3, 3, 3, 3, 3, 3, 3, 3, 3, 3, 3, 3, 3, 3, 3, 3, 3, 3, 3, 3, 3, 3, 3, 3, 3, 3, 3, 3, 3, 3, 3, 3, 3, 3, 3, 3, 3, 3, 3, 3, 3, 3, 3, 3, 3, 3, 3, 3, 3, 3, 3, 3, 3, 3, 3, 3, 3, 3, 3, 3, 3, 3, 3, 3, 3, 3, 3, 3, 3, 3, 3, 3, 3, 3, 3, 3, 3, 3, 3, 3, 3, 3, 3, 3, 3, 3, 3, 3, 3, 3, 3, 3, 3, 3, 3, 3, 3, 3, 3, 3, 3, 3, 3, 3, 3, 3, 3, 3, 3, 3, 3, 3, 3, 3, 3, 3, 3, 3, 3, 3, 3, 3, 3, 3, 3, 3, 3, 3, 3, 3, 3, 3, 3, 3, 3, 3, 3, 3, 3, 3, 3, 3, 3, 3, 3, 3, 3, 3, 3, 3, 3, 3, 3, 3, 3, 3, 3, 3, 3, 3, 3, 3, 3, 3, 3, 3, 3, 3, 3, 3, 3, 3, 3, 3, 3, 3, 3, 3, 3, 3, 3, 3, 3, 3, 3, 3, 3, 3, 3, 3, 3, 3, 3, 3, 3, 3, 3, 3, 3, 3, 3, 3, 3, 3, 3, 3, 3, 3, 3, 3, 3, 3, 3, 3, 3, 3, 3, 3, 3, 3, 3, 3, 3, 3, 3, 3, 3, 3, 3, 3, 3, 3, 3, 3, 3, 3, 3, 3, 3, 3, 3, 3, 3, 3, 3, 3, 3, 3, 3, 3, 3, 3, 3, 3, 3, 3, 3, 3, 3, 3, 3, 3, 3, 3, 3, 3, 3, 3, 3, 3, 3, 3, 3, 3, 3, 3, 3, 3, 3, 3, 3, 3, 3, 3, 3, 3, 3, 3, 3, 3, 3, 3, 3, 3, 3, 3, 3, 3, 3, 3, 3, 3, 3, 3, 3, 3, 3, 3, 3, 3, 3, 3, 3, 3, 3, 3, 3, 3, 3, 3, 3, 3, 3, 3, 3, 3, 3, 3, 3, 3, 3, 3, 3, 3, 3, 3, 3, 3, 3, 3, 3, 3, 3, 3, 3, 3, 3, 3, 3, 3, 3, 3, 3, 3, 3, 3, 3, 3, 3, 3, 3, 3, 3, 3, 3, 3, 3, 3, 3, 3, 3, 3, 3, 3, 3, 3, 3, 3, 3, 3, 3, 3, 3, 3, 3, 3, 3, 3, 3, 3, 3, 3, 3, 3, 3, 3, 3, 3, 3, 3, 3, 3, 3, 3, 3, 3, 3, 3, 3, 3, 3, 3, 3, 3, 3, 3, 3, 3, 3, 3, 3, 3, 3, 3, 3, 3, 3, 3, 3, 3, 3, 3, 3, 3, 3, 3, 3, 3, 3, 3, 3, 3, 3, 3, 3, 3, 3, 3, 3, 3, 3, 3, 3, 3, 3, 3, 3, 3, 3, 3, 3, 3, 3, 3, 3, 3, 3, 3, 3, 3, 3, 3, 3, 3, 3, 3, 3, 3, 3, 3, 3, 3, 3, 3, 3, 3, 3, 3, 3, 3, 3, 3, 3, 3, 3, 3, 3, 3, 3, 3, 3, 3, 3, 3, 3, 3, 3, 3, 3, 3, 3, 3, 3, 3, 3, 3, 3, 3, 3, 3, 3, 3, 3, 3, 3, 3, 3, 3, 3, 3, 3, 3, 3, 3, 3, 3, 3, 3, 3, 3, 3, 3, 3, 3, 3, 3, 3, 3, 3, 3, 3, 3, 3, 3, 3, 3, 3, 3, 3, 3, 3, 3, 3, 3, 3, 3, 3, 3, 3, 3, 3, 3, 3, 3, 3, 3, 3, 3, 3, 3, 3, 3, 3, 3, 3, 3, 3, 3, 3, 3, 3, 3, 3, 3, 3, 3, 3, 3, 3, 3, 3, 3, 3, 3, 3, 3, 3, 3, 3, 3, 3, 3, 3, 3, 3, 3, 3, 3, 3, 3, 3, 3, 3, 3, 3, 3, 3, 3, 3, 3, 3, 3, 3, 3, 3, 3, 3, 3, 3, 3, 3, 3, 3, 3, 3, 3, 3, 3, 3, 3, 3, 3, 3, 3, 3, 3, 3, 3, 3, 3, 3, 3, 3, 3, 3, 3, 3, 3, 3, 3, 3, 3, 3, 3, 3, 3, 3, 3, 3, 3, 3, 3, 3, 3, 3, 3, 3, 3, 3, 3, 3, 3, 3, 3, 3, 3, 3, 3, 3, 3, 3, 3, 3, 3, 3, 3, 3, 3, 3, 3, 3, 3, 3, 3, 3, 3, 3, 3, 3, 3, 3, 3, 3, 3, 3, 3, 3, 3, 3, 3, 3, 3, 3]
        int[] faceVertexIndices = [2, 1, 0, 1, 2, 3, 3, 2, 4, 3, 4, 5, 3, 5, 6, 6, 5, 7, 8, 2, 0, 2, 8, 9, 10, 3, 6, 3, 10, 11, 9, 4, 2, 4, 9, 12, 6, 13, 10, 13, 6, 7, 12, 5, 4, 5, 12, 14, 8, 1, 15, 1, 8, 0, 11, 1, 3, 1, 11, 15, 5, 13, 7, 13, 5, 14, 18, 17, 16, 17, 18, 19, 17, 19, 20, 20, 19, 21, 20, 21, 22, 22, 21, 23, 13, 25, 24, 25, 13, 14, 13, 26, 10, 26, 13, 24, 27, 8, 15, 8, 27, 28, 26, 11, 10, 11, 26, 29, 17, 31, 30, 31, 17, 20, 17, 28, 16, 28, 17, 30, 18, 28, 27, 28, 18, 16, 19, 27, 29, 27, 19, 18, 20, 25, 31, 25, 20, 22, 24, 22, 23, 22, 24, 25, 24, 21, 26, 21, 24, 23, 30, 8, 28, 8, 30, 9, 30, 12, 9, 12, 30, 31, 29, 15, 11, 15, 29, 27, 21, 29, 26, 29, 21, 19, 31, 14, 12, 14, 31, 25, 34, 33, 32, 33, 34, 35, 35, 34, 36, 35, 36, 37, 35, 37, 38, 38, 37, 39, 40, 34, 32, 34, 40, 41, 42, 35, 38, 35, 42, 43, 41, 36, 34, 36, 41, 44, 38, 45, 42, 45, 38, 39, 44, 37, 36, 37, 44, 46, 40, 33, 47, 33, 40, 32, 43, 33, 35, 33, 43, 47, 37, 45, 39, 45, 37, 46, 48, 43, 42, 43, 48, 49, 45, 48, 42, 48, 45, 50, 51, 44, 41, 44, 51, 52, 49, 47, 43, 47, 49, 53, 46, 50, 45, 50, 46, 54, 53, 40, 47, 40, 53, 55, 52, 46, 44, 46, 52, 54, 51, 40, 55, 40, 51, 41, 58, 57, 56, 57, 58, 59, 57, 59, 60, 60, 59, 61, 60, 61, 62, 62, 61, 63, 64, 49, 48, 49, 64, 65, 66, 55, 53, 55, 66, 67, 54, 68, 50, 68, 54, 69, 65, 53, 49, 53, 65, 66, 70, 54, 52, 54, 70, 69, 50, 64, 48, 64, 50, 68, 67, 51, 55, 51, 67, 71, 71, 52, 51, 52, 71, 70, 68, 62, 63, 62, 68, 69, 61, 65, 64, 65, 61, 59, 57, 70, 71, 70, 57, 60, 60, 69, 70, 69, 60, 62, 57, 67, 56, 67, 57, 71, 59, 66, 65, 66, 59, 58, 68, 61, 64, 61, 68, 63, 58, 67, 66, 67, 58, 56, 74, 73, 72, 73, 74, 75, 75, 74, 76, 75, 76, 77, 75, 77, 78, 78, 77, 79, 80, 74, 72, 74, 80, 81, 82, 75, 78, 75, 82, 83, 81, 76, 74, 76, 81, 84, 78, 85, 82, 85, 78, 79, 84, 77, 76, 77, 84, 86, 80, 73, 87, 73, 80, 72, 83, 73, 75, 73, 83, 87, 77, 85, 79, 85, 77, 86, 90, 89, 88, 89, 90, 91, 89, 91, 92, 92, 91, 93, 92, 93, 94, 94, 93, 95, 85, 97, 96, 97, 85, 86, 85, 98, 82, 98, 85, 96, 99, 80, 87, 80, 99, 100, 98, 83, 82, 83, 98, 101, 89, 103, 102, 103, 89, 92, 89, 100, 88, 100, 89, 102, 90, 100, 99, 100, 90, 88, 91, 99, 101, 99, 91, 90, 92, 97, 103, 97, 92, 94, 96, 94, 95, 94, 96, 97, 96, 93, 98, 93, 96, 95, 102, 80, 100, 80, 102, 81, 102, 84, 81, 84, 102, 103, 101, 87, 83, 87, 101, 99, 93, 101, 98, 101, 93, 91, 103, 86, 84, 86, 103, 97, 106, 105, 104, 105, 107, 104, 104, 109, 108, 104, 107, 109, 110, 104, 108, 106, 104, 110, 113, 112, 111, 115, 113, 114, 116, 113, 115, 113, 111, 114, 116, 117, 113, 117, 112, 113, 119, 106, 118, 106, 119, 105, 107, 119, 120, 119, 107, 105, 107, 121, 109, 121, 107, 120, 115, 118, 116, 118, 115, 119, 120, 115, 114, 115, 120, 119, 120, 111, 121, 111, 120, 114, 121, 112, 122, 112, 121, 111, 110, 122, 123, 122, 110, 108, 123, 112, 117, 112, 123, 122, 118, 110, 123, 110, 118, 106, 108, 121, 122, 121, 108, 109, 117, 118, 123, 118, 117, 116, 126, 125, 124, 128, 124, 127, 131, 130, 129, 132, 130, 131, 127, 124, 133, 135, 131, 134, 124, 125, 136, 128, 126, 124, 137, 131, 135, 131, 129, 134, 137, 132, 131, 124, 136, 133, 139, 125, 138, 125, 139, 136, 130, 139, 129, 139, 130, 140, 135, 138, 141, 138, 135, 134, 141, 125, 126, 125, 141, 138, 142, 135, 141, 135, 142, 137, 140, 136, 139, 136, 140, 133, 134, 139, 138, 139, 134, 129, 126, 142, 141, 142, 126, 128, 130, 143, 140, 143, 130, 132, 143, 137, 142, 137, 143, 132, 140, 127, 133, 127, 140, 143, 127, 142, 128, 142, 127, 143, 146, 145, 144, 149, 148, 147, 151, 150, 145, 146, 151, 145, 148, 153, 152, 144, 145, 154, 145, 155, 154, 148, 152, 156, 149, 157, 148, 147, 148, 156, 157, 153, 148, 145, 150, 155, 144, 158, 146, 158, 144, 159, 153, 160, 152, 160, 153, 161, 147, 163, 162, 163, 147, 156, 159, 149, 158, 149, 159, 157, 153, 159, 161, 159, 153, 157, 156, 160, 163, 160, 156, 152, 158, 147, 162, 147, 158, 149, 161, 144, 154, 144, 161, 159, 161, 155, 160, 155, 161, 154, 162, 150, 151, 150, 162, 163, 160, 150, 163, 150, 160, 155, 151, 158, 162, 158, 151, 146, 166, 165, 164, 165, 166, 167, 170, 169, 168, 169, 170, 171, 174, 173, 172, 173, 174, 166, 169, 173, 166, 169, 166, 164, 171, 173, 169, 173, 171, 175, 169, 164, 176, 176, 164, 177, 177, 164, 178, 177, 178, 179, 177, 179, 180, 181, 180, 179, 180, 181, 182, 182, 181, 183, 178, 165, 184, 165, 178, 164, 186, 183, 185, 183, 186, 182, 170, 188, 187, 188, 170, 168, 167, 188, 168, 167, 168, 189, 190, 188, 167, 188, 190, 191, 167, 189, 165, 165, 189, 192, 165, 192, 184, 184, 192, 193, 184, 193, 194, 186, 194, 193, 194, 186, 195, 195, 186, 185, 185, 181, 195, 181, 185, 183, 192, 180, 193, 180, 192, 177, 176, 192, 189, 192, 176, 177, 172, 190, 174, 190, 172, 191, 194, 178, 184, 178, 194, 179, 181, 194, 195, 194, 181, 179, 193, 182, 186, 182, 193, 180, 171, 187, 175, 187, 171, 170, 175, 188, 173, 188, 175, 187, 173, 191, 172, 191, 173, 188, 166, 190, 167, 190, 166, 174, 176, 168, 169, 168, 176, 189, 198, 197, 196, 197, 198, 199, 197, 199, 200, 200, 199, 201, 200, 201, 202, 202, 201, 203, 206, 205, 204, 205, 206, 207, 205, 207, 208, 208, 207, 209, 208, 209, 210, 210, 209, 211, 200, 209, 207, 209, 200, 202, 202, 211, 209, 211, 202, 203, 197, 204, 196, 204, 197, 206, 204, 198, 196, 198, 204, 205, 211, 201, 210, 201, 211, 203, 200, 206, 197, 206, 200, 207, 210, 199, 208, 199, 210, 201, 205, 199, 198, 199, 205, 208, 214, 213, 212, 214, 212, 215, 215, 212, 216, 219, 218, 217, 212, 221, 220, 213, 221, 212, 223, 222, 218, 223, 218, 219, 222, 224, 218, 218, 225, 217, 212, 220, 216, 218, 224, 225, 227, 221, 226, 221, 227, 220, 213, 229, 228, 229, 213, 214, 224, 231, 230, 231, 224, 222, 228, 221, 213, 221, 228, 226, 231, 223, 229, 223, 231, 222, 230, 220, 227, 220, 230, 216, 217, 227, 226, 227, 217, 225, 219, 226, 228, 226, 219, 217, 229, 219, 228, 219, 229, 223, 215, 229, 214, 229, 215, 231, 224, 227, 225, 227, 224, 230, 230, 215, 216, 215, 230, 231, 234, 233, 232, 235, 233, 234, 238, 237, 236, 237, 240, 239, 237, 239, 241, 236, 237, 241, 242, 240, 237, 238, 242, 237, 235, 243, 233, 243, 244, 233, 233, 244, 245, 233, 245, 232, 244, 247, 246, 247, 244, 243, 232, 249, 248, 249, 232, 245, 244, 249, 245, 249, 244, 246, 234, 248, 250, 248, 234, 232, 247, 235, 251, 235, 247, 243, 251, 234, 250, 234, 251, 235, 246, 236, 241, 236, 246, 247, 250, 240, 242, 240, 250, 248, 246, 239, 249, 239, 246, 241, 236, 251, 238, 251, 236, 247, 249, 240, 248, 240, 249, 239, 242, 251, 250, 251, 242, 238, 254, 253, 252, 255, 253, 254, 258, 257, 256, 257, 260, 259, 257, 259, 261, 256, 257, 261, 262, 260, 257, 258, 262, 257, 255, 263, 253, 263, 264, 253, 253, 264, 265, 253, 265, 252, 264, 267, 266, 267, 264, 263, 252, 269, 268, 269, 252, 265, 264, 269, 265, 269, 264, 266, 254, 268, 270, 268, 254, 252, 267, 255, 271, 255, 267, 263, 271, 254, 270, 254, 271, 255, 266, 256, 261, 256, 266, 267, 270, 260, 262, 260, 270, 268, 266, 259, 269, 259, 266, 261, 256, 271, 258, 271, 256, 267, 269, 260, 268, 260, 269, 259, 262, 271, 270, 271, 262, 258, 274, 273, 272, 273, 274, 275, 278, 277, 276, 277, 278, 279, 282, 281, 280, 281, 282, 283, 286, 285, 284, 285, 286, 287, 283, 285, 287, 285, 283, 282, 276, 275, 274, 275, 276, 277, 281, 278, 280, 278, 281, 279, 273, 284, 272, 284, 273, 286, 290, 289, 288, 289, 290, 291, 294, 293, 292, 293, 294, 295, 298, 297, 296, 297, 298, 299, 302, 301, 300, 301, 302, 303, 298, 301, 303, 301, 298, 296, 292, 291, 290, 291, 292, 293, 299, 294, 297, 294, 299, 295, 288, 302, 300, 302, 288, 289, 306, 305, 304, 305, 306, 307, 310, 309, 308, 309, 310, 311, 314, 313, 312, 313, 314, 315, 318, 317, 316, 317, 318, 319, 314, 317, 319, 317, 314, 312, 308, 306, 304, 306, 308, 309, 315, 310, 313, 310, 315, 311, 307, 316, 305, 316, 307, 318, 322, 321, 320, 323, 321, 322, 326, 325, 324, 325, 328, 327, 325, 327, 329, 324, 325, 329, 330, 328, 325, 326, 330, 325, 323, 331, 321, 331, 332, 321, 321, 332, 333, 321, 333, 320, 332, 335, 334, 335, 332, 331, 320, 337, 336, 337, 320, 333, 332, 337, 333, 337, 332, 334, 322, 336, 338, 336, 322, 320, 335, 323, 339, 323, 335, 331, 339, 322, 338, 322, 339, 323, 334, 324, 329, 324, 334, 335, 338, 328, 330, 328, 338, 336, 334, 327, 337, 327, 334, 329, 324, 339, 326, 339, 324, 335, 337, 328, 336, 328, 337, 327, 330, 339, 338, 339, 330, 326, 272, 273, 274, 275, 274, 273, 276, 277, 278, 279, 278, 277, 280, 281, 282, 283, 282, 281, 284, 285, 286, 287, 286, 285, 287, 285, 283, 282, 283, 285, 274, 275, 276, 277, 276, 275, 280, 278, 281, 279, 281, 278, 272, 284, 273, 286, 273, 284, 288, 289, 290, 291, 290, 289, 292, 293, 294, 295, 294, 293, 296, 297, 298, 299, 298, 297, 300, 301, 302, 303, 302, 301, 303, 301, 298, 296, 298, 301, 290, 291, 292, 293, 292, 291, 297, 294, 299, 295, 299, 294, 300, 302, 288, 289, 288, 302, 304, 305, 306, 307, 306, 305, 308, 309, 310, 311, 310, 309, 312, 313, 314, 315, 314, 313, 316, 317, 318, 319, 318, 317, 319, 317, 314, 312, 314, 317, 304, 306, 308, 309, 308, 306, 313, 310, 315, 311, 315, 310, 305, 316, 307, 318, 307, 316, 342, 341, 340, 341, 342, 343, 341, 343, 344, 344, 343, 345, 344, 345, 346, 346, 345, 347, 350, 349, 348, 349, 350, 351, 349, 351, 352, 352, 351, 353, 352, 353, 354, 354, 353, 355, 357, 348, 356, 348, 357, 350, 358, 349, 352, 349, 358, 359, 360, 352, 354, 352, 360, 358, 354, 361, 360, 361, 354, 355, 362, 353, 351, 353, 362, 363, 356, 349, 359, 349, 356, 348, 353, 361, 355, 361, 353, 363, 357, 351, 350, 351, 357, 362, 342, 356, 359, 356, 342, 340, 361, 346, 347, 346, 361, 363, 344, 363, 362, 363, 344, 346, 361, 345, 360, 345, 361, 347, 343, 359, 358, 359, 343, 342, 345, 358, 360, 358, 345, 343, 341, 362, 357, 362, 341, 344, 341, 356, 340, 356, 341, 357, 366, 365, 364, 365, 366, 367, 366, 368, 367, 368, 366, 369, 364, 371, 370, 371, 364, 365, 372, 369, 366, 369, 372, 373, 376, 375, 374, 375, 376, 377, 374, 378, 370, 378, 374, 375, 379, 366, 364, 366, 379, 372, 380, 369, 373, 369, 380, 381, 382, 381, 380, 381, 382, 383, 376, 382, 377, 382, 376, 383, 370, 379, 364, 379, 370, 378, 376, 385, 384, 385, 376, 374, 384, 383, 376, 383, 384, 386, 369, 387, 368, 387, 369, 381, 387, 383, 386, 383, 387, 381, 374, 371, 385, 371, 374, 370, 390, 389, 388, 389, 390, 391, 394, 393, 392, 393, 394, 395, 390, 397, 396, 397, 390, 398, 390, 399, 391, 399, 390, 396, 402, 401, 400, 401, 402, 403, 405, 393, 404, 393, 405, 392, 397, 395, 394, 395, 397, 398, 401, 404, 400, 404, 401, 405, 391, 403, 402, 403, 391, 399, 391, 406, 389, 406, 391, 402, 407, 395, 398, 395, 407, 408, 404, 410, 409, 410, 404, 393, 404, 411, 400, 411, 404, 409, 393, 408, 410, 408, 393, 395, 400, 406, 402, 406, 400, 411, 388, 398, 390, 398, 388, 407, 10, 413, 412, 413, 10, 414, 412, 415, 10, 415, 412, 416, 414, 417, 413, 417, 414, 14, 419, 14, 418, 14, 419, 417, 416, 421, 420, 421, 416, 422, 412, 424, 423, 424, 412, 413, 427, 426, 425, 426, 427, 9, 428, 419, 427, 419, 428, 429, 427, 418, 9, 418, 427, 419, 424, 417, 430, 417, 424, 413, 412, 422, 416, 422, 412, 423, 430, 419, 429, 419, 430, 417, 431, 427, 425, 427, 431, 428, 420, 431, 425, 431, 420, 421, 416, 15, 415, 15, 416, 420, 425, 15, 420, 15, 425, 426, 434, 433, 432, 433, 434, 435, 438, 437, 436, 437, 438, 432, 437, 432, 439, 439, 432, 433, 439, 433, 440, 440, 433, 441, 442, 438, 436, 438, 442, 443, 443, 432, 438, 432, 443, 434, 444, 436, 437, 436, 444, 442, 445, 435, 434, 435, 445, 446, 448, 446, 447, 446, 448, 435, 450, 442, 449, 442, 450, 443, 452, 444, 451, 444, 452, 453, 448, 455, 454, 455, 448, 447, 450, 434, 443, 434, 450, 445, 453, 442, 444, 442, 453, 449, 455, 451, 454, 451, 455, 452, 433, 448, 441, 448, 433, 435, 454, 439, 440, 439, 454, 451, 441, 454, 440, 454, 441, 448, 451, 437, 439, 437, 451, 444, 2, 1, 0, 1, 2, 3, 3, 2, 4, 3, 4, 5, 3, 5, 6, 6, 5, 7, 8, 2, 0, 2, 8, 9, 10, 3, 6, 3, 10, 11, 9, 4, 2, 4, 9, 12, 6, 13, 10, 13, 6, 7, 12, 5, 4, 5, 12, 14, 8, 1, 15, 1, 8, 0, 11, 1, 3, 1, 11, 15, 5, 13, 7, 13, 5, 14, 18, 17, 16, 17, 18, 19, 17, 19, 20, 20, 19, 21, 20, 21, 22, 22, 21, 23, 13, 25, 24, 25, 13, 14, 13, 26, 10, 26, 13, 24, 27, 8, 15, 8, 27, 28, 26, 11, 10, 11, 26, 29, 17, 31, 30, 31, 17, 20, 17, 28, 16, 28, 17, 30, 18, 28, 27, 28, 18, 16, 19, 27, 29, 27, 19, 18, 20, 25, 31, 25, 20, 22, 24, 22, 23, 22, 24, 25, 24, 21, 26, 21, 24, 23, 30, 8, 28, 8, 30, 9, 30, 12, 9, 12, 30, 31, 29, 15, 11, 15, 29, 27, 21, 29, 26, 29, 21, 19, 31, 14, 12, 14, 31, 25, 34, 33, 32, 33, 34, 35, 35, 34, 36, 35, 36, 37, 35, 37, 38, 38, 37, 39, 40, 34, 32, 34, 40, 41, 42, 35, 38, 35, 42, 43, 41, 36, 34, 36, 41, 44, 38, 45, 42, 45, 38, 39, 44, 37, 36, 37, 44, 46, 40, 33, 47, 33, 40, 32, 43, 33, 35, 33, 43, 47, 37, 45, 39, 45, 37, 46, 48, 43, 42, 43, 48, 49, 45, 48, 42, 48, 45, 50, 51, 44, 41, 44, 51, 52, 49, 47, 43, 47, 49, 53, 46, 50, 45, 50, 46, 54, 53, 40, 47, 40, 53, 55, 52, 46, 44, 46, 52, 54, 51, 40, 55, 40, 51, 41, 58, 57, 56, 57, 58, 59, 57, 59, 60, 60, 59, 61, 60, 61, 62, 62, 61, 63, 64, 49, 48, 49, 64, 65, 66, 55, 53, 55, 66, 67, 54, 68, 50, 68, 54, 69, 65, 53, 49, 53, 65, 66, 70, 54, 52, 54, 70, 69, 50, 64, 48, 64, 50, 68, 67, 51, 55, 51, 67, 71, 71, 52, 51, 52, 71, 70, 68, 62, 63, 62, 68, 69, 61, 65, 64, 65, 61, 59, 57, 70, 71, 70, 57, 60, 60, 69, 70, 69, 60, 62, 57, 67, 56, 67, 57, 71, 59, 66, 65, 66, 59, 58, 68, 61, 64, 61, 68, 63, 58, 67, 66, 67, 58, 56, 74, 73, 72, 73, 74, 75, 75, 74, 76, 75, 76, 77, 75, 77, 78, 78, 77, 79, 80, 74, 72, 74, 80, 81, 82, 75, 78, 75, 82, 83, 81, 76, 74, 76, 81, 84, 78, 85, 82, 85, 78, 79, 84, 77, 76, 77, 84, 86, 80, 73, 87, 73, 80, 72, 83, 73, 75, 73, 83, 87, 77, 85, 79, 85, 77, 86, 90, 89, 88, 89, 90, 91, 89, 91, 92, 92, 91, 93, 92, 93, 94, 94, 93, 95, 85, 97, 96, 97, 85, 86, 85, 98, 82, 98, 85, 96, 99, 80, 87, 80, 99, 100, 98, 83, 82, 83, 98, 101, 89, 103, 102, 103, 89, 92, 89, 100, 88, 100, 89, 102, 90, 100, 99, 100, 90, 88, 91, 99, 101, 99, 91, 90, 92, 97, 103, 97, 92, 94, 96, 94, 95, 94, 96, 97, 96, 93, 98, 93, 96, 95, 102, 80, 100, 80, 102, 81, 102, 84, 81, 84, 102, 103, 101, 87, 83, 87, 101, 99, 93, 101, 98, 101, 93, 91, 103, 86, 84, 86, 103, 97, 106, 105, 104, 105, 107, 104, 104, 109, 108, 104, 107, 109, 110, 104, 108, 106, 104, 110, 113, 112, 111, 115, 113, 114, 116, 113, 115, 113, 111, 114, 116, 117, 113, 117, 112, 113, 119, 106, 118, 106, 119, 105, 107, 119, 120, 119, 107, 105, 107, 121, 109, 121, 107, 120, 115, 118, 116, 118, 115, 119, 120, 115, 114, 115, 120, 119, 120, 111, 121, 111, 120, 114, 121, 112, 122, 112, 121, 111, 110, 122, 123, 122, 110, 108, 123, 112, 117, 112, 123, 122, 118, 110, 123, 110, 118, 106, 108, 121, 122, 121, 108, 109, 117, 118, 123, 118, 117, 116, 126, 125, 124, 128, 124, 127, 131, 130, 129, 132, 130, 131, 127, 124, 133, 135, 131, 134, 124, 125, 136, 128, 126, 124, 137, 131, 135, 131, 129, 134, 137, 132, 131, 124, 136, 133, 139, 125, 138, 125, 139, 136, 130, 139, 129, 139, 130, 140, 135, 138, 141, 138, 135, 134, 141, 125, 126, 125, 141, 138, 142, 135, 141, 135, 142, 137, 140, 136, 139, 136, 140, 133, 134, 139, 138, 139, 134, 129, 126, 142, 141, 142, 126, 128, 130, 143, 140, 143, 130, 132, 143, 137, 142, 137, 143, 132, 140, 127, 133, 127, 140, 143, 127, 142, 128, 142, 127, 143, 146, 145, 144, 149, 148, 147, 151, 150, 145, 146, 151, 145, 148, 153, 152, 144, 145, 154, 145, 155, 154, 148, 152, 156, 149, 157, 148, 147, 148, 156, 157, 153, 148, 145, 150, 155, 144, 158, 146, 158, 144, 159, 153, 160, 152, 160, 153, 161, 147, 163, 162, 163, 147, 156, 159, 149, 158, 149, 159, 157, 153, 159, 161, 159, 153, 157, 156, 160, 163, 160, 156, 152, 158, 147, 162, 147, 158, 149, 161, 144, 154, 144, 161, 159, 161, 155, 160, 155, 161, 154, 162, 150, 151, 150, 162, 163, 160, 150, 163, 150, 160, 155, 151, 158, 162, 158, 151, 146, 166, 165, 164, 165, 166, 167, 170, 169, 168, 169, 170, 171, 174, 173, 172, 173, 174, 166, 169, 173, 166, 169, 166, 164, 171, 173, 169, 173, 171, 175, 169, 164, 176, 176, 164, 177, 177, 164, 178, 177, 178, 179, 177, 179, 180, 181, 180, 179, 180, 181, 182, 182, 181, 183, 178, 165, 184, 165, 178, 164, 186, 183, 185, 183, 186, 182, 170, 188, 187, 188, 170, 168, 167, 188, 168, 167, 168, 189, 190, 188, 167, 188, 190, 191, 167, 189, 165, 165, 189, 192, 165, 192, 184, 184, 192, 193, 184, 193, 194, 186, 194, 193, 194, 186, 195, 195, 186, 185, 185, 181, 195, 181, 185, 183, 192, 180, 193, 180, 192, 177, 176, 192, 189, 192, 176, 177, 172, 190, 174, 190, 172, 191, 194, 178, 184, 178, 194, 179, 181, 194, 195, 194, 181, 179, 193, 182, 186, 182, 193, 180, 171, 187, 175, 187, 171, 170, 175, 188, 173, 188, 175, 187, 173, 191, 172, 191, 173, 188, 166, 190, 167, 190, 166, 174, 176, 168, 169, 168, 176, 189, 198, 197, 196, 197, 198, 199, 197, 199, 200, 200, 199, 201, 200, 201, 202, 202, 201, 203, 206, 205, 204, 205, 206, 207, 205, 207, 208, 208, 207, 209, 208, 209, 210, 210, 209, 211, 200, 209, 207, 209, 200, 202, 202, 211, 209, 211, 202, 203, 197, 204, 196, 204, 197, 206, 204, 198, 196, 198, 204, 205, 211, 201, 210, 201, 211, 203, 200, 206, 197, 206, 200, 207, 210, 199, 208, 199, 210, 201, 205, 199, 198, 199, 205, 208, 214, 213, 212, 214, 212, 215, 215, 212, 216, 219, 218, 217, 212, 221, 220, 213, 221, 212, 223, 222, 218, 223, 218, 219, 222, 224, 218, 218, 225, 217, 212, 220, 216, 218, 224, 225, 227, 221, 226, 221, 227, 220, 213, 229, 228, 229, 213, 214, 224, 231, 230, 231, 224, 222, 228, 221, 213, 221, 228, 226, 231, 223, 229, 223, 231, 222, 230, 220, 227, 220, 230, 216, 217, 227, 226, 227, 217, 225, 219, 226, 228, 226, 219, 217, 229, 219, 228, 219, 229, 223, 215, 229, 214, 229, 215, 231, 224, 227, 225, 227, 224, 230, 230, 215, 216, 215, 230, 231, 234, 233, 232, 235, 233, 234, 238, 237, 236, 237, 240, 239, 237, 239, 241, 236, 237, 241, 242, 240, 237, 238, 242, 237, 235, 243, 233, 243, 244, 233, 233, 244, 245, 233, 245, 232, 244, 247, 246, 247, 244, 243, 232, 249, 248, 249, 232, 245, 244, 249, 245, 249, 244, 246, 234, 248, 250, 248, 234, 232, 247, 235, 251, 235, 247, 243, 251, 234, 250, 234, 251, 235, 246, 236, 241, 236, 246, 247, 250, 240, 242, 240, 250, 248, 246, 239, 249, 239, 246, 241, 236, 251, 238, 251, 236, 247, 249, 240, 248, 240, 249, 239, 242, 251, 250, 251, 242, 238, 254, 253, 252, 255, 253, 254, 258, 257, 256, 257, 260, 259, 257, 259, 261, 256, 257, 261, 262, 260, 257, 258, 262, 257, 255, 263, 253, 263, 264, 253, 253, 264, 265, 253, 265, 252, 264, 267, 266, 267, 264, 263, 252, 269, 268, 269, 252, 265, 264, 269, 265, 269, 264, 266, 254, 268, 270, 268, 254, 252, 267, 255, 271, 255, 267, 263, 271, 254, 270, 254, 271, 255, 266, 256, 261, 256, 266, 267, 270, 260, 262, 260, 270, 268, 266, 259, 269, 259, 266, 261, 256, 271, 258, 271, 256, 267, 269, 260, 268, 260, 269, 259, 262, 271, 270, 271, 262, 258, 274, 273, 272, 273, 274, 275, 278, 277, 276, 277, 278, 279, 282, 281, 280, 281, 282, 283, 286, 285, 284, 285, 286, 287, 283, 285, 287, 285, 283, 282, 276, 275, 274, 275, 276, 277, 281, 278, 280, 278, 281, 279, 273, 284, 272, 284, 273, 286, 290, 289, 288, 289, 290, 291, 294, 293, 292, 293, 294, 295, 298, 297, 296, 297, 298, 299, 302, 301, 300, 301, 302, 303, 298, 301, 303, 301, 298, 296, 292, 291, 290, 291, 292, 293, 299, 294, 297, 294, 299, 295, 288, 302, 300, 302, 288, 289, 306, 305, 304, 305, 306, 307, 310, 309, 308, 309, 310, 311, 314, 313, 312, 313, 314, 315, 318, 317, 316, 317, 318, 319, 314, 317, 319, 317, 314, 312, 308, 306, 304, 306, 308, 309, 315, 310, 313, 310, 315, 311, 307, 316, 305, 316, 307, 318, 322, 321, 320, 323, 321, 322, 326, 325, 324, 325, 328, 327, 325, 327, 329, 324, 325, 329, 330, 328, 325, 326, 330, 325, 323, 331, 321, 331, 332, 321, 321, 332, 333, 321, 333, 320, 332, 335, 334, 335, 332, 331, 320, 337, 336, 337, 320, 333, 332, 337, 333, 337, 332, 334, 322, 336, 338, 336, 322, 320, 335, 323, 339, 323, 335, 331, 339, 322, 338, 322, 339, 323, 334, 324, 329, 324, 334, 335, 338, 328, 330, 328, 338, 336, 334, 327, 337, 327, 334, 329, 324, 339, 326, 339, 324, 335, 337, 328, 336, 328, 337, 327, 330, 339, 338, 339, 330, 326, 272, 273, 274, 275, 274, 273, 276, 277, 278, 279, 278, 277, 280, 281, 282, 283, 282, 281, 284, 285, 286, 287, 286, 285, 287, 285, 283, 282, 283, 285, 274, 275, 276, 277, 276, 275, 280, 278, 281, 279, 281, 278, 272, 284, 273, 286, 273, 284, 288, 289, 290, 291, 290, 289, 292, 293, 294, 295, 294, 293, 296, 297, 298, 299, 298, 297, 300, 301, 302, 303, 302, 301, 303, 301, 298, 296, 298, 301, 290, 291, 292, 293, 292, 291, 297, 294, 299, 295, 299, 294, 300, 302, 288, 289, 288, 302, 304, 305, 306, 307, 306, 305, 308, 309, 310, 311, 310, 309, 312, 313, 314, 315, 314, 313, 316, 317, 318, 319, 318, 317, 319, 317, 314, 312, 314, 317, 304, 306, 308, 309, 308, 306, 313, 310, 315, 311, 315, 310, 305, 316, 307, 318, 307, 316, 342, 341, 340, 341, 342, 343, 341, 343, 344, 344, 343, 345, 344, 345, 346, 346, 345, 347, 350, 349, 348, 349, 350, 351, 349, 351, 352, 352, 351, 353, 352, 353, 354, 354, 353, 355, 357, 348, 356, 348, 357, 350, 358, 349, 352, 349, 358, 359, 360, 352, 354, 352, 360, 358, 354, 361, 360, 361, 354, 355, 362, 353, 351, 353, 362, 363, 356, 349, 359, 349, 356, 348, 353, 361, 355, 361, 353, 363, 357, 351, 350, 351, 357, 362, 342, 356, 359, 356, 342, 340, 361, 346, 347, 346, 361, 363, 344, 363, 362, 363, 344, 346, 361, 345, 360, 345, 361, 347, 343, 359, 358, 359, 343, 342, 345, 358, 360, 358, 345, 343, 341, 362, 357, 362, 341, 344, 341, 356, 340, 356, 341, 357, 366, 365, 364, 365, 366, 367, 366, 368, 367, 368, 366, 369, 364, 371, 370, 371, 364, 365, 372, 369, 366, 369, 372, 373, 376, 375, 374, 375, 376, 377, 374, 378, 370, 378, 374, 375, 379, 366, 364, 366, 379, 372, 380, 369, 373, 369, 380, 381, 382, 381, 380, 381, 382, 383, 376, 382, 377, 382, 376, 383, 370, 379, 364, 379, 370, 378, 376, 385, 384, 385, 376, 374, 384, 383, 376, 383, 384, 386, 369, 387, 368, 387, 369, 381, 387, 383, 386, 383, 387, 381, 374, 371, 385, 371, 374, 370, 390, 389, 388, 389, 390, 391, 394, 393, 392, 393, 394, 395, 390, 397, 396, 397, 390, 398, 390, 399, 391, 399, 390, 396, 402, 401, 400, 401, 402, 403, 405, 393, 404, 393, 405, 392, 397, 395, 394, 395, 397, 398, 401, 404, 400, 404, 401, 405, 391, 403, 402, 403, 391, 399, 391, 406, 389, 406, 391, 402, 407, 395, 398, 395, 407, 408, 404, 410, 409, 410, 404, 393, 404, 411, 400, 411, 404, 409, 393, 408, 410, 408, 393, 395, 400, 406, 402, 406, 400, 411, 388, 398, 390, 398, 388, 407, 10, 413, 412, 413, 10, 414, 412, 415, 10, 415, 412, 416, 414, 417, 413, 417, 414, 14, 419, 14, 418, 14, 419, 417, 416, 421, 420, 421, 416, 422, 412, 424, 423, 424, 412, 413, 427, 426, 425, 426, 427, 9, 428, 419, 427, 419, 428, 429, 427, 418, 9, 418, 427, 419, 424, 417, 430, 417, 424, 413, 412, 422, 416, 422, 412, 423, 430, 419, 429, 419, 430, 417, 431, 427, 425, 427, 431, 428, 420, 431, 425, 431, 420, 421, 416, 15, 415, 15, 416, 420, 425, 15, 420, 15, 425, 426, 434, 433, 432, 433, 434, 435, 438, 437, 436, 437, 438, 432, 437, 432, 439, 439, 432, 433, 439, 433, 440, 440, 433, 441, 442, 438, 436, 438, 442, 443, 443, 432, 438, 432, 443, 434, 444, 436, 437, 436, 444, 442, 445, 435, 434, 435, 445, 446, 448, 446, 447, 446, 448, 435, 450, 442, 449, 442, 450, 443, 452, 444, 451, 444, 452, 453, 448, 455, 454, 455, 448, 447, 450, 434, 443, 434, 450, 445, 453, 442, 444, 442, 453, 449, 455, 451, 454, 451, 455, 452, 433, 448, 441, 448, 433, 435, 454, 439, 440, 439, 454, 451, 441, 454, 440, 454, 441, 448, 451, 437, 439, 437, 451, 444]
        point3f[] points = [(0.54145, 0.345, 7.67031e-17), (0.382863, 0.345, -0.382863), (0.382863, 0.345, 0.382863), (4.60219e-16, 0.345, -0.54145), (4.60219e-16, 0.345, 0.54145), (-0.382863, 0.345, 0.382863), (-0.382863, 0.345, -0.382863), (-0.54145, 0.345, -7.67031e-17), (0.595, 0.43, 2.30109e-16), (0.420729, 0.43, 0.420729), (-0.420729, 0.43, -0.420729), (-1.53406e-16, 0.43, -0.595), (-1.53406e-16, 0.43, 0.595), (-0.595, 0.43, 7.67031e-17), (-0.420729, 0.43, 0.420729), (0.420729, 0.43, -0.420729), (0.34748, 0.9825, -6.90328e-16), (0.245705, 0.9825, 0.245705), (0.245705, 0.9825, -0.245705), (-1.07384e-15, 0.9825, -0.34748), (-1.07384e-15, 0.9825, 0.34748), (-0.245705, 0.9825, -0.245705), (-0.245705, 0.9825, 0.245705), (-0.34748, 0.9825, -6.90328e-16), (-0.434588, 0.6425, -7.67031e-17), (-0.3073, 0.6425, 0.3073), (-0.3073, 0.6425, -0.3073), (0.3073, 0.6425, -0.3073), (0.434588, 0.6425, 2.30109e-16), (-1.53406e-16, 0.6425, -0.434588), (0.3073, 0.6425, 0.3073), (-1.53406e-16, 0.6425, 0.434588), (0.325087, 1.27237, -7.21911e-16), (0.229871, 1.27237, -0.229871), (0.229871, 1.27237, 0.229871), (1.44382e-15, 1.27237, -0.325087), (1.44382e-15, 1.27237, 0.325087), (-0.229871, 1.27237, 0.229871), (-0.229871, 1.27237, -0.229871), (-0.325087, 1.27237, -7.21911e-16), (0.357238, 1.32341, -3.53491e-16), (0.252605, 1.32341, 0.252605), (-0.252605, 1.32341, -0.252605), (1.44382e-15, 1.32341, -0.357238), (1.44382e-15, 1.32341, 0.357238), (-0.357238, 1.32341, -7.21911e-16), (-0.252605, 1.32341, 0.252605), (0.252605, 1.32341, -0.252605), (-0.184503, 1.45099, -0.184503), (1.44382e-15, 1.45099, -0.260927), (-0.260927, 1.45099, -7.21911e-16), (0.184503, 1.45099, 0.184503), (1.44382e-15, 1.45099, 0.260927), (0.184503, 1.45099, -0.184503), (-0.184503, 1.45099, 0.184503), (0.260927, 1.45099, -3.53491e-16), (0.0344235, 1.92045, 3.83349e-16), (0.024341, 1.92045, 0.024341), (0.024341, 1.92045, -0.024341), (1.17596e-14, 1.92045, -0.0344235), (1.17596e-14, 1.92045, 0.0344235), (-0.024341, 1.92045, -0.024341), (-0.024341, 1.92045, 0.024341), (-0.0344235, 1.92045, 3.83349e-16), (-0.0995771, 1.72045, -0.0995771), (1.32333e-14, 1.72045, -0.140823), (0.0995771, 1.72045, -0.0995771), (0.140823, 1.72045, 3.33071e-15), (-0.140823, 1.72045, 3.33071e-15), (-0.0995771, 1.72045, 0.0995771), (1.32333e-14, 1.72045, 0.140823), (0.0995771, 1.72045, 0.0995771), (0.411502, 0.8215, -3.02661e-16), (0.290976, 0.8215, -0.290976), (0.290976, 0.8215, 0.290976), (1.79359e-15, 0.8215, -0.411502), (1.79359e-15, 0.8215, 0.411502), (-0.290976, 0.8215, 0.290976), (-0.290976, 0.8215, -0.290976), (-0.411502, 0.8215, -4.1925e-16), (0.4522, 0.8861, -1.86073e-16), (0.319754, 0.8861, 0.319754), (-0.319754, 0.8861, -0.319754), (1.32723e-15, 0.8861, -0.4522), (1.32723e-15, 0.8861, 0.4522), (-0.4522, 0.8861, -3.02661e-16), (-0.319754, 0.8861, 0.319754), (0.319754, 0.8861, -0.319754), (0.264085, 1.306, -8.85605e-16), (0.186736, 1.306, 0.186736), (0.186736, 1.306, -0.186736), (6.27702e-16, 1.306, -0.264085), (6.27702e-16, 1.306, 0.264085), (-0.186736, 1.306, -0.186736), (-0.186736, 1.306, 0.186736), (-0.264085, 1.306, -8.85605e-16), (-0.330287, 1.0476, -4.1925e-16), (-0.233548, 1.0476, 0.233548), (-0.233548, 1.0476, -0.233548), (0.233548, 1.0476, -0.233548), (0.330287, 1.0476, -1.86073e-16), (1.32723e-15, 1.0476, -0.330287), (0.233548, 1.0476, 0.233548), (1.32723e-15, 1.0476, 0.330287), (0.184969, 0.92533, 0.34597), (0.153467, 0.899233, 0.400532), (0.121966, 0.899233, 0.34597), (0.216471, 0.899233, 0.400532), (0.216471, 0.899233, 0.291407), (0.247972, 0.899233, 0.34597), (0.153467, 0.899233, 0.291407), (0.247972, 0.773226, 0.34597), (0.216471, 0.773226, 0.291407), (0.184969, 0.74713, 0.34597), (0.216471, 0.773226, 0.400532), (0.153467, 0.773226, 0.400532), (0.121966, 0.773226, 0.34597), (0.153467, 0.773226, 0.291407), (0.095869, 0.83623, 0.34597), (0.140419, 0.83623, 0.423133), (0.229519, 0.83623, 0.423133), (0.274069, 0.83623, 0.34597), (0.229519, 0.83623, 0.268807), (0.140419, 0.83623, 0.268807), (0.244952, 1.34837, 0.137424), (0.276454, 1.37447, 0.0828613), (0.213451, 1.37447, 0.0828613), (0.213451, 1.37447, 0.191986), (0.181949, 1.37447, 0.137424), (0.307955, 1.50047, 0.137424), (0.276454, 1.50047, 0.191986), (0.244952, 1.52657, 0.137424), (0.213451, 1.50047, 0.191986), (0.276454, 1.37447, 0.191986), (0.276454, 1.50047, 0.0828613), (0.213451, 1.50047, 0.0828613), (0.307955, 1.37447, 0.137424), (0.181949, 1.50047, 0.137424), (0.289502, 1.43747, 0.0602608), (0.334052, 1.43747, 0.137424), (0.289502, 1.43747, 0.214587), (0.200402, 1.43747, 0.0602608), (0.155852, 1.43747, 0.137424), (0.200402, 1.43747, 0.214587), (-0.384143, 0.941771, 0.0764314), (-0.352642, 0.915675, 0.021869), (-0.415645, 0.941771, 0.021869), (-0.384143, 1.06778, -0.0326934), (-0.352642, 1.09387, 0.021869), (-0.415645, 1.06778, 0.021869), (-0.32114, 0.941771, -0.0326934), (-0.384143, 0.941771, -0.0326934), (-0.289639, 1.06778, 0.021869), (-0.32114, 1.06778, 0.0764314), (-0.32114, 0.941771, 0.0764314), (-0.289639, 0.941771, 0.021869), (-0.32114, 1.06778, -0.0326934), (-0.384143, 1.06778, 0.0764314), (-0.441742, 1.00477, 0.021869), (-0.397192, 1.00477, 0.0990318), (-0.263542, 1.00477, 0.021869), (-0.308092, 1.00477, 0.0990318), (-0.397192, 1.00477, -0.0552939), (-0.308092, 1.00477, -0.0552939), (0.177267, 2.14434, 0.0653013), (0.177267, 2.14434, -0.0653013), (0.0809005, 2.07432, 0.0653013), (0.0809005, 2.07432, -0.0653013), (-0.0804886, 2.07432, -0.0653013), (-0.0804886, 2.07432, 0.0653013), (-0.115966, 1.96514, -0.0653013), (-0.115966, 1.96514, 0.0653013), (0.086678, 1.95287, 0.0653013), (0.000205916, 2.0157, 0.0653013), (0.116522, 1.9647, 0.0653013), (-0.0858204, 1.9532, 0.0653013), (-0.175894, 2.14364, 0.0653013), (-0.164834, 2.16919, 0.0653013), (0.166509, 2.16919, 0.0653013), (0.0500777, 2.16919, 0.0653013), (-0.0496658, 2.16919, 0.0653013), (0.012426, 2.28507, 0.0653013), (-0.0122008, 2.2845, 0.0653013), (0.000837512, 2.28966, 0.0653013), (0.166509, 2.16919, -0.0653013), (0.000837512, 2.28966, -0.0653013), (-0.0122008, 2.2845, -0.0653013), (-0.0858204, 1.9532, -0.0653013), (0.000205916, 2.0157, -0.0653013), (-0.175894, 2.14364, -0.0653013), (0.116522, 1.9647, -0.0653013), (0.086678, 1.95287, -0.0653013), (-0.164834, 2.16919, -0.0653013), (-0.0496658, 2.16919, -0.0653013), (0.0500777, 2.16919, -0.0653013), (0.012426, 2.28507, -0.0653013), (0.0974181, 1.85091, -2.64915e-15), (0.0691303, 1.85091, -0.0682928), (0.0691303, 1.85091, 0.0682928), (0.000837512, 1.85091, 0.0965806), (0.000837512, 1.85091, -0.0965806), (-0.0674553, 1.85091, 0.0682928), (-0.0674553, 1.85091, -0.0682928), (-0.0957431, 1.85091, -2.64915e-15), (0.0463525, 2.04216, -3.45056e-15), (0.0330215, 2.04216, 0.032184), (0.0330215, 2.04216, -0.032184), (0.000837512, 2.04216, -0.045515), (0.000837512, 2.04216, 0.045515), (-0.0313464, 2.04216, -0.032184), (-0.0313464, 2.04216, 0.032184), (-0.0446775, 2.04216, -3.45056e-15), (-0.135778, 1.58943, 0.0994618), (-0.167279, 1.61553, 0.0448994), (-0.198781, 1.61553, 0.0994618), (-0.167279, 1.61553, 0.154024), (-0.104276, 1.61553, 0.154024), (-0.104276, 1.74154, 0.0448994), (-0.135778, 1.76763, 0.0994618), (-0.167279, 1.74154, 0.0448994), (-0.0727747, 1.61553, 0.0994618), (-0.104276, 1.61553, 0.0448994), (-0.167279, 1.74154, 0.154024), (-0.198781, 1.74154, 0.0994618), (-0.104276, 1.74154, 0.154024), (-0.0727747, 1.74154, 0.0994618), (-0.0912279, 1.67853, 0.0222989), (-0.0466779, 1.67853, 0.0994618), (-0.180328, 1.67853, 0.0222989), (-0.224878, 1.67853, 0.0994618), (-0.0912279, 1.67853, 0.176625), (-0.180328, 1.67853, 0.176625), (-0.316929, 0.76939, 0.142937), (-0.34843, 0.795487, 0.1975), (-0.379932, 0.76939, 0.142937), (-0.411433, 0.76939, 0.1975), (-0.379932, 0.643384, 0.252062), (-0.34843, 0.617287, 0.1975), (-0.411433, 0.643384, 0.1975), (-0.285427, 0.643384, 0.1975), (-0.316929, 0.643384, 0.142937), (-0.316929, 0.643384, 0.252062), (-0.379932, 0.643384, 0.142937), (-0.379932, 0.76939, 0.252062), (-0.316929, 0.76939, 0.252062), (-0.285427, 0.76939, 0.1975), (-0.30388, 0.706387, 0.274663), (-0.39298, 0.706387, 0.274663), (-0.30388, 0.706387, 0.120337), (-0.25933, 0.706387, 0.1975), (-0.39298, 0.706387, 0.120337), (-0.43753, 0.706387, 0.1975), (0.103954, 1.32806, 0.249455), (0.0724519, 1.35415, 0.304018), (0.0409503, 1.32806, 0.249455), (0.00944871, 1.32806, 0.304018), (0.0409503, 1.20205, 0.35858), (0.0724519, 1.17595, 0.304018), (0.00944871, 1.20205, 0.304018), (0.135455, 1.20205, 0.304018), (0.103954, 1.20205, 0.249455), (0.103954, 1.20205, 0.35858), (0.0409503, 1.20205, 0.249455), (0.0409503, 1.32806, 0.35858), (0.103954, 1.32806, 0.35858), (0.135455, 1.32806, 0.304018), (0.117002, 1.26505, 0.381181), (0.0279019, 1.26505, 0.381181), (0.117002, 1.26505, 0.226855), (0.161552, 1.26505, 0.304018), (0.0279019, 1.26505, 0.226855), (-0.0166481, 1.26505, 0.304018), (-0.016101, 0.990902, -0.401244), (0.016101, 1.11108, -0.364767), (-0.290156, 1.06433, -0.283722), (-0.23304, 1.17784, -0.257929), (-0.403673, 1.09475, 2.52302e-16), (-0.336237, 1.20549, 2.52302e-16), (-0.290156, 1.06433, 0.283722), (-0.23304, 1.17784, 0.257929), (-0.016101, 0.990902, 0.401244), (0.016101, 1.11108, 0.364767), (0.257954, 0.917469, 0.283722), (0.265242, 1.04432, 0.257929), (0.257954, 0.917469, -0.283722), (0.371471, 0.887052, 7.56907e-16), (0.265242, 1.04432, -0.257929), (0.368439, 1.01667, 7.56907e-16), (0.00930709, 0.535597, -0.541679), (-0.00930708, 0.666386, -0.492436), (-0.369897, 0.481628, -0.383025), (-0.354038, 0.617324, -0.348204), (-0.526968, 0.459273, 3.60956e-16), (-0.49683, 0.597002, 3.60956e-16), (-0.369897, 0.481628, 0.383025), (-0.354038, 0.617324, 0.348204), (0.388511, 0.589565, 0.383025), (0.00930709, 0.535597, 0.541679), (0.335424, 0.715449, 0.348204), (-0.00930708, 0.666386, 0.492436), (0.388511, 0.589565, -0.383025), (0.545582, 0.61192, 1.38278e-15), (0.335424, 0.715449, -0.348204), (0.478216, 0.735771, 1.38278e-15), (-0.183097, 1.45017, -0.202953), (0.0129409, 1.50269, -0.287019), (-0.191157, 1.55154, -0.184503), (-0.0129409, 1.59929, -0.260927), (-0.264298, 1.42841, -3.60956e-16), (-0.264977, 1.53175, -3.60956e-16), (-0.183097, 1.45017, 0.202953), (-0.191157, 1.55154, 0.184503), (0.208979, 1.55522, 0.202953), (0.0129409, 1.50269, 0.287019), (0.165275, 1.64704, 0.184503), (-0.0129409, 1.59929, 0.260927), (0.208979, 1.55522, -0.202953), (0.29018, 1.57698, 0), (0.165275, 1.64704, -0.184503), (0.239095, 1.66682, 0), (0.230826, 0.44079, 0.430029), (0.199324, 0.466887, 0.484592), (0.167823, 0.44079, 0.430029), (0.136321, 0.44079, 0.484592), (0.167823, 0.314784, 0.539154), (0.199324, 0.288687, 0.484592), (0.136321, 0.314784, 0.484592), (0.262327, 0.314784, 0.484592), (0.230826, 0.314784, 0.430029), (0.230826, 0.314784, 0.539154), (0.167823, 0.314784, 0.430029), (0.167823, 0.44079, 0.539154), (0.230826, 0.44079, 0.539154), (0.262327, 0.44079, 0.484592), (0.243874, 0.377787, 0.561755), (0.154774, 0.377787, 0.561755), (0.243874, 0.377787, 0.407429), (0.288424, 0.377787, 0.484592), (0.154774, 0.377787, 0.407429), (0.110224, 0.377787, 0.484592), (0.0516352, 1.97045, -1.08287e-15), (0.0365116, 1.97045, 0.0365116), (0.0365116, 1.97045, -0.0365116), (0, 1.97045, -0.0516352), (0, 1.97045, 0.0516352), (-0.0365116, 1.97045, -0.0365116), (-0.0365116, 1.97045, 0.0365116), (-0.0516352, 1.97045, -1.08287e-15), (0.168988, 1.57045, 3.2486e-15), (0.119493, 1.57045, -0.119493), (0.119493, 1.57045, 0.119493), (2.16573e-15, 1.57045, 0.168988), (2.16573e-15, 1.57045, -0.168988), (-0.119493, 1.57045, 0.119493), (-0.119493, 1.57045, -0.119493), (-0.168988, 1.57045, 3.2486e-15), (0.211235, 1.70545, 3.2486e-15), (0.149366, 1.70545, 0.149366), (2.16573e-15, 1.70545, -0.211235), (0.149366, 1.70545, -0.149366), (-0.149366, 1.70545, -0.149366), (-0.211235, 1.70545, 3.2486e-15), (2.16573e-15, 1.70545, 0.211235), (-0.149366, 1.70545, 0.149366), (0.47481, 0.95498, -1.44382e-15), (0.4522, 0.8861, -1.44382e-15), (0.335741, 0.95498, 0.335741), (0.319754, 0.8861, 0.319754), (1.44382e-15, 0.8861, 0.4522), (1.44382e-15, 0.95498, 0.47481), (0.335741, 0.95498, -0.335741), (0.319754, 0.8861, -0.319754), (0.233548, 1.03231, 0.233548), (1.44382e-15, 1.03231, 0.330287), (1.44382e-15, 0.95498, -0.47481), (1.44382e-15, 1.03231, -0.330287), (-0.335741, 0.95498, -0.335741), (-0.233548, 1.03231, -0.233548), (0.233548, 1.03231, -0.233548), (0.330287, 1.03231, -1.44382e-15), (-0.233548, 1.03231, 0.233548), (-0.335741, 0.95498, 0.335741), (-0.330287, 1.03231, -1.44382e-15), (-0.47481, 0.95498, -1.44382e-15), (-0.319754, 0.8861, -0.319754), (1.44382e-15, 0.8861, -0.4522), (-0.4522, 0.8861, -1.44382e-15), (-0.319754, 0.8861, 0.319754), (-0.252605, 1.32341, -0.252605), (1.44382e-15, 1.32341, -0.357238), (-0.265236, 1.37112, -0.265236), (1.44382e-15, 1.37112, -0.3751), (1.44382e-15, 1.44171, 0.260927), (1.44382e-15, 1.37112, 0.3751), (-0.184503, 1.44171, 0.184503), (-0.265236, 1.37112, 0.265236), (-0.184503, 1.44171, -0.184503), (-0.260927, 1.44171, -1.44382e-15), (-0.3751, 1.37112, -1.6243e-15), (1.44382e-15, 1.44171, -0.260927), (0.3751, 1.37112, -1.6243e-15), (0.260927, 1.44171, -1.44382e-15), (0.265236, 1.37112, -0.265236), (0.184503, 1.44171, -0.184503), (0.265236, 1.37112, 0.265236), (0.184503, 1.44171, 0.184503), (0.252605, 1.32341, -0.252605), (-0.357238, 1.32341, -1.44382e-15), (-0.252605, 1.32341, 0.252605), (0.252605, 1.32341, 0.252605), (1.44382e-15, 1.32341, 0.357238), (0.357238, 1.32341, -1.44382e-15), (-0.441765, 0.50812, -0.441765), (-0.62475, 0.50812, -9.02389e-16), (-0.595, 0.43, -7.21911e-16), (0, 0.43, -0.595), (0, 0.50812, -0.62475), (-0.441765, 0.50812, 0.441765), (0, 0.43, 0.595), (0, 0.50812, 0.62475), (0.441765, 0.50812, -0.441765), (0.3073, 0.624719, -0.3073), (0, 0.624719, -0.434588), (-0.3073, 0.624719, -0.3073), (-0.434588, 0.624719, -7.21911e-16), (0.62475, 0.50812, -9.02389e-16), (0.595, 0.43, -7.21911e-16), (0.441765, 0.50812, 0.441765), (0.3073, 0.624719, 0.3073), (0, 0.624719, 0.434588), (-0.3073, 0.624719, 0.3073), (0.434588, 0.624719, -7.21911e-16), (-1.80478e-15, 0, 0.234), (-0.165463, 0, 0.165463), (-3.60956e-16, 0.1035, 0.164), (-0.115965, 0.1035, 0.115965), (0.234, 0, 9.02389e-16), (0.165463, 0, -0.165463), (0.165463, 0, 0.165463), (-1.80478e-15, 0, -0.234), (-0.165463, 0, -0.165463), (-0.234, 0, 9.02389e-16), (0.164, 0.1035, 2.34621e-15), (0.115965, 0.1035, 0.115965), (0.115965, 0.1035, -0.115965), (3.97051e-15, 0.345, 0.114), (-0.0806102, 0.345, 0.0806102), (-0.114, 0.345, 1.26335e-15), (-0.164, 0.1035, 2.34621e-15), (0.114, 0.345, 1.26335e-15), (0.0806102, 0.345, 0.0806102), (-3.60956e-16, 0.1035, -0.164), (3.97051e-15, 0.345, -0.114), (0.0806102, 0.345, -0.0806102), (-0.115965, 0.1035, -0.115965), (-0.0806102, 0.345, -0.0806102)]
        normal3f[] normals = [(0, -1, 0), (0, -1, 0), (0, -1, 0), (0, -1, 0), (0, -1, 0), (0, -1, 0), (0, -1, 0), (0, -1, 0), (0, -1, 0), (0, -1, 0), (0, -1, 0), (0, -1, 0), (0, -1, 0), (0, -1, 0), (0, -1, 0), (0, -1, 0), (0, -1, 0), (0, -1, 0), (0.999302, 0.0373437, 0), (0.598277, -0.533038, 0.598277), (0.846091, -0.533038, 0), (0.598277, -0.533038, 0.598277), (0.999302, 0.0373437, 0), (0.706614, 0.0373437, 0.706614), (-0.706614, 0.0373437, -0.706614), (0, -0.533038, -0.846091), (-0.598277, -0.533038, -0.598277), (0, -0.533038, -0.846091), (-0.706614, 0.0373437, -0.706614), (0, 0.0373437, -0.999302), (0.706614, 0.0373437, 0.706614), (0, -0.533038, 0.846091), (0.598277, -0.533038, 0.598277), (0, -0.533038, 0.846091), (0.706614, 0.0373437, 0.706614), (0, 0.0373437, 0.999302), (-0.598277, -0.533038, -0.598277), (-0.999302, 0.0373437, 0), (-0.706614, 0.0373437, -0.706614), (-0.999302, 0.0373437, 0), (-0.598277, -0.533038, -0.598277), (-0.846091, -0.533038, 0), (0, 0.0373437, 0.999302), (-0.598277, -0.533038, 0.598277), (0, -0.533038, 0.846091), (-0.598277, -0.533038, 0.598277), (0, 0.0373437, 0.999302), (-0.706614, 0.0373437, 0.706614), (0.999302, 0.0373437, 0), (0.598277, -0.533038, -0.598277), (0.706614, 0.0373437, -0.706614), (0.598277, -0.533038, -0.598277), (0.999302, 0.0373437, 0), (0.846091, -0.533038, 0), (0, 0.0373437, -0.999302), (0.598277, -0.533038, -0.598277), (0, -0.533038, -0.846091), (0.598277, -0.533038, -0.598277), (0, 0.0373437, -0.999302), (0.706614, 0.0373437, -0.706614), (-0.598277, -0.533038, 0.598277), (-0.999302, 0.0373437, 0), (-0.846091, -0.533038, 0), (-0.999302, 0.0373437, 0), (-0.598277, -0.533038, 0.598277), (-0.706614, 0.0373437, 0.706614), (0, 1, 0), (0, 1, 0), (0, 1, 0), (0, 1, 0), (0, 1, 0), (0, 1, 0), (0, 1, 0), (0, 1, 0), (0, 1, 0), (0, 1, 0), (0, 1, 0), (0, 1, 0), (0, 1, 0), (0, 1, 0), (0, 1, 0), (0, 1, 0), (0, 1, 0), (0, 1, 0), (-0.999302, 0.0373437, 0), (-0.63011, 0.453787, 0.63011), (-0.89111, 0.453787, 0), (-0.63011, 0.453787, 0.63011), (-0.999302, 0.0373437, 0), (-0.706614, 0.0373437, 0.706614), (-0.999302, 0.0373437, 0), (-0.63011, 0.453787, -0.63011), (-0.706614, 0.0373437, -0.706614), (-0.63011, 0.453787, -0.63011), (-0.999302, 0.0373437, 0), (-0.89111, 0.453787, 0), (0.63011, 0.453787, -0.63011), (0.999302, 0.0373437, 0), (0.706614, 0.0373437, -0.706614), (0.999302, 0.0373437, 0), (0.63011, 0.453787, -0.63011), (0.89111, 0.453787, 0), (-0.63011, 0.453787, -0.63011), (0, 0.0373437, -0.999302), (-0.706614, 0.0373437, -0.706614), (0, 0.0373437, -0.999302), (-0.63011, 0.453787, -0.63011), (0, 0.453787, -0.89111), (0.684983, 0.248184, 0.684983), (0, 0.453787, 0.89111), (0.63011, 0.453787, 0.63011), (0, 0.453787, 0.89111), (0.684983, 0.248184, 0.684983), (0, 0.248184, 0.968713), (0.684983, 0.248184, 0.684983), (0.89111, 0.453787, 0), (0.968713, 0.248184, 0), (0.89111, 0.453787, 0), (0.684983, 0.248184, 0.684983), (0.63011, 0.453787, 0.63011), (0.684983, 0.248184, -0.684983), (0.89111, 0.453787, 0), (0.63011, 0.453787, -0.63011), (0.89111, 0.453787, 0), (0.684983, 0.248184, -0.684983), (0.968713, 0.248184, 0), (0, 0.248184, -0.968713), (0.63011, 0.453787, -0.63011), (0, 0.453787, -0.89111), (0.63011, 0.453787, -0.63011), (0, 0.248184, -0.968713), (0.684983, 0.248184, -0.684983), (0, 0.248184, 0.968713), (-0.63011, 0.453787, 0.63011), (0, 0.453787, 0.89111), (-0.63011, 0.453787, 0.63011), (0, 0.248184, 0.968713), (-0.684983, 0.248184, 0.684983), (-0.89111, 0.453787, 0), (-0.684983, 0.248184, 0.684983), (-0.968713, 0.248184, 0), (-0.684983, 0.248184, 0.684983), (-0.89111, 0.453787, 0), (-0.63011, 0.453787, 0.63011), (-0.89111, 0.453787, 0), (-0.684983, 0.248184, -0.684983), (-0.63011, 0.453787, -0.63011), (-0.684983, 0.248184, -0.684983), (-0.89111, 0.453787, 0), (-0.968713, 0.248184, 0), (0.63011, 0.453787, 0.63011), (0.999302, 0.0373437, 0), (0.89111, 0.453787, 0), (0.999302, 0.0373437, 0), (0.63011, 0.453787, 0.63011), (0.706614, 0.0373437, 0.706614), (0.63011, 0.453787, 0.63011), (0, 0.0373437, 0.999302), (0.706614, 0.0373437, 0.706614), (0, 0.0373437, 0.999302), (0.63011, 0.453787, 0.63011), (0, 0.453787, 0.89111), (0, 0.453787, -0.89111), (0.706614, 0.0373437, -0.706614), (0, 0.0373437, -0.999302), (0.706614, 0.0373437, -0.706614), (0, 0.453787, -0.89111), (0.63011, 0.453787, -0.63011), (-0.684983, 0.248184, -0.684983), (0, 0.453787, -0.89111), (-0.63011, 0.453787, -0.63011), (0, 0.453787, -0.89111), (-0.684983, 0.248184, -0.684983), (0, 0.248184, -0.968713), (0, 0.453787, 0.89111), (-0.706614, 0.0373437, 0.706614), (0, 0.0373437, 0.999302), (-0.706614, 0.0373437, 0.706614), (0, 0.453787, 0.89111), (-0.63011, 0.453787, 0.63011), (0, -1, 0), (0, -1, 0), (0, -1, 0), (0, -1, 0), (0, -1, 0), (0, -1, 0), (0, -1, 0), (0, -1, 0), (0, -1, 0), (0, -1, 0), (0, -1, 0), (0, -1, 0), (0, -1, 0), (0, -1, 0), (0, -1, 0), (0, -1, 0), (0, -1, 0), (0, -1, 0), (0.999302, 0.0373437, 0), (0.598277, -0.533038, 0.598277), (0.846091, -0.533038, 0), (0.598277, -0.533038, 0.598277), (0.999302, 0.0373437, 0), (0.706614, 0.0373437, 0.706614), (-0.706614, 0.0373437, -0.706614), (0, -0.533038, -0.846091), (-0.598277, -0.533038, -0.598277), (0, -0.533038, -0.846091), (-0.706614, 0.0373437, -0.706614), (0, 0.0373437, -0.999302), (0.706614, 0.0373437, 0.706614), (0, -0.533038, 0.846091), (0.598277, -0.533038, 0.598277), (0, -0.533038, 0.846091), (0.706614, 0.0373437, 0.706614), (0, 0.0373437, 0.999302), (-0.598277, -0.533038, -0.598277), (-0.999302, 0.0373437, 0), (-0.706614, 0.0373437, -0.706614), (-0.999302, 0.0373437, 0), (-0.598277, -0.533038, -0.598277), (-0.846091, -0.533038, 0), (0, 0.0373437, 0.999302), (-0.598277, -0.533038, 0.598277), (0, -0.533038, 0.846091), (-0.598277, -0.533038, 0.598277), (0, 0.0373437, 0.999302), (-0.706614, 0.0373437, 0.706614), (0.999302, 0.0373437, 0), (0.598277, -0.533038, -0.598277), (0.706614, 0.0373437, -0.706614), (0.598277, -0.533038, -0.598277), (0.999302, 0.0373437, 0), (0.846091, -0.533038, 0), (0, 0.0373437, -0.999302), (0.598277, -0.533038, -0.598277), (0, -0.533038, -0.846091), (0.598277, -0.533038, -0.598277), (0, 0.0373437, -0.999302), (0.706614, 0.0373437, -0.706614), (-0.598277, -0.533038, 0.598277), (-0.999302, 0.0373437, 0), (-0.846091, -0.533038, 0), (-0.999302, 0.0373437, 0), (-0.598277, -0.533038, 0.598277), (-0.706614, 0.0373437, 0.706614), (-0.603711, 0.520639, -0.603711), (0, 0.0373437, -0.999302), (-0.706614, 0.0373437, -0.706614), (0, 0.0373437, -0.999302), (-0.603711, 0.520639, -0.603711), (0, 0.520639, -0.853777), (-0.999302, 0.0373437, 0), (-0.603711, 0.520639, -0.603711), (-0.706614, 0.0373437, -0.706614), (-0.603711, 0.520639, -0.603711), (-0.999302, 0.0373437, 0), (-0.853777, 0.520639, 0), (0.603711, 0.520639, 0.603711), (0, 0.0373437, 0.999302), (0.706614, 0.0373437, 0.706614), (0, 0.0373437, 0.999302), (0.603711, 0.520639, 0.603711), (0, 0.520639, 0.853777), (0, 0.520639, -0.853777), (0.706614, 0.0373437, -0.706614), (0, 0.0373437, -0.999302), (0.706614, 0.0373437, -0.706614), (0, 0.520639, -0.853777), (0.603711, 0.520639, -0.603711), (-0.706614, 0.0373437, 0.706614), (-0.853777, 0.520639, 0), (-0.999302, 0.0373437, 0), (-0.853777, 0.520639, 0), (-0.706614, 0.0373437, 0.706614), (-0.603711, 0.520639, 0.603711), (0.603711, 0.520639, -0.603711), (0.999302, 0.0373437, 0), (0.706614, 0.0373437, -0.706614), (0.999302, 0.0373437, 0), (0.603711, 0.520639, -0.603711), (0.853777, 0.520639, 0), (0, 0.520639, 0.853777), (-0.706614, 0.0373437, 0.706614), (0, 0.0373437, 0.999302), (-0.706614, 0.0373437, 0.706614), (0, 0.520639, 0.853777), (-0.603711, 0.520639, 0.603711), (0.603711, 0.520639, 0.603711), (0.999302, 0.0373437, 0), (0.853777, 0.520639, 0), (0.999302, 0.0373437, 0), (0.603711, 0.520639, 0.603711), (0.706614, 0.0373437, 0.706614), (0, 1, 0), (0, 1, 0), (0, 1, 0), (0, 1, 0), (0, 1, 0), (0, 1, 0), (0, 1, 0), (0, 1, 0), (0, 1, 0), (0, 1, 0), (0, 1, 0), (0, 1, 0), (0, 1, 0), (0, 1, 0), (0, 1, 0), (0, 1, 0), (0, 1, 0), (0, 1, 0), (-0.636587, 0.435333, -0.636587), (0, 0.520639, -0.853777), (-0.603711, 0.520639, -0.603711), (0, 0.520639, -0.853777), (-0.636587, 0.435333, -0.636587), (0, 0.435333, -0.90027), (0.636587, 0.435333, -0.636587), (0.853777, 0.520639, 0), (0.603711, 0.520639, -0.603711), (0.853777, 0.520639, 0), (0.636587, 0.435333, -0.636587), (0.90027, 0.435333, 0), (-0.603711, 0.520639, 0.603711), (-0.90027, 0.435333, 0), (-0.853777, 0.520639, 0), (-0.90027, 0.435333, 0), (-0.603711, 0.520639, 0.603711), (-0.636587, 0.435333, 0.636587), (0, 0.435333, -0.90027), (0.603711, 0.520639, -0.603711), (0, 0.520639, -0.853777), (0.603711, 0.520639, -0.603711), (0, 0.435333, -0.90027), (0.636587, 0.435333, -0.636587), (0, 0.435333, 0.90027), (-0.603711, 0.520639, 0.603711), (0, 0.520639, 0.853777), (-0.603711, 0.520639, 0.603711), (0, 0.435333, 0.90027), (-0.636587, 0.435333, 0.636587), (-0.853777, 0.520639, 0), (-0.636587, 0.435333, -0.636587), (-0.603711, 0.520639, -0.603711), (-0.636587, 0.435333, -0.636587), (-0.853777, 0.520639, 0), (-0.90027, 0.435333, 0), (0.90027, 0.435333, 0), (0.603711, 0.520639, 0.603711), (0.853777, 0.520639, 0), (0.603711, 0.520639, 0.603711), (0.90027, 0.435333, 0), (0.636587, 0.435333, 0.636587), (0.636587, 0.435333, 0.636587), (0, 0.520639, 0.853777), (0.603711, 0.520639, 0.603711), (0, 0.520639, 0.853777), (0.636587, 0.435333, 0.636587), (0, 0.435333, 0.90027), (-0.90027, 0.435333, 0), (-0.624263, 0.469671, 0.624263), (-0.882842, 0.469671, 0), (-0.624263, 0.469671, 0.624263), (-0.90027, 0.435333, 0), (-0.636587, 0.435333, 0.636587), (-0.624263, 0.469671, -0.624263), (0, 0.435333, -0.90027), (-0.636587, 0.435333, -0.636587), (0, 0.435333, -0.90027), (-0.624263, 0.469671, -0.624263), (0, 0.469671, -0.882842), (0.624263, 0.469671, 0.624263), (0, 0.435333, 0.90027), (0.636587, 0.435333, 0.636587), (0, 0.435333, 0.90027), (0.624263, 0.469671, 0.624263), (0, 0.469671, 0.882842), (0, 0.469671, 0.882842), (-0.636587, 0.435333, 0.636587), (0, 0.435333, 0.90027), (-0.636587, 0.435333, 0.636587), (0, 0.469671, 0.882842), (-0.624263, 0.469671, 0.624263), (0.624263, 0.469671, 0.624263), (0.90027, 0.435333, 0), (0.882842, 0.469671, 0), (0.90027, 0.435333, 0), (0.624263, 0.469671, 0.624263), (0.636587, 0.435333, 0.636587), (0, 0.469671, -0.882842), (0.636587, 0.435333, -0.636587), (0, 0.435333, -0.90027), (0.636587, 0.435333, -0.636587), (0, 0.469671, -0.882842), (0.624263, 0.469671, -0.624263), (-0.90027, 0.435333, 0), (-0.624263, 0.469671, -0.624263), (-0.636587, 0.435333, -0.636587), (-0.624263, 0.469671, -0.624263), (-0.90027, 0.435333, 0), (-0.882842, 0.469671, 0), (0.624263, 0.469671, -0.624263), (0.90027, 0.435333, 0), (0.636587, 0.435333, -0.636587), (0.90027, 0.435333, 0), (0.624263, 0.469671, -0.624263), (0.882842, 0.469671, 0), (0, -1, 0), (0, -1, 0), (0, -1, 0), (0, -1, 0), (0, -1, 0), (0, -1, 0), (0, -1, 0), (0, -1, 0), (0, -1, 0), (0, -1, 0), (0, -1, 0), (0, -1, 0), (0, -1, 0), (0, -1, 0), (0, -1, 0), (0, -1, 0), (0, -1, 0), (0, -1, 0), (0.999302, 0.0373437, 0), (0.598277, -0.533038, 0.598277), (0.846091, -0.533038, 0), (0.598277, -0.533038, 0.598277), (0.999302, 0.0373437, 0), (0.706614, 0.0373437, 0.706614), (-0.706614, 0.0373437, -0.706614), (0, -0.533038, -0.846091), (-0.598277, -0.533038, -0.598277), (0, -0.533038, -0.846091), (-0.706614, 0.0373437, -0.706614), (0, 0.0373437, -0.999302), (0.706614, 0.0373437, 0.706614), (0, -0.533038, 0.846091), (0.598277, -0.533038, 0.598277), (0, -0.533038, 0.846091), (0.706614, 0.0373437, 0.706614), (0, 0.0373437, 0.999302), (-0.598277, -0.533038, -0.598277), (-0.999302, 0.0373437, 0), (-0.706614, 0.0373437, -0.706614), (-0.999302, 0.0373437, 0), (-0.598277, -0.533038, -0.598277), (-0.846091, -0.533038, 0), (0, 0.0373437, 0.999302), (-0.598277, -0.533038, 0.598277), (0, -0.533038, 0.846091), (-0.598277, -0.533038, 0.598277), (0, 0.0373437, 0.999302), (-0.706614, 0.0373437, 0.706614), (0.999302, 0.0373437, 0), (0.598277, -0.533038, -0.598277), (0.706614, 0.0373437, -0.706614), (0.598277, -0.533038, -0.598277), (0.999302, 0.0373437, 0), (0.846091, -0.533038, 0), (0, 0.0373437, -0.999302), (0.598277, -0.533038, -0.598277), (0, -0.533038, -0.846091), (0.598277, -0.533038, -0.598277), (0, 0.0373437, -0.999302), (0.706614, 0.0373437, -0.706614), (-0.598277, -0.533038, 0.598277), (-0.999302, 0.0373437, 0), (-0.846091, -0.533038, 0), (-0.999302, 0.0373437, 0), (-0.598277, -0.533038, 0.598277), (-0.706614, 0.0373437, 0.706614), (0, 1, 0), (0, 1, 0), (0, 1, 0), (0, 1, 0), (0, 1, 0), (0, 1, 0), (0, 1, 0), (0, 1, 0), (0, 1, 0), (0, 1, 0), (0, 1, 0), (0, 1, 0), (0, 1, 0), (0, 1, 0), (0, 1, 0), (0, 1, 0), (0, 1, 0), (0, 1, 0), (-0.999302, 0.0373437, 0), (-0.63011, 0.453787, 0.63011), (-0.89111, 0.453787, 0), (-0.63011, 0.453787, 0.63011), (-0.999302, 0.0373437, 0), (-0.706614, 0.0373437, 0.706614), (-0.999302, 0.0373437, 0), (-0.63011, 0.453787, -0.63011), (-0.706614, 0.0373437, -0.706614), (-0.63011, 0.453787, -0.63011), (-0.999302, 0.0373437, 0), (-0.89111, 0.453787, 0), (0.63011, 0.453787, -0.63011), (0.999302, 0.0373437, 0), (0.706614, 0.0373437, -0.706614), (0.999302, 0.0373437, 0), (0.63011, 0.453787, -0.63011), (0.89111, 0.453787, 0), (-0.63011, 0.453787, -0.63011), (0, 0.0373437, -0.999302), (-0.706614, 0.0373437, -0.706614), (0, 0.0373437, -0.999302), (-0.63011, 0.453787, -0.63011), (0, 0.453787, -0.89111), (0.684983, 0.248184, 0.684983), (0, 0.453787, 0.89111), (0.63011, 0.453787, 0.63011), (0, 0.453787, 0.89111), (0.684983, 0.248184, 0.684983), (0, 0.248184, 0.968713), (0.684983, 0.248184, 0.684983), (0.89111, 0.453787, 0), (0.968713, 0.248184, 0), (0.89111, 0.453787, 0), (0.684983, 0.248184, 0.684983), (0.63011, 0.453787, 0.63011), (0.684983, 0.248184, -0.684983), (0.89111, 0.453787, 0), (0.63011, 0.453787, -0.63011), (0.89111, 0.453787, 0), (0.684983, 0.248184, -0.684983), (0.968713, 0.248184, 0), (0, 0.248184, -0.968713), (0.63011, 0.453787, -0.63011), (0, 0.453787, -0.89111), (0.63011, 0.453787, -0.63011), (0, 0.248184, -0.968713), (0.684983, 0.248184, -0.684983), (0, 0.248184, 0.968713), (-0.63011, 0.453787, 0.63011), (0, 0.453787, 0.89111), (-0.63011, 0.453787, 0.63011), (0, 0.248184, 0.968713), (-0.684983, 0.248184, 0.684983), (-0.89111, 0.453787, 0), (-0.684983, 0.248184, 0.684983), (-0.968713, 0.248184, 0), (-0.684983, 0.248184, 0.684983), (-0.89111, 0.453787, 0), (-0.63011, 0.453787, 0.63011), (-0.89111, 0.453787, 0), (-0.684983, 0.248184, -0.684983), (-0.63011, 0.453787, -0.63011), (-0.684983, 0.248184, -0.684983), (-0.89111, 0.453787, 0), (-0.968713, 0.248184, 0), (0.63011, 0.453787, 0.63011), (0.999302, 0.0373437, 0), (0.89111, 0.453787, 0), (0.999302, 0.0373437, 0), (0.63011, 0.453787, 0.63011), (0.706614, 0.0373437, 0.706614), (0.63011, 0.453787, 0.63011), (0, 0.0373437, 0.999302), (0.706614, 0.0373437, 0.706614), (0, 0.0373437, 0.999302), (0.63011, 0.453787, 0.63011), (0, 0.453787, 0.89111), (0, 0.453787, -0.89111), (0.706614, 0.0373437, -0.706614), (0, 0.0373437, -0.999302), (0.706614, 0.0373437, -0.706614), (0, 0.453787, -0.89111), (0.63011, 0.453787, -0.63011), (-0.684983, 0.248184, -0.684983), (0, 0.453787, -0.89111), (-0.63011, 0.453787, -0.63011), (0, 0.453787, -0.89111), (-0.684983, 0.248184, -0.684983), (0, 0.248184, -0.968713), (0, 0.453787, 0.89111), (-0.706614, 0.0373437, 0.706614), (0, 0.0373437, 0.999302), (-0.706614, 0.0373437, 0.706614), (0, 0.453787, 0.89111), (-0.63011, 0.453787, 0.63011), (-0.759686, 0.65029, 0), (-0.379843, 0.65029, 0.657907), (-0.373672, 0.902123, 0.215739), (-0.379843, 0.65029, 0.657907), (0.379843, 0.65029, 0.657907), (0, 0.902123, 0.431479), (0.373672, 0.902123, -0.215739), (0.759686, 0.65029, 0), (0.379843, 0.65029, -0.657907), (0.373672, 0.902123, 0.215739), (0.379843, 0.65029, 0.657907), (0.759686, 0.65029, 0), (-0.379843, 0.65029, -0.657907), (0, 0.902123, -0.431479), (0.379843, 0.65029, -0.657907), (-0.759686, 0.65029, 0), (-0.373672, 0.902123, -0.215739), (-0.379843, 0.65029, -0.657907), (0.373672, -0.902123, -0.215739), (0.379843, -0.65029, -0.657907), (0.759686, -0.65029, 0), (-0.379843, -0.65029, 0.657907), (0, -0.902123, 0.431479), (0.379843, -0.65029, 0.657907), (-0.759686, -0.65029, 0), (-0.373672, -0.902123, 0.215739), (-0.379843, -0.65029, 0.657907), (0.373672, -0.902123, 0.215739), (0.759686, -0.65029, 0), (0.379843, -0.65029, 0.657907), (-0.759686, -0.65029, 0), (-0.379843, -0.65029, -0.657907), (-0.373672, -0.902123, -0.215739), (-0.379843, -0.65029, -0.657907), (0.379843, -0.65029, -0.657907), (0, -0.902123, -0.431479), (-0.5, 0, 0.866025), (-0.759686, 0.65029, 0), (-1, 0, 0), (-0.759686, 0.65029, 0), (-0.5, 0, 0.866025), (-0.379843, 0.65029, 0.657907), (0.379843, 0.65029, 0.657907), (-0.5, 0, 0.866025), (0.5, 0, 0.866025), (-0.5, 0, 0.866025), (0.379843, 0.65029, 0.657907), (-0.379843, 0.65029, 0.657907), (0.379843, 0.65029, 0.657907), (1, 0, 0), (0.759686, 0.65029, 0), (1, 0, 0), (0.379843, 0.65029, 0.657907), (0.5, 0, 0.866025), (-0.379843, -0.65029, 0.657907), (-1, 0, 0), (-0.759686, -0.65029, 0), (-1, 0, 0), (-0.379843, -0.65029, 0.657907), (-0.5, 0, 0.866025), (0.5, 0, 0.866025), (-0.379843, -0.65029, 0.657907), (0.379843, -0.65029, 0.657907), (-0.379843, -0.65029, 0.657907), (0.5, 0, 0.866025), (-0.5, 0, 0.866025), (0.5, 0, 0.866025), (0.759686, -0.65029, 0), (1, 0, 0), (0.759686, -0.65029, 0), (0.5, 0, 0.866025), (0.379843, -0.65029, 0.657907), (1, 0, 0), (0.379843, -0.65029, -0.657907), (0.5, 0, -0.866025), (0.379843, -0.65029, -0.657907), (1, 0, 0), (0.759686, -0.65029, 0), (-0.379843, 0.65029, -0.657907), (0.5, 0, -0.866025), (-0.5, 0, -0.866025), (0.5, 0, -0.866025), (-0.379843, 0.65029, -0.657907), (0.379843, 0.65029, -0.657907), (-0.5, 0, -0.866025), (0.379843, -0.65029, -0.657907), (-0.379843, -0.65029, -0.657907), (0.379843, -0.65029, -0.657907), (-0.5, 0, -0.866025), (0.5, 0, -0.866025), (-1, 0, 0), (-0.379843, 0.65029, -0.657907), (-0.5, 0, -0.866025), (-0.379843, 0.65029, -0.657907), (-1, 0, 0), (-0.759686, 0.65029, 0), (0.379843, 0.65029, -0.657907), (1, 0, 0), (0.5, 0, -0.866025), (1, 0, 0), (0.379843, 0.65029, -0.657907), (0.759686, 0.65029, 0), (-0.379843, -0.65029, -0.657907), (-1, 0, 0), (-0.5, 0, -0.866025), (-1, 0, 0), (-0.379843, -0.65029, -0.657907), (-0.759686, -0.65029, 0), (-0.379843, -0.65029, -0.657907), (0.379843, -0.65029, -0.657907), (0, -0.902123, -0.431479), (-0.759686, -0.65029, 0), (-0.373672, -0.902123, 0.215739), (-0.379843, -0.65029, 0.657907), (0.373672, 0.902123, 0.215739), (0.379843, 0.65029, 0.657907), (0.759686, 0.65029, 0), (-0.379843, 0.65029, 0.657907), (0.379843, 0.65029, 0.657907), (0, 0.902123, 0.431479), (-0.379843, -0.65029, 0.657907), (0, -0.902123, 0.431479), (0.379843, -0.65029, 0.657907), (-0.379843, 0.65029, -0.657907), (0, 0.902123, -0.431479), (0.379843, 0.65029, -0.657907), (0.373672, -0.902123, -0.215739), (0.379843, -0.65029, -0.657907), (0.759686, -0.65029, 0), (-0.759686, -0.65029, 0), (-0.379843, -0.65029, -0.657907), (-0.373672, -0.902123, -0.215739), (-0.759686, 0.65029, 0), (-0.373672, 0.902123, -0.215739), (-0.379843, 0.65029, -0.657907), (0.373672, 0.902123, -0.215739), (0.759686, 0.65029, 0), (0.379843, 0.65029, -0.657907), (-0.759686, 0.65029, 0), (-0.379843, 0.65029, 0.657907), (-0.373672, 0.902123, 0.215739), (0.373672, -0.902123, 0.215739), (0.759686, -0.65029, 0), (0.379843, -0.65029, 0.657907), (1, 0, 0), (0.379843, -0.65029, -0.657907), (0.5, 0, -0.866025), (0.379843, -0.65029, -0.657907), (1, 0, 0), (0.759686, -0.65029, 0), (0.379843, 0.65029, 0.657907), (1, 0, 0), (0.759686, 0.65029, 0), (1, 0, 0), (0.379843, 0.65029, 0.657907), (0.5, 0, 0.866025), (-0.379843, 0.65029, -0.657907), (0.5, 0, -0.866025), (-0.5, 0, -0.866025), (0.5, 0, -0.866025), (-0.379843, 0.65029, -0.657907), (0.379843, 0.65029, -0.657907), (-0.5, 0, -0.866025), (0.379843, -0.65029, -0.657907), (-0.379843, -0.65029, -0.657907), (0.379843, -0.65029, -0.657907), (-0.5, 0, -0.866025), (0.5, 0, -0.866025), (-1, 0, 0), (-0.379843, 0.65029, -0.657907), (-0.5, 0, -0.866025), (-0.379843, 0.65029, -0.657907), (-1, 0, 0), (-0.759686, 0.65029, 0), (0.5, 0, 0.866025), (0.759686, -0.65029, 0), (1, 0, 0), (0.759686, -0.65029, 0), (0.5, 0, 0.866025), (0.379843, -0.65029, 0.657907), (0.379843, 0.65029, -0.657907), (1, 0, 0), (0.5, 0, -0.866025), (1, 0, 0), (0.379843, 0.65029, -0.657907), (0.759686, 0.65029, 0), (-0.379843, -0.65029, -0.657907), (-1, 0, 0), (-0.5, 0, -0.866025), (-1, 0, 0), (-0.379843, -0.65029, -0.657907), (-0.759686, -0.65029, 0), (0.379843, 0.65029, 0.657907), (-0.5, 0, 0.866025), (0.5, 0, 0.866025), (-0.5, 0, 0.866025), (0.379843, 0.65029, 0.657907), (-0.379843, 0.65029, 0.657907), (-0.5, 0, 0.866025), (-0.759686, 0.65029, 0), (-1, 0, 0), (-0.759686, 0.65029, 0), (-0.5, 0, 0.866025), (-0.379843, 0.65029, 0.657907), (0.5, 0, 0.866025), (-0.379843, -0.65029, 0.657907), (0.379843, -0.65029, 0.657907), (-0.379843, -0.65029, 0.657907), (0.5, 0, 0.866025), (-0.5, 0, 0.866025), (-0.379843, -0.65029, 0.657907), (-1, 0, 0), (-0.759686, -0.65029, 0), (-1, 0, 0), (-0.379843, -0.65029, 0.657907), (-0.5, 0, 0.866025), (-0.759686, -0.65029, 0), (-0.373672, -0.902123, 0.215739), (-0.379843, -0.65029, 0.657907), (-0.759686, 0.65029, 0), (-0.373672, 0.902123, -0.215739), (-0.379843, 0.65029, -0.657907), (-0.379843, -0.65029, -0.657907), (0.379843, -0.65029, -0.657907), (0, -0.902123, -0.431479), (-0.759686, -0.65029, 0), (-0.379843, -0.65029, -0.657907), (-0.373672, -0.902123, -0.215739), (0.373672, 0.902123, 0.215739), (0.379843, 0.65029, 0.657907), (0.759686, 0.65029, 0), (-0.379843, -0.65029, 0.657907), (0, -0.902123, 0.431479), (0.379843, -0.65029, 0.657907), (0.373672, -0.902123, 0.215739), (0.759686, -0.65029, 0), (0.379843, -0.65029, 0.657907), (0.373672, 0.902123, -0.215739), (0.759686, 0.65029, 0), (0.379843, 0.65029, -0.657907), (-0.759686, 0.65029, 0), (-0.379843, 0.65029, 0.657907), (-0.373672, 0.902123, 0.215739), (-0.379843, 0.65029, -0.657907), (0, 0.902123, -0.431479), (0.379843, 0.65029, -0.657907), (-0.379843, 0.65029, 0.657907), (0.379843, 0.65029, 0.657907), (0, 0.902123, 0.431479), (0.373672, -0.902123, -0.215739), (0.379843, -0.65029, -0.657907), (0.759686, -0.65029, 0), (-0.379843, -0.65029, 0.657907), (-1, 0, 0), (-0.759686, -0.65029, 0), (-1, 0, 0), (-0.379843, -0.65029, 0.657907), (-0.5, 0, 0.866025), (0.379843, 0.65029, 0.657907), (1, 0, 0), (0.759686, 0.65029, 0), (1, 0, 0), (0.379843, 0.65029, 0.657907), (0.5, 0, 0.866025), (-0.379843, 0.65029, -0.657907), (0.5, 0, -0.866025), (-0.5, 0, -0.866025), (0.5, 0, -0.866025), (-0.379843, 0.65029, -0.657907), (0.379843, 0.65029, -0.657907), (-0.5, 0, 0.866025), (-0.759686, 0.65029, 0), (-1, 0, 0), (-0.759686, 0.65029, 0), (-0.5, 0, 0.866025), (-0.379843, 0.65029, 0.657907), (0.379843, 0.65029, 0.657907), (-0.5, 0, 0.866025), (0.5, 0, 0.866025), (-0.5, 0, 0.866025), (0.379843, 0.65029, 0.657907), (-0.379843, 0.65029, 0.657907), (0.379843, 0.65029, -0.657907), (1, 0, 0), (0.5, 0, -0.866025), (1, 0, 0), (0.379843, 0.65029, -0.657907), (0.759686, 0.65029, 0), (-1, 0, 0), (-0.379843, 0.65029, -0.657907), (-0.5, 0, -0.866025), (-0.379843, 0.65029, -0.657907), (-1, 0, 0), (-0.759686, 0.65029, 0), (0.5, 0, 0.866025), (-0.379843, -0.65029, 0.657907), (0.379843, -0.65029, 0.657907), (-0.379843, -0.65029, 0.657907), (0.5, 0, 0.866025), (-0.5, 0, 0.866025), (0.5, 0, 0.866025), (0.759686, -0.65029, 0), (1, 0, 0), (0.759686, -0.65029, 0), (0.5, 0, 0.866025), (0.379843, -0.65029, 0.657907), (-0.5, 0, -0.866025), (0.379843, -0.65029, -0.657907), (-0.379843, -0.65029, -0.657907), (0.379843, -0.65029, -0.657907), (-0.5, 0, -0.866025), (0.5, 0, -0.866025), (1, 0, 0), (0.379843, -0.65029, -0.657907), (0.5, 0, -0.866025), (0.379843, -0.65029, -0.657907), (1, 0, 0), (0.759686, -0.65029, 0), (-0.379843, -0.65029, -0.657907), (-1, 0, 0), (-0.5, 0, -0.866025), (-1, 0, 0), (-0.379843, -0.65029, -0.657907), (-0.759686, -0.65029, 0), (0.58778, -0.809021, 0), (0.964577, -0.263801, 0), (0.964577, -0.263801, 0), (0.964577, -0.263801, 0), (0.58778, -0.809021, 0), (0.58778, -0.809021, 0), (-0.9049, -0.425625, 0), (-0.951054, 0.309026, 0), (-0.951054, 0.309026, 0), (-0.951054, 0.309026, 0), (-0.9049, -0.425625, 0), (-0.9049, -0.425625, 0), (0, 0, 1), (0, 0, 1), (0, 0, 1), (0, 0, 1), (0, 0, 1), (0, 0, 1), (0, 0, 1), (0, 0, 1), (0, 0, 1), (0, 0, 1), (0, 0, 1), (0, 0, 1), (0, 0, 1), (0, 0, 1), (0, 0, 1), (0, 0, 1), (0, 0, 1), (0, 0, 1), (0, 0, 1), (0, 0, 1), (0, 0, 1), (0, 0, 1), (0, 0, 1), (0, 0, 1), (0, 0, 1), (0, 0, 1), (0, 0, 1), (0, 0, 1), (0, 0, 1), (0, 0, 1), (0, 0, 1), (0, 0, 1), (0, 0, 1), (0, 0, 1), (0, 0, 1), (0, 0, 1), (0, 0, 1), (0, 0, 1), (0, 0, 1), (0, 0, 1), (0, 0, 1), (0, 0, 1), (0.548958, 0.83585, 0), (0.964577, -0.263801, 0), (0.548958, 0.83585, 0), (0.964577, -0.263801, 0), (0.548958, 0.83585, 0), (0.964577, -0.263801, 0), (-0.729085, 0.684423, 0), (0, 1, 0), (0, 1, 0), (0, 1, 0), (-0.729085, 0.684423, 0), (-0.729085, 0.684423, 0), (0, 0, -1), (0, 0, -1), (0, 0, -1), (0, 0, -1), (0, 0, -1), (0, 0, -1), (0, 0, -1), (0, 0, -1), (0, 0, -1), (0, 0, -1), (0, 0, -1), (0, 0, -1), (0, 0, -1), (0, 0, -1), (0, 0, -1), (0, 0, -1), (0, 0, -1), (0, 0, -1), (0, 0, -1), (0, 0, -1), (0, 0, -1), (0, 0, -1), (0, 0, -1), (0, 0, -1), (0, 0, -1), (0, 0, -1), (0, 0, -1), (0, 0, -1), (0, 0, -1), (0, 0, -1), (0, 0, -1), (0, 0, -1), (0, 0, -1), (0, 0, -1), (0, 0, -1), (0, 0, -1), (0, 0, -1), (0, 0, -1), (0, 0, -1), (0, 0, -1), (0, 0, -1), (0, 0, -1), (0, 1, 0), (0.729085, 0.684423, 0), (0.729085, 0.684423, 0), (0.729085, 0.684423, 0), (0, 1, 0), (0, 1, 0), (-0.548958, 0.83585, 0), (0, 1, 0), (0, 1, 0), (0, 1, 0), (-0.548958, 0.83585, 0), (-0.548958, 0.83585, 0), (-0.964577, -0.263801, 0), (-0.548958, 0.83585, 0), (-0.964577, -0.263801, 0), (-0.548958, 0.83585, 0), (-0.964577, -0.263801, 0), (-0.548958, 0.83585, 0), (-0.125166, -0.992136, 0), (0.9049, -0.425625, 0), (0.9049, -0.425625, 0), (0.9049, -0.425625, 0), (-0.125166, -0.992136, 0), (-0.125166, -0.992136, 0), (0, 1, 0), (0.548958, 0.83585, 0), (0.548958, 0.83585, 0), (0.548958, 0.83585, 0), (0, 1, 0), (0, 1, 0), (0.729085, 0.684423, 0), (0.951059, 0.309009, 0), (0.729085, 0.684423, 0), (0.951059, 0.309009, 0), (0.729085, 0.684423, 0), (0.951059, 0.309009, 0), (-0.951059, 0.309009, 0), (-0.729085, 0.684423, 0), (-0.729085, 0.684423, 0), (-0.729085, 0.684423, 0), (-0.951059, 0.309009, 0), (-0.951059, 0.309009, 0), (-0.9049, -0.425625, 0), (0.125166, -0.992136, 0), (0.125166, -0.992136, 0), (0.125166, -0.992136, 0), (-0.9049, -0.425625, 0), (-0.9049, -0.425625, 0), (0.125166, -0.992136, 0), (0.58778, -0.809021, 0), (0.58778, -0.809021, 0), (0.58778, -0.809021, 0), (0.125166, -0.992136, 0), (0.125166, -0.992136, 0), (-0.58778, -0.809021, 0), (-0.125166, -0.992136, 0), (-0.125166, -0.992136, 0), (-0.125166, -0.992136, 0), (-0.58778, -0.809021, 0), (-0.58778, -0.809021, 0), (0.951054, 0.309026, 0), (0.9049, -0.425625, 0), (0.951054, 0.309026, 0), (0.9049, -0.425625, 0), (0.951054, 0.309026, 0), (0.9049, -0.425625, 0), (-0.964577, -0.263801, 0), (-0.58778, -0.809021, 0), (-0.58778, -0.809021, 0), (-0.58778, -0.809021, 0), (-0.964577, -0.263801, 0), (-0.964577, -0.263801, 0), (0, -1, 0), (0, -1, 0), (0, -1, 0), (0, -1, 0), (0, -1, 0), (0, -1, 0), (0, -1, 0), (0, -1, 0), (0, -1, 0), (0, -1, 0), (0, -1, 0), (0, -1, 0), (0, -1, 0), (0, -1, 0), (0, -1, 0), (0, -1, 0), (0, -1, 0), (0, -1, 0), (0, 1, 0), (0, 1, 0), (0, 1, 0), (0, 1, 0), (0, 1, 0), (0, 1, 0), (0, 1, 0), (0, 1, 0), (0, 1, 0), (0, 1, 0), (0, 1, 0), (0, 1, 0), (0, 1, 0), (0, 1, 0), (0, 1, 0), (0, 1, 0), (0, 1, 0), (0, 1, 0), (0, 0.257972, -0.966152), (-0.683173, 0.257972, -0.683173), (0, 0.257972, -0.966152), (-0.683173, 0.257972, -0.683173), (0, 0.257972, -0.966152), (-0.683173, 0.257972, -0.683173), (-0.683173, 0.257972, -0.683173), (-0.966152, 0.257972, 0), (-0.683173, 0.257972, -0.683173), (-0.966152, 0.257972, 0), (-0.683173, 0.257972, -0.683173), (-0.966152, 0.257972, 0), (0.683173, 0.257972, -0.683173), (0.966152, 0.257972, 0), (0.966152, 0.257972, 0), (0.966152, 0.257972, 0), (0.683173, 0.257972, -0.683173), (0.683173, 0.257972, -0.683173), (0.966152, 0.257972, 0), (0.683173, 0.257972, 0.683173), (0.966152, 0.257972, 0), (0.683173, 0.257972, 0.683173), (0.966152, 0.257972, 0), (0.683173, 0.257972, 0.683173), (-0.966152, 0.257972, 0), (-0.683173, 0.257972, 0.683173), (-0.683173, 0.257972, 0.683173), (-0.683173, 0.257972, 0.683173), (-0.966152, 0.257972, 0), (-0.966152, 0.257972, 0), (0, 0.257972, -0.966152), (0.683173, 0.257972, -0.683173), (0.683173, 0.257972, -0.683173), (0.683173, 0.257972, -0.683173), (0, 0.257972, -0.966152), (0, 0.257972, -0.966152), (-0.683173, 0.257972, 0.683173), (0, 0.257972, 0.966152), (0, 0.257972, 0.966152), (0, 0.257972, 0.966152), (-0.683173, 0.257972, 0.683173), (-0.683173, 0.257972, 0.683173), (0.683173, 0.257972, 0.683173), (0, 0.257972, 0.966152), (0.683173, 0.257972, 0.683173), (0, 0.257972, 0.966152), (0.683173, 0.257972, 0.683173), (0, 0.257972, 0.966152), (-0.759686, -0.65029, 0), (-0.379843, -0.65029, -0.657907), (-0.373672, -0.902123, -0.215739), (-0.759686, -0.65029, 0), (-0.373672, -0.902123, 0.215739), (-0.379843, -0.65029, 0.657907), (-0.379843, -0.65029, 0.657907), (0, -0.902123, 0.431479), (0.379843, -0.65029, 0.657907), (-0.379843, 0.65029, -0.657907), (0, 0.902123, -0.431479), (0.379843, 0.65029, -0.657907), (0.373672, -0.902123, -0.215739), (0.379843, -0.65029, -0.657907), (0.759686, -0.65029, 0), (-0.379843, -0.65029, -0.657907), (0.379843, -0.65029, -0.657907), (0, -0.902123, -0.431479), (-0.759686, 0.65029, 0), (-0.379843, 0.65029, 0.657907), (-0.373672, 0.902123, 0.215739), (-0.759686, 0.65029, 0), (-0.373672, 0.902123, -0.215739), (-0.379843, 0.65029, -0.657907), (-0.379843, 0.65029, 0.657907), (0.379843, 0.65029, 0.657907), (0, 0.902123, 0.431479), (0.373672, 0.902123, -0.215739), (0.759686, 0.65029, 0), (0.379843, 0.65029, -0.657907), (0.373672, -0.902123, 0.215739), (0.759686, -0.65029, 0), (0.379843, -0.65029, 0.657907), (0.373672, 0.902123, 0.215739), (0.379843, 0.65029, 0.657907), (0.759686, 0.65029, 0), (1, 0, 0), (0.379843, -0.65029, -0.657907), (0.5, 0, -0.866025), (0.379843, -0.65029, -0.657907), (1, 0, 0), (0.759686, -0.65029, 0), (-0.379843, -0.65029, -0.657907), (-1, 0, 0), (-0.5, 0, -0.866025), (-1, 0, 0), (-0.379843, -0.65029, -0.657907), (-0.759686, -0.65029, 0), (0.379843, 0.65029, 0.657907), (-0.5, 0, 0.866025), (0.5, 0, 0.866025), (-0.5, 0, 0.866025), (0.379843, 0.65029, 0.657907), (-0.379843, 0.65029, 0.657907), (-0.5, 0, -0.866025), (0.379843, -0.65029, -0.657907), (-0.379843, -0.65029, -0.657907), (0.379843, -0.65029, -0.657907), (-0.5, 0, -0.866025), (0.5, 0, -0.866025), (-0.5, 0, 0.866025), (-0.759686, 0.65029, 0), (-1, 0, 0), (-0.759686, 0.65029, 0), (-0.5, 0, 0.866025), (-0.379843, 0.65029, 0.657907), (0.5, 0, 0.866025), (0.759686, -0.65029, 0), (1, 0, 0), (0.759686, -0.65029, 0), (0.5, 0, 0.866025), (0.379843, -0.65029, 0.657907), (0.379843, 0.65029, -0.657907), (1, 0, 0), (0.5, 0, -0.866025), (1, 0, 0), (0.379843, 0.65029, -0.657907), (0.759686, 0.65029, 0), (-0.379843, 0.65029, -0.657907), (0.5, 0, -0.866025), (-0.5, 0, -0.866025), (0.5, 0, -0.866025), (-0.379843, 0.65029, -0.657907), (0.379843, 0.65029, -0.657907), (-1, 0, 0), (-0.379843, 0.65029, -0.657907), (-0.5, 0, -0.866025), (-0.379843, 0.65029, -0.657907), (-1, 0, 0), (-0.759686, 0.65029, 0), (-0.379843, -0.65029, 0.657907), (-1, 0, 0), (-0.759686, -0.65029, 0), (-1, 0, 0), (-0.379843, -0.65029, 0.657907), (-0.5, 0, 0.866025), (0.379843, 0.65029, 0.657907), (1, 0, 0), (0.759686, 0.65029, 0), (1, 0, 0), (0.379843, 0.65029, 0.657907), (0.5, 0, 0.866025), (0.5, 0, 0.866025), (-0.379843, -0.65029, 0.657907), (0.379843, -0.65029, 0.657907), (-0.379843, -0.65029, 0.657907), (0.5, 0, 0.866025), (-0.5, 0, 0.866025), (-0.379843, 0.65029, -0.657907), (0, 0.902123, -0.431479), (0.379843, 0.65029, -0.657907), (-0.759686, 0.65029, 0), (-0.373672, 0.902123, -0.215739), (-0.379843, 0.65029, -0.657907), (-0.759686, -0.65029, 0), (-0.373672, -0.902123, 0.215739), (-0.379843, -0.65029, 0.657907), (0.373672, -0.902123, -0.215739), (0.379843, -0.65029, -0.657907), (0.759686, -0.65029, 0), (0.373672, -0.902123, 0.215739), (0.759686, -0.65029, 0), (0.379843, -0.65029, 0.657907), (-0.379843, -0.65029, 0.657907), (0, -0.902123, 0.431479), (0.379843, -0.65029, 0.657907), (-0.379843, -0.65029, -0.657907), (0.379843, -0.65029, -0.657907), (0, -0.902123, -0.431479), (-0.759686, -0.65029, 0), (-0.379843, -0.65029, -0.657907), (-0.373672, -0.902123, -0.215739), (-0.759686, 0.65029, 0), (-0.379843, 0.65029, 0.657907), (-0.373672, 0.902123, 0.215739), (-0.379843, 0.65029, 0.657907), (0.379843, 0.65029, 0.657907), (0, 0.902123, 0.431479), (0.373672, 0.902123, 0.215739), (0.379843, 0.65029, 0.657907), (0.759686, 0.65029, 0), (0.373672, 0.902123, -0.215739), (0.759686, 0.65029, 0), (0.379843, 0.65029, -0.657907), (0.379843, 0.65029, 0.657907), (-0.5, 0, 0.866025), (0.5, 0, 0.866025), (-0.5, 0, 0.866025), (0.379843, 0.65029, 0.657907), (-0.379843, 0.65029, 0.657907), (0.379843, 0.65029, -0.657907), (1, 0, 0), (0.5, 0, -0.866025), (1, 0, 0), (0.379843, 0.65029, -0.657907), (0.759686, 0.65029, 0), (0.379843, 0.65029, 0.657907), (1, 0, 0), (0.759686, 0.65029, 0), (1, 0, 0), (0.379843, 0.65029, 0.657907), (0.5, 0, 0.866025), (-0.379843, 0.65029, -0.657907), (0.5, 0, -0.866025), (-0.5, 0, -0.866025), (0.5, 0, -0.866025), (-0.379843, 0.65029, -0.657907), (0.379843, 0.65029, -0.657907), (-0.5, 0, 0.866025), (-0.759686, 0.65029, 0), (-1, 0, 0), (-0.759686, 0.65029, 0), (-0.5, 0, 0.866025), (-0.379843, 0.65029, 0.657907), (-1, 0, 0), (-0.379843, 0.65029, -0.657907), (-0.5, 0, -0.866025), (-0.379843, 0.65029, -0.657907), (-1, 0, 0), (-0.759686, 0.65029, 0), (0.5, 0, 0.866025), (-0.379843, -0.65029, 0.657907), (0.379843, -0.65029, 0.657907), (-0.379843, -0.65029, 0.657907), (0.5, 0, 0.866025), (-0.5, 0, 0.866025), (-0.5, 0, -0.866025), (0.379843, -0.65029, -0.657907), (-0.379843, -0.65029, -0.657907), (0.379843, -0.65029, -0.657907), (-0.5, 0, -0.866025), (0.5, 0, -0.866025), (0.5, 0, 0.866025), (0.759686, -0.65029, 0), (1, 0, 0), (0.759686, -0.65029, 0), (0.5, 0, 0.866025), (0.379843, -0.65029, 0.657907), (-0.379843, -0.65029, 0.657907), (-1, 0, 0), (-0.759686, -0.65029, 0), (-1, 0, 0), (-0.379843, -0.65029, 0.657907), (-0.5, 0, 0.866025), (1, 0, 0), (0.379843, -0.65029, -0.657907), (0.5, 0, -0.866025), (0.379843, -0.65029, -0.657907), (1, 0, 0), (0.759686, -0.65029, 0), (-0.379843, -0.65029, -0.657907), (-1, 0, 0), (-0.5, 0, -0.866025), (-1, 0, 0), (-0.379843, -0.65029, -0.657907), (-0.759686, -0.65029, 0), (-0.379843, 0.65029, -0.657907), (0, 0.902123, -0.431479), (0.379843, 0.65029, -0.657907), (-0.759686, 0.65029, 0), (-0.373672, 0.902123, -0.215739), (-0.379843, 0.65029, -0.657907), (-0.759686, -0.65029, 0), (-0.373672, -0.902123, 0.215739), (-0.379843, -0.65029, 0.657907), (0.373672, -0.902123, -0.215739), (0.379843, -0.65029, -0.657907), (0.759686, -0.65029, 0), (0.373672, -0.902123, 0.215739), (0.759686, -0.65029, 0), (0.379843, -0.65029, 0.657907), (-0.379843, -0.65029, 0.657907), (0, -0.902123, 0.431479), (0.379843, -0.65029, 0.657907), (-0.379843, -0.65029, -0.657907), (0.379843, -0.65029, -0.657907), (0, -0.902123, -0.431479), (-0.759686, -0.65029, 0), (-0.379843, -0.65029, -0.657907), (-0.373672, -0.902123, -0.215739), (-0.759686, 0.65029, 0), (-0.379843, 0.65029, 0.657907), (-0.373672, 0.902123, 0.215739), (-0.379843, 0.65029, 0.657907), (0.379843, 0.65029, 0.657907), (0, 0.902123, 0.431479), (0.373672, 0.902123, 0.215739), (0.379843, 0.65029, 0.657907), (0.759686, 0.65029, 0), (0.373672, 0.902123, -0.215739), (0.759686, 0.65029, 0), (0.379843, 0.65029, -0.657907), (0.379843, 0.65029, 0.657907), (-0.5, 0, 0.866025), (0.5, 0, 0.866025), (-0.5, 0, 0.866025), (0.379843, 0.65029, 0.657907), (-0.379843, 0.65029, 0.657907), (0.379843, 0.65029, -0.657907), (1, 0, 0), (0.5, 0, -0.866025), (1, 0, 0), (0.379843, 0.65029, -0.657907), (0.759686, 0.65029, 0), (0.379843, 0.65029, 0.657907), (1, 0, 0), (0.759686, 0.65029, 0), (1, 0, 0), (0.379843, 0.65029, 0.657907), (0.5, 0, 0.866025), (-0.379843, 0.65029, -0.657907), (0.5, 0, -0.866025), (-0.5, 0, -0.866025), (0.5, 0, -0.866025), (-0.379843, 0.65029, -0.657907), (0.379843, 0.65029, -0.657907), (-0.5, 0, 0.866025), (-0.759686, 0.65029, 0), (-1, 0, 0), (-0.759686, 0.65029, 0), (-0.5, 0, 0.866025), (-0.379843, 0.65029, 0.657907), (-1, 0, 0), (-0.379843, 0.65029, -0.657907), (-0.5, 0, -0.866025), (-0.379843, 0.65029, -0.657907), (-1, 0, 0), (-0.759686, 0.65029, 0), (0.5, 0, 0.866025), (-0.379843, -0.65029, 0.657907), (0.379843, -0.65029, 0.657907), (-0.379843, -0.65029, 0.657907), (0.5, 0, 0.866025), (-0.5, 0, 0.866025), (-0.5, 0, -0.866025), (0.379843, -0.65029, -0.657907), (-0.379843, -0.65029, -0.657907), (0.379843, -0.65029, -0.657907), (-0.5, 0, -0.866025), (0.5, 0, -0.866025), (0.5, 0, 0.866025), (0.759686, -0.65029, 0), (1, 0, 0), (0.759686, -0.65029, 0), (0.5, 0, 0.866025), (0.379843, -0.65029, 0.657907), (-0.379843, -0.65029, 0.657907), (-1, 0, 0), (-0.759686, -0.65029, 0), (-1, 0, 0), (-0.379843, -0.65029, 0.657907), (-0.5, 0, 0.866025), (1, 0, 0), (0.379843, -0.65029, -0.657907), (0.5, 0, -0.866025), (0.379843, -0.65029, -0.657907), (1, 0, 0), (0.759686, -0.65029, 0), (-0.379843, -0.65029, -0.657907), (-1, 0, 0), (-0.5, 0, -0.866025), (-1, 0, 0), (-0.379843, -0.65029, -0.657907), (-0.759686, -0.65029, 0), (-0.582611, 0.447369, -0.678547), (0.0728147, 0.271748, -0.95961), (0.0728147, 0.271748, -0.95961), (0.0728147, 0.271748, -0.95961), (-0.582611, 0.447369, -0.678547), (-0.582611, 0.447369, -0.678547), (-0.582611, 0.447369, 0.678547), (-0.854097, 0.520114, 0), (-0.854097, 0.520114, 0), (-0.854097, 0.520114, 0), (-0.582611, 0.447369, 0.678547), (-0.582611, 0.447369, 0.678547), (0.72824, 0.0961275, 0.678547), (0.0728147, 0.271748, 0.95961), (0.0728147, 0.271748, 0.95961), (0.0728147, 0.271748, 0.95961), (0.72824, 0.0961275, 0.678547), (0.72824, 0.0961275, 0.678547), (0.72824, 0.0961275, -0.678547), (0.999727, 0.023383, 0), (0.72824, 0.0961275, -0.678547), (0.999727, 0.023383, 0), (0.72824, 0.0961275, -0.678547), (0.999727, 0.023383, 0), (0.72824, 0.0961275, 0.678547), (0.999727, 0.023383, 0), (0.999727, 0.023383, 0), (0.999727, 0.023383, 0), (0.72824, 0.0961275, 0.678547), (0.72824, 0.0961275, 0.678547), (-0.854097, 0.520114, 0), (-0.582611, 0.447369, -0.678547), (-0.582611, 0.447369, -0.678547), (-0.582611, 0.447369, -0.678547), (-0.854097, 0.520114, 0), (-0.854097, 0.520114, 0), (0.0728147, 0.271748, 0.95961), (-0.582611, 0.447369, 0.678547), (0.0728147, 0.271748, 0.95961), (-0.582611, 0.447369, 0.678547), (0.0728147, 0.271748, 0.95961), (-0.582611, 0.447369, 0.678547), (0.0728147, 0.271748, -0.95961), (0.72824, 0.0961275, -0.678547), (0.0728147, 0.271748, -0.95961), (0.72824, 0.0961275, -0.678547), (0.0728147, 0.271748, -0.95961), (0.72824, 0.0961275, -0.678547), (-0.705176, 0.252435, -0.662573), (-0.0492135, 0.345792, -0.93702), (-0.0492135, 0.345792, -0.93702), (-0.0492135, 0.345792, -0.93702), (-0.705176, 0.252435, -0.662573), (-0.705176, 0.252435, -0.662573), (-0.705176, 0.252435, 0.662573), (-0.976885, 0.213765, 0), (-0.976885, 0.213765, 0), (-0.976885, 0.213765, 0), (-0.705176, 0.252435, 0.662573), (-0.705176, 0.252435, 0.662573), (0.60675, 0.439149, 0.662573), (-0.0492135, 0.345792, 0.93702), (0.60675, 0.439149, 0.662573), (-0.0492135, 0.345792, 0.93702), (0.60675, 0.439149, 0.662573), (-0.0492135, 0.345792, 0.93702), (0.60675, 0.439149, -0.662573), (0.878458, 0.477819, 0), (0.60675, 0.439149, -0.662573), (0.878458, 0.477819, 0), (0.60675, 0.439149, -0.662573), (0.878458, 0.477819, 0), (0.60675, 0.439149, 0.662573), (0.878458, 0.477819, 0), (0.878458, 0.477819, 0), (0.878458, 0.477819, 0), (0.60675, 0.439149, 0.662573), (0.60675, 0.439149, 0.662573), (-0.976885, 0.213765, 0), (-0.705176, 0.252435, -0.662573), (-0.705176, 0.252435, -0.662573), (-0.705176, 0.252435, -0.662573), (-0.976885, 0.213765, 0), (-0.976885, 0.213765, 0), (-0.0492135, 0.345792, 0.93702), (-0.705176, 0.252435, 0.662573), (-0.0492135, 0.345792, 0.93702), (-0.705176, 0.252435, 0.662573), (-0.0492135, 0.345792, 0.93702), (-0.705176, 0.252435, 0.662573), (-0.0492135, 0.345792, -0.93702), (0.60675, 0.439149, -0.662573), (0.60675, 0.439149, -0.662573), (0.60675, 0.439149, -0.662573), (-0.0492135, 0.345792, -0.93702), (-0.0492135, 0.345792, -0.93702), (-0.726231, 0.066787, -0.684199), (-0.065345, 0.243871, -0.967604), (-0.726231, 0.066787, -0.684199), (-0.065345, 0.243871, -0.967604), (-0.726231, 0.066787, -0.684199), (-0.065345, 0.243871, -0.967604), (-0.726231, 0.066787, 0.684199), (-0.999978, -0.00656356, 0), (-0.999978, -0.00656356, 0), (-0.999978, -0.00656356, 0), (-0.726231, 0.066787, 0.684199), (-0.726231, 0.066787, 0.684199), (0.595541, 0.420955, 0.684199), (-0.065345, 0.243871, 0.967604), (0.595541, 0.420955, 0.684199), (-0.065345, 0.243871, 0.967604), (0.595541, 0.420955, 0.684199), (-0.065345, 0.243871, 0.967604), (0.595541, 0.420955, -0.684199), (0.869288, 0.494305, 0), (0.595541, 0.420955, -0.684199), (0.869288, 0.494305, 0), (0.595541, 0.420955, -0.684199), (0.869288, 0.494305, 0), (0.595541, 0.420955, 0.684199), (0.869288, 0.494305, 0), (0.869288, 0.494305, 0), (0.869288, 0.494305, 0), (0.595541, 0.420955, 0.684199), (0.595541, 0.420955, 0.684199), (-0.999978, -0.00656356, 0), (-0.726231, 0.066787, -0.684199), (-0.726231, 0.066787, -0.684199), (-0.726231, 0.066787, -0.684199), (-0.999978, -0.00656356, 0), (-0.999978, -0.00656356, 0), (-0.065345, 0.243871, 0.967604), (-0.726231, 0.066787, 0.684199), (-0.065345, 0.243871, 0.967604), (-0.726231, 0.066787, 0.684199), (-0.065345, 0.243871, 0.967604), (-0.726231, 0.066787, 0.684199), (-0.065345, 0.243871, -0.967604), (0.595541, 0.420955, -0.684199), (-0.065345, 0.243871, -0.967604), (0.595541, 0.420955, -0.684199), (-0.065345, 0.243871, -0.967604), (0.595541, 0.420955, -0.684199), (-0.379843, 0.65029, -0.657907), (0, 0.902123, -0.431479), (0.379843, 0.65029, -0.657907), (-0.759686, 0.65029, 0), (-0.373672, 0.902123, -0.215739), (-0.379843, 0.65029, -0.657907), (-0.759686, -0.65029, 0), (-0.373672, -0.902123, 0.215739), (-0.379843, -0.65029, 0.657907), (0.373672, -0.902123, -0.215739), (0.379843, -0.65029, -0.657907), (0.759686, -0.65029, 0), (0.373672, -0.902123, 0.215739), (0.759686, -0.65029, 0), (0.379843, -0.65029, 0.657907), (-0.379843, -0.65029, 0.657907), (0, -0.902123, 0.431479), (0.379843, -0.65029, 0.657907), (-0.379843, -0.65029, -0.657907), (0.379843, -0.65029, -0.657907), (0, -0.902123, -0.431479), (-0.759686, -0.65029, 0), (-0.379843, -0.65029, -0.657907), (-0.373672, -0.902123, -0.215739), (-0.759686, 0.65029, 0), (-0.379843, 0.65029, 0.657907), (-0.373672, 0.902123, 0.215739), (-0.379843, 0.65029, 0.657907), (0.379843, 0.65029, 0.657907), (0, 0.902123, 0.431479), (0.373672, 0.902123, 0.215739), (0.379843, 0.65029, 0.657907), (0.759686, 0.65029, 0), (0.373672, 0.902123, -0.215739), (0.759686, 0.65029, 0), (0.379843, 0.65029, -0.657907), (0.379843, 0.65029, 0.657907), (-0.5, 0, 0.866025), (0.5, 0, 0.866025), (-0.5, 0, 0.866025), (0.379843, 0.65029, 0.657907), (-0.379843, 0.65029, 0.657907), (0.379843, 0.65029, -0.657907), (1, 0, 0), (0.5, 0, -0.866025), (1, 0, 0), (0.379843, 0.65029, -0.657907), (0.759686, 0.65029, 0), (0.379843, 0.65029, 0.657907), (1, 0, 0), (0.759686, 0.65029, 0), (1, 0, 0), (0.379843, 0.65029, 0.657907), (0.5, 0, 0.866025), (-0.379843, 0.65029, -0.657907), (0.5, 0, -0.866025), (-0.5, 0, -0.866025), (0.5, 0, -0.866025), (-0.379843, 0.65029, -0.657907), (0.379843, 0.65029, -0.657907), (-0.5, 0, 0.866025), (-0.759686, 0.65029, 0), (-1, 0, 0), (-0.759686, 0.65029, 0), (-0.5, 0, 0.866025), (-0.379843, 0.65029, 0.657907), (-1, 0, 0), (-0.379843, 0.65029, -0.657907), (-0.5, 0, -0.866025), (-0.379843, 0.65029, -0.657907), (-1, 0, 0), (-0.759686, 0.65029, 0), (0.5, 0, 0.866025), (-0.379843, -0.65029, 0.657907), (0.379843, -0.65029, 0.657907), (-0.379843, -0.65029, 0.657907), (0.5, 0, 0.866025), (-0.5, 0, 0.866025), (-0.5, 0, -0.866025), (0.379843, -0.65029, -0.657907), (-0.379843, -0.65029, -0.657907), (0.379843, -0.65029, -0.657907), (-0.5, 0, -0.866025), (0.5, 0, -0.866025), (0.5, 0, 0.866025), (0.759686, -0.65029, 0), (1, 0, 0), (0.759686, -0.65029, 0), (0.5, 0, 0.866025), (0.379843, -0.65029, 0.657907), (-0.379843, -0.65029, 0.657907), (-1, 0, 0), (-0.759686, -0.65029, 0), (-1, 0, 0), (-0.379843, -0.65029, 0.657907), (-0.5, 0, 0.866025), (1, 0, 0), (0.379843, -0.65029, -0.657907), (0.5, 0, -0.866025), (0.379843, -0.65029, -0.657907), (1, 0, 0), (0.759686, -0.65029, 0), (-0.379843, -0.65029, -0.657907), (-1, 0, 0), (-0.5, 0, -0.866025), (-1, 0, 0), (-0.379843, -0.65029, -0.657907), (-0.759686, -0.65029, 0), (-0.0728147, -0.271748, 0.95961), (-0.0728147, -0.271748, 0.95961), (0.582611, -0.447369, 0.678547), (0.582611, -0.447369, 0.678547), (0.582611, -0.447369, 0.678547), (-0.0728147, -0.271748, 0.95961), (0.854097, -0.520114, 0), (0.854097, -0.520114, 0), (0.582611, -0.447369, -0.678547), (0.582611, -0.447369, -0.678547), (0.582611, -0.447369, -0.678547), (0.854097, -0.520114, 0), (-0.0728147, -0.271748, -0.95961), (-0.0728147, -0.271748, -0.95961), (-0.72824, -0.0961275, -0.678547), (-0.72824, -0.0961275, -0.678547), (-0.72824, -0.0961275, -0.678547), (-0.0728147, -0.271748, -0.95961), (-0.72824, -0.0961275, 0.678547), (-0.999727, -0.023383, 0), (-0.72824, -0.0961275, 0.678547), (-0.999727, -0.023383, 0), (-0.72824, -0.0961275, 0.678547), (-0.999727, -0.023383, 0), (-0.999727, -0.023383, 0), (-0.999727, -0.023383, 0), (-0.72824, -0.0961275, -0.678547), (-0.72824, -0.0961275, -0.678547), (-0.72824, -0.0961275, -0.678547), (-0.999727, -0.023383, 0), (0.582611, -0.447369, 0.678547), (0.582611, -0.447369, 0.678547), (0.854097, -0.520114, 0), (0.854097, -0.520114, 0), (0.854097, -0.520114, 0), (0.582611, -0.447369, 0.678547), (-0.0728147, -0.271748, -0.95961), (0.582611, -0.447369, -0.678547), (-0.0728147, -0.271748, -0.95961), (0.582611, -0.447369, -0.678547), (-0.0728147, -0.271748, -0.95961), (0.582611, -0.447369, -0.678547), (-0.0728147, -0.271748, 0.95961), (-0.72824, -0.0961275, 0.678547), (-0.0728147, -0.271748, 0.95961), (-0.72824, -0.0961275, 0.678547), (-0.0728147, -0.271748, 0.95961), (-0.72824, -0.0961275, 0.678547), (0.0492135, -0.345792, 0.93702), (0.0492135, -0.345792, 0.93702), (0.705176, -0.252435, 0.662573), (0.705176, -0.252435, 0.662573), (0.705176, -0.252435, 0.662573), (0.0492135, -0.345792, 0.93702), (0.976885, -0.213765, 0), (0.976885, -0.213765, 0), (0.705176, -0.252435, -0.662573), (0.705176, -0.252435, -0.662573), (0.705176, -0.252435, -0.662573), (0.976885, -0.213765, 0), (-0.60675, -0.439149, -0.662573), (0.0492135, -0.345792, -0.93702), (-0.60675, -0.439149, -0.662573), (0.0492135, -0.345792, -0.93702), (-0.60675, -0.439149, -0.662573), (0.0492135, -0.345792, -0.93702), (-0.60675, -0.439149, 0.662573), (-0.878458, -0.477819, 0), (-0.60675, -0.439149, 0.662573), (-0.878458, -0.477819, 0), (-0.60675, -0.439149, 0.662573), (-0.878458, -0.477819, 0), (-0.878458, -0.477819, 0), (-0.878458, -0.477819, 0), (-0.60675, -0.439149, -0.662573), (-0.60675, -0.439149, -0.662573), (-0.60675, -0.439149, -0.662573), (-0.878458, -0.477819, 0), (0.705176, -0.252435, 0.662573), (0.705176, -0.252435, 0.662573), (0.976885, -0.213765, 0), (0.976885, -0.213765, 0), (0.976885, -0.213765, 0), (0.705176, -0.252435, 0.662573), (0.0492135, -0.345792, -0.93702), (0.705176, -0.252435, -0.662573), (0.0492135, -0.345792, -0.93702), (0.705176, -0.252435, -0.662573), (0.0492135, -0.345792, -0.93702), (0.705176, -0.252435, -0.662573), (-0.60675, -0.439149, 0.662573), (-0.60675, -0.439149, 0.662573), (0.0492135, -0.345792, 0.93702), (0.0492135, -0.345792, 0.93702), (0.0492135, -0.345792, 0.93702), (-0.60675, -0.439149, 0.662573), (0.726231, -0.066787, 0.684199), (0.065345, -0.243871, 0.967604), (0.726231, -0.066787, 0.684199), (0.065345, -0.243871, 0.967604), (0.726231, -0.066787, 0.684199), (0.065345, -0.243871, 0.967604), (0.999978, 0.00656356, 0), (0.999978, 0.00656356, 0), (0.726231, -0.066787, -0.684199), (0.726231, -0.066787, -0.684199), (0.726231, -0.066787, -0.684199), (0.999978, 0.00656356, 0), (-0.595541, -0.420955, -0.684199), (0.065345, -0.243871, -0.967604), (-0.595541, -0.420955, -0.684199), (0.065345, -0.243871, -0.967604), (-0.595541, -0.420955, -0.684199), (0.065345, -0.243871, -0.967604), (-0.595541, -0.420955, 0.684199), (-0.869288, -0.494305, 0), (-0.595541, -0.420955, 0.684199), (-0.869288, -0.494305, 0), (-0.595541, -0.420955, 0.684199), (-0.869288, -0.494305, 0), (-0.869288, -0.494305, 0), (-0.869288, -0.494305, 0), (-0.595541, -0.420955, -0.684199), (-0.595541, -0.420955, -0.684199), (-0.595541, -0.420955, -0.684199), (-0.869288, -0.494305, 0), (0.726231, -0.066787, 0.684199), (0.726231, -0.066787, 0.684199), (0.999978, 0.00656356, 0), (0.999978, 0.00656356, 0), (0.999978, 0.00656356, 0), (0.726231, -0.066787, 0.684199), (0.065345, -0.243871, -0.967604), (0.726231, -0.066787, -0.684199), (0.065345, -0.243871, -0.967604), (0.726231, -0.066787, -0.684199), (0.065345, -0.243871, -0.967604), (0.726231, -0.066787, -0.684199), (0.065345, -0.243871, 0.967604), (-0.595541, -0.420955, 0.684199), (0.065345, -0.243871, 0.967604), (-0.595541, -0.420955, 0.684199), (0.065345, -0.243871, 0.967604), (-0.595541, -0.420955, 0.684199), (0, 1, 0), (0, 1, 0), (0, 1, 0), (0, 1, 0), (0, 1, 0), (0, 1, 0), (0, 1, 0), (0, 1, 0), (0, 1, 0), (0, 1, 0), (0, 1, 0), (0, 1, 0), (0, 1, 0), (0, 1, 0), (0, 1, 0), (0, 1, 0), (0, 1, 0), (0, 1, 0), (0.475521, -0.740108, 0.475521), (0.475521, -0.740108, -0.475521), (0.672489, -0.740108, 0), (0.475521, -0.740108, -0.475521), (0.475521, -0.740108, 0.475521), (0, -0.740108, 0.672489), (0.475521, -0.740108, -0.475521), (0, -0.740108, 0.672489), (0, -0.740108, -0.672489), (0, -0.740108, -0.672489), (0, -0.740108, 0.672489), (-0.475521, -0.740108, 0.475521), (0, -0.740108, -0.672489), (-0.475521, -0.740108, 0.475521), (-0.475521, -0.740108, -0.475521), (-0.475521, -0.740108, -0.475521), (-0.475521, -0.740108, 0.475521), (-0.672489, -0.740108, 0), (0.70291, 0.108783, 0.70291), (0.672489, -0.740108, 0), (0.994066, 0.108783, 0), (0.672489, -0.740108, 0), (0.70291, 0.108783, 0.70291), (0.475521, -0.740108, 0.475521), (0, 0.108783, -0.994066), (0.475521, -0.740108, -0.475521), (0, -0.740108, -0.672489), (0.475521, -0.740108, -0.475521), (0, 0.108783, -0.994066), (0.70291, 0.108783, -0.70291), (-0.70291, 0.108783, -0.70291), (0, -0.740108, -0.672489), (-0.475521, -0.740108, -0.475521), (0, -0.740108, -0.672489), (-0.70291, 0.108783, -0.70291), (0, 0.108783, -0.994066), (-0.475521, -0.740108, -0.475521), (-0.994066, 0.108783, 0), (-0.70291, 0.108783, -0.70291), (-0.994066, 0.108783, 0), (-0.475521, -0.740108, -0.475521), (-0.672489, -0.740108, 0), (0, 0.108783, 0.994066), (-0.475521, -0.740108, 0.475521), (0, -0.740108, 0.672489), (-0.475521, -0.740108, 0.475521), (0, 0.108783, 0.994066), (-0.70291, 0.108783, 0.70291), (0.994066, 0.108783, 0), (0.475521, -0.740108, -0.475521), (0.70291, 0.108783, -0.70291), (0.475521, -0.740108, -0.475521), (0.994066, 0.108783, 0), (0.672489, -0.740108, 0), (-0.475521, -0.740108, 0.475521), (-0.994066, 0.108783, 0), (-0.672489, -0.740108, 0), (-0.994066, 0.108783, 0), (-0.475521, -0.740108, 0.475521), (-0.70291, 0.108783, 0.70291), (0.70291, 0.108783, 0.70291), (0, -0.740108, 0.672489), (0.475521, -0.740108, 0.475521), (0, -0.740108, 0.672489), (0.70291, 0.108783, 0.70291), (0, 0.108783, 0.994066), (0.605734, 0.51592, -0.605734), (0.994066, 0.108783, 0), (0.70291, 0.108783, -0.70291), (0.994066, 0.108783, 0), (0.605734, 0.51592, -0.605734), (0.856637, 0.51592, 0), (-0.994066, 0.108783, 0), (-0.605734, 0.51592, 0.605734), (-0.856637, 0.51592, 0), (-0.605734, 0.51592, 0.605734), (-0.994066, 0.108783, 0), (-0.70291, 0.108783, 0.70291), (0, 0.51592, 0.856637), (-0.70291, 0.108783, 0.70291), (0, 0.108783, 0.994066), (-0.70291, 0.108783, 0.70291), (0, 0.51592, 0.856637), (-0.605734, 0.51592, 0.605734), (-0.994066, 0.108783, 0), (-0.605734, 0.51592, -0.605734), (-0.70291, 0.108783, -0.70291), (-0.605734, 0.51592, -0.605734), (-0.994066, 0.108783, 0), (-0.856637, 0.51592, 0), (0, 0.51592, -0.856637), (0.70291, 0.108783, -0.70291), (0, 0.108783, -0.994066), (0.70291, 0.108783, -0.70291), (0, 0.51592, -0.856637), (0.605734, 0.51592, -0.605734), (-0.605734, 0.51592, -0.605734), (0, 0.108783, -0.994066), (-0.70291, 0.108783, -0.70291), (0, 0.108783, -0.994066), (-0.605734, 0.51592, -0.605734), (0, 0.51592, -0.856637), (0.605734, 0.51592, 0.605734), (0, 0.108783, 0.994066), (0.70291, 0.108783, 0.70291), (0, 0.108783, 0.994066), (0.605734, 0.51592, 0.605734), (0, 0.51592, 0.856637), (0.605734, 0.51592, 0.605734), (0.994066, 0.108783, 0), (0.856637, 0.51592, 0), (0.994066, 0.108783, 0), (0.605734, 0.51592, 0.605734), (0.70291, 0.108783, 0.70291), (0.668249, 0.326935, 0.668249), (0.950122, -0.311879, 0), (0.945047, 0.326935, 0), (0.950122, -0.311879, 0), (0.668249, 0.326935, 0.668249), (0.671837, -0.311879, 0.671837), (0.668249, 0.326935, 0.668249), (0, -0.311879, 0.950122), (0.671837, -0.311879, 0.671837), (0, -0.311879, 0.950122), (0.668249, 0.326935, 0.668249), (0, 0.326935, 0.945047), (0.945047, 0.326935, 0), (0.671837, -0.311879, -0.671837), (0.668249, 0.326935, -0.668249), (0.671837, -0.311879, -0.671837), (0.945047, 0.326935, 0), (0.950122, -0.311879, 0), (0.333586, 0.881726, 0.333586), (0, 0.326935, 0.945047), (0.668249, 0.326935, 0.668249), (0, 0.326935, 0.945047), (0.333586, 0.881726, 0.333586), (0, 0.881726, 0.471762), (-0.668249, 0.326935, -0.668249), (0, 0.881726, -0.471762), (0, 0.326935, -0.945047), (0, 0.881726, -0.471762), (-0.668249, 0.326935, -0.668249), (-0.333586, 0.881726, -0.333586), (0, 0.326935, -0.945047), (0.333586, 0.881726, -0.333586), (0.668249, 0.326935, -0.668249), (0.333586, 0.881726, -0.333586), (0, 0.326935, -0.945047), (0, 0.881726, -0.471762), (0.471762, 0.881726, 0), (0.668249, 0.326935, 0.668249), (0.945047, 0.326935, 0), (0.668249, 0.326935, 0.668249), (0.471762, 0.881726, 0), (0.333586, 0.881726, 0.333586), (-0.333586, 0.881726, 0.333586), (0, 0.326935, 0.945047), (0, 0.881726, 0.471762), (0, 0.326935, 0.945047), (-0.333586, 0.881726, 0.333586), (-0.668249, 0.326935, 0.668249), (-0.471762, 0.881726, 0), (-0.668249, 0.326935, 0.668249), (-0.333586, 0.881726, 0.333586), (-0.668249, 0.326935, 0.668249), (-0.471762, 0.881726, 0), (-0.945047, 0.326935, 0), (-0.668249, 0.326935, -0.668249), (-0.471762, 0.881726, 0), (-0.333586, 0.881726, -0.333586), (-0.471762, 0.881726, 0), (-0.668249, 0.326935, -0.668249), (-0.945047, 0.326935, 0), (0.668249, 0.326935, -0.668249), (0.471762, 0.881726, 0), (0.945047, 0.326935, 0), (0.471762, 0.881726, 0), (0.668249, 0.326935, -0.668249), (0.333586, 0.881726, -0.333586), (-0.668249, 0.326935, -0.668249), (0, -0.311879, -0.950122), (-0.671837, -0.311879, -0.671837), (0, -0.311879, -0.950122), (-0.668249, 0.326935, -0.668249), (0, 0.326935, -0.945047), (-0.671837, -0.311879, -0.671837), (-0.945047, 0.326935, 0), (-0.668249, 0.326935, -0.668249), (-0.945047, 0.326935, 0), (-0.671837, -0.311879, -0.671837), (-0.950122, -0.311879, 0), (0, 0.326935, 0.945047), (-0.671837, -0.311879, 0.671837), (0, -0.311879, 0.950122), (-0.671837, -0.311879, 0.671837), (0, 0.326935, 0.945047), (-0.668249, 0.326935, 0.668249), (-0.671837, -0.311879, 0.671837), (-0.945047, 0.326935, 0), (-0.950122, -0.311879, 0), (-0.945047, 0.326935, 0), (-0.671837, -0.311879, 0.671837), (-0.668249, 0.326935, 0.668249), (0, 0.326935, -0.945047), (0.671837, -0.311879, -0.671837), (0, -0.311879, -0.950122), (0.671837, -0.311879, -0.671837), (0, 0.326935, -0.945047), (0.668249, 0.326935, -0.668249), (-0.677952, 0.284186, -0.677952), (0, -0.350599, -0.936526), (-0.662224, -0.350599, -0.662224), (0, -0.350599, -0.936526), (-0.677952, 0.284186, -0.677952), (0, 0.284186, -0.958769), (-0.371867, 0.850547, 0.371867), (0, 0.284186, 0.958769), (0, 0.850547, 0.525899), (0, 0.284186, 0.958769), (-0.371867, 0.850547, 0.371867), (-0.677952, 0.284186, 0.677952), (-0.677952, 0.284186, -0.677952), (-0.525899, 0.850547, 0), (-0.371867, 0.850547, -0.371867), (-0.525899, 0.850547, 0), (-0.677952, 0.284186, -0.677952), (-0.958769, 0.284186, 0), (-0.677952, 0.284186, -0.677952), (0, 0.850547, -0.525899), (0, 0.284186, -0.958769), (0, 0.850547, -0.525899), (-0.677952, 0.284186, -0.677952), (-0.371867, 0.850547, -0.371867), (0.677952, 0.284186, -0.677952), (0.525899, 0.850547, 0), (0.958769, 0.284186, 0), (0.525899, 0.850547, 0), (0.677952, 0.284186, -0.677952), (0.371867, 0.850547, -0.371867), (0.371867, 0.850547, 0.371867), (0, 0.284186, 0.958769), (0.677952, 0.284186, 0.677952), (0, 0.284186, 0.958769), (0.371867, 0.850547, 0.371867), (0, 0.850547, 0.525899), (-0.525899, 0.850547, 0), (-0.677952, 0.284186, 0.677952), (-0.371867, 0.850547, 0.371867), (-0.677952, 0.284186, 0.677952), (-0.525899, 0.850547, 0), (-0.958769, 0.284186, 0), (0.525899, 0.850547, 0), (0.677952, 0.284186, 0.677952), (0.958769, 0.284186, 0), (0.677952, 0.284186, 0.677952), (0.525899, 0.850547, 0), (0.371867, 0.850547, 0.371867), (0, 0.284186, -0.958769), (0.371867, 0.850547, -0.371867), (0.677952, 0.284186, -0.677952), (0.371867, 0.850547, -0.371867), (0, 0.284186, -0.958769), (0, 0.850547, -0.525899), (0, 0.284186, -0.958769), (0.662224, -0.350599, -0.662224), (0, -0.350599, -0.936526), (0.662224, -0.350599, -0.662224), (0, 0.284186, -0.958769), (0.677952, 0.284186, -0.677952), (-0.936526, -0.350599, 0), (-0.677952, 0.284186, 0.677952), (-0.958769, 0.284186, 0), (-0.677952, 0.284186, 0.677952), (-0.936526, -0.350599, 0), (-0.662224, -0.350599, 0.662224), (0.677952, 0.284186, 0.677952), (0, -0.350599, 0.936526), (0.662224, -0.350599, 0.662224), (0, -0.350599, 0.936526), (0.677952, 0.284186, 0.677952), (0, 0.284186, 0.958769), (0.677952, 0.284186, 0.677952), (0.936526, -0.350599, 0), (0.958769, 0.284186, 0), (0.936526, -0.350599, 0), (0.677952, 0.284186, 0.677952), (0.662224, -0.350599, 0.662224), (0, 0.284186, 0.958769), (-0.662224, -0.350599, 0.662224), (0, -0.350599, 0.936526), (-0.662224, -0.350599, 0.662224), (0, 0.284186, 0.958769), (-0.677952, 0.284186, 0.677952), (0.958769, 0.284186, 0), (0.662224, -0.350599, -0.662224), (0.677952, 0.284186, -0.677952), (0.662224, -0.350599, -0.662224), (0.958769, 0.284186, 0), (0.936526, -0.350599, 0), (-0.662224, -0.350599, -0.662224), (-0.958769, 0.284186, 0), (-0.677952, 0.284186, -0.677952), (-0.958769, 0.284186, 0), (-0.662224, -0.350599, -0.662224), (-0.936526, -0.350599, 0), (-0.660811, -0.355891, -0.660811), (-0.959063, 0.283194, 0), (-0.67816, 0.283194, -0.67816), (-0.959063, 0.283194, 0), (-0.660811, -0.355891, -0.660811), (-0.934527, -0.355891, 0), (-0.67816, 0.283194, -0.67816), (0, -0.355891, -0.934527), (-0.660811, -0.355891, -0.660811), (0, -0.355891, -0.934527), (-0.67816, 0.283194, -0.67816), (0, 0.283194, -0.959063), (-0.934527, -0.355891, 0), (-0.67816, 0.283194, 0.67816), (-0.959063, 0.283194, 0), (-0.67816, 0.283194, 0.67816), (-0.934527, -0.355891, 0), (-0.660811, -0.355891, 0.660811), (0, 0.283194, 0.959063), (-0.660811, -0.355891, 0.660811), (0, -0.355891, 0.934527), (-0.660811, -0.355891, 0.660811), (0, 0.283194, 0.959063), (-0.67816, 0.283194, 0.67816), (0, 0.283194, -0.959063), (0.369617, 0.852506, -0.369617), (0.67816, 0.283194, -0.67816), (0.369617, 0.852506, -0.369617), (0, 0.283194, -0.959063), (0, 0.852506, -0.522718), (-0.67816, 0.283194, -0.67816), (-0.522718, 0.852506, 0), (-0.369617, 0.852506, -0.369617), (-0.522718, 0.852506, 0), (-0.67816, 0.283194, -0.67816), (-0.959063, 0.283194, 0), (0.67816, 0.283194, 0.67816), (0.934527, -0.355891, 0), (0.959063, 0.283194, 0), (0.934527, -0.355891, 0), (0.67816, 0.283194, 0.67816), (0.660811, -0.355891, 0.660811), (0.369617, 0.852506, 0.369617), (0, 0.283194, 0.959063), (0.67816, 0.283194, 0.67816), (0, 0.283194, 0.959063), (0.369617, 0.852506, 0.369617), (0, 0.852506, 0.522718), (0.67816, 0.283194, 0.67816), (0, -0.355891, 0.934527), (0.660811, -0.355891, 0.660811), (0, -0.355891, 0.934527), (0.67816, 0.283194, 0.67816), (0, 0.283194, 0.959063), (-0.522718, 0.852506, 0), (-0.67816, 0.283194, 0.67816), (-0.369617, 0.852506, 0.369617), (-0.67816, 0.283194, 0.67816), (-0.522718, 0.852506, 0), (-0.959063, 0.283194, 0), (-0.67816, 0.283194, -0.67816), (0, 0.852506, -0.522718), (0, 0.283194, -0.959063), (0, 0.852506, -0.522718), (-0.67816, 0.283194, -0.67816), (-0.369617, 0.852506, -0.369617), (-0.369617, 0.852506, 0.369617), (0, 0.283194, 0.959063), (0, 0.852506, 0.522718), (0, 0.283194, 0.959063), (-0.369617, 0.852506, 0.369617), (-0.67816, 0.283194, 0.67816), (0.522718, 0.852506, 0), (0.67816, 0.283194, 0.67816), (0.959063, 0.283194, 0), (0.67816, 0.283194, 0.67816), (0.522718, 0.852506, 0), (0.369617, 0.852506, 0.369617), (0.67816, 0.283194, -0.67816), (0.522718, 0.852506, 0), (0.959063, 0.283194, 0), (0.522718, 0.852506, 0), (0.67816, 0.283194, -0.67816), (0.369617, 0.852506, -0.369617), (0, 0.283194, -0.959063), (0.660811, -0.355891, -0.660811), (0, -0.355891, -0.934527), (0.660811, -0.355891, -0.660811), (0, 0.283194, -0.959063), (0.67816, 0.283194, -0.67816), (0.959063, 0.283194, 0), (0.660811, -0.355891, -0.660811), (0.67816, 0.283194, -0.67816), (0.660811, -0.355891, -0.660811), (0.959063, 0.283194, 0), (0.934527, -0.355891, 0), (0, 0.560229, 0.828338), (-0.585723, 0.560229, 0.585723), (0, 0.560229, 0.828338), (-0.585723, 0.560229, 0.585723), (0, 0.560229, 0.828338), (-0.585723, 0.560229, 0.585723), (0, -1, 0), (0, -1, 0), (0, -1, 0), (0, -1, 0), (0, -1, 0), (0, -1, 0), (0, -1, 0), (0, -1, 0), (0, -1, 0), (0, -1, 0), (0, -1, 0), (0, -1, 0), (0, -1, 0), (0, -1, 0), (0, -1, 0), (0, -1, 0), (0, -1, 0), (0, -1, 0), (0.828338, 0.560229, 0), (0.585723, 0.560229, 0.585723), (0.828338, 0.560229, 0), (0.585723, 0.560229, 0.585723), (0.828338, 0.560229, 0), (0.585723, 0.560229, 0.585723), (0.585723, 0.560229, 0.585723), (0, 0.560229, 0.828338), (0.585723, 0.560229, 0.585723), (0, 0.560229, 0.828338), (0.585723, 0.560229, 0.585723), (0, 0.560229, 0.828338), (0.585723, 0.560229, -0.585723), (0.828338, 0.560229, 0), (0.585723, 0.560229, -0.585723), (0.828338, 0.560229, 0), (0.585723, 0.560229, -0.585723), (0.828338, 0.560229, 0), (0, 0.20274, 0.979233), (-0.692422, 0.20274, 0.692422), (0, 0.20274, 0.979233), (-0.692422, 0.20274, 0.692422), (0, 0.20274, 0.979233), (-0.692422, 0.20274, 0.692422), (-0.979233, 0.20274, 0), (-0.692422, 0.20274, 0.692422), (-0.979233, 0.20274, 0), (-0.692422, 0.20274, 0.692422), (-0.979233, 0.20274, 0), (-0.692422, 0.20274, 0.692422), (0.692422, 0.20274, 0.692422), (0.979233, 0.20274, 0), (0.979233, 0.20274, 0), (0.979233, 0.20274, 0), (0.692422, 0.20274, 0.692422), (0.692422, 0.20274, 0.692422), (0, 0.20274, -0.979233), (0.692422, 0.20274, -0.692422), (0, 0.20274, -0.979233), (0.692422, 0.20274, -0.692422), (0, 0.20274, -0.979233), (0.692422, 0.20274, -0.692422), (-0.979233, 0.20274, 0), (-0.692422, 0.20274, -0.692422), (-0.692422, 0.20274, -0.692422), (-0.692422, 0.20274, -0.692422), (-0.979233, 0.20274, 0), (-0.979233, 0.20274, 0), (0.692422, 0.20274, 0.692422), (0, 0.20274, 0.979233), (0.692422, 0.20274, 0.692422), (0, 0.20274, 0.979233), (0.692422, 0.20274, 0.692422), (0, 0.20274, 0.979233), (0.692422, 0.20274, -0.692422), (0.979233, 0.20274, 0), (0.692422, 0.20274, -0.692422), (0.979233, 0.20274, 0), (0.692422, 0.20274, -0.692422), (0.979233, 0.20274, 0), (-0.692422, 0.20274, -0.692422), (0, 0.20274, -0.979233), (-0.692422, 0.20274, -0.692422), (0, 0.20274, -0.979233), (-0.692422, 0.20274, -0.692422), (0, 0.20274, -0.979233), (-0.585723, 0.560229, 0.585723), (-0.828338, 0.560229, 0), (-0.828338, 0.560229, 0), (-0.828338, 0.560229, 0), (-0.585723, 0.560229, 0.585723), (-0.585723, 0.560229, 0.585723), (-0.585723, 0.560229, -0.585723), (0, 0.560229, -0.828338), (-0.585723, 0.560229, -0.585723), (0, 0.560229, -0.828338), (-0.585723, 0.560229, -0.585723), (0, 0.560229, -0.828338), (-0.828338, 0.560229, 0), (-0.585723, 0.560229, -0.585723), (-0.585723, 0.560229, -0.585723), (-0.585723, 0.560229, -0.585723), (-0.828338, 0.560229, 0), (-0.828338, 0.560229, 0), (0, 0.560229, -0.828338), (0.585723, 0.560229, -0.585723), (0, 0.560229, -0.828338), (0.585723, 0.560229, -0.585723), (0, 0.560229, -0.828338), (0.585723, 0.560229, -0.585723), (0, -1, 0), (0, -1, 0), (0, -1, 0), (0, -1, 0), (0, -1, 0), (0, -1, 0), (0, -1, 0), (0, -1, 0), (0, -1, 0), (0, -1, 0), (0, -1, 0), (0, -1, 0), (0, -1, 0), (0, -1, 0), (0, -1, 0), (0, -1, 0), (0, -1, 0), (0, -1, 0), (0.999302, 0.0373437, 0), (0.598277, -0.533038, 0.598277), (0.846091, -0.533038, 0), (0.598277, -0.533038, 0.598277), (0.999302, 0.0373437, 0), (0.706614, 0.0373437, 0.706614), (-0.706614, 0.0373437, -0.706614), (0, -0.533038, -0.846091), (-0.598277, -0.533038, -0.598277), (0, -0.533038, -0.846091), (-0.706614, 0.0373437, -0.706614), (0, 0.0373437, -0.999302), (0.706614, 0.0373437, 0.706614), (0, -0.533038, 0.846091), (0.598277, -0.533038, 0.598277), (0, -0.533038, 0.846091), (0.706614, 0.0373437, 0.706614), (0, 0.0373437, 0.999302), (-0.598277, -0.533038, -0.598277), (-0.999302, 0.0373437, 0), (-0.706614, 0.0373437, -0.706614), (-0.999302, 0.0373437, 0), (-0.598277, -0.533038, -0.598277), (-0.846091, -0.533038, 0), (0, 0.0373437, 0.999302), (-0.598277, -0.533038, 0.598277), (0, -0.533038, 0.846091), (-0.598277, -0.533038, 0.598277), (0, 0.0373437, 0.999302), (-0.706614, 0.0373437, 0.706614), (0.999302, 0.0373437, 0), (0.598277, -0.533038, -0.598277), (0.706614, 0.0373437, -0.706614), (0.598277, -0.533038, -0.598277), (0.999302, 0.0373437, 0), (0.846091, -0.533038, 0), (0, 0.0373437, -0.999302), (0.598277, -0.533038, -0.598277), (0, -0.533038, -0.846091), (0.598277, -0.533038, -0.598277), (0, 0.0373437, -0.999302), (0.706614, 0.0373437, -0.706614), (-0.598277, -0.533038, 0.598277), (-0.999302, 0.0373437, 0), (-0.846091, -0.533038, 0), (-0.999302, 0.0373437, 0), (-0.598277, -0.533038, 0.598277), (-0.706614, 0.0373437, 0.706614), (0, 1, 0), (0, 1, 0), (0, 1, 0), (0, 1, 0), (0, 1, 0), (0, 1, 0), (0, 1, 0), (0, 1, 0), (0, 1, 0), (0, 1, 0), (0, 1, 0), (0, 1, 0), (0, 1, 0), (0, 1, 0), (0, 1, 0), (0, 1, 0), (0, 1, 0), (0, 1, 0), (-0.999302, 0.0373437, 0), (-0.63011, 0.453787, 0.63011), (-0.89111, 0.453787, 0), (-0.63011, 0.453787, 0.63011), (-0.999302, 0.0373437, 0), (-0.706614, 0.0373437, 0.706614), (-0.999302, 0.0373437, 0), (-0.63011, 0.453787, -0.63011), (-0.706614, 0.0373437, -0.706614), (-0.63011, 0.453787, -0.63011), (-0.999302, 0.0373437, 0), (-0.89111, 0.453787, 0), (0.63011, 0.453787, -0.63011), (0.999302, 0.0373437, 0), (0.706614, 0.0373437, -0.706614), (0.999302, 0.0373437, 0), (0.63011, 0.453787, -0.63011), (0.89111, 0.453787, 0), (-0.63011, 0.453787, -0.63011), (0, 0.0373437, -0.999302), (-0.706614, 0.0373437, -0.706614), (0, 0.0373437, -0.999302), (-0.63011, 0.453787, -0.63011), (0, 0.453787, -0.89111), (0.684983, 0.248184, 0.684983), (0, 0.453787, 0.89111), (0.63011, 0.453787, 0.63011), (0, 0.453787, 0.89111), (0.684983, 0.248184, 0.684983), (0, 0.248184, 0.968713), (0.684983, 0.248184, 0.684983), (0.89111, 0.453787, 0), (0.968713, 0.248184, 0), (0.89111, 0.453787, 0), (0.684983, 0.248184, 0.684983), (0.63011, 0.453787, 0.63011), (0.684983, 0.248184, -0.684983), (0.89111, 0.453787, 0), (0.63011, 0.453787, -0.63011), (0.89111, 0.453787, 0), (0.684983, 0.248184, -0.684983), (0.968713, 0.248184, 0), (0, 0.248184, -0.968713), (0.63011, 0.453787, -0.63011), (0, 0.453787, -0.89111), (0.63011, 0.453787, -0.63011), (0, 0.248184, -0.968713), (0.684983, 0.248184, -0.684983), (0, 0.248184, 0.968713), (-0.63011, 0.453787, 0.63011), (0, 0.453787, 0.89111), (-0.63011, 0.453787, 0.63011), (0, 0.248184, 0.968713), (-0.684983, 0.248184, 0.684983), (-0.89111, 0.453787, 0), (-0.684983, 0.248184, 0.684983), (-0.968713, 0.248184, 0), (-0.684983, 0.248184, 0.684983), (-0.89111, 0.453787, 0), (-0.63011, 0.453787, 0.63011), (-0.89111, 0.453787, 0), (-0.684983, 0.248184, -0.684983), (-0.63011, 0.453787, -0.63011), (-0.684983, 0.248184, -0.684983), (-0.89111, 0.453787, 0), (-0.968713, 0.248184, 0), (0.63011, 0.453787, 0.63011), (0.999302, 0.0373437, 0), (0.89111, 0.453787, 0), (0.999302, 0.0373437, 0), (0.63011, 0.453787, 0.63011), (0.706614, 0.0373437, 0.706614), (0.63011, 0.453787, 0.63011), (0, 0.0373437, 0.999302), (0.706614, 0.0373437, 0.706614), (0, 0.0373437, 0.999302), (0.63011, 0.453787, 0.63011), (0, 0.453787, 0.89111), (0, 0.453787, -0.89111), (0.706614, 0.0373437, -0.706614), (0, 0.0373437, -0.999302), (0.706614, 0.0373437, -0.706614), (0, 0.453787, -0.89111), (0.63011, 0.453787, -0.63011), (-0.684983, 0.248184, -0.684983), (0, 0.453787, -0.89111), (-0.63011, 0.453787, -0.63011), (0, 0.453787, -0.89111), (-0.684983, 0.248184, -0.684983), (0, 0.248184, -0.968713), (0, 0.453787, 0.89111), (-0.706614, 0.0373437, 0.706614), (0, 0.0373437, 0.999302), (-0.706614, 0.0373437, 0.706614), (0, 0.453787, 0.89111), (-0.63011, 0.453787, 0.63011), (0, -1, 0), (0, -1, 0), (0, -1, 0), (0, -1, 0), (0, -1, 0), (0, -1, 0), (0, -1, 0), (0, -1, 0), (0, -1, 0), (0, -1, 0), (0, -1, 0), (0, -1, 0), (0, -1, 0), (0, -1, 0), (0, -1, 0), (0, -1, 0), (0, -1, 0), (0, -1, 0), (0.999302, 0.0373437, 0), (0.598277, -0.533038, 0.598277), (0.846091, -0.533038, 0), (0.598277, -0.533038, 0.598277), (0.999302, 0.0373437, 0), (0.706614, 0.0373437, 0.706614), (-0.706614, 0.0373437, -0.706614), (0, -0.533038, -0.846091), (-0.598277, -0.533038, -0.598277), (0, -0.533038, -0.846091), (-0.706614, 0.0373437, -0.706614), (0, 0.0373437, -0.999302), (0.706614, 0.0373437, 0.706614), (0, -0.533038, 0.846091), (0.598277, -0.533038, 0.598277), (0, -0.533038, 0.846091), (0.706614, 0.0373437, 0.706614), (0, 0.0373437, 0.999302), (-0.598277, -0.533038, -0.598277), (-0.999302, 0.0373437, 0), (-0.706614, 0.0373437, -0.706614), (-0.999302, 0.0373437, 0), (-0.598277, -0.533038, -0.598277), (-0.846091, -0.533038, 0), (0, 0.0373437, 0.999302), (-0.598277, -0.533038, 0.598277), (0, -0.533038, 0.846091), (-0.598277, -0.533038, 0.598277), (0, 0.0373437, 0.999302), (-0.706614, 0.0373437, 0.706614), (0.999302, 0.0373437, 0), (0.598277, -0.533038, -0.598277), (0.706614, 0.0373437, -0.706614), (0.598277, -0.533038, -0.598277), (0.999302, 0.0373437, 0), (0.846091, -0.533038, 0), (0, 0.0373437, -0.999302), (0.598277, -0.533038, -0.598277), (0, -0.533038, -0.846091), (0.598277, -0.533038, -0.598277), (0, 0.0373437, -0.999302), (0.706614, 0.0373437, -0.706614), (-0.598277, -0.533038, 0.598277), (-0.999302, 0.0373437, 0), (-0.846091, -0.533038, 0), (-0.999302, 0.0373437, 0), (-0.598277, -0.533038, 0.598277), (-0.706614, 0.0373437, 0.706614), (-0.603711, 0.520639, -0.603711), (0, 0.0373437, -0.999302), (-0.706614, 0.0373437, -0.706614), (0, 0.0373437, -0.999302), (-0.603711, 0.520639, -0.603711), (0, 0.520639, -0.853777), (-0.999302, 0.0373437, 0), (-0.603711, 0.520639, -0.603711), (-0.706614, 0.0373437, -0.706614), (-0.603711, 0.520639, -0.603711), (-0.999302, 0.0373437, 0), (-0.853777, 0.520639, 0), (0.603711, 0.520639, 0.603711), (0, 0.0373437, 0.999302), (0.706614, 0.0373437, 0.706614), (0, 0.0373437, 0.999302), (0.603711, 0.520639, 0.603711), (0, 0.520639, 0.853777), (0, 0.520639, -0.853777), (0.706614, 0.0373437, -0.706614), (0, 0.0373437, -0.999302), (0.706614, 0.0373437, -0.706614), (0, 0.520639, -0.853777), (0.603711, 0.520639, -0.603711), (-0.706614, 0.0373437, 0.706614), (-0.853777, 0.520639, 0), (-0.999302, 0.0373437, 0), (-0.853777, 0.520639, 0), (-0.706614, 0.0373437, 0.706614), (-0.603711, 0.520639, 0.603711), (0.603711, 0.520639, -0.603711), (0.999302, 0.0373437, 0), (0.706614, 0.0373437, -0.706614), (0.999302, 0.0373437, 0), (0.603711, 0.520639, -0.603711), (0.853777, 0.520639, 0), (0, 0.520639, 0.853777), (-0.706614, 0.0373437, 0.706614), (0, 0.0373437, 0.999302), (-0.706614, 0.0373437, 0.706614), (0, 0.520639, 0.853777), (-0.603711, 0.520639, 0.603711), (0.603711, 0.520639, 0.603711), (0.999302, 0.0373437, 0), (0.853777, 0.520639, 0), (0.999302, 0.0373437, 0), (0.603711, 0.520639, 0.603711), (0.706614, 0.0373437, 0.706614), (0, 1, 0), (0, 1, 0), (0, 1, 0), (0, 1, 0), (0, 1, 0), (0, 1, 0), (0, 1, 0), (0, 1, 0), (0, 1, 0), (0, 1, 0), (0, 1, 0), (0, 1, 0), (0, 1, 0), (0, 1, 0), (0, 1, 0), (0, 1, 0), (0, 1, 0), (0, 1, 0), (-0.636587, 0.435333, -0.636587), (0, 0.520639, -0.853777), (-0.603711, 0.520639, -0.603711), (0, 0.520639, -0.853777), (-0.636587, 0.435333, -0.636587), (0, 0.435333, -0.90027), (0.636587, 0.435333, -0.636587), (0.853777, 0.520639, 0), (0.603711, 0.520639, -0.603711), (0.853777, 0.520639, 0), (0.636587, 0.435333, -0.636587), (0.90027, 0.435333, 0), (-0.603711, 0.520639, 0.603711), (-0.90027, 0.435333, 0), (-0.853777, 0.520639, 0), (-0.90027, 0.435333, 0), (-0.603711, 0.520639, 0.603711), (-0.636587, 0.435333, 0.636587), (0, 0.435333, -0.90027), (0.603711, 0.520639, -0.603711), (0, 0.520639, -0.853777), (0.603711, 0.520639, -0.603711), (0, 0.435333, -0.90027), (0.636587, 0.435333, -0.636587), (0, 0.435333, 0.90027), (-0.603711, 0.520639, 0.603711), (0, 0.520639, 0.853777), (-0.603711, 0.520639, 0.603711), (0, 0.435333, 0.90027), (-0.636587, 0.435333, 0.636587), (-0.853777, 0.520639, 0), (-0.636587, 0.435333, -0.636587), (-0.603711, 0.520639, -0.603711), (-0.636587, 0.435333, -0.636587), (-0.853777, 0.520639, 0), (-0.90027, 0.435333, 0), (0.90027, 0.435333, 0), (0.603711, 0.520639, 0.603711), (0.853777, 0.520639, 0), (0.603711, 0.520639, 0.603711), (0.90027, 0.435333, 0), (0.636587, 0.435333, 0.636587), (0.636587, 0.435333, 0.636587), (0, 0.520639, 0.853777), (0.603711, 0.520639, 0.603711), (0, 0.520639, 0.853777), (0.636587, 0.435333, 0.636587), (0, 0.435333, 0.90027), (-0.90027, 0.435333, 0), (-0.624263, 0.469671, 0.624263), (-0.882842, 0.469671, 0), (-0.624263, 0.469671, 0.624263), (-0.90027, 0.435333, 0), (-0.636587, 0.435333, 0.636587), (-0.624263, 0.469671, -0.624263), (0, 0.435333, -0.90027), (-0.636587, 0.435333, -0.636587), (0, 0.435333, -0.90027), (-0.624263, 0.469671, -0.624263), (0, 0.469671, -0.882842), (0.624263, 0.469671, 0.624263), (0, 0.435333, 0.90027), (0.636587, 0.435333, 0.636587), (0, 0.435333, 0.90027), (0.624263, 0.469671, 0.624263), (0, 0.469671, 0.882842), (0, 0.469671, 0.882842), (-0.636587, 0.435333, 0.636587), (0, 0.435333, 0.90027), (-0.636587, 0.435333, 0.636587), (0, 0.469671, 0.882842), (-0.624263, 0.469671, 0.624263), (0.624263, 0.469671, 0.624263), (0.90027, 0.435333, 0), (0.882842, 0.469671, 0), (0.90027, 0.435333, 0), (0.624263, 0.469671, 0.624263), (0.636587, 0.435333, 0.636587), (0, 0.469671, -0.882842), (0.636587, 0.435333, -0.636587), (0, 0.435333, -0.90027), (0.636587, 0.435333, -0.636587), (0, 0.469671, -0.882842), (0.624263, 0.469671, -0.624263), (-0.90027, 0.435333, 0), (-0.624263, 0.469671, -0.624263), (-0.636587, 0.435333, -0.636587), (-0.624263, 0.469671, -0.624263), (-0.90027, 0.435333, 0), (-0.882842, 0.469671, 0), (0.624263, 0.469671, -0.624263), (0.90027, 0.435333, 0), (0.636587, 0.435333, -0.636587), (0.90027, 0.435333, 0), (0.624263, 0.469671, -0.624263), (0.882842, 0.469671, 0), (0, -1, 0), (0, -1, 0), (0, -1, 0), (0, -1, 0), (0, -1, 0), (0, -1, 0), (0, -1, 0), (0, -1, 0), (0, -1, 0), (0, -1, 0), (0, -1, 0), (0, -1, 0), (0, -1, 0), (0, -1, 0), (0, -1, 0), (0, -1, 0), (0, -1, 0), (0, -1, 0), (0.999302, 0.0373437, 0), (0.598277, -0.533038, 0.598277), (0.846091, -0.533038, 0), (0.598277, -0.533038, 0.598277), (0.999302, 0.0373437, 0), (0.706614, 0.0373437, 0.706614), (-0.706614, 0.0373437, -0.706614), (0, -0.533038, -0.846091), (-0.598277, -0.533038, -0.598277), (0, -0.533038, -0.846091), (-0.706614, 0.0373437, -0.706614), (0, 0.0373437, -0.999302), (0.706614, 0.0373437, 0.706614), (0, -0.533038, 0.846091), (0.598277, -0.533038, 0.598277), (0, -0.533038, 0.846091), (0.706614, 0.0373437, 0.706614), (0, 0.0373437, 0.999302), (-0.598277, -0.533038, -0.598277), (-0.999302, 0.0373437, 0), (-0.706614, 0.0373437, -0.706614), (-0.999302, 0.0373437, 0), (-0.598277, -0.533038, -0.598277), (-0.846091, -0.533038, 0), (0, 0.0373437, 0.999302), (-0.598277, -0.533038, 0.598277), (0, -0.533038, 0.846091), (-0.598277, -0.533038, 0.598277), (0, 0.0373437, 0.999302), (-0.706614, 0.0373437, 0.706614), (0.999302, 0.0373437, 0), (0.598277, -0.533038, -0.598277), (0.706614, 0.0373437, -0.706614), (0.598277, -0.533038, -0.598277), (0.999302, 0.0373437, 0), (0.846091, -0.533038, 0), (0, 0.0373437, -0.999302), (0.598277, -0.533038, -0.598277), (0, -0.533038, -0.846091), (0.598277, -0.533038, -0.598277), (0, 0.0373437, -0.999302), (0.706614, 0.0373437, -0.706614), (-0.598277, -0.533038, 0.598277), (-0.999302, 0.0373437, 0), (-0.846091, -0.533038, 0), (-0.999302, 0.0373437, 0), (-0.598277, -0.533038, 0.598277), (-0.706614, 0.0373437, 0.706614), (0, 1, 0), (0, 1, 0), (0, 1, 0), (0, 1, 0), (0, 1, 0), (0, 1, 0), (0, 1, 0), (0, 1, 0), (0, 1, 0), (0, 1, 0), (0, 1, 0), (0, 1, 0), (0, 1, 0), (0, 1, 0), (0, 1, 0), (0, 1, 0), (0, 1, 0), (0, 1, 0), (-0.999302, 0.0373437, 0), (-0.63011, 0.453787, 0.63011), (-0.89111, 0.453787, 0), (-0.63011, 0.453787, 0.63011), (-0.999302, 0.0373437, 0), (-0.706614, 0.0373437, 0.706614), (-0.999302, 0.0373437, 0), (-0.63011, 0.453787, -0.63011), (-0.706614, 0.0373437, -0.706614), (-0.63011, 0.453787, -0.63011), (-0.999302, 0.0373437, 0), (-0.89111, 0.453787, 0), (0.63011, 0.453787, -0.63011), (0.999302, 0.0373437, 0), (0.706614, 0.0373437, -0.706614), (0.999302, 0.0373437, 0), (0.63011, 0.453787, -0.63011), (0.89111, 0.453787, 0), (-0.63011, 0.453787, -0.63011), (0, 0.0373437, -0.999302), (-0.706614, 0.0373437, -0.706614), (0, 0.0373437, -0.999302), (-0.63011, 0.453787, -0.63011), (0, 0.453787, -0.89111), (0.684983, 0.248184, 0.684983), (0, 0.453787, 0.89111), (0.63011, 0.453787, 0.63011), (0, 0.453787, 0.89111), (0.684983, 0.248184, 0.684983), (0, 0.248184, 0.968713), (0.684983, 0.248184, 0.684983), (0.89111, 0.453787, 0), (0.968713, 0.248184, 0), (0.89111, 0.453787, 0), (0.684983, 0.248184, 0.684983), (0.63011, 0.453787, 0.63011), (0.684983, 0.248184, -0.684983), (0.89111, 0.453787, 0), (0.63011, 0.453787, -0.63011), (0.89111, 0.453787, 0), (0.684983, 0.248184, -0.684983), (0.968713, 0.248184, 0), (0, 0.248184, -0.968713), (0.63011, 0.453787, -0.63011), (0, 0.453787, -0.89111), (0.63011, 0.453787, -0.63011), (0, 0.248184, -0.968713), (0.684983, 0.248184, -0.684983), (0, 0.248184, 0.968713), (-0.63011, 0.453787, 0.63011), (0, 0.453787, 0.89111), (-0.63011, 0.453787, 0.63011), (0, 0.248184, 0.968713), (-0.684983, 0.248184, 0.684983), (-0.89111, 0.453787, 0), (-0.684983, 0.248184, 0.684983), (-0.968713, 0.248184, 0), (-0.684983, 0.248184, 0.684983), (-0.89111, 0.453787, 0), (-0.63011, 0.453787, 0.63011), (-0.89111, 0.453787, 0), (-0.684983, 0.248184, -0.684983), (-0.63011, 0.453787, -0.63011), (-0.684983, 0.248184, -0.684983), (-0.89111, 0.453787, 0), (-0.968713, 0.248184, 0), (0.63011, 0.453787, 0.63011), (0.999302, 0.0373437, 0), (0.89111, 0.453787, 0), (0.999302, 0.0373437, 0), (0.63011, 0.453787, 0.63011), (0.706614, 0.0373437, 0.706614), (0.63011, 0.453787, 0.63011), (0, 0.0373437, 0.999302), (0.706614, 0.0373437, 0.706614), (0, 0.0373437, 0.999302), (0.63011, 0.453787, 0.63011), (0, 0.453787, 0.89111), (0, 0.453787, -0.89111), (0.706614, 0.0373437, -0.706614), (0, 0.0373437, -0.999302), (0.706614, 0.0373437, -0.706614), (0, 0.453787, -0.89111), (0.63011, 0.453787, -0.63011), (-0.684983, 0.248184, -0.684983), (0, 0.453787, -0.89111), (-0.63011, 0.453787, -0.63011), (0, 0.453787, -0.89111), (-0.684983, 0.248184, -0.684983), (0, 0.248184, -0.968713), (0, 0.453787, 0.89111), (-0.706614, 0.0373437, 0.706614), (0, 0.0373437, 0.999302), (-0.706614, 0.0373437, 0.706614), (0, 0.453787, 0.89111), (-0.63011, 0.453787, 0.63011), (-0.759686, 0.65029, 0), (-0.379843, 0.65029, 0.657907), (-0.373672, 0.902123, 0.215739), (-0.379843, 0.65029, 0.657907), (0.379843, 0.65029, 0.657907), (0, 0.902123, 0.431479), (0.373672, 0.902123, -0.215739), (0.759686, 0.65029, 0), (0.379843, 0.65029, -0.657907), (0.373672, 0.902123, 0.215739), (0.379843, 0.65029, 0.657907), (0.759686, 0.65029, 0), (-0.379843, 0.65029, -0.657907), (0, 0.902123, -0.431479), (0.379843, 0.65029, -0.657907), (-0.759686, 0.65029, 0), (-0.373672, 0.902123, -0.215739), (-0.379843, 0.65029, -0.657907), (0.373672, -0.902123, -0.215739), (0.379843, -0.65029, -0.657907), (0.759686, -0.65029, 0), (-0.379843, -0.65029, 0.657907), (0, -0.902123, 0.431479), (0.379843, -0.65029, 0.657907), (-0.759686, -0.65029, 0), (-0.373672, -0.902123, 0.215739), (-0.379843, -0.65029, 0.657907), (0.373672, -0.902123, 0.215739), (0.759686, -0.65029, 0), (0.379843, -0.65029, 0.657907), (-0.759686, -0.65029, 0), (-0.379843, -0.65029, -0.657907), (-0.373672, -0.902123, -0.215739), (-0.379843, -0.65029, -0.657907), (0.379843, -0.65029, -0.657907), (0, -0.902123, -0.431479), (-0.5, 0, 0.866025), (-0.759686, 0.65029, 0), (-1, 0, 0), (-0.759686, 0.65029, 0), (-0.5, 0, 0.866025), (-0.379843, 0.65029, 0.657907), (0.379843, 0.65029, 0.657907), (-0.5, 0, 0.866025), (0.5, 0, 0.866025), (-0.5, 0, 0.866025), (0.379843, 0.65029, 0.657907), (-0.379843, 0.65029, 0.657907), (0.379843, 0.65029, 0.657907), (1, 0, 0), (0.759686, 0.65029, 0), (1, 0, 0), (0.379843, 0.65029, 0.657907), (0.5, 0, 0.866025), (-0.379843, -0.65029, 0.657907), (-1, 0, 0), (-0.759686, -0.65029, 0), (-1, 0, 0), (-0.379843, -0.65029, 0.657907), (-0.5, 0, 0.866025), (0.5, 0, 0.866025), (-0.379843, -0.65029, 0.657907), (0.379843, -0.65029, 0.657907), (-0.379843, -0.65029, 0.657907), (0.5, 0, 0.866025), (-0.5, 0, 0.866025), (0.5, 0, 0.866025), (0.759686, -0.65029, 0), (1, 0, 0), (0.759686, -0.65029, 0), (0.5, 0, 0.866025), (0.379843, -0.65029, 0.657907), (1, 0, 0), (0.379843, -0.65029, -0.657907), (0.5, 0, -0.866025), (0.379843, -0.65029, -0.657907), (1, 0, 0), (0.759686, -0.65029, 0), (-0.379843, 0.65029, -0.657907), (0.5, 0, -0.866025), (-0.5, 0, -0.866025), (0.5, 0, -0.866025), (-0.379843, 0.65029, -0.657907), (0.379843, 0.65029, -0.657907), (-0.5, 0, -0.866025), (0.379843, -0.65029, -0.657907), (-0.379843, -0.65029, -0.657907), (0.379843, -0.65029, -0.657907), (-0.5, 0, -0.866025), (0.5, 0, -0.866025), (-1, 0, 0), (-0.379843, 0.65029, -0.657907), (-0.5, 0, -0.866025), (-0.379843, 0.65029, -0.657907), (-1, 0, 0), (-0.759686, 0.65029, 0), (0.379843, 0.65029, -0.657907), (1, 0, 0), (0.5, 0, -0.866025), (1, 0, 0), (0.379843, 0.65029, -0.657907), (0.759686, 0.65029, 0), (-0.379843, -0.65029, -0.657907), (-1, 0, 0), (-0.5, 0, -0.866025), (-1, 0, 0), (-0.379843, -0.65029, -0.657907), (-0.759686, -0.65029, 0), (-0.379843, -0.65029, -0.657907), (0.379843, -0.65029, -0.657907), (0, -0.902123, -0.431479), (-0.759686, -0.65029, 0), (-0.373672, -0.902123, 0.215739), (-0.379843, -0.65029, 0.657907), (0.373672, 0.902123, 0.215739), (0.379843, 0.65029, 0.657907), (0.759686, 0.65029, 0), (-0.379843, 0.65029, 0.657907), (0.379843, 0.65029, 0.657907), (0, 0.902123, 0.431479), (-0.379843, -0.65029, 0.657907), (0, -0.902123, 0.431479), (0.379843, -0.65029, 0.657907), (-0.379843, 0.65029, -0.657907), (0, 0.902123, -0.431479), (0.379843, 0.65029, -0.657907), (0.373672, -0.902123, -0.215739), (0.379843, -0.65029, -0.657907), (0.759686, -0.65029, 0), (-0.759686, -0.65029, 0), (-0.379843, -0.65029, -0.657907), (-0.373672, -0.902123, -0.215739), (-0.759686, 0.65029, 0), (-0.373672, 0.902123, -0.215739), (-0.379843, 0.65029, -0.657907), (0.373672, 0.902123, -0.215739), (0.759686, 0.65029, 0), (0.379843, 0.65029, -0.657907), (-0.759686, 0.65029, 0), (-0.379843, 0.65029, 0.657907), (-0.373672, 0.902123, 0.215739), (0.373672, -0.902123, 0.215739), (0.759686, -0.65029, 0), (0.379843, -0.65029, 0.657907), (1, 0, 0), (0.379843, -0.65029, -0.657907), (0.5, 0, -0.866025), (0.379843, -0.65029, -0.657907), (1, 0, 0), (0.759686, -0.65029, 0), (0.379843, 0.65029, 0.657907), (1, 0, 0), (0.759686, 0.65029, 0), (1, 0, 0), (0.379843, 0.65029, 0.657907), (0.5, 0, 0.866025), (-0.379843, 0.65029, -0.657907), (0.5, 0, -0.866025), (-0.5, 0, -0.866025), (0.5, 0, -0.866025), (-0.379843, 0.65029, -0.657907), (0.379843, 0.65029, -0.657907), (-0.5, 0, -0.866025), (0.379843, -0.65029, -0.657907), (-0.379843, -0.65029, -0.657907), (0.379843, -0.65029, -0.657907), (-0.5, 0, -0.866025), (0.5, 0, -0.866025), (-1, 0, 0), (-0.379843, 0.65029, -0.657907), (-0.5, 0, -0.866025), (-0.379843, 0.65029, -0.657907), (-1, 0, 0), (-0.759686, 0.65029, 0), (0.5, 0, 0.866025), (0.759686, -0.65029, 0), (1, 0, 0), (0.759686, -0.65029, 0), (0.5, 0, 0.866025), (0.379843, -0.65029, 0.657907), (0.379843, 0.65029, -0.657907), (1, 0, 0), (0.5, 0, -0.866025), (1, 0, 0), (0.379843, 0.65029, -0.657907), (0.759686, 0.65029, 0), (-0.379843, -0.65029, -0.657907), (-1, 0, 0), (-0.5, 0, -0.866025), (-1, 0, 0), (-0.379843, -0.65029, -0.657907), (-0.759686, -0.65029, 0), (0.379843, 0.65029, 0.657907), (-0.5, 0, 0.866025), (0.5, 0, 0.866025), (-0.5, 0, 0.866025), (0.379843, 0.65029, 0.657907), (-0.379843, 0.65029, 0.657907), (-0.5, 0, 0.866025), (-0.759686, 0.65029, 0), (-1, 0, 0), (-0.759686, 0.65029, 0), (-0.5, 0, 0.866025), (-0.379843, 0.65029, 0.657907), (0.5, 0, 0.866025), (-0.379843, -0.65029, 0.657907), (0.379843, -0.65029, 0.657907), (-0.379843, -0.65029, 0.657907), (0.5, 0, 0.866025), (-0.5, 0, 0.866025), (-0.379843, -0.65029, 0.657907), (-1, 0, 0), (-0.759686, -0.65029, 0), (-1, 0, 0), (-0.379843, -0.65029, 0.657907), (-0.5, 0, 0.866025), (-0.759686, -0.65029, 0), (-0.373672, -0.902123, 0.215739), (-0.379843, -0.65029, 0.657907), (-0.759686, 0.65029, 0), (-0.373672, 0.902123, -0.215739), (-0.379843, 0.65029, -0.657907), (-0.379843, -0.65029, -0.657907), (0.379843, -0.65029, -0.657907), (0, -0.902123, -0.431479), (-0.759686, -0.65029, 0), (-0.379843, -0.65029, -0.657907), (-0.373672, -0.902123, -0.215739), (0.373672, 0.902123, 0.215739), (0.379843, 0.65029, 0.657907), (0.759686, 0.65029, 0), (-0.379843, -0.65029, 0.657907), (0, -0.902123, 0.431479), (0.379843, -0.65029, 0.657907), (0.373672, -0.902123, 0.215739), (0.759686, -0.65029, 0), (0.379843, -0.65029, 0.657907), (0.373672, 0.902123, -0.215739), (0.759686, 0.65029, 0), (0.379843, 0.65029, -0.657907), (-0.759686, 0.65029, 0), (-0.379843, 0.65029, 0.657907), (-0.373672, 0.902123, 0.215739), (-0.379843, 0.65029, -0.657907), (0, 0.902123, -0.431479), (0.379843, 0.65029, -0.657907), (-0.379843, 0.65029, 0.657907), (0.379843, 0.65029, 0.657907), (0, 0.902123, 0.431479), (0.373672, -0.902123, -0.215739), (0.379843, -0.65029, -0.657907), (0.759686, -0.65029, 0), (-0.379843, -0.65029, 0.657907), (-1, 0, 0), (-0.759686, -0.65029, 0), (-1, 0, 0), (-0.379843, -0.65029, 0.657907), (-0.5, 0, 0.866025), (0.379843, 0.65029, 0.657907), (1, 0, 0), (0.759686, 0.65029, 0), (1, 0, 0), (0.379843, 0.65029, 0.657907), (0.5, 0, 0.866025), (-0.379843, 0.65029, -0.657907), (0.5, 0, -0.866025), (-0.5, 0, -0.866025), (0.5, 0, -0.866025), (-0.379843, 0.65029, -0.657907), (0.379843, 0.65029, -0.657907), (-0.5, 0, 0.866025), (-0.759686, 0.65029, 0), (-1, 0, 0), (-0.759686, 0.65029, 0), (-0.5, 0, 0.866025), (-0.379843, 0.65029, 0.657907), (0.379843, 0.65029, 0.657907), (-0.5, 0, 0.866025), (0.5, 0, 0.866025), (-0.5, 0, 0.866025), (0.379843, 0.65029, 0.657907), (-0.379843, 0.65029, 0.657907), (0.379843, 0.65029, -0.657907), (1, 0, 0), (0.5, 0, -0.866025), (1, 0, 0), (0.379843, 0.65029, -0.657907), (0.759686, 0.65029, 0), (-1, 0, 0), (-0.379843, 0.65029, -0.657907), (-0.5, 0, -0.866025), (-0.379843, 0.65029, -0.657907), (-1, 0, 0), (-0.759686, 0.65029, 0), (0.5, 0, 0.866025), (-0.379843, -0.65029, 0.657907), (0.379843, -0.65029, 0.657907), (-0.379843, -0.65029, 0.657907), (0.5, 0, 0.866025), (-0.5, 0, 0.866025), (0.5, 0, 0.866025), (0.759686, -0.65029, 0), (1, 0, 0), (0.759686, -0.65029, 0), (0.5, 0, 0.866025), (0.379843, -0.65029, 0.657907), (-0.5, 0, -0.866025), (0.379843, -0.65029, -0.657907), (-0.379843, -0.65029, -0.657907), (0.379843, -0.65029, -0.657907), (-0.5, 0, -0.866025), (0.5, 0, -0.866025), (1, 0, 0), (0.379843, -0.65029, -0.657907), (0.5, 0, -0.866025), (0.379843, -0.65029, -0.657907), (1, 0, 0), (0.759686, -0.65029, 0), (-0.379843, -0.65029, -0.657907), (-1, 0, 0), (-0.5, 0, -0.866025), (-1, 0, 0), (-0.379843, -0.65029, -0.657907), (-0.759686, -0.65029, 0), (0.58778, -0.809021, 0), (0.964577, -0.263801, 0), (0.964577, -0.263801, 0), (0.964577, -0.263801, 0), (0.58778, -0.809021, 0), (0.58778, -0.809021, 0), (-0.9049, -0.425625, 0), (-0.951054, 0.309026, 0), (-0.951054, 0.309026, 0), (-0.951054, 0.309026, 0), (-0.9049, -0.425625, 0), (-0.9049, -0.425625, 0), (0, 0, 1), (0, 0, 1), (0, 0, 1), (0, 0, 1), (0, 0, 1), (0, 0, 1), (0, 0, 1), (0, 0, 1), (0, 0, 1), (0, 0, 1), (0, 0, 1), (0, 0, 1), (0, 0, 1), (0, 0, 1), (0, 0, 1), (0, 0, 1), (0, 0, 1), (0, 0, 1), (0, 0, 1), (0, 0, 1), (0, 0, 1), (0, 0, 1), (0, 0, 1), (0, 0, 1), (0, 0, 1), (0, 0, 1), (0, 0, 1), (0, 0, 1), (0, 0, 1), (0, 0, 1), (0, 0, 1), (0, 0, 1), (0, 0, 1), (0, 0, 1), (0, 0, 1), (0, 0, 1), (0, 0, 1), (0, 0, 1), (0, 0, 1), (0, 0, 1), (0, 0, 1), (0, 0, 1), (0.548958, 0.83585, 0), (0.964577, -0.263801, 0), (0.548958, 0.83585, 0), (0.964577, -0.263801, 0), (0.548958, 0.83585, 0), (0.964577, -0.263801, 0), (-0.729085, 0.684423, 0), (0, 1, 0), (0, 1, 0), (0, 1, 0), (-0.729085, 0.684423, 0), (-0.729085, 0.684423, 0), (0, 0, -1), (0, 0, -1), (0, 0, -1), (0, 0, -1), (0, 0, -1), (0, 0, -1), (0, 0, -1), (0, 0, -1), (0, 0, -1), (0, 0, -1), (0, 0, -1), (0, 0, -1), (0, 0, -1), (0, 0, -1), (0, 0, -1), (0, 0, -1), (0, 0, -1), (0, 0, -1), (0, 0, -1), (0, 0, -1), (0, 0, -1), (0, 0, -1), (0, 0, -1), (0, 0, -1), (0, 0, -1), (0, 0, -1), (0, 0, -1), (0, 0, -1), (0, 0, -1), (0, 0, -1), (0, 0, -1), (0, 0, -1), (0, 0, -1), (0, 0, -1), (0, 0, -1), (0, 0, -1), (0, 0, -1), (0, 0, -1), (0, 0, -1), (0, 0, -1), (0, 0, -1), (0, 0, -1), (0, 1, 0), (0.729085, 0.684423, 0), (0.729085, 0.684423, 0), (0.729085, 0.684423, 0), (0, 1, 0), (0, 1, 0), (-0.548958, 0.83585, 0), (0, 1, 0), (0, 1, 0), (0, 1, 0), (-0.548958, 0.83585, 0), (-0.548958, 0.83585, 0), (-0.964577, -0.263801, 0), (-0.548958, 0.83585, 0), (-0.964577, -0.263801, 0), (-0.548958, 0.83585, 0), (-0.964577, -0.263801, 0), (-0.548958, 0.83585, 0), (-0.125166, -0.992136, 0), (0.9049, -0.425625, 0), (0.9049, -0.425625, 0), (0.9049, -0.425625, 0), (-0.125166, -0.992136, 0), (-0.125166, -0.992136, 0), (0, 1, 0), (0.548958, 0.83585, 0), (0.548958, 0.83585, 0), (0.548958, 0.83585, 0), (0, 1, 0), (0, 1, 0), (0.729085, 0.684423, 0), (0.951059, 0.309009, 0), (0.729085, 0.684423, 0), (0.951059, 0.309009, 0), (0.729085, 0.684423, 0), (0.951059, 0.309009, 0), (-0.951059, 0.309009, 0), (-0.729085, 0.684423, 0), (-0.729085, 0.684423, 0), (-0.729085, 0.684423, 0), (-0.951059, 0.309009, 0), (-0.951059, 0.309009, 0), (-0.9049, -0.425625, 0), (0.125166, -0.992136, 0), (0.125166, -0.992136, 0), (0.125166, -0.992136, 0), (-0.9049, -0.425625, 0), (-0.9049, -0.425625, 0), (0.125166, -0.992136, 0), (0.58778, -0.809021, 0), (0.58778, -0.809021, 0), (0.58778, -0.809021, 0), (0.125166, -0.992136, 0), (0.125166, -0.992136, 0), (-0.58778, -0.809021, 0), (-0.125166, -0.992136, 0), (-0.125166, -0.992136, 0), (-0.125166, -0.992136, 0), (-0.58778, -0.809021, 0), (-0.58778, -0.809021, 0), (0.951054, 0.309026, 0), (0.9049, -0.425625, 0), (0.951054, 0.309026, 0), (0.9049, -0.425625, 0), (0.951054, 0.309026, 0), (0.9049, -0.425625, 0), (-0.964577, -0.263801, 0), (-0.58778, -0.809021, 0), (-0.58778, -0.809021, 0), (-0.58778, -0.809021, 0), (-0.964577, -0.263801, 0), (-0.964577, -0.263801, 0), (0, -1, 0), (0, -1, 0), (0, -1, 0), (0, -1, 0), (0, -1, 0), (0, -1, 0), (0, -1, 0), (0, -1, 0), (0, -1, 0), (0, -1, 0), (0, -1, 0), (0, -1, 0), (0, -1, 0), (0, -1, 0), (0, -1, 0), (0, -1, 0), (0, -1, 0), (0, -1, 0), (0, 1, 0), (0, 1, 0), (0, 1, 0), (0, 1, 0), (0, 1, 0), (0, 1, 0), (0, 1, 0), (0, 1, 0), (0, 1, 0), (0, 1, 0), (0, 1, 0), (0, 1, 0), (0, 1, 0), (0, 1, 0), (0, 1, 0), (0, 1, 0), (0, 1, 0), (0, 1, 0), (0, 0.257972, -0.966152), (-0.683173, 0.257972, -0.683173), (0, 0.257972, -0.966152), (-0.683173, 0.257972, -0.683173), (0, 0.257972, -0.966152), (-0.683173, 0.257972, -0.683173), (-0.683173, 0.257972, -0.683173), (-0.966152, 0.257972, 0), (-0.683173, 0.257972, -0.683173), (-0.966152, 0.257972, 0), (-0.683173, 0.257972, -0.683173), (-0.966152, 0.257972, 0), (0.683173, 0.257972, -0.683173), (0.966152, 0.257972, 0), (0.966152, 0.257972, 0), (0.966152, 0.257972, 0), (0.683173, 0.257972, -0.683173), (0.683173, 0.257972, -0.683173), (0.966152, 0.257972, 0), (0.683173, 0.257972, 0.683173), (0.966152, 0.257972, 0), (0.683173, 0.257972, 0.683173), (0.966152, 0.257972, 0), (0.683173, 0.257972, 0.683173), (-0.966152, 0.257972, 0), (-0.683173, 0.257972, 0.683173), (-0.683173, 0.257972, 0.683173), (-0.683173, 0.257972, 0.683173), (-0.966152, 0.257972, 0), (-0.966152, 0.257972, 0), (0, 0.257972, -0.966152), (0.683173, 0.257972, -0.683173), (0.683173, 0.257972, -0.683173), (0.683173, 0.257972, -0.683173), (0, 0.257972, -0.966152), (0, 0.257972, -0.966152), (-0.683173, 0.257972, 0.683173), (0, 0.257972, 0.966152), (0, 0.257972, 0.966152), (0, 0.257972, 0.966152), (-0.683173, 0.257972, 0.683173), (-0.683173, 0.257972, 0.683173), (0.683173, 0.257972, 0.683173), (0, 0.257972, 0.966152), (0.683173, 0.257972, 0.683173), (0, 0.257972, 0.966152), (0.683173, 0.257972, 0.683173), (0, 0.257972, 0.966152), (-0.759686, -0.65029, 0), (-0.379843, -0.65029, -0.657907), (-0.373672, -0.902123, -0.215739), (-0.759686, -0.65029, 0), (-0.373672, -0.902123, 0.215739), (-0.379843, -0.65029, 0.657907), (-0.379843, -0.65029, 0.657907), (0, -0.902123, 0.431479), (0.379843, -0.65029, 0.657907), (-0.379843, 0.65029, -0.657907), (0, 0.902123, -0.431479), (0.379843, 0.65029, -0.657907), (0.373672, -0.902123, -0.215739), (0.379843, -0.65029, -0.657907), (0.759686, -0.65029, 0), (-0.379843, -0.65029, -0.657907), (0.379843, -0.65029, -0.657907), (0, -0.902123, -0.431479), (-0.759686, 0.65029, 0), (-0.379843, 0.65029, 0.657907), (-0.373672, 0.902123, 0.215739), (-0.759686, 0.65029, 0), (-0.373672, 0.902123, -0.215739), (-0.379843, 0.65029, -0.657907), (-0.379843, 0.65029, 0.657907), (0.379843, 0.65029, 0.657907), (0, 0.902123, 0.431479), (0.373672, 0.902123, -0.215739), (0.759686, 0.65029, 0), (0.379843, 0.65029, -0.657907), (0.373672, -0.902123, 0.215739), (0.759686, -0.65029, 0), (0.379843, -0.65029, 0.657907), (0.373672, 0.902123, 0.215739), (0.379843, 0.65029, 0.657907), (0.759686, 0.65029, 0), (1, 0, 0), (0.379843, -0.65029, -0.657907), (0.5, 0, -0.866025), (0.379843, -0.65029, -0.657907), (1, 0, 0), (0.759686, -0.65029, 0), (-0.379843, -0.65029, -0.657907), (-1, 0, 0), (-0.5, 0, -0.866025), (-1, 0, 0), (-0.379843, -0.65029, -0.657907), (-0.759686, -0.65029, 0), (0.379843, 0.65029, 0.657907), (-0.5, 0, 0.866025), (0.5, 0, 0.866025), (-0.5, 0, 0.866025), (0.379843, 0.65029, 0.657907), (-0.379843, 0.65029, 0.657907), (-0.5, 0, -0.866025), (0.379843, -0.65029, -0.657907), (-0.379843, -0.65029, -0.657907), (0.379843, -0.65029, -0.657907), (-0.5, 0, -0.866025), (0.5, 0, -0.866025), (-0.5, 0, 0.866025), (-0.759686, 0.65029, 0), (-1, 0, 0), (-0.759686, 0.65029, 0), (-0.5, 0, 0.866025), (-0.379843, 0.65029, 0.657907), (0.5, 0, 0.866025), (0.759686, -0.65029, 0), (1, 0, 0), (0.759686, -0.65029, 0), (0.5, 0, 0.866025), (0.379843, -0.65029, 0.657907), (0.379843, 0.65029, -0.657907), (1, 0, 0), (0.5, 0, -0.866025), (1, 0, 0), (0.379843, 0.65029, -0.657907), (0.759686, 0.65029, 0), (-0.379843, 0.65029, -0.657907), (0.5, 0, -0.866025), (-0.5, 0, -0.866025), (0.5, 0, -0.866025), (-0.379843, 0.65029, -0.657907), (0.379843, 0.65029, -0.657907), (-1, 0, 0), (-0.379843, 0.65029, -0.657907), (-0.5, 0, -0.866025), (-0.379843, 0.65029, -0.657907), (-1, 0, 0), (-0.759686, 0.65029, 0), (-0.379843, -0.65029, 0.657907), (-1, 0, 0), (-0.759686, -0.65029, 0), (-1, 0, 0), (-0.379843, -0.65029, 0.657907), (-0.5, 0, 0.866025), (0.379843, 0.65029, 0.657907), (1, 0, 0), (0.759686, 0.65029, 0), (1, 0, 0), (0.379843, 0.65029, 0.657907), (0.5, 0, 0.866025), (0.5, 0, 0.866025), (-0.379843, -0.65029, 0.657907), (0.379843, -0.65029, 0.657907), (-0.379843, -0.65029, 0.657907), (0.5, 0, 0.866025), (-0.5, 0, 0.866025), (-0.379843, 0.65029, -0.657907), (0, 0.902123, -0.431479), (0.379843, 0.65029, -0.657907), (-0.759686, 0.65029, 0), (-0.373672, 0.902123, -0.215739), (-0.379843, 0.65029, -0.657907), (-0.759686, -0.65029, 0), (-0.373672, -0.902123, 0.215739), (-0.379843, -0.65029, 0.657907), (0.373672, -0.902123, -0.215739), (0.379843, -0.65029, -0.657907), (0.759686, -0.65029, 0), (0.373672, -0.902123, 0.215739), (0.759686, -0.65029, 0), (0.379843, -0.65029, 0.657907), (-0.379843, -0.65029, 0.657907), (0, -0.902123, 0.431479), (0.379843, -0.65029, 0.657907), (-0.379843, -0.65029, -0.657907), (0.379843, -0.65029, -0.657907), (0, -0.902123, -0.431479), (-0.759686, -0.65029, 0), (-0.379843, -0.65029, -0.657907), (-0.373672, -0.902123, -0.215739), (-0.759686, 0.65029, 0), (-0.379843, 0.65029, 0.657907), (-0.373672, 0.902123, 0.215739), (-0.379843, 0.65029, 0.657907), (0.379843, 0.65029, 0.657907), (0, 0.902123, 0.431479), (0.373672, 0.902123, 0.215739), (0.379843, 0.65029, 0.657907), (0.759686, 0.65029, 0), (0.373672, 0.902123, -0.215739), (0.759686, 0.65029, 0), (0.379843, 0.65029, -0.657907), (0.379843, 0.65029, 0.657907), (-0.5, 0, 0.866025), (0.5, 0, 0.866025), (-0.5, 0, 0.866025), (0.379843, 0.65029, 0.657907), (-0.379843, 0.65029, 0.657907), (0.379843, 0.65029, -0.657907), (1, 0, 0), (0.5, 0, -0.866025), (1, 0, 0), (0.379843, 0.65029, -0.657907), (0.759686, 0.65029, 0), (0.379843, 0.65029, 0.657907), (1, 0, 0), (0.759686, 0.65029, 0), (1, 0, 0), (0.379843, 0.65029, 0.657907), (0.5, 0, 0.866025), (-0.379843, 0.65029, -0.657907), (0.5, 0, -0.866025), (-0.5, 0, -0.866025), (0.5, 0, -0.866025), (-0.379843, 0.65029, -0.657907), (0.379843, 0.65029, -0.657907), (-0.5, 0, 0.866025), (-0.759686, 0.65029, 0), (-1, 0, 0), (-0.759686, 0.65029, 0), (-0.5, 0, 0.866025), (-0.379843, 0.65029, 0.657907), (-1, 0, 0), (-0.379843, 0.65029, -0.657907), (-0.5, 0, -0.866025), (-0.379843, 0.65029, -0.657907), (-1, 0, 0), (-0.759686, 0.65029, 0), (0.5, 0, 0.866025), (-0.379843, -0.65029, 0.657907), (0.379843, -0.65029, 0.657907), (-0.379843, -0.65029, 0.657907), (0.5, 0, 0.866025), (-0.5, 0, 0.866025), (-0.5, 0, -0.866025), (0.379843, -0.65029, -0.657907), (-0.379843, -0.65029, -0.657907), (0.379843, -0.65029, -0.657907), (-0.5, 0, -0.866025), (0.5, 0, -0.866025), (0.5, 0, 0.866025), (0.759686, -0.65029, 0), (1, 0, 0), (0.759686, -0.65029, 0), (0.5, 0, 0.866025), (0.379843, -0.65029, 0.657907), (-0.379843, -0.65029, 0.657907), (-1, 0, 0), (-0.759686, -0.65029, 0), (-1, 0, 0), (-0.379843, -0.65029, 0.657907), (-0.5, 0, 0.866025), (1, 0, 0), (0.379843, -0.65029, -0.657907), (0.5, 0, -0.866025), (0.379843, -0.65029, -0.657907), (1, 0, 0), (0.759686, -0.65029, 0), (-0.379843, -0.65029, -0.657907), (-1, 0, 0), (-0.5, 0, -0.866025), (-1, 0, 0), (-0.379843, -0.65029, -0.657907), (-0.759686, -0.65029, 0), (-0.379843, 0.65029, -0.657907), (0, 0.902123, -0.431479), (0.379843, 0.65029, -0.657907), (-0.759686, 0.65029, 0), (-0.373672, 0.902123, -0.215739), (-0.379843, 0.65029, -0.657907), (-0.759686, -0.65029, 0), (-0.373672, -0.902123, 0.215739), (-0.379843, -0.65029, 0.657907), (0.373672, -0.902123, -0.215739), (0.379843, -0.65029, -0.657907), (0.759686, -0.65029, 0), (0.373672, -0.902123, 0.215739), (0.759686, -0.65029, 0), (0.379843, -0.65029, 0.657907), (-0.379843, -0.65029, 0.657907), (0, -0.902123, 0.431479), (0.379843, -0.65029, 0.657907), (-0.379843, -0.65029, -0.657907), (0.379843, -0.65029, -0.657907), (0, -0.902123, -0.431479), (-0.759686, -0.65029, 0), (-0.379843, -0.65029, -0.657907), (-0.373672, -0.902123, -0.215739), (-0.759686, 0.65029, 0), (-0.379843, 0.65029, 0.657907), (-0.373672, 0.902123, 0.215739), (-0.379843, 0.65029, 0.657907), (0.379843, 0.65029, 0.657907), (0, 0.902123, 0.431479), (0.373672, 0.902123, 0.215739), (0.379843, 0.65029, 0.657907), (0.759686, 0.65029, 0), (0.373672, 0.902123, -0.215739), (0.759686, 0.65029, 0), (0.379843, 0.65029, -0.657907), (0.379843, 0.65029, 0.657907), (-0.5, 0, 0.866025), (0.5, 0, 0.866025), (-0.5, 0, 0.866025), (0.379843, 0.65029, 0.657907), (-0.379843, 0.65029, 0.657907), (0.379843, 0.65029, -0.657907), (1, 0, 0), (0.5, 0, -0.866025), (1, 0, 0), (0.379843, 0.65029, -0.657907), (0.759686, 0.65029, 0), (0.379843, 0.65029, 0.657907), (1, 0, 0), (0.759686, 0.65029, 0), (1, 0, 0), (0.379843, 0.65029, 0.657907), (0.5, 0, 0.866025), (-0.379843, 0.65029, -0.657907), (0.5, 0, -0.866025), (-0.5, 0, -0.866025), (0.5, 0, -0.866025), (-0.379843, 0.65029, -0.657907), (0.379843, 0.65029, -0.657907), (-0.5, 0, 0.866025), (-0.759686, 0.65029, 0), (-1, 0, 0), (-0.759686, 0.65029, 0), (-0.5, 0, 0.866025), (-0.379843, 0.65029, 0.657907), (-1, 0, 0), (-0.379843, 0.65029, -0.657907), (-0.5, 0, -0.866025), (-0.379843, 0.65029, -0.657907), (-1, 0, 0), (-0.759686, 0.65029, 0), (0.5, 0, 0.866025), (-0.379843, -0.65029, 0.657907), (0.379843, -0.65029, 0.657907), (-0.379843, -0.65029, 0.657907), (0.5, 0, 0.866025), (-0.5, 0, 0.866025), (-0.5, 0, -0.866025), (0.379843, -0.65029, -0.657907), (-0.379843, -0.65029, -0.657907), (0.379843, -0.65029, -0.657907), (-0.5, 0, -0.866025), (0.5, 0, -0.866025), (0.5, 0, 0.866025), (0.759686, -0.65029, 0), (1, 0, 0), (0.759686, -0.65029, 0), (0.5, 0, 0.866025), (0.379843, -0.65029, 0.657907), (-0.379843, -0.65029, 0.657907), (-1, 0, 0), (-0.759686, -0.65029, 0), (-1, 0, 0), (-0.379843, -0.65029, 0.657907), (-0.5, 0, 0.866025), (1, 0, 0), (0.379843, -0.65029, -0.657907), (0.5, 0, -0.866025), (0.379843, -0.65029, -0.657907), (1, 0, 0), (0.759686, -0.65029, 0), (-0.379843, -0.65029, -0.657907), (-1, 0, 0), (-0.5, 0, -0.866025), (-1, 0, 0), (-0.379843, -0.65029, -0.657907), (-0.759686, -0.65029, 0), (-0.582611, 0.447369, -0.678547), (0.0728147, 0.271748, -0.95961), (0.0728147, 0.271748, -0.95961), (0.0728147, 0.271748, -0.95961), (-0.582611, 0.447369, -0.678547), (-0.582611, 0.447369, -0.678547), (-0.582611, 0.447369, 0.678547), (-0.854097, 0.520114, 0), (-0.854097, 0.520114, 0), (-0.854097, 0.520114, 0), (-0.582611, 0.447369, 0.678547), (-0.582611, 0.447369, 0.678547), (0.72824, 0.0961275, 0.678547), (0.0728147, 0.271748, 0.95961), (0.0728147, 0.271748, 0.95961), (0.0728147, 0.271748, 0.95961), (0.72824, 0.0961275, 0.678547), (0.72824, 0.0961275, 0.678547), (0.72824, 0.0961275, -0.678547), (0.999727, 0.023383, 0), (0.72824, 0.0961275, -0.678547), (0.999727, 0.023383, 0), (0.72824, 0.0961275, -0.678547), (0.999727, 0.023383, 0), (0.72824, 0.0961275, 0.678547), (0.999727, 0.023383, 0), (0.999727, 0.023383, 0), (0.999727, 0.023383, 0), (0.72824, 0.0961275, 0.678547), (0.72824, 0.0961275, 0.678547), (-0.854097, 0.520114, 0), (-0.582611, 0.447369, -0.678547), (-0.582611, 0.447369, -0.678547), (-0.582611, 0.447369, -0.678547), (-0.854097, 0.520114, 0), (-0.854097, 0.520114, 0), (0.0728147, 0.271748, 0.95961), (-0.582611, 0.447369, 0.678547), (0.0728147, 0.271748, 0.95961), (-0.582611, 0.447369, 0.678547), (0.0728147, 0.271748, 0.95961), (-0.582611, 0.447369, 0.678547), (0.0728147, 0.271748, -0.95961), (0.72824, 0.0961275, -0.678547), (0.0728147, 0.271748, -0.95961), (0.72824, 0.0961275, -0.678547), (0.0728147, 0.271748, -0.95961), (0.72824, 0.0961275, -0.678547), (-0.705176, 0.252435, -0.662573), (-0.0492135, 0.345792, -0.93702), (-0.0492135, 0.345792, -0.93702), (-0.0492135, 0.345792, -0.93702), (-0.705176, 0.252435, -0.662573), (-0.705176, 0.252435, -0.662573), (-0.705176, 0.252435, 0.662573), (-0.976885, 0.213765, 0), (-0.976885, 0.213765, 0), (-0.976885, 0.213765, 0), (-0.705176, 0.252435, 0.662573), (-0.705176, 0.252435, 0.662573), (0.60675, 0.439149, 0.662573), (-0.0492135, 0.345792, 0.93702), (0.60675, 0.439149, 0.662573), (-0.0492135, 0.345792, 0.93702), (0.60675, 0.439149, 0.662573), (-0.0492135, 0.345792, 0.93702), (0.60675, 0.439149, -0.662573), (0.878458, 0.477819, 0), (0.60675, 0.439149, -0.662573), (0.878458, 0.477819, 0), (0.60675, 0.439149, -0.662573), (0.878458, 0.477819, 0), (0.60675, 0.439149, 0.662573), (0.878458, 0.477819, 0), (0.878458, 0.477819, 0), (0.878458, 0.477819, 0), (0.60675, 0.439149, 0.662573), (0.60675, 0.439149, 0.662573), (-0.976885, 0.213765, 0), (-0.705176, 0.252435, -0.662573), (-0.705176, 0.252435, -0.662573), (-0.705176, 0.252435, -0.662573), (-0.976885, 0.213765, 0), (-0.976885, 0.213765, 0), (-0.0492135, 0.345792, 0.93702), (-0.705176, 0.252435, 0.662573), (-0.0492135, 0.345792, 0.93702), (-0.705176, 0.252435, 0.662573), (-0.0492135, 0.345792, 0.93702), (-0.705176, 0.252435, 0.662573), (-0.0492135, 0.345792, -0.93702), (0.60675, 0.439149, -0.662573), (0.60675, 0.439149, -0.662573), (0.60675, 0.439149, -0.662573), (-0.0492135, 0.345792, -0.93702), (-0.0492135, 0.345792, -0.93702), (-0.726231, 0.066787, -0.684199), (-0.065345, 0.243871, -0.967604), (-0.726231, 0.066787, -0.684199), (-0.065345, 0.243871, -0.967604), (-0.726231, 0.066787, -0.684199), (-0.065345, 0.243871, -0.967604), (-0.726231, 0.066787, 0.684199), (-0.999978, -0.00656356, 0), (-0.999978, -0.00656356, 0), (-0.999978, -0.00656356, 0), (-0.726231, 0.066787, 0.684199), (-0.726231, 0.066787, 0.684199), (0.595541, 0.420955, 0.684199), (-0.065345, 0.243871, 0.967604), (0.595541, 0.420955, 0.684199), (-0.065345, 0.243871, 0.967604), (0.595541, 0.420955, 0.684199), (-0.065345, 0.243871, 0.967604), (0.595541, 0.420955, -0.684199), (0.869288, 0.494305, 0), (0.595541, 0.420955, -0.684199), (0.869288, 0.494305, 0), (0.595541, 0.420955, -0.684199), (0.869288, 0.494305, 0), (0.595541, 0.420955, 0.684199), (0.869288, 0.494305, 0), (0.869288, 0.494305, 0), (0.869288, 0.494305, 0), (0.595541, 0.420955, 0.684199), (0.595541, 0.420955, 0.684199), (-0.999978, -0.00656356, 0), (-0.726231, 0.066787, -0.684199), (-0.726231, 0.066787, -0.684199), (-0.726231, 0.066787, -0.684199), (-0.999978, -0.00656356, 0), (-0.999978, -0.00656356, 0), (-0.065345, 0.243871, 0.967604), (-0.726231, 0.066787, 0.684199), (-0.065345, 0.243871, 0.967604), (-0.726231, 0.066787, 0.684199), (-0.065345, 0.243871, 0.967604), (-0.726231, 0.066787, 0.684199), (-0.065345, 0.243871, -0.967604), (0.595541, 0.420955, -0.684199), (-0.065345, 0.243871, -0.967604), (0.595541, 0.420955, -0.684199), (-0.065345, 0.243871, -0.967604), (0.595541, 0.420955, -0.684199), (-0.379843, 0.65029, -0.657907), (0, 0.902123, -0.431479), (0.379843, 0.65029, -0.657907), (-0.759686, 0.65029, 0), (-0.373672, 0.902123, -0.215739), (-0.379843, 0.65029, -0.657907), (-0.759686, -0.65029, 0), (-0.373672, -0.902123, 0.215739), (-0.379843, -0.65029, 0.657907), (0.373672, -0.902123, -0.215739), (0.379843, -0.65029, -0.657907), (0.759686, -0.65029, 0), (0.373672, -0.902123, 0.215739), (0.759686, -0.65029, 0), (0.379843, -0.65029, 0.657907), (-0.379843, -0.65029, 0.657907), (0, -0.902123, 0.431479), (0.379843, -0.65029, 0.657907), (-0.379843, -0.65029, -0.657907), (0.379843, -0.65029, -0.657907), (0, -0.902123, -0.431479), (-0.759686, -0.65029, 0), (-0.379843, -0.65029, -0.657907), (-0.373672, -0.902123, -0.215739), (-0.759686, 0.65029, 0), (-0.379843, 0.65029, 0.657907), (-0.373672, 0.902123, 0.215739), (-0.379843, 0.65029, 0.657907), (0.379843, 0.65029, 0.657907), (0, 0.902123, 0.431479), (0.373672, 0.902123, 0.215739), (0.379843, 0.65029, 0.657907), (0.759686, 0.65029, 0), (0.373672, 0.902123, -0.215739), (0.759686, 0.65029, 0), (0.379843, 0.65029, -0.657907), (0.379843, 0.65029, 0.657907), (-0.5, 0, 0.866025), (0.5, 0, 0.866025), (-0.5, 0, 0.866025), (0.379843, 0.65029, 0.657907), (-0.379843, 0.65029, 0.657907), (0.379843, 0.65029, -0.657907), (1, 0, 0), (0.5, 0, -0.866025), (1, 0, 0), (0.379843, 0.65029, -0.657907), (0.759686, 0.65029, 0), (0.379843, 0.65029, 0.657907), (1, 0, 0), (0.759686, 0.65029, 0), (1, 0, 0), (0.379843, 0.65029, 0.657907), (0.5, 0, 0.866025), (-0.379843, 0.65029, -0.657907), (0.5, 0, -0.866025), (-0.5, 0, -0.866025), (0.5, 0, -0.866025), (-0.379843, 0.65029, -0.657907), (0.379843, 0.65029, -0.657907), (-0.5, 0, 0.866025), (-0.759686, 0.65029, 0), (-1, 0, 0), (-0.759686, 0.65029, 0), (-0.5, 0, 0.866025), (-0.379843, 0.65029, 0.657907), (-1, 0, 0), (-0.379843, 0.65029, -0.657907), (-0.5, 0, -0.866025), (-0.379843, 0.65029, -0.657907), (-1, 0, 0), (-0.759686, 0.65029, 0), (0.5, 0, 0.866025), (-0.379843, -0.65029, 0.657907), (0.379843, -0.65029, 0.657907), (-0.379843, -0.65029, 0.657907), (0.5, 0, 0.866025), (-0.5, 0, 0.866025), (-0.5, 0, -0.866025), (0.379843, -0.65029, -0.657907), (-0.379843, -0.65029, -0.657907), (0.379843, -0.65029, -0.657907), (-0.5, 0, -0.866025), (0.5, 0, -0.866025), (0.5, 0, 0.866025), (0.759686, -0.65029, 0), (1, 0, 0), (0.759686, -0.65029, 0), (0.5, 0, 0.866025), (0.379843, -0.65029, 0.657907), (-0.379843, -0.65029, 0.657907), (-1, 0, 0), (-0.759686, -0.65029, 0), (-1, 0, 0), (-0.379843, -0.65029, 0.657907), (-0.5, 0, 0.866025), (1, 0, 0), (0.379843, -0.65029, -0.657907), (0.5, 0, -0.866025), (0.379843, -0.65029, -0.657907), (1, 0, 0), (0.759686, -0.65029, 0), (-0.379843, -0.65029, -0.657907), (-1, 0, 0), (-0.5, 0, -0.866025), (-1, 0, 0), (-0.379843, -0.65029, -0.657907), (-0.759686, -0.65029, 0), (-0.0728147, -0.271748, 0.95961), (-0.0728147, -0.271748, 0.95961), (0.582611, -0.447369, 0.678547), (0.582611, -0.447369, 0.678547), (0.582611, -0.447369, 0.678547), (-0.0728147, -0.271748, 0.95961), (0.854097, -0.520114, 0), (0.854097, -0.520114, 0), (0.582611, -0.447369, -0.678547), (0.582611, -0.447369, -0.678547), (0.582611, -0.447369, -0.678547), (0.854097, -0.520114, 0), (-0.0728147, -0.271748, -0.95961), (-0.0728147, -0.271748, -0.95961), (-0.72824, -0.0961275, -0.678547), (-0.72824, -0.0961275, -0.678547), (-0.72824, -0.0961275, -0.678547), (-0.0728147, -0.271748, -0.95961), (-0.72824, -0.0961275, 0.678547), (-0.999727, -0.023383, 0), (-0.72824, -0.0961275, 0.678547), (-0.999727, -0.023383, 0), (-0.72824, -0.0961275, 0.678547), (-0.999727, -0.023383, 0), (-0.999727, -0.023383, 0), (-0.999727, -0.023383, 0), (-0.72824, -0.0961275, -0.678547), (-0.72824, -0.0961275, -0.678547), (-0.72824, -0.0961275, -0.678547), (-0.999727, -0.023383, 0), (0.582611, -0.447369, 0.678547), (0.582611, -0.447369, 0.678547), (0.854097, -0.520114, 0), (0.854097, -0.520114, 0), (0.854097, -0.520114, 0), (0.582611, -0.447369, 0.678547), (-0.0728147, -0.271748, -0.95961), (0.582611, -0.447369, -0.678547), (-0.0728147, -0.271748, -0.95961), (0.582611, -0.447369, -0.678547), (-0.0728147, -0.271748, -0.95961), (0.582611, -0.447369, -0.678547), (-0.0728147, -0.271748, 0.95961), (-0.72824, -0.0961275, 0.678547), (-0.0728147, -0.271748, 0.95961), (-0.72824, -0.0961275, 0.678547), (-0.0728147, -0.271748, 0.95961), (-0.72824, -0.0961275, 0.678547), (0.0492135, -0.345792, 0.93702), (0.0492135, -0.345792, 0.93702), (0.705176, -0.252435, 0.662573), (0.705176, -0.252435, 0.662573), (0.705176, -0.252435, 0.662573), (0.0492135, -0.345792, 0.93702), (0.976885, -0.213765, 0), (0.976885, -0.213765, 0), (0.705176, -0.252435, -0.662573), (0.705176, -0.252435, -0.662573), (0.705176, -0.252435, -0.662573), (0.976885, -0.213765, 0), (-0.60675, -0.439149, -0.662573), (0.0492135, -0.345792, -0.93702), (-0.60675, -0.439149, -0.662573), (0.0492135, -0.345792, -0.93702), (-0.60675, -0.439149, -0.662573), (0.0492135, -0.345792, -0.93702), (-0.60675, -0.439149, 0.662573), (-0.878458, -0.477819, 0), (-0.60675, -0.439149, 0.662573), (-0.878458, -0.477819, 0), (-0.60675, -0.439149, 0.662573), (-0.878458, -0.477819, 0), (-0.878458, -0.477819, 0), (-0.878458, -0.477819, 0), (-0.60675, -0.439149, -0.662573), (-0.60675, -0.439149, -0.662573), (-0.60675, -0.439149, -0.662573), (-0.878458, -0.477819, 0), (0.705176, -0.252435, 0.662573), (0.705176, -0.252435, 0.662573), (0.976885, -0.213765, 0), (0.976885, -0.213765, 0), (0.976885, -0.213765, 0), (0.705176, -0.252435, 0.662573), (0.0492135, -0.345792, -0.93702), (0.705176, -0.252435, -0.662573), (0.0492135, -0.345792, -0.93702), (0.705176, -0.252435, -0.662573), (0.0492135, -0.345792, -0.93702), (0.705176, -0.252435, -0.662573), (-0.60675, -0.439149, 0.662573), (-0.60675, -0.439149, 0.662573), (0.0492135, -0.345792, 0.93702), (0.0492135, -0.345792, 0.93702), (0.0492135, -0.345792, 0.93702), (-0.60675, -0.439149, 0.662573), (0.726231, -0.066787, 0.684199), (0.065345, -0.243871, 0.967604), (0.726231, -0.066787, 0.684199), (0.065345, -0.243871, 0.967604), (0.726231, -0.066787, 0.684199), (0.065345, -0.243871, 0.967604), (0.999978, 0.00656356, 0), (0.999978, 0.00656356, 0), (0.726231, -0.066787, -0.684199), (0.726231, -0.066787, -0.684199), (0.726231, -0.066787, -0.684199), (0.999978, 0.00656356, 0), (-0.595541, -0.420955, -0.684199), (0.065345, -0.243871, -0.967604), (-0.595541, -0.420955, -0.684199), (0.065345, -0.243871, -0.967604), (-0.595541, -0.420955, -0.684199), (0.065345, -0.243871, -0.967604), (-0.595541, -0.420955, 0.684199), (-0.869288, -0.494305, 0), (-0.595541, -0.420955, 0.684199), (-0.869288, -0.494305, 0), (-0.595541, -0.420955, 0.684199), (-0.869288, -0.494305, 0), (-0.869288, -0.494305, 0), (-0.869288, -0.494305, 0), (-0.595541, -0.420955, -0.684199), (-0.595541, -0.420955, -0.684199), (-0.595541, -0.420955, -0.684199), (-0.869288, -0.494305, 0), (0.726231, -0.066787, 0.684199), (0.726231, -0.066787, 0.684199), (0.999978, 0.00656356, 0), (0.999978, 0.00656356, 0), (0.999978, 0.00656356, 0), (0.726231, -0.066787, 0.684199), (0.065345, -0.243871, -0.967604), (0.726231, -0.066787, -0.684199), (0.065345, -0.243871, -0.967604), (0.726231, -0.066787, -0.684199), (0.065345, -0.243871, -0.967604), (0.726231, -0.066787, -0.684199), (0.065345, -0.243871, 0.967604), (-0.595541, -0.420955, 0.684199), (0.065345, -0.243871, 0.967604), (-0.595541, -0.420955, 0.684199), (0.065345, -0.243871, 0.967604), (-0.595541, -0.420955, 0.684199), (0, 1, 0), (0, 1, 0), (0, 1, 0), (0, 1, 0), (0, 1, 0), (0, 1, 0), (0, 1, 0), (0, 1, 0), (0, 1, 0), (0, 1, 0), (0, 1, 0), (0, 1, 0), (0, 1, 0), (0, 1, 0), (0, 1, 0), (0, 1, 0), (0, 1, 0), (0, 1, 0), (0.475521, -0.740108, 0.475521), (0.475521, -0.740108, -0.475521), (0.672489, -0.740108, 0), (0.475521, -0.740108, -0.475521), (0.475521, -0.740108, 0.475521), (0, -0.740108, 0.672489), (0.475521, -0.740108, -0.475521), (0, -0.740108, 0.672489), (0, -0.740108, -0.672489), (0, -0.740108, -0.672489), (0, -0.740108, 0.672489), (-0.475521, -0.740108, 0.475521), (0, -0.740108, -0.672489), (-0.475521, -0.740108, 0.475521), (-0.475521, -0.740108, -0.475521), (-0.475521, -0.740108, -0.475521), (-0.475521, -0.740108, 0.475521), (-0.672489, -0.740108, 0), (0.70291, 0.108783, 0.70291), (0.672489, -0.740108, 0), (0.994066, 0.108783, 0), (0.672489, -0.740108, 0), (0.70291, 0.108783, 0.70291), (0.475521, -0.740108, 0.475521), (0, 0.108783, -0.994066), (0.475521, -0.740108, -0.475521), (0, -0.740108, -0.672489), (0.475521, -0.740108, -0.475521), (0, 0.108783, -0.994066), (0.70291, 0.108783, -0.70291), (-0.70291, 0.108783, -0.70291), (0, -0.740108, -0.672489), (-0.475521, -0.740108, -0.475521), (0, -0.740108, -0.672489), (-0.70291, 0.108783, -0.70291), (0, 0.108783, -0.994066), (-0.475521, -0.740108, -0.475521), (-0.994066, 0.108783, 0), (-0.70291, 0.108783, -0.70291), (-0.994066, 0.108783, 0), (-0.475521, -0.740108, -0.475521), (-0.672489, -0.740108, 0), (0, 0.108783, 0.994066), (-0.475521, -0.740108, 0.475521), (0, -0.740108, 0.672489), (-0.475521, -0.740108, 0.475521), (0, 0.108783, 0.994066), (-0.70291, 0.108783, 0.70291), (0.994066, 0.108783, 0), (0.475521, -0.740108, -0.475521), (0.70291, 0.108783, -0.70291), (0.475521, -0.740108, -0.475521), (0.994066, 0.108783, 0), (0.672489, -0.740108, 0), (-0.475521, -0.740108, 0.475521), (-0.994066, 0.108783, 0), (-0.672489, -0.740108, 0), (-0.994066, 0.108783, 0), (-0.475521, -0.740108, 0.475521), (-0.70291, 0.108783, 0.70291), (0.70291, 0.108783, 0.70291), (0, -0.740108, 0.672489), (0.475521, -0.740108, 0.475521), (0, -0.740108, 0.672489), (0.70291, 0.108783, 0.70291), (0, 0.108783, 0.994066), (0.605734, 0.51592, -0.605734), (0.994066, 0.108783, 0), (0.70291, 0.108783, -0.70291), (0.994066, 0.108783, 0), (0.605734, 0.51592, -0.605734), (0.856637, 0.51592, 0), (-0.994066, 0.108783, 0), (-0.605734, 0.51592, 0.605734), (-0.856637, 0.51592, 0), (-0.605734, 0.51592, 0.605734), (-0.994066, 0.108783, 0), (-0.70291, 0.108783, 0.70291), (0, 0.51592, 0.856637), (-0.70291, 0.108783, 0.70291), (0, 0.108783, 0.994066), (-0.70291, 0.108783, 0.70291), (0, 0.51592, 0.856637), (-0.605734, 0.51592, 0.605734), (-0.994066, 0.108783, 0), (-0.605734, 0.51592, -0.605734), (-0.70291, 0.108783, -0.70291), (-0.605734, 0.51592, -0.605734), (-0.994066, 0.108783, 0), (-0.856637, 0.51592, 0), (0, 0.51592, -0.856637), (0.70291, 0.108783, -0.70291), (0, 0.108783, -0.994066), (0.70291, 0.108783, -0.70291), (0, 0.51592, -0.856637), (0.605734, 0.51592, -0.605734), (-0.605734, 0.51592, -0.605734), (0, 0.108783, -0.994066), (-0.70291, 0.108783, -0.70291), (0, 0.108783, -0.994066), (-0.605734, 0.51592, -0.605734), (0, 0.51592, -0.856637), (0.605734, 0.51592, 0.605734), (0, 0.108783, 0.994066), (0.70291, 0.108783, 0.70291), (0, 0.108783, 0.994066), (0.605734, 0.51592, 0.605734), (0, 0.51592, 0.856637), (0.605734, 0.51592, 0.605734), (0.994066, 0.108783, 0), (0.856637, 0.51592, 0), (0.994066, 0.108783, 0), (0.605734, 0.51592, 0.605734), (0.70291, 0.108783, 0.70291), (0.668249, 0.326935, 0.668249), (0.950122, -0.311879, 0), (0.945047, 0.326935, 0), (0.950122, -0.311879, 0), (0.668249, 0.326935, 0.668249), (0.671837, -0.311879, 0.671837), (0.668249, 0.326935, 0.668249), (0, -0.311879, 0.950122), (0.671837, -0.311879, 0.671837), (0, -0.311879, 0.950122), (0.668249, 0.326935, 0.668249), (0, 0.326935, 0.945047), (0.945047, 0.326935, 0), (0.671837, -0.311879, -0.671837), (0.668249, 0.326935, -0.668249), (0.671837, -0.311879, -0.671837), (0.945047, 0.326935, 0), (0.950122, -0.311879, 0), (0.333586, 0.881726, 0.333586), (0, 0.326935, 0.945047), (0.668249, 0.326935, 0.668249), (0, 0.326935, 0.945047), (0.333586, 0.881726, 0.333586), (0, 0.881726, 0.471762), (-0.668249, 0.326935, -0.668249), (0, 0.881726, -0.471762), (0, 0.326935, -0.945047), (0, 0.881726, -0.471762), (-0.668249, 0.326935, -0.668249), (-0.333586, 0.881726, -0.333586), (0, 0.326935, -0.945047), (0.333586, 0.881726, -0.333586), (0.668249, 0.326935, -0.668249), (0.333586, 0.881726, -0.333586), (0, 0.326935, -0.945047), (0, 0.881726, -0.471762), (0.471762, 0.881726, 0), (0.668249, 0.326935, 0.668249), (0.945047, 0.326935, 0), (0.668249, 0.326935, 0.668249), (0.471762, 0.881726, 0), (0.333586, 0.881726, 0.333586), (-0.333586, 0.881726, 0.333586), (0, 0.326935, 0.945047), (0, 0.881726, 0.471762), (0, 0.326935, 0.945047), (-0.333586, 0.881726, 0.333586), (-0.668249, 0.326935, 0.668249), (-0.471762, 0.881726, 0), (-0.668249, 0.326935, 0.668249), (-0.333586, 0.881726, 0.333586), (-0.668249, 0.326935, 0.668249), (-0.471762, 0.881726, 0), (-0.945047, 0.326935, 0), (-0.668249, 0.326935, -0.668249), (-0.471762, 0.881726, 0), (-0.333586, 0.881726, -0.333586), (-0.471762, 0.881726, 0), (-0.668249, 0.326935, -0.668249), (-0.945047, 0.326935, 0), (0.668249, 0.326935, -0.668249), (0.471762, 0.881726, 0), (0.945047, 0.326935, 0), (0.471762, 0.881726, 0), (0.668249, 0.326935, -0.668249), (0.333586, 0.881726, -0.333586), (-0.668249, 0.326935, -0.668249), (0, -0.311879, -0.950122), (-0.671837, -0.311879, -0.671837), (0, -0.311879, -0.950122), (-0.668249, 0.326935, -0.668249), (0, 0.326935, -0.945047), (-0.671837, -0.311879, -0.671837), (-0.945047, 0.326935, 0), (-0.668249, 0.326935, -0.668249), (-0.945047, 0.326935, 0), (-0.671837, -0.311879, -0.671837), (-0.950122, -0.311879, 0), (0, 0.326935, 0.945047), (-0.671837, -0.311879, 0.671837), (0, -0.311879, 0.950122), (-0.671837, -0.311879, 0.671837), (0, 0.326935, 0.945047), (-0.668249, 0.326935, 0.668249), (-0.671837, -0.311879, 0.671837), (-0.945047, 0.326935, 0), (-0.950122, -0.311879, 0), (-0.945047, 0.326935, 0), (-0.671837, -0.311879, 0.671837), (-0.668249, 0.326935, 0.668249), (0, 0.326935, -0.945047), (0.671837, -0.311879, -0.671837), (0, -0.311879, -0.950122), (0.671837, -0.311879, -0.671837), (0, 0.326935, -0.945047), (0.668249, 0.326935, -0.668249), (-0.677952, 0.284186, -0.677952), (0, -0.350599, -0.936526), (-0.662224, -0.350599, -0.662224), (0, -0.350599, -0.936526), (-0.677952, 0.284186, -0.677952), (0, 0.284186, -0.958769), (-0.371867, 0.850547, 0.371867), (0, 0.284186, 0.958769), (0, 0.850547, 0.525899), (0, 0.284186, 0.958769), (-0.371867, 0.850547, 0.371867), (-0.677952, 0.284186, 0.677952), (-0.677952, 0.284186, -0.677952), (-0.525899, 0.850547, 0), (-0.371867, 0.850547, -0.371867), (-0.525899, 0.850547, 0), (-0.677952, 0.284186, -0.677952), (-0.958769, 0.284186, 0), (-0.677952, 0.284186, -0.677952), (0, 0.850547, -0.525899), (0, 0.284186, -0.958769), (0, 0.850547, -0.525899), (-0.677952, 0.284186, -0.677952), (-0.371867, 0.850547, -0.371867), (0.677952, 0.284186, -0.677952), (0.525899, 0.850547, 0), (0.958769, 0.284186, 0), (0.525899, 0.850547, 0), (0.677952, 0.284186, -0.677952), (0.371867, 0.850547, -0.371867), (0.371867, 0.850547, 0.371867), (0, 0.284186, 0.958769), (0.677952, 0.284186, 0.677952), (0, 0.284186, 0.958769), (0.371867, 0.850547, 0.371867), (0, 0.850547, 0.525899), (-0.525899, 0.850547, 0), (-0.677952, 0.284186, 0.677952), (-0.371867, 0.850547, 0.371867), (-0.677952, 0.284186, 0.677952), (-0.525899, 0.850547, 0), (-0.958769, 0.284186, 0), (0.525899, 0.850547, 0), (0.677952, 0.284186, 0.677952), (0.958769, 0.284186, 0), (0.677952, 0.284186, 0.677952), (0.525899, 0.850547, 0), (0.371867, 0.850547, 0.371867), (0, 0.284186, -0.958769), (0.371867, 0.850547, -0.371867), (0.677952, 0.284186, -0.677952), (0.371867, 0.850547, -0.371867), (0, 0.284186, -0.958769), (0, 0.850547, -0.525899), (0, 0.284186, -0.958769), (0.662224, -0.350599, -0.662224), (0, -0.350599, -0.936526), (0.662224, -0.350599, -0.662224), (0, 0.284186, -0.958769), (0.677952, 0.284186, -0.677952), (-0.936526, -0.350599, 0), (-0.677952, 0.284186, 0.677952), (-0.958769, 0.284186, 0), (-0.677952, 0.284186, 0.677952), (-0.936526, -0.350599, 0), (-0.662224, -0.350599, 0.662224), (0.677952, 0.284186, 0.677952), (0, -0.350599, 0.936526), (0.662224, -0.350599, 0.662224), (0, -0.350599, 0.936526), (0.677952, 0.284186, 0.677952), (0, 0.284186, 0.958769), (0.677952, 0.284186, 0.677952), (0.936526, -0.350599, 0), (0.958769, 0.284186, 0), (0.936526, -0.350599, 0), (0.677952, 0.284186, 0.677952), (0.662224, -0.350599, 0.662224), (0, 0.284186, 0.958769), (-0.662224, -0.350599, 0.662224), (0, -0.350599, 0.936526), (-0.662224, -0.350599, 0.662224), (0, 0.284186, 0.958769), (-0.677952, 0.284186, 0.677952), (0.958769, 0.284186, 0), (0.662224, -0.350599, -0.662224), (0.677952, 0.284186, -0.677952), (0.662224, -0.350599, -0.662224), (0.958769, 0.284186, 0), (0.936526, -0.350599, 0), (-0.662224, -0.350599, -0.662224), (-0.958769, 0.284186, 0), (-0.677952, 0.284186, -0.677952), (-0.958769, 0.284186, 0), (-0.662224, -0.350599, -0.662224), (-0.936526, -0.350599, 0), (-0.660811, -0.355891, -0.660811), (-0.959063, 0.283194, 0), (-0.67816, 0.283194, -0.67816), (-0.959063, 0.283194, 0), (-0.660811, -0.355891, -0.660811), (-0.934527, -0.355891, 0), (-0.67816, 0.283194, -0.67816), (0, -0.355891, -0.934527), (-0.660811, -0.355891, -0.660811), (0, -0.355891, -0.934527), (-0.67816, 0.283194, -0.67816), (0, 0.283194, -0.959063), (-0.934527, -0.355891, 0), (-0.67816, 0.283194, 0.67816), (-0.959063, 0.283194, 0), (-0.67816, 0.283194, 0.67816), (-0.934527, -0.355891, 0), (-0.660811, -0.355891, 0.660811), (0, 0.283194, 0.959063), (-0.660811, -0.355891, 0.660811), (0, -0.355891, 0.934527), (-0.660811, -0.355891, 0.660811), (0, 0.283194, 0.959063), (-0.67816, 0.283194, 0.67816), (0, 0.283194, -0.959063), (0.369617, 0.852506, -0.369617), (0.67816, 0.283194, -0.67816), (0.369617, 0.852506, -0.369617), (0, 0.283194, -0.959063), (0, 0.852506, -0.522718), (-0.67816, 0.283194, -0.67816), (-0.522718, 0.852506, 0), (-0.369617, 0.852506, -0.369617), (-0.522718, 0.852506, 0), (-0.67816, 0.283194, -0.67816), (-0.959063, 0.283194, 0), (0.67816, 0.283194, 0.67816), (0.934527, -0.355891, 0), (0.959063, 0.283194, 0), (0.934527, -0.355891, 0), (0.67816, 0.283194, 0.67816), (0.660811, -0.355891, 0.660811), (0.369617, 0.852506, 0.369617), (0, 0.283194, 0.959063), (0.67816, 0.283194, 0.67816), (0, 0.283194, 0.959063), (0.369617, 0.852506, 0.369617), (0, 0.852506, 0.522718), (0.67816, 0.283194, 0.67816), (0, -0.355891, 0.934527), (0.660811, -0.355891, 0.660811), (0, -0.355891, 0.934527), (0.67816, 0.283194, 0.67816), (0, 0.283194, 0.959063), (-0.522718, 0.852506, 0), (-0.67816, 0.283194, 0.67816), (-0.369617, 0.852506, 0.369617), (-0.67816, 0.283194, 0.67816), (-0.522718, 0.852506, 0), (-0.959063, 0.283194, 0), (-0.67816, 0.283194, -0.67816), (0, 0.852506, -0.522718), (0, 0.283194, -0.959063), (0, 0.852506, -0.522718), (-0.67816, 0.283194, -0.67816), (-0.369617, 0.852506, -0.369617), (-0.369617, 0.852506, 0.369617), (0, 0.283194, 0.959063), (0, 0.852506, 0.522718), (0, 0.283194, 0.959063), (-0.369617, 0.852506, 0.369617), (-0.67816, 0.283194, 0.67816), (0.522718, 0.852506, 0), (0.67816, 0.283194, 0.67816), (0.959063, 0.283194, 0), (0.67816, 0.283194, 0.67816), (0.522718, 0.852506, 0), (0.369617, 0.852506, 0.369617), (0.67816, 0.283194, -0.67816), (0.522718, 0.852506, 0), (0.959063, 0.283194, 0), (0.522718, 0.852506, 0), (0.67816, 0.283194, -0.67816), (0.369617, 0.852506, -0.369617), (0, 0.283194, -0.959063), (0.660811, -0.355891, -0.660811), (0, -0.355891, -0.934527), (0.660811, -0.355891, -0.660811), (0, 0.283194, -0.959063), (0.67816, 0.283194, -0.67816), (0.959063, 0.283194, 0), (0.660811, -0.355891, -0.660811), (0.67816, 0.283194, -0.67816), (0.660811, -0.355891, -0.660811), (0.959063, 0.283194, 0), (0.934527, -0.355891, 0), (0, 0.560229, 0.828338), (-0.585723, 0.560229, 0.585723), (0, 0.560229, 0.828338), (-0.585723, 0.560229, 0.585723), (0, 0.560229, 0.828338), (-0.585723, 0.560229, 0.585723), (0, -1, 0), (0, -1, 0), (0, -1, 0), (0, -1, 0), (0, -1, 0), (0, -1, 0), (0, -1, 0), (0, -1, 0), (0, -1, 0), (0, -1, 0), (0, -1, 0), (0, -1, 0), (0, -1, 0), (0, -1, 0), (0, -1, 0), (0, -1, 0), (0, -1, 0), (0, -1, 0), (0.828338, 0.560229, 0), (0.585723, 0.560229, 0.585723), (0.828338, 0.560229, 0), (0.585723, 0.560229, 0.585723), (0.828338, 0.560229, 0), (0.585723, 0.560229, 0.585723), (0.585723, 0.560229, 0.585723), (0, 0.560229, 0.828338), (0.585723, 0.560229, 0.585723), (0, 0.560229, 0.828338), (0.585723, 0.560229, 0.585723), (0, 0.560229, 0.828338), (0.585723, 0.560229, -0.585723), (0.828338, 0.560229, 0), (0.585723, 0.560229, -0.585723), (0.828338, 0.560229, 0), (0.585723, 0.560229, -0.585723), (0.828338, 0.560229, 0), (0, 0.20274, 0.979233), (-0.692422, 0.20274, 0.692422), (0, 0.20274, 0.979233), (-0.692422, 0.20274, 0.692422), (0, 0.20274, 0.979233), (-0.692422, 0.20274, 0.692422), (-0.979233, 0.20274, 0), (-0.692422, 0.20274, 0.692422), (-0.979233, 0.20274, 0), (-0.692422, 0.20274, 0.692422), (-0.979233, 0.20274, 0), (-0.692422, 0.20274, 0.692422), (0.692422, 0.20274, 0.692422), (0.979233, 0.20274, 0), (0.979233, 0.20274, 0), (0.979233, 0.20274, 0), (0.692422, 0.20274, 0.692422), (0.692422, 0.20274, 0.692422), (0, 0.20274, -0.979233), (0.692422, 0.20274, -0.692422), (0, 0.20274, -0.979233), (0.692422, 0.20274, -0.692422), (0, 0.20274, -0.979233), (0.692422, 0.20274, -0.692422), (-0.979233, 0.20274, 0), (-0.692422, 0.20274, -0.692422), (-0.692422, 0.20274, -0.692422), (-0.692422, 0.20274, -0.692422), (-0.979233, 0.20274, 0), (-0.979233, 0.20274, 0), (0.692422, 0.20274, 0.692422), (0, 0.20274, 0.979233), (0.692422, 0.20274, 0.692422), (0, 0.20274, 0.979233), (0.692422, 0.20274, 0.692422), (0, 0.20274, 0.979233), (0.692422, 0.20274, -0.692422), (0.979233, 0.20274, 0), (0.692422, 0.20274, -0.692422), (0.979233, 0.20274, 0), (0.692422, 0.20274, -0.692422), (0.979233, 0.20274, 0), (-0.692422, 0.20274, -0.692422), (0, 0.20274, -0.979233), (-0.692422, 0.20274, -0.692422), (0, 0.20274, -0.979233), (-0.692422, 0.20274, -0.692422), (0, 0.20274, -0.979233), (-0.585723, 0.560229, 0.585723), (-0.828338, 0.560229, 0), (-0.828338, 0.560229, 0), (-0.828338, 0.560229, 0), (-0.585723, 0.560229, 0.585723), (-0.585723, 0.560229, 0.585723), (-0.585723, 0.560229, -0.585723), (0, 0.560229, -0.828338), (-0.585723, 0.560229, -0.585723), (0, 0.560229, -0.828338), (-0.585723, 0.560229, -0.585723), (0, 0.560229, -0.828338), (-0.828338, 0.560229, 0), (-0.585723, 0.560229, -0.585723), (-0.585723, 0.560229, -0.585723), (-0.585723, 0.560229, -0.585723), (-0.828338, 0.560229, 0), (-0.828338, 0.560229, 0), (0, 0.560229, -0.828338), (0.585723, 0.560229, -0.585723), (0, 0.560229, -0.828338), (0.585723, 0.560229, -0.585723), (0, 0.560229, -0.828338), (0.585723, 0.560229, -0.585723)] (interpolation = "faceVarying")
        texCoord2f[] primvars:st = [(0.71875, 0.275), (0.71875, 0.275), (0.71875, 0.275), (0.71875, 0.275), (0.71875, 0.275), (0.71875, 0.275), (0.71875, 0.275), (0.71875, 0.275), (0.71875, 0.275), (0.71875, 0.275), (0.71875, 0.275), (0.71875, 0.275), (0.71875, 0.275), (0.71875, 0.275), (0.71875, 0.275), (0.71875, 0.275), (0.71875, 0.275), (0.71875, 0.275), (0.71875, 0.301667), (0.71875, 0.275), (0.71875, 0.275), (0.71875, 0.275), (0.71875, 0.301667), (0.71875, 0.301667), (0.71875, 0.301667), (0.71875, 0.275), (0.71875, 0.275), (0.71875, 0.275), (0.71875, 0.301667), (0.71875, 0.301667), (0.71875, 0.301667), (0.71875, 0.275), (0.71875, 0.275), (0.71875, 0.275), (0.71875, 0.301667), (0.71875, 0.301667), (0.71875, 0.275), (0.71875, 0.301667), (0.71875, 0.301667), (0.71875, 0.301667), (0.71875, 0.275), (0.71875, 0.275), (0.71875, 0.301667), (0.71875, 0.275), (0.71875, 0.275), (0.71875, 0.275), (0.71875, 0.301667), (0.71875, 0.301667), (0.71875, 0.301667), (0.71875, 0.275), (0.71875, 0.301667), (0.71875, 0.275), (0.71875, 0.301667), (0.71875, 0.275), (0.71875, 0.301667), (0.71875, 0.275), (0.71875, 0.275), (0.71875, 0.275), (0.71875, 0.301667), (0.71875, 0.301667), (0.71875, 0.275), (0.71875, 0.301667), (0.71875, 0.275), (0.71875, 0.301667), (0.71875, 0.275), (0.71875, 0.301667), (0.71875, 0.475), (0.71875, 0.475), (0.71875, 0.475), (0.71875, 0.475), (0.71875, 0.475), (0.71875, 0.475), (0.71875, 0.475), (0.71875, 0.475), (0.71875, 0.475), (0.71875, 0.475), (0.71875, 0.475), (0.71875, 0.475), (0.71875, 0.475), (0.71875, 0.475), (0.71875, 0.475), (0.71875, 0.475), (0.71875, 0.475), (0.71875, 0.475), (0.71875, 0.301667), (0.71875, 0.368333), (0.71875, 0.368333), (0.71875, 0.368333), (0.71875, 0.301667), (0.71875, 0.301667), (0.71875, 0.301667), (0.71875, 0.368333), (0.71875, 0.301667), (0.71875, 0.368333), (0.71875, 0.301667), (0.71875, 0.368333), (0.71875, 0.368333), (0.71875, 0.301667), (0.71875, 0.301667), (0.71875, 0.301667), (0.71875, 0.368333), (0.71875, 0.368333), (0.71875, 0.368333), (0.71875, 0.301667), (0.71875, 0.301667), (0.71875, 0.301667), (0.71875, 0.368333), (0.71875, 0.368333), (0.71875, 0.475), (0.71875, 0.368333), (0.71875, 0.368333), (0.71875, 0.368333), (0.71875, 0.475), (0.71875, 0.475), (0.71875, 0.475), (0.71875, 0.368333), (0.71875, 0.475), (0.71875, 0.368333), (0.71875, 0.475), (0.71875, 0.368333), (0.71875, 0.475), (0.71875, 0.368333), (0.71875, 0.368333), (0.71875, 0.368333), (0.71875, 0.475), (0.71875, 0.475), (0.71875, 0.475), (0.71875, 0.368333), (0.71875, 0.368333), (0.71875, 0.368333), (0.71875, 0.475), (0.71875, 0.475), (0.71875, 0.475), (0.71875, 0.368333), (0.71875, 0.368333), (0.71875, 0.368333), (0.71875, 0.475), (0.71875, 0.475), (0.71875, 0.368333), (0.71875, 0.475), (0.71875, 0.475), (0.71875, 0.475), (0.71875, 0.368333), (0.71875, 0.368333), (0.71875, 0.368333), (0.71875, 0.475), (0.71875, 0.368333), (0.71875, 0.475), (0.71875, 0.368333), (0.71875, 0.475), (0.71875, 0.368333), (0.71875, 0.301667), (0.71875, 0.368333), (0.71875, 0.301667), (0.71875, 0.368333), (0.71875, 0.301667), (0.71875, 0.368333), (0.71875, 0.301667), (0.71875, 0.301667), (0.71875, 0.301667), (0.71875, 0.368333), (0.71875, 0.368333), (0.71875, 0.368333), (0.71875, 0.301667), (0.71875, 0.301667), (0.71875, 0.301667), (0.71875, 0.368333), (0.71875, 0.368333), (0.71875, 0.475), (0.71875, 0.368333), (0.71875, 0.368333), (0.71875, 0.368333), (0.71875, 0.475), (0.71875, 0.475), (0.71875, 0.368333), (0.71875, 0.301667), (0.71875, 0.301667), (0.71875, 0.301667), (0.71875, 0.368333), (0.71875, 0.368333), (0.71875, 0.275), (0.71875, 0.275), (0.71875, 0.275), (0.71875, 0.275), (0.71875, 0.275), (0.71875, 0.275), (0.71875, 0.275), (0.71875, 0.275), (0.71875, 0.275), (0.71875, 0.275), (0.71875, 0.275), (0.71875, 0.275), (0.71875, 0.275), (0.71875, 0.275), (0.71875, 0.275), (0.71875, 0.275), (0.71875, 0.275), (0.71875, 0.275), (0.71875, 0.290749), (0.71875, 0.275), (0.71875, 0.275), (0.71875, 0.275), (0.71875, 0.290749), (0.71875, 0.290749), (0.71875, 0.290749), (0.71875, 0.275), (0.71875, 0.275), (0.71875, 0.275), (0.71875, 0.290749), (0.71875, 0.290749), (0.71875, 0.290749), (0.71875, 0.275), (0.71875, 0.275), (0.71875, 0.275), (0.71875, 0.290749), (0.71875, 0.290749), (0.71875, 0.275), (0.71875, 0.290749), (0.71875, 0.290749), (0.71875, 0.290749), (0.71875, 0.275), (0.71875, 0.275), (0.71875, 0.290749), (0.71875, 0.275), (0.71875, 0.275), (0.71875, 0.275), (0.71875, 0.290749), (0.71875, 0.290749), (0.71875, 0.290749), (0.71875, 0.275), (0.71875, 0.290749), (0.71875, 0.275), (0.71875, 0.290749), (0.71875, 0.275), (0.71875, 0.290749), (0.71875, 0.275), (0.71875, 0.275), (0.71875, 0.275), (0.71875, 0.290749), (0.71875, 0.290749), (0.71875, 0.275), (0.71875, 0.290749), (0.71875, 0.275), (0.71875, 0.290749), (0.71875, 0.275), (0.71875, 0.290749), (0.71875, 0.330123), (0.71875, 0.290749), (0.71875, 0.290749), (0.71875, 0.290749), (0.71875, 0.330123), (0.71875, 0.330123), (0.71875, 0.290749), (0.71875, 0.330123), (0.71875, 0.290749), (0.71875, 0.330123), (0.71875, 0.290749), (0.71875, 0.330123), (0.71875, 0.330123), (0.71875, 0.290749), (0.71875, 0.290749), (0.71875, 0.290749), (0.71875, 0.330123), (0.71875, 0.330123), (0.71875, 0.330123), (0.71875, 0.290749), (0.71875, 0.290749), (0.71875, 0.290749), (0.71875, 0.330123), (0.71875, 0.330123), (0.71875, 0.290749), (0.71875, 0.330123), (0.71875, 0.290749), (0.71875, 0.330123), (0.71875, 0.290749), (0.71875, 0.330123), (0.71875, 0.330123), (0.71875, 0.290749), (0.71875, 0.290749), (0.71875, 0.290749), (0.71875, 0.330123), (0.71875, 0.330123), (0.71875, 0.330123), (0.71875, 0.290749), (0.71875, 0.290749), (0.71875, 0.290749), (0.71875, 0.330123), (0.71875, 0.330123), (0.71875, 0.330123), (0.71875, 0.290749), (0.71875, 0.330123), (0.71875, 0.290749), (0.71875, 0.330123), (0.71875, 0.290749), (0.71875, 0.475), (0.71875, 0.475), (0.71875, 0.475), (0.71875, 0.475), (0.71875, 0.475), (0.71875, 0.475), (0.71875, 0.475), (0.71875, 0.475), (0.71875, 0.475), (0.71875, 0.475), (0.71875, 0.475), (0.71875, 0.475), (0.71875, 0.475), (0.71875, 0.475), (0.71875, 0.475), (0.71875, 0.475), (0.71875, 0.475), (0.71875, 0.475), (0.71875, 0.413279), (0.71875, 0.330123), (0.71875, 0.330123), (0.71875, 0.330123), (0.71875, 0.413279), (0.71875, 0.413279), (0.71875, 0.413279), (0.71875, 0.330123), (0.71875, 0.330123), (0.71875, 0.330123), (0.71875, 0.413279), (0.71875, 0.413279), (0.71875, 0.330123), (0.71875, 0.413279), (0.71875, 0.330123), (0.71875, 0.413279), (0.71875, 0.330123), (0.71875, 0.413279), (0.71875, 0.413279), (0.71875, 0.330123), (0.71875, 0.330123), (0.71875, 0.330123), (0.71875, 0.413279), (0.71875, 0.413279), (0.71875, 0.413279), (0.71875, 0.330123), (0.71875, 0.330123), (0.71875, 0.330123), (0.71875, 0.413279), (0.71875, 0.413279), (0.71875, 0.330123), (0.71875, 0.413279), (0.71875, 0.330123), (0.71875, 0.413279), (0.71875, 0.330123), (0.71875, 0.413279), (0.71875, 0.413279), (0.71875, 0.330123), (0.71875, 0.330123), (0.71875, 0.330123), (0.71875, 0.413279), (0.71875, 0.413279), (0.71875, 0.413279), (0.71875, 0.330123), (0.71875, 0.330123), (0.71875, 0.330123), (0.71875, 0.413279), (0.71875, 0.413279), (0.71875, 0.413279), (0.71875, 0.475), (0.71875, 0.475), (0.71875, 0.475), (0.71875, 0.413279), (0.71875, 0.413279), (0.71875, 0.475), (0.71875, 0.413279), (0.71875, 0.413279), (0.71875, 0.413279), (0.71875, 0.475), (0.71875, 0.475), (0.71875, 0.475), (0.71875, 0.413279), (0.71875, 0.413279), (0.71875, 0.413279), (0.71875, 0.475), (0.71875, 0.475), (0.71875, 0.475), (0.71875, 0.413279), (0.71875, 0.413279), (0.71875, 0.413279), (0.71875, 0.475), (0.71875, 0.475), (0.71875, 0.475), (0.71875, 0.413279), (0.71875, 0.475), (0.71875, 0.413279), (0.71875, 0.475), (0.71875, 0.413279), (0.71875, 0.475), (0.71875, 0.413279), (0.71875, 0.413279), (0.71875, 0.413279), (0.71875, 0.475), (0.71875, 0.475), (0.71875, 0.413279), (0.71875, 0.475), (0.71875, 0.413279), (0.71875, 0.475), (0.71875, 0.413279), (0.71875, 0.475), (0.71875, 0.475), (0.71875, 0.413279), (0.71875, 0.413279), (0.71875, 0.413279), (0.71875, 0.475), (0.71875, 0.475), (0.71875, 0.275), (0.71875, 0.275), (0.71875, 0.275), (0.71875, 0.275), (0.71875, 0.275), (0.71875, 0.275), (0.71875, 0.275), (0.71875, 0.275), (0.71875, 0.275), (0.71875, 0.275), (0.71875, 0.275), (0.71875, 0.275), (0.71875, 0.275), (0.71875, 0.275), (0.71875, 0.275), (0.71875, 0.275), (0.71875, 0.275), (0.71875, 0.275), (0.71875, 0.288333), (0.71875, 0.275), (0.71875, 0.275), (0.71875, 0.275), (0.71875, 0.288333), (0.71875, 0.288333), (0.71875, 0.288333), (0.71875, 0.275), (0.71875, 0.275), (0.71875, 0.275), (0.71875, 0.288333), (0.71875, 0.288333), (0.71875, 0.288333), (0.71875, 0.275), (0.71875, 0.275), (0.71875, 0.275), (0.71875, 0.288333), (0.71875, 0.288333), (0.71875, 0.275), (0.71875, 0.288333), (0.71875, 0.288333), (0.71875, 0.288333), (0.71875, 0.275), (0.71875, 0.275), (0.71875, 0.288333), (0.71875, 0.275), (0.71875, 0.275), (0.71875, 0.275), (0.71875, 0.288333), (0.71875, 0.288333), (0.71875, 0.288333), (0.71875, 0.275), (0.71875, 0.288333), (0.71875, 0.275), (0.71875, 0.288333), (0.71875, 0.275), (0.71875, 0.288333), (0.71875, 0.275), (0.71875, 0.275), (0.71875, 0.275), (0.71875, 0.288333), (0.71875, 0.288333), (0.71875, 0.275), (0.71875, 0.288333), (0.71875, 0.275), (0.71875, 0.288333), (0.71875, 0.275), (0.71875, 0.288333), (0.71875, 0.375), (0.71875, 0.375), (0.71875, 0.375), (0.71875, 0.375), (0.71875, 0.375), (0.71875, 0.375), (0.71875, 0.375), (0.71875, 0.375), (0.71875, 0.375), (0.71875, 0.375), (0.71875, 0.375), (0.71875, 0.375), (0.71875, 0.375), (0.71875, 0.375), (0.71875, 0.375), (0.71875, 0.375), (0.71875, 0.375), (0.71875, 0.375), (0.71875, 0.288333), (0.71875, 0.321667), (0.71875, 0.321667), (0.71875, 0.321667), (0.71875, 0.288333), (0.71875, 0.288333), (0.71875, 0.288333), (0.71875, 0.321667), (0.71875, 0.288333), (0.71875, 0.321667), (0.71875, 0.288333), (0.71875, 0.321667), (0.71875, 0.321667), (0.71875, 0.288333), (0.71875, 0.288333), (0.71875, 0.288333), (0.71875, 0.321667), (0.71875, 0.321667), (0.71875, 0.321667), (0.71875, 0.288333), (0.71875, 0.288333), (0.71875, 0.288333), (0.71875, 0.321667), (0.71875, 0.321667), (0.71875, 0.375), (0.71875, 0.321667), (0.71875, 0.321667), (0.71875, 0.321667), (0.71875, 0.375), (0.71875, 0.375), (0.71875, 0.375), (0.71875, 0.321667), (0.71875, 0.375), (0.71875, 0.321667), (0.71875, 0.375), (0.71875, 0.321667), (0.71875, 0.375), (0.71875, 0.321667), (0.71875, 0.321667), (0.71875, 0.321667), (0.71875, 0.375), (0.71875, 0.375), (0.71875, 0.375), (0.71875, 0.321667), (0.71875, 0.321667), (0.71875, 0.321667), (0.71875, 0.375), (0.71875, 0.375), (0.71875, 0.375), (0.71875, 0.321667), (0.71875, 0.321667), (0.71875, 0.321667), (0.71875, 0.375), (0.71875, 0.375), (0.71875, 0.321667), (0.71875, 0.375), (0.71875, 0.375), (0.71875, 0.375), (0.71875, 0.321667), (0.71875, 0.321667), (0.71875, 0.321667), (0.71875, 0.375), (0.71875, 0.321667), (0.71875, 0.375), (0.71875, 0.321667), (0.71875, 0.375), (0.71875, 0.321667), (0.71875, 0.288333), (0.71875, 0.321667), (0.71875, 0.288333), (0.71875, 0.321667), (0.71875, 0.288333), (0.71875, 0.321667), (0.71875, 0.288333), (0.71875, 0.288333), (0.71875, 0.288333), (0.71875, 0.321667), (0.71875, 0.321667), (0.71875, 0.321667), (0.71875, 0.288333), (0.71875, 0.288333), (0.71875, 0.288333), (0.71875, 0.321667), (0.71875, 0.321667), (0.71875, 0.375), (0.71875, 0.321667), (0.71875, 0.321667), (0.71875, 0.321667), (0.71875, 0.375), (0.71875, 0.375), (0.71875, 0.321667), (0.71875, 0.288333), (0.71875, 0.288333), (0.71875, 0.288333), (0.71875, 0.321667), (0.71875, 0.321667), (0.84375, 0.445711), (0.84375, 0.445711), (0.84375, 0.475), (0.84375, 0.445711), (0.84375, 0.445711), (0.84375, 0.475), (0.84375, 0.475), (0.84375, 0.445711), (0.84375, 0.445711), (0.84375, 0.475), (0.84375, 0.445711), (0.84375, 0.445711), (0.84375, 0.445711), (0.84375, 0.475), (0.84375, 0.445711), (0.84375, 0.445711), (0.84375, 0.475), (0.84375, 0.445711), (0.84375, 0.275), (0.84375, 0.304289), (0.84375, 0.304289), (0.84375, 0.304289), (0.84375, 0.275), (0.84375, 0.304289), (0.84375, 0.304289), (0.84375, 0.275), (0.84375, 0.304289), (0.84375, 0.275), (0.84375, 0.304289), (0.84375, 0.304289), (0.84375, 0.304289), (0.84375, 0.304289), (0.84375, 0.275), (0.84375, 0.304289), (0.84375, 0.304289), (0.84375, 0.275), (0.84375, 0.375), (0.84375, 0.445711), (0.84375, 0.375), (0.84375, 0.445711), (0.84375, 0.375), (0.84375, 0.445711), (0.84375, 0.445711), (0.84375, 0.375), (0.84375, 0.375), (0.84375, 0.375), (0.84375, 0.445711), (0.84375, 0.445711), (0.84375, 0.445711), (0.84375, 0.375), (0.84375, 0.445711), (0.84375, 0.375), (0.84375, 0.445711), (0.84375, 0.375), (0.84375, 0.304289), (0.84375, 0.375), (0.84375, 0.304289), (0.84375, 0.375), (0.84375, 0.304289), (0.84375, 0.375), (0.84375, 0.375), (0.84375, 0.304289), (0.84375, 0.304289), (0.84375, 0.304289), (0.84375, 0.375), (0.84375, 0.375), (0.84375, 0.375), (0.84375, 0.304289), (0.84375, 0.375), (0.84375, 0.304289), (0.84375, 0.375), (0.84375, 0.304289), (0.84375, 0.375), (0.84375, 0.304289), (0.84375, 0.375), (0.84375, 0.304289), (0.84375, 0.375), (0.84375, 0.304289), (0.84375, 0.445711), (0.84375, 0.375), (0.84375, 0.375), (0.84375, 0.375), (0.84375, 0.445711), (0.84375, 0.445711), (0.84375, 0.375), (0.84375, 0.304289), (0.84375, 0.304289), (0.84375, 0.304289), (0.84375, 0.375), (0.84375, 0.375), (0.84375, 0.375), (0.84375, 0.445711), (0.84375, 0.375), (0.84375, 0.445711), (0.84375, 0.375), (0.84375, 0.445711), (0.84375, 0.445711), (0.84375, 0.375), (0.84375, 0.375), (0.84375, 0.375), (0.84375, 0.445711), (0.84375, 0.445711), (0.84375, 0.304289), (0.84375, 0.375), (0.84375, 0.375), (0.84375, 0.375), (0.84375, 0.304289), (0.84375, 0.304289), (0.84375, 0.304289), (0.84375, 0.304289), (0.84375, 0.275), (0.84375, 0.304289), (0.84375, 0.275), (0.84375, 0.304289), (0.84375, 0.475), (0.84375, 0.445711), (0.84375, 0.445711), (0.84375, 0.445711), (0.84375, 0.445711), (0.84375, 0.475), (0.84375, 0.304289), (0.84375, 0.275), (0.84375, 0.304289), (0.84375, 0.445711), (0.84375, 0.475), (0.84375, 0.445711), (0.84375, 0.275), (0.84375, 0.304289), (0.84375, 0.304289), (0.84375, 0.304289), (0.84375, 0.304289), (0.84375, 0.275), (0.84375, 0.445711), (0.84375, 0.475), (0.84375, 0.445711), (0.84375, 0.475), (0.84375, 0.445711), (0.84375, 0.445711), (0.84375, 0.445711), (0.84375, 0.445711), (0.84375, 0.475), (0.84375, 0.275), (0.84375, 0.304289), (0.84375, 0.304289), (0.84375, 0.375), (0.84375, 0.304289), (0.84375, 0.375), (0.84375, 0.304289), (0.84375, 0.375), (0.84375, 0.304289), (0.84375, 0.445711), (0.84375, 0.375), (0.84375, 0.445711), (0.84375, 0.375), (0.84375, 0.445711), (0.84375, 0.375), (0.84375, 0.445711), (0.84375, 0.375), (0.84375, 0.375), (0.84375, 0.375), (0.84375, 0.445711), (0.84375, 0.445711), (0.84375, 0.375), (0.84375, 0.304289), (0.84375, 0.304289), (0.84375, 0.304289), (0.84375, 0.375), (0.84375, 0.375), (0.84375, 0.375), (0.84375, 0.445711), (0.84375, 0.375), (0.84375, 0.445711), (0.84375, 0.375), (0.84375, 0.445711), (0.84375, 0.375), (0.84375, 0.304289), (0.84375, 0.375), (0.84375, 0.304289), (0.84375, 0.375), (0.84375, 0.304289), (0.84375, 0.445711), (0.84375, 0.375), (0.84375, 0.375), (0.84375, 0.375), (0.84375, 0.445711), (0.84375, 0.445711), (0.84375, 0.304289), (0.84375, 0.375), (0.84375, 0.375), (0.84375, 0.375), (0.84375, 0.304289), (0.84375, 0.304289), (0.84375, 0.445711), (0.84375, 0.375), (0.84375, 0.375), (0.84375, 0.375), (0.84375, 0.445711), (0.84375, 0.445711), (0.84375, 0.375), (0.84375, 0.445711), (0.84375, 0.375), (0.84375, 0.445711), (0.84375, 0.375), (0.84375, 0.445711), (0.84375, 0.375), (0.84375, 0.304289), (0.84375, 0.304289), (0.84375, 0.304289), (0.84375, 0.375), (0.84375, 0.375), (0.84375, 0.304289), (0.84375, 0.375), (0.84375, 0.304289), (0.84375, 0.375), (0.84375, 0.304289), (0.84375, 0.375), (0.84375, 0.304289), (0.84375, 0.275), (0.84375, 0.304289), (0.84375, 0.445711), (0.84375, 0.475), (0.84375, 0.445711), (0.84375, 0.304289), (0.84375, 0.304289), (0.84375, 0.275), (0.84375, 0.304289), (0.84375, 0.304289), (0.84375, 0.275), (0.84375, 0.475), (0.84375, 0.445711), (0.84375, 0.445711), (0.84375, 0.304289), (0.84375, 0.275), (0.84375, 0.304289), (0.84375, 0.275), (0.84375, 0.304289), (0.84375, 0.304289), (0.84375, 0.475), (0.84375, 0.445711), (0.84375, 0.445711), (0.84375, 0.445711), (0.84375, 0.445711), (0.84375, 0.475), (0.84375, 0.445711), (0.84375, 0.475), (0.84375, 0.445711), (0.84375, 0.445711), (0.84375, 0.445711), (0.84375, 0.475), (0.84375, 0.275), (0.84375, 0.304289), (0.84375, 0.304289), (0.84375, 0.304289), (0.84375, 0.375), (0.84375, 0.304289), (0.84375, 0.375), (0.84375, 0.304289), (0.84375, 0.375), (0.84375, 0.445711), (0.84375, 0.375), (0.84375, 0.445711), (0.84375, 0.375), (0.84375, 0.445711), (0.84375, 0.375), (0.84375, 0.445711), (0.84375, 0.375), (0.84375, 0.375), (0.84375, 0.375), (0.84375, 0.445711), (0.84375, 0.445711), (0.84375, 0.375), (0.84375, 0.445711), (0.84375, 0.375), (0.84375, 0.445711), (0.84375, 0.375), (0.84375, 0.445711), (0.84375, 0.445711), (0.84375, 0.375), (0.84375, 0.375), (0.84375, 0.375), (0.84375, 0.445711), (0.84375, 0.445711), (0.84375, 0.445711), (0.84375, 0.375), (0.84375, 0.375), (0.84375, 0.375), (0.84375, 0.445711), (0.84375, 0.445711), (0.84375, 0.375), (0.84375, 0.445711), (0.84375, 0.375), (0.84375, 0.445711), (0.84375, 0.375), (0.84375, 0.445711), (0.84375, 0.375), (0.84375, 0.304289), (0.84375, 0.304289), (0.84375, 0.304289), (0.84375, 0.375), (0.84375, 0.375), (0.84375, 0.375), (0.84375, 0.304289), (0.84375, 0.375), (0.84375, 0.304289), (0.84375, 0.375), (0.84375, 0.304289), (0.84375, 0.375), (0.84375, 0.304289), (0.84375, 0.304289), (0.84375, 0.304289), (0.84375, 0.375), (0.84375, 0.375), (0.84375, 0.375), (0.84375, 0.304289), (0.84375, 0.375), (0.84375, 0.304289), (0.84375, 0.375), (0.84375, 0.304289), (0.84375, 0.304289), (0.84375, 0.375), (0.84375, 0.375), (0.84375, 0.375), (0.84375, 0.304289), (0.84375, 0.304289), (0.84375, 0.411062), (0.84375, 0.43185), (0.84375, 0.43185), (0.84375, 0.43185), (0.84375, 0.411062), (0.84375, 0.411062), (0.84375, 0.378644), (0.84375, 0.411062), (0.84375, 0.411062), (0.84375, 0.411062), (0.84375, 0.378644), (0.84375, 0.378644), (0.84375, 0.378512), (0.84375, 0.393654), (0.84375, 0.375), (0.84375, 0.393654), (0.84375, 0.378512), (0.84375, 0.411062), (0.84375, 0.411062), (0.84375, 0.393654), (0.84375, 0.411062), (0.84375, 0.411062), (0.84375, 0.411062), (0.84375, 0.43185), (0.84375, 0.378644), (0.84375, 0.393654), (0.84375, 0.411062), (0.84375, 0.393654), (0.84375, 0.378644), (0.84375, 0.375096), (0.84375, 0.411062), (0.84375, 0.43185), (0.84375, 0.431643), (0.84375, 0.431643), (0.84375, 0.43185), (0.84375, 0.439228), (0.84375, 0.439228), (0.84375, 0.43185), (0.84375, 0.439228), (0.84375, 0.439228), (0.84375, 0.439228), (0.84375, 0.439228), (0.84375, 0.439228), (0.84375, 0.439228), (0.84375, 0.439228), (0.84375, 0.473636), (0.84375, 0.439228), (0.84375, 0.439228), (0.84375, 0.439228), (0.84375, 0.473636), (0.84375, 0.473466), (0.84375, 0.473466), (0.84375, 0.473636), (0.84375, 0.475), (0.84375, 0.439228), (0.84375, 0.43185), (0.84375, 0.439228), (0.84375, 0.43185), (0.84375, 0.439228), (0.84375, 0.43185), (0.84375, 0.473466), (0.84375, 0.475), (0.84375, 0.475), (0.84375, 0.475), (0.84375, 0.473466), (0.84375, 0.473466), (0.84375, 0.378644), (0.84375, 0.393654), (0.84375, 0.375096), (0.84375, 0.393654), (0.84375, 0.378644), (0.84375, 0.411062), (0.84375, 0.411062), (0.84375, 0.393654), (0.84375, 0.411062), (0.84375, 0.411062), (0.84375, 0.411062), (0.84375, 0.431643), (0.84375, 0.378512), (0.84375, 0.393654), (0.84375, 0.411062), (0.84375, 0.393654), (0.84375, 0.378512), (0.84375, 0.375), (0.84375, 0.411062), (0.84375, 0.431643), (0.84375, 0.43185), (0.84375, 0.43185), (0.84375, 0.431643), (0.84375, 0.439228), (0.84375, 0.43185), (0.84375, 0.439228), (0.84375, 0.439228), (0.84375, 0.439228), (0.84375, 0.439228), (0.84375, 0.439228), (0.84375, 0.439228), (0.84375, 0.439228), (0.84375, 0.439228), (0.84375, 0.473466), (0.84375, 0.439228), (0.84375, 0.439228), (0.84375, 0.439228), (0.84375, 0.473466), (0.84375, 0.473636), (0.84375, 0.473636), (0.84375, 0.473466), (0.84375, 0.475), (0.84375, 0.475), (0.84375, 0.473636), (0.84375, 0.473636), (0.84375, 0.473636), (0.84375, 0.475), (0.84375, 0.475), (0.84375, 0.439228), (0.84375, 0.439228), (0.84375, 0.439228), (0.84375, 0.439228), (0.84375, 0.439228), (0.84375, 0.439228), (0.84375, 0.431643), (0.84375, 0.439228), (0.84375, 0.431643), (0.84375, 0.439228), (0.84375, 0.431643), (0.84375, 0.439228), (0.84375, 0.375), (0.84375, 0.378512), (0.84375, 0.378512), (0.84375, 0.378512), (0.84375, 0.375), (0.84375, 0.375), (0.84375, 0.439228), (0.84375, 0.439228), (0.84375, 0.439228), (0.84375, 0.439228), (0.84375, 0.439228), (0.84375, 0.439228), (0.84375, 0.473636), (0.84375, 0.439228), (0.84375, 0.473636), (0.84375, 0.439228), (0.84375, 0.473636), (0.84375, 0.439228), (0.84375, 0.439228), (0.84375, 0.473466), (0.84375, 0.473466), (0.84375, 0.473466), (0.84375, 0.439228), (0.84375, 0.439228), (0.84375, 0.378644), (0.84375, 0.375096), (0.84375, 0.375096), (0.84375, 0.375096), (0.84375, 0.378644), (0.84375, 0.378644), (0.84375, 0.375096), (0.84375, 0.393654), (0.84375, 0.393654), (0.84375, 0.393654), (0.84375, 0.375096), (0.84375, 0.375096), (0.84375, 0.393654), (0.84375, 0.375), (0.84375, 0.375), (0.84375, 0.375), (0.84375, 0.393654), (0.84375, 0.393654), (0.84375, 0.411062), (0.84375, 0.378512), (0.84375, 0.411062), (0.84375, 0.378512), (0.84375, 0.411062), (0.84375, 0.378512), (0.84375, 0.431643), (0.84375, 0.411062), (0.84375, 0.411062), (0.84375, 0.411062), (0.84375, 0.431643), (0.84375, 0.431643), (0.84375, 0.475), (0.84375, 0.475), (0.84375, 0.475), (0.84375, 0.475), (0.84375, 0.475), (0.84375, 0.475), (0.84375, 0.475), (0.84375, 0.475), (0.84375, 0.475), (0.84375, 0.475), (0.84375, 0.475), (0.84375, 0.475), (0.84375, 0.475), (0.84375, 0.475), (0.84375, 0.475), (0.84375, 0.475), (0.84375, 0.475), (0.84375, 0.475), (0.84375, 0.275), (0.84375, 0.275), (0.84375, 0.275), (0.84375, 0.275), (0.84375, 0.275), (0.84375, 0.275), (0.84375, 0.275), (0.84375, 0.275), (0.84375, 0.275), (0.84375, 0.275), (0.84375, 0.275), (0.84375, 0.275), (0.84375, 0.275), (0.84375, 0.275), (0.84375, 0.275), (0.84375, 0.275), (0.84375, 0.275), (0.84375, 0.275), (0.84375, 0.475), (0.84375, 0.275), (0.84375, 0.275), (0.84375, 0.275), (0.84375, 0.475), (0.84375, 0.475), (0.84375, 0.475), (0.84375, 0.275), (0.84375, 0.275), (0.84375, 0.275), (0.84375, 0.475), (0.84375, 0.475), (0.84375, 0.475), (0.84375, 0.275), (0.84375, 0.475), (0.84375, 0.275), (0.84375, 0.475), (0.84375, 0.275), (0.84375, 0.275), (0.84375, 0.475), (0.84375, 0.475), (0.84375, 0.475), (0.84375, 0.275), (0.84375, 0.275), (0.84375, 0.275), (0.84375, 0.475), (0.84375, 0.275), (0.84375, 0.475), (0.84375, 0.275), (0.84375, 0.475), (0.84375, 0.475), (0.84375, 0.275), (0.84375, 0.475), (0.84375, 0.275), (0.84375, 0.475), (0.84375, 0.275), (0.84375, 0.275), (0.84375, 0.475), (0.84375, 0.275), (0.84375, 0.475), (0.84375, 0.275), (0.84375, 0.475), (0.84375, 0.275), (0.84375, 0.475), (0.84375, 0.475), (0.84375, 0.475), (0.84375, 0.275), (0.84375, 0.275), (0.46875, 0.0542893), (0.46875, 0.0542893), (0.46875, 0.025), (0.46875, 0.0542893), (0.46875, 0.025), (0.46875, 0.0542893), (0.46875, 0.0542893), (0.46875, 0.025), (0.46875, 0.0542893), (0.46875, 0.195711), (0.46875, 0.225), (0.46875, 0.195711), (0.46875, 0.025), (0.46875, 0.0542893), (0.46875, 0.0542893), (0.46875, 0.0542893), (0.46875, 0.0542893), (0.46875, 0.025), (0.46875, 0.195711), (0.46875, 0.195711), (0.46875, 0.225), (0.46875, 0.195711), (0.46875, 0.225), (0.46875, 0.195711), (0.46875, 0.195711), (0.46875, 0.195711), (0.46875, 0.225), (0.46875, 0.225), (0.46875, 0.195711), (0.46875, 0.195711), (0.46875, 0.025), (0.46875, 0.0542893), (0.46875, 0.0542893), (0.46875, 0.225), (0.46875, 0.195711), (0.46875, 0.195711), (0.46875, 0.125), (0.46875, 0.0542893), (0.46875, 0.125), (0.46875, 0.0542893), (0.46875, 0.125), (0.46875, 0.0542893), (0.46875, 0.0542893), (0.46875, 0.125), (0.46875, 0.125), (0.46875, 0.125), (0.46875, 0.0542893), (0.46875, 0.0542893), (0.46875, 0.195711), (0.46875, 0.125), (0.46875, 0.125), (0.46875, 0.125), (0.46875, 0.195711), (0.46875, 0.195711), (0.46875, 0.125), (0.46875, 0.0542893), (0.46875, 0.0542893), (0.46875, 0.0542893), (0.46875, 0.125), (0.46875, 0.125), (0.46875, 0.125), (0.46875, 0.195711), (0.46875, 0.125), (0.46875, 0.195711), (0.46875, 0.125), (0.46875, 0.195711), (0.46875, 0.125), (0.46875, 0.0542893), (0.46875, 0.125), (0.46875, 0.0542893), (0.46875, 0.125), (0.46875, 0.0542893), (0.46875, 0.195711), (0.46875, 0.125), (0.46875, 0.125), (0.46875, 0.125), (0.46875, 0.195711), (0.46875, 0.195711), (0.46875, 0.195711), (0.46875, 0.125), (0.46875, 0.125), (0.46875, 0.125), (0.46875, 0.195711), (0.46875, 0.195711), (0.46875, 0.125), (0.46875, 0.195711), (0.46875, 0.125), (0.46875, 0.195711), (0.46875, 0.125), (0.46875, 0.195711), (0.46875, 0.0542893), (0.46875, 0.125), (0.46875, 0.0542893), (0.46875, 0.125), (0.46875, 0.0542893), (0.46875, 0.125), (0.46875, 0.195711), (0.46875, 0.125), (0.46875, 0.195711), (0.46875, 0.125), (0.46875, 0.195711), (0.46875, 0.125), (0.46875, 0.125), (0.46875, 0.0542893), (0.46875, 0.0542893), (0.46875, 0.0542893), (0.46875, 0.125), (0.46875, 0.125), (0.46875, 0.195711), (0.46875, 0.225), (0.46875, 0.195711), (0.46875, 0.195711), (0.46875, 0.225), (0.46875, 0.195711), (0.46875, 0.0542893), (0.46875, 0.025), (0.46875, 0.0542893), (0.46875, 0.025), (0.46875, 0.0542893), (0.46875, 0.0542893), (0.46875, 0.025), (0.46875, 0.0542893), (0.46875, 0.0542893), (0.46875, 0.0542893), (0.46875, 0.025), (0.46875, 0.0542893), (0.46875, 0.0542893), (0.46875, 0.0542893), (0.46875, 0.025), (0.46875, 0.0542893), (0.46875, 0.0542893), (0.46875, 0.025), (0.46875, 0.195711), (0.46875, 0.195711), (0.46875, 0.225), (0.46875, 0.195711), (0.46875, 0.195711), (0.46875, 0.225), (0.46875, 0.225), (0.46875, 0.195711), (0.46875, 0.195711), (0.46875, 0.225), (0.46875, 0.195711), (0.46875, 0.195711), (0.46875, 0.195711), (0.46875, 0.125), (0.46875, 0.125), (0.46875, 0.125), (0.46875, 0.195711), (0.46875, 0.195711), (0.46875, 0.195711), (0.46875, 0.125), (0.46875, 0.125), (0.46875, 0.125), (0.46875, 0.195711), (0.46875, 0.195711), (0.46875, 0.195711), (0.46875, 0.125), (0.46875, 0.195711), (0.46875, 0.125), (0.46875, 0.195711), (0.46875, 0.125), (0.46875, 0.195711), (0.46875, 0.125), (0.46875, 0.125), (0.46875, 0.125), (0.46875, 0.195711), (0.46875, 0.195711), (0.46875, 0.125), (0.46875, 0.195711), (0.46875, 0.125), (0.46875, 0.195711), (0.46875, 0.125), (0.46875, 0.195711), (0.46875, 0.125), (0.46875, 0.195711), (0.46875, 0.125), (0.46875, 0.195711), (0.46875, 0.125), (0.46875, 0.195711), (0.46875, 0.125), (0.46875, 0.0542893), (0.46875, 0.0542893), (0.46875, 0.0542893), (0.46875, 0.125), (0.46875, 0.125), (0.46875, 0.125), (0.46875, 0.0542893), (0.46875, 0.0542893), (0.46875, 0.0542893), (0.46875, 0.125), (0.46875, 0.125), (0.46875, 0.125), (0.46875, 0.0542893), (0.46875, 0.125), (0.46875, 0.0542893), (0.46875, 0.125), (0.46875, 0.0542893), (0.46875, 0.0542893), (0.46875, 0.125), (0.46875, 0.0542893), (0.46875, 0.125), (0.46875, 0.0542893), (0.46875, 0.125), (0.46875, 0.125), (0.46875, 0.0542893), (0.46875, 0.125), (0.46875, 0.0542893), (0.46875, 0.125), (0.46875, 0.0542893), (0.46875, 0.0542893), (0.46875, 0.125), (0.46875, 0.125), (0.46875, 0.125), (0.46875, 0.0542893), (0.46875, 0.0542893), (0.46875, 0.195711), (0.46875, 0.225), (0.46875, 0.195711), (0.46875, 0.195711), (0.46875, 0.225), (0.46875, 0.195711), (0.46875, 0.0542893), (0.46875, 0.025), (0.46875, 0.0542893), (0.46875, 0.025), (0.46875, 0.0542893), (0.46875, 0.0542893), (0.46875, 0.025), (0.46875, 0.0542893), (0.46875, 0.0542893), (0.46875, 0.0542893), (0.46875, 0.025), (0.46875, 0.0542893), (0.46875, 0.0542893), (0.46875, 0.0542893), (0.46875, 0.025), (0.46875, 0.0542893), (0.46875, 0.0542893), (0.46875, 0.025), (0.46875, 0.195711), (0.46875, 0.195711), (0.46875, 0.225), (0.46875, 0.195711), (0.46875, 0.195711), (0.46875, 0.225), (0.46875, 0.225), (0.46875, 0.195711), (0.46875, 0.195711), (0.46875, 0.225), (0.46875, 0.195711), (0.46875, 0.195711), (0.46875, 0.195711), (0.46875, 0.125), (0.46875, 0.125), (0.46875, 0.125), (0.46875, 0.195711), (0.46875, 0.195711), (0.46875, 0.195711), (0.46875, 0.125), (0.46875, 0.125), (0.46875, 0.125), (0.46875, 0.195711), (0.46875, 0.195711), (0.46875, 0.195711), (0.46875, 0.125), (0.46875, 0.195711), (0.46875, 0.125), (0.46875, 0.195711), (0.46875, 0.125), (0.46875, 0.195711), (0.46875, 0.125), (0.46875, 0.125), (0.46875, 0.125), (0.46875, 0.195711), (0.46875, 0.195711), (0.46875, 0.125), (0.46875, 0.195711), (0.46875, 0.125), (0.46875, 0.195711), (0.46875, 0.125), (0.46875, 0.195711), (0.46875, 0.125), (0.46875, 0.195711), (0.46875, 0.125), (0.46875, 0.195711), (0.46875, 0.125), (0.46875, 0.195711), (0.46875, 0.125), (0.46875, 0.0542893), (0.46875, 0.0542893), (0.46875, 0.0542893), (0.46875, 0.125), (0.46875, 0.125), (0.46875, 0.125), (0.46875, 0.0542893), (0.46875, 0.0542893), (0.46875, 0.0542893), (0.46875, 0.125), (0.46875, 0.125), (0.46875, 0.125), (0.46875, 0.0542893), (0.46875, 0.125), (0.46875, 0.0542893), (0.46875, 0.125), (0.46875, 0.0542893), (0.46875, 0.0542893), (0.46875, 0.125), (0.46875, 0.0542893), (0.46875, 0.125), (0.46875, 0.0542893), (0.46875, 0.125), (0.46875, 0.125), (0.46875, 0.0542893), (0.46875, 0.125), (0.46875, 0.0542893), (0.46875, 0.125), (0.46875, 0.0542893), (0.46875, 0.0542893), (0.46875, 0.125), (0.46875, 0.125), (0.46875, 0.125), (0.46875, 0.0542893), (0.46875, 0.0542893), (0.46875, 0.025), (0.46875, 0.225), (0.46875, 0.025), (0.46875, 0.225), (0.46875, 0.025), (0.46875, 0.225), (0.46875, 0.025), (0.46875, 0.225), (0.46875, 0.025), (0.46875, 0.225), (0.46875, 0.025), (0.46875, 0.225), (0.46875, 0.025), (0.46875, 0.225), (0.46875, 0.025), (0.46875, 0.225), (0.46875, 0.025), (0.46875, 0.225), (0.46875, 0.225), (0.46875, 0.025), (0.46875, 0.025), (0.46875, 0.025), (0.46875, 0.225), (0.46875, 0.225), (0.46875, 0.225), (0.46875, 0.025), (0.46875, 0.225), (0.46875, 0.025), (0.46875, 0.225), (0.46875, 0.025), (0.46875, 0.025), (0.46875, 0.225), (0.46875, 0.025), (0.46875, 0.225), (0.46875, 0.025), (0.46875, 0.225), (0.46875, 0.225), (0.46875, 0.025), (0.46875, 0.025), (0.46875, 0.025), (0.46875, 0.225), (0.46875, 0.225), (0.46875, 0.225), (0.46875, 0.025), (0.46875, 0.025), (0.46875, 0.025), (0.46875, 0.225), (0.46875, 0.225), (0.46875, 0.025), (0.46875, 0.225), (0.46875, 0.025), (0.46875, 0.225), (0.46875, 0.025), (0.46875, 0.225), (0.46875, 0.025), (0.46875, 0.225), (0.46875, 0.025), (0.46875, 0.225), (0.46875, 0.025), (0.46875, 0.225), (0.46875, 0.225), (0.46875, 0.025), (0.46875, 0.025), (0.46875, 0.025), (0.46875, 0.225), (0.46875, 0.225), (0.46875, 0.225), (0.46875, 0.025), (0.46875, 0.025), (0.46875, 0.025), (0.46875, 0.225), (0.46875, 0.225), (0.46875, 0.225), (0.46875, 0.025), (0.46875, 0.225), (0.46875, 0.025), (0.46875, 0.225), (0.46875, 0.025), (0.46875, 0.025), (0.46875, 0.225), (0.46875, 0.025), (0.46875, 0.225), (0.46875, 0.025), (0.46875, 0.225), (0.46875, 0.225), (0.46875, 0.025), (0.46875, 0.025), (0.46875, 0.025), (0.46875, 0.225), (0.46875, 0.225), (0.46875, 0.025), (0.46875, 0.225), (0.46875, 0.025), (0.46875, 0.225), (0.46875, 0.025), (0.46875, 0.225), (0.46875, 0.225), (0.46875, 0.025), (0.46875, 0.025), (0.46875, 0.025), (0.46875, 0.225), (0.46875, 0.225), (0.46875, 0.025), (0.46875, 0.225), (0.46875, 0.025), (0.46875, 0.225), (0.46875, 0.025), (0.46875, 0.225), (0.46875, 0.225), (0.46875, 0.025), (0.46875, 0.025), (0.46875, 0.025), (0.46875, 0.225), (0.46875, 0.225), (0.46875, 0.225), (0.46875, 0.025), (0.46875, 0.025), (0.46875, 0.025), (0.46875, 0.225), (0.46875, 0.225), (0.46875, 0.225), (0.46875, 0.025), (0.46875, 0.225), (0.46875, 0.025), (0.46875, 0.225), (0.46875, 0.025), (0.46875, 0.025), (0.46875, 0.225), (0.46875, 0.025), (0.46875, 0.225), (0.46875, 0.025), (0.46875, 0.225), (0.46875, 0.225), (0.46875, 0.025), (0.46875, 0.025), (0.46875, 0.025), (0.46875, 0.225), (0.46875, 0.225), (0.46875, 0.225), (0.46875, 0.025), (0.46875, 0.025), (0.46875, 0.025), (0.46875, 0.225), (0.46875, 0.225), (0.46875, 0.195711), (0.46875, 0.225), (0.46875, 0.195711), (0.46875, 0.195711), (0.46875, 0.225), (0.46875, 0.195711), (0.46875, 0.0542893), (0.46875, 0.025), (0.46875, 0.0542893), (0.46875, 0.025), (0.46875, 0.0542893), (0.46875, 0.0542893), (0.46875, 0.025), (0.46875, 0.0542893), (0.46875, 0.0542893), (0.46875, 0.0542893), (0.46875, 0.025), (0.46875, 0.0542893), (0.46875, 0.0542893), (0.46875, 0.0542893), (0.46875, 0.025), (0.46875, 0.0542893), (0.46875, 0.0542893), (0.46875, 0.025), (0.46875, 0.195711), (0.46875, 0.195711), (0.46875, 0.225), (0.46875, 0.195711), (0.46875, 0.195711), (0.46875, 0.225), (0.46875, 0.225), (0.46875, 0.195711), (0.46875, 0.195711), (0.46875, 0.225), (0.46875, 0.195711), (0.46875, 0.195711), (0.46875, 0.195711), (0.46875, 0.125), (0.46875, 0.125), (0.46875, 0.125), (0.46875, 0.195711), (0.46875, 0.195711), (0.46875, 0.195711), (0.46875, 0.125), (0.46875, 0.125), (0.46875, 0.125), (0.46875, 0.195711), (0.46875, 0.195711), (0.46875, 0.195711), (0.46875, 0.125), (0.46875, 0.195711), (0.46875, 0.125), (0.46875, 0.195711), (0.46875, 0.125), (0.46875, 0.195711), (0.46875, 0.125), (0.46875, 0.125), (0.46875, 0.125), (0.46875, 0.195711), (0.46875, 0.195711), (0.46875, 0.125), (0.46875, 0.195711), (0.46875, 0.125), (0.46875, 0.195711), (0.46875, 0.125), (0.46875, 0.195711), (0.46875, 0.125), (0.46875, 0.195711), (0.46875, 0.125), (0.46875, 0.195711), (0.46875, 0.125), (0.46875, 0.195711), (0.46875, 0.125), (0.46875, 0.0542893), (0.46875, 0.0542893), (0.46875, 0.0542893), (0.46875, 0.125), (0.46875, 0.125), (0.46875, 0.125), (0.46875, 0.0542893), (0.46875, 0.0542893), (0.46875, 0.0542893), (0.46875, 0.125), (0.46875, 0.125), (0.46875, 0.125), (0.46875, 0.0542893), (0.46875, 0.125), (0.46875, 0.0542893), (0.46875, 0.125), (0.46875, 0.0542893), (0.46875, 0.0542893), (0.46875, 0.125), (0.46875, 0.0542893), (0.46875, 0.125), (0.46875, 0.0542893), (0.46875, 0.125), (0.46875, 0.125), (0.46875, 0.0542893), (0.46875, 0.125), (0.46875, 0.0542893), (0.46875, 0.125), (0.46875, 0.0542893), (0.46875, 0.0542893), (0.46875, 0.125), (0.46875, 0.125), (0.46875, 0.125), (0.46875, 0.0542893), (0.46875, 0.0542893), (0.46875, 0.275), (0.46875, 0.475), (0.46875, 0.275), (0.46875, 0.475), (0.46875, 0.275), (0.46875, 0.475), (0.46875, 0.275), (0.46875, 0.475), (0.46875, 0.275), (0.46875, 0.475), (0.46875, 0.275), (0.46875, 0.475), (0.46875, 0.275), (0.46875, 0.475), (0.46875, 0.275), (0.46875, 0.475), (0.46875, 0.275), (0.46875, 0.475), (0.46875, 0.275), (0.46875, 0.275), (0.46875, 0.475), (0.46875, 0.475), (0.46875, 0.475), (0.46875, 0.275), (0.46875, 0.475), (0.46875, 0.275), (0.46875, 0.475), (0.46875, 0.275), (0.46875, 0.475), (0.46875, 0.275), (0.46875, 0.275), (0.46875, 0.475), (0.46875, 0.275), (0.46875, 0.475), (0.46875, 0.275), (0.46875, 0.475), (0.46875, 0.275), (0.46875, 0.275), (0.46875, 0.475), (0.46875, 0.475), (0.46875, 0.475), (0.46875, 0.275), (0.46875, 0.275), (0.46875, 0.275), (0.46875, 0.475), (0.46875, 0.475), (0.46875, 0.475), (0.46875, 0.275), (0.46875, 0.275), (0.46875, 0.475), (0.46875, 0.275), (0.46875, 0.475), (0.46875, 0.275), (0.46875, 0.475), (0.46875, 0.275), (0.46875, 0.475), (0.46875, 0.275), (0.46875, 0.475), (0.46875, 0.275), (0.46875, 0.475), (0.46875, 0.275), (0.46875, 0.275), (0.46875, 0.475), (0.46875, 0.475), (0.46875, 0.475), (0.46875, 0.275), (0.46875, 0.275), (0.46875, 0.275), (0.46875, 0.475), (0.46875, 0.475), (0.46875, 0.475), (0.46875, 0.275), (0.46875, 0.475), (0.46875, 0.275), (0.46875, 0.475), (0.46875, 0.275), (0.46875, 0.475), (0.46875, 0.275), (0.46875, 0.275), (0.46875, 0.475), (0.46875, 0.275), (0.46875, 0.475), (0.46875, 0.275), (0.46875, 0.475), (0.46875, 0.275), (0.46875, 0.275), (0.46875, 0.475), (0.46875, 0.475), (0.46875, 0.475), (0.46875, 0.275), (0.46875, 0.275), (0.46875, 0.475), (0.46875, 0.275), (0.46875, 0.475), (0.46875, 0.275), (0.46875, 0.475), (0.46875, 0.275), (0.46875, 0.275), (0.46875, 0.475), (0.46875, 0.475), (0.46875, 0.475), (0.46875, 0.275), (0.46875, 0.275), (0.46875, 0.475), (0.46875, 0.275), (0.46875, 0.475), (0.46875, 0.275), (0.46875, 0.475), (0.46875, 0.275), (0.46875, 0.275), (0.46875, 0.475), (0.46875, 0.475), (0.46875, 0.475), (0.46875, 0.275), (0.46875, 0.275), (0.46875, 0.275), (0.46875, 0.475), (0.46875, 0.475), (0.46875, 0.475), (0.46875, 0.275), (0.46875, 0.475), (0.46875, 0.275), (0.46875, 0.475), (0.46875, 0.275), (0.46875, 0.475), (0.46875, 0.275), (0.46875, 0.275), (0.46875, 0.475), (0.46875, 0.275), (0.46875, 0.475), (0.46875, 0.275), (0.46875, 0.475), (0.46875, 0.275), (0.46875, 0.275), (0.46875, 0.475), (0.46875, 0.475), (0.46875, 0.475), (0.46875, 0.275), (0.46875, 0.275), (0.46875, 0.275), (0.46875, 0.475), (0.46875, 0.475), (0.46875, 0.475), (0.46875, 0.275), (0.09375, 0.225), (0.09375, 0.225), (0.09375, 0.225), (0.09375, 0.225), (0.09375, 0.225), (0.09375, 0.225), (0.09375, 0.225), (0.09375, 0.225), (0.09375, 0.225), (0.09375, 0.225), (0.09375, 0.225), (0.09375, 0.225), (0.09375, 0.225), (0.09375, 0.225), (0.09375, 0.225), (0.09375, 0.225), (0.09375, 0.225), (0.09375, 0.225), (0.09375, 0.025), (0.09375, 0.025), (0.09375, 0.025), (0.09375, 0.025), (0.09375, 0.025), (0.09375, 0.025), (0.09375, 0.025), (0.09375, 0.025), (0.09375, 0.025), (0.09375, 0.025), (0.09375, 0.025), (0.09375, 0.025), (0.09375, 0.025), (0.09375, 0.025), (0.09375, 0.025), (0.09375, 0.025), (0.09375, 0.025), (0.09375, 0.025), (0.09375, 0.0925), (0.09375, 0.025), (0.09375, 0.0925), (0.09375, 0.025), (0.09375, 0.0925), (0.09375, 0.025), (0.09375, 0.0925), (0.09375, 0.025), (0.09375, 0.025), (0.09375, 0.025), (0.09375, 0.0925), (0.09375, 0.0925), (0.09375, 0.0925), (0.09375, 0.025), (0.09375, 0.025), (0.09375, 0.025), (0.09375, 0.0925), (0.09375, 0.0925), (0.09375, 0.025), (0.09375, 0.0925), (0.09375, 0.0925), (0.09375, 0.0925), (0.09375, 0.025), (0.09375, 0.025), (0.09375, 0.0925), (0.09375, 0.025), (0.09375, 0.025), (0.09375, 0.025), (0.09375, 0.0925), (0.09375, 0.0925), (0.09375, 0.0925), (0.09375, 0.025), (0.09375, 0.0925), (0.09375, 0.025), (0.09375, 0.0925), (0.09375, 0.025), (0.09375, 0.025), (0.09375, 0.0925), (0.09375, 0.025), (0.09375, 0.0925), (0.09375, 0.025), (0.09375, 0.0925), (0.09375, 0.0925), (0.09375, 0.025), (0.09375, 0.025), (0.09375, 0.025), (0.09375, 0.0925), (0.09375, 0.0925), (0.09375, 0.225), (0.09375, 0.0925), (0.09375, 0.0925), (0.09375, 0.0925), (0.09375, 0.225), (0.09375, 0.225), (0.09375, 0.0925), (0.09375, 0.225), (0.09375, 0.225), (0.09375, 0.225), (0.09375, 0.0925), (0.09375, 0.0925), (0.09375, 0.225), (0.09375, 0.0925), (0.09375, 0.0925), (0.09375, 0.0925), (0.09375, 0.225), (0.09375, 0.225), (0.09375, 0.0925), (0.09375, 0.225), (0.09375, 0.0925), (0.09375, 0.225), (0.09375, 0.0925), (0.09375, 0.225), (0.09375, 0.225), (0.09375, 0.0925), (0.09375, 0.0925), (0.09375, 0.0925), (0.09375, 0.225), (0.09375, 0.225), (0.09375, 0.225), (0.09375, 0.0925), (0.09375, 0.0925), (0.09375, 0.0925), (0.09375, 0.225), (0.09375, 0.225), (0.09375, 0.225), (0.09375, 0.0925), (0.09375, 0.0925), (0.09375, 0.0925), (0.09375, 0.225), (0.09375, 0.225), (0.09375, 0.225), (0.09375, 0.0925), (0.09375, 0.225), (0.09375, 0.0925), (0.09375, 0.225), (0.09375, 0.0925), (0.09375, 0.119223), (0.09375, 0.025), (0.09375, 0.119223), (0.09375, 0.025), (0.09375, 0.119223), (0.09375, 0.025), (0.09375, 0.119223), (0.09375, 0.025), (0.09375, 0.025), (0.09375, 0.025), (0.09375, 0.119223), (0.09375, 0.119223), (0.09375, 0.119223), (0.09375, 0.025), (0.09375, 0.119223), (0.09375, 0.025), (0.09375, 0.119223), (0.09375, 0.025), (0.09375, 0.225), (0.09375, 0.119223), (0.09375, 0.119223), (0.09375, 0.119223), (0.09375, 0.225), (0.09375, 0.225), (0.09375, 0.119223), (0.09375, 0.225), (0.09375, 0.119223), (0.09375, 0.225), (0.09375, 0.119223), (0.09375, 0.225), (0.09375, 0.119223), (0.09375, 0.225), (0.09375, 0.119223), (0.09375, 0.225), (0.09375, 0.119223), (0.09375, 0.225), (0.09375, 0.225), (0.09375, 0.119223), (0.09375, 0.119223), (0.09375, 0.119223), (0.09375, 0.225), (0.09375, 0.225), (0.09375, 0.225), (0.09375, 0.119223), (0.09375, 0.225), (0.09375, 0.119223), (0.09375, 0.225), (0.09375, 0.119223), (0.09375, 0.225), (0.09375, 0.119223), (0.09375, 0.225), (0.09375, 0.119223), (0.09375, 0.225), (0.09375, 0.119223), (0.09375, 0.119223), (0.09375, 0.225), (0.09375, 0.225), (0.09375, 0.225), (0.09375, 0.119223), (0.09375, 0.119223), (0.09375, 0.119223), (0.09375, 0.225), (0.09375, 0.119223), (0.09375, 0.225), (0.09375, 0.119223), (0.09375, 0.225), (0.09375, 0.119223), (0.09375, 0.025), (0.09375, 0.025), (0.09375, 0.025), (0.09375, 0.119223), (0.09375, 0.119223), (0.09375, 0.025), (0.09375, 0.119223), (0.09375, 0.119223), (0.09375, 0.119223), (0.09375, 0.025), (0.09375, 0.025), (0.09375, 0.119223), (0.09375, 0.025), (0.09375, 0.025), (0.09375, 0.025), (0.09375, 0.119223), (0.09375, 0.119223), (0.09375, 0.025), (0.09375, 0.119223), (0.09375, 0.025), (0.09375, 0.119223), (0.09375, 0.025), (0.09375, 0.119223), (0.09375, 0.119223), (0.09375, 0.025), (0.09375, 0.025), (0.09375, 0.025), (0.09375, 0.119223), (0.09375, 0.119223), (0.09375, 0.10566), (0.09375, 0.025), (0.09375, 0.025), (0.09375, 0.025), (0.09375, 0.10566), (0.09375, 0.10566), (0.09375, 0.225), (0.09375, 0.10566), (0.09375, 0.225), (0.09375, 0.10566), (0.09375, 0.225), (0.09375, 0.10566), (0.09375, 0.10566), (0.09375, 0.225), (0.09375, 0.225), (0.09375, 0.225), (0.09375, 0.10566), (0.09375, 0.10566), (0.09375, 0.10566), (0.09375, 0.225), (0.09375, 0.10566), (0.09375, 0.225), (0.09375, 0.10566), (0.09375, 0.225), (0.09375, 0.10566), (0.09375, 0.225), (0.09375, 0.10566), (0.09375, 0.225), (0.09375, 0.10566), (0.09375, 0.225), (0.09375, 0.225), (0.09375, 0.10566), (0.09375, 0.10566), (0.09375, 0.10566), (0.09375, 0.225), (0.09375, 0.225), (0.09375, 0.225), (0.09375, 0.10566), (0.09375, 0.225), (0.09375, 0.10566), (0.09375, 0.225), (0.09375, 0.10566), (0.09375, 0.225), (0.09375, 0.10566), (0.09375, 0.10566), (0.09375, 0.10566), (0.09375, 0.225), (0.09375, 0.225), (0.09375, 0.10566), (0.09375, 0.225), (0.09375, 0.10566), (0.09375, 0.225), (0.09375, 0.10566), (0.09375, 0.225), (0.09375, 0.10566), (0.09375, 0.025), (0.09375, 0.025), (0.09375, 0.025), (0.09375, 0.10566), (0.09375, 0.10566), (0.09375, 0.025), (0.09375, 0.10566), (0.09375, 0.10566), (0.09375, 0.10566), (0.09375, 0.025), (0.09375, 0.025), (0.09375, 0.10566), (0.09375, 0.025), (0.09375, 0.025), (0.09375, 0.025), (0.09375, 0.10566), (0.09375, 0.10566), (0.09375, 0.10566), (0.09375, 0.025), (0.09375, 0.10566), (0.09375, 0.025), (0.09375, 0.10566), (0.09375, 0.025), (0.09375, 0.10566), (0.09375, 0.025), (0.09375, 0.025), (0.09375, 0.025), (0.09375, 0.10566), (0.09375, 0.10566), (0.09375, 0.10566), (0.09375, 0.025), (0.09375, 0.10566), (0.09375, 0.025), (0.09375, 0.10566), (0.09375, 0.025), (0.09375, 0.025), (0.09375, 0.10566), (0.09375, 0.10566), (0.09375, 0.10566), (0.09375, 0.025), (0.09375, 0.025), (0.09375, 0.025), (0.09375, 0.105239), (0.09375, 0.105239), (0.09375, 0.105239), (0.09375, 0.025), (0.09375, 0.025), (0.09375, 0.105239), (0.09375, 0.025), (0.09375, 0.025), (0.09375, 0.025), (0.09375, 0.105239), (0.09375, 0.105239), (0.09375, 0.025), (0.09375, 0.105239), (0.09375, 0.105239), (0.09375, 0.105239), (0.09375, 0.025), (0.09375, 0.025), (0.09375, 0.105239), (0.09375, 0.025), (0.09375, 0.025), (0.09375, 0.025), (0.09375, 0.105239), (0.09375, 0.105239), (0.09375, 0.105239), (0.09375, 0.225), (0.09375, 0.105239), (0.09375, 0.225), (0.09375, 0.105239), (0.09375, 0.225), (0.09375, 0.105239), (0.09375, 0.225), (0.09375, 0.225), (0.09375, 0.225), (0.09375, 0.105239), (0.09375, 0.105239), (0.09375, 0.105239), (0.09375, 0.025), (0.09375, 0.105239), (0.09375, 0.025), (0.09375, 0.105239), (0.09375, 0.025), (0.09375, 0.225), (0.09375, 0.105239), (0.09375, 0.105239), (0.09375, 0.105239), (0.09375, 0.225), (0.09375, 0.225), (0.09375, 0.105239), (0.09375, 0.025), (0.09375, 0.025), (0.09375, 0.025), (0.09375, 0.105239), (0.09375, 0.105239), (0.09375, 0.225), (0.09375, 0.105239), (0.09375, 0.225), (0.09375, 0.105239), (0.09375, 0.225), (0.09375, 0.105239), (0.09375, 0.105239), (0.09375, 0.225), (0.09375, 0.105239), (0.09375, 0.225), (0.09375, 0.105239), (0.09375, 0.225), (0.09375, 0.225), (0.09375, 0.105239), (0.09375, 0.225), (0.09375, 0.105239), (0.09375, 0.225), (0.09375, 0.105239), (0.09375, 0.225), (0.09375, 0.105239), (0.09375, 0.105239), (0.09375, 0.105239), (0.09375, 0.225), (0.09375, 0.225), (0.09375, 0.105239), (0.09375, 0.225), (0.09375, 0.105239), (0.09375, 0.225), (0.09375, 0.105239), (0.09375, 0.225), (0.09375, 0.105239), (0.09375, 0.025), (0.09375, 0.025), (0.09375, 0.025), (0.09375, 0.105239), (0.09375, 0.105239), (0.09375, 0.105239), (0.09375, 0.025), (0.09375, 0.105239), (0.09375, 0.025), (0.09375, 0.105239), (0.09375, 0.025), (0.21875, 0.415), (0.21875, 0.475), (0.21875, 0.475), (0.21875, 0.475), (0.21875, 0.415), (0.21875, 0.415), (0.21875, 0.475), (0.21875, 0.475), (0.21875, 0.475), (0.21875, 0.475), (0.21875, 0.475), (0.21875, 0.475), (0.21875, 0.475), (0.21875, 0.475), (0.21875, 0.475), (0.21875, 0.475), (0.21875, 0.475), (0.21875, 0.475), (0.21875, 0.475), (0.21875, 0.475), (0.21875, 0.475), (0.21875, 0.475), (0.21875, 0.475), (0.21875, 0.475), (0.21875, 0.415), (0.21875, 0.475), (0.21875, 0.475), (0.21875, 0.475), (0.21875, 0.415), (0.21875, 0.415), (0.21875, 0.415), (0.21875, 0.475), (0.21875, 0.475), (0.21875, 0.475), (0.21875, 0.415), (0.21875, 0.415), (0.21875, 0.415), (0.21875, 0.475), (0.21875, 0.475), (0.21875, 0.475), (0.21875, 0.415), (0.21875, 0.415), (0.21875, 0.275), (0.21875, 0.415), (0.21875, 0.415), (0.21875, 0.415), (0.21875, 0.275), (0.21875, 0.275), (0.21875, 0.415), (0.21875, 0.275), (0.21875, 0.275), (0.21875, 0.275), (0.21875, 0.415), (0.21875, 0.415), (0.21875, 0.275), (0.21875, 0.415), (0.21875, 0.275), (0.21875, 0.415), (0.21875, 0.275), (0.21875, 0.415), (0.21875, 0.275), (0.21875, 0.415), (0.21875, 0.415), (0.21875, 0.415), (0.21875, 0.275), (0.21875, 0.275), (0.21875, 0.415), (0.21875, 0.275), (0.21875, 0.415), (0.21875, 0.275), (0.21875, 0.415), (0.21875, 0.275), (0.21875, 0.275), (0.21875, 0.415), (0.21875, 0.415), (0.21875, 0.415), (0.21875, 0.275), (0.21875, 0.275), (0.21875, 0.275), (0.21875, 0.415), (0.21875, 0.415), (0.21875, 0.415), (0.21875, 0.275), (0.21875, 0.275), (0.21875, 0.275), (0.21875, 0.415), (0.21875, 0.415), (0.21875, 0.415), (0.21875, 0.275), (0.21875, 0.275), (0.21875, 0.475), (0.21875, 0.415), (0.21875, 0.475), (0.21875, 0.415), (0.21875, 0.475), (0.21875, 0.415), (0.21875, 0.415), (0.21875, 0.475), (0.21875, 0.475), (0.21875, 0.475), (0.21875, 0.415), (0.21875, 0.415), (0.21875, 0.475), (0.21875, 0.415), (0.21875, 0.475), (0.21875, 0.415), (0.21875, 0.475), (0.21875, 0.415), (0.21875, 0.415), (0.21875, 0.475), (0.21875, 0.475), (0.21875, 0.475), (0.21875, 0.415), (0.21875, 0.415), (0.71875, 0.275), (0.71875, 0.275), (0.71875, 0.275), (0.71875, 0.275), (0.71875, 0.275), (0.71875, 0.275), (0.71875, 0.275), (0.71875, 0.275), (0.71875, 0.275), (0.71875, 0.275), (0.71875, 0.275), (0.71875, 0.275), (0.71875, 0.275), (0.71875, 0.275), (0.71875, 0.275), (0.71875, 0.275), (0.71875, 0.275), (0.71875, 0.275), (0.71875, 0.301667), (0.71875, 0.275), (0.71875, 0.275), (0.71875, 0.275), (0.71875, 0.301667), (0.71875, 0.301667), (0.71875, 0.301667), (0.71875, 0.275), (0.71875, 0.275), (0.71875, 0.275), (0.71875, 0.301667), (0.71875, 0.301667), (0.71875, 0.301667), (0.71875, 0.275), (0.71875, 0.275), (0.71875, 0.275), (0.71875, 0.301667), (0.71875, 0.301667), (0.71875, 0.275), (0.71875, 0.301667), (0.71875, 0.301667), (0.71875, 0.301667), (0.71875, 0.275), (0.71875, 0.275), (0.71875, 0.301667), (0.71875, 0.275), (0.71875, 0.275), (0.71875, 0.275), (0.71875, 0.301667), (0.71875, 0.301667), (0.71875, 0.301667), (0.71875, 0.275), (0.71875, 0.301667), (0.71875, 0.275), (0.71875, 0.301667), (0.71875, 0.275), (0.71875, 0.301667), (0.71875, 0.275), (0.71875, 0.275), (0.71875, 0.275), (0.71875, 0.301667), (0.71875, 0.301667), (0.71875, 0.275), (0.71875, 0.301667), (0.71875, 0.275), (0.71875, 0.301667), (0.71875, 0.275), (0.71875, 0.301667), (0.71875, 0.475), (0.71875, 0.475), (0.71875, 0.475), (0.71875, 0.475), (0.71875, 0.475), (0.71875, 0.475), (0.71875, 0.475), (0.71875, 0.475), (0.71875, 0.475), (0.71875, 0.475), (0.71875, 0.475), (0.71875, 0.475), (0.71875, 0.475), (0.71875, 0.475), (0.71875, 0.475), (0.71875, 0.475), (0.71875, 0.475), (0.71875, 0.475), (0.71875, 0.301667), (0.71875, 0.368333), (0.71875, 0.368333), (0.71875, 0.368333), (0.71875, 0.301667), (0.71875, 0.301667), (0.71875, 0.301667), (0.71875, 0.368333), (0.71875, 0.301667), (0.71875, 0.368333), (0.71875, 0.301667), (0.71875, 0.368333), (0.71875, 0.368333), (0.71875, 0.301667), (0.71875, 0.301667), (0.71875, 0.301667), (0.71875, 0.368333), (0.71875, 0.368333), (0.71875, 0.368333), (0.71875, 0.301667), (0.71875, 0.301667), (0.71875, 0.301667), (0.71875, 0.368333), (0.71875, 0.368333), (0.71875, 0.475), (0.71875, 0.368333), (0.71875, 0.368333), (0.71875, 0.368333), (0.71875, 0.475), (0.71875, 0.475), (0.71875, 0.475), (0.71875, 0.368333), (0.71875, 0.475), (0.71875, 0.368333), (0.71875, 0.475), (0.71875, 0.368333), (0.71875, 0.475), (0.71875, 0.368333), (0.71875, 0.368333), (0.71875, 0.368333), (0.71875, 0.475), (0.71875, 0.475), (0.71875, 0.475), (0.71875, 0.368333), (0.71875, 0.368333), (0.71875, 0.368333), (0.71875, 0.475), (0.71875, 0.475), (0.71875, 0.475), (0.71875, 0.368333), (0.71875, 0.368333), (0.71875, 0.368333), (0.71875, 0.475), (0.71875, 0.475), (0.71875, 0.368333), (0.71875, 0.475), (0.71875, 0.475), (0.71875, 0.475), (0.71875, 0.368333), (0.71875, 0.368333), (0.71875, 0.368333), (0.71875, 0.475), (0.71875, 0.368333), (0.71875, 0.475), (0.71875, 0.368333), (0.71875, 0.475), (0.71875, 0.368333), (0.71875, 0.301667), (0.71875, 0.368333), (0.71875, 0.301667), (0.71875, 0.368333), (0.71875, 0.301667), (0.71875, 0.368333), (0.71875, 0.301667), (0.71875, 0.301667), (0.71875, 0.301667), (0.71875, 0.368333), (0.71875, 0.368333), (0.71875, 0.368333), (0.71875, 0.301667), (0.71875, 0.301667), (0.71875, 0.301667), (0.71875, 0.368333), (0.71875, 0.368333), (0.71875, 0.475), (0.71875, 0.368333), (0.71875, 0.368333), (0.71875, 0.368333), (0.71875, 0.475), (0.71875, 0.475), (0.71875, 0.368333), (0.71875, 0.301667), (0.71875, 0.301667), (0.71875, 0.301667), (0.71875, 0.368333), (0.71875, 0.368333), (0.71875, 0.275), (0.71875, 0.275), (0.71875, 0.275), (0.71875, 0.275), (0.71875, 0.275), (0.71875, 0.275), (0.71875, 0.275), (0.71875, 0.275), (0.71875, 0.275), (0.71875, 0.275), (0.71875, 0.275), (0.71875, 0.275), (0.71875, 0.275), (0.71875, 0.275), (0.71875, 0.275), (0.71875, 0.275), (0.71875, 0.275), (0.71875, 0.275), (0.71875, 0.290749), (0.71875, 0.275), (0.71875, 0.275), (0.71875, 0.275), (0.71875, 0.290749), (0.71875, 0.290749), (0.71875, 0.290749), (0.71875, 0.275), (0.71875, 0.275), (0.71875, 0.275), (0.71875, 0.290749), (0.71875, 0.290749), (0.71875, 0.290749), (0.71875, 0.275), (0.71875, 0.275), (0.71875, 0.275), (0.71875, 0.290749), (0.71875, 0.290749), (0.71875, 0.275), (0.71875, 0.290749), (0.71875, 0.290749), (0.71875, 0.290749), (0.71875, 0.275), (0.71875, 0.275), (0.71875, 0.290749), (0.71875, 0.275), (0.71875, 0.275), (0.71875, 0.275), (0.71875, 0.290749), (0.71875, 0.290749), (0.71875, 0.290749), (0.71875, 0.275), (0.71875, 0.290749), (0.71875, 0.275), (0.71875, 0.290749), (0.71875, 0.275), (0.71875, 0.290749), (0.71875, 0.275), (0.71875, 0.275), (0.71875, 0.275), (0.71875, 0.290749), (0.71875, 0.290749), (0.71875, 0.275), (0.71875, 0.290749), (0.71875, 0.275), (0.71875, 0.290749), (0.71875, 0.275), (0.71875, 0.290749), (0.71875, 0.330123), (0.71875, 0.290749), (0.71875, 0.290749), (0.71875, 0.290749), (0.71875, 0.330123), (0.71875, 0.330123), (0.71875, 0.290749), (0.71875, 0.330123), (0.71875, 0.290749), (0.71875, 0.330123), (0.71875, 0.290749), (0.71875, 0.330123), (0.71875, 0.330123), (0.71875, 0.290749), (0.71875, 0.290749), (0.71875, 0.290749), (0.71875, 0.330123), (0.71875, 0.330123), (0.71875, 0.330123), (0.71875, 0.290749), (0.71875, 0.290749), (0.71875, 0.290749), (0.71875, 0.330123), (0.71875, 0.330123), (0.71875, 0.290749), (0.71875, 0.330123), (0.71875, 0.290749), (0.71875, 0.330123), (0.71875, 0.290749), (0.71875, 0.330123), (0.71875, 0.330123), (0.71875, 0.290749), (0.71875, 0.290749), (0.71875, 0.290749), (0.71875, 0.330123), (0.71875, 0.330123), (0.71875, 0.330123), (0.71875, 0.290749), (0.71875, 0.290749), (0.71875, 0.290749), (0.71875, 0.330123), (0.71875, 0.330123), (0.71875, 0.330123), (0.71875, 0.290749), (0.71875, 0.330123), (0.71875, 0.290749), (0.71875, 0.330123), (0.71875, 0.290749), (0.71875, 0.475), (0.71875, 0.475), (0.71875, 0.475), (0.71875, 0.475), (0.71875, 0.475), (0.71875, 0.475), (0.71875, 0.475), (0.71875, 0.475), (0.71875, 0.475), (0.71875, 0.475), (0.71875, 0.475), (0.71875, 0.475), (0.71875, 0.475), (0.71875, 0.475), (0.71875, 0.475), (0.71875, 0.475), (0.71875, 0.475), (0.71875, 0.475), (0.71875, 0.413279), (0.71875, 0.330123), (0.71875, 0.330123), (0.71875, 0.330123), (0.71875, 0.413279), (0.71875, 0.413279), (0.71875, 0.413279), (0.71875, 0.330123), (0.71875, 0.330123), (0.71875, 0.330123), (0.71875, 0.413279), (0.71875, 0.413279), (0.71875, 0.330123), (0.71875, 0.413279), (0.71875, 0.330123), (0.71875, 0.413279), (0.71875, 0.330123), (0.71875, 0.413279), (0.71875, 0.413279), (0.71875, 0.330123), (0.71875, 0.330123), (0.71875, 0.330123), (0.71875, 0.413279), (0.71875, 0.413279), (0.71875, 0.413279), (0.71875, 0.330123), (0.71875, 0.330123), (0.71875, 0.330123), (0.71875, 0.413279), (0.71875, 0.413279), (0.71875, 0.330123), (0.71875, 0.413279), (0.71875, 0.330123), (0.71875, 0.413279), (0.71875, 0.330123), (0.71875, 0.413279), (0.71875, 0.413279), (0.71875, 0.330123), (0.71875, 0.330123), (0.71875, 0.330123), (0.71875, 0.413279), (0.71875, 0.413279), (0.71875, 0.413279), (0.71875, 0.330123), (0.71875, 0.330123), (0.71875, 0.330123), (0.71875, 0.413279), (0.71875, 0.413279), (0.71875, 0.413279), (0.71875, 0.475), (0.71875, 0.475), (0.71875, 0.475), (0.71875, 0.413279), (0.71875, 0.413279), (0.71875, 0.475), (0.71875, 0.413279), (0.71875, 0.413279), (0.71875, 0.413279), (0.71875, 0.475), (0.71875, 0.475), (0.71875, 0.475), (0.71875, 0.413279), (0.71875, 0.413279), (0.71875, 0.413279), (0.71875, 0.475), (0.71875, 0.475), (0.71875, 0.475), (0.71875, 0.413279), (0.71875, 0.413279), (0.71875, 0.413279), (0.71875, 0.475), (0.71875, 0.475), (0.71875, 0.475), (0.71875, 0.413279), (0.71875, 0.475), (0.71875, 0.413279), (0.71875, 0.475), (0.71875, 0.413279), (0.71875, 0.475), (0.71875, 0.413279), (0.71875, 0.413279), (0.71875, 0.413279), (0.71875, 0.475), (0.71875, 0.475), (0.71875, 0.413279), (0.71875, 0.475), (0.71875, 0.413279), (0.71875, 0.475), (0.71875, 0.413279), (0.71875, 0.475), (0.71875, 0.475), (0.71875, 0.413279), (0.71875, 0.413279), (0.71875, 0.413279), (0.71875, 0.475), (0.71875, 0.475), (0.71875, 0.275), (0.71875, 0.275), (0.71875, 0.275), (0.71875, 0.275), (0.71875, 0.275), (0.71875, 0.275), (0.71875, 0.275), (0.71875, 0.275), (0.71875, 0.275), (0.71875, 0.275), (0.71875, 0.275), (0.71875, 0.275), (0.71875, 0.275), (0.71875, 0.275), (0.71875, 0.275), (0.71875, 0.275), (0.71875, 0.275), (0.71875, 0.275), (0.71875, 0.288333), (0.71875, 0.275), (0.71875, 0.275), (0.71875, 0.275), (0.71875, 0.288333), (0.71875, 0.288333), (0.71875, 0.288333), (0.71875, 0.275), (0.71875, 0.275), (0.71875, 0.275), (0.71875, 0.288333), (0.71875, 0.288333), (0.71875, 0.288333), (0.71875, 0.275), (0.71875, 0.275), (0.71875, 0.275), (0.71875, 0.288333), (0.71875, 0.288333), (0.71875, 0.275), (0.71875, 0.288333), (0.71875, 0.288333), (0.71875, 0.288333), (0.71875, 0.275), (0.71875, 0.275), (0.71875, 0.288333), (0.71875, 0.275), (0.71875, 0.275), (0.71875, 0.275), (0.71875, 0.288333), (0.71875, 0.288333), (0.71875, 0.288333), (0.71875, 0.275), (0.71875, 0.288333), (0.71875, 0.275), (0.71875, 0.288333), (0.71875, 0.275), (0.71875, 0.288333), (0.71875, 0.275), (0.71875, 0.275), (0.71875, 0.275), (0.71875, 0.288333), (0.71875, 0.288333), (0.71875, 0.275), (0.71875, 0.288333), (0.71875, 0.275), (0.71875, 0.288333), (0.71875, 0.275), (0.71875, 0.288333), (0.71875, 0.375), (0.71875, 0.375), (0.71875, 0.375), (0.71875, 0.375), (0.71875, 0.375), (0.71875, 0.375), (0.71875, 0.375), (0.71875, 0.375), (0.71875, 0.375), (0.71875, 0.375), (0.71875, 0.375), (0.71875, 0.375), (0.71875, 0.375), (0.71875, 0.375), (0.71875, 0.375), (0.71875, 0.375), (0.71875, 0.375), (0.71875, 0.375), (0.71875, 0.288333), (0.71875, 0.321667), (0.71875, 0.321667), (0.71875, 0.321667), (0.71875, 0.288333), (0.71875, 0.288333), (0.71875, 0.288333), (0.71875, 0.321667), (0.71875, 0.288333), (0.71875, 0.321667), (0.71875, 0.288333), (0.71875, 0.321667), (0.71875, 0.321667), (0.71875, 0.288333), (0.71875, 0.288333), (0.71875, 0.288333), (0.71875, 0.321667), (0.71875, 0.321667), (0.71875, 0.321667), (0.71875, 0.288333), (0.71875, 0.288333), (0.71875, 0.288333), (0.71875, 0.321667), (0.71875, 0.321667), (0.71875, 0.375), (0.71875, 0.321667), (0.71875, 0.321667), (0.71875, 0.321667), (0.71875, 0.375), (0.71875, 0.375), (0.71875, 0.375), (0.71875, 0.321667), (0.71875, 0.375), (0.71875, 0.321667), (0.71875, 0.375), (0.71875, 0.321667), (0.71875, 0.375), (0.71875, 0.321667), (0.71875, 0.321667), (0.71875, 0.321667), (0.71875, 0.375), (0.71875, 0.375), (0.71875, 0.375), (0.71875, 0.321667), (0.71875, 0.321667), (0.71875, 0.321667), (0.71875, 0.375), (0.71875, 0.375), (0.71875, 0.375), (0.71875, 0.321667), (0.71875, 0.321667), (0.71875, 0.321667), (0.71875, 0.375), (0.71875, 0.375), (0.71875, 0.321667), (0.71875, 0.375), (0.71875, 0.375), (0.71875, 0.375), (0.71875, 0.321667), (0.71875, 0.321667), (0.71875, 0.321667), (0.71875, 0.375), (0.71875, 0.321667), (0.71875, 0.375), (0.71875, 0.321667), (0.71875, 0.375), (0.71875, 0.321667), (0.71875, 0.288333), (0.71875, 0.321667), (0.71875, 0.288333), (0.71875, 0.321667), (0.71875, 0.288333), (0.71875, 0.321667), (0.71875, 0.288333), (0.71875, 0.288333), (0.71875, 0.288333), (0.71875, 0.321667), (0.71875, 0.321667), (0.71875, 0.321667), (0.71875, 0.288333), (0.71875, 0.288333), (0.71875, 0.288333), (0.71875, 0.321667), (0.71875, 0.321667), (0.71875, 0.375), (0.71875, 0.321667), (0.71875, 0.321667), (0.71875, 0.321667), (0.71875, 0.375), (0.71875, 0.375), (0.71875, 0.321667), (0.71875, 0.288333), (0.71875, 0.288333), (0.71875, 0.288333), (0.71875, 0.321667), (0.71875, 0.321667), (0.84375, 0.445711), (0.84375, 0.445711), (0.84375, 0.475), (0.84375, 0.445711), (0.84375, 0.445711), (0.84375, 0.475), (0.84375, 0.475), (0.84375, 0.445711), (0.84375, 0.445711), (0.84375, 0.475), (0.84375, 0.445711), (0.84375, 0.445711), (0.84375, 0.445711), (0.84375, 0.475), (0.84375, 0.445711), (0.84375, 0.445711), (0.84375, 0.475), (0.84375, 0.445711), (0.84375, 0.275), (0.84375, 0.304289), (0.84375, 0.304289), (0.84375, 0.304289), (0.84375, 0.275), (0.84375, 0.304289), (0.84375, 0.304289), (0.84375, 0.275), (0.84375, 0.304289), (0.84375, 0.275), (0.84375, 0.304289), (0.84375, 0.304289), (0.84375, 0.304289), (0.84375, 0.304289), (0.84375, 0.275), (0.84375, 0.304289), (0.84375, 0.304289), (0.84375, 0.275), (0.84375, 0.375), (0.84375, 0.445711), (0.84375, 0.375), (0.84375, 0.445711), (0.84375, 0.375), (0.84375, 0.445711), (0.84375, 0.445711), (0.84375, 0.375), (0.84375, 0.375), (0.84375, 0.375), (0.84375, 0.445711), (0.84375, 0.445711), (0.84375, 0.445711), (0.84375, 0.375), (0.84375, 0.445711), (0.84375, 0.375), (0.84375, 0.445711), (0.84375, 0.375), (0.84375, 0.304289), (0.84375, 0.375), (0.84375, 0.304289), (0.84375, 0.375), (0.84375, 0.304289), (0.84375, 0.375), (0.84375, 0.375), (0.84375, 0.304289), (0.84375, 0.304289), (0.84375, 0.304289), (0.84375, 0.375), (0.84375, 0.375), (0.84375, 0.375), (0.84375, 0.304289), (0.84375, 0.375), (0.84375, 0.304289), (0.84375, 0.375), (0.84375, 0.304289), (0.84375, 0.375), (0.84375, 0.304289), (0.84375, 0.375), (0.84375, 0.304289), (0.84375, 0.375), (0.84375, 0.304289), (0.84375, 0.445711), (0.84375, 0.375), (0.84375, 0.375), (0.84375, 0.375), (0.84375, 0.445711), (0.84375, 0.445711), (0.84375, 0.375), (0.84375, 0.304289), (0.84375, 0.304289), (0.84375, 0.304289), (0.84375, 0.375), (0.84375, 0.375), (0.84375, 0.375), (0.84375, 0.445711), (0.84375, 0.375), (0.84375, 0.445711), (0.84375, 0.375), (0.84375, 0.445711), (0.84375, 0.445711), (0.84375, 0.375), (0.84375, 0.375), (0.84375, 0.375), (0.84375, 0.445711), (0.84375, 0.445711), (0.84375, 0.304289), (0.84375, 0.375), (0.84375, 0.375), (0.84375, 0.375), (0.84375, 0.304289), (0.84375, 0.304289), (0.84375, 0.304289), (0.84375, 0.304289), (0.84375, 0.275), (0.84375, 0.304289), (0.84375, 0.275), (0.84375, 0.304289), (0.84375, 0.475), (0.84375, 0.445711), (0.84375, 0.445711), (0.84375, 0.445711), (0.84375, 0.445711), (0.84375, 0.475), (0.84375, 0.304289), (0.84375, 0.275), (0.84375, 0.304289), (0.84375, 0.445711), (0.84375, 0.475), (0.84375, 0.445711), (0.84375, 0.275), (0.84375, 0.304289), (0.84375, 0.304289), (0.84375, 0.304289), (0.84375, 0.304289), (0.84375, 0.275), (0.84375, 0.445711), (0.84375, 0.475), (0.84375, 0.445711), (0.84375, 0.475), (0.84375, 0.445711), (0.84375, 0.445711), (0.84375, 0.445711), (0.84375, 0.445711), (0.84375, 0.475), (0.84375, 0.275), (0.84375, 0.304289), (0.84375, 0.304289), (0.84375, 0.375), (0.84375, 0.304289), (0.84375, 0.375), (0.84375, 0.304289), (0.84375, 0.375), (0.84375, 0.304289), (0.84375, 0.445711), (0.84375, 0.375), (0.84375, 0.445711), (0.84375, 0.375), (0.84375, 0.445711), (0.84375, 0.375), (0.84375, 0.445711), (0.84375, 0.375), (0.84375, 0.375), (0.84375, 0.375), (0.84375, 0.445711), (0.84375, 0.445711), (0.84375, 0.375), (0.84375, 0.304289), (0.84375, 0.304289), (0.84375, 0.304289), (0.84375, 0.375), (0.84375, 0.375), (0.84375, 0.375), (0.84375, 0.445711), (0.84375, 0.375), (0.84375, 0.445711), (0.84375, 0.375), (0.84375, 0.445711), (0.84375, 0.375), (0.84375, 0.304289), (0.84375, 0.375), (0.84375, 0.304289), (0.84375, 0.375), (0.84375, 0.304289), (0.84375, 0.445711), (0.84375, 0.375), (0.84375, 0.375), (0.84375, 0.375), (0.84375, 0.445711), (0.84375, 0.445711), (0.84375, 0.304289), (0.84375, 0.375), (0.84375, 0.375), (0.84375, 0.375), (0.84375, 0.304289), (0.84375, 0.304289), (0.84375, 0.445711), (0.84375, 0.375), (0.84375, 0.375), (0.84375, 0.375), (0.84375, 0.445711), (0.84375, 0.445711), (0.84375, 0.375), (0.84375, 0.445711), (0.84375, 0.375), (0.84375, 0.445711), (0.84375, 0.375), (0.84375, 0.445711), (0.84375, 0.375), (0.84375, 0.304289), (0.84375, 0.304289), (0.84375, 0.304289), (0.84375, 0.375), (0.84375, 0.375), (0.84375, 0.304289), (0.84375, 0.375), (0.84375, 0.304289), (0.84375, 0.375), (0.84375, 0.304289), (0.84375, 0.375), (0.84375, 0.304289), (0.84375, 0.275), (0.84375, 0.304289), (0.84375, 0.445711), (0.84375, 0.475), (0.84375, 0.445711), (0.84375, 0.304289), (0.84375, 0.304289), (0.84375, 0.275), (0.84375, 0.304289), (0.84375, 0.304289), (0.84375, 0.275), (0.84375, 0.475), (0.84375, 0.445711), (0.84375, 0.445711), (0.84375, 0.304289), (0.84375, 0.275), (0.84375, 0.304289), (0.84375, 0.275), (0.84375, 0.304289), (0.84375, 0.304289), (0.84375, 0.475), (0.84375, 0.445711), (0.84375, 0.445711), (0.84375, 0.445711), (0.84375, 0.445711), (0.84375, 0.475), (0.84375, 0.445711), (0.84375, 0.475), (0.84375, 0.445711), (0.84375, 0.445711), (0.84375, 0.445711), (0.84375, 0.475), (0.84375, 0.275), (0.84375, 0.304289), (0.84375, 0.304289), (0.84375, 0.304289), (0.84375, 0.375), (0.84375, 0.304289), (0.84375, 0.375), (0.84375, 0.304289), (0.84375, 0.375), (0.84375, 0.445711), (0.84375, 0.375), (0.84375, 0.445711), (0.84375, 0.375), (0.84375, 0.445711), (0.84375, 0.375), (0.84375, 0.445711), (0.84375, 0.375), (0.84375, 0.375), (0.84375, 0.375), (0.84375, 0.445711), (0.84375, 0.445711), (0.84375, 0.375), (0.84375, 0.445711), (0.84375, 0.375), (0.84375, 0.445711), (0.84375, 0.375), (0.84375, 0.445711), (0.84375, 0.445711), (0.84375, 0.375), (0.84375, 0.375), (0.84375, 0.375), (0.84375, 0.445711), (0.84375, 0.445711), (0.84375, 0.445711), (0.84375, 0.375), (0.84375, 0.375), (0.84375, 0.375), (0.84375, 0.445711), (0.84375, 0.445711), (0.84375, 0.375), (0.84375, 0.445711), (0.84375, 0.375), (0.84375, 0.445711), (0.84375, 0.375), (0.84375, 0.445711), (0.84375, 0.375), (0.84375, 0.304289), (0.84375, 0.304289), (0.84375, 0.304289), (0.84375, 0.375), (0.84375, 0.375), (0.84375, 0.375), (0.84375, 0.304289), (0.84375, 0.375), (0.84375, 0.304289), (0.84375, 0.375), (0.84375, 0.304289), (0.84375, 0.375), (0.84375, 0.304289), (0.84375, 0.304289), (0.84375, 0.304289), (0.84375, 0.375), (0.84375, 0.375), (0.84375, 0.375), (0.84375, 0.304289), (0.84375, 0.375), (0.84375, 0.304289), (0.84375, 0.375), (0.84375, 0.304289), (0.84375, 0.304289), (0.84375, 0.375), (0.84375, 0.375), (0.84375, 0.375), (0.84375, 0.304289), (0.84375, 0.304289), (0.84375, 0.411062), (0.84375, 0.43185), (0.84375, 0.43185), (0.84375, 0.43185), (0.84375, 0.411062), (0.84375, 0.411062), (0.84375, 0.378644), (0.84375, 0.411062), (0.84375, 0.411062), (0.84375, 0.411062), (0.84375, 0.378644), (0.84375, 0.378644), (0.84375, 0.378512), (0.84375, 0.393654), (0.84375, 0.375), (0.84375, 0.393654), (0.84375, 0.378512), (0.84375, 0.411062), (0.84375, 0.411062), (0.84375, 0.393654), (0.84375, 0.411062), (0.84375, 0.411062), (0.84375, 0.411062), (0.84375, 0.43185), (0.84375, 0.378644), (0.84375, 0.393654), (0.84375, 0.411062), (0.84375, 0.393654), (0.84375, 0.378644), (0.84375, 0.375096), (0.84375, 0.411062), (0.84375, 0.43185), (0.84375, 0.431643), (0.84375, 0.431643), (0.84375, 0.43185), (0.84375, 0.439228), (0.84375, 0.439228), (0.84375, 0.43185), (0.84375, 0.439228), (0.84375, 0.439228), (0.84375, 0.439228), (0.84375, 0.439228), (0.84375, 0.439228), (0.84375, 0.439228), (0.84375, 0.439228), (0.84375, 0.473636), (0.84375, 0.439228), (0.84375, 0.439228), (0.84375, 0.439228), (0.84375, 0.473636), (0.84375, 0.473466), (0.84375, 0.473466), (0.84375, 0.473636), (0.84375, 0.475), (0.84375, 0.439228), (0.84375, 0.43185), (0.84375, 0.439228), (0.84375, 0.43185), (0.84375, 0.439228), (0.84375, 0.43185), (0.84375, 0.473466), (0.84375, 0.475), (0.84375, 0.475), (0.84375, 0.475), (0.84375, 0.473466), (0.84375, 0.473466), (0.84375, 0.378644), (0.84375, 0.393654), (0.84375, 0.375096), (0.84375, 0.393654), (0.84375, 0.378644), (0.84375, 0.411062), (0.84375, 0.411062), (0.84375, 0.393654), (0.84375, 0.411062), (0.84375, 0.411062), (0.84375, 0.411062), (0.84375, 0.431643), (0.84375, 0.378512), (0.84375, 0.393654), (0.84375, 0.411062), (0.84375, 0.393654), (0.84375, 0.378512), (0.84375, 0.375), (0.84375, 0.411062), (0.84375, 0.431643), (0.84375, 0.43185), (0.84375, 0.43185), (0.84375, 0.431643), (0.84375, 0.439228), (0.84375, 0.43185), (0.84375, 0.439228), (0.84375, 0.439228), (0.84375, 0.439228), (0.84375, 0.439228), (0.84375, 0.439228), (0.84375, 0.439228), (0.84375, 0.439228), (0.84375, 0.439228), (0.84375, 0.473466), (0.84375, 0.439228), (0.84375, 0.439228), (0.84375, 0.439228), (0.84375, 0.473466), (0.84375, 0.473636), (0.84375, 0.473636), (0.84375, 0.473466), (0.84375, 0.475), (0.84375, 0.475), (0.84375, 0.473636), (0.84375, 0.473636), (0.84375, 0.473636), (0.84375, 0.475), (0.84375, 0.475), (0.84375, 0.439228), (0.84375, 0.439228), (0.84375, 0.439228), (0.84375, 0.439228), (0.84375, 0.439228), (0.84375, 0.439228), (0.84375, 0.431643), (0.84375, 0.439228), (0.84375, 0.431643), (0.84375, 0.439228), (0.84375, 0.431643), (0.84375, 0.439228), (0.84375, 0.375), (0.84375, 0.378512), (0.84375, 0.378512), (0.84375, 0.378512), (0.84375, 0.375), (0.84375, 0.375), (0.84375, 0.439228), (0.84375, 0.439228), (0.84375, 0.439228), (0.84375, 0.439228), (0.84375, 0.439228), (0.84375, 0.439228), (0.84375, 0.473636), (0.84375, 0.439228), (0.84375, 0.473636), (0.84375, 0.439228), (0.84375, 0.473636), (0.84375, 0.439228), (0.84375, 0.439228), (0.84375, 0.473466), (0.84375, 0.473466), (0.84375, 0.473466), (0.84375, 0.439228), (0.84375, 0.439228), (0.84375, 0.378644), (0.84375, 0.375096), (0.84375, 0.375096), (0.84375, 0.375096), (0.84375, 0.378644), (0.84375, 0.378644), (0.84375, 0.375096), (0.84375, 0.393654), (0.84375, 0.393654), (0.84375, 0.393654), (0.84375, 0.375096), (0.84375, 0.375096), (0.84375, 0.393654), (0.84375, 0.375), (0.84375, 0.375), (0.84375, 0.375), (0.84375, 0.393654), (0.84375, 0.393654), (0.84375, 0.411062), (0.84375, 0.378512), (0.84375, 0.411062), (0.84375, 0.378512), (0.84375, 0.411062), (0.84375, 0.378512), (0.84375, 0.431643), (0.84375, 0.411062), (0.84375, 0.411062), (0.84375, 0.411062), (0.84375, 0.431643), (0.84375, 0.431643), (0.84375, 0.475), (0.84375, 0.475), (0.84375, 0.475), (0.84375, 0.475), (0.84375, 0.475), (0.84375, 0.475), (0.84375, 0.475), (0.84375, 0.475), (0.84375, 0.475), (0.84375, 0.475), (0.84375, 0.475), (0.84375, 0.475), (0.84375, 0.475), (0.84375, 0.475), (0.84375, 0.475), (0.84375, 0.475), (0.84375, 0.475), (0.84375, 0.475), (0.84375, 0.275), (0.84375, 0.275), (0.84375, 0.275), (0.84375, 0.275), (0.84375, 0.275), (0.84375, 0.275), (0.84375, 0.275), (0.84375, 0.275), (0.84375, 0.275), (0.84375, 0.275), (0.84375, 0.275), (0.84375, 0.275), (0.84375, 0.275), (0.84375, 0.275), (0.84375, 0.275), (0.84375, 0.275), (0.84375, 0.275), (0.84375, 0.275), (0.84375, 0.475), (0.84375, 0.275), (0.84375, 0.275), (0.84375, 0.275), (0.84375, 0.475), (0.84375, 0.475), (0.84375, 0.475), (0.84375, 0.275), (0.84375, 0.275), (0.84375, 0.275), (0.84375, 0.475), (0.84375, 0.475), (0.84375, 0.475), (0.84375, 0.275), (0.84375, 0.475), (0.84375, 0.275), (0.84375, 0.475), (0.84375, 0.275), (0.84375, 0.275), (0.84375, 0.475), (0.84375, 0.475), (0.84375, 0.475), (0.84375, 0.275), (0.84375, 0.275), (0.84375, 0.275), (0.84375, 0.475), (0.84375, 0.275), (0.84375, 0.475), (0.84375, 0.275), (0.84375, 0.475), (0.84375, 0.475), (0.84375, 0.275), (0.84375, 0.475), (0.84375, 0.275), (0.84375, 0.475), (0.84375, 0.275), (0.84375, 0.275), (0.84375, 0.475), (0.84375, 0.275), (0.84375, 0.475), (0.84375, 0.275), (0.84375, 0.475), (0.84375, 0.275), (0.84375, 0.475), (0.84375, 0.475), (0.84375, 0.475), (0.84375, 0.275), (0.84375, 0.275), (0.46875, 0.0542893), (0.46875, 0.0542893), (0.46875, 0.025), (0.46875, 0.0542893), (0.46875, 0.025), (0.46875, 0.0542893), (0.46875, 0.0542893), (0.46875, 0.025), (0.46875, 0.0542893), (0.46875, 0.195711), (0.46875, 0.225), (0.46875, 0.195711), (0.46875, 0.025), (0.46875, 0.0542893), (0.46875, 0.0542893), (0.46875, 0.0542893), (0.46875, 0.0542893), (0.46875, 0.025), (0.46875, 0.195711), (0.46875, 0.195711), (0.46875, 0.225), (0.46875, 0.195711), (0.46875, 0.225), (0.46875, 0.195711), (0.46875, 0.195711), (0.46875, 0.195711), (0.46875, 0.225), (0.46875, 0.225), (0.46875, 0.195711), (0.46875, 0.195711), (0.46875, 0.025), (0.46875, 0.0542893), (0.46875, 0.0542893), (0.46875, 0.225), (0.46875, 0.195711), (0.46875, 0.195711), (0.46875, 0.125), (0.46875, 0.0542893), (0.46875, 0.125), (0.46875, 0.0542893), (0.46875, 0.125), (0.46875, 0.0542893), (0.46875, 0.0542893), (0.46875, 0.125), (0.46875, 0.125), (0.46875, 0.125), (0.46875, 0.0542893), (0.46875, 0.0542893), (0.46875, 0.195711), (0.46875, 0.125), (0.46875, 0.125), (0.46875, 0.125), (0.46875, 0.195711), (0.46875, 0.195711), (0.46875, 0.125), (0.46875, 0.0542893), (0.46875, 0.0542893), (0.46875, 0.0542893), (0.46875, 0.125), (0.46875, 0.125), (0.46875, 0.125), (0.46875, 0.195711), (0.46875, 0.125), (0.46875, 0.195711), (0.46875, 0.125), (0.46875, 0.195711), (0.46875, 0.125), (0.46875, 0.0542893), (0.46875, 0.125), (0.46875, 0.0542893), (0.46875, 0.125), (0.46875, 0.0542893), (0.46875, 0.195711), (0.46875, 0.125), (0.46875, 0.125), (0.46875, 0.125), (0.46875, 0.195711), (0.46875, 0.195711), (0.46875, 0.195711), (0.46875, 0.125), (0.46875, 0.125), (0.46875, 0.125), (0.46875, 0.195711), (0.46875, 0.195711), (0.46875, 0.125), (0.46875, 0.195711), (0.46875, 0.125), (0.46875, 0.195711), (0.46875, 0.125), (0.46875, 0.195711), (0.46875, 0.0542893), (0.46875, 0.125), (0.46875, 0.0542893), (0.46875, 0.125), (0.46875, 0.0542893), (0.46875, 0.125), (0.46875, 0.195711), (0.46875, 0.125), (0.46875, 0.195711), (0.46875, 0.125), (0.46875, 0.195711), (0.46875, 0.125), (0.46875, 0.125), (0.46875, 0.0542893), (0.46875, 0.0542893), (0.46875, 0.0542893), (0.46875, 0.125), (0.46875, 0.125), (0.46875, 0.195711), (0.46875, 0.225), (0.46875, 0.195711), (0.46875, 0.195711), (0.46875, 0.225), (0.46875, 0.195711), (0.46875, 0.0542893), (0.46875, 0.025), (0.46875, 0.0542893), (0.46875, 0.025), (0.46875, 0.0542893), (0.46875, 0.0542893), (0.46875, 0.025), (0.46875, 0.0542893), (0.46875, 0.0542893), (0.46875, 0.0542893), (0.46875, 0.025), (0.46875, 0.0542893), (0.46875, 0.0542893), (0.46875, 0.0542893), (0.46875, 0.025), (0.46875, 0.0542893), (0.46875, 0.0542893), (0.46875, 0.025), (0.46875, 0.195711), (0.46875, 0.195711), (0.46875, 0.225), (0.46875, 0.195711), (0.46875, 0.195711), (0.46875, 0.225), (0.46875, 0.225), (0.46875, 0.195711), (0.46875, 0.195711), (0.46875, 0.225), (0.46875, 0.195711), (0.46875, 0.195711), (0.46875, 0.195711), (0.46875, 0.125), (0.46875, 0.125), (0.46875, 0.125), (0.46875, 0.195711), (0.46875, 0.195711), (0.46875, 0.195711), (0.46875, 0.125), (0.46875, 0.125), (0.46875, 0.125), (0.46875, 0.195711), (0.46875, 0.195711), (0.46875, 0.195711), (0.46875, 0.125), (0.46875, 0.195711), (0.46875, 0.125), (0.46875, 0.195711), (0.46875, 0.125), (0.46875, 0.195711), (0.46875, 0.125), (0.46875, 0.125), (0.46875, 0.125), (0.46875, 0.195711), (0.46875, 0.195711), (0.46875, 0.125), (0.46875, 0.195711), (0.46875, 0.125), (0.46875, 0.195711), (0.46875, 0.125), (0.46875, 0.195711), (0.46875, 0.125), (0.46875, 0.195711), (0.46875, 0.125), (0.46875, 0.195711), (0.46875, 0.125), (0.46875, 0.195711), (0.46875, 0.125), (0.46875, 0.0542893), (0.46875, 0.0542893), (0.46875, 0.0542893), (0.46875, 0.125), (0.46875, 0.125), (0.46875, 0.125), (0.46875, 0.0542893), (0.46875, 0.0542893), (0.46875, 0.0542893), (0.46875, 0.125), (0.46875, 0.125), (0.46875, 0.125), (0.46875, 0.0542893), (0.46875, 0.125), (0.46875, 0.0542893), (0.46875, 0.125), (0.46875, 0.0542893), (0.46875, 0.0542893), (0.46875, 0.125), (0.46875, 0.0542893), (0.46875, 0.125), (0.46875, 0.0542893), (0.46875, 0.125), (0.46875, 0.125), (0.46875, 0.0542893), (0.46875, 0.125), (0.46875, 0.0542893), (0.46875, 0.125), (0.46875, 0.0542893), (0.46875, 0.0542893), (0.46875, 0.125), (0.46875, 0.125), (0.46875, 0.125), (0.46875, 0.0542893), (0.46875, 0.0542893), (0.46875, 0.195711), (0.46875, 0.225), (0.46875, 0.195711), (0.46875, 0.195711), (0.46875, 0.225), (0.46875, 0.195711), (0.46875, 0.0542893), (0.46875, 0.025), (0.46875, 0.0542893), (0.46875, 0.025), (0.46875, 0.0542893), (0.46875, 0.0542893), (0.46875, 0.025), (0.46875, 0.0542893), (0.46875, 0.0542893), (0.46875, 0.0542893), (0.46875, 0.025), (0.46875, 0.0542893), (0.46875, 0.0542893), (0.46875, 0.0542893), (0.46875, 0.025), (0.46875, 0.0542893), (0.46875, 0.0542893), (0.46875, 0.025), (0.46875, 0.195711), (0.46875, 0.195711), (0.46875, 0.225), (0.46875, 0.195711), (0.46875, 0.195711), (0.46875, 0.225), (0.46875, 0.225), (0.46875, 0.195711), (0.46875, 0.195711), (0.46875, 0.225), (0.46875, 0.195711), (0.46875, 0.195711), (0.46875, 0.195711), (0.46875, 0.125), (0.46875, 0.125), (0.46875, 0.125), (0.46875, 0.195711), (0.46875, 0.195711), (0.46875, 0.195711), (0.46875, 0.125), (0.46875, 0.125), (0.46875, 0.125), (0.46875, 0.195711), (0.46875, 0.195711), (0.46875, 0.195711), (0.46875, 0.125), (0.46875, 0.195711), (0.46875, 0.125), (0.46875, 0.195711), (0.46875, 0.125), (0.46875, 0.195711), (0.46875, 0.125), (0.46875, 0.125), (0.46875, 0.125), (0.46875, 0.195711), (0.46875, 0.195711), (0.46875, 0.125), (0.46875, 0.195711), (0.46875, 0.125), (0.46875, 0.195711), (0.46875, 0.125), (0.46875, 0.195711), (0.46875, 0.125), (0.46875, 0.195711), (0.46875, 0.125), (0.46875, 0.195711), (0.46875, 0.125), (0.46875, 0.195711), (0.46875, 0.125), (0.46875, 0.0542893), (0.46875, 0.0542893), (0.46875, 0.0542893), (0.46875, 0.125), (0.46875, 0.125), (0.46875, 0.125), (0.46875, 0.0542893), (0.46875, 0.0542893), (0.46875, 0.0542893), (0.46875, 0.125), (0.46875, 0.125), (0.46875, 0.125), (0.46875, 0.0542893), (0.46875, 0.125), (0.46875, 0.0542893), (0.46875, 0.125), (0.46875, 0.0542893), (0.46875, 0.0542893), (0.46875, 0.125), (0.46875, 0.0542893), (0.46875, 0.125), (0.46875, 0.0542893), (0.46875, 0.125), (0.46875, 0.125), (0.46875, 0.0542893), (0.46875, 0.125), (0.46875, 0.0542893), (0.46875, 0.125), (0.46875, 0.0542893), (0.46875, 0.0542893), (0.46875, 0.125), (0.46875, 0.125), (0.46875, 0.125), (0.46875, 0.0542893), (0.46875, 0.0542893), (0.46875, 0.025), (0.46875, 0.225), (0.46875, 0.025), (0.46875, 0.225), (0.46875, 0.025), (0.46875, 0.225), (0.46875, 0.025), (0.46875, 0.225), (0.46875, 0.025), (0.46875, 0.225), (0.46875, 0.025), (0.46875, 0.225), (0.46875, 0.025), (0.46875, 0.225), (0.46875, 0.025), (0.46875, 0.225), (0.46875, 0.025), (0.46875, 0.225), (0.46875, 0.225), (0.46875, 0.025), (0.46875, 0.025), (0.46875, 0.025), (0.46875, 0.225), (0.46875, 0.225), (0.46875, 0.225), (0.46875, 0.025), (0.46875, 0.225), (0.46875, 0.025), (0.46875, 0.225), (0.46875, 0.025), (0.46875, 0.025), (0.46875, 0.225), (0.46875, 0.025), (0.46875, 0.225), (0.46875, 0.025), (0.46875, 0.225), (0.46875, 0.225), (0.46875, 0.025), (0.46875, 0.025), (0.46875, 0.025), (0.46875, 0.225), (0.46875, 0.225), (0.46875, 0.225), (0.46875, 0.025), (0.46875, 0.025), (0.46875, 0.025), (0.46875, 0.225), (0.46875, 0.225), (0.46875, 0.025), (0.46875, 0.225), (0.46875, 0.025), (0.46875, 0.225), (0.46875, 0.025), (0.46875, 0.225), (0.46875, 0.025), (0.46875, 0.225), (0.46875, 0.025), (0.46875, 0.225), (0.46875, 0.025), (0.46875, 0.225), (0.46875, 0.225), (0.46875, 0.025), (0.46875, 0.025), (0.46875, 0.025), (0.46875, 0.225), (0.46875, 0.225), (0.46875, 0.225), (0.46875, 0.025), (0.46875, 0.025), (0.46875, 0.025), (0.46875, 0.225), (0.46875, 0.225), (0.46875, 0.225), (0.46875, 0.025), (0.46875, 0.225), (0.46875, 0.025), (0.46875, 0.225), (0.46875, 0.025), (0.46875, 0.025), (0.46875, 0.225), (0.46875, 0.025), (0.46875, 0.225), (0.46875, 0.025), (0.46875, 0.225), (0.46875, 0.225), (0.46875, 0.025), (0.46875, 0.025), (0.46875, 0.025), (0.46875, 0.225), (0.46875, 0.225), (0.46875, 0.025), (0.46875, 0.225), (0.46875, 0.025), (0.46875, 0.225), (0.46875, 0.025), (0.46875, 0.225), (0.46875, 0.225), (0.46875, 0.025), (0.46875, 0.025), (0.46875, 0.025), (0.46875, 0.225), (0.46875, 0.225), (0.46875, 0.025), (0.46875, 0.225), (0.46875, 0.025), (0.46875, 0.225), (0.46875, 0.025), (0.46875, 0.225), (0.46875, 0.225), (0.46875, 0.025), (0.46875, 0.025), (0.46875, 0.025), (0.46875, 0.225), (0.46875, 0.225), (0.46875, 0.225), (0.46875, 0.025), (0.46875, 0.025), (0.46875, 0.025), (0.46875, 0.225), (0.46875, 0.225), (0.46875, 0.225), (0.46875, 0.025), (0.46875, 0.225), (0.46875, 0.025), (0.46875, 0.225), (0.46875, 0.025), (0.46875, 0.025), (0.46875, 0.225), (0.46875, 0.025), (0.46875, 0.225), (0.46875, 0.025), (0.46875, 0.225), (0.46875, 0.225), (0.46875, 0.025), (0.46875, 0.025), (0.46875, 0.025), (0.46875, 0.225), (0.46875, 0.225), (0.46875, 0.225), (0.46875, 0.025), (0.46875, 0.025), (0.46875, 0.025), (0.46875, 0.225), (0.46875, 0.225), (0.46875, 0.195711), (0.46875, 0.225), (0.46875, 0.195711), (0.46875, 0.195711), (0.46875, 0.225), (0.46875, 0.195711), (0.46875, 0.0542893), (0.46875, 0.025), (0.46875, 0.0542893), (0.46875, 0.025), (0.46875, 0.0542893), (0.46875, 0.0542893), (0.46875, 0.025), (0.46875, 0.0542893), (0.46875, 0.0542893), (0.46875, 0.0542893), (0.46875, 0.025), (0.46875, 0.0542893), (0.46875, 0.0542893), (0.46875, 0.0542893), (0.46875, 0.025), (0.46875, 0.0542893), (0.46875, 0.0542893), (0.46875, 0.025), (0.46875, 0.195711), (0.46875, 0.195711), (0.46875, 0.225), (0.46875, 0.195711), (0.46875, 0.195711), (0.46875, 0.225), (0.46875, 0.225), (0.46875, 0.195711), (0.46875, 0.195711), (0.46875, 0.225), (0.46875, 0.195711), (0.46875, 0.195711), (0.46875, 0.195711), (0.46875, 0.125), (0.46875, 0.125), (0.46875, 0.125), (0.46875, 0.195711), (0.46875, 0.195711), (0.46875, 0.195711), (0.46875, 0.125), (0.46875, 0.125), (0.46875, 0.125), (0.46875, 0.195711), (0.46875, 0.195711), (0.46875, 0.195711), (0.46875, 0.125), (0.46875, 0.195711), (0.46875, 0.125), (0.46875, 0.195711), (0.46875, 0.125), (0.46875, 0.195711), (0.46875, 0.125), (0.46875, 0.125), (0.46875, 0.125), (0.46875, 0.195711), (0.46875, 0.195711), (0.46875, 0.125), (0.46875, 0.195711), (0.46875, 0.125), (0.46875, 0.195711), (0.46875, 0.125), (0.46875, 0.195711), (0.46875, 0.125), (0.46875, 0.195711), (0.46875, 0.125), (0.46875, 0.195711), (0.46875, 0.125), (0.46875, 0.195711), (0.46875, 0.125), (0.46875, 0.0542893), (0.46875, 0.0542893), (0.46875, 0.0542893), (0.46875, 0.125), (0.46875, 0.125), (0.46875, 0.125), (0.46875, 0.0542893), (0.46875, 0.0542893), (0.46875, 0.0542893), (0.46875, 0.125), (0.46875, 0.125), (0.46875, 0.125), (0.46875, 0.0542893), (0.46875, 0.125), (0.46875, 0.0542893), (0.46875, 0.125), (0.46875, 0.0542893), (0.46875, 0.0542893), (0.46875, 0.125), (0.46875, 0.0542893), (0.46875, 0.125), (0.46875, 0.0542893), (0.46875, 0.125), (0.46875, 0.125), (0.46875, 0.0542893), (0.46875, 0.125), (0.46875, 0.0542893), (0.46875, 0.125), (0.46875, 0.0542893), (0.46875, 0.0542893), (0.46875, 0.125), (0.46875, 0.125), (0.46875, 0.125), (0.46875, 0.0542893), (0.46875, 0.0542893), (0.46875, 0.275), (0.46875, 0.475), (0.46875, 0.275), (0.46875, 0.475), (0.46875, 0.275), (0.46875, 0.475), (0.46875, 0.275), (0.46875, 0.475), (0.46875, 0.275), (0.46875, 0.475), (0.46875, 0.275), (0.46875, 0.475), (0.46875, 0.275), (0.46875, 0.475), (0.46875, 0.275), (0.46875, 0.475), (0.46875, 0.275), (0.46875, 0.475), (0.46875, 0.275), (0.46875, 0.275), (0.46875, 0.475), (0.46875, 0.475), (0.46875, 0.475), (0.46875, 0.275), (0.46875, 0.475), (0.46875, 0.275), (0.46875, 0.475), (0.46875, 0.275), (0.46875, 0.475), (0.46875, 0.275), (0.46875, 0.275), (0.46875, 0.475), (0.46875, 0.275), (0.46875, 0.475), (0.46875, 0.275), (0.46875, 0.475), (0.46875, 0.275), (0.46875, 0.275), (0.46875, 0.475), (0.46875, 0.475), (0.46875, 0.475), (0.46875, 0.275), (0.46875, 0.275), (0.46875, 0.275), (0.46875, 0.475), (0.46875, 0.475), (0.46875, 0.475), (0.46875, 0.275), (0.46875, 0.275), (0.46875, 0.475), (0.46875, 0.275), (0.46875, 0.475), (0.46875, 0.275), (0.46875, 0.475), (0.46875, 0.275), (0.46875, 0.475), (0.46875, 0.275), (0.46875, 0.475), (0.46875, 0.275), (0.46875, 0.475), (0.46875, 0.275), (0.46875, 0.275), (0.46875, 0.475), (0.46875, 0.475), (0.46875, 0.475), (0.46875, 0.275), (0.46875, 0.275), (0.46875, 0.275), (0.46875, 0.475), (0.46875, 0.475), (0.46875, 0.475), (0.46875, 0.275), (0.46875, 0.475), (0.46875, 0.275), (0.46875, 0.475), (0.46875, 0.275), (0.46875, 0.475), (0.46875, 0.275), (0.46875, 0.275), (0.46875, 0.475), (0.46875, 0.275), (0.46875, 0.475), (0.46875, 0.275), (0.46875, 0.475), (0.46875, 0.275), (0.46875, 0.275), (0.46875, 0.475), (0.46875, 0.475), (0.46875, 0.475), (0.46875, 0.275), (0.46875, 0.275), (0.46875, 0.475), (0.46875, 0.275), (0.46875, 0.475), (0.46875, 0.275), (0.46875, 0.475), (0.46875, 0.275), (0.46875, 0.275), (0.46875, 0.475), (0.46875, 0.475), (0.46875, 0.475), (0.46875, 0.275), (0.46875, 0.275), (0.46875, 0.475), (0.46875, 0.275), (0.46875, 0.475), (0.46875, 0.275), (0.46875, 0.475), (0.46875, 0.275), (0.46875, 0.275), (0.46875, 0.475), (0.46875, 0.475), (0.46875, 0.475), (0.46875, 0.275), (0.46875, 0.275), (0.46875, 0.275), (0.46875, 0.475), (0.46875, 0.475), (0.46875, 0.475), (0.46875, 0.275), (0.46875, 0.475), (0.46875, 0.275), (0.46875, 0.475), (0.46875, 0.275), (0.46875, 0.475), (0.46875, 0.275), (0.46875, 0.275), (0.46875, 0.475), (0.46875, 0.275), (0.46875, 0.475), (0.46875, 0.275), (0.46875, 0.475), (0.46875, 0.275), (0.46875, 0.275), (0.46875, 0.475), (0.46875, 0.475), (0.46875, 0.475), (0.46875, 0.275), (0.46875, 0.275), (0.46875, 0.275), (0.46875, 0.475), (0.46875, 0.475), (0.46875, 0.475), (0.46875, 0.275), (0.09375, 0.225), (0.09375, 0.225), (0.09375, 0.225), (0.09375, 0.225), (0.09375, 0.225), (0.09375, 0.225), (0.09375, 0.225), (0.09375, 0.225), (0.09375, 0.225), (0.09375, 0.225), (0.09375, 0.225), (0.09375, 0.225), (0.09375, 0.225), (0.09375, 0.225), (0.09375, 0.225), (0.09375, 0.225), (0.09375, 0.225), (0.09375, 0.225), (0.09375, 0.025), (0.09375, 0.025), (0.09375, 0.025), (0.09375, 0.025), (0.09375, 0.025), (0.09375, 0.025), (0.09375, 0.025), (0.09375, 0.025), (0.09375, 0.025), (0.09375, 0.025), (0.09375, 0.025), (0.09375, 0.025), (0.09375, 0.025), (0.09375, 0.025), (0.09375, 0.025), (0.09375, 0.025), (0.09375, 0.025), (0.09375, 0.025), (0.09375, 0.0925), (0.09375, 0.025), (0.09375, 0.0925), (0.09375, 0.025), (0.09375, 0.0925), (0.09375, 0.025), (0.09375, 0.0925), (0.09375, 0.025), (0.09375, 0.025), (0.09375, 0.025), (0.09375, 0.0925), (0.09375, 0.0925), (0.09375, 0.0925), (0.09375, 0.025), (0.09375, 0.025), (0.09375, 0.025), (0.09375, 0.0925), (0.09375, 0.0925), (0.09375, 0.025), (0.09375, 0.0925), (0.09375, 0.0925), (0.09375, 0.0925), (0.09375, 0.025), (0.09375, 0.025), (0.09375, 0.0925), (0.09375, 0.025), (0.09375, 0.025), (0.09375, 0.025), (0.09375, 0.0925), (0.09375, 0.0925), (0.09375, 0.0925), (0.09375, 0.025), (0.09375, 0.0925), (0.09375, 0.025), (0.09375, 0.0925), (0.09375, 0.025), (0.09375, 0.025), (0.09375, 0.0925), (0.09375, 0.025), (0.09375, 0.0925), (0.09375, 0.025), (0.09375, 0.0925), (0.09375, 0.0925), (0.09375, 0.025), (0.09375, 0.025), (0.09375, 0.025), (0.09375, 0.0925), (0.09375, 0.0925), (0.09375, 0.225), (0.09375, 0.0925), (0.09375, 0.0925), (0.09375, 0.0925), (0.09375, 0.225), (0.09375, 0.225), (0.09375, 0.0925), (0.09375, 0.225), (0.09375, 0.225), (0.09375, 0.225), (0.09375, 0.0925), (0.09375, 0.0925), (0.09375, 0.225), (0.09375, 0.0925), (0.09375, 0.0925), (0.09375, 0.0925), (0.09375, 0.225), (0.09375, 0.225), (0.09375, 0.0925), (0.09375, 0.225), (0.09375, 0.0925), (0.09375, 0.225), (0.09375, 0.0925), (0.09375, 0.225), (0.09375, 0.225), (0.09375, 0.0925), (0.09375, 0.0925), (0.09375, 0.0925), (0.09375, 0.225), (0.09375, 0.225), (0.09375, 0.225), (0.09375, 0.0925), (0.09375, 0.0925), (0.09375, 0.0925), (0.09375, 0.225), (0.09375, 0.225), (0.09375, 0.225), (0.09375, 0.0925), (0.09375, 0.0925), (0.09375, 0.0925), (0.09375, 0.225), (0.09375, 0.225), (0.09375, 0.225), (0.09375, 0.0925), (0.09375, 0.225), (0.09375, 0.0925), (0.09375, 0.225), (0.09375, 0.0925), (0.09375, 0.119223), (0.09375, 0.025), (0.09375, 0.119223), (0.09375, 0.025), (0.09375, 0.119223), (0.09375, 0.025), (0.09375, 0.119223), (0.09375, 0.025), (0.09375, 0.025), (0.09375, 0.025), (0.09375, 0.119223), (0.09375, 0.119223), (0.09375, 0.119223), (0.09375, 0.025), (0.09375, 0.119223), (0.09375, 0.025), (0.09375, 0.119223), (0.09375, 0.025), (0.09375, 0.225), (0.09375, 0.119223), (0.09375, 0.119223), (0.09375, 0.119223), (0.09375, 0.225), (0.09375, 0.225), (0.09375, 0.119223), (0.09375, 0.225), (0.09375, 0.119223), (0.09375, 0.225), (0.09375, 0.119223), (0.09375, 0.225), (0.09375, 0.119223), (0.09375, 0.225), (0.09375, 0.119223), (0.09375, 0.225), (0.09375, 0.119223), (0.09375, 0.225), (0.09375, 0.225), (0.09375, 0.119223), (0.09375, 0.119223), (0.09375, 0.119223), (0.09375, 0.225), (0.09375, 0.225), (0.09375, 0.225), (0.09375, 0.119223), (0.09375, 0.225), (0.09375, 0.119223), (0.09375, 0.225), (0.09375, 0.119223), (0.09375, 0.225), (0.09375, 0.119223), (0.09375, 0.225), (0.09375, 0.119223), (0.09375, 0.225), (0.09375, 0.119223), (0.09375, 0.119223), (0.09375, 0.225), (0.09375, 0.225), (0.09375, 0.225), (0.09375, 0.119223), (0.09375, 0.119223), (0.09375, 0.119223), (0.09375, 0.225), (0.09375, 0.119223), (0.09375, 0.225), (0.09375, 0.119223), (0.09375, 0.225), (0.09375, 0.119223), (0.09375, 0.025), (0.09375, 0.025), (0.09375, 0.025), (0.09375, 0.119223), (0.09375, 0.119223), (0.09375, 0.025), (0.09375, 0.119223), (0.09375, 0.119223), (0.09375, 0.119223), (0.09375, 0.025), (0.09375, 0.025), (0.09375, 0.119223), (0.09375, 0.025), (0.09375, 0.025), (0.09375, 0.025), (0.09375, 0.119223), (0.09375, 0.119223), (0.09375, 0.025), (0.09375, 0.119223), (0.09375, 0.025), (0.09375, 0.119223), (0.09375, 0.025), (0.09375, 0.119223), (0.09375, 0.119223), (0.09375, 0.025), (0.09375, 0.025), (0.09375, 0.025), (0.09375, 0.119223), (0.09375, 0.119223), (0.09375, 0.10566), (0.09375, 0.025), (0.09375, 0.025), (0.09375, 0.025), (0.09375, 0.10566), (0.09375, 0.10566), (0.09375, 0.225), (0.09375, 0.10566), (0.09375, 0.225), (0.09375, 0.10566), (0.09375, 0.225), (0.09375, 0.10566), (0.09375, 0.10566), (0.09375, 0.225), (0.09375, 0.225), (0.09375, 0.225), (0.09375, 0.10566), (0.09375, 0.10566), (0.09375, 0.10566), (0.09375, 0.225), (0.09375, 0.10566), (0.09375, 0.225), (0.09375, 0.10566), (0.09375, 0.225), (0.09375, 0.10566), (0.09375, 0.225), (0.09375, 0.10566), (0.09375, 0.225), (0.09375, 0.10566), (0.09375, 0.225), (0.09375, 0.225), (0.09375, 0.10566), (0.09375, 0.10566), (0.09375, 0.10566), (0.09375, 0.225), (0.09375, 0.225), (0.09375, 0.225), (0.09375, 0.10566), (0.09375, 0.225), (0.09375, 0.10566), (0.09375, 0.225), (0.09375, 0.10566), (0.09375, 0.225), (0.09375, 0.10566), (0.09375, 0.10566), (0.09375, 0.10566), (0.09375, 0.225), (0.09375, 0.225), (0.09375, 0.10566), (0.09375, 0.225), (0.09375, 0.10566), (0.09375, 0.225), (0.09375, 0.10566), (0.09375, 0.225), (0.09375, 0.10566), (0.09375, 0.025), (0.09375, 0.025), (0.09375, 0.025), (0.09375, 0.10566), (0.09375, 0.10566), (0.09375, 0.025), (0.09375, 0.10566), (0.09375, 0.10566), (0.09375, 0.10566), (0.09375, 0.025), (0.09375, 0.025), (0.09375, 0.10566), (0.09375, 0.025), (0.09375, 0.025), (0.09375, 0.025), (0.09375, 0.10566), (0.09375, 0.10566), (0.09375, 0.10566), (0.09375, 0.025), (0.09375, 0.10566), (0.09375, 0.025), (0.09375, 0.10566), (0.09375, 0.025), (0.09375, 0.10566), (0.09375, 0.025), (0.09375, 0.025), (0.09375, 0.025), (0.09375, 0.10566), (0.09375, 0.10566), (0.09375, 0.10566), (0.09375, 0.025), (0.09375, 0.10566), (0.09375, 0.025), (0.09375, 0.10566), (0.09375, 0.025), (0.09375, 0.025), (0.09375, 0.10566), (0.09375, 0.10566), (0.09375, 0.10566), (0.09375, 0.025), (0.09375, 0.025), (0.09375, 0.025), (0.09375, 0.105239), (0.09375, 0.105239), (0.09375, 0.105239), (0.09375, 0.025), (0.09375, 0.025), (0.09375, 0.105239), (0.09375, 0.025), (0.09375, 0.025), (0.09375, 0.025), (0.09375, 0.105239), (0.09375, 0.105239), (0.09375, 0.025), (0.09375, 0.105239), (0.09375, 0.105239), (0.09375, 0.105239), (0.09375, 0.025), (0.09375, 0.025), (0.09375, 0.105239), (0.09375, 0.025), (0.09375, 0.025), (0.09375, 0.025), (0.09375, 0.105239), (0.09375, 0.105239), (0.09375, 0.105239), (0.09375, 0.225), (0.09375, 0.105239), (0.09375, 0.225), (0.09375, 0.105239), (0.09375, 0.225), (0.09375, 0.105239), (0.09375, 0.225), (0.09375, 0.225), (0.09375, 0.225), (0.09375, 0.105239), (0.09375, 0.105239), (0.09375, 0.105239), (0.09375, 0.025), (0.09375, 0.105239), (0.09375, 0.025), (0.09375, 0.105239), (0.09375, 0.025), (0.09375, 0.225), (0.09375, 0.105239), (0.09375, 0.105239), (0.09375, 0.105239), (0.09375, 0.225), (0.09375, 0.225), (0.09375, 0.105239), (0.09375, 0.025), (0.09375, 0.025), (0.09375, 0.025), (0.09375, 0.105239), (0.09375, 0.105239), (0.09375, 0.225), (0.09375, 0.105239), (0.09375, 0.225), (0.09375, 0.105239), (0.09375, 0.225), (0.09375, 0.105239), (0.09375, 0.105239), (0.09375, 0.225), (0.09375, 0.105239), (0.09375, 0.225), (0.09375, 0.105239), (0.09375, 0.225), (0.09375, 0.225), (0.09375, 0.105239), (0.09375, 0.225), (0.09375, 0.105239), (0.09375, 0.225), (0.09375, 0.105239), (0.09375, 0.225), (0.09375, 0.105239), (0.09375, 0.105239), (0.09375, 0.105239), (0.09375, 0.225), (0.09375, 0.225), (0.09375, 0.105239), (0.09375, 0.225), (0.09375, 0.105239), (0.09375, 0.225), (0.09375, 0.105239), (0.09375, 0.225), (0.09375, 0.105239), (0.09375, 0.025), (0.09375, 0.025), (0.09375, 0.025), (0.09375, 0.105239), (0.09375, 0.105239), (0.09375, 0.105239), (0.09375, 0.025), (0.09375, 0.105239), (0.09375, 0.025), (0.09375, 0.105239), (0.09375, 0.025), (0.21875, 0.415), (0.21875, 0.475), (0.21875, 0.475), (0.21875, 0.475), (0.21875, 0.415), (0.21875, 0.415), (0.21875, 0.475), (0.21875, 0.475), (0.21875, 0.475), (0.21875, 0.475), (0.21875, 0.475), (0.21875, 0.475), (0.21875, 0.475), (0.21875, 0.475), (0.21875, 0.475), (0.21875, 0.475), (0.21875, 0.475), (0.21875, 0.475), (0.21875, 0.475), (0.21875, 0.475), (0.21875, 0.475), (0.21875, 0.475), (0.21875, 0.475), (0.21875, 0.475), (0.21875, 0.415), (0.21875, 0.475), (0.21875, 0.475), (0.21875, 0.475), (0.21875, 0.415), (0.21875, 0.415), (0.21875, 0.415), (0.21875, 0.475), (0.21875, 0.475), (0.21875, 0.475), (0.21875, 0.415), (0.21875, 0.415), (0.21875, 0.415), (0.21875, 0.475), (0.21875, 0.475), (0.21875, 0.475), (0.21875, 0.415), (0.21875, 0.415), (0.21875, 0.275), (0.21875, 0.415), (0.21875, 0.415), (0.21875, 0.415), (0.21875, 0.275), (0.21875, 0.275), (0.21875, 0.415), (0.21875, 0.275), (0.21875, 0.275), (0.21875, 0.275), (0.21875, 0.415), (0.21875, 0.415), (0.21875, 0.275), (0.21875, 0.415), (0.21875, 0.275), (0.21875, 0.415), (0.21875, 0.275), (0.21875, 0.415), (0.21875, 0.275), (0.21875, 0.415), (0.21875, 0.415), (0.21875, 0.415), (0.21875, 0.275), (0.21875, 0.275), (0.21875, 0.415), (0.21875, 0.275), (0.21875, 0.415), (0.21875, 0.275), (0.21875, 0.415), (0.21875, 0.275), (0.21875, 0.275), (0.21875, 0.415), (0.21875, 0.415), (0.21875, 0.415), (0.21875, 0.275), (0.21875, 0.275), (0.21875, 0.275), (0.21875, 0.415), (0.21875, 0.415), (0.21875, 0.415), (0.21875, 0.275), (0.21875, 0.275), (0.21875, 0.275), (0.21875, 0.415), (0.21875, 0.415), (0.21875, 0.415), (0.21875, 0.275), (0.21875, 0.275), (0.21875, 0.475), (0.21875, 0.415), (0.21875, 0.475), (0.21875, 0.415), (0.21875, 0.475), (0.21875, 0.415), (0.21875, 0.415), (0.21875, 0.475), (0.21875, 0.475), (0.21875, 0.475), (0.21875, 0.415), (0.21875, 0.415), (0.21875, 0.475), (0.21875, 0.415), (0.21875, 0.475), (0.21875, 0.415), (0.21875, 0.475), (0.21875, 0.415), (0.21875, 0.415), (0.21875, 0.475), (0.21875, 0.475), (0.21875, 0.475), (0.21875, 0.415), (0.21875, 0.415)] (interpolation = "faceVarying")
        uniform token subdivisionScheme = "none"
        rel material:binding = </Vehicle/Materials/colormap>
    }
    def Scope "Materials" {
        def Material "colormap" {
            token outputs:surface.connect = </Vehicle/Materials/colormap/surface.outputs:surface>
            def Shader "surface" {
                uniform token info:id = "UsdPreviewSurface"
                float inputs:roughness = 0.7
                float inputs:metallic = 0
                color3f inputs:diffuseColor.connect = </Vehicle/Materials/colormap/texture.outputs:rgb>
                token outputs:surface
            }
            def Shader "stReader" {
                uniform token info:id = "UsdPrimvarReader_float2"
                token inputs:varname = "st"
                float2 outputs:result
            }
            def Shader "texture" {
                uniform token info:id = "UsdUVTexture"
                asset inputs:file = @kenney-holiday-colormap.png@
                float2 inputs:st.connect = </Vehicle/Materials/colormap/stReader.outputs:result>
                token inputs:wrapS = "repeat"
                token inputs:wrapT = "repeat"
                float3 outputs:rgb
            }
        }
    }
}
