#usda 1.0
(
    defaultPrim = "Vehicle"
    metersPerUnit = 1
    upAxis = "Y"
)
def Xform "Vehicle" {
    def Mesh "mesh_colormap" {
        int[] faceVertexCounts = [3, 3, 3, 3, 3, 3, 3, 3, 3, 3, 3, 3, 3, 3, 3, 3, 3, 3, 3, 3, 3, 3, 3, 3, 3, 3, 3, 3, 3, 3, 3, 3, 3, 3, 3, 3, 3, 3, 3, 3, 3, 3, 3, 3, 3, 3, 3, 3, 3, 3, 3, 3, 3, 3, 3, 3, 3, 3, 3, 3, 3, 3, 3, 3, 3, 3, 3, 3, 3, 3, 3, 3, 3, 3, 3, 3, 3, 3, 3, 3, 3, 3, 3, 3, 3, 3, 3, 3, 3, 3, 3, 3, 3, 3, 3, 3, 3, 3, 3, 3, 3, 3, 3, 3, 3, 3, 3, 3, 3, 3, 3, 3, 3, 3, 3, 3, 3, 3, 3, 3, 3, 3, 3, 3, 3, 3, 3, 3, 3, 3, 3, 3, 3, 3, 3, 3, 3, 3, 3, 3, 3, 3, 3, 3, 3, 3, 3, 3, 3, 3, 3, 3, 3, 3, 3, 3, 3, 3, 3, 3, 3, 3, 3, 3, 3, 3, 3, 3, 3, 3, 3, 3, 3, 3, 3, 3, 3, 3, 3, 3, 3, 3, 3, 3, 3, 3, 3, 3, 3, 3, 3, 3, 3, 3, 3, 3, 3, 3, 3, 3, 3, 3, 3, 3, 3, 3, 3, 3, 3, 3, 3, 3, 3, 3, 3, 3, 3, 3, 3, 3, 3, 3, 3, 3, 3, 3, 3, 3, 3, 3, 3, 3, 3, 3, 3, 3, 3, 3, 3, 3, 3, 3, 3, 3, 3, 3, 3, 3, 3, 3, 3, 3, 3, 3, 3, 3, 3, 3, 3, 3, 3, 3, 3, 3, 3, 3, 3, 3, 3, 3, 3, 3, 3, 3, 3, 3, 3, 3, 3, 3, 3, 3, 3, 3, 3, 3, 3, 3, 3, 3, 3, 3, 3, 3, 3, 3, 3, 3, 3, 3, 3, 3, 3, 3, 3, 3, 3, 3, 3, 3, 3, 3, 3, 3, 3, 3, 3, 3, 3, 3, 3, 3, 3, 3, 3, 3, 3, 3, 3, 3, 3, 3, 3, 3, 3, 3, 3, 3, 3, 3, 3, 3, 3, 3, 3, 3, 3, 3, 3, 3, 3, 3, 3, 3, 3, 3, 3, 3, 3, 3, 3, 3, 3, 3, 3, 3, 3, 3, 3, 3, 3, 3, 3, 3, 3, 3, 3, 3, 3, 3, 3, 3, 3, 3, 3, 3, 3, 3, 3, 3, 3, 3, 3, 3, 3, 3, 3, 3, 3, 3, 3, 3, 3, 3, 3, 3, 3, 3, 3, 3, 3, 3, 3, 3, 3, 3, 3, 3, 3, 3, 3, 3, 3, 3, 3, 3, 3, 3, 3, 3, 3, 3, 3, 3, 3, 3, 3, 3, 3, 3, 3, 3, 3, 3, 3, 3, 3, 3, 3, 3, 3, 3, 3, 3, 3, 3, 3, 3, 3, 3, 3, 3, 3, 3, 3, 3, 3, 3, 3, 3, 3, 3, 3, 3, 3, 3, 3, 3, 3, 3, 3, 3, 3, 3, 3, 3, 3, 3, 3, 3, 3, 3, 3, 3, 3, 3, 3, 3, 3, 3, 3, 3, 3, 3, 3, 3, 3, 3, 3, 3, 3, 3, 3, 3, 3, 3, 3, 3, 3, 3, 3, 3, 3, 3, 3, 3, 3, 3, 3, 3, 3, 3, 3, 3, 3, 3, 3, 3, 3, 3, 3, 3, 3, 3, 3, 3, 3, 3, 3, 3, 3, 3, 3, 3, 3, 3, 3, 3, 3, 3, 3, 3, 3, 3, 3, 3, 3, 3, 3, 3, 3, 3, 3, 3, 3, 3, 3, 3, 3, 3, 3, 3, 3, 3, 3, 3, 3, 3, 3, 3, 3, 3, 3, 3, 3, 3, 3, 3, 3, 3, 3, 3, 3, 3, 3, 3, 3, 3, 3, 3, 3, 3, 3, 3, 3, 3, 3, 3, 3, 3, 3, 3, 3, 3, 3, 3, 3, 3, 3, 3, 3, 3, 3, 3, 3, 3, 3, 3, 3, 3, 3, 3, 3, 3, 3, 3, 3, 3, 3, 3, 3, 3, 3, 3, 3, 3, 3, 3, 3, 3, 3, 3, 3, 3, 3, 3, 3, 3, 3, 3, 3, 3, 3, 3, 3, 3, 3, 3, 3, 3, 3, 3, 3, 3, 3, 3, 3, 3, 3, 3, 3, 3, 3, 3, 3, 3, 3, 3, 3, 3, 3, 3, 3, 3, 3, 3, 3, 3, 3, 3, 3, 3, 3, 3, 3, 3, 3, 3, 3, 3, 3, 3, 3, 3, 3, 3, 3, 3, 3, 3, 3, 3, 3, 3, 3, 3, 3, 3, 3, 3, 3, 3, 3, 3, 3, 3, 3, 3, 3, 3, 3, 3, 3, 3, 3, 3, 3, 3, 3, 3, 3, 3, 3, 3, 3, 3, 3, 3, 3, 3, 3, 3, 3, 3, 3, 3, 3, 3, 3, 3, 3, 3, 3, 3, 3, 3, 3, 3, 3, 3, 3, 3, 3, 3, 3, 3, 3, 3, 3, 3, 3, 3, 3, 3, 3, 3, 3, 3, 3, 3, 3, 3, 3, 3, 3, 3, 3, 3, 3, 3, 3, 3, 3, 3, 3, 3, 3, 3, 3, 3, 3, 3, 3, 3, 3, 3, 3, 3, 3, 3, 3, 3, 3, 3, 3, 3, 3, 3, 3, 3, 3, 3, 3, 3, 3, 3, 3, 3, 3, 3, 3, 3, 3, 3, 3, 3, 3, 3, 3, 3, 3, 3, 3, 3, 3, 3, 3, 3, 3, 3, 3, 3, 3, 3, 3, 3, 3, 3, 3, 3, 3, 3, 3, 3, 3, 3, 3, 3, 3, 3, 3, 3, 3, 3, 3, 3, 3, 3, 3, 3, 3, 3, 3, 3, 3, 3, 3, 3, 3, 3, 3, 3, 3, 3, 3, 3, 3, 3, 3, 3, 3, 3, 3, 3, 3, 3, 3, 3, 3, 3, 3, 3, 3, 3, 3, 3, 3, 3, 3, 3, 3, 3, 3, 3, 3, 3, 3, 3, 3, 3, 3, 3, 3, 3, 3, 3, 3, 3, 3, 3, 3, 3, 3, 3, 3, 3, 3, 3, 3, 3, 3, 3, 3, 3, 3, 3, 3, 3, 3, 3, 3, 3, 3, 3, 3, 3, 3, 3, 3, 3, 3, 3, 3, 3, 3, 3, 3, 3, 3, 3, 3, 3, 3, 3, 3, 3, 3, 3, 3, 3, 3, 3, 3, 3, 3, 3, 3, 3, 3, 3, 3, 3, 3, 3, 3, 3, 3, 3, 3, 3, 3, 3, 3, 3, 3, 3, 3, 3, 3, 3, 3, 3, 3, 3, 3, 3, 3, 3, 3, 3, 3, 3, 3, 3, 3, 3, 3, 3, 3, 3, 3, 3, 3, 3, 3, 3, 3, 3, 3, 3, 3, 3, 3, 3, 3, 3, 3, 3, 3, 3, 3, 3, 3, 3, 3, 3, 3, 3, 3, 3, 3, 3, 3, 3, 3, 3, 3, 3, 3, 3, 3, 3, 3, 3, 3, 3, 3, 3, 3, 3, 3, 3, 3, 3, 3, 3, 3, 3, 3, 3, 3, 3, 3, 3, 3, 3, 3, 3, 3, 3, 3, 3, 3, 3, 3, 3, 3, 3, 3, 3, 3, 3, 3, 3, 3, 3, 3, 3, 3, 3, 3, 3, 3, 3, 3, 3, 3, 3, 3, 3, 3, 3, 3, 3, 3, 3, 3, 3, 3, 3, 3, 3, 3, 3, 3, 3, 3, 3, 3, 3, 3, 3, 3, 3, 3, 3, 3, 3, 3, 3, 3, 3, 3, 3, 3, 3, 3, 3, 3, 3, 3, 3, 3, 3, 3, 3, 3, 3, 3, 3, 3, 3, 3, 3, 3, 3, 3, 3, 3, 3, 3, 3, 3, 3, 3, 3, 3, 3, 3, 3, 3, 3, 3, 3, 3, 3, 3, 3, 3, 3, 3, 3, 3, 3, 3, 3, 3, 3, 3, 3, 3, 3, 3, 3, 3, 3, 3, 3, 3, 3, 3, 3, 3, 3, 3, 3, 3, 3, 3, 3, 3, 3, 3, 3, 3, 3, 3, 3, 3, 3, 3, 3, 3, 3, 3, 3, 3, 3, 3, 3, 3, 3, 3, 3, 3, 3, 3, 3, 3, 3, 3, 3, 3, 3, 3, 3, 3, 3, 3, 3, 3, 3, 3, 3, 3, 3, 3, 3, 3, 3, 3, 3, 3, 3, 3, 3, 3, 3, 3, 3, 3, 3, 3, 3, 3, 3, 3, 3, 3, 3, 3, 3, 3, 3, 3, 3, 3, 3, 3, 3, 3, 3, 3, 3, 3, 3, 3, 3, 3, 3, 3, 3, 3, 3, 3, 3, 3, 3, 3, 3, 3, 3, 3, 3, 3, 3, 3, 3, 3, 3, 3, 3, 3, 3, 3, 3, 3, 3, 3, 3, 3, 3, 3, 3, 3, 3, 3, 3, 3, 3, 3, 3, 3, 3, 3, 3, 3, 3, 3, 3, 3, 3, 3, 3, 3, 3, 3, 3, 3, 3, 3, 3, 3, 3, 3, 3, 3, 3, 3, 3, 3, 3, 3, 3, 3, 3, 3, 3, 3, 3, 3, 3, 3, 3, 3, 3, 3, 3, 3, 3, 3, 3, 3, 3, 3, 3, 3, 3, 3, 3, 3, 3, 3, 3, 3, 3, 3, 3, 3, 3, 3, 3, 3, 3, 3, 3, 3, 3, 3, 3, 3, 3, 3, 3, 3, 3, 3, 3, 3, 3, 3, 3, 3, 3, 3, 3, 3, 3, 3, 3, 3, 3, 3, 3, 3, 3, 3, 3, 3, 3, 3, 3, 3, 3, 3, 3, 3, 3, 3, 3, 3, 3, 3, 3, 3, 3, 3, 3, 3, 3, 3, 3, 3, 3, 3, 3, 3, 3, 3, 3, 3, 3, 3, 3, 3, 3, 3, 3, 3, 3, 3, 3, 3, 3, 3, 3, 3, 3, 3, 3, 3, 3, 3, 3, 3, 3, 3, 3, 3, 3, 3, 3, 3, 3, 3, 3, 3, 3, 3, 3, 3, 3, 3, 3, 3, 3, 3, 3, 3, 3, 3, 3, 3, 3, 3, 3, 3, 3, 3, 3, 3, 3, 3, 3, 3, 3, 3, 3, 3, 3, 3, 3, 3, 3, 3, 3, 3, 3, 3, 3, 3, 3, 3, 3, 3, 3, 3, 3, 3, 3, 3, 3, 3, 3, 3, 3, 3, 3, 3, 3, 3, 3, 3, 3, 3, 3, 3, 3, 3, 3, 3, 3, 3, 3, 3, 3, 3, 3, 3, 3, 3, 3, 3, 3, 3, 3, 3, 3, 3, 3, 3, 3, 3, 3, 3, 3, 3, 3, 3, 3, 3, 3, 3, 3, 3, 3, 3, 3, 3, 3, 3, 3, 3, 3, 3, 3, 3, 3, 3, 3, 3, 3, 3, 3, 3, 3, 3, 3, 3, 3, 3, 3, 3, 3, 3, 3, 3, 3, 3, 3, 3, 3, 3, 3, 3, 3, 3, 3, 3, 3, 3, 3, 3, 3, 3, 3, 3, 3, 3, 3, 3, 3, 3, 3, 3, 3, 3, 3, 3, 3, 3, 3, 3, 3, 3, 3, 3, 3, 3, 3, 3, 3, 3, 3, 3, 3, 3, 3, 3, 3, 3, 3, 3, 3, 3, 3, 3, 3, 3, 3, 3, 3, 3, 3, 3, 3, 3, 3, 3, 3, 3, 3, 3, 3, 3, 3, 3, 3, 3, 3, 3, 3, 3, 3, 3, 3, 3, 3, 3, 3, 3, 3, 3, 3, 3, 3, 3, 3, 3, 3, 3, 3, 3, 3, 3, 3, 3, 3, 3, 3, 3, 3, 3, 3, 3, 3, 3, 3, 3, 3, 3, 3, 3, 3, 3, 3, 3, 3, 3, 3, 3, 3, 3, 3, 3, 3, 3, 3, 3, 3, 3, 3, 3, 3, 3, 3, 3, 3, 3, 3, 3, 3, 3, 3, 3, 3, 3, 3, 3, 3, 3, 3, 3, 3, 3, 3, 3, 3, 3, 3, 3, 3, 3, 3, 3, 3, 3, 3, 3, 3, 3, 3, 3, 3, 3, 3, 3, 3, 3, 3, 3, 3, 3, 3, 3, 3, 3, 3, 3, 3, 3, 3, 3, 3, 3, 3, 3, 3, 3, 3, 3, 3, 3, 3, 3, 3, 3, 3, 3, 3, 3, 3, 3, 3, 3, 3, 3, 3, 3, 3, 3, 3, 3, 3, 3, 3, 3, 3, 3, 3, 3, 3, 3, 3, 3, 3, 3, 3, 3, 3, 3, 3, 3, 3, 3, 3, 3, 3, 3, 3, 3, 3, 3, 3, 3, 3, 3, 3, 3, 3, 3, 3, 3, 3, 3, 3, 3, 3, 3, 3, 3, 3, 3, 3, 3, 3, 3, 3, 3, 3, 3, 3, 3, 3, 3, 3, 3, 3, 3, 3, 3, 3, 3, 3, 3, 3, 3, 3, 3, 3, 3, 3, 3, 3, 3, 3, 3, 3, 3, 3, 3, 3, 3, 3, 3, 3, 3, 3, 3, 3, 3, 3, 3, 3, 3, 3, 3, 3, 3, 3, 3, 3, 3, 3, 3, 3, 3, 3, 3, 3, 3, 3, 3, 3, 3, 3, 3, 3, 3, 3, 3, 3, 3, 3, 3, 3, 3, 3, 3, 3, 3, 3, 3, 3, 3, 3, 3, 3, 3, 3, 3, 3, 3, 3, 3, 3, 3, 3, 3, 3, 3, 3, 3, 3, 3, 3, 3, 3, 3, 3, 3, 3, 3, 3, 3, 3, 3, 3, 3, 3, 3, 3, 3, 3, 3, 3, 3, 3, 3, 3, 3, 3, 3, 3, 3, 3, 3, 3, 3, 3, 3, 3, 3, 3, 3, 3, 3, 3, 3, 3, 3, 3, 3, 3, 3, 3, 3, 3, 3, 3, 3, 3, 3, 3, 3, 3, 3, 3, 3, 3, 3, 3, 3, 3, 3, 3, 3, 3, 3, 3, 3, 3, 3, 3, 3, 3, 3, 3, 3, 3, 3, 3, 3, 3, 3, 3, 3, 3, 3, 3, 3, 3, 3, 3, 3, 3, 3, 3, 3, 3, 3, 3, 3, 3, 3, 3, 3, 3, 3, 3, 3, 3, 3, 3, 3, 3, 3, 3, 3, 3, 3, 3, 3, 3, 3, 3, 3, 3, 3, 3, 3, 3, 3, 3, 3, 3, 3, 3, 3, 3, 3, 3, 3, 3, 3, 3, 3, 3, 3, 3, 3, 3, 3, 3, 3, 3, 3, 3, 3, 3, 3, 3, 3, 3, 3, 3, 3, 3, 3, 3, 3, 3, 3, 3, 3, 3, 3, 3, 3, 3, 3, 3, 3, 3, 3, 3, 3, 3, 3, 3, 3, 3, 3, 3, 3, 3, 3, 3, 3, 3, 3, 3, 3, 3, 3, 3, 3, 3, 3, 3, 3, 3, 3, 3, 3, 3, 3, 3, 3, 3, 3, 3, 3, 3, 3, 3, 3, 3, 3, 3, 3, 3, 3, 3, 3, 3, 3, 3, 3, 3, 3, 3, 3, 3, 3, 3, 3, 3, 3, 3, 3, 3, 3, 3, 3, 3, 3, 3, 3, 3, 3, 3, 3, 3, 3, 3, 3, 3, 3, 3, 3, 3, 3, 3, 3, 3, 3, 3, 3, 3, 3, 3, 3, 3, 3, 3, 3, 3, 3, 3, 3, 3, 3, 3, 3, 3, 3, 3, 3, 3, 3, 3, 3, 3, 3, 3, 3, 3, 3, 3, 3, 3, 3, 3, 3, 3, 3, 3, 3, 3, 3, 3, 3, 3, 3, 3, 3, 3, 3, 3, 3, 3, 3, 3, 3, 3, 3, 3, 3, 3, 3, 3, 3, 3, 3, 3, 3, 3, 3, 3, 3, 3, 3, 3, 3, 3, 3, 3, 3, 3, 3, 3, 3, 3, 3, 3, 3, 3, 3, 3, 3, 3, 3, 3, 3, 3, 3, 3, 3, 3, 3, 3, 3, 3, 3, 3, 3, 3, 3, 3, 3, 3, 3, 3, 3, 3, 3, 3, 3, 3, 3, 3, 3, 3, 3, 3, 3, 3, 3, 3, 3, 3, 3, 3, 3, 3, 3, 3, 3, 3, 3, 3, 3, 3, 3, 3, 3, 3, 3, 3, 3, 3, 3, 3, 3, 3, 3, 3, 3, 3, 3, 3, 3, 3, 3, 3, 3, 3, 3, 3, 3, 3, 3, 3, 3, 3, 3, 3, 3, 3, 3, 3, 3, 3, 3, 3, 3, 3, 3, 3, 3, 3, 3, 3, 3, 3, 3, 3, 3, 3, 3, 3, 3, 3, 3, 3, 3, 3, 3, 3, 3, 3, 3, 3, 3, 3, 3, 3, 3, 3, 3, 3, 3, 3, 3, 3, 3, 3, 3, 3, 3, 3, 3, 3, 3, 3, 3, 3, 3, 3, 3, 3, 3, 3, 3, 3, 3, 3, 3, 3, 3, 3, 3, 3, 3, 3, 3, 3, 3, 3, 3, 3, 3, 3, 3, 3, 3, 3, 3, 3, 3, 3, 3, 3, 3, 3, 3, 3, 3, 3, 3, 3, 3, 3, 3, 3, 3, 3, 3, 3, 3, 3, 3, 3, 3, 3, 3, 3, 3, 3, 3, 3, 3, 3, 3, 3, 3, 3, 3, 3, 3, 3, 3, 3, 3, 3, 3, 3, 3, 3, 3, 3, 3, 3, 3, 3, 3, 3, 3, 3, 3, 3, 3, 3, 3, 3, 3, 3, 3, 3, 3, 3, 3, 3, 3, 3, 3, 3, 3, 3, 3, 3, 3, 3, 3, 3, 3, 3, 3, 3, 3, 3, 3, 3, 3, 3, 3, 3, 3, 3, 3, 3, 3, 3, 3, 3, 3, 3, 3, 3, 3, 3, 3, 3, 3, 3, 3, 3, 3, 3, 3, 3, 3, 3, 3, 3, 3, 3, 3, 3, 3, 3, 3, 3, 3, 3, 3, 3, 3, 3, 3, 3, 3, 3, 3, 3, 3, 3, 3, 3, 3, 3, 3, 3, 3, 3, 3, 3, 3, 3, 3, 3, 3, 3, 3, 3, 3, 3, 3, 3, 3, 3, 3, 3, 3, 3, 3, 3, 3, 3, 3, 3, 3, 3, 3, 3, 3, 3, 3, 3, 3, 3, 3, 3, 3, 3, 3, 3, 3, 3, 3, 3, 3, 3, 3, 3, 3, 3, 3, 3, 3, 3, 3, 3, 3, 3, 3, 3, 3, 3, 3, 3, 3, 3, 3, 3, 3, 3, 3, 3, 3, 3, 3, 3, 3, 3, 3, 3, 3, 3, 3, 3, 3, 3, 3, 3, 3, 3, 3, 3, 3, 3, 3, 3, 3, 3, 3, 3, 3, 3, 3, 3, 3, 3, 3, 3, 3, 3, 3, 3, 3, 3, 3, 3, 3, 3, 3, 3, 3, 3, 3, 3, 3, 3, 3, 3, 3, 3, 3, 3, 3, 3, 3, 3, 3, 3, 3, 3, 3, 3, 3, 3, 3, 3, 3, 3, 3, 3, 3, 3, 3, 3, 3, 3, 3, 3, 3, 3, 3, 3, 3, 3, 3, 3, 3, 3, 3, 3, 3, 3, 3, 3, 3, 3, 3, 3, 3, 3, 3, 3, 3, 3, 3, 3, 3, 3, 3, 3, 3, 3, 3, 3, 3, 3, 3, 3, 3, 3, 3, 3, 3, 3, 3, 3, 3, 3, 3, 3, 3, 3, 3, 3, 3, 3, 3, 3, 3, 3, 3, 3, 3, 3, 3, 3, 3, 3, 3, 3, 3, 3, 3, 3, 3, 3, 3, 3, 3, 3, 3, 3, 3, 3, 3, 3, 3, 3, 3, 3, 3, 3, 3, 3, 3, 3, 3, 3, 3, 3, 3, 3, 3, 3, 3, 3, 3, 3, 3, 3, 3, 3, 3, 3, 3, 3, 3, 3, 3, 3, 3, 3, 3, 3, 3, 3, 3, 3, 3, 3, 3, 3, 3, 3, 3, 3, 3, 3, 3, 3, 3, 3, 3, 3, 3, 3, 3, 3, 3, 3, 3, 3, 3, 3, 3, 3, 3, 3, 3, 3, 3, 3, 3, 3, 3, 3, 3, 3, 3, 3, 3, 3, 3, 3, 3, 3, 3, 3, 3, 3, 3, 3, 3, 3, 3, 3, 3, 3, 3, 3, 3, 3, 3, 3, 3, 3, 3, 3, 3, 3, 3, 3, 3, 3, 3, 3, 3, 3, 3, 3, 3, 3, 3, 3, 3, 3, 3, 3, 3, 3, 3, 3, 3, 3, 3, 3, 3, 3, 3, 3, 3, 3, 3, 3, 3, 3, 3, 3, 3, 3, 3, 3, 3, 3, 3, 3, 3, 3, 3, 3, 3, 3, 3, 3, 3, 3, 3, 3, 3, 3, 3, 3, 3, 3, 3, 3, 3, 3, 3, 3, 3, 3, 3, 3, 3, 3, 3, 3, 3, 3, 3, 3, 3, 3, 3, 3, 3, 3, 3, 3, 3, 3, 3, 3, 3, 3, 3, 3, 3, 3, 3, 3, 3, 3, 3, 3, 3, 3, 3, 3, 3, 3, 3, 3, 3, 3, 3, 3, 3, 3, 3, 3, 3, 3, 3, 3, 3, 3, 3, 3, 3, 3, 3, 3, 3, 3, 3, 3, 3, 3, 3, 3, 3, 3, 3, 3, 3, 3, 3, 3, 3, 3, 3, 3, 3, 3, 3, 3, 3, 3, 3, 3, 3, 3, 3, 3, 3, 3, 3, 3, 3, 3, 3, 3, 3, 3, 3, 3, 3, 3, 3, 3, 3, 3, 3, 3, 3, 3, 3, 3, 3, 3, 3, 3, 3, 3, 3, 3, 3, 3, 3, 3, 3, 3, 3, 3, 3, 3, 3, 3, 3, 3, 3, 3, 3, 3, 3, 3, 3, 3, 3, 3, 3, 3, 3, 3, 3, 3, 3, 3, 3, 3, 3, 3, 3, 3, 3, 3, 3, 3, 3, 3, 3, 3, 3, 3, 3, 3, 3, 3, 3, 3, 3, 3, 3, 3, 3, 3, 3, 3, 3, 3, 3, 3, 3, 3, 3, 3, 3, 3, 3, 3, 3, 3, 3, 3, 3, 3, 3, 3, 3, 3, 3, 3, 3, 3, 3, 3, 3, 3, 3, 3, 3, 3, 3, 3, 3, 3, 3, 3, 3, 3, 3, 3, 3, 3, 3, 3, 3, 3, 3, 3, 3, 3, 3, 3, 3, 3, 3, 3, 3, 3, 3, 3, 3, 3, 3, 3, 3, 3, 3, 3, 3, 3, 3, 3, 3, 3, 3, 3, 3, 3, 3, 3, 3, 3, 3, 3, 3, 3, 3, 3, 3, 3, 3, 3, 3, 3, 3, 3, 3, 3, 3, 3, 3, 3, 3, 3, 3, 3, 3, 3, 3, 3, 3, 3, 3, 3, 3, 3, 3, 3, 3, 3, 3, 3, 3, 3, 3, 3, 3, 3, 3, 3, 3, 3, 3, 3, 3, 3, 3, 3, 3, 3, 3, 3, 3, 3, 3, 3, 3, 3, 3, 3, 3, 3, 3, 3, 3, 3, 3, 3, 3, 3, 3, 3, 3, 3, 3, 3, 3, 3, 3, 3, 3, 3, 3, 3, 3, 3, 3, 3, 3, 3, 3, 3, 3, 3, 3, 3, 3, 3, 3, 3, 3, 3, 3, 3, 3, 3, 3, 3, 3, 3, 3, 3, 3, 3, 3, 3, 3, 3, 3, 3, 3, 3, 3, 3, 3, 3, 3, 3, 3, 3, 3, 3, 3, 3, 3, 3, 3, 3, 3, 3, 3, 3, 3, 3, 3, 3, 3, 3, 3, 3, 3, 3, 3, 3, 3, 3, 3, 3, 3, 3, 3, 3, 3, 3, 3, 3, 3, 3, 3, 3, 3, 3, 3, 3, 3, 3, 3, 3, 3, 3, 3, 3, 3, 3, 3, 3, 3, 3, 3, 3, 3, 3, 3, 3, 3, 3, 3, 3, 3, 3, 3, 3, 3, 3, 3, 3, 3, 3, 3, 3, 3, 3, 3, 3, 3, 3, 3, 3, 3, 3, 3, 3, 3, 3, 3, 3, 3, 3, 3, 3, 3, 3, 3, 3, 3, 3, 3, 3, 3, 3, 3, 3, 3, 3, 3, 3, 3, 3, 3, 3, 3, 3, 3, 3, 3, 3, 3, 3, 3, 3, 3, 3, 3, 3, 3, 3, 3, 3, 3, 3, 3, 3, 3, 3, 3, 3, 3, 3, 3, 3, 3, 3, 3, 3, 3, 3, 3, 3, 3, 3, 3, 3, 3, 3, 3, 3, 3, 3, 3, 3, 3, 3, 3, 3, 3, 3, 3, 3, 3, 3, 3, 3, 3, 3, 3, 3, 3, 3, 3, 3, 3, 3, 3, 3, 3, 3, 3, 3, 3, 3, 3, 3, 3, 3, 3, 3, 3, 3, 3, 3, 3, 3, 3, 3, 3, 3, 3, 3, 3, 3, 3, 3, 3, 3, 3, 3, 3, 3, 3, 3, 3, 3, 3, 3, 3, 3, 3, 3, 3, 3, 3, 3, 3, 3, 3, 3, 3, 3, 3, 3, 3, 3, 3, 3, 3, 3, 3, 3, 3, 3, 3, 3, 3, 3, 3, 3, 3, 3, 3, 3, 3, 3, 3, 3, 3, 3, 3, 3, 3, 3, 3, 3, 3, 3, 3, 3, 3, 3, 3, 3, 3, 3, 3, 3, 3, 3, 3, 3, 3, 3, 3, 3, 3, 3, 3, 3, 3, 3, 3, 3, 3, 3, 3, 3, 3, 3, 3, 3, 3, 3, 3, 3, 3, 3, 3, 3, 3, 3, 3, 3, 3, 3, 3, 3, 3, 3, 3, 3, 3, 3, 3, 3, 3, 3, 3, 3, 3, 3, 3, 3, 3, 3, 3, 3, 3, 3, 3, 3, 3, 3, 3, 3, 3, 3, 3, 3, 3, 3, 3, 3, 3, 3, 3, 3, 3, 3, 3, 3, 3, 3, 3, 3, 3, 3, 3, 3, 3, 3, 3, 3, 3, 3, 3, 3, 3, 3, 3, 3, 3, 3, 3, 3, 3, 3, 3, 3, 3, 3, 3, 3, 3, 3, 3, 3, 3, 3, 3, 3, 3, 3, 3, 3, 3, 3, 3, 3, 3, 3, 3, 3, 3, 3, 3, 3, 3, 3, 3, 3, 3, 3, 3, 3, 3, 3, 3, 3, 3, 3, 3, 3, 3, 3, 3, 3, 3, 3, 3, 3, 3, 3, 3, 3, 3, 3, 3, 3, 3, 3, 3, 3, 3, 3, 3, 3, 3, 3, 3, 3, 3, 3, 3, 3, 3, 3, 3, 3, 3, 3, 3, 3, 3, 3, 3, 3, 3, 3, 3, 3, 3, 3, 3, 3, 3, 3, 3, 3, 3, 3, 3, 3, 3, 3, 3, 3, 3, 3, 3, 3, 3, 3, 3, 3, 3, 3, 3, 3, 3, 3, 3, 3, 3, 3, 3, 3, 3, 3, 3, 3, 3, 3, 3, 3, 3, 3, 3, 3, 3, 3, 3, 3, 3, 3, 3, 3, 3, 3, 3, 3, 3, 3, 3, 3, 3, 3, 3, 3, 3, 3, 3, 3, 3, 3, 3, 3, 3, 3, 3, 3, 3, 3, 3, 3, 3, 3, 3, 3, 3, 3, 3, 3, 3, 3, 3, 3, 3, 3, 3, 3, 3, 3, 3, 3, 3, 3, 3, 3, 3, 3, 3, 3, 3, 3, 3, 3, 3, 3, 3, 3, 3, 3, 3, 3, 3, 3, 3, 3, 3, 3, 3, 3, 3, 3, 3, 3, 3, 3, 3, 3, 3, 3, 3, 3, 3, 3, 3, 3, 3, 3, 3, 3, 3, 3, 3, 3, 3, 3, 3, 3, 3, 3, 3, 3, 3, 3, 3, 3, 3, 3, 3, 3, 3, 3, 3, 3, 3, 3, 3, 3, 3, 3, 3, 3, 3, 3, 3, 3, 3, 3, 3, 3, 3, 3, 3, 3, 3, 3, 3, 3, 3, 3, 3, 3, 3, 3, 3, 3, 3, 3, 3, 3, 3, 3, 3, 3, 3, 3, 3, 3, 3, 3, 3, 3, 3, 3, 3, 3, 3, 3, 3, 3, 3, 3, 3, 3, 3, 3, 3, 3, 3, 3, 3, 3, 3, 3, 3, 3, 3, 3, 3, 3, 3, 3, 3, 3, 3, 3, 3, 3, 3, 3, 3, 3, 3, 3, 3, 3, 3, 3, 3, 3, 3, 3, 3, 3, 3, 3, 3, 3, 3, 3, 3, 3, 3, 3, 3, 3, 3, 3, 3, 3, 3, 3, 3, 3, 3, 3, 3, 3, 3, 3, 3, 3, 3, 3, 3, 3, 3, 3, 3, 3, 3, 3, 3, 3, 3, 3, 3, 3, 3, 3, 3, 3, 3, 3, 3, 3, 3, 3, 3, 3, 3, 3, 3, 3, 3, 3, 3, 3, 3, 3, 3, 3, 3, 3, 3, 3, 3, 3, 3, 3, 3, 3, 3, 3, 3, 3, 3, 3, 3, 3, 3, 3, 3, 3, 3, 3, 3, 3, 3, 3, 3, 3, 3, 3, 3, 3, 3, 3, 3, 3, 3, 3, 3, 3, 3, 3, 3, 3, 3, 3, 3, 3, 3, 3, 3, 3, 3, 3, 3, 3, 3, 3, 3, 3, 3, 3, 3, 3, 3, 3, 3, 3, 3, 3, 3, 3, 3, 3, 3, 3, 3, 3, 3, 3, 3, 3, 3, 3, 3, 3, 3, 3, 3, 3, 3, 3, 3, 3, 3, 3, 3, 3, 3, 3, 3, 3, 3, 3, 3, 3, 3, 3, 3, 3, 3, 3, 3, 3, 3, 3, 3, 3, 3, 3, 3, 3, 3, 3, 3, 3, 3, 3, 3, 3, 3, 3, 3, 3, 3, 3, 3, 3, 3, 3, 3, 3, 3, 3, 3, 3, 3, 3, 3, 3, 3, 3, 3, 3, 3, 3, 3, 3, 3, 3, 3, 3, 3, 3, 3, 3, 3, 3, 3, 3, 3, 3, 3, 3, 3, 3, 3, 3, 3, 3, 3, 3, 3, 3, 3, 3, 3, 3, 3, 3, 3, 3, 3, 3, 3, 3, 3, 3, 3, 3, 3, 3, 3, 3, 3, 3, 3, 3, 3, 3, 3, 3, 3, 3, 3, 3, 3, 3, 3, 3, 3, 3, 3, 3, 3, 3, 3, 3, 3, 3, 3, 3, 3, 3, 3, 3, 3, 3, 3, 3, 3, 3, 3, 3, 3, 3, 3, 3, 3, 3, 3, 3, 3, 3, 3, 3, 3, 3, 3, 3, 3, 3, 3, 3, 3, 3, 3, 3, 3, 3, 3, 3, 3, 3, 3, 3, 3, 3, 3, 3, 3, 3, 3, 3, 3, 3, 3, 3, 3, 3, 3, 3, 3, 3, 3, 3, 3, 3, 3, 3, 3, 3, 3, 3, 3, 3, 3, 3, 3, 3, 3, 3, 3, 3, 3, 3, 3, 3, 3, 3, 3, 3, 3, 3, 3, 3, 3, 3, 3, 3, 3, 3, 3, 3, 3, 3, 3, 3, 3, 3, 3, 3, 3, 3, 3, 3, 3, 3, 3, 3, 3, 3, 3, 3, 3, 3, 3, 3, 3, 3, 3, 3, 3, 3, 3, 3, 3, 3, 3, 3, 3, 3, 3, 3, 3, 3, 3, 3, 3, 3, 3, 3, 3, 3, 3, 3, 3, 3, 3, 3, 3, 3, 3, 3, 3, 3, 3, 3, 3, 3, 3, 3, 3, 3, 3, 3, 3, 3, 3, 3, 3, 3, 3, 3, 3, 3, 3, 3, 3, 3, 3, 3, 3, 3, 3, 3, 3, 3, 3, 3, 3, 3, 3, 3, 3, 3, 3, 3, 3, 3, 3, 3, 3, 3, 3, 3, 3, 3, 3, 3, 3, 3, 3, 3, 3, 3, 3, 3, 3, 3, 3, 3, 3, 3, 3, 3, 3, 3, 3, 3, 3, 3, 3, 3, 3, 3, 3, 3, 3, 3, 3, 3, 3, 3, 3, 3, 3, 3, 3, 3, 3, 3, 3, 3, 3, 3, 3, 3, 3, 3, 3, 3, 3, 3, 3, 3, 3, 3, 3, 3, 3, 3, 3, 3, 3, 3, 3, 3, 3, 3, 3, 3, 3, 3, 3, 3, 3, 3, 3, 3, 3, 3, 3, 3, 3, 3, 3, 3, 3, 3, 3, 3, 3, 3, 3, 3, 3, 3, 3, 3, 3, 3, 3, 3, 3, 3, 3, 3, 3, 3, 3, 3, 3, 3, 3, 3, 3, 3, 3, 3, 3, 3, 3, 3, 3, 3, 3, 3, 3, 3, 3, 3, 3, 3, 3, 3, 3, 3, 3, 3, 3, 3, 3, 3, 3, 3, 3, 3, 3, 3, 3, 3, 3, 3, 3, 3, 3, 3, 3, 3, 3, 3, 3, 3, 3, 3, 3, 3, 3, 3, 3, 3, 3, 3, 3, 3, 3, 3, 3, 3, 3, 3, 3, 3, 3, 3, 3, 3, 3, 3, 3, 3, 3, 3, 3, 3, 3, 3, 3, 3, 3, 3, 3, 3, 3, 3, 3, 3, 3, 3, 3, 3, 3, 3, 3, 3, 3, 3, 3, 3, 3, 3, 3, 3, 3, 3, 3, 3, 3, 3, 3, 3, 3, 3, 3, 3, 3, 3, 3, 3, 3, 3, 3, 3, 3, 3, 3, 3, 3, 3, 3, 3, 3, 3, 3, 3, 3, 3, 3, 3, 3, 3, 3, 3, 3, 3, 3, 3, 3, 3, 3, 3, 3, 3, 3, 3, 3, 3, 3, 3, 3, 3, 3, 3, 3, 3, 3, 3, 3, 3, 3, 3, 3, 3, 3, 3, 3, 3, 3, 3, 3, 3, 3, 3, 3, 3, 3, 3, 3, 3, 3, 3, 3, 3, 3, 3, 3, 3, 3, 3, 3, 3, 3, 3, 3, 3, 3, 3, 3, 3, 3, 3, 3, 3, 3, 3, 3, 3, 3, 3, 3, 3, 3, 3, 3, 3, 3, 3, 3, 3, 3, 3, 3, 3, 3, 3, 3, 3, 3, 3, 3, 3, 3, 3, 3, 3, 3, 3, 3, 3, 3, 3, 3, 3, 3, 3, 3, 3, 3, 3, 3, 3, 3, 3, 3, 3, 3, 3, 3, 3, 3, 3, 3, 3, 3, 3, 3, 3, 3, 3, 3, 3, 3, 3, 3, 3, 3, 3, 3, 3, 3, 3, 3, 3, 3, 3, 3, 3, 3, 3, 3, 3, 3, 3, 3, 3, 3, 3, 3, 3, 3, 3, 3, 3, 3, 3, 3, 3, 3, 3, 3, 3, 3, 3, 3, 3, 3, 3, 3, 3, 3, 3, 3, 3, 3, 3, 3, 3, 3, 3, 3, 3, 3, 3, 3, 3, 3, 3, 3, 3, 3, 3, 3, 3, 3, 3, 3, 3, 3, 3, 3, 3, 3, 3, 3, 3, 3, 3, 3, 3, 3, 3, 3, 3, 3, 3, 3, 3, 3, 3, 3, 3, 3, 3, 3, 3, 3, 3, 3, 3, 3, 3, 3, 3, 3, 3, 3, 3, 3, 3, 3, 3, 3, 3, 3, 3, 3, 3, 3, 3, 3, 3, 3, 3, 3, 3, 3, 3, 3, 3, 3, 3, 3, 3, 3, 3, 3, 3, 3, 3, 3, 3, 3, 3, 3, 3, 3, 3, 3, 3, 3, 3, 3, 3, 3, 3, 3, 3, 3, 3, 3, 3, 3, 3, 3, 3, 3, 3, 3, 3, 3, 3, 3, 3, 3, 3, 3, 3, 3, 3, 3, 3, 3, 3, 3, 3, 3, 3, 3, 3, 3, 3, 3, 3, 3, 3, 3, 3, 3, 3, 3, 3, 3, 3, 3, 3]
        int[] faceVertexIndices = [2, 1, 0, 1, 2, 3, 2, 4, 3, 4, 2, 5, 6, 4, 5, 4, 6, 7, 8, 7, 6, 7, 8, 9, 10, 9, 8, 9, 10, 11, 10, 1, 11, 1, 10, 0, 11, 7, 9, 7, 11, 4, 4, 11, 1, 4, 1, 3, 14, 13, 12, 13, 14, 15, 13, 15, 16, 16, 15, 17, 16, 17, 18, 16, 18, 19, 19, 18, 20, 20, 18, 21, 23, 21, 22, 21, 23, 20, 12, 24, 14, 24, 12, 25, 23, 19, 20, 26, 19, 23, 19, 26, 27, 27, 16, 19, 16, 27, 28, 28, 13, 16, 13, 28, 29, 29, 25, 13, 13, 25, 12, 25, 29, 30, 24, 15, 14, 31, 15, 24, 15, 31, 32, 32, 17, 15, 17, 32, 33, 33, 18, 17, 18, 33, 34, 34, 22, 18, 18, 22, 21, 22, 34, 35, 23, 24, 25, 24, 23, 22, 23, 30, 26, 30, 23, 25, 24, 35, 31, 35, 24, 22, 38, 37, 36, 37, 38, 39, 37, 39, 40, 37, 40, 41, 41, 40, 42, 41, 42, 43, 43, 42, 44, 43, 44, 45, 47, 44, 46, 44, 47, 45, 36, 48, 38, 48, 36, 49, 47, 43, 45, 50, 43, 47, 43, 50, 51, 51, 41, 43, 41, 51, 52, 52, 37, 41, 37, 52, 53, 53, 49, 37, 37, 49, 36, 49, 53, 54, 48, 39, 38, 55, 39, 48, 39, 55, 56, 56, 40, 39, 40, 56, 57, 57, 42, 40, 42, 57, 58, 58, 46, 42, 42, 46, 44, 46, 58, 59, 47, 48, 49, 48, 47, 46, 47, 54, 50, 54, 47, 49, 48, 59, 55, 59, 48, 46, 62, 61, 60, 61, 62, 63, 64, 63, 62, 63, 64, 65, 66, 65, 64, 65, 66, 67, 68, 67, 66, 67, 68, 69, 72, 71, 70, 71, 72, 73, 61, 72, 74, 72, 61, 67, 67, 73, 72, 73, 67, 69, 67, 61, 65, 65, 61, 63, 66, 71, 68, 71, 66, 70, 60, 70, 66, 70, 60, 75, 60, 66, 64, 60, 64, 62, 72, 75, 74, 75, 72, 70, 78, 77, 76, 77, 78, 79, 79, 80, 77, 77, 80, 81, 77, 81, 82, 79, 83, 80, 83, 79, 84, 87, 86, 85, 86, 87, 88, 76, 89, 78, 89, 76, 90, 90, 91, 89, 91, 90, 92, 93, 91, 92, 92, 90, 94, 94, 90, 95, 97, 85, 96, 85, 97, 87, 88, 98, 86, 98, 88, 99, 99, 88, 100, 102, 96, 101, 96, 102, 97, 97, 102, 103, 106, 105, 104, 105, 106, 107, 110, 109, 108, 109, 110, 111, 114, 113, 112, 113, 114, 115, 116, 115, 114, 115, 116, 117, 116, 118, 117, 118, 116, 119, 120, 118, 119, 118, 120, 121, 120, 122, 121, 122, 120, 123, 124, 122, 123, 122, 124, 125, 126, 125, 124, 125, 126, 127, 106, 110, 107, 110, 106, 111, 112, 116, 114, 112, 119, 116, 105, 119, 112, 107, 119, 105, 110, 119, 107, 119, 110, 120, 108, 120, 110, 108, 123, 120, 126, 123, 108, 123, 126, 124, 113, 106, 104, 106, 113, 118, 118, 113, 117, 117, 113, 115, 121, 106, 118, 121, 111, 106, 121, 109, 111, 122, 109, 121, 125, 109, 122, 109, 125, 127, 130, 129, 128, 129, 130, 131, 134, 133, 132, 133, 134, 135, 138, 137, 136, 137, 138, 139, 140, 139, 138, 139, 140, 141, 140, 142, 141, 142, 140, 143, 144, 142, 143, 142, 144, 145, 144, 146, 145, 146, 144, 147, 148, 146, 147, 146, 148, 149, 150, 149, 148, 149, 150, 151, 130, 134, 131, 134, 130, 135, 136, 140, 138, 136, 143, 140, 129, 143, 136, 131, 143, 129, 134, 143, 131, 143, 134, 144, 132, 144, 134, 132, 147, 144, 150, 147, 132, 147, 150, 148, 137, 130, 128, 130, 137, 142, 142, 137, 141, 141, 137, 139, 145, 130, 142, 145, 135, 130, 145, 133, 135, 146, 133, 145, 149, 133, 146, 133, 149, 151, 154, 153, 152, 153, 154, 155, 158, 157, 156, 157, 158, 159, 162, 161, 160, 161, 162, 163, 164, 163, 162, 163, 164, 165, 164, 166, 165, 166, 164, 167, 168, 166, 167, 166, 168, 169, 168, 170, 169, 170, 168, 171, 172, 170, 171, 170, 172, 173, 174, 173, 172, 173, 174, 175, 154, 158, 155, 158, 154, 159, 160, 164, 162, 160, 167, 164, 153, 167, 160, 155, 167, 153, 158, 167, 155, 167, 158, 168, 156, 168, 158, 156, 171, 168, 174, 171, 156, 171, 174, 172, 161, 154, 152, 154, 161, 166, 166, 161, 165, 165, 161, 163, 169, 154, 166, 169, 159, 154, 169, 157, 159, 170, 157, 169, 173, 157, 170, 157, 173, 175, 178, 177, 176, 177, 178, 179, 182, 181, 180, 181, 182, 183, 186, 185, 184, 185, 186, 187, 188, 187, 186, 187, 188, 189, 188, 190, 189, 190, 188, 191, 192, 190, 191, 190, 192, 193, 192, 194, 193, 194, 192, 195, 196, 194, 195, 194, 196, 197, 198, 197, 196, 197, 198, 199, 178, 182, 179, 182, 178, 183, 184, 188, 186, 184, 191, 188, 177, 191, 184, 179, 191, 177, 182, 191, 179, 191, 182, 192, 180, 192, 182, 180, 195, 192, 198, 195, 180, 195, 198, 196, 185, 178, 176, 178, 185, 190, 190, 185, 189, 189, 185, 187, 193, 178, 190, 193, 183, 178, 193, 181, 183, 194, 181, 193, 197, 181, 194, 181, 197, 199, 202, 201, 200, 201, 202, 203, 206, 205, 204, 205, 206, 207, 210, 209, 208, 209, 210, 211, 212, 211, 210, 211, 212, 213, 212, 214, 213, 214, 212, 215, 216, 214, 215, 214, 216, 217, 216, 218, 217, 218, 216, 219, 220, 218, 219, 218, 220, 221, 222, 221, 220, 221, 222, 223, 202, 206, 203, 206, 202, 207, 208, 212, 210, 201, 212, 208, 203, 212, 201, 203, 215, 212, 206, 215, 203, 215, 206, 216, 204, 216, 206, 204, 219, 216, 222, 219, 204, 219, 222, 220, 209, 202, 200, 202, 209, 214, 214, 209, 213, 213, 209, 211, 217, 202, 214, 217, 207, 202, 217, 205, 207, 218, 205, 217, 221, 205, 218, 205, 221, 223, 226, 225, 224, 225, 226, 227, 230, 229, 228, 229, 230, 231, 234, 233, 232, 233, 234, 235, 236, 235, 234, 235, 236, 237, 236, 238, 237, 238, 236, 239, 240, 238, 239, 238, 240, 241, 240, 242, 241, 242, 240, 243, 244, 242, 243, 242, 244, 245, 246, 245, 244, 245, 246, 247, 226, 230, 227, 230, 226, 231, 233, 226, 224, 226, 233, 238, 238, 233, 237, 237, 233, 235, 241, 226, 238, 241, 231, 226, 241, 229, 231, 242, 229, 241, 245, 229, 242, 229, 245, 247, 232, 236, 234, 232, 239, 236, 225, 239, 232, 227, 239, 225, 230, 239, 227, 239, 230, 240, 228, 240, 230, 228, 243, 240, 246, 243, 228, 243, 246, 244, 250, 249, 248, 249, 250, 251, 254, 253, 252, 253, 254, 255, 258, 257, 256, 257, 258, 259, 260, 259, 258, 259, 260, 261, 260, 262, 261, 262, 260, 263, 264, 262, 263, 262, 264, 265, 264, 266, 265, 266, 264, 267, 268, 266, 267, 266, 268, 269, 270, 269, 268, 269, 270, 271, 250, 254, 251, 254, 250, 255, 256, 260, 258, 249, 260, 256, 251, 260, 249, 251, 263, 260, 254, 263, 251, 263, 254, 264, 252, 264, 254, 252, 267, 264, 270, 267, 252, 267, 270, 268, 257, 250, 248, 250, 257, 262, 262, 257, 261, 261, 257, 259, 265, 250, 262, 265, 255, 250, 265, 253, 255, 266, 253, 265, 269, 253, 266, 253, 269, 271, 274, 273, 272, 275, 273, 274, 276, 273, 275, 276, 277, 273, 276, 278, 277, 279, 278, 276, 278, 279, 280, 281, 280, 279, 282, 280, 281, 280, 282, 283, 286, 285, 284, 285, 286, 287, 287, 286, 288, 288, 286, 289, 290, 285, 287, 290, 291, 285, 290, 292, 291, 293, 292, 290, 294, 292, 293, 292, 294, 295, 285, 275, 284, 275, 285, 276, 272, 286, 274, 286, 272, 289, 273, 289, 272, 289, 273, 288, 273, 287, 288, 287, 273, 277, 277, 290, 287, 290, 277, 278, 278, 293, 290, 293, 278, 280, 283, 293, 280, 293, 283, 294, 282, 294, 283, 294, 282, 295, 276, 291, 279, 291, 276, 285, 279, 292, 281, 292, 279, 291, 298, 297, 296, 297, 298, 299, 302, 301, 300, 301, 302, 303, 304, 303, 302, 303, 304, 305, 306, 305, 304, 305, 306, 307, 308, 307, 306, 307, 308, 309, 310, 309, 308, 309, 310, 311, 312, 311, 310, 311, 312, 313, 314, 313, 312, 313, 314, 315, 301, 298, 316, 298, 301, 307, 307, 301, 305, 305, 301, 303, 309, 298, 307, 309, 299, 298, 311, 299, 309, 311, 317, 299, 313, 317, 311, 317, 313, 315, 300, 304, 302, 318, 304, 300, 296, 304, 318, 296, 306, 304, 297, 306, 296, 306, 297, 308, 319, 308, 297, 319, 310, 308, 314, 310, 319, 310, 314, 312, 298, 318, 316, 318, 298, 296, 297, 317, 319, 317, 297, 299, 322, 321, 320, 321, 322, 323, 326, 325, 324, 325, 326, 327, 330, 329, 328, 329, 330, 331, 332, 331, 330, 331, 332, 333, 332, 334, 333, 334, 332, 335, 336, 334, 335, 334, 336, 337, 336, 338, 337, 338, 336, 339, 340, 338, 339, 338, 340, 341, 342, 341, 340, 341, 342, 343, 322, 326, 323, 326, 322, 327, 329, 322, 320, 322, 329, 334, 334, 329, 333, 333, 329, 331, 337, 322, 334, 337, 327, 322, 337, 325, 327, 338, 325, 337, 341, 325, 338, 325, 341, 343, 328, 332, 330, 328, 335, 332, 321, 335, 328, 323, 335, 321, 326, 335, 323, 335, 326, 336, 324, 336, 326, 324, 339, 336, 342, 339, 324, 339, 342, 340, 346, 345, 344, 345, 346, 347, 350, 349, 348, 349, 350, 351, 354, 353, 352, 353, 354, 355, 356, 355, 354, 355, 356, 357, 356, 358, 357, 358, 356, 359, 360, 358, 359, 358, 360, 361, 360, 362, 361, 362, 360, 363, 364, 362, 363, 362, 364, 365, 366, 365, 364, 365, 366, 367, 346, 350, 347, 350, 346, 351, 352, 356, 354, 352, 359, 356, 345, 359, 352, 347, 359, 345, 350, 359, 347, 359, 350, 360, 348, 360, 350, 348, 363, 360, 366, 363, 348, 363, 366, 364, 353, 346, 344, 346, 353, 358, 358, 353, 357, 357, 353, 355, 361, 346, 358, 361, 351, 346, 361, 349, 351, 362, 349, 361, 365, 349, 362, 349, 365, 367, 370, 369, 368, 369, 370, 371, 374, 373, 372, 373, 374, 375, 378, 377, 376, 377, 378, 379, 380, 379, 378, 379, 380, 381, 380, 382, 381, 382, 380, 383, 384, 382, 383, 382, 384, 385, 384, 386, 385, 386, 384, 387, 388, 386, 387, 386, 388, 389, 390, 389, 388, 389, 390, 391, 370, 374, 371, 374, 370, 375, 376, 380, 378, 376, 383, 380, 369, 383, 376, 371, 383, 369, 374, 383, 371, 383, 374, 384, 372, 384, 374, 372, 387, 384, 390, 387, 372, 387, 390, 388, 377, 370, 368, 370, 377, 382, 382, 377, 381, 381, 377, 379, 385, 370, 382, 385, 375, 370, 385, 373, 375, 386, 373, 385, 389, 373, 386, 373, 389, 391, 394, 393, 392, 393, 394, 395, 398, 397, 396, 397, 398, 399, 402, 401, 400, 401, 402, 403, 404, 403, 402, 403, 404, 405, 404, 406, 405, 406, 404, 407, 408, 406, 407, 406, 408, 409, 408, 410, 409, 410, 408, 411, 412, 410, 411, 410, 412, 413, 414, 413, 412, 413, 414, 415, 394, 398, 395, 398, 394, 399, 400, 404, 402, 400, 407, 404, 393, 407, 400, 395, 407, 393, 398, 407, 395, 407, 398, 408, 396, 408, 398, 396, 411, 408, 414, 411, 396, 411, 414, 412, 401, 394, 392, 394, 401, 406, 406, 401, 405, 405, 401, 403, 409, 394, 406, 409, 399, 394, 409, 397, 399, 410, 397, 409, 413, 397, 410, 397, 413, 415, 418, 417, 416, 417, 418, 419, 422, 421, 420, 421, 422, 423, 426, 425, 424, 425, 426, 427, 428, 427, 426, 427, 428, 429, 428, 430, 429, 430, 428, 431, 432, 430, 431, 430, 432, 433, 432, 434, 433, 434, 432, 435, 436, 434, 435, 434, 436, 437, 438, 437, 436, 437, 438, 439, 418, 422, 419, 422, 418, 423, 424, 428, 426, 424, 431, 428, 417, 431, 424, 419, 431, 417, 422, 431, 419, 431, 422, 432, 420, 432, 422, 420, 435, 432, 438, 435, 420, 435, 438, 436, 425, 418, 416, 418, 425, 430, 430, 425, 429, 429, 425, 427, 433, 418, 430, 433, 423, 418, 433, 421, 423, 434, 421, 433, 437, 421, 434, 421, 437, 439, 442, 441, 440, 443, 441, 442, 444, 441, 443, 445, 444, 443, 441, 444, 446, 446, 447, 441, 447, 446, 448, 451, 450, 449, 450, 451, 452, 450, 452, 453, 453, 452, 454, 453, 454, 455, 453, 448, 450, 448, 453, 447, 458, 457, 456, 457, 458, 459, 459, 458, 460, 463, 462, 461, 462, 463, 464, 464, 463, 465, 464, 466, 462, 466, 464, 467, 467, 456, 466, 456, 467, 458, 470, 469, 468, 469, 470, 471, 474, 473, 472, 473, 474, 475, 478, 477, 476, 477, 478, 479, 477, 479, 480, 477, 480, 481, 481, 480, 482, 481, 482, 483, 484, 477, 481, 483, 484, 481, 477, 484, 485, 484, 483, 486, 487, 477, 485, 482, 486, 483, 477, 487, 476, 486, 482, 488, 489, 476, 487, 476, 489, 478, 480, 488, 482, 488, 480, 490, 491, 478, 489, 480, 491, 490, 478, 491, 479, 491, 480, 479, 494, 493, 492, 493, 494, 495, 495, 494, 496, 495, 496, 497, 497, 496, 498, 497, 498, 499, 499, 498, 500, 499, 500, 501, 503, 500, 502, 500, 503, 501, 493, 504, 492, 504, 493, 505, 503, 499, 501, 499, 503, 506, 506, 497, 499, 497, 506, 507, 507, 495, 497, 495, 507, 508, 508, 493, 495, 493, 508, 505, 504, 494, 492, 494, 504, 509, 509, 496, 494, 496, 509, 510, 510, 498, 496, 498, 510, 511, 511, 500, 498, 500, 511, 502, 514, 513, 512, 513, 514, 515, 515, 514, 516, 515, 516, 517, 520, 519, 518, 519, 520, 521, 521, 520, 522, 521, 522, 523, 526, 525, 524, 525, 526, 527, 527, 526, 528, 527, 528, 529, 532, 531, 530, 531, 532, 533, 533, 532, 534, 533, 534, 535, 538, 537, 536, 537, 538, 539, 539, 538, 540, 539, 540, 541, 544, 543, 542, 543, 544, 545, 545, 544, 546, 545, 546, 547, 550, 549, 548, 549, 550, 551, 551, 550, 552, 551, 552, 553, 556, 555, 554, 555, 556, 557, 557, 556, 558, 557, 558, 559, 562, 561, 560, 561, 562, 563, 563, 562, 564, 563, 564, 565, 568, 567, 566, 567, 568, 569, 569, 568, 570, 569, 570, 571, 574, 573, 572, 573, 574, 575, 575, 574, 576, 575, 576, 577, 580, 579, 578, 579, 580, 581, 581, 580, 582, 581, 582, 583, 586, 585, 584, 585, 586, 587, 587, 586, 588, 587, 588, 589, 592, 591, 590, 591, 592, 593, 593, 592, 594, 593, 594, 595, 598, 597, 596, 597, 598, 599, 599, 598, 600, 599, 600, 601, 604, 603, 602, 603, 604, 605, 605, 604, 606, 605, 606, 607, 610, 609, 608, 609, 610, 611, 609, 611, 612, 609, 612, 613, 613, 612, 614, 614, 612, 615, 616, 613, 614, 615, 616, 614, 613, 616, 617, 616, 615, 618, 617, 609, 613, 609, 617, 619, 612, 618, 615, 618, 612, 620, 612, 621, 620, 621, 612, 611, 619, 608, 609, 608, 619, 622, 611, 623, 621, 623, 608, 622, 623, 611, 610, 608, 623, 610, 626, 625, 624, 629, 628, 627, 631, 628, 630, 628, 631, 627, 632, 627, 631, 627, 632, 633, 634, 633, 632, 633, 634, 625, 635, 625, 634, 625, 635, 624, 636, 624, 635, 624, 636, 626, 637, 626, 636, 626, 637, 638, 639, 638, 637, 638, 639, 629, 630, 629, 639, 629, 630, 628, 642, 641, 640, 645, 644, 643, 647, 644, 646, 644, 647, 643, 648, 643, 647, 643, 648, 649, 650, 649, 648, 649, 650, 641, 651, 641, 650, 641, 651, 640, 652, 640, 651, 640, 652, 642, 653, 642, 652, 642, 653, 654, 655, 654, 653, 654, 655, 645, 646, 645, 655, 645, 646, 644, 658, 657, 656, 661, 660, 659, 663, 660, 662, 660, 663, 659, 664, 659, 663, 659, 664, 665, 666, 665, 664, 665, 666, 657, 667, 657, 666, 657, 667, 656, 668, 656, 667, 656, 668, 658, 669, 658, 668, 658, 669, 670, 671, 670, 669, 670, 671, 661, 662, 661, 671, 661, 662, 660, 674, 673, 672, 677, 676, 675, 679, 676, 678, 676, 679, 675, 680, 675, 679, 675, 680, 681, 682, 681, 680, 681, 682, 673, 683, 673, 682, 673, 683, 672, 684, 672, 683, 672, 684, 674, 685, 674, 684, 674, 685, 686, 687, 686, 685, 686, 687, 677, 678, 677, 687, 677, 678, 676, 690, 689, 688, 693, 692, 691, 695, 692, 694, 692, 695, 691, 696, 691, 695, 691, 696, 697, 698, 697, 696, 697, 698, 689, 699, 689, 698, 689, 699, 688, 700, 688, 699, 688, 700, 690, 701, 690, 700, 690, 701, 702, 703, 702, 701, 702, 703, 693, 694, 693, 703, 693, 694, 692, 706, 705, 704, 709, 708, 707, 711, 708, 710, 708, 711, 707, 712, 707, 711, 707, 712, 713, 714, 713, 712, 713, 714, 705, 715, 705, 714, 705, 715, 704, 716, 704, 715, 704, 716, 706, 717, 706, 716, 706, 717, 718, 719, 718, 717, 718, 719, 709, 710, 709, 719, 709, 710, 708, 722, 721, 720, 725, 724, 723, 727, 724, 726, 724, 727, 723, 728, 723, 727, 723, 728, 729, 730, 729, 728, 729, 730, 721, 731, 721, 730, 721, 731, 720, 732, 720, 731, 720, 732, 722, 733, 722, 732, 722, 733, 734, 735, 734, 733, 734, 735, 725, 726, 725, 735, 725, 726, 724, 738, 737, 736, 741, 740, 739, 743, 740, 742, 740, 743, 739, 744, 739, 743, 739, 744, 745, 746, 745, 744, 745, 746, 737, 747, 737, 746, 737, 747, 736, 748, 736, 747, 736, 748, 738, 749, 738, 748, 738, 749, 750, 751, 750, 749, 750, 751, 741, 742, 741, 751, 741, 742, 740, 754, 753, 752, 753, 754, 755, 754, 756, 755, 756, 754, 757, 760, 759, 758, 759, 760, 761, 762, 761, 760, 761, 762, 763, 764, 763, 762, 763, 764, 765, 766, 765, 764, 765, 766, 767, 766, 754, 752, 754, 766, 760, 760, 757, 754, 757, 760, 758, 760, 766, 762, 762, 766, 764, 761, 756, 759, 756, 761, 755, 767, 755, 761, 755, 767, 753, 767, 761, 763, 767, 763, 765, 770, 769, 768, 769, 770, 771, 774, 773, 772, 773, 774, 775, 778, 777, 776, 777, 778, 779, 779, 772, 773, 772, 779, 778, 769, 780, 768, 780, 769, 781, 780, 783, 782, 783, 780, 781, 786, 785, 784, 784, 785, 787, 786, 788, 785, 788, 786, 789, 790, 789, 786, 790, 786, 791, 789, 790, 792, 792, 790, 793, 790, 791, 794, 792, 793, 795, 792, 795, 785, 796, 795, 793, 797, 785, 795, 787, 785, 797, 796, 798, 795, 794, 798, 796, 799, 787, 797, 799, 791, 787, 798, 794, 799, 791, 799, 794, 802, 801, 800, 800, 801, 803, 802, 804, 801, 804, 802, 805, 806, 805, 802, 806, 802, 807, 805, 806, 808, 808, 806, 809, 806, 807, 810, 808, 809, 811, 808, 811, 801, 812, 811, 809, 813, 801, 811, 803, 801, 813, 812, 814, 811, 810, 814, 812, 815, 803, 813, 815, 807, 803, 814, 810, 815, 807, 815, 810, 818, 817, 816, 817, 818, 819, 822, 821, 820, 821, 822, 823, 818, 825, 824, 825, 818, 816, 821, 827, 826, 827, 821, 823, 822, 829, 828, 829, 822, 820, 817, 831, 830, 831, 817, 819, 831, 825, 830, 825, 831, 824, 827, 829, 826, 829, 827, 828, 834, 833, 832, 833, 834, 835, 833, 836, 832, 836, 833, 837, 840, 839, 838, 839, 840, 841, 842, 840, 838, 840, 842, 843, 845, 834, 844, 834, 845, 835, 846, 839, 841, 839, 846, 847, 846, 842, 847, 842, 846, 843, 845, 836, 837, 836, 845, 844, 850, 849, 848, 849, 850, 851, 851, 850, 852, 853, 852, 850, 853, 854, 852, 855, 854, 853, 849, 855, 856, 857, 849, 851, 854, 855, 857, 855, 849, 857, 860, 859, 858, 859, 860, 861, 861, 862, 859, 862, 861, 863, 864, 862, 863, 862, 864, 865, 863, 866, 864, 866, 863, 861, 866, 861, 860, 869, 868, 867, 868, 869, 870, 869, 871, 870, 871, 869, 872, 872, 873, 871, 873, 872, 874, 864, 876, 875, 876, 864, 866, 867, 872, 869, 872, 867, 877, 872, 877, 874, 877, 879, 878, 879, 877, 867, 882, 881, 880, 881, 882, 883, 884, 881, 883, 881, 884, 885, 884, 848, 885, 848, 884, 850, 886, 867, 868, 867, 886, 879, 879, 886, 887, 888, 887, 886, 887, 888, 889, 865, 889, 888, 889, 865, 875, 875, 865, 864, 885, 880, 881, 880, 885, 848, 880, 848, 890, 890, 848, 849, 849, 891, 890, 891, 849, 856, 880, 892, 882, 890, 892, 880, 882, 892, 893, 890, 894, 892, 895, 893, 892, 891, 894, 890, 896, 893, 895, 894, 891, 896, 896, 897, 893, 897, 896, 891, 900, 899, 898, 899, 900, 901, 904, 903, 902, 903, 904, 905, 900, 907, 906, 907, 900, 898, 903, 909, 908, 909, 903, 905, 904, 911, 910, 911, 904, 902, 899, 913, 912, 913, 899, 901, 913, 907, 912, 907, 913, 906, 909, 911, 908, 911, 909, 910, 916, 915, 914, 915, 916, 917, 920, 919, 918, 919, 920, 921, 916, 923, 922, 923, 916, 914, 919, 925, 924, 925, 919, 921, 920, 927, 926, 927, 920, 918, 915, 929, 928, 929, 915, 917, 929, 923, 928, 923, 929, 922, 925, 927, 924, 927, 925, 926, 932, 931, 930, 931, 932, 933, 936, 935, 934, 935, 936, 937, 940, 939, 938, 939, 940, 941, 944, 943, 942, 943, 944, 945, 945, 944, 946, 947, 946, 944, 947, 948, 946, 949, 948, 947, 943, 949, 950, 951, 943, 945, 948, 949, 951, 949, 943, 951, 954, 953, 952, 953, 954, 955, 942, 956, 944, 956, 942, 957, 958, 956, 957, 956, 958, 959, 958, 960, 959, 960, 958, 961, 961, 943, 962, 943, 961, 942, 942, 961, 958, 942, 958, 957, 963, 943, 950, 943, 963, 962, 953, 933, 932, 933, 953, 955, 939, 936, 934, 936, 939, 941, 953, 940, 952, 940, 953, 941, 941, 953, 936, 932, 936, 953, 932, 937, 936, 937, 932, 930, 966, 965, 964, 964, 965, 967, 966, 968, 965, 968, 966, 963, 969, 963, 966, 963, 969, 962, 962, 969, 967, 960, 967, 965, 962, 967, 961, 961, 967, 960, 972, 971, 970, 971, 972, 973, 976, 975, 974, 975, 976, 977, 972, 979, 978, 979, 972, 970, 975, 981, 980, 981, 975, 977, 976, 983, 982, 983, 976, 974, 971, 985, 984, 985, 971, 973, 985, 979, 984, 979, 985, 978, 981, 983, 980, 983, 981, 982, 988, 987, 986, 987, 988, 989, 992, 991, 990, 991, 992, 993, 988, 995, 994, 995, 988, 986, 991, 997, 996, 997, 991, 993, 992, 999, 998, 999, 992, 990, 987, 1001, 1000, 1001, 987, 989, 1001, 995, 1000, 995, 1001, 994, 997, 999, 996, 999, 997, 998, 1004, 1003, 1002, 1003, 1004, 1005, 1008, 1007, 1006, 1007, 1008, 1009, 1004, 1011, 1010, 1011, 1004, 1002, 1007, 1013, 1012, 1013, 1007, 1009, 1008, 1015, 1014, 1015, 1008, 1006, 1003, 1017, 1016, 1017, 1003, 1005, 1017, 1011, 1016, 1011, 1017, 1010, 1013, 1015, 1012, 1015, 1013, 1014, 1020, 1019, 1018, 1019, 1020, 1021, 1024, 1023, 1022, 1023, 1024, 1025, 1020, 1027, 1026, 1027, 1020, 1018, 1023, 1029, 1028, 1029, 1023, 1025, 1024, 1031, 1030, 1031, 1024, 1022, 1019, 1033, 1032, 1033, 1019, 1021, 1033, 1027, 1032, 1027, 1033, 1026, 1029, 1031, 1028, 1031, 1029, 1030, 1036, 1035, 1034, 1035, 1036, 1037, 1040, 1039, 1038, 1039, 1040, 1041, 1044, 1043, 1042, 1043, 1044, 1045, 1045, 1038, 1039, 1038, 1045, 1044, 1035, 1046, 1034, 1046, 1035, 1047, 1046, 1049, 1048, 1049, 1046, 1047, 1052, 1051, 1050, 1050, 1051, 1053, 1052, 1054, 1051, 1054, 1052, 1055, 1056, 1055, 1052, 1056, 1052, 1057, 1055, 1056, 1058, 1058, 1056, 1059, 1056, 1057, 1060, 1058, 1059, 1061, 1058, 1061, 1051, 1062, 1061, 1059, 1063, 1051, 1061, 1053, 1051, 1063, 1062, 1064, 1061, 1060, 1064, 1062, 1065, 1053, 1063, 1065, 1057, 1053, 1064, 1060, 1065, 1057, 1065, 1060, 1068, 1067, 1066, 1066, 1067, 1069, 1068, 1070, 1067, 1070, 1068, 1071, 1072, 1071, 1068, 1072, 1068, 1073, 1071, 1072, 1074, 1074, 1072, 1075, 1072, 1073, 1076, 1074, 1075, 1077, 1074, 1077, 1067, 1078, 1077, 1075, 1079, 1067, 1077, 1069, 1067, 1079, 1078, 1080, 1077, 1076, 1080, 1078, 1081, 1069, 1079, 1081, 1073, 1069, 1080, 1076, 1081, 1073, 1081, 1076, 1084, 1083, 1082, 1083, 1084, 1085, 1088, 1087, 1086, 1087, 1088, 1089, 1084, 1091, 1090, 1091, 1084, 1082, 1087, 1093, 1092, 1093, 1087, 1089, 1088, 1095, 1094, 1095, 1088, 1086, 1083, 1097, 1096, 1097, 1083, 1085, 1097, 1091, 1096, 1091, 1097, 1090, 1093, 1095, 1092, 1095, 1093, 1094, 1100, 1099, 1098, 1099, 1100, 1101, 1099, 1102, 1098, 1102, 1099, 1103, 1106, 1105, 1104, 1105, 1106, 1107, 1108, 1106, 1104, 1106, 1108, 1109, 1111, 1100, 1110, 1100, 1111, 1101, 1112, 1105, 1107, 1105, 1112, 1113, 1112, 1108, 1113, 1108, 1112, 1109, 1111, 1102, 1103, 1102, 1111, 1110, 1116, 1115, 1114, 1116, 1114, 1117, 1119, 1114, 1118, 1117, 1114, 1119, 1116, 1120, 1115, 1120, 1116, 1121, 1123, 1118, 1122, 1118, 1123, 1119, 69, 71, 73, 71, 69, 68, 1126, 1125, 1124, 1125, 1126, 1127, 1130, 1129, 1128, 1129, 1130, 1131, 1131, 1132, 1129, 1132, 1131, 1133, 1133, 1124, 1132, 1124, 1133, 1126, 1136, 1135, 1134, 1135, 1136, 1137, 1136, 1138, 1137, 1138, 1136, 1139, 1139, 1136, 1140, 1141, 1139, 1140, 1139, 1141, 1142, 1141, 1136, 1134, 1136, 1141, 1140, 1138, 1142, 1143, 1142, 1138, 1139, 1142, 1135, 1143, 1135, 1142, 1134, 1134, 1142, 1141, 1146, 1145, 1144, 1145, 1146, 1147, 1150, 1149, 1148, 1149, 1150, 1151, 1154, 1153, 1152, 1153, 1154, 1155, 1158, 1157, 1156, 1157, 1158, 1159, 1161, 1152, 1160, 1152, 1161, 1154, 1159, 1153, 1155, 1153, 1159, 1158, 1156, 1163, 1162, 1163, 1156, 1157, 1162, 1161, 1160, 1161, 1162, 1163, 1152, 517, 1160, 1160, 517, 1162, 1152, 515, 517, 516, 1162, 517, 1152, 513, 515, 514, 1162, 516, 1153, 513, 1152, 514, 1156, 1162, 513, 1153, 512, 512, 1156, 514, 1158, 512, 1153, 512, 1158, 1156, 1166, 1165, 1164, 1165, 1166, 1167, 1170, 1169, 1168, 1169, 1170, 1171, 1171, 1173, 1172, 1173, 1171, 1170, 1168, 1175, 1174, 1175, 1168, 1169, 1174, 1166, 1164, 1166, 1174, 1175, 1167, 1173, 1165, 1173, 1167, 1172, 1165, 523, 1164, 1164, 523, 1174, 1165, 521, 523, 522, 1174, 523, 1165, 519, 521, 520, 1174, 522, 1173, 519, 1165, 520, 1168, 1174, 519, 1173, 518, 518, 1168, 520, 1170, 518, 1173, 518, 1170, 1168, 1178, 1177, 1176, 1177, 1178, 1179, 1182, 1181, 1180, 1181, 1182, 1183, 1185, 1181, 1184, 1181, 1185, 1180, 1176, 1187, 1186, 1187, 1176, 1177, 1183, 1179, 1178, 1179, 1183, 1182, 1187, 1184, 1186, 1184, 1187, 1185, 1179, 529, 1177, 1177, 529, 1187, 1179, 527, 529, 528, 1187, 529, 1179, 525, 527, 526, 1187, 528, 1182, 525, 1179, 526, 1185, 1187, 525, 1182, 524, 524, 1185, 526, 1180, 524, 1182, 524, 1180, 1185, 1190, 1189, 1188, 1189, 1190, 1191, 1194, 1193, 1192, 1193, 1194, 1195, 1198, 1197, 1196, 1197, 1198, 1199, 1192, 1199, 1198, 1199, 1192, 1193, 1197, 1188, 1196, 1188, 1197, 1190, 1195, 1189, 1191, 1189, 1195, 1194, 1193, 535, 1199, 1199, 535, 1197, 1193, 533, 535, 534, 1197, 535, 1193, 531, 533, 532, 1197, 534, 1195, 531, 1193, 532, 1190, 1197, 531, 1195, 530, 530, 1190, 532, 1191, 530, 1195, 530, 1191, 1190, 1202, 1201, 1200, 1201, 1202, 1203, 1206, 1205, 1204, 1205, 1206, 1207, 1209, 1200, 1208, 1200, 1209, 1202, 1207, 1201, 1203, 1201, 1207, 1206, 1204, 1211, 1210, 1211, 1204, 1205, 1210, 1209, 1208, 1209, 1210, 1211, 1200, 541, 1208, 1208, 541, 1210, 1200, 539, 541, 540, 1210, 541, 1200, 537, 539, 538, 1210, 540, 1201, 537, 1200, 538, 1204, 1210, 537, 1201, 536, 536, 1204, 538, 1206, 536, 1201, 536, 1206, 1204, 1214, 1213, 1212, 1213, 1214, 1215, 1218, 1217, 1216, 1217, 1218, 1219, 1221, 1217, 1220, 1217, 1221, 1216, 1212, 1223, 1222, 1223, 1212, 1213, 1219, 1215, 1214, 1215, 1219, 1218, 1223, 1220, 1222, 1220, 1223, 1221, 1215, 547, 1213, 1213, 547, 1223, 1215, 545, 547, 546, 1223, 547, 1215, 543, 545, 544, 1223, 546, 1218, 543, 1215, 544, 1221, 1223, 543, 1218, 542, 542, 1221, 544, 1216, 542, 1218, 542, 1216, 1221, 1144, 1225, 1224, 1225, 1144, 1145, 1148, 1227, 1226, 1227, 1148, 1149, 1230, 1229, 1228, 1229, 1230, 1231, 1234, 1233, 1232, 1233, 1234, 1235, 1238, 1237, 1236, 1237, 1238, 1239, 1232, 1239, 1238, 1239, 1232, 1233, 1237, 1228, 1236, 1228, 1237, 1230, 1235, 1229, 1231, 1229, 1235, 1234, 1233, 553, 1239, 1239, 553, 1237, 1233, 551, 553, 552, 1237, 553, 1233, 549, 551, 550, 1237, 552, 1235, 549, 1233, 550, 1230, 1237, 549, 1235, 548, 548, 1230, 550, 1231, 548, 1235, 548, 1231, 1230, 1242, 1241, 1240, 1241, 1242, 1243, 1246, 1245, 1244, 1245, 1246, 1247, 1247, 1249, 1248, 1249, 1247, 1246, 1244, 1251, 1250, 1251, 1244, 1245, 1250, 1242, 1240, 1242, 1250, 1251, 1243, 1249, 1241, 1249, 1243, 1248, 1241, 559, 1240, 1240, 559, 1250, 1241, 557, 559, 558, 1250, 559, 1241, 555, 557, 556, 1250, 558, 1249, 555, 1241, 556, 1244, 1250, 555, 1249, 554, 554, 1244, 556, 1246, 554, 1249, 554, 1246, 1244, 1254, 1253, 1252, 1253, 1254, 1255, 1258, 1257, 1256, 1257, 1258, 1259, 1261, 1252, 1260, 1252, 1261, 1254, 1259, 1253, 1255, 1253, 1259, 1258, 1256, 1263, 1262, 1263, 1256, 1257, 1262, 1261, 1260, 1261, 1262, 1263, 1252, 565, 1260, 1260, 565, 1262, 1252, 563, 565, 564, 1262, 565, 1252, 561, 563, 562, 1262, 564, 1253, 561, 1252, 562, 1256, 1262, 561, 1253, 560, 560, 1256, 562, 1258, 560, 1253, 560, 1258, 1256, 1224, 1265, 1264, 1265, 1224, 1225, 1226, 1267, 1266, 1267, 1226, 1227, 1270, 1269, 1268, 1269, 1270, 1271, 1274, 1273, 1272, 1273, 1274, 1275, 1278, 1277, 1276, 1277, 1278, 1279, 1272, 1279, 1278, 1279, 1272, 1273, 1277, 1268, 1276, 1268, 1277, 1270, 1275, 1269, 1271, 1269, 1275, 1274, 1273, 571, 1279, 1279, 571, 1277, 1273, 569, 571, 570, 1277, 571, 1273, 567, 569, 568, 1277, 570, 1275, 567, 1273, 568, 1270, 1277, 567, 1275, 566, 566, 1270, 568, 1271, 566, 1275, 566, 1271, 1270, 1282, 1281, 1280, 1281, 1282, 1283, 1286, 1285, 1284, 1285, 1286, 1287, 1289, 1285, 1288, 1285, 1289, 1284, 1280, 1291, 1290, 1291, 1280, 1281, 1287, 1283, 1282, 1283, 1287, 1286, 1291, 1288, 1290, 1288, 1291, 1289, 1283, 577, 1281, 1281, 577, 1291, 1283, 575, 577, 576, 1291, 577, 1283, 573, 575, 574, 1291, 576, 1286, 573, 1283, 574, 1289, 1291, 573, 1286, 572, 572, 1289, 574, 1284, 572, 1286, 572, 1284, 1289, 1294, 1293, 1292, 1293, 1294, 1295, 1298, 1297, 1296, 1297, 1298, 1299, 1299, 1301, 1300, 1301, 1299, 1298, 1296, 1303, 1302, 1303, 1296, 1297, 1302, 1294, 1292, 1294, 1302, 1303, 1295, 1301, 1293, 1301, 1295, 1300, 1293, 583, 1292, 1292, 583, 1302, 1293, 581, 583, 582, 1302, 583, 1293, 579, 581, 580, 1302, 582, 1301, 579, 1293, 580, 1296, 1302, 579, 1301, 578, 578, 1296, 580, 1298, 578, 1301, 578, 1298, 1296, 1306, 1305, 1304, 1305, 1306, 1307, 1310, 1309, 1308, 1309, 1310, 1311, 1313, 1309, 1312, 1309, 1313, 1308, 1304, 1315, 1314, 1315, 1304, 1305, 1311, 1307, 1306, 1307, 1311, 1310, 1315, 1312, 1314, 1312, 1315, 1313, 1307, 589, 1305, 1305, 589, 1315, 1307, 587, 589, 588, 1315, 589, 1307, 585, 587, 586, 1315, 588, 1310, 585, 1307, 586, 1313, 1315, 585, 1310, 584, 584, 1313, 586, 1308, 584, 1310, 584, 1308, 1313, 1318, 1317, 1316, 1317, 1318, 1319, 1322, 1321, 1320, 1321, 1322, 1323, 1323, 1325, 1324, 1325, 1323, 1322, 1320, 1327, 1326, 1327, 1320, 1321, 1326, 1318, 1316, 1318, 1326, 1327, 1319, 1325, 1317, 1325, 1319, 1324, 1317, 595, 1316, 1316, 595, 1326, 1317, 593, 595, 594, 1326, 595, 1317, 591, 593, 592, 1326, 594, 1325, 591, 1317, 592, 1320, 1326, 591, 1325, 590, 590, 1320, 592, 1322, 590, 1325, 590, 1322, 1320, 1330, 1329, 1328, 1329, 1330, 1331, 1334, 1333, 1332, 1333, 1334, 1335, 1337, 1328, 1336, 1328, 1337, 1330, 1335, 1329, 1331, 1329, 1335, 1334, 1332, 1339, 1338, 1339, 1332, 1333, 1338, 1337, 1336, 1337, 1338, 1339, 1328, 601, 1336, 1336, 601, 1338, 1328, 599, 601, 600, 1338, 601, 1328, 597, 599, 598, 1338, 600, 1329, 597, 1328, 598, 1332, 1338, 597, 1329, 596, 596, 1332, 598, 1334, 596, 1329, 596, 1334, 1332, 1264, 1341, 1340, 1341, 1264, 1265, 1266, 1343, 1342, 1343, 1266, 1267, 1346, 1345, 1344, 1345, 1346, 1347, 1350, 1349, 1348, 1349, 1350, 1351, 1354, 1353, 1352, 1353, 1354, 1355, 1348, 1355, 1354, 1355, 1348, 1349, 1353, 1344, 1352, 1344, 1353, 1346, 1351, 1345, 1347, 1345, 1351, 1350, 1349, 607, 1355, 1355, 607, 1353, 1349, 605, 607, 606, 1353, 607, 1349, 603, 605, 604, 1353, 606, 1351, 603, 1349, 604, 1346, 1353, 603, 1351, 602, 602, 1346, 604, 1347, 602, 1351, 602, 1347, 1346, 1358, 1357, 1356, 1359, 1357, 1358, 1358, 1360, 1359, 1361, 1357, 1359, 1358, 1362, 1360, 1363, 1362, 1358, 1363, 1364, 1362, 1361, 1365, 1357, 1366, 1365, 1361, 1367, 1365, 1366, 1368, 1364, 1363, 1367, 1369, 1365, 1368, 1370, 1364, 1369, 1367, 1370, 1368, 1369, 1370, 1369, 1368, 1371, 1371, 1372, 1369, 1372, 1371, 1373, 1375, 1365, 1374, 1365, 1375, 1357, 1365, 1372, 1374, 1372, 1365, 1369, 1368, 1377, 1376, 1377, 1368, 1363, 1368, 1373, 1371, 1373, 1368, 1376, 1375, 1356, 1357, 1356, 1375, 1378, 1378, 1358, 1356, 1358, 1378, 1379, 1377, 1358, 1379, 1358, 1377, 1363, 1382, 1381, 1380, 1383, 1381, 1382, 1382, 1384, 1383, 1385, 1381, 1383, 1382, 1386, 1384, 1387, 1386, 1382, 1387, 1388, 1386, 1385, 1389, 1381, 1390, 1389, 1385, 1391, 1389, 1390, 1392, 1388, 1387, 1391, 1393, 1389, 1392, 1394, 1388, 1393, 1391, 1394, 1392, 1393, 1394, 1393, 1392, 1395, 1395, 1396, 1393, 1396, 1395, 1397, 1399, 1389, 1398, 1389, 1399, 1381, 1389, 1396, 1398, 1396, 1389, 1393, 1392, 1401, 1400, 1401, 1392, 1387, 1392, 1397, 1395, 1397, 1392, 1400, 1399, 1380, 1381, 1380, 1399, 1402, 1402, 1382, 1380, 1382, 1402, 1403, 1401, 1382, 1403, 1382, 1401, 1387, 1406, 1405, 1404, 1407, 1405, 1406, 1406, 1408, 1407, 1409, 1405, 1407, 1406, 1410, 1408, 1411, 1410, 1406, 1411, 1412, 1410, 1409, 1413, 1405, 1414, 1413, 1409, 1415, 1413, 1414, 1416, 1412, 1411, 1415, 1417, 1413, 1416, 1418, 1412, 1417, 1415, 1418, 1416, 1417, 1418, 1417, 1416, 1419, 1419, 1420, 1417, 1420, 1419, 1421, 1423, 1413, 1422, 1413, 1423, 1405, 1413, 1420, 1422, 1420, 1413, 1417, 1416, 1425, 1424, 1425, 1416, 1411, 1416, 1421, 1419, 1421, 1416, 1424, 1423, 1404, 1405, 1404, 1423, 1426, 1426, 1406, 1404, 1406, 1426, 1427, 1425, 1406, 1427, 1406, 1425, 1411, 1430, 1429, 1428, 1431, 1429, 1430, 1430, 1432, 1431, 1433, 1429, 1431, 1430, 1434, 1432, 1435, 1434, 1430, 1435, 1436, 1434, 1433, 1437, 1429, 1438, 1437, 1433, 1439, 1437, 1438, 1440, 1436, 1435, 1439, 1441, 1437, 1440, 1442, 1436, 1441, 1439, 1442, 1440, 1441, 1442, 1441, 1440, 1443, 1443, 1444, 1441, 1444, 1443, 1445, 1447, 1437, 1446, 1437, 1447, 1429, 1437, 1444, 1446, 1444, 1437, 1441, 1440, 1449, 1448, 1449, 1440, 1435, 1440, 1445, 1443, 1445, 1440, 1448, 1447, 1428, 1429, 1428, 1447, 1450, 1450, 1430, 1428, 1430, 1450, 1451, 1449, 1430, 1451, 1430, 1449, 1435, 758, 756, 757, 756, 758, 759, 468, 1453, 1452, 1453, 468, 469, 472, 1455, 1454, 1455, 472, 473, 469, 1456, 1453, 1456, 469, 1457, 1459, 1454, 1458, 1454, 1459, 472, 1457, 1460, 1456, 1460, 1457, 1461, 1461, 1458, 1460, 1458, 1461, 1459, 473, 1462, 1455, 1462, 473, 1463, 1463, 1464, 1462, 1464, 1463, 1465, 1465, 1466, 1464, 1466, 1465, 1467, 1467, 1452, 1466, 1452, 1467, 468, 1373, 1468, 1372, 1468, 1373, 1469, 1376, 1471, 1470, 1471, 1376, 1377, 1471, 1379, 1472, 1379, 1471, 1377, 1473, 1379, 1378, 1379, 1473, 1472, 1475, 1374, 1474, 1374, 1475, 1375, 1374, 1468, 1474, 1468, 1374, 1372, 1475, 1378, 1375, 1378, 1475, 1473, 1376, 1469, 1373, 1469, 1376, 1470, 1397, 1476, 1396, 1476, 1397, 1477, 1400, 1479, 1478, 1479, 1400, 1401, 1479, 1403, 1480, 1403, 1479, 1401, 1481, 1403, 1402, 1403, 1481, 1480, 1483, 1398, 1482, 1398, 1483, 1399, 1398, 1476, 1482, 1476, 1398, 1396, 1483, 1402, 1399, 1402, 1483, 1481, 1400, 1477, 1397, 1477, 1400, 1478, 1421, 1484, 1420, 1484, 1421, 1485, 1424, 1487, 1486, 1487, 1424, 1425, 1487, 1427, 1488, 1427, 1487, 1425, 1489, 1427, 1426, 1427, 1489, 1488, 1491, 1422, 1490, 1422, 1491, 1423, 1422, 1484, 1490, 1484, 1422, 1420, 1491, 1426, 1423, 1426, 1491, 1489, 1424, 1485, 1421, 1485, 1424, 1486, 1445, 1492, 1444, 1492, 1445, 1493, 1448, 1495, 1494, 1495, 1448, 1449, 1495, 1451, 1496, 1451, 1495, 1449, 1497, 1451, 1450, 1451, 1497, 1496, 1499, 1446, 1498, 1446, 1499, 1447, 1446, 1492, 1498, 1492, 1446, 1444, 1499, 1450, 1447, 1450, 1499, 1497, 1448, 1493, 1445, 1493, 1448, 1494, 1502, 1501, 1500, 1501, 1502, 1503, 1504, 1501, 1503, 1501, 1504, 1505, 1502, 1504, 1503, 1504, 1502, 1506, 1505, 1506, 1507, 1506, 1505, 1504, 1500, 1506, 1502, 1506, 1500, 1507, 1505, 1500, 1501, 1500, 1505, 1507, 1510, 1509, 1508, 1509, 1510, 1511, 1512, 1509, 1511, 1509, 1512, 1513, 1510, 1512, 1511, 1512, 1510, 1514, 1513, 1514, 1515, 1514, 1513, 1512, 1508, 1514, 1510, 1514, 1508, 1515, 1513, 1508, 1509, 1508, 1513, 1515, 1518, 1517, 1516, 1517, 1518, 1519, 1520, 1517, 1519, 1517, 1520, 1521, 1518, 1520, 1519, 1520, 1518, 1522, 1521, 1522, 1523, 1522, 1521, 1520, 1516, 1522, 1518, 1522, 1516, 1523, 1521, 1516, 1517, 1516, 1521, 1523, 1526, 1525, 1524, 1525, 1526, 1527, 1528, 1525, 1527, 1525, 1528, 1529, 1526, 1528, 1527, 1528, 1526, 1530, 1529, 1530, 1531, 1530, 1529, 1528, 1524, 1530, 1526, 1530, 1524, 1531, 1529, 1524, 1525, 1524, 1529, 1531, 1122, 1533, 1532, 1535, 1534, 1533, 1115, 1537, 1536, 1535, 1536, 1534, 1118, 1533, 1122, 1535, 1533, 1118, 1120, 1537, 1115, 1115, 1536, 1535, 1533, 1537, 1532, 1537, 1533, 1536, 1536, 1533, 1534, 1540, 1539, 1538, 1539, 1540, 1541, 1539, 1542, 1538, 1542, 1539, 1543, 1546, 1545, 1544, 1545, 1546, 1547, 1550, 1549, 1548, 1549, 1550, 1551, 1554, 1553, 1552, 1553, 1554, 1555, 1543, 1556, 1542, 1556, 1543, 1557, 1559, 1548, 1558, 1548, 1559, 1550, 1555, 1556, 1553, 1556, 1555, 1560, 1556, 1560, 1542, 1542, 1560, 1561, 1542, 1561, 1538, 1538, 1561, 1540, 1558, 1563, 1562, 1563, 1558, 1548, 1563, 1548, 1545, 1545, 1548, 1549, 1545, 1549, 1544, 1544, 1549, 1564, 1564, 1546, 1544, 1546, 1564, 1565, 1559, 1562, 1566, 1562, 1559, 1558, 1547, 1563, 1545, 1563, 1547, 1567, 1567, 1559, 1566, 1559, 1567, 1550, 1550, 1567, 1547, 1550, 1547, 1551, 1551, 1547, 1546, 1551, 1546, 1565, 1554, 1560, 1555, 1560, 1554, 1568, 1566, 1563, 1567, 1563, 1566, 1562, 1557, 1554, 1552, 1554, 1557, 1568, 1568, 1557, 1543, 1568, 1543, 1569, 1569, 1543, 1539, 1569, 1539, 1541, 1549, 1565, 1564, 1565, 1549, 1551, 1552, 1556, 1557, 1556, 1552, 1553, 1561, 1541, 1540, 1541, 1561, 1569, 1568, 1561, 1560, 1561, 1568, 1569, 1572, 1571, 1570, 1571, 1572, 1573, 1570, 1571, 1572, 1573, 1572, 1571, 1576, 1575, 1574, 1575, 1576, 1577, 1574, 1575, 1576, 1577, 1576, 1575, 1577, 1578, 1575, 1578, 1577, 1579, 1579, 1577, 1580, 1580, 1577, 1581, 1575, 1578, 1577, 1579, 1577, 1578, 1580, 1577, 1579, 1581, 1577, 1580, 1580, 1582, 1579, 1582, 1580, 1583, 1579, 1582, 1580, 1583, 1580, 1582, 1573, 1584, 1571, 1584, 1573, 1585, 1571, 1584, 1573, 1585, 1573, 1584, 1583, 1570, 1582, 1570, 1583, 1572, 1582, 1570, 1583, 1572, 1583, 1570, 1587, 1574, 1586, 1574, 1587, 1576, 1586, 1574, 1587, 1576, 1587, 1574, 1590, 1589, 1588, 1129, 1590, 1588, 1591, 1590, 1129, 1124, 1592, 1589, 1593, 1592, 1124, 1595, 1588, 1594, 1129, 1588, 1595, 1124, 1589, 1590, 1124, 1590, 1591, 1588, 1592, 1594, 1592, 1588, 1589, 1598, 1597, 1596, 1597, 1598, 1599, 1600, 1599, 1598, 1599, 1600, 1601, 1602, 1596, 1597, 1596, 1602, 1603, 1606, 1605, 1604, 1605, 1606, 1607, 1604, 1605, 1606, 1607, 1606, 1605, 1610, 1609, 1608, 1609, 1610, 1611, 1611, 1610, 1612, 1611, 1612, 1613, 1608, 1609, 1610, 1611, 1610, 1609, 1612, 1610, 1611, 1613, 1612, 1611, 1608, 1615, 1614, 1615, 1608, 1609, 1614, 1615, 1608, 1609, 1608, 1615, 1604, 1613, 1612, 1613, 1604, 1605, 1612, 1613, 1604, 1605, 1604, 1613, 1618, 1617, 1616, 1617, 1618, 1619, 1616, 1617, 1618, 1619, 1618, 1617, 1614, 1621, 1620, 1621, 1614, 1615, 1620, 1621, 1614, 1615, 1614, 1621, 1616, 1607, 1606, 1607, 1616, 1617, 1606, 1607, 1616, 1617, 1616, 1607, 1624, 1623, 1622, 1623, 1624, 1625, 1628, 1627, 1626, 1627, 1628, 1629, 1631, 1622, 1630, 1622, 1631, 1624, 1624, 1631, 1632, 1624, 1632, 1633, 1633, 1632, 1634, 1633, 1634, 1635, 1638, 1637, 1636, 1637, 1638, 1627, 1627, 1638, 1639, 1627, 1639, 1626, 1626, 1639, 1640, 1626, 1640, 1641, 1625, 1642, 1623, 1642, 1625, 1643, 1643, 1625, 1644, 1643, 1644, 1645, 1645, 1644, 1646, 1645, 1646, 1647, 1632, 1643, 1645, 1643, 1632, 1631, 1649, 1637, 1648, 1637, 1649, 1636, 1624, 1644, 1625, 1644, 1624, 1633, 1630, 1643, 1631, 1643, 1630, 1642, 1640, 1650, 1641, 1650, 1640, 1651, 1633, 1646, 1644, 1646, 1633, 1635, 1629, 1649, 1648, 1649, 1629, 1652, 1652, 1629, 1628, 1652, 1628, 1653, 1653, 1628, 1650, 1653, 1650, 1651, 1646, 1634, 1647, 1634, 1646, 1635, 1652, 1639, 1638, 1639, 1652, 1653, 1622, 1642, 1630, 1642, 1622, 1623, 1650, 1626, 1641, 1626, 1650, 1628, 1648, 1627, 1629, 1627, 1648, 1637, 1634, 1645, 1647, 1645, 1634, 1632, 1652, 1636, 1649, 1636, 1652, 1638, 1653, 1640, 1639, 1640, 1653, 1651, 98, 1654, 101, 1654, 98, 1655, 98, 81, 1655, 1655, 81, 80, 81, 98, 99, 1654, 102, 101, 92, 102, 1654, 102, 92, 94, 90, 103, 95, 103, 90, 97, 97, 90, 87, 87, 90, 76, 77, 87, 76, 77, 88, 87, 77, 100, 88, 100, 77, 82, 82, 99, 100, 99, 82, 81, 95, 102, 94, 102, 95, 103, 441, 465, 440, 465, 441, 464, 464, 441, 467, 467, 441, 447, 453, 467, 447, 453, 458, 467, 455, 458, 453, 458, 455, 460, 457, 1656, 461, 1656, 457, 1657, 457, 454, 1657, 1657, 454, 452, 454, 457, 459, 1656, 463, 461, 443, 463, 1656, 463, 443, 442, 440, 463, 442, 463, 440, 465, 455, 459, 460, 459, 455, 454, 101, 86, 98, 86, 101, 96, 86, 96, 85, 1654, 1655, 92, 80, 92, 1655, 80, 93, 92, 93, 80, 83, 1660, 1659, 1658, 1661, 1659, 1660, 1659, 1661, 1662, 1664, 1660, 1663, 1660, 1664, 1661, 1658, 1666, 1665, 1666, 1658, 1659, 1666, 1659, 1662, 1662, 1664, 1666, 1664, 1662, 1661, 1660, 1665, 1663, 1665, 1660, 1658, 1669, 1668, 1667, 1668, 1669, 1670, 1672, 1668, 1671, 1668, 1672, 1667, 1669, 1673, 1670, 1673, 1669, 1674, 1673, 1672, 1671, 1672, 1673, 1674, 1672, 1669, 1667, 1669, 1672, 1674, 1677, 1676, 1675, 1676, 1677, 1678, 1680, 1677, 1679, 1677, 1680, 1678, 1680, 1682, 1681, 1682, 1680, 1679, 1676, 1682, 1675, 1682, 1676, 1681, 1676, 1680, 1681, 1680, 1676, 1678, 443, 451, 445, 451, 443, 1656, 451, 1656, 1657, 452, 451, 1657, 461, 456, 457, 456, 461, 462, 456, 462, 466, 474, 470, 475, 470, 474, 471, 1685, 1684, 1683, 1684, 1685, 1686, 1684, 1686, 1687, 1687, 1689, 1688, 1689, 1687, 1686, 1685, 1689, 1686, 1685, 1690, 1689, 1690, 1685, 1683, 1691, 1687, 1688, 1687, 1691, 1684, 1683, 1691, 1690, 1691, 1683, 1684, 1692, 634, 632, 634, 1692, 1693, 1694, 1693, 1692, 1693, 1694, 1695, 1695, 1694, 1696, 1695, 1696, 1697, 1697, 1696, 1698, 1697, 1698, 1699, 1694, 632, 631, 632, 1694, 1692, 1696, 631, 630, 631, 1696, 1694, 1695, 634, 1693, 634, 1695, 635, 639, 1696, 630, 1696, 639, 1698, 637, 1698, 639, 1698, 637, 1699, 637, 1697, 1699, 1697, 637, 636, 636, 1695, 1697, 1695, 636, 635, 1700, 650, 648, 650, 1700, 1701, 1702, 1701, 1700, 1701, 1702, 1703, 1703, 1702, 1704, 1703, 1704, 1705, 1705, 1704, 1706, 1705, 1706, 1707, 1702, 648, 647, 648, 1702, 1700, 1704, 647, 646, 647, 1704, 1702, 1703, 650, 1701, 650, 1703, 651, 655, 1704, 646, 1704, 655, 1706, 653, 1706, 655, 1706, 653, 1707, 653, 1705, 1707, 1705, 653, 652, 652, 1703, 1705, 1703, 652, 651, 1708, 666, 664, 666, 1708, 1709, 1710, 1709, 1708, 1709, 1710, 1711, 1711, 1710, 1712, 1711, 1712, 1713, 1713, 1712, 1714, 1713, 1714, 1715, 1710, 664, 663, 664, 1710, 1708, 1712, 663, 662, 663, 1712, 1710, 1711, 666, 1709, 666, 1711, 667, 671, 1712, 662, 1712, 671, 1714, 669, 1714, 671, 1714, 669, 1715, 669, 1713, 1715, 1713, 669, 668, 668, 1711, 1713, 1711, 668, 667, 1716, 682, 680, 682, 1716, 1717, 1718, 1717, 1716, 1717, 1718, 1719, 1719, 1718, 1720, 1719, 1720, 1721, 1721, 1720, 1722, 1721, 1722, 1723, 1718, 680, 679, 680, 1718, 1716, 1720, 679, 678, 679, 1720, 1718, 1719, 682, 1717, 682, 1719, 683, 687, 1720, 678, 1720, 687, 1722, 685, 1722, 687, 1722, 685, 1723, 685, 1721, 1723, 1721, 685, 684, 684, 1719, 1721, 1719, 684, 683, 1724, 698, 696, 698, 1724, 1725, 1726, 1725, 1724, 1725, 1726, 1727, 1727, 1726, 1728, 1727, 1728, 1729, 1729, 1728, 1730, 1729, 1730, 1731, 1726, 696, 695, 696, 1726, 1724, 1728, 695, 694, 695, 1728, 1726, 1727, 698, 1725, 698, 1727, 699, 703, 1728, 694, 1728, 703, 1730, 701, 1730, 703, 1730, 701, 1731, 701, 1729, 1731, 1729, 701, 700, 700, 1727, 1729, 1727, 700, 699, 1732, 714, 712, 714, 1732, 1733, 1734, 1733, 1732, 1733, 1734, 1735, 1735, 1734, 1736, 1735, 1736, 1737, 1737, 1736, 1738, 1737, 1738, 1739, 1734, 712, 711, 712, 1734, 1732, 1736, 711, 710, 711, 1736, 1734, 1735, 714, 1733, 714, 1735, 715, 719, 1736, 710, 1736, 719, 1738, 717, 1738, 719, 1738, 717, 1739, 717, 1737, 1739, 1737, 717, 716, 716, 1735, 1737, 1735, 716, 715, 1740, 730, 728, 730, 1740, 1741, 1742, 1741, 1740, 1741, 1742, 1743, 1743, 1742, 1744, 1743, 1744, 1745, 1745, 1744, 1746, 1745, 1746, 1747, 1742, 728, 727, 728, 1742, 1740, 1744, 727, 726, 727, 1744, 1742, 1743, 730, 1741, 730, 1743, 731, 735, 1744, 726, 1744, 735, 1746, 733, 1746, 735, 1746, 733, 1747, 733, 1745, 1747, 1745, 733, 732, 732, 1743, 1745, 1743, 732, 731, 1748, 746, 744, 746, 1748, 1749, 1750, 1749, 1748, 1749, 1750, 1751, 1751, 1750, 1752, 1751, 1752, 1753, 1753, 1752, 1754, 1753, 1754, 1755, 1750, 744, 743, 744, 1750, 1748, 1752, 743, 742, 743, 1752, 1750, 1751, 746, 1749, 746, 1751, 747, 751, 1752, 742, 1752, 751, 1754, 749, 1754, 751, 1754, 749, 1755, 749, 1753, 1755, 1753, 749, 748, 748, 1751, 1753, 1751, 748, 747, 782, 792, 785, 792, 782, 783, 774, 770, 775, 770, 774, 771, 801, 777, 808, 777, 801, 776, 871, 868, 870, 868, 871, 862, 862, 871, 859, 859, 871, 873, 859, 873, 858, 865, 868, 862, 888, 868, 865, 868, 888, 886, 882, 884, 883, 884, 882, 850, 850, 882, 887, 887, 882, 879, 879, 882, 893, 879, 893, 878, 889, 850, 887, 875, 850, 889, 850, 875, 853, 853, 875, 876, 931, 955, 954, 955, 931, 933, 944, 935, 947, 935, 944, 934, 934, 944, 960, 960, 939, 934, 960, 938, 939, 938, 960, 965, 960, 944, 959, 959, 944, 956, 1048, 1058, 1051, 1058, 1048, 1049, 1040, 1036, 1041, 1036, 1040, 1037, 1067, 1043, 1074, 1043, 1067, 1042, 1758, 1757, 1756, 1757, 1758, 1759, 1761, 1756, 1760, 1756, 1761, 1758, 1763, 1760, 1762, 1760, 1763, 1761, 1763, 1758, 1761, 1758, 1763, 1759, 1757, 1763, 1762, 1763, 1757, 1759, 1766, 1765, 1764, 1765, 1766, 1767, 1764, 1769, 1768, 1769, 1764, 1765, 1771, 1766, 1770, 1766, 1771, 1767, 1765, 1771, 1769, 1771, 1765, 1767, 1766, 1768, 1770, 1768, 1766, 1764, 1774, 1773, 1772, 1773, 1774, 1775, 1777, 1775, 1776, 1775, 1777, 1773, 1777, 1779, 1778, 1779, 1777, 1776, 1776, 1774, 1779, 1774, 1776, 1775, 1773, 1778, 1772, 1778, 1773, 1777, 1782, 1781, 1780, 1781, 1782, 1783, 1780, 1781, 1782, 1783, 1782, 1781, 1786, 1785, 1784, 1785, 1786, 1787, 1787, 1786, 1788, 1787, 1788, 1789, 1789, 1788, 1790, 1789, 1790, 1791, 1791, 1790, 1792, 1791, 1792, 1793, 1784, 1785, 1786, 1787, 1786, 1785, 1788, 1786, 1787, 1789, 1788, 1787, 1790, 1788, 1789, 1791, 1790, 1789, 1792, 1790, 1791, 1793, 1792, 1791, 1796, 1795, 1794, 1795, 1796, 1797, 1794, 1795, 1796, 1797, 1796, 1795, 1799, 1364, 1798, 1364, 1799, 1362, 1360, 1799, 1800, 1799, 1360, 1362, 1801, 1364, 1370, 1364, 1801, 1798, 1803, 1366, 1802, 1366, 1803, 1367, 1803, 1370, 1367, 1370, 1803, 1801, 1366, 1804, 1802, 1804, 1366, 1361, 1359, 1804, 1361, 1804, 1359, 1805, 1360, 1805, 1359, 1805, 1360, 1800, 1803, 1798, 1801, 1798, 1803, 1799, 1799, 1803, 1802, 1799, 1802, 1800, 1800, 1802, 1804, 1800, 1804, 1805, 1807, 1388, 1806, 1388, 1807, 1386, 1384, 1807, 1808, 1807, 1384, 1386, 1809, 1388, 1394, 1388, 1809, 1806, 1811, 1390, 1810, 1390, 1811, 1391, 1811, 1394, 1391, 1394, 1811, 1809, 1390, 1812, 1810, 1812, 1390, 1385, 1383, 1812, 1385, 1812, 1383, 1813, 1384, 1813, 1383, 1813, 1384, 1808, 1811, 1806, 1809, 1806, 1811, 1807, 1807, 1811, 1810, 1807, 1810, 1808, 1808, 1810, 1812, 1808, 1812, 1813, 1815, 1412, 1814, 1412, 1815, 1410, 1408, 1815, 1816, 1815, 1408, 1410, 1817, 1412, 1418, 1412, 1817, 1814, 1819, 1414, 1818, 1414, 1819, 1415, 1819, 1418, 1415, 1418, 1819, 1817, 1414, 1820, 1818, 1820, 1414, 1409, 1407, 1820, 1409, 1820, 1407, 1821, 1408, 1821, 1407, 1821, 1408, 1816, 1819, 1814, 1817, 1814, 1819, 1815, 1815, 1819, 1818, 1815, 1818, 1816, 1816, 1818, 1820, 1816, 1820, 1821, 1823, 1436, 1822, 1436, 1823, 1434, 1432, 1823, 1824, 1823, 1432, 1434, 1825, 1436, 1442, 1436, 1825, 1822, 1827, 1438, 1826, 1438, 1827, 1439, 1827, 1442, 1439, 1442, 1827, 1825, 1438, 1828, 1826, 1828, 1438, 1433, 1431, 1828, 1433, 1828, 1431, 1829, 1432, 1829, 1431, 1829, 1432, 1824, 1827, 1822, 1825, 1822, 1827, 1823, 1823, 1827, 1826, 1823, 1826, 1824, 1824, 1826, 1828, 1824, 1828, 1829, 796, 790, 794, 790, 796, 793, 813, 814, 815, 814, 813, 811, 797, 798, 799, 798, 797, 795, 812, 806, 810, 806, 812, 809, 800, 807, 802, 807, 800, 803, 784, 791, 786, 791, 784, 787, 895, 894, 896, 894, 895, 892, 851, 854, 857, 854, 851, 852, 945, 948, 951, 948, 945, 946, 964, 969, 966, 969, 964, 967, 1062, 1056, 1060, 1056, 1062, 1059, 1079, 1080, 1081, 1080, 1079, 1077, 1063, 1064, 1065, 1064, 1063, 1061, 1078, 1072, 1076, 1072, 1078, 1075, 1066, 1073, 1068, 1073, 1066, 1069, 1050, 1057, 1052, 1057, 1050, 1053, 2, 1, 0, 1, 2, 3, 2, 4, 3, 4, 2, 5, 6, 4, 5, 4, 6, 7, 8, 7, 6, 7, 8, 9, 10, 9, 8, 9, 10, 11, 10, 1, 11, 1, 10, 0, 11, 7, 9, 7, 11, 4, 4, 11, 1, 4, 1, 3, 14, 13, 12, 13, 14, 15, 13, 15, 16, 16, 15, 17, 16, 17, 18, 16, 18, 19, 19, 18, 20, 20, 18, 21, 23, 21, 22, 21, 23, 20, 12, 24, 14, 24, 12, 25, 23, 19, 20, 26, 19, 23, 19, 26, 27, 27, 16, 19, 16, 27, 28, 28, 13, 16, 13, 28, 29, 29, 25, 13, 13, 25, 12, 25, 29, 30, 24, 15, 14, 31, 15, 24, 15, 31, 32, 32, 17, 15, 17, 32, 33, 33, 18, 17, 18, 33, 34, 34, 22, 18, 18, 22, 21, 22, 34, 35, 23, 24, 25, 24, 23, 22, 23, 30, 26, 30, 23, 25, 24, 35, 31, 35, 24, 22, 38, 37, 36, 37, 38, 39, 37, 39, 40, 37, 40, 41, 41, 40, 42, 41, 42, 43, 43, 42, 44, 43, 44, 45, 47, 44, 46, 44, 47, 45, 36, 48, 38, 48, 36, 49, 47, 43, 45, 50, 43, 47, 43, 50, 51, 51, 41, 43, 41, 51, 52, 52, 37, 41, 37, 52, 53, 53, 49, 37, 37, 49, 36, 49, 53, 54, 48, 39, 38, 55, 39, 48, 39, 55, 56, 56, 40, 39, 40, 56, 57, 57, 42, 40, 42, 57, 58, 58, 46, 42, 42, 46, 44, 46, 58, 59, 47, 48, 49, 48, 47, 46, 47, 54, 50, 54, 47, 49, 48, 59, 55, 59, 48, 46, 62, 61, 60, 61, 62, 63, 64, 63, 62, 63, 64, 65, 66, 65, 64, 65, 66, 67, 68, 67, 66, 67, 68, 69, 72, 71, 70, 71, 72, 73, 61, 72, 74, 72, 61, 67, 67, 73, 72, 73, 67, 69, 67, 61, 65, 65, 61, 63, 66, 71, 68, 71, 66, 70, 60, 70, 66, 70, 60, 75, 60, 66, 64, 60, 64, 62, 72, 75, 74, 75, 72, 70, 78, 77, 76, 77, 78, 79, 79, 80, 77, 77, 80, 81, 77, 81, 82, 79, 83, 80, 83, 79, 84, 87, 86, 85, 86, 87, 88, 76, 89, 78, 89, 76, 90, 90, 91, 89, 91, 90, 92, 93, 91, 92, 92, 90, 94, 94, 90, 95, 97, 85, 96, 85, 97, 87, 88, 98, 86, 98, 88, 99, 99, 88, 100, 102, 96, 101, 96, 102, 97, 97, 102, 103, 106, 105, 104, 105, 106, 107, 110, 109, 108, 109, 110, 111, 114, 113, 112, 113, 114, 115, 116, 115, 114, 115, 116, 117, 116, 118, 117, 118, 116, 119, 120, 118, 119, 118, 120, 121, 120, 122, 121, 122, 120, 123, 124, 122, 123, 122, 124, 125, 126, 125, 124, 125, 126, 127, 106, 110, 107, 110, 106, 111, 112, 116, 114, 112, 119, 116, 105, 119, 112, 107, 119, 105, 110, 119, 107, 119, 110, 120, 108, 120, 110, 108, 123, 120, 126, 123, 108, 123, 126, 124, 113, 106, 104, 106, 113, 118, 118, 113, 117, 117, 113, 115, 121, 106, 118, 121, 111, 106, 121, 109, 111, 122, 109, 121, 125, 109, 122, 109, 125, 127, 130, 129, 128, 129, 130, 131, 134, 133, 132, 133, 134, 135, 138, 137, 136, 137, 138, 139, 140, 139, 138, 139, 140, 141, 140, 142, 141, 142, 140, 143, 144, 142, 143, 142, 144, 145, 144, 146, 145, 146, 144, 147, 148, 146, 147, 146, 148, 149, 150, 149, 148, 149, 150, 151, 130, 134, 131, 134, 130, 135, 136, 140, 138, 136, 143, 140, 129, 143, 136, 131, 143, 129, 134, 143, 131, 143, 134, 144, 132, 144, 134, 132, 147, 144, 150, 147, 132, 147, 150, 148, 137, 130, 128, 130, 137, 142, 142, 137, 141, 141, 137, 139, 145, 130, 142, 145, 135, 130, 145, 133, 135, 146, 133, 145, 149, 133, 146, 133, 149, 151, 154, 153, 152, 153, 154, 155, 158, 157, 156, 157, 158, 159, 162, 161, 160, 161, 162, 163, 164, 163, 162, 163, 164, 165, 164, 166, 165, 166, 164, 167, 168, 166, 167, 166, 168, 169, 168, 170, 169, 170, 168, 171, 172, 170, 171, 170, 172, 173, 174, 173, 172, 173, 174, 175, 154, 158, 155, 158, 154, 159, 160, 164, 162, 160, 167, 164, 153, 167, 160, 155, 167, 153, 158, 167, 155, 167, 158, 168, 156, 168, 158, 156, 171, 168, 174, 171, 156, 171, 174, 172, 161, 154, 152, 154, 161, 166, 166, 161, 165, 165, 161, 163, 169, 154, 166, 169, 159, 154, 169, 157, 159, 170, 157, 169, 173, 157, 170, 157, 173, 175, 178, 177, 176, 177, 178, 179, 182, 181, 180, 181, 182, 183, 186, 185, 184, 185, 186, 187, 188, 187, 186, 187, 188, 189, 188, 190, 189, 190, 188, 191, 192, 190, 191, 190, 192, 193, 192, 194, 193, 194, 192, 195, 196, 194, 195, 194, 196, 197, 198, 197, 196, 197, 198, 199, 178, 182, 179, 182, 178, 183, 184, 188, 186, 184, 191, 188, 177, 191, 184, 179, 191, 177, 182, 191, 179, 191, 182, 192, 180, 192, 182, 180, 195, 192, 198, 195, 180, 195, 198, 196, 185, 178, 176, 178, 185, 190, 190, 185, 189, 189, 185, 187, 193, 178, 190, 193, 183, 178, 193, 181, 183, 194, 181, 193, 197, 181, 194, 181, 197, 199, 202, 201, 200, 201, 202, 203, 206, 205, 204, 205, 206, 207, 210, 209, 208, 209, 210, 211, 212, 211, 210, 211, 212, 213, 212, 214, 213, 214, 212, 215, 216, 214, 215, 214, 216, 217, 216, 218, 217, 218, 216, 219, 220, 218, 219, 218, 220, 221, 222, 221, 220, 221, 222, 223, 202, 206, 203, 206, 202, 207, 208, 212, 210, 201, 212, 208, 203, 212, 201, 203, 215, 212, 206, 215, 203, 215, 206, 216, 204, 216, 206, 204, 219, 216, 222, 219, 204, 219, 222, 220, 209, 202, 200, 202, 209, 214, 214, 209, 213, 213, 209, 211, 217, 202, 214, 217, 207, 202, 217, 205, 207, 218, 205, 217, 221, 205, 218, 205, 221, 223, 226, 225, 224, 225, 226, 227, 230, 229, 228, 229, 230, 231, 234, 233, 232, 233, 234, 235, 236, 235, 234, 235, 236, 237, 236, 238, 237, 238, 236, 239, 240, 238, 239, 238, 240, 241, 240, 242, 241, 242, 240, 243, 244, 242, 243, 242, 244, 245, 246, 245, 244, 245, 246, 247, 226, 230, 227, 230, 226, 231, 233, 226, 224, 226, 233, 238, 238, 233, 237, 237, 233, 235, 241, 226, 238, 241, 231, 226, 241, 229, 231, 242, 229, 241, 245, 229, 242, 229, 245, 247, 232, 236, 234, 232, 239, 236, 225, 239, 232, 227, 239, 225, 230, 239, 227, 239, 230, 240, 228, 240, 230, 228, 243, 240, 246, 243, 228, 243, 246, 244, 250, 249, 248, 249, 250, 251, 254, 253, 252, 253, 254, 255, 258, 257, 256, 257, 258, 259, 260, 259, 258, 259, 260, 261, 260, 262, 261, 262, 260, 263, 264, 262, 263, 262, 264, 265, 264, 266, 265, 266, 264, 267, 268, 266, 267, 266, 268, 269, 270, 269, 268, 269, 270, 271, 250, 254, 251, 254, 250, 255, 256, 260, 258, 249, 260, 256, 251, 260, 249, 251, 263, 260, 254, 263, 251, 263, 254, 264, 252, 264, 254, 252, 267, 264, 270, 267, 252, 267, 270, 268, 257, 250, 248, 250, 257, 262, 262, 257, 261, 261, 257, 259, 265, 250, 262, 265, 255, 250, 265, 253, 255, 266, 253, 265, 269, 253, 266, 253, 269, 271, 274, 273, 272, 275, 273, 274, 276, 273, 275, 276, 277, 273, 276, 278, 277, 279, 278, 276, 278, 279, 280, 281, 280, 279, 282, 280, 281, 280, 282, 283, 286, 285, 284, 285, 286, 287, 287, 286, 288, 288, 286, 289, 290, 285, 287, 290, 291, 285, 290, 292, 291, 293, 292, 290, 294, 292, 293, 292, 294, 295, 285, 275, 284, 275, 285, 276, 272, 286, 274, 286, 272, 289, 273, 289, 272, 289, 273, 288, 273, 287, 288, 287, 273, 277, 277, 290, 287, 290, 277, 278, 278, 293, 290, 293, 278, 280, 283, 293, 280, 293, 283, 294, 282, 294, 283, 294, 282, 295, 276, 291, 279, 291, 276, 285, 279, 292, 281, 292, 279, 291, 298, 297, 296, 297, 298, 299, 302, 301, 300, 301, 302, 303, 304, 303, 302, 303, 304, 305, 306, 305, 304, 305, 306, 307, 308, 307, 306, 307, 308, 309, 310, 309, 308, 309, 310, 311, 312, 311, 310, 311, 312, 313, 314, 313, 312, 313, 314, 315, 301, 298, 316, 298, 301, 307, 307, 301, 305, 305, 301, 303, 309, 298, 307, 309, 299, 298, 311, 299, 309, 311, 317, 299, 313, 317, 311, 317, 313, 315, 300, 304, 302, 318, 304, 300, 296, 304, 318, 296, 306, 304, 297, 306, 296, 306, 297, 308, 319, 308, 297, 319, 310, 308, 314, 310, 319, 310, 314, 312, 298, 318, 316, 318, 298, 296, 297, 317, 319, 317, 297, 299, 322, 321, 320, 321, 322, 323, 326, 325, 324, 325, 326, 327, 330, 329, 328, 329, 330, 331, 332, 331, 330, 331, 332, 333, 332, 334, 333, 334, 332, 335, 336, 334, 335, 334, 336, 337, 336, 338, 337, 338, 336, 339, 340, 338, 339, 338, 340, 341, 342, 341, 340, 341, 342, 343, 322, 326, 323, 326, 322, 327, 329, 322, 320, 322, 329, 334, 334, 329, 333, 333, 329, 331, 337, 322, 334, 337, 327, 322, 337, 325, 327, 338, 325, 337, 341, 325, 338, 325, 341, 343, 328, 332, 330, 328, 335, 332, 321, 335, 328, 323, 335, 321, 326, 335, 323, 335, 326, 336, 324, 336, 326, 324, 339, 336, 342, 339, 324, 339, 342, 340, 346, 345, 344, 345, 346, 347, 350, 349, 348, 349, 350, 351, 354, 353, 352, 353, 354, 355, 356, 355, 354, 355, 356, 357, 356, 358, 357, 358, 356, 359, 360, 358, 359, 358, 360, 361, 360, 362, 361, 362, 360, 363, 364, 362, 363, 362, 364, 365, 366, 365, 364, 365, 366, 367, 346, 350, 347, 350, 346, 351, 352, 356, 354, 352, 359, 356, 345, 359, 352, 347, 359, 345, 350, 359, 347, 359, 350, 360, 348, 360, 350, 348, 363, 360, 366, 363, 348, 363, 366, 364, 353, 346, 344, 346, 353, 358, 358, 353, 357, 357, 353, 355, 361, 346, 358, 361, 351, 346, 361, 349, 351, 362, 349, 361, 365, 349, 362, 349, 365, 367, 370, 369, 368, 369, 370, 371, 374, 373, 372, 373, 374, 375, 378, 377, 376, 377, 378, 379, 380, 379, 378, 379, 380, 381, 380, 382, 381, 382, 380, 383, 384, 382, 383, 382, 384, 385, 384, 386, 385, 386, 384, 387, 388, 386, 387, 386, 388, 389, 390, 389, 388, 389, 390, 391, 370, 374, 371, 374, 370, 375, 376, 380, 378, 376, 383, 380, 369, 383, 376, 371, 383, 369, 374, 383, 371, 383, 374, 384, 372, 384, 374, 372, 387, 384, 390, 387, 372, 387, 390, 388, 377, 370, 368, 370, 377, 382, 382, 377, 381, 381, 377, 379, 385, 370, 382, 385, 375, 370, 385, 373, 375, 386, 373, 385, 389, 373, 386, 373, 389, 391, 394, 393, 392, 393, 394, 395, 398, 397, 396, 397, 398, 399, 402, 401, 400, 401, 402, 403, 404, 403, 402, 403, 404, 405, 404, 406, 405, 406, 404, 407, 408, 406, 407, 406, 408, 409, 408, 410, 409, 410, 408, 411, 412, 410, 411, 410, 412, 413, 414, 413, 412, 413, 414, 415, 394, 398, 395, 398, 394, 399, 400, 404, 402, 400, 407, 404, 393, 407, 400, 395, 407, 393, 398, 407, 395, 407, 398, 408, 396, 408, 398, 396, 411, 408, 414, 411, 396, 411, 414, 412, 401, 394, 392, 394, 401, 406, 406, 401, 405, 405, 401, 403, 409, 394, 406, 409, 399, 394, 409, 397, 399, 410, 397, 409, 413, 397, 410, 397, 413, 415, 418, 417, 416, 417, 418, 419, 422, 421, 420, 421, 422, 423, 426, 425, 424, 425, 426, 427, 428, 427, 426, 427, 428, 429, 428, 430, 429, 430, 428, 431, 432, 430, 431, 430, 432, 433, 432, 434, 433, 434, 432, 435, 436, 434, 435, 434, 436, 437, 438, 437, 436, 437, 438, 439, 418, 422, 419, 422, 418, 423, 424, 428, 426, 424, 431, 428, 417, 431, 424, 419, 431, 417, 422, 431, 419, 431, 422, 432, 420, 432, 422, 420, 435, 432, 438, 435, 420, 435, 438, 436, 425, 418, 416, 418, 425, 430, 430, 425, 429, 429, 425, 427, 433, 418, 430, 433, 423, 418, 433, 421, 423, 434, 421, 433, 437, 421, 434, 421, 437, 439, 442, 441, 440, 443, 441, 442, 444, 441, 443, 445, 444, 443, 441, 444, 446, 446, 447, 441, 447, 446, 448, 451, 450, 449, 450, 451, 452, 450, 452, 453, 453, 452, 454, 453, 454, 455, 453, 448, 450, 448, 453, 447, 458, 457, 456, 457, 458, 459, 459, 458, 460, 463, 462, 461, 462, 463, 464, 464, 463, 465, 464, 466, 462, 466, 464, 467, 467, 456, 466, 456, 467, 458, 470, 469, 468, 469, 470, 471, 474, 473, 472, 473, 474, 475, 478, 477, 476, 477, 478, 479, 477, 479, 480, 477, 480, 481, 481, 480, 482, 481, 482, 483, 484, 477, 481, 483, 484, 481, 477, 484, 485, 484, 483, 486, 487, 477, 485, 482, 486, 483, 477, 487, 476, 486, 482, 488, 489, 476, 487, 476, 489, 478, 480, 488, 482, 488, 480, 490, 491, 478, 489, 480, 491, 490, 478, 491, 479, 491, 480, 479, 494, 493, 492, 493, 494, 495, 495, 494, 496, 495, 496, 497, 497, 496, 498, 497, 498, 499, 499, 498, 500, 499, 500, 501, 503, 500, 502, 500, 503, 501, 493, 504, 492, 504, 493, 505, 503, 499, 501, 499, 503, 506, 506, 497, 499, 497, 506, 507, 507, 495, 497, 495, 507, 508, 508, 493, 495, 493, 508, 505, 504, 494, 492, 494, 504, 509, 509, 496, 494, 496, 509, 510, 510, 498, 496, 498, 510, 511, 511, 500, 498, 500, 511, 502, 514, 513, 512, 513, 514, 515, 515, 514, 516, 515, 516, 517, 520, 519, 518, 519, 520, 521, 521, 520, 522, 521, 522, 523, 526, 525, 524, 525, 526, 527, 527, 526, 528, 527, 528, 529, 532, 531, 530, 531, 532, 533, 533, 532, 534, 533, 534, 535, 538, 537, 536, 537, 538, 539, 539, 538, 540, 539, 540, 541, 544, 543, 542, 543, 544, 545, 545, 544, 546, 545, 546, 547, 550, 549, 548, 549, 550, 551, 551, 550, 552, 551, 552, 553, 556, 555, 554, 555, 556, 557, 557, 556, 558, 557, 558, 559, 562, 561, 560, 561, 562, 563, 563, 562, 564, 563, 564, 565, 568, 567, 566, 567, 568, 569, 569, 568, 570, 569, 570, 571, 574, 573, 572, 573, 574, 575, 575, 574, 576, 575, 576, 577, 580, 579, 578, 579, 580, 581, 581, 580, 582, 581, 582, 583, 586, 585, 584, 585, 586, 587, 587, 586, 588, 587, 588, 589, 592, 591, 590, 591, 592, 593, 593, 592, 594, 593, 594, 595, 598, 597, 596, 597, 598, 599, 599, 598, 600, 599, 600, 601, 604, 603, 602, 603, 604, 605, 605, 604, 606, 605, 606, 607, 610, 609, 608, 609, 610, 611, 609, 611, 612, 609, 612, 613, 613, 612, 614, 614, 612, 615, 616, 613, 614, 615, 616, 614, 613, 616, 617, 616, 615, 618, 617, 609, 613, 609, 617, 619, 612, 618, 615, 618, 612, 620, 612, 621, 620, 621, 612, 611, 619, 608, 609, 608, 619, 622, 611, 623, 621, 623, 608, 622, 623, 611, 610, 608, 623, 610, 626, 625, 624, 629, 628, 627, 631, 628, 630, 628, 631, 627, 632, 627, 631, 627, 632, 633, 634, 633, 632, 633, 634, 625, 635, 625, 634, 625, 635, 624, 636, 624, 635, 624, 636, 626, 637, 626, 636, 626, 637, 638, 639, 638, 637, 638, 639, 629, 630, 629, 639, 629, 630, 628, 642, 641, 640, 645, 644, 643, 647, 644, 646, 644, 647, 643, 648, 643, 647, 643, 648, 649, 650, 649, 648, 649, 650, 641, 651, 641, 650, 641, 651, 640, 652, 640, 651, 640, 652, 642, 653, 642, 652, 642, 653, 654, 655, 654, 653, 654, 655, 645, 646, 645, 655, 645, 646, 644, 658, 657, 656, 661, 660, 659, 663, 660, 662, 660, 663, 659, 664, 659, 663, 659, 664, 665, 666, 665, 664, 665, 666, 657, 667, 657, 666, 657, 667, 656, 668, 656, 667, 656, 668, 658, 669, 658, 668, 658, 669, 670, 671, 670, 669, 670, 671, 661, 662, 661, 671, 661, 662, 660, 674, 673, 672, 677, 676, 675, 679, 676, 678, 676, 679, 675, 680, 675, 679, 675, 680, 681, 682, 681, 680, 681, 682, 673, 683, 673, 682, 673, 683, 672, 684, 672, 683, 672, 684, 674, 685, 674, 684, 674, 685, 686, 687, 686, 685, 686, 687, 677, 678, 677, 687, 677, 678, 676, 690, 689, 688, 693, 692, 691, 695, 692, 694, 692, 695, 691, 696, 691, 695, 691, 696, 697, 698, 697, 696, 697, 698, 689, 699, 689, 698, 689, 699, 688, 700, 688, 699, 688, 700, 690, 701, 690, 700, 690, 701, 702, 703, 702, 701, 702, 703, 693, 694, 693, 703, 693, 694, 692, 706, 705, 704, 709, 708, 707, 711, 708, 710, 708, 711, 707, 712, 707, 711, 707, 712, 713, 714, 713, 712, 713, 714, 705, 715, 705, 714, 705, 715, 704, 716, 704, 715, 704, 716, 706, 717, 706, 716, 706, 717, 718, 719, 718, 717, 718, 719, 709, 710, 709, 719, 709, 710, 708, 722, 721, 720, 725, 724, 723, 727, 724, 726, 724, 727, 723, 728, 723, 727, 723, 728, 729, 730, 729, 728, 729, 730, 721, 731, 721, 730, 721, 731, 720, 732, 720, 731, 720, 732, 722, 733, 722, 732, 722, 733, 734, 735, 734, 733, 734, 735, 725, 726, 725, 735, 725, 726, 724, 738, 737, 736, 741, 740, 739, 743, 740, 742, 740, 743, 739, 744, 739, 743, 739, 744, 745, 746, 745, 744, 745, 746, 737, 747, 737, 746, 737, 747, 736, 748, 736, 747, 736, 748, 738, 749, 738, 748, 738, 749, 750, 751, 750, 749, 750, 751, 741, 742, 741, 751, 741, 742, 740, 754, 753, 752, 753, 754, 755, 754, 756, 755, 756, 754, 757, 760, 759, 758, 759, 760, 761, 762, 761, 760, 761, 762, 763, 764, 763, 762, 763, 764, 765, 766, 765, 764, 765, 766, 767, 766, 754, 752, 754, 766, 760, 760, 757, 754, 757, 760, 758, 760, 766, 762, 762, 766, 764, 761, 756, 759, 756, 761, 755, 767, 755, 761, 755, 767, 753, 767, 761, 763, 767, 763, 765, 770, 769, 768, 769, 770, 771, 774, 773, 772, 773, 774, 775, 778, 777, 776, 777, 778, 779, 779, 772, 773, 772, 779, 778, 769, 780, 768, 780, 769, 781, 780, 783, 782, 783, 780, 781, 786, 785, 784, 784, 785, 787, 786, 788, 785, 788, 786, 789, 790, 789, 786, 790, 786, 791, 789, 790, 792, 792, 790, 793, 790, 791, 794, 792, 793, 795, 792, 795, 785, 796, 795, 793, 797, 785, 795, 787, 785, 797, 796, 798, 795, 794, 798, 796, 799, 787, 797, 799, 791, 787, 798, 794, 799, 791, 799, 794, 802, 801, 800, 800, 801, 803, 802, 804, 801, 804, 802, 805, 806, 805, 802, 806, 802, 807, 805, 806, 808, 808, 806, 809, 806, 807, 810, 808, 809, 811, 808, 811, 801, 812, 811, 809, 813, 801, 811, 803, 801, 813, 812, 814, 811, 810, 814, 812, 815, 803, 813, 815, 807, 803, 814, 810, 815, 807, 815, 810, 818, 817, 816, 817, 818, 819, 822, 821, 820, 821, 822, 823, 818, 825, 824, 825, 818, 816, 821, 827, 826, 827, 821, 823, 822, 829, 828, 829, 822, 820, 817, 831, 830, 831, 817, 819, 831, 825, 830, 825, 831, 824, 827, 829, 826, 829, 827, 828, 834, 833, 832, 833, 834, 835, 833, 836, 832, 836, 833, 837, 840, 839, 838, 839, 840, 841, 842, 840, 838, 840, 842, 843, 845, 834, 844, 834, 845, 835, 846, 839, 841, 839, 846, 847, 846, 842, 847, 842, 846, 843, 845, 836, 837, 836, 845, 844, 850, 849, 848, 849, 850, 851, 851, 850, 852, 853, 852, 850, 853, 854, 852, 855, 854, 853, 849, 855, 856, 857, 849, 851, 854, 855, 857, 855, 849, 857, 860, 859, 858, 859, 860, 861, 861, 862, 859, 862, 861, 863, 864, 862, 863, 862, 864, 865, 863, 866, 864, 866, 863, 861, 866, 861, 860, 869, 868, 867, 868, 869, 870, 869, 871, 870, 871, 869, 872, 872, 873, 871, 873, 872, 874, 864, 876, 875, 876, 864, 866, 867, 872, 869, 872, 867, 877, 872, 877, 874, 877, 879, 878, 879, 877, 867, 882, 881, 880, 881, 882, 883, 884, 881, 883, 881, 884, 885, 884, 848, 885, 848, 884, 850, 886, 867, 868, 867, 886, 879, 879, 886, 887, 888, 887, 886, 887, 888, 889, 865, 889, 888, 889, 865, 875, 875, 865, 864, 885, 880, 881, 880, 885, 848, 880, 848, 890, 890, 848, 849, 849, 891, 890, 891, 849, 856, 880, 892, 882, 890, 892, 880, 882, 892, 893, 890, 894, 892, 895, 893, 892, 891, 894, 890, 896, 893, 895, 894, 891, 896, 896, 897, 893, 897, 896, 891, 900, 899, 898, 899, 900, 901, 904, 903, 902, 903, 904, 905, 900, 907, 906, 907, 900, 898, 903, 909, 908, 909, 903, 905, 904, 911, 910, 911, 904, 902, 899, 913, 912, 913, 899, 901, 913, 907, 912, 907, 913, 906, 909, 911, 908, 911, 909, 910, 916, 915, 914, 915, 916, 917, 920, 919, 918, 919, 920, 921, 916, 923, 922, 923, 916, 914, 919, 925, 924, 925, 919, 921, 920, 927, 926, 927, 920, 918, 915, 929, 928, 929, 915, 917, 929, 923, 928, 923, 929, 922, 925, 927, 924, 927, 925, 926, 932, 931, 930, 931, 932, 933, 936, 935, 934, 935, 936, 937, 940, 939, 938, 939, 940, 941, 944, 943, 942, 943, 944, 945, 945, 944, 946, 947, 946, 944, 947, 948, 946, 949, 948, 947, 943, 949, 950, 951, 943, 945, 948, 949, 951, 949, 943, 951, 954, 953, 952, 953, 954, 955, 942, 956, 944, 956, 942, 957, 958, 956, 957, 956, 958, 959, 958, 960, 959, 960, 958, 961, 961, 943, 962, 943, 961, 942, 942, 961, 958, 942, 958, 957, 963, 943, 950, 943, 963, 962, 953, 933, 932, 933, 953, 955, 939, 936, 934, 936, 939, 941, 953, 940, 952, 940, 953, 941, 941, 953, 936, 932, 936, 953, 932, 937, 936, 937, 932, 930, 966, 965, 964, 964, 965, 967, 966, 968, 965, 968, 966, 963, 969, 963, 966, 963, 969, 962, 962, 969, 967, 960, 967, 965, 962, 967, 961, 961, 967, 960, 972, 971, 970, 971, 972, 973, 976, 975, 974, 975, 976, 977, 972, 979, 978, 979, 972, 970, 975, 981, 980, 981, 975, 977, 976, 983, 982, 983, 976, 974, 971, 985, 984, 985, 971, 973, 985, 979, 984, 979, 985, 978, 981, 983, 980, 983, 981, 982, 988, 987, 986, 987, 988, 989, 992, 991, 990, 991, 992, 993, 988, 995, 994, 995, 988, 986, 991, 997, 996, 997, 991, 993, 992, 999, 998, 999, 992, 990, 987, 1001, 1000, 1001, 987, 989, 1001, 995, 1000, 995, 1001, 994, 997, 999, 996, 999, 997, 998, 1004, 1003, 1002, 1003, 1004, 1005, 1008, 1007, 1006, 1007, 1008, 1009, 1004, 1011, 1010, 1011, 1004, 1002, 1007, 1013, 1012, 1013, 1007, 1009, 1008, 1015, 1014, 1015, 1008, 1006, 1003, 1017, 1016, 1017, 1003, 1005, 1017, 1011, 1016, 1011, 1017, 1010, 1013, 1015, 1012, 1015, 1013, 1014, 1020, 1019, 1018, 1019, 1020, 1021, 1024, 1023, 1022, 1023, 1024, 1025, 1020, 1027, 1026, 1027, 1020, 1018, 1023, 1029, 1028, 1029, 1023, 1025, 1024, 1031, 1030, 1031, 1024, 1022, 1019, 1033, 1032, 1033, 1019, 1021, 1033, 1027, 1032, 1027, 1033, 1026, 1029, 1031, 1028, 1031, 1029, 1030, 1036, 1035, 1034, 1035, 1036, 1037, 1040, 1039, 1038, 1039, 1040, 1041, 1044, 1043, 1042, 1043, 1044, 1045, 1045, 1038, 1039, 1038, 1045, 1044, 1035, 1046, 1034, 1046, 1035, 1047, 1046, 1049, 1048, 1049, 1046, 1047, 1052, 1051, 1050, 1050, 1051, 1053, 1052, 1054, 1051, 1054, 1052, 1055, 1056, 1055, 1052, 1056, 1052, 1057, 1055, 1056, 1058, 1058, 1056, 1059, 1056, 1057, 1060, 1058, 1059, 1061, 1058, 1061, 1051, 1062, 1061, 1059, 1063, 1051, 1061, 1053, 1051, 1063, 1062, 1064, 1061, 1060, 1064, 1062, 1065, 1053, 1063, 1065, 1057, 1053, 1064, 1060, 1065, 1057, 1065, 1060, 1068, 1067, 1066, 1066, 1067, 1069, 1068, 1070, 1067, 1070, 1068, 1071, 1072, 1071, 1068, 1072, 1068, 1073, 1071, 1072, 1074, 1074, 1072, 1075, 1072, 1073, 1076, 1074, 1075, 1077, 1074, 1077, 1067, 1078, 1077, 1075, 1079, 1067, 1077, 1069, 1067, 1079, 1078, 1080, 1077, 1076, 1080, 1078, 1081, 1069, 1079, 1081, 1073, 1069, 1080, 1076, 1081, 1073, 1081, 1076, 1084, 1083, 1082, 1083, 1084, 1085, 1088, 1087, 1086, 1087, 1088, 1089, 1084, 1091, 1090, 1091, 1084, 1082, 1087, 1093, 1092, 1093, 1087, 1089, 1088, 1095, 1094, 1095, 1088, 1086, 1083, 1097, 1096, 1097, 1083, 1085, 1097, 1091, 1096, 1091, 1097, 1090, 1093, 1095, 1092, 1095, 1093, 1094, 1100, 1099, 1098, 1099, 1100, 1101, 1099, 1102, 1098, 1102, 1099, 1103, 1106, 1105, 1104, 1105, 1106, 1107, 1108, 1106, 1104, 1106, 1108, 1109, 1111, 1100, 1110, 1100, 1111, 1101, 1112, 1105, 1107, 1105, 1112, 1113, 1112, 1108, 1113, 1108, 1112, 1109, 1111, 1102, 1103, 1102, 1111, 1110, 1116, 1115, 1114, 1116, 1114, 1117, 1119, 1114, 1118, 1117, 1114, 1119, 1116, 1120, 1115, 1120, 1116, 1121, 1123, 1118, 1122, 1118, 1123, 1119, 69, 71, 73, 71, 69, 68, 1126, 1125, 1124, 1125, 1126, 1127, 1130, 1129, 1128, 1129, 1130, 1131, 1131, 1132, 1129, 1132, 1131, 1133, 1133, 1124, 1132, 1124, 1133, 1126, 1136, 1135, 1134, 1135, 1136, 1137, 1136, 1138, 1137, 1138, 1136, 1139, 1139, 1136, 1140, 1141, 1139, 1140, 1139, 1141, 1142, 1141, 1136, 1134, 1136, 1141, 1140, 1138, 1142, 1143, 1142, 1138, 1139, 1142, 1135, 1143, 1135, 1142, 1134, 1134, 1142, 1141, 1146, 1145, 1144, 1145, 1146, 1147, 1150, 1149, 1148, 1149, 1150, 1151, 1154, 1153, 1152, 1153, 1154, 1155, 1158, 1157, 1156, 1157, 1158, 1159, 1161, 1152, 1160, 1152, 1161, 1154, 1159, 1153, 1155, 1153, 1159, 1158, 1156, 1163, 1162, 1163, 1156, 1157, 1162, 1161, 1160, 1161, 1162, 1163, 1152, 517, 1160, 1160, 517, 1162, 1152, 515, 517, 516, 1162, 517, 1152, 513, 515, 514, 1162, 516, 1153, 513, 1152, 514, 1156, 1162, 513, 1153, 512, 512, 1156, 514, 1158, 512, 1153, 512, 1158, 1156, 1166, 1165, 1164, 1165, 1166, 1167, 1170, 1169, 1168, 1169, 1170, 1171, 1171, 1173, 1172, 1173, 1171, 1170, 1168, 1175, 1174, 1175, 1168, 1169, 1174, 1166, 1164, 1166, 1174, 1175, 1167, 1173, 1165, 1173, 1167, 1172, 1165, 523, 1164, 1164, 523, 1174, 1165, 521, 523, 522, 1174, 523, 1165, 519, 521, 520, 1174, 522, 1173, 519, 1165, 520, 1168, 1174, 519, 1173, 518, 518, 1168, 520, 1170, 518, 1173, 518, 1170, 1168, 1178, 1177, 1176, 1177, 1178, 1179, 1182, 1181, 1180, 1181, 1182, 1183, 1185, 1181, 1184, 1181, 1185, 1180, 1176, 1187, 1186, 1187, 1176, 1177, 1183, 1179, 1178, 1179, 1183, 1182, 1187, 1184, 1186, 1184, 1187, 1185, 1179, 529, 1177, 1177, 529, 1187, 1179, 527, 529, 528, 1187, 529, 1179, 525, 527, 526, 1187, 528, 1182, 525, 1179, 526, 1185, 1187, 525, 1182, 524, 524, 1185, 526, 1180, 524, 1182, 524, 1180, 1185, 1190, 1189, 1188, 1189, 1190, 1191, 1194, 1193, 1192, 1193, 1194, 1195, 1198, 1197, 1196, 1197, 1198, 1199, 1192, 1199, 1198, 1199, 1192, 1193, 1197, 1188, 1196, 1188, 1197, 1190, 1195, 1189, 1191, 1189, 1195, 1194, 1193, 535, 1199, 1199, 535, 1197, 1193, 533, 535, 534, 1197, 535, 1193, 531, 533, 532, 1197, 534, 1195, 531, 1193, 532, 1190, 1197, 531, 1195, 530, 530, 1190, 532, 1191, 530, 1195, 530, 1191, 1190, 1202, 1201, 1200, 1201, 1202, 1203, 1206, 1205, 1204, 1205, 1206, 1207, 1209, 1200, 1208, 1200, 1209, 1202, 1207, 1201, 1203, 1201, 1207, 1206, 1204, 1211, 1210, 1211, 1204, 1205, 1210, 1209, 1208, 1209, 1210, 1211, 1200, 541, 1208, 1208, 541, 1210, 1200, 539, 541, 540, 1210, 541, 1200, 537, 539, 538, 1210, 540, 1201, 537, 1200, 538, 1204, 1210, 537, 1201, 536, 536, 1204, 538, 1206, 536, 1201, 536, 1206, 1204, 1214, 1213, 1212, 1213, 1214, 1215, 1218, 1217, 1216, 1217, 1218, 1219, 1221, 1217, 1220, 1217, 1221, 1216, 1212, 1223, 1222, 1223, 1212, 1213, 1219, 1215, 1214, 1215, 1219, 1218, 1223, 1220, 1222, 1220, 1223, 1221, 1215, 547, 1213, 1213, 547, 1223, 1215, 545, 547, 546, 1223, 547, 1215, 543, 545, 544, 1223, 546, 1218, 543, 1215, 544, 1221, 1223, 543, 1218, 542, 542, 1221, 544, 1216, 542, 1218, 542, 1216, 1221, 1144, 1225, 1224, 1225, 1144, 1145, 1148, 1227, 1226, 1227, 1148, 1149, 1230, 1229, 1228, 1229, 1230, 1231, 1234, 1233, 1232, 1233, 1234, 1235, 1238, 1237, 1236, 1237, 1238, 1239, 1232, 1239, 1238, 1239, 1232, 1233, 1237, 1228, 1236, 1228, 1237, 1230, 1235, 1229, 1231, 1229, 1235, 1234, 1233, 553, 1239, 1239, 553, 1237, 1233, 551, 553, 552, 1237, 553, 1233, 549, 551, 550, 1237, 552, 1235, 549, 1233, 550, 1230, 1237, 549, 1235, 548, 548, 1230, 550, 1231, 548, 1235, 548, 1231, 1230, 1242, 1241, 1240, 1241, 1242, 1243, 1246, 1245, 1244, 1245, 1246, 1247, 1247, 1249, 1248, 1249, 1247, 1246, 1244, 1251, 1250, 1251, 1244, 1245, 1250, 1242, 1240, 1242, 1250, 1251, 1243, 1249, 1241, 1249, 1243, 1248, 1241, 559, 1240, 1240, 559, 1250, 1241, 557, 559, 558, 1250, 559, 1241, 555, 557, 556, 1250, 558, 1249, 555, 1241, 556, 1244, 1250, 555, 1249, 554, 554, 1244, 556, 1246, 554, 1249, 554, 1246, 1244, 1254, 1253, 1252, 1253, 1254, 1255, 1258, 1257, 1256, 1257, 1258, 1259, 1261, 1252, 1260, 1252, 1261, 1254, 1259, 1253, 1255, 1253, 1259, 1258, 1256, 1263, 1262, 1263, 1256, 1257, 1262, 1261, 1260, 1261, 1262, 1263, 1252, 565, 1260, 1260, 565, 1262, 1252, 563, 565, 564, 1262, 565, 1252, 561, 563, 562, 1262, 564, 1253, 561, 1252, 562, 1256, 1262, 561, 1253, 560, 560, 1256, 562, 1258, 560, 1253, 560, 1258, 1256, 1224, 1265, 1264, 1265, 1224, 1225, 1226, 1267, 1266, 1267, 1226, 1227, 1270, 1269, 1268, 1269, 1270, 1271, 1274, 1273, 1272, 1273, 1274, 1275, 1278, 1277, 1276, 1277, 1278, 1279, 1272, 1279, 1278, 1279, 1272, 1273, 1277, 1268, 1276, 1268, 1277, 1270, 1275, 1269, 1271, 1269, 1275, 1274, 1273, 571, 1279, 1279, 571, 1277, 1273, 569, 571, 570, 1277, 571, 1273, 567, 569, 568, 1277, 570, 1275, 567, 1273, 568, 1270, 1277, 567, 1275, 566, 566, 1270, 568, 1271, 566, 1275, 566, 1271, 1270, 1282, 1281, 1280, 1281, 1282, 1283, 1286, 1285, 1284, 1285, 1286, 1287, 1289, 1285, 1288, 1285, 1289, 1284, 1280, 1291, 1290, 1291, 1280, 1281, 1287, 1283, 1282, 1283, 1287, 1286, 1291, 1288, 1290, 1288, 1291, 1289, 1283, 577, 1281, 1281, 577, 1291, 1283, 575, 577, 576, 1291, 577, 1283, 573, 575, 574, 1291, 576, 1286, 573, 1283, 574, 1289, 1291, 573, 1286, 572, 572, 1289, 574, 1284, 572, 1286, 572, 1284, 1289, 1294, 1293, 1292, 1293, 1294, 1295, 1298, 1297, 1296, 1297, 1298, 1299, 1299, 1301, 1300, 1301, 1299, 1298, 1296, 1303, 1302, 1303, 1296, 1297, 1302, 1294, 1292, 1294, 1302, 1303, 1295, 1301, 1293, 1301, 1295, 1300, 1293, 583, 1292, 1292, 583, 1302, 1293, 581, 583, 582, 1302, 583, 1293, 579, 581, 580, 1302, 582, 1301, 579, 1293, 580, 1296, 1302, 579, 1301, 578, 578, 1296, 580, 1298, 578, 1301, 578, 1298, 1296, 1306, 1305, 1304, 1305, 1306, 1307, 1310, 1309, 1308, 1309, 1310, 1311, 1313, 1309, 1312, 1309, 1313, 1308, 1304, 1315, 1314, 1315, 1304, 1305, 1311, 1307, 1306, 1307, 1311, 1310, 1315, 1312, 1314, 1312, 1315, 1313, 1307, 589, 1305, 1305, 589, 1315, 1307, 587, 589, 588, 1315, 589, 1307, 585, 587, 586, 1315, 588, 1310, 585, 1307, 586, 1313, 1315, 585, 1310, 584, 584, 1313, 586, 1308, 584, 1310, 584, 1308, 1313, 1318, 1317, 1316, 1317, 1318, 1319, 1322, 1321, 1320, 1321, 1322, 1323, 1323, 1325, 1324, 1325, 1323, 1322, 1320, 1327, 1326, 1327, 1320, 1321, 1326, 1318, 1316, 1318, 1326, 1327, 1319, 1325, 1317, 1325, 1319, 1324, 1317, 595, 1316, 1316, 595, 1326, 1317, 593, 595, 594, 1326, 595, 1317, 591, 593, 592, 1326, 594, 1325, 591, 1317, 592, 1320, 1326, 591, 1325, 590, 590, 1320, 592, 1322, 590, 1325, 590, 1322, 1320, 1330, 1329, 1328, 1329, 1330, 1331, 1334, 1333, 1332, 1333, 1334, 1335, 1337, 1328, 1336, 1328, 1337, 1330, 1335, 1329, 1331, 1329, 1335, 1334, 1332, 1339, 1338, 1339, 1332, 1333, 1338, 1337, 1336, 1337, 1338, 1339, 1328, 601, 1336, 1336, 601, 1338, 1328, 599, 601, 600, 1338, 601, 1328, 597, 599, 598, 1338, 600, 1329, 597, 1328, 598, 1332, 1338, 597, 1329, 596, 596, 1332, 598, 1334, 596, 1329, 596, 1334, 1332, 1264, 1341, 1340, 1341, 1264, 1265, 1266, 1343, 1342, 1343, 1266, 1267, 1346, 1345, 1344, 1345, 1346, 1347, 1350, 1349, 1348, 1349, 1350, 1351, 1354, 1353, 1352, 1353, 1354, 1355, 1348, 1355, 1354, 1355, 1348, 1349, 1353, 1344, 1352, 1344, 1353, 1346, 1351, 1345, 1347, 1345, 1351, 1350, 1349, 607, 1355, 1355, 607, 1353, 1349, 605, 607, 606, 1353, 607, 1349, 603, 605, 604, 1353, 606, 1351, 603, 1349, 604, 1346, 1353, 603, 1351, 602, 602, 1346, 604, 1347, 602, 1351, 602, 1347, 1346, 1358, 1357, 1356, 1359, 1357, 1358, 1358, 1360, 1359, 1361, 1357, 1359, 1358, 1362, 1360, 1363, 1362, 1358, 1363, 1364, 1362, 1361, 1365, 1357, 1366, 1365, 1361, 1367, 1365, 1366, 1368, 1364, 1363, 1367, 1369, 1365, 1368, 1370, 1364, 1369, 1367, 1370, 1368, 1369, 1370, 1369, 1368, 1371, 1371, 1372, 1369, 1372, 1371, 1373, 1375, 1365, 1374, 1365, 1375, 1357, 1365, 1372, 1374, 1372, 1365, 1369, 1368, 1377, 1376, 1377, 1368, 1363, 1368, 1373, 1371, 1373, 1368, 1376, 1375, 1356, 1357, 1356, 1375, 1378, 1378, 1358, 1356, 1358, 1378, 1379, 1377, 1358, 1379, 1358, 1377, 1363, 1382, 1381, 1380, 1383, 1381, 1382, 1382, 1384, 1383, 1385, 1381, 1383, 1382, 1386, 1384, 1387, 1386, 1382, 1387, 1388, 1386, 1385, 1389, 1381, 1390, 1389, 1385, 1391, 1389, 1390, 1392, 1388, 1387, 1391, 1393, 1389, 1392, 1394, 1388, 1393, 1391, 1394, 1392, 1393, 1394, 1393, 1392, 1395, 1395, 1396, 1393, 1396, 1395, 1397, 1399, 1389, 1398, 1389, 1399, 1381, 1389, 1396, 1398, 1396, 1389, 1393, 1392, 1401, 1400, 1401, 1392, 1387, 1392, 1397, 1395, 1397, 1392, 1400, 1399, 1380, 1381, 1380, 1399, 1402, 1402, 1382, 1380, 1382, 1402, 1403, 1401, 1382, 1403, 1382, 1401, 1387, 1406, 1405, 1404, 1407, 1405, 1406, 1406, 1408, 1407, 1409, 1405, 1407, 1406, 1410, 1408, 1411, 1410, 1406, 1411, 1412, 1410, 1409, 1413, 1405, 1414, 1413, 1409, 1415, 1413, 1414, 1416, 1412, 1411, 1415, 1417, 1413, 1416, 1418, 1412, 1417, 1415, 1418, 1416, 1417, 1418, 1417, 1416, 1419, 1419, 1420, 1417, 1420, 1419, 1421, 1423, 1413, 1422, 1413, 1423, 1405, 1413, 1420, 1422, 1420, 1413, 1417, 1416, 1425, 1424, 1425, 1416, 1411, 1416, 1421, 1419, 1421, 1416, 1424, 1423, 1404, 1405, 1404, 1423, 1426, 1426, 1406, 1404, 1406, 1426, 1427, 1425, 1406, 1427, 1406, 1425, 1411, 1430, 1429, 1428, 1431, 1429, 1430, 1430, 1432, 1431, 1433, 1429, 1431, 1430, 1434, 1432, 1435, 1434, 1430, 1435, 1436, 1434, 1433, 1437, 1429, 1438, 1437, 1433, 1439, 1437, 1438, 1440, 1436, 1435, 1439, 1441, 1437, 1440, 1442, 1436, 1441, 1439, 1442, 1440, 1441, 1442, 1441, 1440, 1443, 1443, 1444, 1441, 1444, 1443, 1445, 1447, 1437, 1446, 1437, 1447, 1429, 1437, 1444, 1446, 1444, 1437, 1441, 1440, 1449, 1448, 1449, 1440, 1435, 1440, 1445, 1443, 1445, 1440, 1448, 1447, 1428, 1429, 1428, 1447, 1450, 1450, 1430, 1428, 1430, 1450, 1451, 1449, 1430, 1451, 1430, 1449, 1435, 758, 756, 757, 756, 758, 759, 468, 1453, 1452, 1453, 468, 469, 472, 1455, 1454, 1455, 472, 473, 469, 1456, 1453, 1456, 469, 1457, 1459, 1454, 1458, 1454, 1459, 472, 1457, 1460, 1456, 1460, 1457, 1461, 1461, 1458, 1460, 1458, 1461, 1459, 473, 1462, 1455, 1462, 473, 1463, 1463, 1464, 1462, 1464, 1463, 1465, 1465, 1466, 1464, 1466, 1465, 1467, 1467, 1452, 1466, 1452, 1467, 468, 1373, 1468, 1372, 1468, 1373, 1469, 1376, 1471, 1470, 1471, 1376, 1377, 1471, 1379, 1472, 1379, 1471, 1377, 1473, 1379, 1378, 1379, 1473, 1472, 1475, 1374, 1474, 1374, 1475, 1375, 1374, 1468, 1474, 1468, 1374, 1372, 1475, 1378, 1375, 1378, 1475, 1473, 1376, 1469, 1373, 1469, 1376, 1470, 1397, 1476, 1396, 1476, 1397, 1477, 1400, 1479, 1478, 1479, 1400, 1401, 1479, 1403, 1480, 1403, 1479, 1401, 1481, 1403, 1402, 1403, 1481, 1480, 1483, 1398, 1482, 1398, 1483, 1399, 1398, 1476, 1482, 1476, 1398, 1396, 1483, 1402, 1399, 1402, 1483, 1481, 1400, 1477, 1397, 1477, 1400, 1478, 1421, 1484, 1420, 1484, 1421, 1485, 1424, 1487, 1486, 1487, 1424, 1425, 1487, 1427, 1488, 1427, 1487, 1425, 1489, 1427, 1426, 1427, 1489, 1488, 1491, 1422, 1490, 1422, 1491, 1423, 1422, 1484, 1490, 1484, 1422, 1420, 1491, 1426, 1423, 1426, 1491, 1489, 1424, 1485, 1421, 1485, 1424, 1486, 1445, 1492, 1444, 1492, 1445, 1493, 1448, 1495, 1494, 1495, 1448, 1449, 1495, 1451, 1496, 1451, 1495, 1449, 1497, 1451, 1450, 1451, 1497, 1496, 1499, 1446, 1498, 1446, 1499, 1447, 1446, 1492, 1498, 1492, 1446, 1444, 1499, 1450, 1447, 1450, 1499, 1497, 1448, 1493, 1445, 1493, 1448, 1494, 1502, 1501, 1500, 1501, 1502, 1503, 1504, 1501, 1503, 1501, 1504, 1505, 1502, 1504, 1503, 1504, 1502, 1506, 1505, 1506, 1507, 1506, 1505, 1504, 1500, 1506, 1502, 1506, 1500, 1507, 1505, 1500, 1501, 1500, 1505, 1507, 1510, 1509, 1508, 1509, 1510, 1511, 1512, 1509, 1511, 1509, 1512, 1513, 1510, 1512, 1511, 1512, 1510, 1514, 1513, 1514, 1515, 1514, 1513, 1512, 1508, 1514, 1510, 1514, 1508, 1515, 1513, 1508, 1509, 1508, 1513, 1515, 1518, 1517, 1516, 1517, 1518, 1519, 1520, 1517, 1519, 1517, 1520, 1521, 1518, 1520, 1519, 1520, 1518, 1522, 1521, 1522, 1523, 1522, 1521, 1520, 1516, 1522, 1518, 1522, 1516, 1523, 1521, 1516, 1517, 1516, 1521, 1523, 1526, 1525, 1524, 1525, 1526, 1527, 1528, 1525, 1527, 1525, 1528, 1529, 1526, 1528, 1527, 1528, 1526, 1530, 1529, 1530, 1531, 1530, 1529, 1528, 1524, 1530, 1526, 1530, 1524, 1531, 1529, 1524, 1525, 1524, 1529, 1531, 1122, 1533, 1532, 1535, 1534, 1533, 1115, 1537, 1536, 1535, 1536, 1534, 1118, 1533, 1122, 1535, 1533, 1118, 1120, 1537, 1115, 1115, 1536, 1535, 1533, 1537, 1532, 1537, 1533, 1536, 1536, 1533, 1534, 1540, 1539, 1538, 1539, 1540, 1541, 1539, 1542, 1538, 1542, 1539, 1543, 1546, 1545, 1544, 1545, 1546, 1547, 1550, 1549, 1548, 1549, 1550, 1551, 1554, 1553, 1552, 1553, 1554, 1555, 1543, 1556, 1542, 1556, 1543, 1557, 1559, 1548, 1558, 1548, 1559, 1550, 1555, 1556, 1553, 1556, 1555, 1560, 1556, 1560, 1542, 1542, 1560, 1561, 1542, 1561, 1538, 1538, 1561, 1540, 1558, 1563, 1562, 1563, 1558, 1548, 1563, 1548, 1545, 1545, 1548, 1549, 1545, 1549, 1544, 1544, 1549, 1564, 1564, 1546, 1544, 1546, 1564, 1565, 1559, 1562, 1566, 1562, 1559, 1558, 1547, 1563, 1545, 1563, 1547, 1567, 1567, 1559, 1566, 1559, 1567, 1550, 1550, 1567, 1547, 1550, 1547, 1551, 1551, 1547, 1546, 1551, 1546, 1565, 1554, 1560, 1555, 1560, 1554, 1568, 1566, 1563, 1567, 1563, 1566, 1562, 1557, 1554, 1552, 1554, 1557, 1568, 1568, 1557, 1543, 1568, 1543, 1569, 1569, 1543, 1539, 1569, 1539, 1541, 1549, 1565, 1564, 1565, 1549, 1551, 1552, 1556, 1557, 1556, 1552, 1553, 1561, 1541, 1540, 1541, 1561, 1569, 1568, 1561, 1560, 1561, 1568, 1569, 1572, 1571, 1570, 1571, 1572, 1573, 1570, 1571, 1572, 1573, 1572, 1571, 1576, 1575, 1574, 1575, 1576, 1577, 1574, 1575, 1576, 1577, 1576, 1575, 1577, 1578, 1575, 1578, 1577, 1579, 1579, 1577, 1580, 1580, 1577, 1581, 1575, 1578, 1577, 1579, 1577, 1578, 1580, 1577, 1579, 1581, 1577, 1580, 1580, 1582, 1579, 1582, 1580, 1583, 1579, 1582, 1580, 1583, 1580, 1582, 1573, 1584, 1571, 1584, 1573, 1585, 1571, 1584, 1573, 1585, 1573, 1584, 1583, 1570, 1582, 1570, 1583, 1572, 1582, 1570, 1583, 1572, 1583, 1570, 1587, 1574, 1586, 1574, 1587, 1576, 1586, 1574, 1587, 1576, 1587, 1574, 1590, 1589, 1588, 1129, 1590, 1588, 1591, 1590, 1129, 1124, 1592, 1589, 1593, 1592, 1124, 1595, 1588, 1594, 1129, 1588, 1595, 1124, 1589, 1590, 1124, 1590, 1591, 1588, 1592, 1594, 1592, 1588, 1589, 1598, 1597, 1596, 1597, 1598, 1599, 1600, 1599, 1598, 1599, 1600, 1601, 1602, 1596, 1597, 1596, 1602, 1603, 1606, 1605, 1604, 1605, 1606, 1607, 1604, 1605, 1606, 1607, 1606, 1605, 1610, 1609, 1608, 1609, 1610, 1611, 1611, 1610, 1612, 1611, 1612, 1613, 1608, 1609, 1610, 1611, 1610, 1609, 1612, 1610, 1611, 1613, 1612, 1611, 1608, 1615, 1614, 1615, 1608, 1609, 1614, 1615, 1608, 1609, 1608, 1615, 1604, 1613, 1612, 1613, 1604, 1605, 1612, 1613, 1604, 1605, 1604, 1613, 1618, 1617, 1616, 1617, 1618, 1619, 1616, 1617, 1618, 1619, 1618, 1617, 1614, 1621, 1620, 1621, 1614, 1615, 1620, 1621, 1614, 1615, 1614, 1621, 1616, 1607, 1606, 1607, 1616, 1617, 1606, 1607, 1616, 1617, 1616, 1607, 1624, 1623, 1622, 1623, 1624, 1625, 1628, 1627, 1626, 1627, 1628, 1629, 1631, 1622, 1630, 1622, 1631, 1624, 1624, 1631, 1632, 1624, 1632, 1633, 1633, 1632, 1634, 1633, 1634, 1635, 1638, 1637, 1636, 1637, 1638, 1627, 1627, 1638, 1639, 1627, 1639, 1626, 1626, 1639, 1640, 1626, 1640, 1641, 1625, 1642, 1623, 1642, 1625, 1643, 1643, 1625, 1644, 1643, 1644, 1645, 1645, 1644, 1646, 1645, 1646, 1647, 1632, 1643, 1645, 1643, 1632, 1631, 1649, 1637, 1648, 1637, 1649, 1636, 1624, 1644, 1625, 1644, 1624, 1633, 1630, 1643, 1631, 1643, 1630, 1642, 1640, 1650, 1641, 1650, 1640, 1651, 1633, 1646, 1644, 1646, 1633, 1635, 1629, 1649, 1648, 1649, 1629, 1652, 1652, 1629, 1628, 1652, 1628, 1653, 1653, 1628, 1650, 1653, 1650, 1651, 1646, 1634, 1647, 1634, 1646, 1635, 1652, 1639, 1638, 1639, 1652, 1653, 1622, 1642, 1630, 1642, 1622, 1623, 1650, 1626, 1641, 1626, 1650, 1628, 1648, 1627, 1629, 1627, 1648, 1637, 1634, 1645, 1647, 1645, 1634, 1632, 1652, 1636, 1649, 1636, 1652, 1638, 1653, 1640, 1639, 1640, 1653, 1651, 98, 1654, 101, 1654, 98, 1655, 98, 81, 1655, 1655, 81, 80, 81, 98, 99, 1654, 102, 101, 92, 102, 1654, 102, 92, 94, 90, 103, 95, 103, 90, 97, 97, 90, 87, 87, 90, 76, 77, 87, 76, 77, 88, 87, 77, 100, 88, 100, 77, 82, 82, 99, 100, 99, 82, 81, 95, 102, 94, 102, 95, 103, 441, 465, 440, 465, 441, 464, 464, 441, 467, 467, 441, 447, 453, 467, 447, 453, 458, 467, 455, 458, 453, 458, 455, 460, 457, 1656, 461, 1656, 457, 1657, 457, 454, 1657, 1657, 454, 452, 454, 457, 459, 1656, 463, 461, 443, 463, 1656, 463, 443, 442, 440, 463, 442, 463, 440, 465, 455, 459, 460, 459, 455, 454, 101, 86, 98, 86, 101, 96, 86, 96, 85, 1654, 1655, 92, 80, 92, 1655, 80, 93, 92, 93, 80, 83, 1660, 1659, 1658, 1661, 1659, 1660, 1659, 1661, 1662, 1664, 1660, 1663, 1660, 1664, 1661, 1658, 1666, 1665, 1666, 1658, 1659, 1666, 1659, 1662, 1662, 1664, 1666, 1664, 1662, 1661, 1660, 1665, 1663, 1665, 1660, 1658, 1669, 1668, 1667, 1668, 1669, 1670, 1672, 1668, 1671, 1668, 1672, 1667, 1669, 1673, 1670, 1673, 1669, 1674, 1673, 1672, 1671, 1672, 1673, 1674, 1672, 1669, 1667, 1669, 1672, 1674, 1677, 1676, 1675, 1676, 1677, 1678, 1680, 1677, 1679, 1677, 1680, 1678, 1680, 1682, 1681, 1682, 1680, 1679, 1676, 1682, 1675, 1682, 1676, 1681, 1676, 1680, 1681, 1680, 1676, 1678, 443, 451, 445, 451, 443, 1656, 451, 1656, 1657, 452, 451, 1657, 461, 456, 457, 456, 461, 462, 456, 462, 466, 474, 470, 475, 470, 474, 471, 1685, 1684, 1683, 1684, 1685, 1686, 1684, 1686, 1687, 1687, 1689, 1688, 1689, 1687, 1686, 1685, 1689, 1686, 1685, 1690, 1689, 1690, 1685, 1683, 1691, 1687, 1688, 1687, 1691, 1684, 1683, 1691, 1690, 1691, 1683, 1684, 1692, 634, 632, 634, 1692, 1693, 1694, 1693, 1692, 1693, 1694, 1695, 1695, 1694, 1696, 1695, 1696, 1697, 1697, 1696, 1698, 1697, 1698, 1699, 1694, 632, 631, 632, 1694, 1692, 1696, 631, 630, 631, 1696, 1694, 1695, 634, 1693, 634, 1695, 635, 639, 1696, 630, 1696, 639, 1698, 637, 1698, 639, 1698, 637, 1699, 637, 1697, 1699, 1697, 637, 636, 636, 1695, 1697, 1695, 636, 635, 1700, 650, 648, 650, 1700, 1701, 1702, 1701, 1700, 1701, 1702, 1703, 1703, 1702, 1704, 1703, 1704, 1705, 1705, 1704, 1706, 1705, 1706, 1707, 1702, 648, 647, 648, 1702, 1700, 1704, 647, 646, 647, 1704, 1702, 1703, 650, 1701, 650, 1703, 651, 655, 1704, 646, 1704, 655, 1706, 653, 1706, 655, 1706, 653, 1707, 653, 1705, 1707, 1705, 653, 652, 652, 1703, 1705, 1703, 652, 651, 1708, 666, 664, 666, 1708, 1709, 1710, 1709, 1708, 1709, 1710, 1711, 1711, 1710, 1712, 1711, 1712, 1713, 1713, 1712, 1714, 1713, 1714, 1715, 1710, 664, 663, 664, 1710, 1708, 1712, 663, 662, 663, 1712, 1710, 1711, 666, 1709, 666, 1711, 667, 671, 1712, 662, 1712, 671, 1714, 669, 1714, 671, 1714, 669, 1715, 669, 1713, 1715, 1713, 669, 668, 668, 1711, 1713, 1711, 668, 667, 1716, 682, 680, 682, 1716, 1717, 1718, 1717, 1716, 1717, 1718, 1719, 1719, 1718, 1720, 1719, 1720, 1721, 1721, 1720, 1722, 1721, 1722, 1723, 1718, 680, 679, 680, 1718, 1716, 1720, 679, 678, 679, 1720, 1718, 1719, 682, 1717, 682, 1719, 683, 687, 1720, 678, 1720, 687, 1722, 685, 1722, 687, 1722, 685, 1723, 685, 1721, 1723, 1721, 685, 684, 684, 1719, 1721, 1719, 684, 683, 1724, 698, 696, 698, 1724, 1725, 1726, 1725, 1724, 1725, 1726, 1727, 1727, 1726, 1728, 1727, 1728, 1729, 1729, 1728, 1730, 1729, 1730, 1731, 1726, 696, 695, 696, 1726, 1724, 1728, 695, 694, 695, 1728, 1726, 1727, 698, 1725, 698, 1727, 699, 703, 1728, 694, 1728, 703, 1730, 701, 1730, 703, 1730, 701, 1731, 701, 1729, 1731, 1729, 701, 700, 700, 1727, 1729, 1727, 700, 699, 1732, 714, 712, 714, 1732, 1733, 1734, 1733, 1732, 1733, 1734, 1735, 1735, 1734, 1736, 1735, 1736, 1737, 1737, 1736, 1738, 1737, 1738, 1739, 1734, 712, 711, 712, 1734, 1732, 1736, 711, 710, 711, 1736, 1734, 1735, 714, 1733, 714, 1735, 715, 719, 1736, 710, 1736, 719, 1738, 717, 1738, 719, 1738, 717, 1739, 717, 1737, 1739, 1737, 717, 716, 716, 1735, 1737, 1735, 716, 715, 1740, 730, 728, 730, 1740, 1741, 1742, 1741, 1740, 1741, 1742, 1743, 1743, 1742, 1744, 1743, 1744, 1745, 1745, 1744, 1746, 1745, 1746, 1747, 1742, 728, 727, 728, 1742, 1740, 1744, 727, 726, 727, 1744, 1742, 1743, 730, 1741, 730, 1743, 731, 735, 1744, 726, 1744, 735, 1746, 733, 1746, 735, 1746, 733, 1747, 733, 1745, 1747, 1745, 733, 732, 732, 1743, 1745, 1743, 732, 731, 1748, 746, 744, 746, 1748, 1749, 1750, 1749, 1748, 1749, 1750, 1751, 1751, 1750, 1752, 1751, 1752, 1753, 1753, 1752, 1754, 1753, 1754, 1755, 1750, 744, 743, 744, 1750, 1748, 1752, 743, 742, 743, 1752, 1750, 1751, 746, 1749, 746, 1751, 747, 751, 1752, 742, 1752, 751, 1754, 749, 1754, 751, 1754, 749, 1755, 749, 1753, 1755, 1753, 749, 748, 748, 1751, 1753, 1751, 748, 747, 782, 792, 785, 792, 782, 783, 774, 770, 775, 770, 774, 771, 801, 777, 808, 777, 801, 776, 871, 868, 870, 868, 871, 862, 862, 871, 859, 859, 871, 873, 859, 873, 858, 865, 868, 862, 888, 868, 865, 868, 888, 886, 882, 884, 883, 884, 882, 850, 850, 882, 887, 887, 882, 879, 879, 882, 893, 879, 893, 878, 889, 850, 887, 875, 850, 889, 850, 875, 853, 853, 875, 876, 931, 955, 954, 955, 931, 933, 944, 935, 947, 935, 944, 934, 934, 944, 960, 960, 939, 934, 960, 938, 939, 938, 960, 965, 960, 944, 959, 959, 944, 956, 1048, 1058, 1051, 1058, 1048, 1049, 1040, 1036, 1041, 1036, 1040, 1037, 1067, 1043, 1074, 1043, 1067, 1042, 1758, 1757, 1756, 1757, 1758, 1759, 1761, 1756, 1760, 1756, 1761, 1758, 1763, 1760, 1762, 1760, 1763, 1761, 1763, 1758, 1761, 1758, 1763, 1759, 1757, 1763, 1762, 1763, 1757, 1759, 1766, 1765, 1764, 1765, 1766, 1767, 1764, 1769, 1768, 1769, 1764, 1765, 1771, 1766, 1770, 1766, 1771, 1767, 1765, 1771, 1769, 1771, 1765, 1767, 1766, 1768, 1770, 1768, 1766, 1764, 1774, 1773, 1772, 1773, 1774, 1775, 1777, 1775, 1776, 1775, 1777, 1773, 1777, 1779, 1778, 1779, 1777, 1776, 1776, 1774, 1779, 1774, 1776, 1775, 1773, 1778, 1772, 1778, 1773, 1777, 1782, 1781, 1780, 1781, 1782, 1783, 1780, 1781, 1782, 1783, 1782, 1781, 1786, 1785, 1784, 1785, 1786, 1787, 1787, 1786, 1788, 1787, 1788, 1789, 1789, 1788, 1790, 1789, 1790, 1791, 1791, 1790, 1792, 1791, 1792, 1793, 1784, 1785, 1786, 1787, 1786, 1785, 1788, 1786, 1787, 1789, 1788, 1787, 1790, 1788, 1789, 1791, 1790, 1789, 1792, 1790, 1791, 1793, 1792, 1791, 1796, 1795, 1794, 1795, 1796, 1797, 1794, 1795, 1796, 1797, 1796, 1795, 1799, 1364, 1798, 1364, 1799, 1362, 1360, 1799, 1800, 1799, 1360, 1362, 1801, 1364, 1370, 1364, 1801, 1798, 1803, 1366, 1802, 1366, 1803, 1367, 1803, 1370, 1367, 1370, 1803, 1801, 1366, 1804, 1802, 1804, 1366, 1361, 1359, 1804, 1361, 1804, 1359, 1805, 1360, 1805, 1359, 1805, 1360, 1800, 1803, 1798, 1801, 1798, 1803, 1799, 1799, 1803, 1802, 1799, 1802, 1800, 1800, 1802, 1804, 1800, 1804, 1805, 1807, 1388, 1806, 1388, 1807, 1386, 1384, 1807, 1808, 1807, 1384, 1386, 1809, 1388, 1394, 1388, 1809, 1806, 1811, 1390, 1810, 1390, 1811, 1391, 1811, 1394, 1391, 1394, 1811, 1809, 1390, 1812, 1810, 1812, 1390, 1385, 1383, 1812, 1385, 1812, 1383, 1813, 1384, 1813, 1383, 1813, 1384, 1808, 1811, 1806, 1809, 1806, 1811, 1807, 1807, 1811, 1810, 1807, 1810, 1808, 1808, 1810, 1812, 1808, 1812, 1813, 1815, 1412, 1814, 1412, 1815, 1410, 1408, 1815, 1816, 1815, 1408, 1410, 1817, 1412, 1418, 1412, 1817, 1814, 1819, 1414, 1818, 1414, 1819, 1415, 1819, 1418, 1415, 1418, 1819, 1817, 1414, 1820, 1818, 1820, 1414, 1409, 1407, 1820, 1409, 1820, 1407, 1821, 1408, 1821, 1407, 1821, 1408, 1816, 1819, 1814, 1817, 1814, 1819, 1815, 1815, 1819, 1818, 1815, 1818, 1816, 1816, 1818, 1820, 1816, 1820, 1821, 1823, 1436, 1822, 1436, 1823, 1434, 1432, 1823, 1824, 1823, 1432, 1434, 1825, 1436, 1442, 1436, 1825, 1822, 1827, 1438, 1826, 1438, 1827, 1439, 1827, 1442, 1439, 1442, 1827, 1825, 1438, 1828, 1826, 1828, 1438, 1433, 1431, 1828, 1433, 1828, 1431, 1829, 1432, 1829, 1431, 1829, 1432, 1824, 1827, 1822, 1825, 1822, 1827, 1823, 1823, 1827, 1826, 1823, 1826, 1824, 1824, 1826, 1828, 1824, 1828, 1829, 796, 790, 794, 790, 796, 793, 813, 814, 815, 814, 813, 811, 797, 798, 799, 798, 797, 795, 812, 806, 810, 806, 812, 809, 800, 807, 802, 807, 800, 803, 784, 791, 786, 791, 784, 787, 895, 894, 896, 894, 895, 892, 851, 854, 857, 854, 851, 852, 945, 948, 951, 948, 945, 946, 964, 969, 966, 969, 964, 967, 1062, 1056, 1060, 1056, 1062, 1059, 1079, 1080, 1081, 1080, 1079, 1077, 1063, 1064, 1065, 1064, 1063, 1061, 1078, 1072, 1076, 1072, 1078, 1075, 1066, 1073, 1068, 1073, 1066, 1069, 1050, 1057, 1052, 1057, 1050, 1053]
        point3f[] points = [(1.14, 5.3466, -5.472), (1.14, 5.7266, -5.472), (-1.14, 5.3466, -5.472), (-1.14, 5.7266, -5.472), (-1.14, 5.7266, -3.444), (-1.14, 5.3466, -3.444), (-1.04, 5.3466, -3.344), (-1.04, 5.7266, -3.344), (1.04, 5.3466, -3.344), (1.04, 5.7266, -3.344), (1.14, 5.3466, -3.444), (1.14, 5.7266, -3.444), (-0.707915, 4.6246, -9.07851), (-0.869136, 4.6246, -9.14529), (0.707915, 4.6246, -9.07851), (0.869136, 4.6246, -9.14529), (-0.935915, 4.6246, -9.30651), (0.935915, 4.6246, -9.30651), (0.869136, 4.6246, -9.46773), (-0.869136, 4.6246, -9.46773), (-0.707915, 4.6246, -9.53451), (0.707915, 4.6246, -9.53451), (0.707915, 4.4346, -9.53451), (-0.707915, 4.4346, -9.53451), (0.707915, 4.4346, -9.07851), (-0.707915, 4.4346, -9.07851), (-0.707915, 4.1306, -9.53451), (-0.869136, 4.1306, -9.46773), (-0.935915, 4.1306, -9.30651), (-0.869136, 4.1306, -9.14529), (-0.707915, 4.1306, -9.07851), (0.707915, 4.1306, -9.07851), (0.869136, 4.1306, -9.14529), (0.935915, 4.1306, -9.30651), (0.869136, 4.1306, -9.46773), (0.707915, 4.1306, -9.53451), (-1.51591, 4.6246, -7.70851), (-1.67714, 4.6246, -7.77529), (1.51591, 4.6246, -7.70851), (1.67714, 4.6246, -7.77529), (1.74392, 4.6246, -7.93651), (-1.74392, 4.6246, -7.93651), (1.67714, 4.6246, -8.09773), (-1.67714, 4.6246, -8.09773), (1.51591, 4.6246, -8.16451), (-1.51591, 4.6246, -8.16451), (1.51591, 4.4346, -8.16451), (-1.51591, 4.4346, -8.16451), (1.51591, 4.4346, -7.70851), (-1.51591, 4.4346, -7.70851), (-1.51591, 4.1306, -8.16451), (-1.67714, 4.1306, -8.09773), (-1.74392, 4.1306, -7.93651), (-1.67714, 4.1306, -7.77529), (-1.51591, 4.1306, -7.70851), (1.51591, 4.1306, -7.70851), (1.67714, 4.1306, -7.77529), (1.74392, 4.1306, -7.93651), (1.67714, 4.1306, -8.09773), (1.51591, 4.1306, -8.16451), (-1.552, 3.8266, -6.38), (-1.852, 3.8266, -6.38), (-1.552, 4.1266, -6.38), (-1.852, 4.1266, -6.38), (-1.552, 4.26802, -6.43858), (-1.852, 4.26802, -6.43858), (-1.552, 4.3266, -6.58), (-1.852, 4.3266, -6.58), (-1.552, 4.3266, -6.78), (-1.852, 4.3266, -6.78), (-1.552, 4.0766, -6.68), (-1.552, 4.0766, -6.78), (-1.852, 4.0766, -6.68), (-1.852, 4.0766, -6.78), (-1.852, 3.8266, -6.68), (-1.552, 3.8266, -6.68), (2.71794e-07, 4.1306, -10.64), (-1.71, 4.1306, -8.36), (2.71794e-07, 3.2566, -10.64), (-1.71, 3.2566, -8.36), (-1.92287, 3.8266, -7.50851), (-1.92287, 4.0306, -7.50851), (-1.89787, 4.1306, -7.60851), (-2.28, 3.8266, -6.08), (-2.28, 3.2566, -6.08), (1.90759e-07, 3.9786, -9.96024), (-1.27148, 3.9786, -8.26493), (1.90759e-07, 4.1306, -9.96024), (-1.27148, 4.1306, -8.26493), (1.71, 3.2566, -8.36), (1.71, 4.1306, -8.36), (2.28, 3.2566, -6.08), (1.92287, 3.8266, -7.50851), (2.28, 3.8266, -6.08), (1.92287, 4.0306, -7.50851), (1.89787, 4.1306, -7.60851), (1.27148, 3.9786, -8.26493), (1.27148, 4.1306, -8.26493), (-1.46058, 3.9786, -7.50851), (-1.46058, 4.0306, -7.50851), (-1.43558, 4.1306, -7.60851), (1.46058, 3.9786, -7.50851), (1.46058, 4.0306, -7.50851), (1.43558, 4.1306, -7.60851), (0.84, 5.7266, -0.504), (1.04, 5.7266, -0.504), (0.84, 5.8266, -0.504), (1.04, 5.8266, -0.504), (1.04, 5.7266, -2.232), (0.84, 5.7266, -2.232), (1.04, 5.8266, -2.232), (0.84, 5.8266, -2.232), (1.04, 5.7266, -0.404), (0.84, 5.7266, -0.404), (1.04, 5.8266, -0.404), (0.84, 5.8266, -0.404), (1.04, 5.89731, -0.433289), (0.84, 5.89731, -0.433289), (0.84, 5.9266, -0.504), (1.04, 5.9266, -0.504), (1.04, 5.9266, -2.232), (0.84, 5.9266, -2.232), (0.84, 5.89731, -2.30271), (1.04, 5.89731, -2.30271), (1.04, 5.8266, -2.332), (0.84, 5.8266, -2.332), (1.04, 5.7266, -2.332), (0.84, 5.7266, -2.332), (1.78, 5.3466, 4.968), (1.98, 5.3466, 4.968), (1.78, 5.4466, 4.968), (1.98, 5.4466, 4.968), (1.98, 5.3466, 0.15), (1.78, 5.3466, 0.15), (1.98, 5.4466, 0.15), (1.78, 5.4466, 0.15), (1.98, 5.3466, 5.068), (1.78, 5.3466, 5.068), (1.98, 5.4466, 5.068), (1.78, 5.4466, 5.068), (1.98, 5.51731, 5.03871), (1.78, 5.51731, 5.03871), (1.78, 5.5466, 4.968), (1.98, 5.5466, 4.968), (1.98, 5.5466, 0.15), (1.78, 5.5466, 0.15), (1.78, 5.51731, 0.0792894), (1.98, 5.51731, 0.0792894), (1.98, 5.4466, 0.0500002), (1.78, 5.4466, 0.0500002), (1.98, 5.3466, 0.0500002), (1.78, 5.3466, 0.0500002), (1.78, 5.3466, -0.15), (1.98, 5.3466, -0.15), (1.78, 5.4466, -0.15), (1.98, 5.4466, -0.15), (1.98, 5.3466, -5.272), (1.78, 5.3466, -5.272), (1.98, 5.4466, -5.272), (1.78, 5.4466, -5.272), (1.98, 5.3466, -0.05), (1.78, 5.3466, -0.05), (1.98, 5.4466, -0.05), (1.78, 5.4466, -0.05), (1.98, 5.51731, -0.0792892), (1.78, 5.51731, -0.0792892), (1.78, 5.5466, -0.15), (1.98, 5.5466, -0.15), (1.98, 5.5466, -5.272), (1.78, 5.5466, -5.272), (1.78, 5.51731, -5.34271), (1.98, 5.51731, -5.34271), (1.98, 5.4466, -5.372), (1.78, 5.4466, -5.372), (1.98, 5.3466, -5.372), (1.78, 5.3466, -5.372), (-1.04, 5.7266, 4.764), (-0.84, 5.7266, 4.764), (-1.04, 5.8266, 4.764), (-0.84, 5.8266, 4.764), (-0.84, 5.7266, 0.504), (-1.04, 5.7266, 0.504), (-0.84, 5.8266, 0.504), (-1.04, 5.8266, 0.504), (-0.84, 5.7266, 4.864), (-1.04, 5.7266, 4.864), (-0.84, 5.8266, 4.864), (-1.04, 5.8266, 4.864), (-0.84, 5.89731, 4.83471), (-1.04, 5.89731, 4.83471), (-1.04, 5.9266, 4.764), (-0.84, 5.9266, 4.764), (-0.84, 5.9266, 0.504), (-1.04, 5.9266, 0.504), (-1.04, 5.89731, 0.433289), (-0.84, 5.89731, 0.433289), (-0.84, 5.8266, 0.404), (-1.04, 5.8266, 0.404), (-0.84, 5.7266, 0.404), (-1.04, 5.7266, 0.404), (-1.88, 4.5866, 5.78), (-1.88, 4.5866, 5.98), (-1.88, 4.6866, 5.78), (-1.88, 4.6866, 5.98), (1.88, 4.5866, 5.98), (1.88, 4.5866, 5.78), (1.88, 4.6866, 5.98), (1.88, 4.6866, 5.78), (-1.98, 4.5866, 5.98), (-1.98, 4.5866, 5.78), (-1.98, 4.6866, 5.98), (-1.98, 4.6866, 5.78), (-1.95071, 4.75731, 5.98), (-1.95071, 4.75731, 5.78), (-1.88, 4.7866, 5.78), (-1.88, 4.7866, 5.98), (1.88, 4.7866, 5.98), (1.88, 4.7866, 5.78), (1.95071, 4.75731, 5.78), (1.95071, 4.75731, 5.98), (1.98, 4.6866, 5.98), (1.98, 4.6866, 5.78), (1.98, 4.5866, 5.98), (1.98, 4.5866, 5.78), (-1.04, 5.7266, -0.504), (-0.84, 5.7266, -0.504), (-1.04, 5.8266, -0.504), (-0.84, 5.8266, -0.504), (-0.84, 5.7266, -2.232), (-1.04, 5.7266, -2.232), (-0.84, 5.8266, -2.232), (-1.04, 5.8266, -2.232), (-0.84, 5.7266, -0.404), (-1.04, 5.7266, -0.404), (-0.84, 5.8266, -0.404), (-1.04, 5.8266, -0.404), (-0.84, 5.89731, -0.433289), (-1.04, 5.89731, -0.433289), (-1.04, 5.9266, -0.504), (-0.84, 5.9266, -0.504), (-0.84, 5.9266, -2.232), (-1.04, 5.9266, -2.232), (-1.04, 5.89731, -2.30271), (-0.84, 5.89731, -2.30271), (-0.84, 5.8266, -2.332), (-1.04, 5.8266, -2.332), (-0.84, 5.7266, -2.332), (-1.04, 5.7266, -2.332), (-1.88, 4.5866, -5.98), (-1.88, 4.5866, -5.78), (-1.88, 4.6866, -5.98), (-1.88, 4.6866, -5.78), (1.88, 4.5866, -5.78), (1.88, 4.5866, -5.98), (1.88, 4.6866, -5.78), (1.88, 4.6866, -5.98), (-1.98, 4.5866, -5.78), (-1.98, 4.5866, -5.98), (-1.98, 4.6866, -5.78), (-1.98, 4.6866, -5.98), (-1.95071, 4.75731, -5.78), (-1.95071, 4.75731, -5.98), (-1.88, 4.7866, -5.98), (-1.88, 4.7866, -5.78), (1.88, 4.7866, -5.78), (1.88, 4.7866, -5.98), (1.95071, 4.75731, -5.98), (1.95071, 4.75731, -5.78), (1.98, 4.6866, -5.78), (1.98, 4.6866, -5.98), (1.98, 4.5866, -5.78), (1.98, 4.5866, -5.98), (0.243144, 4.2306, 10.1426), (0.260717, 4.30131, 10.1192), (0.243144, 4.1306, 10.1426), (0.303144, 4.1306, 10.0626), (0.303144, 4.2306, 10.0626), (0.303144, 4.3306, 10.0626), (1.45462, 4.3306, 8.52729), (1.45462, 4.2306, 8.52729), (1.49705, 4.30131, 8.47072), (1.45462, 4.1306, 8.52729), (1.51462, 4.1306, 8.44729), (1.51462, 4.2306, 8.44729), (0.143144, 4.1306, 9.94259), (0.143144, 4.2306, 9.94259), (0.0831435, 4.1306, 10.0226), (0.143144, 4.3306, 9.94259), (0.100717, 4.30131, 9.99916), (0.0831435, 4.2306, 10.0226), (1.29462, 4.3306, 8.40729), (1.29462, 4.2306, 8.40729), (1.29462, 4.1306, 8.40729), (1.33705, 4.30131, 8.35072), (1.35462, 4.2306, 8.32729), (1.35462, 4.1306, 8.32729), (-0.143144, 4.2306, 9.94259), (-1.29462, 4.2306, 8.40729), (-0.303144, 4.2306, 10.0626), (-1.45462, 4.2306, 8.52729), (-0.0831435, 4.1306, 10.0226), (-0.243144, 4.1306, 10.1426), (-0.0831435, 4.2306, 10.0226), (-0.243144, 4.2306, 10.1426), (-0.100717, 4.30131, 9.99916), (-0.260717, 4.30131, 10.1192), (-0.143144, 4.3306, 9.94259), (-0.303144, 4.3306, 10.0626), (-1.29462, 4.3306, 8.40729), (-1.45462, 4.3306, 8.52729), (-1.33705, 4.30131, 8.35072), (-1.49705, 4.30131, 8.47072), (-1.35462, 4.2306, 8.32729), (-1.51462, 4.2306, 8.44729), (-1.35462, 4.1306, 8.32729), (-1.51462, 4.1306, 8.44729), (-0.303144, 4.1306, 10.0626), (-1.45462, 4.1306, 8.52729), (-0.143144, 4.1306, 9.94259), (-1.29462, 4.1306, 8.40729), (-1.04, 5.7266, -3.544), (-0.84, 5.7266, -3.544), (-1.04, 5.8266, -3.544), (-0.84, 5.8266, -3.544), (-0.84, 5.7266, -5.272), (-1.04, 5.7266, -5.272), (-0.84, 5.8266, -5.272), (-1.04, 5.8266, -5.272), (-0.84, 5.7266, -3.444), (-1.04, 5.7266, -3.444), (-0.84, 5.8266, -3.444), (-1.04, 5.8266, -3.444), (-0.84, 5.89731, -3.47329), (-1.04, 5.89731, -3.47329), (-1.04, 5.9266, -3.544), (-0.84, 5.9266, -3.544), (-0.84, 5.9266, -5.272), (-1.04, 5.9266, -5.272), (-1.04, 5.89731, -5.34271), (-0.84, 5.89731, -5.34271), (-0.84, 5.8266, -5.372), (-1.04, 5.8266, -5.372), (-0.84, 5.7266, -5.372), (-1.04, 5.7266, -5.372), (-1.98, 5.3466, -0.15), (-1.78, 5.3466, -0.15), (-1.98, 5.4466, -0.15), (-1.78, 5.4466, -0.15), (-1.78, 5.3466, -5.272), (-1.98, 5.3466, -5.272), (-1.78, 5.4466, -5.272), (-1.98, 5.4466, -5.272), (-1.78, 5.3466, -0.05), (-1.98, 5.3466, -0.05), (-1.78, 5.4466, -0.05), (-1.98, 5.4466, -0.05), (-1.78, 5.51731, -0.0792892), (-1.98, 5.51731, -0.0792892), (-1.98, 5.5466, -0.15), (-1.78, 5.5466, -0.15), (-1.78, 5.5466, -5.272), (-1.98, 5.5466, -5.272), (-1.98, 5.51731, -5.34271), (-1.78, 5.51731, -5.34271), (-1.78, 5.4466, -5.372), (-1.98, 5.4466, -5.372), (-1.78, 5.3466, -5.372), (-1.98, 5.3466, -5.372), (0.84, 5.7266, 4.764), (1.04, 5.7266, 4.764), (0.84, 5.8266, 4.764), (1.04, 5.8266, 4.764), (1.04, 5.7266, 0.504), (0.84, 5.7266, 0.504), (1.04, 5.8266, 0.504), (0.84, 5.8266, 0.504), (1.04, 5.7266, 4.864), (0.84, 5.7266, 4.864), (1.04, 5.8266, 4.864), (0.84, 5.8266, 4.864), (1.04, 5.89731, 4.83471), (0.84, 5.89731, 4.83471), (0.84, 5.9266, 4.764), (1.04, 5.9266, 4.764), (1.04, 5.9266, 0.504), (0.84, 5.9266, 0.504), (0.84, 5.89731, 0.433289), (1.04, 5.89731, 0.433289), (1.04, 5.8266, 0.404), (0.84, 5.8266, 0.404), (1.04, 5.7266, 0.404), (0.84, 5.7266, 0.404), (0.84, 5.7266, -3.544), (1.04, 5.7266, -3.544), (0.84, 5.8266, -3.544), (1.04, 5.8266, -3.544), (1.04, 5.7266, -5.272), (0.84, 5.7266, -5.272), (1.04, 5.8266, -5.272), (0.84, 5.8266, -5.272), (1.04, 5.7266, -3.444), (0.84, 5.7266, -3.444), (1.04, 5.8266, -3.444), (0.84, 5.8266, -3.444), (1.04, 5.89731, -3.47329), (0.84, 5.89731, -3.47329), (0.84, 5.9266, -3.544), (1.04, 5.9266, -3.544), (1.04, 5.9266, -5.272), (0.84, 5.9266, -5.272), (0.84, 5.89731, -5.34271), (1.04, 5.89731, -5.34271), (1.04, 5.8266, -5.372), (0.84, 5.8266, -5.372), (1.04, 5.7266, -5.372), (0.84, 5.7266, -5.372), (-1.98, 5.3466, 4.968), (-1.78, 5.3466, 4.968), (-1.98, 5.4466, 4.968), (-1.78, 5.4466, 4.968), (-1.78, 5.3466, 0.15), (-1.98, 5.3466, 0.15), (-1.78, 5.4466, 0.15), (-1.98, 5.4466, 0.15), (-1.78, 5.3466, 5.068), (-1.98, 5.3466, 5.068), (-1.78, 5.4466, 5.068), (-1.98, 5.4466, 5.068), (-1.78, 5.51731, 5.03871), (-1.98, 5.51731, 5.03871), (-1.98, 5.5466, 4.968), (-1.78, 5.5466, 4.968), (-1.78, 5.5466, 0.15), (-1.98, 5.5466, 0.15), (-1.98, 5.51731, 0.0792894), (-1.78, 5.51731, 0.0792894), (-1.78, 5.4466, 0.0500002), (-1.98, 5.4466, 0.0500002), (-1.78, 5.3466, 0.0500002), (-1.98, 5.3466, 0.0500002), (-1.89787, 4.1306, 7.60851), (-1.71, 4.1306, 8.36), (-1.92287, 4.0306, 7.50851), (-1.92287, 3.8266, 7.50851), (-2.28, 3.2566, 6.08), (-2.28, 3.8266, 6.08), (-1.71, 3.2566, 8.36), (2.71801e-07, 4.1306, 10.64), (2.71801e-07, 3.2566, 10.64), (2.28, 3.2566, 6.08), (1.71, 3.2566, 8.36), (2.28, 3.8266, 6.08), (1.92287, 3.8266, 7.50851), (1.71, 4.1306, 8.36), (1.92287, 4.0306, 7.50851), (1.89787, 4.1306, 7.60851), (1.27148, 3.9786, 8.26493), (1.46058, 3.9786, 7.50851), (1.27148, 4.1306, 8.26493), (1.46058, 4.0306, 7.50851), (1.43558, 4.1306, 7.60851), (-1.46058, 3.9786, 7.50851), (-1.27148, 3.9786, 8.26493), (-1.46058, 4.0306, 7.50851), (-1.27148, 4.1306, 8.26493), (-1.43558, 4.1306, 7.60851), (1.90766e-07, 3.9786, 9.96024), (1.90766e-07, 4.1306, 9.96024), (-2.28, 3.2566, 6.08), (-2.28, 3.2566, -6.08), (-2.28, 3.8266, 6.08), (-2.28, 3.8266, -6.08), (2.28, 3.2566, -6.08), (2.28, 3.2566, 6.08), (2.28, 3.8266, -6.08), (2.28, 3.8266, 6.08), (-1.04, 5.7266, -0.304), (-1.14, 5.7266, -0.404), (1.04, 5.7266, -0.304), (1.14, 5.7266, -0.404), (1.14, 5.7266, -2.332), (-1.14, 5.7266, -2.332), (1.04, 5.7266, -2.432), (-1.04, 5.7266, -2.432), (-1.14, 5.3466, -2.332), (-1.14, 5.3466, -0.404), (-1.04, 5.3466, -2.432), (-1.04, 5.3466, -0.304), (1.04, 5.3466, -2.432), (1.04, 5.3466, -0.304), (1.14, 5.3466, -2.332), (1.14, 5.3466, -0.404), (1.412, 4.2066, 6.916), (-1.412, 4.2066, 6.916), (1.57322, 4.2066, 6.84922), (-1.57322, 4.2066, 6.84922), (1.64, 4.2066, 6.688), (-1.64, 4.2066, 6.688), (1.57322, 4.2066, 6.52678), (-1.57322, 4.2066, 6.52678), (1.412, 4.2066, 6.46), (-1.412, 4.2066, 6.46), (1.412, 4.0166, 6.46), (-1.412, 4.0166, 6.46), (1.412, 4.0166, 6.916), (-1.412, 4.0166, 6.916), (-1.57322, 4.0166, 6.52678), (-1.64, 4.0166, 6.688), (-1.57322, 4.0166, 6.84922), (1.57322, 4.0166, 6.84922), (1.64, 4.0166, 6.688), (1.57322, 4.0166, 6.52678), (2.38, 2.37502, 5.15541), (2.38, 2.18498, 5.15541), (2.38, 2.47005, 5.32), (2.38, 2.08995, 5.32), (2.38, 2.37502, 5.48459), (2.38, 2.18498, 5.48459), (2.38, 2.37502, 3.63541), (2.38, 2.18498, 3.63541), (2.38, 2.47005, 3.8), (2.38, 2.08995, 3.8), (2.38, 2.37502, 3.96459), (2.38, 2.18498, 3.96459), (-2.38, 2.18498, 3.63541), (-2.38, 2.37502, 3.63541), (-2.38, 2.08995, 3.8), (-2.38, 2.47005, 3.8), (-2.38, 2.18498, 3.96459), (-2.38, 2.37502, 3.96459), (-2.38, 2.18498, 5.15541), (-2.38, 2.37502, 5.15541), (-2.38, 2.08995, 5.32), (-2.38, 2.47005, 5.32), (-2.38, 2.18498, 5.48459), (-2.38, 2.37502, 5.48459), (2.38, 2.37502, 2.11541), (2.38, 2.18498, 2.11541), (2.38, 2.47005, 2.28), (2.38, 2.08995, 2.28), (2.38, 2.37502, 2.44459), (2.38, 2.18498, 2.44459), (-2.38, 2.18498, 0.595414), (-2.38, 2.37502, 0.595414), (-2.38, 2.08995, 0.76), (-2.38, 2.47005, 0.76), (-2.38, 2.18498, 0.924586), (-2.38, 2.37502, 0.924586), (-2.38, 2.18498, 2.11541), (-2.38, 2.37502, 2.11541), (-2.38, 2.08995, 2.28), (-2.38, 2.47005, 2.28), (-2.38, 2.18498, 2.44459), (-2.38, 2.37502, 2.44459), (2.38, 2.37502, 0.595414), (2.38, 2.18498, 0.595414), (2.38, 2.47005, 0.76), (2.38, 2.08995, 0.76), (2.38, 2.37502, 0.924586), (2.38, 2.18498, 0.924586), (2.38, 2.37502, -0.924586), (2.38, 2.18498, -0.924586), (2.38, 2.47005, -0.76), (2.38, 2.08995, -0.76), (2.38, 2.37502, -0.595414), (2.38, 2.18498, -0.595414), (-2.38, 2.18498, -0.924586), (-2.38, 2.37502, -0.924586), (-2.38, 2.08995, -0.76), (-2.38, 2.47005, -0.76), (-2.38, 2.18498, -0.595414), (-2.38, 2.37502, -0.595414), (-2.38, 2.18498, -2.44459), (-2.38, 2.37502, -2.44459), (-2.38, 2.08995, -2.28), (-2.38, 2.47005, -2.28), (-2.38, 2.18498, -2.11541), (-2.38, 2.37502, -2.11541), (2.38, 2.37502, -2.44459), (2.38, 2.18498, -2.44459), (2.38, 2.47005, -2.28), (2.38, 2.08995, -2.28), (2.38, 2.37502, -2.11541), (2.38, 2.18498, -2.11541), (-2.38, 2.18498, -5.48459), (-2.38, 2.37502, -5.48459), (-2.38, 2.08995, -5.32), (-2.38, 2.47005, -5.32), (-2.38, 2.18498, -5.15541), (-2.38, 2.37502, -5.15541), (2.38, 2.37502, -5.48459), (2.38, 2.18498, -5.48459), (2.38, 2.47005, -5.32), (2.38, 2.08995, -5.32), (2.38, 2.37502, -5.15541), (2.38, 2.18498, -5.15541), (2.38, 2.37502, -3.96459), (2.38, 2.18498, -3.96459), (2.38, 2.47005, -3.8), (2.38, 2.08995, -3.8), (2.38, 2.37502, -3.63541), (2.38, 2.18498, -3.63541), (-2.38, 2.18498, -3.96459), (-2.38, 2.37502, -3.96459), (-2.38, 2.08995, -3.8), (-2.38, 2.47005, -3.8), (-2.38, 2.18498, -3.63541), (-2.38, 2.37502, -3.63541), (1.14, 5.7266, 4.864), (0.2622, 5.7266, 5.472), (1.14, 5.7266, 0.404), (1.04, 5.7266, 0.304), (-1.04, 5.7266, 0.304), (-0.2622, 5.7266, 5.472), (-1.14, 5.7266, 4.864), (-1.14, 5.7266, 0.404), (-1.14, 5.3466, 4.864), (-0.2622, 5.3466, 5.472), (-1.14, 5.3466, 0.404), (0.2622, 5.3466, 5.472), (-1.04, 5.3466, 0.304), (1.04, 5.3466, 0.304), (1.14, 5.3466, 4.864), (1.14, 5.3466, 0.404), (1.45234, 5.47595, -0.966787), (1.62309, 5.3466, -1.24339), (1.2816, 5.3466, -1.24339), (1.62309, 5.3466, -1.79661), (1.45234, 5.47595, -2.07321), (1.2816, 5.3466, -1.79661), (1.45234, 5.55328, -2.07321), (1.62309, 5.55328, -1.79661), (1.68, 5.55328, -1.52), (1.68, 5.3466, -1.52), (1.62309, 5.55328, -1.24339), (1.45234, 5.55328, -0.966787), (1.2816, 5.55328, -1.24339), (1.22468, 5.55328, -1.52), (1.22468, 5.3466, -1.52), (1.2816, 5.55328, -1.79661), (1.45234, 5.47595, 4.60721), (1.62309, 5.3466, 4.33061), (1.2816, 5.3466, 4.33061), (1.62309, 5.3466, 3.77739), (1.45234, 5.47595, 3.50079), (1.2816, 5.3466, 3.77739), (1.45234, 5.55328, 3.50079), (1.62309, 5.55328, 3.77739), (1.68, 5.55328, 4.054), (1.68, 5.3466, 4.054), (1.62309, 5.55328, 4.33061), (1.45234, 5.55328, 4.60721), (1.2816, 5.55328, 4.33061), (1.22468, 5.55328, 4.054), (1.22468, 5.3466, 4.054), (1.2816, 5.55328, 3.77739), (1.45234, 5.47595, 2.07321), (1.62309, 5.3466, 1.79661), (1.2816, 5.3466, 1.79661), (1.62309, 5.3466, 1.24339), (1.45234, 5.47595, 0.966787), (1.2816, 5.3466, 1.24339), (1.45234, 5.55328, 0.966787), (1.62309, 5.55328, 1.24339), (1.68, 5.55328, 1.52), (1.68, 5.3466, 1.52), (1.62309, 5.55328, 1.79661), (1.45234, 5.55328, 2.07321), (1.2816, 5.55328, 1.79661), (1.22468, 5.55328, 1.52), (1.22468, 5.3466, 1.52), (1.2816, 5.55328, 1.24339), (1.45234, 5.47595, -3.70279), (1.62309, 5.3466, -3.97939), (1.2816, 5.3466, -3.97939), (1.62309, 5.3466, -4.53261), (1.45234, 5.47595, -4.80921), (1.2816, 5.3466, -4.53261), (1.45234, 5.55328, -4.80921), (1.62309, 5.55328, -4.53261), (1.68, 5.55328, -4.256), (1.68, 5.3466, -4.256), (1.62309, 5.55328, -3.97939), (1.45234, 5.55328, -3.70279), (1.2816, 5.55328, -3.97939), (1.22468, 5.55328, -4.256), (1.22468, 5.3466, -4.256), (1.2816, 5.55328, -4.53261), (-1.45234, 5.47595, -0.966787), (-1.2816, 5.3466, -1.24339), (-1.62309, 5.3466, -1.24339), (-1.2816, 5.3466, -1.79661), (-1.45234, 5.47595, -2.07321), (-1.62309, 5.3466, -1.79661), (-1.45234, 5.55328, -2.07321), (-1.2816, 5.55328, -1.79661), (-1.22468, 5.55328, -1.52), (-1.22468, 5.3466, -1.52), (-1.2816, 5.55328, -1.24339), (-1.45234, 5.55328, -0.966787), (-1.62309, 5.55328, -1.24339), (-1.68, 5.55328, -1.52), (-1.68, 5.3466, -1.52), (-1.62309, 5.55328, -1.79661), (-1.45234, 5.47595, 4.60721), (-1.2816, 5.3466, 4.33061), (-1.62309, 5.3466, 4.33061), (-1.2816, 5.3466, 3.77739), (-1.45234, 5.47595, 3.50079), (-1.62309, 5.3466, 3.77739), (-1.45234, 5.55328, 3.50079), (-1.2816, 5.55328, 3.77739), (-1.22468, 5.55328, 4.054), (-1.22468, 5.3466, 4.054), (-1.2816, 5.55328, 4.33061), (-1.45234, 5.55328, 4.60721), (-1.62309, 5.55328, 4.33061), (-1.68, 5.55328, 4.054), (-1.68, 5.3466, 4.054), (-1.62309, 5.55328, 3.77739), (-1.45234, 5.47595, 2.07321), (-1.2816, 5.3466, 1.79661), (-1.62309, 5.3466, 1.79661), (-1.2816, 5.3466, 1.24339), (-1.45234, 5.47595, 0.966787), (-1.62309, 5.3466, 1.24339), (-1.45234, 5.55328, 0.966787), (-1.2816, 5.55328, 1.24339), (-1.22468, 5.55328, 1.52), (-1.22468, 5.3466, 1.52), (-1.2816, 5.55328, 1.79661), (-1.45234, 5.55328, 2.07321), (-1.62309, 5.55328, 1.79661), (-1.68, 5.55328, 1.52), (-1.68, 5.3466, 1.52), (-1.62309, 5.55328, 1.24339), (-1.45234, 5.47595, -3.70279), (-1.2816, 5.3466, -3.97939), (-1.62309, 5.3466, -3.97939), (-1.2816, 5.3466, -4.53261), (-1.45234, 5.47595, -4.80921), (-1.62309, 5.3466, -4.53261), (-1.45234, 5.55328, -4.80921), (-1.2816, 5.55328, -4.53261), (-1.22468, 5.55328, -4.256), (-1.22468, 5.3466, -4.256), (-1.2816, 5.55328, -3.97939), (-1.45234, 5.55328, -3.70279), (-1.62309, 5.55328, -3.97939), (-1.68, 5.55328, -4.256), (-1.68, 5.3466, -4.256), (-1.62309, 5.55328, -4.53261), (1.552, 3.8266, -6.68), (1.852, 3.8266, -6.68), (1.552, 4.0766, -6.68), (1.852, 4.0766, -6.68), (1.852, 4.0766, -6.78), (1.552, 4.0766, -6.78), (1.552, 4.3266, -6.78), (1.852, 4.3266, -6.78), (1.552, 4.3266, -6.58), (1.852, 4.3266, -6.58), (1.552, 4.26802, -6.43858), (1.852, 4.26802, -6.43858), (1.552, 4.1266, -6.38), (1.852, 4.1266, -6.38), (1.552, 3.8266, -6.38), (1.852, 3.8266, -6.38), (-2.08, 4.9666, 3.04), (-2.08, 4.9666, -4.76837e-07), (-2.08, 5.3466, 3.04), (-2.08, 5.3466, -4.76837e-07), (2.08, 4.9666, 0), (2.08, 4.9666, 3.04), (2.08, 5.3466, 0), (2.08, 5.3466, 3.04), (1.624, 4.5866, 0), (1.624, 4.5866, 3.04), (1.624, 4.9666, 0), (1.624, 4.9666, 3.04), (-1.624, 4.9666, 3.04), (-1.624, 4.9666, -4.76837e-07), (-1.624, 4.5866, 3.04), (-1.624, 4.5866, -4.76837e-07), (-2.08, 4.39827, 2.58905), (-2.08, 4.5866, 3.04), (-2.08, 4.01494, 2.58905), (-2.08, 4.39827, 2.35095), (-2.08, 3.8266, 3.04), (-2.08, 3.8266, -4.76837e-07), (-2.08, 4.01494, 0.450953), (-2.08, 4.01494, 2.35095), (-2.08, 4.5866, -4.76837e-07), (-2.08, 4.39827, 0.450953), (-2.08, 4.01494, 0.689046), (-2.08, 4.39827, 1.40095), (-2.08, 4.39827, 0.689046), (-2.08, 4.39827, 1.63905), (-2.08, 4.01494, 1.40095), (-2.08, 4.01494, 1.63905), (2.08, 4.39827, 0.450954), (2.08, 4.5866, 0), (2.08, 4.01494, 0.450954), (2.08, 4.39827, 0.689047), (2.08, 3.8266, 0), (2.08, 3.8266, 3.04), (2.08, 4.01494, 2.58905), (2.08, 4.01494, 0.689047), (2.08, 4.5866, 3.04), (2.08, 4.39827, 2.58905), (2.08, 4.01494, 2.35095), (2.08, 4.39827, 1.63905), (2.08, 4.39827, 2.35095), (2.08, 4.39827, 1.40095), (2.08, 4.01494, 1.63905), (2.08, 4.01494, 1.40095), (1.852, 4.5866, 0.912), (1.852, 4.5866, 0.608), (1.852, 4.9666, 0.912), (1.852, 4.9666, 0.608), (1.852, 4.5866, 2.432), (1.852, 4.5866, 2.128), (1.852, 4.9666, 2.432), (1.852, 4.9666, 2.128), (1.98, 4.9666, 0.912), (1.98, 4.5866, 0.912), (1.98, 4.5866, 2.128), (1.98, 4.9666, 2.128), (1.98, 4.9666, 2.432), (1.98, 4.5866, 2.432), (1.98, 4.5866, 0.608), (1.98, 4.9666, 0.608), (-1.852, 4.5866, 2.128), (-1.852, 4.9666, 2.128), (-1.98, 4.5866, 2.128), (-1.98, 4.9666, 2.128), (-1.852, 4.5866, 2.432), (-1.852, 4.9666, 2.432), (-1.852, 4.5866, 0.608), (-1.852, 4.5866, 0.912), (-1.852, 4.9666, 0.608), (-1.852, 4.9666, 0.912), (-1.98, 4.5866, 0.608), (-1.98, 4.9666, 0.608), (-1.98, 4.5866, 2.432), (-1.98, 4.9666, 2.432), (-1.98, 4.9666, 0.912), (-1.98, 4.5866, 0.912), (-2.08, 4.2066, 5.98), (-2.08, 4.2066, 4.56), (-2.08, 4.5866, 5.98), (-2.08, 4.39827, 3.72905), (-2.08, 4.39827, 3.49095), (-2.08, 4.5866, 3.04), (-2.08, 4.01494, 3.49095), (-2.08, 3.8266, 3.04), (-2.08, 3.8266, 4.56), (-2.08, 4.01494, 3.72905), (-2.08, 5.3466, 3.04), (-2.08, 5.3466, 5.068), (-2.08, 4.9666, 3.04), (-2.08, 4.9666, 5.068), (-1.98, 5.3466, 5.168), (-1.98, 4.9666, 5.168), (-1.624, 4.9666, 5.168), (-1.624, 5.3466, 5.168), (-1.624, 4.9666, 3.04), (1.624, 4.9666, 5.168), (1.624, 5.3466, 5.168), (1.98, 4.9666, 5.168), (1.98, 5.3466, 5.168), (2.08, 5.3466, 5.068), (2.08, 4.9666, 5.068), (2.08, 5.3466, 3.04), (2.08, 4.9666, 3.04), (-1.624, 4.5866, 5.168), (-1.624, 4.5866, 3.04), (1.624, 4.9666, 3.04), (1.624, 4.5866, 3.04), (1.624, 4.5866, 5.168), (2.08, 4.2066, 5.98), (1.98, 4.2066, 6.08), (2.08, 4.5866, 5.98), (1.98, 4.5866, 6.08), (-1.98, 4.5866, 6.08), (-1.98, 4.2066, 6.08), (0.684, 5.3466, 5.776), (0.684, 4.5866, 5.776), (-0.684, 5.3466, 5.776), (-0.684, 4.5866, 5.776), (2.08, 4.2066, 4.56), (2.08, 3.8266, 4.56), (2.08, 4.39827, 3.72905), (2.08, 4.5866, 3.04), (2.08, 4.01494, 3.72905), (2.08, 4.39827, 3.49095), (2.08, 4.01494, 3.49095), (2.08, 3.8266, 3.04), (1.724, 3.8266, 5.272), (1.724, 3.8266, 4.968), (1.724, 4.2066, 5.272), (1.724, 4.2066, 4.968), (1.724, 3.8266, 5.98), (1.724, 3.8266, 5.676), (1.724, 4.2066, 5.98), (1.724, 4.2066, 5.676), (1.852, 4.2066, 5.272), (1.852, 3.8266, 5.272), (1.852, 3.8266, 5.676), (1.852, 4.2066, 5.676), (1.852, 4.2066, 5.98), (1.852, 3.8266, 5.98), (1.852, 3.8266, 4.968), (1.852, 4.2066, 4.968), (-1.852, 3.8266, 5.272), (-1.852, 3.8266, 4.968), (-1.852, 4.2066, 5.272), (-1.852, 4.2066, 4.968), (-1.852, 3.8266, 5.98), (-1.852, 3.8266, 5.676), (-1.852, 4.2066, 5.98), (-1.852, 4.2066, 5.676), (-1.724, 4.2066, 5.272), (-1.724, 3.8266, 5.272), (-1.724, 3.8266, 5.676), (-1.724, 4.2066, 5.676), (-1.724, 4.2066, 5.98), (-1.724, 3.8266, 5.98), (-1.724, 3.8266, 4.968), (-1.724, 4.2066, 4.968), (2.08, 4.9666, -3.04), (2.08, 5.3466, -3.04), (2.08, 4.9666, -5.472), (2.08, 5.3466, -5.472), (1.624, 4.5866, -5.272), (1.624, 4.5866, -3.04), (1.624, 4.9666, -5.272), (1.624, 4.9666, -3.04), (-1.624, 4.5866, -3.04), (-1.624, 4.5866, -5.272), (-1.624, 4.9666, -3.04), (-1.624, 4.9666, -5.272), (2.08, 4.2066, -5.98), (2.08, 4.2066, -4.56), (2.08, 4.5866, -5.98), (2.08, 4.39827, -3.72905), (2.08, 4.39827, -3.49095), (2.08, 4.5866, -3.04), (2.08, 4.01494, -3.49095), (2.08, 3.8266, -3.04), (2.08, 3.8266, -4.56), (2.08, 4.01494, -3.72905), (-2.08, 4.9666, -3.04), (-2.08, 4.9666, -5.472), (-2.08, 5.3466, -3.04), (-2.08, 5.3466, -5.472), (1.98, 4.5866, -6.08), (1.98, 4.2066, -6.08), (-1.98, 4.2066, -6.08), (-1.98, 4.5866, -6.08), (-2.08, 4.5866, -5.98), (-2.08, 4.2066, -5.98), (-2.08, 4.2066, -4.56), (-2.08, 3.8266, -4.56), (-2.08, 4.39827, -3.49095), (-2.08, 4.5866, -3.04), (-2.08, 4.01494, -3.49095), (-2.08, 4.39827, -3.72905), (-2.08, 3.8266, -3.04), (-2.08, 4.01494, -3.72905), (1.852, 4.5866, -4.868), (1.852, 4.5866, -5.172), (1.852, 4.9666, -4.868), (1.852, 4.9666, -5.172), (1.852, 4.5866, -3.648), (1.852, 4.5866, -3.952), (1.852, 4.9666, -3.648), (1.852, 4.9666, -3.952), (1.98, 4.9666, -4.868), (1.98, 4.5866, -4.868), (1.98, 4.5866, -3.952), (1.98, 4.9666, -3.952), (1.98, 4.9666, -3.648), (1.98, 4.5866, -3.648), (1.98, 4.5866, -5.172), (1.98, 4.9666, -5.172), (-1.98, 4.5866, -4.868), (-1.98, 4.5866, -5.172), (-1.98, 4.9666, -4.868), (-1.98, 4.9666, -5.172), (-1.98, 4.5866, -3.648), (-1.98, 4.5866, -3.952), (-1.98, 4.9666, -3.648), (-1.98, 4.9666, -3.952), (-1.852, 4.9666, -4.868), (-1.852, 4.5866, -4.868), (-1.852, 4.5866, -3.952), (-1.852, 4.9666, -3.952), (-1.852, 4.9666, -3.648), (-1.852, 4.5866, -3.648), (-1.852, 4.5866, -5.172), (-1.852, 4.9666, -5.172), (-1.952, 3.8266, -5.676), (-1.952, 3.8266, -5.98), (-1.952, 4.2066, -5.676), (-1.952, 4.2066, -5.98), (-1.952, 3.8266, -4.956), (-1.952, 3.8266, -5.26), (-1.952, 4.2066, -4.956), (-1.952, 4.2066, -5.26), (-1.824, 4.2066, -5.676), (-1.824, 3.8266, -5.676), (-1.824, 3.8266, -5.26), (-1.824, 4.2066, -5.26), (-1.824, 4.2066, -4.956), (-1.824, 3.8266, -4.956), (-1.824, 3.8266, -5.98), (-1.824, 4.2066, -5.98), (1.824, 3.8266, -5.676), (1.824, 3.8266, -5.98), (1.824, 4.2066, -5.676), (1.824, 4.2066, -5.98), (1.824, 3.8266, -4.956), (1.824, 3.8266, -5.26), (1.824, 4.2066, -4.956), (1.824, 4.2066, -5.26), (1.952, 4.2066, -5.676), (1.952, 3.8266, -5.676), (1.952, 3.8266, -5.26), (1.952, 4.2066, -5.26), (1.952, 4.2066, -4.956), (1.952, 3.8266, -4.956), (1.952, 3.8266, -5.98), (1.952, 4.2066, -5.98), (-2.08, 4.9666, 0), (-2.08, 4.9666, -3.04), (-2.08, 5.3466, 0), (-2.08, 5.3466, -3.04), (2.08, 4.9666, -3.04), (2.08, 4.9666, 4.76837e-07), (2.08, 5.3466, -3.04), (2.08, 5.3466, 4.76837e-07), (1.624, 4.5866, -3.04), (1.624, 4.5866, 4.76837e-07), (1.624, 4.9666, -3.04), (1.624, 4.9666, 4.76837e-07), (-1.624, 4.9666, 0), (-1.624, 4.9666, -3.04), (-1.624, 4.5866, 0), (-1.624, 4.5866, -3.04), (-2.08, 4.39827, -0.450954), (-2.08, 4.5866, 0), (-2.08, 4.01494, -0.450954), (-2.08, 4.39827, -0.689047), (-2.08, 3.8266, 0), (-2.08, 3.8266, -3.04), (-2.08, 4.01494, -2.58905), (-2.08, 4.01494, -0.689047), (-2.08, 4.5866, -3.04), (-2.08, 4.39827, -2.58905), (-2.08, 4.01494, -2.35095), (-2.08, 4.39827, -1.63905), (-2.08, 4.39827, -2.35095), (-2.08, 4.39827, -1.40095), (-2.08, 4.01494, -1.63905), (-2.08, 4.01494, -1.40095), (2.08, 4.39827, -2.58905), (2.08, 4.5866, -3.04), (2.08, 4.01494, -2.58905), (2.08, 4.39827, -2.35095), (2.08, 3.8266, -3.04), (2.08, 3.8266, 4.76837e-07), (2.08, 4.01494, -0.450953), (2.08, 4.01494, -2.35095), (2.08, 4.5866, 4.76837e-07), (2.08, 4.39827, -0.450953), (2.08, 4.01494, -0.689046), (2.08, 4.39827, -1.40095), (2.08, 4.39827, -0.689046), (2.08, 4.39827, -1.63905), (2.08, 4.01494, -1.40095), (2.08, 4.01494, -1.63905), (1.852, 4.5866, -2.128), (1.852, 4.5866, -2.432), (1.852, 4.9666, -2.128), (1.852, 4.9666, -2.432), (1.852, 4.5866, -0.608), (1.852, 4.5866, -0.912), (1.852, 4.9666, -0.608), (1.852, 4.9666, -0.912), (1.98, 4.9666, -2.128), (1.98, 4.5866, -2.128), (1.98, 4.5866, -0.912), (1.98, 4.9666, -0.912), (1.98, 4.9666, -0.608), (1.98, 4.5866, -0.608), (1.98, 4.5866, -2.432), (1.98, 4.9666, -2.432), (-1.852, 4.5866, -0.912), (-1.852, 4.9666, -0.912), (-1.98, 4.5866, -0.912), (-1.98, 4.9666, -0.912), (-1.852, 4.5866, -0.608), (-1.852, 4.9666, -0.608), (-1.852, 4.5866, -2.432), (-1.852, 4.5866, -2.128), (-1.852, 4.9666, -2.432), (-1.852, 4.9666, -2.128), (-1.98, 4.5866, -2.432), (-1.98, 4.9666, -2.432), (-1.98, 4.5866, -0.608), (-1.98, 4.9666, -0.608), (-1.98, 4.9666, -2.128), (-1.98, 4.5866, -2.128), (1.63073e-07, 1.52, -9.728), (1.71, 1.52, -8.36), (1.71, 3.04, -8.36), (2.71792e-07, 3.04, -10.64), (-1.71, 1.52, -8.36), (-1.71, 3.04, -8.36), (2.28, 1.52, -6.08), (2.28, 3.04, -6.08), (-2.28, 1.52, -6.08), (-2.28, 3.04, -6.08), (-1.71, 1.52, 8.36), (-2.28, 1.52, 6.08), (-1.71, 3.04, 8.36), (-2.28, 3.04, 6.08), (2.28, 1.52, 6.08), (1.71, 1.52, 8.36), (2.28, 3.04, 6.08), (1.71, 3.04, 8.36), (-2.71794e-07, 1.52, 10.64), (-2.71794e-07, 3.04, 10.64), (0.456, 4.2826, 8.42051), (0.456, 3.9786, 8.42051), (-0.456, 4.2826, 8.42051), (-0.456, 3.9786, 8.42051), (-0.456, 3.9786, 7.81251), (-0.456, 4.1306, 7.81251), (-0.456, 4.2826, 8.11651), (0.456, 4.2826, 8.11651), (0.456, 4.1306, 7.81251), (0.456, 3.9786, 7.81251), (2.28, 3.04, 3.04), (2.28, 1.52, 3.04), (2.28, 3.04, 6.08), (2.28, 1.52, 6.08), (-2.28, 1.52, 3.04), (-2.28, 3.04, 3.04), (-2.28, 1.52, 6.08), (-2.28, 3.04, 6.08), (2.38, 1.98, 5.32), (2.38, 2.13, 5.06019), (2.28, 1.98, 5.32), (2.28, 2.13, 5.06019), (2.38, 2.58, 5.32), (2.28, 2.58, 5.32), (2.38, 2.43, 5.06019), (2.28, 2.43, 5.06019), (2.38, 2.13, 5.57981), (2.28, 2.13, 5.57981), (2.38, 2.43, 5.57981), (2.28, 2.43, 5.57981), (2.38, 2.13, 4.05981), (2.38, 1.98, 3.8), (2.28, 2.13, 4.05981), (2.28, 1.98, 3.8), (2.38, 2.58, 3.8), (2.28, 2.58, 3.8), (2.38, 2.43, 3.54019), (2.28, 2.43, 3.54019), (2.28, 2.13, 3.54019), (2.38, 2.13, 3.54019), (2.38, 2.43, 4.05981), (2.28, 2.43, 4.05981), (-2.28, 2.43, 4.05981), (-2.38, 2.43, 4.05981), (-2.28, 2.58, 3.8), (-2.38, 2.58, 3.8), (-2.38, 2.13, 3.54019), (-2.28, 2.13, 3.54019), (-2.38, 2.43, 3.54019), (-2.28, 2.43, 3.54019), (-2.28, 1.98, 3.8), (-2.38, 1.98, 3.8), (-2.28, 2.13, 4.05981), (-2.38, 2.13, 4.05981), (-2.28, 1.98, 5.32), (-2.28, 2.13, 5.06019), (-2.38, 1.98, 5.32), (-2.38, 2.13, 5.06019), (-2.28, 2.58, 5.32), (-2.38, 2.58, 5.32), (-2.28, 2.43, 5.06019), (-2.38, 2.43, 5.06019), (-2.28, 2.13, 5.57981), (-2.38, 2.13, 5.57981), (-2.28, 2.43, 5.57981), (-2.38, 2.43, 5.57981), (2.38, 1.98, 2.28), (2.38, 2.13, 2.02019), (2.28, 1.98, 2.28), (2.28, 2.13, 2.02019), (2.38, 2.58, 2.28), (2.28, 2.58, 2.28), (2.38, 2.43, 2.02019), (2.28, 2.43, 2.02019), (2.38, 2.13, 2.53981), (2.28, 2.13, 2.53981), (2.38, 2.43, 2.53981), (2.28, 2.43, 2.53981), (-2.28, 2.43, 1.01981), (-2.38, 2.43, 1.01981), (-2.28, 2.58, 0.76), (-2.38, 2.58, 0.76), (-2.38, 2.13, 0.500192), (-2.28, 2.13, 0.500192), (-2.38, 2.43, 0.500192), (-2.28, 2.43, 0.500192), (-2.28, 1.98, 0.76), (-2.38, 1.98, 0.76), (-2.28, 2.13, 1.01981), (-2.38, 2.13, 1.01981), (2.28, 3.04, 0), (2.28, 1.52, 0), (-2.28, 1.52, 0), (-2.28, 3.04, 0), (-2.28, 1.98, 2.28), (-2.28, 2.13, 2.02019), (-2.38, 1.98, 2.28), (-2.38, 2.13, 2.02019), (-2.28, 2.58, 2.28), (-2.38, 2.58, 2.28), (-2.28, 2.43, 2.02019), (-2.38, 2.43, 2.02019), (-2.28, 2.13, 2.53981), (-2.38, 2.13, 2.53981), (-2.28, 2.43, 2.53981), (-2.38, 2.43, 2.53981), (2.38, 2.13, 1.01981), (2.38, 1.98, 0.76), (2.28, 2.13, 1.01981), (2.28, 1.98, 0.76), (2.38, 2.58, 0.76), (2.28, 2.58, 0.76), (2.38, 2.43, 0.500192), (2.28, 2.43, 0.500192), (2.28, 2.13, 0.500192), (2.38, 2.13, 0.500192), (2.38, 2.43, 1.01981), (2.28, 2.43, 1.01981), (2.38, 1.98, -0.76), (2.38, 2.13, -1.01981), (2.28, 1.98, -0.76), (2.28, 2.13, -1.01981), (2.38, 2.58, -0.76), (2.28, 2.58, -0.76), (2.38, 2.43, -1.01981), (2.28, 2.43, -1.01981), (2.38, 2.13, -0.500192), (2.28, 2.13, -0.500192), (2.38, 2.43, -0.500192), (2.28, 2.43, -0.500192), (2.28, 3.04, -3.04), (2.28, 1.52, -3.04), (-2.28, 1.52, -3.04), (-2.28, 3.04, -3.04), (-2.28, 1.98, -0.76), (-2.28, 2.13, -1.01981), (-2.38, 1.98, -0.76), (-2.38, 2.13, -1.01981), (-2.28, 2.58, -0.76), (-2.38, 2.58, -0.76), (-2.28, 2.43, -1.01981), (-2.38, 2.43, -1.01981), (-2.28, 2.13, -0.500192), (-2.38, 2.13, -0.500192), (-2.28, 2.43, -0.500192), (-2.38, 2.43, -0.500192), (-2.28, 2.43, -2.02019), (-2.38, 2.43, -2.02019), (-2.28, 2.58, -2.28), (-2.38, 2.58, -2.28), (-2.38, 2.13, -2.53981), (-2.28, 2.13, -2.53981), (-2.38, 2.43, -2.53981), (-2.28, 2.43, -2.53981), (-2.28, 1.98, -2.28), (-2.38, 1.98, -2.28), (-2.28, 2.13, -2.02019), (-2.38, 2.13, -2.02019), (2.38, 2.13, -2.02019), (2.38, 1.98, -2.28), (2.28, 2.13, -2.02019), (2.28, 1.98, -2.28), (2.38, 2.58, -2.28), (2.28, 2.58, -2.28), (2.38, 2.43, -2.53981), (2.28, 2.43, -2.53981), (2.28, 2.13, -2.53981), (2.38, 2.13, -2.53981), (2.38, 2.43, -2.02019), (2.28, 2.43, -2.02019), (-2.28, 2.43, -5.06019), (-2.38, 2.43, -5.06019), (-2.28, 2.58, -5.32), (-2.38, 2.58, -5.32), (-2.38, 2.13, -5.57981), (-2.28, 2.13, -5.57981), (-2.38, 2.43, -5.57981), (-2.28, 2.43, -5.57981), (-2.28, 1.98, -5.32), (-2.38, 1.98, -5.32), (-2.28, 2.13, -5.06019), (-2.38, 2.13, -5.06019), (2.38, 2.13, -5.06019), (2.38, 1.98, -5.32), (2.28, 2.13, -5.06019), (2.28, 1.98, -5.32), (2.38, 2.58, -5.32), (2.28, 2.58, -5.32), (2.38, 2.43, -5.57981), (2.28, 2.43, -5.57981), (2.28, 2.13, -5.57981), (2.38, 2.13, -5.57981), (2.38, 2.43, -5.06019), (2.28, 2.43, -5.06019), (2.38, 1.98, -3.8), (2.38, 2.13, -4.05981), (2.28, 1.98, -3.8), (2.28, 2.13, -4.05981), (2.38, 2.58, -3.8), (2.28, 2.58, -3.8), (2.38, 2.43, -4.05981), (2.28, 2.43, -4.05981), (2.38, 2.13, -3.54019), (2.28, 2.13, -3.54019), (2.38, 2.43, -3.54019), (2.28, 2.43, -3.54019), (2.28, 3.04, -6.08), (2.28, 1.52, -6.08), (-2.28, 1.52, -6.08), (-2.28, 3.04, -6.08), (-2.28, 1.98, -3.8), (-2.28, 2.13, -4.05981), (-2.38, 1.98, -3.8), (-2.38, 2.13, -4.05981), (-2.28, 2.58, -3.8), (-2.38, 2.58, -3.8), (-2.28, 2.43, -4.05981), (-2.38, 2.43, -4.05981), (-2.28, 2.13, -3.54019), (-2.38, 2.13, -3.54019), (-2.28, 2.43, -3.54019), (-2.38, 2.43, -3.54019), (-0.608, 7.74689, 3.95898), (-0.429921, 7.63562, 3.54371), (-0.429921, 7.85816, 4.37425), (-0.386929, 7.74689, 3.95898), (-0.2736, 7.8177, 4.22326), (-0.2736, 7.67608, 3.6947), (1.32254e-12, 7.84703, 4.33272), (1.40628e-12, 7.90425, 4.54626), (0.2736, 7.8177, 4.22326), (9.24047e-13, 7.58953, 3.3717), (1.01068e-12, 7.64675, 3.58523), (0.2736, 7.67608, 3.6947), (0.429921, 7.85816, 4.37425), (0.429921, 7.63562, 3.54371), (0.386929, 7.74689, 3.95898), (0.608, 7.74689, 3.95898), (0.429921, 6.9808, 3.71917), (0.608, 7.09207, 4.13444), (9.9335e-13, 6.93471, 3.54716), (-0.429921, 6.9808, 3.71917), (0.429921, 7.20334, 4.54971), (1.47559e-12, 7.24943, 4.72172), (-0.608, 7.09207, 4.13444), (-0.429921, 7.20334, 4.54971), (-0.608, 7.74689, 0.918979), (-0.429921, 7.63562, 0.503707), (-0.429921, 7.85816, 1.33425), (-0.386929, 7.74689, 0.918979), (-0.2736, 7.8177, 1.18326), (-0.2736, 7.67608, 0.654702), (6.64158e-14, 7.84703, 1.29272), (1.50158e-13, 7.90425, 1.50626), (0.2736, 7.8177, 1.18326), (-3.32079e-13, 7.58953, 0.331696), (-2.4545e-13, 7.64675, 0.545235), (0.2736, 7.67608, 0.654702), (0.429921, 7.85816, 1.33425), (0.429921, 7.63562, 0.503707), (0.386929, 7.74689, 0.918979), (0.608, 7.74689, 0.918979), (0.429921, 6.9808, 0.679166), (0.608, 7.09207, 1.09444), (-2.62776e-13, 6.93471, 0.507155), (-0.429921, 6.9808, 0.679166), (0.429921, 7.20334, 1.50971), (2.19461e-13, 7.24943, 1.68172), (-0.608, 7.09207, 1.09444), (-0.429921, 7.20334, 1.50971), (-0.608, 7.74689, -2.12102), (-0.429921, 7.63562, -2.53629), (-0.429921, 7.85816, -1.70575), (-0.386929, 7.74689, -2.12102), (-0.2736, 7.8177, -1.85674), (-0.2736, 7.67608, -2.3853), (-1.17527e-12, 7.84703, -1.74728), (-1.09153e-12, 7.90425, -1.53374), (0.2736, 7.8177, -1.85674), (-1.57377e-12, 7.58953, -2.7083), (-1.48714e-12, 7.64675, -2.49477), (0.2736, 7.67608, -2.3853), (0.429921, 7.85816, -1.70575), (0.429921, 7.63562, -2.53629), (0.386929, 7.74689, -2.12102), (0.608, 7.74689, -2.12102), (0.429921, 6.9808, -2.36083), (0.608, 7.09207, -1.94556), (-1.50446e-12, 6.93471, -2.53285), (-0.429921, 6.9808, -2.36083), (0.429921, 7.20334, -1.53029), (-1.02223e-12, 7.24943, -1.35828), (-0.608, 7.09207, -1.94556), (-0.429921, 7.20334, -1.53029), (-0.608, 7.74689, -5.16102), (-0.429921, 7.63562, -5.57629), (-0.429921, 7.85816, -4.74575), (-0.386929, 7.74689, -5.16102), (-0.2736, 7.8177, -4.89674), (-0.2736, 7.67608, -5.4253), (-2.41696e-12, 7.84703, -4.78728), (-2.33322e-12, 7.90425, -4.57374), (0.2736, 7.8177, -4.89674), (-2.81545e-12, 7.58953, -5.7483), (-2.72883e-12, 7.64675, -5.53477), (0.2736, 7.67608, -5.4253), (0.429921, 7.85816, -4.74575), (0.429921, 7.63562, -5.57629), (0.386929, 7.74689, -5.16102), (0.608, 7.74689, -5.16102), (0.429921, 6.9808, -5.40083), (0.608, 7.09207, -4.98556), (-2.74615e-12, 6.93471, -5.57285), (-0.429921, 6.9808, -5.40083), (0.429921, 7.20334, -4.57029), (-2.26391e-12, 7.24943, -4.39828), (-0.608, 7.09207, -4.98556), (-0.429921, 7.20334, -4.57029), (-2.28, 3.04, 6.08), (-2.28, 3.04, -6.08), (2.28, 3.04, -6.08), (2.28, 3.04, 6.08), (-1.71, 3.04, -8.36), (-1.71, 3.2566, -8.36), (1.71, 3.04, -8.36), (1.71, 3.2566, -8.36), (1.26839e-06, 3.04, -10.64), (1.26839e-06, 3.2566, -10.64), (1.71, 3.04, 8.36), (1.71, 3.2566, 8.36), (-1.26839e-06, 3.04, 10.64), (-1.26839e-06, 3.2566, 10.64), (-1.71, 3.04, 8.36), (-1.71, 3.2566, 8.36), (0.499783, 5.40054, 4.07027), (0.7068, 5.5299, 4.55302), (0.499783, 5.65925, 5.03577), (1.68638e-12, 5.71283, 5.23574), (-0.499783, 5.65925, 5.03577), (-0.7068, 5.5299, 4.55302), (1.12618e-12, 5.34696, 3.8703), (-0.499783, 5.40054, 4.07027), (0.499783, 5.40054, 1.03027), (0.7068, 5.5299, 1.51302), (0.499783, 5.65925, 1.99577), (4.30259e-13, 5.71283, 2.19574), (-0.499783, 5.65925, 1.99577), (-0.7068, 5.5299, 1.51302), (-1.29944e-13, 5.34696, 0.830304), (-0.499783, 5.40054, 1.03027), (0.499783, 5.40054, -2.00973), (0.7068, 5.5299, -1.52698), (0.499783, 5.65925, -1.04423), (-8.11429e-13, 5.71283, -0.844263), (-0.499783, 5.65925, -1.04423), (-0.7068, 5.5299, -1.52698), (-1.37163e-12, 5.34696, -2.2097), (-0.499783, 5.40054, -2.00973), (0.499783, 5.40054, -5.04973), (0.7068, 5.5299, -4.56698), (0.499783, 5.65925, -4.08423), (-2.05312e-12, 5.71283, -3.88426), (-0.499783, 5.65925, -4.08423), (-0.7068, 5.5299, -4.56698), (-2.61332e-12, 5.34696, -5.2497), (-0.499783, 5.40054, -5.04973), (0.152, 7.22976, -1.43169), (0.152, 5.3681, -0.932858), (0.152, 7.2691, -1.28487), (0.152, 5.44678, -0.639217), (-0.152, 5.44678, -0.639217), (-0.152, 5.3681, -0.932858), (-0.152, 7.2691, -1.28487), (-0.152, 7.22976, -1.43169), (0.152, 7.22976, 1.60831), (0.152, 5.3681, 2.10714), (0.152, 7.2691, 1.75513), (0.152, 5.44678, 2.40078), (-0.152, 5.44678, 2.40078), (-0.152, 5.3681, 2.10714), (-0.152, 7.2691, 1.75513), (-0.152, 7.22976, 1.60831), (0.152, 7.22976, -4.47169), (0.152, 5.3681, -3.97286), (0.152, 7.2691, -4.32487), (0.152, 5.44678, -3.67922), (-0.152, 5.44678, -3.67922), (-0.152, 5.3681, -3.97286), (-0.152, 7.2691, -4.32487), (-0.152, 7.22976, -4.47169), (0.152, 7.22976, 4.64831), (0.152, 5.3681, 5.14714), (0.152, 7.2691, 4.79513), (0.152, 5.44678, 5.44078), (-0.152, 5.44678, 5.44078), (-0.152, 5.3681, 5.14714), (-0.152, 7.2691, 4.79513), (-0.152, 7.22976, 4.64831), (-1.824, 0, -6.08), (-1.368, 0, -8.36), (2.71792e-07, 0, -10.64), (1.63073e-07, 1.52, -9.728), (1.368, 0, -8.36), (1.824, 0, -6.08), (0.0818769, 8.4672, 7.23688), (0.0818769, 8.60722, 7.23688), (-0.0818769, 8.4672, 7.23688), (-0.0818769, 8.60722, 7.23688), (0.122815, 8.4672, 7.27782), (0.122815, 8.60722, 7.27782), (0.0818769, 7.9338, 7.23688), (0.122815, 7.9338, 7.27782), (0.0818769, 8.07382, 7.23688), (0.122815, 8.07382, 7.27782), (-0.122815, 7.9338, 7.44157), (-0.122815, 7.9338, 7.27782), (-0.122815, 8.07382, 7.44157), (-0.122815, 8.07382, 7.27782), (0.0818769, 8.60722, 7.48251), (0.0818769, 8.4672, 7.48251), (-0.0818769, 8.60722, 7.48251), (-0.0818769, 8.4672, 7.48251), (0.122815, 8.4672, 7.44157), (0.122815, 8.60722, 7.44157), (-0.0818769, 7.9338, 7.48251), (-0.0818769, 8.07382, 7.48251), (-0.122815, 8.4672, 7.44157), (-0.122815, 8.4672, 7.27782), (0.0818769, 7.9338, 7.48251), (0.122815, 7.9338, 7.44157), (-0.0818769, 7.9338, 7.23688), (-0.0818769, 8.07382, 7.23688), (0.0818769, 8.07382, 7.48251), (0.122815, 8.07382, 7.44157), (-0.122815, 8.60722, 7.44157), (-0.122815, 8.60722, 7.27782), (-0.0683074, 7.9338, 7.05272), (-0.0683074, 7.9338, 7.17412), (-0.0683074, 8.60055, 7.05272), (-0.0683074, 8.60055, 7.17412), (-0.0386085, 7.9338, 6.59308), (-0.0386085, 7.9338, 6.6617), (-0.0386085, 8.60055, 6.59308), (-0.0386085, 8.60055, 6.6617), (2.32831e-08, 7.9338, 6.72031), (0.0475182, 7.9338, 6.79244), (0.0475182, 8.60055, 6.79244), (2.32831e-08, 8.60055, 6.72031), (0.0475182, 7.9338, 6.87689), (0.0475182, 8.60055, 6.87689), (-4.37722e-08, 7.9338, 7.27782), (-4.37722e-08, 8.60055, 7.27782), (4.56348e-08, 7.9338, 6.53447), (4.56348e-08, 8.60055, 6.53447), (1.368, 0, 8.36), (-1.368, 0, 8.36), (2.71801e-07, 1.216, 10.64), (2.71801e-07, 1.52, 10.64), (-1.824, 0, 6.08), (-2.28, 1.52, 6.08), (1.824, 0, 6.08), (2.28, 1.52, 6.08), (1.824, 0, 6.08), (1.824, 0, -6.08), (-1.824, 0, 6.08), (-1.824, 0, -6.08), (-2.28, 1.52, 6.08), (-2.28, 1.52, -6.08), (2.28, 1.52, -6.08), (2.28, 1.52, 6.08), (0.0475182, 8.60055, -7.83931), (0.0475182, 7.9338, -7.83931), (-0.0683074, 8.60055, -7.66348), (-0.0683074, 7.9338, -7.66348), (-0.0386085, 8.60055, -8.05451), (-0.0386085, 7.9338, -8.05451), (0, 8.60055, -7.99589), (0, 7.9338, -7.99589), (0.0475182, 8.60055, -7.92376), (0.0475182, 7.9338, -7.92376), (-0.0386085, 8.60055, -8.12312), (-0.0386085, 7.9338, -8.12312), (-0.0683074, 8.60055, -7.54208), (-0.0683074, 7.9338, -7.54208), (0, 8.60055, -7.43839), (0, 7.9338, -7.43839), (0, 8.60055, -8.18173), (0, 7.9338, -8.18173), (0.122815, 8.07382, -7.27463), (0.122815, 7.9338, -7.27463), (0.0818769, 8.07382, -7.23369), (0.0818769, 7.9338, -7.23369), (-0.0818769, 8.4672, -7.47932), (0.0818769, 8.4672, -7.47932), (-0.0818769, 8.60722, -7.47932), (0.0818769, 8.60722, -7.47932), (0.122815, 8.07382, -7.43839), (0.0818769, 8.07382, -7.47932), (-0.0818769, 8.07382, -7.47932), (-0.0818769, 8.07382, -7.23369), (-0.122815, 8.07382, -7.43839), (-0.122815, 8.07382, -7.27463), (0.122815, 8.4672, -7.27463), (0.122815, 8.4672, -7.43839), (0.0818769, 8.4672, -7.23369), (-0.0818769, 8.4672, -7.23369), (-0.122815, 8.4672, -7.27463), (-0.122815, 8.4672, -7.43839), (0.122815, 7.9338, -7.43839), (0.0818769, 7.9338, -7.47932), (-0.0818769, 7.9338, -7.23369), (-0.0818769, 7.9338, -7.47932), (-0.122815, 7.9338, -7.27463), (-0.122815, 7.9338, -7.43839), (0.122815, 8.60722, -7.43839), (0.122815, 8.60722, -7.27463), (-0.122815, 8.60722, -7.43839), (-0.122815, 8.60722, -7.27463), (0.0818769, 8.60722, -7.23369), (-0.0818769, 8.60722, -7.23369), (1.46058, 3.8266, -7.50851), (-1.46058, 3.8266, -7.50851), (-1.46058, 3.8266, 7.50851), (1.46058, 3.8266, 7.50851), (0.076, 8.9338, 7.43251), (-9.05708e-09, 8.9338, 7.43251), (0.076, 8.9338, 7.28051), (-0.076, 8.9338, 7.28051), (-0.076, 8.9338, 7.43251), (0.152, 3.8266, 7.20451), (-0.152, 3.8266, 7.20451), (0.152, 3.8266, 7.50851), (-0.152, 3.8266, 7.50851), (-0.912, 4.0166, 6.992), (-0.912, 3.8266, 6.992), (-1.824, 4.0166, 6.992), (-1.824, 3.8266, 6.992), (-0.912, 3.8266, 6.384), (-0.912, 4.0166, 6.384), (-1.824, 3.8266, 6.384), (-1.824, 4.0166, 6.384), (1.824, 3.8266, 6.384), (1.824, 4.0166, 6.384), (0.912, 3.8266, 6.384), (0.912, 4.0166, 6.384), (0.912, 3.8266, 6.992), (0.912, 4.0166, 6.992), (1.824, 4.0166, 6.992), (1.824, 3.8266, 6.992), (0.076, 8.9338, -7.28051), (-0.076, 8.9338, -7.28051), (0.076, 8.9338, -7.43251), (-4.76028e-12, 8.9338, -7.43251), (-0.076, 8.9338, -7.43251), (-0.152, 3.8266, -7.50851), (0.152, 3.8266, -7.50851), (0.152, 3.8266, -7.20451), (-0.152, 3.8266, -7.20451), (1.62309, 5.66576, -1.52), (1.5804, 5.66576, -1.31255), (1.5804, 5.66576, -1.72745), (1.45234, 5.66576, -1.10509), (1.45234, 5.66576, -1.93491), (1.32428, 5.66576, -1.31255), (1.32428, 5.66576, -1.72745), (1.2816, 5.66576, -1.52), (1.62309, 5.66576, 4.054), (1.5804, 5.66576, 4.26145), (1.5804, 5.66576, 3.84654), (1.45234, 5.66576, 4.46891), (1.45234, 5.66576, 3.63909), (1.32428, 5.66576, 4.26145), (1.32428, 5.66576, 3.84654), (1.2816, 5.66576, 4.054), (1.62309, 5.66576, 1.52), (1.5804, 5.66576, 1.72745), (1.5804, 5.66576, 1.31255), (1.45234, 5.66576, 1.93491), (1.45234, 5.66576, 1.10509), (1.32428, 5.66576, 1.72745), (1.32428, 5.66576, 1.31255), (1.2816, 5.66576, 1.52), (1.62309, 5.66576, -4.256), (1.5804, 5.66576, -4.04854), (1.5804, 5.66576, -4.46345), (1.45234, 5.66576, -3.84109), (1.45234, 5.66576, -4.67091), (1.32428, 5.66576, -4.04854), (1.32428, 5.66576, -4.46345), (1.2816, 5.66576, -4.256), (-1.2816, 5.66576, -1.52), (-1.32428, 5.66576, -1.31255), (-1.32428, 5.66576, -1.72745), (-1.45234, 5.66576, -1.10509), (-1.45234, 5.66576, -1.93491), (-1.5804, 5.66576, -1.31255), (-1.5804, 5.66576, -1.72745), (-1.62309, 5.66576, -1.52), (-1.2816, 5.66576, 4.054), (-1.32428, 5.66576, 4.26145), (-1.32428, 5.66576, 3.84654), (-1.45234, 5.66576, 4.46891), (-1.45234, 5.66576, 3.63909), (-1.5804, 5.66576, 4.26145), (-1.5804, 5.66576, 3.84654), (-1.62309, 5.66576, 4.054), (-1.2816, 5.66576, 1.52), (-1.32428, 5.66576, 1.72745), (-1.32428, 5.66576, 1.31255), (-1.45234, 5.66576, 1.93491), (-1.45234, 5.66576, 1.10509), (-1.5804, 5.66576, 1.72745), (-1.5804, 5.66576, 1.31255), (-1.62309, 5.66576, 1.52), (-1.2816, 5.66576, -4.256), (-1.32428, 5.66576, -4.04854), (-1.32428, 5.66576, -4.46345), (-1.45234, 5.66576, -3.84109), (-1.45234, 5.66576, -4.67091), (-1.5804, 5.66576, -4.04854), (-1.5804, 5.66576, -4.46345), (-1.62309, 5.66576, -4.256), (-0.087, 3.9786, 9.22051), (-0.087, 3.9786, 9.04651), (-0.0435, 4.54765, 9.17701), (-0.0435, 4.54765, 9.09001), (0.087, 3.9786, 9.22051), (0.0435, 4.54765, 9.17701), (0.087, 3.9786, 9.04651), (0.0435, 4.54765, 9.09001), (0.0435, 5.06212, 8.29001), (-0.0435, 5.06212, 8.29001), (0.0435, 5.06212, 8.20301), (-0.0435, 5.06212, 8.20301), (0.087, 4.2826, 8.33351), (-0.087, 4.2826, 8.33351), (0.087, 4.2826, 8.15951), (-0.087, 4.2826, 8.15951), (-0.087, 3.8266, -6.74049), (-0.0435, 4.60612, -6.69699), (-0.087, 3.8266, -6.56649), (-0.0435, 4.60612, -6.60999), (0.0435, 4.60612, -6.60999), (0.0435, 4.60612, -6.69699), (0.087, 3.8266, -6.74049), (0.087, 3.8266, -6.56649), (-1.08431e-12, 7.70425, -1.53374), (5.93411e-13, 2.90105, 2.05563), (-1.08431e-12, 7.90425, -1.53374), (5.93411e-13, 3.10105, 2.05563), (-0.00130614, 8.8338, -7.2803), (-0.00130614, 8.9338, -7.2803), (-0.00130614, 8.34879, -3.6685), (-0.00130614, 8.44879, -3.6685), (-0.00130614, 8.18628, 0.00020663), (-0.00130614, 8.28628, 0.00020663), (-0.00130614, 8.34879, 3.66891), (-0.00130614, 8.44879, 3.66891), (-0.00130614, 8.8338, 7.28071), (-0.00130614, 8.9338, 7.28071), (-2.33322e-12, 7.70425, -4.57374), (-6.58383e-13, 2.90105, -0.984367), (-2.33322e-12, 7.90425, -4.57374), (-6.58383e-13, 3.10105, -0.984367), (0.2736, 7.16288, 4.39872), (1.38896e-12, 7.19222, 4.50818), (-0.2736, 7.16288, 4.39872), (0.386929, 7.09207, 4.13444), (1.08287e-12, 6.99193, 3.76069), (0.2736, 7.02126, 3.87016), (-0.2736, 7.02126, 3.87016), (-0.386929, 7.09207, 4.13444), (0.2736, 7.16288, 1.35871), (1.32832e-13, 7.19222, 1.46818), (-0.2736, 7.16288, 1.35871), (0.386929, 7.09207, 1.09444), (-1.73259e-13, 6.99193, 0.720693), (0.2736, 7.02126, 0.83016), (-0.2736, 7.02126, 0.83016), (-0.386929, 7.09207, 1.09444), (0.2736, 7.16288, -1.68128), (-1.10886e-12, 7.19222, -1.57182), (-0.2736, 7.16288, -1.68128), (0.386929, 7.09207, -1.94556), (-1.41495e-12, 6.99193, -2.31931), (0.2736, 7.02126, -2.20984), (-0.2736, 7.02126, -2.20984), (-0.386929, 7.09207, -1.94556), (0.2736, 7.16288, -4.72128), (-2.35054e-12, 7.19222, -4.61182), (-0.2736, 7.16288, -4.72128), (0.386929, 7.09207, -4.98556), (-2.65663e-12, 6.99193, -5.35931), (0.2736, 7.02126, -5.24984), (-0.2736, 7.02126, -5.24984), (-0.386929, 7.09207, -4.98556)]
        normal3f[] normals = [(1.19209e-07, 0, -1), (1.19209e-07, 0, -1), (1.19209e-07, 0, -1), (1.19209e-07, 0, -1), (1.19209e-07, 0, -1), (1.19209e-07, 0, -1), (-1, 0, -1.19209e-07), (-0.926497, 0, 0.376301), (-1, 0, -1.19209e-07), (-0.926497, 0, 0.376301), (-1, 0, -1.19209e-07), (-0.926497, 0, 0.376301), (-0.38865, 0, 0.921385), (-0.926497, 0, 0.376301), (-0.926497, 0, 0.376301), (-0.926497, 0, 0.376301), (-0.38865, 0, 0.921385), (-0.38865, 0, 0.921385), (0.38865, 0, 0.921385), (-0.38865, 0, 0.921385), (-0.38865, 0, 0.921385), (-0.38865, 0, 0.921385), (0.38865, 0, 0.921385), (0.38865, 0, 0.921385), (0.926497, 0, 0.376302), (0.38865, 0, 0.921385), (0.38865, 0, 0.921385), (0.38865, 0, 0.921385), (0.926497, 0, 0.376302), (0.926497, 0, 0.376302), (0.926497, 0, 0.376302), (1, 0, 1.19209e-07), (0.926497, 0, 0.376302), (1, 0, 1.19209e-07), (0.926497, 0, 0.376302), (1, 0, 1.19209e-07), (0, 1, 0), (0, 1, 0), (0, 1, 0), (0, 1, 0), (0, 1, 0), (0, 1, 0), (0, 1, 0), (0, 1, 0), (0, 1, 0), (0, 1, 0), (0, 1, 0), (0, 1, 0), (0, 1, 0), (0, 1, 0), (0, 1, 0), (0, 1, 0), (0, 1, 0), (0, 1, 0), (0, 1, 0), (0, 1, 0), (0, 1, 0), (0, 1, 0), (0, 1, 0), (0, 1, 0), (0, 1, 0), (0, 1, 0), (0, 1, 0), (0, 1, 0), (0, 1, 0), (0, 1, 0), (0, 1, 0), (0, 1, 0), (0, 1, 0), (0, 1, 0), (0, 1, 0), (0, 1, 0), (1.19209e-07, 0, -1), (1.19209e-07, 0, -1), (1.19209e-07, 0, -1), (1.19209e-07, 0, -1), (1.19209e-07, 0, -1), (1.19209e-07, 0, -1), (-1.19209e-07, 0, 1), (-1.19209e-07, 0, 1), (-1.19209e-07, 0, 1), (-1.19209e-07, 0, 1), (-1.19209e-07, 0, 1), (-1.19209e-07, 0, 1), (-0.382683, 0, -0.92388), (-0.598267, 0, -0.801297), (-0.382683, 0, -0.92388), (-0.382683, 0, -0.92388), (-0.598267, 0, -0.801297), (-0.382683, 0, -0.92388), (-0.598267, 0, -0.801297), (-0.382683, 0, -0.92388), (-0.598267, 0, -0.801297), (-0.598267, 0, -0.801297), (-1, 0, -1.19209e-07), (-0.598267, 0, -0.801297), (-1, 0, -1.19209e-07), (-0.598267, 0, -0.801297), (-1, 0, -1.19209e-07), (-1, 0, -1.19209e-07), (-0.598267, 0, 0.801297), (-1, 0, -1.19209e-07), (-0.598267, 0, 0.801297), (-1, 0, -1.19209e-07), (-0.598267, 0, 0.801297), (-0.598267, 0, 0.801297), (-0.382684, 0, 0.923879), (-0.598267, 0, 0.801297), (-0.598267, 0, 0.801297), (-0.382684, 0, 0.923879), (-0.382684, 0, 0.923879), (-0.382684, 0, 0.923879), (-0.598267, 0, 0.801297), (-0.382684, 0, 0.923879), (0.382683, 0, 0.92388), (0.598267, 0, 0.801297), (0.382683, 0, 0.92388), (0.382683, 0, 0.92388), (0.598267, 0, 0.801297), (0.382683, 0, 0.92388), (0.598267, 0, 0.801297), (0.382683, 0, 0.92388), (0.598267, 0, 0.801297), (0.598267, 0, 0.801297), (1, 0, 1.19209e-07), (0.598267, 0, 0.801297), (1, 0, 1.19209e-07), (0.598267, 0, 0.801297), (1, 0, 1.19209e-07), (1, 0, 1.19209e-07), (0.598267, 0, -0.801297), (1, 0, 1.19209e-07), (0.598267, 0, -0.801297), (1, 0, 1.19209e-07), (0.598267, 0, -0.801297), (0.598267, 0, -0.801297), (0.382684, 0, -0.923879), (0.598267, 0, -0.801297), (0.598267, 0, -0.801297), (0.382684, 0, -0.923879), (0.382684, 0, -0.923879), (0.382684, 0, -0.923879), (0.598267, 0, -0.801297), (0.382684, 0, -0.923879), (0, -1, 0), (0, -1, 0), (0, -1, 0), (0, -1, 0), (0, -1, 0), (0, -1, 0), (1, 0, 1.19209e-07), (1, 0, 1.19209e-07), (1, 0, 1.19209e-07), (1, 0, 1.19209e-07), (1, 0, 1.19209e-07), (1, 0, 1.19209e-07), (-1, 0, -1.19209e-07), (-1, 0, -1.19209e-07), (-1, 0, -1.19209e-07), (-1, 0, -1.19209e-07), (-1, 0, -1.19209e-07), (-1, 0, -1.19209e-07), (0, 1, 0), (0, 1, 0), (0, 1, 0), (0, 1, 0), (0, 1, 0), (0, 1, 0), (0, 1, 0), (0, 1, 0), (0, 1, 0), (0, 1, 0), (0, 1, 0), (0, 1, 0), (0, 1, 0), (0, 1, 0), (0, 1, 0), (0, 1, 0), (0, 1, 0), (0, 1, 0), (0, 1, 0), (0, 1, 0), (0, 1, 0), (0, 1, 0), (0, 1, 0), (0, 1, 0), (1.19209e-07, 0, -1), (1.19209e-07, 0, -1), (1.19209e-07, 0, -1), (1.19209e-07, 0, -1), (1.19209e-07, 0, -1), (1.19209e-07, 0, -1), (-1.19209e-07, 0, 1), (-1.19209e-07, 0, 1), (-1.19209e-07, 0, 1), (-1.19209e-07, 0, 1), (-1.19209e-07, 0, 1), (-1.19209e-07, 0, 1), (-0.382683, 0, -0.92388), (-0.598267, 0, -0.801297), (-0.382683, 0, -0.92388), (-0.382683, 0, -0.92388), (-0.598267, 0, -0.801297), (-0.382683, 0, -0.92388), (-0.598267, 0, -0.801297), (-0.382683, 0, -0.92388), (-0.598267, 0, -0.801297), (-0.598267, 0, -0.801297), (-1, 0, -1.19209e-07), (-0.598267, 0, -0.801297), (-1, 0, -1.19209e-07), (-0.598267, 0, -0.801297), (-1, 0, -1.19209e-07), (-1, 0, -1.19209e-07), (-0.598267, 0, 0.801297), (-1, 0, -1.19209e-07), (-0.598267, 0, 0.801297), (-1, 0, -1.19209e-07), (-0.598267, 0, 0.801297), (-0.598267, 0, 0.801297), (-0.382684, 0, 0.923879), (-0.598267, 0, 0.801297), (-0.598267, 0, 0.801297), (-0.382684, 0, 0.923879), (-0.382684, 0, 0.923879), (-0.382684, 0, 0.923879), (-0.598267, 0, 0.801297), (-0.382684, 0, 0.923879), (0.382683, 0, 0.92388), (0.598267, 0, 0.801297), (0.382683, 0, 0.92388), (0.382683, 0, 0.92388), (0.598267, 0, 0.801297), (0.382683, 0, 0.92388), (0.598267, 0, 0.801297), (0.382683, 0, 0.92388), (0.598267, 0, 0.801297), (0.598267, 0, 0.801297), (1, 0, 1.19209e-07), (0.598267, 0, 0.801297), (1, 0, 1.19209e-07), (0.598267, 0, 0.801297), (1, 0, 1.19209e-07), (1, 0, 1.19209e-07), (0.598267, 0, -0.801297), (1, 0, 1.19209e-07), (0.598267, 0, -0.801297), (1, 0, 1.19209e-07), (0.598267, 0, -0.801297), (0.598267, 0, -0.801297), (0.382684, 0, -0.923879), (0.598267, 0, -0.801297), (0.598267, 0, -0.801297), (0.382684, 0, -0.923879), (0.382684, 0, -0.923879), (0.382684, 0, -0.923879), (0.598267, 0, -0.801297), (0.382684, 0, -0.923879), (0, -1, 0), (0, -1, 0), (0, -1, 0), (0, -1, 0), (0, -1, 0), (0, -1, 0), (1, 0, 1.19209e-07), (1, 0, 1.19209e-07), (1, 0, 1.19209e-07), (1, 0, 1.19209e-07), (1, 0, 1.19209e-07), (1, 0, 1.19209e-07), (-1, 0, -1.19209e-07), (-1, 0, -1.19209e-07), (-1, 0, -1.19209e-07), (-1, 0, -1.19209e-07), (-1, 0, -1.19209e-07), (-1, 0, -1.19209e-07), (0, 0.19509, 0.980785), (0, 0, 1), (0, 0, 1), (0, 0, 1), (0, 0.19509, 0.980785), (0, 0.19509, 0.980785), (0, 0.707107, 0.707107), (0, 0.19509, 0.980785), (0, 0.19509, 0.980785), (0, 0.19509, 0.980785), (0, 0.707107, 0.707107), (0, 0.707107, 0.707107), (0, 0.980785, 0.19509), (0, 0.707107, 0.707107), (0, 0.707107, 0.707107), (0, 0.707107, 0.707107), (0, 0.980785, 0.19509), (0, 0.980785, 0.19509), (0, 1, 0), (0, 0.980785, 0.19509), (0, 0.980785, 0.19509), (0, 0.980785, 0.19509), (0, 1, 0), (0, 1, 0), (0, -1, 0), (0, -1, 0), (0, -1, 0), (0, -1, 0), (0, -1, 0), (0, -1, 0), (-1, 0, 0), (-1, 0, 0), (-1, 0, 0), (-1, 0, 0), (-1, 0, 0), (-1, 0, 0), (-1, 0, 0), (-1, 0, 0), (-1, 0, 0), (-1, 0, 0), (-1, 0, 0), (-1, 0, 0), (-1, 0, 0), (-1, 0, 0), (-1, 0, 0), (-1, 0, 0), (-1, 0, 0), (-1, 0, 0), (1, 0, 0), (1, 0, 0), (1, 0, 0), (1, 0, 0), (1, 0, 0), (1, 0, 0), (1, 0, 0), (1, 0, 0), (1, 0, 0), (1, 0, 0), (1, 0, 0), (1, 0, 0), (1, 0, 0), (1, 0, 0), (1, 0, 0), (1, 0, 0), (1, 0, 0), (1, 0, 0), (0, 0, -1), (0, 0, -1), (0, 0, -1), (0, 0, -1), (0, 0, -1), (0, 0, -1), (-0.8, 0, -0.6), (-0.898779, 0, -0.438403), (-0.8, 0, -0.6), (-0.898779, 0, -0.438403), (-0.8, 0, -0.6), (-0.898779, 0, -0.438403), (-0.898779, 0, -0.438403), (-0.970143, 0, -0.242536), (-0.898779, 0, -0.438403), (-0.898779, 0, -0.438403), (-0.970143, 0, -0.242536), (-0.970143, 0, -0.242536), (-0.898779, 0, -0.438403), (-0.970143, 0, -0.242536), (-0.970143, 0, -0.242536), (-0.898779, 0, -0.438403), (-0.970143, 0, -0.242536), (-0.970143, 0, -0.242536), (-0.970143, 0, -0.242536), (-0.898779, 0, -0.438403), (-0.970143, 0, -0.242536), (0.8, 0, 0.6), (0.8, 0, 0.6), (0.8, 0, 0.6), (0.8, 0, 0.6), (0.8, 0, 0.6), (0.8, 0, 0.6), (0.8, 0, -0.6), (0.898779, 0, -0.438402), (0.8, 0, -0.6), (0.898779, 0, -0.438402), (0.8, 0, -0.6), (0.898779, 0, -0.438402), (0.898779, 0, -0.438402), (0.970143, 0, -0.242535), (0.898779, 0, -0.438402), (0.970143, 0, -0.242535), (0.898779, 0, -0.438402), (0.970143, 0, -0.242535), (0.970143, 0, -0.242535), (0.970143, 0, -0.242535), (0.970143, 0, -0.242535), (0.970143, 0, -0.242535), (0.898779, 0, -0.438402), (0.970143, 0, -0.242535), (0.970143, 0, -0.242535), (0.898779, 0, -0.438402), (0.970143, 0, -0.242535), (-0.8, 0, 0.6), (-0.8, 0, 0.6), (-0.8, 0, 0.6), (-0.8, 0, 0.6), (-0.8, 0, 0.6), (-0.8, 0, 0.6), (0.970143, 0, 0.242536), (0.970143, 0, 0.242536), (0.970143, 0, 0.242536), (0.970143, 0, 0.242536), (0.970143, 0, 0.242536), (0.970143, 0, 0.242536), (0.970143, 0, 0.242536), (0.970143, 0, 0.242536), (0.970143, 0, 0.242536), (-0.970143, 0, 0.242535), (-0.970143, 0, 0.242535), (-0.970143, 0, 0.242535), (-0.970143, 0, 0.242535), (-0.970143, 0, 0.242535), (-0.970143, 0, 0.242535), (-0.970143, 0, 0.242535), (-0.970143, 0, 0.242535), (-0.970143, 0, 0.242535), (0, 0, -1), (0, 0, -1), (0, 0, -1), (0, 0, -1), (0, 0, -1), (0, 0, -1), (0, 0, 1), (0, 0, 1), (0, 0, 1), (0, 0, 1), (0, 0, 1), (0, 0, 1), (0, 0.19509, 0.980785), (0, 0, 1), (0, 0, 1), (0, 0, 1), (0, 0.19509, 0.980785), (0, 0.19509, 0.980785), (0, 0.707107, 0.707107), (0, 0.19509, 0.980785), (0, 0.19509, 0.980785), (0, 0.19509, 0.980785), (0, 0.707107, 0.707107), (0, 0.707107, 0.707107), (0, 0.707107, 0.707107), (0, 0.980785, 0.19509), (0, 0.707107, 0.707107), (0, 0.980785, 0.19509), (0, 0.707107, 0.707107), (0, 0.980785, 0.19509), (0, 0.980785, -0.19509), (0, 0.980785, 0.19509), (0, 0.980785, 0.19509), (0, 0.980785, 0.19509), (0, 0.980785, -0.19509), (0, 0.980785, -0.19509), (0, 0.980785, -0.19509), (0, 0.707107, -0.707107), (0, 0.980785, -0.19509), (0, 0.707107, -0.707107), (0, 0.980785, -0.19509), (0, 0.707107, -0.707107), (0, 0.19509, -0.980785), (0, 0.707107, -0.707107), (0, 0.707107, -0.707107), (0, 0.707107, -0.707107), (0, 0.19509, -0.980785), (0, 0.19509, -0.980785), (0, 0, -1), (0, 0.19509, -0.980785), (0, 0.19509, -0.980785), (0, 0.19509, -0.980785), (0, 0, -1), (0, 0, -1), (0, -1, 0), (0, -1, 0), (0, -1, 0), (0, -1, 0), (0, -1, 0), (0, -1, 0), (1, 0, 0), (1, 0, 0), (1, 0, 0), (1, 0, 0), (1, 0, 0), (1, 0, 0), (1, 0, 0), (1, 0, 0), (1, 0, 0), (1, 0, 0), (1, 0, 0), (1, 0, 0), (1, 0, 0), (1, 0, 0), (1, 0, 0), (1, 0, 0), (1, 0, 0), (1, 0, 0), (1, 0, 0), (1, 0, 0), (1, 0, 0), (1, 0, 0), (1, 0, 0), (1, 0, 0), (1, 0, 0), (1, 0, 0), (1, 0, 0), (1, 0, 0), (1, 0, 0), (1, 0, 0), (-1, 0, 0), (-1, 0, 0), (-1, 0, 0), (-1, 0, 0), (-1, 0, 0), (-1, 0, 0), (-1, 0, 0), (-1, 0, 0), (-1, 0, 0), (-1, 0, 0), (-1, 0, 0), (-1, 0, 0), (-1, 0, 0), (-1, 0, 0), (-1, 0, 0), (-1, 0, 0), (-1, 0, 0), (-1, 0, 0), (-1, 0, 0), (-1, 0, 0), (-1, 0, 0), (-1, 0, 0), (-1, 0, 0), (-1, 0, 0), (-1, 0, 0), (-1, 0, 0), (-1, 0, 0), (-1, 0, 0), (-1, 0, 0), (-1, 0, 0), (0, 0, -1), (0, 0, -1), (0, 0, -1), (0, 0, -1), (0, 0, -1), (0, 0, -1), (0, 0, 1), (0, 0, 1), (0, 0, 1), (0, 0, 1), (0, 0, 1), (0, 0, 1), (0, 0.19509, 0.980785), (0, 0, 1), (0, 0, 1), (0, 0, 1), (0, 0.19509, 0.980785), (0, 0.19509, 0.980785), (0, 0.707107, 0.707107), (0, 0.19509, 0.980785), (0, 0.19509, 0.980785), (0, 0.19509, 0.980785), (0, 0.707107, 0.707107), (0, 0.707107, 0.707107), (0, 0.707107, 0.707107), (0, 0.980785, 0.19509), (0, 0.707107, 0.707107), (0, 0.980785, 0.19509), (0, 0.707107, 0.707107), (0, 0.980785, 0.19509), (0, 0.980785, -0.19509), (0, 0.980785, 0.19509), (0, 0.980785, 0.19509), (0, 0.980785, 0.19509), (0, 0.980785, -0.19509), (0, 0.980785, -0.19509), (0, 0.980785, -0.19509), (0, 0.707107, -0.707107), (0, 0.980785, -0.19509), (0, 0.707107, -0.707107), (0, 0.980785, -0.19509), (0, 0.707107, -0.707107), (0, 0.19509, -0.980785), (0, 0.707107, -0.707107), (0, 0.707107, -0.707107), (0, 0.707107, -0.707107), (0, 0.19509, -0.980785), (0, 0.19509, -0.980785), (0, 0, -1), (0, 0.19509, -0.980785), (0, 0.19509, -0.980785), (0, 0.19509, -0.980785), (0, 0, -1), (0, 0, -1), (0, -1, 0), (0, -1, 0), (0, -1, 0), (0, -1, 0), (0, -1, 0), (0, -1, 0), (1, 0, 0), (1, 0, 0), (1, 0, 0), (1, 0, 0), (1, 0, 0), (1, 0, 0), (1, 0, 0), (1, 0, 0), (1, 0, 0), (1, 0, 0), (1, 0, 0), (1, 0, 0), (1, 0, 0), (1, 0, 0), (1, 0, 0), (1, 0, 0), (1, 0, 0), (1, 0, 0), (1, 0, 0), (1, 0, 0), (1, 0, 0), (1, 0, 0), (1, 0, 0), (1, 0, 0), (1, 0, 0), (1, 0, 0), (1, 0, 0), (1, 0, 0), (1, 0, 0), (1, 0, 0), (-1, 0, 0), (-1, 0, 0), (-1, 0, 0), (-1, 0, 0), (-1, 0, 0), (-1, 0, 0), (-1, 0, 0), (-1, 0, 0), (-1, 0, 0), (-1, 0, 0), (-1, 0, 0), (-1, 0, 0), (-1, 0, 0), (-1, 0, 0), (-1, 0, 0), (-1, 0, 0), (-1, 0, 0), (-1, 0, 0), (-1, 0, 0), (-1, 0, 0), (-1, 0, 0), (-1, 0, 0), (-1, 0, 0), (-1, 0, 0), (-1, 0, 0), (-1, 0, 0), (-1, 0, 0), (-1, 0, 0), (-1, 0, 0), (-1, 0, 0), (0, 0, -1), (0, 0, -1), (0, 0, -1), (0, 0, -1), (0, 0, -1), (0, 0, -1), (0, 0, 1), (0, 0, 1), (0, 0, 1), (0, 0, 1), (0, 0, 1), (0, 0, 1), (0, 0.19509, 0.980785), (0, 0, 1), (0, 0, 1), (0, 0, 1), (0, 0.19509, 0.980785), (0, 0.19509, 0.980785), (0, 0.707107, 0.707107), (0, 0.19509, 0.980785), (0, 0.19509, 0.980785), (0, 0.19509, 0.980785), (0, 0.707107, 0.707107), (0, 0.707107, 0.707107), (0, 0.707107, 0.707107), (0, 0.980785, 0.19509), (0, 0.707107, 0.707107), (0, 0.980785, 0.19509), (0, 0.707107, 0.707107), (0, 0.980785, 0.19509), (0, 0.980785, -0.19509), (0, 0.980785, 0.19509), (0, 0.980785, 0.19509), (0, 0.980785, 0.19509), (0, 0.980785, -0.19509), (0, 0.980785, -0.19509), (0, 0.980785, -0.19509), (0, 0.707107, -0.707107), (0, 0.980785, -0.19509), (0, 0.707107, -0.707107), (0, 0.980785, -0.19509), (0, 0.707107, -0.707107), (0, 0.19509, -0.980785), (0, 0.707107, -0.707107), (0, 0.707107, -0.707107), (0, 0.707107, -0.707107), (0, 0.19509, -0.980785), (0, 0.19509, -0.980785), (0, 0, -1), (0, 0.19509, -0.980785), (0, 0.19509, -0.980785), (0, 0.19509, -0.980785), (0, 0, -1), (0, 0, -1), (0, -1, 0), (0, -1, 0), (0, -1, 0), (0, -1, 0), (0, -1, 0), (0, -1, 0), (1, 0, 0), (1, 0, 0), (1, 0, 0), (1, 0, 0), (1, 0, 0), (1, 0, 0), (1, 0, 0), (1, 0, 0), (1, 0, 0), (1, 0, 0), (1, 0, 0), (1, 0, 0), (1, 0, 0), (1, 0, 0), (1, 0, 0), (1, 0, 0), (1, 0, 0), (1, 0, 0), (1, 0, 0), (1, 0, 0), (1, 0, 0), (1, 0, 0), (1, 0, 0), (1, 0, 0), (1, 0, 0), (1, 0, 0), (1, 0, 0), (1, 0, 0), (1, 0, 0), (1, 0, 0), (-1, 0, 0), (-1, 0, 0), (-1, 0, 0), (-1, 0, 0), (-1, 0, 0), (-1, 0, 0), (-1, 0, 0), (-1, 0, 0), (-1, 0, 0), (-1, 0, 0), (-1, 0, 0), (-1, 0, 0), (-1, 0, 0), (-1, 0, 0), (-1, 0, 0), (-1, 0, 0), (-1, 0, 0), (-1, 0, 0), (-1, 0, 0), (-1, 0, 0), (-1, 0, 0), (-1, 0, 0), (-1, 0, 0), (-1, 0, 0), (-1, 0, 0), (-1, 0, 0), (-1, 0, 0), (-1, 0, 0), (-1, 0, 0), (-1, 0, 0), (0, 0, -1), (0, 0, -1), (0, 0, -1), (0, 0, -1), (0, 0, -1), (0, 0, -1), (0, 0, 1), (0, 0, 1), (0, 0, 1), (0, 0, 1), (0, 0, 1), (0, 0, 1), (0, 0.19509, 0.980785), (0, 0, 1), (0, 0, 1), (0, 0, 1), (0, 0.19509, 0.980785), (0, 0.19509, 0.980785), (0, 0.707107, 0.707107), (0, 0.19509, 0.980785), (0, 0.19509, 0.980785), (0, 0.19509, 0.980785), (0, 0.707107, 0.707107), (0, 0.707107, 0.707107), (0, 0.707107, 0.707107), (0, 0.980785, 0.19509), (0, 0.707107, 0.707107), (0, 0.980785, 0.19509), (0, 0.707107, 0.707107), (0, 0.980785, 0.19509), (0, 0.980785, -0.19509), (0, 0.980785, 0.19509), (0, 0.980785, 0.19509), (0, 0.980785, 0.19509), (0, 0.980785, -0.19509), (0, 0.980785, -0.19509), (0, 0.980785, -0.19509), (0, 0.707107, -0.707107), (0, 0.980785, -0.19509), (0, 0.707107, -0.707107), (0, 0.980785, -0.19509), (0, 0.707107, -0.707107), (0, 0.19509, -0.980785), (0, 0.707107, -0.707107), (0, 0.707107, -0.707107), (0, 0.707107, -0.707107), (0, 0.19509, -0.980785), (0, 0.19509, -0.980785), (0, 0, -1), (0, 0.19509, -0.980785), (0, 0.19509, -0.980785), (0, 0.19509, -0.980785), (0, 0, -1), (0, 0, -1), (0, -1, 0), (0, -1, 0), (0, -1, 0), (0, -1, 0), (0, -1, 0), (0, -1, 0), (1, 0, 0), (1, 0, 0), (1, 0, 0), (1, 0, 0), (1, 0, 0), (1, 0, 0), (1, 0, 0), (1, 0, 0), (1, 0, 0), (1, 0, 0), (1, 0, 0), (1, 0, 0), (1, 0, 0), (1, 0, 0), (1, 0, 0), (1, 0, 0), (1, 0, 0), (1, 0, 0), (1, 0, 0), (1, 0, 0), (1, 0, 0), (1, 0, 0), (1, 0, 0), (1, 0, 0), (1, 0, 0), (1, 0, 0), (1, 0, 0), (1, 0, 0), (1, 0, 0), (1, 0, 0), (-1, 0, 0), (-1, 0, 0), (-1, 0, 0), (-1, 0, 0), (-1, 0, 0), (-1, 0, 0), (-1, 0, 0), (-1, 0, 0), (-1, 0, 0), (-1, 0, 0), (-1, 0, 0), (-1, 0, 0), (-1, 0, 0), (-1, 0, 0), (-1, 0, 0), (-1, 0, 0), (-1, 0, 0), (-1, 0, 0), (-1, 0, 0), (-1, 0, 0), (-1, 0, 0), (-1, 0, 0), (-1, 0, 0), (-1, 0, 0), (-1, 0, 0), (-1, 0, 0), (-1, 0, 0), (-1, 0, 0), (-1, 0, 0), (-1, 0, 0), (1, 0, 1.19209e-07), (1, 0, 1.19209e-07), (1, 0, 1.19209e-07), (1, 0, 1.19209e-07), (1, 0, 1.19209e-07), (1, 0, 1.19209e-07), (-1, 0, -1.19209e-07), (-1, 0, -1.19209e-07), (-1, 0, -1.19209e-07), (-1, 0, -1.19209e-07), (-1, 0, -1.19209e-07), (-1, 0, -1.19209e-07), (-0.980785, 0.19509, -1.16919e-07), (-1, 0, -1.19209e-07), (-1, 0, -1.19209e-07), (-1, 0, -1.19209e-07), (-0.980785, 0.19509, -1.16919e-07), (-0.980785, 0.19509, -1.16919e-07), (-0.707107, 0.707107, -8.42937e-08), (-0.980785, 0.19509, -1.16919e-07), (-0.980785, 0.19509, -1.16919e-07), (-0.980785, 0.19509, -1.16919e-07), (-0.707107, 0.707107, -8.42937e-08), (-0.707107, 0.707107, -8.42937e-08), (-0.707107, 0.707107, -8.42937e-08), (-0.19509, 0.980785, -2.32566e-08), (-0.707107, 0.707107, -8.42937e-08), (-0.19509, 0.980785, -2.32566e-08), (-0.707107, 0.707107, -8.42937e-08), (-0.19509, 0.980785, -2.32566e-08), (0.19509, 0.980785, 2.32566e-08), (-0.19509, 0.980785, -2.32566e-08), (-0.19509, 0.980785, -2.32566e-08), (-0.19509, 0.980785, -2.32566e-08), (0.19509, 0.980785, 2.32566e-08), (0.19509, 0.980785, 2.32566e-08), (0.19509, 0.980785, 2.32566e-08), (0.707107, 0.707107, 8.42937e-08), (0.19509, 0.980785, 2.32566e-08), (0.707107, 0.707107, 8.42937e-08), (0.19509, 0.980785, 2.32566e-08), (0.707107, 0.707107, 8.42937e-08), (0.980785, 0.19509, 1.16919e-07), (0.707107, 0.707107, 8.42937e-08), (0.707107, 0.707107, 8.42937e-08), (0.707107, 0.707107, 8.42937e-08), (0.980785, 0.19509, 1.16919e-07), (0.980785, 0.19509, 1.16919e-07), (1, 0, 1.19209e-07), (0.980785, 0.19509, 1.16919e-07), (0.980785, 0.19509, 1.16919e-07), (0.980785, 0.19509, 1.16919e-07), (1, 0, 1.19209e-07), (1, 0, 1.19209e-07), (0, -1, 0), (0, -1, 0), (0, -1, 0), (0, -1, 0), (0, -1, 0), (0, -1, 0), (-1.19209e-07, 0, 1), (-1.19209e-07, 0, 1), (-1.19209e-07, 0, 1), (-1.19209e-07, 0, 1), (-1.19209e-07, 0, 1), (-1.19209e-07, 0, 1), (-1.19209e-07, 0, 1), (-1.19209e-07, 0, 1), (-1.19209e-07, 0, 1), (-1.19209e-07, 0, 1), (-1.19209e-07, 0, 1), (-1.19209e-07, 0, 1), (-1.19209e-07, 0, 1), (-1.19209e-07, 0, 1), (-1.19209e-07, 0, 1), (-1.19209e-07, 0, 1), (-1.19209e-07, 0, 1), (-1.19209e-07, 0, 1), (-1.19209e-07, 0, 1), (-1.19209e-07, 0, 1), (-1.19209e-07, 0, 1), (-1.19209e-07, 0, 1), (-1.19209e-07, 0, 1), (-1.19209e-07, 0, 1), (-1.19209e-07, 0, 1), (-1.19209e-07, 0, 1), (-1.19209e-07, 0, 1), (-1.19209e-07, 0, 1), (-1.19209e-07, 0, 1), (-1.19209e-07, 0, 1), (1.19209e-07, 0, -1), (1.19209e-07, 0, -1), (1.19209e-07, 0, -1), (1.19209e-07, 0, -1), (1.19209e-07, 0, -1), (1.19209e-07, 0, -1), (1.19209e-07, 0, -1), (1.19209e-07, 0, -1), (1.19209e-07, 0, -1), (1.19209e-07, 0, -1), (1.19209e-07, 0, -1), (1.19209e-07, 0, -1), (1.19209e-07, 0, -1), (1.19209e-07, 0, -1), (1.19209e-07, 0, -1), (1.19209e-07, 0, -1), (1.19209e-07, 0, -1), (1.19209e-07, 0, -1), (1.19209e-07, 0, -1), (1.19209e-07, 0, -1), (1.19209e-07, 0, -1), (1.19209e-07, 0, -1), (1.19209e-07, 0, -1), (1.19209e-07, 0, -1), (1.19209e-07, 0, -1), (1.19209e-07, 0, -1), (1.19209e-07, 0, -1), (1.19209e-07, 0, -1), (1.19209e-07, 0, -1), (1.19209e-07, 0, -1), (0, 0, -1), (0, 0, -1), (0, 0, -1), (0, 0, -1), (0, 0, -1), (0, 0, -1), (0, 0, 1), (0, 0, 1), (0, 0, 1), (0, 0, 1), (0, 0, 1), (0, 0, 1), (0, 0.19509, 0.980785), (0, 0, 1), (0, 0, 1), (0, 0, 1), (0, 0.19509, 0.980785), (0, 0.19509, 0.980785), (0, 0.707107, 0.707107), (0, 0.19509, 0.980785), (0, 0.19509, 0.980785), (0, 0.19509, 0.980785), (0, 0.707107, 0.707107), (0, 0.707107, 0.707107), (0, 0.707107, 0.707107), (0, 0.980785, 0.19509), (0, 0.707107, 0.707107), (0, 0.980785, 0.19509), (0, 0.707107, 0.707107), (0, 0.980785, 0.19509), (0, 0.980785, -0.19509), (0, 0.980785, 0.19509), (0, 0.980785, 0.19509), (0, 0.980785, 0.19509), (0, 0.980785, -0.19509), (0, 0.980785, -0.19509), (0, 0.980785, -0.19509), (0, 0.707107, -0.707107), (0, 0.980785, -0.19509), (0, 0.707107, -0.707107), (0, 0.980785, -0.19509), (0, 0.707107, -0.707107), (0, 0.19509, -0.980785), (0, 0.707107, -0.707107), (0, 0.707107, -0.707107), (0, 0.707107, -0.707107), (0, 0.19509, -0.980785), (0, 0.19509, -0.980785), (0, 0, -1), (0, 0.19509, -0.980785), (0, 0.19509, -0.980785), (0, 0.19509, -0.980785), (0, 0, -1), (0, 0, -1), (0, -1, 0), (0, -1, 0), (0, -1, 0), (0, -1, 0), (0, -1, 0), (0, -1, 0), (-1, 0, 0), (-1, 0, 0), (-1, 0, 0), (-1, 0, 0), (-1, 0, 0), (-1, 0, 0), (-1, 0, 0), (-1, 0, 0), (-1, 0, 0), (-1, 0, 0), (-1, 0, 0), (-1, 0, 0), (-1, 0, 0), (-1, 0, 0), (-1, 0, 0), (-1, 0, 0), (-1, 0, 0), (-1, 0, 0), (-1, 0, 0), (-1, 0, 0), (-1, 0, 0), (-1, 0, 0), (-1, 0, 0), (-1, 0, 0), (-1, 0, 0), (-1, 0, 0), (-1, 0, 0), (-1, 0, 0), (-1, 0, 0), (-1, 0, 0), (1, 0, 0), (1, 0, 0), (1, 0, 0), (1, 0, 0), (1, 0, 0), (1, 0, 0), (1, 0, 0), (1, 0, 0), (1, 0, 0), (1, 0, 0), (1, 0, 0), (1, 0, 0), (1, 0, 0), (1, 0, 0), (1, 0, 0), (1, 0, 0), (1, 0, 0), (1, 0, 0), (1, 0, 0), (1, 0, 0), (1, 0, 0), (1, 0, 0), (1, 0, 0), (1, 0, 0), (1, 0, 0), (1, 0, 0), (1, 0, 0), (1, 0, 0), (1, 0, 0), (1, 0, 0), (1, 0, 1.19209e-07), (1, 0, 1.19209e-07), (1, 0, 1.19209e-07), (1, 0, 1.19209e-07), (1, 0, 1.19209e-07), (1, 0, 1.19209e-07), (-1, 0, -1.19209e-07), (-1, 0, -1.19209e-07), (-1, 0, -1.19209e-07), (-1, 0, -1.19209e-07), (-1, 0, -1.19209e-07), (-1, 0, -1.19209e-07), (-0.980785, 0.19509, -1.16919e-07), (-1, 0, -1.19209e-07), (-1, 0, -1.19209e-07), (-1, 0, -1.19209e-07), (-0.980785, 0.19509, -1.16919e-07), (-0.980785, 0.19509, -1.16919e-07), (-0.707107, 0.707107, -8.42937e-08), (-0.980785, 0.19509, -1.16919e-07), (-0.980785, 0.19509, -1.16919e-07), (-0.980785, 0.19509, -1.16919e-07), (-0.707107, 0.707107, -8.42937e-08), (-0.707107, 0.707107, -8.42937e-08), (-0.707107, 0.707107, -8.42937e-08), (-0.19509, 0.980785, -2.32566e-08), (-0.707107, 0.707107, -8.42937e-08), (-0.19509, 0.980785, -2.32566e-08), (-0.707107, 0.707107, -8.42937e-08), (-0.19509, 0.980785, -2.32566e-08), (0.19509, 0.980785, 2.32566e-08), (-0.19509, 0.980785, -2.32566e-08), (-0.19509, 0.980785, -2.32566e-08), (-0.19509, 0.980785, -2.32566e-08), (0.19509, 0.980785, 2.32566e-08), (0.19509, 0.980785, 2.32566e-08), (0.19509, 0.980785, 2.32566e-08), (0.707107, 0.707107, 8.42937e-08), (0.19509, 0.980785, 2.32566e-08), (0.707107, 0.707107, 8.42937e-08), (0.19509, 0.980785, 2.32566e-08), (0.707107, 0.707107, 8.42937e-08), (0.980785, 0.19509, 1.16919e-07), (0.707107, 0.707107, 8.42937e-08), (0.707107, 0.707107, 8.42937e-08), (0.707107, 0.707107, 8.42937e-08), (0.980785, 0.19509, 1.16919e-07), (0.980785, 0.19509, 1.16919e-07), (1, 0, 1.19209e-07), (0.980785, 0.19509, 1.16919e-07), (0.980785, 0.19509, 1.16919e-07), (0.980785, 0.19509, 1.16919e-07), (1, 0, 1.19209e-07), (1, 0, 1.19209e-07), (0, -1, 0), (0, -1, 0), (0, -1, 0), (0, -1, 0), (0, -1, 0), (0, -1, 0), (-1.19209e-07, 0, 1), (-1.19209e-07, 0, 1), (-1.19209e-07, 0, 1), (-1.19209e-07, 0, 1), (-1.19209e-07, 0, 1), (-1.19209e-07, 0, 1), (-1.19209e-07, 0, 1), (-1.19209e-07, 0, 1), (-1.19209e-07, 0, 1), (-1.19209e-07, 0, 1), (-1.19209e-07, 0, 1), (-1.19209e-07, 0, 1), (-1.19209e-07, 0, 1), (-1.19209e-07, 0, 1), (-1.19209e-07, 0, 1), (-1.19209e-07, 0, 1), (-1.19209e-07, 0, 1), (-1.19209e-07, 0, 1), (-1.19209e-07, 0, 1), (-1.19209e-07, 0, 1), (-1.19209e-07, 0, 1), (-1.19209e-07, 0, 1), (-1.19209e-07, 0, 1), (-1.19209e-07, 0, 1), (-1.19209e-07, 0, 1), (-1.19209e-07, 0, 1), (-1.19209e-07, 0, 1), (-1.19209e-07, 0, 1), (-1.19209e-07, 0, 1), (-1.19209e-07, 0, 1), (1.19209e-07, 0, -1), (1.19209e-07, 0, -1), (1.19209e-07, 0, -1), (1.19209e-07, 0, -1), (1.19209e-07, 0, -1), (1.19209e-07, 0, -1), (1.19209e-07, 0, -1), (1.19209e-07, 0, -1), (1.19209e-07, 0, -1), (1.19209e-07, 0, -1), (1.19209e-07, 0, -1), (1.19209e-07, 0, -1), (1.19209e-07, 0, -1), (1.19209e-07, 0, -1), (1.19209e-07, 0, -1), (1.19209e-07, 0, -1), (1.19209e-07, 0, -1), (1.19209e-07, 0, -1), (1.19209e-07, 0, -1), (1.19209e-07, 0, -1), (1.19209e-07, 0, -1), (1.19209e-07, 0, -1), (1.19209e-07, 0, -1), (1.19209e-07, 0, -1), (1.19209e-07, 0, -1), (1.19209e-07, 0, -1), (1.19209e-07, 0, -1), (1.19209e-07, 0, -1), (1.19209e-07, 0, -1), (1.19209e-07, 0, -1), (0.8, 0, 0.6), (0.8, 0, 0.6), (0.8, 0, 0.6), (0.8, 0, 0.6), (0.8, 0, 0.6), (0.8, 0, 0.6), (0.8, 0, 0.6), (0.8, 0, 0.6), (0.8, 0, 0.6), (0.8, 0, 0.6), (0.8, 0, 0.6), (0.8, 0, 0.6), (0.8, 0, 0.6), (0.8, 0, 0.6), (0.8, 0, 0.6), (0.8, 0, 0.6), (0.8, 0, 0.6), (0.8, 0, 0.6), (0.8, 0, 0.6), (0.8, 0, 0.6), (0.8, 0, 0.6), (0.8, 0, 0.6), (0.8, 0, 0.6), (0.8, 0, 0.6), (0.8, 0, 0.6), (0.8, 0, 0.6), (0.8, 0, 0.6), (0.8, 0, 0.6), (0.8, 0, 0.6), (0.8, 0, 0.6), (-0.8, 0, -0.6), (-0.8, 0, -0.6), (-0.8, 0, -0.6), (-0.8, 0, -0.6), (-0.8, 0, -0.6), (-0.8, 0, -0.6), (-0.8, 0, -0.6), (-0.8, 0, -0.6), (-0.8, 0, -0.6), (-0.8, 0, -0.6), (-0.8, 0, -0.6), (-0.8, 0, -0.6), (-0.8, 0, -0.6), (-0.8, 0, -0.6), (-0.8, 0, -0.6), (-0.8, 0, -0.6), (-0.8, 0, -0.6), (-0.8, 0, -0.6), (-0.8, 0, -0.6), (-0.8, 0, -0.6), (-0.8, 0, -0.6), (-0.8, 0, -0.6), (-0.8, 0, -0.6), (-0.8, 0, -0.6), (-0.8, 0, -0.6), (-0.8, 0, -0.6), (-0.8, 0, -0.6), (-0.8, 0, -0.6), (-0.8, 0, -0.6), (-0.8, 0, -0.6), (0.6, 0, -0.8), (0.6, 0, -0.8), (0.6, 0, -0.8), (0.6, 0, -0.8), (0.6, 0, -0.8), (0.6, 0, -0.8), (-0.588471, 0.19509, 0.784628), (-0.6, 0, 0.8), (-0.6, 0, 0.8), (-0.6, 0, 0.8), (-0.588471, 0.19509, 0.784628), (-0.588471, 0.19509, 0.784628), (-0.424264, 0.707107, 0.565685), (-0.588471, 0.19509, 0.784628), (-0.588471, 0.19509, 0.784628), (-0.588471, 0.19509, 0.784628), (-0.424264, 0.707107, 0.565685), (-0.424264, 0.707107, 0.565685), (-0.424264, 0.707107, 0.565685), (-0.117054, 0.980785, 0.156072), (-0.424264, 0.707107, 0.565685), (-0.117054, 0.980785, 0.156072), (-0.424264, 0.707107, 0.565685), (-0.117054, 0.980785, 0.156072), (-0.117054, 0.980785, 0.156072), (0.117054, 0.980785, -0.156072), (-0.117054, 0.980785, 0.156072), (0.117054, 0.980785, -0.156072), (-0.117054, 0.980785, 0.156072), (0.117054, 0.980785, -0.156072), (0.117054, 0.980785, -0.156072), (0.424264, 0.707107, -0.565685), (0.117054, 0.980785, -0.156072), (0.424264, 0.707107, -0.565685), (0.117054, 0.980785, -0.156072), (0.424264, 0.707107, -0.565685), (0.588471, 0.19509, -0.784628), (0.424264, 0.707107, -0.565685), (0.424264, 0.707107, -0.565685), (0.424264, 0.707107, -0.565685), (0.588471, 0.19509, -0.784628), (0.588471, 0.19509, -0.784628), (0.6, 0, -0.8), (0.588471, 0.19509, -0.784628), (0.588471, 0.19509, -0.784628), (0.588471, 0.19509, -0.784628), (0.6, 0, -0.8), (0.6, 0, -0.8), (0, -1, 0), (0, -1, 0), (0, -1, 0), (0, -1, 0), (0, -1, 0), (0, -1, 0), (-0.6, 0, 0.8), (-0.6, 0, 0.8), (-0.6, 0, 0.8), (-0.6, 0, 0.8), (-0.6, 0, 0.8), (-0.6, 0, 0.8), (0, -1, 0), (0, -1, 0), (0, -1, 0), (0, -1, 0), (0, -1, 0), (0, -1, 0), (0.588471, 0.19509, 0.784628), (0.6, 0, 0.8), (0.6, 0, 0.8), (0.6, 0, 0.8), (0.588471, 0.19509, 0.784628), (0.588471, 0.19509, 0.784628), (0.424264, 0.707107, 0.565685), (0.588471, 0.19509, 0.784628), (0.588471, 0.19509, 0.784628), (0.588471, 0.19509, 0.784628), (0.424264, 0.707107, 0.565685), (0.424264, 0.707107, 0.565685), (0.117054, 0.980785, 0.156072), (0.424264, 0.707107, 0.565685), (0.424264, 0.707107, 0.565685), (0.424264, 0.707107, 0.565685), (0.117054, 0.980785, 0.156072), (0.117054, 0.980785, 0.156072), (-0.117054, 0.980785, -0.156072), (0.117054, 0.980785, 0.156072), (0.117054, 0.980785, 0.156072), (0.117054, 0.980785, 0.156072), (-0.117054, 0.980785, -0.156072), (-0.117054, 0.980785, -0.156072), (-0.424264, 0.707107, -0.565685), (-0.117054, 0.980785, -0.156072), (-0.117054, 0.980785, -0.156072), (-0.117054, 0.980785, -0.156072), (-0.424264, 0.707107, -0.565685), (-0.424264, 0.707107, -0.565685), (-0.588471, 0.19509, -0.784628), (-0.424264, 0.707107, -0.565685), (-0.424264, 0.707107, -0.565685), (-0.424264, 0.707107, -0.565685), (-0.588471, 0.19509, -0.784628), (-0.588471, 0.19509, -0.784628), (-0.6, 0, -0.8), (-0.588471, 0.19509, -0.784628), (-0.588471, 0.19509, -0.784628), (-0.588471, 0.19509, -0.784628), (-0.6, 0, -0.8), (-0.6, 0, -0.8), (-0.8, 0, 0.6), (-0.8, 0, 0.6), (-0.8, 0, 0.6), (-0.8, 0, 0.6), (-0.8, 0, 0.6), (-0.8, 0, 0.6), (-0.8, 0, 0.6), (-0.8, 0, 0.6), (-0.8, 0, 0.6), (-0.8, 0, 0.6), (-0.8, 0, 0.6), (-0.8, 0, 0.6), (-0.8, 0, 0.6), (-0.8, 0, 0.6), (-0.8, 0, 0.6), (-0.8, 0, 0.6), (-0.8, 0, 0.6), (-0.8, 0, 0.6), (-0.8, 0, 0.6), (-0.8, 0, 0.6), (-0.8, 0, 0.6), (-0.8, 0, 0.6), (-0.8, 0, 0.6), (-0.8, 0, 0.6), (-0.8, 0, 0.6), (-0.8, 0, 0.6), (-0.8, 0, 0.6), (-0.8, 0, 0.6), (-0.8, 0, 0.6), (-0.8, 0, 0.6), (0.8, 0, -0.6), (0.8, 0, -0.6), (0.8, 0, -0.6), (0.8, 0, -0.6), (0.8, 0, -0.6), (0.8, 0, -0.6), (0.8, 0, -0.6), (0.8, 0, -0.6), (0.8, 0, -0.6), (0.8, 0, -0.6), (0.8, 0, -0.6), (0.8, 0, -0.6), (0.8, 0, -0.6), (0.8, 0, -0.6), (0.8, 0, -0.6), (0.8, 0, -0.6), (0.8, 0, -0.6), (0.8, 0, -0.6), (0.8, 0, -0.6), (0.8, 0, -0.6), (0.8, 0, -0.6), (0.8, 0, -0.6), (0.8, 0, -0.6), (0.8, 0, -0.6), (0.8, 0, -0.6), (0.8, 0, -0.6), (0.8, 0, -0.6), (0.8, 0, -0.6), (0.8, 0, -0.6), (0.8, 0, -0.6), (-0.6, 0, -0.8), (-0.6, 0, -0.8), (-0.6, 0, -0.8), (-0.6, 0, -0.8), (-0.6, 0, -0.8), (-0.6, 0, -0.8), (0.6, 0, 0.8), (0.6, 0, 0.8), (0.6, 0, 0.8), (0.6, 0, 0.8), (0.6, 0, 0.8), (0.6, 0, 0.8), (0, 0, -1), (0, 0, -1), (0, 0, -1), (0, 0, -1), (0, 0, -1), (0, 0, -1), (0, 0, 1), (0, 0, 1), (0, 0, 1), (0, 0, 1), (0, 0, 1), (0, 0, 1), (0, 0.19509, 0.980785), (0, 0, 1), (0, 0, 1), (0, 0, 1), (0, 0.19509, 0.980785), (0, 0.19509, 0.980785), (0, 0.707107, 0.707107), (0, 0.19509, 0.980785), (0, 0.19509, 0.980785), (0, 0.19509, 0.980785), (0, 0.707107, 0.707107), (0, 0.707107, 0.707107), (0, 0.707107, 0.707107), (0, 0.980785, 0.19509), (0, 0.707107, 0.707107), (0, 0.980785, 0.19509), (0, 0.707107, 0.707107), (0, 0.980785, 0.19509), (0, 0.980785, -0.19509), (0, 0.980785, 0.19509), (0, 0.980785, 0.19509), (0, 0.980785, 0.19509), (0, 0.980785, -0.19509), (0, 0.980785, -0.19509), (0, 0.980785, -0.19509), (0, 0.707107, -0.707107), (0, 0.980785, -0.19509), (0, 0.707107, -0.707107), (0, 0.980785, -0.19509), (0, 0.707107, -0.707107), (0, 0.19509, -0.980785), (0, 0.707107, -0.707107), (0, 0.707107, -0.707107), (0, 0.707107, -0.707107), (0, 0.19509, -0.980785), (0, 0.19509, -0.980785), (0, 0, -1), (0, 0.19509, -0.980785), (0, 0.19509, -0.980785), (0, 0.19509, -0.980785), (0, 0, -1), (0, 0, -1), (0, -1, 0), (0, -1, 0), (0, -1, 0), (0, -1, 0), (0, -1, 0), (0, -1, 0), (-1, 0, 0), (-1, 0, 0), (-1, 0, 0), (-1, 0, 0), (-1, 0, 0), (-1, 0, 0), (-1, 0, 0), (-1, 0, 0), (-1, 0, 0), (-1, 0, 0), (-1, 0, 0), (-1, 0, 0), (-1, 0, 0), (-1, 0, 0), (-1, 0, 0), (-1, 0, 0), (-1, 0, 0), (-1, 0, 0), (-1, 0, 0), (-1, 0, 0), (-1, 0, 0), (-1, 0, 0), (-1, 0, 0), (-1, 0, 0), (-1, 0, 0), (-1, 0, 0), (-1, 0, 0), (-1, 0, 0), (-1, 0, 0), (-1, 0, 0), (1, 0, 0), (1, 0, 0), (1, 0, 0), (1, 0, 0), (1, 0, 0), (1, 0, 0), (1, 0, 0), (1, 0, 0), (1, 0, 0), (1, 0, 0), (1, 0, 0), (1, 0, 0), (1, 0, 0), (1, 0, 0), (1, 0, 0), (1, 0, 0), (1, 0, 0), (1, 0, 0), (1, 0, 0), (1, 0, 0), (1, 0, 0), (1, 0, 0), (1, 0, 0), (1, 0, 0), (1, 0, 0), (1, 0, 0), (1, 0, 0), (1, 0, 0), (1, 0, 0), (1, 0, 0), (0, 0, -1), (0, 0, -1), (0, 0, -1), (0, 0, -1), (0, 0, -1), (0, 0, -1), (0, 0, 1), (0, 0, 1), (0, 0, 1), (0, 0, 1), (0, 0, 1), (0, 0, 1), (0, 0.19509, 0.980785), (0, 0, 1), (0, 0, 1), (0, 0, 1), (0, 0.19509, 0.980785), (0, 0.19509, 0.980785), (0, 0.707107, 0.707107), (0, 0.19509, 0.980785), (0, 0.19509, 0.980785), (0, 0.19509, 0.980785), (0, 0.707107, 0.707107), (0, 0.707107, 0.707107), (0, 0.707107, 0.707107), (0, 0.980785, 0.19509), (0, 0.707107, 0.707107), (0, 0.980785, 0.19509), (0, 0.707107, 0.707107), (0, 0.980785, 0.19509), (0, 0.980785, -0.19509), (0, 0.980785, 0.19509), (0, 0.980785, 0.19509), (0, 0.980785, 0.19509), (0, 0.980785, -0.19509), (0, 0.980785, -0.19509), (0, 0.980785, -0.19509), (0, 0.707107, -0.707107), (0, 0.980785, -0.19509), (0, 0.707107, -0.707107), (0, 0.980785, -0.19509), (0, 0.707107, -0.707107), (0, 0.19509, -0.980785), (0, 0.707107, -0.707107), (0, 0.707107, -0.707107), (0, 0.707107, -0.707107), (0, 0.19509, -0.980785), (0, 0.19509, -0.980785), (0, 0, -1), (0, 0.19509, -0.980785), (0, 0.19509, -0.980785), (0, 0.19509, -0.980785), (0, 0, -1), (0, 0, -1), (0, -1, 0), (0, -1, 0), (0, -1, 0), (0, -1, 0), (0, -1, 0), (0, -1, 0), (1, 0, 0), (1, 0, 0), (1, 0, 0), (1, 0, 0), (1, 0, 0), (1, 0, 0), (1, 0, 0), (1, 0, 0), (1, 0, 0), (1, 0, 0), (1, 0, 0), (1, 0, 0), (1, 0, 0), (1, 0, 0), (1, 0, 0), (1, 0, 0), (1, 0, 0), (1, 0, 0), (1, 0, 0), (1, 0, 0), (1, 0, 0), (1, 0, 0), (1, 0, 0), (1, 0, 0), (1, 0, 0), (1, 0, 0), (1, 0, 0), (1, 0, 0), (1, 0, 0), (1, 0, 0), (-1, 0, 0), (-1, 0, 0), (-1, 0, 0), (-1, 0, 0), (-1, 0, 0), (-1, 0, 0), (-1, 0, 0), (-1, 0, 0), (-1, 0, 0), (-1, 0, 0), (-1, 0, 0), (-1, 0, 0), (-1, 0, 0), (-1, 0, 0), (-1, 0, 0), (-1, 0, 0), (-1, 0, 0), (-1, 0, 0), (-1, 0, 0), (-1, 0, 0), (-1, 0, 0), (-1, 0, 0), (-1, 0, 0), (-1, 0, 0), (-1, 0, 0), (-1, 0, 0), (-1, 0, 0), (-1, 0, 0), (-1, 0, 0), (-1, 0, 0), (0, 0, -1), (0, 0, -1), (0, 0, -1), (0, 0, -1), (0, 0, -1), (0, 0, -1), (0, 0, 1), (0, 0, 1), (0, 0, 1), (0, 0, 1), (0, 0, 1), (0, 0, 1), (0, 0.19509, 0.980785), (0, 0, 1), (0, 0, 1), (0, 0, 1), (0, 0.19509, 0.980785), (0, 0.19509, 0.980785), (0, 0.707107, 0.707107), (0, 0.19509, 0.980785), (0, 0.19509, 0.980785), (0, 0.19509, 0.980785), (0, 0.707107, 0.707107), (0, 0.707107, 0.707107), (0, 0.707107, 0.707107), (0, 0.980785, 0.19509), (0, 0.707107, 0.707107), (0, 0.980785, 0.19509), (0, 0.707107, 0.707107), (0, 0.980785, 0.19509), (0, 0.980785, -0.19509), (0, 0.980785, 0.19509), (0, 0.980785, 0.19509), (0, 0.980785, 0.19509), (0, 0.980785, -0.19509), (0, 0.980785, -0.19509), (0, 0.980785, -0.19509), (0, 0.707107, -0.707107), (0, 0.980785, -0.19509), (0, 0.707107, -0.707107), (0, 0.980785, -0.19509), (0, 0.707107, -0.707107), (0, 0.19509, -0.980785), (0, 0.707107, -0.707107), (0, 0.707107, -0.707107), (0, 0.707107, -0.707107), (0, 0.19509, -0.980785), (0, 0.19509, -0.980785), (0, 0, -1), (0, 0.19509, -0.980785), (0, 0.19509, -0.980785), (0, 0.19509, -0.980785), (0, 0, -1), (0, 0, -1), (0, -1, 0), (0, -1, 0), (0, -1, 0), (0, -1, 0), (0, -1, 0), (0, -1, 0), (1, 0, 0), (1, 0, 0), (1, 0, 0), (1, 0, 0), (1, 0, 0), (1, 0, 0), (1, 0, 0), (1, 0, 0), (1, 0, 0), (1, 0, 0), (1, 0, 0), (1, 0, 0), (1, 0, 0), (1, 0, 0), (1, 0, 0), (1, 0, 0), (1, 0, 0), (1, 0, 0), (1, 0, 0), (1, 0, 0), (1, 0, 0), (1, 0, 0), (1, 0, 0), (1, 0, 0), (1, 0, 0), (1, 0, 0), (1, 0, 0), (1, 0, 0), (1, 0, 0), (1, 0, 0), (-1, 0, 0), (-1, 0, 0), (-1, 0, 0), (-1, 0, 0), (-1, 0, 0), (-1, 0, 0), (-1, 0, 0), (-1, 0, 0), (-1, 0, 0), (-1, 0, 0), (-1, 0, 0), (-1, 0, 0), (-1, 0, 0), (-1, 0, 0), (-1, 0, 0), (-1, 0, 0), (-1, 0, 0), (-1, 0, 0), (-1, 0, 0), (-1, 0, 0), (-1, 0, 0), (-1, 0, 0), (-1, 0, 0), (-1, 0, 0), (-1, 0, 0), (-1, 0, 0), (-1, 0, 0), (-1, 0, 0), (-1, 0, 0), (-1, 0, 0), (0, 0, -1), (0, 0, -1), (0, 0, -1), (0, 0, -1), (0, 0, -1), (0, 0, -1), (0, 0, 1), (0, 0, 1), (0, 0, 1), (0, 0, 1), (0, 0, 1), (0, 0, 1), (0, 0.19509, 0.980785), (0, 0, 1), (0, 0, 1), (0, 0, 1), (0, 0.19509, 0.980785), (0, 0.19509, 0.980785), (0, 0.707107, 0.707107), (0, 0.19509, 0.980785), (0, 0.19509, 0.980785), (0, 0.19509, 0.980785), (0, 0.707107, 0.707107), (0, 0.707107, 0.707107), (0, 0.707107, 0.707107), (0, 0.980785, 0.19509), (0, 0.707107, 0.707107), (0, 0.980785, 0.19509), (0, 0.707107, 0.707107), (0, 0.980785, 0.19509), (0, 0.980785, -0.19509), (0, 0.980785, 0.19509), (0, 0.980785, 0.19509), (0, 0.980785, 0.19509), (0, 0.980785, -0.19509), (0, 0.980785, -0.19509), (0, 0.980785, -0.19509), (0, 0.707107, -0.707107), (0, 0.980785, -0.19509), (0, 0.707107, -0.707107), (0, 0.980785, -0.19509), (0, 0.707107, -0.707107), (0, 0.19509, -0.980785), (0, 0.707107, -0.707107), (0, 0.707107, -0.707107), (0, 0.707107, -0.707107), (0, 0.19509, -0.980785), (0, 0.19509, -0.980785), (0, 0, -1), (0, 0.19509, -0.980785), (0, 0.19509, -0.980785), (0, 0.19509, -0.980785), (0, 0, -1), (0, 0, -1), (0, -1, 0), (0, -1, 0), (0, -1, 0), (0, -1, 0), (0, -1, 0), (0, -1, 0), (1, 0, 0), (1, 0, 0), (1, 0, 0), (1, 0, 0), (1, 0, 0), (1, 0, 0), (1, 0, 0), (1, 0, 0), (1, 0, 0), (1, 0, 0), (1, 0, 0), (1, 0, 0), (1, 0, 0), (1, 0, 0), (1, 0, 0), (1, 0, 0), (1, 0, 0), (1, 0, 0), (1, 0, 0), (1, 0, 0), (1, 0, 0), (1, 0, 0), (1, 0, 0), (1, 0, 0), (1, 0, 0), (1, 0, 0), (1, 0, 0), (1, 0, 0), (1, 0, 0), (1, 0, 0), (-1, 0, 0), (-1, 0, 0), (-1, 0, 0), (-1, 0, 0), (-1, 0, 0), (-1, 0, 0), (-1, 0, 0), (-1, 0, 0), (-1, 0, 0), (-1, 0, 0), (-1, 0, 0), (-1, 0, 0), (-1, 0, 0), (-1, 0, 0), (-1, 0, 0), (-1, 0, 0), (-1, 0, 0), (-1, 0, 0), (-1, 0, 0), (-1, 0, 0), (-1, 0, 0), (-1, 0, 0), (-1, 0, 0), (-1, 0, 0), (-1, 0, 0), (-1, 0, 0), (-1, 0, 0), (-1, 0, 0), (-1, 0, 0), (-1, 0, 0), (0, 0, -1), (0, 0, -1), (0, 0, -1), (0, 0, -1), (0, 0, -1), (0, 0, -1), (0, 0, 1), (0, 0, 1), (0, 0, 1), (0, 0, 1), (0, 0, 1), (0, 0, 1), (0, 0.19509, 0.980785), (0, 0, 1), (0, 0, 1), (0, 0, 1), (0, 0.19509, 0.980785), (0, 0.19509, 0.980785), (0, 0.707107, 0.707107), (0, 0.19509, 0.980785), (0, 0.19509, 0.980785), (0, 0.19509, 0.980785), (0, 0.707107, 0.707107), (0, 0.707107, 0.707107), (0, 0.707107, 0.707107), (0, 0.980785, 0.19509), (0, 0.707107, 0.707107), (0, 0.980785, 0.19509), (0, 0.707107, 0.707107), (0, 0.980785, 0.19509), (0, 0.980785, -0.19509), (0, 0.980785, 0.19509), (0, 0.980785, 0.19509), (0, 0.980785, 0.19509), (0, 0.980785, -0.19509), (0, 0.980785, -0.19509), (0, 0.980785, -0.19509), (0, 0.707107, -0.707107), (0, 0.980785, -0.19509), (0, 0.707107, -0.707107), (0, 0.980785, -0.19509), (0, 0.707107, -0.707107), (0, 0.19509, -0.980785), (0, 0.707107, -0.707107), (0, 0.707107, -0.707107), (0, 0.707107, -0.707107), (0, 0.19509, -0.980785), (0, 0.19509, -0.980785), (0, 0, -1), (0, 0.19509, -0.980785), (0, 0.19509, -0.980785), (0, 0.19509, -0.980785), (0, 0, -1), (0, 0, -1), (0, -1, 0), (0, -1, 0), (0, -1, 0), (0, -1, 0), (0, -1, 0), (0, -1, 0), (1, 0, 0), (1, 0, 0), (1, 0, 0), (1, 0, 0), (1, 0, 0), (1, 0, 0), (1, 0, 0), (1, 0, 0), (1, 0, 0), (1, 0, 0), (1, 0, 0), (1, 0, 0), (1, 0, 0), (1, 0, 0), (1, 0, 0), (1, 0, 0), (1, 0, 0), (1, 0, 0), (1, 0, 0), (1, 0, 0), (1, 0, 0), (1, 0, 0), (1, 0, 0), (1, 0, 0), (1, 0, 0), (1, 0, 0), (1, 0, 0), (1, 0, 0), (1, 0, 0), (1, 0, 0), (-1, 0, 0), (-1, 0, 0), (-1, 0, 0), (-1, 0, 0), (-1, 0, 0), (-1, 0, 0), (-1, 0, 0), (-1, 0, 0), (-1, 0, 0), (-1, 0, 0), (-1, 0, 0), (-1, 0, 0), (-1, 0, 0), (-1, 0, 0), (-1, 0, 0), (-1, 0, 0), (-1, 0, 0), (-1, 0, 0), (-1, 0, 0), (-1, 0, 0), (-1, 0, 0), (-1, 0, 0), (-1, 0, 0), (-1, 0, 0), (-1, 0, 0), (-1, 0, 0), (-1, 0, 0), (-1, 0, 0), (-1, 0, 0), (-1, 0, 0), (-0.970143, 0, 0.242536), (-0.902937, 0, 0.429772), (-0.970143, 0, 0.242536), (-0.970143, 0, 0.242536), (-0.902937, 0, 0.429772), (-0.970143, 0, 0.242536), (-0.970143, 0, 0.242536), (-0.902937, 0, 0.429772), (-0.970143, 0, 0.242536), (-0.970143, 0, 0.242536), (-0.970143, 0, 0.242536), (-0.970143, 0, 0.242536), (-0.902937, 0, 0.429772), (-0.970143, 0, 0.242536), (-0.902937, 0, 0.429772), (-0.902937, 0, 0.429772), (-0.8, 0, 0.6), (-0.902937, 0, 0.429772), (-0.8, 0, 0.6), (-0.902937, 0, 0.429772), (-0.8, 0, 0.6), (0.970143, 0, 0.242535), (0.902938, 0, 0.429771), (0.970143, 0, 0.242535), (0.902938, 0, 0.429771), (0.970143, 0, 0.242535), (0.970143, 0, 0.242535), (0.902938, 0, 0.429771), (0.970143, 0, 0.242535), (0.902938, 0, 0.429771), (0.902938, 0, 0.429771), (0.970143, 0, 0.242535), (0.970143, 0, 0.242535), (0.902938, 0, 0.429771), (0.970143, 0, 0.242535), (0.970143, 0, 0.242535), (0.902938, 0, 0.429771), (0.8, 0, 0.6), (0.902938, 0, 0.429771), (0.8, 0, 0.6), (0.902938, 0, 0.429771), (0.8, 0, 0.6), (-0.970143, 0, -0.242535), (-0.970143, 0, -0.242535), (-0.970143, 0, -0.242535), (-0.970143, 0, -0.242535), (-0.970143, 0, -0.242535), (-0.970143, 0, -0.242535), (-0.970143, 0, -0.242535), (-0.970143, 0, -0.242535), (-0.970143, 0, -0.242535), (0.970143, 0, -0.242536), (0.970143, 0, -0.242536), (0.970143, 0, -0.242536), (0.970143, 0, -0.242536), (0.970143, 0, -0.242536), (0.970143, 0, -0.242536), (0.970143, 0, -0.242536), (0.970143, 0, -0.242536), (0.970143, 0, -0.242536), (0.8, 0, -0.6), (0.8, 0, -0.6), (0.8, 0, -0.6), (0.8, 0, -0.6), (0.8, 0, -0.6), (0.8, 0, -0.6), (-0.8, 0, -0.6), (-0.8, 0, -0.6), (-0.8, 0, -0.6), (-0.8, 0, -0.6), (-0.8, 0, -0.6), (-0.8, 0, -0.6), (-1, 0, -1.19209e-07), (-1, 0, -1.19209e-07), (-1, 0, -1.19209e-07), (-1, 0, -1.19209e-07), (-1, 0, -1.19209e-07), (-1, 0, -1.19209e-07), (1, 0, 1.19209e-07), (1, 0, 1.19209e-07), (1, 0, 1.19209e-07), (1, 0, 1.19209e-07), (1, 0, 1.19209e-07), (1, 0, 1.19209e-07), (0, 1, 0), (0, 1, 0), (0, 1, 0), (0, 1, 0), (0, 1, 0), (0, 1, 0), (0, 1, 0), (0, 1, 0), (0, 1, 0), (0, 1, 0), (0, 1, 0), (0, 1, 0), (0, 1, 0), (0, 1, 0), (0, 1, 0), (0, 1, 0), (0, 1, 0), (0, 1, 0), (-0.936329, 0, -0.351124), (-0.936329, 0, 0.351123), (-0.936329, 0, -0.351124), (-0.406138, 0, -0.913812), (-0.936329, 0, -0.351124), (-0.936329, 0, -0.351124), (-0.936329, 0, 0.351123), (-0.936329, 0, -0.351124), (-0.936329, 0, 0.351123), (-0.936329, 0, -0.351124), (-0.406138, 0, -0.913812), (-0.406138, 0, -0.913812), (-0.406139, 0, 0.913811), (-0.936329, 0, 0.351123), (-0.936329, 0, 0.351123), (0.406139, 0, -0.913811), (-0.406138, 0, -0.913812), (-0.406138, 0, -0.913812), (-0.936329, 0, 0.351123), (-0.406139, 0, 0.913811), (-0.406139, 0, 0.913811), (-0.406138, 0, -0.913812), (0.406139, 0, -0.913811), (0.406139, 0, -0.913811), (0.406138, 0, 0.913812), (-0.406139, 0, 0.913811), (-0.406139, 0, 0.913811), (-0.406139, 0, 0.913811), (0.406138, 0, 0.913812), (0.406138, 0, 0.913812), (0.936329, 0, -0.351123), (0.406139, 0, -0.913811), (0.406139, 0, -0.913811), (0.406139, 0, -0.913811), (0.936329, 0, -0.351123), (0.936329, 0, -0.351123), (0.936329, 0, 0.351124), (0.406138, 0, 0.913812), (0.406138, 0, 0.913812), (0.936329, 0, -0.351123), (0.936329, 0, 0.351124), (0.936329, 0, -0.351123), (0.406138, 0, 0.913812), (0.936329, 0, 0.351124), (0.936329, 0, 0.351124), (0.936329, 0, 0.351124), (0.936329, 0, -0.351123), (0.936329, 0, 0.351124), (0, 1, 0), (0, 1, 0), (0, 1, 0), (0, 1, 0), (0, 1, 0), (0, 1, 0), (0, 1, 0), (0, 1, 0), (0, 1, 0), (0, 1, 0), (0, 1, 0), (0, 1, 0), (0, 1, 0), (0, 1, 0), (0, 1, 0), (0, 1, 0), (0, 1, 0), (0, 1, 0), (0, 1, 0), (0, 1, 0), (0, 1, 0), (0, 1, 0), (0, 1, 0), (0, 1, 0), (1.19209e-07, 0, -1), (1.19209e-07, 0, -1), (1.19209e-07, 0, -1), (1.19209e-07, 0, -1), (1.19209e-07, 0, -1), (1.19209e-07, 0, -1), (-1.19209e-07, 0, 1), (-1.19209e-07, 0, 1), (-1.19209e-07, 0, 1), (-1.19209e-07, 0, 1), (-1.19209e-07, 0, 1), (-1.19209e-07, 0, 1), (-0.382683, 0, -0.92388), (-0.598267, 0, -0.801297), (-0.382683, 0, -0.92388), (-0.598267, 0, -0.801297), (-0.382683, 0, -0.92388), (-0.598267, 0, -0.801297), (-0.598267, 0, -0.801297), (-1, 0, -1.19209e-07), (-0.598267, 0, -0.801297), (-1, 0, -1.19209e-07), (-0.598267, 0, -0.801297), (-1, 0, -1.19209e-07), (-1, 0, -1.19209e-07), (-0.598267, 0, 0.801297), (-1, 0, -1.19209e-07), (-0.598267, 0, 0.801297), (-1, 0, -1.19209e-07), (-0.598267, 0, 0.801297), (-0.598267, 0, 0.801297), (-0.382684, 0, 0.923879), (-0.598267, 0, 0.801297), (-0.382684, 0, 0.923879), (-0.598267, 0, 0.801297), (-0.382684, 0, 0.923879), (0.382683, 0, 0.92388), (0.598267, 0, 0.801297), (0.382683, 0, 0.92388), (0.598267, 0, 0.801297), (0.382683, 0, 0.92388), (0.598267, 0, 0.801297), (0.598267, 0, 0.801297), (1, 0, 1.19209e-07), (0.598267, 0, 0.801297), (1, 0, 1.19209e-07), (0.598267, 0, 0.801297), (1, 0, 1.19209e-07), (1, 0, 1.19209e-07), (0.598267, 0, -0.801297), (1, 0, 1.19209e-07), (0.598267, 0, -0.801297), (1, 0, 1.19209e-07), (0.598267, 0, -0.801297), (0.598267, 0, -0.801297), (0.382684, 0, -0.923879), (0.598267, 0, -0.801297), (0.382684, 0, -0.923879), (0.598267, 0, -0.801297), (0.382684, 0, -0.923879), (1, 0, 0), (1, 0, 0), (1, 0, 0), (1, 0, 0), (1, 0, 0), (1, 0, 0), (1, 0, 0), (1, 0, 0), (1, 0, 0), (1, 0, 0), (1, 0, 0), (1, 0, 0), (1, 0, 0), (1, 0, 0), (1, 0, 0), (1, 0, 0), (1, 0, 0), (1, 0, 0), (1, 0, 0), (1, 0, 0), (1, 0, 0), (1, 0, 0), (1, 0, 0), (1, 0, 0), (-1, 0, 0), (-1, 0, 0), (-1, 0, 0), (-1, 0, 0), (-1, 0, 0), (-1, 0, 0), (-1, 0, 0), (-1, 0, 0), (-1, 0, 0), (-1, 0, 0), (-1, 0, 0), (-1, 0, 0), (-1, 0, 0), (-1, 0, 0), (-1, 0, 0), (-1, 0, 0), (-1, 0, 0), (-1, 0, 0), (-1, 0, 0), (-1, 0, 0), (-1, 0, 0), (-1, 0, 0), (-1, 0, 0), (-1, 0, 0), (1, 0, 0), (1, 0, 0), (1, 0, 0), (1, 0, 0), (1, 0, 0), (1, 0, 0), (1, 0, 0), (1, 0, 0), (1, 0, 0), (1, 0, 0), (1, 0, 0), (1, 0, 0), (-1, 0, 0), (-1, 0, 0), (-1, 0, 0), (-1, 0, 0), (-1, 0, 0), (-1, 0, 0), (-1, 0, 0), (-1, 0, 0), (-1, 0, 0), (-1, 0, 0), (-1, 0, 0), (-1, 0, 0), (-1, 0, 0), (-1, 0, 0), (-1, 0, 0), (-1, 0, 0), (-1, 0, 0), (-1, 0, 0), (-1, 0, 0), (-1, 0, 0), (-1, 0, 0), (-1, 0, 0), (-1, 0, 0), (-1, 0, 0), (1, 0, 0), (1, 0, 0), (1, 0, 0), (1, 0, 0), (1, 0, 0), (1, 0, 0), (1, 0, 0), (1, 0, 0), (1, 0, 0), (1, 0, 0), (1, 0, 0), (1, 0, 0), (1, 0, 0), (1, 0, 0), (1, 0, 0), (1, 0, 0), (1, 0, 0), (1, 0, 0), (1, 0, 0), (1, 0, 0), (1, 0, 0), (1, 0, 0), (1, 0, 0), (1, 0, 0), (-1, 0, 0), (-1, 0, 0), (-1, 0, 0), (-1, 0, 0), (-1, 0, 0), (-1, 0, 0), (-1, 0, 0), (-1, 0, 0), (-1, 0, 0), (-1, 0, 0), (-1, 0, 0), (-1, 0, 0), (-1, 0, 0), (-1, 0, 0), (-1, 0, 0), (-1, 0, 0), (-1, 0, 0), (-1, 0, 0), (-1, 0, 0), (-1, 0, 0), (-1, 0, 0), (-1, 0, 0), (-1, 0, 0), (-1, 0, 0), (1, 0, 0), (1, 0, 0), (1, 0, 0), (1, 0, 0), (1, 0, 0), (1, 0, 0), (1, 0, 0), (1, 0, 0), (1, 0, 0), (1, 0, 0), (1, 0, 0), (1, 0, 0), (-1, 0, 0), (-1, 0, 0), (-1, 0, 0), (-1, 0, 0), (-1, 0, 0), (-1, 0, 0), (-1, 0, 0), (-1, 0, 0), (-1, 0, 0), (-1, 0, 0), (-1, 0, 0), (-1, 0, 0), (1, 0, 0), (1, 0, 0), (1, 0, 0), (1, 0, 0), (1, 0, 0), (1, 0, 0), (1, 0, 0), (1, 0, 0), (1, 0, 0), (1, 0, 0), (1, 0, 0), (1, 0, 0), (1, 0, 0), (1, 0, 0), (1, 0, 0), (1, 0, 0), (1, 0, 0), (1, 0, 0), (1, 0, 0), (1, 0, 0), (1, 0, 0), (1, 0, 0), (1, 0, 0), (1, 0, 0), (-1, 0, 0), (-1, 0, 0), (-1, 0, 0), (-1, 0, 0), (-1, 0, 0), (-1, 0, 0), (-1, 0, 0), (-1, 0, 0), (-1, 0, 0), (-1, 0, 0), (-1, 0, 0), (-1, 0, 0), (0, 1, 0), (0, 1, 0), (0, 1, 0), (0, 1, 0), (0, 1, 0), (0, 1, 0), (0, 1, 0), (0, 1, 0), (0, 1, 0), (0, 1, 0), (0, 1, 0), (0, 1, 0), (0, 1, 0), (0, 1, 0), (0, 1, 0), (0, 1, 0), (0, 1, 0), (0, 1, 0), (-0.885832, 0, 0.464007), (-0.298275, 0, 0.95448), (-0.885832, 0, 0.464007), (-0.923879, 0, -0.382683), (-0.885832, 0, 0.464007), (-0.885832, 0, 0.464007), (-0.298275, 0, 0.95448), (-0.885832, 0, 0.464007), (-0.298275, 0, 0.95448), (-0.885832, 0, 0.464007), (-0.923879, 0, -0.382683), (-0.923879, 0, -0.382683), (-0.298275, 0, 0.95448), (0.298275, 0, 0.95448), (-0.298275, 0, 0.95448), (0.298275, 0, 0.95448), (-0.298275, 0, 0.95448), (0.298275, 0, 0.95448), (-0.382683, 0, -0.923879), (-0.923879, 0, -0.382683), (-0.923879, 0, -0.382683), (-0.923879, 0, -0.382683), (-0.382683, 0, -0.923879), (-0.382683, 0, -0.923879), (-0.382683, 0, -0.923879), (0.382683, 0, -0.923879), (-0.382683, 0, -0.923879), (0.382683, 0, -0.923879), (-0.382683, 0, -0.923879), (0.382683, 0, -0.923879), (0.298275, 0, 0.95448), (0.885832, 0, 0.464007), (0.298275, 0, 0.95448), (0.885832, 0, 0.464007), (0.298275, 0, 0.95448), (0.885832, 0, 0.464007), (0.382683, 0, -0.923879), (0.923879, 0, -0.382683), (0.382683, 0, -0.923879), (0.923879, 0, -0.382683), (0.885832, 0, 0.464007), (0.885832, 0, 0.464007), (0.923879, 0, -0.382683), (0.382683, 0, -0.923879), (0.923879, 0, -0.382683), (0.885832, 0, 0.464007), (0.923879, 0, -0.382683), (0.923879, 0, -0.382683), (0, -0.905845, 0.423609), (0, -0.905845, 0.423609), (0, -0.905845, 0.423609), (0, -0.905845, -0.423609), (0, -0.905845, -0.423609), (0, -0.905845, -0.423609), (0.929412, 0, -0.369044), (0.850936, 0, -0.525269), (0.850936, 0, -0.525269), (0.850936, 0, -0.525269), (0.929412, 0, -0.369044), (0.938083, 0, -0.34641), (1, 0, 0), (0.938083, 0, -0.34641), (0.929412, 0, -0.369044), (0.938083, 0, -0.34641), (1, 0, 0), (1, 0, 0), (0.929412, 0, 0.369044), (1, 0, 0), (1, 0, 0), (1, 0, 0), (0.929412, 0, 0.369044), (0.938083, 0, 0.34641), (0.850936, 0, 0.525269), (0.938083, 0, 0.34641), (0.929412, 0, 0.369044), (0.938083, 0, 0.34641), (0.850936, 0, 0.525269), (0.850936, 0, 0.525269), (-0.929412, 0, 0.369044), (-0.850936, 0, 0.525269), (-0.850936, 0, 0.525269), (-0.850936, 0, 0.525269), (-0.929412, 0, 0.369044), (-0.938083, 0, 0.34641), (-1, 0, 0), (-0.938083, 0, 0.34641), (-0.929412, 0, 0.369044), (-0.938083, 0, 0.34641), (-1, 0, 0), (-1, 0, 0), (-0.929412, 0, -0.369044), (-1, 0, 0), (-1, 0, 0), (-1, 0, 0), (-0.929412, 0, -0.369044), (-0.938083, 0, -0.34641), (-0.850936, 0, -0.525269), (-0.938083, 0, -0.34641), (-0.929412, 0, -0.369044), (-0.938083, 0, -0.34641), (-0.850936, 0, -0.525269), (-0.850936, 0, -0.525269), (0, -0.905845, 0.423609), (0, -0.905845, 0.423609), (0, -0.905845, 0.423609), (0, -0.905845, -0.423609), (0, -0.905845, -0.423609), (0, -0.905845, -0.423609), (0.929412, 0, -0.369044), (0.850936, 0, -0.525269), (0.850936, 0, -0.525269), (0.850936, 0, -0.525269), (0.929412, 0, -0.369044), (0.938083, 0, -0.34641), (1, 0, 0), (0.938083, 0, -0.34641), (0.929412, 0, -0.369044), (0.938083, 0, -0.34641), (1, 0, 0), (1, 0, 0), (0.929412, 0, 0.369044), (1, 0, 0), (1, 0, 0), (1, 0, 0), (0.929412, 0, 0.369044), (0.938083, 0, 0.34641), (0.850936, 0, 0.525269), (0.938083, 0, 0.34641), (0.929412, 0, 0.369044), (0.938083, 0, 0.34641), (0.850936, 0, 0.525269), (0.850936, 0, 0.525269), (-0.929412, 0, 0.369044), (-0.850936, 0, 0.525269), (-0.850936, 0, 0.525269), (-0.850936, 0, 0.525269), (-0.929412, 0, 0.369044), (-0.938083, 0, 0.34641), (-1, 0, 0), (-0.938083, 0, 0.34641), (-0.929412, 0, 0.369044), (-0.938083, 0, 0.34641), (-1, 0, 0), (-1, 0, 0), (-0.929412, 0, -0.369044), (-1, 0, 0), (-1, 0, 0), (-1, 0, 0), (-0.929412, 0, -0.369044), (-0.938083, 0, -0.34641), (-0.850936, 0, -0.525269), (-0.938083, 0, -0.34641), (-0.929412, 0, -0.369044), (-0.938083, 0, -0.34641), (-0.850936, 0, -0.525269), (-0.850936, 0, -0.525269), (0, -0.905845, 0.423609), (0, -0.905845, 0.423609), (0, -0.905845, 0.423609), (0, -0.905845, -0.423609), (0, -0.905845, -0.423609), (0, -0.905845, -0.423609), (0.929412, 0, -0.369044), (0.850936, 0, -0.525269), (0.850936, 0, -0.525269), (0.850936, 0, -0.525269), (0.929412, 0, -0.369044), (0.938083, 0, -0.34641), (1, 0, 0), (0.938083, 0, -0.34641), (0.929412, 0, -0.369044), (0.938083, 0, -0.34641), (1, 0, 0), (1, 0, 0), (0.929412, 0, 0.369044), (1, 0, 0), (1, 0, 0), (1, 0, 0), (0.929412, 0, 0.369044), (0.938083, 0, 0.34641), (0.850936, 0, 0.525269), (0.938083, 0, 0.34641), (0.929412, 0, 0.369044), (0.938083, 0, 0.34641), (0.850936, 0, 0.525269), (0.850936, 0, 0.525269), (-0.929412, 0, 0.369044), (-0.850936, 0, 0.525269), (-0.850936, 0, 0.525269), (-0.850936, 0, 0.525269), (-0.929412, 0, 0.369044), (-0.938083, 0, 0.34641), (-1, 0, 0), (-0.938083, 0, 0.34641), (-0.929412, 0, 0.369044), (-0.938083, 0, 0.34641), (-1, 0, 0), (-1, 0, 0), (-0.929412, 0, -0.369044), (-1, 0, 0), (-1, 0, 0), (-1, 0, 0), (-0.929412, 0, -0.369044), (-0.938083, 0, -0.34641), (-0.850936, 0, -0.525269), (-0.938083, 0, -0.34641), (-0.929412, 0, -0.369044), (-0.938083, 0, -0.34641), (-0.850936, 0, -0.525269), (-0.850936, 0, -0.525269), (0, -0.905845, 0.423609), (0, -0.905845, 0.423609), (0, -0.905845, 0.423609), (0, -0.905845, -0.423609), (0, -0.905845, -0.423609), (0, -0.905845, -0.423609), (0.929412, 0, -0.369044), (0.850936, 0, -0.525269), (0.850936, 0, -0.525269), (0.850936, 0, -0.525269), (0.929412, 0, -0.369044), (0.938083, 0, -0.34641), (1, 0, 0), (0.938083, 0, -0.34641), (0.929412, 0, -0.369044), (0.938083, 0, -0.34641), (1, 0, 0), (1, 0, 0), (0.929412, 0, 0.369044), (1, 0, 0), (1, 0, 0), (1, 0, 0), (0.929412, 0, 0.369044), (0.938083, 0, 0.34641), (0.850936, 0, 0.525269), (0.938083, 0, 0.34641), (0.929412, 0, 0.369044), (0.938083, 0, 0.34641), (0.850936, 0, 0.525269), (0.850936, 0, 0.525269), (-0.929412, 0, 0.369044), (-0.850936, 0, 0.525269), (-0.850936, 0, 0.525269), (-0.850936, 0, 0.525269), (-0.929412, 0, 0.369044), (-0.938083, 0, 0.34641), (-1, 0, 0), (-0.938083, 0, 0.34641), (-0.929412, 0, 0.369044), (-0.938083, 0, 0.34641), (-1, 0, 0), (-1, 0, 0), (-0.929412, 0, -0.369044), (-1, 0, 0), (-1, 0, 0), (-1, 0, 0), (-0.929412, 0, -0.369044), (-0.938083, 0, -0.34641), (-0.850936, 0, -0.525269), (-0.938083, 0, -0.34641), (-0.929412, 0, -0.369044), (-0.938083, 0, -0.34641), (-0.850936, 0, -0.525269), (-0.850936, 0, -0.525269), (0, -0.905845, 0.423609), (0, -0.905845, 0.423609), (0, -0.905845, 0.423609), (0, -0.905845, -0.423609), (0, -0.905845, -0.423609), (0, -0.905845, -0.423609), (0.929412, 0, -0.369044), (0.850936, 0, -0.525269), (0.850936, 0, -0.525269), (0.850936, 0, -0.525269), (0.929412, 0, -0.369044), (0.938083, 0, -0.34641), (1, 0, 0), (0.938083, 0, -0.34641), (0.929412, 0, -0.369044), (0.938083, 0, -0.34641), (1, 0, 0), (1, 0, 0), (0.929412, 0, 0.369044), (1, 0, 0), (1, 0, 0), (1, 0, 0), (0.929412, 0, 0.369044), (0.938083, 0, 0.34641), (0.850936, 0, 0.525269), (0.938083, 0, 0.34641), (0.929412, 0, 0.369044), (0.938083, 0, 0.34641), (0.850936, 0, 0.525269), (0.850936, 0, 0.525269), (-0.929412, 0, 0.369044), (-0.850936, 0, 0.525269), (-0.850936, 0, 0.525269), (-0.850936, 0, 0.525269), (-0.929412, 0, 0.369044), (-0.938083, 0, 0.34641), (-1, 0, 0), (-0.938083, 0, 0.34641), (-0.929412, 0, 0.369044), (-0.938083, 0, 0.34641), (-1, 0, 0), (-1, 0, 0), (-0.929412, 0, -0.369044), (-1, 0, 0), (-1, 0, 0), (-1, 0, 0), (-0.929412, 0, -0.369044), (-0.938083, 0, -0.34641), (-0.850936, 0, -0.525269), (-0.938083, 0, -0.34641), (-0.929412, 0, -0.369044), (-0.938083, 0, -0.34641), (-0.850936, 0, -0.525269), (-0.850936, 0, -0.525269), (0, -0.905845, 0.423609), (0, -0.905845, 0.423609), (0, -0.905845, 0.423609), (0, -0.905845, -0.423609), (0, -0.905845, -0.423609), (0, -0.905845, -0.423609), (0.929412, 0, -0.369044), (0.850936, 0, -0.525269), (0.850936, 0, -0.525269), (0.850936, 0, -0.525269), (0.929412, 0, -0.369044), (0.938083, 0, -0.34641), (1, 0, 0), (0.938083, 0, -0.34641), (0.929412, 0, -0.369044), (0.938083, 0, -0.34641), (1, 0, 0), (1, 0, 0), (0.929412, 0, 0.369044), (1, 0, 0), (1, 0, 0), (1, 0, 0), (0.929412, 0, 0.369044), (0.938083, 0, 0.34641), (0.850936, 0, 0.525269), (0.938083, 0, 0.34641), (0.929412, 0, 0.369044), (0.938083, 0, 0.34641), (0.850936, 0, 0.525269), (0.850936, 0, 0.525269), (-0.929412, 0, 0.369044), (-0.850936, 0, 0.525269), (-0.850936, 0, 0.525269), (-0.850936, 0, 0.525269), (-0.929412, 0, 0.369044), (-0.938083, 0, 0.34641), (-1, 0, 0), (-0.938083, 0, 0.34641), (-0.929412, 0, 0.369044), (-0.938083, 0, 0.34641), (-1, 0, 0), (-1, 0, 0), (-0.929412, 0, -0.369044), (-1, 0, 0), (-1, 0, 0), (-1, 0, 0), (-0.929412, 0, -0.369044), (-0.938083, 0, -0.34641), (-0.850936, 0, -0.525269), (-0.938083, 0, -0.34641), (-0.929412, 0, -0.369044), (-0.938083, 0, -0.34641), (-0.850936, 0, -0.525269), (-0.850936, 0, -0.525269), (0, -0.905845, 0.423609), (0, -0.905845, 0.423609), (0, -0.905845, 0.423609), (0, -0.905845, -0.423609), (0, -0.905845, -0.423609), (0, -0.905845, -0.423609), (0.929412, 0, -0.369044), (0.850936, 0, -0.525269), (0.850936, 0, -0.525269), (0.850936, 0, -0.525269), (0.929412, 0, -0.369044), (0.938083, 0, -0.34641), (1, 0, 0), (0.938083, 0, -0.34641), (0.929412, 0, -0.369044), (0.938083, 0, -0.34641), (1, 0, 0), (1, 0, 0), (0.929412, 0, 0.369044), (1, 0, 0), (1, 0, 0), (1, 0, 0), (0.929412, 0, 0.369044), (0.938083, 0, 0.34641), (0.850936, 0, 0.525269), (0.938083, 0, 0.34641), (0.929412, 0, 0.369044), (0.938083, 0, 0.34641), (0.850936, 0, 0.525269), (0.850936, 0, 0.525269), (-0.929412, 0, 0.369044), (-0.850936, 0, 0.525269), (-0.850936, 0, 0.525269), (-0.850936, 0, 0.525269), (-0.929412, 0, 0.369044), (-0.938083, 0, 0.34641), (-1, 0, 0), (-0.938083, 0, 0.34641), (-0.929412, 0, 0.369044), (-0.938083, 0, 0.34641), (-1, 0, 0), (-1, 0, 0), (-0.929412, 0, -0.369044), (-1, 0, 0), (-1, 0, 0), (-1, 0, 0), (-0.929412, 0, -0.369044), (-0.938083, 0, -0.34641), (-0.850936, 0, -0.525269), (-0.938083, 0, -0.34641), (-0.929412, 0, -0.369044), (-0.938083, 0, -0.34641), (-0.850936, 0, -0.525269), (-0.850936, 0, -0.525269), (0, -0.905845, 0.423609), (0, -0.905845, 0.423609), (0, -0.905845, 0.423609), (0, -0.905845, -0.423609), (0, -0.905845, -0.423609), (0, -0.905845, -0.423609), (0.929412, 0, -0.369044), (0.850936, 0, -0.525269), (0.850936, 0, -0.525269), (0.850936, 0, -0.525269), (0.929412, 0, -0.369044), (0.938083, 0, -0.34641), (1, 0, 0), (0.938083, 0, -0.34641), (0.929412, 0, -0.369044), (0.938083, 0, -0.34641), (1, 0, 0), (1, 0, 0), (0.929412, 0, 0.369044), (1, 0, 0), (1, 0, 0), (1, 0, 0), (0.929412, 0, 0.369044), (0.938083, 0, 0.34641), (0.850936, 0, 0.525269), (0.938083, 0, 0.34641), (0.929412, 0, 0.369044), (0.938083, 0, 0.34641), (0.850936, 0, 0.525269), (0.850936, 0, 0.525269), (-0.929412, 0, 0.369044), (-0.850936, 0, 0.525269), (-0.850936, 0, 0.525269), (-0.850936, 0, 0.525269), (-0.929412, 0, 0.369044), (-0.938083, 0, 0.34641), (-1, 0, 0), (-0.938083, 0, 0.34641), (-0.929412, 0, 0.369044), (-0.938083, 0, 0.34641), (-1, 0, 0), (-1, 0, 0), (-0.929412, 0, -0.369044), (-1, 0, 0), (-1, 0, 0), (-1, 0, 0), (-0.929412, 0, -0.369044), (-0.938083, 0, -0.34641), (-0.850936, 0, -0.525269), (-0.938083, 0, -0.34641), (-0.929412, 0, -0.369044), (-0.938083, 0, -0.34641), (-0.850936, 0, -0.525269), (-0.850936, 0, -0.525269), (0, 0, -1), (0, 0, -1), (0, 0, -1), (0, 0, -1), (0, 0, -1), (0, 0, -1), (0, -1, 0), (0, -1, 0), (0, -1, 0), (0, -1, 0), (0, -1, 0), (0, -1, 0), (0, 0.980785, 0.19509), (0, 1, 0), (0, 1, 0), (0, 1, 0), (0, 0.980785, 0.19509), (0, 0.980785, 0.19509), (0, 0.707107, 0.707107), (0, 0.980785, 0.19509), (0, 0.980785, 0.19509), (0, 0.980785, 0.19509), (0, 0.707107, 0.707107), (0, 0.707107, 0.707107), (0, 0.19509, 0.980785), (0, 0.707107, 0.707107), (0, 0.707107, 0.707107), (0, 0.707107, 0.707107), (0, 0.19509, 0.980785), (0, 0.19509, 0.980785), (0, 0, 1), (0, 0.19509, 0.980785), (0, 0.19509, 0.980785), (0, 0.19509, 0.980785), (0, 0, 1), (0, 0, 1), (-1, 0, 0), (-1, 0, 0), (-1, 0, 0), (-1, 0, 0), (-1, 0, 0), (-1, 0, 0), (-1, 0, 0), (-1, 0, 0), (-1, 0, 0), (-1, 0, 0), (-1, 0, 0), (-1, 0, 0), (-1, 0, 0), (-1, 0, 0), (-1, 0, 0), (-1, 0, 0), (-1, 0, 0), (-1, 0, 0), (1, 0, 0), (1, 0, 0), (1, 0, 0), (1, 0, 0), (1, 0, 0), (1, 0, 0), (1, 0, 0), (1, 0, 0), (1, 0, 0), (1, 0, 0), (1, 0, 0), (1, 0, 0), (1, 0, 0), (1, 0, 0), (1, 0, 0), (1, 0, 0), (1, 0, 0), (1, 0, 0), (-1, 0, -1.19209e-07), (-1, 0, -1.19209e-07), (-1, 0, -1.19209e-07), (-1, 0, -1.19209e-07), (-1, 0, -1.19209e-07), (-1, 0, -1.19209e-07), (1, 0, 1.19209e-07), (1, 0, 1.19209e-07), (1, 0, 1.19209e-07), (1, 0, 1.19209e-07), (1, 0, 1.19209e-07), (1, 0, 1.19209e-07), (1, 0, 1.19209e-07), (1, 0, 1.19209e-07), (1, 0, 1.19209e-07), (1, 0, 1.19209e-07), (1, 0, 1.19209e-07), (1, 0, 1.19209e-07), (0, -1, 0), (0, -1, 0), (0, -1, 0), (0, -1, 0), (0, -1, 0), (0, -1, 0), (0, -1, 0), (0, -1, 0), (0, -1, 0), (0, -1, 0), (0, -1, 0), (0, -1, 0), (-1, 0, -1.19209e-07), (-1, 0, -1.19209e-07), (-1, 0, -1.19209e-07), (-1, 0, -1.19209e-07), (-1, 0, -1.19209e-07), (-1, 0, -1.19209e-07), (-1, 0, -1.19209e-07), (-1, 0, -1.19209e-07), (-1, 0, -1.19209e-07), (-1, 0, -1.19209e-07), (-1, 0, -1.19209e-07), (-1, 0, -1.19209e-07), (-1, 0, -1.19209e-07), (-1, 0, -1.19209e-07), (-1, 0, -1.19209e-07), (-1, 0, -1.19209e-07), (-1, 0, -1.19209e-07), (-1, 0, -1.19209e-07), (-1, 0, -1.19209e-07), (-1, 0, -1.19209e-07), (-1, 0, -1.19209e-07), (-1, 0, -1.19209e-07), (-1, 0, -1.19209e-07), (-1, 0, -1.19209e-07), (-1, 0, -1.19209e-07), (-1, 0, -1.19209e-07), (-1, 0, -1.19209e-07), (-1, 0, -1.19209e-07), (-1, 0, -1.19209e-07), (-1, 0, -1.19209e-07), (-1, 0, -1.19209e-07), (-1, 0, -1.19209e-07), (-1, 0, -1.19209e-07), (-1, 0, -1.19209e-07), (-1, 0, -1.19209e-07), (-1, 0, -1.19209e-07), (-1, 0, -1.19209e-07), (-1, 0, -1.19209e-07), (-1, 0, -1.19209e-07), (-1, 0, -1.19209e-07), (-1, 0, -1.19209e-07), (-1, 0, -1.19209e-07), (-1, 0, -1.19209e-07), (-1, 0, -1.19209e-07), (-1, 0, -1.19209e-07), (-1, 0, -1.19209e-07), (-1, 0, -1.19209e-07), (-1, 0, -1.19209e-07), (-1, 0, -1.19209e-07), (-1, 0, -1.19209e-07), (-1, 0, -1.19209e-07), (-1, 0, -1.19209e-07), (-1, 0, -1.19209e-07), (-1, 0, -1.19209e-07), (-1, 0, -1.19209e-07), (-1, 0, -1.19209e-07), (-1, 0, -1.19209e-07), (-1, 0, -1.19209e-07), (-1, 0, -1.19209e-07), (-1, 0, -1.19209e-07), (-1, 0, -1.19209e-07), (-1, 0, -1.19209e-07), (-1, 0, -1.19209e-07), (-1, 0, -1.19209e-07), (-1, 0, -1.19209e-07), (-1, 0, -1.19209e-07), (1, 0, 1.19209e-07), (1, 0, 1.19209e-07), (1, 0, 1.19209e-07), (1, 0, 1.19209e-07), (1, 0, 1.19209e-07), (1, 0, 1.19209e-07), (1, 0, 1.19209e-07), (1, 0, 1.19209e-07), (1, 0, 1.19209e-07), (1, 0, 1.19209e-07), (1, 0, 1.19209e-07), (1, 0, 1.19209e-07), (1, 0, 1.19209e-07), (1, 0, 1.19209e-07), (1, 0, 1.19209e-07), (1, 0, 1.19209e-07), (1, 0, 1.19209e-07), (1, 0, 1.19209e-07), (1, 0, 1.19209e-07), (1, 0, 1.19209e-07), (1, 0, 1.19209e-07), (1, 0, 1.19209e-07), (1, 0, 1.19209e-07), (1, 0, 1.19209e-07), (1, 0, 1.19209e-07), (1, 0, 1.19209e-07), (1, 0, 1.19209e-07), (1, 0, 1.19209e-07), (1, 0, 1.19209e-07), (1, 0, 1.19209e-07), (1, 0, 1.19209e-07), (1, 0, 1.19209e-07), (1, 0, 1.19209e-07), (1, 0, 1.19209e-07), (1, 0, 1.19209e-07), (1, 0, 1.19209e-07), (1, 0, 1.19209e-07), (1, 0, 1.19209e-07), (1, 0, 1.19209e-07), (1, 0, 1.19209e-07), (1, 0, 1.19209e-07), (1, 0, 1.19209e-07), (1, 0, 1.19209e-07), (1, 0, 1.19209e-07), (1, 0, 1.19209e-07), (1, 0, 1.19209e-07), (1, 0, 1.19209e-07), (1, 0, 1.19209e-07), (1, 0, 1.19209e-07), (1, 0, 1.19209e-07), (1, 0, 1.19209e-07), (1, 0, 1.19209e-07), (1, 0, 1.19209e-07), (1, 0, 1.19209e-07), (1, 0, 1.19209e-07), (1, 0, 1.19209e-07), (1, 0, 1.19209e-07), (1, 0, 1.19209e-07), (1, 0, 1.19209e-07), (1, 0, 1.19209e-07), (-1, 0, -1.19209e-07), (-1, 0, -1.19209e-07), (-1, 0, -1.19209e-07), (-1, 0, -1.19209e-07), (-1, 0, -1.19209e-07), (-1, 0, -1.19209e-07), (-1, 0, -1.19209e-07), (-1, 0, -1.19209e-07), (-1, 0, -1.19209e-07), (-1, 0, -1.19209e-07), (-1, 0, -1.19209e-07), (-1, 0, -1.19209e-07), (-1.19209e-07, 0, 1), (-1.19209e-07, 0, 1), (-1.19209e-07, 0, 1), (-1.19209e-07, 0, 1), (-1.19209e-07, 0, 1), (-1.19209e-07, 0, 1), (1.19209e-07, 0, -1), (1.19209e-07, 0, -1), (1.19209e-07, 0, -1), (1.19209e-07, 0, -1), (1.19209e-07, 0, -1), (1.19209e-07, 0, -1), (-1.19209e-07, 0, 1), (-1.19209e-07, 0, 1), (-1.19209e-07, 0, 1), (-1.19209e-07, 0, 1), (-1.19209e-07, 0, 1), (-1.19209e-07, 0, 1), (1.19209e-07, 0, -1), (1.19209e-07, 0, -1), (1.19209e-07, 0, -1), (1.19209e-07, 0, -1), (1.19209e-07, 0, -1), (1.19209e-07, 0, -1), (1, 0, 1.19209e-07), (1, 0, 1.19209e-07), (1, 0, 1.19209e-07), (1, 0, 1.19209e-07), (1, 0, 1.19209e-07), (1, 0, 1.19209e-07), (1, 0, 1.19209e-07), (1, 0, 1.19209e-07), (1, 0, 1.19209e-07), (1, 0, 1.19209e-07), (1, 0, 1.19209e-07), (1, 0, 1.19209e-07), (1.19209e-07, 0, -1), (1.19209e-07, 0, -1), (1.19209e-07, 0, -1), (1.19209e-07, 0, -1), (1.19209e-07, 0, -1), (1.19209e-07, 0, -1), (1, 0, 1.19209e-07), (1, 0, 1.19209e-07), (1, 0, 1.19209e-07), (1, 0, 1.19209e-07), (1, 0, 1.19209e-07), (1, 0, 1.19209e-07), (1, 0, 1.19209e-07), (1, 0, 1.19209e-07), (1, 0, 1.19209e-07), (1, 0, 1.19209e-07), (1, 0, 1.19209e-07), (1, 0, 1.19209e-07), (1.19209e-07, 0, -1), (1.19209e-07, 0, -1), (1.19209e-07, 0, -1), (1.19209e-07, 0, -1), (1.19209e-07, 0, -1), (1.19209e-07, 0, -1), (-1, 0, -1.19209e-07), (-1, 0, -1.19209e-07), (-1, 0, -1.19209e-07), (-1, 0, -1.19209e-07), (-1, 0, -1.19209e-07), (-1, 0, -1.19209e-07), (-1.19209e-07, 0, 1), (-1.19209e-07, 0, 1), (-1.19209e-07, 0, 1), (-1.19209e-07, 0, 1), (-1.19209e-07, 0, 1), (-1.19209e-07, 0, 1), (-1, 0, -1.19209e-07), (-1, 0, -1.19209e-07), (-1, 0, -1.19209e-07), (-1, 0, -1.19209e-07), (-1, 0, -1.19209e-07), (-1, 0, -1.19209e-07), (-1.19209e-07, 0, 1), (-1.19209e-07, 0, 1), (-1.19209e-07, 0, 1), (-1.19209e-07, 0, 1), (-1.19209e-07, 0, 1), (-1.19209e-07, 0, 1), (-1, 0, -1.19209e-07), (-1, 0, -1.19209e-07), (-1, 0, -1.19209e-07), (-1, 0, -1.19209e-07), (-1, 0, -1.19209e-07), (-1, 0, -1.19209e-07), (-1, 0, -1.19209e-07), (-1, 0, -1.19209e-07), (-1, 0, -1.19209e-07), (-1, 0, -1.19209e-07), (-1, 0, -1.19209e-07), (-1, 0, -1.19209e-07), (-1, 0, -1.19209e-07), (-1, 0, -1.19209e-07), (-1, 0, -1.19209e-07), (-1, 0, -1.19209e-07), (-1, 0, -1.19209e-07), (-1, 0, -1.19209e-07), (-1, 0, -1.19209e-07), (-1, 0, -1.19209e-07), (-1, 0, -1.19209e-07), (-1, 0, -1.19209e-07), (-1, 0, -1.19209e-07), (-1, 0, -1.19209e-07), (-1, 0, -1.19209e-07), (-1, 0, -1.19209e-07), (-1, 0, -1.19209e-07), (-1, 0, -1.19209e-07), (-1, 0, -1.19209e-07), (-1, 0, -1.19209e-07), (-1, 0, -1.19209e-07), (-0.910497, 0, 0.413515), (-1, 0, -1.19209e-07), (-0.910497, 0, 0.413515), (-1, 0, -1.19209e-07), (-0.910497, 0, 0.413515), (-0.910497, 0, 0.413515), (-0.336041, 0, 0.941847), (-0.910497, 0, 0.413515), (-0.336041, 0, 0.941847), (-0.910497, 0, 0.413515), (-0.336041, 0, 0.941847), (-1.19209e-07, 0, 1), (-0.336041, 0, 0.941847), (-0.336041, 0, 0.941847), (-0.336041, 0, 0.941847), (-1.19209e-07, 0, 1), (-1.19209e-07, 0, 1), (0, -1, 0), (0, -1, 0), (0, -1, 0), (0, -1, 0), (0, -1, 0), (0, -1, 0), (0, -1, 0), (0, -1, 0), (0, -1, 0), (0.336041, 0, 0.941847), (-1.19209e-07, 0, 1), (-1.19209e-07, 0, 1), (-1.19209e-07, 0, 1), (0.336041, 0, 0.941847), (0.336041, 0, 0.941847), (0.336041, 0, 0.941847), (0.910497, 0, 0.413515), (0.336041, 0, 0.941847), (0.910497, 0, 0.413515), (0.336041, 0, 0.941847), (0.910497, 0, 0.413515), (0.910497, 0, 0.413515), (1, 0, 1.19209e-07), (0.910497, 0, 0.413515), (1, 0, 1.19209e-07), (0.910497, 0, 0.413515), (1, 0, 1.19209e-07), (-1, 0, -1.19209e-07), (-1, 0, -1.19209e-07), (-1, 0, -1.19209e-07), (-1, 0, -1.19209e-07), (-1, 0, -1.19209e-07), (-1, 0, -1.19209e-07), (0, -1, 0), (0, -1, 0), (0, -1, 0), (0, -1, 0), (0, -1, 0), (0, -1, 0), (0, -1, 0), (0, -1, 0), (0, -1, 0), (1, 0, 1.19209e-07), (1, 0, 1.19209e-07), (1, 0, 1.19209e-07), (1, 0, 1.19209e-07), (1, 0, 1.19209e-07), (1, 0, 1.19209e-07), (0.707107, 0, 0.707107), (0.336041, 0, 0.941847), (0.707107, 0, 0.707107), (0.336041, 0, 0.941847), (0.707107, 0, 0.707107), (0.336041, 0, 0.941847), (-0.336041, 0, 0.941847), (0.336041, 0, 0.941847), (0.336041, 0, 0.941847), (0.336041, 0, 0.941847), (-0.336041, 0, 0.941847), (-0.336041, 0, 0.941847), (-0.336041, 0, 0.941847), (-0.707107, 0, 0.707107), (-0.336041, 0, 0.941847), (-0.707107, 0, 0.707107), (-0.336041, 0, 0.941847), (-0.707107, 0, 0.707107), (0.260897, 0, 0.965367), (0.543103, 0, 0.839666), (0.543103, 0, 0.839666), (0.543103, 0, 0.839666), (0.260897, 0, 0.965367), (0.543103, 0, 0.839666), (0.543103, 0, 0.839666), (0.260897, 0, 0.965367), (0.260897, 0, 0.965367), (-0.260897, 0, 0.965367), (0.260897, 0, 0.965367), (0.260897, 0, 0.965367), (0.260897, 0, 0.965367), (-0.260897, 0, 0.965367), (-0.260897, 0, 0.965367), (-0.543103, 0, 0.839666), (-0.260897, 0, 0.965367), (-0.260897, 0, 0.965367), (-0.260897, 0, 0.965367), (-0.543103, 0, 0.839666), (-0.543103, 0, 0.839666), (-0.543103, 0, 0.839666), (-0.543103, 0, 0.839666), (-0.543103, 0, 0.839666), (0, -1, 0), (0, -1, 0), (0, -1, 0), (0, -1, 0), (0, -1, 0), (0, -1, 0), (0, -1, 0), (0, -1, 0), (0, -1, 0), (0, -1, 0), (0, -1, 0), (0, -1, 0), (-1.19209e-07, 0, 1), (-1.19209e-07, 0, 1), (-1.19209e-07, 0, 1), (-1.19209e-07, 0, 1), (-1.19209e-07, 0, 1), (-1.19209e-07, 0, 1), (1, 0, 1.19209e-07), (1, 0, 1.19209e-07), (1, 0, 1.19209e-07), (1, 0, 1.19209e-07), (1, 0, 1.19209e-07), (1, 0, 1.19209e-07), (1, 0, 1.19209e-07), (1, 0, 1.19209e-07), (1, 0, 1.19209e-07), (1, 0, 1.19209e-07), (1, 0, 1.19209e-07), (1, 0, 1.19209e-07), (1, 0, 1.19209e-07), (1, 0, 1.19209e-07), (1, 0, 1.19209e-07), (1, 0, 1.19209e-07), (1, 0, 1.19209e-07), (1, 0, 1.19209e-07), (1, 0, 1.19209e-07), (1, 0, 1.19209e-07), (1, 0, 1.19209e-07), (1, 0, 1.19209e-07), (1, 0, 1.19209e-07), (1, 0, 1.19209e-07), (1, 0, 1.19209e-07), (1, 0, 1.19209e-07), (1, 0, 1.19209e-07), (1, 0, 1.19209e-07), (1, 0, 1.19209e-07), (1, 0, 1.19209e-07), (-1, 0, -1.19209e-07), (-1, 0, -1.19209e-07), (-1, 0, -1.19209e-07), (-1, 0, -1.19209e-07), (-1, 0, -1.19209e-07), (-1, 0, -1.19209e-07), (-1, 0, -1.19209e-07), (-1, 0, -1.19209e-07), (-1, 0, -1.19209e-07), (-1, 0, -1.19209e-07), (-1, 0, -1.19209e-07), (-1, 0, -1.19209e-07), (-1.19209e-07, 0, 1), (-1.19209e-07, 0, 1), (-1.19209e-07, 0, 1), (-1.19209e-07, 0, 1), (-1.19209e-07, 0, 1), (-1.19209e-07, 0, 1), (1.19209e-07, 0, -1), (1.19209e-07, 0, -1), (1.19209e-07, 0, -1), (1.19209e-07, 0, -1), (1.19209e-07, 0, -1), (1.19209e-07, 0, -1), (-1.19209e-07, 0, 1), (-1.19209e-07, 0, 1), (-1.19209e-07, 0, 1), (-1.19209e-07, 0, 1), (-1.19209e-07, 0, 1), (-1.19209e-07, 0, 1), (1.19209e-07, 0, -1), (1.19209e-07, 0, -1), (1.19209e-07, 0, -1), (1.19209e-07, 0, -1), (1.19209e-07, 0, -1), (1.19209e-07, 0, -1), (1, 0, 1.19209e-07), (1, 0, 1.19209e-07), (1, 0, 1.19209e-07), (1, 0, 1.19209e-07), (1, 0, 1.19209e-07), (1, 0, 1.19209e-07), (1, 0, 1.19209e-07), (1, 0, 1.19209e-07), (1, 0, 1.19209e-07), (1, 0, 1.19209e-07), (1, 0, 1.19209e-07), (1, 0, 1.19209e-07), (-1, 0, -1.19209e-07), (-1, 0, -1.19209e-07), (-1, 0, -1.19209e-07), (-1, 0, -1.19209e-07), (-1, 0, -1.19209e-07), (-1, 0, -1.19209e-07), (-1, 0, -1.19209e-07), (-1, 0, -1.19209e-07), (-1, 0, -1.19209e-07), (-1, 0, -1.19209e-07), (-1, 0, -1.19209e-07), (-1, 0, -1.19209e-07), (-1.19209e-07, 0, 1), (-1.19209e-07, 0, 1), (-1.19209e-07, 0, 1), (-1.19209e-07, 0, 1), (-1.19209e-07, 0, 1), (-1.19209e-07, 0, 1), (1.19209e-07, 0, -1), (1.19209e-07, 0, -1), (1.19209e-07, 0, -1), (1.19209e-07, 0, -1), (1.19209e-07, 0, -1), (1.19209e-07, 0, -1), (-1.19209e-07, 0, 1), (-1.19209e-07, 0, 1), (-1.19209e-07, 0, 1), (-1.19209e-07, 0, 1), (-1.19209e-07, 0, 1), (-1.19209e-07, 0, 1), (1.19209e-07, 0, -1), (1.19209e-07, 0, -1), (1.19209e-07, 0, -1), (1.19209e-07, 0, -1), (1.19209e-07, 0, -1), (1.19209e-07, 0, -1), (1, 0, 1.19209e-07), (1, 0, 1.19209e-07), (1, 0, 1.19209e-07), (1, 0, 1.19209e-07), (1, 0, 1.19209e-07), (1, 0, 1.19209e-07), (1, 0, 1.19209e-07), (1, 0, 1.19209e-07), (1, 0, 1.19209e-07), (1, 0, 1.19209e-07), (1, 0, 1.19209e-07), (1, 0, 1.19209e-07), (1, 0, 1.19209e-07), (1, 0, 1.19209e-07), (1, 0, 1.19209e-07), (1, 0, 1.19209e-07), (1, 0, 1.19209e-07), (1, 0, 1.19209e-07), (1, 0, 1.19209e-07), (1, 0, 1.19209e-07), (1, 0, 1.19209e-07), (1, 0, 1.19209e-07), (1, 0, 1.19209e-07), (1, 0, 1.19209e-07), (-1, 0, -1.19209e-07), (-1, 0, -1.19209e-07), (-1, 0, -1.19209e-07), (-1, 0, -1.19209e-07), (-1, 0, -1.19209e-07), (-1, 0, -1.19209e-07), (1, 0, 1.19209e-07), (1, 0, 1.19209e-07), (1, 0, 1.19209e-07), (1, 0, 1.19209e-07), (1, 0, 1.19209e-07), (1, 0, 1.19209e-07), (1, 0, 1.19209e-07), (1, 0, 1.19209e-07), (1, 0, 1.19209e-07), (1, 0, 1.19209e-07), (1, 0, 1.19209e-07), (1, 0, 1.19209e-07), (1, 0, 1.19209e-07), (1, 0, 1.19209e-07), (1, 0, 1.19209e-07), (1, 0, 1.19209e-07), (1, 0, 1.19209e-07), (1, 0, 1.19209e-07), (1, 0, 1.19209e-07), (1, 0, 1.19209e-07), (1, 0, 1.19209e-07), (1, 0, 1.19209e-07), (1, 0, 1.19209e-07), (1, 0, 1.19209e-07), (1, 0, 1.19209e-07), (1, 0, 1.19209e-07), (1, 0, 1.19209e-07), (1, 0, 1.19209e-07), (1, 0, 1.19209e-07), (1, 0, 1.19209e-07), (-1, 0, -1.19209e-07), (-1, 0, -1.19209e-07), (-1, 0, -1.19209e-07), (-1, 0, -1.19209e-07), (-1, 0, -1.19209e-07), (-1, 0, -1.19209e-07), (0.707107, 0, -0.707107), (0.336041, 0, -0.941847), (0.707107, 0, -0.707107), (0.336041, 0, -0.941847), (0.707107, 0, -0.707107), (0.336041, 0, -0.941847), (-0.336041, 0, -0.941847), (0.336041, 0, -0.941847), (0.336041, 0, -0.941847), (0.336041, 0, -0.941847), (-0.336041, 0, -0.941847), (-0.336041, 0, -0.941847), (-0.336041, 0, -0.941847), (-0.707107, 0, -0.707107), (-0.336041, 0, -0.941847), (-0.707107, 0, -0.707107), (-0.336041, 0, -0.941847), (-0.707107, 0, -0.707107), (0, -1, 0), (0, -1, 0), (0, -1, 0), (0, -1, 0), (0, -1, 0), (0, -1, 0), (0, -1, 0), (0, -1, 0), (0, -1, 0), (0, -1, 0), (0, -1, 0), (0, -1, 0), (1.19209e-07, 0, -1), (1.19209e-07, 0, -1), (1.19209e-07, 0, -1), (1.19209e-07, 0, -1), (1.19209e-07, 0, -1), (1.19209e-07, 0, -1), (1.19209e-07, 0, -1), (1.19209e-07, 0, -1), (1.19209e-07, 0, -1), (1.19209e-07, 0, -1), (1.19209e-07, 0, -1), (1.19209e-07, 0, -1), (1.19209e-07, 0, -1), (1.19209e-07, 0, -1), (1.19209e-07, 0, -1), (1.19209e-07, 0, -1), (1.19209e-07, 0, -1), (1.19209e-07, 0, -1), (0, -1, 0), (0, -1, 0), (0, -1, 0), (0, -1, 0), (0, -1, 0), (0, -1, 0), (0, -1, 0), (0, -1, 0), (0, -1, 0), (0, -1, 0), (0, -1, 0), (0, -1, 0), (0, -1, 0), (0, -1, 0), (0, -1, 0), (0, -1, 0), (0, -1, 0), (0, -1, 0), (-1, 0, -1.19209e-07), (-1, 0, -1.19209e-07), (-1, 0, -1.19209e-07), (-1, 0, -1.19209e-07), (-1, 0, -1.19209e-07), (-1, 0, -1.19209e-07), (-1, 0, -1.19209e-07), (-1, 0, -1.19209e-07), (-1, 0, -1.19209e-07), (-1, 0, -1.19209e-07), (-1, 0, -1.19209e-07), (-1, 0, -1.19209e-07), (-1, 0, -1.19209e-07), (-1, 0, -1.19209e-07), (-1, 0, -1.19209e-07), (-1, 0, -1.19209e-07), (-1, 0, -1.19209e-07), (-1, 0, -1.19209e-07), (-1, 0, -1.19209e-07), (-1, 0, -1.19209e-07), (-1, 0, -1.19209e-07), (-1, 0, -1.19209e-07), (-1, 0, -1.19209e-07), (-1, 0, -1.19209e-07), (-1, 0, -1.19209e-07), (-1, 0, -1.19209e-07), (-1, 0, -1.19209e-07), (-1, 0, -1.19209e-07), (-1, 0, -1.19209e-07), (-1, 0, -1.19209e-07), (-1, 0, -1.19209e-07), (-1, 0, -1.19209e-07), (-1, 0, -1.19209e-07), (-1, 0, -1.19209e-07), (-1, 0, -1.19209e-07), (-1, 0, -1.19209e-07), (-1, 0, -1.19209e-07), (-1, 0, -1.19209e-07), (-1, 0, -1.19209e-07), (-1, 0, -1.19209e-07), (-1, 0, -1.19209e-07), (-1, 0, -1.19209e-07), (-1.19209e-07, 0, 1), (-1.19209e-07, 0, 1), (-1.19209e-07, 0, 1), (-1.19209e-07, 0, 1), (-1.19209e-07, 0, 1), (-1.19209e-07, 0, 1), (1.19209e-07, 0, -1), (1.19209e-07, 0, -1), (1.19209e-07, 0, -1), (1.19209e-07, 0, -1), (1.19209e-07, 0, -1), (1.19209e-07, 0, -1), (-1.19209e-07, 0, 1), (-1.19209e-07, 0, 1), (-1.19209e-07, 0, 1), (-1.19209e-07, 0, 1), (-1.19209e-07, 0, 1), (-1.19209e-07, 0, 1), (1.19209e-07, 0, -1), (1.19209e-07, 0, -1), (1.19209e-07, 0, -1), (1.19209e-07, 0, -1), (1.19209e-07, 0, -1), (1.19209e-07, 0, -1), (1, 0, 1.19209e-07), (1, 0, 1.19209e-07), (1, 0, 1.19209e-07), (1, 0, 1.19209e-07), (1, 0, 1.19209e-07), (1, 0, 1.19209e-07), (1, 0, 1.19209e-07), (1, 0, 1.19209e-07), (1, 0, 1.19209e-07), (1, 0, 1.19209e-07), (1, 0, 1.19209e-07), (1, 0, 1.19209e-07), (-1, 0, -1.19209e-07), (-1, 0, -1.19209e-07), (-1, 0, -1.19209e-07), (-1, 0, -1.19209e-07), (-1, 0, -1.19209e-07), (-1, 0, -1.19209e-07), (-1, 0, -1.19209e-07), (-1, 0, -1.19209e-07), (-1, 0, -1.19209e-07), (-1, 0, -1.19209e-07), (-1, 0, -1.19209e-07), (-1, 0, -1.19209e-07), (-1.19209e-07, 0, 1), (-1.19209e-07, 0, 1), (-1.19209e-07, 0, 1), (-1.19209e-07, 0, 1), (-1.19209e-07, 0, 1), (-1.19209e-07, 0, 1), (1.19209e-07, 0, -1), (1.19209e-07, 0, -1), (1.19209e-07, 0, -1), (1.19209e-07, 0, -1), (1.19209e-07, 0, -1), (1.19209e-07, 0, -1), (-1.19209e-07, 0, 1), (-1.19209e-07, 0, 1), (-1.19209e-07, 0, 1), (-1.19209e-07, 0, 1), (-1.19209e-07, 0, 1), (-1.19209e-07, 0, 1), (1.19209e-07, 0, -1), (1.19209e-07, 0, -1), (1.19209e-07, 0, -1), (1.19209e-07, 0, -1), (1.19209e-07, 0, -1), (1.19209e-07, 0, -1), (1, 0, 1.19209e-07), (1, 0, 1.19209e-07), (1, 0, 1.19209e-07), (1, 0, 1.19209e-07), (1, 0, 1.19209e-07), (1, 0, 1.19209e-07), (1, 0, 1.19209e-07), (1, 0, 1.19209e-07), (1, 0, 1.19209e-07), (1, 0, 1.19209e-07), (1, 0, 1.19209e-07), (1, 0, 1.19209e-07), (-1, 0, -1.19209e-07), (-1, 0, -1.19209e-07), (-1, 0, -1.19209e-07), (-1, 0, -1.19209e-07), (-1, 0, -1.19209e-07), (-1, 0, -1.19209e-07), (-1, 0, -1.19209e-07), (-1, 0, -1.19209e-07), (-1, 0, -1.19209e-07), (-1, 0, -1.19209e-07), (-1, 0, -1.19209e-07), (-1, 0, -1.19209e-07), (-1.19209e-07, 0, 1), (-1.19209e-07, 0, 1), (-1.19209e-07, 0, 1), (-1.19209e-07, 0, 1), (-1.19209e-07, 0, 1), (-1.19209e-07, 0, 1), (1.19209e-07, 0, -1), (1.19209e-07, 0, -1), (1.19209e-07, 0, -1), (1.19209e-07, 0, -1), (1.19209e-07, 0, -1), (1.19209e-07, 0, -1), (-1.19209e-07, 0, 1), (-1.19209e-07, 0, 1), (-1.19209e-07, 0, 1), (-1.19209e-07, 0, 1), (-1.19209e-07, 0, 1), (-1.19209e-07, 0, 1), (1.19209e-07, 0, -1), (1.19209e-07, 0, -1), (1.19209e-07, 0, -1), (1.19209e-07, 0, -1), (1.19209e-07, 0, -1), (1.19209e-07, 0, -1), (1, 0, 1.19209e-07), (1, 0, 1.19209e-07), (1, 0, 1.19209e-07), (1, 0, 1.19209e-07), (1, 0, 1.19209e-07), (1, 0, 1.19209e-07), (1, 0, 1.19209e-07), (1, 0, 1.19209e-07), (1, 0, 1.19209e-07), (1, 0, 1.19209e-07), (1, 0, 1.19209e-07), (1, 0, 1.19209e-07), (-1, 0, -1.19209e-07), (-1, 0, -1.19209e-07), (-1, 0, -1.19209e-07), (-1, 0, -1.19209e-07), (-1, 0, -1.19209e-07), (-1, 0, -1.19209e-07), (-1, 0, -1.19209e-07), (-1, 0, -1.19209e-07), (-1, 0, -1.19209e-07), (-1, 0, -1.19209e-07), (-1, 0, -1.19209e-07), (-1, 0, -1.19209e-07), (-1.19209e-07, 0, 1), (-1.19209e-07, 0, 1), (-1.19209e-07, 0, 1), (-1.19209e-07, 0, 1), (-1.19209e-07, 0, 1), (-1.19209e-07, 0, 1), (1.19209e-07, 0, -1), (1.19209e-07, 0, -1), (1.19209e-07, 0, -1), (1.19209e-07, 0, -1), (1.19209e-07, 0, -1), (1.19209e-07, 0, -1), (-1.19209e-07, 0, 1), (-1.19209e-07, 0, 1), (-1.19209e-07, 0, 1), (-1.19209e-07, 0, 1), (-1.19209e-07, 0, 1), (-1.19209e-07, 0, 1), (1.19209e-07, 0, -1), (1.19209e-07, 0, -1), (1.19209e-07, 0, -1), (1.19209e-07, 0, -1), (1.19209e-07, 0, -1), (1.19209e-07, 0, -1), (1, 0, 1.19209e-07), (1, 0, 1.19209e-07), (1, 0, 1.19209e-07), (1, 0, 1.19209e-07), (1, 0, 1.19209e-07), (1, 0, 1.19209e-07), (1, 0, 1.19209e-07), (1, 0, 1.19209e-07), (1, 0, 1.19209e-07), (1, 0, 1.19209e-07), (1, 0, 1.19209e-07), (1, 0, 1.19209e-07), (-1, 0, -1.19209e-07), (-1, 0, -1.19209e-07), (-1, 0, -1.19209e-07), (-1, 0, -1.19209e-07), (-1, 0, -1.19209e-07), (-1, 0, -1.19209e-07), (1, 0, 1.19209e-07), (1, 0, 1.19209e-07), (1, 0, 1.19209e-07), (1, 0, 1.19209e-07), (1, 0, 1.19209e-07), (1, 0, 1.19209e-07), (1, 0, 1.19209e-07), (1, 0, 1.19209e-07), (1, 0, 1.19209e-07), (1, 0, 1.19209e-07), (1, 0, 1.19209e-07), (1, 0, 1.19209e-07), (0, -1, 0), (0, -1, 0), (0, -1, 0), (0, -1, 0), (0, -1, 0), (0, -1, 0), (0, -1, 0), (0, -1, 0), (0, -1, 0), (0, -1, 0), (0, -1, 0), (0, -1, 0), (-1, 0, -1.19209e-07), (-1, 0, -1.19209e-07), (-1, 0, -1.19209e-07), (-1, 0, -1.19209e-07), (-1, 0, -1.19209e-07), (-1, 0, -1.19209e-07), (-1, 0, -1.19209e-07), (-1, 0, -1.19209e-07), (-1, 0, -1.19209e-07), (-1, 0, -1.19209e-07), (-1, 0, -1.19209e-07), (-1, 0, -1.19209e-07), (-1, 0, -1.19209e-07), (-1, 0, -1.19209e-07), (-1, 0, -1.19209e-07), (-1, 0, -1.19209e-07), (-1, 0, -1.19209e-07), (-1, 0, -1.19209e-07), (-1, 0, -1.19209e-07), (-1, 0, -1.19209e-07), (-1, 0, -1.19209e-07), (-1, 0, -1.19209e-07), (-1, 0, -1.19209e-07), (-1, 0, -1.19209e-07), (-1, 0, -1.19209e-07), (-1, 0, -1.19209e-07), (-1, 0, -1.19209e-07), (-1, 0, -1.19209e-07), (-1, 0, -1.19209e-07), (-1, 0, -1.19209e-07), (-1, 0, -1.19209e-07), (-1, 0, -1.19209e-07), (-1, 0, -1.19209e-07), (-1, 0, -1.19209e-07), (-1, 0, -1.19209e-07), (-1, 0, -1.19209e-07), (-1, 0, -1.19209e-07), (-1, 0, -1.19209e-07), (-1, 0, -1.19209e-07), (-1, 0, -1.19209e-07), (-1, 0, -1.19209e-07), (-1, 0, -1.19209e-07), (-1, 0, -1.19209e-07), (-1, 0, -1.19209e-07), (-1, 0, -1.19209e-07), (-1, 0, -1.19209e-07), (-1, 0, -1.19209e-07), (-1, 0, -1.19209e-07), (-1, 0, -1.19209e-07), (-1, 0, -1.19209e-07), (-1, 0, -1.19209e-07), (-1, 0, -1.19209e-07), (-1, 0, -1.19209e-07), (-1, 0, -1.19209e-07), (-1, 0, -1.19209e-07), (-1, 0, -1.19209e-07), (-1, 0, -1.19209e-07), (-1, 0, -1.19209e-07), (-1, 0, -1.19209e-07), (-1, 0, -1.19209e-07), (-1, 0, -1.19209e-07), (-1, 0, -1.19209e-07), (-1, 0, -1.19209e-07), (-1, 0, -1.19209e-07), (-1, 0, -1.19209e-07), (-1, 0, -1.19209e-07), (1, 0, 1.19209e-07), (1, 0, 1.19209e-07), (1, 0, 1.19209e-07), (1, 0, 1.19209e-07), (1, 0, 1.19209e-07), (1, 0, 1.19209e-07), (1, 0, 1.19209e-07), (1, 0, 1.19209e-07), (1, 0, 1.19209e-07), (1, 0, 1.19209e-07), (1, 0, 1.19209e-07), (1, 0, 1.19209e-07), (1, 0, 1.19209e-07), (1, 0, 1.19209e-07), (1, 0, 1.19209e-07), (1, 0, 1.19209e-07), (1, 0, 1.19209e-07), (1, 0, 1.19209e-07), (1, 0, 1.19209e-07), (1, 0, 1.19209e-07), (1, 0, 1.19209e-07), (1, 0, 1.19209e-07), (1, 0, 1.19209e-07), (1, 0, 1.19209e-07), (1, 0, 1.19209e-07), (1, 0, 1.19209e-07), (1, 0, 1.19209e-07), (1, 0, 1.19209e-07), (1, 0, 1.19209e-07), (1, 0, 1.19209e-07), (1, 0, 1.19209e-07), (1, 0, 1.19209e-07), (1, 0, 1.19209e-07), (1, 0, 1.19209e-07), (1, 0, 1.19209e-07), (1, 0, 1.19209e-07), (1, 0, 1.19209e-07), (1, 0, 1.19209e-07), (1, 0, 1.19209e-07), (1, 0, 1.19209e-07), (1, 0, 1.19209e-07), (1, 0, 1.19209e-07), (1, 0, 1.19209e-07), (1, 0, 1.19209e-07), (1, 0, 1.19209e-07), (1, 0, 1.19209e-07), (1, 0, 1.19209e-07), (1, 0, 1.19209e-07), (1, 0, 1.19209e-07), (1, 0, 1.19209e-07), (1, 0, 1.19209e-07), (1, 0, 1.19209e-07), (1, 0, 1.19209e-07), (1, 0, 1.19209e-07), (1, 0, 1.19209e-07), (1, 0, 1.19209e-07), (1, 0, 1.19209e-07), (1, 0, 1.19209e-07), (1, 0, 1.19209e-07), (1, 0, 1.19209e-07), (-1, 0, -1.19209e-07), (-1, 0, -1.19209e-07), (-1, 0, -1.19209e-07), (-1, 0, -1.19209e-07), (-1, 0, -1.19209e-07), (-1, 0, -1.19209e-07), (-1, 0, -1.19209e-07), (-1, 0, -1.19209e-07), (-1, 0, -1.19209e-07), (-1, 0, -1.19209e-07), (-1, 0, -1.19209e-07), (-1, 0, -1.19209e-07), (-1.19209e-07, 0, 1), (-1.19209e-07, 0, 1), (-1.19209e-07, 0, 1), (-1.19209e-07, 0, 1), (-1.19209e-07, 0, 1), (-1.19209e-07, 0, 1), (1.19209e-07, 0, -1), (1.19209e-07, 0, -1), (1.19209e-07, 0, -1), (1.19209e-07, 0, -1), (1.19209e-07, 0, -1), (1.19209e-07, 0, -1), (-1.19209e-07, 0, 1), (-1.19209e-07, 0, 1), (-1.19209e-07, 0, 1), (-1.19209e-07, 0, 1), (-1.19209e-07, 0, 1), (-1.19209e-07, 0, 1), (1.19209e-07, 0, -1), (1.19209e-07, 0, -1), (1.19209e-07, 0, -1), (1.19209e-07, 0, -1), (1.19209e-07, 0, -1), (1.19209e-07, 0, -1), (1, 0, 1.19209e-07), (1, 0, 1.19209e-07), (1, 0, 1.19209e-07), (1, 0, 1.19209e-07), (1, 0, 1.19209e-07), (1, 0, 1.19209e-07), (1, 0, 1.19209e-07), (1, 0, 1.19209e-07), (1, 0, 1.19209e-07), (1, 0, 1.19209e-07), (1, 0, 1.19209e-07), (1, 0, 1.19209e-07), (1.19209e-07, 0, -1), (1.19209e-07, 0, -1), (1.19209e-07, 0, -1), (1.19209e-07, 0, -1), (1.19209e-07, 0, -1), (1.19209e-07, 0, -1), (1, 0, 1.19209e-07), (1, 0, 1.19209e-07), (1, 0, 1.19209e-07), (1, 0, 1.19209e-07), (1, 0, 1.19209e-07), (1, 0, 1.19209e-07), (1, 0, 1.19209e-07), (1, 0, 1.19209e-07), (1, 0, 1.19209e-07), (1, 0, 1.19209e-07), (1, 0, 1.19209e-07), (1, 0, 1.19209e-07), (1.19209e-07, 0, -1), (1.19209e-07, 0, -1), (1.19209e-07, 0, -1), (1.19209e-07, 0, -1), (1.19209e-07, 0, -1), (1.19209e-07, 0, -1), (-1, 0, -1.19209e-07), (-1, 0, -1.19209e-07), (-1, 0, -1.19209e-07), (-1, 0, -1.19209e-07), (-1, 0, -1.19209e-07), (-1, 0, -1.19209e-07), (-1.19209e-07, 0, 1), (-1.19209e-07, 0, 1), (-1.19209e-07, 0, 1), (-1.19209e-07, 0, 1), (-1.19209e-07, 0, 1), (-1.19209e-07, 0, 1), (-1, 0, -1.19209e-07), (-1, 0, -1.19209e-07), (-1, 0, -1.19209e-07), (-1, 0, -1.19209e-07), (-1, 0, -1.19209e-07), (-1, 0, -1.19209e-07), (-1.19209e-07, 0, 1), (-1.19209e-07, 0, 1), (-1.19209e-07, 0, 1), (-1.19209e-07, 0, 1), (-1.19209e-07, 0, 1), (-1.19209e-07, 0, 1), (0.856321, -0.0860982, -0.509217), (0.823916, 0, -0.566713), (0.720901, -0.219344, -0.657411), (0.856321, -0.0860982, -0.509217), (0.720901, -0.219344, -0.657411), (0.75271, -0.33872, -0.564532), (-0.856321, -0.0860982, -0.509217), (-0.720901, -0.219344, -0.657411), (-0.823915, 0, -0.566713), (-0.75271, -0.33872, -0.564532), (-0.720901, -0.219344, -0.657411), (-0.856321, -0.0860982, -0.509217), (0.856321, -0.0860982, -0.509217), (0.970143, 0, -0.242535), (0.823916, 0, -0.566713), (0.970143, 0, -0.242535), (0.856321, -0.0860982, -0.509217), (0.970143, 0, -0.242535), (-0.970143, 0, -0.242536), (-0.823915, 0, -0.566713), (-0.970143, 0, -0.242536), (-0.823915, 0, -0.566713), (-0.970143, 0, -0.242536), (-0.856321, -0.0860982, -0.509217), (0, 0, -1), (0, 0, -1), (0, 0, -1), (0, 0, -1), (0, 0, -1), (0, 0, -1), (-0.898779, 0, 0.438402), (-0.970143, 0, 0.242535), (-0.898779, 0, 0.438402), (-0.970143, 0, 0.242535), (-0.898779, 0, 0.438402), (-0.970143, 0, 0.242535), (0.970143, 0, 0.242536), (0.898779, 0, 0.438403), (0.970143, 0, 0.242536), (0.898779, 0, 0.438403), (0.970143, 0, 0.242536), (0.898779, 0, 0.438403), (0.898779, 0, 0.438403), (0.8, 0, 0.6), (0.898779, 0, 0.438403), (0.8, 0, 0.6), (0.898779, 0, 0.438403), (0.8, 0, 0.6), (-0.8, 0, 0.6), (-0.898779, 0, 0.438402), (-0.8, 0, 0.6), (-0.898779, 0, 0.438402), (-0.8, 0, 0.6), (-0.898779, 0, 0.438402), (-1.19209e-07, 0, 1), (-1.19209e-07, 0, 1), (-1.19209e-07, 0, 1), (-1.19209e-07, 0, 1), (-1.19209e-07, 0, 1), (-1.19209e-07, 0, 1), (-1, 0, -1.19209e-07), (-1, 0, -1.19209e-07), (-1, 0, -1.19209e-07), (-1, 0, -1.19209e-07), (-1, 0, -1.19209e-07), (-1, 0, -1.19209e-07), (-1, 0, -1.19209e-07), (-1, 0, -1.19209e-07), (-1, 0, -1.19209e-07), (2.73887e-08, 0.973249, -0.229753), (5.3312e-08, 0.894427, -0.447214), (2.73887e-08, 0.973249, -0.229753), (5.3312e-08, 0.894427, -0.447214), (2.73887e-08, 0.973249, -0.229753), (5.3312e-08, 0.894427, -0.447214), (2.73887e-08, 0.973249, -0.229753), (0, 1, 0), (0, 1, 0), (0, 1, 0), (2.73887e-08, 0.973249, -0.229753), (2.73887e-08, 0.973249, -0.229753), (1.19209e-07, 0, -1), (1.19209e-07, 0, -1), (1.19209e-07, 0, -1), (1.19209e-07, 0, -1), (1.19209e-07, 0, -1), (1.19209e-07, 0, -1), (1, 0, 1.19209e-07), (1, 0, 1.19209e-07), (1, 0, 1.19209e-07), (1, 0, 1.19209e-07), (1, 0, 1.19209e-07), (1, 0, 1.19209e-07), (1, 0, 1.19209e-07), (1, 0, 1.19209e-07), (1, 0, 1.19209e-07), (1, 0, 0), (1, 0, 0), (1, 0, 0), (1, 0, 0), (1, 0, 0), (1, 0, 0), (-1, 0, 0), (-1, 0, 0), (-1, 0, 0), (-1, 0, 0), (-1, 0, 0), (-1, 0, 0), (0, -1, 0), (0, -0.5, -0.866025), (0, -1, 0), (0, -0.5, -0.866025), (0, -1, 0), (0, -0.5, -0.866025), (0, 0.5, -0.866025), (0, 1, 0), (0, 1, 0), (0, 1, 0), (0, 0.5, -0.866025), (0, 0.5, -0.866025), (0, -0.5, 0.866025), (0, -1, 0), (0, -0.5, 0.866025), (0, -1, 0), (0, -0.5, 0.866025), (0, -1, 0), (0, 0.5, -0.866025), (0, -0.5, -0.866025), (0, -0.5, -0.866025), (0, -0.5, -0.866025), (0, 0.5, -0.866025), (0, 0.5, -0.866025), (0, 1, 0), (0, 0.5, 0.866025), (0, 0.5, 0.866025), (0, 0.5, 0.866025), (0, 1, 0), (0, 1, 0), (0, 0.5, 0.866025), (0, -0.5, 0.866025), (0, -0.5, 0.866025), (0, -0.5, 0.866025), (0, 0.5, 0.866025), (0, 0.5, 0.866025), (1, 0, 0), (1, 0, 0), (1, 0, 0), (1, 0, 0), (1, 0, 0), (1, 0, 0), (1, 0, 0), (1, 0, 0), (1, 0, 0), (1, 0, 0), (1, 0, 0), (1, 0, 0), (1, 0, 0), (1, 0, 0), (1, 0, 0), (1, 0, 0), (1, 0, 0), (1, 0, 0), (1, 0, 0), (1, 0, 0), (1, 0, 0), (1, 0, 0), (1, 0, 0), (1, 0, 0), (1, 0, 0), (1, 0, 0), (1, 0, 0), (1, 0, 0), (1, 0, 0), (1, 0, 0), (1, 0, 0), (1, 0, 0), (1, 0, 0), (1, 0, 0), (1, 0, 0), (1, 0, 0), (0, -0.5, 0.866025), (0, -1, 0), (0, -0.5, 0.866025), (0, -1, 0), (0, -0.5, 0.866025), (0, -1, 0), (0, 0.5, -0.866025), (0, 1, 0), (0, 1, 0), (0, 1, 0), (0, 0.5, -0.866025), (0, 0.5, -0.866025), (0, 0.5, -0.866025), (0, -0.5, -0.866025), (0, -0.5, -0.866025), (0, -0.5, -0.866025), (0, 0.5, -0.866025), (0, 0.5, -0.866025), (0, 1, 0), (0, 0.5, 0.866025), (0, 0.5, 0.866025), (0, 0.5, 0.866025), (0, 1, 0), (0, 1, 0), (0, 0.5, 0.866025), (0, -0.5, 0.866025), (0, -0.5, 0.866025), (0, -0.5, 0.866025), (0, 0.5, 0.866025), (0, 0.5, 0.866025), (0, -1, 0), (0, -0.5, -0.866025), (0, -1, 0), (0, -0.5, -0.866025), (0, -1, 0), (0, -0.5, -0.866025), (1, 0, 0), (1, 0, 0), (1, 0, 0), (1, 0, 0), (1, 0, 0), (1, 0, 0), (1, 0, 0), (1, 0, 0), (1, 0, 0), (1, 0, 0), (1, 0, 0), (1, 0, 0), (1, 0, 0), (1, 0, 0), (1, 0, 0), (1, 0, 0), (1, 0, 0), (1, 0, 0), (1, 0, 0), (1, 0, 0), (1, 0, 0), (1, 0, 0), (1, 0, 0), (1, 0, 0), (1, 0, 0), (1, 0, 0), (1, 0, 0), (1, 0, 0), (1, 0, 0), (1, 0, 0), (1, 0, 0), (1, 0, 0), (1, 0, 0), (1, 0, 0), (1, 0, 0), (1, 0, 0), (0, 1, 0), (0, 0.5, 0.866025), (0, 0.5, 0.866025), (0, 0.5, 0.866025), (0, 1, 0), (0, 1, 0), (0, 0.5, -0.866025), (0, -0.5, -0.866025), (0, -0.5, -0.866025), (0, -0.5, -0.866025), (0, 0.5, -0.866025), (0, 0.5, -0.866025), (0, -1, 0), (0, -0.5, -0.866025), (0, -1, 0), (0, -0.5, -0.866025), (0, -1, 0), (0, -0.5, -0.866025), (0, 0.5, 0.866025), (0, -0.5, 0.866025), (0, -0.5, 0.866025), (0, -0.5, 0.866025), (0, 0.5, 0.866025), (0, 0.5, 0.866025), (0, 0.5, -0.866025), (0, 1, 0), (0, 1, 0), (0, 1, 0), (0, 0.5, -0.866025), (0, 0.5, -0.866025), (0, -0.5, 0.866025), (0, -1, 0), (0, -0.5, 0.866025), (0, -1, 0), (0, -0.5, 0.866025), (0, -1, 0), (-1, 0, 0), (-1, 0, 0), (-1, 0, 0), (-1, 0, 0), (-1, 0, 0), (-1, 0, 0), (-1, 0, 0), (-1, 0, 0), (-1, 0, 0), (-1, 0, 0), (-1, 0, 0), (-1, 0, 0), (-1, 0, 0), (-1, 0, 0), (-1, 0, 0), (-1, 0, 0), (-1, 0, 0), (-1, 0, 0), (-1, 0, 0), (-1, 0, 0), (-1, 0, 0), (-1, 0, 0), (-1, 0, 0), (-1, 0, 0), (-1, 0, 0), (-1, 0, 0), (-1, 0, 0), (-1, 0, 0), (-1, 0, 0), (-1, 0, 0), (-1, 0, 0), (-1, 0, 0), (-1, 0, 0), (-1, 0, 0), (-1, 0, 0), (-1, 0, 0), (0, -1, 0), (0, -0.5, -0.866025), (0, -1, 0), (0, -0.5, -0.866025), (0, -1, 0), (0, -0.5, -0.866025), (0, 0.5, -0.866025), (0, 1, 0), (0, 1, 0), (0, 1, 0), (0, 0.5, -0.866025), (0, 0.5, -0.866025), (0, 0.5, 0.866025), (0, -0.5, 0.866025), (0, -0.5, 0.866025), (0, -0.5, 0.866025), (0, 0.5, 0.866025), (0, 0.5, 0.866025), (0, 1, 0), (0, 0.5, 0.866025), (0, 0.5, 0.866025), (0, 0.5, 0.866025), (0, 1, 0), (0, 1, 0), (0, -0.5, 0.866025), (0, -1, 0), (0, -0.5, 0.866025), (0, -1, 0), (0, -0.5, 0.866025), (0, -1, 0), (0, 0.5, -0.866025), (0, -0.5, -0.866025), (0, -0.5, -0.866025), (0, -0.5, -0.866025), (0, 0.5, -0.866025), (0, 0.5, -0.866025), (-1, 0, 0), (-1, 0, 0), (-1, 0, 0), (-1, 0, 0), (-1, 0, 0), (-1, 0, 0), (-1, 0, 0), (-1, 0, 0), (-1, 0, 0), (-1, 0, 0), (-1, 0, 0), (-1, 0, 0), (-1, 0, 0), (-1, 0, 0), (-1, 0, 0), (-1, 0, 0), (-1, 0, 0), (-1, 0, 0), (-1, 0, 0), (-1, 0, 0), (-1, 0, 0), (-1, 0, 0), (-1, 0, 0), (-1, 0, 0), (-1, 0, 0), (-1, 0, 0), (-1, 0, 0), (-1, 0, 0), (-1, 0, 0), (-1, 0, 0), (-1, 0, 0), (-1, 0, 0), (-1, 0, 0), (-1, 0, 0), (-1, 0, 0), (-1, 0, 0), (0, -1, 0), (0, -0.5, -0.866025), (0, -1, 0), (0, -0.5, -0.866025), (0, -1, 0), (0, -0.5, -0.866025), (0, 0.5, -0.866025), (0, 1, 0), (0, 1, 0), (0, 1, 0), (0, 0.5, -0.866025), (0, 0.5, -0.866025), (0, -0.5, 0.866025), (0, -1, 0), (0, -0.5, 0.866025), (0, -1, 0), (0, -0.5, 0.866025), (0, -1, 0), (0, 0.5, -0.866025), (0, -0.5, -0.866025), (0, -0.5, -0.866025), (0, -0.5, -0.866025), (0, 0.5, -0.866025), (0, 0.5, -0.866025), (0, 1, 0), (0, 0.5, 0.866025), (0, 0.5, 0.866025), (0, 0.5, 0.866025), (0, 1, 0), (0, 1, 0), (0, 0.5, 0.866025), (0, -0.5, 0.866025), (0, -0.5, 0.866025), (0, -0.5, 0.866025), (0, 0.5, 0.866025), (0, 0.5, 0.866025), (1, 0, 0), (1, 0, 0), (1, 0, 0), (1, 0, 0), (1, 0, 0), (1, 0, 0), (1, 0, 0), (1, 0, 0), (1, 0, 0), (1, 0, 0), (1, 0, 0), (1, 0, 0), (1, 0, 0), (1, 0, 0), (1, 0, 0), (1, 0, 0), (1, 0, 0), (1, 0, 0), (1, 0, 0), (1, 0, 0), (1, 0, 0), (1, 0, 0), (1, 0, 0), (1, 0, 0), (1, 0, 0), (1, 0, 0), (1, 0, 0), (1, 0, 0), (1, 0, 0), (1, 0, 0), (1, 0, 0), (1, 0, 0), (1, 0, 0), (1, 0, 0), (1, 0, 0), (1, 0, 0), (0, 1, 0), (0, 0.5, 0.866025), (0, 0.5, 0.866025), (0, 0.5, 0.866025), (0, 1, 0), (0, 1, 0), (0, 0.5, -0.866025), (0, -0.5, -0.866025), (0, -0.5, -0.866025), (0, -0.5, -0.866025), (0, 0.5, -0.866025), (0, 0.5, -0.866025), (0, -1, 0), (0, -0.5, -0.866025), (0, -1, 0), (0, -0.5, -0.866025), (0, -1, 0), (0, -0.5, -0.866025), (0, 0.5, 0.866025), (0, -0.5, 0.866025), (0, -0.5, 0.866025), (0, -0.5, 0.866025), (0, 0.5, 0.866025), (0, 0.5, 0.866025), (0, 0.5, -0.866025), (0, 1, 0), (0, 1, 0), (0, 1, 0), (0, 0.5, -0.866025), (0, 0.5, -0.866025), (0, -0.5, 0.866025), (0, -1, 0), (0, -0.5, 0.866025), (0, -1, 0), (0, -0.5, 0.866025), (0, -1, 0), (-1, 0, 0), (-1, 0, 0), (-1, 0, 0), (-1, 0, 0), (-1, 0, 0), (-1, 0, 0), (-1, 0, 0), (-1, 0, 0), (-1, 0, 0), (-1, 0, 0), (-1, 0, 0), (-1, 0, 0), (-1, 0, 0), (-1, 0, 0), (-1, 0, 0), (-1, 0, 0), (-1, 0, 0), (-1, 0, 0), (-1, 0, 0), (-1, 0, 0), (-1, 0, 0), (-1, 0, 0), (-1, 0, 0), (-1, 0, 0), (-1, 0, 0), (-1, 0, 0), (-1, 0, 0), (-1, 0, 0), (-1, 0, 0), (-1, 0, 0), (-1, 0, 0), (-1, 0, 0), (-1, 0, 0), (-1, 0, 0), (-1, 0, 0), (-1, 0, 0), (1, 0, 0), (1, 0, 0), (1, 0, 0), (1, 0, 0), (1, 0, 0), (1, 0, 0), (-1, 0, 0), (-1, 0, 0), (-1, 0, 0), (-1, 0, 0), (-1, 0, 0), (-1, 0, 0), (0, -1, 0), (0, -0.5, -0.866025), (0, -1, 0), (0, -0.5, -0.866025), (0, -1, 0), (0, -0.5, -0.866025), (0, 0.5, -0.866025), (0, 1, 0), (0, 1, 0), (0, 1, 0), (0, 0.5, -0.866025), (0, 0.5, -0.866025), (0, 0.5, 0.866025), (0, -0.5, 0.866025), (0, -0.5, 0.866025), (0, -0.5, 0.866025), (0, 0.5, 0.866025), (0, 0.5, 0.866025), (0, 1, 0), (0, 0.5, 0.866025), (0, 0.5, 0.866025), (0, 0.5, 0.866025), (0, 1, 0), (0, 1, 0), (0, -0.5, 0.866025), (0, -1, 0), (0, -0.5, 0.866025), (0, -1, 0), (0, -0.5, 0.866025), (0, -1, 0), (0, 0.5, -0.866025), (0, -0.5, -0.866025), (0, -0.5, -0.866025), (0, -0.5, -0.866025), (0, 0.5, -0.866025), (0, 0.5, -0.866025), (-1, 0, 0), (-1, 0, 0), (-1, 0, 0), (-1, 0, 0), (-1, 0, 0), (-1, 0, 0), (-1, 0, 0), (-1, 0, 0), (-1, 0, 0), (-1, 0, 0), (-1, 0, 0), (-1, 0, 0), (-1, 0, 0), (-1, 0, 0), (-1, 0, 0), (-1, 0, 0), (-1, 0, 0), (-1, 0, 0), (-1, 0, 0), (-1, 0, 0), (-1, 0, 0), (-1, 0, 0), (-1, 0, 0), (-1, 0, 0), (-1, 0, 0), (-1, 0, 0), (-1, 0, 0), (-1, 0, 0), (-1, 0, 0), (-1, 0, 0), (-1, 0, 0), (-1, 0, 0), (-1, 0, 0), (-1, 0, 0), (-1, 0, 0), (-1, 0, 0), (0, -0.5, 0.866025), (0, -1, 0), (0, -0.5, 0.866025), (0, -1, 0), (0, -0.5, 0.866025), (0, -1, 0), (0, 0.5, -0.866025), (0, 1, 0), (0, 1, 0), (0, 1, 0), (0, 0.5, -0.866025), (0, 0.5, -0.866025), (0, 0.5, -0.866025), (0, -0.5, -0.866025), (0, -0.5, -0.866025), (0, -0.5, -0.866025), (0, 0.5, -0.866025), (0, 0.5, -0.866025), (0, 1, 0), (0, 0.5, 0.866025), (0, 0.5, 0.866025), (0, 0.5, 0.866025), (0, 1, 0), (0, 1, 0), (0, 0.5, 0.866025), (0, -0.5, 0.866025), (0, -0.5, 0.866025), (0, -0.5, 0.866025), (0, 0.5, 0.866025), (0, 0.5, 0.866025), (0, -1, 0), (0, -0.5, -0.866025), (0, -1, 0), (0, -0.5, -0.866025), (0, -1, 0), (0, -0.5, -0.866025), (1, 0, 0), (1, 0, 0), (1, 0, 0), (1, 0, 0), (1, 0, 0), (1, 0, 0), (1, 0, 0), (1, 0, 0), (1, 0, 0), (1, 0, 0), (1, 0, 0), (1, 0, 0), (1, 0, 0), (1, 0, 0), (1, 0, 0), (1, 0, 0), (1, 0, 0), (1, 0, 0), (1, 0, 0), (1, 0, 0), (1, 0, 0), (1, 0, 0), (1, 0, 0), (1, 0, 0), (1, 0, 0), (1, 0, 0), (1, 0, 0), (1, 0, 0), (1, 0, 0), (1, 0, 0), (1, 0, 0), (1, 0, 0), (1, 0, 0), (1, 0, 0), (1, 0, 0), (1, 0, 0), (0, -1, 0), (0, -0.5, -0.866025), (0, -1, 0), (0, -0.5, -0.866025), (0, -1, 0), (0, -0.5, -0.866025), (0, 0.5, -0.866025), (0, 1, 0), (0, 1, 0), (0, 1, 0), (0, 0.5, -0.866025), (0, 0.5, -0.866025), (0, -0.5, 0.866025), (0, -1, 0), (0, -0.5, 0.866025), (0, -1, 0), (0, -0.5, 0.866025), (0, -1, 0), (0, 0.5, -0.866025), (0, -0.5, -0.866025), (0, -0.5, -0.866025), (0, -0.5, -0.866025), (0, 0.5, -0.866025), (0, 0.5, -0.866025), (0, 1, 0), (0, 0.5, 0.866025), (0, 0.5, 0.866025), (0, 0.5, 0.866025), (0, 1, 0), (0, 1, 0), (0, 0.5, 0.866025), (0, -0.5, 0.866025), (0, -0.5, 0.866025), (0, -0.5, 0.866025), (0, 0.5, 0.866025), (0, 0.5, 0.866025), (1, 0, 0), (1, 0, 0), (1, 0, 0), (1, 0, 0), (1, 0, 0), (1, 0, 0), (1, 0, 0), (1, 0, 0), (1, 0, 0), (1, 0, 0), (1, 0, 0), (1, 0, 0), (1, 0, 0), (1, 0, 0), (1, 0, 0), (1, 0, 0), (1, 0, 0), (1, 0, 0), (1, 0, 0), (1, 0, 0), (1, 0, 0), (1, 0, 0), (1, 0, 0), (1, 0, 0), (1, 0, 0), (1, 0, 0), (1, 0, 0), (1, 0, 0), (1, 0, 0), (1, 0, 0), (1, 0, 0), (1, 0, 0), (1, 0, 0), (1, 0, 0), (1, 0, 0), (1, 0, 0), (1, 0, 0), (1, 0, 0), (1, 0, 0), (1, 0, 0), (1, 0, 0), (1, 0, 0), (-1, 0, 0), (-1, 0, 0), (-1, 0, 0), (-1, 0, 0), (-1, 0, 0), (-1, 0, 0), (0, -1, 0), (0, -0.5, -0.866025), (0, -1, 0), (0, -0.5, -0.866025), (0, -1, 0), (0, -0.5, -0.866025), (0, 0.5, -0.866025), (0, 1, 0), (0, 1, 0), (0, 1, 0), (0, 0.5, -0.866025), (0, 0.5, -0.866025), (0, 0.5, 0.866025), (0, -0.5, 0.866025), (0, -0.5, 0.866025), (0, -0.5, 0.866025), (0, 0.5, 0.866025), (0, 0.5, 0.866025), (0, 1, 0), (0, 0.5, 0.866025), (0, 0.5, 0.866025), (0, 0.5, 0.866025), (0, 1, 0), (0, 1, 0), (0, -0.5, 0.866025), (0, -1, 0), (0, -0.5, 0.866025), (0, -1, 0), (0, -0.5, 0.866025), (0, -1, 0), (0, 0.5, -0.866025), (0, -0.5, -0.866025), (0, -0.5, -0.866025), (0, -0.5, -0.866025), (0, 0.5, -0.866025), (0, 0.5, -0.866025), (-1, 0, 0), (-1, 0, 0), (-1, 0, 0), (-1, 0, 0), (-1, 0, 0), (-1, 0, 0), (-1, 0, 0), (-1, 0, 0), (-1, 0, 0), (-1, 0, 0), (-1, 0, 0), (-1, 0, 0), (-1, 0, 0), (-1, 0, 0), (-1, 0, 0), (-1, 0, 0), (-1, 0, 0), (-1, 0, 0), (-1, 0, 0), (-1, 0, 0), (-1, 0, 0), (-1, 0, 0), (-1, 0, 0), (-1, 0, 0), (-1, 0, 0), (-1, 0, 0), (-1, 0, 0), (-1, 0, 0), (-1, 0, 0), (-1, 0, 0), (-1, 0, 0), (-1, 0, 0), (-1, 0, 0), (-1, 0, 0), (-1, 0, 0), (-1, 0, 0), (0, 1, 0), (0, 0.5, 0.866025), (0, 0.5, 0.866025), (0, 0.5, 0.866025), (0, 1, 0), (0, 1, 0), (0, 0.5, -0.866025), (0, -0.5, -0.866025), (0, -0.5, -0.866025), (0, -0.5, -0.866025), (0, 0.5, -0.866025), (0, 0.5, -0.866025), (0, -1, 0), (0, -0.5, -0.866025), (0, -1, 0), (0, -0.5, -0.866025), (0, -1, 0), (0, -0.5, -0.866025), (0, 0.5, 0.866025), (0, -0.5, 0.866025), (0, -0.5, 0.866025), (0, -0.5, 0.866025), (0, 0.5, 0.866025), (0, 0.5, 0.866025), (0, 0.5, -0.866025), (0, 1, 0), (0, 1, 0), (0, 1, 0), (0, 0.5, -0.866025), (0, 0.5, -0.866025), (0, -0.5, 0.866025), (0, -1, 0), (0, -0.5, 0.866025), (0, -1, 0), (0, -0.5, 0.866025), (0, -1, 0), (-1, 0, 0), (-1, 0, 0), (-1, 0, 0), (-1, 0, 0), (-1, 0, 0), (-1, 0, 0), (-1, 0, 0), (-1, 0, 0), (-1, 0, 0), (-1, 0, 0), (-1, 0, 0), (-1, 0, 0), (-1, 0, 0), (-1, 0, 0), (-1, 0, 0), (-1, 0, 0), (-1, 0, 0), (-1, 0, 0), (-1, 0, 0), (-1, 0, 0), (-1, 0, 0), (-1, 0, 0), (-1, 0, 0), (-1, 0, 0), (-1, 0, 0), (-1, 0, 0), (-1, 0, 0), (-1, 0, 0), (-1, 0, 0), (-1, 0, 0), (-1, 0, 0), (-1, 0, 0), (-1, 0, 0), (-1, 0, 0), (-1, 0, 0), (-1, 0, 0), (0, -0.5, 0.866025), (0, -1, 0), (0, -0.5, 0.866025), (0, -1, 0), (0, -0.5, 0.866025), (0, -1, 0), (0, 0.5, -0.866025), (0, 1, 0), (0, 1, 0), (0, 1, 0), (0, 0.5, -0.866025), (0, 0.5, -0.866025), (0, 0.5, -0.866025), (0, -0.5, -0.866025), (0, -0.5, -0.866025), (0, -0.5, -0.866025), (0, 0.5, -0.866025), (0, 0.5, -0.866025), (0, 1, 0), (0, 0.5, 0.866025), (0, 0.5, 0.866025), (0, 0.5, 0.866025), (0, 1, 0), (0, 1, 0), (0, 0.5, 0.866025), (0, -0.5, 0.866025), (0, -0.5, 0.866025), (0, -0.5, 0.866025), (0, 0.5, 0.866025), (0, 0.5, 0.866025), (0, -1, 0), (0, -0.5, -0.866025), (0, -1, 0), (0, -0.5, -0.866025), (0, -1, 0), (0, -0.5, -0.866025), (1, 0, 0), (1, 0, 0), (1, 0, 0), (1, 0, 0), (1, 0, 0), (1, 0, 0), (1, 0, 0), (1, 0, 0), (1, 0, 0), (1, 0, 0), (1, 0, 0), (1, 0, 0), (1, 0, 0), (1, 0, 0), (1, 0, 0), (1, 0, 0), (1, 0, 0), (1, 0, 0), (1, 0, 0), (1, 0, 0), (1, 0, 0), (1, 0, 0), (1, 0, 0), (1, 0, 0), (1, 0, 0), (1, 0, 0), (1, 0, 0), (1, 0, 0), (1, 0, 0), (1, 0, 0), (1, 0, 0), (1, 0, 0), (1, 0, 0), (1, 0, 0), (1, 0, 0), (1, 0, 0), (0, 1, 0), (0, 0.5, 0.866025), (0, 0.5, 0.866025), (0, 0.5, 0.866025), (0, 1, 0), (0, 1, 0), (0, 0.5, -0.866025), (0, -0.5, -0.866025), (0, -0.5, -0.866025), (0, -0.5, -0.866025), (0, 0.5, -0.866025), (0, 0.5, -0.866025), (0, -1, 0), (0, -0.5, -0.866025), (0, -1, 0), (0, -0.5, -0.866025), (0, -1, 0), (0, -0.5, -0.866025), (0, 0.5, 0.866025), (0, -0.5, 0.866025), (0, -0.5, 0.866025), (0, -0.5, 0.866025), (0, 0.5, 0.866025), (0, 0.5, 0.866025), (0, 0.5, -0.866025), (0, 1, 0), (0, 1, 0), (0, 1, 0), (0, 0.5, -0.866025), (0, 0.5, -0.866025), (0, -0.5, 0.866025), (0, -1, 0), (0, -0.5, 0.866025), (0, -1, 0), (0, -0.5, 0.866025), (0, -1, 0), (-1, 0, 0), (-1, 0, 0), (-1, 0, 0), (-1, 0, 0), (-1, 0, 0), (-1, 0, 0), (-1, 0, 0), (-1, 0, 0), (-1, 0, 0), (-1, 0, 0), (-1, 0, 0), (-1, 0, 0), (-1, 0, 0), (-1, 0, 0), (-1, 0, 0), (-1, 0, 0), (-1, 0, 0), (-1, 0, 0), (-1, 0, 0), (-1, 0, 0), (-1, 0, 0), (-1, 0, 0), (-1, 0, 0), (-1, 0, 0), (-1, 0, 0), (-1, 0, 0), (-1, 0, 0), (-1, 0, 0), (-1, 0, 0), (-1, 0, 0), (-1, 0, 0), (-1, 0, 0), (-1, 0, 0), (-1, 0, 0), (-1, 0, 0), (-1, 0, 0), (0, -0.5, 0.866025), (0, -1, 0), (0, -0.5, 0.866025), (0, -1, 0), (0, -0.5, 0.866025), (0, -1, 0), (0, 0.5, -0.866025), (0, 1, 0), (0, 1, 0), (0, 1, 0), (0, 0.5, -0.866025), (0, 0.5, -0.866025), (0, 0.5, -0.866025), (0, -0.5, -0.866025), (0, -0.5, -0.866025), (0, -0.5, -0.866025), (0, 0.5, -0.866025), (0, 0.5, -0.866025), (0, 1, 0), (0, 0.5, 0.866025), (0, 0.5, 0.866025), (0, 0.5, 0.866025), (0, 1, 0), (0, 1, 0), (0, 0.5, 0.866025), (0, -0.5, 0.866025), (0, -0.5, 0.866025), (0, -0.5, 0.866025), (0, 0.5, 0.866025), (0, 0.5, 0.866025), (0, -1, 0), (0, -0.5, -0.866025), (0, -1, 0), (0, -0.5, -0.866025), (0, -1, 0), (0, -0.5, -0.866025), (1, 0, 0), (1, 0, 0), (1, 0, 0), (1, 0, 0), (1, 0, 0), (1, 0, 0), (1, 0, 0), (1, 0, 0), (1, 0, 0), (1, 0, 0), (1, 0, 0), (1, 0, 0), (1, 0, 0), (1, 0, 0), (1, 0, 0), (1, 0, 0), (1, 0, 0), (1, 0, 0), (1, 0, 0), (1, 0, 0), (1, 0, 0), (1, 0, 0), (1, 0, 0), (1, 0, 0), (1, 0, 0), (1, 0, 0), (1, 0, 0), (1, 0, 0), (1, 0, 0), (1, 0, 0), (1, 0, 0), (1, 0, 0), (1, 0, 0), (1, 0, 0), (1, 0, 0), (1, 0, 0), (0, -1, 0), (0, -0.5, -0.866025), (0, -1, 0), (0, -0.5, -0.866025), (0, -1, 0), (0, -0.5, -0.866025), (0, 0.5, -0.866025), (0, 1, 0), (0, 1, 0), (0, 1, 0), (0, 0.5, -0.866025), (0, 0.5, -0.866025), (0, -0.5, 0.866025), (0, -1, 0), (0, -0.5, 0.866025), (0, -1, 0), (0, -0.5, 0.866025), (0, -1, 0), (0, 0.5, -0.866025), (0, -0.5, -0.866025), (0, -0.5, -0.866025), (0, -0.5, -0.866025), (0, 0.5, -0.866025), (0, 0.5, -0.866025), (0, 1, 0), (0, 0.5, 0.866025), (0, 0.5, 0.866025), (0, 0.5, 0.866025), (0, 1, 0), (0, 1, 0), (0, 0.5, 0.866025), (0, -0.5, 0.866025), (0, -0.5, 0.866025), (0, -0.5, 0.866025), (0, 0.5, 0.866025), (0, 0.5, 0.866025), (1, 0, 0), (1, 0, 0), (1, 0, 0), (1, 0, 0), (1, 0, 0), (1, 0, 0), (1, 0, 0), (1, 0, 0), (1, 0, 0), (1, 0, 0), (1, 0, 0), (1, 0, 0), (1, 0, 0), (1, 0, 0), (1, 0, 0), (1, 0, 0), (1, 0, 0), (1, 0, 0), (1, 0, 0), (1, 0, 0), (1, 0, 0), (1, 0, 0), (1, 0, 0), (1, 0, 0), (1, 0, 0), (1, 0, 0), (1, 0, 0), (1, 0, 0), (1, 0, 0), (1, 0, 0), (1, 0, 0), (1, 0, 0), (1, 0, 0), (1, 0, 0), (1, 0, 0), (1, 0, 0), (1, 0, 0), (1, 0, 0), (1, 0, 0), (1, 0, 0), (1, 0, 0), (1, 0, 0), (-1, 0, 0), (-1, 0, 0), (-1, 0, 0), (-1, 0, 0), (-1, 0, 0), (-1, 0, 0), (0, -1, 0), (0, -0.5, -0.866025), (0, -1, 0), (0, -0.5, -0.866025), (0, -1, 0), (0, -0.5, -0.866025), (0, 0.5, -0.866025), (0, 1, 0), (0, 1, 0), (0, 1, 0), (0, 0.5, -0.866025), (0, 0.5, -0.866025), (0, 0.5, 0.866025), (0, -0.5, 0.866025), (0, -0.5, 0.866025), (0, -0.5, 0.866025), (0, 0.5, 0.866025), (0, 0.5, 0.866025), (0, 1, 0), (0, 0.5, 0.866025), (0, 0.5, 0.866025), (0, 0.5, 0.866025), (0, 1, 0), (0, 1, 0), (0, -0.5, 0.866025), (0, -1, 0), (0, -0.5, 0.866025), (0, -1, 0), (0, -0.5, 0.866025), (0, -1, 0), (0, 0.5, -0.866025), (0, -0.5, -0.866025), (0, -0.5, -0.866025), (0, -0.5, -0.866025), (0, 0.5, -0.866025), (0, 0.5, -0.866025), (-1, 0, 0), (-1, 0, 0), (-1, 0, 0), (-1, 0, 0), (-1, 0, 0), (-1, 0, 0), (-1, 0, 0), (-1, 0, 0), (-1, 0, 0), (-1, 0, 0), (-1, 0, 0), (-1, 0, 0), (-1, 0, 0), (-1, 0, 0), (-1, 0, 0), (-1, 0, 0), (-1, 0, 0), (-1, 0, 0), (-1, 0, 0), (-1, 0, 0), (-1, 0, 0), (-1, 0, 0), (-1, 0, 0), (-1, 0, 0), (-1, 0, 0), (-1, 0, 0), (-1, 0, 0), (-1, 0, 0), (-1, 0, 0), (-1, 0, 0), (-1, 0, 0), (-1, 0, 0), (-1, 0, 0), (-1, 0, 0), (-1, 0, 0), (-1, 0, 0), (0, 0.965926, -0.258819), (0, 0.965926, -0.258819), (0, 0.965926, -0.258819), (0, 0.965926, -0.258819), (0, 0.965926, -0.258819), (0, 0.965926, -0.258819), (0, 0.965926, -0.258819), (0, 0.965926, -0.258819), (0, 0.965926, -0.258819), (0, 0.965926, -0.258819), (0, 0.965926, -0.258819), (0, 0.965926, -0.258819), (0, 0.965926, -0.258819), (0, 0.965926, -0.258819), (0, 0.965926, -0.258819), (0, 0.965926, -0.258819), (0, 0.965926, -0.258819), (0, 0.965926, -0.258819), (0, 0.965926, -0.258819), (0, 0.965926, -0.258819), (0, 0.965926, -0.258819), (0, 0.965926, -0.258819), (0, 0.965926, -0.258819), (0, 0.965926, -0.258819), (0, 0.965926, -0.258819), (0, 0.965926, -0.258819), (0, 0.965926, -0.258819), (0, 0.965926, -0.258819), (0, 0.965926, -0.258819), (0, 0.965926, -0.258819), (0, 0.965926, -0.258819), (0, 0.965926, -0.258819), (0, 0.965926, -0.258819), (0, 0.965926, -0.258819), (0, 0.965926, -0.258819), (0, 0.965926, -0.258819), (0, 0.965926, -0.258819), (0, 0.965926, -0.258819), (0, 0.965926, -0.258819), (0, 0.965926, -0.258819), (0, 0.965926, -0.258819), (0, 0.965926, -0.258819), (0, 0.965926, -0.258819), (0, 0.965926, -0.258819), (0, 0.965926, -0.258819), (0, 0.965926, -0.258819), (0, 0.965926, -0.258819), (0, 0.965926, -0.258819), (1, 0, 0), (0.707107, -0.183013, -0.683013), (0.707107, -0.183013, -0.683013), (0.707107, -0.183013, -0.683013), (1, 0, 0), (1, 0, 0), (-0.707107, -0.183013, -0.683013), (0, -0.258819, -0.965926), (0, -0.258819, -0.965926), (0, -0.258819, -0.965926), (-0.707107, -0.183013, -0.683013), (-0.707107, -0.183013, -0.683013), (0, -0.258819, -0.965926), (0.707107, -0.183013, -0.683013), (0, -0.258819, -0.965926), (0.707107, -0.183013, -0.683013), (0, -0.258819, -0.965926), (0.707107, -0.183013, -0.683013), (0.707107, 0.183013, 0.683013), (0, 0.258819, 0.965926), (0.707107, 0.183013, 0.683013), (0, 0.258819, 0.965926), (0.707107, 0.183013, 0.683013), (0, 0.258819, 0.965926), (0.707107, 0.183013, 0.683013), (1, 0, 0), (1, 0, 0), (1, 0, 0), (0.707107, 0.183013, 0.683013), (0.707107, 0.183013, 0.683013), (-0.707107, -0.183013, -0.683013), (-1, 0, 0), (-0.707107, -0.183013, -0.683013), (-1, 0, 0), (-0.707107, -0.183013, -0.683013), (-1, 0, 0), (-1, 0, 0), (-0.707107, 0.183013, 0.683013), (-1, 0, 0), (-0.707107, 0.183013, 0.683013), (-1, 0, 0), (-0.707107, 0.183013, 0.683013), (0, 0.258819, 0.965926), (-0.707107, 0.183013, 0.683013), (-0.707107, 0.183013, 0.683013), (-0.707107, 0.183013, 0.683013), (0, 0.258819, 0.965926), (0, 0.258819, 0.965926), (0, 0.965926, -0.258819), (0, 0.965926, -0.258819), (0, 0.965926, -0.258819), (0, 0.965926, -0.258819), (0, 0.965926, -0.258819), (0, 0.965926, -0.258819), (0, 0.965926, -0.258819), (0, 0.965926, -0.258819), (0, 0.965926, -0.258819), (0, 0.965926, -0.258819), (0, 0.965926, -0.258819), (0, 0.965926, -0.258819), (0, 0.965926, -0.258819), (0, 0.965926, -0.258819), (0, 0.965926, -0.258819), (0, 0.965926, -0.258819), (0, 0.965926, -0.258819), (0, 0.965926, -0.258819), (0, 0.965926, -0.258819), (0, 0.965926, -0.258819), (0, 0.965926, -0.258819), (0, 0.965926, -0.258819), (0, 0.965926, -0.258819), (0, 0.965926, -0.258819), (0, 0.965926, -0.258819), (0, 0.965926, -0.258819), (0, 0.965926, -0.258819), (0, 0.965926, -0.258819), (0, 0.965926, -0.258819), (0, 0.965926, -0.258819), (0, 0.965926, -0.258819), (0, 0.965926, -0.258819), (0, 0.965926, -0.258819), (0, 0.965926, -0.258819), (0, 0.965926, -0.258819), (0, 0.965926, -0.258819), (0, 0.965926, -0.258819), (0, 0.965926, -0.258819), (0, 0.965926, -0.258819), (0, 0.965926, -0.258819), (0, 0.965926, -0.258819), (0, 0.965926, -0.258819), (0, 0.965926, -0.258819), (0, 0.965926, -0.258819), (0, 0.965926, -0.258819), (0, 0.965926, -0.258819), (0, 0.965926, -0.258819), (0, 0.965926, -0.258819), (1, 0, 0), (0.707107, -0.183013, -0.683013), (0.707107, -0.183013, -0.683013), (0.707107, -0.183013, -0.683013), (1, 0, 0), (1, 0, 0), (-0.707107, -0.183013, -0.683013), (0, -0.258819, -0.965926), (0, -0.258819, -0.965926), (0, -0.258819, -0.965926), (-0.707107, -0.183013, -0.683013), (-0.707107, -0.183013, -0.683013), (0, -0.258819, -0.965926), (0.707107, -0.183013, -0.683013), (0, -0.258819, -0.965926), (0.707107, -0.183013, -0.683013), (0, -0.258819, -0.965926), (0.707107, -0.183013, -0.683013), (0.707107, 0.183013, 0.683013), (0, 0.258819, 0.965926), (0.707107, 0.183013, 0.683013), (0, 0.258819, 0.965926), (0.707107, 0.183013, 0.683013), (0, 0.258819, 0.965926), (0.707107, 0.183013, 0.683013), (1, 0, 0), (1, 0, 0), (1, 0, 0), (0.707107, 0.183013, 0.683013), (0.707107, 0.183013, 0.683013), (-0.707107, -0.183013, -0.683013), (-1, 0, 0), (-0.707107, -0.183013, -0.683013), (-1, 0, 0), (-0.707107, -0.183013, -0.683013), (-1, 0, 0), (-1, 0, 0), (-0.707107, 0.183013, 0.683013), (-1, 0, 0), (-0.707107, 0.183013, 0.683013), (-1, 0, 0), (-0.707107, 0.183013, 0.683013), (0, 0.258819, 0.965926), (-0.707107, 0.183013, 0.683013), (-0.707107, 0.183013, 0.683013), (-0.707107, 0.183013, 0.683013), (0, 0.258819, 0.965926), (0, 0.258819, 0.965926), (0, 0.965926, -0.258819), (0, 0.965926, -0.258819), (0, 0.965926, -0.258819), (0, 0.965926, -0.258819), (0, 0.965926, -0.258819), (0, 0.965926, -0.258819), (0, 0.965926, -0.258819), (0, 0.965926, -0.258819), (0, 0.965926, -0.258819), (0, 0.965926, -0.258819), (0, 0.965926, -0.258819), (0, 0.965926, -0.258819), (0, 0.965926, -0.258819), (0, 0.965926, -0.258819), (0, 0.965926, -0.258819), (0, 0.965926, -0.258819), (0, 0.965926, -0.258819), (0, 0.965926, -0.258819), (0, 0.965926, -0.258819), (0, 0.965926, -0.258819), (0, 0.965926, -0.258819), (0, 0.965926, -0.258819), (0, 0.965926, -0.258819), (0, 0.965926, -0.258819), (0, 0.965926, -0.258819), (0, 0.965926, -0.258819), (0, 0.965926, -0.258819), (0, 0.965926, -0.258819), (0, 0.965926, -0.258819), (0, 0.965926, -0.258819), (0, 0.965926, -0.258819), (0, 0.965926, -0.258819), (0, 0.965926, -0.258819), (0, 0.965926, -0.258819), (0, 0.965926, -0.258819), (0, 0.965926, -0.258819), (0, 0.965926, -0.258819), (0, 0.965926, -0.258819), (0, 0.965926, -0.258819), (0, 0.965926, -0.258819), (0, 0.965926, -0.258819), (0, 0.965926, -0.258819), (0, 0.965926, -0.258819), (0, 0.965926, -0.258819), (0, 0.965926, -0.258819), (0, 0.965926, -0.258819), (0, 0.965926, -0.258819), (0, 0.965926, -0.258819), (1, 0, 0), (0.707107, -0.183013, -0.683013), (0.707107, -0.183013, -0.683013), (0.707107, -0.183013, -0.683013), (1, 0, 0), (1, 0, 0), (-0.707107, -0.183013, -0.683013), (0, -0.258819, -0.965926), (0, -0.258819, -0.965926), (0, -0.258819, -0.965926), (-0.707107, -0.183013, -0.683013), (-0.707107, -0.183013, -0.683013), (0, -0.258819, -0.965926), (0.707107, -0.183013, -0.683013), (0, -0.258819, -0.965926), (0.707107, -0.183013, -0.683013), (0, -0.258819, -0.965926), (0.707107, -0.183013, -0.683013), (0.707107, 0.183013, 0.683013), (0, 0.258819, 0.965926), (0.707107, 0.183013, 0.683013), (0, 0.258819, 0.965926), (0.707107, 0.183013, 0.683013), (0, 0.258819, 0.965926), (0.707107, 0.183013, 0.683013), (1, 0, 0), (1, 0, 0), (1, 0, 0), (0.707107, 0.183013, 0.683013), (0.707107, 0.183013, 0.683013), (-0.707107, -0.183013, -0.683013), (-1, 0, 0), (-0.707107, -0.183013, -0.683013), (-1, 0, 0), (-0.707107, -0.183013, -0.683013), (-1, 0, 0), (-1, 0, 0), (-0.707107, 0.183013, 0.683013), (-1, 0, 0), (-0.707107, 0.183013, 0.683013), (-1, 0, 0), (-0.707107, 0.183013, 0.683013), (0, 0.258819, 0.965926), (-0.707107, 0.183013, 0.683013), (-0.707107, 0.183013, 0.683013), (-0.707107, 0.183013, 0.683013), (0, 0.258819, 0.965926), (0, 0.258819, 0.965926), (0, 0.965926, -0.258819), (0, 0.965926, -0.258819), (0, 0.965926, -0.258819), (0, 0.965926, -0.258819), (0, 0.965926, -0.258819), (0, 0.965926, -0.258819), (0, 0.965926, -0.258819), (0, 0.965926, -0.258819), (0, 0.965926, -0.258819), (0, 0.965926, -0.258819), (0, 0.965926, -0.258819), (0, 0.965926, -0.258819), (0, 0.965926, -0.258819), (0, 0.965926, -0.258819), (0, 0.965926, -0.258819), (0, 0.965926, -0.258819), (0, 0.965926, -0.258819), (0, 0.965926, -0.258819), (0, 0.965926, -0.258819), (0, 0.965926, -0.258819), (0, 0.965926, -0.258819), (0, 0.965926, -0.258819), (0, 0.965926, -0.258819), (0, 0.965926, -0.258819), (0, 0.965926, -0.258819), (0, 0.965926, -0.258819), (0, 0.965926, -0.258819), (0, 0.965926, -0.258819), (0, 0.965926, -0.258819), (0, 0.965926, -0.258819), (0, 0.965926, -0.258819), (0, 0.965926, -0.258819), (0, 0.965926, -0.258819), (0, 0.965926, -0.258819), (0, 0.965926, -0.258819), (0, 0.965926, -0.258819), (0, 0.965926, -0.258819), (0, 0.965926, -0.258819), (0, 0.965926, -0.258819), (0, 0.965926, -0.258819), (0, 0.965926, -0.258819), (0, 0.965926, -0.258819), (0, 0.965926, -0.258819), (0, 0.965926, -0.258819), (0, 0.965926, -0.258819), (0, 0.965926, -0.258819), (0, 0.965926, -0.258819), (0, 0.965926, -0.258819), (1, 0, 0), (0.707107, -0.183013, -0.683013), (0.707107, -0.183013, -0.683013), (0.707107, -0.183013, -0.683013), (1, 0, 0), (1, 0, 0), (-0.707107, -0.183013, -0.683013), (0, -0.258819, -0.965926), (0, -0.258819, -0.965926), (0, -0.258819, -0.965926), (-0.707107, -0.183013, -0.683013), (-0.707107, -0.183013, -0.683013), (0, -0.258819, -0.965926), (0.707107, -0.183013, -0.683013), (0, -0.258819, -0.965926), (0.707107, -0.183013, -0.683013), (0, -0.258819, -0.965926), (0.707107, -0.183013, -0.683013), (0.707107, 0.183013, 0.683013), (0, 0.258819, 0.965926), (0.707107, 0.183013, 0.683013), (0, 0.258819, 0.965926), (0.707107, 0.183013, 0.683013), (0, 0.258819, 0.965926), (0.707107, 0.183013, 0.683013), (1, 0, 0), (1, 0, 0), (1, 0, 0), (0.707107, 0.183013, 0.683013), (0.707107, 0.183013, 0.683013), (-0.707107, -0.183013, -0.683013), (-1, 0, 0), (-0.707107, -0.183013, -0.683013), (-1, 0, 0), (-0.707107, -0.183013, -0.683013), (-1, 0, 0), (-1, 0, 0), (-0.707107, 0.183013, 0.683013), (-1, 0, 0), (-0.707107, 0.183013, 0.683013), (-1, 0, 0), (-0.707107, 0.183013, 0.683013), (0, 0.258819, 0.965926), (-0.707107, 0.183013, 0.683013), (-0.707107, 0.183013, 0.683013), (-0.707107, 0.183013, 0.683013), (0, 0.258819, 0.965926), (0, 0.258819, 0.965926), (0, 0, -1), (0, 0, -1), (0, 0, -1), (0, 0, -1), (0, 0, -1), (0, 0, -1), (-0.992508, 0, 0.122183), (-0.992508, 0, -0.122183), (-0.992508, 0, 0.122183), (-0.992508, 0, -0.122183), (-0.992508, 0, 0.122183), (-0.992508, 0, -0.122183), (0.992508, 0, -0.122183), (0.992508, 0, 0.122183), (0.992508, 0, -0.122183), (0.992508, 0, 0.122183), (0.992508, 0, -0.122183), (0.992508, 0, 0.122183), (-0.992508, 0, -0.122183), (-0.902938, 0, -0.429772), (-0.992508, 0, -0.122183), (-0.902938, 0, -0.429772), (-0.992508, 0, -0.122183), (-0.902938, 0, -0.429772), (0.902938, 0, -0.429772), (0.992508, 0, -0.122183), (0.902938, 0, -0.429772), (0.992508, 0, -0.122183), (0.902938, 0, -0.429772), (0.992508, 0, -0.122183), (-0.902938, 0, -0.429772), (-0.8, 0, -0.6), (-0.902938, 0, -0.429772), (-0.8, 0, -0.6), (-0.902938, 0, -0.429772), (-0.8, 0, -0.6), (0.8, 0, -0.6), (0.902938, 0, -0.429772), (0.8, 0, -0.6), (0.902938, 0, -0.429772), (0.8, 0, -0.6), (0.902938, 0, -0.429772), (0.992508, 0, 0.122183), (0.902938, 0, 0.429772), (0.992508, 0, 0.122183), (0.902938, 0, 0.429772), (0.992508, 0, 0.122183), (0.902938, 0, 0.429772), (0.902938, 0, 0.429772), (0.8, 0, 0.6), (0.902938, 0, 0.429772), (0.8, 0, 0.6), (0.902938, 0, 0.429772), (0.8, 0, 0.6), (-0.8, 0, 0.6), (-0.902938, 0, 0.429772), (-0.8, 0, 0.6), (-0.902938, 0, 0.429772), (-0.8, 0, 0.6), (-0.902938, 0, 0.429772), (-0.902938, 0, 0.429772), (-0.992508, 0, 0.122183), (-0.902938, 0, 0.429772), (-0.992508, 0, 0.122183), (-0.902938, 0, 0.429772), (-0.992508, 0, 0.122183), (0.998139, 0.0588988, -0.0157819), (0.705791, -0.123773, -0.697524), (0.705791, -0.123773, -0.697524), (0.705791, -0.123773, -0.697524), (0.998139, 0.0588988, -0.0157819), (0.998139, 0.0588988, -0.0157819), (0.705791, 0.241571, 0.66596), (0, 0.317236, 0.948347), (0.705791, 0.241571, 0.66596), (0, 0.317236, 0.948347), (0.705791, 0.241571, 0.66596), (0, 0.317236, 0.948347), (0, 0.317236, 0.948347), (-0.705791, 0.241571, 0.66596), (-0.705791, 0.241571, 0.66596), (-0.705791, 0.241571, 0.66596), (0, 0.317236, 0.948347), (0, 0.317236, 0.948347), (-0.998139, 0.0588988, -0.0157819), (-0.705791, 0.241571, 0.66596), (-0.998139, 0.0588988, -0.0157819), (-0.705791, 0.241571, 0.66596), (-0.998139, 0.0588988, -0.0157819), (-0.705791, 0.241571, 0.66596), (-0.705791, -0.123773, -0.697524), (0, -0.199439, -0.97991), (0, -0.199439, -0.97991), (0, -0.199439, -0.97991), (-0.705791, -0.123773, -0.697524), (-0.705791, -0.123773, -0.697524), (0, -0.199439, -0.97991), (0.705791, -0.123773, -0.697524), (0, -0.199439, -0.97991), (0.705791, -0.123773, -0.697524), (0, -0.199439, -0.97991), (0.705791, -0.123773, -0.697524), (-0.705791, -0.123773, -0.697524), (-0.998139, 0.0588988, -0.0157819), (-0.705791, -0.123773, -0.697524), (-0.998139, 0.0588988, -0.0157819), (-0.705791, -0.123773, -0.697524), (-0.998139, 0.0588988, -0.0157819), (0.705791, 0.241571, 0.66596), (0.998139, 0.0588988, -0.0157819), (0.998139, 0.0588988, -0.0157819), (0.998139, 0.0588988, -0.0157819), (0.705791, 0.241571, 0.66596), (0.705791, 0.241571, 0.66596), (0.998139, 0.0588988, -0.0157819), (0.705791, -0.123773, -0.697524), (0.705791, -0.123773, -0.697524), (0.705791, -0.123773, -0.697524), (0.998139, 0.0588988, -0.0157819), (0.998139, 0.0588988, -0.0157819), (0.705791, 0.241571, 0.66596), (0, 0.317236, 0.948347), (0.705791, 0.241571, 0.66596), (0, 0.317236, 0.948347), (0.705791, 0.241571, 0.66596), (0, 0.317236, 0.948347), (0, 0.317236, 0.948347), (-0.705791, 0.241571, 0.66596), (-0.705791, 0.241571, 0.66596), (-0.705791, 0.241571, 0.66596), (0, 0.317236, 0.948347), (0, 0.317236, 0.948347), (-0.998139, 0.0588988, -0.0157819), (-0.705791, 0.241571, 0.66596), (-0.998139, 0.0588988, -0.0157819), (-0.705791, 0.241571, 0.66596), (-0.998139, 0.0588988, -0.0157819), (-0.705791, 0.241571, 0.66596), (-0.705791, -0.123773, -0.697524), (0, -0.199439, -0.97991), (0, -0.199439, -0.97991), (0, -0.199439, -0.97991), (-0.705791, -0.123773, -0.697524), (-0.705791, -0.123773, -0.697524), (0, -0.199439, -0.97991), (0.705791, -0.123773, -0.697524), (0, -0.199439, -0.97991), (0.705791, -0.123773, -0.697524), (0, -0.199439, -0.97991), (0.705791, -0.123773, -0.697524), (-0.705791, -0.123773, -0.697524), (-0.998139, 0.0588988, -0.0157819), (-0.705791, -0.123773, -0.697524), (-0.998139, 0.0588988, -0.0157819), (-0.705791, -0.123773, -0.697524), (-0.998139, 0.0588988, -0.0157819), (0.705791, 0.241571, 0.66596), (0.998139, 0.0588988, -0.0157819), (0.998139, 0.0588988, -0.0157819), (0.998139, 0.0588988, -0.0157819), (0.705791, 0.241571, 0.66596), (0.705791, 0.241571, 0.66596), (0.998139, 0.0588988, -0.0157819), (0.705791, -0.123773, -0.697524), (0.705791, -0.123773, -0.697524), (0.705791, -0.123773, -0.697524), (0.998139, 0.0588988, -0.0157819), (0.998139, 0.0588988, -0.0157819), (0.705791, 0.241571, 0.66596), (0, 0.317236, 0.948347), (0.705791, 0.241571, 0.66596), (0, 0.317236, 0.948347), (0.705791, 0.241571, 0.66596), (0, 0.317236, 0.948347), (0, 0.317236, 0.948347), (-0.705791, 0.241571, 0.66596), (-0.705791, 0.241571, 0.66596), (-0.705791, 0.241571, 0.66596), (0, 0.317236, 0.948347), (0, 0.317236, 0.948347), (-0.998139, 0.0588988, -0.0157819), (-0.705791, 0.241571, 0.66596), (-0.998139, 0.0588988, -0.0157819), (-0.705791, 0.241571, 0.66596), (-0.998139, 0.0588988, -0.0157819), (-0.705791, 0.241571, 0.66596), (-0.705791, -0.123773, -0.697524), (0, -0.199439, -0.97991), (0, -0.199439, -0.97991), (0, -0.199439, -0.97991), (-0.705791, -0.123773, -0.697524), (-0.705791, -0.123773, -0.697524), (0, -0.199439, -0.97991), (0.705791, -0.123773, -0.697524), (0, -0.199439, -0.97991), (0.705791, -0.123773, -0.697524), (0, -0.199439, -0.97991), (0.705791, -0.123773, -0.697524), (-0.705791, -0.123773, -0.697524), (-0.998139, 0.0588988, -0.0157819), (-0.705791, -0.123773, -0.697524), (-0.998139, 0.0588988, -0.0157819), (-0.705791, -0.123773, -0.697524), (-0.998139, 0.0588988, -0.0157819), (0.705791, 0.241571, 0.66596), (0.998139, 0.0588988, -0.0157819), (0.998139, 0.0588988, -0.0157819), (0.998139, 0.0588988, -0.0157819), (0.705791, 0.241571, 0.66596), (0.705791, 0.241571, 0.66596), (0.998139, 0.0588988, -0.0157819), (0.705791, -0.123773, -0.697524), (0.705791, -0.123773, -0.697524), (0.705791, -0.123773, -0.697524), (0.998139, 0.0588988, -0.0157819), (0.998139, 0.0588988, -0.0157819), (0.705791, 0.241571, 0.66596), (0, 0.317236, 0.948347), (0.705791, 0.241571, 0.66596), (0, 0.317236, 0.948347), (0.705791, 0.241571, 0.66596), (0, 0.317236, 0.948347), (0, 0.317236, 0.948347), (-0.705791, 0.241571, 0.66596), (-0.705791, 0.241571, 0.66596), (-0.705791, 0.241571, 0.66596), (0, 0.317236, 0.948347), (0, 0.317236, 0.948347), (-0.998139, 0.0588988, -0.0157819), (-0.705791, 0.241571, 0.66596), (-0.998139, 0.0588988, -0.0157819), (-0.705791, 0.241571, 0.66596), (-0.998139, 0.0588988, -0.0157819), (-0.705791, 0.241571, 0.66596), (-0.705791, -0.123773, -0.697524), (0, -0.199439, -0.97991), (0, -0.199439, -0.97991), (0, -0.199439, -0.97991), (-0.705791, -0.123773, -0.697524), (-0.705791, -0.123773, -0.697524), (0, -0.199439, -0.97991), (0.705791, -0.123773, -0.697524), (0, -0.199439, -0.97991), (0.705791, -0.123773, -0.697524), (0, -0.199439, -0.97991), (0.705791, -0.123773, -0.697524), (-0.705791, -0.123773, -0.697524), (-0.998139, 0.0588988, -0.0157819), (-0.705791, -0.123773, -0.697524), (-0.998139, 0.0588988, -0.0157819), (-0.705791, -0.123773, -0.697524), (-0.998139, 0.0588988, -0.0157819), (0.705791, 0.241571, 0.66596), (0.998139, 0.0588988, -0.0157819), (0.998139, 0.0588988, -0.0157819), (0.998139, 0.0588988, -0.0157819), (0.705791, 0.241571, 0.66596), (0.705791, 0.241571, 0.66596), (0.724172, 0.230305, 0.650026), (1, 0, 0), (1, 0, 0), (1, 0, 0), (0.724172, 0.230305, 0.650026), (0.68871, 0.242133, 0.683411), (0, -0.965926, 0.258819), (0, -0.965926, 0.258819), (0, -0.965926, 0.258819), (0, -0.965926, 0.258819), (0, -0.965926, 0.258819), (0, -0.965926, 0.258819), (0.724172, 0.230305, 0.650026), (-0.68871, 0.242133, 0.683411), (0.68871, 0.242133, 0.683411), (-0.68871, 0.242133, 0.683411), (0.724172, 0.230305, 0.650026), (-0.724172, 0.230305, 0.650026), (-1, 0, 0), (-0.724172, 0.230305, 0.650026), (-1, 0, 0), (-0.724172, 0.230305, 0.650026), (-1, 0, 0), (-0.68871, 0.242133, 0.683411), (0, 0.965926, -0.258819), (0, 0.965926, -0.258819), (0, 0.965926, -0.258819), (0, 0.965926, -0.258819), (0, 0.965926, -0.258819), (0, 0.965926, -0.258819), (0, -0.258819, -0.965926), (0, -0.258819, -0.965926), (0, -0.258819, -0.965926), (0, -0.258819, -0.965926), (0, -0.258819, -0.965926), (0, -0.258819, -0.965926), (0.724172, 0.230305, 0.650026), (1, 0, 0), (1, 0, 0), (1, 0, 0), (0.724172, 0.230305, 0.650026), (0.68871, 0.242133, 0.683411), (0, -0.965926, 0.258819), (0, -0.965926, 0.258819), (0, -0.965926, 0.258819), (0, -0.965926, 0.258819), (0, -0.965926, 0.258819), (0, -0.965926, 0.258819), (0.724172, 0.230305, 0.650026), (-0.68871, 0.242133, 0.683411), (0.68871, 0.242133, 0.683411), (-0.68871, 0.242133, 0.683411), (0.724172, 0.230305, 0.650026), (-0.724172, 0.230305, 0.650026), (-1, 0, 0), (-0.724172, 0.230305, 0.650026), (-1, 0, 0), (-0.724172, 0.230305, 0.650026), (-1, 0, 0), (-0.68871, 0.242133, 0.683411), (0, 0.965926, -0.258819), (0, 0.965926, -0.258819), (0, 0.965926, -0.258819), (0, 0.965926, -0.258819), (0, 0.965926, -0.258819), (0, 0.965926, -0.258819), (0, -0.258819, -0.965926), (0, -0.258819, -0.965926), (0, -0.258819, -0.965926), (0, -0.258819, -0.965926), (0, -0.258819, -0.965926), (0, -0.258819, -0.965926), (0.724172, 0.230305, 0.650026), (1, 0, 0), (1, 0, 0), (1, 0, 0), (0.724172, 0.230305, 0.650026), (0.68871, 0.242133, 0.683411), (0, -0.965926, 0.258819), (0, -0.965926, 0.258819), (0, -0.965926, 0.258819), (0, -0.965926, 0.258819), (0, -0.965926, 0.258819), (0, -0.965926, 0.258819), (0.724172, 0.230305, 0.650026), (-0.68871, 0.242133, 0.683411), (0.68871, 0.242133, 0.683411), (-0.68871, 0.242133, 0.683411), (0.724172, 0.230305, 0.650026), (-0.724172, 0.230305, 0.650026), (-1, 0, 0), (-0.724172, 0.230305, 0.650026), (-1, 0, 0), (-0.724172, 0.230305, 0.650026), (-1, 0, 0), (-0.68871, 0.242133, 0.683411), (0, 0.965926, -0.258819), (0, 0.965926, -0.258819), (0, 0.965926, -0.258819), (0, 0.965926, -0.258819), (0, 0.965926, -0.258819), (0, 0.965926, -0.258819), (0, -0.258819, -0.965926), (0, -0.258819, -0.965926), (0, -0.258819, -0.965926), (0, -0.258819, -0.965926), (0, -0.258819, -0.965926), (0, -0.258819, -0.965926), (0.724172, 0.230305, 0.650026), (1, 0, 0), (1, 0, 0), (1, 0, 0), (0.724172, 0.230305, 0.650026), (0.68871, 0.242133, 0.683411), (0, -0.965926, 0.258819), (0, -0.965926, 0.258819), (0, -0.965926, 0.258819), (0, -0.965926, 0.258819), (0, -0.965926, 0.258819), (0, -0.965926, 0.258819), (0.724172, 0.230305, 0.650026), (-0.68871, 0.242133, 0.683411), (0.68871, 0.242133, 0.683411), (-0.68871, 0.242133, 0.683411), (0.724172, 0.230305, 0.650026), (-0.724172, 0.230305, 0.650026), (-1, 0, 0), (-0.724172, 0.230305, 0.650026), (-1, 0, 0), (-0.724172, 0.230305, 0.650026), (-1, 0, 0), (-0.68871, 0.242133, 0.683411), (0, 0.965926, -0.258819), (0, 0.965926, -0.258819), (0, 0.965926, -0.258819), (0, 0.965926, -0.258819), (0, 0.965926, -0.258819), (0, 0.965926, -0.258819), (0, -0.258819, -0.965926), (0, -0.258819, -0.965926), (0, -0.258819, -0.965926), (0, -0.258819, -0.965926), (0, -0.258819, -0.965926), (0, -0.258819, -0.965926), (-0.944184, -0.256547, -0.206642), (-0.867761, -0.0862452, -0.489441), (-0.940721, -0.282216, -0.188144), (-0.769388, 0.129481, -0.625521), (-0.819342, 0.294963, -0.491605), (-0.867761, -0.0862452, -0.489441), (0.821252, -0.198124, -0.535062), (0.941823, -0.256018, -0.21777), (0.874971, -0.0744821, -0.478413), (0.769389, 0.129481, -0.62552), (0.874971, -0.0744821, -0.478413), (0.819342, 0.294963, -0.491605), (-0.8167, -0.183758, -0.547023), (-0.867761, -0.0862452, -0.489441), (-0.944184, -0.256547, -0.206642), (-0.769388, 0.129481, -0.625521), (-0.867761, -0.0862452, -0.489441), (-0.8167, -0.183758, -0.547023), (0.931493, -0.279448, -0.232873), (0.941823, -0.256018, -0.21777), (0.821252, -0.198124, -0.535062), (0.821252, -0.198124, -0.535062), (0.874971, -0.0744821, -0.478413), (0.769389, 0.129481, -0.62552), (0, -1, 0), (0, -1, 0), (0, -1, 0), (0, -1, 0), (0, -1, 0), (0, -1, 0), (0, -1, 0), (0, -1, 0), (0, -1, 0), (-0.382683, 0, -0.92388), (0.382684, 0, -0.92388), (0.382684, 0, -0.92388), (0.382684, 0, -0.92388), (-0.382683, 0, -0.92388), (-0.382683, 0, -0.92388), (0.382684, 0, -0.92388), (0.92388, 0, -0.382683), (0.382684, 0, -0.92388), (0.92388, 0, -0.382683), (0.382684, 0, -0.92388), (0.92388, 0, -0.382683), (0.382684, 0, -0.92388), (0.92388, 0, -0.382683), (0.382684, 0, -0.92388), (0.92388, 0, -0.382683), (0.382684, 0, -0.92388), (0.92388, 0, -0.382683), (-0.92388, 0, 0.382683), (-0.92388, 0, -0.382684), (-0.92388, 0, 0.382683), (-0.92388, 0, -0.382684), (-0.92388, 0, 0.382683), (-0.92388, 0, -0.382684), (-0.382684, 0, 0.92388), (0.382683, 0, 0.92388), (0.382683, 0, 0.92388), (0.382683, 0, 0.92388), (-0.382684, 0, 0.92388), (-0.382684, 0, 0.92388), (0.92388, 0, -0.382683), (0.92388, 0, 0.382684), (0.92388, 0, -0.382683), (0.92388, 0, 0.382684), (0.92388, 0, -0.382683), (0.92388, 0, 0.382684), (-0.382684, 0, 0.92388), (-0.92388, 0, 0.382683), (-0.382684, 0, 0.92388), (-0.92388, 0, 0.382683), (-0.382684, 0, 0.92388), (-0.92388, 0, 0.382683), (0, -1, 0), (0, -1, 0), (0, -1, 0), (0, -1, 0), (0, -1, 0), (0, -1, 0), (0, -1, 0), (0, -1, 0), (0, -1, 0), (0, -1, 0), (0, -1, 0), (0, -1, 0), (0, -1, 0), (0, -1, 0), (0, -1, 0), (0, -1, 0), (0, -1, 0), (0, -1, 0), (0, -1, 0), (0, -1, 0), (0, -1, 0), (0, -1, 0), (0, -1, 0), (0, -1, 0), (0, -1, 0), (0, -1, 0), (0, -1, 0), (0, -1, 0), (0, -1, 0), (0, -1, 0), (0, -1, 0), (0, -1, 0), (0, -1, 0), (0, -1, 0), (0, -1, 0), (0, -1, 0), (-0.382683, 0, -0.92388), (0.382684, 0, -0.92388), (0.382684, 0, -0.92388), (0.382684, 0, -0.92388), (-0.382683, 0, -0.92388), (-0.382683, 0, -0.92388), (-0.382684, 0, 0.92388), (0.382683, 0, 0.92388), (0.382683, 0, 0.92388), (0.382683, 0, 0.92388), (-0.382684, 0, 0.92388), (-0.382684, 0, 0.92388), (0.92388, 0, -0.382683), (0.92388, 0, 0.382684), (0.92388, 0, -0.382683), (0.92388, 0, 0.382684), (0.92388, 0, -0.382683), (0.92388, 0, 0.382684), (0, 1, 0), (0, 1, 0), (0, 1, 0), (0, 1, 0), (0, 1, 0), (0, 1, 0), (0, 1, 0), (0, 1, 0), (0, 1, 0), (0, 1, 0), (0, 1, 0), (0, 1, 0), (0, 1, 0), (0, 1, 0), (0, 1, 0), (0, 1, 0), (0, 1, 0), (0, 1, 0), (-0.382684, 0, 0.92388), (-0.92388, 0, 0.382683), (-0.382684, 0, 0.92388), (-0.92388, 0, 0.382683), (-0.382684, 0, 0.92388), (-0.92388, 0, 0.382683), (0.382683, 0, 0.92388), (0.92388, 0, 0.382684), (0.92388, 0, 0.382684), (0.92388, 0, 0.382684), (0.382683, 0, 0.92388), (0.382683, 0, 0.92388), (0, 1, 0), (0, 1, 0), (0, 1, 0), (0, 1, 0), (0, 1, 0), (0, 1, 0), (0, 1, 0), (0, 1, 0), (0, 1, 0), (0, 1, 0), (0, 1, 0), (0, 1, 0), (0, 1, 0), (0, 1, 0), (0, 1, 0), (0, 1, 0), (0, 1, 0), (0, 1, 0), (-0.92388, 0, -0.382684), (-0.382683, 0, -0.92388), (-0.382683, 0, -0.92388), (-0.382683, 0, -0.92388), (-0.92388, 0, -0.382684), (-0.92388, 0, -0.382684), (0.382683, 0, 0.92388), (0.92388, 0, 0.382684), (0.92388, 0, 0.382684), (0.92388, 0, 0.382684), (0.382683, 0, 0.92388), (0.382683, 0, 0.92388), (-0.92388, 0, -0.382684), (-0.382683, 0, -0.92388), (-0.382683, 0, -0.92388), (-0.382683, 0, -0.92388), (-0.92388, 0, -0.382684), (-0.92388, 0, -0.382684), (-0.92388, 0, 0.382683), (-0.92388, 0, -0.382684), (-0.92388, 0, 0.382683), (-0.92388, 0, -0.382684), (-0.92388, 0, 0.382683), (-0.92388, 0, -0.382684), (0.957887, 0, 0.287145), (0.957887, 0, -0.287145), (0.957887, 0, 0.287145), (0.957887, 0, -0.287145), (0.957887, 0, 0.287145), (0.957887, 0, -0.287145), (-0.957887, 0, -0.287145), (-0.957887, 0, 0.287145), (-0.957887, 0, -0.287145), (-0.957887, 0, 0.287145), (-0.957887, 0, -0.287145), (-0.957887, 0, 0.287145), (0.957887, 0, 0.287145), (0.957887, 0, -0.287145), (0.957887, 0, 0.287145), (0.957887, 0, -0.287145), (0.957887, 0, 0.287145), (0.957887, 0, -0.287145), (-0.957887, 0, -0.287145), (-0.957887, 0, 0.287145), (-0.957887, 0, -0.287145), (-0.957887, 0, 0.287145), (-0.957887, 0, -0.287145), (-0.957887, 0, 0.287145), (0.957887, 0, -0.287145), (0.835095, 0, -0.550105), (0.957887, 0, -0.287145), (0.835095, 0, -0.550105), (0.957887, 0, -0.287145), (0.957887, 0, -0.287145), (0.957887, 0, -0.287145), (0.957887, 0, -0.287145), (0.957887, 0, -0.287145), (0.957887, 0, -0.287145), (0.957887, 0, -0.287145), (0.835095, 0, -0.550105), (-0.957887, 0, 0.287145), (-0.835095, 0, 0.550105), (-0.957887, 0, 0.287145), (-0.957887, 0, 0.287145), (-0.957887, 0, 0.287145), (-0.835095, 0, 0.550105), (-0.957887, 0, 0.287145), (-0.957887, 0, 0.287145), (-0.957887, 0, 0.287145), (-0.835095, 0, 0.550105), (-0.957887, 0, 0.287145), (-0.957887, 0, 0.287145), (0.957887, 0, -0.287145), (0.957887, 0, 0.287145), (0.957887, 0, -0.287145), (0.957887, 0, 0.287145), (0.957887, 0, -0.287145), (0.957887, 0, 0.287145), (-0.957887, 0, 0.287145), (-0.957887, 0, -0.287145), (-0.957887, 0, 0.287145), (-0.957887, 0, -0.287145), (-0.957887, 0, 0.287145), (-0.957887, 0, -0.287145), (0.957887, 0, -0.287145), (0.835095, 0, -0.550105), (0.957887, 0, -0.287145), (0.835095, 0, -0.550105), (0.957887, 0, -0.287145), (0.835095, 0, -0.550105), (-0.957887, 0, 0.287145), (-0.835095, 0, 0.550105), (-0.957887, 0, 0.287145), (-0.835095, 0, 0.550105), (-0.957887, 0, 0.287145), (-0.835095, 0, 0.550105), (0.957887, 0, 0.287145), (0.957887, 0, 0.287145), (0.957887, 0, 0.287145), (0.957887, 0, 0.287145), (0.957887, 0, 0.287145), (0.957887, 0, 0.287145), (-0.957887, 0, -0.287145), (-0.957887, 0, -0.287145), (-0.957887, 0, -0.287145), (-0.957887, 0, -0.287145), (-0.957887, 0, -0.287145), (-0.957887, 0, -0.287145), (0.835095, 0, 0.550106), (0.957887, 0, 0.287145), (0.835095, 0, 0.550106), (0.957887, 0, 0.287145), (0.835095, 0, 0.550106), (0.957887, 0, 0.287145), (-0.835095, 0, -0.550106), (-0.957887, 0, -0.287145), (-0.835095, 0, -0.550106), (-0.957887, 0, -0.287145), (-0.835095, 0, -0.550106), (-0.957887, 0, -0.287145), (5.60985e-08, -0.882353, 0.470588), (2.0871e-08, -0.984554, 0.175078), (2.0871e-08, -0.984554, 0.175078), (0.892871, -0.191577, 0.40753), (0.802435, -0.0637905, 0.593321), (0.903171, -0.224649, 0.365807), (0.8, 0, 0.6), (0.802435, -0.0637905, 0.593321), (0.892871, -0.191577, 0.40753), (-0.894142, -0.210596, 0.39517), (-0.945074, -0.248177, 0.212705), (-0.91243, -0.205297, 0.354013), (-0.931493, -0.279448, 0.232873), (-0.945074, -0.248177, 0.212705), (-0.894142, -0.210596, 0.39517), (0.945086, -0.248312, 0.212493), (0.903171, -0.224649, 0.365807), (0.940721, -0.282216, 0.188144), (0.892871, -0.191577, 0.40753), (0.903171, -0.224649, 0.365807), (0.945086, -0.248312, 0.212493), (-0.894142, -0.210596, 0.39517), (-0.91243, -0.205297, 0.354013), (-0.802435, -0.0637905, 0.593321), (-0.894142, -0.210596, 0.39517), (-0.802435, -0.0637905, 0.593321), (-0.8, 0, 0.6), (2.0871e-08, -0.984554, 0.175078), (0, -1, 0), (0, -1, 0), (0, -1, 0), (2.0871e-08, -0.984554, 0.175078), (2.0871e-08, -0.984554, 0.175078), (0, -1, 0), (0, -1, 0), (0, -1, 0), (0, -1, 0), (0, -1, 0), (0, -1, 0), (-0.957826, -0.287348, -1.14182e-07), (-0.957826, -0.287348, -1.14182e-07), (-0.957826, -0.287348, -1.14182e-07), (-0.957826, -0.287348, -1.14182e-07), (-0.957826, -0.287348, -1.14182e-07), (-0.957826, -0.287348, -1.14182e-07), (0.957826, -0.287348, 1.14182e-07), (0.957826, -0.287348, 1.14182e-07), (0.957826, -0.287348, 1.14182e-07), (0.957826, -0.287348, 1.14182e-07), (0.957826, -0.287348, 1.14182e-07), (0.957826, -0.287348, 1.14182e-07), (0.957887, 0, 0.287145), (0.957887, 0, 0.287145), (0.957887, 0, 0.287145), (0.957887, 0, 0.287145), (0.957887, 0, 0.287145), (0.957887, 0, 0.287145), (-0.957887, 0, -0.287145), (-0.957887, 0, -0.287145), (-0.957887, 0, -0.287145), (-0.957887, 0, -0.287145), (-0.957887, 0, -0.287145), (-0.957887, 0, -0.287145), (0.835095, 0, -0.550105), (0.957887, 0, -0.287145), (0.957887, 0, -0.287145), (0.957887, 0, -0.287145), (0.835095, 0, -0.550105), (0.835095, 0, -0.550105), (0.835095, 0, -0.550105), (0.835095, 0, -0.550105), (0.957887, 0, -0.287145), (0.835095, 0, -0.550105), (0.957887, 0, -0.287145), (0.957887, 0, -0.287145), (-0.957887, 0, 0.287145), (-0.957887, 0, 0.287145), (-0.835095, 0, 0.550105), (-0.835095, 0, 0.550105), (-0.835095, 0, 0.550105), (-0.957887, 0, 0.287145), (-0.957887, 0, 0.287145), (-0.835095, 0, 0.550105), (-0.835095, 0, 0.550105), (-0.957887, 0, 0.287145), (-0.957887, 0, 0.287145), (-0.835095, 0, 0.550105), (0.957887, 0, -0.287145), (0.957887, 0, 0.287145), (0.957887, 0, 0.287145), (0.957887, 0, 0.287145), (0.957887, 0, -0.287145), (0.957887, 0, -0.287145), (-0.957887, 0, -0.287145), (-0.957887, 0, -0.287145), (-0.957887, 0, 0.287145), (-0.957887, 0, 0.287145), (-0.957887, 0, 0.287145), (-0.957887, 0, -0.287145), (0.957887, 0, 0.287145), (0.957887, 0, -0.287145), (0.957887, 0, -0.287145), (0.957887, 0, -0.287145), (0.957887, 0, 0.287145), (0.957887, 0, 0.287145), (-0.957887, 0, 0.287145), (-0.957887, 0, 0.287145), (-0.957887, 0, -0.287145), (-0.957887, 0, -0.287145), (-0.957887, 0, -0.287145), (-0.957887, 0, 0.287145), (0.835095, 0, -0.550105), (0.957887, 0, -0.287145), (0.957887, 0, -0.287145), (0.957887, 0, -0.287145), (0.835095, 0, -0.550105), (0.835095, 0, -0.550105), (-0.957887, 0, 0.287145), (-0.957887, 0, 0.287145), (-0.835095, 0, 0.550105), (-0.835095, 0, 0.550105), (-0.835095, 0, 0.550105), (-0.957887, 0, 0.287145), (0.957887, 0, 0.287145), (0.835095, 0, 0.550105), (0.835095, 0, 0.550105), (0.835095, 0, 0.550105), (0.957887, 0, 0.287145), (0.957887, 0, 0.287145), (-0.835095, 0, -0.550105), (-0.835095, 0, -0.550105), (-0.957887, 0, -0.287145), (-0.957887, 0, -0.287145), (-0.957887, 0, -0.287145), (-0.835095, 0, -0.550105), (0.957887, 0, -0.287145), (0.957887, 0, 0.287145), (0.957887, 0, 0.287145), (0.957887, 0, 0.287145), (0.957887, 0, -0.287145), (0.957887, 0, -0.287145), (-0.957887, 0, -0.287145), (-0.957887, 0, -0.287145), (-0.957887, 0, 0.287145), (-0.957887, 0, 0.287145), (-0.957887, 0, 0.287145), (-0.957887, 0, -0.287145), (0.382683, 0, 0.923879), (0.923879, 0, 0.382683), (0.923879, 0, 0.382683), (0.923879, 0, 0.382683), (0.382683, 0, 0.923879), (0.382683, 0, 0.923879), (-0.382683, 0, -0.923879), (0.382683, 0, -0.923879), (-0.382683, 0, -0.923879), (0.382683, 0, -0.923879), (-0.382683, 0, -0.923879), (0.382683, 0, -0.923879), (0, 1, 0), (0, 1, 0), (0, 1, 0), (0, 1, 0), (0, 1, 0), (0, 1, 0), (0, 1, 0), (0, 1, 0), (0, 1, 0), (0, 1, 0), (0, 1, 0), (0, 1, 0), (0, 1, 0), (0, 1, 0), (0, 1, 0), (0, 1, 0), (0, 1, 0), (0, 1, 0), (0, -1, 0), (0, -1, 0), (0, -1, 0), (0, -1, 0), (0, -1, 0), (0, -1, 0), (0, -1, 0), (0, -1, 0), (0, -1, 0), (0, -1, 0), (0, -1, 0), (0, -1, 0), (0, -1, 0), (0, -1, 0), (0, -1, 0), (0, -1, 0), (0, -1, 0), (0, -1, 0), (0, -1, 0), (0, -1, 0), (0, -1, 0), (0, -1, 0), (0, -1, 0), (0, -1, 0), (0, -1, 0), (0, -1, 0), (0, -1, 0), (0, -1, 0), (0, -1, 0), (0, -1, 0), (0, -1, 0), (0, -1, 0), (0, -1, 0), (0, -1, 0), (0, -1, 0), (0, -1, 0), (-0.382683, 0, -0.923879), (0.382683, 0, -0.923879), (-0.382683, 0, -0.923879), (0.382683, 0, -0.923879), (-0.382683, 0, -0.923879), (0.382683, 0, -0.923879), (0.923879, 0, 0.382683), (0.923879, 0, -0.382683), (0.923879, 0, -0.382683), (0.923879, 0, -0.382683), (0.923879, 0, 0.382683), (0.923879, 0, 0.382683), (0.382683, 0, 0.923879), (-0.382683, 0, 0.923879), (0.382683, 0, 0.923879), (-0.382683, 0, 0.923879), (0.382683, 0, 0.923879), (-0.382683, 0, 0.923879), (0.923879, 0, -0.382683), (0.382683, 0, -0.923879), (0.382683, 0, -0.923879), (0.382683, 0, -0.923879), (0.923879, 0, -0.382683), (0.923879, 0, -0.382683), (-0.923879, 0, 0.382683), (-0.923879, 0, -0.382683), (-0.923879, 0, -0.382683), (-0.923879, 0, -0.382683), (-0.923879, 0, 0.382683), (-0.923879, 0, 0.382683), (-0.382683, 0, 0.923879), (-0.923879, 0, 0.382683), (-0.382683, 0, 0.923879), (-0.923879, 0, 0.382683), (-0.382683, 0, 0.923879), (-0.923879, 0, 0.382683), (0, 1, 0), (0, 1, 0), (0, 1, 0), (0, 1, 0), (0, 1, 0), (0, 1, 0), (0, 1, 0), (0, 1, 0), (0, 1, 0), (0, 1, 0), (0, 1, 0), (0, 1, 0), (0, 1, 0), (0, 1, 0), (0, 1, 0), (0, 1, 0), (0, 1, 0), (0, 1, 0), (-0.923879, 0, 0.382683), (-0.923879, 0, -0.382683), (-0.923879, 0, -0.382683), (-0.923879, 0, -0.382683), (-0.923879, 0, 0.382683), (-0.923879, 0, 0.382683), (0.382683, 0, 0.923879), (-0.382683, 0, 0.923879), (0.382683, 0, 0.923879), (-0.382683, 0, 0.923879), (0.382683, 0, 0.923879), (-0.382683, 0, 0.923879), (0.923879, 0, 0.382683), (0.923879, 0, -0.382683), (0.923879, 0, -0.382683), (0.923879, 0, -0.382683), (0.923879, 0, 0.382683), (0.923879, 0, 0.382683), (-0.923879, 0, -0.382683), (-0.382683, 0, -0.923879), (-0.923879, 0, -0.382683), (-0.382683, 0, -0.923879), (-0.923879, 0, -0.382683), (-0.382683, 0, -0.923879), (0.923879, 0, -0.382683), (0.382683, 0, -0.923879), (0.382683, 0, -0.923879), (0.382683, 0, -0.923879), (0.923879, 0, -0.382683), (0.923879, 0, -0.382683), (-0.923879, 0, -0.382683), (-0.382683, 0, -0.923879), (-0.923879, 0, -0.382683), (-0.382683, 0, -0.923879), (-0.923879, 0, -0.382683), (-0.382683, 0, -0.923879), (0.382683, 0, 0.923879), (0.923879, 0, 0.382683), (0.923879, 0, 0.382683), (0.923879, 0, 0.382683), (0.382683, 0, 0.923879), (0.382683, 0, 0.923879), (-0.382683, 0, 0.923879), (-0.923879, 0, 0.382683), (-0.382683, 0, 0.923879), (-0.923879, 0, 0.382683), (-0.382683, 0, 0.923879), (-0.923879, 0, 0.382683), (-1.19209e-07, 0, 1), (-1.19209e-07, 0, 1), (-1.19209e-07, 0, 1), (-1.19209e-07, 0, 1), (-1.19209e-07, 0, 1), (-1.19209e-07, 0, 1), (-1.19209e-07, 0, 1), (-1.10854e-07, 0.367792, 0.929908), (-1.19209e-07, 0, 1), (-1.19209e-07, 0, 1), (-1.10854e-07, 0.367792, 0.929908), (-1.19209e-07, 0, 1), (-1.10854e-07, 0.367792, 0.929908), (-1.19209e-07, 0, 1), (-1.09443e-07, 0.396415, 0.918072), (-1.19209e-07, 0, 1), (-1.09443e-07, 0.396415, 0.918072), (-1.19209e-07, 0, 1), (-1.19209e-07, 0, 1), (-1.09443e-07, 0.396415, 0.918072), (-1.19209e-07, 0, 1), (-1.09443e-07, 0.396415, 0.918072), (-1.19209e-07, 0, 1), (-1.10854e-07, 0.367792, 0.929908), (0, 1, 0), (-4.15514e-08, 0.937287, 0.348558), (-4.97489e-08, 0.908758, 0.417324), (-4.15514e-08, 0.937287, 0.348558), (0, 1, 0), (0, 1, 0), (0, 1, 0), (0, 1, 0), (0, 1, 0), (0, 1, 0), (0, 1, 0), (0, 1, 0), (0, 1, 0), (0, 1, 0), (0, 1, 0), (0, 1, 0), (0, 1, 0), (0, 1, 0), (0, 1, 0), (-4.15514e-08, 0.937287, 0.348558), (0, 1, 0), (-4.15514e-08, 0.937287, 0.348558), (0, 1, 0), (-4.97489e-08, 0.908758, 0.417324), (-4.97489e-08, 0.908758, 0.417324), (-1.09443e-07, 0.396415, 0.918072), (-4.15514e-08, 0.937287, 0.348558), (-1.09443e-07, 0.396415, 0.918072), (-4.97489e-08, 0.908758, 0.417324), (-1.10854e-07, 0.367792, 0.929908), (-4.97489e-08, 0.908758, 0.417324), (-1.09443e-07, 0.396415, 0.918072), (-1.10854e-07, 0.367792, 0.929908), (-1.09443e-07, 0.396415, 0.918072), (-4.97489e-08, 0.908758, 0.417324), (-4.15514e-08, 0.937287, 0.348558), (0, 1, 0), (-3.47226e-08, 0.956639, -0.291274), (-4.58676e-08, 0.923014, -0.384765), (-3.47226e-08, 0.956639, -0.291274), (0, 1, 0), (0, 1, 0), (0, 1, 0), (0, 1, 0), (0, 1, 0), (0, 1, 0), (0, 1, 0), (0, 1, 0), (0, 1, 0), (0, 1, 0), (0, 1, 0), (0, 1, 0), (0, 1, 0), (0, 1, 0), (-4.58676e-08, 0.923014, -0.384765), (0, 1, 0), (0, 1, 0), (0, 1, 0), (-4.58676e-08, 0.923014, -0.384765), (-3.47226e-08, 0.956639, -0.291274), (-1.19209e-07, 0, -1), (-1.19209e-07, 0, -1), (-1.19209e-07, 0, -1), (-1.19209e-07, 0, -1), (-1.19209e-07, 0, -1), (-1.19209e-07, 0, -1), (-1.19209e-07, 0, -1), (-1.09454e-07, 0.396201, -0.918164), (-1.19209e-07, 0, -1), (-1.19209e-07, 0, -1), (-1.09454e-07, 0.396201, -0.918164), (-1.19209e-07, 0, -1), (-1.09454e-07, 0.396201, -0.918164), (-1.19209e-07, 0, -1), (-1.07676e-07, 0.429113, -0.903251), (-1.19209e-07, 0, -1), (-1.07676e-07, 0.429113, -0.903251), (-1.19209e-07, 0, -1), (-1.19209e-07, 0, -1), (-1.07676e-07, 0.429113, -0.903251), (-1.19209e-07, 0, -1), (-1.07676e-07, 0.429113, -0.903251), (-1.19209e-07, 0, -1), (-1.09454e-07, 0.396201, -0.918164), (-4.58676e-08, 0.923014, -0.384765), (-1.07676e-07, 0.429113, -0.903251), (-1.09454e-07, 0.396201, -0.918164), (-1.07676e-07, 0.429113, -0.903251), (-4.58676e-08, 0.923014, -0.384765), (-3.47226e-08, 0.956639, -0.291274), (-4.58676e-08, 0.923014, -0.384765), (-1.07676e-07, 0.429113, -0.903251), (-3.47226e-08, 0.956639, -0.291274), (-1.07676e-07, 0.429113, -0.903251), (-4.58676e-08, 0.923014, -0.384765), (-1.09454e-07, 0.396201, -0.918164), (0, 1, 0), (0, 1, 0), (0, 1, 0), (0, 1, 0), (0, 1, 0), (0, 1, 0), (0, 1, 0), (0, 1, 0), (0, 1, 0), (0, 1, 0), (0, 1, 0), (0, 1, 0), (0, 1, 0), (0, 1, 0), (0, 1, 0), (0, 1, 0), (0, 1, 0), (0, 1, 0), (0, 1, 0), (0, 1, 0), (0, 1, 0), (0, 1, 0), (0, 1, 0), (0, 1, 0), (0, 1, 0), (0, 1, 0), (0, 1, 0), (0, 1, 0), (0, 1, 0), (0, 1, 0), (-0.70695, 0.0210402, -0.70695), (0.70695, 0.0210402, -0.70695), (0.70695, 0.0210402, -0.70695), (0.70695, 0.0210402, -0.70695), (-0.70695, 0.0210402, -0.70695), (-0.70695, 0.0210402, -0.70695), (0.70695, 0.0210402, 0.70695), (-0.70695, 0.0210402, 0.70695), (0.70695, 0.0210402, 0.70695), (-0.70695, 0.0210402, 0.70695), (0.70695, 0.0210402, 0.70695), (-1.19196e-07, 0.0148793, 0.999889), (-0.70695, 0.0210402, 0.70695), (-1.19196e-07, 0.0148793, 0.999889), (-0.70695, 0.0210402, 0.70695), (-0.70695, 0.0210402, 0.70695), (-0.70695, 0.0210402, -0.70695), (-0.70695, 0.0210402, 0.70695), (-0.70695, 0.0210402, -0.70695), (-0.70695, 0.0210402, 0.70695), (-0.70695, 0.0210402, -0.70695), (0.70695, 0.0210402, -0.70695), (0.70695, 0.0210402, 0.70695), (0.70695, 0.0210402, -0.70695), (0.70695, 0.0210402, 0.70695), (0.70695, 0.0210402, -0.70695), (0.70695, 0.0210402, 0.70695), (-1.19209e-07, 0, 1), (-1.19209e-07, 0, 1), (-1.19209e-07, 0, 1), (-1.19209e-07, 0, 1), (-1.19209e-07, 0, 1), (-1.19209e-07, 0, 1), (1, 0, 1.19209e-07), (1, 0, 1.19209e-07), (1, 0, 1.19209e-07), (1, 0, 1.19209e-07), (1, 0, 1.19209e-07), (1, 0, 1.19209e-07), (-1, 0, -1.19209e-07), (-1, 0, -1.19209e-07), (-1, 0, -1.19209e-07), (-1, 0, -1.19209e-07), (-1, 0, -1.19209e-07), (-1, 0, -1.19209e-07), (1.19209e-07, 0, -1), (1.19209e-07, 0, -1), (1.19209e-07, 0, -1), (1.19209e-07, 0, -1), (1.19209e-07, 0, -1), (1.19209e-07, 0, -1), (0, 1, 0), (0, 1, 0), (0, 1, 0), (0, 1, 0), (0, 1, 0), (0, 1, 0), (1.19209e-07, 0, -1), (1.19209e-07, 0, -1), (1.19209e-07, 0, -1), (1.19209e-07, 0, -1), (1.19209e-07, 0, -1), (1.19209e-07, 0, -1), (-1, 0, -1.19209e-07), (-1, 0, -1.19209e-07), (-1, 0, -1.19209e-07), (-1, 0, -1.19209e-07), (-1, 0, -1.19209e-07), (-1, 0, -1.19209e-07), (-1.19209e-07, 0, 1), (-1.19209e-07, 0, 1), (-1.19209e-07, 0, 1), (-1.19209e-07, 0, 1), (-1.19209e-07, 0, 1), (-1.19209e-07, 0, 1), (1, 0, 1.19209e-07), (1, 0, 1.19209e-07), (1, 0, 1.19209e-07), (1, 0, 1.19209e-07), (1, 0, 1.19209e-07), (1, 0, 1.19209e-07), (0, 1, 0), (0, 1, 0), (0, 1, 0), (0, 1, 0), (0, 1, 0), (0, 1, 0), (0, 1, 0), (0, 1, 0), (0, 1, 0), (0, 1, 0), (0, 1, 0), (0, 1, 0), (0, 1, 0), (0, 1, 0), (0, 1, 0), (0, 1, 0), (0, 1, 0), (0, 1, 0), (0, 1, 0), (0, 1, 0), (0, 1, 0), (0, 1, 0), (0, 1, 0), (0, 1, 0), (0, 1, 0), (0, 1, 0), (0, 1, 0), (0, 1, 0), (0, 1, 0), (0, 1, 0), (0, 1, 0), (0, 1, 0), (0, 1, 0), (0, 1, 0), (0, 1, 0), (0, 1, 0), (0, 1, 0), (0, 1, 0), (0, 1, 0), (0, 1, 0), (0, 1, 0), (0, 1, 0), (-0.70695, 0.0210402, -0.70695), (0.70695, 0.0210402, -0.70695), (-0.70695, 0.0210402, -0.70695), (0.70695, 0.0210402, -0.70695), (-0.70695, 0.0210402, -0.70695), (0, 0.0148793, -0.999889), (0.70695, 0.0210402, -0.70695), (0.70695, 0.0210402, -0.70695), (0, 0.0148793, -0.999889), (0.70695, 0.0210402, -0.70695), (0.70695, 0.0210402, 0.70695), (0.70695, 0.0210402, -0.70695), (0.70695, 0.0210402, 0.70695), (0.70695, 0.0210402, -0.70695), (0.70695, 0.0210402, 0.70695), (-0.70695, 0.0210402, 0.70695), (-0.70695, 0.0210402, -0.70695), (-0.70695, 0.0210402, -0.70695), (-0.70695, 0.0210402, -0.70695), (-0.70695, 0.0210402, 0.70695), (-0.70695, 0.0210402, 0.70695), (0.70695, 0.0210402, 0.70695), (-0.70695, 0.0210402, 0.70695), (0.70695, 0.0210402, 0.70695), (-0.70695, 0.0210402, 0.70695), (0.70695, 0.0210402, 0.70695), (-0.70695, 0.0210402, 0.70695), (0.892275, 0.451491, 0), (0.786567, 0.511336, 0.346191), (0.892275, 0.451491, 0), (0.786567, 0.511336, 0.346191), (0.892275, 0.451491, 0), (0.823836, 0.488942, 0.286758), (0, 1, 0), (0, 1, 0), (0, 1, 0), (0, 1, 0), (0, 1, 0), (0, 1, 0), (0, 1, 0), (0, 1, 0), (0, 1, 0), (0, 1, 0), (0, 1, 0), (0, 1, 0), (0, 1, 0), (0, 1, 0), (0, 1, 0), (0, 1, 0), (0, 1, 0), (0, 1, 0), (0.823836, 0.488942, -0.286758), (0.892275, 0.451491, 0), (0.786567, 0.511336, -0.346191), (0.892275, 0.451491, 0), (0.823836, 0.488942, -0.286758), (0.892275, 0.451491, 0), (0.714811, 0.542542, -0.441241), (0.786567, 0.511336, -0.346191), (0.714811, 0.542542, -0.441241), (0.786567, 0.511336, -0.346191), (0.714811, 0.542542, -0.441241), (0.823836, 0.488942, -0.286758), (0.714811, 0.542542, 0.441241), (0.786567, 0.511336, 0.346191), (0.823836, 0.488942, 0.286758), (0.786567, 0.511336, 0.346191), (0.714811, 0.542542, 0.441241), (0.714811, 0.542542, 0.441241), (-0.786567, 0.511336, -0.346191), (-0.714811, 0.542542, -0.441241), (-0.714811, 0.542542, -0.441241), (-0.714811, 0.542542, -0.441241), (-0.786567, 0.511336, -0.346191), (-0.823836, 0.488942, -0.286758), (-0.892275, 0.451491, 0), (-0.823836, 0.488942, -0.286758), (-0.786567, 0.511336, -0.346191), (-0.823836, 0.488942, -0.286758), (-0.892275, 0.451491, 0), (-0.892275, 0.451491, 0), (-0.892275, 0.451491, 0), (-0.823836, 0.488942, 0.286758), (-0.892275, 0.451491, 0), (-0.823836, 0.488942, 0.286758), (-0.892275, 0.451491, 0), (-0.786567, 0.511336, 0.346191), (-0.786567, 0.511336, 0.346191), (-0.714811, 0.542542, 0.441241), (-0.823836, 0.488942, 0.286758), (-0.714811, 0.542542, 0.441241), (-0.786567, 0.511336, 0.346191), (-0.714811, 0.542542, 0.441241), (0.892275, 0.451491, 0), (0.786567, 0.511336, 0.346191), (0.892275, 0.451491, 0), (0.786567, 0.511336, 0.346191), (0.892275, 0.451491, 0), (0.823836, 0.488942, 0.286758), (0, 1, 0), (0, 1, 0), (0, 1, 0), (0, 1, 0), (0, 1, 0), (0, 1, 0), (0, 1, 0), (0, 1, 0), (0, 1, 0), (0, 1, 0), (0, 1, 0), (0, 1, 0), (0, 1, 0), (0, 1, 0), (0, 1, 0), (0, 1, 0), (0, 1, 0), (0, 1, 0), (0.823836, 0.488942, -0.286758), (0.892275, 0.451491, 0), (0.786567, 0.511336, -0.346191), (0.892275, 0.451491, 0), (0.823836, 0.488942, -0.286758), (0.892275, 0.451491, 0), (0.714811, 0.542542, -0.441241), (0.786567, 0.511336, -0.346191), (0.714811, 0.542542, -0.441241), (0.786567, 0.511336, -0.346191), (0.714811, 0.542542, -0.441241), (0.823836, 0.488942, -0.286758), (0.714811, 0.542542, 0.441241), (0.786567, 0.511336, 0.346191), (0.823836, 0.488942, 0.286758), (0.786567, 0.511336, 0.346191), (0.714811, 0.542542, 0.441241), (0.714811, 0.542542, 0.441241), (-0.786567, 0.511336, -0.346191), (-0.714811, 0.542542, -0.441241), (-0.714811, 0.542542, -0.441241), (-0.714811, 0.542542, -0.441241), (-0.786567, 0.511336, -0.346191), (-0.823836, 0.488942, -0.286758), (-0.892275, 0.451491, 0), (-0.823836, 0.488942, -0.286758), (-0.786567, 0.511336, -0.346191), (-0.823836, 0.488942, -0.286758), (-0.892275, 0.451491, 0), (-0.892275, 0.451491, 0), (-0.892275, 0.451491, 0), (-0.823836, 0.488942, 0.286758), (-0.892275, 0.451491, 0), (-0.823836, 0.488942, 0.286758), (-0.892275, 0.451491, 0), (-0.786567, 0.511336, 0.346191), (-0.786567, 0.511336, 0.346191), (-0.714811, 0.542542, 0.441241), (-0.823836, 0.488942, 0.286758), (-0.714811, 0.542542, 0.441241), (-0.786567, 0.511336, 0.346191), (-0.714811, 0.542542, 0.441241), (0.892275, 0.451491, 0), (0.786567, 0.511336, 0.346191), (0.892275, 0.451491, 0), (0.786567, 0.511336, 0.346191), (0.892275, 0.451491, 0), (0.823836, 0.488942, 0.286758), (0, 1, 0), (0, 1, 0), (0, 1, 0), (0, 1, 0), (0, 1, 0), (0, 1, 0), (0, 1, 0), (0, 1, 0), (0, 1, 0), (0, 1, 0), (0, 1, 0), (0, 1, 0), (0, 1, 0), (0, 1, 0), (0, 1, 0), (0, 1, 0), (0, 1, 0), (0, 1, 0), (0.823836, 0.488942, -0.286758), (0.892275, 0.451491, 0), (0.786567, 0.511336, -0.346191), (0.892275, 0.451491, 0), (0.823836, 0.488942, -0.286758), (0.892275, 0.451491, 0), (0.714811, 0.542542, -0.441241), (0.786567, 0.511336, -0.346191), (0.714811, 0.542542, -0.441241), (0.786567, 0.511336, -0.346191), (0.714811, 0.542542, -0.441241), (0.823836, 0.488942, -0.286758), (0.714811, 0.542542, 0.441241), (0.786567, 0.511336, 0.346191), (0.823836, 0.488942, 0.286758), (0.786567, 0.511336, 0.346191), (0.714811, 0.542542, 0.441241), (0.714811, 0.542542, 0.441241), (-0.786567, 0.511336, -0.346191), (-0.714811, 0.542542, -0.441241), (-0.714811, 0.542542, -0.441241), (-0.714811, 0.542542, -0.441241), (-0.786567, 0.511336, -0.346191), (-0.823836, 0.488942, -0.286758), (-0.892275, 0.451491, 0), (-0.823836, 0.488942, -0.286758), (-0.786567, 0.511336, -0.346191), (-0.823836, 0.488942, -0.286758), (-0.892275, 0.451491, 0), (-0.892275, 0.451491, 0), (-0.892275, 0.451491, 0), (-0.823836, 0.488942, 0.286758), (-0.892275, 0.451491, 0), (-0.823836, 0.488942, 0.286758), (-0.892275, 0.451491, 0), (-0.786567, 0.511336, 0.346191), (-0.786567, 0.511336, 0.346191), (-0.714811, 0.542542, 0.441241), (-0.823836, 0.488942, 0.286758), (-0.714811, 0.542542, 0.441241), (-0.786567, 0.511336, 0.346191), (-0.714811, 0.542542, 0.441241), (0.892275, 0.451491, 0), (0.786567, 0.511336, 0.346191), (0.892275, 0.451491, 0), (0.786567, 0.511336, 0.346191), (0.892275, 0.451491, 0), (0.823836, 0.488942, 0.286758), (0, 1, 0), (0, 1, 0), (0, 1, 0), (0, 1, 0), (0, 1, 0), (0, 1, 0), (0, 1, 0), (0, 1, 0), (0, 1, 0), (0, 1, 0), (0, 1, 0), (0, 1, 0), (0, 1, 0), (0, 1, 0), (0, 1, 0), (0, 1, 0), (0, 1, 0), (0, 1, 0), (0.823836, 0.488942, -0.286758), (0.892275, 0.451491, 0), (0.786567, 0.511336, -0.346191), (0.892275, 0.451491, 0), (0.823836, 0.488942, -0.286758), (0.892275, 0.451491, 0), (0.714811, 0.542542, -0.441241), (0.786567, 0.511336, -0.346191), (0.714811, 0.542542, -0.441241), (0.786567, 0.511336, -0.346191), (0.714811, 0.542542, -0.441241), (0.823836, 0.488942, -0.286758), (0.714811, 0.542542, 0.441241), (0.786567, 0.511336, 0.346191), (0.823836, 0.488942, 0.286758), (0.786567, 0.511336, 0.346191), (0.714811, 0.542542, 0.441241), (0.714811, 0.542542, 0.441241), (-0.786567, 0.511336, -0.346191), (-0.714811, 0.542542, -0.441241), (-0.714811, 0.542542, -0.441241), (-0.714811, 0.542542, -0.441241), (-0.786567, 0.511336, -0.346191), (-0.823836, 0.488942, -0.286758), (-0.892275, 0.451491, 0), (-0.823836, 0.488942, -0.286758), (-0.786567, 0.511336, -0.346191), (-0.823836, 0.488942, -0.286758), (-0.892275, 0.451491, 0), (-0.892275, 0.451491, 0), (-0.892275, 0.451491, 0), (-0.823836, 0.488942, 0.286758), (-0.892275, 0.451491, 0), (-0.823836, 0.488942, 0.286758), (-0.892275, 0.451491, 0), (-0.786567, 0.511336, 0.346191), (-0.786567, 0.511336, 0.346191), (-0.714811, 0.542542, 0.441241), (-0.823836, 0.488942, 0.286758), (-0.714811, 0.542542, 0.441241), (-0.786567, 0.511336, 0.346191), (-0.714811, 0.542542, 0.441241), (0.892275, 0.451491, 0), (0.786567, 0.511336, 0.346191), (0.892275, 0.451491, 0), (0.786567, 0.511336, 0.346191), (0.892275, 0.451491, 0), (0.823836, 0.488942, 0.286758), (0, 1, 0), (0, 1, 0), (0, 1, 0), (0, 1, 0), (0, 1, 0), (0, 1, 0), (0, 1, 0), (0, 1, 0), (0, 1, 0), (0, 1, 0), (0, 1, 0), (0, 1, 0), (0, 1, 0), (0, 1, 0), (0, 1, 0), (0, 1, 0), (0, 1, 0), (0, 1, 0), (0.823836, 0.488942, -0.286758), (0.892275, 0.451491, 0), (0.786567, 0.511336, -0.346191), (0.892275, 0.451491, 0), (0.823836, 0.488942, -0.286758), (0.892275, 0.451491, 0), (0.714811, 0.542542, -0.441241), (0.786567, 0.511336, -0.346191), (0.714811, 0.542542, -0.441241), (0.786567, 0.511336, -0.346191), (0.714811, 0.542542, -0.441241), (0.823836, 0.488942, -0.286758), (0.714811, 0.542542, 0.441241), (0.786567, 0.511336, 0.346191), (0.823836, 0.488942, 0.286758), (0.786567, 0.511336, 0.346191), (0.714811, 0.542542, 0.441241), (0.714811, 0.542542, 0.441241), (-0.786567, 0.511336, -0.346191), (-0.714811, 0.542542, -0.441241), (-0.714811, 0.542542, -0.441241), (-0.714811, 0.542542, -0.441241), (-0.786567, 0.511336, -0.346191), (-0.823836, 0.488942, -0.286758), (-0.892275, 0.451491, 0), (-0.823836, 0.488942, -0.286758), (-0.786567, 0.511336, -0.346191), (-0.823836, 0.488942, -0.286758), (-0.892275, 0.451491, 0), (-0.892275, 0.451491, 0), (-0.892275, 0.451491, 0), (-0.823836, 0.488942, 0.286758), (-0.892275, 0.451491, 0), (-0.823836, 0.488942, 0.286758), (-0.892275, 0.451491, 0), (-0.786567, 0.511336, 0.346191), (-0.786567, 0.511336, 0.346191), (-0.714811, 0.542542, 0.441241), (-0.823836, 0.488942, 0.286758), (-0.714811, 0.542542, 0.441241), (-0.786567, 0.511336, 0.346191), (-0.714811, 0.542542, 0.441241), (0.892275, 0.451491, 0), (0.786567, 0.511336, 0.346191), (0.892275, 0.451491, 0), (0.786567, 0.511336, 0.346191), (0.892275, 0.451491, 0), (0.823836, 0.488942, 0.286758), (0, 1, 0), (0, 1, 0), (0, 1, 0), (0, 1, 0), (0, 1, 0), (0, 1, 0), (0, 1, 0), (0, 1, 0), (0, 1, 0), (0, 1, 0), (0, 1, 0), (0, 1, 0), (0, 1, 0), (0, 1, 0), (0, 1, 0), (0, 1, 0), (0, 1, 0), (0, 1, 0), (0.823836, 0.488942, -0.286758), (0.892275, 0.451491, 0), (0.786567, 0.511336, -0.346191), (0.892275, 0.451491, 0), (0.823836, 0.488942, -0.286758), (0.892275, 0.451491, 0), (0.714811, 0.542542, -0.441241), (0.786567, 0.511336, -0.346191), (0.714811, 0.542542, -0.441241), (0.786567, 0.511336, -0.346191), (0.714811, 0.542542, -0.441241), (0.823836, 0.488942, -0.286758), (0.714811, 0.542542, 0.441241), (0.786567, 0.511336, 0.346191), (0.823836, 0.488942, 0.286758), (0.786567, 0.511336, 0.346191), (0.714811, 0.542542, 0.441241), (0.714811, 0.542542, 0.441241), (-0.786567, 0.511336, -0.346191), (-0.714811, 0.542542, -0.441241), (-0.714811, 0.542542, -0.441241), (-0.714811, 0.542542, -0.441241), (-0.786567, 0.511336, -0.346191), (-0.823836, 0.488942, -0.286758), (-0.892275, 0.451491, 0), (-0.823836, 0.488942, -0.286758), (-0.786567, 0.511336, -0.346191), (-0.823836, 0.488942, -0.286758), (-0.892275, 0.451491, 0), (-0.892275, 0.451491, 0), (-0.892275, 0.451491, 0), (-0.823836, 0.488942, 0.286758), (-0.892275, 0.451491, 0), (-0.823836, 0.488942, 0.286758), (-0.892275, 0.451491, 0), (-0.786567, 0.511336, 0.346191), (-0.786567, 0.511336, 0.346191), (-0.714811, 0.542542, 0.441241), (-0.823836, 0.488942, 0.286758), (-0.714811, 0.542542, 0.441241), (-0.786567, 0.511336, 0.346191), (-0.714811, 0.542542, 0.441241), (0.892275, 0.451491, 0), (0.786567, 0.511336, 0.346191), (0.892275, 0.451491, 0), (0.786567, 0.511336, 0.346191), (0.892275, 0.451491, 0), (0.823836, 0.488942, 0.286758), (0, 1, 0), (0, 1, 0), (0, 1, 0), (0, 1, 0), (0, 1, 0), (0, 1, 0), (0, 1, 0), (0, 1, 0), (0, 1, 0), (0, 1, 0), (0, 1, 0), (0, 1, 0), (0, 1, 0), (0, 1, 0), (0, 1, 0), (0, 1, 0), (0, 1, 0), (0, 1, 0), (0.823836, 0.488942, -0.286758), (0.892275, 0.451491, 0), (0.786567, 0.511336, -0.346191), (0.892275, 0.451491, 0), (0.823836, 0.488942, -0.286758), (0.892275, 0.451491, 0), (0.714811, 0.542542, -0.441241), (0.786567, 0.511336, -0.346191), (0.714811, 0.542542, -0.441241), (0.786567, 0.511336, -0.346191), (0.714811, 0.542542, -0.441241), (0.823836, 0.488942, -0.286758), (0.714811, 0.542542, 0.441241), (0.786567, 0.511336, 0.346191), (0.823836, 0.488942, 0.286758), (0.786567, 0.511336, 0.346191), (0.714811, 0.542542, 0.441241), (0.714811, 0.542542, 0.441241), (-0.786567, 0.511336, -0.346191), (-0.714811, 0.542542, -0.441241), (-0.714811, 0.542542, -0.441241), (-0.714811, 0.542542, -0.441241), (-0.786567, 0.511336, -0.346191), (-0.823836, 0.488942, -0.286758), (-0.892275, 0.451491, 0), (-0.823836, 0.488942, -0.286758), (-0.786567, 0.511336, -0.346191), (-0.823836, 0.488942, -0.286758), (-0.892275, 0.451491, 0), (-0.892275, 0.451491, 0), (-0.892275, 0.451491, 0), (-0.823836, 0.488942, 0.286758), (-0.892275, 0.451491, 0), (-0.823836, 0.488942, 0.286758), (-0.892275, 0.451491, 0), (-0.786567, 0.511336, 0.346191), (-0.786567, 0.511336, 0.346191), (-0.714811, 0.542542, 0.441241), (-0.823836, 0.488942, 0.286758), (-0.714811, 0.542542, 0.441241), (-0.786567, 0.511336, 0.346191), (-0.714811, 0.542542, 0.441241), (0.892275, 0.451491, 0), (0.786567, 0.511336, 0.346191), (0.892275, 0.451491, 0), (0.786567, 0.511336, 0.346191), (0.892275, 0.451491, 0), (0.823836, 0.488942, 0.286758), (0, 1, 0), (0, 1, 0), (0, 1, 0), (0, 1, 0), (0, 1, 0), (0, 1, 0), (0, 1, 0), (0, 1, 0), (0, 1, 0), (0, 1, 0), (0, 1, 0), (0, 1, 0), (0, 1, 0), (0, 1, 0), (0, 1, 0), (0, 1, 0), (0, 1, 0), (0, 1, 0), (0.823836, 0.488942, -0.286758), (0.892275, 0.451491, 0), (0.786567, 0.511336, -0.346191), (0.892275, 0.451491, 0), (0.823836, 0.488942, -0.286758), (0.892275, 0.451491, 0), (0.714811, 0.542542, -0.441241), (0.786567, 0.511336, -0.346191), (0.714811, 0.542542, -0.441241), (0.786567, 0.511336, -0.346191), (0.714811, 0.542542, -0.441241), (0.823836, 0.488942, -0.286758), (0.714811, 0.542542, 0.441241), (0.786567, 0.511336, 0.346191), (0.823836, 0.488942, 0.286758), (0.786567, 0.511336, 0.346191), (0.714811, 0.542542, 0.441241), (0.714811, 0.542542, 0.441241), (-0.786567, 0.511336, -0.346191), (-0.714811, 0.542542, -0.441241), (-0.714811, 0.542542, -0.441241), (-0.714811, 0.542542, -0.441241), (-0.786567, 0.511336, -0.346191), (-0.823836, 0.488942, -0.286758), (-0.892275, 0.451491, 0), (-0.823836, 0.488942, -0.286758), (-0.786567, 0.511336, -0.346191), (-0.823836, 0.488942, -0.286758), (-0.892275, 0.451491, 0), (-0.892275, 0.451491, 0), (-0.892275, 0.451491, 0), (-0.823836, 0.488942, 0.286758), (-0.892275, 0.451491, 0), (-0.823836, 0.488942, 0.286758), (-0.892275, 0.451491, 0), (-0.786567, 0.511336, 0.346191), (-0.786567, 0.511336, 0.346191), (-0.714811, 0.542542, 0.441241), (-0.823836, 0.488942, 0.286758), (-0.714811, 0.542542, 0.441241), (-0.786567, 0.511336, 0.346191), (-0.714811, 0.542542, 0.441241), (0, 1, 0), (0, 1, 0), (0, 1, 0), (0, 1, 0), (0, 1, 0), (0, 1, 0), (0, 1, 0), (0, 1, 0), (0, 1, 0), (0, 1, 0), (0, 1, 0), (0, 1, 0), (0, 1, 0), (0, 1, 0), (0, 1, 0), (0, 1, 0), (0, 1, 0), (0, 1, 0), (0, 1, 0), (0, 1, 0), (0, 1, 0), (0, 1, 0), (0, 1, 0), (0, 1, 0), (0, 1, 0), (0, 1, 0), (0, 1, 0), (0, 1, 0), (0, 1, 0), (0, 1, 0), (0, 1, 0), (0, 1, 0), (0, 1, 0), (0, 1, 0), (0, 1, 0), (0, 1, 0), (0, 1, 0), (0, 1, 0), (0, 1, 0), (0, 1, 0), (0, 1, 0), (0, 1, 0), (0, 1, 0), (0, 1, 0), (0, 1, 0), (0, 1, 0), (0, 1, 0), (0, 1, 0), (0, 1, 0), (0, 1, 0), (0, 1, 0), (0, 1, 0), (0, 1, 0), (0, 1, 0), (0, 1, 0), (0, 1, 0), (0, 1, 0), (0, 1, 0), (0, 1, 0), (0, 1, 0), (0, 1, 0), (0, 1, 0), (0, 1, 0), (0, 1, 0), (0, 1, 0), (0, 1, 0), (0, 1, 0), (0, 1, 0), (0, 1, 0), (0, 1, 0), (0, 1, 0), (0, 1, 0), (0, 1, 0), (0, 1, 0), (0, 1, 0), (0, 1, 0), (0, 1, 0), (0, 1, 0), (0, 1, 0), (0, 1, 0), (0, 1, 0), (0, 1, 0), (0, 1, 0), (0, 1, 0), (0, 1, 0), (0, 1, 0), (0, 1, 0), (0, 1, 0), (0, 1, 0), (0, 1, 0), (0, 1, 0), (0, 1, 0), (0, 1, 0), (0, 1, 0), (0, 1, 0), (0, 1, 0), (0, 1, 0), (0, 1, 0), (0, 1, 0), (0, 1, 0), (0, 1, 0), (0, 1, 0), (0, 1, 0), (0, 1, 0), (0, 1, 0), (0, 1, 0), (0, 1, 0), (0, 1, 0), (0, 1, 0), (0, 1, 0), (0, 1, 0), (0, 1, 0), (0, 1, 0), (0, 1, 0), (0, 1, 0), (0, 1, 0), (0, 1, 0), (0, 1, 0), (0, 1, 0), (0, 1, 0), (-0.703011, 0.107481, 0.703011), (-0.703011, 0.107481, -0.703011), (-0.703011, 0.107481, 0.703011), (-0.703011, 0.107481, -0.703011), (-0.703011, 0.107481, 0.703011), (-0.703011, 0.107481, -0.703011), (0.703011, 0.107481, 0.703011), (-0.703011, 0.107481, 0.703011), (0.703011, 0.107481, 0.703011), (-0.703011, 0.107481, 0.703011), (0.703011, 0.107481, 0.703011), (-0.703011, 0.107481, 0.703011), (0.703011, 0.107481, -0.703011), (0.703011, 0.107481, 0.703011), (0.703011, 0.107481, -0.703011), (0.703011, 0.107481, 0.703011), (0.703011, 0.107481, -0.703011), (0.703011, 0.107481, 0.703011), (0, 1, 0), (0, 1, 0), (0, 1, 0), (0, 1, 0), (0, 1, 0), (0, 1, 0), (-0.703011, 0.107481, -0.703011), (0.703011, 0.107481, -0.703011), (0.703011, 0.107481, -0.703011), (0.703011, 0.107481, -0.703011), (-0.703011, 0.107481, -0.703011), (-0.703011, 0.107481, -0.703011), (0, 1, 0), (0, 1, 0), (0, 1, 0), (0, 1, 0), (0, 1, 0), (0, 1, 0), (0.704915, 0.0786736, 0.704915), (-0.704915, 0.0786736, 0.704915), (0.704915, 0.0786736, 0.704915), (-0.704915, 0.0786736, 0.704915), (0.704915, 0.0786736, 0.704915), (-0.704915, 0.0786736, 0.704915), (-0.704915, 0.0786736, -0.704915), (0.704915, 0.0786736, -0.704915), (0.704915, 0.0786736, -0.704915), (0.704915, 0.0786736, -0.704915), (-0.704915, 0.0786736, -0.704915), (-0.704915, 0.0786736, -0.704915), (-0.704915, 0.0786736, 0.704915), (-0.704915, 0.0786736, -0.704915), (-0.704915, 0.0786736, 0.704915), (-0.704915, 0.0786736, -0.704915), (-0.704915, 0.0786736, 0.704915), (-0.704915, 0.0786736, -0.704915), (0.704915, 0.0786736, -0.704915), (0.704915, 0.0786736, 0.704915), (0.704915, 0.0786736, -0.704915), (0.704915, 0.0786736, 0.704915), (0.704915, 0.0786736, -0.704915), (0.704915, 0.0786736, 0.704915), (-0.704915, 0.0786736, 0.704915), (-0.704915, 0.0786736, -0.704915), (-0.704915, 0.0786736, -0.704915), (-0.704915, 0.0786736, -0.704915), (-0.704915, 0.0786736, 0.704915), (-0.704915, 0.0786736, 0.704915), (0, 1, 0), (0, 1, 0), (0, 1, 0), (0, 1, 0), (0, 1, 0), (0, 1, 0), (0.704915, 0.0786736, -0.704915), (0.704915, 0.0786736, 0.704915), (0.704915, 0.0786736, -0.704915), (0.704915, 0.0786736, 0.704915), (0.704915, 0.0786736, -0.704915), (0.704915, 0.0786736, 0.704915), (0.704915, 0.0786736, 0.704915), (-0.704915, 0.0786736, 0.704915), (0.704915, 0.0786736, 0.704915), (-0.704915, 0.0786736, 0.704915), (0.704915, 0.0786736, 0.704915), (-0.704915, 0.0786736, 0.704915), (-0.704915, 0.0786736, -0.704915), (0.704915, 0.0786736, -0.704915), (-0.704915, 0.0786736, -0.704915), (0.704915, 0.0786736, -0.704915), (-0.704915, 0.0786736, -0.704915), (0.704915, 0.0786736, -0.704915), (1, 0, 0), (1, 0, 0), (1, 0, 0), (1, 0, 0), (1, 0, 0), (1, 0, 0), (-1, 0, 0), (-1, 0, 0), (-1, 0, 0), (-1, 0, 0), (-1, 0, 0), (-1, 0, 0), (-1, 0, 0), (-1, 0, 0), (-1, 0, 0), (-1, 0, 0), (-1, 0, 0), (-1, 0, 0), (-1, 0, 0), (-1, 0, 0), (-1, 0, 0), (-1, 0, 0), (-1, 0, 0), (-1, 0, 0), (-1, 0, 0), (-1, 0, 0), (-1, 0, 0), (-1, 0, 0), (-1, 0, 0), (-1, 0, 0), (-1, 0, 0), (-1, 0, 0), (-1, 0, 0), (-1, 0, 0), (-1, 0, 0), (-1, 0, 0), (1, 0, 0), (1, 0, 0), (1, 0, 0), (1, 0, 0), (1, 0, 0), (1, 0, 0), (1, 0, 0), (1, 0, 0), (1, 0, 0), (1, 0, 0), (1, 0, 0), (1, 0, 0), (1, 0, 0), (1, 0, 0), (1, 0, 0), (1, 0, 0), (1, 0, 0), (1, 0, 0), (1, 0, 0), (1, 0, 0), (1, 0, 0), (1, 0, 0), (1, 0, 0), (1, 0, 0), (1, 0, 0), (1, 0, 0), (1, 0, 0), (1, 0, 0), (1, 0, 0), (1, 0, 0), (-1, 0, 0), (-1, 0, 0), (-1, 0, 0), (-1, 0, 0), (-1, 0, 0), (-1, 0, 0), (0, -0.258819, -0.965926), (-0.707107, -0.183013, -0.683013), (-0.707107, -0.183013, -0.683013), (-0.707107, -0.183013, -0.683013), (0, -0.258819, -0.965926), (0, -0.258819, -0.965926), (0.707107, -0.183013, -0.683013), (0, -0.258819, -0.965926), (0.707107, -0.183013, -0.683013), (0, -0.258819, -0.965926), (0.707107, -0.183013, -0.683013), (0, -0.258819, -0.965926), (-1, 0, 0), (-0.707107, -0.183013, -0.683013), (-1, 0, 0), (-0.707107, -0.183013, -0.683013), (-1, 0, 0), (-0.707107, -0.183013, -0.683013), (-0.707107, 0.183013, 0.683013), (0, 0.258819, 0.965926), (0, 0.258819, 0.965926), (0, 0.258819, 0.965926), (-0.707107, 0.183013, 0.683013), (-0.707107, 0.183013, 0.683013), (-0.707107, 0.183013, 0.683013), (-1, 0, 0), (-0.707107, 0.183013, 0.683013), (-1, 0, 0), (-0.707107, 0.183013, 0.683013), (-1, 0, 0), (0, 0.258819, 0.965926), (0.707107, 0.183013, 0.683013), (0, 0.258819, 0.965926), (0.707107, 0.183013, 0.683013), (0, 0.258819, 0.965926), (0.707107, 0.183013, 0.683013), (1, 0, 0), (0.707107, 0.183013, 0.683013), (0.707107, 0.183013, 0.683013), (0.707107, 0.183013, 0.683013), (1, 0, 0), (1, 0, 0), (0.707107, -0.183013, -0.683013), (1, 0, 0), (1, 0, 0), (1, 0, 0), (0.707107, -0.183013, -0.683013), (0.707107, -0.183013, -0.683013), (0, 0.965926, -0.258819), (0, 0.965926, -0.258819), (0, 0.965926, -0.258819), (0, 0.965926, -0.258819), (0, 0.965926, -0.258819), (0, 0.965926, -0.258819), (0, 0.965926, -0.258819), (0, 0.965926, -0.258819), (0, 0.965926, -0.258819), (0, 0.965926, -0.258819), (0, 0.965926, -0.258819), (0, 0.965926, -0.258819), (0, 0.965926, -0.258819), (0, 0.965926, -0.258819), (0, 0.965926, -0.258819), (0, 0.965926, -0.258819), (0, 0.965926, -0.258819), (0, 0.965926, -0.258819), (0, -0.258819, -0.965926), (-0.707107, -0.183013, -0.683013), (-0.707107, -0.183013, -0.683013), (-0.707107, -0.183013, -0.683013), (0, -0.258819, -0.965926), (0, -0.258819, -0.965926), (0.707107, -0.183013, -0.683013), (0, -0.258819, -0.965926), (0.707107, -0.183013, -0.683013), (0, -0.258819, -0.965926), (0.707107, -0.183013, -0.683013), (0, -0.258819, -0.965926), (-1, 0, 0), (-0.707107, -0.183013, -0.683013), (-1, 0, 0), (-0.707107, -0.183013, -0.683013), (-1, 0, 0), (-0.707107, -0.183013, -0.683013), (-0.707107, 0.183013, 0.683013), (0, 0.258819, 0.965926), (0, 0.258819, 0.965926), (0, 0.258819, 0.965926), (-0.707107, 0.183013, 0.683013), (-0.707107, 0.183013, 0.683013), (-0.707107, 0.183013, 0.683013), (-1, 0, 0), (-0.707107, 0.183013, 0.683013), (-1, 0, 0), (-0.707107, 0.183013, 0.683013), (-1, 0, 0), (0, 0.258819, 0.965926), (0.707107, 0.183013, 0.683013), (0, 0.258819, 0.965926), (0.707107, 0.183013, 0.683013), (0, 0.258819, 0.965926), (0.707107, 0.183013, 0.683013), (1, 0, 0), (0.707107, 0.183013, 0.683013), (0.707107, 0.183013, 0.683013), (0.707107, 0.183013, 0.683013), (1, 0, 0), (1, 0, 0), (0.707107, -0.183013, -0.683013), (1, 0, 0), (1, 0, 0), (1, 0, 0), (0.707107, -0.183013, -0.683013), (0.707107, -0.183013, -0.683013), (0, 0.965926, -0.258819), (0, 0.965926, -0.258819), (0, 0.965926, -0.258819), (0, 0.965926, -0.258819), (0, 0.965926, -0.258819), (0, 0.965926, -0.258819), (0, 0.965926, -0.258819), (0, 0.965926, -0.258819), (0, 0.965926, -0.258819), (0, 0.965926, -0.258819), (0, 0.965926, -0.258819), (0, 0.965926, -0.258819), (0, 0.965926, -0.258819), (0, 0.965926, -0.258819), (0, 0.965926, -0.258819), (0, 0.965926, -0.258819), (0, 0.965926, -0.258819), (0, 0.965926, -0.258819), (0, -0.258819, -0.965926), (-0.707107, -0.183013, -0.683013), (-0.707107, -0.183013, -0.683013), (-0.707107, -0.183013, -0.683013), (0, -0.258819, -0.965926), (0, -0.258819, -0.965926), (0.707107, -0.183013, -0.683013), (0, -0.258819, -0.965926), (0.707107, -0.183013, -0.683013), (0, -0.258819, -0.965926), (0.707107, -0.183013, -0.683013), (0, -0.258819, -0.965926), (-1, 0, 0), (-0.707107, -0.183013, -0.683013), (-1, 0, 0), (-0.707107, -0.183013, -0.683013), (-1, 0, 0), (-0.707107, -0.183013, -0.683013), (-0.707107, 0.183013, 0.683013), (0, 0.258819, 0.965926), (0, 0.258819, 0.965926), (0, 0.258819, 0.965926), (-0.707107, 0.183013, 0.683013), (-0.707107, 0.183013, 0.683013), (-0.707107, 0.183013, 0.683013), (-1, 0, 0), (-0.707107, 0.183013, 0.683013), (-1, 0, 0), (-0.707107, 0.183013, 0.683013), (-1, 0, 0), (0, 0.258819, 0.965926), (0.707107, 0.183013, 0.683013), (0, 0.258819, 0.965926), (0.707107, 0.183013, 0.683013), (0, 0.258819, 0.965926), (0.707107, 0.183013, 0.683013), (1, 0, 0), (0.707107, 0.183013, 0.683013), (0.707107, 0.183013, 0.683013), (0.707107, 0.183013, 0.683013), (1, 0, 0), (1, 0, 0), (0.707107, -0.183013, -0.683013), (1, 0, 0), (1, 0, 0), (1, 0, 0), (0.707107, -0.183013, -0.683013), (0.707107, -0.183013, -0.683013), (0, 0.965926, -0.258819), (0, 0.965926, -0.258819), (0, 0.965926, -0.258819), (0, 0.965926, -0.258819), (0, 0.965926, -0.258819), (0, 0.965926, -0.258819), (0, 0.965926, -0.258819), (0, 0.965926, -0.258819), (0, 0.965926, -0.258819), (0, 0.965926, -0.258819), (0, 0.965926, -0.258819), (0, 0.965926, -0.258819), (0, 0.965926, -0.258819), (0, 0.965926, -0.258819), (0, 0.965926, -0.258819), (0, 0.965926, -0.258819), (0, 0.965926, -0.258819), (0, 0.965926, -0.258819), (0, -0.258819, -0.965926), (-0.707107, -0.183013, -0.683013), (-0.707107, -0.183013, -0.683013), (-0.707107, -0.183013, -0.683013), (0, -0.258819, -0.965926), (0, -0.258819, -0.965926), (0.707107, -0.183013, -0.683013), (0, -0.258819, -0.965926), (0.707107, -0.183013, -0.683013), (0, -0.258819, -0.965926), (0.707107, -0.183013, -0.683013), (0, -0.258819, -0.965926), (-1, 0, 0), (-0.707107, -0.183013, -0.683013), (-1, 0, 0), (-0.707107, -0.183013, -0.683013), (-1, 0, 0), (-0.707107, -0.183013, -0.683013), (-0.707107, 0.183013, 0.683013), (0, 0.258819, 0.965926), (0, 0.258819, 0.965926), (0, 0.258819, 0.965926), (-0.707107, 0.183013, 0.683013), (-0.707107, 0.183013, 0.683013), (-0.707107, 0.183013, 0.683013), (-1, 0, 0), (-0.707107, 0.183013, 0.683013), (-1, 0, 0), (-0.707107, 0.183013, 0.683013), (-1, 0, 0), (0, 0.258819, 0.965926), (0.707107, 0.183013, 0.683013), (0, 0.258819, 0.965926), (0.707107, 0.183013, 0.683013), (0, 0.258819, 0.965926), (0.707107, 0.183013, 0.683013), (1, 0, 0), (0.707107, 0.183013, 0.683013), (0.707107, 0.183013, 0.683013), (0.707107, 0.183013, 0.683013), (1, 0, 0), (1, 0, 0), (0.707107, -0.183013, -0.683013), (1, 0, 0), (1, 0, 0), (1, 0, 0), (0.707107, -0.183013, -0.683013), (0.707107, -0.183013, -0.683013), (0, 0.965926, -0.258819), (0, 0.965926, -0.258819), (0, 0.965926, -0.258819), (0, 0.965926, -0.258819), (0, 0.965926, -0.258819), (0, 0.965926, -0.258819), (0, 0.965926, -0.258819), (0, 0.965926, -0.258819), (0, 0.965926, -0.258819), (0, 0.965926, -0.258819), (0, 0.965926, -0.258819), (0, 0.965926, -0.258819), (0, 0.965926, -0.258819), (0, 0.965926, -0.258819), (0, 0.965926, -0.258819), (0, 0.965926, -0.258819), (0, 0.965926, -0.258819), (0, 0.965926, -0.258819), (-1, 0, -1.19209e-07), (-1, 0, -1.19209e-07), (-1, 0, -1.19209e-07), (-1, 0, -1.19209e-07), (-1, 0, -1.19209e-07), (-1, 0, -1.19209e-07), (1, 0, 1.19209e-07), (1, 0, 1.19209e-07), (1, 0, 1.19209e-07), (1, 0, 1.19209e-07), (1, 0, 1.19209e-07), (1, 0, 1.19209e-07), (-1, 0, -1.19209e-07), (-1, 0, -1.19209e-07), (-1, 0, -1.19209e-07), (-1, 0, -1.19209e-07), (-1, 0, -1.19209e-07), (-1, 0, -1.19209e-07), (1, 0, 1.19209e-07), (1, 0, 1.19209e-07), (1, 0, 1.19209e-07), (1, 0, 1.19209e-07), (1, 0, 1.19209e-07), (1, 0, 1.19209e-07), (1, 0, 1.19209e-07), (1, 0, 1.19209e-07), (1, 0, 1.19209e-07), (1, 0, 1.19209e-07), (1, 0, 1.19209e-07), (1, 0, 1.19209e-07), (-1, 0, -1.19209e-07), (-1, 0, -1.19209e-07), (-1, 0, -1.19209e-07), (-1, 0, -1.19209e-07), (-1, 0, -1.19209e-07), (-1, 0, -1.19209e-07), (1, 0, 1.19209e-07), (1, 0, 1.19209e-07), (1, 0, 1.19209e-07), (1, 0, 1.19209e-07), (1, 0, 1.19209e-07), (1, 0, 1.19209e-07), (-1, 0, -1.19209e-07), (-1, 0, -1.19209e-07), (-1, 0, -1.19209e-07), (-1, 0, -1.19209e-07), (-1, 0, -1.19209e-07), (-1, 0, -1.19209e-07), (1, 0, 1.19209e-07), (1, 0, 1.19209e-07), (1, 0, 1.19209e-07), (1, 0, 1.19209e-07), (1, 0, 1.19209e-07), (1, 0, 1.19209e-07), (-1, 0, -1.19209e-07), (-1, 0, -1.19209e-07), (-1, 0, -1.19209e-07), (-1, 0, -1.19209e-07), (-1, 0, -1.19209e-07), (-1, 0, -1.19209e-07), (-1, 0, -1.19209e-07), (-1, 0, -1.19209e-07), (-1, 0, -1.19209e-07), (-1, 0, -1.19209e-07), (-1, 0, -1.19209e-07), (-1, 0, -1.19209e-07), (1, 0, 1.19209e-07), (1, 0, 1.19209e-07), (1, 0, 1.19209e-07), (1, 0, 1.19209e-07), (1, 0, 1.19209e-07), (1, 0, 1.19209e-07), (-1, 0, -1.19209e-07), (-1, 0, -1.19209e-07), (-1, 0, -1.19209e-07), (-1, 0, -1.19209e-07), (-1, 0, -1.19209e-07), (-1, 0, -1.19209e-07), (1, 0, 1.19209e-07), (1, 0, 1.19209e-07), (1, 0, 1.19209e-07), (1, 0, 1.19209e-07), (1, 0, 1.19209e-07), (1, 0, 1.19209e-07), (1, 0, 1.19209e-07), (1, 0, 1.19209e-07), (1, 0, 1.19209e-07), (1, 0, 1.19209e-07), (1, 0, 1.19209e-07), (1, 0, 1.19209e-07), (-1, 0, -1.19209e-07), (-1, 0, -1.19209e-07), (-1, 0, -1.19209e-07), (-1, 0, -1.19209e-07), (-1, 0, -1.19209e-07), (-1, 0, -1.19209e-07), (1.19209e-07, 0, -1), (1.19209e-07, 0, -1), (1.19209e-07, 0, -1), (1.19209e-07, 0, -1), (1.19209e-07, 0, -1), (1.19209e-07, 0, -1), (-1, 0, -1.19209e-07), (-0.926497, 0, 0.376301), (-1, 0, -1.19209e-07), (-0.926497, 0, 0.376301), (-1, 0, -1.19209e-07), (-0.926497, 0, 0.376301), (-0.38865, 0, 0.921385), (-0.926497, 0, 0.376301), (-0.926497, 0, 0.376301), (-0.926497, 0, 0.376301), (-0.38865, 0, 0.921385), (-0.38865, 0, 0.921385), (0.38865, 0, 0.921385), (-0.38865, 0, 0.921385), (-0.38865, 0, 0.921385), (-0.38865, 0, 0.921385), (0.38865, 0, 0.921385), (0.38865, 0, 0.921385), (0.926497, 0, 0.376302), (0.38865, 0, 0.921385), (0.38865, 0, 0.921385), (0.38865, 0, 0.921385), (0.926497, 0, 0.376302), (0.926497, 0, 0.376302), (0.926497, 0, 0.376302), (1, 0, 1.19209e-07), (0.926497, 0, 0.376302), (1, 0, 1.19209e-07), (0.926497, 0, 0.376302), (1, 0, 1.19209e-07), (0, 1, 0), (0, 1, 0), (0, 1, 0), (0, 1, 0), (0, 1, 0), (0, 1, 0), (0, 1, 0), (0, 1, 0), (0, 1, 0), (0, 1, 0), (0, 1, 0), (0, 1, 0), (0, 1, 0), (0, 1, 0), (0, 1, 0), (0, 1, 0), (0, 1, 0), (0, 1, 0), (0, 1, 0), (0, 1, 0), (0, 1, 0), (0, 1, 0), (0, 1, 0), (0, 1, 0), (0, 1, 0), (0, 1, 0), (0, 1, 0), (0, 1, 0), (0, 1, 0), (0, 1, 0), (0, 1, 0), (0, 1, 0), (0, 1, 0), (0, 1, 0), (0, 1, 0), (0, 1, 0), (1.19209e-07, 0, -1), (1.19209e-07, 0, -1), (1.19209e-07, 0, -1), (1.19209e-07, 0, -1), (1.19209e-07, 0, -1), (1.19209e-07, 0, -1), (-1.19209e-07, 0, 1), (-1.19209e-07, 0, 1), (-1.19209e-07, 0, 1), (-1.19209e-07, 0, 1), (-1.19209e-07, 0, 1), (-1.19209e-07, 0, 1), (-0.382683, 0, -0.92388), (-0.598267, 0, -0.801297), (-0.382683, 0, -0.92388), (-0.382683, 0, -0.92388), (-0.598267, 0, -0.801297), (-0.382683, 0, -0.92388), (-0.598267, 0, -0.801297), (-0.382683, 0, -0.92388), (-0.598267, 0, -0.801297), (-0.598267, 0, -0.801297), (-1, 0, -1.19209e-07), (-0.598267, 0, -0.801297), (-1, 0, -1.19209e-07), (-0.598267, 0, -0.801297), (-1, 0, -1.19209e-07), (-1, 0, -1.19209e-07), (-0.598267, 0, 0.801297), (-1, 0, -1.19209e-07), (-0.598267, 0, 0.801297), (-1, 0, -1.19209e-07), (-0.598267, 0, 0.801297), (-0.598267, 0, 0.801297), (-0.382684, 0, 0.923879), (-0.598267, 0, 0.801297), (-0.598267, 0, 0.801297), (-0.382684, 0, 0.923879), (-0.382684, 0, 0.923879), (-0.382684, 0, 0.923879), (-0.598267, 0, 0.801297), (-0.382684, 0, 0.923879), (0.382683, 0, 0.92388), (0.598267, 0, 0.801297), (0.382683, 0, 0.92388), (0.382683, 0, 0.92388), (0.598267, 0, 0.801297), (0.382683, 0, 0.92388), (0.598267, 0, 0.801297), (0.382683, 0, 0.92388), (0.598267, 0, 0.801297), (0.598267, 0, 0.801297), (1, 0, 1.19209e-07), (0.598267, 0, 0.801297), (1, 0, 1.19209e-07), (0.598267, 0, 0.801297), (1, 0, 1.19209e-07), (1, 0, 1.19209e-07), (0.598267, 0, -0.801297), (1, 0, 1.19209e-07), (0.598267, 0, -0.801297), (1, 0, 1.19209e-07), (0.598267, 0, -0.801297), (0.598267, 0, -0.801297), (0.382684, 0, -0.923879), (0.598267, 0, -0.801297), (0.598267, 0, -0.801297), (0.382684, 0, -0.923879), (0.382684, 0, -0.923879), (0.382684, 0, -0.923879), (0.598267, 0, -0.801297), (0.382684, 0, -0.923879), (0, -1, 0), (0, -1, 0), (0, -1, 0), (0, -1, 0), (0, -1, 0), (0, -1, 0), (1, 0, 1.19209e-07), (1, 0, 1.19209e-07), (1, 0, 1.19209e-07), (1, 0, 1.19209e-07), (1, 0, 1.19209e-07), (1, 0, 1.19209e-07), (-1, 0, -1.19209e-07), (-1, 0, -1.19209e-07), (-1, 0, -1.19209e-07), (-1, 0, -1.19209e-07), (-1, 0, -1.19209e-07), (-1, 0, -1.19209e-07), (0, 1, 0), (0, 1, 0), (0, 1, 0), (0, 1, 0), (0, 1, 0), (0, 1, 0), (0, 1, 0), (0, 1, 0), (0, 1, 0), (0, 1, 0), (0, 1, 0), (0, 1, 0), (0, 1, 0), (0, 1, 0), (0, 1, 0), (0, 1, 0), (0, 1, 0), (0, 1, 0), (0, 1, 0), (0, 1, 0), (0, 1, 0), (0, 1, 0), (0, 1, 0), (0, 1, 0), (1.19209e-07, 0, -1), (1.19209e-07, 0, -1), (1.19209e-07, 0, -1), (1.19209e-07, 0, -1), (1.19209e-07, 0, -1), (1.19209e-07, 0, -1), (-1.19209e-07, 0, 1), (-1.19209e-07, 0, 1), (-1.19209e-07, 0, 1), (-1.19209e-07, 0, 1), (-1.19209e-07, 0, 1), (-1.19209e-07, 0, 1), (-0.382683, 0, -0.92388), (-0.598267, 0, -0.801297), (-0.382683, 0, -0.92388), (-0.382683, 0, -0.92388), (-0.598267, 0, -0.801297), (-0.382683, 0, -0.92388), (-0.598267, 0, -0.801297), (-0.382683, 0, -0.92388), (-0.598267, 0, -0.801297), (-0.598267, 0, -0.801297), (-1, 0, -1.19209e-07), (-0.598267, 0, -0.801297), (-1, 0, -1.19209e-07), (-0.598267, 0, -0.801297), (-1, 0, -1.19209e-07), (-1, 0, -1.19209e-07), (-0.598267, 0, 0.801297), (-1, 0, -1.19209e-07), (-0.598267, 0, 0.801297), (-1, 0, -1.19209e-07), (-0.598267, 0, 0.801297), (-0.598267, 0, 0.801297), (-0.382684, 0, 0.923879), (-0.598267, 0, 0.801297), (-0.598267, 0, 0.801297), (-0.382684, 0, 0.923879), (-0.382684, 0, 0.923879), (-0.382684, 0, 0.923879), (-0.598267, 0, 0.801297), (-0.382684, 0, 0.923879), (0.382683, 0, 0.92388), (0.598267, 0, 0.801297), (0.382683, 0, 0.92388), (0.382683, 0, 0.92388), (0.598267, 0, 0.801297), (0.382683, 0, 0.92388), (0.598267, 0, 0.801297), (0.382683, 0, 0.92388), (0.598267, 0, 0.801297), (0.598267, 0, 0.801297), (1, 0, 1.19209e-07), (0.598267, 0, 0.801297), (1, 0, 1.19209e-07), (0.598267, 0, 0.801297), (1, 0, 1.19209e-07), (1, 0, 1.19209e-07), (0.598267, 0, -0.801297), (1, 0, 1.19209e-07), (0.598267, 0, -0.801297), (1, 0, 1.19209e-07), (0.598267, 0, -0.801297), (0.598267, 0, -0.801297), (0.382684, 0, -0.923879), (0.598267, 0, -0.801297), (0.598267, 0, -0.801297), (0.382684, 0, -0.923879), (0.382684, 0, -0.923879), (0.382684, 0, -0.923879), (0.598267, 0, -0.801297), (0.382684, 0, -0.923879), (0, -1, 0), (0, -1, 0), (0, -1, 0), (0, -1, 0), (0, -1, 0), (0, -1, 0), (1, 0, 1.19209e-07), (1, 0, 1.19209e-07), (1, 0, 1.19209e-07), (1, 0, 1.19209e-07), (1, 0, 1.19209e-07), (1, 0, 1.19209e-07), (-1, 0, -1.19209e-07), (-1, 0, -1.19209e-07), (-1, 0, -1.19209e-07), (-1, 0, -1.19209e-07), (-1, 0, -1.19209e-07), (-1, 0, -1.19209e-07), (0, 0.19509, 0.980785), (0, 0, 1), (0, 0, 1), (0, 0, 1), (0, 0.19509, 0.980785), (0, 0.19509, 0.980785), (0, 0.707107, 0.707107), (0, 0.19509, 0.980785), (0, 0.19509, 0.980785), (0, 0.19509, 0.980785), (0, 0.707107, 0.707107), (0, 0.707107, 0.707107), (0, 0.980785, 0.19509), (0, 0.707107, 0.707107), (0, 0.707107, 0.707107), (0, 0.707107, 0.707107), (0, 0.980785, 0.19509), (0, 0.980785, 0.19509), (0, 1, 0), (0, 0.980785, 0.19509), (0, 0.980785, 0.19509), (0, 0.980785, 0.19509), (0, 1, 0), (0, 1, 0), (0, -1, 0), (0, -1, 0), (0, -1, 0), (0, -1, 0), (0, -1, 0), (0, -1, 0), (-1, 0, 0), (-1, 0, 0), (-1, 0, 0), (-1, 0, 0), (-1, 0, 0), (-1, 0, 0), (-1, 0, 0), (-1, 0, 0), (-1, 0, 0), (-1, 0, 0), (-1, 0, 0), (-1, 0, 0), (-1, 0, 0), (-1, 0, 0), (-1, 0, 0), (-1, 0, 0), (-1, 0, 0), (-1, 0, 0), (1, 0, 0), (1, 0, 0), (1, 0, 0), (1, 0, 0), (1, 0, 0), (1, 0, 0), (1, 0, 0), (1, 0, 0), (1, 0, 0), (1, 0, 0), (1, 0, 0), (1, 0, 0), (1, 0, 0), (1, 0, 0), (1, 0, 0), (1, 0, 0), (1, 0, 0), (1, 0, 0), (0, 0, -1), (0, 0, -1), (0, 0, -1), (0, 0, -1), (0, 0, -1), (0, 0, -1), (-0.8, 0, -0.6), (-0.898779, 0, -0.438403), (-0.8, 0, -0.6), (-0.898779, 0, -0.438403), (-0.8, 0, -0.6), (-0.898779, 0, -0.438403), (-0.898779, 0, -0.438403), (-0.970143, 0, -0.242536), (-0.898779, 0, -0.438403), (-0.898779, 0, -0.438403), (-0.970143, 0, -0.242536), (-0.970143, 0, -0.242536), (-0.898779, 0, -0.438403), (-0.970143, 0, -0.242536), (-0.970143, 0, -0.242536), (-0.898779, 0, -0.438403), (-0.970143, 0, -0.242536), (-0.970143, 0, -0.242536), (-0.970143, 0, -0.242536), (-0.898779, 0, -0.438403), (-0.970143, 0, -0.242536), (0.8, 0, 0.6), (0.8, 0, 0.6), (0.8, 0, 0.6), (0.8, 0, 0.6), (0.8, 0, 0.6), (0.8, 0, 0.6), (0.8, 0, -0.6), (0.898779, 0, -0.438402), (0.8, 0, -0.6), (0.898779, 0, -0.438402), (0.8, 0, -0.6), (0.898779, 0, -0.438402), (0.898779, 0, -0.438402), (0.970143, 0, -0.242535), (0.898779, 0, -0.438402), (0.970143, 0, -0.242535), (0.898779, 0, -0.438402), (0.970143, 0, -0.242535), (0.970143, 0, -0.242535), (0.970143, 0, -0.242535), (0.970143, 0, -0.242535), (0.970143, 0, -0.242535), (0.898779, 0, -0.438402), (0.970143, 0, -0.242535), (0.970143, 0, -0.242535), (0.898779, 0, -0.438402), (0.970143, 0, -0.242535), (-0.8, 0, 0.6), (-0.8, 0, 0.6), (-0.8, 0, 0.6), (-0.8, 0, 0.6), (-0.8, 0, 0.6), (-0.8, 0, 0.6), (0.970143, 0, 0.242536), (0.970143, 0, 0.242536), (0.970143, 0, 0.242536), (0.970143, 0, 0.242536), (0.970143, 0, 0.242536), (0.970143, 0, 0.242536), (0.970143, 0, 0.242536), (0.970143, 0, 0.242536), (0.970143, 0, 0.242536), (-0.970143, 0, 0.242535), (-0.970143, 0, 0.242535), (-0.970143, 0, 0.242535), (-0.970143, 0, 0.242535), (-0.970143, 0, 0.242535), (-0.970143, 0, 0.242535), (-0.970143, 0, 0.242535), (-0.970143, 0, 0.242535), (-0.970143, 0, 0.242535), (0, 0, -1), (0, 0, -1), (0, 0, -1), (0, 0, -1), (0, 0, -1), (0, 0, -1), (0, 0, 1), (0, 0, 1), (0, 0, 1), (0, 0, 1), (0, 0, 1), (0, 0, 1), (0, 0.19509, 0.980785), (0, 0, 1), (0, 0, 1), (0, 0, 1), (0, 0.19509, 0.980785), (0, 0.19509, 0.980785), (0, 0.707107, 0.707107), (0, 0.19509, 0.980785), (0, 0.19509, 0.980785), (0, 0.19509, 0.980785), (0, 0.707107, 0.707107), (0, 0.707107, 0.707107), (0, 0.707107, 0.707107), (0, 0.980785, 0.19509), (0, 0.707107, 0.707107), (0, 0.980785, 0.19509), (0, 0.707107, 0.707107), (0, 0.980785, 0.19509), (0, 0.980785, -0.19509), (0, 0.980785, 0.19509), (0, 0.980785, 0.19509), (0, 0.980785, 0.19509), (0, 0.980785, -0.19509), (0, 0.980785, -0.19509), (0, 0.980785, -0.19509), (0, 0.707107, -0.707107), (0, 0.980785, -0.19509), (0, 0.707107, -0.707107), (0, 0.980785, -0.19509), (0, 0.707107, -0.707107), (0, 0.19509, -0.980785), (0, 0.707107, -0.707107), (0, 0.707107, -0.707107), (0, 0.707107, -0.707107), (0, 0.19509, -0.980785), (0, 0.19509, -0.980785), (0, 0, -1), (0, 0.19509, -0.980785), (0, 0.19509, -0.980785), (0, 0.19509, -0.980785), (0, 0, -1), (0, 0, -1), (0, -1, 0), (0, -1, 0), (0, -1, 0), (0, -1, 0), (0, -1, 0), (0, -1, 0), (1, 0, 0), (1, 0, 0), (1, 0, 0), (1, 0, 0), (1, 0, 0), (1, 0, 0), (1, 0, 0), (1, 0, 0), (1, 0, 0), (1, 0, 0), (1, 0, 0), (1, 0, 0), (1, 0, 0), (1, 0, 0), (1, 0, 0), (1, 0, 0), (1, 0, 0), (1, 0, 0), (1, 0, 0), (1, 0, 0), (1, 0, 0), (1, 0, 0), (1, 0, 0), (1, 0, 0), (1, 0, 0), (1, 0, 0), (1, 0, 0), (1, 0, 0), (1, 0, 0), (1, 0, 0), (-1, 0, 0), (-1, 0, 0), (-1, 0, 0), (-1, 0, 0), (-1, 0, 0), (-1, 0, 0), (-1, 0, 0), (-1, 0, 0), (-1, 0, 0), (-1, 0, 0), (-1, 0, 0), (-1, 0, 0), (-1, 0, 0), (-1, 0, 0), (-1, 0, 0), (-1, 0, 0), (-1, 0, 0), (-1, 0, 0), (-1, 0, 0), (-1, 0, 0), (-1, 0, 0), (-1, 0, 0), (-1, 0, 0), (-1, 0, 0), (-1, 0, 0), (-1, 0, 0), (-1, 0, 0), (-1, 0, 0), (-1, 0, 0), (-1, 0, 0), (0, 0, -1), (0, 0, -1), (0, 0, -1), (0, 0, -1), (0, 0, -1), (0, 0, -1), (0, 0, 1), (0, 0, 1), (0, 0, 1), (0, 0, 1), (0, 0, 1), (0, 0, 1), (0, 0.19509, 0.980785), (0, 0, 1), (0, 0, 1), (0, 0, 1), (0, 0.19509, 0.980785), (0, 0.19509, 0.980785), (0, 0.707107, 0.707107), (0, 0.19509, 0.980785), (0, 0.19509, 0.980785), (0, 0.19509, 0.980785), (0, 0.707107, 0.707107), (0, 0.707107, 0.707107), (0, 0.707107, 0.707107), (0, 0.980785, 0.19509), (0, 0.707107, 0.707107), (0, 0.980785, 0.19509), (0, 0.707107, 0.707107), (0, 0.980785, 0.19509), (0, 0.980785, -0.19509), (0, 0.980785, 0.19509), (0, 0.980785, 0.19509), (0, 0.980785, 0.19509), (0, 0.980785, -0.19509), (0, 0.980785, -0.19509), (0, 0.980785, -0.19509), (0, 0.707107, -0.707107), (0, 0.980785, -0.19509), (0, 0.707107, -0.707107), (0, 0.980785, -0.19509), (0, 0.707107, -0.707107), (0, 0.19509, -0.980785), (0, 0.707107, -0.707107), (0, 0.707107, -0.707107), (0, 0.707107, -0.707107), (0, 0.19509, -0.980785), (0, 0.19509, -0.980785), (0, 0, -1), (0, 0.19509, -0.980785), (0, 0.19509, -0.980785), (0, 0.19509, -0.980785), (0, 0, -1), (0, 0, -1), (0, -1, 0), (0, -1, 0), (0, -1, 0), (0, -1, 0), (0, -1, 0), (0, -1, 0), (1, 0, 0), (1, 0, 0), (1, 0, 0), (1, 0, 0), (1, 0, 0), (1, 0, 0), (1, 0, 0), (1, 0, 0), (1, 0, 0), (1, 0, 0), (1, 0, 0), (1, 0, 0), (1, 0, 0), (1, 0, 0), (1, 0, 0), (1, 0, 0), (1, 0, 0), (1, 0, 0), (1, 0, 0), (1, 0, 0), (1, 0, 0), (1, 0, 0), (1, 0, 0), (1, 0, 0), (1, 0, 0), (1, 0, 0), (1, 0, 0), (1, 0, 0), (1, 0, 0), (1, 0, 0), (-1, 0, 0), (-1, 0, 0), (-1, 0, 0), (-1, 0, 0), (-1, 0, 0), (-1, 0, 0), (-1, 0, 0), (-1, 0, 0), (-1, 0, 0), (-1, 0, 0), (-1, 0, 0), (-1, 0, 0), (-1, 0, 0), (-1, 0, 0), (-1, 0, 0), (-1, 0, 0), (-1, 0, 0), (-1, 0, 0), (-1, 0, 0), (-1, 0, 0), (-1, 0, 0), (-1, 0, 0), (-1, 0, 0), (-1, 0, 0), (-1, 0, 0), (-1, 0, 0), (-1, 0, 0), (-1, 0, 0), (-1, 0, 0), (-1, 0, 0), (0, 0, -1), (0, 0, -1), (0, 0, -1), (0, 0, -1), (0, 0, -1), (0, 0, -1), (0, 0, 1), (0, 0, 1), (0, 0, 1), (0, 0, 1), (0, 0, 1), (0, 0, 1), (0, 0.19509, 0.980785), (0, 0, 1), (0, 0, 1), (0, 0, 1), (0, 0.19509, 0.980785), (0, 0.19509, 0.980785), (0, 0.707107, 0.707107), (0, 0.19509, 0.980785), (0, 0.19509, 0.980785), (0, 0.19509, 0.980785), (0, 0.707107, 0.707107), (0, 0.707107, 0.707107), (0, 0.707107, 0.707107), (0, 0.980785, 0.19509), (0, 0.707107, 0.707107), (0, 0.980785, 0.19509), (0, 0.707107, 0.707107), (0, 0.980785, 0.19509), (0, 0.980785, -0.19509), (0, 0.980785, 0.19509), (0, 0.980785, 0.19509), (0, 0.980785, 0.19509), (0, 0.980785, -0.19509), (0, 0.980785, -0.19509), (0, 0.980785, -0.19509), (0, 0.707107, -0.707107), (0, 0.980785, -0.19509), (0, 0.707107, -0.707107), (0, 0.980785, -0.19509), (0, 0.707107, -0.707107), (0, 0.19509, -0.980785), (0, 0.707107, -0.707107), (0, 0.707107, -0.707107), (0, 0.707107, -0.707107), (0, 0.19509, -0.980785), (0, 0.19509, -0.980785), (0, 0, -1), (0, 0.19509, -0.980785), (0, 0.19509, -0.980785), (0, 0.19509, -0.980785), (0, 0, -1), (0, 0, -1), (0, -1, 0), (0, -1, 0), (0, -1, 0), (0, -1, 0), (0, -1, 0), (0, -1, 0), (1, 0, 0), (1, 0, 0), (1, 0, 0), (1, 0, 0), (1, 0, 0), (1, 0, 0), (1, 0, 0), (1, 0, 0), (1, 0, 0), (1, 0, 0), (1, 0, 0), (1, 0, 0), (1, 0, 0), (1, 0, 0), (1, 0, 0), (1, 0, 0), (1, 0, 0), (1, 0, 0), (1, 0, 0), (1, 0, 0), (1, 0, 0), (1, 0, 0), (1, 0, 0), (1, 0, 0), (1, 0, 0), (1, 0, 0), (1, 0, 0), (1, 0, 0), (1, 0, 0), (1, 0, 0), (-1, 0, 0), (-1, 0, 0), (-1, 0, 0), (-1, 0, 0), (-1, 0, 0), (-1, 0, 0), (-1, 0, 0), (-1, 0, 0), (-1, 0, 0), (-1, 0, 0), (-1, 0, 0), (-1, 0, 0), (-1, 0, 0), (-1, 0, 0), (-1, 0, 0), (-1, 0, 0), (-1, 0, 0), (-1, 0, 0), (-1, 0, 0), (-1, 0, 0), (-1, 0, 0), (-1, 0, 0), (-1, 0, 0), (-1, 0, 0), (-1, 0, 0), (-1, 0, 0), (-1, 0, 0), (-1, 0, 0), (-1, 0, 0), (-1, 0, 0), (0, 0, -1), (0, 0, -1), (0, 0, -1), (0, 0, -1), (0, 0, -1), (0, 0, -1), (0, 0, 1), (0, 0, 1), (0, 0, 1), (0, 0, 1), (0, 0, 1), (0, 0, 1), (0, 0.19509, 0.980785), (0, 0, 1), (0, 0, 1), (0, 0, 1), (0, 0.19509, 0.980785), (0, 0.19509, 0.980785), (0, 0.707107, 0.707107), (0, 0.19509, 0.980785), (0, 0.19509, 0.980785), (0, 0.19509, 0.980785), (0, 0.707107, 0.707107), (0, 0.707107, 0.707107), (0, 0.707107, 0.707107), (0, 0.980785, 0.19509), (0, 0.707107, 0.707107), (0, 0.980785, 0.19509), (0, 0.707107, 0.707107), (0, 0.980785, 0.19509), (0, 0.980785, -0.19509), (0, 0.980785, 0.19509), (0, 0.980785, 0.19509), (0, 0.980785, 0.19509), (0, 0.980785, -0.19509), (0, 0.980785, -0.19509), (0, 0.980785, -0.19509), (0, 0.707107, -0.707107), (0, 0.980785, -0.19509), (0, 0.707107, -0.707107), (0, 0.980785, -0.19509), (0, 0.707107, -0.707107), (0, 0.19509, -0.980785), (0, 0.707107, -0.707107), (0, 0.707107, -0.707107), (0, 0.707107, -0.707107), (0, 0.19509, -0.980785), (0, 0.19509, -0.980785), (0, 0, -1), (0, 0.19509, -0.980785), (0, 0.19509, -0.980785), (0, 0.19509, -0.980785), (0, 0, -1), (0, 0, -1), (0, -1, 0), (0, -1, 0), (0, -1, 0), (0, -1, 0), (0, -1, 0), (0, -1, 0), (1, 0, 0), (1, 0, 0), (1, 0, 0), (1, 0, 0), (1, 0, 0), (1, 0, 0), (1, 0, 0), (1, 0, 0), (1, 0, 0), (1, 0, 0), (1, 0, 0), (1, 0, 0), (1, 0, 0), (1, 0, 0), (1, 0, 0), (1, 0, 0), (1, 0, 0), (1, 0, 0), (1, 0, 0), (1, 0, 0), (1, 0, 0), (1, 0, 0), (1, 0, 0), (1, 0, 0), (1, 0, 0), (1, 0, 0), (1, 0, 0), (1, 0, 0), (1, 0, 0), (1, 0, 0), (-1, 0, 0), (-1, 0, 0), (-1, 0, 0), (-1, 0, 0), (-1, 0, 0), (-1, 0, 0), (-1, 0, 0), (-1, 0, 0), (-1, 0, 0), (-1, 0, 0), (-1, 0, 0), (-1, 0, 0), (-1, 0, 0), (-1, 0, 0), (-1, 0, 0), (-1, 0, 0), (-1, 0, 0), (-1, 0, 0), (-1, 0, 0), (-1, 0, 0), (-1, 0, 0), (-1, 0, 0), (-1, 0, 0), (-1, 0, 0), (-1, 0, 0), (-1, 0, 0), (-1, 0, 0), (-1, 0, 0), (-1, 0, 0), (-1, 0, 0), (1, 0, 1.19209e-07), (1, 0, 1.19209e-07), (1, 0, 1.19209e-07), (1, 0, 1.19209e-07), (1, 0, 1.19209e-07), (1, 0, 1.19209e-07), (-1, 0, -1.19209e-07), (-1, 0, -1.19209e-07), (-1, 0, -1.19209e-07), (-1, 0, -1.19209e-07), (-1, 0, -1.19209e-07), (-1, 0, -1.19209e-07), (-0.980785, 0.19509, -1.16919e-07), (-1, 0, -1.19209e-07), (-1, 0, -1.19209e-07), (-1, 0, -1.19209e-07), (-0.980785, 0.19509, -1.16919e-07), (-0.980785, 0.19509, -1.16919e-07), (-0.707107, 0.707107, -8.42937e-08), (-0.980785, 0.19509, -1.16919e-07), (-0.980785, 0.19509, -1.16919e-07), (-0.980785, 0.19509, -1.16919e-07), (-0.707107, 0.707107, -8.42937e-08), (-0.707107, 0.707107, -8.42937e-08), (-0.707107, 0.707107, -8.42937e-08), (-0.19509, 0.980785, -2.32566e-08), (-0.707107, 0.707107, -8.42937e-08), (-0.19509, 0.980785, -2.32566e-08), (-0.707107, 0.707107, -8.42937e-08), (-0.19509, 0.980785, -2.32566e-08), (0.19509, 0.980785, 2.32566e-08), (-0.19509, 0.980785, -2.32566e-08), (-0.19509, 0.980785, -2.32566e-08), (-0.19509, 0.980785, -2.32566e-08), (0.19509, 0.980785, 2.32566e-08), (0.19509, 0.980785, 2.32566e-08), (0.19509, 0.980785, 2.32566e-08), (0.707107, 0.707107, 8.42937e-08), (0.19509, 0.980785, 2.32566e-08), (0.707107, 0.707107, 8.42937e-08), (0.19509, 0.980785, 2.32566e-08), (0.707107, 0.707107, 8.42937e-08), (0.980785, 0.19509, 1.16919e-07), (0.707107, 0.707107, 8.42937e-08), (0.707107, 0.707107, 8.42937e-08), (0.707107, 0.707107, 8.42937e-08), (0.980785, 0.19509, 1.16919e-07), (0.980785, 0.19509, 1.16919e-07), (1, 0, 1.19209e-07), (0.980785, 0.19509, 1.16919e-07), (0.980785, 0.19509, 1.16919e-07), (0.980785, 0.19509, 1.16919e-07), (1, 0, 1.19209e-07), (1, 0, 1.19209e-07), (0, -1, 0), (0, -1, 0), (0, -1, 0), (0, -1, 0), (0, -1, 0), (0, -1, 0), (-1.19209e-07, 0, 1), (-1.19209e-07, 0, 1), (-1.19209e-07, 0, 1), (-1.19209e-07, 0, 1), (-1.19209e-07, 0, 1), (-1.19209e-07, 0, 1), (-1.19209e-07, 0, 1), (-1.19209e-07, 0, 1), (-1.19209e-07, 0, 1), (-1.19209e-07, 0, 1), (-1.19209e-07, 0, 1), (-1.19209e-07, 0, 1), (-1.19209e-07, 0, 1), (-1.19209e-07, 0, 1), (-1.19209e-07, 0, 1), (-1.19209e-07, 0, 1), (-1.19209e-07, 0, 1), (-1.19209e-07, 0, 1), (-1.19209e-07, 0, 1), (-1.19209e-07, 0, 1), (-1.19209e-07, 0, 1), (-1.19209e-07, 0, 1), (-1.19209e-07, 0, 1), (-1.19209e-07, 0, 1), (-1.19209e-07, 0, 1), (-1.19209e-07, 0, 1), (-1.19209e-07, 0, 1), (-1.19209e-07, 0, 1), (-1.19209e-07, 0, 1), (-1.19209e-07, 0, 1), (1.19209e-07, 0, -1), (1.19209e-07, 0, -1), (1.19209e-07, 0, -1), (1.19209e-07, 0, -1), (1.19209e-07, 0, -1), (1.19209e-07, 0, -1), (1.19209e-07, 0, -1), (1.19209e-07, 0, -1), (1.19209e-07, 0, -1), (1.19209e-07, 0, -1), (1.19209e-07, 0, -1), (1.19209e-07, 0, -1), (1.19209e-07, 0, -1), (1.19209e-07, 0, -1), (1.19209e-07, 0, -1), (1.19209e-07, 0, -1), (1.19209e-07, 0, -1), (1.19209e-07, 0, -1), (1.19209e-07, 0, -1), (1.19209e-07, 0, -1), (1.19209e-07, 0, -1), (1.19209e-07, 0, -1), (1.19209e-07, 0, -1), (1.19209e-07, 0, -1), (1.19209e-07, 0, -1), (1.19209e-07, 0, -1), (1.19209e-07, 0, -1), (1.19209e-07, 0, -1), (1.19209e-07, 0, -1), (1.19209e-07, 0, -1), (0, 0, -1), (0, 0, -1), (0, 0, -1), (0, 0, -1), (0, 0, -1), (0, 0, -1), (0, 0, 1), (0, 0, 1), (0, 0, 1), (0, 0, 1), (0, 0, 1), (0, 0, 1), (0, 0.19509, 0.980785), (0, 0, 1), (0, 0, 1), (0, 0, 1), (0, 0.19509, 0.980785), (0, 0.19509, 0.980785), (0, 0.707107, 0.707107), (0, 0.19509, 0.980785), (0, 0.19509, 0.980785), (0, 0.19509, 0.980785), (0, 0.707107, 0.707107), (0, 0.707107, 0.707107), (0, 0.707107, 0.707107), (0, 0.980785, 0.19509), (0, 0.707107, 0.707107), (0, 0.980785, 0.19509), (0, 0.707107, 0.707107), (0, 0.980785, 0.19509), (0, 0.980785, -0.19509), (0, 0.980785, 0.19509), (0, 0.980785, 0.19509), (0, 0.980785, 0.19509), (0, 0.980785, -0.19509), (0, 0.980785, -0.19509), (0, 0.980785, -0.19509), (0, 0.707107, -0.707107), (0, 0.980785, -0.19509), (0, 0.707107, -0.707107), (0, 0.980785, -0.19509), (0, 0.707107, -0.707107), (0, 0.19509, -0.980785), (0, 0.707107, -0.707107), (0, 0.707107, -0.707107), (0, 0.707107, -0.707107), (0, 0.19509, -0.980785), (0, 0.19509, -0.980785), (0, 0, -1), (0, 0.19509, -0.980785), (0, 0.19509, -0.980785), (0, 0.19509, -0.980785), (0, 0, -1), (0, 0, -1), (0, -1, 0), (0, -1, 0), (0, -1, 0), (0, -1, 0), (0, -1, 0), (0, -1, 0), (-1, 0, 0), (-1, 0, 0), (-1, 0, 0), (-1, 0, 0), (-1, 0, 0), (-1, 0, 0), (-1, 0, 0), (-1, 0, 0), (-1, 0, 0), (-1, 0, 0), (-1, 0, 0), (-1, 0, 0), (-1, 0, 0), (-1, 0, 0), (-1, 0, 0), (-1, 0, 0), (-1, 0, 0), (-1, 0, 0), (-1, 0, 0), (-1, 0, 0), (-1, 0, 0), (-1, 0, 0), (-1, 0, 0), (-1, 0, 0), (-1, 0, 0), (-1, 0, 0), (-1, 0, 0), (-1, 0, 0), (-1, 0, 0), (-1, 0, 0), (1, 0, 0), (1, 0, 0), (1, 0, 0), (1, 0, 0), (1, 0, 0), (1, 0, 0), (1, 0, 0), (1, 0, 0), (1, 0, 0), (1, 0, 0), (1, 0, 0), (1, 0, 0), (1, 0, 0), (1, 0, 0), (1, 0, 0), (1, 0, 0), (1, 0, 0), (1, 0, 0), (1, 0, 0), (1, 0, 0), (1, 0, 0), (1, 0, 0), (1, 0, 0), (1, 0, 0), (1, 0, 0), (1, 0, 0), (1, 0, 0), (1, 0, 0), (1, 0, 0), (1, 0, 0), (1, 0, 1.19209e-07), (1, 0, 1.19209e-07), (1, 0, 1.19209e-07), (1, 0, 1.19209e-07), (1, 0, 1.19209e-07), (1, 0, 1.19209e-07), (-1, 0, -1.19209e-07), (-1, 0, -1.19209e-07), (-1, 0, -1.19209e-07), (-1, 0, -1.19209e-07), (-1, 0, -1.19209e-07), (-1, 0, -1.19209e-07), (-0.980785, 0.19509, -1.16919e-07), (-1, 0, -1.19209e-07), (-1, 0, -1.19209e-07), (-1, 0, -1.19209e-07), (-0.980785, 0.19509, -1.16919e-07), (-0.980785, 0.19509, -1.16919e-07), (-0.707107, 0.707107, -8.42937e-08), (-0.980785, 0.19509, -1.16919e-07), (-0.980785, 0.19509, -1.16919e-07), (-0.980785, 0.19509, -1.16919e-07), (-0.707107, 0.707107, -8.42937e-08), (-0.707107, 0.707107, -8.42937e-08), (-0.707107, 0.707107, -8.42937e-08), (-0.19509, 0.980785, -2.32566e-08), (-0.707107, 0.707107, -8.42937e-08), (-0.19509, 0.980785, -2.32566e-08), (-0.707107, 0.707107, -8.42937e-08), (-0.19509, 0.980785, -2.32566e-08), (0.19509, 0.980785, 2.32566e-08), (-0.19509, 0.980785, -2.32566e-08), (-0.19509, 0.980785, -2.32566e-08), (-0.19509, 0.980785, -2.32566e-08), (0.19509, 0.980785, 2.32566e-08), (0.19509, 0.980785, 2.32566e-08), (0.19509, 0.980785, 2.32566e-08), (0.707107, 0.707107, 8.42937e-08), (0.19509, 0.980785, 2.32566e-08), (0.707107, 0.707107, 8.42937e-08), (0.19509, 0.980785, 2.32566e-08), (0.707107, 0.707107, 8.42937e-08), (0.980785, 0.19509, 1.16919e-07), (0.707107, 0.707107, 8.42937e-08), (0.707107, 0.707107, 8.42937e-08), (0.707107, 0.707107, 8.42937e-08), (0.980785, 0.19509, 1.16919e-07), (0.980785, 0.19509, 1.16919e-07), (1, 0, 1.19209e-07), (0.980785, 0.19509, 1.16919e-07), (0.980785, 0.19509, 1.16919e-07), (0.980785, 0.19509, 1.16919e-07), (1, 0, 1.19209e-07), (1, 0, 1.19209e-07), (0, -1, 0), (0, -1, 0), (0, -1, 0), (0, -1, 0), (0, -1, 0), (0, -1, 0), (-1.19209e-07, 0, 1), (-1.19209e-07, 0, 1), (-1.19209e-07, 0, 1), (-1.19209e-07, 0, 1), (-1.19209e-07, 0, 1), (-1.19209e-07, 0, 1), (-1.19209e-07, 0, 1), (-1.19209e-07, 0, 1), (-1.19209e-07, 0, 1), (-1.19209e-07, 0, 1), (-1.19209e-07, 0, 1), (-1.19209e-07, 0, 1), (-1.19209e-07, 0, 1), (-1.19209e-07, 0, 1), (-1.19209e-07, 0, 1), (-1.19209e-07, 0, 1), (-1.19209e-07, 0, 1), (-1.19209e-07, 0, 1), (-1.19209e-07, 0, 1), (-1.19209e-07, 0, 1), (-1.19209e-07, 0, 1), (-1.19209e-07, 0, 1), (-1.19209e-07, 0, 1), (-1.19209e-07, 0, 1), (-1.19209e-07, 0, 1), (-1.19209e-07, 0, 1), (-1.19209e-07, 0, 1), (-1.19209e-07, 0, 1), (-1.19209e-07, 0, 1), (-1.19209e-07, 0, 1), (1.19209e-07, 0, -1), (1.19209e-07, 0, -1), (1.19209e-07, 0, -1), (1.19209e-07, 0, -1), (1.19209e-07, 0, -1), (1.19209e-07, 0, -1), (1.19209e-07, 0, -1), (1.19209e-07, 0, -1), (1.19209e-07, 0, -1), (1.19209e-07, 0, -1), (1.19209e-07, 0, -1), (1.19209e-07, 0, -1), (1.19209e-07, 0, -1), (1.19209e-07, 0, -1), (1.19209e-07, 0, -1), (1.19209e-07, 0, -1), (1.19209e-07, 0, -1), (1.19209e-07, 0, -1), (1.19209e-07, 0, -1), (1.19209e-07, 0, -1), (1.19209e-07, 0, -1), (1.19209e-07, 0, -1), (1.19209e-07, 0, -1), (1.19209e-07, 0, -1), (1.19209e-07, 0, -1), (1.19209e-07, 0, -1), (1.19209e-07, 0, -1), (1.19209e-07, 0, -1), (1.19209e-07, 0, -1), (1.19209e-07, 0, -1), (0.8, 0, 0.6), (0.8, 0, 0.6), (0.8, 0, 0.6), (0.8, 0, 0.6), (0.8, 0, 0.6), (0.8, 0, 0.6), (0.8, 0, 0.6), (0.8, 0, 0.6), (0.8, 0, 0.6), (0.8, 0, 0.6), (0.8, 0, 0.6), (0.8, 0, 0.6), (0.8, 0, 0.6), (0.8, 0, 0.6), (0.8, 0, 0.6), (0.8, 0, 0.6), (0.8, 0, 0.6), (0.8, 0, 0.6), (0.8, 0, 0.6), (0.8, 0, 0.6), (0.8, 0, 0.6), (0.8, 0, 0.6), (0.8, 0, 0.6), (0.8, 0, 0.6), (0.8, 0, 0.6), (0.8, 0, 0.6), (0.8, 0, 0.6), (0.8, 0, 0.6), (0.8, 0, 0.6), (0.8, 0, 0.6), (-0.8, 0, -0.6), (-0.8, 0, -0.6), (-0.8, 0, -0.6), (-0.8, 0, -0.6), (-0.8, 0, -0.6), (-0.8, 0, -0.6), (-0.8, 0, -0.6), (-0.8, 0, -0.6), (-0.8, 0, -0.6), (-0.8, 0, -0.6), (-0.8, 0, -0.6), (-0.8, 0, -0.6), (-0.8, 0, -0.6), (-0.8, 0, -0.6), (-0.8, 0, -0.6), (-0.8, 0, -0.6), (-0.8, 0, -0.6), (-0.8, 0, -0.6), (-0.8, 0, -0.6), (-0.8, 0, -0.6), (-0.8, 0, -0.6), (-0.8, 0, -0.6), (-0.8, 0, -0.6), (-0.8, 0, -0.6), (-0.8, 0, -0.6), (-0.8, 0, -0.6), (-0.8, 0, -0.6), (-0.8, 0, -0.6), (-0.8, 0, -0.6), (-0.8, 0, -0.6), (0.6, 0, -0.8), (0.6, 0, -0.8), (0.6, 0, -0.8), (0.6, 0, -0.8), (0.6, 0, -0.8), (0.6, 0, -0.8), (-0.588471, 0.19509, 0.784628), (-0.6, 0, 0.8), (-0.6, 0, 0.8), (-0.6, 0, 0.8), (-0.588471, 0.19509, 0.784628), (-0.588471, 0.19509, 0.784628), (-0.424264, 0.707107, 0.565685), (-0.588471, 0.19509, 0.784628), (-0.588471, 0.19509, 0.784628), (-0.588471, 0.19509, 0.784628), (-0.424264, 0.707107, 0.565685), (-0.424264, 0.707107, 0.565685), (-0.424264, 0.707107, 0.565685), (-0.117054, 0.980785, 0.156072), (-0.424264, 0.707107, 0.565685), (-0.117054, 0.980785, 0.156072), (-0.424264, 0.707107, 0.565685), (-0.117054, 0.980785, 0.156072), (-0.117054, 0.980785, 0.156072), (0.117054, 0.980785, -0.156072), (-0.117054, 0.980785, 0.156072), (0.117054, 0.980785, -0.156072), (-0.117054, 0.980785, 0.156072), (0.117054, 0.980785, -0.156072), (0.117054, 0.980785, -0.156072), (0.424264, 0.707107, -0.565685), (0.117054, 0.980785, -0.156072), (0.424264, 0.707107, -0.565685), (0.117054, 0.980785, -0.156072), (0.424264, 0.707107, -0.565685), (0.588471, 0.19509, -0.784628), (0.424264, 0.707107, -0.565685), (0.424264, 0.707107, -0.565685), (0.424264, 0.707107, -0.565685), (0.588471, 0.19509, -0.784628), (0.588471, 0.19509, -0.784628), (0.6, 0, -0.8), (0.588471, 0.19509, -0.784628), (0.588471, 0.19509, -0.784628), (0.588471, 0.19509, -0.784628), (0.6, 0, -0.8), (0.6, 0, -0.8), (0, -1, 0), (0, -1, 0), (0, -1, 0), (0, -1, 0), (0, -1, 0), (0, -1, 0), (-0.6, 0, 0.8), (-0.6, 0, 0.8), (-0.6, 0, 0.8), (-0.6, 0, 0.8), (-0.6, 0, 0.8), (-0.6, 0, 0.8), (0, -1, 0), (0, -1, 0), (0, -1, 0), (0, -1, 0), (0, -1, 0), (0, -1, 0), (0.588471, 0.19509, 0.784628), (0.6, 0, 0.8), (0.6, 0, 0.8), (0.6, 0, 0.8), (0.588471, 0.19509, 0.784628), (0.588471, 0.19509, 0.784628), (0.424264, 0.707107, 0.565685), (0.588471, 0.19509, 0.784628), (0.588471, 0.19509, 0.784628), (0.588471, 0.19509, 0.784628), (0.424264, 0.707107, 0.565685), (0.424264, 0.707107, 0.565685), (0.117054, 0.980785, 0.156072), (0.424264, 0.707107, 0.565685), (0.424264, 0.707107, 0.565685), (0.424264, 0.707107, 0.565685), (0.117054, 0.980785, 0.156072), (0.117054, 0.980785, 0.156072), (-0.117054, 0.980785, -0.156072), (0.117054, 0.980785, 0.156072), (0.117054, 0.980785, 0.156072), (0.117054, 0.980785, 0.156072), (-0.117054, 0.980785, -0.156072), (-0.117054, 0.980785, -0.156072), (-0.424264, 0.707107, -0.565685), (-0.117054, 0.980785, -0.156072), (-0.117054, 0.980785, -0.156072), (-0.117054, 0.980785, -0.156072), (-0.424264, 0.707107, -0.565685), (-0.424264, 0.707107, -0.565685), (-0.588471, 0.19509, -0.784628), (-0.424264, 0.707107, -0.565685), (-0.424264, 0.707107, -0.565685), (-0.424264, 0.707107, -0.565685), (-0.588471, 0.19509, -0.784628), (-0.588471, 0.19509, -0.784628), (-0.6, 0, -0.8), (-0.588471, 0.19509, -0.784628), (-0.588471, 0.19509, -0.784628), (-0.588471, 0.19509, -0.784628), (-0.6, 0, -0.8), (-0.6, 0, -0.8), (-0.8, 0, 0.6), (-0.8, 0, 0.6), (-0.8, 0, 0.6), (-0.8, 0, 0.6), (-0.8, 0, 0.6), (-0.8, 0, 0.6), (-0.8, 0, 0.6), (-0.8, 0, 0.6), (-0.8, 0, 0.6), (-0.8, 0, 0.6), (-0.8, 0, 0.6), (-0.8, 0, 0.6), (-0.8, 0, 0.6), (-0.8, 0, 0.6), (-0.8, 0, 0.6), (-0.8, 0, 0.6), (-0.8, 0, 0.6), (-0.8, 0, 0.6), (-0.8, 0, 0.6), (-0.8, 0, 0.6), (-0.8, 0, 0.6), (-0.8, 0, 0.6), (-0.8, 0, 0.6), (-0.8, 0, 0.6), (-0.8, 0, 0.6), (-0.8, 0, 0.6), (-0.8, 0, 0.6), (-0.8, 0, 0.6), (-0.8, 0, 0.6), (-0.8, 0, 0.6), (0.8, 0, -0.6), (0.8, 0, -0.6), (0.8, 0, -0.6), (0.8, 0, -0.6), (0.8, 0, -0.6), (0.8, 0, -0.6), (0.8, 0, -0.6), (0.8, 0, -0.6), (0.8, 0, -0.6), (0.8, 0, -0.6), (0.8, 0, -0.6), (0.8, 0, -0.6), (0.8, 0, -0.6), (0.8, 0, -0.6), (0.8, 0, -0.6), (0.8, 0, -0.6), (0.8, 0, -0.6), (0.8, 0, -0.6), (0.8, 0, -0.6), (0.8, 0, -0.6), (0.8, 0, -0.6), (0.8, 0, -0.6), (0.8, 0, -0.6), (0.8, 0, -0.6), (0.8, 0, -0.6), (0.8, 0, -0.6), (0.8, 0, -0.6), (0.8, 0, -0.6), (0.8, 0, -0.6), (0.8, 0, -0.6), (-0.6, 0, -0.8), (-0.6, 0, -0.8), (-0.6, 0, -0.8), (-0.6, 0, -0.8), (-0.6, 0, -0.8), (-0.6, 0, -0.8), (0.6, 0, 0.8), (0.6, 0, 0.8), (0.6, 0, 0.8), (0.6, 0, 0.8), (0.6, 0, 0.8), (0.6, 0, 0.8), (0, 0, -1), (0, 0, -1), (0, 0, -1), (0, 0, -1), (0, 0, -1), (0, 0, -1), (0, 0, 1), (0, 0, 1), (0, 0, 1), (0, 0, 1), (0, 0, 1), (0, 0, 1), (0, 0.19509, 0.980785), (0, 0, 1), (0, 0, 1), (0, 0, 1), (0, 0.19509, 0.980785), (0, 0.19509, 0.980785), (0, 0.707107, 0.707107), (0, 0.19509, 0.980785), (0, 0.19509, 0.980785), (0, 0.19509, 0.980785), (0, 0.707107, 0.707107), (0, 0.707107, 0.707107), (0, 0.707107, 0.707107), (0, 0.980785, 0.19509), (0, 0.707107, 0.707107), (0, 0.980785, 0.19509), (0, 0.707107, 0.707107), (0, 0.980785, 0.19509), (0, 0.980785, -0.19509), (0, 0.980785, 0.19509), (0, 0.980785, 0.19509), (0, 0.980785, 0.19509), (0, 0.980785, -0.19509), (0, 0.980785, -0.19509), (0, 0.980785, -0.19509), (0, 0.707107, -0.707107), (0, 0.980785, -0.19509), (0, 0.707107, -0.707107), (0, 0.980785, -0.19509), (0, 0.707107, -0.707107), (0, 0.19509, -0.980785), (0, 0.707107, -0.707107), (0, 0.707107, -0.707107), (0, 0.707107, -0.707107), (0, 0.19509, -0.980785), (0, 0.19509, -0.980785), (0, 0, -1), (0, 0.19509, -0.980785), (0, 0.19509, -0.980785), (0, 0.19509, -0.980785), (0, 0, -1), (0, 0, -1), (0, -1, 0), (0, -1, 0), (0, -1, 0), (0, -1, 0), (0, -1, 0), (0, -1, 0), (-1, 0, 0), (-1, 0, 0), (-1, 0, 0), (-1, 0, 0), (-1, 0, 0), (-1, 0, 0), (-1, 0, 0), (-1, 0, 0), (-1, 0, 0), (-1, 0, 0), (-1, 0, 0), (-1, 0, 0), (-1, 0, 0), (-1, 0, 0), (-1, 0, 0), (-1, 0, 0), (-1, 0, 0), (-1, 0, 0), (-1, 0, 0), (-1, 0, 0), (-1, 0, 0), (-1, 0, 0), (-1, 0, 0), (-1, 0, 0), (-1, 0, 0), (-1, 0, 0), (-1, 0, 0), (-1, 0, 0), (-1, 0, 0), (-1, 0, 0), (1, 0, 0), (1, 0, 0), (1, 0, 0), (1, 0, 0), (1, 0, 0), (1, 0, 0), (1, 0, 0), (1, 0, 0), (1, 0, 0), (1, 0, 0), (1, 0, 0), (1, 0, 0), (1, 0, 0), (1, 0, 0), (1, 0, 0), (1, 0, 0), (1, 0, 0), (1, 0, 0), (1, 0, 0), (1, 0, 0), (1, 0, 0), (1, 0, 0), (1, 0, 0), (1, 0, 0), (1, 0, 0), (1, 0, 0), (1, 0, 0), (1, 0, 0), (1, 0, 0), (1, 0, 0), (0, 0, -1), (0, 0, -1), (0, 0, -1), (0, 0, -1), (0, 0, -1), (0, 0, -1), (0, 0, 1), (0, 0, 1), (0, 0, 1), (0, 0, 1), (0, 0, 1), (0, 0, 1), (0, 0.19509, 0.980785), (0, 0, 1), (0, 0, 1), (0, 0, 1), (0, 0.19509, 0.980785), (0, 0.19509, 0.980785), (0, 0.707107, 0.707107), (0, 0.19509, 0.980785), (0, 0.19509, 0.980785), (0, 0.19509, 0.980785), (0, 0.707107, 0.707107), (0, 0.707107, 0.707107), (0, 0.707107, 0.707107), (0, 0.980785, 0.19509), (0, 0.707107, 0.707107), (0, 0.980785, 0.19509), (0, 0.707107, 0.707107), (0, 0.980785, 0.19509), (0, 0.980785, -0.19509), (0, 0.980785, 0.19509), (0, 0.980785, 0.19509), (0, 0.980785, 0.19509), (0, 0.980785, -0.19509), (0, 0.980785, -0.19509), (0, 0.980785, -0.19509), (0, 0.707107, -0.707107), (0, 0.980785, -0.19509), (0, 0.707107, -0.707107), (0, 0.980785, -0.19509), (0, 0.707107, -0.707107), (0, 0.19509, -0.980785), (0, 0.707107, -0.707107), (0, 0.707107, -0.707107), (0, 0.707107, -0.707107), (0, 0.19509, -0.980785), (0, 0.19509, -0.980785), (0, 0, -1), (0, 0.19509, -0.980785), (0, 0.19509, -0.980785), (0, 0.19509, -0.980785), (0, 0, -1), (0, 0, -1), (0, -1, 0), (0, -1, 0), (0, -1, 0), (0, -1, 0), (0, -1, 0), (0, -1, 0), (1, 0, 0), (1, 0, 0), (1, 0, 0), (1, 0, 0), (1, 0, 0), (1, 0, 0), (1, 0, 0), (1, 0, 0), (1, 0, 0), (1, 0, 0), (1, 0, 0), (1, 0, 0), (1, 0, 0), (1, 0, 0), (1, 0, 0), (1, 0, 0), (1, 0, 0), (1, 0, 0), (1, 0, 0), (1, 0, 0), (1, 0, 0), (1, 0, 0), (1, 0, 0), (1, 0, 0), (1, 0, 0), (1, 0, 0), (1, 0, 0), (1, 0, 0), (1, 0, 0), (1, 0, 0), (-1, 0, 0), (-1, 0, 0), (-1, 0, 0), (-1, 0, 0), (-1, 0, 0), (-1, 0, 0), (-1, 0, 0), (-1, 0, 0), (-1, 0, 0), (-1, 0, 0), (-1, 0, 0), (-1, 0, 0), (-1, 0, 0), (-1, 0, 0), (-1, 0, 0), (-1, 0, 0), (-1, 0, 0), (-1, 0, 0), (-1, 0, 0), (-1, 0, 0), (-1, 0, 0), (-1, 0, 0), (-1, 0, 0), (-1, 0, 0), (-1, 0, 0), (-1, 0, 0), (-1, 0, 0), (-1, 0, 0), (-1, 0, 0), (-1, 0, 0), (0, 0, -1), (0, 0, -1), (0, 0, -1), (0, 0, -1), (0, 0, -1), (0, 0, -1), (0, 0, 1), (0, 0, 1), (0, 0, 1), (0, 0, 1), (0, 0, 1), (0, 0, 1), (0, 0.19509, 0.980785), (0, 0, 1), (0, 0, 1), (0, 0, 1), (0, 0.19509, 0.980785), (0, 0.19509, 0.980785), (0, 0.707107, 0.707107), (0, 0.19509, 0.980785), (0, 0.19509, 0.980785), (0, 0.19509, 0.980785), (0, 0.707107, 0.707107), (0, 0.707107, 0.707107), (0, 0.707107, 0.707107), (0, 0.980785, 0.19509), (0, 0.707107, 0.707107), (0, 0.980785, 0.19509), (0, 0.707107, 0.707107), (0, 0.980785, 0.19509), (0, 0.980785, -0.19509), (0, 0.980785, 0.19509), (0, 0.980785, 0.19509), (0, 0.980785, 0.19509), (0, 0.980785, -0.19509), (0, 0.980785, -0.19509), (0, 0.980785, -0.19509), (0, 0.707107, -0.707107), (0, 0.980785, -0.19509), (0, 0.707107, -0.707107), (0, 0.980785, -0.19509), (0, 0.707107, -0.707107), (0, 0.19509, -0.980785), (0, 0.707107, -0.707107), (0, 0.707107, -0.707107), (0, 0.707107, -0.707107), (0, 0.19509, -0.980785), (0, 0.19509, -0.980785), (0, 0, -1), (0, 0.19509, -0.980785), (0, 0.19509, -0.980785), (0, 0.19509, -0.980785), (0, 0, -1), (0, 0, -1), (0, -1, 0), (0, -1, 0), (0, -1, 0), (0, -1, 0), (0, -1, 0), (0, -1, 0), (1, 0, 0), (1, 0, 0), (1, 0, 0), (1, 0, 0), (1, 0, 0), (1, 0, 0), (1, 0, 0), (1, 0, 0), (1, 0, 0), (1, 0, 0), (1, 0, 0), (1, 0, 0), (1, 0, 0), (1, 0, 0), (1, 0, 0), (1, 0, 0), (1, 0, 0), (1, 0, 0), (1, 0, 0), (1, 0, 0), (1, 0, 0), (1, 0, 0), (1, 0, 0), (1, 0, 0), (1, 0, 0), (1, 0, 0), (1, 0, 0), (1, 0, 0), (1, 0, 0), (1, 0, 0), (-1, 0, 0), (-1, 0, 0), (-1, 0, 0), (-1, 0, 0), (-1, 0, 0), (-1, 0, 0), (-1, 0, 0), (-1, 0, 0), (-1, 0, 0), (-1, 0, 0), (-1, 0, 0), (-1, 0, 0), (-1, 0, 0), (-1, 0, 0), (-1, 0, 0), (-1, 0, 0), (-1, 0, 0), (-1, 0, 0), (-1, 0, 0), (-1, 0, 0), (-1, 0, 0), (-1, 0, 0), (-1, 0, 0), (-1, 0, 0), (-1, 0, 0), (-1, 0, 0), (-1, 0, 0), (-1, 0, 0), (-1, 0, 0), (-1, 0, 0), (0, 0, -1), (0, 0, -1), (0, 0, -1), (0, 0, -1), (0, 0, -1), (0, 0, -1), (0, 0, 1), (0, 0, 1), (0, 0, 1), (0, 0, 1), (0, 0, 1), (0, 0, 1), (0, 0.19509, 0.980785), (0, 0, 1), (0, 0, 1), (0, 0, 1), (0, 0.19509, 0.980785), (0, 0.19509, 0.980785), (0, 0.707107, 0.707107), (0, 0.19509, 0.980785), (0, 0.19509, 0.980785), (0, 0.19509, 0.980785), (0, 0.707107, 0.707107), (0, 0.707107, 0.707107), (0, 0.707107, 0.707107), (0, 0.980785, 0.19509), (0, 0.707107, 0.707107), (0, 0.980785, 0.19509), (0, 0.707107, 0.707107), (0, 0.980785, 0.19509), (0, 0.980785, -0.19509), (0, 0.980785, 0.19509), (0, 0.980785, 0.19509), (0, 0.980785, 0.19509), (0, 0.980785, -0.19509), (0, 0.980785, -0.19509), (0, 0.980785, -0.19509), (0, 0.707107, -0.707107), (0, 0.980785, -0.19509), (0, 0.707107, -0.707107), (0, 0.980785, -0.19509), (0, 0.707107, -0.707107), (0, 0.19509, -0.980785), (0, 0.707107, -0.707107), (0, 0.707107, -0.707107), (0, 0.707107, -0.707107), (0, 0.19509, -0.980785), (0, 0.19509, -0.980785), (0, 0, -1), (0, 0.19509, -0.980785), (0, 0.19509, -0.980785), (0, 0.19509, -0.980785), (0, 0, -1), (0, 0, -1), (0, -1, 0), (0, -1, 0), (0, -1, 0), (0, -1, 0), (0, -1, 0), (0, -1, 0), (1, 0, 0), (1, 0, 0), (1, 0, 0), (1, 0, 0), (1, 0, 0), (1, 0, 0), (1, 0, 0), (1, 0, 0), (1, 0, 0), (1, 0, 0), (1, 0, 0), (1, 0, 0), (1, 0, 0), (1, 0, 0), (1, 0, 0), (1, 0, 0), (1, 0, 0), (1, 0, 0), (1, 0, 0), (1, 0, 0), (1, 0, 0), (1, 0, 0), (1, 0, 0), (1, 0, 0), (1, 0, 0), (1, 0, 0), (1, 0, 0), (1, 0, 0), (1, 0, 0), (1, 0, 0), (-1, 0, 0), (-1, 0, 0), (-1, 0, 0), (-1, 0, 0), (-1, 0, 0), (-1, 0, 0), (-1, 0, 0), (-1, 0, 0), (-1, 0, 0), (-1, 0, 0), (-1, 0, 0), (-1, 0, 0), (-1, 0, 0), (-1, 0, 0), (-1, 0, 0), (-1, 0, 0), (-1, 0, 0), (-1, 0, 0), (-1, 0, 0), (-1, 0, 0), (-1, 0, 0), (-1, 0, 0), (-1, 0, 0), (-1, 0, 0), (-1, 0, 0), (-1, 0, 0), (-1, 0, 0), (-1, 0, 0), (-1, 0, 0), (-1, 0, 0), (0, 0, -1), (0, 0, -1), (0, 0, -1), (0, 0, -1), (0, 0, -1), (0, 0, -1), (0, 0, 1), (0, 0, 1), (0, 0, 1), (0, 0, 1), (0, 0, 1), (0, 0, 1), (0, 0.19509, 0.980785), (0, 0, 1), (0, 0, 1), (0, 0, 1), (0, 0.19509, 0.980785), (0, 0.19509, 0.980785), (0, 0.707107, 0.707107), (0, 0.19509, 0.980785), (0, 0.19509, 0.980785), (0, 0.19509, 0.980785), (0, 0.707107, 0.707107), (0, 0.707107, 0.707107), (0, 0.707107, 0.707107), (0, 0.980785, 0.19509), (0, 0.707107, 0.707107), (0, 0.980785, 0.19509), (0, 0.707107, 0.707107), (0, 0.980785, 0.19509), (0, 0.980785, -0.19509), (0, 0.980785, 0.19509), (0, 0.980785, 0.19509), (0, 0.980785, 0.19509), (0, 0.980785, -0.19509), (0, 0.980785, -0.19509), (0, 0.980785, -0.19509), (0, 0.707107, -0.707107), (0, 0.980785, -0.19509), (0, 0.707107, -0.707107), (0, 0.980785, -0.19509), (0, 0.707107, -0.707107), (0, 0.19509, -0.980785), (0, 0.707107, -0.707107), (0, 0.707107, -0.707107), (0, 0.707107, -0.707107), (0, 0.19509, -0.980785), (0, 0.19509, -0.980785), (0, 0, -1), (0, 0.19509, -0.980785), (0, 0.19509, -0.980785), (0, 0.19509, -0.980785), (0, 0, -1), (0, 0, -1), (0, -1, 0), (0, -1, 0), (0, -1, 0), (0, -1, 0), (0, -1, 0), (0, -1, 0), (1, 0, 0), (1, 0, 0), (1, 0, 0), (1, 0, 0), (1, 0, 0), (1, 0, 0), (1, 0, 0), (1, 0, 0), (1, 0, 0), (1, 0, 0), (1, 0, 0), (1, 0, 0), (1, 0, 0), (1, 0, 0), (1, 0, 0), (1, 0, 0), (1, 0, 0), (1, 0, 0), (1, 0, 0), (1, 0, 0), (1, 0, 0), (1, 0, 0), (1, 0, 0), (1, 0, 0), (1, 0, 0), (1, 0, 0), (1, 0, 0), (1, 0, 0), (1, 0, 0), (1, 0, 0), (-1, 0, 0), (-1, 0, 0), (-1, 0, 0), (-1, 0, 0), (-1, 0, 0), (-1, 0, 0), (-1, 0, 0), (-1, 0, 0), (-1, 0, 0), (-1, 0, 0), (-1, 0, 0), (-1, 0, 0), (-1, 0, 0), (-1, 0, 0), (-1, 0, 0), (-1, 0, 0), (-1, 0, 0), (-1, 0, 0), (-1, 0, 0), (-1, 0, 0), (-1, 0, 0), (-1, 0, 0), (-1, 0, 0), (-1, 0, 0), (-1, 0, 0), (-1, 0, 0), (-1, 0, 0), (-1, 0, 0), (-1, 0, 0), (-1, 0, 0), (-0.970143, 0, 0.242536), (-0.902937, 0, 0.429772), (-0.970143, 0, 0.242536), (-0.970143, 0, 0.242536), (-0.902937, 0, 0.429772), (-0.970143, 0, 0.242536), (-0.970143, 0, 0.242536), (-0.902937, 0, 0.429772), (-0.970143, 0, 0.242536), (-0.970143, 0, 0.242536), (-0.970143, 0, 0.242536), (-0.970143, 0, 0.242536), (-0.902937, 0, 0.429772), (-0.970143, 0, 0.242536), (-0.902937, 0, 0.429772), (-0.902937, 0, 0.429772), (-0.8, 0, 0.6), (-0.902937, 0, 0.429772), (-0.8, 0, 0.6), (-0.902937, 0, 0.429772), (-0.8, 0, 0.6), (0.970143, 0, 0.242535), (0.902938, 0, 0.429771), (0.970143, 0, 0.242535), (0.902938, 0, 0.429771), (0.970143, 0, 0.242535), (0.970143, 0, 0.242535), (0.902938, 0, 0.429771), (0.970143, 0, 0.242535), (0.902938, 0, 0.429771), (0.902938, 0, 0.429771), (0.970143, 0, 0.242535), (0.970143, 0, 0.242535), (0.902938, 0, 0.429771), (0.970143, 0, 0.242535), (0.970143, 0, 0.242535), (0.902938, 0, 0.429771), (0.8, 0, 0.6), (0.902938, 0, 0.429771), (0.8, 0, 0.6), (0.902938, 0, 0.429771), (0.8, 0, 0.6), (-0.970143, 0, -0.242535), (-0.970143, 0, -0.242535), (-0.970143, 0, -0.242535), (-0.970143, 0, -0.242535), (-0.970143, 0, -0.242535), (-0.970143, 0, -0.242535), (-0.970143, 0, -0.242535), (-0.970143, 0, -0.242535), (-0.970143, 0, -0.242535), (0.970143, 0, -0.242536), (0.970143, 0, -0.242536), (0.970143, 0, -0.242536), (0.970143, 0, -0.242536), (0.970143, 0, -0.242536), (0.970143, 0, -0.242536), (0.970143, 0, -0.242536), (0.970143, 0, -0.242536), (0.970143, 0, -0.242536), (0.8, 0, -0.6), (0.8, 0, -0.6), (0.8, 0, -0.6), (0.8, 0, -0.6), (0.8, 0, -0.6), (0.8, 0, -0.6), (-0.8, 0, -0.6), (-0.8, 0, -0.6), (-0.8, 0, -0.6), (-0.8, 0, -0.6), (-0.8, 0, -0.6), (-0.8, 0, -0.6), (-1, 0, -1.19209e-07), (-1, 0, -1.19209e-07), (-1, 0, -1.19209e-07), (-1, 0, -1.19209e-07), (-1, 0, -1.19209e-07), (-1, 0, -1.19209e-07), (1, 0, 1.19209e-07), (1, 0, 1.19209e-07), (1, 0, 1.19209e-07), (1, 0, 1.19209e-07), (1, 0, 1.19209e-07), (1, 0, 1.19209e-07), (0, 1, 0), (0, 1, 0), (0, 1, 0), (0, 1, 0), (0, 1, 0), (0, 1, 0), (0, 1, 0), (0, 1, 0), (0, 1, 0), (0, 1, 0), (0, 1, 0), (0, 1, 0), (0, 1, 0), (0, 1, 0), (0, 1, 0), (0, 1, 0), (0, 1, 0), (0, 1, 0), (-0.936329, 0, -0.351124), (-0.936329, 0, 0.351123), (-0.936329, 0, -0.351124), (-0.406138, 0, -0.913812), (-0.936329, 0, -0.351124), (-0.936329, 0, -0.351124), (-0.936329, 0, 0.351123), (-0.936329, 0, -0.351124), (-0.936329, 0, 0.351123), (-0.936329, 0, -0.351124), (-0.406138, 0, -0.913812), (-0.406138, 0, -0.913812), (-0.406139, 0, 0.913811), (-0.936329, 0, 0.351123), (-0.936329, 0, 0.351123), (0.406139, 0, -0.913811), (-0.406138, 0, -0.913812), (-0.406138, 0, -0.913812), (-0.936329, 0, 0.351123), (-0.406139, 0, 0.913811), (-0.406139, 0, 0.913811), (-0.406138, 0, -0.913812), (0.406139, 0, -0.913811), (0.406139, 0, -0.913811), (0.406138, 0, 0.913812), (-0.406139, 0, 0.913811), (-0.406139, 0, 0.913811), (-0.406139, 0, 0.913811), (0.406138, 0, 0.913812), (0.406138, 0, 0.913812), (0.936329, 0, -0.351123), (0.406139, 0, -0.913811), (0.406139, 0, -0.913811), (0.406139, 0, -0.913811), (0.936329, 0, -0.351123), (0.936329, 0, -0.351123), (0.936329, 0, 0.351124), (0.406138, 0, 0.913812), (0.406138, 0, 0.913812), (0.936329, 0, -0.351123), (0.936329, 0, 0.351124), (0.936329, 0, -0.351123), (0.406138, 0, 0.913812), (0.936329, 0, 0.351124), (0.936329, 0, 0.351124), (0.936329, 0, 0.351124), (0.936329, 0, -0.351123), (0.936329, 0, 0.351124), (0, 1, 0), (0, 1, 0), (0, 1, 0), (0, 1, 0), (0, 1, 0), (0, 1, 0), (0, 1, 0), (0, 1, 0), (0, 1, 0), (0, 1, 0), (0, 1, 0), (0, 1, 0), (0, 1, 0), (0, 1, 0), (0, 1, 0), (0, 1, 0), (0, 1, 0), (0, 1, 0), (0, 1, 0), (0, 1, 0), (0, 1, 0), (0, 1, 0), (0, 1, 0), (0, 1, 0), (1.19209e-07, 0, -1), (1.19209e-07, 0, -1), (1.19209e-07, 0, -1), (1.19209e-07, 0, -1), (1.19209e-07, 0, -1), (1.19209e-07, 0, -1), (-1.19209e-07, 0, 1), (-1.19209e-07, 0, 1), (-1.19209e-07, 0, 1), (-1.19209e-07, 0, 1), (-1.19209e-07, 0, 1), (-1.19209e-07, 0, 1), (-0.382683, 0, -0.92388), (-0.598267, 0, -0.801297), (-0.382683, 0, -0.92388), (-0.598267, 0, -0.801297), (-0.382683, 0, -0.92388), (-0.598267, 0, -0.801297), (-0.598267, 0, -0.801297), (-1, 0, -1.19209e-07), (-0.598267, 0, -0.801297), (-1, 0, -1.19209e-07), (-0.598267, 0, -0.801297), (-1, 0, -1.19209e-07), (-1, 0, -1.19209e-07), (-0.598267, 0, 0.801297), (-1, 0, -1.19209e-07), (-0.598267, 0, 0.801297), (-1, 0, -1.19209e-07), (-0.598267, 0, 0.801297), (-0.598267, 0, 0.801297), (-0.382684, 0, 0.923879), (-0.598267, 0, 0.801297), (-0.382684, 0, 0.923879), (-0.598267, 0, 0.801297), (-0.382684, 0, 0.923879), (0.382683, 0, 0.92388), (0.598267, 0, 0.801297), (0.382683, 0, 0.92388), (0.598267, 0, 0.801297), (0.382683, 0, 0.92388), (0.598267, 0, 0.801297), (0.598267, 0, 0.801297), (1, 0, 1.19209e-07), (0.598267, 0, 0.801297), (1, 0, 1.19209e-07), (0.598267, 0, 0.801297), (1, 0, 1.19209e-07), (1, 0, 1.19209e-07), (0.598267, 0, -0.801297), (1, 0, 1.19209e-07), (0.598267, 0, -0.801297), (1, 0, 1.19209e-07), (0.598267, 0, -0.801297), (0.598267, 0, -0.801297), (0.382684, 0, -0.923879), (0.598267, 0, -0.801297), (0.382684, 0, -0.923879), (0.598267, 0, -0.801297), (0.382684, 0, -0.923879), (1, 0, 0), (1, 0, 0), (1, 0, 0), (1, 0, 0), (1, 0, 0), (1, 0, 0), (1, 0, 0), (1, 0, 0), (1, 0, 0), (1, 0, 0), (1, 0, 0), (1, 0, 0), (1, 0, 0), (1, 0, 0), (1, 0, 0), (1, 0, 0), (1, 0, 0), (1, 0, 0), (1, 0, 0), (1, 0, 0), (1, 0, 0), (1, 0, 0), (1, 0, 0), (1, 0, 0), (-1, 0, 0), (-1, 0, 0), (-1, 0, 0), (-1, 0, 0), (-1, 0, 0), (-1, 0, 0), (-1, 0, 0), (-1, 0, 0), (-1, 0, 0), (-1, 0, 0), (-1, 0, 0), (-1, 0, 0), (-1, 0, 0), (-1, 0, 0), (-1, 0, 0), (-1, 0, 0), (-1, 0, 0), (-1, 0, 0), (-1, 0, 0), (-1, 0, 0), (-1, 0, 0), (-1, 0, 0), (-1, 0, 0), (-1, 0, 0), (1, 0, 0), (1, 0, 0), (1, 0, 0), (1, 0, 0), (1, 0, 0), (1, 0, 0), (1, 0, 0), (1, 0, 0), (1, 0, 0), (1, 0, 0), (1, 0, 0), (1, 0, 0), (-1, 0, 0), (-1, 0, 0), (-1, 0, 0), (-1, 0, 0), (-1, 0, 0), (-1, 0, 0), (-1, 0, 0), (-1, 0, 0), (-1, 0, 0), (-1, 0, 0), (-1, 0, 0), (-1, 0, 0), (-1, 0, 0), (-1, 0, 0), (-1, 0, 0), (-1, 0, 0), (-1, 0, 0), (-1, 0, 0), (-1, 0, 0), (-1, 0, 0), (-1, 0, 0), (-1, 0, 0), (-1, 0, 0), (-1, 0, 0), (1, 0, 0), (1, 0, 0), (1, 0, 0), (1, 0, 0), (1, 0, 0), (1, 0, 0), (1, 0, 0), (1, 0, 0), (1, 0, 0), (1, 0, 0), (1, 0, 0), (1, 0, 0), (1, 0, 0), (1, 0, 0), (1, 0, 0), (1, 0, 0), (1, 0, 0), (1, 0, 0), (1, 0, 0), (1, 0, 0), (1, 0, 0), (1, 0, 0), (1, 0, 0), (1, 0, 0), (-1, 0, 0), (-1, 0, 0), (-1, 0, 0), (-1, 0, 0), (-1, 0, 0), (-1, 0, 0), (-1, 0, 0), (-1, 0, 0), (-1, 0, 0), (-1, 0, 0), (-1, 0, 0), (-1, 0, 0), (-1, 0, 0), (-1, 0, 0), (-1, 0, 0), (-1, 0, 0), (-1, 0, 0), (-1, 0, 0), (-1, 0, 0), (-1, 0, 0), (-1, 0, 0), (-1, 0, 0), (-1, 0, 0), (-1, 0, 0), (1, 0, 0), (1, 0, 0), (1, 0, 0), (1, 0, 0), (1, 0, 0), (1, 0, 0), (1, 0, 0), (1, 0, 0), (1, 0, 0), (1, 0, 0), (1, 0, 0), (1, 0, 0), (-1, 0, 0), (-1, 0, 0), (-1, 0, 0), (-1, 0, 0), (-1, 0, 0), (-1, 0, 0), (-1, 0, 0), (-1, 0, 0), (-1, 0, 0), (-1, 0, 0), (-1, 0, 0), (-1, 0, 0), (1, 0, 0), (1, 0, 0), (1, 0, 0), (1, 0, 0), (1, 0, 0), (1, 0, 0), (1, 0, 0), (1, 0, 0), (1, 0, 0), (1, 0, 0), (1, 0, 0), (1, 0, 0), (1, 0, 0), (1, 0, 0), (1, 0, 0), (1, 0, 0), (1, 0, 0), (1, 0, 0), (1, 0, 0), (1, 0, 0), (1, 0, 0), (1, 0, 0), (1, 0, 0), (1, 0, 0), (-1, 0, 0), (-1, 0, 0), (-1, 0, 0), (-1, 0, 0), (-1, 0, 0), (-1, 0, 0), (-1, 0, 0), (-1, 0, 0), (-1, 0, 0), (-1, 0, 0), (-1, 0, 0), (-1, 0, 0), (0, 1, 0), (0, 1, 0), (0, 1, 0), (0, 1, 0), (0, 1, 0), (0, 1, 0), (0, 1, 0), (0, 1, 0), (0, 1, 0), (0, 1, 0), (0, 1, 0), (0, 1, 0), (0, 1, 0), (0, 1, 0), (0, 1, 0), (0, 1, 0), (0, 1, 0), (0, 1, 0), (-0.885832, 0, 0.464007), (-0.298275, 0, 0.95448), (-0.885832, 0, 0.464007), (-0.923879, 0, -0.382683), (-0.885832, 0, 0.464007), (-0.885832, 0, 0.464007), (-0.298275, 0, 0.95448), (-0.885832, 0, 0.464007), (-0.298275, 0, 0.95448), (-0.885832, 0, 0.464007), (-0.923879, 0, -0.382683), (-0.923879, 0, -0.382683), (-0.298275, 0, 0.95448), (0.298275, 0, 0.95448), (-0.298275, 0, 0.95448), (0.298275, 0, 0.95448), (-0.298275, 0, 0.95448), (0.298275, 0, 0.95448), (-0.382683, 0, -0.923879), (-0.923879, 0, -0.382683), (-0.923879, 0, -0.382683), (-0.923879, 0, -0.382683), (-0.382683, 0, -0.923879), (-0.382683, 0, -0.923879), (-0.382683, 0, -0.923879), (0.382683, 0, -0.923879), (-0.382683, 0, -0.923879), (0.382683, 0, -0.923879), (-0.382683, 0, -0.923879), (0.382683, 0, -0.923879), (0.298275, 0, 0.95448), (0.885832, 0, 0.464007), (0.298275, 0, 0.95448), (0.885832, 0, 0.464007), (0.298275, 0, 0.95448), (0.885832, 0, 0.464007), (0.382683, 0, -0.923879), (0.923879, 0, -0.382683), (0.382683, 0, -0.923879), (0.923879, 0, -0.382683), (0.885832, 0, 0.464007), (0.885832, 0, 0.464007), (0.923879, 0, -0.382683), (0.382683, 0, -0.923879), (0.923879, 0, -0.382683), (0.885832, 0, 0.464007), (0.923879, 0, -0.382683), (0.923879, 0, -0.382683), (0, -0.905845, 0.423609), (0, -0.905845, 0.423609), (0, -0.905845, 0.423609), (0, -0.905845, -0.423609), (0, -0.905845, -0.423609), (0, -0.905845, -0.423609), (0.929412, 0, -0.369044), (0.850936, 0, -0.525269), (0.850936, 0, -0.525269), (0.850936, 0, -0.525269), (0.929412, 0, -0.369044), (0.938083, 0, -0.34641), (1, 0, 0), (0.938083, 0, -0.34641), (0.929412, 0, -0.369044), (0.938083, 0, -0.34641), (1, 0, 0), (1, 0, 0), (0.929412, 0, 0.369044), (1, 0, 0), (1, 0, 0), (1, 0, 0), (0.929412, 0, 0.369044), (0.938083, 0, 0.34641), (0.850936, 0, 0.525269), (0.938083, 0, 0.34641), (0.929412, 0, 0.369044), (0.938083, 0, 0.34641), (0.850936, 0, 0.525269), (0.850936, 0, 0.525269), (-0.929412, 0, 0.369044), (-0.850936, 0, 0.525269), (-0.850936, 0, 0.525269), (-0.850936, 0, 0.525269), (-0.929412, 0, 0.369044), (-0.938083, 0, 0.34641), (-1, 0, 0), (-0.938083, 0, 0.34641), (-0.929412, 0, 0.369044), (-0.938083, 0, 0.34641), (-1, 0, 0), (-1, 0, 0), (-0.929412, 0, -0.369044), (-1, 0, 0), (-1, 0, 0), (-1, 0, 0), (-0.929412, 0, -0.369044), (-0.938083, 0, -0.34641), (-0.850936, 0, -0.525269), (-0.938083, 0, -0.34641), (-0.929412, 0, -0.369044), (-0.938083, 0, -0.34641), (-0.850936, 0, -0.525269), (-0.850936, 0, -0.525269), (0, -0.905845, 0.423609), (0, -0.905845, 0.423609), (0, -0.905845, 0.423609), (0, -0.905845, -0.423609), (0, -0.905845, -0.423609), (0, -0.905845, -0.423609), (0.929412, 0, -0.369044), (0.850936, 0, -0.525269), (0.850936, 0, -0.525269), (0.850936, 0, -0.525269), (0.929412, 0, -0.369044), (0.938083, 0, -0.34641), (1, 0, 0), (0.938083, 0, -0.34641), (0.929412, 0, -0.369044), (0.938083, 0, -0.34641), (1, 0, 0), (1, 0, 0), (0.929412, 0, 0.369044), (1, 0, 0), (1, 0, 0), (1, 0, 0), (0.929412, 0, 0.369044), (0.938083, 0, 0.34641), (0.850936, 0, 0.525269), (0.938083, 0, 0.34641), (0.929412, 0, 0.369044), (0.938083, 0, 0.34641), (0.850936, 0, 0.525269), (0.850936, 0, 0.525269), (-0.929412, 0, 0.369044), (-0.850936, 0, 0.525269), (-0.850936, 0, 0.525269), (-0.850936, 0, 0.525269), (-0.929412, 0, 0.369044), (-0.938083, 0, 0.34641), (-1, 0, 0), (-0.938083, 0, 0.34641), (-0.929412, 0, 0.369044), (-0.938083, 0, 0.34641), (-1, 0, 0), (-1, 0, 0), (-0.929412, 0, -0.369044), (-1, 0, 0), (-1, 0, 0), (-1, 0, 0), (-0.929412, 0, -0.369044), (-0.938083, 0, -0.34641), (-0.850936, 0, -0.525269), (-0.938083, 0, -0.34641), (-0.929412, 0, -0.369044), (-0.938083, 0, -0.34641), (-0.850936, 0, -0.525269), (-0.850936, 0, -0.525269), (0, -0.905845, 0.423609), (0, -0.905845, 0.423609), (0, -0.905845, 0.423609), (0, -0.905845, -0.423609), (0, -0.905845, -0.423609), (0, -0.905845, -0.423609), (0.929412, 0, -0.369044), (0.850936, 0, -0.525269), (0.850936, 0, -0.525269), (0.850936, 0, -0.525269), (0.929412, 0, -0.369044), (0.938083, 0, -0.34641), (1, 0, 0), (0.938083, 0, -0.34641), (0.929412, 0, -0.369044), (0.938083, 0, -0.34641), (1, 0, 0), (1, 0, 0), (0.929412, 0, 0.369044), (1, 0, 0), (1, 0, 0), (1, 0, 0), (0.929412, 0, 0.369044), (0.938083, 0, 0.34641), (0.850936, 0, 0.525269), (0.938083, 0, 0.34641), (0.929412, 0, 0.369044), (0.938083, 0, 0.34641), (0.850936, 0, 0.525269), (0.850936, 0, 0.525269), (-0.929412, 0, 0.369044), (-0.850936, 0, 0.525269), (-0.850936, 0, 0.525269), (-0.850936, 0, 0.525269), (-0.929412, 0, 0.369044), (-0.938083, 0, 0.34641), (-1, 0, 0), (-0.938083, 0, 0.34641), (-0.929412, 0, 0.369044), (-0.938083, 0, 0.34641), (-1, 0, 0), (-1, 0, 0), (-0.929412, 0, -0.369044), (-1, 0, 0), (-1, 0, 0), (-1, 0, 0), (-0.929412, 0, -0.369044), (-0.938083, 0, -0.34641), (-0.850936, 0, -0.525269), (-0.938083, 0, -0.34641), (-0.929412, 0, -0.369044), (-0.938083, 0, -0.34641), (-0.850936, 0, -0.525269), (-0.850936, 0, -0.525269), (0, -0.905845, 0.423609), (0, -0.905845, 0.423609), (0, -0.905845, 0.423609), (0, -0.905845, -0.423609), (0, -0.905845, -0.423609), (0, -0.905845, -0.423609), (0.929412, 0, -0.369044), (0.850936, 0, -0.525269), (0.850936, 0, -0.525269), (0.850936, 0, -0.525269), (0.929412, 0, -0.369044), (0.938083, 0, -0.34641), (1, 0, 0), (0.938083, 0, -0.34641), (0.929412, 0, -0.369044), (0.938083, 0, -0.34641), (1, 0, 0), (1, 0, 0), (0.929412, 0, 0.369044), (1, 0, 0), (1, 0, 0), (1, 0, 0), (0.929412, 0, 0.369044), (0.938083, 0, 0.34641), (0.850936, 0, 0.525269), (0.938083, 0, 0.34641), (0.929412, 0, 0.369044), (0.938083, 0, 0.34641), (0.850936, 0, 0.525269), (0.850936, 0, 0.525269), (-0.929412, 0, 0.369044), (-0.850936, 0, 0.525269), (-0.850936, 0, 0.525269), (-0.850936, 0, 0.525269), (-0.929412, 0, 0.369044), (-0.938083, 0, 0.34641), (-1, 0, 0), (-0.938083, 0, 0.34641), (-0.929412, 0, 0.369044), (-0.938083, 0, 0.34641), (-1, 0, 0), (-1, 0, 0), (-0.929412, 0, -0.369044), (-1, 0, 0), (-1, 0, 0), (-1, 0, 0), (-0.929412, 0, -0.369044), (-0.938083, 0, -0.34641), (-0.850936, 0, -0.525269), (-0.938083, 0, -0.34641), (-0.929412, 0, -0.369044), (-0.938083, 0, -0.34641), (-0.850936, 0, -0.525269), (-0.850936, 0, -0.525269), (0, -0.905845, 0.423609), (0, -0.905845, 0.423609), (0, -0.905845, 0.423609), (0, -0.905845, -0.423609), (0, -0.905845, -0.423609), (0, -0.905845, -0.423609), (0.929412, 0, -0.369044), (0.850936, 0, -0.525269), (0.850936, 0, -0.525269), (0.850936, 0, -0.525269), (0.929412, 0, -0.369044), (0.938083, 0, -0.34641), (1, 0, 0), (0.938083, 0, -0.34641), (0.929412, 0, -0.369044), (0.938083, 0, -0.34641), (1, 0, 0), (1, 0, 0), (0.929412, 0, 0.369044), (1, 0, 0), (1, 0, 0), (1, 0, 0), (0.929412, 0, 0.369044), (0.938083, 0, 0.34641), (0.850936, 0, 0.525269), (0.938083, 0, 0.34641), (0.929412, 0, 0.369044), (0.938083, 0, 0.34641), (0.850936, 0, 0.525269), (0.850936, 0, 0.525269), (-0.929412, 0, 0.369044), (-0.850936, 0, 0.525269), (-0.850936, 0, 0.525269), (-0.850936, 0, 0.525269), (-0.929412, 0, 0.369044), (-0.938083, 0, 0.34641), (-1, 0, 0), (-0.938083, 0, 0.34641), (-0.929412, 0, 0.369044), (-0.938083, 0, 0.34641), (-1, 0, 0), (-1, 0, 0), (-0.929412, 0, -0.369044), (-1, 0, 0), (-1, 0, 0), (-1, 0, 0), (-0.929412, 0, -0.369044), (-0.938083, 0, -0.34641), (-0.850936, 0, -0.525269), (-0.938083, 0, -0.34641), (-0.929412, 0, -0.369044), (-0.938083, 0, -0.34641), (-0.850936, 0, -0.525269), (-0.850936, 0, -0.525269), (0, -0.905845, 0.423609), (0, -0.905845, 0.423609), (0, -0.905845, 0.423609), (0, -0.905845, -0.423609), (0, -0.905845, -0.423609), (0, -0.905845, -0.423609), (0.929412, 0, -0.369044), (0.850936, 0, -0.525269), (0.850936, 0, -0.525269), (0.850936, 0, -0.525269), (0.929412, 0, -0.369044), (0.938083, 0, -0.34641), (1, 0, 0), (0.938083, 0, -0.34641), (0.929412, 0, -0.369044), (0.938083, 0, -0.34641), (1, 0, 0), (1, 0, 0), (0.929412, 0, 0.369044), (1, 0, 0), (1, 0, 0), (1, 0, 0), (0.929412, 0, 0.369044), (0.938083, 0, 0.34641), (0.850936, 0, 0.525269), (0.938083, 0, 0.34641), (0.929412, 0, 0.369044), (0.938083, 0, 0.34641), (0.850936, 0, 0.525269), (0.850936, 0, 0.525269), (-0.929412, 0, 0.369044), (-0.850936, 0, 0.525269), (-0.850936, 0, 0.525269), (-0.850936, 0, 0.525269), (-0.929412, 0, 0.369044), (-0.938083, 0, 0.34641), (-1, 0, 0), (-0.938083, 0, 0.34641), (-0.929412, 0, 0.369044), (-0.938083, 0, 0.34641), (-1, 0, 0), (-1, 0, 0), (-0.929412, 0, -0.369044), (-1, 0, 0), (-1, 0, 0), (-1, 0, 0), (-0.929412, 0, -0.369044), (-0.938083, 0, -0.34641), (-0.850936, 0, -0.525269), (-0.938083, 0, -0.34641), (-0.929412, 0, -0.369044), (-0.938083, 0, -0.34641), (-0.850936, 0, -0.525269), (-0.850936, 0, -0.525269), (0, -0.905845, 0.423609), (0, -0.905845, 0.423609), (0, -0.905845, 0.423609), (0, -0.905845, -0.423609), (0, -0.905845, -0.423609), (0, -0.905845, -0.423609), (0.929412, 0, -0.369044), (0.850936, 0, -0.525269), (0.850936, 0, -0.525269), (0.850936, 0, -0.525269), (0.929412, 0, -0.369044), (0.938083, 0, -0.34641), (1, 0, 0), (0.938083, 0, -0.34641), (0.929412, 0, -0.369044), (0.938083, 0, -0.34641), (1, 0, 0), (1, 0, 0), (0.929412, 0, 0.369044), (1, 0, 0), (1, 0, 0), (1, 0, 0), (0.929412, 0, 0.369044), (0.938083, 0, 0.34641), (0.850936, 0, 0.525269), (0.938083, 0, 0.34641), (0.929412, 0, 0.369044), (0.938083, 0, 0.34641), (0.850936, 0, 0.525269), (0.850936, 0, 0.525269), (-0.929412, 0, 0.369044), (-0.850936, 0, 0.525269), (-0.850936, 0, 0.525269), (-0.850936, 0, 0.525269), (-0.929412, 0, 0.369044), (-0.938083, 0, 0.34641), (-1, 0, 0), (-0.938083, 0, 0.34641), (-0.929412, 0, 0.369044), (-0.938083, 0, 0.34641), (-1, 0, 0), (-1, 0, 0), (-0.929412, 0, -0.369044), (-1, 0, 0), (-1, 0, 0), (-1, 0, 0), (-0.929412, 0, -0.369044), (-0.938083, 0, -0.34641), (-0.850936, 0, -0.525269), (-0.938083, 0, -0.34641), (-0.929412, 0, -0.369044), (-0.938083, 0, -0.34641), (-0.850936, 0, -0.525269), (-0.850936, 0, -0.525269), (0, -0.905845, 0.423609), (0, -0.905845, 0.423609), (0, -0.905845, 0.423609), (0, -0.905845, -0.423609), (0, -0.905845, -0.423609), (0, -0.905845, -0.423609), (0.929412, 0, -0.369044), (0.850936, 0, -0.525269), (0.850936, 0, -0.525269), (0.850936, 0, -0.525269), (0.929412, 0, -0.369044), (0.938083, 0, -0.34641), (1, 0, 0), (0.938083, 0, -0.34641), (0.929412, 0, -0.369044), (0.938083, 0, -0.34641), (1, 0, 0), (1, 0, 0), (0.929412, 0, 0.369044), (1, 0, 0), (1, 0, 0), (1, 0, 0), (0.929412, 0, 0.369044), (0.938083, 0, 0.34641), (0.850936, 0, 0.525269), (0.938083, 0, 0.34641), (0.929412, 0, 0.369044), (0.938083, 0, 0.34641), (0.850936, 0, 0.525269), (0.850936, 0, 0.525269), (-0.929412, 0, 0.369044), (-0.850936, 0, 0.525269), (-0.850936, 0, 0.525269), (-0.850936, 0, 0.525269), (-0.929412, 0, 0.369044), (-0.938083, 0, 0.34641), (-1, 0, 0), (-0.938083, 0, 0.34641), (-0.929412, 0, 0.369044), (-0.938083, 0, 0.34641), (-1, 0, 0), (-1, 0, 0), (-0.929412, 0, -0.369044), (-1, 0, 0), (-1, 0, 0), (-1, 0, 0), (-0.929412, 0, -0.369044), (-0.938083, 0, -0.34641), (-0.850936, 0, -0.525269), (-0.938083, 0, -0.34641), (-0.929412, 0, -0.369044), (-0.938083, 0, -0.34641), (-0.850936, 0, -0.525269), (-0.850936, 0, -0.525269), (0, 0, -1), (0, 0, -1), (0, 0, -1), (0, 0, -1), (0, 0, -1), (0, 0, -1), (0, -1, 0), (0, -1, 0), (0, -1, 0), (0, -1, 0), (0, -1, 0), (0, -1, 0), (0, 0.980785, 0.19509), (0, 1, 0), (0, 1, 0), (0, 1, 0), (0, 0.980785, 0.19509), (0, 0.980785, 0.19509), (0, 0.707107, 0.707107), (0, 0.980785, 0.19509), (0, 0.980785, 0.19509), (0, 0.980785, 0.19509), (0, 0.707107, 0.707107), (0, 0.707107, 0.707107), (0, 0.19509, 0.980785), (0, 0.707107, 0.707107), (0, 0.707107, 0.707107), (0, 0.707107, 0.707107), (0, 0.19509, 0.980785), (0, 0.19509, 0.980785), (0, 0, 1), (0, 0.19509, 0.980785), (0, 0.19509, 0.980785), (0, 0.19509, 0.980785), (0, 0, 1), (0, 0, 1), (-1, 0, 0), (-1, 0, 0), (-1, 0, 0), (-1, 0, 0), (-1, 0, 0), (-1, 0, 0), (-1, 0, 0), (-1, 0, 0), (-1, 0, 0), (-1, 0, 0), (-1, 0, 0), (-1, 0, 0), (-1, 0, 0), (-1, 0, 0), (-1, 0, 0), (-1, 0, 0), (-1, 0, 0), (-1, 0, 0), (1, 0, 0), (1, 0, 0), (1, 0, 0), (1, 0, 0), (1, 0, 0), (1, 0, 0), (1, 0, 0), (1, 0, 0), (1, 0, 0), (1, 0, 0), (1, 0, 0), (1, 0, 0), (1, 0, 0), (1, 0, 0), (1, 0, 0), (1, 0, 0), (1, 0, 0), (1, 0, 0), (-1, 0, -1.19209e-07), (-1, 0, -1.19209e-07), (-1, 0, -1.19209e-07), (-1, 0, -1.19209e-07), (-1, 0, -1.19209e-07), (-1, 0, -1.19209e-07), (1, 0, 1.19209e-07), (1, 0, 1.19209e-07), (1, 0, 1.19209e-07), (1, 0, 1.19209e-07), (1, 0, 1.19209e-07), (1, 0, 1.19209e-07), (1, 0, 1.19209e-07), (1, 0, 1.19209e-07), (1, 0, 1.19209e-07), (1, 0, 1.19209e-07), (1, 0, 1.19209e-07), (1, 0, 1.19209e-07), (0, -1, 0), (0, -1, 0), (0, -1, 0), (0, -1, 0), (0, -1, 0), (0, -1, 0), (0, -1, 0), (0, -1, 0), (0, -1, 0), (0, -1, 0), (0, -1, 0), (0, -1, 0), (-1, 0, -1.19209e-07), (-1, 0, -1.19209e-07), (-1, 0, -1.19209e-07), (-1, 0, -1.19209e-07), (-1, 0, -1.19209e-07), (-1, 0, -1.19209e-07), (-1, 0, -1.19209e-07), (-1, 0, -1.19209e-07), (-1, 0, -1.19209e-07), (-1, 0, -1.19209e-07), (-1, 0, -1.19209e-07), (-1, 0, -1.19209e-07), (-1, 0, -1.19209e-07), (-1, 0, -1.19209e-07), (-1, 0, -1.19209e-07), (-1, 0, -1.19209e-07), (-1, 0, -1.19209e-07), (-1, 0, -1.19209e-07), (-1, 0, -1.19209e-07), (-1, 0, -1.19209e-07), (-1, 0, -1.19209e-07), (-1, 0, -1.19209e-07), (-1, 0, -1.19209e-07), (-1, 0, -1.19209e-07), (-1, 0, -1.19209e-07), (-1, 0, -1.19209e-07), (-1, 0, -1.19209e-07), (-1, 0, -1.19209e-07), (-1, 0, -1.19209e-07), (-1, 0, -1.19209e-07), (-1, 0, -1.19209e-07), (-1, 0, -1.19209e-07), (-1, 0, -1.19209e-07), (-1, 0, -1.19209e-07), (-1, 0, -1.19209e-07), (-1, 0, -1.19209e-07), (-1, 0, -1.19209e-07), (-1, 0, -1.19209e-07), (-1, 0, -1.19209e-07), (-1, 0, -1.19209e-07), (-1, 0, -1.19209e-07), (-1, 0, -1.19209e-07), (-1, 0, -1.19209e-07), (-1, 0, -1.19209e-07), (-1, 0, -1.19209e-07), (-1, 0, -1.19209e-07), (-1, 0, -1.19209e-07), (-1, 0, -1.19209e-07), (-1, 0, -1.19209e-07), (-1, 0, -1.19209e-07), (-1, 0, -1.19209e-07), (-1, 0, -1.19209e-07), (-1, 0, -1.19209e-07), (-1, 0, -1.19209e-07), (-1, 0, -1.19209e-07), (-1, 0, -1.19209e-07), (-1, 0, -1.19209e-07), (-1, 0, -1.19209e-07), (-1, 0, -1.19209e-07), (-1, 0, -1.19209e-07), (-1, 0, -1.19209e-07), (-1, 0, -1.19209e-07), (-1, 0, -1.19209e-07), (-1, 0, -1.19209e-07), (-1, 0, -1.19209e-07), (-1, 0, -1.19209e-07), (1, 0, 1.19209e-07), (1, 0, 1.19209e-07), (1, 0, 1.19209e-07), (1, 0, 1.19209e-07), (1, 0, 1.19209e-07), (1, 0, 1.19209e-07), (1, 0, 1.19209e-07), (1, 0, 1.19209e-07), (1, 0, 1.19209e-07), (1, 0, 1.19209e-07), (1, 0, 1.19209e-07), (1, 0, 1.19209e-07), (1, 0, 1.19209e-07), (1, 0, 1.19209e-07), (1, 0, 1.19209e-07), (1, 0, 1.19209e-07), (1, 0, 1.19209e-07), (1, 0, 1.19209e-07), (1, 0, 1.19209e-07), (1, 0, 1.19209e-07), (1, 0, 1.19209e-07), (1, 0, 1.19209e-07), (1, 0, 1.19209e-07), (1, 0, 1.19209e-07), (1, 0, 1.19209e-07), (1, 0, 1.19209e-07), (1, 0, 1.19209e-07), (1, 0, 1.19209e-07), (1, 0, 1.19209e-07), (1, 0, 1.19209e-07), (1, 0, 1.19209e-07), (1, 0, 1.19209e-07), (1, 0, 1.19209e-07), (1, 0, 1.19209e-07), (1, 0, 1.19209e-07), (1, 0, 1.19209e-07), (1, 0, 1.19209e-07), (1, 0, 1.19209e-07), (1, 0, 1.19209e-07), (1, 0, 1.19209e-07), (1, 0, 1.19209e-07), (1, 0, 1.19209e-07), (1, 0, 1.19209e-07), (1, 0, 1.19209e-07), (1, 0, 1.19209e-07), (1, 0, 1.19209e-07), (1, 0, 1.19209e-07), (1, 0, 1.19209e-07), (1, 0, 1.19209e-07), (1, 0, 1.19209e-07), (1, 0, 1.19209e-07), (1, 0, 1.19209e-07), (1, 0, 1.19209e-07), (1, 0, 1.19209e-07), (1, 0, 1.19209e-07), (1, 0, 1.19209e-07), (1, 0, 1.19209e-07), (1, 0, 1.19209e-07), (1, 0, 1.19209e-07), (1, 0, 1.19209e-07), (-1, 0, -1.19209e-07), (-1, 0, -1.19209e-07), (-1, 0, -1.19209e-07), (-1, 0, -1.19209e-07), (-1, 0, -1.19209e-07), (-1, 0, -1.19209e-07), (-1, 0, -1.19209e-07), (-1, 0, -1.19209e-07), (-1, 0, -1.19209e-07), (-1, 0, -1.19209e-07), (-1, 0, -1.19209e-07), (-1, 0, -1.19209e-07), (-1.19209e-07, 0, 1), (-1.19209e-07, 0, 1), (-1.19209e-07, 0, 1), (-1.19209e-07, 0, 1), (-1.19209e-07, 0, 1), (-1.19209e-07, 0, 1), (1.19209e-07, 0, -1), (1.19209e-07, 0, -1), (1.19209e-07, 0, -1), (1.19209e-07, 0, -1), (1.19209e-07, 0, -1), (1.19209e-07, 0, -1), (-1.19209e-07, 0, 1), (-1.19209e-07, 0, 1), (-1.19209e-07, 0, 1), (-1.19209e-07, 0, 1), (-1.19209e-07, 0, 1), (-1.19209e-07, 0, 1), (1.19209e-07, 0, -1), (1.19209e-07, 0, -1), (1.19209e-07, 0, -1), (1.19209e-07, 0, -1), (1.19209e-07, 0, -1), (1.19209e-07, 0, -1), (1, 0, 1.19209e-07), (1, 0, 1.19209e-07), (1, 0, 1.19209e-07), (1, 0, 1.19209e-07), (1, 0, 1.19209e-07), (1, 0, 1.19209e-07), (1, 0, 1.19209e-07), (1, 0, 1.19209e-07), (1, 0, 1.19209e-07), (1, 0, 1.19209e-07), (1, 0, 1.19209e-07), (1, 0, 1.19209e-07), (1.19209e-07, 0, -1), (1.19209e-07, 0, -1), (1.19209e-07, 0, -1), (1.19209e-07, 0, -1), (1.19209e-07, 0, -1), (1.19209e-07, 0, -1), (1, 0, 1.19209e-07), (1, 0, 1.19209e-07), (1, 0, 1.19209e-07), (1, 0, 1.19209e-07), (1, 0, 1.19209e-07), (1, 0, 1.19209e-07), (1, 0, 1.19209e-07), (1, 0, 1.19209e-07), (1, 0, 1.19209e-07), (1, 0, 1.19209e-07), (1, 0, 1.19209e-07), (1, 0, 1.19209e-07), (1.19209e-07, 0, -1), (1.19209e-07, 0, -1), (1.19209e-07, 0, -1), (1.19209e-07, 0, -1), (1.19209e-07, 0, -1), (1.19209e-07, 0, -1), (-1, 0, -1.19209e-07), (-1, 0, -1.19209e-07), (-1, 0, -1.19209e-07), (-1, 0, -1.19209e-07), (-1, 0, -1.19209e-07), (-1, 0, -1.19209e-07), (-1.19209e-07, 0, 1), (-1.19209e-07, 0, 1), (-1.19209e-07, 0, 1), (-1.19209e-07, 0, 1), (-1.19209e-07, 0, 1), (-1.19209e-07, 0, 1), (-1, 0, -1.19209e-07), (-1, 0, -1.19209e-07), (-1, 0, -1.19209e-07), (-1, 0, -1.19209e-07), (-1, 0, -1.19209e-07), (-1, 0, -1.19209e-07), (-1.19209e-07, 0, 1), (-1.19209e-07, 0, 1), (-1.19209e-07, 0, 1), (-1.19209e-07, 0, 1), (-1.19209e-07, 0, 1), (-1.19209e-07, 0, 1), (-1, 0, -1.19209e-07), (-1, 0, -1.19209e-07), (-1, 0, -1.19209e-07), (-1, 0, -1.19209e-07), (-1, 0, -1.19209e-07), (-1, 0, -1.19209e-07), (-1, 0, -1.19209e-07), (-1, 0, -1.19209e-07), (-1, 0, -1.19209e-07), (-1, 0, -1.19209e-07), (-1, 0, -1.19209e-07), (-1, 0, -1.19209e-07), (-1, 0, -1.19209e-07), (-1, 0, -1.19209e-07), (-1, 0, -1.19209e-07), (-1, 0, -1.19209e-07), (-1, 0, -1.19209e-07), (-1, 0, -1.19209e-07), (-1, 0, -1.19209e-07), (-1, 0, -1.19209e-07), (-1, 0, -1.19209e-07), (-1, 0, -1.19209e-07), (-1, 0, -1.19209e-07), (-1, 0, -1.19209e-07), (-1, 0, -1.19209e-07), (-1, 0, -1.19209e-07), (-1, 0, -1.19209e-07), (-1, 0, -1.19209e-07), (-1, 0, -1.19209e-07), (-1, 0, -1.19209e-07), (-1, 0, -1.19209e-07), (-0.910497, 0, 0.413515), (-1, 0, -1.19209e-07), (-0.910497, 0, 0.413515), (-1, 0, -1.19209e-07), (-0.910497, 0, 0.413515), (-0.910497, 0, 0.413515), (-0.336041, 0, 0.941847), (-0.910497, 0, 0.413515), (-0.336041, 0, 0.941847), (-0.910497, 0, 0.413515), (-0.336041, 0, 0.941847), (-1.19209e-07, 0, 1), (-0.336041, 0, 0.941847), (-0.336041, 0, 0.941847), (-0.336041, 0, 0.941847), (-1.19209e-07, 0, 1), (-1.19209e-07, 0, 1), (0, -1, 0), (0, -1, 0), (0, -1, 0), (0, -1, 0), (0, -1, 0), (0, -1, 0), (0, -1, 0), (0, -1, 0), (0, -1, 0), (0.336041, 0, 0.941847), (-1.19209e-07, 0, 1), (-1.19209e-07, 0, 1), (-1.19209e-07, 0, 1), (0.336041, 0, 0.941847), (0.336041, 0, 0.941847), (0.336041, 0, 0.941847), (0.910497, 0, 0.413515), (0.336041, 0, 0.941847), (0.910497, 0, 0.413515), (0.336041, 0, 0.941847), (0.910497, 0, 0.413515), (0.910497, 0, 0.413515), (1, 0, 1.19209e-07), (0.910497, 0, 0.413515), (1, 0, 1.19209e-07), (0.910497, 0, 0.413515), (1, 0, 1.19209e-07), (-1, 0, -1.19209e-07), (-1, 0, -1.19209e-07), (-1, 0, -1.19209e-07), (-1, 0, -1.19209e-07), (-1, 0, -1.19209e-07), (-1, 0, -1.19209e-07), (0, -1, 0), (0, -1, 0), (0, -1, 0), (0, -1, 0), (0, -1, 0), (0, -1, 0), (0, -1, 0), (0, -1, 0), (0, -1, 0), (1, 0, 1.19209e-07), (1, 0, 1.19209e-07), (1, 0, 1.19209e-07), (1, 0, 1.19209e-07), (1, 0, 1.19209e-07), (1, 0, 1.19209e-07), (0.707107, 0, 0.707107), (0.336041, 0, 0.941847), (0.707107, 0, 0.707107), (0.336041, 0, 0.941847), (0.707107, 0, 0.707107), (0.336041, 0, 0.941847), (-0.336041, 0, 0.941847), (0.336041, 0, 0.941847), (0.336041, 0, 0.941847), (0.336041, 0, 0.941847), (-0.336041, 0, 0.941847), (-0.336041, 0, 0.941847), (-0.336041, 0, 0.941847), (-0.707107, 0, 0.707107), (-0.336041, 0, 0.941847), (-0.707107, 0, 0.707107), (-0.336041, 0, 0.941847), (-0.707107, 0, 0.707107), (0.260897, 0, 0.965367), (0.543103, 0, 0.839666), (0.543103, 0, 0.839666), (0.543103, 0, 0.839666), (0.260897, 0, 0.965367), (0.543103, 0, 0.839666), (0.543103, 0, 0.839666), (0.260897, 0, 0.965367), (0.260897, 0, 0.965367), (-0.260897, 0, 0.965367), (0.260897, 0, 0.965367), (0.260897, 0, 0.965367), (0.260897, 0, 0.965367), (-0.260897, 0, 0.965367), (-0.260897, 0, 0.965367), (-0.543103, 0, 0.839666), (-0.260897, 0, 0.965367), (-0.260897, 0, 0.965367), (-0.260897, 0, 0.965367), (-0.543103, 0, 0.839666), (-0.543103, 0, 0.839666), (-0.543103, 0, 0.839666), (-0.543103, 0, 0.839666), (-0.543103, 0, 0.839666), (0, -1, 0), (0, -1, 0), (0, -1, 0), (0, -1, 0), (0, -1, 0), (0, -1, 0), (0, -1, 0), (0, -1, 0), (0, -1, 0), (0, -1, 0), (0, -1, 0), (0, -1, 0), (-1.19209e-07, 0, 1), (-1.19209e-07, 0, 1), (-1.19209e-07, 0, 1), (-1.19209e-07, 0, 1), (-1.19209e-07, 0, 1), (-1.19209e-07, 0, 1), (1, 0, 1.19209e-07), (1, 0, 1.19209e-07), (1, 0, 1.19209e-07), (1, 0, 1.19209e-07), (1, 0, 1.19209e-07), (1, 0, 1.19209e-07), (1, 0, 1.19209e-07), (1, 0, 1.19209e-07), (1, 0, 1.19209e-07), (1, 0, 1.19209e-07), (1, 0, 1.19209e-07), (1, 0, 1.19209e-07), (1, 0, 1.19209e-07), (1, 0, 1.19209e-07), (1, 0, 1.19209e-07), (1, 0, 1.19209e-07), (1, 0, 1.19209e-07), (1, 0, 1.19209e-07), (1, 0, 1.19209e-07), (1, 0, 1.19209e-07), (1, 0, 1.19209e-07), (1, 0, 1.19209e-07), (1, 0, 1.19209e-07), (1, 0, 1.19209e-07), (1, 0, 1.19209e-07), (1, 0, 1.19209e-07), (1, 0, 1.19209e-07), (1, 0, 1.19209e-07), (1, 0, 1.19209e-07), (1, 0, 1.19209e-07), (-1, 0, -1.19209e-07), (-1, 0, -1.19209e-07), (-1, 0, -1.19209e-07), (-1, 0, -1.19209e-07), (-1, 0, -1.19209e-07), (-1, 0, -1.19209e-07), (-1, 0, -1.19209e-07), (-1, 0, -1.19209e-07), (-1, 0, -1.19209e-07), (-1, 0, -1.19209e-07), (-1, 0, -1.19209e-07), (-1, 0, -1.19209e-07), (-1.19209e-07, 0, 1), (-1.19209e-07, 0, 1), (-1.19209e-07, 0, 1), (-1.19209e-07, 0, 1), (-1.19209e-07, 0, 1), (-1.19209e-07, 0, 1), (1.19209e-07, 0, -1), (1.19209e-07, 0, -1), (1.19209e-07, 0, -1), (1.19209e-07, 0, -1), (1.19209e-07, 0, -1), (1.19209e-07, 0, -1), (-1.19209e-07, 0, 1), (-1.19209e-07, 0, 1), (-1.19209e-07, 0, 1), (-1.19209e-07, 0, 1), (-1.19209e-07, 0, 1), (-1.19209e-07, 0, 1), (1.19209e-07, 0, -1), (1.19209e-07, 0, -1), (1.19209e-07, 0, -1), (1.19209e-07, 0, -1), (1.19209e-07, 0, -1), (1.19209e-07, 0, -1), (1, 0, 1.19209e-07), (1, 0, 1.19209e-07), (1, 0, 1.19209e-07), (1, 0, 1.19209e-07), (1, 0, 1.19209e-07), (1, 0, 1.19209e-07), (1, 0, 1.19209e-07), (1, 0, 1.19209e-07), (1, 0, 1.19209e-07), (1, 0, 1.19209e-07), (1, 0, 1.19209e-07), (1, 0, 1.19209e-07), (-1, 0, -1.19209e-07), (-1, 0, -1.19209e-07), (-1, 0, -1.19209e-07), (-1, 0, -1.19209e-07), (-1, 0, -1.19209e-07), (-1, 0, -1.19209e-07), (-1, 0, -1.19209e-07), (-1, 0, -1.19209e-07), (-1, 0, -1.19209e-07), (-1, 0, -1.19209e-07), (-1, 0, -1.19209e-07), (-1, 0, -1.19209e-07), (-1.19209e-07, 0, 1), (-1.19209e-07, 0, 1), (-1.19209e-07, 0, 1), (-1.19209e-07, 0, 1), (-1.19209e-07, 0, 1), (-1.19209e-07, 0, 1), (1.19209e-07, 0, -1), (1.19209e-07, 0, -1), (1.19209e-07, 0, -1), (1.19209e-07, 0, -1), (1.19209e-07, 0, -1), (1.19209e-07, 0, -1), (-1.19209e-07, 0, 1), (-1.19209e-07, 0, 1), (-1.19209e-07, 0, 1), (-1.19209e-07, 0, 1), (-1.19209e-07, 0, 1), (-1.19209e-07, 0, 1), (1.19209e-07, 0, -1), (1.19209e-07, 0, -1), (1.19209e-07, 0, -1), (1.19209e-07, 0, -1), (1.19209e-07, 0, -1), (1.19209e-07, 0, -1), (1, 0, 1.19209e-07), (1, 0, 1.19209e-07), (1, 0, 1.19209e-07), (1, 0, 1.19209e-07), (1, 0, 1.19209e-07), (1, 0, 1.19209e-07), (1, 0, 1.19209e-07), (1, 0, 1.19209e-07), (1, 0, 1.19209e-07), (1, 0, 1.19209e-07), (1, 0, 1.19209e-07), (1, 0, 1.19209e-07), (1, 0, 1.19209e-07), (1, 0, 1.19209e-07), (1, 0, 1.19209e-07), (1, 0, 1.19209e-07), (1, 0, 1.19209e-07), (1, 0, 1.19209e-07), (1, 0, 1.19209e-07), (1, 0, 1.19209e-07), (1, 0, 1.19209e-07), (1, 0, 1.19209e-07), (1, 0, 1.19209e-07), (1, 0, 1.19209e-07), (-1, 0, -1.19209e-07), (-1, 0, -1.19209e-07), (-1, 0, -1.19209e-07), (-1, 0, -1.19209e-07), (-1, 0, -1.19209e-07), (-1, 0, -1.19209e-07), (1, 0, 1.19209e-07), (1, 0, 1.19209e-07), (1, 0, 1.19209e-07), (1, 0, 1.19209e-07), (1, 0, 1.19209e-07), (1, 0, 1.19209e-07), (1, 0, 1.19209e-07), (1, 0, 1.19209e-07), (1, 0, 1.19209e-07), (1, 0, 1.19209e-07), (1, 0, 1.19209e-07), (1, 0, 1.19209e-07), (1, 0, 1.19209e-07), (1, 0, 1.19209e-07), (1, 0, 1.19209e-07), (1, 0, 1.19209e-07), (1, 0, 1.19209e-07), (1, 0, 1.19209e-07), (1, 0, 1.19209e-07), (1, 0, 1.19209e-07), (1, 0, 1.19209e-07), (1, 0, 1.19209e-07), (1, 0, 1.19209e-07), (1, 0, 1.19209e-07), (1, 0, 1.19209e-07), (1, 0, 1.19209e-07), (1, 0, 1.19209e-07), (1, 0, 1.19209e-07), (1, 0, 1.19209e-07), (1, 0, 1.19209e-07), (-1, 0, -1.19209e-07), (-1, 0, -1.19209e-07), (-1, 0, -1.19209e-07), (-1, 0, -1.19209e-07), (-1, 0, -1.19209e-07), (-1, 0, -1.19209e-07), (0.707107, 0, -0.707107), (0.336041, 0, -0.941847), (0.707107, 0, -0.707107), (0.336041, 0, -0.941847), (0.707107, 0, -0.707107), (0.336041, 0, -0.941847), (-0.336041, 0, -0.941847), (0.336041, 0, -0.941847), (0.336041, 0, -0.941847), (0.336041, 0, -0.941847), (-0.336041, 0, -0.941847), (-0.336041, 0, -0.941847), (-0.336041, 0, -0.941847), (-0.707107, 0, -0.707107), (-0.336041, 0, -0.941847), (-0.707107, 0, -0.707107), (-0.336041, 0, -0.941847), (-0.707107, 0, -0.707107), (0, -1, 0), (0, -1, 0), (0, -1, 0), (0, -1, 0), (0, -1, 0), (0, -1, 0), (0, -1, 0), (0, -1, 0), (0, -1, 0), (0, -1, 0), (0, -1, 0), (0, -1, 0), (1.19209e-07, 0, -1), (1.19209e-07, 0, -1), (1.19209e-07, 0, -1), (1.19209e-07, 0, -1), (1.19209e-07, 0, -1), (1.19209e-07, 0, -1), (1.19209e-07, 0, -1), (1.19209e-07, 0, -1), (1.19209e-07, 0, -1), (1.19209e-07, 0, -1), (1.19209e-07, 0, -1), (1.19209e-07, 0, -1), (1.19209e-07, 0, -1), (1.19209e-07, 0, -1), (1.19209e-07, 0, -1), (1.19209e-07, 0, -1), (1.19209e-07, 0, -1), (1.19209e-07, 0, -1), (0, -1, 0), (0, -1, 0), (0, -1, 0), (0, -1, 0), (0, -1, 0), (0, -1, 0), (0, -1, 0), (0, -1, 0), (0, -1, 0), (0, -1, 0), (0, -1, 0), (0, -1, 0), (0, -1, 0), (0, -1, 0), (0, -1, 0), (0, -1, 0), (0, -1, 0), (0, -1, 0), (-1, 0, -1.19209e-07), (-1, 0, -1.19209e-07), (-1, 0, -1.19209e-07), (-1, 0, -1.19209e-07), (-1, 0, -1.19209e-07), (-1, 0, -1.19209e-07), (-1, 0, -1.19209e-07), (-1, 0, -1.19209e-07), (-1, 0, -1.19209e-07), (-1, 0, -1.19209e-07), (-1, 0, -1.19209e-07), (-1, 0, -1.19209e-07), (-1, 0, -1.19209e-07), (-1, 0, -1.19209e-07), (-1, 0, -1.19209e-07), (-1, 0, -1.19209e-07), (-1, 0, -1.19209e-07), (-1, 0, -1.19209e-07), (-1, 0, -1.19209e-07), (-1, 0, -1.19209e-07), (-1, 0, -1.19209e-07), (-1, 0, -1.19209e-07), (-1, 0, -1.19209e-07), (-1, 0, -1.19209e-07), (-1, 0, -1.19209e-07), (-1, 0, -1.19209e-07), (-1, 0, -1.19209e-07), (-1, 0, -1.19209e-07), (-1, 0, -1.19209e-07), (-1, 0, -1.19209e-07), (-1, 0, -1.19209e-07), (-1, 0, -1.19209e-07), (-1, 0, -1.19209e-07), (-1, 0, -1.19209e-07), (-1, 0, -1.19209e-07), (-1, 0, -1.19209e-07), (-1, 0, -1.19209e-07), (-1, 0, -1.19209e-07), (-1, 0, -1.19209e-07), (-1, 0, -1.19209e-07), (-1, 0, -1.19209e-07), (-1, 0, -1.19209e-07), (-1.19209e-07, 0, 1), (-1.19209e-07, 0, 1), (-1.19209e-07, 0, 1), (-1.19209e-07, 0, 1), (-1.19209e-07, 0, 1), (-1.19209e-07, 0, 1), (1.19209e-07, 0, -1), (1.19209e-07, 0, -1), (1.19209e-07, 0, -1), (1.19209e-07, 0, -1), (1.19209e-07, 0, -1), (1.19209e-07, 0, -1), (-1.19209e-07, 0, 1), (-1.19209e-07, 0, 1), (-1.19209e-07, 0, 1), (-1.19209e-07, 0, 1), (-1.19209e-07, 0, 1), (-1.19209e-07, 0, 1), (1.19209e-07, 0, -1), (1.19209e-07, 0, -1), (1.19209e-07, 0, -1), (1.19209e-07, 0, -1), (1.19209e-07, 0, -1), (1.19209e-07, 0, -1), (1, 0, 1.19209e-07), (1, 0, 1.19209e-07), (1, 0, 1.19209e-07), (1, 0, 1.19209e-07), (1, 0, 1.19209e-07), (1, 0, 1.19209e-07), (1, 0, 1.19209e-07), (1, 0, 1.19209e-07), (1, 0, 1.19209e-07), (1, 0, 1.19209e-07), (1, 0, 1.19209e-07), (1, 0, 1.19209e-07), (-1, 0, -1.19209e-07), (-1, 0, -1.19209e-07), (-1, 0, -1.19209e-07), (-1, 0, -1.19209e-07), (-1, 0, -1.19209e-07), (-1, 0, -1.19209e-07), (-1, 0, -1.19209e-07), (-1, 0, -1.19209e-07), (-1, 0, -1.19209e-07), (-1, 0, -1.19209e-07), (-1, 0, -1.19209e-07), (-1, 0, -1.19209e-07), (-1.19209e-07, 0, 1), (-1.19209e-07, 0, 1), (-1.19209e-07, 0, 1), (-1.19209e-07, 0, 1), (-1.19209e-07, 0, 1), (-1.19209e-07, 0, 1), (1.19209e-07, 0, -1), (1.19209e-07, 0, -1), (1.19209e-07, 0, -1), (1.19209e-07, 0, -1), (1.19209e-07, 0, -1), (1.19209e-07, 0, -1), (-1.19209e-07, 0, 1), (-1.19209e-07, 0, 1), (-1.19209e-07, 0, 1), (-1.19209e-07, 0, 1), (-1.19209e-07, 0, 1), (-1.19209e-07, 0, 1), (1.19209e-07, 0, -1), (1.19209e-07, 0, -1), (1.19209e-07, 0, -1), (1.19209e-07, 0, -1), (1.19209e-07, 0, -1), (1.19209e-07, 0, -1), (1, 0, 1.19209e-07), (1, 0, 1.19209e-07), (1, 0, 1.19209e-07), (1, 0, 1.19209e-07), (1, 0, 1.19209e-07), (1, 0, 1.19209e-07), (1, 0, 1.19209e-07), (1, 0, 1.19209e-07), (1, 0, 1.19209e-07), (1, 0, 1.19209e-07), (1, 0, 1.19209e-07), (1, 0, 1.19209e-07), (-1, 0, -1.19209e-07), (-1, 0, -1.19209e-07), (-1, 0, -1.19209e-07), (-1, 0, -1.19209e-07), (-1, 0, -1.19209e-07), (-1, 0, -1.19209e-07), (-1, 0, -1.19209e-07), (-1, 0, -1.19209e-07), (-1, 0, -1.19209e-07), (-1, 0, -1.19209e-07), (-1, 0, -1.19209e-07), (-1, 0, -1.19209e-07), (-1.19209e-07, 0, 1), (-1.19209e-07, 0, 1), (-1.19209e-07, 0, 1), (-1.19209e-07, 0, 1), (-1.19209e-07, 0, 1), (-1.19209e-07, 0, 1), (1.19209e-07, 0, -1), (1.19209e-07, 0, -1), (1.19209e-07, 0, -1), (1.19209e-07, 0, -1), (1.19209e-07, 0, -1), (1.19209e-07, 0, -1), (-1.19209e-07, 0, 1), (-1.19209e-07, 0, 1), (-1.19209e-07, 0, 1), (-1.19209e-07, 0, 1), (-1.19209e-07, 0, 1), (-1.19209e-07, 0, 1), (1.19209e-07, 0, -1), (1.19209e-07, 0, -1), (1.19209e-07, 0, -1), (1.19209e-07, 0, -1), (1.19209e-07, 0, -1), (1.19209e-07, 0, -1), (1, 0, 1.19209e-07), (1, 0, 1.19209e-07), (1, 0, 1.19209e-07), (1, 0, 1.19209e-07), (1, 0, 1.19209e-07), (1, 0, 1.19209e-07), (1, 0, 1.19209e-07), (1, 0, 1.19209e-07), (1, 0, 1.19209e-07), (1, 0, 1.19209e-07), (1, 0, 1.19209e-07), (1, 0, 1.19209e-07), (-1, 0, -1.19209e-07), (-1, 0, -1.19209e-07), (-1, 0, -1.19209e-07), (-1, 0, -1.19209e-07), (-1, 0, -1.19209e-07), (-1, 0, -1.19209e-07), (-1, 0, -1.19209e-07), (-1, 0, -1.19209e-07), (-1, 0, -1.19209e-07), (-1, 0, -1.19209e-07), (-1, 0, -1.19209e-07), (-1, 0, -1.19209e-07), (-1.19209e-07, 0, 1), (-1.19209e-07, 0, 1), (-1.19209e-07, 0, 1), (-1.19209e-07, 0, 1), (-1.19209e-07, 0, 1), (-1.19209e-07, 0, 1), (1.19209e-07, 0, -1), (1.19209e-07, 0, -1), (1.19209e-07, 0, -1), (1.19209e-07, 0, -1), (1.19209e-07, 0, -1), (1.19209e-07, 0, -1), (-1.19209e-07, 0, 1), (-1.19209e-07, 0, 1), (-1.19209e-07, 0, 1), (-1.19209e-07, 0, 1), (-1.19209e-07, 0, 1), (-1.19209e-07, 0, 1), (1.19209e-07, 0, -1), (1.19209e-07, 0, -1), (1.19209e-07, 0, -1), (1.19209e-07, 0, -1), (1.19209e-07, 0, -1), (1.19209e-07, 0, -1), (1, 0, 1.19209e-07), (1, 0, 1.19209e-07), (1, 0, 1.19209e-07), (1, 0, 1.19209e-07), (1, 0, 1.19209e-07), (1, 0, 1.19209e-07), (1, 0, 1.19209e-07), (1, 0, 1.19209e-07), (1, 0, 1.19209e-07), (1, 0, 1.19209e-07), (1, 0, 1.19209e-07), (1, 0, 1.19209e-07), (-1, 0, -1.19209e-07), (-1, 0, -1.19209e-07), (-1, 0, -1.19209e-07), (-1, 0, -1.19209e-07), (-1, 0, -1.19209e-07), (-1, 0, -1.19209e-07), (1, 0, 1.19209e-07), (1, 0, 1.19209e-07), (1, 0, 1.19209e-07), (1, 0, 1.19209e-07), (1, 0, 1.19209e-07), (1, 0, 1.19209e-07), (1, 0, 1.19209e-07), (1, 0, 1.19209e-07), (1, 0, 1.19209e-07), (1, 0, 1.19209e-07), (1, 0, 1.19209e-07), (1, 0, 1.19209e-07), (0, -1, 0), (0, -1, 0), (0, -1, 0), (0, -1, 0), (0, -1, 0), (0, -1, 0), (0, -1, 0), (0, -1, 0), (0, -1, 0), (0, -1, 0), (0, -1, 0), (0, -1, 0), (-1, 0, -1.19209e-07), (-1, 0, -1.19209e-07), (-1, 0, -1.19209e-07), (-1, 0, -1.19209e-07), (-1, 0, -1.19209e-07), (-1, 0, -1.19209e-07), (-1, 0, -1.19209e-07), (-1, 0, -1.19209e-07), (-1, 0, -1.19209e-07), (-1, 0, -1.19209e-07), (-1, 0, -1.19209e-07), (-1, 0, -1.19209e-07), (-1, 0, -1.19209e-07), (-1, 0, -1.19209e-07), (-1, 0, -1.19209e-07), (-1, 0, -1.19209e-07), (-1, 0, -1.19209e-07), (-1, 0, -1.19209e-07), (-1, 0, -1.19209e-07), (-1, 0, -1.19209e-07), (-1, 0, -1.19209e-07), (-1, 0, -1.19209e-07), (-1, 0, -1.19209e-07), (-1, 0, -1.19209e-07), (-1, 0, -1.19209e-07), (-1, 0, -1.19209e-07), (-1, 0, -1.19209e-07), (-1, 0, -1.19209e-07), (-1, 0, -1.19209e-07), (-1, 0, -1.19209e-07), (-1, 0, -1.19209e-07), (-1, 0, -1.19209e-07), (-1, 0, -1.19209e-07), (-1, 0, -1.19209e-07), (-1, 0, -1.19209e-07), (-1, 0, -1.19209e-07), (-1, 0, -1.19209e-07), (-1, 0, -1.19209e-07), (-1, 0, -1.19209e-07), (-1, 0, -1.19209e-07), (-1, 0, -1.19209e-07), (-1, 0, -1.19209e-07), (-1, 0, -1.19209e-07), (-1, 0, -1.19209e-07), (-1, 0, -1.19209e-07), (-1, 0, -1.19209e-07), (-1, 0, -1.19209e-07), (-1, 0, -1.19209e-07), (-1, 0, -1.19209e-07), (-1, 0, -1.19209e-07), (-1, 0, -1.19209e-07), (-1, 0, -1.19209e-07), (-1, 0, -1.19209e-07), (-1, 0, -1.19209e-07), (-1, 0, -1.19209e-07), (-1, 0, -1.19209e-07), (-1, 0, -1.19209e-07), (-1, 0, -1.19209e-07), (-1, 0, -1.19209e-07), (-1, 0, -1.19209e-07), (-1, 0, -1.19209e-07), (-1, 0, -1.19209e-07), (-1, 0, -1.19209e-07), (-1, 0, -1.19209e-07), (-1, 0, -1.19209e-07), (-1, 0, -1.19209e-07), (1, 0, 1.19209e-07), (1, 0, 1.19209e-07), (1, 0, 1.19209e-07), (1, 0, 1.19209e-07), (1, 0, 1.19209e-07), (1, 0, 1.19209e-07), (1, 0, 1.19209e-07), (1, 0, 1.19209e-07), (1, 0, 1.19209e-07), (1, 0, 1.19209e-07), (1, 0, 1.19209e-07), (1, 0, 1.19209e-07), (1, 0, 1.19209e-07), (1, 0, 1.19209e-07), (1, 0, 1.19209e-07), (1, 0, 1.19209e-07), (1, 0, 1.19209e-07), (1, 0, 1.19209e-07), (1, 0, 1.19209e-07), (1, 0, 1.19209e-07), (1, 0, 1.19209e-07), (1, 0, 1.19209e-07), (1, 0, 1.19209e-07), (1, 0, 1.19209e-07), (1, 0, 1.19209e-07), (1, 0, 1.19209e-07), (1, 0, 1.19209e-07), (1, 0, 1.19209e-07), (1, 0, 1.19209e-07), (1, 0, 1.19209e-07), (1, 0, 1.19209e-07), (1, 0, 1.19209e-07), (1, 0, 1.19209e-07), (1, 0, 1.19209e-07), (1, 0, 1.19209e-07), (1, 0, 1.19209e-07), (1, 0, 1.19209e-07), (1, 0, 1.19209e-07), (1, 0, 1.19209e-07), (1, 0, 1.19209e-07), (1, 0, 1.19209e-07), (1, 0, 1.19209e-07), (1, 0, 1.19209e-07), (1, 0, 1.19209e-07), (1, 0, 1.19209e-07), (1, 0, 1.19209e-07), (1, 0, 1.19209e-07), (1, 0, 1.19209e-07), (1, 0, 1.19209e-07), (1, 0, 1.19209e-07), (1, 0, 1.19209e-07), (1, 0, 1.19209e-07), (1, 0, 1.19209e-07), (1, 0, 1.19209e-07), (1, 0, 1.19209e-07), (1, 0, 1.19209e-07), (1, 0, 1.19209e-07), (1, 0, 1.19209e-07), (1, 0, 1.19209e-07), (1, 0, 1.19209e-07), (-1, 0, -1.19209e-07), (-1, 0, -1.19209e-07), (-1, 0, -1.19209e-07), (-1, 0, -1.19209e-07), (-1, 0, -1.19209e-07), (-1, 0, -1.19209e-07), (-1, 0, -1.19209e-07), (-1, 0, -1.19209e-07), (-1, 0, -1.19209e-07), (-1, 0, -1.19209e-07), (-1, 0, -1.19209e-07), (-1, 0, -1.19209e-07), (-1.19209e-07, 0, 1), (-1.19209e-07, 0, 1), (-1.19209e-07, 0, 1), (-1.19209e-07, 0, 1), (-1.19209e-07, 0, 1), (-1.19209e-07, 0, 1), (1.19209e-07, 0, -1), (1.19209e-07, 0, -1), (1.19209e-07, 0, -1), (1.19209e-07, 0, -1), (1.19209e-07, 0, -1), (1.19209e-07, 0, -1), (-1.19209e-07, 0, 1), (-1.19209e-07, 0, 1), (-1.19209e-07, 0, 1), (-1.19209e-07, 0, 1), (-1.19209e-07, 0, 1), (-1.19209e-07, 0, 1), (1.19209e-07, 0, -1), (1.19209e-07, 0, -1), (1.19209e-07, 0, -1), (1.19209e-07, 0, -1), (1.19209e-07, 0, -1), (1.19209e-07, 0, -1), (1, 0, 1.19209e-07), (1, 0, 1.19209e-07), (1, 0, 1.19209e-07), (1, 0, 1.19209e-07), (1, 0, 1.19209e-07), (1, 0, 1.19209e-07), (1, 0, 1.19209e-07), (1, 0, 1.19209e-07), (1, 0, 1.19209e-07), (1, 0, 1.19209e-07), (1, 0, 1.19209e-07), (1, 0, 1.19209e-07), (1.19209e-07, 0, -1), (1.19209e-07, 0, -1), (1.19209e-07, 0, -1), (1.19209e-07, 0, -1), (1.19209e-07, 0, -1), (1.19209e-07, 0, -1), (1, 0, 1.19209e-07), (1, 0, 1.19209e-07), (1, 0, 1.19209e-07), (1, 0, 1.19209e-07), (1, 0, 1.19209e-07), (1, 0, 1.19209e-07), (1, 0, 1.19209e-07), (1, 0, 1.19209e-07), (1, 0, 1.19209e-07), (1, 0, 1.19209e-07), (1, 0, 1.19209e-07), (1, 0, 1.19209e-07), (1.19209e-07, 0, -1), (1.19209e-07, 0, -1), (1.19209e-07, 0, -1), (1.19209e-07, 0, -1), (1.19209e-07, 0, -1), (1.19209e-07, 0, -1), (-1, 0, -1.19209e-07), (-1, 0, -1.19209e-07), (-1, 0, -1.19209e-07), (-1, 0, -1.19209e-07), (-1, 0, -1.19209e-07), (-1, 0, -1.19209e-07), (-1.19209e-07, 0, 1), (-1.19209e-07, 0, 1), (-1.19209e-07, 0, 1), (-1.19209e-07, 0, 1), (-1.19209e-07, 0, 1), (-1.19209e-07, 0, 1), (-1, 0, -1.19209e-07), (-1, 0, -1.19209e-07), (-1, 0, -1.19209e-07), (-1, 0, -1.19209e-07), (-1, 0, -1.19209e-07), (-1, 0, -1.19209e-07), (-1.19209e-07, 0, 1), (-1.19209e-07, 0, 1), (-1.19209e-07, 0, 1), (-1.19209e-07, 0, 1), (-1.19209e-07, 0, 1), (-1.19209e-07, 0, 1), (0.856321, -0.0860982, -0.509217), (0.823916, 0, -0.566713), (0.720901, -0.219344, -0.657411), (0.856321, -0.0860982, -0.509217), (0.720901, -0.219344, -0.657411), (0.75271, -0.33872, -0.564532), (-0.856321, -0.0860982, -0.509217), (-0.720901, -0.219344, -0.657411), (-0.823915, 0, -0.566713), (-0.75271, -0.33872, -0.564532), (-0.720901, -0.219344, -0.657411), (-0.856321, -0.0860982, -0.509217), (0.856321, -0.0860982, -0.509217), (0.970143, 0, -0.242535), (0.823916, 0, -0.566713), (0.970143, 0, -0.242535), (0.856321, -0.0860982, -0.509217), (0.970143, 0, -0.242535), (-0.970143, 0, -0.242536), (-0.823915, 0, -0.566713), (-0.970143, 0, -0.242536), (-0.823915, 0, -0.566713), (-0.970143, 0, -0.242536), (-0.856321, -0.0860982, -0.509217), (0, 0, -1), (0, 0, -1), (0, 0, -1), (0, 0, -1), (0, 0, -1), (0, 0, -1), (-0.898779, 0, 0.438402), (-0.970143, 0, 0.242535), (-0.898779, 0, 0.438402), (-0.970143, 0, 0.242535), (-0.898779, 0, 0.438402), (-0.970143, 0, 0.242535), (0.970143, 0, 0.242536), (0.898779, 0, 0.438403), (0.970143, 0, 0.242536), (0.898779, 0, 0.438403), (0.970143, 0, 0.242536), (0.898779, 0, 0.438403), (0.898779, 0, 0.438403), (0.8, 0, 0.6), (0.898779, 0, 0.438403), (0.8, 0, 0.6), (0.898779, 0, 0.438403), (0.8, 0, 0.6), (-0.8, 0, 0.6), (-0.898779, 0, 0.438402), (-0.8, 0, 0.6), (-0.898779, 0, 0.438402), (-0.8, 0, 0.6), (-0.898779, 0, 0.438402), (-1.19209e-07, 0, 1), (-1.19209e-07, 0, 1), (-1.19209e-07, 0, 1), (-1.19209e-07, 0, 1), (-1.19209e-07, 0, 1), (-1.19209e-07, 0, 1), (-1, 0, -1.19209e-07), (-1, 0, -1.19209e-07), (-1, 0, -1.19209e-07), (-1, 0, -1.19209e-07), (-1, 0, -1.19209e-07), (-1, 0, -1.19209e-07), (-1, 0, -1.19209e-07), (-1, 0, -1.19209e-07), (-1, 0, -1.19209e-07), (2.73887e-08, 0.973249, -0.229753), (5.3312e-08, 0.894427, -0.447214), (2.73887e-08, 0.973249, -0.229753), (5.3312e-08, 0.894427, -0.447214), (2.73887e-08, 0.973249, -0.229753), (5.3312e-08, 0.894427, -0.447214), (2.73887e-08, 0.973249, -0.229753), (0, 1, 0), (0, 1, 0), (0, 1, 0), (2.73887e-08, 0.973249, -0.229753), (2.73887e-08, 0.973249, -0.229753), (1.19209e-07, 0, -1), (1.19209e-07, 0, -1), (1.19209e-07, 0, -1), (1.19209e-07, 0, -1), (1.19209e-07, 0, -1), (1.19209e-07, 0, -1), (1, 0, 1.19209e-07), (1, 0, 1.19209e-07), (1, 0, 1.19209e-07), (1, 0, 1.19209e-07), (1, 0, 1.19209e-07), (1, 0, 1.19209e-07), (1, 0, 1.19209e-07), (1, 0, 1.19209e-07), (1, 0, 1.19209e-07), (1, 0, 0), (1, 0, 0), (1, 0, 0), (1, 0, 0), (1, 0, 0), (1, 0, 0), (-1, 0, 0), (-1, 0, 0), (-1, 0, 0), (-1, 0, 0), (-1, 0, 0), (-1, 0, 0), (0, -1, 0), (0, -0.5, -0.866025), (0, -1, 0), (0, -0.5, -0.866025), (0, -1, 0), (0, -0.5, -0.866025), (0, 0.5, -0.866025), (0, 1, 0), (0, 1, 0), (0, 1, 0), (0, 0.5, -0.866025), (0, 0.5, -0.866025), (0, -0.5, 0.866025), (0, -1, 0), (0, -0.5, 0.866025), (0, -1, 0), (0, -0.5, 0.866025), (0, -1, 0), (0, 0.5, -0.866025), (0, -0.5, -0.866025), (0, -0.5, -0.866025), (0, -0.5, -0.866025), (0, 0.5, -0.866025), (0, 0.5, -0.866025), (0, 1, 0), (0, 0.5, 0.866025), (0, 0.5, 0.866025), (0, 0.5, 0.866025), (0, 1, 0), (0, 1, 0), (0, 0.5, 0.866025), (0, -0.5, 0.866025), (0, -0.5, 0.866025), (0, -0.5, 0.866025), (0, 0.5, 0.866025), (0, 0.5, 0.866025), (1, 0, 0), (1, 0, 0), (1, 0, 0), (1, 0, 0), (1, 0, 0), (1, 0, 0), (1, 0, 0), (1, 0, 0), (1, 0, 0), (1, 0, 0), (1, 0, 0), (1, 0, 0), (1, 0, 0), (1, 0, 0), (1, 0, 0), (1, 0, 0), (1, 0, 0), (1, 0, 0), (1, 0, 0), (1, 0, 0), (1, 0, 0), (1, 0, 0), (1, 0, 0), (1, 0, 0), (1, 0, 0), (1, 0, 0), (1, 0, 0), (1, 0, 0), (1, 0, 0), (1, 0, 0), (1, 0, 0), (1, 0, 0), (1, 0, 0), (1, 0, 0), (1, 0, 0), (1, 0, 0), (0, -0.5, 0.866025), (0, -1, 0), (0, -0.5, 0.866025), (0, -1, 0), (0, -0.5, 0.866025), (0, -1, 0), (0, 0.5, -0.866025), (0, 1, 0), (0, 1, 0), (0, 1, 0), (0, 0.5, -0.866025), (0, 0.5, -0.866025), (0, 0.5, -0.866025), (0, -0.5, -0.866025), (0, -0.5, -0.866025), (0, -0.5, -0.866025), (0, 0.5, -0.866025), (0, 0.5, -0.866025), (0, 1, 0), (0, 0.5, 0.866025), (0, 0.5, 0.866025), (0, 0.5, 0.866025), (0, 1, 0), (0, 1, 0), (0, 0.5, 0.866025), (0, -0.5, 0.866025), (0, -0.5, 0.866025), (0, -0.5, 0.866025), (0, 0.5, 0.866025), (0, 0.5, 0.866025), (0, -1, 0), (0, -0.5, -0.866025), (0, -1, 0), (0, -0.5, -0.866025), (0, -1, 0), (0, -0.5, -0.866025), (1, 0, 0), (1, 0, 0), (1, 0, 0), (1, 0, 0), (1, 0, 0), (1, 0, 0), (1, 0, 0), (1, 0, 0), (1, 0, 0), (1, 0, 0), (1, 0, 0), (1, 0, 0), (1, 0, 0), (1, 0, 0), (1, 0, 0), (1, 0, 0), (1, 0, 0), (1, 0, 0), (1, 0, 0), (1, 0, 0), (1, 0, 0), (1, 0, 0), (1, 0, 0), (1, 0, 0), (1, 0, 0), (1, 0, 0), (1, 0, 0), (1, 0, 0), (1, 0, 0), (1, 0, 0), (1, 0, 0), (1, 0, 0), (1, 0, 0), (1, 0, 0), (1, 0, 0), (1, 0, 0), (0, 1, 0), (0, 0.5, 0.866025), (0, 0.5, 0.866025), (0, 0.5, 0.866025), (0, 1, 0), (0, 1, 0), (0, 0.5, -0.866025), (0, -0.5, -0.866025), (0, -0.5, -0.866025), (0, -0.5, -0.866025), (0, 0.5, -0.866025), (0, 0.5, -0.866025), (0, -1, 0), (0, -0.5, -0.866025), (0, -1, 0), (0, -0.5, -0.866025), (0, -1, 0), (0, -0.5, -0.866025), (0, 0.5, 0.866025), (0, -0.5, 0.866025), (0, -0.5, 0.866025), (0, -0.5, 0.866025), (0, 0.5, 0.866025), (0, 0.5, 0.866025), (0, 0.5, -0.866025), (0, 1, 0), (0, 1, 0), (0, 1, 0), (0, 0.5, -0.866025), (0, 0.5, -0.866025), (0, -0.5, 0.866025), (0, -1, 0), (0, -0.5, 0.866025), (0, -1, 0), (0, -0.5, 0.866025), (0, -1, 0), (-1, 0, 0), (-1, 0, 0), (-1, 0, 0), (-1, 0, 0), (-1, 0, 0), (-1, 0, 0), (-1, 0, 0), (-1, 0, 0), (-1, 0, 0), (-1, 0, 0), (-1, 0, 0), (-1, 0, 0), (-1, 0, 0), (-1, 0, 0), (-1, 0, 0), (-1, 0, 0), (-1, 0, 0), (-1, 0, 0), (-1, 0, 0), (-1, 0, 0), (-1, 0, 0), (-1, 0, 0), (-1, 0, 0), (-1, 0, 0), (-1, 0, 0), (-1, 0, 0), (-1, 0, 0), (-1, 0, 0), (-1, 0, 0), (-1, 0, 0), (-1, 0, 0), (-1, 0, 0), (-1, 0, 0), (-1, 0, 0), (-1, 0, 0), (-1, 0, 0), (0, -1, 0), (0, -0.5, -0.866025), (0, -1, 0), (0, -0.5, -0.866025), (0, -1, 0), (0, -0.5, -0.866025), (0, 0.5, -0.866025), (0, 1, 0), (0, 1, 0), (0, 1, 0), (0, 0.5, -0.866025), (0, 0.5, -0.866025), (0, 0.5, 0.866025), (0, -0.5, 0.866025), (0, -0.5, 0.866025), (0, -0.5, 0.866025), (0, 0.5, 0.866025), (0, 0.5, 0.866025), (0, 1, 0), (0, 0.5, 0.866025), (0, 0.5, 0.866025), (0, 0.5, 0.866025), (0, 1, 0), (0, 1, 0), (0, -0.5, 0.866025), (0, -1, 0), (0, -0.5, 0.866025), (0, -1, 0), (0, -0.5, 0.866025), (0, -1, 0), (0, 0.5, -0.866025), (0, -0.5, -0.866025), (0, -0.5, -0.866025), (0, -0.5, -0.866025), (0, 0.5, -0.866025), (0, 0.5, -0.866025), (-1, 0, 0), (-1, 0, 0), (-1, 0, 0), (-1, 0, 0), (-1, 0, 0), (-1, 0, 0), (-1, 0, 0), (-1, 0, 0), (-1, 0, 0), (-1, 0, 0), (-1, 0, 0), (-1, 0, 0), (-1, 0, 0), (-1, 0, 0), (-1, 0, 0), (-1, 0, 0), (-1, 0, 0), (-1, 0, 0), (-1, 0, 0), (-1, 0, 0), (-1, 0, 0), (-1, 0, 0), (-1, 0, 0), (-1, 0, 0), (-1, 0, 0), (-1, 0, 0), (-1, 0, 0), (-1, 0, 0), (-1, 0, 0), (-1, 0, 0), (-1, 0, 0), (-1, 0, 0), (-1, 0, 0), (-1, 0, 0), (-1, 0, 0), (-1, 0, 0), (0, -1, 0), (0, -0.5, -0.866025), (0, -1, 0), (0, -0.5, -0.866025), (0, -1, 0), (0, -0.5, -0.866025), (0, 0.5, -0.866025), (0, 1, 0), (0, 1, 0), (0, 1, 0), (0, 0.5, -0.866025), (0, 0.5, -0.866025), (0, -0.5, 0.866025), (0, -1, 0), (0, -0.5, 0.866025), (0, -1, 0), (0, -0.5, 0.866025), (0, -1, 0), (0, 0.5, -0.866025), (0, -0.5, -0.866025), (0, -0.5, -0.866025), (0, -0.5, -0.866025), (0, 0.5, -0.866025), (0, 0.5, -0.866025), (0, 1, 0), (0, 0.5, 0.866025), (0, 0.5, 0.866025), (0, 0.5, 0.866025), (0, 1, 0), (0, 1, 0), (0, 0.5, 0.866025), (0, -0.5, 0.866025), (0, -0.5, 0.866025), (0, -0.5, 0.866025), (0, 0.5, 0.866025), (0, 0.5, 0.866025), (1, 0, 0), (1, 0, 0), (1, 0, 0), (1, 0, 0), (1, 0, 0), (1, 0, 0), (1, 0, 0), (1, 0, 0), (1, 0, 0), (1, 0, 0), (1, 0, 0), (1, 0, 0), (1, 0, 0), (1, 0, 0), (1, 0, 0), (1, 0, 0), (1, 0, 0), (1, 0, 0), (1, 0, 0), (1, 0, 0), (1, 0, 0), (1, 0, 0), (1, 0, 0), (1, 0, 0), (1, 0, 0), (1, 0, 0), (1, 0, 0), (1, 0, 0), (1, 0, 0), (1, 0, 0), (1, 0, 0), (1, 0, 0), (1, 0, 0), (1, 0, 0), (1, 0, 0), (1, 0, 0), (0, 1, 0), (0, 0.5, 0.866025), (0, 0.5, 0.866025), (0, 0.5, 0.866025), (0, 1, 0), (0, 1, 0), (0, 0.5, -0.866025), (0, -0.5, -0.866025), (0, -0.5, -0.866025), (0, -0.5, -0.866025), (0, 0.5, -0.866025), (0, 0.5, -0.866025), (0, -1, 0), (0, -0.5, -0.866025), (0, -1, 0), (0, -0.5, -0.866025), (0, -1, 0), (0, -0.5, -0.866025), (0, 0.5, 0.866025), (0, -0.5, 0.866025), (0, -0.5, 0.866025), (0, -0.5, 0.866025), (0, 0.5, 0.866025), (0, 0.5, 0.866025), (0, 0.5, -0.866025), (0, 1, 0), (0, 1, 0), (0, 1, 0), (0, 0.5, -0.866025), (0, 0.5, -0.866025), (0, -0.5, 0.866025), (0, -1, 0), (0, -0.5, 0.866025), (0, -1, 0), (0, -0.5, 0.866025), (0, -1, 0), (-1, 0, 0), (-1, 0, 0), (-1, 0, 0), (-1, 0, 0), (-1, 0, 0), (-1, 0, 0), (-1, 0, 0), (-1, 0, 0), (-1, 0, 0), (-1, 0, 0), (-1, 0, 0), (-1, 0, 0), (-1, 0, 0), (-1, 0, 0), (-1, 0, 0), (-1, 0, 0), (-1, 0, 0), (-1, 0, 0), (-1, 0, 0), (-1, 0, 0), (-1, 0, 0), (-1, 0, 0), (-1, 0, 0), (-1, 0, 0), (-1, 0, 0), (-1, 0, 0), (-1, 0, 0), (-1, 0, 0), (-1, 0, 0), (-1, 0, 0), (-1, 0, 0), (-1, 0, 0), (-1, 0, 0), (-1, 0, 0), (-1, 0, 0), (-1, 0, 0), (1, 0, 0), (1, 0, 0), (1, 0, 0), (1, 0, 0), (1, 0, 0), (1, 0, 0), (-1, 0, 0), (-1, 0, 0), (-1, 0, 0), (-1, 0, 0), (-1, 0, 0), (-1, 0, 0), (0, -1, 0), (0, -0.5, -0.866025), (0, -1, 0), (0, -0.5, -0.866025), (0, -1, 0), (0, -0.5, -0.866025), (0, 0.5, -0.866025), (0, 1, 0), (0, 1, 0), (0, 1, 0), (0, 0.5, -0.866025), (0, 0.5, -0.866025), (0, 0.5, 0.866025), (0, -0.5, 0.866025), (0, -0.5, 0.866025), (0, -0.5, 0.866025), (0, 0.5, 0.866025), (0, 0.5, 0.866025), (0, 1, 0), (0, 0.5, 0.866025), (0, 0.5, 0.866025), (0, 0.5, 0.866025), (0, 1, 0), (0, 1, 0), (0, -0.5, 0.866025), (0, -1, 0), (0, -0.5, 0.866025), (0, -1, 0), (0, -0.5, 0.866025), (0, -1, 0), (0, 0.5, -0.866025), (0, -0.5, -0.866025), (0, -0.5, -0.866025), (0, -0.5, -0.866025), (0, 0.5, -0.866025), (0, 0.5, -0.866025), (-1, 0, 0), (-1, 0, 0), (-1, 0, 0), (-1, 0, 0), (-1, 0, 0), (-1, 0, 0), (-1, 0, 0), (-1, 0, 0), (-1, 0, 0), (-1, 0, 0), (-1, 0, 0), (-1, 0, 0), (-1, 0, 0), (-1, 0, 0), (-1, 0, 0), (-1, 0, 0), (-1, 0, 0), (-1, 0, 0), (-1, 0, 0), (-1, 0, 0), (-1, 0, 0), (-1, 0, 0), (-1, 0, 0), (-1, 0, 0), (-1, 0, 0), (-1, 0, 0), (-1, 0, 0), (-1, 0, 0), (-1, 0, 0), (-1, 0, 0), (-1, 0, 0), (-1, 0, 0), (-1, 0, 0), (-1, 0, 0), (-1, 0, 0), (-1, 0, 0), (0, -0.5, 0.866025), (0, -1, 0), (0, -0.5, 0.866025), (0, -1, 0), (0, -0.5, 0.866025), (0, -1, 0), (0, 0.5, -0.866025), (0, 1, 0), (0, 1, 0), (0, 1, 0), (0, 0.5, -0.866025), (0, 0.5, -0.866025), (0, 0.5, -0.866025), (0, -0.5, -0.866025), (0, -0.5, -0.866025), (0, -0.5, -0.866025), (0, 0.5, -0.866025), (0, 0.5, -0.866025), (0, 1, 0), (0, 0.5, 0.866025), (0, 0.5, 0.866025), (0, 0.5, 0.866025), (0, 1, 0), (0, 1, 0), (0, 0.5, 0.866025), (0, -0.5, 0.866025), (0, -0.5, 0.866025), (0, -0.5, 0.866025), (0, 0.5, 0.866025), (0, 0.5, 0.866025), (0, -1, 0), (0, -0.5, -0.866025), (0, -1, 0), (0, -0.5, -0.866025), (0, -1, 0), (0, -0.5, -0.866025), (1, 0, 0), (1, 0, 0), (1, 0, 0), (1, 0, 0), (1, 0, 0), (1, 0, 0), (1, 0, 0), (1, 0, 0), (1, 0, 0), (1, 0, 0), (1, 0, 0), (1, 0, 0), (1, 0, 0), (1, 0, 0), (1, 0, 0), (1, 0, 0), (1, 0, 0), (1, 0, 0), (1, 0, 0), (1, 0, 0), (1, 0, 0), (1, 0, 0), (1, 0, 0), (1, 0, 0), (1, 0, 0), (1, 0, 0), (1, 0, 0), (1, 0, 0), (1, 0, 0), (1, 0, 0), (1, 0, 0), (1, 0, 0), (1, 0, 0), (1, 0, 0), (1, 0, 0), (1, 0, 0), (0, -1, 0), (0, -0.5, -0.866025), (0, -1, 0), (0, -0.5, -0.866025), (0, -1, 0), (0, -0.5, -0.866025), (0, 0.5, -0.866025), (0, 1, 0), (0, 1, 0), (0, 1, 0), (0, 0.5, -0.866025), (0, 0.5, -0.866025), (0, -0.5, 0.866025), (0, -1, 0), (0, -0.5, 0.866025), (0, -1, 0), (0, -0.5, 0.866025), (0, -1, 0), (0, 0.5, -0.866025), (0, -0.5, -0.866025), (0, -0.5, -0.866025), (0, -0.5, -0.866025), (0, 0.5, -0.866025), (0, 0.5, -0.866025), (0, 1, 0), (0, 0.5, 0.866025), (0, 0.5, 0.866025), (0, 0.5, 0.866025), (0, 1, 0), (0, 1, 0), (0, 0.5, 0.866025), (0, -0.5, 0.866025), (0, -0.5, 0.866025), (0, -0.5, 0.866025), (0, 0.5, 0.866025), (0, 0.5, 0.866025), (1, 0, 0), (1, 0, 0), (1, 0, 0), (1, 0, 0), (1, 0, 0), (1, 0, 0), (1, 0, 0), (1, 0, 0), (1, 0, 0), (1, 0, 0), (1, 0, 0), (1, 0, 0), (1, 0, 0), (1, 0, 0), (1, 0, 0), (1, 0, 0), (1, 0, 0), (1, 0, 0), (1, 0, 0), (1, 0, 0), (1, 0, 0), (1, 0, 0), (1, 0, 0), (1, 0, 0), (1, 0, 0), (1, 0, 0), (1, 0, 0), (1, 0, 0), (1, 0, 0), (1, 0, 0), (1, 0, 0), (1, 0, 0), (1, 0, 0), (1, 0, 0), (1, 0, 0), (1, 0, 0), (1, 0, 0), (1, 0, 0), (1, 0, 0), (1, 0, 0), (1, 0, 0), (1, 0, 0), (-1, 0, 0), (-1, 0, 0), (-1, 0, 0), (-1, 0, 0), (-1, 0, 0), (-1, 0, 0), (0, -1, 0), (0, -0.5, -0.866025), (0, -1, 0), (0, -0.5, -0.866025), (0, -1, 0), (0, -0.5, -0.866025), (0, 0.5, -0.866025), (0, 1, 0), (0, 1, 0), (0, 1, 0), (0, 0.5, -0.866025), (0, 0.5, -0.866025), (0, 0.5, 0.866025), (0, -0.5, 0.866025), (0, -0.5, 0.866025), (0, -0.5, 0.866025), (0, 0.5, 0.866025), (0, 0.5, 0.866025), (0, 1, 0), (0, 0.5, 0.866025), (0, 0.5, 0.866025), (0, 0.5, 0.866025), (0, 1, 0), (0, 1, 0), (0, -0.5, 0.866025), (0, -1, 0), (0, -0.5, 0.866025), (0, -1, 0), (0, -0.5, 0.866025), (0, -1, 0), (0, 0.5, -0.866025), (0, -0.5, -0.866025), (0, -0.5, -0.866025), (0, -0.5, -0.866025), (0, 0.5, -0.866025), (0, 0.5, -0.866025), (-1, 0, 0), (-1, 0, 0), (-1, 0, 0), (-1, 0, 0), (-1, 0, 0), (-1, 0, 0), (-1, 0, 0), (-1, 0, 0), (-1, 0, 0), (-1, 0, 0), (-1, 0, 0), (-1, 0, 0), (-1, 0, 0), (-1, 0, 0), (-1, 0, 0), (-1, 0, 0), (-1, 0, 0), (-1, 0, 0), (-1, 0, 0), (-1, 0, 0), (-1, 0, 0), (-1, 0, 0), (-1, 0, 0), (-1, 0, 0), (-1, 0, 0), (-1, 0, 0), (-1, 0, 0), (-1, 0, 0), (-1, 0, 0), (-1, 0, 0), (-1, 0, 0), (-1, 0, 0), (-1, 0, 0), (-1, 0, 0), (-1, 0, 0), (-1, 0, 0), (0, 1, 0), (0, 0.5, 0.866025), (0, 0.5, 0.866025), (0, 0.5, 0.866025), (0, 1, 0), (0, 1, 0), (0, 0.5, -0.866025), (0, -0.5, -0.866025), (0, -0.5, -0.866025), (0, -0.5, -0.866025), (0, 0.5, -0.866025), (0, 0.5, -0.866025), (0, -1, 0), (0, -0.5, -0.866025), (0, -1, 0), (0, -0.5, -0.866025), (0, -1, 0), (0, -0.5, -0.866025), (0, 0.5, 0.866025), (0, -0.5, 0.866025), (0, -0.5, 0.866025), (0, -0.5, 0.866025), (0, 0.5, 0.866025), (0, 0.5, 0.866025), (0, 0.5, -0.866025), (0, 1, 0), (0, 1, 0), (0, 1, 0), (0, 0.5, -0.866025), (0, 0.5, -0.866025), (0, -0.5, 0.866025), (0, -1, 0), (0, -0.5, 0.866025), (0, -1, 0), (0, -0.5, 0.866025), (0, -1, 0), (-1, 0, 0), (-1, 0, 0), (-1, 0, 0), (-1, 0, 0), (-1, 0, 0), (-1, 0, 0), (-1, 0, 0), (-1, 0, 0), (-1, 0, 0), (-1, 0, 0), (-1, 0, 0), (-1, 0, 0), (-1, 0, 0), (-1, 0, 0), (-1, 0, 0), (-1, 0, 0), (-1, 0, 0), (-1, 0, 0), (-1, 0, 0), (-1, 0, 0), (-1, 0, 0), (-1, 0, 0), (-1, 0, 0), (-1, 0, 0), (-1, 0, 0), (-1, 0, 0), (-1, 0, 0), (-1, 0, 0), (-1, 0, 0), (-1, 0, 0), (-1, 0, 0), (-1, 0, 0), (-1, 0, 0), (-1, 0, 0), (-1, 0, 0), (-1, 0, 0), (0, -0.5, 0.866025), (0, -1, 0), (0, -0.5, 0.866025), (0, -1, 0), (0, -0.5, 0.866025), (0, -1, 0), (0, 0.5, -0.866025), (0, 1, 0), (0, 1, 0), (0, 1, 0), (0, 0.5, -0.866025), (0, 0.5, -0.866025), (0, 0.5, -0.866025), (0, -0.5, -0.866025), (0, -0.5, -0.866025), (0, -0.5, -0.866025), (0, 0.5, -0.866025), (0, 0.5, -0.866025), (0, 1, 0), (0, 0.5, 0.866025), (0, 0.5, 0.866025), (0, 0.5, 0.866025), (0, 1, 0), (0, 1, 0), (0, 0.5, 0.866025), (0, -0.5, 0.866025), (0, -0.5, 0.866025), (0, -0.5, 0.866025), (0, 0.5, 0.866025), (0, 0.5, 0.866025), (0, -1, 0), (0, -0.5, -0.866025), (0, -1, 0), (0, -0.5, -0.866025), (0, -1, 0), (0, -0.5, -0.866025), (1, 0, 0), (1, 0, 0), (1, 0, 0), (1, 0, 0), (1, 0, 0), (1, 0, 0), (1, 0, 0), (1, 0, 0), (1, 0, 0), (1, 0, 0), (1, 0, 0), (1, 0, 0), (1, 0, 0), (1, 0, 0), (1, 0, 0), (1, 0, 0), (1, 0, 0), (1, 0, 0), (1, 0, 0), (1, 0, 0), (1, 0, 0), (1, 0, 0), (1, 0, 0), (1, 0, 0), (1, 0, 0), (1, 0, 0), (1, 0, 0), (1, 0, 0), (1, 0, 0), (1, 0, 0), (1, 0, 0), (1, 0, 0), (1, 0, 0), (1, 0, 0), (1, 0, 0), (1, 0, 0), (0, 1, 0), (0, 0.5, 0.866025), (0, 0.5, 0.866025), (0, 0.5, 0.866025), (0, 1, 0), (0, 1, 0), (0, 0.5, -0.866025), (0, -0.5, -0.866025), (0, -0.5, -0.866025), (0, -0.5, -0.866025), (0, 0.5, -0.866025), (0, 0.5, -0.866025), (0, -1, 0), (0, -0.5, -0.866025), (0, -1, 0), (0, -0.5, -0.866025), (0, -1, 0), (0, -0.5, -0.866025), (0, 0.5, 0.866025), (0, -0.5, 0.866025), (0, -0.5, 0.866025), (0, -0.5, 0.866025), (0, 0.5, 0.866025), (0, 0.5, 0.866025), (0, 0.5, -0.866025), (0, 1, 0), (0, 1, 0), (0, 1, 0), (0, 0.5, -0.866025), (0, 0.5, -0.866025), (0, -0.5, 0.866025), (0, -1, 0), (0, -0.5, 0.866025), (0, -1, 0), (0, -0.5, 0.866025), (0, -1, 0), (-1, 0, 0), (-1, 0, 0), (-1, 0, 0), (-1, 0, 0), (-1, 0, 0), (-1, 0, 0), (-1, 0, 0), (-1, 0, 0), (-1, 0, 0), (-1, 0, 0), (-1, 0, 0), (-1, 0, 0), (-1, 0, 0), (-1, 0, 0), (-1, 0, 0), (-1, 0, 0), (-1, 0, 0), (-1, 0, 0), (-1, 0, 0), (-1, 0, 0), (-1, 0, 0), (-1, 0, 0), (-1, 0, 0), (-1, 0, 0), (-1, 0, 0), (-1, 0, 0), (-1, 0, 0), (-1, 0, 0), (-1, 0, 0), (-1, 0, 0), (-1, 0, 0), (-1, 0, 0), (-1, 0, 0), (-1, 0, 0), (-1, 0, 0), (-1, 0, 0), (0, -0.5, 0.866025), (0, -1, 0), (0, -0.5, 0.866025), (0, -1, 0), (0, -0.5, 0.866025), (0, -1, 0), (0, 0.5, -0.866025), (0, 1, 0), (0, 1, 0), (0, 1, 0), (0, 0.5, -0.866025), (0, 0.5, -0.866025), (0, 0.5, -0.866025), (0, -0.5, -0.866025), (0, -0.5, -0.866025), (0, -0.5, -0.866025), (0, 0.5, -0.866025), (0, 0.5, -0.866025), (0, 1, 0), (0, 0.5, 0.866025), (0, 0.5, 0.866025), (0, 0.5, 0.866025), (0, 1, 0), (0, 1, 0), (0, 0.5, 0.866025), (0, -0.5, 0.866025), (0, -0.5, 0.866025), (0, -0.5, 0.866025), (0, 0.5, 0.866025), (0, 0.5, 0.866025), (0, -1, 0), (0, -0.5, -0.866025), (0, -1, 0), (0, -0.5, -0.866025), (0, -1, 0), (0, -0.5, -0.866025), (1, 0, 0), (1, 0, 0), (1, 0, 0), (1, 0, 0), (1, 0, 0), (1, 0, 0), (1, 0, 0), (1, 0, 0), (1, 0, 0), (1, 0, 0), (1, 0, 0), (1, 0, 0), (1, 0, 0), (1, 0, 0), (1, 0, 0), (1, 0, 0), (1, 0, 0), (1, 0, 0), (1, 0, 0), (1, 0, 0), (1, 0, 0), (1, 0, 0), (1, 0, 0), (1, 0, 0), (1, 0, 0), (1, 0, 0), (1, 0, 0), (1, 0, 0), (1, 0, 0), (1, 0, 0), (1, 0, 0), (1, 0, 0), (1, 0, 0), (1, 0, 0), (1, 0, 0), (1, 0, 0), (0, -1, 0), (0, -0.5, -0.866025), (0, -1, 0), (0, -0.5, -0.866025), (0, -1, 0), (0, -0.5, -0.866025), (0, 0.5, -0.866025), (0, 1, 0), (0, 1, 0), (0, 1, 0), (0, 0.5, -0.866025), (0, 0.5, -0.866025), (0, -0.5, 0.866025), (0, -1, 0), (0, -0.5, 0.866025), (0, -1, 0), (0, -0.5, 0.866025), (0, -1, 0), (0, 0.5, -0.866025), (0, -0.5, -0.866025), (0, -0.5, -0.866025), (0, -0.5, -0.866025), (0, 0.5, -0.866025), (0, 0.5, -0.866025), (0, 1, 0), (0, 0.5, 0.866025), (0, 0.5, 0.866025), (0, 0.5, 0.866025), (0, 1, 0), (0, 1, 0), (0, 0.5, 0.866025), (0, -0.5, 0.866025), (0, -0.5, 0.866025), (0, -0.5, 0.866025), (0, 0.5, 0.866025), (0, 0.5, 0.866025), (1, 0, 0), (1, 0, 0), (1, 0, 0), (1, 0, 0), (1, 0, 0), (1, 0, 0), (1, 0, 0), (1, 0, 0), (1, 0, 0), (1, 0, 0), (1, 0, 0), (1, 0, 0), (1, 0, 0), (1, 0, 0), (1, 0, 0), (1, 0, 0), (1, 0, 0), (1, 0, 0), (1, 0, 0), (1, 0, 0), (1, 0, 0), (1, 0, 0), (1, 0, 0), (1, 0, 0), (1, 0, 0), (1, 0, 0), (1, 0, 0), (1, 0, 0), (1, 0, 0), (1, 0, 0), (1, 0, 0), (1, 0, 0), (1, 0, 0), (1, 0, 0), (1, 0, 0), (1, 0, 0), (1, 0, 0), (1, 0, 0), (1, 0, 0), (1, 0, 0), (1, 0, 0), (1, 0, 0), (-1, 0, 0), (-1, 0, 0), (-1, 0, 0), (-1, 0, 0), (-1, 0, 0), (-1, 0, 0), (0, -1, 0), (0, -0.5, -0.866025), (0, -1, 0), (0, -0.5, -0.866025), (0, -1, 0), (0, -0.5, -0.866025), (0, 0.5, -0.866025), (0, 1, 0), (0, 1, 0), (0, 1, 0), (0, 0.5, -0.866025), (0, 0.5, -0.866025), (0, 0.5, 0.866025), (0, -0.5, 0.866025), (0, -0.5, 0.866025), (0, -0.5, 0.866025), (0, 0.5, 0.866025), (0, 0.5, 0.866025), (0, 1, 0), (0, 0.5, 0.866025), (0, 0.5, 0.866025), (0, 0.5, 0.866025), (0, 1, 0), (0, 1, 0), (0, -0.5, 0.866025), (0, -1, 0), (0, -0.5, 0.866025), (0, -1, 0), (0, -0.5, 0.866025), (0, -1, 0), (0, 0.5, -0.866025), (0, -0.5, -0.866025), (0, -0.5, -0.866025), (0, -0.5, -0.866025), (0, 0.5, -0.866025), (0, 0.5, -0.866025), (-1, 0, 0), (-1, 0, 0), (-1, 0, 0), (-1, 0, 0), (-1, 0, 0), (-1, 0, 0), (-1, 0, 0), (-1, 0, 0), (-1, 0, 0), (-1, 0, 0), (-1, 0, 0), (-1, 0, 0), (-1, 0, 0), (-1, 0, 0), (-1, 0, 0), (-1, 0, 0), (-1, 0, 0), (-1, 0, 0), (-1, 0, 0), (-1, 0, 0), (-1, 0, 0), (-1, 0, 0), (-1, 0, 0), (-1, 0, 0), (-1, 0, 0), (-1, 0, 0), (-1, 0, 0), (-1, 0, 0), (-1, 0, 0), (-1, 0, 0), (-1, 0, 0), (-1, 0, 0), (-1, 0, 0), (-1, 0, 0), (-1, 0, 0), (-1, 0, 0), (0, 0.965926, -0.258819), (0, 0.965926, -0.258819), (0, 0.965926, -0.258819), (0, 0.965926, -0.258819), (0, 0.965926, -0.258819), (0, 0.965926, -0.258819), (0, 0.965926, -0.258819), (0, 0.965926, -0.258819), (0, 0.965926, -0.258819), (0, 0.965926, -0.258819), (0, 0.965926, -0.258819), (0, 0.965926, -0.258819), (0, 0.965926, -0.258819), (0, 0.965926, -0.258819), (0, 0.965926, -0.258819), (0, 0.965926, -0.258819), (0, 0.965926, -0.258819), (0, 0.965926, -0.258819), (0, 0.965926, -0.258819), (0, 0.965926, -0.258819), (0, 0.965926, -0.258819), (0, 0.965926, -0.258819), (0, 0.965926, -0.258819), (0, 0.965926, -0.258819), (0, 0.965926, -0.258819), (0, 0.965926, -0.258819), (0, 0.965926, -0.258819), (0, 0.965926, -0.258819), (0, 0.965926, -0.258819), (0, 0.965926, -0.258819), (0, 0.965926, -0.258819), (0, 0.965926, -0.258819), (0, 0.965926, -0.258819), (0, 0.965926, -0.258819), (0, 0.965926, -0.258819), (0, 0.965926, -0.258819), (0, 0.965926, -0.258819), (0, 0.965926, -0.258819), (0, 0.965926, -0.258819), (0, 0.965926, -0.258819), (0, 0.965926, -0.258819), (0, 0.965926, -0.258819), (0, 0.965926, -0.258819), (0, 0.965926, -0.258819), (0, 0.965926, -0.258819), (0, 0.965926, -0.258819), (0, 0.965926, -0.258819), (0, 0.965926, -0.258819), (1, 0, 0), (0.707107, -0.183013, -0.683013), (0.707107, -0.183013, -0.683013), (0.707107, -0.183013, -0.683013), (1, 0, 0), (1, 0, 0), (-0.707107, -0.183013, -0.683013), (0, -0.258819, -0.965926), (0, -0.258819, -0.965926), (0, -0.258819, -0.965926), (-0.707107, -0.183013, -0.683013), (-0.707107, -0.183013, -0.683013), (0, -0.258819, -0.965926), (0.707107, -0.183013, -0.683013), (0, -0.258819, -0.965926), (0.707107, -0.183013, -0.683013), (0, -0.258819, -0.965926), (0.707107, -0.183013, -0.683013), (0.707107, 0.183013, 0.683013), (0, 0.258819, 0.965926), (0.707107, 0.183013, 0.683013), (0, 0.258819, 0.965926), (0.707107, 0.183013, 0.683013), (0, 0.258819, 0.965926), (0.707107, 0.183013, 0.683013), (1, 0, 0), (1, 0, 0), (1, 0, 0), (0.707107, 0.183013, 0.683013), (0.707107, 0.183013, 0.683013), (-0.707107, -0.183013, -0.683013), (-1, 0, 0), (-0.707107, -0.183013, -0.683013), (-1, 0, 0), (-0.707107, -0.183013, -0.683013), (-1, 0, 0), (-1, 0, 0), (-0.707107, 0.183013, 0.683013), (-1, 0, 0), (-0.707107, 0.183013, 0.683013), (-1, 0, 0), (-0.707107, 0.183013, 0.683013), (0, 0.258819, 0.965926), (-0.707107, 0.183013, 0.683013), (-0.707107, 0.183013, 0.683013), (-0.707107, 0.183013, 0.683013), (0, 0.258819, 0.965926), (0, 0.258819, 0.965926), (0, 0.965926, -0.258819), (0, 0.965926, -0.258819), (0, 0.965926, -0.258819), (0, 0.965926, -0.258819), (0, 0.965926, -0.258819), (0, 0.965926, -0.258819), (0, 0.965926, -0.258819), (0, 0.965926, -0.258819), (0, 0.965926, -0.258819), (0, 0.965926, -0.258819), (0, 0.965926, -0.258819), (0, 0.965926, -0.258819), (0, 0.965926, -0.258819), (0, 0.965926, -0.258819), (0, 0.965926, -0.258819), (0, 0.965926, -0.258819), (0, 0.965926, -0.258819), (0, 0.965926, -0.258819), (0, 0.965926, -0.258819), (0, 0.965926, -0.258819), (0, 0.965926, -0.258819), (0, 0.965926, -0.258819), (0, 0.965926, -0.258819), (0, 0.965926, -0.258819), (0, 0.965926, -0.258819), (0, 0.965926, -0.258819), (0, 0.965926, -0.258819), (0, 0.965926, -0.258819), (0, 0.965926, -0.258819), (0, 0.965926, -0.258819), (0, 0.965926, -0.258819), (0, 0.965926, -0.258819), (0, 0.965926, -0.258819), (0, 0.965926, -0.258819), (0, 0.965926, -0.258819), (0, 0.965926, -0.258819), (0, 0.965926, -0.258819), (0, 0.965926, -0.258819), (0, 0.965926, -0.258819), (0, 0.965926, -0.258819), (0, 0.965926, -0.258819), (0, 0.965926, -0.258819), (0, 0.965926, -0.258819), (0, 0.965926, -0.258819), (0, 0.965926, -0.258819), (0, 0.965926, -0.258819), (0, 0.965926, -0.258819), (0, 0.965926, -0.258819), (1, 0, 0), (0.707107, -0.183013, -0.683013), (0.707107, -0.183013, -0.683013), (0.707107, -0.183013, -0.683013), (1, 0, 0), (1, 0, 0), (-0.707107, -0.183013, -0.683013), (0, -0.258819, -0.965926), (0, -0.258819, -0.965926), (0, -0.258819, -0.965926), (-0.707107, -0.183013, -0.683013), (-0.707107, -0.183013, -0.683013), (0, -0.258819, -0.965926), (0.707107, -0.183013, -0.683013), (0, -0.258819, -0.965926), (0.707107, -0.183013, -0.683013), (0, -0.258819, -0.965926), (0.707107, -0.183013, -0.683013), (0.707107, 0.183013, 0.683013), (0, 0.258819, 0.965926), (0.707107, 0.183013, 0.683013), (0, 0.258819, 0.965926), (0.707107, 0.183013, 0.683013), (0, 0.258819, 0.965926), (0.707107, 0.183013, 0.683013), (1, 0, 0), (1, 0, 0), (1, 0, 0), (0.707107, 0.183013, 0.683013), (0.707107, 0.183013, 0.683013), (-0.707107, -0.183013, -0.683013), (-1, 0, 0), (-0.707107, -0.183013, -0.683013), (-1, 0, 0), (-0.707107, -0.183013, -0.683013), (-1, 0, 0), (-1, 0, 0), (-0.707107, 0.183013, 0.683013), (-1, 0, 0), (-0.707107, 0.183013, 0.683013), (-1, 0, 0), (-0.707107, 0.183013, 0.683013), (0, 0.258819, 0.965926), (-0.707107, 0.183013, 0.683013), (-0.707107, 0.183013, 0.683013), (-0.707107, 0.183013, 0.683013), (0, 0.258819, 0.965926), (0, 0.258819, 0.965926), (0, 0.965926, -0.258819), (0, 0.965926, -0.258819), (0, 0.965926, -0.258819), (0, 0.965926, -0.258819), (0, 0.965926, -0.258819), (0, 0.965926, -0.258819), (0, 0.965926, -0.258819), (0, 0.965926, -0.258819), (0, 0.965926, -0.258819), (0, 0.965926, -0.258819), (0, 0.965926, -0.258819), (0, 0.965926, -0.258819), (0, 0.965926, -0.258819), (0, 0.965926, -0.258819), (0, 0.965926, -0.258819), (0, 0.965926, -0.258819), (0, 0.965926, -0.258819), (0, 0.965926, -0.258819), (0, 0.965926, -0.258819), (0, 0.965926, -0.258819), (0, 0.965926, -0.258819), (0, 0.965926, -0.258819), (0, 0.965926, -0.258819), (0, 0.965926, -0.258819), (0, 0.965926, -0.258819), (0, 0.965926, -0.258819), (0, 0.965926, -0.258819), (0, 0.965926, -0.258819), (0, 0.965926, -0.258819), (0, 0.965926, -0.258819), (0, 0.965926, -0.258819), (0, 0.965926, -0.258819), (0, 0.965926, -0.258819), (0, 0.965926, -0.258819), (0, 0.965926, -0.258819), (0, 0.965926, -0.258819), (0, 0.965926, -0.258819), (0, 0.965926, -0.258819), (0, 0.965926, -0.258819), (0, 0.965926, -0.258819), (0, 0.965926, -0.258819), (0, 0.965926, -0.258819), (0, 0.965926, -0.258819), (0, 0.965926, -0.258819), (0, 0.965926, -0.258819), (0, 0.965926, -0.258819), (0, 0.965926, -0.258819), (0, 0.965926, -0.258819), (1, 0, 0), (0.707107, -0.183013, -0.683013), (0.707107, -0.183013, -0.683013), (0.707107, -0.183013, -0.683013), (1, 0, 0), (1, 0, 0), (-0.707107, -0.183013, -0.683013), (0, -0.258819, -0.965926), (0, -0.258819, -0.965926), (0, -0.258819, -0.965926), (-0.707107, -0.183013, -0.683013), (-0.707107, -0.183013, -0.683013), (0, -0.258819, -0.965926), (0.707107, -0.183013, -0.683013), (0, -0.258819, -0.965926), (0.707107, -0.183013, -0.683013), (0, -0.258819, -0.965926), (0.707107, -0.183013, -0.683013), (0.707107, 0.183013, 0.683013), (0, 0.258819, 0.965926), (0.707107, 0.183013, 0.683013), (0, 0.258819, 0.965926), (0.707107, 0.183013, 0.683013), (0, 0.258819, 0.965926), (0.707107, 0.183013, 0.683013), (1, 0, 0), (1, 0, 0), (1, 0, 0), (0.707107, 0.183013, 0.683013), (0.707107, 0.183013, 0.683013), (-0.707107, -0.183013, -0.683013), (-1, 0, 0), (-0.707107, -0.183013, -0.683013), (-1, 0, 0), (-0.707107, -0.183013, -0.683013), (-1, 0, 0), (-1, 0, 0), (-0.707107, 0.183013, 0.683013), (-1, 0, 0), (-0.707107, 0.183013, 0.683013), (-1, 0, 0), (-0.707107, 0.183013, 0.683013), (0, 0.258819, 0.965926), (-0.707107, 0.183013, 0.683013), (-0.707107, 0.183013, 0.683013), (-0.707107, 0.183013, 0.683013), (0, 0.258819, 0.965926), (0, 0.258819, 0.965926), (0, 0.965926, -0.258819), (0, 0.965926, -0.258819), (0, 0.965926, -0.258819), (0, 0.965926, -0.258819), (0, 0.965926, -0.258819), (0, 0.965926, -0.258819), (0, 0.965926, -0.258819), (0, 0.965926, -0.258819), (0, 0.965926, -0.258819), (0, 0.965926, -0.258819), (0, 0.965926, -0.258819), (0, 0.965926, -0.258819), (0, 0.965926, -0.258819), (0, 0.965926, -0.258819), (0, 0.965926, -0.258819), (0, 0.965926, -0.258819), (0, 0.965926, -0.258819), (0, 0.965926, -0.258819), (0, 0.965926, -0.258819), (0, 0.965926, -0.258819), (0, 0.965926, -0.258819), (0, 0.965926, -0.258819), (0, 0.965926, -0.258819), (0, 0.965926, -0.258819), (0, 0.965926, -0.258819), (0, 0.965926, -0.258819), (0, 0.965926, -0.258819), (0, 0.965926, -0.258819), (0, 0.965926, -0.258819), (0, 0.965926, -0.258819), (0, 0.965926, -0.258819), (0, 0.965926, -0.258819), (0, 0.965926, -0.258819), (0, 0.965926, -0.258819), (0, 0.965926, -0.258819), (0, 0.965926, -0.258819), (0, 0.965926, -0.258819), (0, 0.965926, -0.258819), (0, 0.965926, -0.258819), (0, 0.965926, -0.258819), (0, 0.965926, -0.258819), (0, 0.965926, -0.258819), (0, 0.965926, -0.258819), (0, 0.965926, -0.258819), (0, 0.965926, -0.258819), (0, 0.965926, -0.258819), (0, 0.965926, -0.258819), (0, 0.965926, -0.258819), (1, 0, 0), (0.707107, -0.183013, -0.683013), (0.707107, -0.183013, -0.683013), (0.707107, -0.183013, -0.683013), (1, 0, 0), (1, 0, 0), (-0.707107, -0.183013, -0.683013), (0, -0.258819, -0.965926), (0, -0.258819, -0.965926), (0, -0.258819, -0.965926), (-0.707107, -0.183013, -0.683013), (-0.707107, -0.183013, -0.683013), (0, -0.258819, -0.965926), (0.707107, -0.183013, -0.683013), (0, -0.258819, -0.965926), (0.707107, -0.183013, -0.683013), (0, -0.258819, -0.965926), (0.707107, -0.183013, -0.683013), (0.707107, 0.183013, 0.683013), (0, 0.258819, 0.965926), (0.707107, 0.183013, 0.683013), (0, 0.258819, 0.965926), (0.707107, 0.183013, 0.683013), (0, 0.258819, 0.965926), (0.707107, 0.183013, 0.683013), (1, 0, 0), (1, 0, 0), (1, 0, 0), (0.707107, 0.183013, 0.683013), (0.707107, 0.183013, 0.683013), (-0.707107, -0.183013, -0.683013), (-1, 0, 0), (-0.707107, -0.183013, -0.683013), (-1, 0, 0), (-0.707107, -0.183013, -0.683013), (-1, 0, 0), (-1, 0, 0), (-0.707107, 0.183013, 0.683013), (-1, 0, 0), (-0.707107, 0.183013, 0.683013), (-1, 0, 0), (-0.707107, 0.183013, 0.683013), (0, 0.258819, 0.965926), (-0.707107, 0.183013, 0.683013), (-0.707107, 0.183013, 0.683013), (-0.707107, 0.183013, 0.683013), (0, 0.258819, 0.965926), (0, 0.258819, 0.965926), (0, 0, -1), (0, 0, -1), (0, 0, -1), (0, 0, -1), (0, 0, -1), (0, 0, -1), (-0.992508, 0, 0.122183), (-0.992508, 0, -0.122183), (-0.992508, 0, 0.122183), (-0.992508, 0, -0.122183), (-0.992508, 0, 0.122183), (-0.992508, 0, -0.122183), (0.992508, 0, -0.122183), (0.992508, 0, 0.122183), (0.992508, 0, -0.122183), (0.992508, 0, 0.122183), (0.992508, 0, -0.122183), (0.992508, 0, 0.122183), (-0.992508, 0, -0.122183), (-0.902938, 0, -0.429772), (-0.992508, 0, -0.122183), (-0.902938, 0, -0.429772), (-0.992508, 0, -0.122183), (-0.902938, 0, -0.429772), (0.902938, 0, -0.429772), (0.992508, 0, -0.122183), (0.902938, 0, -0.429772), (0.992508, 0, -0.122183), (0.902938, 0, -0.429772), (0.992508, 0, -0.122183), (-0.902938, 0, -0.429772), (-0.8, 0, -0.6), (-0.902938, 0, -0.429772), (-0.8, 0, -0.6), (-0.902938, 0, -0.429772), (-0.8, 0, -0.6), (0.8, 0, -0.6), (0.902938, 0, -0.429772), (0.8, 0, -0.6), (0.902938, 0, -0.429772), (0.8, 0, -0.6), (0.902938, 0, -0.429772), (0.992508, 0, 0.122183), (0.902938, 0, 0.429772), (0.992508, 0, 0.122183), (0.902938, 0, 0.429772), (0.992508, 0, 0.122183), (0.902938, 0, 0.429772), (0.902938, 0, 0.429772), (0.8, 0, 0.6), (0.902938, 0, 0.429772), (0.8, 0, 0.6), (0.902938, 0, 0.429772), (0.8, 0, 0.6), (-0.8, 0, 0.6), (-0.902938, 0, 0.429772), (-0.8, 0, 0.6), (-0.902938, 0, 0.429772), (-0.8, 0, 0.6), (-0.902938, 0, 0.429772), (-0.902938, 0, 0.429772), (-0.992508, 0, 0.122183), (-0.902938, 0, 0.429772), (-0.992508, 0, 0.122183), (-0.902938, 0, 0.429772), (-0.992508, 0, 0.122183), (0.998139, 0.0588988, -0.0157819), (0.705791, -0.123773, -0.697524), (0.705791, -0.123773, -0.697524), (0.705791, -0.123773, -0.697524), (0.998139, 0.0588988, -0.0157819), (0.998139, 0.0588988, -0.0157819), (0.705791, 0.241571, 0.66596), (0, 0.317236, 0.948347), (0.705791, 0.241571, 0.66596), (0, 0.317236, 0.948347), (0.705791, 0.241571, 0.66596), (0, 0.317236, 0.948347), (0, 0.317236, 0.948347), (-0.705791, 0.241571, 0.66596), (-0.705791, 0.241571, 0.66596), (-0.705791, 0.241571, 0.66596), (0, 0.317236, 0.948347), (0, 0.317236, 0.948347), (-0.998139, 0.0588988, -0.0157819), (-0.705791, 0.241571, 0.66596), (-0.998139, 0.0588988, -0.0157819), (-0.705791, 0.241571, 0.66596), (-0.998139, 0.0588988, -0.0157819), (-0.705791, 0.241571, 0.66596), (-0.705791, -0.123773, -0.697524), (0, -0.199439, -0.97991), (0, -0.199439, -0.97991), (0, -0.199439, -0.97991), (-0.705791, -0.123773, -0.697524), (-0.705791, -0.123773, -0.697524), (0, -0.199439, -0.97991), (0.705791, -0.123773, -0.697524), (0, -0.199439, -0.97991), (0.705791, -0.123773, -0.697524), (0, -0.199439, -0.97991), (0.705791, -0.123773, -0.697524), (-0.705791, -0.123773, -0.697524), (-0.998139, 0.0588988, -0.0157819), (-0.705791, -0.123773, -0.697524), (-0.998139, 0.0588988, -0.0157819), (-0.705791, -0.123773, -0.697524), (-0.998139, 0.0588988, -0.0157819), (0.705791, 0.241571, 0.66596), (0.998139, 0.0588988, -0.0157819), (0.998139, 0.0588988, -0.0157819), (0.998139, 0.0588988, -0.0157819), (0.705791, 0.241571, 0.66596), (0.705791, 0.241571, 0.66596), (0.998139, 0.0588988, -0.0157819), (0.705791, -0.123773, -0.697524), (0.705791, -0.123773, -0.697524), (0.705791, -0.123773, -0.697524), (0.998139, 0.0588988, -0.0157819), (0.998139, 0.0588988, -0.0157819), (0.705791, 0.241571, 0.66596), (0, 0.317236, 0.948347), (0.705791, 0.241571, 0.66596), (0, 0.317236, 0.948347), (0.705791, 0.241571, 0.66596), (0, 0.317236, 0.948347), (0, 0.317236, 0.948347), (-0.705791, 0.241571, 0.66596), (-0.705791, 0.241571, 0.66596), (-0.705791, 0.241571, 0.66596), (0, 0.317236, 0.948347), (0, 0.317236, 0.948347), (-0.998139, 0.0588988, -0.0157819), (-0.705791, 0.241571, 0.66596), (-0.998139, 0.0588988, -0.0157819), (-0.705791, 0.241571, 0.66596), (-0.998139, 0.0588988, -0.0157819), (-0.705791, 0.241571, 0.66596), (-0.705791, -0.123773, -0.697524), (0, -0.199439, -0.97991), (0, -0.199439, -0.97991), (0, -0.199439, -0.97991), (-0.705791, -0.123773, -0.697524), (-0.705791, -0.123773, -0.697524), (0, -0.199439, -0.97991), (0.705791, -0.123773, -0.697524), (0, -0.199439, -0.97991), (0.705791, -0.123773, -0.697524), (0, -0.199439, -0.97991), (0.705791, -0.123773, -0.697524), (-0.705791, -0.123773, -0.697524), (-0.998139, 0.0588988, -0.0157819), (-0.705791, -0.123773, -0.697524), (-0.998139, 0.0588988, -0.0157819), (-0.705791, -0.123773, -0.697524), (-0.998139, 0.0588988, -0.0157819), (0.705791, 0.241571, 0.66596), (0.998139, 0.0588988, -0.0157819), (0.998139, 0.0588988, -0.0157819), (0.998139, 0.0588988, -0.0157819), (0.705791, 0.241571, 0.66596), (0.705791, 0.241571, 0.66596), (0.998139, 0.0588988, -0.0157819), (0.705791, -0.123773, -0.697524), (0.705791, -0.123773, -0.697524), (0.705791, -0.123773, -0.697524), (0.998139, 0.0588988, -0.0157819), (0.998139, 0.0588988, -0.0157819), (0.705791, 0.241571, 0.66596), (0, 0.317236, 0.948347), (0.705791, 0.241571, 0.66596), (0, 0.317236, 0.948347), (0.705791, 0.241571, 0.66596), (0, 0.317236, 0.948347), (0, 0.317236, 0.948347), (-0.705791, 0.241571, 0.66596), (-0.705791, 0.241571, 0.66596), (-0.705791, 0.241571, 0.66596), (0, 0.317236, 0.948347), (0, 0.317236, 0.948347), (-0.998139, 0.0588988, -0.0157819), (-0.705791, 0.241571, 0.66596), (-0.998139, 0.0588988, -0.0157819), (-0.705791, 0.241571, 0.66596), (-0.998139, 0.0588988, -0.0157819), (-0.705791, 0.241571, 0.66596), (-0.705791, -0.123773, -0.697524), (0, -0.199439, -0.97991), (0, -0.199439, -0.97991), (0, -0.199439, -0.97991), (-0.705791, -0.123773, -0.697524), (-0.705791, -0.123773, -0.697524), (0, -0.199439, -0.97991), (0.705791, -0.123773, -0.697524), (0, -0.199439, -0.97991), (0.705791, -0.123773, -0.697524), (0, -0.199439, -0.97991), (0.705791, -0.123773, -0.697524), (-0.705791, -0.123773, -0.697524), (-0.998139, 0.0588988, -0.0157819), (-0.705791, -0.123773, -0.697524), (-0.998139, 0.0588988, -0.0157819), (-0.705791, -0.123773, -0.697524), (-0.998139, 0.0588988, -0.0157819), (0.705791, 0.241571, 0.66596), (0.998139, 0.0588988, -0.0157819), (0.998139, 0.0588988, -0.0157819), (0.998139, 0.0588988, -0.0157819), (0.705791, 0.241571, 0.66596), (0.705791, 0.241571, 0.66596), (0.998139, 0.0588988, -0.0157819), (0.705791, -0.123773, -0.697524), (0.705791, -0.123773, -0.697524), (0.705791, -0.123773, -0.697524), (0.998139, 0.0588988, -0.0157819), (0.998139, 0.0588988, -0.0157819), (0.705791, 0.241571, 0.66596), (0, 0.317236, 0.948347), (0.705791, 0.241571, 0.66596), (0, 0.317236, 0.948347), (0.705791, 0.241571, 0.66596), (0, 0.317236, 0.948347), (0, 0.317236, 0.948347), (-0.705791, 0.241571, 0.66596), (-0.705791, 0.241571, 0.66596), (-0.705791, 0.241571, 0.66596), (0, 0.317236, 0.948347), (0, 0.317236, 0.948347), (-0.998139, 0.0588988, -0.0157819), (-0.705791, 0.241571, 0.66596), (-0.998139, 0.0588988, -0.0157819), (-0.705791, 0.241571, 0.66596), (-0.998139, 0.0588988, -0.0157819), (-0.705791, 0.241571, 0.66596), (-0.705791, -0.123773, -0.697524), (0, -0.199439, -0.97991), (0, -0.199439, -0.97991), (0, -0.199439, -0.97991), (-0.705791, -0.123773, -0.697524), (-0.705791, -0.123773, -0.697524), (0, -0.199439, -0.97991), (0.705791, -0.123773, -0.697524), (0, -0.199439, -0.97991), (0.705791, -0.123773, -0.697524), (0, -0.199439, -0.97991), (0.705791, -0.123773, -0.697524), (-0.705791, -0.123773, -0.697524), (-0.998139, 0.0588988, -0.0157819), (-0.705791, -0.123773, -0.697524), (-0.998139, 0.0588988, -0.0157819), (-0.705791, -0.123773, -0.697524), (-0.998139, 0.0588988, -0.0157819), (0.705791, 0.241571, 0.66596), (0.998139, 0.0588988, -0.0157819), (0.998139, 0.0588988, -0.0157819), (0.998139, 0.0588988, -0.0157819), (0.705791, 0.241571, 0.66596), (0.705791, 0.241571, 0.66596), (0.724172, 0.230305, 0.650026), (1, 0, 0), (1, 0, 0), (1, 0, 0), (0.724172, 0.230305, 0.650026), (0.68871, 0.242133, 0.683411), (0, -0.965926, 0.258819), (0, -0.965926, 0.258819), (0, -0.965926, 0.258819), (0, -0.965926, 0.258819), (0, -0.965926, 0.258819), (0, -0.965926, 0.258819), (0.724172, 0.230305, 0.650026), (-0.68871, 0.242133, 0.683411), (0.68871, 0.242133, 0.683411), (-0.68871, 0.242133, 0.683411), (0.724172, 0.230305, 0.650026), (-0.724172, 0.230305, 0.650026), (-1, 0, 0), (-0.724172, 0.230305, 0.650026), (-1, 0, 0), (-0.724172, 0.230305, 0.650026), (-1, 0, 0), (-0.68871, 0.242133, 0.683411), (0, 0.965926, -0.258819), (0, 0.965926, -0.258819), (0, 0.965926, -0.258819), (0, 0.965926, -0.258819), (0, 0.965926, -0.258819), (0, 0.965926, -0.258819), (0, -0.258819, -0.965926), (0, -0.258819, -0.965926), (0, -0.258819, -0.965926), (0, -0.258819, -0.965926), (0, -0.258819, -0.965926), (0, -0.258819, -0.965926), (0.724172, 0.230305, 0.650026), (1, 0, 0), (1, 0, 0), (1, 0, 0), (0.724172, 0.230305, 0.650026), (0.68871, 0.242133, 0.683411), (0, -0.965926, 0.258819), (0, -0.965926, 0.258819), (0, -0.965926, 0.258819), (0, -0.965926, 0.258819), (0, -0.965926, 0.258819), (0, -0.965926, 0.258819), (0.724172, 0.230305, 0.650026), (-0.68871, 0.242133, 0.683411), (0.68871, 0.242133, 0.683411), (-0.68871, 0.242133, 0.683411), (0.724172, 0.230305, 0.650026), (-0.724172, 0.230305, 0.650026), (-1, 0, 0), (-0.724172, 0.230305, 0.650026), (-1, 0, 0), (-0.724172, 0.230305, 0.650026), (-1, 0, 0), (-0.68871, 0.242133, 0.683411), (0, 0.965926, -0.258819), (0, 0.965926, -0.258819), (0, 0.965926, -0.258819), (0, 0.965926, -0.258819), (0, 0.965926, -0.258819), (0, 0.965926, -0.258819), (0, -0.258819, -0.965926), (0, -0.258819, -0.965926), (0, -0.258819, -0.965926), (0, -0.258819, -0.965926), (0, -0.258819, -0.965926), (0, -0.258819, -0.965926), (0.724172, 0.230305, 0.650026), (1, 0, 0), (1, 0, 0), (1, 0, 0), (0.724172, 0.230305, 0.650026), (0.68871, 0.242133, 0.683411), (0, -0.965926, 0.258819), (0, -0.965926, 0.258819), (0, -0.965926, 0.258819), (0, -0.965926, 0.258819), (0, -0.965926, 0.258819), (0, -0.965926, 0.258819), (0.724172, 0.230305, 0.650026), (-0.68871, 0.242133, 0.683411), (0.68871, 0.242133, 0.683411), (-0.68871, 0.242133, 0.683411), (0.724172, 0.230305, 0.650026), (-0.724172, 0.230305, 0.650026), (-1, 0, 0), (-0.724172, 0.230305, 0.650026), (-1, 0, 0), (-0.724172, 0.230305, 0.650026), (-1, 0, 0), (-0.68871, 0.242133, 0.683411), (0, 0.965926, -0.258819), (0, 0.965926, -0.258819), (0, 0.965926, -0.258819), (0, 0.965926, -0.258819), (0, 0.965926, -0.258819), (0, 0.965926, -0.258819), (0, -0.258819, -0.965926), (0, -0.258819, -0.965926), (0, -0.258819, -0.965926), (0, -0.258819, -0.965926), (0, -0.258819, -0.965926), (0, -0.258819, -0.965926), (0.724172, 0.230305, 0.650026), (1, 0, 0), (1, 0, 0), (1, 0, 0), (0.724172, 0.230305, 0.650026), (0.68871, 0.242133, 0.683411), (0, -0.965926, 0.258819), (0, -0.965926, 0.258819), (0, -0.965926, 0.258819), (0, -0.965926, 0.258819), (0, -0.965926, 0.258819), (0, -0.965926, 0.258819), (0.724172, 0.230305, 0.650026), (-0.68871, 0.242133, 0.683411), (0.68871, 0.242133, 0.683411), (-0.68871, 0.242133, 0.683411), (0.724172, 0.230305, 0.650026), (-0.724172, 0.230305, 0.650026), (-1, 0, 0), (-0.724172, 0.230305, 0.650026), (-1, 0, 0), (-0.724172, 0.230305, 0.650026), (-1, 0, 0), (-0.68871, 0.242133, 0.683411), (0, 0.965926, -0.258819), (0, 0.965926, -0.258819), (0, 0.965926, -0.258819), (0, 0.965926, -0.258819), (0, 0.965926, -0.258819), (0, 0.965926, -0.258819), (0, -0.258819, -0.965926), (0, -0.258819, -0.965926), (0, -0.258819, -0.965926), (0, -0.258819, -0.965926), (0, -0.258819, -0.965926), (0, -0.258819, -0.965926), (-0.944184, -0.256547, -0.206642), (-0.867761, -0.0862452, -0.489441), (-0.940721, -0.282216, -0.188144), (-0.769388, 0.129481, -0.625521), (-0.819342, 0.294963, -0.491605), (-0.867761, -0.0862452, -0.489441), (0.821252, -0.198124, -0.535062), (0.941823, -0.256018, -0.21777), (0.874971, -0.0744821, -0.478413), (0.769389, 0.129481, -0.62552), (0.874971, -0.0744821, -0.478413), (0.819342, 0.294963, -0.491605), (-0.8167, -0.183758, -0.547023), (-0.867761, -0.0862452, -0.489441), (-0.944184, -0.256547, -0.206642), (-0.769388, 0.129481, -0.625521), (-0.867761, -0.0862452, -0.489441), (-0.8167, -0.183758, -0.547023), (0.931493, -0.279448, -0.232873), (0.941823, -0.256018, -0.21777), (0.821252, -0.198124, -0.535062), (0.821252, -0.198124, -0.535062), (0.874971, -0.0744821, -0.478413), (0.769389, 0.129481, -0.62552), (0, -1, 0), (0, -1, 0), (0, -1, 0), (0, -1, 0), (0, -1, 0), (0, -1, 0), (0, -1, 0), (0, -1, 0), (0, -1, 0), (-0.382683, 0, -0.92388), (0.382684, 0, -0.92388), (0.382684, 0, -0.92388), (0.382684, 0, -0.92388), (-0.382683, 0, -0.92388), (-0.382683, 0, -0.92388), (0.382684, 0, -0.92388), (0.92388, 0, -0.382683), (0.382684, 0, -0.92388), (0.92388, 0, -0.382683), (0.382684, 0, -0.92388), (0.92388, 0, -0.382683), (0.382684, 0, -0.92388), (0.92388, 0, -0.382683), (0.382684, 0, -0.92388), (0.92388, 0, -0.382683), (0.382684, 0, -0.92388), (0.92388, 0, -0.382683), (-0.92388, 0, 0.382683), (-0.92388, 0, -0.382684), (-0.92388, 0, 0.382683), (-0.92388, 0, -0.382684), (-0.92388, 0, 0.382683), (-0.92388, 0, -0.382684), (-0.382684, 0, 0.92388), (0.382683, 0, 0.92388), (0.382683, 0, 0.92388), (0.382683, 0, 0.92388), (-0.382684, 0, 0.92388), (-0.382684, 0, 0.92388), (0.92388, 0, -0.382683), (0.92388, 0, 0.382684), (0.92388, 0, -0.382683), (0.92388, 0, 0.382684), (0.92388, 0, -0.382683), (0.92388, 0, 0.382684), (-0.382684, 0, 0.92388), (-0.92388, 0, 0.382683), (-0.382684, 0, 0.92388), (-0.92388, 0, 0.382683), (-0.382684, 0, 0.92388), (-0.92388, 0, 0.382683), (0, -1, 0), (0, -1, 0), (0, -1, 0), (0, -1, 0), (0, -1, 0), (0, -1, 0), (0, -1, 0), (0, -1, 0), (0, -1, 0), (0, -1, 0), (0, -1, 0), (0, -1, 0), (0, -1, 0), (0, -1, 0), (0, -1, 0), (0, -1, 0), (0, -1, 0), (0, -1, 0), (0, -1, 0), (0, -1, 0), (0, -1, 0), (0, -1, 0), (0, -1, 0), (0, -1, 0), (0, -1, 0), (0, -1, 0), (0, -1, 0), (0, -1, 0), (0, -1, 0), (0, -1, 0), (0, -1, 0), (0, -1, 0), (0, -1, 0), (0, -1, 0), (0, -1, 0), (0, -1, 0), (-0.382683, 0, -0.92388), (0.382684, 0, -0.92388), (0.382684, 0, -0.92388), (0.382684, 0, -0.92388), (-0.382683, 0, -0.92388), (-0.382683, 0, -0.92388), (-0.382684, 0, 0.92388), (0.382683, 0, 0.92388), (0.382683, 0, 0.92388), (0.382683, 0, 0.92388), (-0.382684, 0, 0.92388), (-0.382684, 0, 0.92388), (0.92388, 0, -0.382683), (0.92388, 0, 0.382684), (0.92388, 0, -0.382683), (0.92388, 0, 0.382684), (0.92388, 0, -0.382683), (0.92388, 0, 0.382684), (0, 1, 0), (0, 1, 0), (0, 1, 0), (0, 1, 0), (0, 1, 0), (0, 1, 0), (0, 1, 0), (0, 1, 0), (0, 1, 0), (0, 1, 0), (0, 1, 0), (0, 1, 0), (0, 1, 0), (0, 1, 0), (0, 1, 0), (0, 1, 0), (0, 1, 0), (0, 1, 0), (-0.382684, 0, 0.92388), (-0.92388, 0, 0.382683), (-0.382684, 0, 0.92388), (-0.92388, 0, 0.382683), (-0.382684, 0, 0.92388), (-0.92388, 0, 0.382683), (0.382683, 0, 0.92388), (0.92388, 0, 0.382684), (0.92388, 0, 0.382684), (0.92388, 0, 0.382684), (0.382683, 0, 0.92388), (0.382683, 0, 0.92388), (0, 1, 0), (0, 1, 0), (0, 1, 0), (0, 1, 0), (0, 1, 0), (0, 1, 0), (0, 1, 0), (0, 1, 0), (0, 1, 0), (0, 1, 0), (0, 1, 0), (0, 1, 0), (0, 1, 0), (0, 1, 0), (0, 1, 0), (0, 1, 0), (0, 1, 0), (0, 1, 0), (-0.92388, 0, -0.382684), (-0.382683, 0, -0.92388), (-0.382683, 0, -0.92388), (-0.382683, 0, -0.92388), (-0.92388, 0, -0.382684), (-0.92388, 0, -0.382684), (0.382683, 0, 0.92388), (0.92388, 0, 0.382684), (0.92388, 0, 0.382684), (0.92388, 0, 0.382684), (0.382683, 0, 0.92388), (0.382683, 0, 0.92388), (-0.92388, 0, -0.382684), (-0.382683, 0, -0.92388), (-0.382683, 0, -0.92388), (-0.382683, 0, -0.92388), (-0.92388, 0, -0.382684), (-0.92388, 0, -0.382684), (-0.92388, 0, 0.382683), (-0.92388, 0, -0.382684), (-0.92388, 0, 0.382683), (-0.92388, 0, -0.382684), (-0.92388, 0, 0.382683), (-0.92388, 0, -0.382684), (0.957887, 0, 0.287145), (0.957887, 0, -0.287145), (0.957887, 0, 0.287145), (0.957887, 0, -0.287145), (0.957887, 0, 0.287145), (0.957887, 0, -0.287145), (-0.957887, 0, -0.287145), (-0.957887, 0, 0.287145), (-0.957887, 0, -0.287145), (-0.957887, 0, 0.287145), (-0.957887, 0, -0.287145), (-0.957887, 0, 0.287145), (0.957887, 0, 0.287145), (0.957887, 0, -0.287145), (0.957887, 0, 0.287145), (0.957887, 0, -0.287145), (0.957887, 0, 0.287145), (0.957887, 0, -0.287145), (-0.957887, 0, -0.287145), (-0.957887, 0, 0.287145), (-0.957887, 0, -0.287145), (-0.957887, 0, 0.287145), (-0.957887, 0, -0.287145), (-0.957887, 0, 0.287145), (0.957887, 0, -0.287145), (0.835095, 0, -0.550105), (0.957887, 0, -0.287145), (0.835095, 0, -0.550105), (0.957887, 0, -0.287145), (0.957887, 0, -0.287145), (0.957887, 0, -0.287145), (0.957887, 0, -0.287145), (0.957887, 0, -0.287145), (0.957887, 0, -0.287145), (0.957887, 0, -0.287145), (0.835095, 0, -0.550105), (-0.957887, 0, 0.287145), (-0.835095, 0, 0.550105), (-0.957887, 0, 0.287145), (-0.957887, 0, 0.287145), (-0.957887, 0, 0.287145), (-0.835095, 0, 0.550105), (-0.957887, 0, 0.287145), (-0.957887, 0, 0.287145), (-0.957887, 0, 0.287145), (-0.835095, 0, 0.550105), (-0.957887, 0, 0.287145), (-0.957887, 0, 0.287145), (0.957887, 0, -0.287145), (0.957887, 0, 0.287145), (0.957887, 0, -0.287145), (0.957887, 0, 0.287145), (0.957887, 0, -0.287145), (0.957887, 0, 0.287145), (-0.957887, 0, 0.287145), (-0.957887, 0, -0.287145), (-0.957887, 0, 0.287145), (-0.957887, 0, -0.287145), (-0.957887, 0, 0.287145), (-0.957887, 0, -0.287145), (0.957887, 0, -0.287145), (0.835095, 0, -0.550105), (0.957887, 0, -0.287145), (0.835095, 0, -0.550105), (0.957887, 0, -0.287145), (0.835095, 0, -0.550105), (-0.957887, 0, 0.287145), (-0.835095, 0, 0.550105), (-0.957887, 0, 0.287145), (-0.835095, 0, 0.550105), (-0.957887, 0, 0.287145), (-0.835095, 0, 0.550105), (0.957887, 0, 0.287145), (0.957887, 0, 0.287145), (0.957887, 0, 0.287145), (0.957887, 0, 0.287145), (0.957887, 0, 0.287145), (0.957887, 0, 0.287145), (-0.957887, 0, -0.287145), (-0.957887, 0, -0.287145), (-0.957887, 0, -0.287145), (-0.957887, 0, -0.287145), (-0.957887, 0, -0.287145), (-0.957887, 0, -0.287145), (0.835095, 0, 0.550106), (0.957887, 0, 0.287145), (0.835095, 0, 0.550106), (0.957887, 0, 0.287145), (0.835095, 0, 0.550106), (0.957887, 0, 0.287145), (-0.835095, 0, -0.550106), (-0.957887, 0, -0.287145), (-0.835095, 0, -0.550106), (-0.957887, 0, -0.287145), (-0.835095, 0, -0.550106), (-0.957887, 0, -0.287145), (5.60985e-08, -0.882353, 0.470588), (2.0871e-08, -0.984554, 0.175078), (2.0871e-08, -0.984554, 0.175078), (0.892871, -0.191577, 0.40753), (0.802435, -0.0637905, 0.593321), (0.903171, -0.224649, 0.365807), (0.8, 0, 0.6), (0.802435, -0.0637905, 0.593321), (0.892871, -0.191577, 0.40753), (-0.894142, -0.210596, 0.39517), (-0.945074, -0.248177, 0.212705), (-0.91243, -0.205297, 0.354013), (-0.931493, -0.279448, 0.232873), (-0.945074, -0.248177, 0.212705), (-0.894142, -0.210596, 0.39517), (0.945086, -0.248312, 0.212493), (0.903171, -0.224649, 0.365807), (0.940721, -0.282216, 0.188144), (0.892871, -0.191577, 0.40753), (0.903171, -0.224649, 0.365807), (0.945086, -0.248312, 0.212493), (-0.894142, -0.210596, 0.39517), (-0.91243, -0.205297, 0.354013), (-0.802435, -0.0637905, 0.593321), (-0.894142, -0.210596, 0.39517), (-0.802435, -0.0637905, 0.593321), (-0.8, 0, 0.6), (2.0871e-08, -0.984554, 0.175078), (0, -1, 0), (0, -1, 0), (0, -1, 0), (2.0871e-08, -0.984554, 0.175078), (2.0871e-08, -0.984554, 0.175078), (0, -1, 0), (0, -1, 0), (0, -1, 0), (0, -1, 0), (0, -1, 0), (0, -1, 0), (-0.957826, -0.287348, -1.14182e-07), (-0.957826, -0.287348, -1.14182e-07), (-0.957826, -0.287348, -1.14182e-07), (-0.957826, -0.287348, -1.14182e-07), (-0.957826, -0.287348, -1.14182e-07), (-0.957826, -0.287348, -1.14182e-07), (0.957826, -0.287348, 1.14182e-07), (0.957826, -0.287348, 1.14182e-07), (0.957826, -0.287348, 1.14182e-07), (0.957826, -0.287348, 1.14182e-07), (0.957826, -0.287348, 1.14182e-07), (0.957826, -0.287348, 1.14182e-07), (0.957887, 0, 0.287145), (0.957887, 0, 0.287145), (0.957887, 0, 0.287145), (0.957887, 0, 0.287145), (0.957887, 0, 0.287145), (0.957887, 0, 0.287145), (-0.957887, 0, -0.287145), (-0.957887, 0, -0.287145), (-0.957887, 0, -0.287145), (-0.957887, 0, -0.287145), (-0.957887, 0, -0.287145), (-0.957887, 0, -0.287145), (0.835095, 0, -0.550105), (0.957887, 0, -0.287145), (0.957887, 0, -0.287145), (0.957887, 0, -0.287145), (0.835095, 0, -0.550105), (0.835095, 0, -0.550105), (0.835095, 0, -0.550105), (0.835095, 0, -0.550105), (0.957887, 0, -0.287145), (0.835095, 0, -0.550105), (0.957887, 0, -0.287145), (0.957887, 0, -0.287145), (-0.957887, 0, 0.287145), (-0.957887, 0, 0.287145), (-0.835095, 0, 0.550105), (-0.835095, 0, 0.550105), (-0.835095, 0, 0.550105), (-0.957887, 0, 0.287145), (-0.957887, 0, 0.287145), (-0.835095, 0, 0.550105), (-0.835095, 0, 0.550105), (-0.957887, 0, 0.287145), (-0.957887, 0, 0.287145), (-0.835095, 0, 0.550105), (0.957887, 0, -0.287145), (0.957887, 0, 0.287145), (0.957887, 0, 0.287145), (0.957887, 0, 0.287145), (0.957887, 0, -0.287145), (0.957887, 0, -0.287145), (-0.957887, 0, -0.287145), (-0.957887, 0, -0.287145), (-0.957887, 0, 0.287145), (-0.957887, 0, 0.287145), (-0.957887, 0, 0.287145), (-0.957887, 0, -0.287145), (0.957887, 0, 0.287145), (0.957887, 0, -0.287145), (0.957887, 0, -0.287145), (0.957887, 0, -0.287145), (0.957887, 0, 0.287145), (0.957887, 0, 0.287145), (-0.957887, 0, 0.287145), (-0.957887, 0, 0.287145), (-0.957887, 0, -0.287145), (-0.957887, 0, -0.287145), (-0.957887, 0, -0.287145), (-0.957887, 0, 0.287145), (0.835095, 0, -0.550105), (0.957887, 0, -0.287145), (0.957887, 0, -0.287145), (0.957887, 0, -0.287145), (0.835095, 0, -0.550105), (0.835095, 0, -0.550105), (-0.957887, 0, 0.287145), (-0.957887, 0, 0.287145), (-0.835095, 0, 0.550105), (-0.835095, 0, 0.550105), (-0.835095, 0, 0.550105), (-0.957887, 0, 0.287145), (0.957887, 0, 0.287145), (0.835095, 0, 0.550105), (0.835095, 0, 0.550105), (0.835095, 0, 0.550105), (0.957887, 0, 0.287145), (0.957887, 0, 0.287145), (-0.835095, 0, -0.550105), (-0.835095, 0, -0.550105), (-0.957887, 0, -0.287145), (-0.957887, 0, -0.287145), (-0.957887, 0, -0.287145), (-0.835095, 0, -0.550105), (0.957887, 0, -0.287145), (0.957887, 0, 0.287145), (0.957887, 0, 0.287145), (0.957887, 0, 0.287145), (0.957887, 0, -0.287145), (0.957887, 0, -0.287145), (-0.957887, 0, -0.287145), (-0.957887, 0, -0.287145), (-0.957887, 0, 0.287145), (-0.957887, 0, 0.287145), (-0.957887, 0, 0.287145), (-0.957887, 0, -0.287145), (0.382683, 0, 0.923879), (0.923879, 0, 0.382683), (0.923879, 0, 0.382683), (0.923879, 0, 0.382683), (0.382683, 0, 0.923879), (0.382683, 0, 0.923879), (-0.382683, 0, -0.923879), (0.382683, 0, -0.923879), (-0.382683, 0, -0.923879), (0.382683, 0, -0.923879), (-0.382683, 0, -0.923879), (0.382683, 0, -0.923879), (0, 1, 0), (0, 1, 0), (0, 1, 0), (0, 1, 0), (0, 1, 0), (0, 1, 0), (0, 1, 0), (0, 1, 0), (0, 1, 0), (0, 1, 0), (0, 1, 0), (0, 1, 0), (0, 1, 0), (0, 1, 0), (0, 1, 0), (0, 1, 0), (0, 1, 0), (0, 1, 0), (0, -1, 0), (0, -1, 0), (0, -1, 0), (0, -1, 0), (0, -1, 0), (0, -1, 0), (0, -1, 0), (0, -1, 0), (0, -1, 0), (0, -1, 0), (0, -1, 0), (0, -1, 0), (0, -1, 0), (0, -1, 0), (0, -1, 0), (0, -1, 0), (0, -1, 0), (0, -1, 0), (0, -1, 0), (0, -1, 0), (0, -1, 0), (0, -1, 0), (0, -1, 0), (0, -1, 0), (0, -1, 0), (0, -1, 0), (0, -1, 0), (0, -1, 0), (0, -1, 0), (0, -1, 0), (0, -1, 0), (0, -1, 0), (0, -1, 0), (0, -1, 0), (0, -1, 0), (0, -1, 0), (-0.382683, 0, -0.923879), (0.382683, 0, -0.923879), (-0.382683, 0, -0.923879), (0.382683, 0, -0.923879), (-0.382683, 0, -0.923879), (0.382683, 0, -0.923879), (0.923879, 0, 0.382683), (0.923879, 0, -0.382683), (0.923879, 0, -0.382683), (0.923879, 0, -0.382683), (0.923879, 0, 0.382683), (0.923879, 0, 0.382683), (0.382683, 0, 0.923879), (-0.382683, 0, 0.923879), (0.382683, 0, 0.923879), (-0.382683, 0, 0.923879), (0.382683, 0, 0.923879), (-0.382683, 0, 0.923879), (0.923879, 0, -0.382683), (0.382683, 0, -0.923879), (0.382683, 0, -0.923879), (0.382683, 0, -0.923879), (0.923879, 0, -0.382683), (0.923879, 0, -0.382683), (-0.923879, 0, 0.382683), (-0.923879, 0, -0.382683), (-0.923879, 0, -0.382683), (-0.923879, 0, -0.382683), (-0.923879, 0, 0.382683), (-0.923879, 0, 0.382683), (-0.382683, 0, 0.923879), (-0.923879, 0, 0.382683), (-0.382683, 0, 0.923879), (-0.923879, 0, 0.382683), (-0.382683, 0, 0.923879), (-0.923879, 0, 0.382683), (0, 1, 0), (0, 1, 0), (0, 1, 0), (0, 1, 0), (0, 1, 0), (0, 1, 0), (0, 1, 0), (0, 1, 0), (0, 1, 0), (0, 1, 0), (0, 1, 0), (0, 1, 0), (0, 1, 0), (0, 1, 0), (0, 1, 0), (0, 1, 0), (0, 1, 0), (0, 1, 0), (-0.923879, 0, 0.382683), (-0.923879, 0, -0.382683), (-0.923879, 0, -0.382683), (-0.923879, 0, -0.382683), (-0.923879, 0, 0.382683), (-0.923879, 0, 0.382683), (0.382683, 0, 0.923879), (-0.382683, 0, 0.923879), (0.382683, 0, 0.923879), (-0.382683, 0, 0.923879), (0.382683, 0, 0.923879), (-0.382683, 0, 0.923879), (0.923879, 0, 0.382683), (0.923879, 0, -0.382683), (0.923879, 0, -0.382683), (0.923879, 0, -0.382683), (0.923879, 0, 0.382683), (0.923879, 0, 0.382683), (-0.923879, 0, -0.382683), (-0.382683, 0, -0.923879), (-0.923879, 0, -0.382683), (-0.382683, 0, -0.923879), (-0.923879, 0, -0.382683), (-0.382683, 0, -0.923879), (0.923879, 0, -0.382683), (0.382683, 0, -0.923879), (0.382683, 0, -0.923879), (0.382683, 0, -0.923879), (0.923879, 0, -0.382683), (0.923879, 0, -0.382683), (-0.923879, 0, -0.382683), (-0.382683, 0, -0.923879), (-0.923879, 0, -0.382683), (-0.382683, 0, -0.923879), (-0.923879, 0, -0.382683), (-0.382683, 0, -0.923879), (0.382683, 0, 0.923879), (0.923879, 0, 0.382683), (0.923879, 0, 0.382683), (0.923879, 0, 0.382683), (0.382683, 0, 0.923879), (0.382683, 0, 0.923879), (-0.382683, 0, 0.923879), (-0.923879, 0, 0.382683), (-0.382683, 0, 0.923879), (-0.923879, 0, 0.382683), (-0.382683, 0, 0.923879), (-0.923879, 0, 0.382683), (-1.19209e-07, 0, 1), (-1.19209e-07, 0, 1), (-1.19209e-07, 0, 1), (-1.19209e-07, 0, 1), (-1.19209e-07, 0, 1), (-1.19209e-07, 0, 1), (-1.19209e-07, 0, 1), (-1.10854e-07, 0.367792, 0.929908), (-1.19209e-07, 0, 1), (-1.19209e-07, 0, 1), (-1.10854e-07, 0.367792, 0.929908), (-1.19209e-07, 0, 1), (-1.10854e-07, 0.367792, 0.929908), (-1.19209e-07, 0, 1), (-1.09443e-07, 0.396415, 0.918072), (-1.19209e-07, 0, 1), (-1.09443e-07, 0.396415, 0.918072), (-1.19209e-07, 0, 1), (-1.19209e-07, 0, 1), (-1.09443e-07, 0.396415, 0.918072), (-1.19209e-07, 0, 1), (-1.09443e-07, 0.396415, 0.918072), (-1.19209e-07, 0, 1), (-1.10854e-07, 0.367792, 0.929908), (0, 1, 0), (-4.15514e-08, 0.937287, 0.348558), (-4.97489e-08, 0.908758, 0.417324), (-4.15514e-08, 0.937287, 0.348558), (0, 1, 0), (0, 1, 0), (0, 1, 0), (0, 1, 0), (0, 1, 0), (0, 1, 0), (0, 1, 0), (0, 1, 0), (0, 1, 0), (0, 1, 0), (0, 1, 0), (0, 1, 0), (0, 1, 0), (0, 1, 0), (0, 1, 0), (-4.15514e-08, 0.937287, 0.348558), (0, 1, 0), (-4.15514e-08, 0.937287, 0.348558), (0, 1, 0), (-4.97489e-08, 0.908758, 0.417324), (-4.97489e-08, 0.908758, 0.417324), (-1.09443e-07, 0.396415, 0.918072), (-4.15514e-08, 0.937287, 0.348558), (-1.09443e-07, 0.396415, 0.918072), (-4.97489e-08, 0.908758, 0.417324), (-1.10854e-07, 0.367792, 0.929908), (-4.97489e-08, 0.908758, 0.417324), (-1.09443e-07, 0.396415, 0.918072), (-1.10854e-07, 0.367792, 0.929908), (-1.09443e-07, 0.396415, 0.918072), (-4.97489e-08, 0.908758, 0.417324), (-4.15514e-08, 0.937287, 0.348558), (0, 1, 0), (-3.47226e-08, 0.956639, -0.291274), (-4.58676e-08, 0.923014, -0.384765), (-3.47226e-08, 0.956639, -0.291274), (0, 1, 0), (0, 1, 0), (0, 1, 0), (0, 1, 0), (0, 1, 0), (0, 1, 0), (0, 1, 0), (0, 1, 0), (0, 1, 0), (0, 1, 0), (0, 1, 0), (0, 1, 0), (0, 1, 0), (0, 1, 0), (-4.58676e-08, 0.923014, -0.384765), (0, 1, 0), (0, 1, 0), (0, 1, 0), (-4.58676e-08, 0.923014, -0.384765), (-3.47226e-08, 0.956639, -0.291274), (-1.19209e-07, 0, -1), (-1.19209e-07, 0, -1), (-1.19209e-07, 0, -1), (-1.19209e-07, 0, -1), (-1.19209e-07, 0, -1), (-1.19209e-07, 0, -1), (-1.19209e-07, 0, -1), (-1.09454e-07, 0.396201, -0.918164), (-1.19209e-07, 0, -1), (-1.19209e-07, 0, -1), (-1.09454e-07, 0.396201, -0.918164), (-1.19209e-07, 0, -1), (-1.09454e-07, 0.396201, -0.918164), (-1.19209e-07, 0, -1), (-1.07676e-07, 0.429113, -0.903251), (-1.19209e-07, 0, -1), (-1.07676e-07, 0.429113, -0.903251), (-1.19209e-07, 0, -1), (-1.19209e-07, 0, -1), (-1.07676e-07, 0.429113, -0.903251), (-1.19209e-07, 0, -1), (-1.07676e-07, 0.429113, -0.903251), (-1.19209e-07, 0, -1), (-1.09454e-07, 0.396201, -0.918164), (-4.58676e-08, 0.923014, -0.384765), (-1.07676e-07, 0.429113, -0.903251), (-1.09454e-07, 0.396201, -0.918164), (-1.07676e-07, 0.429113, -0.903251), (-4.58676e-08, 0.923014, -0.384765), (-3.47226e-08, 0.956639, -0.291274), (-4.58676e-08, 0.923014, -0.384765), (-1.07676e-07, 0.429113, -0.903251), (-3.47226e-08, 0.956639, -0.291274), (-1.07676e-07, 0.429113, -0.903251), (-4.58676e-08, 0.923014, -0.384765), (-1.09454e-07, 0.396201, -0.918164), (0, 1, 0), (0, 1, 0), (0, 1, 0), (0, 1, 0), (0, 1, 0), (0, 1, 0), (0, 1, 0), (0, 1, 0), (0, 1, 0), (0, 1, 0), (0, 1, 0), (0, 1, 0), (0, 1, 0), (0, 1, 0), (0, 1, 0), (0, 1, 0), (0, 1, 0), (0, 1, 0), (0, 1, 0), (0, 1, 0), (0, 1, 0), (0, 1, 0), (0, 1, 0), (0, 1, 0), (0, 1, 0), (0, 1, 0), (0, 1, 0), (0, 1, 0), (0, 1, 0), (0, 1, 0), (-0.70695, 0.0210402, -0.70695), (0.70695, 0.0210402, -0.70695), (0.70695, 0.0210402, -0.70695), (0.70695, 0.0210402, -0.70695), (-0.70695, 0.0210402, -0.70695), (-0.70695, 0.0210402, -0.70695), (0.70695, 0.0210402, 0.70695), (-0.70695, 0.0210402, 0.70695), (0.70695, 0.0210402, 0.70695), (-0.70695, 0.0210402, 0.70695), (0.70695, 0.0210402, 0.70695), (-1.19196e-07, 0.0148793, 0.999889), (-0.70695, 0.0210402, 0.70695), (-1.19196e-07, 0.0148793, 0.999889), (-0.70695, 0.0210402, 0.70695), (-0.70695, 0.0210402, 0.70695), (-0.70695, 0.0210402, -0.70695), (-0.70695, 0.0210402, 0.70695), (-0.70695, 0.0210402, -0.70695), (-0.70695, 0.0210402, 0.70695), (-0.70695, 0.0210402, -0.70695), (0.70695, 0.0210402, -0.70695), (0.70695, 0.0210402, 0.70695), (0.70695, 0.0210402, -0.70695), (0.70695, 0.0210402, 0.70695), (0.70695, 0.0210402, -0.70695), (0.70695, 0.0210402, 0.70695), (-1.19209e-07, 0, 1), (-1.19209e-07, 0, 1), (-1.19209e-07, 0, 1), (-1.19209e-07, 0, 1), (-1.19209e-07, 0, 1), (-1.19209e-07, 0, 1), (1, 0, 1.19209e-07), (1, 0, 1.19209e-07), (1, 0, 1.19209e-07), (1, 0, 1.19209e-07), (1, 0, 1.19209e-07), (1, 0, 1.19209e-07), (-1, 0, -1.19209e-07), (-1, 0, -1.19209e-07), (-1, 0, -1.19209e-07), (-1, 0, -1.19209e-07), (-1, 0, -1.19209e-07), (-1, 0, -1.19209e-07), (1.19209e-07, 0, -1), (1.19209e-07, 0, -1), (1.19209e-07, 0, -1), (1.19209e-07, 0, -1), (1.19209e-07, 0, -1), (1.19209e-07, 0, -1), (0, 1, 0), (0, 1, 0), (0, 1, 0), (0, 1, 0), (0, 1, 0), (0, 1, 0), (1.19209e-07, 0, -1), (1.19209e-07, 0, -1), (1.19209e-07, 0, -1), (1.19209e-07, 0, -1), (1.19209e-07, 0, -1), (1.19209e-07, 0, -1), (-1, 0, -1.19209e-07), (-1, 0, -1.19209e-07), (-1, 0, -1.19209e-07), (-1, 0, -1.19209e-07), (-1, 0, -1.19209e-07), (-1, 0, -1.19209e-07), (-1.19209e-07, 0, 1), (-1.19209e-07, 0, 1), (-1.19209e-07, 0, 1), (-1.19209e-07, 0, 1), (-1.19209e-07, 0, 1), (-1.19209e-07, 0, 1), (1, 0, 1.19209e-07), (1, 0, 1.19209e-07), (1, 0, 1.19209e-07), (1, 0, 1.19209e-07), (1, 0, 1.19209e-07), (1, 0, 1.19209e-07), (0, 1, 0), (0, 1, 0), (0, 1, 0), (0, 1, 0), (0, 1, 0), (0, 1, 0), (0, 1, 0), (0, 1, 0), (0, 1, 0), (0, 1, 0), (0, 1, 0), (0, 1, 0), (0, 1, 0), (0, 1, 0), (0, 1, 0), (0, 1, 0), (0, 1, 0), (0, 1, 0), (0, 1, 0), (0, 1, 0), (0, 1, 0), (0, 1, 0), (0, 1, 0), (0, 1, 0), (0, 1, 0), (0, 1, 0), (0, 1, 0), (0, 1, 0), (0, 1, 0), (0, 1, 0), (0, 1, 0), (0, 1, 0), (0, 1, 0), (0, 1, 0), (0, 1, 0), (0, 1, 0), (0, 1, 0), (0, 1, 0), (0, 1, 0), (0, 1, 0), (0, 1, 0), (0, 1, 0), (-0.70695, 0.0210402, -0.70695), (0.70695, 0.0210402, -0.70695), (-0.70695, 0.0210402, -0.70695), (0.70695, 0.0210402, -0.70695), (-0.70695, 0.0210402, -0.70695), (0, 0.0148793, -0.999889), (0.70695, 0.0210402, -0.70695), (0.70695, 0.0210402, -0.70695), (0, 0.0148793, -0.999889), (0.70695, 0.0210402, -0.70695), (0.70695, 0.0210402, 0.70695), (0.70695, 0.0210402, -0.70695), (0.70695, 0.0210402, 0.70695), (0.70695, 0.0210402, -0.70695), (0.70695, 0.0210402, 0.70695), (-0.70695, 0.0210402, 0.70695), (-0.70695, 0.0210402, -0.70695), (-0.70695, 0.0210402, -0.70695), (-0.70695, 0.0210402, -0.70695), (-0.70695, 0.0210402, 0.70695), (-0.70695, 0.0210402, 0.70695), (0.70695, 0.0210402, 0.70695), (-0.70695, 0.0210402, 0.70695), (0.70695, 0.0210402, 0.70695), (-0.70695, 0.0210402, 0.70695), (0.70695, 0.0210402, 0.70695), (-0.70695, 0.0210402, 0.70695), (0.892275, 0.451491, 0), (0.786567, 0.511336, 0.346191), (0.892275, 0.451491, 0), (0.786567, 0.511336, 0.346191), (0.892275, 0.451491, 0), (0.823836, 0.488942, 0.286758), (0, 1, 0), (0, 1, 0), (0, 1, 0), (0, 1, 0), (0, 1, 0), (0, 1, 0), (0, 1, 0), (0, 1, 0), (0, 1, 0), (0, 1, 0), (0, 1, 0), (0, 1, 0), (0, 1, 0), (0, 1, 0), (0, 1, 0), (0, 1, 0), (0, 1, 0), (0, 1, 0), (0.823836, 0.488942, -0.286758), (0.892275, 0.451491, 0), (0.786567, 0.511336, -0.346191), (0.892275, 0.451491, 0), (0.823836, 0.488942, -0.286758), (0.892275, 0.451491, 0), (0.714811, 0.542542, -0.441241), (0.786567, 0.511336, -0.346191), (0.714811, 0.542542, -0.441241), (0.786567, 0.511336, -0.346191), (0.714811, 0.542542, -0.441241), (0.823836, 0.488942, -0.286758), (0.714811, 0.542542, 0.441241), (0.786567, 0.511336, 0.346191), (0.823836, 0.488942, 0.286758), (0.786567, 0.511336, 0.346191), (0.714811, 0.542542, 0.441241), (0.714811, 0.542542, 0.441241), (-0.786567, 0.511336, -0.346191), (-0.714811, 0.542542, -0.441241), (-0.714811, 0.542542, -0.441241), (-0.714811, 0.542542, -0.441241), (-0.786567, 0.511336, -0.346191), (-0.823836, 0.488942, -0.286758), (-0.892275, 0.451491, 0), (-0.823836, 0.488942, -0.286758), (-0.786567, 0.511336, -0.346191), (-0.823836, 0.488942, -0.286758), (-0.892275, 0.451491, 0), (-0.892275, 0.451491, 0), (-0.892275, 0.451491, 0), (-0.823836, 0.488942, 0.286758), (-0.892275, 0.451491, 0), (-0.823836, 0.488942, 0.286758), (-0.892275, 0.451491, 0), (-0.786567, 0.511336, 0.346191), (-0.786567, 0.511336, 0.346191), (-0.714811, 0.542542, 0.441241), (-0.823836, 0.488942, 0.286758), (-0.714811, 0.542542, 0.441241), (-0.786567, 0.511336, 0.346191), (-0.714811, 0.542542, 0.441241), (0.892275, 0.451491, 0), (0.786567, 0.511336, 0.346191), (0.892275, 0.451491, 0), (0.786567, 0.511336, 0.346191), (0.892275, 0.451491, 0), (0.823836, 0.488942, 0.286758), (0, 1, 0), (0, 1, 0), (0, 1, 0), (0, 1, 0), (0, 1, 0), (0, 1, 0), (0, 1, 0), (0, 1, 0), (0, 1, 0), (0, 1, 0), (0, 1, 0), (0, 1, 0), (0, 1, 0), (0, 1, 0), (0, 1, 0), (0, 1, 0), (0, 1, 0), (0, 1, 0), (0.823836, 0.488942, -0.286758), (0.892275, 0.451491, 0), (0.786567, 0.511336, -0.346191), (0.892275, 0.451491, 0), (0.823836, 0.488942, -0.286758), (0.892275, 0.451491, 0), (0.714811, 0.542542, -0.441241), (0.786567, 0.511336, -0.346191), (0.714811, 0.542542, -0.441241), (0.786567, 0.511336, -0.346191), (0.714811, 0.542542, -0.441241), (0.823836, 0.488942, -0.286758), (0.714811, 0.542542, 0.441241), (0.786567, 0.511336, 0.346191), (0.823836, 0.488942, 0.286758), (0.786567, 0.511336, 0.346191), (0.714811, 0.542542, 0.441241), (0.714811, 0.542542, 0.441241), (-0.786567, 0.511336, -0.346191), (-0.714811, 0.542542, -0.441241), (-0.714811, 0.542542, -0.441241), (-0.714811, 0.542542, -0.441241), (-0.786567, 0.511336, -0.346191), (-0.823836, 0.488942, -0.286758), (-0.892275, 0.451491, 0), (-0.823836, 0.488942, -0.286758), (-0.786567, 0.511336, -0.346191), (-0.823836, 0.488942, -0.286758), (-0.892275, 0.451491, 0), (-0.892275, 0.451491, 0), (-0.892275, 0.451491, 0), (-0.823836, 0.488942, 0.286758), (-0.892275, 0.451491, 0), (-0.823836, 0.488942, 0.286758), (-0.892275, 0.451491, 0), (-0.786567, 0.511336, 0.346191), (-0.786567, 0.511336, 0.346191), (-0.714811, 0.542542, 0.441241), (-0.823836, 0.488942, 0.286758), (-0.714811, 0.542542, 0.441241), (-0.786567, 0.511336, 0.346191), (-0.714811, 0.542542, 0.441241), (0.892275, 0.451491, 0), (0.786567, 0.511336, 0.346191), (0.892275, 0.451491, 0), (0.786567, 0.511336, 0.346191), (0.892275, 0.451491, 0), (0.823836, 0.488942, 0.286758), (0, 1, 0), (0, 1, 0), (0, 1, 0), (0, 1, 0), (0, 1, 0), (0, 1, 0), (0, 1, 0), (0, 1, 0), (0, 1, 0), (0, 1, 0), (0, 1, 0), (0, 1, 0), (0, 1, 0), (0, 1, 0), (0, 1, 0), (0, 1, 0), (0, 1, 0), (0, 1, 0), (0.823836, 0.488942, -0.286758), (0.892275, 0.451491, 0), (0.786567, 0.511336, -0.346191), (0.892275, 0.451491, 0), (0.823836, 0.488942, -0.286758), (0.892275, 0.451491, 0), (0.714811, 0.542542, -0.441241), (0.786567, 0.511336, -0.346191), (0.714811, 0.542542, -0.441241), (0.786567, 0.511336, -0.346191), (0.714811, 0.542542, -0.441241), (0.823836, 0.488942, -0.286758), (0.714811, 0.542542, 0.441241), (0.786567, 0.511336, 0.346191), (0.823836, 0.488942, 0.286758), (0.786567, 0.511336, 0.346191), (0.714811, 0.542542, 0.441241), (0.714811, 0.542542, 0.441241), (-0.786567, 0.511336, -0.346191), (-0.714811, 0.542542, -0.441241), (-0.714811, 0.542542, -0.441241), (-0.714811, 0.542542, -0.441241), (-0.786567, 0.511336, -0.346191), (-0.823836, 0.488942, -0.286758), (-0.892275, 0.451491, 0), (-0.823836, 0.488942, -0.286758), (-0.786567, 0.511336, -0.346191), (-0.823836, 0.488942, -0.286758), (-0.892275, 0.451491, 0), (-0.892275, 0.451491, 0), (-0.892275, 0.451491, 0), (-0.823836, 0.488942, 0.286758), (-0.892275, 0.451491, 0), (-0.823836, 0.488942, 0.286758), (-0.892275, 0.451491, 0), (-0.786567, 0.511336, 0.346191), (-0.786567, 0.511336, 0.346191), (-0.714811, 0.542542, 0.441241), (-0.823836, 0.488942, 0.286758), (-0.714811, 0.542542, 0.441241), (-0.786567, 0.511336, 0.346191), (-0.714811, 0.542542, 0.441241), (0.892275, 0.451491, 0), (0.786567, 0.511336, 0.346191), (0.892275, 0.451491, 0), (0.786567, 0.511336, 0.346191), (0.892275, 0.451491, 0), (0.823836, 0.488942, 0.286758), (0, 1, 0), (0, 1, 0), (0, 1, 0), (0, 1, 0), (0, 1, 0), (0, 1, 0), (0, 1, 0), (0, 1, 0), (0, 1, 0), (0, 1, 0), (0, 1, 0), (0, 1, 0), (0, 1, 0), (0, 1, 0), (0, 1, 0), (0, 1, 0), (0, 1, 0), (0, 1, 0), (0.823836, 0.488942, -0.286758), (0.892275, 0.451491, 0), (0.786567, 0.511336, -0.346191), (0.892275, 0.451491, 0), (0.823836, 0.488942, -0.286758), (0.892275, 0.451491, 0), (0.714811, 0.542542, -0.441241), (0.786567, 0.511336, -0.346191), (0.714811, 0.542542, -0.441241), (0.786567, 0.511336, -0.346191), (0.714811, 0.542542, -0.441241), (0.823836, 0.488942, -0.286758), (0.714811, 0.542542, 0.441241), (0.786567, 0.511336, 0.346191), (0.823836, 0.488942, 0.286758), (0.786567, 0.511336, 0.346191), (0.714811, 0.542542, 0.441241), (0.714811, 0.542542, 0.441241), (-0.786567, 0.511336, -0.346191), (-0.714811, 0.542542, -0.441241), (-0.714811, 0.542542, -0.441241), (-0.714811, 0.542542, -0.441241), (-0.786567, 0.511336, -0.346191), (-0.823836, 0.488942, -0.286758), (-0.892275, 0.451491, 0), (-0.823836, 0.488942, -0.286758), (-0.786567, 0.511336, -0.346191), (-0.823836, 0.488942, -0.286758), (-0.892275, 0.451491, 0), (-0.892275, 0.451491, 0), (-0.892275, 0.451491, 0), (-0.823836, 0.488942, 0.286758), (-0.892275, 0.451491, 0), (-0.823836, 0.488942, 0.286758), (-0.892275, 0.451491, 0), (-0.786567, 0.511336, 0.346191), (-0.786567, 0.511336, 0.346191), (-0.714811, 0.542542, 0.441241), (-0.823836, 0.488942, 0.286758), (-0.714811, 0.542542, 0.441241), (-0.786567, 0.511336, 0.346191), (-0.714811, 0.542542, 0.441241), (0.892275, 0.451491, 0), (0.786567, 0.511336, 0.346191), (0.892275, 0.451491, 0), (0.786567, 0.511336, 0.346191), (0.892275, 0.451491, 0), (0.823836, 0.488942, 0.286758), (0, 1, 0), (0, 1, 0), (0, 1, 0), (0, 1, 0), (0, 1, 0), (0, 1, 0), (0, 1, 0), (0, 1, 0), (0, 1, 0), (0, 1, 0), (0, 1, 0), (0, 1, 0), (0, 1, 0), (0, 1, 0), (0, 1, 0), (0, 1, 0), (0, 1, 0), (0, 1, 0), (0.823836, 0.488942, -0.286758), (0.892275, 0.451491, 0), (0.786567, 0.511336, -0.346191), (0.892275, 0.451491, 0), (0.823836, 0.488942, -0.286758), (0.892275, 0.451491, 0), (0.714811, 0.542542, -0.441241), (0.786567, 0.511336, -0.346191), (0.714811, 0.542542, -0.441241), (0.786567, 0.511336, -0.346191), (0.714811, 0.542542, -0.441241), (0.823836, 0.488942, -0.286758), (0.714811, 0.542542, 0.441241), (0.786567, 0.511336, 0.346191), (0.823836, 0.488942, 0.286758), (0.786567, 0.511336, 0.346191), (0.714811, 0.542542, 0.441241), (0.714811, 0.542542, 0.441241), (-0.786567, 0.511336, -0.346191), (-0.714811, 0.542542, -0.441241), (-0.714811, 0.542542, -0.441241), (-0.714811, 0.542542, -0.441241), (-0.786567, 0.511336, -0.346191), (-0.823836, 0.488942, -0.286758), (-0.892275, 0.451491, 0), (-0.823836, 0.488942, -0.286758), (-0.786567, 0.511336, -0.346191), (-0.823836, 0.488942, -0.286758), (-0.892275, 0.451491, 0), (-0.892275, 0.451491, 0), (-0.892275, 0.451491, 0), (-0.823836, 0.488942, 0.286758), (-0.892275, 0.451491, 0), (-0.823836, 0.488942, 0.286758), (-0.892275, 0.451491, 0), (-0.786567, 0.511336, 0.346191), (-0.786567, 0.511336, 0.346191), (-0.714811, 0.542542, 0.441241), (-0.823836, 0.488942, 0.286758), (-0.714811, 0.542542, 0.441241), (-0.786567, 0.511336, 0.346191), (-0.714811, 0.542542, 0.441241), (0.892275, 0.451491, 0), (0.786567, 0.511336, 0.346191), (0.892275, 0.451491, 0), (0.786567, 0.511336, 0.346191), (0.892275, 0.451491, 0), (0.823836, 0.488942, 0.286758), (0, 1, 0), (0, 1, 0), (0, 1, 0), (0, 1, 0), (0, 1, 0), (0, 1, 0), (0, 1, 0), (0, 1, 0), (0, 1, 0), (0, 1, 0), (0, 1, 0), (0, 1, 0), (0, 1, 0), (0, 1, 0), (0, 1, 0), (0, 1, 0), (0, 1, 0), (0, 1, 0), (0.823836, 0.488942, -0.286758), (0.892275, 0.451491, 0), (0.786567, 0.511336, -0.346191), (0.892275, 0.451491, 0), (0.823836, 0.488942, -0.286758), (0.892275, 0.451491, 0), (0.714811, 0.542542, -0.441241), (0.786567, 0.511336, -0.346191), (0.714811, 0.542542, -0.441241), (0.786567, 0.511336, -0.346191), (0.714811, 0.542542, -0.441241), (0.823836, 0.488942, -0.286758), (0.714811, 0.542542, 0.441241), (0.786567, 0.511336, 0.346191), (0.823836, 0.488942, 0.286758), (0.786567, 0.511336, 0.346191), (0.714811, 0.542542, 0.441241), (0.714811, 0.542542, 0.441241), (-0.786567, 0.511336, -0.346191), (-0.714811, 0.542542, -0.441241), (-0.714811, 0.542542, -0.441241), (-0.714811, 0.542542, -0.441241), (-0.786567, 0.511336, -0.346191), (-0.823836, 0.488942, -0.286758), (-0.892275, 0.451491, 0), (-0.823836, 0.488942, -0.286758), (-0.786567, 0.511336, -0.346191), (-0.823836, 0.488942, -0.286758), (-0.892275, 0.451491, 0), (-0.892275, 0.451491, 0), (-0.892275, 0.451491, 0), (-0.823836, 0.488942, 0.286758), (-0.892275, 0.451491, 0), (-0.823836, 0.488942, 0.286758), (-0.892275, 0.451491, 0), (-0.786567, 0.511336, 0.346191), (-0.786567, 0.511336, 0.346191), (-0.714811, 0.542542, 0.441241), (-0.823836, 0.488942, 0.286758), (-0.714811, 0.542542, 0.441241), (-0.786567, 0.511336, 0.346191), (-0.714811, 0.542542, 0.441241), (0.892275, 0.451491, 0), (0.786567, 0.511336, 0.346191), (0.892275, 0.451491, 0), (0.786567, 0.511336, 0.346191), (0.892275, 0.451491, 0), (0.823836, 0.488942, 0.286758), (0, 1, 0), (0, 1, 0), (0, 1, 0), (0, 1, 0), (0, 1, 0), (0, 1, 0), (0, 1, 0), (0, 1, 0), (0, 1, 0), (0, 1, 0), (0, 1, 0), (0, 1, 0), (0, 1, 0), (0, 1, 0), (0, 1, 0), (0, 1, 0), (0, 1, 0), (0, 1, 0), (0.823836, 0.488942, -0.286758), (0.892275, 0.451491, 0), (0.786567, 0.511336, -0.346191), (0.892275, 0.451491, 0), (0.823836, 0.488942, -0.286758), (0.892275, 0.451491, 0), (0.714811, 0.542542, -0.441241), (0.786567, 0.511336, -0.346191), (0.714811, 0.542542, -0.441241), (0.786567, 0.511336, -0.346191), (0.714811, 0.542542, -0.441241), (0.823836, 0.488942, -0.286758), (0.714811, 0.542542, 0.441241), (0.786567, 0.511336, 0.346191), (0.823836, 0.488942, 0.286758), (0.786567, 0.511336, 0.346191), (0.714811, 0.542542, 0.441241), (0.714811, 0.542542, 0.441241), (-0.786567, 0.511336, -0.346191), (-0.714811, 0.542542, -0.441241), (-0.714811, 0.542542, -0.441241), (-0.714811, 0.542542, -0.441241), (-0.786567, 0.511336, -0.346191), (-0.823836, 0.488942, -0.286758), (-0.892275, 0.451491, 0), (-0.823836, 0.488942, -0.286758), (-0.786567, 0.511336, -0.346191), (-0.823836, 0.488942, -0.286758), (-0.892275, 0.451491, 0), (-0.892275, 0.451491, 0), (-0.892275, 0.451491, 0), (-0.823836, 0.488942, 0.286758), (-0.892275, 0.451491, 0), (-0.823836, 0.488942, 0.286758), (-0.892275, 0.451491, 0), (-0.786567, 0.511336, 0.346191), (-0.786567, 0.511336, 0.346191), (-0.714811, 0.542542, 0.441241), (-0.823836, 0.488942, 0.286758), (-0.714811, 0.542542, 0.441241), (-0.786567, 0.511336, 0.346191), (-0.714811, 0.542542, 0.441241), (0.892275, 0.451491, 0), (0.786567, 0.511336, 0.346191), (0.892275, 0.451491, 0), (0.786567, 0.511336, 0.346191), (0.892275, 0.451491, 0), (0.823836, 0.488942, 0.286758), (0, 1, 0), (0, 1, 0), (0, 1, 0), (0, 1, 0), (0, 1, 0), (0, 1, 0), (0, 1, 0), (0, 1, 0), (0, 1, 0), (0, 1, 0), (0, 1, 0), (0, 1, 0), (0, 1, 0), (0, 1, 0), (0, 1, 0), (0, 1, 0), (0, 1, 0), (0, 1, 0), (0.823836, 0.488942, -0.286758), (0.892275, 0.451491, 0), (0.786567, 0.511336, -0.346191), (0.892275, 0.451491, 0), (0.823836, 0.488942, -0.286758), (0.892275, 0.451491, 0), (0.714811, 0.542542, -0.441241), (0.786567, 0.511336, -0.346191), (0.714811, 0.542542, -0.441241), (0.786567, 0.511336, -0.346191), (0.714811, 0.542542, -0.441241), (0.823836, 0.488942, -0.286758), (0.714811, 0.542542, 0.441241), (0.786567, 0.511336, 0.346191), (0.823836, 0.488942, 0.286758), (0.786567, 0.511336, 0.346191), (0.714811, 0.542542, 0.441241), (0.714811, 0.542542, 0.441241), (-0.786567, 0.511336, -0.346191), (-0.714811, 0.542542, -0.441241), (-0.714811, 0.542542, -0.441241), (-0.714811, 0.542542, -0.441241), (-0.786567, 0.511336, -0.346191), (-0.823836, 0.488942, -0.286758), (-0.892275, 0.451491, 0), (-0.823836, 0.488942, -0.286758), (-0.786567, 0.511336, -0.346191), (-0.823836, 0.488942, -0.286758), (-0.892275, 0.451491, 0), (-0.892275, 0.451491, 0), (-0.892275, 0.451491, 0), (-0.823836, 0.488942, 0.286758), (-0.892275, 0.451491, 0), (-0.823836, 0.488942, 0.286758), (-0.892275, 0.451491, 0), (-0.786567, 0.511336, 0.346191), (-0.786567, 0.511336, 0.346191), (-0.714811, 0.542542, 0.441241), (-0.823836, 0.488942, 0.286758), (-0.714811, 0.542542, 0.441241), (-0.786567, 0.511336, 0.346191), (-0.714811, 0.542542, 0.441241), (0, 1, 0), (0, 1, 0), (0, 1, 0), (0, 1, 0), (0, 1, 0), (0, 1, 0), (0, 1, 0), (0, 1, 0), (0, 1, 0), (0, 1, 0), (0, 1, 0), (0, 1, 0), (0, 1, 0), (0, 1, 0), (0, 1, 0), (0, 1, 0), (0, 1, 0), (0, 1, 0), (0, 1, 0), (0, 1, 0), (0, 1, 0), (0, 1, 0), (0, 1, 0), (0, 1, 0), (0, 1, 0), (0, 1, 0), (0, 1, 0), (0, 1, 0), (0, 1, 0), (0, 1, 0), (0, 1, 0), (0, 1, 0), (0, 1, 0), (0, 1, 0), (0, 1, 0), (0, 1, 0), (0, 1, 0), (0, 1, 0), (0, 1, 0), (0, 1, 0), (0, 1, 0), (0, 1, 0), (0, 1, 0), (0, 1, 0), (0, 1, 0), (0, 1, 0), (0, 1, 0), (0, 1, 0), (0, 1, 0), (0, 1, 0), (0, 1, 0), (0, 1, 0), (0, 1, 0), (0, 1, 0), (0, 1, 0), (0, 1, 0), (0, 1, 0), (0, 1, 0), (0, 1, 0), (0, 1, 0), (0, 1, 0), (0, 1, 0), (0, 1, 0), (0, 1, 0), (0, 1, 0), (0, 1, 0), (0, 1, 0), (0, 1, 0), (0, 1, 0), (0, 1, 0), (0, 1, 0), (0, 1, 0), (0, 1, 0), (0, 1, 0), (0, 1, 0), (0, 1, 0), (0, 1, 0), (0, 1, 0), (0, 1, 0), (0, 1, 0), (0, 1, 0), (0, 1, 0), (0, 1, 0), (0, 1, 0), (0, 1, 0), (0, 1, 0), (0, 1, 0), (0, 1, 0), (0, 1, 0), (0, 1, 0), (0, 1, 0), (0, 1, 0), (0, 1, 0), (0, 1, 0), (0, 1, 0), (0, 1, 0), (0, 1, 0), (0, 1, 0), (0, 1, 0), (0, 1, 0), (0, 1, 0), (0, 1, 0), (0, 1, 0), (0, 1, 0), (0, 1, 0), (0, 1, 0), (0, 1, 0), (0, 1, 0), (0, 1, 0), (0, 1, 0), (0, 1, 0), (0, 1, 0), (0, 1, 0), (0, 1, 0), (0, 1, 0), (0, 1, 0), (0, 1, 0), (0, 1, 0), (0, 1, 0), (0, 1, 0), (-0.703011, 0.107481, 0.703011), (-0.703011, 0.107481, -0.703011), (-0.703011, 0.107481, 0.703011), (-0.703011, 0.107481, -0.703011), (-0.703011, 0.107481, 0.703011), (-0.703011, 0.107481, -0.703011), (0.703011, 0.107481, 0.703011), (-0.703011, 0.107481, 0.703011), (0.703011, 0.107481, 0.703011), (-0.703011, 0.107481, 0.703011), (0.703011, 0.107481, 0.703011), (-0.703011, 0.107481, 0.703011), (0.703011, 0.107481, -0.703011), (0.703011, 0.107481, 0.703011), (0.703011, 0.107481, -0.703011), (0.703011, 0.107481, 0.703011), (0.703011, 0.107481, -0.703011), (0.703011, 0.107481, 0.703011), (0, 1, 0), (0, 1, 0), (0, 1, 0), (0, 1, 0), (0, 1, 0), (0, 1, 0), (-0.703011, 0.107481, -0.703011), (0.703011, 0.107481, -0.703011), (0.703011, 0.107481, -0.703011), (0.703011, 0.107481, -0.703011), (-0.703011, 0.107481, -0.703011), (-0.703011, 0.107481, -0.703011), (0, 1, 0), (0, 1, 0), (0, 1, 0), (0, 1, 0), (0, 1, 0), (0, 1, 0), (0.704915, 0.0786736, 0.704915), (-0.704915, 0.0786736, 0.704915), (0.704915, 0.0786736, 0.704915), (-0.704915, 0.0786736, 0.704915), (0.704915, 0.0786736, 0.704915), (-0.704915, 0.0786736, 0.704915), (-0.704915, 0.0786736, -0.704915), (0.704915, 0.0786736, -0.704915), (0.704915, 0.0786736, -0.704915), (0.704915, 0.0786736, -0.704915), (-0.704915, 0.0786736, -0.704915), (-0.704915, 0.0786736, -0.704915), (-0.704915, 0.0786736, 0.704915), (-0.704915, 0.0786736, -0.704915), (-0.704915, 0.0786736, 0.704915), (-0.704915, 0.0786736, -0.704915), (-0.704915, 0.0786736, 0.704915), (-0.704915, 0.0786736, -0.704915), (0.704915, 0.0786736, -0.704915), (0.704915, 0.0786736, 0.704915), (0.704915, 0.0786736, -0.704915), (0.704915, 0.0786736, 0.704915), (0.704915, 0.0786736, -0.704915), (0.704915, 0.0786736, 0.704915), (-0.704915, 0.0786736, 0.704915), (-0.704915, 0.0786736, -0.704915), (-0.704915, 0.0786736, -0.704915), (-0.704915, 0.0786736, -0.704915), (-0.704915, 0.0786736, 0.704915), (-0.704915, 0.0786736, 0.704915), (0, 1, 0), (0, 1, 0), (0, 1, 0), (0, 1, 0), (0, 1, 0), (0, 1, 0), (0.704915, 0.0786736, -0.704915), (0.704915, 0.0786736, 0.704915), (0.704915, 0.0786736, -0.704915), (0.704915, 0.0786736, 0.704915), (0.704915, 0.0786736, -0.704915), (0.704915, 0.0786736, 0.704915), (0.704915, 0.0786736, 0.704915), (-0.704915, 0.0786736, 0.704915), (0.704915, 0.0786736, 0.704915), (-0.704915, 0.0786736, 0.704915), (0.704915, 0.0786736, 0.704915), (-0.704915, 0.0786736, 0.704915), (-0.704915, 0.0786736, -0.704915), (0.704915, 0.0786736, -0.704915), (-0.704915, 0.0786736, -0.704915), (0.704915, 0.0786736, -0.704915), (-0.704915, 0.0786736, -0.704915), (0.704915, 0.0786736, -0.704915), (1, 0, 0), (1, 0, 0), (1, 0, 0), (1, 0, 0), (1, 0, 0), (1, 0, 0), (-1, 0, 0), (-1, 0, 0), (-1, 0, 0), (-1, 0, 0), (-1, 0, 0), (-1, 0, 0), (-1, 0, 0), (-1, 0, 0), (-1, 0, 0), (-1, 0, 0), (-1, 0, 0), (-1, 0, 0), (-1, 0, 0), (-1, 0, 0), (-1, 0, 0), (-1, 0, 0), (-1, 0, 0), (-1, 0, 0), (-1, 0, 0), (-1, 0, 0), (-1, 0, 0), (-1, 0, 0), (-1, 0, 0), (-1, 0, 0), (-1, 0, 0), (-1, 0, 0), (-1, 0, 0), (-1, 0, 0), (-1, 0, 0), (-1, 0, 0), (1, 0, 0), (1, 0, 0), (1, 0, 0), (1, 0, 0), (1, 0, 0), (1, 0, 0), (1, 0, 0), (1, 0, 0), (1, 0, 0), (1, 0, 0), (1, 0, 0), (1, 0, 0), (1, 0, 0), (1, 0, 0), (1, 0, 0), (1, 0, 0), (1, 0, 0), (1, 0, 0), (1, 0, 0), (1, 0, 0), (1, 0, 0), (1, 0, 0), (1, 0, 0), (1, 0, 0), (1, 0, 0), (1, 0, 0), (1, 0, 0), (1, 0, 0), (1, 0, 0), (1, 0, 0), (-1, 0, 0), (-1, 0, 0), (-1, 0, 0), (-1, 0, 0), (-1, 0, 0), (-1, 0, 0), (0, -0.258819, -0.965926), (-0.707107, -0.183013, -0.683013), (-0.707107, -0.183013, -0.683013), (-0.707107, -0.183013, -0.683013), (0, -0.258819, -0.965926), (0, -0.258819, -0.965926), (0.707107, -0.183013, -0.683013), (0, -0.258819, -0.965926), (0.707107, -0.183013, -0.683013), (0, -0.258819, -0.965926), (0.707107, -0.183013, -0.683013), (0, -0.258819, -0.965926), (-1, 0, 0), (-0.707107, -0.183013, -0.683013), (-1, 0, 0), (-0.707107, -0.183013, -0.683013), (-1, 0, 0), (-0.707107, -0.183013, -0.683013), (-0.707107, 0.183013, 0.683013), (0, 0.258819, 0.965926), (0, 0.258819, 0.965926), (0, 0.258819, 0.965926), (-0.707107, 0.183013, 0.683013), (-0.707107, 0.183013, 0.683013), (-0.707107, 0.183013, 0.683013), (-1, 0, 0), (-0.707107, 0.183013, 0.683013), (-1, 0, 0), (-0.707107, 0.183013, 0.683013), (-1, 0, 0), (0, 0.258819, 0.965926), (0.707107, 0.183013, 0.683013), (0, 0.258819, 0.965926), (0.707107, 0.183013, 0.683013), (0, 0.258819, 0.965926), (0.707107, 0.183013, 0.683013), (1, 0, 0), (0.707107, 0.183013, 0.683013), (0.707107, 0.183013, 0.683013), (0.707107, 0.183013, 0.683013), (1, 0, 0), (1, 0, 0), (0.707107, -0.183013, -0.683013), (1, 0, 0), (1, 0, 0), (1, 0, 0), (0.707107, -0.183013, -0.683013), (0.707107, -0.183013, -0.683013), (0, 0.965926, -0.258819), (0, 0.965926, -0.258819), (0, 0.965926, -0.258819), (0, 0.965926, -0.258819), (0, 0.965926, -0.258819), (0, 0.965926, -0.258819), (0, 0.965926, -0.258819), (0, 0.965926, -0.258819), (0, 0.965926, -0.258819), (0, 0.965926, -0.258819), (0, 0.965926, -0.258819), (0, 0.965926, -0.258819), (0, 0.965926, -0.258819), (0, 0.965926, -0.258819), (0, 0.965926, -0.258819), (0, 0.965926, -0.258819), (0, 0.965926, -0.258819), (0, 0.965926, -0.258819), (0, -0.258819, -0.965926), (-0.707107, -0.183013, -0.683013), (-0.707107, -0.183013, -0.683013), (-0.707107, -0.183013, -0.683013), (0, -0.258819, -0.965926), (0, -0.258819, -0.965926), (0.707107, -0.183013, -0.683013), (0, -0.258819, -0.965926), (0.707107, -0.183013, -0.683013), (0, -0.258819, -0.965926), (0.707107, -0.183013, -0.683013), (0, -0.258819, -0.965926), (-1, 0, 0), (-0.707107, -0.183013, -0.683013), (-1, 0, 0), (-0.707107, -0.183013, -0.683013), (-1, 0, 0), (-0.707107, -0.183013, -0.683013), (-0.707107, 0.183013, 0.683013), (0, 0.258819, 0.965926), (0, 0.258819, 0.965926), (0, 0.258819, 0.965926), (-0.707107, 0.183013, 0.683013), (-0.707107, 0.183013, 0.683013), (-0.707107, 0.183013, 0.683013), (-1, 0, 0), (-0.707107, 0.183013, 0.683013), (-1, 0, 0), (-0.707107, 0.183013, 0.683013), (-1, 0, 0), (0, 0.258819, 0.965926), (0.707107, 0.183013, 0.683013), (0, 0.258819, 0.965926), (0.707107, 0.183013, 0.683013), (0, 0.258819, 0.965926), (0.707107, 0.183013, 0.683013), (1, 0, 0), (0.707107, 0.183013, 0.683013), (0.707107, 0.183013, 0.683013), (0.707107, 0.183013, 0.683013), (1, 0, 0), (1, 0, 0), (0.707107, -0.183013, -0.683013), (1, 0, 0), (1, 0, 0), (1, 0, 0), (0.707107, -0.183013, -0.683013), (0.707107, -0.183013, -0.683013), (0, 0.965926, -0.258819), (0, 0.965926, -0.258819), (0, 0.965926, -0.258819), (0, 0.965926, -0.258819), (0, 0.965926, -0.258819), (0, 0.965926, -0.258819), (0, 0.965926, -0.258819), (0, 0.965926, -0.258819), (0, 0.965926, -0.258819), (0, 0.965926, -0.258819), (0, 0.965926, -0.258819), (0, 0.965926, -0.258819), (0, 0.965926, -0.258819), (0, 0.965926, -0.258819), (0, 0.965926, -0.258819), (0, 0.965926, -0.258819), (0, 0.965926, -0.258819), (0, 0.965926, -0.258819), (0, -0.258819, -0.965926), (-0.707107, -0.183013, -0.683013), (-0.707107, -0.183013, -0.683013), (-0.707107, -0.183013, -0.683013), (0, -0.258819, -0.965926), (0, -0.258819, -0.965926), (0.707107, -0.183013, -0.683013), (0, -0.258819, -0.965926), (0.707107, -0.183013, -0.683013), (0, -0.258819, -0.965926), (0.707107, -0.183013, -0.683013), (0, -0.258819, -0.965926), (-1, 0, 0), (-0.707107, -0.183013, -0.683013), (-1, 0, 0), (-0.707107, -0.183013, -0.683013), (-1, 0, 0), (-0.707107, -0.183013, -0.683013), (-0.707107, 0.183013, 0.683013), (0, 0.258819, 0.965926), (0, 0.258819, 0.965926), (0, 0.258819, 0.965926), (-0.707107, 0.183013, 0.683013), (-0.707107, 0.183013, 0.683013), (-0.707107, 0.183013, 0.683013), (-1, 0, 0), (-0.707107, 0.183013, 0.683013), (-1, 0, 0), (-0.707107, 0.183013, 0.683013), (-1, 0, 0), (0, 0.258819, 0.965926), (0.707107, 0.183013, 0.683013), (0, 0.258819, 0.965926), (0.707107, 0.183013, 0.683013), (0, 0.258819, 0.965926), (0.707107, 0.183013, 0.683013), (1, 0, 0), (0.707107, 0.183013, 0.683013), (0.707107, 0.183013, 0.683013), (0.707107, 0.183013, 0.683013), (1, 0, 0), (1, 0, 0), (0.707107, -0.183013, -0.683013), (1, 0, 0), (1, 0, 0), (1, 0, 0), (0.707107, -0.183013, -0.683013), (0.707107, -0.183013, -0.683013), (0, 0.965926, -0.258819), (0, 0.965926, -0.258819), (0, 0.965926, -0.258819), (0, 0.965926, -0.258819), (0, 0.965926, -0.258819), (0, 0.965926, -0.258819), (0, 0.965926, -0.258819), (0, 0.965926, -0.258819), (0, 0.965926, -0.258819), (0, 0.965926, -0.258819), (0, 0.965926, -0.258819), (0, 0.965926, -0.258819), (0, 0.965926, -0.258819), (0, 0.965926, -0.258819), (0, 0.965926, -0.258819), (0, 0.965926, -0.258819), (0, 0.965926, -0.258819), (0, 0.965926, -0.258819), (0, -0.258819, -0.965926), (-0.707107, -0.183013, -0.683013), (-0.707107, -0.183013, -0.683013), (-0.707107, -0.183013, -0.683013), (0, -0.258819, -0.965926), (0, -0.258819, -0.965926), (0.707107, -0.183013, -0.683013), (0, -0.258819, -0.965926), (0.707107, -0.183013, -0.683013), (0, -0.258819, -0.965926), (0.707107, -0.183013, -0.683013), (0, -0.258819, -0.965926), (-1, 0, 0), (-0.707107, -0.183013, -0.683013), (-1, 0, 0), (-0.707107, -0.183013, -0.683013), (-1, 0, 0), (-0.707107, -0.183013, -0.683013), (-0.707107, 0.183013, 0.683013), (0, 0.258819, 0.965926), (0, 0.258819, 0.965926), (0, 0.258819, 0.965926), (-0.707107, 0.183013, 0.683013), (-0.707107, 0.183013, 0.683013), (-0.707107, 0.183013, 0.683013), (-1, 0, 0), (-0.707107, 0.183013, 0.683013), (-1, 0, 0), (-0.707107, 0.183013, 0.683013), (-1, 0, 0), (0, 0.258819, 0.965926), (0.707107, 0.183013, 0.683013), (0, 0.258819, 0.965926), (0.707107, 0.183013, 0.683013), (0, 0.258819, 0.965926), (0.707107, 0.183013, 0.683013), (1, 0, 0), (0.707107, 0.183013, 0.683013), (0.707107, 0.183013, 0.683013), (0.707107, 0.183013, 0.683013), (1, 0, 0), (1, 0, 0), (0.707107, -0.183013, -0.683013), (1, 0, 0), (1, 0, 0), (1, 0, 0), (0.707107, -0.183013, -0.683013), (0.707107, -0.183013, -0.683013), (0, 0.965926, -0.258819), (0, 0.965926, -0.258819), (0, 0.965926, -0.258819), (0, 0.965926, -0.258819), (0, 0.965926, -0.258819), (0, 0.965926, -0.258819), (0, 0.965926, -0.258819), (0, 0.965926, -0.258819), (0, 0.965926, -0.258819), (0, 0.965926, -0.258819), (0, 0.965926, -0.258819), (0, 0.965926, -0.258819), (0, 0.965926, -0.258819), (0, 0.965926, -0.258819), (0, 0.965926, -0.258819), (0, 0.965926, -0.258819), (0, 0.965926, -0.258819), (0, 0.965926, -0.258819), (-1, 0, -1.19209e-07), (-1, 0, -1.19209e-07), (-1, 0, -1.19209e-07), (-1, 0, -1.19209e-07), (-1, 0, -1.19209e-07), (-1, 0, -1.19209e-07), (1, 0, 1.19209e-07), (1, 0, 1.19209e-07), (1, 0, 1.19209e-07), (1, 0, 1.19209e-07), (1, 0, 1.19209e-07), (1, 0, 1.19209e-07), (-1, 0, -1.19209e-07), (-1, 0, -1.19209e-07), (-1, 0, -1.19209e-07), (-1, 0, -1.19209e-07), (-1, 0, -1.19209e-07), (-1, 0, -1.19209e-07), (1, 0, 1.19209e-07), (1, 0, 1.19209e-07), (1, 0, 1.19209e-07), (1, 0, 1.19209e-07), (1, 0, 1.19209e-07), (1, 0, 1.19209e-07), (1, 0, 1.19209e-07), (1, 0, 1.19209e-07), (1, 0, 1.19209e-07), (1, 0, 1.19209e-07), (1, 0, 1.19209e-07), (1, 0, 1.19209e-07), (-1, 0, -1.19209e-07), (-1, 0, -1.19209e-07), (-1, 0, -1.19209e-07), (-1, 0, -1.19209e-07), (-1, 0, -1.19209e-07), (-1, 0, -1.19209e-07), (1, 0, 1.19209e-07), (1, 0, 1.19209e-07), (1, 0, 1.19209e-07), (1, 0, 1.19209e-07), (1, 0, 1.19209e-07), (1, 0, 1.19209e-07), (-1, 0, -1.19209e-07), (-1, 0, -1.19209e-07), (-1, 0, -1.19209e-07), (-1, 0, -1.19209e-07), (-1, 0, -1.19209e-07), (-1, 0, -1.19209e-07), (1, 0, 1.19209e-07), (1, 0, 1.19209e-07), (1, 0, 1.19209e-07), (1, 0, 1.19209e-07), (1, 0, 1.19209e-07), (1, 0, 1.19209e-07), (-1, 0, -1.19209e-07), (-1, 0, -1.19209e-07), (-1, 0, -1.19209e-07), (-1, 0, -1.19209e-07), (-1, 0, -1.19209e-07), (-1, 0, -1.19209e-07), (-1, 0, -1.19209e-07), (-1, 0, -1.19209e-07), (-1, 0, -1.19209e-07), (-1, 0, -1.19209e-07), (-1, 0, -1.19209e-07), (-1, 0, -1.19209e-07), (1, 0, 1.19209e-07), (1, 0, 1.19209e-07), (1, 0, 1.19209e-07), (1, 0, 1.19209e-07), (1, 0, 1.19209e-07), (1, 0, 1.19209e-07), (-1, 0, -1.19209e-07), (-1, 0, -1.19209e-07), (-1, 0, -1.19209e-07), (-1, 0, -1.19209e-07), (-1, 0, -1.19209e-07), (-1, 0, -1.19209e-07), (1, 0, 1.19209e-07), (1, 0, 1.19209e-07), (1, 0, 1.19209e-07), (1, 0, 1.19209e-07), (1, 0, 1.19209e-07), (1, 0, 1.19209e-07), (1, 0, 1.19209e-07), (1, 0, 1.19209e-07), (1, 0, 1.19209e-07), (1, 0, 1.19209e-07), (1, 0, 1.19209e-07), (1, 0, 1.19209e-07), (-1, 0, -1.19209e-07), (-1, 0, -1.19209e-07), (-1, 0, -1.19209e-07), (-1, 0, -1.19209e-07), (-1, 0, -1.19209e-07), (-1, 0, -1.19209e-07)] (interpolation = "faceVarying")
        texCoord2f[] primvars:st = [(0.71875, 0.025), (0.71875, 0.225), (0.71875, 0.025), (0.71875, 0.225), (0.71875, 0.025), (0.71875, 0.225), (0.71875, 0.025), (0.71875, 0.225), (0.71875, 0.225), (0.71875, 0.225), (0.71875, 0.025), (0.71875, 0.025), (0.71875, 0.025), (0.71875, 0.225), (0.71875, 0.025), (0.71875, 0.225), (0.71875, 0.025), (0.71875, 0.225), (0.71875, 0.025), (0.71875, 0.225), (0.71875, 0.025), (0.71875, 0.225), (0.71875, 0.025), (0.71875, 0.225), (0.71875, 0.025), (0.71875, 0.225), (0.71875, 0.025), (0.71875, 0.225), (0.71875, 0.025), (0.71875, 0.225), (0.71875, 0.025), (0.71875, 0.225), (0.71875, 0.225), (0.71875, 0.225), (0.71875, 0.025), (0.71875, 0.025), (0.71875, 0.225), (0.71875, 0.225), (0.71875, 0.225), (0.71875, 0.225), (0.71875, 0.225), (0.71875, 0.225), (0.71875, 0.225), (0.71875, 0.225), (0.71875, 0.225), (0.71875, 0.225), (0.71875, 0.225), (0.71875, 0.225), (0.71875, 0.225), (0.71875, 0.225), (0.71875, 0.225), (0.71875, 0.225), (0.71875, 0.225), (0.71875, 0.225), (0.71875, 0.225), (0.71875, 0.225), (0.71875, 0.225), (0.71875, 0.225), (0.71875, 0.225), (0.71875, 0.225), (0.71875, 0.225), (0.71875, 0.225), (0.71875, 0.225), (0.71875, 0.225), (0.71875, 0.225), (0.71875, 0.225), (0.71875, 0.225), (0.71875, 0.225), (0.71875, 0.225), (0.71875, 0.225), (0.71875, 0.225), (0.71875, 0.225), (0.71875, 0.148077), (0.71875, 0.225), (0.71875, 0.148077), (0.71875, 0.225), (0.71875, 0.148077), (0.71875, 0.225), (0.71875, 0.225), (0.71875, 0.148077), (0.71875, 0.225), (0.71875, 0.148077), (0.71875, 0.225), (0.71875, 0.148077), (0.71875, 0.148077), (0.71875, 0.225), (0.71875, 0.225), (0.71875, 0.025), (0.71875, 0.225), (0.71875, 0.148077), (0.71875, 0.225), (0.71875, 0.025), (0.71875, 0.025), (0.71875, 0.025), (0.71875, 0.225), (0.71875, 0.225), (0.71875, 0.225), (0.71875, 0.025), (0.71875, 0.025), (0.71875, 0.025), (0.71875, 0.225), (0.71875, 0.225), (0.71875, 0.225), (0.71875, 0.025), (0.71875, 0.025), (0.71875, 0.025), (0.71875, 0.148077), (0.71875, 0.225), (0.71875, 0.225), (0.71875, 0.148077), (0.71875, 0.225), (0.71875, 0.148077), (0.71875, 0.025), (0.71875, 0.025), (0.71875, 0.148077), (0.71875, 0.225), (0.71875, 0.225), (0.71875, 0.025), (0.71875, 0.225), (0.71875, 0.148077), (0.71875, 0.225), (0.71875, 0.025), (0.71875, 0.025), (0.71875, 0.025), (0.71875, 0.225), (0.71875, 0.225), (0.71875, 0.225), (0.71875, 0.025), (0.71875, 0.025), (0.71875, 0.025), (0.71875, 0.225), (0.71875, 0.225), (0.71875, 0.225), (0.71875, 0.025), (0.71875, 0.025), (0.71875, 0.025), (0.71875, 0.148077), (0.71875, 0.225), (0.71875, 0.225), (0.71875, 0.148077), (0.71875, 0.225), (0.71875, 0.148077), (0.71875, 0.025), (0.71875, 0.025), (0.71875, 0.148077), (0.71875, 0.148077), (0.71875, 0.148077), (0.71875, 0.148077), (0.71875, 0.148077), (0.71875, 0.148077), (0.71875, 0.148077), (0.71875, 0.025), (0.71875, 0.025), (0.71875, 0.025), (0.71875, 0.148077), (0.71875, 0.148077), (0.71875, 0.148077), (0.71875, 0.025), (0.71875, 0.025), (0.71875, 0.025), (0.71875, 0.148077), (0.71875, 0.148077), (0.71875, 0.225), (0.71875, 0.225), (0.71875, 0.225), (0.71875, 0.225), (0.71875, 0.225), (0.71875, 0.225), (0.71875, 0.225), (0.71875, 0.225), (0.71875, 0.225), (0.71875, 0.225), (0.71875, 0.225), (0.71875, 0.225), (0.71875, 0.225), (0.71875, 0.225), (0.71875, 0.225), (0.71875, 0.225), (0.71875, 0.225), (0.71875, 0.225), (0.71875, 0.225), (0.71875, 0.225), (0.71875, 0.225), (0.71875, 0.225), (0.71875, 0.225), (0.71875, 0.225), (0.71875, 0.148077), (0.71875, 0.225), (0.71875, 0.148077), (0.71875, 0.225), (0.71875, 0.148077), (0.71875, 0.225), (0.71875, 0.225), (0.71875, 0.148077), (0.71875, 0.225), (0.71875, 0.148077), (0.71875, 0.225), (0.71875, 0.148077), (0.71875, 0.148077), (0.71875, 0.225), (0.71875, 0.225), (0.71875, 0.025), (0.71875, 0.225), (0.71875, 0.148077), (0.71875, 0.225), (0.71875, 0.025), (0.71875, 0.025), (0.71875, 0.025), (0.71875, 0.225), (0.71875, 0.225), (0.71875, 0.225), (0.71875, 0.025), (0.71875, 0.025), (0.71875, 0.025), (0.71875, 0.225), (0.71875, 0.225), (0.71875, 0.225), (0.71875, 0.025), (0.71875, 0.025), (0.71875, 0.025), (0.71875, 0.148077), (0.71875, 0.225), (0.71875, 0.225), (0.71875, 0.148077), (0.71875, 0.225), (0.71875, 0.148077), (0.71875, 0.025), (0.71875, 0.025), (0.71875, 0.148077), (0.71875, 0.225), (0.71875, 0.225), (0.71875, 0.025), (0.71875, 0.225), (0.71875, 0.148077), (0.71875, 0.225), (0.71875, 0.025), (0.71875, 0.025), (0.71875, 0.025), (0.71875, 0.225), (0.71875, 0.225), (0.71875, 0.225), (0.71875, 0.025), (0.71875, 0.025), (0.71875, 0.025), (0.71875, 0.225), (0.71875, 0.225), (0.71875, 0.225), (0.71875, 0.025), (0.71875, 0.025), (0.71875, 0.025), (0.71875, 0.148077), (0.71875, 0.225), (0.71875, 0.225), (0.71875, 0.148077), (0.71875, 0.225), (0.71875, 0.148077), (0.71875, 0.025), (0.71875, 0.025), (0.71875, 0.148077), (0.71875, 0.148077), (0.71875, 0.148077), (0.71875, 0.148077), (0.71875, 0.148077), (0.71875, 0.148077), (0.71875, 0.148077), (0.71875, 0.025), (0.71875, 0.025), (0.71875, 0.025), (0.71875, 0.148077), (0.71875, 0.148077), (0.71875, 0.148077), (0.71875, 0.025), (0.71875, 0.025), (0.71875, 0.025), (0.71875, 0.148077), (0.71875, 0.148077), (0.71875, 0.145), (0.71875, 0.025), (0.71875, 0.025), (0.71875, 0.025), (0.71875, 0.145), (0.71875, 0.145), (0.71875, 0.201569), (0.71875, 0.145), (0.71875, 0.145), (0.71875, 0.145), (0.71875, 0.201569), (0.71875, 0.201569), (0.71875, 0.225), (0.71875, 0.201569), (0.71875, 0.201569), (0.71875, 0.201569), (0.71875, 0.225), (0.71875, 0.225), (0.71875, 0.225), (0.71875, 0.225), (0.71875, 0.225), (0.71875, 0.225), (0.71875, 0.225), (0.71875, 0.225), (0.71875, 0.125), (0.71875, 0.125), (0.71875, 0.125), (0.71875, 0.125), (0.71875, 0.125), (0.71875, 0.125), (0.71875, 0.025), (0.71875, 0.125), (0.71875, 0.025), (0.71875, 0.125), (0.71875, 0.025), (0.71875, 0.225), (0.71875, 0.225), (0.71875, 0.125), (0.71875, 0.125), (0.71875, 0.125), (0.71875, 0.225), (0.71875, 0.225), (0.71875, 0.225), (0.71875, 0.025), (0.71875, 0.201569), (0.71875, 0.201569), (0.71875, 0.025), (0.71875, 0.145), (0.71875, 0.225), (0.71875, 0.125), (0.71875, 0.225), (0.71875, 0.125), (0.71875, 0.225), (0.71875, 0.125), (0.71875, 0.025), (0.71875, 0.125), (0.71875, 0.225), (0.71875, 0.125), (0.71875, 0.025), (0.71875, 0.025), (0.71875, 0.025), (0.71875, 0.225), (0.71875, 0.201569), (0.71875, 0.025), (0.71875, 0.201569), (0.71875, 0.145), (0.71875, 0.125), (0.71875, 0.025), (0.71875, 0.025), (0.71875, 0.025), (0.71875, 0.125), (0.71875, 0.125), (0.71875, 0.182682), (0.71875, 0.225), (0.71875, 0.225), (0.71875, 0.225), (0.71875, 0.182682), (0.71875, 0.182682), (0.71875, 0.182682), (0.71875, 0.210281), (0.71875, 0.225), (0.71875, 0.225), (0.71875, 0.210281), (0.71875, 0.220158), (0.71875, 0.225), (0.71875, 0.220158), (0.71875, 0.225), (0.71875, 0.182682), (0.71875, 0.210281), (0.71875, 0.210281), (0.71875, 0.210281), (0.71875, 0.182682), (0.71875, 0.182682), (0.71875, 0.225), (0.71875, 0.21764), (0.71875, 0.21764), (0.71875, 0.21764), (0.71875, 0.225), (0.71875, 0.225), (0.71875, 0.225), (0.71875, 0.182682), (0.71875, 0.182682), (0.71875, 0.182682), (0.71875, 0.225), (0.71875, 0.225), (0.71875, 0.225), (0.71875, 0.182682), (0.71875, 0.182682), (0.71875, 0.182682), (0.71875, 0.225), (0.71875, 0.210281), (0.71875, 0.210281), (0.71875, 0.182682), (0.71875, 0.210281), (0.71875, 0.210281), (0.71875, 0.225), (0.71875, 0.220158), (0.71875, 0.220158), (0.71875, 0.225), (0.71875, 0.225), (0.71875, 0.225), (0.71875, 0.21764), (0.71875, 0.21764), (0.71875, 0.21764), (0.71875, 0.225), (0.71875, 0.225), (0.71875, 0.225), (0.71875, 0.21764), (0.71875, 0.21764), (0.71875, 0.21764), (0.71875, 0.225), (0.71875, 0.220158), (0.71875, 0.220158), (0.71875, 0.225), (0.71875, 0.225), (0.71875, 0.220158), (0.71875, 0.21764), (0.71875, 0.21764), (0.71875, 0.21764), (0.71875, 0.220158), (0.71875, 0.225), (0.71875, 0.225), (0.71875, 0.220158), (0.71875, 0.225), (0.71875, 0.125), (0.71875, 0.025), (0.71875, 0.025), (0.71875, 0.025), (0.71875, 0.125), (0.71875, 0.125), (0.71875, 0.125), (0.71875, 0.025), (0.71875, 0.025), (0.71875, 0.025), (0.71875, 0.125), (0.71875, 0.125), (0.71875, 0.125), (0.71875, 0.025), (0.71875, 0.025), (0.71875, 0.025), (0.71875, 0.125), (0.71875, 0.125), (0.71875, 0.195711), (0.71875, 0.125), (0.71875, 0.125), (0.71875, 0.125), (0.71875, 0.195711), (0.71875, 0.195711), (0.71875, 0.195711), (0.71875, 0.225), (0.71875, 0.195711), (0.71875, 0.225), (0.71875, 0.195711), (0.71875, 0.225), (0.71875, 0.225), (0.71875, 0.225), (0.71875, 0.225), (0.71875, 0.225), (0.71875, 0.225), (0.71875, 0.225), (0.71875, 0.225), (0.71875, 0.195711), (0.71875, 0.225), (0.71875, 0.195711), (0.71875, 0.225), (0.71875, 0.195711), (0.71875, 0.125), (0.71875, 0.195711), (0.71875, 0.195711), (0.71875, 0.195711), (0.71875, 0.125), (0.71875, 0.125), (0.71875, 0.025), (0.71875, 0.125), (0.71875, 0.125), (0.71875, 0.125), (0.71875, 0.025), (0.71875, 0.025), (0.71875, 0.125), (0.71875, 0.125), (0.71875, 0.125), (0.71875, 0.125), (0.71875, 0.125), (0.71875, 0.125), (0.71875, 0.025), (0.71875, 0.195711), (0.71875, 0.125), (0.71875, 0.025), (0.71875, 0.225), (0.71875, 0.195711), (0.71875, 0.025), (0.71875, 0.225), (0.71875, 0.025), (0.71875, 0.125), (0.71875, 0.225), (0.71875, 0.025), (0.71875, 0.125), (0.71875, 0.225), (0.71875, 0.125), (0.71875, 0.225), (0.71875, 0.125), (0.71875, 0.225), (0.71875, 0.025), (0.71875, 0.225), (0.71875, 0.125), (0.71875, 0.025), (0.71875, 0.195711), (0.71875, 0.225), (0.71875, 0.025), (0.71875, 0.195711), (0.71875, 0.025), (0.71875, 0.195711), (0.71875, 0.025), (0.71875, 0.125), (0.71875, 0.025), (0.71875, 0.125), (0.71875, 0.025), (0.71875, 0.125), (0.71875, 0.025), (0.71875, 0.225), (0.71875, 0.225), (0.71875, 0.025), (0.71875, 0.195711), (0.71875, 0.195711), (0.71875, 0.025), (0.71875, 0.125), (0.71875, 0.225), (0.71875, 0.125), (0.71875, 0.225), (0.71875, 0.225), (0.71875, 0.125), (0.71875, 0.125), (0.71875, 0.225), (0.71875, 0.025), (0.71875, 0.125), (0.71875, 0.195711), (0.71875, 0.025), (0.71875, 0.225), (0.71875, 0.125), (0.71875, 0.025), (0.71875, 0.195711), (0.71875, 0.025), (0.71875, 0.125), (0.71875, 0.025), (0.71875, 0.125), (0.71875, 0.025), (0.71875, 0.025), (0.71875, 0.025), (0.71875, 0.125), (0.71875, 0.125), (0.71875, 0.125), (0.71875, 0.025), (0.71875, 0.025), (0.71875, 0.025), (0.71875, 0.125), (0.71875, 0.125), (0.71875, 0.125), (0.71875, 0.025), (0.71875, 0.025), (0.71875, 0.025), (0.71875, 0.125), (0.71875, 0.125), (0.71875, 0.195711), (0.71875, 0.125), (0.71875, 0.125), (0.71875, 0.125), (0.71875, 0.195711), (0.71875, 0.195711), (0.71875, 0.195711), (0.71875, 0.225), (0.71875, 0.195711), (0.71875, 0.225), (0.71875, 0.195711), (0.71875, 0.225), (0.71875, 0.225), (0.71875, 0.225), (0.71875, 0.225), (0.71875, 0.225), (0.71875, 0.225), (0.71875, 0.225), (0.71875, 0.225), (0.71875, 0.195711), (0.71875, 0.225), (0.71875, 0.195711), (0.71875, 0.225), (0.71875, 0.195711), (0.71875, 0.125), (0.71875, 0.195711), (0.71875, 0.195711), (0.71875, 0.195711), (0.71875, 0.125), (0.71875, 0.125), (0.71875, 0.025), (0.71875, 0.125), (0.71875, 0.125), (0.71875, 0.125), (0.71875, 0.025), (0.71875, 0.025), (0.71875, 0.125), (0.71875, 0.125), (0.71875, 0.125), (0.71875, 0.125), (0.71875, 0.125), (0.71875, 0.125), (0.71875, 0.025), (0.71875, 0.195711), (0.71875, 0.125), (0.71875, 0.025), (0.71875, 0.225), (0.71875, 0.195711), (0.71875, 0.025), (0.71875, 0.225), (0.71875, 0.025), (0.71875, 0.125), (0.71875, 0.225), (0.71875, 0.025), (0.71875, 0.125), (0.71875, 0.225), (0.71875, 0.125), (0.71875, 0.225), (0.71875, 0.125), (0.71875, 0.225), (0.71875, 0.025), (0.71875, 0.225), (0.71875, 0.125), (0.71875, 0.025), (0.71875, 0.195711), (0.71875, 0.225), (0.71875, 0.025), (0.71875, 0.195711), (0.71875, 0.025), (0.71875, 0.195711), (0.71875, 0.025), (0.71875, 0.125), (0.71875, 0.025), (0.71875, 0.125), (0.71875, 0.025), (0.71875, 0.125), (0.71875, 0.025), (0.71875, 0.225), (0.71875, 0.225), (0.71875, 0.025), (0.71875, 0.195711), (0.71875, 0.195711), (0.71875, 0.025), (0.71875, 0.125), (0.71875, 0.225), (0.71875, 0.125), (0.71875, 0.225), (0.71875, 0.225), (0.71875, 0.125), (0.71875, 0.125), (0.71875, 0.225), (0.71875, 0.025), (0.71875, 0.125), (0.71875, 0.195711), (0.71875, 0.025), (0.71875, 0.225), (0.71875, 0.125), (0.71875, 0.025), (0.71875, 0.195711), (0.71875, 0.025), (0.71875, 0.125), (0.71875, 0.025), (0.71875, 0.125), (0.71875, 0.025), (0.71875, 0.025), (0.71875, 0.025), (0.71875, 0.125), (0.71875, 0.125), (0.71875, 0.125), (0.71875, 0.025), (0.71875, 0.025), (0.71875, 0.025), (0.71875, 0.125), (0.71875, 0.125), (0.71875, 0.125), (0.71875, 0.025), (0.71875, 0.025), (0.71875, 0.025), (0.71875, 0.125), (0.71875, 0.125), (0.71875, 0.195711), (0.71875, 0.125), (0.71875, 0.125), (0.71875, 0.125), (0.71875, 0.195711), (0.71875, 0.195711), (0.71875, 0.195711), (0.71875, 0.225), (0.71875, 0.195711), (0.71875, 0.225), (0.71875, 0.195711), (0.71875, 0.225), (0.71875, 0.225), (0.71875, 0.225), (0.71875, 0.225), (0.71875, 0.225), (0.71875, 0.225), (0.71875, 0.225), (0.71875, 0.225), (0.71875, 0.195711), (0.71875, 0.225), (0.71875, 0.195711), (0.71875, 0.225), (0.71875, 0.195711), (0.71875, 0.125), (0.71875, 0.195711), (0.71875, 0.195711), (0.71875, 0.195711), (0.71875, 0.125), (0.71875, 0.125), (0.71875, 0.025), (0.71875, 0.125), (0.71875, 0.125), (0.71875, 0.125), (0.71875, 0.025), (0.71875, 0.025), (0.71875, 0.125), (0.71875, 0.125), (0.71875, 0.125), (0.71875, 0.125), (0.71875, 0.125), (0.71875, 0.125), (0.71875, 0.025), (0.71875, 0.195711), (0.71875, 0.125), (0.71875, 0.025), (0.71875, 0.225), (0.71875, 0.195711), (0.71875, 0.025), (0.71875, 0.225), (0.71875, 0.025), (0.71875, 0.125), (0.71875, 0.225), (0.71875, 0.025), (0.71875, 0.125), (0.71875, 0.225), (0.71875, 0.125), (0.71875, 0.225), (0.71875, 0.125), (0.71875, 0.225), (0.71875, 0.025), (0.71875, 0.225), (0.71875, 0.125), (0.71875, 0.025), (0.71875, 0.195711), (0.71875, 0.225), (0.71875, 0.025), (0.71875, 0.195711), (0.71875, 0.025), (0.71875, 0.195711), (0.71875, 0.025), (0.71875, 0.125), (0.71875, 0.025), (0.71875, 0.125), (0.71875, 0.025), (0.71875, 0.125), (0.71875, 0.025), (0.71875, 0.225), (0.71875, 0.225), (0.71875, 0.025), (0.71875, 0.195711), (0.71875, 0.195711), (0.71875, 0.025), (0.71875, 0.125), (0.71875, 0.225), (0.71875, 0.125), (0.71875, 0.225), (0.71875, 0.225), (0.71875, 0.125), (0.71875, 0.125), (0.71875, 0.225), (0.71875, 0.025), (0.71875, 0.125), (0.71875, 0.195711), (0.71875, 0.025), (0.71875, 0.225), (0.71875, 0.125), (0.71875, 0.025), (0.71875, 0.195711), (0.71875, 0.025), (0.71875, 0.125), (0.71875, 0.025), (0.71875, 0.125), (0.71875, 0.025), (0.71875, 0.025), (0.71875, 0.025), (0.71875, 0.125), (0.71875, 0.125), (0.71875, 0.125), (0.71875, 0.025), (0.71875, 0.025), (0.71875, 0.025), (0.71875, 0.125), (0.71875, 0.125), (0.71875, 0.125), (0.71875, 0.025), (0.71875, 0.025), (0.71875, 0.025), (0.71875, 0.125), (0.71875, 0.125), (0.71875, 0.195711), (0.71875, 0.125), (0.71875, 0.125), (0.71875, 0.125), (0.71875, 0.195711), (0.71875, 0.195711), (0.71875, 0.195711), (0.71875, 0.225), (0.71875, 0.195711), (0.71875, 0.225), (0.71875, 0.195711), (0.71875, 0.225), (0.71875, 0.225), (0.71875, 0.225), (0.71875, 0.225), (0.71875, 0.225), (0.71875, 0.225), (0.71875, 0.225), (0.71875, 0.225), (0.71875, 0.195711), (0.71875, 0.225), (0.71875, 0.195711), (0.71875, 0.225), (0.71875, 0.195711), (0.71875, 0.125), (0.71875, 0.195711), (0.71875, 0.195711), (0.71875, 0.195711), (0.71875, 0.125), (0.71875, 0.125), (0.71875, 0.025), (0.71875, 0.125), (0.71875, 0.125), (0.71875, 0.125), (0.71875, 0.025), (0.71875, 0.025), (0.71875, 0.125), (0.71875, 0.125), (0.71875, 0.125), (0.71875, 0.125), (0.71875, 0.125), (0.71875, 0.125), (0.71875, 0.025), (0.71875, 0.195711), (0.71875, 0.125), (0.71875, 0.025), (0.71875, 0.225), (0.71875, 0.195711), (0.71875, 0.025), (0.71875, 0.225), (0.71875, 0.025), (0.71875, 0.125), (0.71875, 0.225), (0.71875, 0.025), (0.71875, 0.125), (0.71875, 0.225), (0.71875, 0.125), (0.71875, 0.225), (0.71875, 0.125), (0.71875, 0.225), (0.71875, 0.025), (0.71875, 0.225), (0.71875, 0.125), (0.71875, 0.025), (0.71875, 0.195711), (0.71875, 0.225), (0.71875, 0.025), (0.71875, 0.195711), (0.71875, 0.025), (0.71875, 0.195711), (0.71875, 0.025), (0.71875, 0.125), (0.71875, 0.025), (0.71875, 0.125), (0.71875, 0.025), (0.71875, 0.125), (0.71875, 0.025), (0.71875, 0.225), (0.71875, 0.225), (0.71875, 0.025), (0.71875, 0.195711), (0.71875, 0.195711), (0.71875, 0.025), (0.71875, 0.125), (0.71875, 0.225), (0.71875, 0.125), (0.71875, 0.225), (0.71875, 0.225), (0.71875, 0.125), (0.71875, 0.125), (0.71875, 0.225), (0.71875, 0.025), (0.71875, 0.125), (0.71875, 0.195711), (0.71875, 0.025), (0.71875, 0.225), (0.71875, 0.125), (0.71875, 0.025), (0.71875, 0.195711), (0.71875, 0.025), (0.71875, 0.125), (0.71875, 0.025), (0.71875, 0.125), (0.71875, 0.025), (0.71875, 0.025), (0.71875, 0.025), (0.71875, 0.125), (0.71875, 0.125), (0.71875, 0.125), (0.71875, 0.025), (0.71875, 0.025), (0.71875, 0.025), (0.71875, 0.125), (0.71875, 0.125), (0.71875, 0.125), (0.71875, 0.025), (0.71875, 0.025), (0.71875, 0.025), (0.71875, 0.125), (0.71875, 0.125), (0.71875, 0.195711), (0.71875, 0.125), (0.71875, 0.125), (0.71875, 0.125), (0.71875, 0.195711), (0.71875, 0.195711), (0.71875, 0.195711), (0.71875, 0.225), (0.71875, 0.195711), (0.71875, 0.225), (0.71875, 0.195711), (0.71875, 0.225), (0.71875, 0.225), (0.71875, 0.225), (0.71875, 0.225), (0.71875, 0.225), (0.71875, 0.225), (0.71875, 0.225), (0.71875, 0.225), (0.71875, 0.195711), (0.71875, 0.225), (0.71875, 0.195711), (0.71875, 0.225), (0.71875, 0.195711), (0.71875, 0.125), (0.71875, 0.195711), (0.71875, 0.195711), (0.71875, 0.195711), (0.71875, 0.125), (0.71875, 0.125), (0.71875, 0.025), (0.71875, 0.125), (0.71875, 0.125), (0.71875, 0.125), (0.71875, 0.025), (0.71875, 0.025), (0.71875, 0.125), (0.71875, 0.125), (0.71875, 0.125), (0.71875, 0.125), (0.71875, 0.125), (0.71875, 0.125), (0.71875, 0.025), (0.71875, 0.195711), (0.71875, 0.125), (0.71875, 0.025), (0.71875, 0.195711), (0.71875, 0.025), (0.71875, 0.125), (0.71875, 0.195711), (0.71875, 0.025), (0.71875, 0.125), (0.71875, 0.225), (0.71875, 0.195711), (0.71875, 0.125), (0.71875, 0.225), (0.71875, 0.125), (0.71875, 0.225), (0.71875, 0.125), (0.71875, 0.225), (0.71875, 0.025), (0.71875, 0.225), (0.71875, 0.125), (0.71875, 0.025), (0.71875, 0.195711), (0.71875, 0.225), (0.71875, 0.025), (0.71875, 0.195711), (0.71875, 0.025), (0.71875, 0.195711), (0.71875, 0.025), (0.71875, 0.125), (0.71875, 0.025), (0.71875, 0.125), (0.71875, 0.025), (0.71875, 0.125), (0.71875, 0.025), (0.71875, 0.225), (0.71875, 0.225), (0.71875, 0.025), (0.71875, 0.195711), (0.71875, 0.195711), (0.71875, 0.025), (0.71875, 0.125), (0.71875, 0.225), (0.71875, 0.125), (0.71875, 0.225), (0.71875, 0.225), (0.71875, 0.125), (0.71875, 0.125), (0.71875, 0.225), (0.71875, 0.025), (0.71875, 0.125), (0.71875, 0.195711), (0.71875, 0.025), (0.71875, 0.225), (0.71875, 0.125), (0.71875, 0.025), (0.71875, 0.195711), (0.71875, 0.025), (0.71875, 0.125), (0.71875, 0.025), (0.71875, 0.125), (0.71875, 0.025), (0.71875, 0.025), (0.71875, 0.025), (0.71875, 0.125), (0.71875, 0.125), (0.71875, 0.125), (0.71875, 0.025), (0.71875, 0.025), (0.71875, 0.025), (0.71875, 0.125), (0.71875, 0.125), (0.71875, 0.125), (0.71875, 0.025), (0.71875, 0.025), (0.71875, 0.025), (0.71875, 0.125), (0.71875, 0.125), (0.71875, 0.195711), (0.71875, 0.125), (0.71875, 0.125), (0.71875, 0.125), (0.71875, 0.195711), (0.71875, 0.195711), (0.71875, 0.195711), (0.71875, 0.225), (0.71875, 0.195711), (0.71875, 0.225), (0.71875, 0.195711), (0.71875, 0.225), (0.71875, 0.225), (0.71875, 0.225), (0.71875, 0.225), (0.71875, 0.225), (0.71875, 0.225), (0.71875, 0.225), (0.71875, 0.225), (0.71875, 0.195711), (0.71875, 0.225), (0.71875, 0.195711), (0.71875, 0.225), (0.71875, 0.195711), (0.71875, 0.125), (0.71875, 0.195711), (0.71875, 0.195711), (0.71875, 0.195711), (0.71875, 0.125), (0.71875, 0.125), (0.71875, 0.025), (0.71875, 0.125), (0.71875, 0.125), (0.71875, 0.125), (0.71875, 0.025), (0.71875, 0.025), (0.71875, 0.125), (0.71875, 0.125), (0.71875, 0.125), (0.71875, 0.125), (0.71875, 0.125), (0.71875, 0.125), (0.71875, 0.025), (0.71875, 0.125), (0.71875, 0.025), (0.71875, 0.125), (0.71875, 0.025), (0.71875, 0.225), (0.71875, 0.225), (0.71875, 0.025), (0.71875, 0.195711), (0.71875, 0.195711), (0.71875, 0.025), (0.71875, 0.125), (0.71875, 0.225), (0.71875, 0.125), (0.71875, 0.225), (0.71875, 0.225), (0.71875, 0.125), (0.71875, 0.125), (0.71875, 0.225), (0.71875, 0.025), (0.71875, 0.125), (0.71875, 0.195711), (0.71875, 0.025), (0.71875, 0.225), (0.71875, 0.125), (0.71875, 0.025), (0.71875, 0.195711), (0.71875, 0.025), (0.71875, 0.125), (0.71875, 0.025), (0.71875, 0.025), (0.71875, 0.195711), (0.71875, 0.125), (0.71875, 0.025), (0.71875, 0.225), (0.71875, 0.195711), (0.71875, 0.025), (0.71875, 0.225), (0.71875, 0.025), (0.71875, 0.125), (0.71875, 0.225), (0.71875, 0.025), (0.71875, 0.125), (0.71875, 0.225), (0.71875, 0.125), (0.71875, 0.225), (0.71875, 0.125), (0.71875, 0.225), (0.71875, 0.025), (0.71875, 0.225), (0.71875, 0.125), (0.71875, 0.025), (0.71875, 0.195711), (0.71875, 0.225), (0.71875, 0.025), (0.71875, 0.195711), (0.71875, 0.025), (0.71875, 0.195711), (0.71875, 0.025), (0.71875, 0.125), (0.71875, 0.125), (0.71875, 0.025), (0.71875, 0.025), (0.71875, 0.025), (0.71875, 0.125), (0.71875, 0.125), (0.71875, 0.125), (0.71875, 0.025), (0.71875, 0.025), (0.71875, 0.025), (0.71875, 0.125), (0.71875, 0.125), (0.71875, 0.125), (0.71875, 0.025), (0.71875, 0.025), (0.71875, 0.025), (0.71875, 0.125), (0.71875, 0.125), (0.71875, 0.195711), (0.71875, 0.125), (0.71875, 0.125), (0.71875, 0.125), (0.71875, 0.195711), (0.71875, 0.195711), (0.71875, 0.195711), (0.71875, 0.225), (0.71875, 0.195711), (0.71875, 0.225), (0.71875, 0.195711), (0.71875, 0.225), (0.71875, 0.225), (0.71875, 0.225), (0.71875, 0.225), (0.71875, 0.225), (0.71875, 0.225), (0.71875, 0.225), (0.71875, 0.225), (0.71875, 0.195711), (0.71875, 0.225), (0.71875, 0.195711), (0.71875, 0.225), (0.71875, 0.195711), (0.71875, 0.125), (0.71875, 0.195711), (0.71875, 0.195711), (0.71875, 0.195711), (0.71875, 0.125), (0.71875, 0.125), (0.71875, 0.025), (0.71875, 0.125), (0.71875, 0.125), (0.71875, 0.125), (0.71875, 0.025), (0.71875, 0.025), (0.71875, 0.125), (0.71875, 0.125), (0.71875, 0.125), (0.71875, 0.125), (0.71875, 0.125), (0.71875, 0.125), (0.71875, 0.025), (0.71875, 0.195711), (0.71875, 0.125), (0.71875, 0.025), (0.71875, 0.195711), (0.71875, 0.025), (0.71875, 0.125), (0.71875, 0.195711), (0.71875, 0.025), (0.71875, 0.125), (0.71875, 0.225), (0.71875, 0.195711), (0.71875, 0.125), (0.71875, 0.225), (0.71875, 0.125), (0.71875, 0.225), (0.71875, 0.125), (0.71875, 0.225), (0.71875, 0.025), (0.71875, 0.225), (0.71875, 0.125), (0.71875, 0.025), (0.71875, 0.195711), (0.71875, 0.225), (0.71875, 0.025), (0.71875, 0.195711), (0.71875, 0.025), (0.71875, 0.195711), (0.71875, 0.025), (0.71875, 0.125), (0.71875, 0.025), (0.71875, 0.125), (0.71875, 0.025), (0.71875, 0.125), (0.71875, 0.025), (0.71875, 0.225), (0.71875, 0.225), (0.71875, 0.025), (0.71875, 0.195711), (0.71875, 0.195711), (0.71875, 0.025), (0.71875, 0.125), (0.71875, 0.225), (0.71875, 0.125), (0.71875, 0.225), (0.71875, 0.225), (0.71875, 0.125), (0.71875, 0.125), (0.71875, 0.225), (0.71875, 0.025), (0.71875, 0.125), (0.71875, 0.195711), (0.71875, 0.025), (0.71875, 0.225), (0.71875, 0.125), (0.71875, 0.025), (0.71875, 0.195711), (0.71875, 0.025), (0.71875, 0.125), (0.71875, 0.025), (0.71875, 0.025), (0.71875, 0.195711), (0.71875, 0.125), (0.71875, 0.025), (0.71875, 0.195711), (0.71875, 0.025), (0.71875, 0.125), (0.71875, 0.195711), (0.71875, 0.025), (0.71875, 0.125), (0.71875, 0.225), (0.71875, 0.195711), (0.71875, 0.125), (0.71875, 0.225), (0.71875, 0.225), (0.71875, 0.125), (0.71875, 0.225), (0.71875, 0.125), (0.71875, 0.225), (0.71875, 0.125), (0.71875, 0.195711), (0.71875, 0.025), (0.71875, 0.195711), (0.71875, 0.125), (0.71875, 0.025), (0.71875, 0.195711), (0.71875, 0.025), (0.71875, 0.195711), (0.71875, 0.025), (0.71875, 0.125), (0.71875, 0.025), (0.71875, 0.125), (0.71875, 0.025), (0.71875, 0.125), (0.71875, 0.025), (0.71875, 0.225), (0.71875, 0.225), (0.71875, 0.025), (0.71875, 0.195711), (0.71875, 0.195711), (0.71875, 0.025), (0.71875, 0.125), (0.71875, 0.225), (0.71875, 0.125), (0.71875, 0.225), (0.71875, 0.225), (0.71875, 0.125), (0.71875, 0.125), (0.71875, 0.225), (0.71875, 0.025), (0.71875, 0.125), (0.71875, 0.195711), (0.71875, 0.025), (0.71875, 0.225), (0.71875, 0.125), (0.71875, 0.025), (0.71875, 0.195711), (0.71875, 0.025), (0.71875, 0.125), (0.71875, 0.025), (0.71875, 0.125), (0.71875, 0.025), (0.71875, 0.025), (0.71875, 0.025), (0.71875, 0.125), (0.71875, 0.125), (0.71875, 0.125), (0.71875, 0.025), (0.71875, 0.025), (0.71875, 0.025), (0.71875, 0.125), (0.71875, 0.125), (0.71875, 0.195711), (0.71875, 0.125), (0.71875, 0.125), (0.71875, 0.125), (0.71875, 0.195711), (0.71875, 0.195711), (0.71875, 0.195711), (0.71875, 0.225), (0.71875, 0.195711), (0.71875, 0.225), (0.71875, 0.195711), (0.71875, 0.225), (0.71875, 0.225), (0.71875, 0.225), (0.71875, 0.225), (0.71875, 0.225), (0.71875, 0.225), (0.71875, 0.225), (0.71875, 0.225), (0.71875, 0.195711), (0.71875, 0.225), (0.71875, 0.195711), (0.71875, 0.225), (0.71875, 0.195711), (0.71875, 0.125), (0.71875, 0.195711), (0.71875, 0.195711), (0.71875, 0.195711), (0.71875, 0.125), (0.71875, 0.125), (0.71875, 0.025), (0.71875, 0.125), (0.71875, 0.125), (0.71875, 0.125), (0.71875, 0.025), (0.71875, 0.025), (0.71875, 0.125), (0.71875, 0.125), (0.71875, 0.125), (0.71875, 0.125), (0.71875, 0.125), (0.71875, 0.125), (0.71875, 0.125), (0.71875, 0.025), (0.71875, 0.025), (0.71875, 0.025), (0.71875, 0.125), (0.71875, 0.125), (0.71875, 0.125), (0.71875, 0.125), (0.71875, 0.125), (0.71875, 0.125), (0.71875, 0.125), (0.71875, 0.125), (0.71875, 0.125), (0.71875, 0.025), (0.71875, 0.025), (0.71875, 0.025), (0.71875, 0.125), (0.71875, 0.125), (0.71875, 0.195711), (0.71875, 0.125), (0.71875, 0.125), (0.71875, 0.125), (0.71875, 0.195711), (0.71875, 0.195711), (0.71875, 0.225), (0.71875, 0.195711), (0.71875, 0.195711), (0.71875, 0.195711), (0.71875, 0.225), (0.71875, 0.225), (0.71875, 0.225), (0.71875, 0.225), (0.71875, 0.225), (0.71875, 0.225), (0.71875, 0.225), (0.71875, 0.225), (0.71875, 0.195711), (0.71875, 0.225), (0.71875, 0.225), (0.71875, 0.225), (0.71875, 0.195711), (0.71875, 0.195711), (0.71875, 0.125), (0.71875, 0.195711), (0.71875, 0.195711), (0.71875, 0.195711), (0.71875, 0.125), (0.71875, 0.125), (0.71875, 0.025), (0.71875, 0.125), (0.71875, 0.125), (0.71875, 0.125), (0.71875, 0.025), (0.71875, 0.025), (0.71875, 0.025), (0.71875, 0.125), (0.71875, 0.025), (0.71875, 0.125), (0.71875, 0.025), (0.71875, 0.225), (0.71875, 0.225), (0.71875, 0.025), (0.71875, 0.195711), (0.71875, 0.195711), (0.71875, 0.025), (0.71875, 0.125), (0.71875, 0.225), (0.71875, 0.125), (0.71875, 0.225), (0.71875, 0.225), (0.71875, 0.125), (0.71875, 0.125), (0.71875, 0.195711), (0.71875, 0.125), (0.71875, 0.225), (0.71875, 0.195711), (0.71875, 0.025), (0.71875, 0.125), (0.71875, 0.125), (0.71875, 0.025), (0.71875, 0.195711), (0.71875, 0.025), (0.71875, 0.125), (0.71875, 0.025), (0.71875, 0.025), (0.71875, 0.195711), (0.71875, 0.125), (0.71875, 0.025), (0.71875, 0.195711), (0.71875, 0.025), (0.71875, 0.125), (0.71875, 0.195711), (0.71875, 0.025), (0.71875, 0.125), (0.71875, 0.225), (0.71875, 0.195711), (0.71875, 0.125), (0.71875, 0.225), (0.71875, 0.125), (0.71875, 0.225), (0.71875, 0.125), (0.71875, 0.225), (0.71875, 0.025), (0.71875, 0.225), (0.71875, 0.125), (0.71875, 0.025), (0.71875, 0.195711), (0.71875, 0.225), (0.71875, 0.025), (0.71875, 0.195711), (0.71875, 0.025), (0.71875, 0.195711), (0.71875, 0.025), (0.71875, 0.125), (0.71875, 0.125), (0.71875, 0.025), (0.71875, 0.025), (0.71875, 0.025), (0.71875, 0.125), (0.71875, 0.125), (0.71875, 0.125), (0.71875, 0.025), (0.71875, 0.025), (0.71875, 0.025), (0.71875, 0.125), (0.71875, 0.125), (0.71875, 0.125), (0.71875, 0.025), (0.71875, 0.025), (0.71875, 0.025), (0.71875, 0.125), (0.71875, 0.125), (0.71875, 0.125), (0.71875, 0.025), (0.71875, 0.025), (0.71875, 0.025), (0.71875, 0.125), (0.71875, 0.125), (0.71875, 0.125), (0.71875, 0.025), (0.71875, 0.025), (0.71875, 0.025), (0.71875, 0.125), (0.71875, 0.125), (0.71875, 0.195711), (0.71875, 0.125), (0.71875, 0.125), (0.71875, 0.125), (0.71875, 0.195711), (0.71875, 0.195711), (0.71875, 0.195711), (0.71875, 0.225), (0.71875, 0.195711), (0.71875, 0.225), (0.71875, 0.195711), (0.71875, 0.225), (0.71875, 0.225), (0.71875, 0.225), (0.71875, 0.225), (0.71875, 0.225), (0.71875, 0.225), (0.71875, 0.225), (0.71875, 0.225), (0.71875, 0.195711), (0.71875, 0.225), (0.71875, 0.195711), (0.71875, 0.225), (0.71875, 0.195711), (0.71875, 0.125), (0.71875, 0.195711), (0.71875, 0.195711), (0.71875, 0.195711), (0.71875, 0.125), (0.71875, 0.125), (0.71875, 0.025), (0.71875, 0.125), (0.71875, 0.125), (0.71875, 0.125), (0.71875, 0.025), (0.71875, 0.025), (0.71875, 0.125), (0.71875, 0.125), (0.71875, 0.125), (0.71875, 0.125), (0.71875, 0.125), (0.71875, 0.125), (0.71875, 0.025), (0.71875, 0.125), (0.71875, 0.025), (0.71875, 0.125), (0.71875, 0.025), (0.71875, 0.225), (0.71875, 0.225), (0.71875, 0.025), (0.71875, 0.195711), (0.71875, 0.195711), (0.71875, 0.025), (0.71875, 0.125), (0.71875, 0.225), (0.71875, 0.125), (0.71875, 0.225), (0.71875, 0.225), (0.71875, 0.125), (0.71875, 0.125), (0.71875, 0.225), (0.71875, 0.025), (0.71875, 0.125), (0.71875, 0.195711), (0.71875, 0.025), (0.71875, 0.225), (0.71875, 0.125), (0.71875, 0.025), (0.71875, 0.195711), (0.71875, 0.025), (0.71875, 0.125), (0.71875, 0.025), (0.71875, 0.025), (0.71875, 0.195711), (0.71875, 0.125), (0.71875, 0.025), (0.71875, 0.225), (0.71875, 0.195711), (0.71875, 0.025), (0.71875, 0.225), (0.71875, 0.025), (0.71875, 0.125), (0.71875, 0.225), (0.71875, 0.025), (0.71875, 0.125), (0.71875, 0.225), (0.71875, 0.125), (0.71875, 0.225), (0.71875, 0.125), (0.71875, 0.225), (0.71875, 0.025), (0.71875, 0.225), (0.71875, 0.125), (0.71875, 0.025), (0.71875, 0.195711), (0.71875, 0.225), (0.71875, 0.025), (0.71875, 0.195711), (0.71875, 0.025), (0.71875, 0.195711), (0.71875, 0.025), (0.71875, 0.125), (0.71875, 0.125), (0.71875, 0.025), (0.71875, 0.025), (0.71875, 0.025), (0.71875, 0.125), (0.71875, 0.125), (0.71875, 0.125), (0.71875, 0.025), (0.71875, 0.025), (0.71875, 0.025), (0.71875, 0.125), (0.71875, 0.125), (0.71875, 0.125), (0.71875, 0.025), (0.71875, 0.025), (0.71875, 0.025), (0.71875, 0.125), (0.71875, 0.125), (0.71875, 0.195711), (0.71875, 0.125), (0.71875, 0.125), (0.71875, 0.125), (0.71875, 0.195711), (0.71875, 0.195711), (0.71875, 0.195711), (0.71875, 0.225), (0.71875, 0.195711), (0.71875, 0.225), (0.71875, 0.195711), (0.71875, 0.225), (0.71875, 0.225), (0.71875, 0.225), (0.71875, 0.225), (0.71875, 0.225), (0.71875, 0.225), (0.71875, 0.225), (0.71875, 0.225), (0.71875, 0.195711), (0.71875, 0.225), (0.71875, 0.195711), (0.71875, 0.225), (0.71875, 0.195711), (0.71875, 0.125), (0.71875, 0.195711), (0.71875, 0.195711), (0.71875, 0.195711), (0.71875, 0.125), (0.71875, 0.125), (0.71875, 0.025), (0.71875, 0.125), (0.71875, 0.125), (0.71875, 0.125), (0.71875, 0.025), (0.71875, 0.025), (0.71875, 0.125), (0.71875, 0.125), (0.71875, 0.125), (0.71875, 0.125), (0.71875, 0.125), (0.71875, 0.125), (0.71875, 0.025), (0.71875, 0.195711), (0.71875, 0.125), (0.71875, 0.025), (0.71875, 0.225), (0.71875, 0.195711), (0.71875, 0.025), (0.71875, 0.225), (0.71875, 0.025), (0.71875, 0.125), (0.71875, 0.225), (0.71875, 0.025), (0.71875, 0.125), (0.71875, 0.225), (0.71875, 0.125), (0.71875, 0.225), (0.71875, 0.125), (0.71875, 0.225), (0.71875, 0.025), (0.71875, 0.225), (0.71875, 0.125), (0.71875, 0.025), (0.71875, 0.195711), (0.71875, 0.225), (0.71875, 0.025), (0.71875, 0.195711), (0.71875, 0.025), (0.71875, 0.195711), (0.71875, 0.025), (0.71875, 0.125), (0.71875, 0.025), (0.71875, 0.125), (0.71875, 0.025), (0.71875, 0.125), (0.71875, 0.025), (0.71875, 0.225), (0.71875, 0.225), (0.71875, 0.025), (0.71875, 0.195711), (0.71875, 0.195711), (0.71875, 0.025), (0.71875, 0.125), (0.71875, 0.225), (0.71875, 0.125), (0.71875, 0.225), (0.71875, 0.225), (0.71875, 0.125), (0.71875, 0.125), (0.71875, 0.225), (0.71875, 0.025), (0.71875, 0.125), (0.71875, 0.195711), (0.71875, 0.025), (0.71875, 0.225), (0.71875, 0.125), (0.71875, 0.025), (0.71875, 0.195711), (0.71875, 0.025), (0.71875, 0.125), (0.71875, 0.025), (0.71875, 0.125), (0.71875, 0.025), (0.71875, 0.025), (0.71875, 0.025), (0.71875, 0.125), (0.71875, 0.125), (0.71875, 0.125), (0.71875, 0.025), (0.71875, 0.025), (0.71875, 0.025), (0.71875, 0.125), (0.71875, 0.125), (0.71875, 0.125), (0.71875, 0.025), (0.71875, 0.025), (0.71875, 0.025), (0.71875, 0.125), (0.71875, 0.125), (0.71875, 0.195711), (0.71875, 0.125), (0.71875, 0.125), (0.71875, 0.125), (0.71875, 0.195711), (0.71875, 0.195711), (0.71875, 0.195711), (0.71875, 0.225), (0.71875, 0.195711), (0.71875, 0.225), (0.71875, 0.195711), (0.71875, 0.225), (0.71875, 0.225), (0.71875, 0.225), (0.71875, 0.225), (0.71875, 0.225), (0.71875, 0.225), (0.71875, 0.225), (0.71875, 0.225), (0.71875, 0.195711), (0.71875, 0.225), (0.71875, 0.195711), (0.71875, 0.225), (0.71875, 0.195711), (0.71875, 0.125), (0.71875, 0.195711), (0.71875, 0.195711), (0.71875, 0.195711), (0.71875, 0.125), (0.71875, 0.125), (0.71875, 0.025), (0.71875, 0.125), (0.71875, 0.125), (0.71875, 0.125), (0.71875, 0.025), (0.71875, 0.025), (0.71875, 0.125), (0.71875, 0.125), (0.71875, 0.125), (0.71875, 0.125), (0.71875, 0.125), (0.71875, 0.125), (0.71875, 0.025), (0.71875, 0.195711), (0.71875, 0.125), (0.71875, 0.025), (0.71875, 0.225), (0.71875, 0.195711), (0.71875, 0.025), (0.71875, 0.225), (0.71875, 0.025), (0.71875, 0.125), (0.71875, 0.225), (0.71875, 0.025), (0.71875, 0.125), (0.71875, 0.225), (0.71875, 0.125), (0.71875, 0.225), (0.71875, 0.125), (0.71875, 0.225), (0.71875, 0.025), (0.71875, 0.225), (0.71875, 0.125), (0.71875, 0.025), (0.71875, 0.195711), (0.71875, 0.225), (0.71875, 0.025), (0.71875, 0.195711), (0.71875, 0.025), (0.71875, 0.195711), (0.71875, 0.025), (0.71875, 0.125), (0.71875, 0.025), (0.71875, 0.125), (0.71875, 0.025), (0.71875, 0.125), (0.71875, 0.025), (0.71875, 0.225), (0.71875, 0.225), (0.71875, 0.025), (0.71875, 0.195711), (0.71875, 0.195711), (0.71875, 0.025), (0.71875, 0.125), (0.71875, 0.225), (0.71875, 0.125), (0.71875, 0.225), (0.71875, 0.225), (0.71875, 0.125), (0.71875, 0.125), (0.71875, 0.225), (0.71875, 0.025), (0.71875, 0.125), (0.71875, 0.195711), (0.71875, 0.025), (0.71875, 0.225), (0.71875, 0.125), (0.71875, 0.025), (0.71875, 0.195711), (0.71875, 0.025), (0.71875, 0.125), (0.71875, 0.025), (0.71875, 0.125), (0.71875, 0.025), (0.71875, 0.025), (0.71875, 0.025), (0.71875, 0.125), (0.71875, 0.125), (0.71875, 0.125), (0.71875, 0.025), (0.71875, 0.025), (0.71875, 0.025), (0.71875, 0.125), (0.71875, 0.125), (0.71875, 0.125), (0.71875, 0.025), (0.71875, 0.025), (0.71875, 0.025), (0.71875, 0.125), (0.71875, 0.125), (0.71875, 0.195711), (0.71875, 0.125), (0.71875, 0.125), (0.71875, 0.125), (0.71875, 0.195711), (0.71875, 0.195711), (0.71875, 0.195711), (0.71875, 0.225), (0.71875, 0.195711), (0.71875, 0.225), (0.71875, 0.195711), (0.71875, 0.225), (0.71875, 0.225), (0.71875, 0.225), (0.71875, 0.225), (0.71875, 0.225), (0.71875, 0.225), (0.71875, 0.225), (0.71875, 0.225), (0.71875, 0.195711), (0.71875, 0.225), (0.71875, 0.195711), (0.71875, 0.225), (0.71875, 0.195711), (0.71875, 0.125), (0.71875, 0.195711), (0.71875, 0.195711), (0.71875, 0.195711), (0.71875, 0.125), (0.71875, 0.125), (0.71875, 0.025), (0.71875, 0.125), (0.71875, 0.125), (0.71875, 0.125), (0.71875, 0.025), (0.71875, 0.025), (0.71875, 0.125), (0.71875, 0.125), (0.71875, 0.125), (0.71875, 0.125), (0.71875, 0.125), (0.71875, 0.125), (0.71875, 0.025), (0.71875, 0.195711), (0.71875, 0.125), (0.71875, 0.025), (0.71875, 0.225), (0.71875, 0.195711), (0.71875, 0.025), (0.71875, 0.225), (0.71875, 0.025), (0.71875, 0.125), (0.71875, 0.225), (0.71875, 0.025), (0.71875, 0.125), (0.71875, 0.225), (0.71875, 0.125), (0.71875, 0.225), (0.71875, 0.125), (0.71875, 0.225), (0.71875, 0.025), (0.71875, 0.225), (0.71875, 0.125), (0.71875, 0.025), (0.71875, 0.195711), (0.71875, 0.225), (0.71875, 0.025), (0.71875, 0.195711), (0.71875, 0.025), (0.71875, 0.195711), (0.71875, 0.025), (0.71875, 0.125), (0.71875, 0.025), (0.71875, 0.125), (0.71875, 0.025), (0.71875, 0.125), (0.71875, 0.025), (0.71875, 0.225), (0.71875, 0.225), (0.71875, 0.025), (0.71875, 0.195711), (0.71875, 0.195711), (0.71875, 0.025), (0.71875, 0.125), (0.71875, 0.225), (0.71875, 0.125), (0.71875, 0.225), (0.71875, 0.225), (0.71875, 0.125), (0.71875, 0.125), (0.71875, 0.225), (0.71875, 0.025), (0.71875, 0.125), (0.71875, 0.195711), (0.71875, 0.025), (0.71875, 0.225), (0.71875, 0.125), (0.71875, 0.025), (0.71875, 0.195711), (0.71875, 0.025), (0.71875, 0.125), (0.71875, 0.025), (0.71875, 0.125), (0.71875, 0.025), (0.71875, 0.025), (0.71875, 0.025), (0.71875, 0.125), (0.71875, 0.125), (0.71875, 0.125), (0.71875, 0.025), (0.71875, 0.025), (0.71875, 0.025), (0.71875, 0.125), (0.71875, 0.125), (0.71875, 0.125), (0.71875, 0.025), (0.71875, 0.025), (0.71875, 0.025), (0.71875, 0.125), (0.71875, 0.125), (0.71875, 0.195711), (0.71875, 0.125), (0.71875, 0.125), (0.71875, 0.125), (0.71875, 0.195711), (0.71875, 0.195711), (0.71875, 0.195711), (0.71875, 0.225), (0.71875, 0.195711), (0.71875, 0.225), (0.71875, 0.195711), (0.71875, 0.225), (0.71875, 0.225), (0.71875, 0.225), (0.71875, 0.225), (0.71875, 0.225), (0.71875, 0.225), (0.71875, 0.225), (0.71875, 0.225), (0.71875, 0.195711), (0.71875, 0.225), (0.71875, 0.195711), (0.71875, 0.225), (0.71875, 0.195711), (0.71875, 0.125), (0.71875, 0.195711), (0.71875, 0.195711), (0.71875, 0.195711), (0.71875, 0.125), (0.71875, 0.125), (0.71875, 0.025), (0.71875, 0.125), (0.71875, 0.125), (0.71875, 0.125), (0.71875, 0.025), (0.71875, 0.025), (0.71875, 0.125), (0.71875, 0.125), (0.71875, 0.125), (0.71875, 0.125), (0.71875, 0.125), (0.71875, 0.125), (0.71875, 0.025), (0.71875, 0.195711), (0.71875, 0.125), (0.71875, 0.025), (0.71875, 0.225), (0.71875, 0.195711), (0.71875, 0.025), (0.71875, 0.225), (0.71875, 0.025), (0.71875, 0.125), (0.71875, 0.225), (0.71875, 0.025), (0.71875, 0.125), (0.71875, 0.225), (0.71875, 0.125), (0.71875, 0.225), (0.71875, 0.125), (0.71875, 0.225), (0.71875, 0.025), (0.71875, 0.225), (0.71875, 0.125), (0.71875, 0.025), (0.71875, 0.195711), (0.71875, 0.225), (0.71875, 0.025), (0.71875, 0.195711), (0.71875, 0.025), (0.71875, 0.195711), (0.71875, 0.025), (0.71875, 0.125), (0.71875, 0.025), (0.71875, 0.125), (0.71875, 0.025), (0.71875, 0.125), (0.71875, 0.025), (0.71875, 0.225), (0.71875, 0.225), (0.71875, 0.025), (0.71875, 0.195711), (0.71875, 0.195711), (0.71875, 0.025), (0.71875, 0.125), (0.71875, 0.225), (0.71875, 0.125), (0.71875, 0.225), (0.71875, 0.225), (0.71875, 0.125), (0.71875, 0.125), (0.71875, 0.225), (0.71875, 0.025), (0.71875, 0.125), (0.71875, 0.195711), (0.71875, 0.025), (0.71875, 0.225), (0.71875, 0.125), (0.71875, 0.025), (0.71875, 0.195711), (0.71875, 0.025), (0.71875, 0.125), (0.71875, 0.025), (0.71875, 0.220158), (0.71875, 0.225), (0.71875, 0.225), (0.71875, 0.210281), (0.71875, 0.225), (0.71875, 0.220158), (0.71875, 0.182682), (0.71875, 0.225), (0.71875, 0.210281), (0.71875, 0.210281), (0.71875, 0.182682), (0.71875, 0.210281), (0.71875, 0.225), (0.71875, 0.182682), (0.71875, 0.182682), (0.71875, 0.182682), (0.71875, 0.225), (0.71875, 0.225), (0.71875, 0.225), (0.71875, 0.182682), (0.71875, 0.182682), (0.71875, 0.210281), (0.71875, 0.182682), (0.71875, 0.182682), (0.71875, 0.182682), (0.71875, 0.210281), (0.71875, 0.210281), (0.71875, 0.182682), (0.71875, 0.210281), (0.71875, 0.225), (0.71875, 0.225), (0.71875, 0.210281), (0.71875, 0.220158), (0.71875, 0.225), (0.71875, 0.220158), (0.71875, 0.225), (0.71875, 0.225), (0.71875, 0.182682), (0.71875, 0.182682), (0.71875, 0.182682), (0.71875, 0.225), (0.71875, 0.225), (0.71875, 0.225), (0.71875, 0.21764), (0.71875, 0.21764), (0.71875, 0.21764), (0.71875, 0.225), (0.71875, 0.220158), (0.71875, 0.220158), (0.71875, 0.225), (0.71875, 0.225), (0.71875, 0.220158), (0.71875, 0.21764), (0.71875, 0.21764), (0.71875, 0.21764), (0.71875, 0.220158), (0.71875, 0.225), (0.71875, 0.225), (0.71875, 0.220158), (0.71875, 0.225), (0.71875, 0.225), (0.71875, 0.21764), (0.71875, 0.21764), (0.71875, 0.21764), (0.71875, 0.225), (0.71875, 0.225), (0.71875, 0.225), (0.71875, 0.21764), (0.71875, 0.21764), (0.71875, 0.21764), (0.71875, 0.225), (0.71875, 0.225), (0.71875, 0.225), (0.71875, 0.195209), (0.71875, 0.195209), (0.71875, 0.195209), (0.71875, 0.225), (0.71875, 0.225), (0.71875, 0.225), (0.71875, 0.195209), (0.71875, 0.195209), (0.71875, 0.195209), (0.71875, 0.225), (0.71875, 0.225), (0.71875, 0.225), (0.71875, 0.225), (0.71875, 0.225), (0.71875, 0.225), (0.71875, 0.225), (0.71875, 0.225), (0.71875, 0.225), (0.71875, 0.225), (0.71875, 0.225), (0.71875, 0.225), (0.71875, 0.225), (0.71875, 0.225), (0.71875, 0.225), (0.71875, 0.225), (0.71875, 0.225), (0.71875, 0.225), (0.71875, 0.225), (0.71875, 0.225), (0.71875, 0.025), (0.71875, 0.225), (0.71875, 0.225), (0.71875, 0.225), (0.71875, 0.025), (0.71875, 0.225), (0.71875, 0.225), (0.71875, 0.025), (0.71875, 0.025), (0.71875, 0.025), (0.71875, 0.225), (0.71875, 0.025), (0.71875, 0.025), (0.71875, 0.225), (0.71875, 0.025), (0.71875, 0.225), (0.71875, 0.025), (0.71875, 0.225), (0.71875, 0.225), (0.71875, 0.025), (0.71875, 0.225), (0.71875, 0.025), (0.71875, 0.225), (0.71875, 0.025), (0.71875, 0.025), (0.71875, 0.225), (0.71875, 0.025), (0.71875, 0.225), (0.71875, 0.025), (0.71875, 0.225), (0.71875, 0.225), (0.71875, 0.025), (0.71875, 0.225), (0.71875, 0.025), (0.71875, 0.225), (0.71875, 0.025), (0.71875, 0.025), (0.71875, 0.225), (0.71875, 0.025), (0.71875, 0.225), (0.71875, 0.025), (0.71875, 0.025), (0.71875, 0.225), (0.71875, 0.025), (0.71875, 0.225), (0.71875, 0.025), (0.71875, 0.225), (0.71875, 0.225), (0.71875, 0.225), (0.71875, 0.225), (0.71875, 0.225), (0.71875, 0.225), (0.71875, 0.225), (0.71875, 0.225), (0.71875, 0.225), (0.71875, 0.225), (0.71875, 0.225), (0.71875, 0.225), (0.71875, 0.225), (0.71875, 0.225), (0.71875, 0.225), (0.71875, 0.225), (0.71875, 0.225), (0.71875, 0.225), (0.71875, 0.225), (0.71875, 0.225), (0.71875, 0.225), (0.71875, 0.225), (0.71875, 0.225), (0.71875, 0.225), (0.71875, 0.225), (0.71875, 0.225), (0.71875, 0.025), (0.71875, 0.225), (0.71875, 0.025), (0.71875, 0.225), (0.71875, 0.025), (0.71875, 0.225), (0.71875, 0.225), (0.71875, 0.025), (0.71875, 0.225), (0.71875, 0.025), (0.71875, 0.225), (0.71875, 0.025), (0.71875, 0.025), (0.71875, 0.225), (0.71875, 0.225), (0.71875, 0.225), (0.71875, 0.025), (0.71875, 0.025), (0.71875, 0.025), (0.71875, 0.225), (0.71875, 0.225), (0.71875, 0.225), (0.71875, 0.025), (0.71875, 0.025), (0.71875, 0.025), (0.71875, 0.225), (0.71875, 0.225), (0.71875, 0.225), (0.71875, 0.025), (0.71875, 0.025), (0.71875, 0.025), (0.71875, 0.225), (0.71875, 0.225), (0.71875, 0.225), (0.71875, 0.025), (0.71875, 0.025), (0.71875, 0.025), (0.71875, 0.225), (0.71875, 0.225), (0.71875, 0.225), (0.71875, 0.025), (0.71875, 0.025), (0.71875, 0.025), (0.71875, 0.225), (0.71875, 0.225), (0.71875, 0.225), (0.71875, 0.025), (0.71875, 0.025), (0.71875, 0.025), (0.71875, 0.225), (0.71875, 0.225), (0.71875, 0.225), (0.71875, 0.025), (0.71875, 0.025), (0.71875, 0.025), (0.71875, 0.225), (0.71875, 0.225), (0.71875, 0.225), (0.71875, 0.025), (0.71875, 0.025), (0.71875, 0.188349), (0.71875, 0.0933255), (0.71875, 0.156674), (0.71875, 0.0933255), (0.71875, 0.188349), (0.71875, 0.0616509), (0.71875, 0.0616509), (0.71875, 0.188349), (0.71875, 0.156674), (0.71875, 0.0616509), (0.71875, 0.156674), (0.71875, 0.0933255), (0.71875, 0.188349), (0.71875, 0.0933255), (0.71875, 0.156674), (0.71875, 0.0933255), (0.71875, 0.188349), (0.71875, 0.0616509), (0.71875, 0.0616509), (0.71875, 0.188349), (0.71875, 0.156674), (0.71875, 0.0616509), (0.71875, 0.156674), (0.71875, 0.0933255), (0.71875, 0.0616509), (0.71875, 0.156674), (0.71875, 0.0933255), (0.71875, 0.156674), (0.71875, 0.0616509), (0.71875, 0.188349), (0.71875, 0.188349), (0.71875, 0.0616509), (0.71875, 0.0933255), (0.71875, 0.188349), (0.71875, 0.0933255), (0.71875, 0.156674), (0.71875, 0.0616509), (0.71875, 0.156674), (0.71875, 0.0933255), (0.71875, 0.156674), (0.71875, 0.0616509), (0.71875, 0.188349), (0.71875, 0.188349), (0.71875, 0.0616509), (0.71875, 0.0933255), (0.71875, 0.188349), (0.71875, 0.0933255), (0.71875, 0.156674), (0.71875, 0.188349), (0.71875, 0.0933255), (0.71875, 0.156674), (0.71875, 0.0933255), (0.71875, 0.188349), (0.71875, 0.0616509), (0.71875, 0.0616509), (0.71875, 0.188349), (0.71875, 0.156674), (0.71875, 0.0616509), (0.71875, 0.156674), (0.71875, 0.0933255), (0.71875, 0.0616509), (0.71875, 0.156674), (0.71875, 0.0933255), (0.71875, 0.156674), (0.71875, 0.0616509), (0.71875, 0.188349), (0.71875, 0.188349), (0.71875, 0.0616509), (0.71875, 0.0933255), (0.71875, 0.188349), (0.71875, 0.0933255), (0.71875, 0.156674), (0.71875, 0.0616509), (0.71875, 0.156674), (0.71875, 0.0933255), (0.71875, 0.156674), (0.71875, 0.0616509), (0.71875, 0.188349), (0.71875, 0.188349), (0.71875, 0.0616509), (0.71875, 0.0933255), (0.71875, 0.188349), (0.71875, 0.0933255), (0.71875, 0.156674), (0.71875, 0.188349), (0.71875, 0.0933255), (0.71875, 0.156674), (0.71875, 0.0933255), (0.71875, 0.188349), (0.71875, 0.0616509), (0.71875, 0.0616509), (0.71875, 0.188349), (0.71875, 0.156674), (0.71875, 0.0616509), (0.71875, 0.156674), (0.71875, 0.0933255), (0.71875, 0.188349), (0.71875, 0.0933255), (0.71875, 0.156674), (0.71875, 0.0933255), (0.71875, 0.188349), (0.71875, 0.0616509), (0.71875, 0.0616509), (0.71875, 0.188349), (0.71875, 0.156674), (0.71875, 0.0616509), (0.71875, 0.156674), (0.71875, 0.0933255), (0.71875, 0.0616509), (0.71875, 0.156674), (0.71875, 0.0933255), (0.71875, 0.156674), (0.71875, 0.0616509), (0.71875, 0.188349), (0.71875, 0.188349), (0.71875, 0.0616509), (0.71875, 0.0933255), (0.71875, 0.188349), (0.71875, 0.0933255), (0.71875, 0.156674), (0.71875, 0.0616509), (0.71875, 0.156674), (0.71875, 0.0933255), (0.71875, 0.156674), (0.71875, 0.0616509), (0.71875, 0.188349), (0.71875, 0.188349), (0.71875, 0.0616509), (0.71875, 0.0933255), (0.71875, 0.188349), (0.71875, 0.0933255), (0.71875, 0.156674), (0.71875, 0.188349), (0.71875, 0.0933255), (0.71875, 0.156674), (0.71875, 0.0933255), (0.71875, 0.188349), (0.71875, 0.0616509), (0.71875, 0.0616509), (0.71875, 0.188349), (0.71875, 0.156674), (0.71875, 0.0616509), (0.71875, 0.156674), (0.71875, 0.0933255), (0.71875, 0.0616509), (0.71875, 0.156674), (0.71875, 0.0933255), (0.71875, 0.156674), (0.71875, 0.0616509), (0.71875, 0.188349), (0.71875, 0.188349), (0.71875, 0.0616509), (0.71875, 0.0933255), (0.71875, 0.188349), (0.71875, 0.0933255), (0.71875, 0.156674), (0.71875, 0.188349), (0.71875, 0.0933255), (0.71875, 0.156674), (0.71875, 0.0933255), (0.71875, 0.188349), (0.71875, 0.0616509), (0.71875, 0.0616509), (0.71875, 0.188349), (0.71875, 0.156674), (0.71875, 0.0616509), (0.71875, 0.156674), (0.71875, 0.0933255), (0.71875, 0.188349), (0.71875, 0.0933255), (0.71875, 0.156674), (0.71875, 0.0933255), (0.71875, 0.188349), (0.71875, 0.0616509), (0.71875, 0.0616509), (0.71875, 0.188349), (0.71875, 0.156674), (0.71875, 0.0616509), (0.71875, 0.156674), (0.71875, 0.0933255), (0.71875, 0.0616509), (0.71875, 0.156674), (0.71875, 0.0933255), (0.71875, 0.156674), (0.71875, 0.0616509), (0.71875, 0.188349), (0.71875, 0.188349), (0.71875, 0.0616509), (0.71875, 0.0933255), (0.71875, 0.188349), (0.71875, 0.0933255), (0.71875, 0.156674), (0.71875, 0.225), (0.71875, 0.225), (0.71875, 0.225), (0.71875, 0.225), (0.71875, 0.225), (0.71875, 0.225), (0.71875, 0.225), (0.71875, 0.225), (0.71875, 0.225), (0.71875, 0.225), (0.71875, 0.225), (0.71875, 0.225), (0.71875, 0.225), (0.71875, 0.225), (0.71875, 0.225), (0.71875, 0.225), (0.71875, 0.225), (0.71875, 0.225), (0.71875, 0.025), (0.71875, 0.225), (0.71875, 0.225), (0.71875, 0.225), (0.71875, 0.025), (0.71875, 0.225), (0.71875, 0.225), (0.71875, 0.025), (0.71875, 0.025), (0.71875, 0.025), (0.71875, 0.225), (0.71875, 0.025), (0.71875, 0.025), (0.71875, 0.225), (0.71875, 0.225), (0.71875, 0.225), (0.71875, 0.025), (0.71875, 0.025), (0.71875, 0.225), (0.71875, 0.025), (0.71875, 0.225), (0.71875, 0.025), (0.71875, 0.225), (0.71875, 0.025), (0.71875, 0.225), (0.71875, 0.025), (0.71875, 0.025), (0.71875, 0.025), (0.71875, 0.225), (0.71875, 0.225), (0.71875, 0.025), (0.71875, 0.225), (0.71875, 0.225), (0.71875, 0.225), (0.71875, 0.025), (0.71875, 0.025), (0.71875, 0.225), (0.71875, 0.025), (0.71875, 0.025), (0.71875, 0.025), (0.71875, 0.225), (0.71875, 0.025), (0.71875, 0.025), (0.71875, 0.225), (0.71875, 0.225), (0.71875, 0.225), (0.71875, 0.025), (0.71875, 0.225), (0.71875, 0.025), (0.71875, 0.025), (0.71875, 0.106057), (0.71875, 0.025), (0.71875, 0.106057), (0.71875, 0.025), (0.71875, 0.154515), (0.71875, 0.106057), (0.71875, 0.154515), (0.71875, 0.106057), (0.71875, 0.154515), (0.71875, 0.025), (0.71875, 0.154515), (0.71875, 0.025), (0.71875, 0.154515), (0.71875, 0.025), (0.71875, 0.154515), (0.71875, 0.025), (0.71875, 0.154515), (0.71875, 0.025), (0.71875, 0.154515), (0.71875, 0.025), (0.71875, 0.154515), (0.71875, 0.025), (0.71875, 0.154515), (0.71875, 0.025), (0.71875, 0.154515), (0.71875, 0.025), (0.71875, 0.154515), (0.71875, 0.106057), (0.71875, 0.154515), (0.71875, 0.106057), (0.71875, 0.154515), (0.71875, 0.106057), (0.71875, 0.154515), (0.71875, 0.025), (0.71875, 0.154515), (0.71875, 0.025), (0.71875, 0.154515), (0.71875, 0.025), (0.71875, 0.154515), (0.71875, 0.025), (0.71875, 0.154515), (0.71875, 0.025), (0.71875, 0.154515), (0.71875, 0.025), (0.71875, 0.154515), (0.71875, 0.025), (0.71875, 0.154515), (0.71875, 0.025), (0.71875, 0.154515), (0.71875, 0.025), (0.71875, 0.154515), (0.71875, 0.106057), (0.71875, 0.025), (0.71875, 0.025), (0.71875, 0.106057), (0.71875, 0.025), (0.71875, 0.106057), (0.71875, 0.025), (0.71875, 0.154515), (0.71875, 0.106057), (0.71875, 0.154515), (0.71875, 0.106057), (0.71875, 0.154515), (0.71875, 0.025), (0.71875, 0.154515), (0.71875, 0.025), (0.71875, 0.154515), (0.71875, 0.025), (0.71875, 0.154515), (0.71875, 0.025), (0.71875, 0.154515), (0.71875, 0.025), (0.71875, 0.154515), (0.71875, 0.025), (0.71875, 0.154515), (0.71875, 0.025), (0.71875, 0.154515), (0.71875, 0.025), (0.71875, 0.154515), (0.71875, 0.025), (0.71875, 0.154515), (0.71875, 0.106057), (0.71875, 0.154515), (0.71875, 0.106057), (0.71875, 0.154515), (0.71875, 0.106057), (0.71875, 0.154515), (0.71875, 0.025), (0.71875, 0.154515), (0.71875, 0.025), (0.71875, 0.154515), (0.71875, 0.025), (0.71875, 0.154515), (0.71875, 0.025), (0.71875, 0.154515), (0.71875, 0.025), (0.71875, 0.154515), (0.71875, 0.025), (0.71875, 0.154515), (0.71875, 0.025), (0.71875, 0.154515), (0.71875, 0.025), (0.71875, 0.154515), (0.71875, 0.025), (0.71875, 0.154515), (0.71875, 0.106057), (0.71875, 0.025), (0.71875, 0.025), (0.71875, 0.106057), (0.71875, 0.025), (0.71875, 0.106057), (0.71875, 0.025), (0.71875, 0.154515), (0.71875, 0.106057), (0.71875, 0.154515), (0.71875, 0.106057), (0.71875, 0.154515), (0.71875, 0.025), (0.71875, 0.154515), (0.71875, 0.025), (0.71875, 0.154515), (0.71875, 0.025), (0.71875, 0.154515), (0.71875, 0.025), (0.71875, 0.154515), (0.71875, 0.025), (0.71875, 0.154515), (0.71875, 0.025), (0.71875, 0.154515), (0.71875, 0.025), (0.71875, 0.154515), (0.71875, 0.025), (0.71875, 0.154515), (0.71875, 0.025), (0.71875, 0.154515), (0.71875, 0.106057), (0.71875, 0.154515), (0.71875, 0.106057), (0.71875, 0.154515), (0.71875, 0.106057), (0.71875, 0.154515), (0.71875, 0.025), (0.71875, 0.154515), (0.71875, 0.025), (0.71875, 0.154515), (0.71875, 0.025), (0.71875, 0.154515), (0.71875, 0.025), (0.71875, 0.154515), (0.71875, 0.025), (0.71875, 0.154515), (0.71875, 0.025), (0.71875, 0.154515), (0.71875, 0.025), (0.71875, 0.154515), (0.71875, 0.025), (0.71875, 0.154515), (0.71875, 0.025), (0.71875, 0.154515), (0.71875, 0.106057), (0.71875, 0.025), (0.71875, 0.025), (0.71875, 0.106057), (0.71875, 0.025), (0.71875, 0.106057), (0.71875, 0.025), (0.71875, 0.154515), (0.71875, 0.106057), (0.71875, 0.154515), (0.71875, 0.106057), (0.71875, 0.154515), (0.71875, 0.025), (0.71875, 0.154515), (0.71875, 0.025), (0.71875, 0.154515), (0.71875, 0.025), (0.71875, 0.154515), (0.71875, 0.025), (0.71875, 0.154515), (0.71875, 0.025), (0.71875, 0.154515), (0.71875, 0.025), (0.71875, 0.154515), (0.71875, 0.025), (0.71875, 0.154515), (0.71875, 0.025), (0.71875, 0.154515), (0.71875, 0.025), (0.71875, 0.154515), (0.71875, 0.106057), (0.71875, 0.154515), (0.71875, 0.106057), (0.71875, 0.154515), (0.71875, 0.106057), (0.71875, 0.154515), (0.71875, 0.025), (0.71875, 0.154515), (0.71875, 0.025), (0.71875, 0.154515), (0.71875, 0.025), (0.71875, 0.154515), (0.71875, 0.025), (0.71875, 0.154515), (0.71875, 0.025), (0.71875, 0.154515), (0.71875, 0.025), (0.71875, 0.154515), (0.71875, 0.025), (0.71875, 0.154515), (0.71875, 0.025), (0.71875, 0.154515), (0.71875, 0.025), (0.71875, 0.154515), (0.71875, 0.106057), (0.71875, 0.025), (0.71875, 0.025), (0.71875, 0.106057), (0.71875, 0.025), (0.71875, 0.106057), (0.71875, 0.025), (0.71875, 0.154515), (0.71875, 0.106057), (0.71875, 0.154515), (0.71875, 0.106057), (0.71875, 0.154515), (0.71875, 0.025), (0.71875, 0.154515), (0.71875, 0.025), (0.71875, 0.154515), (0.71875, 0.025), (0.71875, 0.154515), (0.71875, 0.025), (0.71875, 0.154515), (0.71875, 0.025), (0.71875, 0.154515), (0.71875, 0.025), (0.71875, 0.154515), (0.71875, 0.025), (0.71875, 0.154515), (0.71875, 0.025), (0.71875, 0.154515), (0.71875, 0.025), (0.71875, 0.154515), (0.71875, 0.106057), (0.71875, 0.154515), (0.71875, 0.106057), (0.71875, 0.154515), (0.71875, 0.106057), (0.71875, 0.154515), (0.71875, 0.025), (0.71875, 0.154515), (0.71875, 0.025), (0.71875, 0.154515), (0.71875, 0.025), (0.71875, 0.154515), (0.71875, 0.025), (0.71875, 0.154515), (0.71875, 0.025), (0.71875, 0.154515), (0.71875, 0.025), (0.71875, 0.154515), (0.71875, 0.025), (0.71875, 0.154515), (0.71875, 0.025), (0.71875, 0.154515), (0.71875, 0.025), (0.71875, 0.154515), (0.71875, 0.106057), (0.71875, 0.025), (0.71875, 0.025), (0.71875, 0.106057), (0.71875, 0.025), (0.71875, 0.106057), (0.71875, 0.025), (0.71875, 0.154515), (0.71875, 0.106057), (0.71875, 0.154515), (0.71875, 0.106057), (0.71875, 0.154515), (0.71875, 0.025), (0.71875, 0.154515), (0.71875, 0.025), (0.71875, 0.154515), (0.71875, 0.025), (0.71875, 0.154515), (0.71875, 0.025), (0.71875, 0.154515), (0.71875, 0.025), (0.71875, 0.154515), (0.71875, 0.025), (0.71875, 0.154515), (0.71875, 0.025), (0.71875, 0.154515), (0.71875, 0.025), (0.71875, 0.154515), (0.71875, 0.025), (0.71875, 0.154515), (0.71875, 0.106057), (0.71875, 0.154515), (0.71875, 0.106057), (0.71875, 0.154515), (0.71875, 0.106057), (0.71875, 0.154515), (0.71875, 0.025), (0.71875, 0.154515), (0.71875, 0.025), (0.71875, 0.154515), (0.71875, 0.025), (0.71875, 0.154515), (0.71875, 0.025), (0.71875, 0.154515), (0.71875, 0.025), (0.71875, 0.154515), (0.71875, 0.025), (0.71875, 0.154515), (0.71875, 0.025), (0.71875, 0.154515), (0.71875, 0.025), (0.71875, 0.154515), (0.71875, 0.025), (0.71875, 0.154515), (0.71875, 0.106057), (0.71875, 0.025), (0.71875, 0.025), (0.71875, 0.106057), (0.71875, 0.025), (0.71875, 0.106057), (0.71875, 0.025), (0.71875, 0.154515), (0.71875, 0.106057), (0.71875, 0.154515), (0.71875, 0.106057), (0.71875, 0.154515), (0.71875, 0.025), (0.71875, 0.154515), (0.71875, 0.025), (0.71875, 0.154515), (0.71875, 0.025), (0.71875, 0.154515), (0.71875, 0.025), (0.71875, 0.154515), (0.71875, 0.025), (0.71875, 0.154515), (0.71875, 0.025), (0.71875, 0.154515), (0.71875, 0.025), (0.71875, 0.154515), (0.71875, 0.025), (0.71875, 0.154515), (0.71875, 0.025), (0.71875, 0.154515), (0.71875, 0.106057), (0.71875, 0.154515), (0.71875, 0.106057), (0.71875, 0.154515), (0.71875, 0.106057), (0.71875, 0.154515), (0.71875, 0.025), (0.71875, 0.154515), (0.71875, 0.025), (0.71875, 0.154515), (0.71875, 0.025), (0.71875, 0.154515), (0.71875, 0.025), (0.71875, 0.154515), (0.71875, 0.025), (0.71875, 0.154515), (0.71875, 0.025), (0.71875, 0.154515), (0.71875, 0.025), (0.71875, 0.154515), (0.71875, 0.025), (0.71875, 0.154515), (0.71875, 0.025), (0.71875, 0.154515), (0.71875, 0.106057), (0.71875, 0.025), (0.71875, 0.025), (0.71875, 0.106057), (0.71875, 0.025), (0.71875, 0.106057), (0.71875, 0.025), (0.71875, 0.154515), (0.71875, 0.106057), (0.71875, 0.154515), (0.71875, 0.106057), (0.71875, 0.154515), (0.71875, 0.025), (0.71875, 0.154515), (0.71875, 0.025), (0.71875, 0.154515), (0.71875, 0.025), (0.71875, 0.154515), (0.71875, 0.025), (0.71875, 0.154515), (0.71875, 0.025), (0.71875, 0.154515), (0.71875, 0.025), (0.71875, 0.154515), (0.71875, 0.025), (0.71875, 0.154515), (0.71875, 0.025), (0.71875, 0.154515), (0.71875, 0.025), (0.71875, 0.154515), (0.71875, 0.106057), (0.71875, 0.154515), (0.71875, 0.106057), (0.71875, 0.154515), (0.71875, 0.106057), (0.71875, 0.154515), (0.71875, 0.025), (0.71875, 0.154515), (0.71875, 0.025), (0.71875, 0.154515), (0.71875, 0.025), (0.71875, 0.154515), (0.71875, 0.025), (0.71875, 0.154515), (0.71875, 0.025), (0.71875, 0.154515), (0.71875, 0.025), (0.71875, 0.154515), (0.71875, 0.025), (0.71875, 0.154515), (0.71875, 0.025), (0.71875, 0.154515), (0.71875, 0.025), (0.71875, 0.154515), (0.71875, 0.106057), (0.71875, 0.125), (0.71875, 0.025), (0.71875, 0.025), (0.71875, 0.025), (0.71875, 0.125), (0.71875, 0.125), (0.71875, 0.125), (0.71875, 0.125), (0.71875, 0.125), (0.71875, 0.125), (0.71875, 0.125), (0.71875, 0.125), (0.71875, 0.225), (0.71875, 0.225), (0.71875, 0.225), (0.71875, 0.225), (0.71875, 0.225), (0.71875, 0.225), (0.71875, 0.201569), (0.71875, 0.225), (0.71875, 0.225), (0.71875, 0.225), (0.71875, 0.201569), (0.71875, 0.201569), (0.71875, 0.145), (0.71875, 0.201569), (0.71875, 0.201569), (0.71875, 0.201569), (0.71875, 0.145), (0.71875, 0.145), (0.71875, 0.025), (0.71875, 0.145), (0.71875, 0.145), (0.71875, 0.145), (0.71875, 0.025), (0.71875, 0.025), (0.71875, 0.025), (0.71875, 0.125), (0.71875, 0.025), (0.71875, 0.125), (0.71875, 0.025), (0.71875, 0.225), (0.71875, 0.225), (0.71875, 0.125), (0.71875, 0.125), (0.71875, 0.125), (0.71875, 0.225), (0.71875, 0.225), (0.71875, 0.225), (0.71875, 0.025), (0.71875, 0.201569), (0.71875, 0.201569), (0.71875, 0.025), (0.71875, 0.145), (0.71875, 0.225), (0.71875, 0.125), (0.71875, 0.225), (0.71875, 0.125), (0.71875, 0.225), (0.71875, 0.125), (0.71875, 0.025), (0.71875, 0.125), (0.71875, 0.225), (0.71875, 0.125), (0.71875, 0.025), (0.71875, 0.025), (0.71875, 0.025), (0.71875, 0.225), (0.71875, 0.201569), (0.71875, 0.025), (0.71875, 0.201569), (0.71875, 0.145), (0.71875, 0.225), (0.71875, 0.2), (0.71875, 0.2), (0.71875, 0.2), (0.71875, 0.225), (0.71875, 0.225), (0.71875, 0.225), (0.71875, 0.2), (0.71875, 0.2), (0.71875, 0.2), (0.71875, 0.225), (0.71875, 0.225), (0.71875, 0.2), (0.71875, 0.175), (0.71875, 0.175), (0.71875, 0.175), (0.71875, 0.2), (0.71875, 0.2), (0.71875, 0.2), (0.71875, 0.2), (0.71875, 0.2), (0.71875, 0.2), (0.71875, 0.2), (0.71875, 0.2), (0.71875, 0.2), (0.71875, 0.2), (0.71875, 0.2), (0.71875, 0.2), (0.71875, 0.2), (0.71875, 0.2), (0.71875, 0.2), (0.71875, 0.175), (0.71875, 0.175), (0.71875, 0.175), (0.71875, 0.2), (0.71875, 0.2), (0.71875, 0.13739), (0.71875, 0.175), (0.71875, 0.162609), (0.71875, 0.162609), (0.71875, 0.175), (0.71875, 0.162609), (0.71875, 0.13739), (0.71875, 0.125), (0.71875, 0.175), (0.71875, 0.125), (0.71875, 0.13739), (0.71875, 0.125), (0.71875, 0.13739), (0.71875, 0.125), (0.71875, 0.13739), (0.71875, 0.13739), (0.71875, 0.13739), (0.71875, 0.13739), (0.71875, 0.125), (0.71875, 0.13739), (0.71875, 0.175), (0.71875, 0.175), (0.71875, 0.13739), (0.71875, 0.162609), (0.71875, 0.13739), (0.71875, 0.13739), (0.71875, 0.13739), (0.71875, 0.175), (0.71875, 0.162609), (0.71875, 0.162609), (0.71875, 0.175), (0.71875, 0.162609), (0.71875, 0.175), (0.71875, 0.162609), (0.71875, 0.162609), (0.71875, 0.162609), (0.71875, 0.162609), (0.71875, 0.175), (0.71875, 0.162609), (0.71875, 0.162609), (0.71875, 0.175), (0.71875, 0.162609), (0.71875, 0.162609), (0.71875, 0.13739), (0.71875, 0.162609), (0.71875, 0.13739), (0.71875, 0.13739), (0.71875, 0.162609), (0.71875, 0.13739), (0.71875, 0.162609), (0.71875, 0.162609), (0.71875, 0.13739), (0.71875, 0.13739), (0.71875, 0.162609), (0.71875, 0.13739), (0.71875, 0.13739), (0.71875, 0.13739), (0.71875, 0.13739), (0.71875, 0.13739), (0.71875, 0.13739), (0.71875, 0.13739), (0.71875, 0.175), (0.71875, 0.162609), (0.71875, 0.162609), (0.71875, 0.175), (0.71875, 0.162609), (0.71875, 0.13739), (0.71875, 0.125), (0.71875, 0.175), (0.71875, 0.125), (0.71875, 0.13739), (0.71875, 0.125), (0.71875, 0.13739), (0.71875, 0.125), (0.71875, 0.13739), (0.71875, 0.13739), (0.71875, 0.13739), (0.71875, 0.13739), (0.71875, 0.125), (0.71875, 0.13739), (0.71875, 0.175), (0.71875, 0.175), (0.71875, 0.13739), (0.71875, 0.162609), (0.71875, 0.13739), (0.71875, 0.13739), (0.71875, 0.13739), (0.71875, 0.175), (0.71875, 0.162609), (0.71875, 0.162609), (0.71875, 0.175), (0.71875, 0.162609), (0.71875, 0.175), (0.71875, 0.162609), (0.71875, 0.162609), (0.71875, 0.162609), (0.71875, 0.162609), (0.71875, 0.175), (0.71875, 0.162609), (0.71875, 0.162609), (0.71875, 0.175), (0.71875, 0.162609), (0.71875, 0.162609), (0.71875, 0.13739), (0.71875, 0.162609), (0.71875, 0.13739), (0.71875, 0.13739), (0.71875, 0.162609), (0.71875, 0.13739), (0.71875, 0.162609), (0.71875, 0.162609), (0.71875, 0.13739), (0.71875, 0.13739), (0.71875, 0.162609), (0.71875, 0.13739), (0.71875, 0.13739), (0.71875, 0.13739), (0.71875, 0.13739), (0.71875, 0.13739), (0.71875, 0.13739), (0.71875, 0.025), (0.71875, 0.225), (0.71875, 0.225), (0.71875, 0.225), (0.71875, 0.025), (0.71875, 0.025), (0.71875, 0.025), (0.71875, 0.225), (0.71875, 0.225), (0.71875, 0.225), (0.71875, 0.025), (0.71875, 0.025), (0.71875, 0.025), (0.71875, 0.225), (0.71875, 0.025), (0.71875, 0.225), (0.71875, 0.025), (0.71875, 0.225), (0.71875, 0.225), (0.71875, 0.025), (0.71875, 0.225), (0.71875, 0.025), (0.71875, 0.225), (0.71875, 0.025), (0.71875, 0.025), (0.71875, 0.225), (0.71875, 0.025), (0.71875, 0.225), (0.71875, 0.025), (0.71875, 0.225), (0.71875, 0.225), (0.71875, 0.025), (0.71875, 0.225), (0.71875, 0.025), (0.71875, 0.225), (0.71875, 0.025), (0.71875, 0.025), (0.71875, 0.225), (0.71875, 0.225), (0.71875, 0.225), (0.71875, 0.025), (0.71875, 0.025), (0.71875, 0.025), (0.71875, 0.225), (0.71875, 0.225), (0.71875, 0.225), (0.71875, 0.025), (0.71875, 0.025), (0.71875, 0.225), (0.71875, 0.025), (0.71875, 0.225), (0.71875, 0.025), (0.71875, 0.225), (0.71875, 0.025), (0.71875, 0.025), (0.71875, 0.225), (0.71875, 0.225), (0.71875, 0.225), (0.71875, 0.025), (0.71875, 0.025), (0.71875, 0.025), (0.71875, 0.225), (0.71875, 0.225), (0.71875, 0.225), (0.71875, 0.025), (0.71875, 0.025), (0.71875, 0.225), (0.71875, 0.025), (0.71875, 0.225), (0.71875, 0.025), (0.71875, 0.225), (0.71875, 0.025), (0.71875, 0.025), (0.71875, 0.225), (0.71875, 0.225), (0.71875, 0.225), (0.71875, 0.025), (0.71875, 0.025), (0.71875, 0.025), (0.71875, 0.225), (0.71875, 0.025), (0.71875, 0.225), (0.71875, 0.025), (0.71875, 0.225), (0.71875, 0.025), (0.71875, 0.225), (0.71875, 0.225), (0.71875, 0.225), (0.71875, 0.025), (0.71875, 0.025), (0.71875, 0.025), (0.71875, 0.225), (0.71875, 0.025), (0.71875, 0.225), (0.71875, 0.025), (0.71875, 0.225), (0.71875, 0.175), (0.71875, 0.15), (0.71875, 0.15), (0.71875, 0.15), (0.71875, 0.175), (0.71875, 0.162609), (0.71875, 0.162609), (0.71875, 0.175), (0.71875, 0.162609), (0.71875, 0.175), (0.71875, 0.162609), (0.71875, 0.175), (0.71875, 0.175), (0.71875, 0.13739), (0.71875, 0.162609), (0.71875, 0.125), (0.71875, 0.13739), (0.71875, 0.175), (0.71875, 0.15), (0.71875, 0.125), (0.71875, 0.125), (0.71875, 0.13739), (0.71875, 0.15), (0.71875, 0.162609), (0.71875, 0.13739), (0.71875, 0.125), (0.71875, 0.13739), (0.71875, 0.125), (0.71875, 0.15), (0.71875, 0.13739), (0.71875, 0.2), (0.71875, 0.225), (0.71875, 0.225), (0.71875, 0.225), (0.71875, 0.2), (0.71875, 0.2), (0.71875, 0.2), (0.71875, 0.225), (0.71875, 0.225), (0.71875, 0.225), (0.71875, 0.2), (0.71875, 0.2), (0.71875, 0.2), (0.71875, 0.225), (0.71875, 0.2), (0.71875, 0.225), (0.71875, 0.2), (0.71875, 0.225), (0.71875, 0.2), (0.71875, 0.2), (0.71875, 0.2), (0.71875, 0.2), (0.71875, 0.2), (0.71875, 0.2), (0.71875, 0.2), (0.71875, 0.2), (0.71875, 0.2), (0.71875, 0.2), (0.71875, 0.225), (0.71875, 0.2), (0.71875, 0.225), (0.71875, 0.2), (0.71875, 0.225), (0.71875, 0.2), (0.71875, 0.225), (0.71875, 0.225), (0.71875, 0.225), (0.71875, 0.2), (0.71875, 0.2), (0.71875, 0.2), (0.71875, 0.225), (0.71875, 0.225), (0.71875, 0.225), (0.71875, 0.2), (0.71875, 0.2), (0.71875, 0.2), (0.71875, 0.175), (0.71875, 0.175), (0.71875, 0.175), (0.71875, 0.2), (0.71875, 0.2), (0.71875, 0.2), (0.71875, 0.2), (0.71875, 0.2), (0.71875, 0.2), (0.71875, 0.2), (0.71875, 0.2), (0.71875, 0.2), (0.71875, 0.2), (0.71875, 0.2), (0.71875, 0.2), (0.71875, 0.175), (0.71875, 0.175), (0.71875, 0.175), (0.71875, 0.2), (0.71875, 0.2), (0.71875, 0.175), (0.71875, 0.15), (0.71875, 0.15), (0.71875, 0.15), (0.71875, 0.175), (0.71875, 0.175), (0.71875, 0.175), (0.71875, 0.15), (0.71875, 0.175), (0.71875, 0.15), (0.71875, 0.175), (0.71875, 0.15), (0.71875, 0.175), (0.71875, 0.15), (0.71875, 0.15), (0.71875, 0.15), (0.71875, 0.175), (0.71875, 0.175), (0.71875, 0.225), (0.71875, 0.2), (0.71875, 0.225), (0.71875, 0.2), (0.71875, 0.225), (0.71875, 0.175), (0.71875, 0.175), (0.71875, 0.225), (0.71875, 0.175), (0.71875, 0.225), (0.71875, 0.175), (0.71875, 0.225), (0.71875, 0.175), (0.71875, 0.225), (0.71875, 0.175), (0.71875, 0.225), (0.71875, 0.175), (0.71875, 0.225), (0.71875, 0.175), (0.71875, 0.225), (0.71875, 0.175), (0.71875, 0.175), (0.71875, 0.225), (0.71875, 0.2), (0.71875, 0.15), (0.71875, 0.15), (0.71875, 0.15), (0.71875, 0.15), (0.71875, 0.15), (0.71875, 0.15), (0.71875, 0.15), (0.71875, 0.15), (0.71875, 0.15), (0.71875, 0.15), (0.71875, 0.15), (0.71875, 0.15), (0.71875, 0.15), (0.71875, 0.125), (0.71875, 0.15), (0.71875, 0.125), (0.71875, 0.15), (0.71875, 0.125), (0.71875, 0.15), (0.71875, 0.162609), (0.71875, 0.175), (0.71875, 0.15), (0.71875, 0.162609), (0.71875, 0.15), (0.71875, 0.175), (0.71875, 0.162609), (0.71875, 0.175), (0.71875, 0.15), (0.71875, 0.13739), (0.71875, 0.162609), (0.71875, 0.162609), (0.71875, 0.175), (0.71875, 0.162609), (0.71875, 0.125), (0.71875, 0.13739), (0.71875, 0.15), (0.71875, 0.13739), (0.71875, 0.175), (0.71875, 0.162609), (0.71875, 0.13739), (0.71875, 0.125), (0.71875, 0.13739), (0.71875, 0.13739), (0.71875, 0.125), (0.71875, 0.175), (0.71875, 0.125), (0.71875, 0.13739), (0.71875, 0.125), (0.71875, 0.025), (0.71875, 0.225), (0.71875, 0.225), (0.71875, 0.225), (0.71875, 0.025), (0.71875, 0.025), (0.71875, 0.025), (0.71875, 0.225), (0.71875, 0.225), (0.71875, 0.225), (0.71875, 0.025), (0.71875, 0.025), (0.71875, 0.025), (0.71875, 0.225), (0.71875, 0.025), (0.71875, 0.225), (0.71875, 0.025), (0.71875, 0.225), (0.71875, 0.225), (0.71875, 0.025), (0.71875, 0.225), (0.71875, 0.025), (0.71875, 0.225), (0.71875, 0.025), (0.71875, 0.025), (0.71875, 0.225), (0.71875, 0.025), (0.71875, 0.225), (0.71875, 0.025), (0.71875, 0.225), (0.71875, 0.225), (0.71875, 0.025), (0.71875, 0.225), (0.71875, 0.025), (0.71875, 0.225), (0.71875, 0.025), (0.71875, 0.025), (0.71875, 0.225), (0.71875, 0.225), (0.71875, 0.225), (0.71875, 0.025), (0.71875, 0.025), (0.71875, 0.025), (0.71875, 0.225), (0.71875, 0.225), (0.71875, 0.225), (0.71875, 0.025), (0.71875, 0.025), (0.71875, 0.025), (0.71875, 0.225), (0.71875, 0.225), (0.71875, 0.225), (0.71875, 0.025), (0.71875, 0.025), (0.71875, 0.025), (0.71875, 0.225), (0.71875, 0.225), (0.71875, 0.225), (0.71875, 0.025), (0.71875, 0.025), (0.71875, 0.025), (0.71875, 0.225), (0.71875, 0.025), (0.71875, 0.225), (0.71875, 0.025), (0.71875, 0.225), (0.71875, 0.225), (0.71875, 0.025), (0.71875, 0.225), (0.71875, 0.025), (0.71875, 0.225), (0.71875, 0.025), (0.71875, 0.025), (0.71875, 0.225), (0.71875, 0.025), (0.71875, 0.225), (0.71875, 0.025), (0.71875, 0.225), (0.71875, 0.225), (0.71875, 0.025), (0.71875, 0.225), (0.71875, 0.025), (0.71875, 0.225), (0.71875, 0.025), (0.71875, 0.025), (0.71875, 0.225), (0.71875, 0.225), (0.71875, 0.225), (0.71875, 0.025), (0.71875, 0.025), (0.71875, 0.025), (0.71875, 0.225), (0.71875, 0.225), (0.71875, 0.225), (0.71875, 0.025), (0.71875, 0.025), (0.71875, 0.2), (0.71875, 0.225), (0.71875, 0.2), (0.71875, 0.225), (0.71875, 0.2), (0.71875, 0.225), (0.71875, 0.2), (0.71875, 0.175), (0.71875, 0.175), (0.71875, 0.175), (0.71875, 0.2), (0.71875, 0.2), (0.71875, 0.2), (0.71875, 0.175), (0.71875, 0.175), (0.71875, 0.175), (0.71875, 0.2), (0.71875, 0.2), (0.71875, 0.175), (0.71875, 0.15), (0.71875, 0.15), (0.71875, 0.15), (0.71875, 0.175), (0.71875, 0.162609), (0.71875, 0.162609), (0.71875, 0.175), (0.71875, 0.162609), (0.71875, 0.175), (0.71875, 0.162609), (0.71875, 0.175), (0.71875, 0.175), (0.71875, 0.13739), (0.71875, 0.162609), (0.71875, 0.125), (0.71875, 0.13739), (0.71875, 0.175), (0.71875, 0.15), (0.71875, 0.125), (0.71875, 0.125), (0.71875, 0.13739), (0.71875, 0.15), (0.71875, 0.162609), (0.71875, 0.13739), (0.71875, 0.125), (0.71875, 0.13739), (0.71875, 0.125), (0.71875, 0.15), (0.71875, 0.13739), (0.71875, 0.225), (0.71875, 0.2), (0.71875, 0.2), (0.71875, 0.2), (0.71875, 0.225), (0.71875, 0.225), (0.71875, 0.15), (0.71875, 0.175), (0.71875, 0.175), (0.71875, 0.175), (0.71875, 0.15), (0.71875, 0.15), (0.71875, 0.15), (0.71875, 0.175), (0.71875, 0.15), (0.71875, 0.175), (0.71875, 0.15), (0.71875, 0.175), (0.71875, 0.15), (0.71875, 0.175), (0.71875, 0.175), (0.71875, 0.175), (0.71875, 0.15), (0.71875, 0.15), (0.71875, 0.15), (0.71875, 0.15), (0.71875, 0.15), (0.71875, 0.15), (0.71875, 0.15), (0.71875, 0.15), (0.71875, 0.15), (0.71875, 0.15), (0.71875, 0.15), (0.71875, 0.15), (0.71875, 0.15), (0.71875, 0.15), (0.71875, 0.125), (0.71875, 0.15), (0.71875, 0.125), (0.71875, 0.15), (0.71875, 0.125), (0.71875, 0.15), (0.71875, 0.2), (0.71875, 0.225), (0.71875, 0.2), (0.71875, 0.225), (0.71875, 0.2), (0.71875, 0.225), (0.71875, 0.175), (0.71875, 0.2), (0.71875, 0.175), (0.71875, 0.2), (0.71875, 0.175), (0.71875, 0.2), (0.71875, 0.2), (0.71875, 0.2), (0.71875, 0.2), (0.71875, 0.2), (0.71875, 0.2), (0.71875, 0.2), (0.71875, 0.2), (0.71875, 0.2), (0.71875, 0.2), (0.71875, 0.2), (0.71875, 0.2), (0.71875, 0.2), (0.71875, 0.2), (0.71875, 0.2), (0.71875, 0.2), (0.71875, 0.2), (0.71875, 0.2), (0.71875, 0.2), (0.71875, 0.13739), (0.71875, 0.175), (0.71875, 0.162609), (0.71875, 0.162609), (0.71875, 0.175), (0.71875, 0.162609), (0.71875, 0.13739), (0.71875, 0.125), (0.71875, 0.175), (0.71875, 0.125), (0.71875, 0.13739), (0.71875, 0.125), (0.71875, 0.13739), (0.71875, 0.125), (0.71875, 0.13739), (0.71875, 0.125), (0.71875, 0.13739), (0.71875, 0.15), (0.71875, 0.15), (0.71875, 0.13739), (0.71875, 0.162609), (0.71875, 0.175), (0.71875, 0.162609), (0.71875, 0.175), (0.71875, 0.15), (0.71875, 0.162609), (0.71875, 0.15), (0.71875, 0.15), (0.71875, 0.162609), (0.71875, 0.175), (0.71875, 0.025), (0.71875, 0.225), (0.71875, 0.225), (0.71875, 0.225), (0.71875, 0.025), (0.71875, 0.025), (0.71875, 0.025), (0.71875, 0.225), (0.71875, 0.225), (0.71875, 0.225), (0.71875, 0.025), (0.71875, 0.025), (0.71875, 0.025), (0.71875, 0.225), (0.71875, 0.025), (0.71875, 0.225), (0.71875, 0.025), (0.71875, 0.225), (0.71875, 0.225), (0.71875, 0.025), (0.71875, 0.225), (0.71875, 0.025), (0.71875, 0.225), (0.71875, 0.025), (0.71875, 0.025), (0.71875, 0.225), (0.71875, 0.025), (0.71875, 0.225), (0.71875, 0.025), (0.71875, 0.225), (0.71875, 0.225), (0.71875, 0.025), (0.71875, 0.225), (0.71875, 0.025), (0.71875, 0.225), (0.71875, 0.025), (0.71875, 0.025), (0.71875, 0.225), (0.71875, 0.225), (0.71875, 0.225), (0.71875, 0.025), (0.71875, 0.025), (0.71875, 0.025), (0.71875, 0.225), (0.71875, 0.225), (0.71875, 0.225), (0.71875, 0.025), (0.71875, 0.025), (0.71875, 0.025), (0.71875, 0.225), (0.71875, 0.225), (0.71875, 0.225), (0.71875, 0.025), (0.71875, 0.025), (0.71875, 0.025), (0.71875, 0.225), (0.71875, 0.225), (0.71875, 0.225), (0.71875, 0.025), (0.71875, 0.025), (0.71875, 0.025), (0.71875, 0.225), (0.71875, 0.025), (0.71875, 0.225), (0.71875, 0.025), (0.71875, 0.225), (0.71875, 0.225), (0.71875, 0.025), (0.71875, 0.225), (0.71875, 0.025), (0.71875, 0.225), (0.71875, 0.025), (0.71875, 0.025), (0.71875, 0.225), (0.71875, 0.025), (0.71875, 0.225), (0.71875, 0.025), (0.71875, 0.225), (0.71875, 0.225), (0.71875, 0.025), (0.71875, 0.225), (0.71875, 0.025), (0.71875, 0.225), (0.71875, 0.025), (0.71875, 0.025), (0.71875, 0.225), (0.71875, 0.225), (0.71875, 0.225), (0.71875, 0.025), (0.71875, 0.025), (0.71875, 0.025), (0.71875, 0.225), (0.71875, 0.225), (0.71875, 0.225), (0.71875, 0.025), (0.71875, 0.025), (0.71875, 0.025), (0.71875, 0.225), (0.71875, 0.225), (0.71875, 0.225), (0.71875, 0.025), (0.71875, 0.025), (0.71875, 0.025), (0.71875, 0.225), (0.71875, 0.225), (0.71875, 0.225), (0.71875, 0.025), (0.71875, 0.025), (0.71875, 0.025), (0.71875, 0.225), (0.71875, 0.025), (0.71875, 0.225), (0.71875, 0.025), (0.71875, 0.225), (0.71875, 0.225), (0.71875, 0.025), (0.71875, 0.225), (0.71875, 0.025), (0.71875, 0.225), (0.71875, 0.025), (0.71875, 0.025), (0.71875, 0.225), (0.71875, 0.025), (0.71875, 0.225), (0.71875, 0.025), (0.71875, 0.225), (0.71875, 0.225), (0.71875, 0.025), (0.71875, 0.225), (0.71875, 0.025), (0.71875, 0.225), (0.71875, 0.025), (0.71875, 0.025), (0.71875, 0.225), (0.71875, 0.225), (0.71875, 0.225), (0.71875, 0.025), (0.71875, 0.025), (0.71875, 0.025), (0.71875, 0.225), (0.71875, 0.225), (0.71875, 0.225), (0.71875, 0.025), (0.71875, 0.025), (0.71875, 0.025), (0.71875, 0.225), (0.71875, 0.225), (0.71875, 0.225), (0.71875, 0.025), (0.71875, 0.025), (0.71875, 0.025), (0.71875, 0.225), (0.71875, 0.225), (0.71875, 0.225), (0.71875, 0.025), (0.71875, 0.025), (0.71875, 0.025), (0.71875, 0.225), (0.71875, 0.025), (0.71875, 0.225), (0.71875, 0.025), (0.71875, 0.225), (0.71875, 0.225), (0.71875, 0.025), (0.71875, 0.225), (0.71875, 0.025), (0.71875, 0.225), (0.71875, 0.025), (0.71875, 0.025), (0.71875, 0.225), (0.71875, 0.025), (0.71875, 0.225), (0.71875, 0.025), (0.71875, 0.225), (0.71875, 0.225), (0.71875, 0.025), (0.71875, 0.225), (0.71875, 0.025), (0.71875, 0.225), (0.71875, 0.025), (0.71875, 0.025), (0.71875, 0.225), (0.71875, 0.225), (0.71875, 0.225), (0.71875, 0.025), (0.71875, 0.025), (0.71875, 0.025), (0.71875, 0.225), (0.71875, 0.225), (0.71875, 0.225), (0.71875, 0.025), (0.71875, 0.025), (0.71875, 0.225), (0.71875, 0.2), (0.71875, 0.2), (0.71875, 0.2), (0.71875, 0.225), (0.71875, 0.225), (0.71875, 0.225), (0.71875, 0.2), (0.71875, 0.2), (0.71875, 0.2), (0.71875, 0.225), (0.71875, 0.225), (0.71875, 0.2), (0.71875, 0.175), (0.71875, 0.175), (0.71875, 0.175), (0.71875, 0.2), (0.71875, 0.2), (0.71875, 0.2), (0.71875, 0.2), (0.71875, 0.2), (0.71875, 0.2), (0.71875, 0.2), (0.71875, 0.2), (0.71875, 0.2), (0.71875, 0.2), (0.71875, 0.2), (0.71875, 0.2), (0.71875, 0.2), (0.71875, 0.2), (0.71875, 0.2), (0.71875, 0.175), (0.71875, 0.175), (0.71875, 0.175), (0.71875, 0.2), (0.71875, 0.2), (0.71875, 0.13739), (0.71875, 0.175), (0.71875, 0.162609), (0.71875, 0.162609), (0.71875, 0.175), (0.71875, 0.162609), (0.71875, 0.13739), (0.71875, 0.125), (0.71875, 0.175), (0.71875, 0.125), (0.71875, 0.13739), (0.71875, 0.125), (0.71875, 0.13739), (0.71875, 0.125), (0.71875, 0.13739), (0.71875, 0.13739), (0.71875, 0.13739), (0.71875, 0.13739), (0.71875, 0.125), (0.71875, 0.13739), (0.71875, 0.175), (0.71875, 0.175), (0.71875, 0.13739), (0.71875, 0.162609), (0.71875, 0.13739), (0.71875, 0.13739), (0.71875, 0.13739), (0.71875, 0.175), (0.71875, 0.162609), (0.71875, 0.162609), (0.71875, 0.175), (0.71875, 0.162609), (0.71875, 0.175), (0.71875, 0.162609), (0.71875, 0.162609), (0.71875, 0.162609), (0.71875, 0.162609), (0.71875, 0.175), (0.71875, 0.162609), (0.71875, 0.162609), (0.71875, 0.175), (0.71875, 0.162609), (0.71875, 0.162609), (0.71875, 0.13739), (0.71875, 0.162609), (0.71875, 0.13739), (0.71875, 0.13739), (0.71875, 0.162609), (0.71875, 0.13739), (0.71875, 0.162609), (0.71875, 0.162609), (0.71875, 0.13739), (0.71875, 0.13739), (0.71875, 0.162609), (0.71875, 0.13739), (0.71875, 0.13739), (0.71875, 0.13739), (0.71875, 0.13739), (0.71875, 0.13739), (0.71875, 0.13739), (0.71875, 0.13739), (0.71875, 0.175), (0.71875, 0.162609), (0.71875, 0.162609), (0.71875, 0.175), (0.71875, 0.162609), (0.71875, 0.13739), (0.71875, 0.125), (0.71875, 0.175), (0.71875, 0.125), (0.71875, 0.13739), (0.71875, 0.125), (0.71875, 0.13739), (0.71875, 0.125), (0.71875, 0.13739), (0.71875, 0.13739), (0.71875, 0.13739), (0.71875, 0.13739), (0.71875, 0.125), (0.71875, 0.13739), (0.71875, 0.175), (0.71875, 0.175), (0.71875, 0.13739), (0.71875, 0.162609), (0.71875, 0.13739), (0.71875, 0.13739), (0.71875, 0.13739), (0.71875, 0.175), (0.71875, 0.162609), (0.71875, 0.162609), (0.71875, 0.175), (0.71875, 0.162609), (0.71875, 0.175), (0.71875, 0.162609), (0.71875, 0.162609), (0.71875, 0.162609), (0.71875, 0.162609), (0.71875, 0.175), (0.71875, 0.162609), (0.71875, 0.162609), (0.71875, 0.175), (0.71875, 0.162609), (0.71875, 0.162609), (0.71875, 0.13739), (0.71875, 0.162609), (0.71875, 0.13739), (0.71875, 0.13739), (0.71875, 0.162609), (0.71875, 0.13739), (0.71875, 0.162609), (0.71875, 0.162609), (0.71875, 0.13739), (0.71875, 0.13739), (0.71875, 0.162609), (0.71875, 0.13739), (0.71875, 0.13739), (0.71875, 0.13739), (0.71875, 0.13739), (0.71875, 0.13739), (0.71875, 0.13739), (0.71875, 0.025), (0.71875, 0.225), (0.71875, 0.225), (0.71875, 0.225), (0.71875, 0.025), (0.71875, 0.025), (0.71875, 0.025), (0.71875, 0.225), (0.71875, 0.225), (0.71875, 0.225), (0.71875, 0.025), (0.71875, 0.025), (0.71875, 0.025), (0.71875, 0.225), (0.71875, 0.025), (0.71875, 0.225), (0.71875, 0.025), (0.71875, 0.225), (0.71875, 0.225), (0.71875, 0.025), (0.71875, 0.225), (0.71875, 0.025), (0.71875, 0.225), (0.71875, 0.025), (0.71875, 0.025), (0.71875, 0.225), (0.71875, 0.025), (0.71875, 0.225), (0.71875, 0.025), (0.71875, 0.225), (0.71875, 0.225), (0.71875, 0.025), (0.71875, 0.225), (0.71875, 0.025), (0.71875, 0.225), (0.71875, 0.025), (0.71875, 0.025), (0.71875, 0.225), (0.71875, 0.225), (0.71875, 0.225), (0.71875, 0.025), (0.71875, 0.025), (0.71875, 0.025), (0.71875, 0.225), (0.71875, 0.225), (0.71875, 0.225), (0.71875, 0.025), (0.71875, 0.025), (0.71875, 0.225), (0.71875, 0.025), (0.71875, 0.225), (0.71875, 0.025), (0.71875, 0.225), (0.71875, 0.025), (0.71875, 0.025), (0.71875, 0.225), (0.71875, 0.225), (0.71875, 0.225), (0.71875, 0.025), (0.71875, 0.025), (0.71875, 0.025), (0.71875, 0.225), (0.71875, 0.225), (0.71875, 0.225), (0.71875, 0.025), (0.71875, 0.025), (0.71875, 0.225), (0.71875, 0.025), (0.71875, 0.225), (0.71875, 0.025), (0.71875, 0.225), (0.71875, 0.025), (0.71875, 0.025), (0.71875, 0.225), (0.71875, 0.225), (0.71875, 0.225), (0.71875, 0.025), (0.71875, 0.025), (0.71875, 0.025), (0.71875, 0.225), (0.71875, 0.025), (0.71875, 0.225), (0.71875, 0.025), (0.71875, 0.225), (0.71875, 0.025), (0.71875, 0.225), (0.71875, 0.225), (0.71875, 0.225), (0.71875, 0.025), (0.71875, 0.025), (0.71875, 0.025), (0.71875, 0.225), (0.71875, 0.025), (0.71875, 0.225), (0.71875, 0.025), (0.71875, 0.225), (0.46875, 0.225), (0.46875, 0.025), (0.46875, 0.025), (0.46875, 0.225), (0.46875, 0.025), (0.46875, 0.225), (0.46875, 0.225), (0.46875, 0.025), (0.46875, 0.025), (0.46875, 0.225), (0.46875, 0.025), (0.46875, 0.225), (0.46875, 0.225), (0.46875, 0.025), (0.46875, 0.025), (0.46875, 0.025), (0.46875, 0.225), (0.46875, 0.225), (0.46875, 0.225), (0.46875, 0.025), (0.46875, 0.025), (0.46875, 0.025), (0.46875, 0.225), (0.46875, 0.225), (0.46875, 0.225), (0.46875, 0.125), (0.46875, 0.125), (0.46875, 0.125), (0.46875, 0.225), (0.46875, 0.225), (0.46875, 0.225), (0.46875, 0.025), (0.46875, 0.025), (0.46875, 0.025), (0.46875, 0.225), (0.46875, 0.225), (0.46875, 0.225), (0.46875, 0.025), (0.46875, 0.025), (0.46875, 0.025), (0.46875, 0.225), (0.46875, 0.225), (0.46875, 0.225), (0.46875, 0.025), (0.46875, 0.025), (0.46875, 0.025), (0.46875, 0.225), (0.46875, 0.225), (0.46875, 0.225), (0.46875, 0.025), (0.46875, 0.025), (0.46875, 0.025), (0.46875, 0.225), (0.46875, 0.225), (0.46875, 0.225), (0.46875, 0.025), (0.46875, 0.225), (0.46875, 0.025), (0.46875, 0.225), (0.46875, 0.025), (0.46875, 0.225), (0.46875, 0.025), (0.46875, 0.025), (0.46875, 0.025), (0.46875, 0.225), (0.46875, 0.125), (0.46875, 0.125), (0.46875, 0.225), (0.46875, 0.225), (0.46875, 0.225), (0.46875, 0.125), (0.46875, 0.225), (0.46875, 0.125), (0.46875, 0.225), (0.46875, 0.125), (0.46875, 0.225), (0.46875, 0.225), (0.46875, 0.225), (0.46875, 0.225), (0.46875, 0.225), (0.46875, 0.225), (0.46875, 0.025), (0.46875, 0.125), (0.46875, 0.025), (0.46875, 0.125), (0.46875, 0.025), (0.46875, 0.125), (0.46875, 0.125), (0.46875, 0.025), (0.46875, 0.025), (0.46875, 0.025), (0.46875, 0.125), (0.46875, 0.225), (0.46875, 0.225), (0.46875, 0.125), (0.46875, 0.225), (0.46875, 0.225), (0.46875, 0.025), (0.46875, 0.225), (0.46875, 0.025), (0.46875, 0.225), (0.46875, 0.025), (0.46875, 0.025), (0.46875, 0.225), (0.46875, 0.025), (0.46875, 0.225), (0.46875, 0.025), (0.46875, 0.225), (0.46875, 0.025), (0.46875, 0.075), (0.46875, 0.025), (0.46875, 0.075), (0.46875, 0.025), (0.46875, 0.075), (0.46875, 0.175), (0.46875, 0.225), (0.46875, 0.225), (0.46875, 0.225), (0.46875, 0.175), (0.46875, 0.175), (0.46875, 0.075), (0.46875, 0.025), (0.46875, 0.075), (0.46875, 0.025), (0.46875, 0.075), (0.46875, 0.025), (0.46875, 0.175), (0.46875, 0.075), (0.46875, 0.075), (0.46875, 0.075), (0.46875, 0.175), (0.46875, 0.175), (0.46875, 0.225), (0.46875, 0.175), (0.46875, 0.175), (0.46875, 0.175), (0.46875, 0.225), (0.46875, 0.225), (0.46875, 0.175), (0.46875, 0.075), (0.46875, 0.075), (0.46875, 0.075), (0.46875, 0.175), (0.46875, 0.175), (0.46875, 0.025), (0.46875, 0.0933255), (0.46875, 0.075), (0.46875, 0.075), (0.46875, 0.0933255), (0.46875, 0.175), (0.46875, 0.025), (0.46875, 0.0616509), (0.46875, 0.0933255), (0.46875, 0.156674), (0.46875, 0.175), (0.46875, 0.0933255), (0.46875, 0.025), (0.46875, 0.0933255), (0.46875, 0.0616509), (0.46875, 0.188349), (0.46875, 0.175), (0.46875, 0.156674), (0.46875, 0.075), (0.46875, 0.0933255), (0.46875, 0.025), (0.46875, 0.188349), (0.46875, 0.225), (0.46875, 0.175), (0.46875, 0.0933255), (0.46875, 0.075), (0.46875, 0.156674), (0.46875, 0.156674), (0.46875, 0.225), (0.46875, 0.188349), (0.46875, 0.175), (0.46875, 0.156674), (0.46875, 0.075), (0.46875, 0.156674), (0.46875, 0.175), (0.46875, 0.225), (0.46875, 0.075), (0.46875, 0.025), (0.46875, 0.075), (0.46875, 0.025), (0.46875, 0.075), (0.46875, 0.025), (0.46875, 0.175), (0.46875, 0.225), (0.46875, 0.225), (0.46875, 0.225), (0.46875, 0.175), (0.46875, 0.175), (0.46875, 0.175), (0.46875, 0.075), (0.46875, 0.075), (0.46875, 0.075), (0.46875, 0.175), (0.46875, 0.175), (0.46875, 0.225), (0.46875, 0.175), (0.46875, 0.175), (0.46875, 0.175), (0.46875, 0.225), (0.46875, 0.225), (0.46875, 0.175), (0.46875, 0.075), (0.46875, 0.075), (0.46875, 0.075), (0.46875, 0.175), (0.46875, 0.175), (0.46875, 0.025), (0.46875, 0.075), (0.46875, 0.025), (0.46875, 0.075), (0.46875, 0.025), (0.46875, 0.075), (0.46875, 0.025), (0.46875, 0.0933255), (0.46875, 0.075), (0.46875, 0.075), (0.46875, 0.0933255), (0.46875, 0.175), (0.46875, 0.025), (0.46875, 0.0616509), (0.46875, 0.0933255), (0.46875, 0.156674), (0.46875, 0.175), (0.46875, 0.0933255), (0.46875, 0.025), (0.46875, 0.0933255), (0.46875, 0.0616509), (0.46875, 0.188349), (0.46875, 0.175), (0.46875, 0.156674), (0.46875, 0.075), (0.46875, 0.0933255), (0.46875, 0.025), (0.46875, 0.188349), (0.46875, 0.225), (0.46875, 0.175), (0.46875, 0.0933255), (0.46875, 0.075), (0.46875, 0.156674), (0.46875, 0.156674), (0.46875, 0.225), (0.46875, 0.188349), (0.46875, 0.175), (0.46875, 0.156674), (0.46875, 0.075), (0.46875, 0.156674), (0.46875, 0.175), (0.46875, 0.225), (0.46875, 0.225), (0.46875, 0.175), (0.46875, 0.175), (0.46875, 0.175), (0.46875, 0.225), (0.46875, 0.225), (0.46875, 0.175), (0.46875, 0.075), (0.46875, 0.075), (0.46875, 0.075), (0.46875, 0.175), (0.46875, 0.175), (0.46875, 0.025), (0.46875, 0.075), (0.46875, 0.025), (0.46875, 0.075), (0.46875, 0.025), (0.46875, 0.075), (0.46875, 0.175), (0.46875, 0.075), (0.46875, 0.075), (0.46875, 0.075), (0.46875, 0.175), (0.46875, 0.175), (0.46875, 0.175), (0.46875, 0.225), (0.46875, 0.225), (0.46875, 0.225), (0.46875, 0.175), (0.46875, 0.175), (0.46875, 0.075), (0.46875, 0.025), (0.46875, 0.075), (0.46875, 0.025), (0.46875, 0.075), (0.46875, 0.025), (0.46875, 0.225), (0.46875, 0.156674), (0.46875, 0.175), (0.46875, 0.175), (0.46875, 0.156674), (0.46875, 0.075), (0.46875, 0.225), (0.46875, 0.188349), (0.46875, 0.156674), (0.46875, 0.0933255), (0.46875, 0.075), (0.46875, 0.156674), (0.46875, 0.225), (0.46875, 0.156674), (0.46875, 0.188349), (0.46875, 0.0616509), (0.46875, 0.075), (0.46875, 0.0933255), (0.46875, 0.175), (0.46875, 0.156674), (0.46875, 0.225), (0.46875, 0.0616509), (0.46875, 0.025), (0.46875, 0.075), (0.46875, 0.156674), (0.46875, 0.175), (0.46875, 0.0933255), (0.46875, 0.0933255), (0.46875, 0.025), (0.46875, 0.0616509), (0.46875, 0.075), (0.46875, 0.0933255), (0.46875, 0.175), (0.46875, 0.0933255), (0.46875, 0.075), (0.46875, 0.025), (0.46875, 0.025), (0.46875, 0.075), (0.46875, 0.025), (0.46875, 0.075), (0.46875, 0.025), (0.46875, 0.075), (0.46875, 0.175), (0.46875, 0.225), (0.46875, 0.225), (0.46875, 0.225), (0.46875, 0.175), (0.46875, 0.175), (0.46875, 0.175), (0.46875, 0.075), (0.46875, 0.075), (0.46875, 0.075), (0.46875, 0.175), (0.46875, 0.175), (0.46875, 0.225), (0.46875, 0.175), (0.46875, 0.175), (0.46875, 0.175), (0.46875, 0.225), (0.46875, 0.225), (0.46875, 0.075), (0.46875, 0.025), (0.46875, 0.075), (0.46875, 0.025), (0.46875, 0.075), (0.46875, 0.025), (0.46875, 0.175), (0.46875, 0.075), (0.46875, 0.075), (0.46875, 0.075), (0.46875, 0.175), (0.46875, 0.175), (0.46875, 0.225), (0.46875, 0.156674), (0.46875, 0.175), (0.46875, 0.175), (0.46875, 0.156674), (0.46875, 0.075), (0.46875, 0.225), (0.46875, 0.188349), (0.46875, 0.156674), (0.46875, 0.0933255), (0.46875, 0.075), (0.46875, 0.156674), (0.46875, 0.225), (0.46875, 0.156674), (0.46875, 0.188349), (0.46875, 0.0616509), (0.46875, 0.075), (0.46875, 0.0933255), (0.46875, 0.175), (0.46875, 0.156674), (0.46875, 0.225), (0.46875, 0.0616509), (0.46875, 0.025), (0.46875, 0.075), (0.46875, 0.156674), (0.46875, 0.175), (0.46875, 0.0933255), (0.46875, 0.0933255), (0.46875, 0.025), (0.46875, 0.0616509), (0.46875, 0.075), (0.46875, 0.0933255), (0.46875, 0.175), (0.46875, 0.0933255), (0.46875, 0.075), (0.46875, 0.025), (0.46875, 0.025), (0.46875, 0.075), (0.46875, 0.025), (0.46875, 0.075), (0.46875, 0.025), (0.46875, 0.075), (0.46875, 0.175), (0.46875, 0.225), (0.46875, 0.225), (0.46875, 0.225), (0.46875, 0.175), (0.46875, 0.175), (0.46875, 0.075), (0.46875, 0.025), (0.46875, 0.075), (0.46875, 0.025), (0.46875, 0.075), (0.46875, 0.025), (0.46875, 0.175), (0.46875, 0.075), (0.46875, 0.075), (0.46875, 0.075), (0.46875, 0.175), (0.46875, 0.175), (0.46875, 0.225), (0.46875, 0.175), (0.46875, 0.175), (0.46875, 0.175), (0.46875, 0.225), (0.46875, 0.225), (0.46875, 0.175), (0.46875, 0.075), (0.46875, 0.075), (0.46875, 0.075), (0.46875, 0.175), (0.46875, 0.175), (0.46875, 0.025), (0.46875, 0.0933255), (0.46875, 0.075), (0.46875, 0.075), (0.46875, 0.0933255), (0.46875, 0.175), (0.46875, 0.025), (0.46875, 0.0616509), (0.46875, 0.0933255), (0.46875, 0.156674), (0.46875, 0.175), (0.46875, 0.0933255), (0.46875, 0.025), (0.46875, 0.0933255), (0.46875, 0.0616509), (0.46875, 0.188349), (0.46875, 0.175), (0.46875, 0.156674), (0.46875, 0.075), (0.46875, 0.0933255), (0.46875, 0.025), (0.46875, 0.188349), (0.46875, 0.225), (0.46875, 0.175), (0.46875, 0.0933255), (0.46875, 0.075), (0.46875, 0.156674), (0.46875, 0.156674), (0.46875, 0.225), (0.46875, 0.188349), (0.46875, 0.175), (0.46875, 0.156674), (0.46875, 0.075), (0.46875, 0.156674), (0.46875, 0.175), (0.46875, 0.225), (0.46875, 0.225), (0.46875, 0.175), (0.46875, 0.175), (0.46875, 0.175), (0.46875, 0.225), (0.46875, 0.225), (0.46875, 0.175), (0.46875, 0.075), (0.46875, 0.075), (0.46875, 0.075), (0.46875, 0.175), (0.46875, 0.175), (0.46875, 0.025), (0.46875, 0.075), (0.46875, 0.025), (0.46875, 0.075), (0.46875, 0.025), (0.46875, 0.075), (0.46875, 0.175), (0.46875, 0.075), (0.46875, 0.075), (0.46875, 0.075), (0.46875, 0.175), (0.46875, 0.175), (0.46875, 0.175), (0.46875, 0.225), (0.46875, 0.225), (0.46875, 0.225), (0.46875, 0.175), (0.46875, 0.175), (0.46875, 0.075), (0.46875, 0.025), (0.46875, 0.075), (0.46875, 0.025), (0.46875, 0.075), (0.46875, 0.025), (0.46875, 0.225), (0.46875, 0.156674), (0.46875, 0.175), (0.46875, 0.175), (0.46875, 0.156674), (0.46875, 0.075), (0.46875, 0.225), (0.46875, 0.188349), (0.46875, 0.156674), (0.46875, 0.0933255), (0.46875, 0.075), (0.46875, 0.156674), (0.46875, 0.225), (0.46875, 0.156674), (0.46875, 0.188349), (0.46875, 0.0616509), (0.46875, 0.075), (0.46875, 0.0933255), (0.46875, 0.175), (0.46875, 0.156674), (0.46875, 0.225), (0.46875, 0.0616509), (0.46875, 0.025), (0.46875, 0.075), (0.46875, 0.156674), (0.46875, 0.175), (0.46875, 0.0933255), (0.46875, 0.0933255), (0.46875, 0.025), (0.46875, 0.0616509), (0.46875, 0.075), (0.46875, 0.0933255), (0.46875, 0.175), (0.46875, 0.0933255), (0.46875, 0.075), (0.46875, 0.025), (0.46875, 0.225), (0.46875, 0.025), (0.46875, 0.225), (0.46875, 0.025), (0.46875, 0.225), (0.46875, 0.025), (0.46875, 0.025), (0.46875, 0.225), (0.46875, 0.025), (0.46875, 0.225), (0.46875, 0.025), (0.46875, 0.225), (0.46875, 0.025), (0.46875, 0.075), (0.46875, 0.025), (0.46875, 0.075), (0.46875, 0.025), (0.46875, 0.075), (0.46875, 0.175), (0.46875, 0.225), (0.46875, 0.225), (0.46875, 0.225), (0.46875, 0.175), (0.46875, 0.175), (0.46875, 0.175), (0.46875, 0.075), (0.46875, 0.075), (0.46875, 0.075), (0.46875, 0.175), (0.46875, 0.175), (0.46875, 0.225), (0.46875, 0.175), (0.46875, 0.175), (0.46875, 0.175), (0.46875, 0.225), (0.46875, 0.225), (0.46875, 0.075), (0.46875, 0.025), (0.46875, 0.075), (0.46875, 0.025), (0.46875, 0.075), (0.46875, 0.025), (0.46875, 0.175), (0.46875, 0.075), (0.46875, 0.075), (0.46875, 0.075), (0.46875, 0.175), (0.46875, 0.175), (0.46875, 0.225), (0.46875, 0.156674), (0.46875, 0.175), (0.46875, 0.175), (0.46875, 0.156674), (0.46875, 0.075), (0.46875, 0.225), (0.46875, 0.188349), (0.46875, 0.156674), (0.46875, 0.0933255), (0.46875, 0.075), (0.46875, 0.156674), (0.46875, 0.225), (0.46875, 0.156674), (0.46875, 0.188349), (0.46875, 0.0616509), (0.46875, 0.075), (0.46875, 0.0933255), (0.46875, 0.175), (0.46875, 0.156674), (0.46875, 0.225), (0.46875, 0.0616509), (0.46875, 0.025), (0.46875, 0.075), (0.46875, 0.156674), (0.46875, 0.175), (0.46875, 0.0933255), (0.46875, 0.0933255), (0.46875, 0.025), (0.46875, 0.0616509), (0.46875, 0.075), (0.46875, 0.0933255), (0.46875, 0.175), (0.46875, 0.0933255), (0.46875, 0.075), (0.46875, 0.025), (0.46875, 0.075), (0.46875, 0.025), (0.46875, 0.075), (0.46875, 0.025), (0.46875, 0.075), (0.46875, 0.025), (0.46875, 0.175), (0.46875, 0.225), (0.46875, 0.225), (0.46875, 0.225), (0.46875, 0.175), (0.46875, 0.175), (0.46875, 0.175), (0.46875, 0.075), (0.46875, 0.075), (0.46875, 0.075), (0.46875, 0.175), (0.46875, 0.175), (0.46875, 0.225), (0.46875, 0.175), (0.46875, 0.175), (0.46875, 0.175), (0.46875, 0.225), (0.46875, 0.225), (0.46875, 0.175), (0.46875, 0.075), (0.46875, 0.075), (0.46875, 0.075), (0.46875, 0.175), (0.46875, 0.175), (0.46875, 0.025), (0.46875, 0.075), (0.46875, 0.025), (0.46875, 0.075), (0.46875, 0.025), (0.46875, 0.075), (0.46875, 0.025), (0.46875, 0.0933255), (0.46875, 0.075), (0.46875, 0.075), (0.46875, 0.0933255), (0.46875, 0.175), (0.46875, 0.025), (0.46875, 0.0616509), (0.46875, 0.0933255), (0.46875, 0.156674), (0.46875, 0.175), (0.46875, 0.0933255), (0.46875, 0.025), (0.46875, 0.0933255), (0.46875, 0.0616509), (0.46875, 0.188349), (0.46875, 0.175), (0.46875, 0.156674), (0.46875, 0.075), (0.46875, 0.0933255), (0.46875, 0.025), (0.46875, 0.188349), (0.46875, 0.225), (0.46875, 0.175), (0.46875, 0.0933255), (0.46875, 0.075), (0.46875, 0.156674), (0.46875, 0.156674), (0.46875, 0.225), (0.46875, 0.188349), (0.46875, 0.175), (0.46875, 0.156674), (0.46875, 0.075), (0.46875, 0.156674), (0.46875, 0.175), (0.46875, 0.225), (0.46875, 0.025), (0.46875, 0.075), (0.46875, 0.025), (0.46875, 0.075), (0.46875, 0.025), (0.46875, 0.075), (0.46875, 0.175), (0.46875, 0.225), (0.46875, 0.225), (0.46875, 0.225), (0.46875, 0.175), (0.46875, 0.175), (0.46875, 0.075), (0.46875, 0.025), (0.46875, 0.075), (0.46875, 0.025), (0.46875, 0.075), (0.46875, 0.025), (0.46875, 0.175), (0.46875, 0.075), (0.46875, 0.075), (0.46875, 0.075), (0.46875, 0.175), (0.46875, 0.175), (0.46875, 0.225), (0.46875, 0.175), (0.46875, 0.175), (0.46875, 0.175), (0.46875, 0.225), (0.46875, 0.225), (0.46875, 0.175), (0.46875, 0.075), (0.46875, 0.075), (0.46875, 0.075), (0.46875, 0.175), (0.46875, 0.175), (0.46875, 0.025), (0.46875, 0.0933255), (0.46875, 0.075), (0.46875, 0.075), (0.46875, 0.0933255), (0.46875, 0.175), (0.46875, 0.025), (0.46875, 0.0616509), (0.46875, 0.0933255), (0.46875, 0.156674), (0.46875, 0.175), (0.46875, 0.0933255), (0.46875, 0.025), (0.46875, 0.0933255), (0.46875, 0.0616509), (0.46875, 0.188349), (0.46875, 0.175), (0.46875, 0.156674), (0.46875, 0.075), (0.46875, 0.0933255), (0.46875, 0.025), (0.46875, 0.188349), (0.46875, 0.225), (0.46875, 0.175), (0.46875, 0.0933255), (0.46875, 0.075), (0.46875, 0.156674), (0.46875, 0.156674), (0.46875, 0.225), (0.46875, 0.188349), (0.46875, 0.175), (0.46875, 0.156674), (0.46875, 0.075), (0.46875, 0.156674), (0.46875, 0.175), (0.46875, 0.225), (0.46875, 0.225), (0.46875, 0.025), (0.46875, 0.225), (0.46875, 0.025), (0.46875, 0.225), (0.46875, 0.025), (0.46875, 0.025), (0.46875, 0.225), (0.46875, 0.025), (0.46875, 0.225), (0.46875, 0.025), (0.46875, 0.225), (0.46875, 0.025), (0.46875, 0.075), (0.46875, 0.025), (0.46875, 0.075), (0.46875, 0.025), (0.46875, 0.075), (0.46875, 0.175), (0.46875, 0.225), (0.46875, 0.225), (0.46875, 0.225), (0.46875, 0.175), (0.46875, 0.175), (0.46875, 0.175), (0.46875, 0.075), (0.46875, 0.075), (0.46875, 0.075), (0.46875, 0.175), (0.46875, 0.175), (0.46875, 0.225), (0.46875, 0.175), (0.46875, 0.175), (0.46875, 0.175), (0.46875, 0.225), (0.46875, 0.225), (0.46875, 0.075), (0.46875, 0.025), (0.46875, 0.075), (0.46875, 0.025), (0.46875, 0.075), (0.46875, 0.025), (0.46875, 0.175), (0.46875, 0.075), (0.46875, 0.075), (0.46875, 0.075), (0.46875, 0.175), (0.46875, 0.175), (0.46875, 0.225), (0.46875, 0.156674), (0.46875, 0.175), (0.46875, 0.175), (0.46875, 0.156674), (0.46875, 0.075), (0.46875, 0.225), (0.46875, 0.188349), (0.46875, 0.156674), (0.46875, 0.0933255), (0.46875, 0.075), (0.46875, 0.156674), (0.46875, 0.225), (0.46875, 0.156674), (0.46875, 0.188349), (0.46875, 0.0616509), (0.46875, 0.075), (0.46875, 0.0933255), (0.46875, 0.175), (0.46875, 0.156674), (0.46875, 0.225), (0.46875, 0.0616509), (0.46875, 0.025), (0.46875, 0.075), (0.46875, 0.156674), (0.46875, 0.175), (0.46875, 0.0933255), (0.46875, 0.0933255), (0.46875, 0.025), (0.46875, 0.0616509), (0.46875, 0.075), (0.46875, 0.0933255), (0.46875, 0.175), (0.46875, 0.0933255), (0.46875, 0.075), (0.46875, 0.025), (0.46875, 0.225), (0.46875, 0.175), (0.46875, 0.175), (0.46875, 0.175), (0.46875, 0.225), (0.46875, 0.225), (0.46875, 0.175), (0.46875, 0.075), (0.46875, 0.075), (0.46875, 0.075), (0.46875, 0.175), (0.46875, 0.175), (0.46875, 0.025), (0.46875, 0.075), (0.46875, 0.025), (0.46875, 0.075), (0.46875, 0.025), (0.46875, 0.075), (0.46875, 0.175), (0.46875, 0.075), (0.46875, 0.075), (0.46875, 0.075), (0.46875, 0.175), (0.46875, 0.175), (0.46875, 0.175), (0.46875, 0.225), (0.46875, 0.225), (0.46875, 0.225), (0.46875, 0.175), (0.46875, 0.175), (0.46875, 0.075), (0.46875, 0.025), (0.46875, 0.075), (0.46875, 0.025), (0.46875, 0.075), (0.46875, 0.025), (0.46875, 0.225), (0.46875, 0.156674), (0.46875, 0.175), (0.46875, 0.175), (0.46875, 0.156674), (0.46875, 0.075), (0.46875, 0.225), (0.46875, 0.188349), (0.46875, 0.156674), (0.46875, 0.0933255), (0.46875, 0.075), (0.46875, 0.156674), (0.46875, 0.225), (0.46875, 0.156674), (0.46875, 0.188349), (0.46875, 0.0616509), (0.46875, 0.075), (0.46875, 0.0933255), (0.46875, 0.175), (0.46875, 0.156674), (0.46875, 0.225), (0.46875, 0.0616509), (0.46875, 0.025), (0.46875, 0.075), (0.46875, 0.156674), (0.46875, 0.175), (0.46875, 0.0933255), (0.46875, 0.0933255), (0.46875, 0.025), (0.46875, 0.0616509), (0.46875, 0.075), (0.46875, 0.0933255), (0.46875, 0.175), (0.46875, 0.0933255), (0.46875, 0.075), (0.46875, 0.025), (0.46875, 0.075), (0.46875, 0.025), (0.46875, 0.075), (0.46875, 0.025), (0.46875, 0.075), (0.46875, 0.025), (0.46875, 0.175), (0.46875, 0.225), (0.46875, 0.225), (0.46875, 0.225), (0.46875, 0.175), (0.46875, 0.175), (0.46875, 0.175), (0.46875, 0.075), (0.46875, 0.075), (0.46875, 0.075), (0.46875, 0.175), (0.46875, 0.175), (0.46875, 0.225), (0.46875, 0.175), (0.46875, 0.175), (0.46875, 0.175), (0.46875, 0.225), (0.46875, 0.225), (0.46875, 0.175), (0.46875, 0.075), (0.46875, 0.075), (0.46875, 0.075), (0.46875, 0.175), (0.46875, 0.175), (0.46875, 0.025), (0.46875, 0.075), (0.46875, 0.025), (0.46875, 0.075), (0.46875, 0.025), (0.46875, 0.075), (0.46875, 0.025), (0.46875, 0.0933255), (0.46875, 0.075), (0.46875, 0.075), (0.46875, 0.0933255), (0.46875, 0.175), (0.46875, 0.025), (0.46875, 0.0616509), (0.46875, 0.0933255), (0.46875, 0.156674), (0.46875, 0.175), (0.46875, 0.0933255), (0.46875, 0.025), (0.46875, 0.0933255), (0.46875, 0.0616509), (0.46875, 0.188349), (0.46875, 0.175), (0.46875, 0.156674), (0.46875, 0.075), (0.46875, 0.0933255), (0.46875, 0.025), (0.46875, 0.188349), (0.46875, 0.225), (0.46875, 0.175), (0.46875, 0.0933255), (0.46875, 0.075), (0.46875, 0.156674), (0.46875, 0.156674), (0.46875, 0.225), (0.46875, 0.188349), (0.46875, 0.175), (0.46875, 0.156674), (0.46875, 0.075), (0.46875, 0.156674), (0.46875, 0.175), (0.46875, 0.225), (0.46875, 0.225), (0.46875, 0.175), (0.46875, 0.175), (0.46875, 0.175), (0.46875, 0.225), (0.46875, 0.225), (0.46875, 0.175), (0.46875, 0.075), (0.46875, 0.075), (0.46875, 0.075), (0.46875, 0.175), (0.46875, 0.175), (0.46875, 0.025), (0.46875, 0.075), (0.46875, 0.025), (0.46875, 0.075), (0.46875, 0.025), (0.46875, 0.075), (0.46875, 0.175), (0.46875, 0.075), (0.46875, 0.075), (0.46875, 0.075), (0.46875, 0.175), (0.46875, 0.175), (0.46875, 0.175), (0.46875, 0.225), (0.46875, 0.225), (0.46875, 0.225), (0.46875, 0.175), (0.46875, 0.175), (0.46875, 0.075), (0.46875, 0.025), (0.46875, 0.075), (0.46875, 0.025), (0.46875, 0.075), (0.46875, 0.025), (0.46875, 0.225), (0.46875, 0.156674), (0.46875, 0.175), (0.46875, 0.175), (0.46875, 0.156674), (0.46875, 0.075), (0.46875, 0.225), (0.46875, 0.188349), (0.46875, 0.156674), (0.46875, 0.0933255), (0.46875, 0.075), (0.46875, 0.156674), (0.46875, 0.225), (0.46875, 0.156674), (0.46875, 0.188349), (0.46875, 0.0616509), (0.46875, 0.075), (0.46875, 0.0933255), (0.46875, 0.175), (0.46875, 0.156674), (0.46875, 0.225), (0.46875, 0.0616509), (0.46875, 0.025), (0.46875, 0.075), (0.46875, 0.156674), (0.46875, 0.175), (0.46875, 0.0933255), (0.46875, 0.0933255), (0.46875, 0.025), (0.46875, 0.0616509), (0.46875, 0.075), (0.46875, 0.0933255), (0.46875, 0.175), (0.46875, 0.0933255), (0.46875, 0.075), (0.46875, 0.025), (0.46875, 0.075), (0.46875, 0.025), (0.46875, 0.075), (0.46875, 0.025), (0.46875, 0.075), (0.46875, 0.025), (0.46875, 0.175), (0.46875, 0.225), (0.46875, 0.225), (0.46875, 0.225), (0.46875, 0.175), (0.46875, 0.175), (0.46875, 0.175), (0.46875, 0.075), (0.46875, 0.075), (0.46875, 0.075), (0.46875, 0.175), (0.46875, 0.175), (0.46875, 0.225), (0.46875, 0.175), (0.46875, 0.175), (0.46875, 0.175), (0.46875, 0.225), (0.46875, 0.225), (0.46875, 0.175), (0.46875, 0.075), (0.46875, 0.075), (0.46875, 0.075), (0.46875, 0.175), (0.46875, 0.175), (0.46875, 0.025), (0.46875, 0.075), (0.46875, 0.025), (0.46875, 0.075), (0.46875, 0.025), (0.46875, 0.075), (0.46875, 0.025), (0.46875, 0.0933255), (0.46875, 0.075), (0.46875, 0.075), (0.46875, 0.0933255), (0.46875, 0.175), (0.46875, 0.025), (0.46875, 0.0616509), (0.46875, 0.0933255), (0.46875, 0.156674), (0.46875, 0.175), (0.46875, 0.0933255), (0.46875, 0.025), (0.46875, 0.0933255), (0.46875, 0.0616509), (0.46875, 0.188349), (0.46875, 0.175), (0.46875, 0.156674), (0.46875, 0.075), (0.46875, 0.0933255), (0.46875, 0.025), (0.46875, 0.188349), (0.46875, 0.225), (0.46875, 0.175), (0.46875, 0.0933255), (0.46875, 0.075), (0.46875, 0.156674), (0.46875, 0.156674), (0.46875, 0.225), (0.46875, 0.188349), (0.46875, 0.175), (0.46875, 0.156674), (0.46875, 0.075), (0.46875, 0.156674), (0.46875, 0.175), (0.46875, 0.225), (0.46875, 0.025), (0.46875, 0.075), (0.46875, 0.025), (0.46875, 0.075), (0.46875, 0.025), (0.46875, 0.075), (0.46875, 0.175), (0.46875, 0.225), (0.46875, 0.225), (0.46875, 0.225), (0.46875, 0.175), (0.46875, 0.175), (0.46875, 0.075), (0.46875, 0.025), (0.46875, 0.075), (0.46875, 0.025), (0.46875, 0.075), (0.46875, 0.025), (0.46875, 0.175), (0.46875, 0.075), (0.46875, 0.075), (0.46875, 0.075), (0.46875, 0.175), (0.46875, 0.175), (0.46875, 0.225), (0.46875, 0.175), (0.46875, 0.175), (0.46875, 0.175), (0.46875, 0.225), (0.46875, 0.225), (0.46875, 0.175), (0.46875, 0.075), (0.46875, 0.075), (0.46875, 0.075), (0.46875, 0.175), (0.46875, 0.175), (0.46875, 0.025), (0.46875, 0.0933255), (0.46875, 0.075), (0.46875, 0.075), (0.46875, 0.0933255), (0.46875, 0.175), (0.46875, 0.025), (0.46875, 0.0616509), (0.46875, 0.0933255), (0.46875, 0.156674), (0.46875, 0.175), (0.46875, 0.0933255), (0.46875, 0.025), (0.46875, 0.0933255), (0.46875, 0.0616509), (0.46875, 0.188349), (0.46875, 0.175), (0.46875, 0.156674), (0.46875, 0.075), (0.46875, 0.0933255), (0.46875, 0.025), (0.46875, 0.188349), (0.46875, 0.225), (0.46875, 0.175), (0.46875, 0.0933255), (0.46875, 0.075), (0.46875, 0.156674), (0.46875, 0.156674), (0.46875, 0.225), (0.46875, 0.188349), (0.46875, 0.175), (0.46875, 0.156674), (0.46875, 0.075), (0.46875, 0.156674), (0.46875, 0.175), (0.46875, 0.225), (0.46875, 0.225), (0.46875, 0.025), (0.46875, 0.225), (0.46875, 0.025), (0.46875, 0.225), (0.46875, 0.025), (0.46875, 0.025), (0.46875, 0.225), (0.46875, 0.025), (0.46875, 0.225), (0.46875, 0.025), (0.46875, 0.225), (0.46875, 0.025), (0.46875, 0.075), (0.46875, 0.025), (0.46875, 0.075), (0.46875, 0.025), (0.46875, 0.075), (0.46875, 0.175), (0.46875, 0.225), (0.46875, 0.225), (0.46875, 0.225), (0.46875, 0.175), (0.46875, 0.175), (0.46875, 0.175), (0.46875, 0.075), (0.46875, 0.075), (0.46875, 0.075), (0.46875, 0.175), (0.46875, 0.175), (0.46875, 0.225), (0.46875, 0.175), (0.46875, 0.175), (0.46875, 0.175), (0.46875, 0.225), (0.46875, 0.225), (0.46875, 0.075), (0.46875, 0.025), (0.46875, 0.075), (0.46875, 0.025), (0.46875, 0.075), (0.46875, 0.025), (0.46875, 0.175), (0.46875, 0.075), (0.46875, 0.075), (0.46875, 0.075), (0.46875, 0.175), (0.46875, 0.175), (0.46875, 0.225), (0.46875, 0.156674), (0.46875, 0.175), (0.46875, 0.175), (0.46875, 0.156674), (0.46875, 0.075), (0.46875, 0.225), (0.46875, 0.188349), (0.46875, 0.156674), (0.46875, 0.0933255), (0.46875, 0.075), (0.46875, 0.156674), (0.46875, 0.225), (0.46875, 0.156674), (0.46875, 0.188349), (0.46875, 0.0616509), (0.46875, 0.075), (0.46875, 0.0933255), (0.46875, 0.175), (0.46875, 0.156674), (0.46875, 0.225), (0.46875, 0.0616509), (0.46875, 0.025), (0.46875, 0.075), (0.46875, 0.156674), (0.46875, 0.175), (0.46875, 0.0933255), (0.46875, 0.0933255), (0.46875, 0.025), (0.46875, 0.0616509), (0.46875, 0.075), (0.46875, 0.0933255), (0.46875, 0.175), (0.46875, 0.0933255), (0.46875, 0.075), (0.46875, 0.025), (0.46875, 0.221395), (0.46875, 0.203991), (0.46875, 0.212693), (0.46875, 0.212693), (0.46875, 0.203991), (0.46875, 0.221395), (0.46875, 0.221395), (0.46875, 0.218231), (0.46875, 0.212693), (0.46875, 0.207155), (0.46875, 0.203991), (0.46875, 0.212693), (0.46875, 0.221395), (0.46875, 0.220525), (0.46875, 0.218231), (0.46875, 0.225), (0.46875, 0.220525), (0.46875, 0.221395), (0.46875, 0.225), (0.46875, 0.218231), (0.46875, 0.220525), (0.46875, 0.207155), (0.46875, 0.200386), (0.46875, 0.203991), (0.46875, 0.204861), (0.46875, 0.200386), (0.46875, 0.207155), (0.46875, 0.207155), (0.46875, 0.200386), (0.46875, 0.204861), (0.46875, 0.221395), (0.46875, 0.218231), (0.46875, 0.225), (0.46875, 0.207155), (0.46875, 0.203991), (0.46875, 0.200386), (0.46875, 0.221395), (0.46875, 0.212693), (0.46875, 0.218231), (0.46875, 0.203991), (0.46875, 0.207155), (0.46875, 0.212693), (0.46875, 0.221395), (0.46875, 0.203991), (0.46875, 0.212693), (0.46875, 0.203991), (0.46875, 0.221395), (0.46875, 0.212693), (0.46875, 0.212693), (0.46875, 0.152779), (0.46875, 0.203991), (0.46875, 0.152779), (0.46875, 0.212693), (0.46875, 0.161481), (0.46875, 0.152779), (0.46875, 0.200386), (0.46875, 0.149174), (0.46875, 0.200386), (0.46875, 0.152779), (0.46875, 0.203991), (0.46875, 0.200386), (0.46875, 0.152779), (0.46875, 0.149174), (0.46875, 0.152779), (0.46875, 0.200386), (0.46875, 0.203991), (0.46875, 0.221395), (0.46875, 0.173788), (0.46875, 0.170183), (0.46875, 0.173788), (0.46875, 0.221395), (0.46875, 0.225), (0.46875, 0.221395), (0.46875, 0.161481), (0.46875, 0.212693), (0.46875, 0.161481), (0.46875, 0.221395), (0.46875, 0.170183), (0.46875, 0.152779), (0.46875, 0.212693), (0.46875, 0.203991), (0.46875, 0.212693), (0.46875, 0.152779), (0.46875, 0.161481), (0.46875, 0.161481), (0.46875, 0.221395), (0.46875, 0.212693), (0.46875, 0.221395), (0.46875, 0.161481), (0.46875, 0.170183), (0.46875, 0.173788), (0.46875, 0.221395), (0.46875, 0.170183), (0.46875, 0.221395), (0.46875, 0.173788), (0.46875, 0.225), (0.46875, 0.221395), (0.46875, 0.203991), (0.46875, 0.212693), (0.46875, 0.212693), (0.46875, 0.203991), (0.46875, 0.221395), (0.46875, 0.221395), (0.46875, 0.218231), (0.46875, 0.212693), (0.46875, 0.207155), (0.46875, 0.203991), (0.46875, 0.212693), (0.46875, 0.221395), (0.46875, 0.220525), (0.46875, 0.218231), (0.46875, 0.225), (0.46875, 0.220525), (0.46875, 0.221395), (0.46875, 0.225), (0.46875, 0.218231), (0.46875, 0.220525), (0.46875, 0.207155), (0.46875, 0.200386), (0.46875, 0.203991), (0.46875, 0.204861), (0.46875, 0.200386), (0.46875, 0.207155), (0.46875, 0.207155), (0.46875, 0.200386), (0.46875, 0.204861), (0.46875, 0.221395), (0.46875, 0.218231), (0.46875, 0.225), (0.46875, 0.207155), (0.46875, 0.203991), (0.46875, 0.200386), (0.46875, 0.221395), (0.46875, 0.212693), (0.46875, 0.218231), (0.46875, 0.203991), (0.46875, 0.207155), (0.46875, 0.212693), (0.46875, 0.221395), (0.46875, 0.203991), (0.46875, 0.212693), (0.46875, 0.203991), (0.46875, 0.221395), (0.46875, 0.212693), (0.46875, 0.212693), (0.46875, 0.152779), (0.46875, 0.203991), (0.46875, 0.152779), (0.46875, 0.212693), (0.46875, 0.161481), (0.46875, 0.152779), (0.46875, 0.200386), (0.46875, 0.149174), (0.46875, 0.200386), (0.46875, 0.152779), (0.46875, 0.203991), (0.46875, 0.200386), (0.46875, 0.152779), (0.46875, 0.149174), (0.46875, 0.152779), (0.46875, 0.200386), (0.46875, 0.203991), (0.46875, 0.221395), (0.46875, 0.173788), (0.46875, 0.170183), (0.46875, 0.173788), (0.46875, 0.221395), (0.46875, 0.225), (0.46875, 0.221395), (0.46875, 0.161481), (0.46875, 0.212693), (0.46875, 0.161481), (0.46875, 0.221395), (0.46875, 0.170183), (0.46875, 0.152779), (0.46875, 0.212693), (0.46875, 0.203991), (0.46875, 0.212693), (0.46875, 0.152779), (0.46875, 0.161481), (0.46875, 0.161481), (0.46875, 0.221395), (0.46875, 0.212693), (0.46875, 0.221395), (0.46875, 0.161481), (0.46875, 0.170183), (0.46875, 0.173788), (0.46875, 0.221395), (0.46875, 0.170183), (0.46875, 0.221395), (0.46875, 0.173788), (0.46875, 0.225), (0.46875, 0.221395), (0.46875, 0.203991), (0.46875, 0.212693), (0.46875, 0.212693), (0.46875, 0.203991), (0.46875, 0.221395), (0.46875, 0.221395), (0.46875, 0.218231), (0.46875, 0.212693), (0.46875, 0.207155), (0.46875, 0.203991), (0.46875, 0.212693), (0.46875, 0.221395), (0.46875, 0.220525), (0.46875, 0.218231), (0.46875, 0.225), (0.46875, 0.220525), (0.46875, 0.221395), (0.46875, 0.225), (0.46875, 0.218231), (0.46875, 0.220525), (0.46875, 0.207155), (0.46875, 0.200386), (0.46875, 0.203991), (0.46875, 0.204861), (0.46875, 0.200386), (0.46875, 0.207155), (0.46875, 0.207155), (0.46875, 0.200386), (0.46875, 0.204861), (0.46875, 0.221395), (0.46875, 0.218231), (0.46875, 0.225), (0.46875, 0.207155), (0.46875, 0.203991), (0.46875, 0.200386), (0.46875, 0.221395), (0.46875, 0.212693), (0.46875, 0.218231), (0.46875, 0.203991), (0.46875, 0.207155), (0.46875, 0.212693), (0.46875, 0.221395), (0.46875, 0.203991), (0.46875, 0.212693), (0.46875, 0.203991), (0.46875, 0.221395), (0.46875, 0.212693), (0.46875, 0.212693), (0.46875, 0.152779), (0.46875, 0.203991), (0.46875, 0.152779), (0.46875, 0.212693), (0.46875, 0.161481), (0.46875, 0.152779), (0.46875, 0.200386), (0.46875, 0.149174), (0.46875, 0.200386), (0.46875, 0.152779), (0.46875, 0.203991), (0.46875, 0.200386), (0.46875, 0.152779), (0.46875, 0.149174), (0.46875, 0.152779), (0.46875, 0.200386), (0.46875, 0.203991), (0.46875, 0.221395), (0.46875, 0.173788), (0.46875, 0.170183), (0.46875, 0.173788), (0.46875, 0.221395), (0.46875, 0.225), (0.46875, 0.221395), (0.46875, 0.161481), (0.46875, 0.212693), (0.46875, 0.161481), (0.46875, 0.221395), (0.46875, 0.170183), (0.46875, 0.152779), (0.46875, 0.212693), (0.46875, 0.203991), (0.46875, 0.212693), (0.46875, 0.152779), (0.46875, 0.161481), (0.46875, 0.161481), (0.46875, 0.221395), (0.46875, 0.212693), (0.46875, 0.221395), (0.46875, 0.161481), (0.46875, 0.170183), (0.46875, 0.173788), (0.46875, 0.221395), (0.46875, 0.170183), (0.46875, 0.221395), (0.46875, 0.173788), (0.46875, 0.225), (0.46875, 0.221395), (0.46875, 0.203991), (0.46875, 0.212693), (0.46875, 0.212693), (0.46875, 0.203991), (0.46875, 0.221395), (0.46875, 0.221395), (0.46875, 0.218231), (0.46875, 0.212693), (0.46875, 0.207155), (0.46875, 0.203991), (0.46875, 0.212693), (0.46875, 0.221395), (0.46875, 0.220525), (0.46875, 0.218231), (0.46875, 0.225), (0.46875, 0.220525), (0.46875, 0.221395), (0.46875, 0.225), (0.46875, 0.218231), (0.46875, 0.220525), (0.46875, 0.207155), (0.46875, 0.200386), (0.46875, 0.203991), (0.46875, 0.204861), (0.46875, 0.200386), (0.46875, 0.207155), (0.46875, 0.207155), (0.46875, 0.200386), (0.46875, 0.204861), (0.46875, 0.221395), (0.46875, 0.218231), (0.46875, 0.225), (0.46875, 0.207155), (0.46875, 0.203991), (0.46875, 0.200386), (0.46875, 0.221395), (0.46875, 0.212693), (0.46875, 0.218231), (0.46875, 0.203991), (0.46875, 0.207155), (0.46875, 0.212693), (0.46875, 0.221395), (0.46875, 0.203991), (0.46875, 0.212693), (0.46875, 0.203991), (0.46875, 0.221395), (0.46875, 0.212693), (0.46875, 0.212693), (0.46875, 0.152779), (0.46875, 0.203991), (0.46875, 0.152779), (0.46875, 0.212693), (0.46875, 0.161481), (0.46875, 0.152779), (0.46875, 0.200386), (0.46875, 0.149174), (0.46875, 0.200386), (0.46875, 0.152779), (0.46875, 0.203991), (0.46875, 0.200386), (0.46875, 0.152779), (0.46875, 0.149174), (0.46875, 0.152779), (0.46875, 0.200386), (0.46875, 0.203991), (0.46875, 0.221395), (0.46875, 0.173788), (0.46875, 0.170183), (0.46875, 0.173788), (0.46875, 0.221395), (0.46875, 0.225), (0.46875, 0.221395), (0.46875, 0.161481), (0.46875, 0.212693), (0.46875, 0.161481), (0.46875, 0.221395), (0.46875, 0.170183), (0.46875, 0.152779), (0.46875, 0.212693), (0.46875, 0.203991), (0.46875, 0.212693), (0.46875, 0.152779), (0.46875, 0.161481), (0.46875, 0.161481), (0.46875, 0.221395), (0.46875, 0.212693), (0.46875, 0.221395), (0.46875, 0.161481), (0.46875, 0.170183), (0.46875, 0.173788), (0.46875, 0.221395), (0.46875, 0.170183), (0.46875, 0.221395), (0.46875, 0.173788), (0.46875, 0.225), (0.46875, 0.225), (0.46875, 0.125), (0.46875, 0.125), (0.46875, 0.125), (0.46875, 0.225), (0.46875, 0.225), (0.46875, 0.475), (0.46875, 0.275), (0.46875, 0.275), (0.46875, 0.275), (0.46875, 0.475), (0.46875, 0.475), (0.46875, 0.475), (0.46875, 0.275), (0.46875, 0.275), (0.46875, 0.275), (0.46875, 0.475), (0.46875, 0.475), (0.46875, 0.475), (0.46875, 0.275), (0.46875, 0.275), (0.46875, 0.275), (0.46875, 0.475), (0.46875, 0.475), (0.46875, 0.475), (0.46875, 0.275), (0.46875, 0.275), (0.46875, 0.275), (0.46875, 0.475), (0.46875, 0.475), (0.46875, 0.475), (0.46875, 0.275), (0.46875, 0.275), (0.46875, 0.275), (0.46875, 0.475), (0.46875, 0.475), (0.46875, 0.475), (0.46875, 0.275), (0.46875, 0.275), (0.46875, 0.275), (0.46875, 0.475), (0.46875, 0.475), (0.46875, 0.475), (0.46875, 0.275), (0.46875, 0.275), (0.46875, 0.275), (0.46875, 0.475), (0.46875, 0.475), (0.46875, 0.475), (0.46875, 0.275), (0.46875, 0.275), (0.46875, 0.275), (0.46875, 0.475), (0.46875, 0.475), (0.46875, 0.475), (0.46875, 0.275), (0.46875, 0.275), (0.46875, 0.275), (0.46875, 0.475), (0.46875, 0.475), (0.46875, 0.475), (0.46875, 0.275), (0.46875, 0.275), (0.46875, 0.275), (0.46875, 0.475), (0.46875, 0.475), (0.46875, 0.411481), (0.46875, 0.27919), (0.46875, 0.402779), (0.46875, 0.27919), (0.46875, 0.411481), (0.46875, 0.289307), (0.46875, 0.420183), (0.46875, 0.303614), (0.46875, 0.299423), (0.46875, 0.303614), (0.46875, 0.420183), (0.46875, 0.423788), (0.46875, 0.303614), (0.46875, 0.420183), (0.46875, 0.299423), (0.46875, 0.420183), (0.46875, 0.303614), (0.46875, 0.423788), (0.46875, 0.289307), (0.46875, 0.420183), (0.46875, 0.411481), (0.46875, 0.420183), (0.46875, 0.289307), (0.46875, 0.299423), (0.46875, 0.27919), (0.46875, 0.399174), (0.46875, 0.275), (0.46875, 0.399174), (0.46875, 0.27919), (0.46875, 0.402779), (0.46875, 0.399174), (0.46875, 0.27919), (0.46875, 0.275), (0.46875, 0.27919), (0.46875, 0.399174), (0.46875, 0.402779), (0.46875, 0.27919), (0.46875, 0.411481), (0.46875, 0.402779), (0.46875, 0.411481), (0.46875, 0.27919), (0.46875, 0.289307), (0.46875, 0.420183), (0.46875, 0.289307), (0.46875, 0.411481), (0.46875, 0.289307), (0.46875, 0.420183), (0.46875, 0.299423), (0.46875, 0.411481), (0.46875, 0.27919), (0.46875, 0.402779), (0.46875, 0.27919), (0.46875, 0.411481), (0.46875, 0.289307), (0.46875, 0.420183), (0.46875, 0.303614), (0.46875, 0.299423), (0.46875, 0.303614), (0.46875, 0.420183), (0.46875, 0.423788), (0.46875, 0.303614), (0.46875, 0.420183), (0.46875, 0.299423), (0.46875, 0.420183), (0.46875, 0.303614), (0.46875, 0.423788), (0.46875, 0.289307), (0.46875, 0.420183), (0.46875, 0.411481), (0.46875, 0.420183), (0.46875, 0.289307), (0.46875, 0.299423), (0.46875, 0.27919), (0.46875, 0.399174), (0.46875, 0.275), (0.46875, 0.399174), (0.46875, 0.27919), (0.46875, 0.402779), (0.46875, 0.399174), (0.46875, 0.27919), (0.46875, 0.275), (0.46875, 0.27919), (0.46875, 0.399174), (0.46875, 0.402779), (0.46875, 0.27919), (0.46875, 0.411481), (0.46875, 0.402779), (0.46875, 0.411481), (0.46875, 0.27919), (0.46875, 0.289307), (0.46875, 0.420183), (0.46875, 0.289307), (0.46875, 0.411481), (0.46875, 0.289307), (0.46875, 0.420183), (0.46875, 0.299423), (0.46875, 0.411481), (0.46875, 0.27919), (0.46875, 0.402779), (0.46875, 0.27919), (0.46875, 0.411481), (0.46875, 0.289307), (0.46875, 0.420183), (0.46875, 0.303614), (0.46875, 0.299423), (0.46875, 0.303614), (0.46875, 0.420183), (0.46875, 0.423788), (0.46875, 0.303614), (0.46875, 0.420183), (0.46875, 0.299423), (0.46875, 0.420183), (0.46875, 0.303614), (0.46875, 0.423788), (0.46875, 0.289307), (0.46875, 0.420183), (0.46875, 0.411481), (0.46875, 0.420183), (0.46875, 0.289307), (0.46875, 0.299423), (0.46875, 0.27919), (0.46875, 0.399174), (0.46875, 0.275), (0.46875, 0.399174), (0.46875, 0.27919), (0.46875, 0.402779), (0.46875, 0.399174), (0.46875, 0.27919), (0.46875, 0.275), (0.46875, 0.27919), (0.46875, 0.399174), (0.46875, 0.402779), (0.46875, 0.27919), (0.46875, 0.411481), (0.46875, 0.402779), (0.46875, 0.411481), (0.46875, 0.27919), (0.46875, 0.289307), (0.46875, 0.420183), (0.46875, 0.289307), (0.46875, 0.411481), (0.46875, 0.289307), (0.46875, 0.420183), (0.46875, 0.299423), (0.46875, 0.411481), (0.46875, 0.27919), (0.46875, 0.402779), (0.46875, 0.27919), (0.46875, 0.411481), (0.46875, 0.289307), (0.46875, 0.420183), (0.46875, 0.303614), (0.46875, 0.299423), (0.46875, 0.303614), (0.46875, 0.420183), (0.46875, 0.423788), (0.46875, 0.303614), (0.46875, 0.420183), (0.46875, 0.299423), (0.46875, 0.420183), (0.46875, 0.303614), (0.46875, 0.423788), (0.46875, 0.289307), (0.46875, 0.420183), (0.46875, 0.411481), (0.46875, 0.420183), (0.46875, 0.289307), (0.46875, 0.299423), (0.46875, 0.27919), (0.46875, 0.399174), (0.46875, 0.275), (0.46875, 0.399174), (0.46875, 0.27919), (0.46875, 0.402779), (0.46875, 0.399174), (0.46875, 0.27919), (0.46875, 0.275), (0.46875, 0.27919), (0.46875, 0.399174), (0.46875, 0.402779), (0.46875, 0.27919), (0.46875, 0.411481), (0.46875, 0.402779), (0.46875, 0.411481), (0.46875, 0.27919), (0.46875, 0.289307), (0.46875, 0.420183), (0.46875, 0.289307), (0.46875, 0.411481), (0.46875, 0.289307), (0.46875, 0.420183), (0.46875, 0.299423), (0.46875, 0.475), (0.46875, 0.375), (0.46875, 0.472931), (0.46875, 0.375), (0.46875, 0.475), (0.46875, 0.379139), (0.46875, 0.379139), (0.46875, 0.375), (0.46875, 0.379139), (0.46875, 0.375), (0.46875, 0.379139), (0.46875, 0.375), (0.46875, 0.475), (0.46875, 0.379139), (0.46875, 0.379139), (0.46875, 0.379139), (0.46875, 0.475), (0.46875, 0.475), (0.46875, 0.375), (0.46875, 0.475), (0.46875, 0.472931), (0.46875, 0.475), (0.46875, 0.375), (0.46875, 0.379139), (0.46875, 0.472931), (0.46875, 0.475), (0.46875, 0.475), (0.46875, 0.475), (0.46875, 0.472931), (0.46875, 0.472931), (0.46875, 0.375), (0.46875, 0.472931), (0.46875, 0.375), (0.46875, 0.472931), (0.46875, 0.375), (0.46875, 0.472931), (0.46875, 0.475), (0.46875, 0.375), (0.46875, 0.472931), (0.46875, 0.375), (0.46875, 0.475), (0.46875, 0.379139), (0.46875, 0.379139), (0.46875, 0.375), (0.46875, 0.379139), (0.46875, 0.375), (0.46875, 0.379139), (0.46875, 0.375), (0.46875, 0.475), (0.46875, 0.379139), (0.46875, 0.379139), (0.46875, 0.379139), (0.46875, 0.475), (0.46875, 0.475), (0.46875, 0.375), (0.46875, 0.475), (0.46875, 0.472931), (0.46875, 0.475), (0.46875, 0.375), (0.46875, 0.379139), (0.46875, 0.472931), (0.46875, 0.475), (0.46875, 0.475), (0.46875, 0.475), (0.46875, 0.472931), (0.46875, 0.472931), (0.46875, 0.375), (0.46875, 0.472931), (0.46875, 0.375), (0.46875, 0.472931), (0.46875, 0.375), (0.46875, 0.472931), (0.46875, 0.475), (0.46875, 0.375), (0.46875, 0.472931), (0.46875, 0.375), (0.46875, 0.475), (0.46875, 0.379139), (0.46875, 0.379139), (0.46875, 0.375), (0.46875, 0.379139), (0.46875, 0.375), (0.46875, 0.379139), (0.46875, 0.375), (0.46875, 0.475), (0.46875, 0.379139), (0.46875, 0.379139), (0.46875, 0.379139), (0.46875, 0.475), (0.46875, 0.475), (0.46875, 0.375), (0.46875, 0.475), (0.46875, 0.472931), (0.46875, 0.475), (0.46875, 0.375), (0.46875, 0.379139), (0.46875, 0.472931), (0.46875, 0.475), (0.46875, 0.475), (0.46875, 0.475), (0.46875, 0.472931), (0.46875, 0.472931), (0.46875, 0.375), (0.46875, 0.472931), (0.46875, 0.375), (0.46875, 0.472931), (0.46875, 0.375), (0.46875, 0.472931), (0.46875, 0.475), (0.46875, 0.375), (0.46875, 0.472931), (0.46875, 0.375), (0.46875, 0.475), (0.46875, 0.379139), (0.46875, 0.379139), (0.46875, 0.375), (0.46875, 0.379139), (0.46875, 0.375), (0.46875, 0.379139), (0.46875, 0.375), (0.46875, 0.475), (0.46875, 0.379139), (0.46875, 0.379139), (0.46875, 0.379139), (0.46875, 0.475), (0.46875, 0.475), (0.46875, 0.375), (0.46875, 0.475), (0.46875, 0.472931), (0.46875, 0.475), (0.46875, 0.375), (0.46875, 0.379139), (0.46875, 0.472931), (0.46875, 0.475), (0.46875, 0.475), (0.46875, 0.475), (0.46875, 0.472931), (0.46875, 0.472931), (0.46875, 0.375), (0.46875, 0.472931), (0.46875, 0.375), (0.46875, 0.472931), (0.46875, 0.375), (0.46875, 0.472931), (0.71875, 0.348597), (0.71875, 0.275), (0.71875, 0.275), (0.71875, 0.348597), (0.71875, 0.275), (0.71875, 0.275), (0.71875, 0.348597), (0.71875, 0.275), (0.71875, 0.275), (0.71875, 0.348597), (0.71875, 0.275), (0.71875, 0.275), (0.71875, 0.348597), (0.71875, 0.275), (0.71875, 0.348597), (0.71875, 0.348597), (0.71875, 0.275), (0.71875, 0.348597), (0.71875, 0.348597), (0.71875, 0.275), (0.71875, 0.348597), (0.71875, 0.348597), (0.71875, 0.275), (0.71875, 0.348597), (0.71875, 0.275), (0.71875, 0.275), (0.71875, 0.275), (0.71875, 0.275), (0.71875, 0.275), (0.71875, 0.275), (0.71875, 0.275), (0.71875, 0.275), (0.71875, 0.275), (0.71875, 0.433416), (0.71875, 0.475), (0.71875, 0.433416), (0.71875, 0.475), (0.71875, 0.433416), (0.71875, 0.475), (0.71875, 0.475), (0.71875, 0.433416), (0.71875, 0.433416), (0.71875, 0.433416), (0.71875, 0.475), (0.71875, 0.475), (0.71875, 0.316584), (0.71875, 0.275), (0.71875, 0.275), (0.71875, 0.275), (0.71875, 0.316584), (0.71875, 0.316584), (0.71875, 0.316584), (0.71875, 0.275), (0.71875, 0.275), (0.71875, 0.275), (0.71875, 0.316584), (0.71875, 0.316584), (0.71875, 0.475), (0.71875, 0.433416), (0.71875, 0.475), (0.71875, 0.433416), (0.71875, 0.475), (0.71875, 0.433416), (0.71875, 0.475), (0.71875, 0.433416), (0.71875, 0.433416), (0.71875, 0.433416), (0.71875, 0.475), (0.71875, 0.475), (0.71875, 0.316584), (0.71875, 0.275), (0.71875, 0.275), (0.71875, 0.275), (0.71875, 0.316584), (0.71875, 0.316584), (0.71875, 0.433416), (0.71875, 0.433416), (0.71875, 0.433416), (0.71875, 0.433416), (0.71875, 0.433416), (0.71875, 0.433416), (0.71875, 0.433416), (0.71875, 0.433416), (0.71875, 0.433416), (0.71875, 0.433416), (0.71875, 0.433416), (0.71875, 0.433416), (0.71875, 0.433416), (0.71875, 0.433416), (0.71875, 0.433416), (0.71875, 0.433416), (0.71875, 0.433416), (0.71875, 0.433416), (0.71875, 0.275), (0.71875, 0.275), (0.71875, 0.275), (0.71875, 0.275), (0.71875, 0.275), (0.71875, 0.275), (0.71875, 0.275), (0.71875, 0.275), (0.71875, 0.275), (0.71875, 0.275), (0.71875, 0.275), (0.71875, 0.275), (0.71875, 0.275), (0.71875, 0.275), (0.71875, 0.275), (0.71875, 0.275), (0.71875, 0.275), (0.71875, 0.275), (0.71875, 0.275), (0.71875, 0.316584), (0.71875, 0.275), (0.71875, 0.316584), (0.71875, 0.275), (0.71875, 0.316584), (0.71875, 0.316584), (0.71875, 0.275), (0.71875, 0.316584), (0.71875, 0.275), (0.71875, 0.316584), (0.71875, 0.275), (0.71875, 0.316584), (0.71875, 0.275), (0.71875, 0.275), (0.71875, 0.275), (0.71875, 0.316584), (0.71875, 0.316584), (0.71875, 0.316584), (0.71875, 0.316584), (0.71875, 0.316584), (0.71875, 0.316584), (0.71875, 0.316584), (0.71875, 0.316584), (0.71875, 0.316584), (0.71875, 0.316584), (0.71875, 0.316584), (0.71875, 0.316584), (0.71875, 0.316584), (0.71875, 0.316584), (0.71875, 0.316584), (0.71875, 0.316584), (0.71875, 0.316584), (0.71875, 0.316584), (0.71875, 0.316584), (0.71875, 0.316584), (0.71875, 0.475), (0.71875, 0.433416), (0.71875, 0.433416), (0.71875, 0.433416), (0.71875, 0.475), (0.71875, 0.475), (0.71875, 0.316584), (0.71875, 0.275), (0.71875, 0.316584), (0.71875, 0.275), (0.71875, 0.316584), (0.71875, 0.275), (0.71875, 0.475), (0.71875, 0.475), (0.71875, 0.475), (0.71875, 0.475), (0.71875, 0.475), (0.71875, 0.475), (0.71875, 0.475), (0.71875, 0.475), (0.71875, 0.475), (0.71875, 0.475), (0.71875, 0.475), (0.71875, 0.475), (0.71875, 0.475), (0.71875, 0.475), (0.71875, 0.475), (0.71875, 0.475), (0.71875, 0.475), (0.71875, 0.475), (0.71875, 0.275), (0.71875, 0.316584), (0.71875, 0.275), (0.71875, 0.316584), (0.71875, 0.275), (0.71875, 0.316584), (0.71875, 0.475), (0.71875, 0.433416), (0.71875, 0.475), (0.71875, 0.433416), (0.71875, 0.475), (0.71875, 0.433416), (0.71875, 0.433416), (0.71875, 0.475), (0.71875, 0.433416), (0.71875, 0.475), (0.71875, 0.433416), (0.71875, 0.475), (0.71875, 0.475), (0.71875, 0.433416), (0.71875, 0.433416), (0.71875, 0.433416), (0.71875, 0.475), (0.71875, 0.475), (0.71875, 0.475), (0.71875, 0.275), (0.71875, 0.275), (0.71875, 0.275), (0.71875, 0.475), (0.71875, 0.475), (0.71875, 0.275), (0.71875, 0.275), (0.71875, 0.475), (0.71875, 0.475), (0.71875, 0.475), (0.71875, 0.275), (0.71875, 0.475), (0.71875, 0.275), (0.71875, 0.275), (0.71875, 0.275), (0.71875, 0.475), (0.71875, 0.475), (0.71875, 0.275), (0.71875, 0.275), (0.71875, 0.475), (0.71875, 0.475), (0.71875, 0.475), (0.71875, 0.275), (0.71875, 0.475), (0.71875, 0.275), (0.71875, 0.275), (0.71875, 0.275), (0.71875, 0.475), (0.71875, 0.275), (0.71875, 0.275), (0.71875, 0.475), (0.71875, 0.475), (0.71875, 0.475), (0.71875, 0.475), (0.71875, 0.475), (0.71875, 0.275), (0.71875, 0.275), (0.71875, 0.475), (0.71875, 0.275), (0.71875, 0.475), (0.71875, 0.275), (0.71875, 0.475), (0.71875, 0.475), (0.71875, 0.275), (0.71875, 0.475), (0.71875, 0.475), (0.71875, 0.475), (0.71875, 0.475), (0.71875, 0.275), (0.71875, 0.275), (0.71875, 0.275), (0.71875, 0.475), (0.71875, 0.475), (0.71875, 0.275), (0.71875, 0.275), (0.71875, 0.475), (0.71875, 0.475), (0.71875, 0.475), (0.71875, 0.275), (0.71875, 0.475), (0.71875, 0.275), (0.71875, 0.275), (0.71875, 0.275), (0.71875, 0.475), (0.71875, 0.475), (0.71875, 0.275), (0.71875, 0.275), (0.71875, 0.475), (0.71875, 0.475), (0.71875, 0.475), (0.71875, 0.275), (0.71875, 0.475), (0.71875, 0.275), (0.71875, 0.275), (0.71875, 0.275), (0.71875, 0.475), (0.71875, 0.475), (0.71875, 0.275), (0.71875, 0.275), (0.71875, 0.475), (0.71875, 0.475), (0.71875, 0.475), (0.71875, 0.275), (0.71875, 0.475), (0.71875, 0.275), (0.71875, 0.275), (0.71875, 0.275), (0.71875, 0.475), (0.71875, 0.475), (0.71875, 0.275), (0.71875, 0.275), (0.71875, 0.475), (0.71875, 0.475), (0.71875, 0.475), (0.71875, 0.275), (0.71875, 0.333878), (0.71875, 0.275), (0.71875, 0.275), (0.71875, 0.348597), (0.71875, 0.333878), (0.71875, 0.275), (0.71875, 0.348597), (0.71875, 0.333878), (0.71875, 0.348597), (0.71875, 0.348597), (0.71875, 0.275), (0.71875, 0.275), (0.71875, 0.348597), (0.71875, 0.275), (0.71875, 0.348597), (0.71875, 0.348597), (0.71875, 0.275), (0.71875, 0.275), (0.71875, 0.348597), (0.71875, 0.275), (0.71875, 0.348597), (0.71875, 0.348597), (0.71875, 0.275), (0.71875, 0.333878), (0.71875, 0.348597), (0.71875, 0.333878), (0.71875, 0.348597), (0.71875, 0.275), (0.71875, 0.275), (0.71875, 0.275), (0.71875, 0.275), (0.71875, 0.275), (0.71875, 0.275), (0.71875, 0.275), (0.71875, 0.275), (0.71875, 0.275), (0.71875, 0.275), (0.71875, 0.275), (0.71875, 0.275), (0.71875, 0.354444), (0.71875, 0.275), (0.71875, 0.275), (0.71875, 0.275), (0.71875, 0.354444), (0.71875, 0.354444), (0.71875, 0.354444), (0.71875, 0.275), (0.71875, 0.275), (0.71875, 0.275), (0.71875, 0.354444), (0.71875, 0.354444), (0.71875, 0.475), (0.71875, 0.275), (0.71875, 0.475), (0.71875, 0.275), (0.71875, 0.475), (0.71875, 0.275), (0.71875, 0.475), (0.71875, 0.275), (0.71875, 0.475), (0.71875, 0.275), (0.71875, 0.475), (0.71875, 0.275), (0.71875, 0.475), (0.71875, 0.275), (0.71875, 0.475), (0.71875, 0.275), (0.71875, 0.475), (0.71875, 0.275), (0.71875, 0.275), (0.71875, 0.475), (0.71875, 0.475), (0.71875, 0.275), (0.71875, 0.475), (0.71875, 0.275), (0.71875, 0.475), (0.71875, 0.275), (0.71875, 0.475), (0.71875, 0.275), (0.71875, 0.475), (0.71875, 0.275), (0.71875, 0.475), (0.71875, 0.475), (0.71875, 0.275), (0.71875, 0.275), (0.71875, 0.475), (0.71875, 0.275), (0.71875, 0.475), (0.71875, 0.275), (0.71875, 0.475), (0.71875, 0.275), (0.71875, 0.475), (0.71875, 0.275), (0.71875, 0.475), (0.71875, 0.275), (0.71875, 0.475), (0.71875, 0.275), (0.71875, 0.475), (0.71875, 0.275), (0.71875, 0.475), (0.71875, 0.275), (0.71875, 0.475), (0.71875, 0.275), (0.71875, 0.475), (0.71875, 0.275), (0.71875, 0.475), (0.71875, 0.275), (0.71875, 0.475), (0.71875, 0.275), (0.71875, 0.475), (0.71875, 0.275), (0.71875, 0.475), (0.71875, 0.275), (0.71875, 0.475), (0.71875, 0.275), (0.71875, 0.475), (0.71875, 0.275), (0.71875, 0.475), (0.71875, 0.275), (0.71875, 0.475), (0.71875, 0.275), (0.71875, 0.475), (0.71875, 0.275), (0.71875, 0.475), (0.71875, 0.275), (0.71875, 0.475), (0.71875, 0.275), (0.71875, 0.475), (0.71875, 0.275), (0.71875, 0.475), (0.71875, 0.275), (0.71875, 0.475), (0.71875, 0.275), (0.71875, 0.475), (0.71875, 0.275), (0.71875, 0.475), (0.71875, 0.275), (0.71875, 0.475), (0.71875, 0.275), (0.71875, 0.475), (0.71875, 0.275), (0.71875, 0.475), (0.71875, 0.275), (0.71875, 0.475), (0.71875, 0.275), (0.71875, 0.475), (0.71875, 0.275), (0.71875, 0.316584), (0.71875, 0.275), (0.71875, 0.316584), (0.71875, 0.275), (0.71875, 0.316584), (0.71875, 0.275), (0.71875, 0.475), (0.71875, 0.433416), (0.71875, 0.433416), (0.71875, 0.433416), (0.71875, 0.475), (0.71875, 0.475), (0.71875, 0.316584), (0.71875, 0.316584), (0.71875, 0.316584), (0.71875, 0.316584), (0.71875, 0.316584), (0.71875, 0.316584), (0.71875, 0.316584), (0.71875, 0.316584), (0.71875, 0.316584), (0.71875, 0.316584), (0.71875, 0.316584), (0.71875, 0.316584), (0.71875, 0.316584), (0.71875, 0.316584), (0.71875, 0.316584), (0.71875, 0.316584), (0.71875, 0.316584), (0.71875, 0.316584), (0.71875, 0.433416), (0.71875, 0.433416), (0.71875, 0.433416), (0.71875, 0.433416), (0.71875, 0.433416), (0.71875, 0.433416), (0.71875, 0.433416), (0.71875, 0.433416), (0.71875, 0.433416), (0.71875, 0.433416), (0.71875, 0.433416), (0.71875, 0.433416), (0.71875, 0.433416), (0.71875, 0.433416), (0.71875, 0.433416), (0.71875, 0.433416), (0.71875, 0.433416), (0.71875, 0.433416), (0.71875, 0.275), (0.71875, 0.275), (0.71875, 0.275), (0.71875, 0.275), (0.71875, 0.275), (0.71875, 0.275), (0.71875, 0.275), (0.71875, 0.275), (0.71875, 0.275), (0.71875, 0.275), (0.71875, 0.275), (0.71875, 0.275), (0.71875, 0.275), (0.71875, 0.275), (0.71875, 0.275), (0.71875, 0.275), (0.71875, 0.275), (0.71875, 0.275), (0.71875, 0.316584), (0.71875, 0.275), (0.71875, 0.275), (0.71875, 0.275), (0.71875, 0.316584), (0.71875, 0.316584), (0.71875, 0.475), (0.71875, 0.433416), (0.71875, 0.475), (0.71875, 0.433416), (0.71875, 0.475), (0.71875, 0.433416), (0.71875, 0.316584), (0.71875, 0.275), (0.71875, 0.275), (0.71875, 0.275), (0.71875, 0.316584), (0.71875, 0.316584), (0.71875, 0.316584), (0.71875, 0.275), (0.71875, 0.316584), (0.71875, 0.275), (0.71875, 0.316584), (0.71875, 0.275), (0.71875, 0.433416), (0.71875, 0.475), (0.71875, 0.433416), (0.71875, 0.475), (0.71875, 0.433416), (0.71875, 0.475), (0.71875, 0.316584), (0.71875, 0.275), (0.71875, 0.275), (0.71875, 0.275), (0.71875, 0.316584), (0.71875, 0.316584), (0.71875, 0.475), (0.71875, 0.475), (0.71875, 0.475), (0.71875, 0.475), (0.71875, 0.475), (0.71875, 0.475), (0.71875, 0.475), (0.71875, 0.475), (0.71875, 0.475), (0.71875, 0.475), (0.71875, 0.475), (0.71875, 0.475), (0.71875, 0.475), (0.71875, 0.475), (0.71875, 0.475), (0.71875, 0.475), (0.71875, 0.475), (0.71875, 0.475), (0.71875, 0.275), (0.71875, 0.316584), (0.71875, 0.275), (0.71875, 0.316584), (0.71875, 0.275), (0.71875, 0.316584), (0.71875, 0.475), (0.71875, 0.433416), (0.71875, 0.433416), (0.71875, 0.433416), (0.71875, 0.475), (0.71875, 0.475), (0.71875, 0.316584), (0.71875, 0.275), (0.71875, 0.316584), (0.71875, 0.275), (0.71875, 0.316584), (0.71875, 0.275), (0.71875, 0.475), (0.71875, 0.433416), (0.71875, 0.433416), (0.71875, 0.433416), (0.71875, 0.475), (0.71875, 0.475), (0.71875, 0.475), (0.71875, 0.433416), (0.71875, 0.475), (0.71875, 0.433416), (0.71875, 0.475), (0.71875, 0.433416), (0.71875, 0.316584), (0.71875, 0.275), (0.71875, 0.275), (0.71875, 0.275), (0.71875, 0.316584), (0.71875, 0.316584), (0.71875, 0.475), (0.71875, 0.433416), (0.71875, 0.475), (0.71875, 0.433416), (0.71875, 0.475), (0.71875, 0.433416), (0.71875, 0.475), (0.71875, 0.433416), (0.71875, 0.433416), (0.71875, 0.433416), (0.71875, 0.475), (0.71875, 0.475), (0.09375, 0.46764), (0.09375, 0.460281), (0.09375, 0.46764), (0.09375, 0.460281), (0.09375, 0.46764), (0.09375, 0.460281), (0.09375, 0.46764), (0.09375, 0.470158), (0.09375, 0.460281), (0.09375, 0.460281), (0.09375, 0.470158), (0.09375, 0.460281), (0.09375, 0.470158), (0.09375, 0.46764), (0.09375, 0.470158), (0.09375, 0.460281), (0.09375, 0.470158), (0.09375, 0.46764), (0.09375, 0.460281), (0.09375, 0.470158), (0.09375, 0.460281), (0.09375, 0.470158), (0.09375, 0.460281), (0.09375, 0.470158), (0.09375, 0.475), (0.09375, 0.475), (0.09375, 0.475), (0.09375, 0.475), (0.09375, 0.475), (0.09375, 0.475), (0.09375, 0.475), (0.09375, 0.475), (0.09375, 0.475), (0.09375, 0.475), (0.09375, 0.475), (0.09375, 0.475), (0.09375, 0.475), (0.09375, 0.475), (0.09375, 0.475), (0.09375, 0.475), (0.09375, 0.475), (0.09375, 0.475), (0.09375, 0.475), (0.09375, 0.475), (0.09375, 0.475), (0.09375, 0.475), (0.09375, 0.475), (0.09375, 0.475), (0.09375, 0.475), (0.09375, 0.470158), (0.09375, 0.475), (0.09375, 0.470158), (0.09375, 0.475), (0.09375, 0.470158), (0.09375, 0.475), (0.09375, 0.470158), (0.09375, 0.470158), (0.09375, 0.470158), (0.09375, 0.475), (0.09375, 0.475), (0.09375, 0.475), (0.09375, 0.475), (0.09375, 0.475), (0.09375, 0.475), (0.09375, 0.475), (0.09375, 0.475), (0.09375, 0.475), (0.09375, 0.475), (0.09375, 0.475), (0.09375, 0.475), (0.09375, 0.475), (0.09375, 0.475), (0.09375, 0.475), (0.09375, 0.475), (0.09375, 0.475), (0.09375, 0.475), (0.09375, 0.475), (0.09375, 0.475), (0.09375, 0.475), (0.09375, 0.475), (0.09375, 0.475), (0.09375, 0.475), (0.09375, 0.475), (0.09375, 0.475), (0.09375, 0.46764), (0.09375, 0.460281), (0.09375, 0.46764), (0.09375, 0.460281), (0.09375, 0.46764), (0.09375, 0.460281), (0.09375, 0.46764), (0.09375, 0.470158), (0.09375, 0.460281), (0.09375, 0.460281), (0.09375, 0.470158), (0.09375, 0.460281), (0.09375, 0.470158), (0.09375, 0.46764), (0.09375, 0.470158), (0.09375, 0.460281), (0.09375, 0.470158), (0.09375, 0.46764), (0.09375, 0.460281), (0.09375, 0.470158), (0.09375, 0.460281), (0.09375, 0.470158), (0.09375, 0.460281), (0.09375, 0.470158), (0.09375, 0.475), (0.09375, 0.470158), (0.09375, 0.470158), (0.09375, 0.470158), (0.09375, 0.475), (0.09375, 0.475), (0.09375, 0.475), (0.09375, 0.470158), (0.09375, 0.475), (0.09375, 0.470158), (0.09375, 0.475), (0.09375, 0.470158), (0.84375, 0.21764), (0.84375, 0.21764), (0.84375, 0.21764), (0.84375, 0.21764), (0.84375, 0.21764), (0.84375, 0.21764), (0.84375, 0.21764), (0.84375, 0.21764), (0.84375, 0.21764), (0.84375, 0.210281), (0.84375, 0.210281), (0.84375, 0.210281), (0.84375, 0.210281), (0.84375, 0.210281), (0.84375, 0.210281), (0.84375, 0.210281), (0.84375, 0.210281), (0.84375, 0.210281), (0.84375, 0.210281), (0.84375, 0.210281), (0.84375, 0.210281), (0.84375, 0.225), (0.84375, 0.225), (0.84375, 0.225), (0.84375, 0.225), (0.84375, 0.225), (0.84375, 0.225), (0.84375, 0.225), (0.84375, 0.225), (0.84375, 0.225), (0.84375, 0.025), (0.84375, 0.225), (0.84375, 0.025), (0.84375, 0.225), (0.84375, 0.025), (0.84375, 0.225), (0.84375, 0.225), (0.84375, 0.025), (0.84375, 0.025), (0.84375, 0.025), (0.84375, 0.225), (0.84375, 0.225), (0.84375, 0.025), (0.84375, 0.225), (0.84375, 0.225), (0.84375, 0.225), (0.84375, 0.025), (0.84375, 0.025), (0.84375, 0.025), (0.84375, 0.225), (0.84375, 0.225), (0.84375, 0.225), (0.84375, 0.025), (0.84375, 0.025), (0.84375, 0.025), (0.84375, 0.225), (0.84375, 0.225), (0.84375, 0.225), (0.84375, 0.025), (0.84375, 0.225), (0.84375, 0.025), (0.84375, 0.225), (0.84375, 0.025), (0.84375, 0.225), (0.84375, 0.025), (0.84375, 0.025), (0.84375, 0.025), (0.84375, 0.225), (0.84375, 0.225), (0.84375, 0.225), (0.84375, 0.025), (0.84375, 0.025), (0.84375, 0.025), (0.84375, 0.225), (0.84375, 0.225), (0.84375, 0.025), (0.84375, 0.225), (0.84375, 0.025), (0.84375, 0.225), (0.84375, 0.025), (0.84375, 0.225), (0.84375, 0.225), (0.84375, 0.225), (0.84375, 0.225), (0.84375, 0.225), (0.84375, 0.225), (0.84375, 0.225), (0.84375, 0.025), (0.84375, 0.225), (0.84375, 0.025), (0.84375, 0.225), (0.84375, 0.025), (0.84375, 0.225), (0.84375, 0.225), (0.84375, 0.025), (0.84375, 0.025), (0.84375, 0.025), (0.84375, 0.225), (0.84375, 0.225), (0.84375, 0.225), (0.84375, 0.025), (0.84375, 0.225), (0.84375, 0.025), (0.84375, 0.225), (0.84375, 0.025), (0.84375, 0.225), (0.84375, 0.025), (0.84375, 0.025), (0.84375, 0.025), (0.84375, 0.225), (0.84375, 0.225), (0.84375, 0.225), (0.84375, 0.225), (0.84375, 0.225), (0.84375, 0.225), (0.84375, 0.225), (0.84375, 0.225), (0.84375, 0.210281), (0.84375, 0.210281), (0.84375, 0.210281), (0.84375, 0.210281), (0.84375, 0.210281), (0.84375, 0.210281), (0.84375, 0.210281), (0.84375, 0.210281), (0.84375, 0.210281), (0.84375, 0.210281), (0.84375, 0.210281), (0.84375, 0.210281), (0.84375, 0.21764), (0.84375, 0.21764), (0.84375, 0.21764), (0.84375, 0.21764), (0.84375, 0.21764), (0.84375, 0.21764), (0.84375, 0.21764), (0.84375, 0.21764), (0.84375, 0.21764), (0.84375, 0.225), (0.84375, 0.225), (0.84375, 0.225), (0.84375, 0.225), (0.84375, 0.225), (0.84375, 0.225), (0.84375, 0.225), (0.84375, 0.225), (0.84375, 0.225), (0.84375, 0.225), (0.84375, 0.225), (0.84375, 0.225), (0.84375, 0.225), (0.84375, 0.225), (0.84375, 0.225), (0.84375, 0.225), (0.84375, 0.025), (0.84375, 0.025), (0.84375, 0.025), (0.84375, 0.225), (0.84375, 0.225), (0.84375, 0.225), (0.84375, 0.025), (0.84375, 0.225), (0.84375, 0.225), (0.84375, 0.025), (0.84375, 0.025), (0.84375, 0.025), (0.84375, 0.225), (0.84375, 0.225), (0.84375, 0.025), (0.84375, 0.225), (0.84375, 0.025), (0.84375, 0.225), (0.84375, 0.025), (0.84375, 0.225), (0.84375, 0.225), (0.84375, 0.025), (0.84375, 0.025), (0.84375, 0.025), (0.84375, 0.225), (0.84375, 0.225), (0.84375, 0.225), (0.84375, 0.154515), (0.84375, 0.154515), (0.84375, 0.154515), (0.84375, 0.225), (0.84375, 0.225), (0.84375, 0.225), (0.84375, 0.225), (0.84375, 0.225), (0.84375, 0.225), (0.84375, 0.225), (0.84375, 0.225), (0.84375, 0.225), (0.84375, 0.225), (0.84375, 0.225), (0.84375, 0.225), (0.84375, 0.225), (0.84375, 0.225), (0.84375, 0.225), (0.84375, 0.225), (0.84375, 0.225), (0.84375, 0.225), (0.84375, 0.225), (0.84375, 0.225), (0.84375, 0.225), (0.84375, 0.154515), (0.84375, 0.154515), (0.84375, 0.154515), (0.84375, 0.225), (0.84375, 0.225), (0.84375, 0.225), (0.84375, 0.154515), (0.84375, 0.154515), (0.84375, 0.154515), (0.84375, 0.225), (0.84375, 0.225), (0.84375, 0.225), (0.84375, 0.154515), (0.84375, 0.225), (0.84375, 0.154515), (0.84375, 0.225), (0.84375, 0.154515), (0.84375, 0.154515), (0.84375, 0.225), (0.84375, 0.154515), (0.84375, 0.225), (0.84375, 0.154515), (0.84375, 0.225), (0.84375, 0.154515), (0.84375, 0.225), (0.84375, 0.154515), (0.84375, 0.225), (0.84375, 0.154515), (0.84375, 0.225), (0.84375, 0.154515), (0.84375, 0.225), (0.84375, 0.225), (0.84375, 0.225), (0.84375, 0.154515), (0.84375, 0.154515), (0.84375, 0.154515), (0.84375, 0.225), (0.84375, 0.225), (0.84375, 0.225), (0.84375, 0.154515), (0.84375, 0.154515), (0.84375, 0.225), (0.84375, 0.154515), (0.84375, 0.154515), (0.84375, 0.154515), (0.84375, 0.225), (0.84375, 0.225), (0.84375, 0.225), (0.84375, 0.225), (0.84375, 0.225), (0.84375, 0.225), (0.84375, 0.225), (0.84375, 0.225), (0.84375, 0.225), (0.84375, 0.225), (0.84375, 0.225), (0.84375, 0.225), (0.84375, 0.225), (0.84375, 0.225), (0.84375, 0.225), (0.84375, 0.225), (0.84375, 0.225), (0.84375, 0.225), (0.84375, 0.225), (0.84375, 0.225), (0.84375, 0.225), (0.84375, 0.154515), (0.84375, 0.154515), (0.84375, 0.154515), (0.84375, 0.225), (0.84375, 0.225), (0.84375, 0.225), (0.84375, 0.154515), (0.84375, 0.154515), (0.84375, 0.154515), (0.84375, 0.225), (0.84375, 0.225), (0.84375, 0.225), (0.84375, 0.154515), (0.84375, 0.225), (0.84375, 0.154515), (0.84375, 0.225), (0.84375, 0.154515), (0.84375, 0.154515), (0.84375, 0.225), (0.84375, 0.154515), (0.84375, 0.225), (0.84375, 0.154515), (0.84375, 0.225), (0.84375, 0.154515), (0.84375, 0.225), (0.84375, 0.154515), (0.84375, 0.225), (0.84375, 0.154515), (0.84375, 0.225), (0.84375, 0.154515), (0.84375, 0.225), (0.84375, 0.225), (0.84375, 0.225), (0.84375, 0.154515), (0.84375, 0.154515), (0.84375, 0.154515), (0.84375, 0.225), (0.84375, 0.225), (0.84375, 0.225), (0.84375, 0.154515), (0.84375, 0.154515), (0.84375, 0.225), (0.84375, 0.154515), (0.84375, 0.154515), (0.84375, 0.154515), (0.84375, 0.225), (0.84375, 0.225), (0.84375, 0.225), (0.84375, 0.225), (0.84375, 0.225), (0.84375, 0.225), (0.84375, 0.225), (0.84375, 0.225), (0.84375, 0.225), (0.84375, 0.225), (0.84375, 0.225), (0.84375, 0.225), (0.84375, 0.225), (0.84375, 0.225), (0.84375, 0.225), (0.84375, 0.225), (0.84375, 0.225), (0.84375, 0.225), (0.84375, 0.225), (0.84375, 0.225), (0.84375, 0.225), (0.84375, 0.154515), (0.84375, 0.154515), (0.84375, 0.154515), (0.84375, 0.225), (0.84375, 0.225), (0.84375, 0.225), (0.84375, 0.154515), (0.84375, 0.154515), (0.84375, 0.154515), (0.84375, 0.225), (0.84375, 0.225), (0.84375, 0.225), (0.84375, 0.154515), (0.84375, 0.225), (0.84375, 0.154515), (0.84375, 0.225), (0.84375, 0.154515), (0.84375, 0.154515), (0.84375, 0.225), (0.84375, 0.154515), (0.84375, 0.225), (0.84375, 0.154515), (0.84375, 0.225), (0.84375, 0.154515), (0.84375, 0.225), (0.84375, 0.154515), (0.84375, 0.225), (0.84375, 0.154515), (0.84375, 0.225), (0.84375, 0.154515), (0.84375, 0.225), (0.84375, 0.225), (0.84375, 0.225), (0.84375, 0.154515), (0.84375, 0.154515), (0.84375, 0.154515), (0.84375, 0.225), (0.84375, 0.225), (0.84375, 0.225), (0.84375, 0.154515), (0.84375, 0.154515), (0.84375, 0.225), (0.84375, 0.154515), (0.84375, 0.154515), (0.84375, 0.154515), (0.84375, 0.225), (0.84375, 0.225), (0.84375, 0.225), (0.84375, 0.225), (0.84375, 0.225), (0.84375, 0.225), (0.84375, 0.225), (0.84375, 0.225), (0.84375, 0.225), (0.84375, 0.225), (0.84375, 0.225), (0.84375, 0.225), (0.84375, 0.225), (0.84375, 0.225), (0.84375, 0.225), (0.84375, 0.225), (0.84375, 0.225), (0.84375, 0.225), (0.84375, 0.225), (0.84375, 0.225), (0.84375, 0.225), (0.84375, 0.154515), (0.84375, 0.154515), (0.84375, 0.154515), (0.84375, 0.225), (0.84375, 0.225), (0.84375, 0.225), (0.84375, 0.154515), (0.84375, 0.154515), (0.84375, 0.154515), (0.84375, 0.225), (0.84375, 0.225), (0.84375, 0.225), (0.84375, 0.154515), (0.84375, 0.225), (0.84375, 0.154515), (0.84375, 0.225), (0.84375, 0.154515), (0.84375, 0.154515), (0.84375, 0.225), (0.84375, 0.154515), (0.84375, 0.225), (0.84375, 0.154515), (0.84375, 0.225), (0.84375, 0.154515), (0.84375, 0.225), (0.84375, 0.154515), (0.84375, 0.225), (0.84375, 0.154515), (0.84375, 0.225), (0.84375, 0.154515), (0.84375, 0.225), (0.84375, 0.225), (0.84375, 0.225), (0.84375, 0.154515), (0.84375, 0.154515), (0.84375, 0.154515), (0.84375, 0.225), (0.84375, 0.225), (0.84375, 0.225), (0.84375, 0.154515), (0.84375, 0.154515), (0.84375, 0.225), (0.84375, 0.154515), (0.84375, 0.154515), (0.84375, 0.154515), (0.84375, 0.225), (0.84375, 0.225), (0.84375, 0.225), (0.84375, 0.225), (0.84375, 0.225), (0.84375, 0.225), (0.84375, 0.225), (0.84375, 0.225), (0.84375, 0.225), (0.84375, 0.225), (0.84375, 0.225), (0.84375, 0.225), (0.84375, 0.225), (0.84375, 0.225), (0.84375, 0.225), (0.84375, 0.225), (0.84375, 0.225), (0.84375, 0.225), (0.84375, 0.225), (0.84375, 0.225), (0.84375, 0.225), (0.84375, 0.154515), (0.84375, 0.154515), (0.84375, 0.154515), (0.84375, 0.225), (0.84375, 0.225), (0.84375, 0.225), (0.84375, 0.154515), (0.84375, 0.154515), (0.84375, 0.154515), (0.84375, 0.225), (0.84375, 0.225), (0.84375, 0.225), (0.84375, 0.154515), (0.84375, 0.225), (0.84375, 0.154515), (0.84375, 0.225), (0.84375, 0.154515), (0.84375, 0.154515), (0.84375, 0.225), (0.84375, 0.154515), (0.84375, 0.225), (0.84375, 0.154515), (0.84375, 0.225), (0.84375, 0.154515), (0.84375, 0.225), (0.84375, 0.154515), (0.84375, 0.225), (0.84375, 0.154515), (0.84375, 0.225), (0.84375, 0.154515), (0.84375, 0.225), (0.84375, 0.225), (0.84375, 0.225), (0.84375, 0.154515), (0.84375, 0.154515), (0.84375, 0.154515), (0.84375, 0.225), (0.84375, 0.225), (0.84375, 0.225), (0.84375, 0.154515), (0.84375, 0.154515), (0.84375, 0.225), (0.84375, 0.154515), (0.84375, 0.154515), (0.84375, 0.154515), (0.84375, 0.225), (0.84375, 0.225), (0.84375, 0.225), (0.84375, 0.225), (0.84375, 0.225), (0.84375, 0.225), (0.84375, 0.225), (0.84375, 0.225), (0.84375, 0.225), (0.84375, 0.225), (0.84375, 0.225), (0.84375, 0.225), (0.84375, 0.225), (0.84375, 0.225), (0.84375, 0.225), (0.84375, 0.225), (0.84375, 0.225), (0.84375, 0.225), (0.84375, 0.225), (0.84375, 0.225), (0.84375, 0.225), (0.84375, 0.154515), (0.84375, 0.154515), (0.84375, 0.154515), (0.84375, 0.225), (0.84375, 0.225), (0.84375, 0.225), (0.84375, 0.154515), (0.84375, 0.154515), (0.84375, 0.154515), (0.84375, 0.225), (0.84375, 0.225), (0.84375, 0.225), (0.84375, 0.154515), (0.84375, 0.225), (0.84375, 0.154515), (0.84375, 0.225), (0.84375, 0.154515), (0.84375, 0.154515), (0.84375, 0.225), (0.84375, 0.154515), (0.84375, 0.225), (0.84375, 0.154515), (0.84375, 0.225), (0.84375, 0.154515), (0.84375, 0.225), (0.84375, 0.154515), (0.84375, 0.225), (0.84375, 0.154515), (0.84375, 0.225), (0.84375, 0.154515), (0.84375, 0.225), (0.84375, 0.225), (0.84375, 0.225), (0.84375, 0.154515), (0.84375, 0.154515), (0.84375, 0.154515), (0.84375, 0.225), (0.84375, 0.225), (0.84375, 0.225), (0.84375, 0.154515), (0.84375, 0.154515), (0.84375, 0.225), (0.84375, 0.154515), (0.84375, 0.154515), (0.84375, 0.154515), (0.84375, 0.225), (0.84375, 0.225), (0.84375, 0.225), (0.84375, 0.225), (0.84375, 0.225), (0.84375, 0.225), (0.84375, 0.225), (0.84375, 0.225), (0.84375, 0.225), (0.84375, 0.225), (0.84375, 0.225), (0.84375, 0.225), (0.84375, 0.225), (0.84375, 0.225), (0.84375, 0.225), (0.84375, 0.225), (0.84375, 0.225), (0.84375, 0.225), (0.84375, 0.225), (0.84375, 0.225), (0.84375, 0.225), (0.84375, 0.154515), (0.84375, 0.154515), (0.84375, 0.154515), (0.84375, 0.225), (0.84375, 0.225), (0.84375, 0.225), (0.84375, 0.154515), (0.84375, 0.154515), (0.84375, 0.154515), (0.84375, 0.225), (0.84375, 0.225), (0.84375, 0.225), (0.84375, 0.154515), (0.84375, 0.225), (0.84375, 0.154515), (0.84375, 0.225), (0.84375, 0.154515), (0.84375, 0.154515), (0.84375, 0.225), (0.84375, 0.154515), (0.84375, 0.225), (0.84375, 0.154515), (0.84375, 0.225), (0.84375, 0.154515), (0.84375, 0.225), (0.84375, 0.154515), (0.84375, 0.225), (0.84375, 0.154515), (0.84375, 0.225), (0.84375, 0.154515), (0.84375, 0.225), (0.84375, 0.225), (0.84375, 0.225), (0.84375, 0.154515), (0.84375, 0.154515), (0.84375, 0.154515), (0.84375, 0.225), (0.84375, 0.225), (0.84375, 0.225), (0.84375, 0.154515), (0.84375, 0.154515), (0.84375, 0.225), (0.84375, 0.154515), (0.84375, 0.154515), (0.84375, 0.154515), (0.84375, 0.225), (0.84375, 0.225), (0.84375, 0.225), (0.84375, 0.225), (0.84375, 0.225), (0.84375, 0.225), (0.84375, 0.225), (0.84375, 0.225), (0.84375, 0.225), (0.84375, 0.225), (0.84375, 0.225), (0.84375, 0.225), (0.84375, 0.225), (0.84375, 0.225), (0.84375, 0.225), (0.84375, 0.225), (0.84375, 0.225), (0.84375, 0.225), (0.84375, 0.225), (0.84375, 0.225), (0.84375, 0.225), (0.84375, 0.154515), (0.84375, 0.154515), (0.84375, 0.154515), (0.84375, 0.225), (0.84375, 0.225), (0.84375, 0.225), (0.84375, 0.154515), (0.84375, 0.154515), (0.84375, 0.154515), (0.84375, 0.225), (0.84375, 0.225), (0.84375, 0.225), (0.84375, 0.154515), (0.84375, 0.225), (0.84375, 0.154515), (0.84375, 0.225), (0.84375, 0.154515), (0.84375, 0.154515), (0.84375, 0.225), (0.84375, 0.154515), (0.84375, 0.225), (0.84375, 0.154515), (0.84375, 0.225), (0.84375, 0.154515), (0.84375, 0.225), (0.84375, 0.154515), (0.84375, 0.225), (0.84375, 0.154515), (0.84375, 0.225), (0.84375, 0.154515), (0.84375, 0.225), (0.84375, 0.225), (0.84375, 0.225), (0.84375, 0.154515), (0.84375, 0.154515), (0.84375, 0.154515), (0.84375, 0.225), (0.84375, 0.225), (0.84375, 0.225), (0.84375, 0.154515), (0.84375, 0.154515), (0.84375, 0.175), (0.84375, 0.175), (0.84375, 0.175), (0.84375, 0.175), (0.84375, 0.175), (0.84375, 0.175), (0.84375, 0.225), (0.84375, 0.225), (0.84375, 0.225), (0.84375, 0.225), (0.84375, 0.225), (0.84375, 0.225), (0.84375, 0.175), (0.84375, 0.175), (0.84375, 0.175), (0.84375, 0.175), (0.84375, 0.175), (0.84375, 0.175), (0.84375, 0.225), (0.84375, 0.225), (0.84375, 0.225), (0.84375, 0.225), (0.84375, 0.225), (0.84375, 0.225), (0.84375, 0.225), (0.84375, 0.225), (0.84375, 0.225), (0.84375, 0.225), (0.84375, 0.225), (0.84375, 0.225), (0.84375, 0.225), (0.84375, 0.225), (0.84375, 0.225), (0.84375, 0.225), (0.84375, 0.225), (0.84375, 0.225), (0.84375, 0.225), (0.84375, 0.225), (0.84375, 0.225), (0.84375, 0.225), (0.84375, 0.225), (0.84375, 0.225), (0.84375, 0.175), (0.84375, 0.175), (0.84375, 0.175), (0.84375, 0.175), (0.84375, 0.175), (0.84375, 0.175), (0.84375, 0.175), (0.84375, 0.175), (0.84375, 0.175), (0.84375, 0.175), (0.84375, 0.175), (0.84375, 0.175), (0.84375, 0.175), (0.84375, 0.175), (0.84375, 0.175), (0.84375, 0.175), (0.84375, 0.175), (0.84375, 0.175), (0.84375, 0.175), (0.84375, 0.175), (0.84375, 0.175), (0.84375, 0.175), (0.84375, 0.175), (0.84375, 0.175), (0.84375, 0.175), (0.84375, 0.175), (0.84375, 0.175), (0.84375, 0.175), (0.84375, 0.175), (0.84375, 0.175), (0.84375, 0.225), (0.84375, 0.225), (0.84375, 0.225), (0.84375, 0.225), (0.84375, 0.225), (0.84375, 0.225), (0.84375, 0.175), (0.84375, 0.175), (0.84375, 0.175), (0.84375, 0.175), (0.84375, 0.175), (0.84375, 0.175), (0.84375, 0.175), (0.84375, 0.175), (0.84375, 0.175), (0.84375, 0.175), (0.84375, 0.175), (0.84375, 0.175), (0.84375, 0.175), (0.84375, 0.175), (0.84375, 0.175), (0.84375, 0.175), (0.84375, 0.175), (0.84375, 0.175), (0.84375, 0.175), (0.84375, 0.175), (0.84375, 0.175), (0.84375, 0.175), (0.84375, 0.175), (0.84375, 0.175), (0.84375, 0.175), (0.84375, 0.175), (0.84375, 0.175), (0.84375, 0.175), (0.84375, 0.175), (0.84375, 0.175), (0.84375, 0.225), (0.84375, 0.225), (0.84375, 0.225), (0.84375, 0.225), (0.84375, 0.225), (0.84375, 0.225), (0.84375, 0.175), (0.84375, 0.175), (0.84375, 0.175), (0.84375, 0.175), (0.84375, 0.175), (0.84375, 0.175), (0.34375, 0.225), (0.34375, 0.025), (0.34375, 0.025), (0.34375, 0.025), (0.34375, 0.225), (0.34375, 0.225), (0.34375, 0.225), (0.34375, 0.025), (0.34375, 0.025), (0.34375, 0.025), (0.34375, 0.225), (0.34375, 0.225), (0.34375, 0.225), (0.34375, 0.025), (0.34375, 0.025), (0.34375, 0.025), (0.34375, 0.225), (0.34375, 0.225), (0.34375, 0.225), (0.34375, 0.225), (0.34375, 0.225), (0.34375, 0.225), (0.34375, 0.225), (0.34375, 0.225), (0.34375, 0.025), (0.34375, 0.225), (0.34375, 0.025), (0.34375, 0.225), (0.34375, 0.025), (0.34375, 0.225), (0.34375, 0.225), (0.34375, 0.225), (0.34375, 0.225), (0.34375, 0.225), (0.34375, 0.225), (0.34375, 0.225), (0.34375, 0.225), (0.34375, 0.025), (0.34375, 0.025), (0.34375, 0.025), (0.34375, 0.225), (0.34375, 0.225), (0.34375, 0.025), (0.34375, 0.225), (0.34375, 0.025), (0.34375, 0.225), (0.34375, 0.025), (0.34375, 0.225), (0.34375, 0.225), (0.34375, 0.025), (0.34375, 0.025), (0.34375, 0.025), (0.34375, 0.225), (0.34375, 0.225), (0.34375, 0.225), (0.34375, 0.025), (0.34375, 0.025), (0.34375, 0.025), (0.34375, 0.225), (0.34375, 0.225), (0.34375, 0.025), (0.34375, 0.225), (0.34375, 0.025), (0.34375, 0.225), (0.34375, 0.025), (0.34375, 0.225), (0.34375, 0.225), (0.34375, 0.225), (0.34375, 0.225), (0.34375, 0.225), (0.34375, 0.225), (0.34375, 0.225), (0.34375, 0.225), (0.34375, 0.025), (0.34375, 0.025), (0.34375, 0.025), (0.34375, 0.225), (0.34375, 0.225), (0.34375, 0.225), (0.34375, 0.025), (0.34375, 0.025), (0.34375, 0.025), (0.34375, 0.225), (0.34375, 0.225), (0.34375, 0.225), (0.34375, 0.025), (0.34375, 0.025), (0.34375, 0.025), (0.34375, 0.225), (0.34375, 0.225), (0.34375, 0.225), (0.34375, 0.025), (0.34375, 0.217005), (0.34375, 0.025), (0.34375, 0.225), (0.34375, 0.0329949), (0.34375, 0.217005), (0.34375, 0.025), (0.34375, 0.225), (0.34375, 0.0329949), (0.34375, 0.225), (0.34375, 0.025), (0.34375, 0.0684798), (0.34375, 0.225), (0.34375, 0.198245), (0.34375, 0.225), (0.34375, 0.0684798), (0.34375, 0.0952349), (0.34375, 0.0952349), (0.34375, 0.0684798), (0.34375, 0.025), (0.34375, 0.0952349), (0.34375, 0.025), (0.34375, 0.0517551), (0.34375, 0.0517551), (0.34375, 0.025), (0.34375, 0.0684798), (0.34375, 0.0517551), (0.34375, 0.0684798), (0.34375, 0.0952349), (0.34375, 0.0952349), (0.34375, 0.0684798), (0.34375, 0.198245), (0.34375, 0.0952349), (0.34375, 0.198245), (0.34375, 0.225), (0.34375, 0.198245), (0.34375, 0.225), (0.34375, 0.0684798), (0.34375, 0.0952349), (0.34375, 0.0684798), (0.34375, 0.225), (0.34375, 0.025), (0.34375, 0.0684798), (0.34375, 0.0952349), (0.34375, 0.0517551), (0.34375, 0.025), (0.34375, 0.0952349), (0.34375, 0.0684798), (0.34375, 0.025), (0.34375, 0.0517551), (0.34375, 0.0952349), (0.34375, 0.0684798), (0.34375, 0.0517551), (0.34375, 0.198245), (0.34375, 0.0684798), (0.34375, 0.0952349), (0.34375, 0.225), (0.34375, 0.198245), (0.34375, 0.0952349), (0.34375, 0.225), (0.34375, 0.025), (0.34375, 0.217005), (0.34375, 0.025), (0.34375, 0.225), (0.34375, 0.0329949), (0.34375, 0.217005), (0.34375, 0.025), (0.34375, 0.225), (0.34375, 0.0329949), (0.34375, 0.225), (0.34375, 0.025), (0.21875, 0.169313), (0.21875, 0.218231), (0.21875, 0.167019), (0.21875, 0.218231), (0.21875, 0.169313), (0.21875, 0.220525), (0.21875, 0.218231), (0.21875, 0.169313), (0.21875, 0.167019), (0.21875, 0.169313), (0.21875, 0.218231), (0.21875, 0.220525), (0.21875, 0.161481), (0.21875, 0.218231), (0.21875, 0.212693), (0.21875, 0.218231), (0.21875, 0.161481), (0.21875, 0.167019), (0.21875, 0.155943), (0.21875, 0.204861), (0.21875, 0.153649), (0.21875, 0.204861), (0.21875, 0.155943), (0.21875, 0.207155), (0.21875, 0.155943), (0.21875, 0.212693), (0.21875, 0.207155), (0.21875, 0.212693), (0.21875, 0.155943), (0.21875, 0.161481), (0.21875, 0.204861), (0.21875, 0.155943), (0.21875, 0.153649), (0.21875, 0.155943), (0.21875, 0.204861), (0.21875, 0.207155), (0.21875, 0.212693), (0.21875, 0.155943), (0.21875, 0.207155), (0.21875, 0.155943), (0.21875, 0.212693), (0.21875, 0.161481), (0.21875, 0.218231), (0.21875, 0.161481), (0.21875, 0.212693), (0.21875, 0.161481), (0.21875, 0.218231), (0.21875, 0.167019), (0.21875, 0.155943), (0.21875, 0.167019), (0.21875, 0.161481), (0.21875, 0.167019), (0.21875, 0.155943), (0.21875, 0.169313), (0.21875, 0.169313), (0.21875, 0.155943), (0.21875, 0.153649), (0.21875, 0.169313), (0.21875, 0.153649), (0.21875, 0.167019), (0.21875, 0.167019), (0.21875, 0.153649), (0.21875, 0.155943), (0.21875, 0.167019), (0.21875, 0.155943), (0.21875, 0.161481), (0.21875, 0.169313), (0.21875, 0.218231), (0.21875, 0.167019), (0.21875, 0.218231), (0.21875, 0.169313), (0.21875, 0.220525), (0.21875, 0.218231), (0.21875, 0.169313), (0.21875, 0.167019), (0.21875, 0.169313), (0.21875, 0.218231), (0.21875, 0.220525), (0.21875, 0.161481), (0.21875, 0.218231), (0.21875, 0.212693), (0.21875, 0.218231), (0.21875, 0.161481), (0.21875, 0.167019), (0.21875, 0.155943), (0.21875, 0.204861), (0.21875, 0.153649), (0.21875, 0.204861), (0.21875, 0.155943), (0.21875, 0.207155), (0.21875, 0.155943), (0.21875, 0.212693), (0.21875, 0.207155), (0.21875, 0.212693), (0.21875, 0.155943), (0.21875, 0.161481), (0.21875, 0.204861), (0.21875, 0.155943), (0.21875, 0.153649), (0.21875, 0.155943), (0.21875, 0.204861), (0.21875, 0.207155), (0.21875, 0.212693), (0.21875, 0.155943), (0.21875, 0.207155), (0.21875, 0.155943), (0.21875, 0.212693), (0.21875, 0.161481), (0.21875, 0.218231), (0.21875, 0.161481), (0.21875, 0.212693), (0.21875, 0.161481), (0.21875, 0.218231), (0.21875, 0.167019), (0.21875, 0.155943), (0.21875, 0.167019), (0.21875, 0.161481), (0.21875, 0.167019), (0.21875, 0.155943), (0.21875, 0.169313), (0.21875, 0.169313), (0.21875, 0.155943), (0.21875, 0.153649), (0.21875, 0.169313), (0.21875, 0.153649), (0.21875, 0.167019), (0.21875, 0.167019), (0.21875, 0.153649), (0.21875, 0.155943), (0.21875, 0.167019), (0.21875, 0.155943), (0.21875, 0.161481), (0.21875, 0.169313), (0.21875, 0.218231), (0.21875, 0.167019), (0.21875, 0.218231), (0.21875, 0.169313), (0.21875, 0.220525), (0.21875, 0.218231), (0.21875, 0.169313), (0.21875, 0.167019), (0.21875, 0.169313), (0.21875, 0.218231), (0.21875, 0.220525), (0.21875, 0.161481), (0.21875, 0.218231), (0.21875, 0.212693), (0.21875, 0.218231), (0.21875, 0.161481), (0.21875, 0.167019), (0.21875, 0.155943), (0.21875, 0.204861), (0.21875, 0.153649), (0.21875, 0.204861), (0.21875, 0.155943), (0.21875, 0.207155), (0.21875, 0.155943), (0.21875, 0.212693), (0.21875, 0.207155), (0.21875, 0.212693), (0.21875, 0.155943), (0.21875, 0.161481), (0.21875, 0.204861), (0.21875, 0.155943), (0.21875, 0.153649), (0.21875, 0.155943), (0.21875, 0.204861), (0.21875, 0.207155), (0.21875, 0.212693), (0.21875, 0.155943), (0.21875, 0.207155), (0.21875, 0.155943), (0.21875, 0.212693), (0.21875, 0.161481), (0.21875, 0.218231), (0.21875, 0.161481), (0.21875, 0.212693), (0.21875, 0.161481), (0.21875, 0.218231), (0.21875, 0.167019), (0.21875, 0.155943), (0.21875, 0.167019), (0.21875, 0.161481), (0.21875, 0.167019), (0.21875, 0.155943), (0.21875, 0.169313), (0.21875, 0.169313), (0.21875, 0.155943), (0.21875, 0.153649), (0.21875, 0.169313), (0.21875, 0.153649), (0.21875, 0.167019), (0.21875, 0.167019), (0.21875, 0.153649), (0.21875, 0.155943), (0.21875, 0.167019), (0.21875, 0.155943), (0.21875, 0.161481), (0.21875, 0.169313), (0.21875, 0.218231), (0.21875, 0.167019), (0.21875, 0.218231), (0.21875, 0.169313), (0.21875, 0.220525), (0.21875, 0.218231), (0.21875, 0.169313), (0.21875, 0.167019), (0.21875, 0.169313), (0.21875, 0.218231), (0.21875, 0.220525), (0.21875, 0.161481), (0.21875, 0.218231), (0.21875, 0.212693), (0.21875, 0.218231), (0.21875, 0.161481), (0.21875, 0.167019), (0.21875, 0.155943), (0.21875, 0.204861), (0.21875, 0.153649), (0.21875, 0.204861), (0.21875, 0.155943), (0.21875, 0.207155), (0.21875, 0.155943), (0.21875, 0.212693), (0.21875, 0.207155), (0.21875, 0.212693), (0.21875, 0.155943), (0.21875, 0.161481), (0.21875, 0.204861), (0.21875, 0.155943), (0.21875, 0.153649), (0.21875, 0.155943), (0.21875, 0.204861), (0.21875, 0.207155), (0.21875, 0.212693), (0.21875, 0.155943), (0.21875, 0.207155), (0.21875, 0.155943), (0.21875, 0.212693), (0.21875, 0.161481), (0.21875, 0.218231), (0.21875, 0.161481), (0.21875, 0.212693), (0.21875, 0.161481), (0.21875, 0.218231), (0.21875, 0.167019), (0.21875, 0.155943), (0.21875, 0.167019), (0.21875, 0.161481), (0.21875, 0.167019), (0.21875, 0.155943), (0.21875, 0.169313), (0.21875, 0.169313), (0.21875, 0.155943), (0.21875, 0.153649), (0.21875, 0.169313), (0.21875, 0.153649), (0.21875, 0.167019), (0.21875, 0.167019), (0.21875, 0.153649), (0.21875, 0.155943), (0.21875, 0.167019), (0.21875, 0.155943), (0.21875, 0.161481), (0.09375, 0.162609), (0.09375, 0.13739), (0.09375, 0.13739), (0.09375, 0.13739), (0.09375, 0.162609), (0.09375, 0.162609), (0.09375, 0.162609), (0.09375, 0.13739), (0.09375, 0.13739), (0.09375, 0.13739), (0.09375, 0.162609), (0.09375, 0.162609), (0.09375, 0.162609), (0.09375, 0.13739), (0.09375, 0.13739), (0.09375, 0.13739), (0.09375, 0.162609), (0.09375, 0.162609), (0.09375, 0.162609), (0.09375, 0.13739), (0.09375, 0.13739), (0.09375, 0.13739), (0.09375, 0.162609), (0.09375, 0.162609), (0.09375, 0.162609), (0.09375, 0.13739), (0.09375, 0.13739), (0.09375, 0.13739), (0.09375, 0.162609), (0.09375, 0.162609), (0.09375, 0.162609), (0.09375, 0.13739), (0.09375, 0.13739), (0.09375, 0.13739), (0.09375, 0.162609), (0.09375, 0.162609), (0.09375, 0.162609), (0.09375, 0.13739), (0.09375, 0.13739), (0.09375, 0.13739), (0.09375, 0.162609), (0.09375, 0.162609), (0.09375, 0.162609), (0.09375, 0.13739), (0.09375, 0.13739), (0.09375, 0.13739), (0.09375, 0.162609), (0.09375, 0.162609), (0.09375, 0.162609), (0.09375, 0.13739), (0.09375, 0.13739), (0.09375, 0.13739), (0.09375, 0.162609), (0.09375, 0.162609), (0.09375, 0.162609), (0.09375, 0.13739), (0.09375, 0.13739), (0.09375, 0.13739), (0.09375, 0.162609), (0.09375, 0.162609), (0.09375, 0.162609), (0.09375, 0.13739), (0.09375, 0.13739), (0.09375, 0.13739), (0.09375, 0.162609), (0.09375, 0.162609), (0.09375, 0.162609), (0.09375, 0.13739), (0.09375, 0.13739), (0.09375, 0.13739), (0.09375, 0.162609), (0.09375, 0.162609), (0.09375, 0.162609), (0.09375, 0.13739), (0.09375, 0.13739), (0.09375, 0.13739), (0.09375, 0.162609), (0.09375, 0.162609), (0.09375, 0.162609), (0.09375, 0.13739), (0.09375, 0.13739), (0.09375, 0.13739), (0.09375, 0.162609), (0.09375, 0.162609), (0.09375, 0.162609), (0.09375, 0.13739), (0.09375, 0.13739), (0.09375, 0.13739), (0.09375, 0.162609), (0.09375, 0.162609), (0.09375, 0.162609), (0.09375, 0.13739), (0.09375, 0.13739), (0.09375, 0.13739), (0.09375, 0.162609), (0.09375, 0.162609), (0.71875, 0.025), (0.71875, 0.225), (0.71875, 0.025), (0.71875, 0.225), (0.71875, 0.025), (0.71875, 0.225), (0.71875, 0.025), (0.71875, 0.225), (0.71875, 0.225), (0.71875, 0.225), (0.71875, 0.025), (0.71875, 0.025), (0.71875, 0.025), (0.71875, 0.225), (0.71875, 0.025), (0.71875, 0.225), (0.71875, 0.025), (0.71875, 0.225), (0.71875, 0.025), (0.71875, 0.225), (0.71875, 0.025), (0.71875, 0.225), (0.71875, 0.025), (0.71875, 0.225), (0.71875, 0.025), (0.71875, 0.225), (0.71875, 0.025), (0.71875, 0.225), (0.71875, 0.025), (0.71875, 0.225), (0.71875, 0.025), (0.71875, 0.225), (0.71875, 0.225), (0.71875, 0.225), (0.71875, 0.025), (0.71875, 0.025), (0.71875, 0.225), (0.71875, 0.225), (0.71875, 0.225), (0.71875, 0.225), (0.71875, 0.225), (0.71875, 0.225), (0.71875, 0.225), (0.71875, 0.225), (0.71875, 0.225), (0.71875, 0.225), (0.71875, 0.225), (0.71875, 0.225), (0.71875, 0.225), (0.71875, 0.225), (0.71875, 0.225), (0.71875, 0.225), (0.71875, 0.225), (0.71875, 0.225), (0.71875, 0.225), (0.71875, 0.225), (0.71875, 0.225), (0.71875, 0.225), (0.71875, 0.225), (0.71875, 0.225), (0.71875, 0.225), (0.71875, 0.225), (0.71875, 0.225), (0.71875, 0.225), (0.71875, 0.225), (0.71875, 0.225), (0.71875, 0.225), (0.71875, 0.225), (0.71875, 0.225), (0.71875, 0.225), (0.71875, 0.225), (0.71875, 0.225), (0.71875, 0.148077), (0.71875, 0.225), (0.71875, 0.148077), (0.71875, 0.225), (0.71875, 0.148077), (0.71875, 0.225), (0.71875, 0.225), (0.71875, 0.148077), (0.71875, 0.225), (0.71875, 0.148077), (0.71875, 0.225), (0.71875, 0.148077), (0.71875, 0.148077), (0.71875, 0.225), (0.71875, 0.225), (0.71875, 0.025), (0.71875, 0.225), (0.71875, 0.148077), (0.71875, 0.225), (0.71875, 0.025), (0.71875, 0.025), (0.71875, 0.025), (0.71875, 0.225), (0.71875, 0.225), (0.71875, 0.225), (0.71875, 0.025), (0.71875, 0.025), (0.71875, 0.025), (0.71875, 0.225), (0.71875, 0.225), (0.71875, 0.225), (0.71875, 0.025), (0.71875, 0.025), (0.71875, 0.025), (0.71875, 0.148077), (0.71875, 0.225), (0.71875, 0.225), (0.71875, 0.148077), (0.71875, 0.225), (0.71875, 0.148077), (0.71875, 0.025), (0.71875, 0.025), (0.71875, 0.148077), (0.71875, 0.225), (0.71875, 0.225), (0.71875, 0.025), (0.71875, 0.225), (0.71875, 0.148077), (0.71875, 0.225), (0.71875, 0.025), (0.71875, 0.025), (0.71875, 0.025), (0.71875, 0.225), (0.71875, 0.225), (0.71875, 0.225), (0.71875, 0.025), (0.71875, 0.025), (0.71875, 0.025), (0.71875, 0.225), (0.71875, 0.225), (0.71875, 0.225), (0.71875, 0.025), (0.71875, 0.025), (0.71875, 0.025), (0.71875, 0.148077), (0.71875, 0.225), (0.71875, 0.225), (0.71875, 0.148077), (0.71875, 0.225), (0.71875, 0.148077), (0.71875, 0.025), (0.71875, 0.025), (0.71875, 0.148077), (0.71875, 0.148077), (0.71875, 0.148077), (0.71875, 0.148077), (0.71875, 0.148077), (0.71875, 0.148077), (0.71875, 0.148077), (0.71875, 0.025), (0.71875, 0.025), (0.71875, 0.025), (0.71875, 0.148077), (0.71875, 0.148077), (0.71875, 0.148077), (0.71875, 0.025), (0.71875, 0.025), (0.71875, 0.025), (0.71875, 0.148077), (0.71875, 0.148077), (0.71875, 0.225), (0.71875, 0.225), (0.71875, 0.225), (0.71875, 0.225), (0.71875, 0.225), (0.71875, 0.225), (0.71875, 0.225), (0.71875, 0.225), (0.71875, 0.225), (0.71875, 0.225), (0.71875, 0.225), (0.71875, 0.225), (0.71875, 0.225), (0.71875, 0.225), (0.71875, 0.225), (0.71875, 0.225), (0.71875, 0.225), (0.71875, 0.225), (0.71875, 0.225), (0.71875, 0.225), (0.71875, 0.225), (0.71875, 0.225), (0.71875, 0.225), (0.71875, 0.225), (0.71875, 0.148077), (0.71875, 0.225), (0.71875, 0.148077), (0.71875, 0.225), (0.71875, 0.148077), (0.71875, 0.225), (0.71875, 0.225), (0.71875, 0.148077), (0.71875, 0.225), (0.71875, 0.148077), (0.71875, 0.225), (0.71875, 0.148077), (0.71875, 0.148077), (0.71875, 0.225), (0.71875, 0.225), (0.71875, 0.025), (0.71875, 0.225), (0.71875, 0.148077), (0.71875, 0.225), (0.71875, 0.025), (0.71875, 0.025), (0.71875, 0.025), (0.71875, 0.225), (0.71875, 0.225), (0.71875, 0.225), (0.71875, 0.025), (0.71875, 0.025), (0.71875, 0.025), (0.71875, 0.225), (0.71875, 0.225), (0.71875, 0.225), (0.71875, 0.025), (0.71875, 0.025), (0.71875, 0.025), (0.71875, 0.148077), (0.71875, 0.225), (0.71875, 0.225), (0.71875, 0.148077), (0.71875, 0.225), (0.71875, 0.148077), (0.71875, 0.025), (0.71875, 0.025), (0.71875, 0.148077), (0.71875, 0.225), (0.71875, 0.225), (0.71875, 0.025), (0.71875, 0.225), (0.71875, 0.148077), (0.71875, 0.225), (0.71875, 0.025), (0.71875, 0.025), (0.71875, 0.025), (0.71875, 0.225), (0.71875, 0.225), (0.71875, 0.225), (0.71875, 0.025), (0.71875, 0.025), (0.71875, 0.025), (0.71875, 0.225), (0.71875, 0.225), (0.71875, 0.225), (0.71875, 0.025), (0.71875, 0.025), (0.71875, 0.025), (0.71875, 0.148077), (0.71875, 0.225), (0.71875, 0.225), (0.71875, 0.148077), (0.71875, 0.225), (0.71875, 0.148077), (0.71875, 0.025), (0.71875, 0.025), (0.71875, 0.148077), (0.71875, 0.148077), (0.71875, 0.148077), (0.71875, 0.148077), (0.71875, 0.148077), (0.71875, 0.148077), (0.71875, 0.148077), (0.71875, 0.025), (0.71875, 0.025), (0.71875, 0.025), (0.71875, 0.148077), (0.71875, 0.148077), (0.71875, 0.148077), (0.71875, 0.025), (0.71875, 0.025), (0.71875, 0.025), (0.71875, 0.148077), (0.71875, 0.148077), (0.71875, 0.145), (0.71875, 0.025), (0.71875, 0.025), (0.71875, 0.025), (0.71875, 0.145), (0.71875, 0.145), (0.71875, 0.201569), (0.71875, 0.145), (0.71875, 0.145), (0.71875, 0.145), (0.71875, 0.201569), (0.71875, 0.201569), (0.71875, 0.225), (0.71875, 0.201569), (0.71875, 0.201569), (0.71875, 0.201569), (0.71875, 0.225), (0.71875, 0.225), (0.71875, 0.225), (0.71875, 0.225), (0.71875, 0.225), (0.71875, 0.225), (0.71875, 0.225), (0.71875, 0.225), (0.71875, 0.125), (0.71875, 0.125), (0.71875, 0.125), (0.71875, 0.125), (0.71875, 0.125), (0.71875, 0.125), (0.71875, 0.025), (0.71875, 0.125), (0.71875, 0.025), (0.71875, 0.125), (0.71875, 0.025), (0.71875, 0.225), (0.71875, 0.225), (0.71875, 0.125), (0.71875, 0.125), (0.71875, 0.125), (0.71875, 0.225), (0.71875, 0.225), (0.71875, 0.225), (0.71875, 0.025), (0.71875, 0.201569), (0.71875, 0.201569), (0.71875, 0.025), (0.71875, 0.145), (0.71875, 0.225), (0.71875, 0.125), (0.71875, 0.225), (0.71875, 0.125), (0.71875, 0.225), (0.71875, 0.125), (0.71875, 0.025), (0.71875, 0.125), (0.71875, 0.225), (0.71875, 0.125), (0.71875, 0.025), (0.71875, 0.025), (0.71875, 0.025), (0.71875, 0.225), (0.71875, 0.201569), (0.71875, 0.025), (0.71875, 0.201569), (0.71875, 0.145), (0.71875, 0.125), (0.71875, 0.025), (0.71875, 0.025), (0.71875, 0.025), (0.71875, 0.125), (0.71875, 0.125), (0.71875, 0.182682), (0.71875, 0.225), (0.71875, 0.225), (0.71875, 0.225), (0.71875, 0.182682), (0.71875, 0.182682), (0.71875, 0.182682), (0.71875, 0.210281), (0.71875, 0.225), (0.71875, 0.225), (0.71875, 0.210281), (0.71875, 0.220158), (0.71875, 0.225), (0.71875, 0.220158), (0.71875, 0.225), (0.71875, 0.182682), (0.71875, 0.210281), (0.71875, 0.210281), (0.71875, 0.210281), (0.71875, 0.182682), (0.71875, 0.182682), (0.71875, 0.225), (0.71875, 0.21764), (0.71875, 0.21764), (0.71875, 0.21764), (0.71875, 0.225), (0.71875, 0.225), (0.71875, 0.225), (0.71875, 0.182682), (0.71875, 0.182682), (0.71875, 0.182682), (0.71875, 0.225), (0.71875, 0.225), (0.71875, 0.225), (0.71875, 0.182682), (0.71875, 0.182682), (0.71875, 0.182682), (0.71875, 0.225), (0.71875, 0.210281), (0.71875, 0.210281), (0.71875, 0.182682), (0.71875, 0.210281), (0.71875, 0.210281), (0.71875, 0.225), (0.71875, 0.220158), (0.71875, 0.220158), (0.71875, 0.225), (0.71875, 0.225), (0.71875, 0.225), (0.71875, 0.21764), (0.71875, 0.21764), (0.71875, 0.21764), (0.71875, 0.225), (0.71875, 0.225), (0.71875, 0.225), (0.71875, 0.21764), (0.71875, 0.21764), (0.71875, 0.21764), (0.71875, 0.225), (0.71875, 0.220158), (0.71875, 0.220158), (0.71875, 0.225), (0.71875, 0.225), (0.71875, 0.220158), (0.71875, 0.21764), (0.71875, 0.21764), (0.71875, 0.21764), (0.71875, 0.220158), (0.71875, 0.225), (0.71875, 0.225), (0.71875, 0.220158), (0.71875, 0.225), (0.71875, 0.125), (0.71875, 0.025), (0.71875, 0.025), (0.71875, 0.025), (0.71875, 0.125), (0.71875, 0.125), (0.71875, 0.125), (0.71875, 0.025), (0.71875, 0.025), (0.71875, 0.025), (0.71875, 0.125), (0.71875, 0.125), (0.71875, 0.125), (0.71875, 0.025), (0.71875, 0.025), (0.71875, 0.025), (0.71875, 0.125), (0.71875, 0.125), (0.71875, 0.195711), (0.71875, 0.125), (0.71875, 0.125), (0.71875, 0.125), (0.71875, 0.195711), (0.71875, 0.195711), (0.71875, 0.195711), (0.71875, 0.225), (0.71875, 0.195711), (0.71875, 0.225), (0.71875, 0.195711), (0.71875, 0.225), (0.71875, 0.225), (0.71875, 0.225), (0.71875, 0.225), (0.71875, 0.225), (0.71875, 0.225), (0.71875, 0.225), (0.71875, 0.225), (0.71875, 0.195711), (0.71875, 0.225), (0.71875, 0.195711), (0.71875, 0.225), (0.71875, 0.195711), (0.71875, 0.125), (0.71875, 0.195711), (0.71875, 0.195711), (0.71875, 0.195711), (0.71875, 0.125), (0.71875, 0.125), (0.71875, 0.025), (0.71875, 0.125), (0.71875, 0.125), (0.71875, 0.125), (0.71875, 0.025), (0.71875, 0.025), (0.71875, 0.125), (0.71875, 0.125), (0.71875, 0.125), (0.71875, 0.125), (0.71875, 0.125), (0.71875, 0.125), (0.71875, 0.025), (0.71875, 0.195711), (0.71875, 0.125), (0.71875, 0.025), (0.71875, 0.225), (0.71875, 0.195711), (0.71875, 0.025), (0.71875, 0.225), (0.71875, 0.025), (0.71875, 0.125), (0.71875, 0.225), (0.71875, 0.025), (0.71875, 0.125), (0.71875, 0.225), (0.71875, 0.125), (0.71875, 0.225), (0.71875, 0.125), (0.71875, 0.225), (0.71875, 0.025), (0.71875, 0.225), (0.71875, 0.125), (0.71875, 0.025), (0.71875, 0.195711), (0.71875, 0.225), (0.71875, 0.025), (0.71875, 0.195711), (0.71875, 0.025), (0.71875, 0.195711), (0.71875, 0.025), (0.71875, 0.125), (0.71875, 0.025), (0.71875, 0.125), (0.71875, 0.025), (0.71875, 0.125), (0.71875, 0.025), (0.71875, 0.225), (0.71875, 0.225), (0.71875, 0.025), (0.71875, 0.195711), (0.71875, 0.195711), (0.71875, 0.025), (0.71875, 0.125), (0.71875, 0.225), (0.71875, 0.125), (0.71875, 0.225), (0.71875, 0.225), (0.71875, 0.125), (0.71875, 0.125), (0.71875, 0.225), (0.71875, 0.025), (0.71875, 0.125), (0.71875, 0.195711), (0.71875, 0.025), (0.71875, 0.225), (0.71875, 0.125), (0.71875, 0.025), (0.71875, 0.195711), (0.71875, 0.025), (0.71875, 0.125), (0.71875, 0.025), (0.71875, 0.125), (0.71875, 0.025), (0.71875, 0.025), (0.71875, 0.025), (0.71875, 0.125), (0.71875, 0.125), (0.71875, 0.125), (0.71875, 0.025), (0.71875, 0.025), (0.71875, 0.025), (0.71875, 0.125), (0.71875, 0.125), (0.71875, 0.125), (0.71875, 0.025), (0.71875, 0.025), (0.71875, 0.025), (0.71875, 0.125), (0.71875, 0.125), (0.71875, 0.195711), (0.71875, 0.125), (0.71875, 0.125), (0.71875, 0.125), (0.71875, 0.195711), (0.71875, 0.195711), (0.71875, 0.195711), (0.71875, 0.225), (0.71875, 0.195711), (0.71875, 0.225), (0.71875, 0.195711), (0.71875, 0.225), (0.71875, 0.225), (0.71875, 0.225), (0.71875, 0.225), (0.71875, 0.225), (0.71875, 0.225), (0.71875, 0.225), (0.71875, 0.225), (0.71875, 0.195711), (0.71875, 0.225), (0.71875, 0.195711), (0.71875, 0.225), (0.71875, 0.195711), (0.71875, 0.125), (0.71875, 0.195711), (0.71875, 0.195711), (0.71875, 0.195711), (0.71875, 0.125), (0.71875, 0.125), (0.71875, 0.025), (0.71875, 0.125), (0.71875, 0.125), (0.71875, 0.125), (0.71875, 0.025), (0.71875, 0.025), (0.71875, 0.125), (0.71875, 0.125), (0.71875, 0.125), (0.71875, 0.125), (0.71875, 0.125), (0.71875, 0.125), (0.71875, 0.025), (0.71875, 0.195711), (0.71875, 0.125), (0.71875, 0.025), (0.71875, 0.225), (0.71875, 0.195711), (0.71875, 0.025), (0.71875, 0.225), (0.71875, 0.025), (0.71875, 0.125), (0.71875, 0.225), (0.71875, 0.025), (0.71875, 0.125), (0.71875, 0.225), (0.71875, 0.125), (0.71875, 0.225), (0.71875, 0.125), (0.71875, 0.225), (0.71875, 0.025), (0.71875, 0.225), (0.71875, 0.125), (0.71875, 0.025), (0.71875, 0.195711), (0.71875, 0.225), (0.71875, 0.025), (0.71875, 0.195711), (0.71875, 0.025), (0.71875, 0.195711), (0.71875, 0.025), (0.71875, 0.125), (0.71875, 0.025), (0.71875, 0.125), (0.71875, 0.025), (0.71875, 0.125), (0.71875, 0.025), (0.71875, 0.225), (0.71875, 0.225), (0.71875, 0.025), (0.71875, 0.195711), (0.71875, 0.195711), (0.71875, 0.025), (0.71875, 0.125), (0.71875, 0.225), (0.71875, 0.125), (0.71875, 0.225), (0.71875, 0.225), (0.71875, 0.125), (0.71875, 0.125), (0.71875, 0.225), (0.71875, 0.025), (0.71875, 0.125), (0.71875, 0.195711), (0.71875, 0.025), (0.71875, 0.225), (0.71875, 0.125), (0.71875, 0.025), (0.71875, 0.195711), (0.71875, 0.025), (0.71875, 0.125), (0.71875, 0.025), (0.71875, 0.125), (0.71875, 0.025), (0.71875, 0.025), (0.71875, 0.025), (0.71875, 0.125), (0.71875, 0.125), (0.71875, 0.125), (0.71875, 0.025), (0.71875, 0.025), (0.71875, 0.025), (0.71875, 0.125), (0.71875, 0.125), (0.71875, 0.125), (0.71875, 0.025), (0.71875, 0.025), (0.71875, 0.025), (0.71875, 0.125), (0.71875, 0.125), (0.71875, 0.195711), (0.71875, 0.125), (0.71875, 0.125), (0.71875, 0.125), (0.71875, 0.195711), (0.71875, 0.195711), (0.71875, 0.195711), (0.71875, 0.225), (0.71875, 0.195711), (0.71875, 0.225), (0.71875, 0.195711), (0.71875, 0.225), (0.71875, 0.225), (0.71875, 0.225), (0.71875, 0.225), (0.71875, 0.225), (0.71875, 0.225), (0.71875, 0.225), (0.71875, 0.225), (0.71875, 0.195711), (0.71875, 0.225), (0.71875, 0.195711), (0.71875, 0.225), (0.71875, 0.195711), (0.71875, 0.125), (0.71875, 0.195711), (0.71875, 0.195711), (0.71875, 0.195711), (0.71875, 0.125), (0.71875, 0.125), (0.71875, 0.025), (0.71875, 0.125), (0.71875, 0.125), (0.71875, 0.125), (0.71875, 0.025), (0.71875, 0.025), (0.71875, 0.125), (0.71875, 0.125), (0.71875, 0.125), (0.71875, 0.125), (0.71875, 0.125), (0.71875, 0.125), (0.71875, 0.025), (0.71875, 0.195711), (0.71875, 0.125), (0.71875, 0.025), (0.71875, 0.225), (0.71875, 0.195711), (0.71875, 0.025), (0.71875, 0.225), (0.71875, 0.025), (0.71875, 0.125), (0.71875, 0.225), (0.71875, 0.025), (0.71875, 0.125), (0.71875, 0.225), (0.71875, 0.125), (0.71875, 0.225), (0.71875, 0.125), (0.71875, 0.225), (0.71875, 0.025), (0.71875, 0.225), (0.71875, 0.125), (0.71875, 0.025), (0.71875, 0.195711), (0.71875, 0.225), (0.71875, 0.025), (0.71875, 0.195711), (0.71875, 0.025), (0.71875, 0.195711), (0.71875, 0.025), (0.71875, 0.125), (0.71875, 0.025), (0.71875, 0.125), (0.71875, 0.025), (0.71875, 0.125), (0.71875, 0.025), (0.71875, 0.225), (0.71875, 0.225), (0.71875, 0.025), (0.71875, 0.195711), (0.71875, 0.195711), (0.71875, 0.025), (0.71875, 0.125), (0.71875, 0.225), (0.71875, 0.125), (0.71875, 0.225), (0.71875, 0.225), (0.71875, 0.125), (0.71875, 0.125), (0.71875, 0.225), (0.71875, 0.025), (0.71875, 0.125), (0.71875, 0.195711), (0.71875, 0.025), (0.71875, 0.225), (0.71875, 0.125), (0.71875, 0.025), (0.71875, 0.195711), (0.71875, 0.025), (0.71875, 0.125), (0.71875, 0.025), (0.71875, 0.125), (0.71875, 0.025), (0.71875, 0.025), (0.71875, 0.025), (0.71875, 0.125), (0.71875, 0.125), (0.71875, 0.125), (0.71875, 0.025), (0.71875, 0.025), (0.71875, 0.025), (0.71875, 0.125), (0.71875, 0.125), (0.71875, 0.125), (0.71875, 0.025), (0.71875, 0.025), (0.71875, 0.025), (0.71875, 0.125), (0.71875, 0.125), (0.71875, 0.195711), (0.71875, 0.125), (0.71875, 0.125), (0.71875, 0.125), (0.71875, 0.195711), (0.71875, 0.195711), (0.71875, 0.195711), (0.71875, 0.225), (0.71875, 0.195711), (0.71875, 0.225), (0.71875, 0.195711), (0.71875, 0.225), (0.71875, 0.225), (0.71875, 0.225), (0.71875, 0.225), (0.71875, 0.225), (0.71875, 0.225), (0.71875, 0.225), (0.71875, 0.225), (0.71875, 0.195711), (0.71875, 0.225), (0.71875, 0.195711), (0.71875, 0.225), (0.71875, 0.195711), (0.71875, 0.125), (0.71875, 0.195711), (0.71875, 0.195711), (0.71875, 0.195711), (0.71875, 0.125), (0.71875, 0.125), (0.71875, 0.025), (0.71875, 0.125), (0.71875, 0.125), (0.71875, 0.125), (0.71875, 0.025), (0.71875, 0.025), (0.71875, 0.125), (0.71875, 0.125), (0.71875, 0.125), (0.71875, 0.125), (0.71875, 0.125), (0.71875, 0.125), (0.71875, 0.025), (0.71875, 0.195711), (0.71875, 0.125), (0.71875, 0.025), (0.71875, 0.225), (0.71875, 0.195711), (0.71875, 0.025), (0.71875, 0.225), (0.71875, 0.025), (0.71875, 0.125), (0.71875, 0.225), (0.71875, 0.025), (0.71875, 0.125), (0.71875, 0.225), (0.71875, 0.125), (0.71875, 0.225), (0.71875, 0.125), (0.71875, 0.225), (0.71875, 0.025), (0.71875, 0.225), (0.71875, 0.125), (0.71875, 0.025), (0.71875, 0.195711), (0.71875, 0.225), (0.71875, 0.025), (0.71875, 0.195711), (0.71875, 0.025), (0.71875, 0.195711), (0.71875, 0.025), (0.71875, 0.125), (0.71875, 0.025), (0.71875, 0.125), (0.71875, 0.025), (0.71875, 0.125), (0.71875, 0.025), (0.71875, 0.225), (0.71875, 0.225), (0.71875, 0.025), (0.71875, 0.195711), (0.71875, 0.195711), (0.71875, 0.025), (0.71875, 0.125), (0.71875, 0.225), (0.71875, 0.125), (0.71875, 0.225), (0.71875, 0.225), (0.71875, 0.125), (0.71875, 0.125), (0.71875, 0.225), (0.71875, 0.025), (0.71875, 0.125), (0.71875, 0.195711), (0.71875, 0.025), (0.71875, 0.225), (0.71875, 0.125), (0.71875, 0.025), (0.71875, 0.195711), (0.71875, 0.025), (0.71875, 0.125), (0.71875, 0.025), (0.71875, 0.125), (0.71875, 0.025), (0.71875, 0.025), (0.71875, 0.025), (0.71875, 0.125), (0.71875, 0.125), (0.71875, 0.125), (0.71875, 0.025), (0.71875, 0.025), (0.71875, 0.025), (0.71875, 0.125), (0.71875, 0.125), (0.71875, 0.125), (0.71875, 0.025), (0.71875, 0.025), (0.71875, 0.025), (0.71875, 0.125), (0.71875, 0.125), (0.71875, 0.195711), (0.71875, 0.125), (0.71875, 0.125), (0.71875, 0.125), (0.71875, 0.195711), (0.71875, 0.195711), (0.71875, 0.195711), (0.71875, 0.225), (0.71875, 0.195711), (0.71875, 0.225), (0.71875, 0.195711), (0.71875, 0.225), (0.71875, 0.225), (0.71875, 0.225), (0.71875, 0.225), (0.71875, 0.225), (0.71875, 0.225), (0.71875, 0.225), (0.71875, 0.225), (0.71875, 0.195711), (0.71875, 0.225), (0.71875, 0.195711), (0.71875, 0.225), (0.71875, 0.195711), (0.71875, 0.125), (0.71875, 0.195711), (0.71875, 0.195711), (0.71875, 0.195711), (0.71875, 0.125), (0.71875, 0.125), (0.71875, 0.025), (0.71875, 0.125), (0.71875, 0.125), (0.71875, 0.125), (0.71875, 0.025), (0.71875, 0.025), (0.71875, 0.125), (0.71875, 0.125), (0.71875, 0.125), (0.71875, 0.125), (0.71875, 0.125), (0.71875, 0.125), (0.71875, 0.025), (0.71875, 0.195711), (0.71875, 0.125), (0.71875, 0.025), (0.71875, 0.195711), (0.71875, 0.025), (0.71875, 0.125), (0.71875, 0.195711), (0.71875, 0.025), (0.71875, 0.125), (0.71875, 0.225), (0.71875, 0.195711), (0.71875, 0.125), (0.71875, 0.225), (0.71875, 0.125), (0.71875, 0.225), (0.71875, 0.125), (0.71875, 0.225), (0.71875, 0.025), (0.71875, 0.225), (0.71875, 0.125), (0.71875, 0.025), (0.71875, 0.195711), (0.71875, 0.225), (0.71875, 0.025), (0.71875, 0.195711), (0.71875, 0.025), (0.71875, 0.195711), (0.71875, 0.025), (0.71875, 0.125), (0.71875, 0.025), (0.71875, 0.125), (0.71875, 0.025), (0.71875, 0.125), (0.71875, 0.025), (0.71875, 0.225), (0.71875, 0.225), (0.71875, 0.025), (0.71875, 0.195711), (0.71875, 0.195711), (0.71875, 0.025), (0.71875, 0.125), (0.71875, 0.225), (0.71875, 0.125), (0.71875, 0.225), (0.71875, 0.225), (0.71875, 0.125), (0.71875, 0.125), (0.71875, 0.225), (0.71875, 0.025), (0.71875, 0.125), (0.71875, 0.195711), (0.71875, 0.025), (0.71875, 0.225), (0.71875, 0.125), (0.71875, 0.025), (0.71875, 0.195711), (0.71875, 0.025), (0.71875, 0.125), (0.71875, 0.025), (0.71875, 0.125), (0.71875, 0.025), (0.71875, 0.025), (0.71875, 0.025), (0.71875, 0.125), (0.71875, 0.125), (0.71875, 0.125), (0.71875, 0.025), (0.71875, 0.025), (0.71875, 0.025), (0.71875, 0.125), (0.71875, 0.125), (0.71875, 0.125), (0.71875, 0.025), (0.71875, 0.025), (0.71875, 0.025), (0.71875, 0.125), (0.71875, 0.125), (0.71875, 0.195711), (0.71875, 0.125), (0.71875, 0.125), (0.71875, 0.125), (0.71875, 0.195711), (0.71875, 0.195711), (0.71875, 0.195711), (0.71875, 0.225), (0.71875, 0.195711), (0.71875, 0.225), (0.71875, 0.195711), (0.71875, 0.225), (0.71875, 0.225), (0.71875, 0.225), (0.71875, 0.225), (0.71875, 0.225), (0.71875, 0.225), (0.71875, 0.225), (0.71875, 0.225), (0.71875, 0.195711), (0.71875, 0.225), (0.71875, 0.195711), (0.71875, 0.225), (0.71875, 0.195711), (0.71875, 0.125), (0.71875, 0.195711), (0.71875, 0.195711), (0.71875, 0.195711), (0.71875, 0.125), (0.71875, 0.125), (0.71875, 0.025), (0.71875, 0.125), (0.71875, 0.125), (0.71875, 0.125), (0.71875, 0.025), (0.71875, 0.025), (0.71875, 0.125), (0.71875, 0.125), (0.71875, 0.125), (0.71875, 0.125), (0.71875, 0.125), (0.71875, 0.125), (0.71875, 0.025), (0.71875, 0.125), (0.71875, 0.025), (0.71875, 0.125), (0.71875, 0.025), (0.71875, 0.225), (0.71875, 0.225), (0.71875, 0.025), (0.71875, 0.195711), (0.71875, 0.195711), (0.71875, 0.025), (0.71875, 0.125), (0.71875, 0.225), (0.71875, 0.125), (0.71875, 0.225), (0.71875, 0.225), (0.71875, 0.125), (0.71875, 0.125), (0.71875, 0.225), (0.71875, 0.025), (0.71875, 0.125), (0.71875, 0.195711), (0.71875, 0.025), (0.71875, 0.225), (0.71875, 0.125), (0.71875, 0.025), (0.71875, 0.195711), (0.71875, 0.025), (0.71875, 0.125), (0.71875, 0.025), (0.71875, 0.025), (0.71875, 0.195711), (0.71875, 0.125), (0.71875, 0.025), (0.71875, 0.225), (0.71875, 0.195711), (0.71875, 0.025), (0.71875, 0.225), (0.71875, 0.025), (0.71875, 0.125), (0.71875, 0.225), (0.71875, 0.025), (0.71875, 0.125), (0.71875, 0.225), (0.71875, 0.125), (0.71875, 0.225), (0.71875, 0.125), (0.71875, 0.225), (0.71875, 0.025), (0.71875, 0.225), (0.71875, 0.125), (0.71875, 0.025), (0.71875, 0.195711), (0.71875, 0.225), (0.71875, 0.025), (0.71875, 0.195711), (0.71875, 0.025), (0.71875, 0.195711), (0.71875, 0.025), (0.71875, 0.125), (0.71875, 0.125), (0.71875, 0.025), (0.71875, 0.025), (0.71875, 0.025), (0.71875, 0.125), (0.71875, 0.125), (0.71875, 0.125), (0.71875, 0.025), (0.71875, 0.025), (0.71875, 0.025), (0.71875, 0.125), (0.71875, 0.125), (0.71875, 0.125), (0.71875, 0.025), (0.71875, 0.025), (0.71875, 0.025), (0.71875, 0.125), (0.71875, 0.125), (0.71875, 0.195711), (0.71875, 0.125), (0.71875, 0.125), (0.71875, 0.125), (0.71875, 0.195711), (0.71875, 0.195711), (0.71875, 0.195711), (0.71875, 0.225), (0.71875, 0.195711), (0.71875, 0.225), (0.71875, 0.195711), (0.71875, 0.225), (0.71875, 0.225), (0.71875, 0.225), (0.71875, 0.225), (0.71875, 0.225), (0.71875, 0.225), (0.71875, 0.225), (0.71875, 0.225), (0.71875, 0.195711), (0.71875, 0.225), (0.71875, 0.195711), (0.71875, 0.225), (0.71875, 0.195711), (0.71875, 0.125), (0.71875, 0.195711), (0.71875, 0.195711), (0.71875, 0.195711), (0.71875, 0.125), (0.71875, 0.125), (0.71875, 0.025), (0.71875, 0.125), (0.71875, 0.125), (0.71875, 0.125), (0.71875, 0.025), (0.71875, 0.025), (0.71875, 0.125), (0.71875, 0.125), (0.71875, 0.125), (0.71875, 0.125), (0.71875, 0.125), (0.71875, 0.125), (0.71875, 0.025), (0.71875, 0.195711), (0.71875, 0.125), (0.71875, 0.025), (0.71875, 0.195711), (0.71875, 0.025), (0.71875, 0.125), (0.71875, 0.195711), (0.71875, 0.025), (0.71875, 0.125), (0.71875, 0.225), (0.71875, 0.195711), (0.71875, 0.125), (0.71875, 0.225), (0.71875, 0.125), (0.71875, 0.225), (0.71875, 0.125), (0.71875, 0.225), (0.71875, 0.025), (0.71875, 0.225), (0.71875, 0.125), (0.71875, 0.025), (0.71875, 0.195711), (0.71875, 0.225), (0.71875, 0.025), (0.71875, 0.195711), (0.71875, 0.025), (0.71875, 0.195711), (0.71875, 0.025), (0.71875, 0.125), (0.71875, 0.025), (0.71875, 0.125), (0.71875, 0.025), (0.71875, 0.125), (0.71875, 0.025), (0.71875, 0.225), (0.71875, 0.225), (0.71875, 0.025), (0.71875, 0.195711), (0.71875, 0.195711), (0.71875, 0.025), (0.71875, 0.125), (0.71875, 0.225), (0.71875, 0.125), (0.71875, 0.225), (0.71875, 0.225), (0.71875, 0.125), (0.71875, 0.125), (0.71875, 0.225), (0.71875, 0.025), (0.71875, 0.125), (0.71875, 0.195711), (0.71875, 0.025), (0.71875, 0.225), (0.71875, 0.125), (0.71875, 0.025), (0.71875, 0.195711), (0.71875, 0.025), (0.71875, 0.125), (0.71875, 0.025), (0.71875, 0.025), (0.71875, 0.195711), (0.71875, 0.125), (0.71875, 0.025), (0.71875, 0.195711), (0.71875, 0.025), (0.71875, 0.125), (0.71875, 0.195711), (0.71875, 0.025), (0.71875, 0.125), (0.71875, 0.225), (0.71875, 0.195711), (0.71875, 0.125), (0.71875, 0.225), (0.71875, 0.225), (0.71875, 0.125), (0.71875, 0.225), (0.71875, 0.125), (0.71875, 0.225), (0.71875, 0.125), (0.71875, 0.195711), (0.71875, 0.025), (0.71875, 0.195711), (0.71875, 0.125), (0.71875, 0.025), (0.71875, 0.195711), (0.71875, 0.025), (0.71875, 0.195711), (0.71875, 0.025), (0.71875, 0.125), (0.71875, 0.025), (0.71875, 0.125), (0.71875, 0.025), (0.71875, 0.125), (0.71875, 0.025), (0.71875, 0.225), (0.71875, 0.225), (0.71875, 0.025), (0.71875, 0.195711), (0.71875, 0.195711), (0.71875, 0.025), (0.71875, 0.125), (0.71875, 0.225), (0.71875, 0.125), (0.71875, 0.225), (0.71875, 0.225), (0.71875, 0.125), (0.71875, 0.125), (0.71875, 0.225), (0.71875, 0.025), (0.71875, 0.125), (0.71875, 0.195711), (0.71875, 0.025), (0.71875, 0.225), (0.71875, 0.125), (0.71875, 0.025), (0.71875, 0.195711), (0.71875, 0.025), (0.71875, 0.125), (0.71875, 0.025), (0.71875, 0.125), (0.71875, 0.025), (0.71875, 0.025), (0.71875, 0.025), (0.71875, 0.125), (0.71875, 0.125), (0.71875, 0.125), (0.71875, 0.025), (0.71875, 0.025), (0.71875, 0.025), (0.71875, 0.125), (0.71875, 0.125), (0.71875, 0.195711), (0.71875, 0.125), (0.71875, 0.125), (0.71875, 0.125), (0.71875, 0.195711), (0.71875, 0.195711), (0.71875, 0.195711), (0.71875, 0.225), (0.71875, 0.195711), (0.71875, 0.225), (0.71875, 0.195711), (0.71875, 0.225), (0.71875, 0.225), (0.71875, 0.225), (0.71875, 0.225), (0.71875, 0.225), (0.71875, 0.225), (0.71875, 0.225), (0.71875, 0.225), (0.71875, 0.195711), (0.71875, 0.225), (0.71875, 0.195711), (0.71875, 0.225), (0.71875, 0.195711), (0.71875, 0.125), (0.71875, 0.195711), (0.71875, 0.195711), (0.71875, 0.195711), (0.71875, 0.125), (0.71875, 0.125), (0.71875, 0.025), (0.71875, 0.125), (0.71875, 0.125), (0.71875, 0.125), (0.71875, 0.025), (0.71875, 0.025), (0.71875, 0.125), (0.71875, 0.125), (0.71875, 0.125), (0.71875, 0.125), (0.71875, 0.125), (0.71875, 0.125), (0.71875, 0.125), (0.71875, 0.025), (0.71875, 0.025), (0.71875, 0.025), (0.71875, 0.125), (0.71875, 0.125), (0.71875, 0.125), (0.71875, 0.125), (0.71875, 0.125), (0.71875, 0.125), (0.71875, 0.125), (0.71875, 0.125), (0.71875, 0.125), (0.71875, 0.025), (0.71875, 0.025), (0.71875, 0.025), (0.71875, 0.125), (0.71875, 0.125), (0.71875, 0.195711), (0.71875, 0.125), (0.71875, 0.125), (0.71875, 0.125), (0.71875, 0.195711), (0.71875, 0.195711), (0.71875, 0.225), (0.71875, 0.195711), (0.71875, 0.195711), (0.71875, 0.195711), (0.71875, 0.225), (0.71875, 0.225), (0.71875, 0.225), (0.71875, 0.225), (0.71875, 0.225), (0.71875, 0.225), (0.71875, 0.225), (0.71875, 0.225), (0.71875, 0.195711), (0.71875, 0.225), (0.71875, 0.225), (0.71875, 0.225), (0.71875, 0.195711), (0.71875, 0.195711), (0.71875, 0.125), (0.71875, 0.195711), (0.71875, 0.195711), (0.71875, 0.195711), (0.71875, 0.125), (0.71875, 0.125), (0.71875, 0.025), (0.71875, 0.125), (0.71875, 0.125), (0.71875, 0.125), (0.71875, 0.025), (0.71875, 0.025), (0.71875, 0.025), (0.71875, 0.125), (0.71875, 0.025), (0.71875, 0.125), (0.71875, 0.025), (0.71875, 0.225), (0.71875, 0.225), (0.71875, 0.025), (0.71875, 0.195711), (0.71875, 0.195711), (0.71875, 0.025), (0.71875, 0.125), (0.71875, 0.225), (0.71875, 0.125), (0.71875, 0.225), (0.71875, 0.225), (0.71875, 0.125), (0.71875, 0.125), (0.71875, 0.195711), (0.71875, 0.125), (0.71875, 0.225), (0.71875, 0.195711), (0.71875, 0.025), (0.71875, 0.125), (0.71875, 0.125), (0.71875, 0.025), (0.71875, 0.195711), (0.71875, 0.025), (0.71875, 0.125), (0.71875, 0.025), (0.71875, 0.025), (0.71875, 0.195711), (0.71875, 0.125), (0.71875, 0.025), (0.71875, 0.195711), (0.71875, 0.025), (0.71875, 0.125), (0.71875, 0.195711), (0.71875, 0.025), (0.71875, 0.125), (0.71875, 0.225), (0.71875, 0.195711), (0.71875, 0.125), (0.71875, 0.225), (0.71875, 0.125), (0.71875, 0.225), (0.71875, 0.125), (0.71875, 0.225), (0.71875, 0.025), (0.71875, 0.225), (0.71875, 0.125), (0.71875, 0.025), (0.71875, 0.195711), (0.71875, 0.225), (0.71875, 0.025), (0.71875, 0.195711), (0.71875, 0.025), (0.71875, 0.195711), (0.71875, 0.025), (0.71875, 0.125), (0.71875, 0.125), (0.71875, 0.025), (0.71875, 0.025), (0.71875, 0.025), (0.71875, 0.125), (0.71875, 0.125), (0.71875, 0.125), (0.71875, 0.025), (0.71875, 0.025), (0.71875, 0.025), (0.71875, 0.125), (0.71875, 0.125), (0.71875, 0.125), (0.71875, 0.025), (0.71875, 0.025), (0.71875, 0.025), (0.71875, 0.125), (0.71875, 0.125), (0.71875, 0.125), (0.71875, 0.025), (0.71875, 0.025), (0.71875, 0.025), (0.71875, 0.125), (0.71875, 0.125), (0.71875, 0.125), (0.71875, 0.025), (0.71875, 0.025), (0.71875, 0.025), (0.71875, 0.125), (0.71875, 0.125), (0.71875, 0.195711), (0.71875, 0.125), (0.71875, 0.125), (0.71875, 0.125), (0.71875, 0.195711), (0.71875, 0.195711), (0.71875, 0.195711), (0.71875, 0.225), (0.71875, 0.195711), (0.71875, 0.225), (0.71875, 0.195711), (0.71875, 0.225), (0.71875, 0.225), (0.71875, 0.225), (0.71875, 0.225), (0.71875, 0.225), (0.71875, 0.225), (0.71875, 0.225), (0.71875, 0.225), (0.71875, 0.195711), (0.71875, 0.225), (0.71875, 0.195711), (0.71875, 0.225), (0.71875, 0.195711), (0.71875, 0.125), (0.71875, 0.195711), (0.71875, 0.195711), (0.71875, 0.195711), (0.71875, 0.125), (0.71875, 0.125), (0.71875, 0.025), (0.71875, 0.125), (0.71875, 0.125), (0.71875, 0.125), (0.71875, 0.025), (0.71875, 0.025), (0.71875, 0.125), (0.71875, 0.125), (0.71875, 0.125), (0.71875, 0.125), (0.71875, 0.125), (0.71875, 0.125), (0.71875, 0.025), (0.71875, 0.125), (0.71875, 0.025), (0.71875, 0.125), (0.71875, 0.025), (0.71875, 0.225), (0.71875, 0.225), (0.71875, 0.025), (0.71875, 0.195711), (0.71875, 0.195711), (0.71875, 0.025), (0.71875, 0.125), (0.71875, 0.225), (0.71875, 0.125), (0.71875, 0.225), (0.71875, 0.225), (0.71875, 0.125), (0.71875, 0.125), (0.71875, 0.225), (0.71875, 0.025), (0.71875, 0.125), (0.71875, 0.195711), (0.71875, 0.025), (0.71875, 0.225), (0.71875, 0.125), (0.71875, 0.025), (0.71875, 0.195711), (0.71875, 0.025), (0.71875, 0.125), (0.71875, 0.025), (0.71875, 0.025), (0.71875, 0.195711), (0.71875, 0.125), (0.71875, 0.025), (0.71875, 0.225), (0.71875, 0.195711), (0.71875, 0.025), (0.71875, 0.225), (0.71875, 0.025), (0.71875, 0.125), (0.71875, 0.225), (0.71875, 0.025), (0.71875, 0.125), (0.71875, 0.225), (0.71875, 0.125), (0.71875, 0.225), (0.71875, 0.125), (0.71875, 0.225), (0.71875, 0.025), (0.71875, 0.225), (0.71875, 0.125), (0.71875, 0.025), (0.71875, 0.195711), (0.71875, 0.225), (0.71875, 0.025), (0.71875, 0.195711), (0.71875, 0.025), (0.71875, 0.195711), (0.71875, 0.025), (0.71875, 0.125), (0.71875, 0.125), (0.71875, 0.025), (0.71875, 0.025), (0.71875, 0.025), (0.71875, 0.125), (0.71875, 0.125), (0.71875, 0.125), (0.71875, 0.025), (0.71875, 0.025), (0.71875, 0.025), (0.71875, 0.125), (0.71875, 0.125), (0.71875, 0.125), (0.71875, 0.025), (0.71875, 0.025), (0.71875, 0.025), (0.71875, 0.125), (0.71875, 0.125), (0.71875, 0.195711), (0.71875, 0.125), (0.71875, 0.125), (0.71875, 0.125), (0.71875, 0.195711), (0.71875, 0.195711), (0.71875, 0.195711), (0.71875, 0.225), (0.71875, 0.195711), (0.71875, 0.225), (0.71875, 0.195711), (0.71875, 0.225), (0.71875, 0.225), (0.71875, 0.225), (0.71875, 0.225), (0.71875, 0.225), (0.71875, 0.225), (0.71875, 0.225), (0.71875, 0.225), (0.71875, 0.195711), (0.71875, 0.225), (0.71875, 0.195711), (0.71875, 0.225), (0.71875, 0.195711), (0.71875, 0.125), (0.71875, 0.195711), (0.71875, 0.195711), (0.71875, 0.195711), (0.71875, 0.125), (0.71875, 0.125), (0.71875, 0.025), (0.71875, 0.125), (0.71875, 0.125), (0.71875, 0.125), (0.71875, 0.025), (0.71875, 0.025), (0.71875, 0.125), (0.71875, 0.125), (0.71875, 0.125), (0.71875, 0.125), (0.71875, 0.125), (0.71875, 0.125), (0.71875, 0.025), (0.71875, 0.195711), (0.71875, 0.125), (0.71875, 0.025), (0.71875, 0.225), (0.71875, 0.195711), (0.71875, 0.025), (0.71875, 0.225), (0.71875, 0.025), (0.71875, 0.125), (0.71875, 0.225), (0.71875, 0.025), (0.71875, 0.125), (0.71875, 0.225), (0.71875, 0.125), (0.71875, 0.225), (0.71875, 0.125), (0.71875, 0.225), (0.71875, 0.025), (0.71875, 0.225), (0.71875, 0.125), (0.71875, 0.025), (0.71875, 0.195711), (0.71875, 0.225), (0.71875, 0.025), (0.71875, 0.195711), (0.71875, 0.025), (0.71875, 0.195711), (0.71875, 0.025), (0.71875, 0.125), (0.71875, 0.025), (0.71875, 0.125), (0.71875, 0.025), (0.71875, 0.125), (0.71875, 0.025), (0.71875, 0.225), (0.71875, 0.225), (0.71875, 0.025), (0.71875, 0.195711), (0.71875, 0.195711), (0.71875, 0.025), (0.71875, 0.125), (0.71875, 0.225), (0.71875, 0.125), (0.71875, 0.225), (0.71875, 0.225), (0.71875, 0.125), (0.71875, 0.125), (0.71875, 0.225), (0.71875, 0.025), (0.71875, 0.125), (0.71875, 0.195711), (0.71875, 0.025), (0.71875, 0.225), (0.71875, 0.125), (0.71875, 0.025), (0.71875, 0.195711), (0.71875, 0.025), (0.71875, 0.125), (0.71875, 0.025), (0.71875, 0.125), (0.71875, 0.025), (0.71875, 0.025), (0.71875, 0.025), (0.71875, 0.125), (0.71875, 0.125), (0.71875, 0.125), (0.71875, 0.025), (0.71875, 0.025), (0.71875, 0.025), (0.71875, 0.125), (0.71875, 0.125), (0.71875, 0.125), (0.71875, 0.025), (0.71875, 0.025), (0.71875, 0.025), (0.71875, 0.125), (0.71875, 0.125), (0.71875, 0.195711), (0.71875, 0.125), (0.71875, 0.125), (0.71875, 0.125), (0.71875, 0.195711), (0.71875, 0.195711), (0.71875, 0.195711), (0.71875, 0.225), (0.71875, 0.195711), (0.71875, 0.225), (0.71875, 0.195711), (0.71875, 0.225), (0.71875, 0.225), (0.71875, 0.225), (0.71875, 0.225), (0.71875, 0.225), (0.71875, 0.225), (0.71875, 0.225), (0.71875, 0.225), (0.71875, 0.195711), (0.71875, 0.225), (0.71875, 0.195711), (0.71875, 0.225), (0.71875, 0.195711), (0.71875, 0.125), (0.71875, 0.195711), (0.71875, 0.195711), (0.71875, 0.195711), (0.71875, 0.125), (0.71875, 0.125), (0.71875, 0.025), (0.71875, 0.125), (0.71875, 0.125), (0.71875, 0.125), (0.71875, 0.025), (0.71875, 0.025), (0.71875, 0.125), (0.71875, 0.125), (0.71875, 0.125), (0.71875, 0.125), (0.71875, 0.125), (0.71875, 0.125), (0.71875, 0.025), (0.71875, 0.195711), (0.71875, 0.125), (0.71875, 0.025), (0.71875, 0.225), (0.71875, 0.195711), (0.71875, 0.025), (0.71875, 0.225), (0.71875, 0.025), (0.71875, 0.125), (0.71875, 0.225), (0.71875, 0.025), (0.71875, 0.125), (0.71875, 0.225), (0.71875, 0.125), (0.71875, 0.225), (0.71875, 0.125), (0.71875, 0.225), (0.71875, 0.025), (0.71875, 0.225), (0.71875, 0.125), (0.71875, 0.025), (0.71875, 0.195711), (0.71875, 0.225), (0.71875, 0.025), (0.71875, 0.195711), (0.71875, 0.025), (0.71875, 0.195711), (0.71875, 0.025), (0.71875, 0.125), (0.71875, 0.025), (0.71875, 0.125), (0.71875, 0.025), (0.71875, 0.125), (0.71875, 0.025), (0.71875, 0.225), (0.71875, 0.225), (0.71875, 0.025), (0.71875, 0.195711), (0.71875, 0.195711), (0.71875, 0.025), (0.71875, 0.125), (0.71875, 0.225), (0.71875, 0.125), (0.71875, 0.225), (0.71875, 0.225), (0.71875, 0.125), (0.71875, 0.125), (0.71875, 0.225), (0.71875, 0.025), (0.71875, 0.125), (0.71875, 0.195711), (0.71875, 0.025), (0.71875, 0.225), (0.71875, 0.125), (0.71875, 0.025), (0.71875, 0.195711), (0.71875, 0.025), (0.71875, 0.125), (0.71875, 0.025), (0.71875, 0.125), (0.71875, 0.025), (0.71875, 0.025), (0.71875, 0.025), (0.71875, 0.125), (0.71875, 0.125), (0.71875, 0.125), (0.71875, 0.025), (0.71875, 0.025), (0.71875, 0.025), (0.71875, 0.125), (0.71875, 0.125), (0.71875, 0.125), (0.71875, 0.025), (0.71875, 0.025), (0.71875, 0.025), (0.71875, 0.125), (0.71875, 0.125), (0.71875, 0.195711), (0.71875, 0.125), (0.71875, 0.125), (0.71875, 0.125), (0.71875, 0.195711), (0.71875, 0.195711), (0.71875, 0.195711), (0.71875, 0.225), (0.71875, 0.195711), (0.71875, 0.225), (0.71875, 0.195711), (0.71875, 0.225), (0.71875, 0.225), (0.71875, 0.225), (0.71875, 0.225), (0.71875, 0.225), (0.71875, 0.225), (0.71875, 0.225), (0.71875, 0.225), (0.71875, 0.195711), (0.71875, 0.225), (0.71875, 0.195711), (0.71875, 0.225), (0.71875, 0.195711), (0.71875, 0.125), (0.71875, 0.195711), (0.71875, 0.195711), (0.71875, 0.195711), (0.71875, 0.125), (0.71875, 0.125), (0.71875, 0.025), (0.71875, 0.125), (0.71875, 0.125), (0.71875, 0.125), (0.71875, 0.025), (0.71875, 0.025), (0.71875, 0.125), (0.71875, 0.125), (0.71875, 0.125), (0.71875, 0.125), (0.71875, 0.125), (0.71875, 0.125), (0.71875, 0.025), (0.71875, 0.195711), (0.71875, 0.125), (0.71875, 0.025), (0.71875, 0.225), (0.71875, 0.195711), (0.71875, 0.025), (0.71875, 0.225), (0.71875, 0.025), (0.71875, 0.125), (0.71875, 0.225), (0.71875, 0.025), (0.71875, 0.125), (0.71875, 0.225), (0.71875, 0.125), (0.71875, 0.225), (0.71875, 0.125), (0.71875, 0.225), (0.71875, 0.025), (0.71875, 0.225), (0.71875, 0.125), (0.71875, 0.025), (0.71875, 0.195711), (0.71875, 0.225), (0.71875, 0.025), (0.71875, 0.195711), (0.71875, 0.025), (0.71875, 0.195711), (0.71875, 0.025), (0.71875, 0.125), (0.71875, 0.025), (0.71875, 0.125), (0.71875, 0.025), (0.71875, 0.125), (0.71875, 0.025), (0.71875, 0.225), (0.71875, 0.225), (0.71875, 0.025), (0.71875, 0.195711), (0.71875, 0.195711), (0.71875, 0.025), (0.71875, 0.125), (0.71875, 0.225), (0.71875, 0.125), (0.71875, 0.225), (0.71875, 0.225), (0.71875, 0.125), (0.71875, 0.125), (0.71875, 0.225), (0.71875, 0.025), (0.71875, 0.125), (0.71875, 0.195711), (0.71875, 0.025), (0.71875, 0.225), (0.71875, 0.125), (0.71875, 0.025), (0.71875, 0.195711), (0.71875, 0.025), (0.71875, 0.125), (0.71875, 0.025), (0.71875, 0.125), (0.71875, 0.025), (0.71875, 0.025), (0.71875, 0.025), (0.71875, 0.125), (0.71875, 0.125), (0.71875, 0.125), (0.71875, 0.025), (0.71875, 0.025), (0.71875, 0.025), (0.71875, 0.125), (0.71875, 0.125), (0.71875, 0.125), (0.71875, 0.025), (0.71875, 0.025), (0.71875, 0.025), (0.71875, 0.125), (0.71875, 0.125), (0.71875, 0.195711), (0.71875, 0.125), (0.71875, 0.125), (0.71875, 0.125), (0.71875, 0.195711), (0.71875, 0.195711), (0.71875, 0.195711), (0.71875, 0.225), (0.71875, 0.195711), (0.71875, 0.225), (0.71875, 0.195711), (0.71875, 0.225), (0.71875, 0.225), (0.71875, 0.225), (0.71875, 0.225), (0.71875, 0.225), (0.71875, 0.225), (0.71875, 0.225), (0.71875, 0.225), (0.71875, 0.195711), (0.71875, 0.225), (0.71875, 0.195711), (0.71875, 0.225), (0.71875, 0.195711), (0.71875, 0.125), (0.71875, 0.195711), (0.71875, 0.195711), (0.71875, 0.195711), (0.71875, 0.125), (0.71875, 0.125), (0.71875, 0.025), (0.71875, 0.125), (0.71875, 0.125), (0.71875, 0.125), (0.71875, 0.025), (0.71875, 0.025), (0.71875, 0.125), (0.71875, 0.125), (0.71875, 0.125), (0.71875, 0.125), (0.71875, 0.125), (0.71875, 0.125), (0.71875, 0.025), (0.71875, 0.195711), (0.71875, 0.125), (0.71875, 0.025), (0.71875, 0.225), (0.71875, 0.195711), (0.71875, 0.025), (0.71875, 0.225), (0.71875, 0.025), (0.71875, 0.125), (0.71875, 0.225), (0.71875, 0.025), (0.71875, 0.125), (0.71875, 0.225), (0.71875, 0.125), (0.71875, 0.225), (0.71875, 0.125), (0.71875, 0.225), (0.71875, 0.025), (0.71875, 0.225), (0.71875, 0.125), (0.71875, 0.025), (0.71875, 0.195711), (0.71875, 0.225), (0.71875, 0.025), (0.71875, 0.195711), (0.71875, 0.025), (0.71875, 0.195711), (0.71875, 0.025), (0.71875, 0.125), (0.71875, 0.025), (0.71875, 0.125), (0.71875, 0.025), (0.71875, 0.125), (0.71875, 0.025), (0.71875, 0.225), (0.71875, 0.225), (0.71875, 0.025), (0.71875, 0.195711), (0.71875, 0.195711), (0.71875, 0.025), (0.71875, 0.125), (0.71875, 0.225), (0.71875, 0.125), (0.71875, 0.225), (0.71875, 0.225), (0.71875, 0.125), (0.71875, 0.125), (0.71875, 0.225), (0.71875, 0.025), (0.71875, 0.125), (0.71875, 0.195711), (0.71875, 0.025), (0.71875, 0.225), (0.71875, 0.125), (0.71875, 0.025), (0.71875, 0.195711), (0.71875, 0.025), (0.71875, 0.125), (0.71875, 0.025), (0.71875, 0.220158), (0.71875, 0.225), (0.71875, 0.225), (0.71875, 0.210281), (0.71875, 0.225), (0.71875, 0.220158), (0.71875, 0.182682), (0.71875, 0.225), (0.71875, 0.210281), (0.71875, 0.210281), (0.71875, 0.182682), (0.71875, 0.210281), (0.71875, 0.225), (0.71875, 0.182682), (0.71875, 0.182682), (0.71875, 0.182682), (0.71875, 0.225), (0.71875, 0.225), (0.71875, 0.225), (0.71875, 0.182682), (0.71875, 0.182682), (0.71875, 0.210281), (0.71875, 0.182682), (0.71875, 0.182682), (0.71875, 0.182682), (0.71875, 0.210281), (0.71875, 0.210281), (0.71875, 0.182682), (0.71875, 0.210281), (0.71875, 0.225), (0.71875, 0.225), (0.71875, 0.210281), (0.71875, 0.220158), (0.71875, 0.225), (0.71875, 0.220158), (0.71875, 0.225), (0.71875, 0.225), (0.71875, 0.182682), (0.71875, 0.182682), (0.71875, 0.182682), (0.71875, 0.225), (0.71875, 0.225), (0.71875, 0.225), (0.71875, 0.21764), (0.71875, 0.21764), (0.71875, 0.21764), (0.71875, 0.225), (0.71875, 0.220158), (0.71875, 0.220158), (0.71875, 0.225), (0.71875, 0.225), (0.71875, 0.220158), (0.71875, 0.21764), (0.71875, 0.21764), (0.71875, 0.21764), (0.71875, 0.220158), (0.71875, 0.225), (0.71875, 0.225), (0.71875, 0.220158), (0.71875, 0.225), (0.71875, 0.225), (0.71875, 0.21764), (0.71875, 0.21764), (0.71875, 0.21764), (0.71875, 0.225), (0.71875, 0.225), (0.71875, 0.225), (0.71875, 0.21764), (0.71875, 0.21764), (0.71875, 0.21764), (0.71875, 0.225), (0.71875, 0.225), (0.71875, 0.225), (0.71875, 0.195209), (0.71875, 0.195209), (0.71875, 0.195209), (0.71875, 0.225), (0.71875, 0.225), (0.71875, 0.225), (0.71875, 0.195209), (0.71875, 0.195209), (0.71875, 0.195209), (0.71875, 0.225), (0.71875, 0.225), (0.71875, 0.225), (0.71875, 0.225), (0.71875, 0.225), (0.71875, 0.225), (0.71875, 0.225), (0.71875, 0.225), (0.71875, 0.225), (0.71875, 0.225), (0.71875, 0.225), (0.71875, 0.225), (0.71875, 0.225), (0.71875, 0.225), (0.71875, 0.225), (0.71875, 0.225), (0.71875, 0.225), (0.71875, 0.225), (0.71875, 0.225), (0.71875, 0.225), (0.71875, 0.025), (0.71875, 0.225), (0.71875, 0.225), (0.71875, 0.225), (0.71875, 0.025), (0.71875, 0.225), (0.71875, 0.225), (0.71875, 0.025), (0.71875, 0.025), (0.71875, 0.025), (0.71875, 0.225), (0.71875, 0.025), (0.71875, 0.025), (0.71875, 0.225), (0.71875, 0.025), (0.71875, 0.225), (0.71875, 0.025), (0.71875, 0.225), (0.71875, 0.225), (0.71875, 0.025), (0.71875, 0.225), (0.71875, 0.025), (0.71875, 0.225), (0.71875, 0.025), (0.71875, 0.025), (0.71875, 0.225), (0.71875, 0.025), (0.71875, 0.225), (0.71875, 0.025), (0.71875, 0.225), (0.71875, 0.225), (0.71875, 0.025), (0.71875, 0.225), (0.71875, 0.025), (0.71875, 0.225), (0.71875, 0.025), (0.71875, 0.025), (0.71875, 0.225), (0.71875, 0.025), (0.71875, 0.225), (0.71875, 0.025), (0.71875, 0.025), (0.71875, 0.225), (0.71875, 0.025), (0.71875, 0.225), (0.71875, 0.025), (0.71875, 0.225), (0.71875, 0.225), (0.71875, 0.225), (0.71875, 0.225), (0.71875, 0.225), (0.71875, 0.225), (0.71875, 0.225), (0.71875, 0.225), (0.71875, 0.225), (0.71875, 0.225), (0.71875, 0.225), (0.71875, 0.225), (0.71875, 0.225), (0.71875, 0.225), (0.71875, 0.225), (0.71875, 0.225), (0.71875, 0.225), (0.71875, 0.225), (0.71875, 0.225), (0.71875, 0.225), (0.71875, 0.225), (0.71875, 0.225), (0.71875, 0.225), (0.71875, 0.225), (0.71875, 0.225), (0.71875, 0.225), (0.71875, 0.025), (0.71875, 0.225), (0.71875, 0.025), (0.71875, 0.225), (0.71875, 0.025), (0.71875, 0.225), (0.71875, 0.225), (0.71875, 0.025), (0.71875, 0.225), (0.71875, 0.025), (0.71875, 0.225), (0.71875, 0.025), (0.71875, 0.025), (0.71875, 0.225), (0.71875, 0.225), (0.71875, 0.225), (0.71875, 0.025), (0.71875, 0.025), (0.71875, 0.025), (0.71875, 0.225), (0.71875, 0.225), (0.71875, 0.225), (0.71875, 0.025), (0.71875, 0.025), (0.71875, 0.025), (0.71875, 0.225), (0.71875, 0.225), (0.71875, 0.225), (0.71875, 0.025), (0.71875, 0.025), (0.71875, 0.025), (0.71875, 0.225), (0.71875, 0.225), (0.71875, 0.225), (0.71875, 0.025), (0.71875, 0.025), (0.71875, 0.025), (0.71875, 0.225), (0.71875, 0.225), (0.71875, 0.225), (0.71875, 0.025), (0.71875, 0.025), (0.71875, 0.025), (0.71875, 0.225), (0.71875, 0.225), (0.71875, 0.225), (0.71875, 0.025), (0.71875, 0.025), (0.71875, 0.025), (0.71875, 0.225), (0.71875, 0.225), (0.71875, 0.225), (0.71875, 0.025), (0.71875, 0.025), (0.71875, 0.025), (0.71875, 0.225), (0.71875, 0.225), (0.71875, 0.225), (0.71875, 0.025), (0.71875, 0.025), (0.71875, 0.188349), (0.71875, 0.0933255), (0.71875, 0.156674), (0.71875, 0.0933255), (0.71875, 0.188349), (0.71875, 0.0616509), (0.71875, 0.0616509), (0.71875, 0.188349), (0.71875, 0.156674), (0.71875, 0.0616509), (0.71875, 0.156674), (0.71875, 0.0933255), (0.71875, 0.188349), (0.71875, 0.0933255), (0.71875, 0.156674), (0.71875, 0.0933255), (0.71875, 0.188349), (0.71875, 0.0616509), (0.71875, 0.0616509), (0.71875, 0.188349), (0.71875, 0.156674), (0.71875, 0.0616509), (0.71875, 0.156674), (0.71875, 0.0933255), (0.71875, 0.0616509), (0.71875, 0.156674), (0.71875, 0.0933255), (0.71875, 0.156674), (0.71875, 0.0616509), (0.71875, 0.188349), (0.71875, 0.188349), (0.71875, 0.0616509), (0.71875, 0.0933255), (0.71875, 0.188349), (0.71875, 0.0933255), (0.71875, 0.156674), (0.71875, 0.0616509), (0.71875, 0.156674), (0.71875, 0.0933255), (0.71875, 0.156674), (0.71875, 0.0616509), (0.71875, 0.188349), (0.71875, 0.188349), (0.71875, 0.0616509), (0.71875, 0.0933255), (0.71875, 0.188349), (0.71875, 0.0933255), (0.71875, 0.156674), (0.71875, 0.188349), (0.71875, 0.0933255), (0.71875, 0.156674), (0.71875, 0.0933255), (0.71875, 0.188349), (0.71875, 0.0616509), (0.71875, 0.0616509), (0.71875, 0.188349), (0.71875, 0.156674), (0.71875, 0.0616509), (0.71875, 0.156674), (0.71875, 0.0933255), (0.71875, 0.0616509), (0.71875, 0.156674), (0.71875, 0.0933255), (0.71875, 0.156674), (0.71875, 0.0616509), (0.71875, 0.188349), (0.71875, 0.188349), (0.71875, 0.0616509), (0.71875, 0.0933255), (0.71875, 0.188349), (0.71875, 0.0933255), (0.71875, 0.156674), (0.71875, 0.0616509), (0.71875, 0.156674), (0.71875, 0.0933255), (0.71875, 0.156674), (0.71875, 0.0616509), (0.71875, 0.188349), (0.71875, 0.188349), (0.71875, 0.0616509), (0.71875, 0.0933255), (0.71875, 0.188349), (0.71875, 0.0933255), (0.71875, 0.156674), (0.71875, 0.188349), (0.71875, 0.0933255), (0.71875, 0.156674), (0.71875, 0.0933255), (0.71875, 0.188349), (0.71875, 0.0616509), (0.71875, 0.0616509), (0.71875, 0.188349), (0.71875, 0.156674), (0.71875, 0.0616509), (0.71875, 0.156674), (0.71875, 0.0933255), (0.71875, 0.188349), (0.71875, 0.0933255), (0.71875, 0.156674), (0.71875, 0.0933255), (0.71875, 0.188349), (0.71875, 0.0616509), (0.71875, 0.0616509), (0.71875, 0.188349), (0.71875, 0.156674), (0.71875, 0.0616509), (0.71875, 0.156674), (0.71875, 0.0933255), (0.71875, 0.0616509), (0.71875, 0.156674), (0.71875, 0.0933255), (0.71875, 0.156674), (0.71875, 0.0616509), (0.71875, 0.188349), (0.71875, 0.188349), (0.71875, 0.0616509), (0.71875, 0.0933255), (0.71875, 0.188349), (0.71875, 0.0933255), (0.71875, 0.156674), (0.71875, 0.0616509), (0.71875, 0.156674), (0.71875, 0.0933255), (0.71875, 0.156674), (0.71875, 0.0616509), (0.71875, 0.188349), (0.71875, 0.188349), (0.71875, 0.0616509), (0.71875, 0.0933255), (0.71875, 0.188349), (0.71875, 0.0933255), (0.71875, 0.156674), (0.71875, 0.188349), (0.71875, 0.0933255), (0.71875, 0.156674), (0.71875, 0.0933255), (0.71875, 0.188349), (0.71875, 0.0616509), (0.71875, 0.0616509), (0.71875, 0.188349), (0.71875, 0.156674), (0.71875, 0.0616509), (0.71875, 0.156674), (0.71875, 0.0933255), (0.71875, 0.0616509), (0.71875, 0.156674), (0.71875, 0.0933255), (0.71875, 0.156674), (0.71875, 0.0616509), (0.71875, 0.188349), (0.71875, 0.188349), (0.71875, 0.0616509), (0.71875, 0.0933255), (0.71875, 0.188349), (0.71875, 0.0933255), (0.71875, 0.156674), (0.71875, 0.188349), (0.71875, 0.0933255), (0.71875, 0.156674), (0.71875, 0.0933255), (0.71875, 0.188349), (0.71875, 0.0616509), (0.71875, 0.0616509), (0.71875, 0.188349), (0.71875, 0.156674), (0.71875, 0.0616509), (0.71875, 0.156674), (0.71875, 0.0933255), (0.71875, 0.188349), (0.71875, 0.0933255), (0.71875, 0.156674), (0.71875, 0.0933255), (0.71875, 0.188349), (0.71875, 0.0616509), (0.71875, 0.0616509), (0.71875, 0.188349), (0.71875, 0.156674), (0.71875, 0.0616509), (0.71875, 0.156674), (0.71875, 0.0933255), (0.71875, 0.0616509), (0.71875, 0.156674), (0.71875, 0.0933255), (0.71875, 0.156674), (0.71875, 0.0616509), (0.71875, 0.188349), (0.71875, 0.188349), (0.71875, 0.0616509), (0.71875, 0.0933255), (0.71875, 0.188349), (0.71875, 0.0933255), (0.71875, 0.156674), (0.71875, 0.225), (0.71875, 0.225), (0.71875, 0.225), (0.71875, 0.225), (0.71875, 0.225), (0.71875, 0.225), (0.71875, 0.225), (0.71875, 0.225), (0.71875, 0.225), (0.71875, 0.225), (0.71875, 0.225), (0.71875, 0.225), (0.71875, 0.225), (0.71875, 0.225), (0.71875, 0.225), (0.71875, 0.225), (0.71875, 0.225), (0.71875, 0.225), (0.71875, 0.025), (0.71875, 0.225), (0.71875, 0.225), (0.71875, 0.225), (0.71875, 0.025), (0.71875, 0.225), (0.71875, 0.225), (0.71875, 0.025), (0.71875, 0.025), (0.71875, 0.025), (0.71875, 0.225), (0.71875, 0.025), (0.71875, 0.025), (0.71875, 0.225), (0.71875, 0.225), (0.71875, 0.225), (0.71875, 0.025), (0.71875, 0.025), (0.71875, 0.225), (0.71875, 0.025), (0.71875, 0.225), (0.71875, 0.025), (0.71875, 0.225), (0.71875, 0.025), (0.71875, 0.225), (0.71875, 0.025), (0.71875, 0.025), (0.71875, 0.025), (0.71875, 0.225), (0.71875, 0.225), (0.71875, 0.025), (0.71875, 0.225), (0.71875, 0.225), (0.71875, 0.225), (0.71875, 0.025), (0.71875, 0.025), (0.71875, 0.225), (0.71875, 0.025), (0.71875, 0.025), (0.71875, 0.025), (0.71875, 0.225), (0.71875, 0.025), (0.71875, 0.025), (0.71875, 0.225), (0.71875, 0.225), (0.71875, 0.225), (0.71875, 0.025), (0.71875, 0.225), (0.71875, 0.025), (0.71875, 0.025), (0.71875, 0.106057), (0.71875, 0.025), (0.71875, 0.106057), (0.71875, 0.025), (0.71875, 0.154515), (0.71875, 0.106057), (0.71875, 0.154515), (0.71875, 0.106057), (0.71875, 0.154515), (0.71875, 0.025), (0.71875, 0.154515), (0.71875, 0.025), (0.71875, 0.154515), (0.71875, 0.025), (0.71875, 0.154515), (0.71875, 0.025), (0.71875, 0.154515), (0.71875, 0.025), (0.71875, 0.154515), (0.71875, 0.025), (0.71875, 0.154515), (0.71875, 0.025), (0.71875, 0.154515), (0.71875, 0.025), (0.71875, 0.154515), (0.71875, 0.025), (0.71875, 0.154515), (0.71875, 0.106057), (0.71875, 0.154515), (0.71875, 0.106057), (0.71875, 0.154515), (0.71875, 0.106057), (0.71875, 0.154515), (0.71875, 0.025), (0.71875, 0.154515), (0.71875, 0.025), (0.71875, 0.154515), (0.71875, 0.025), (0.71875, 0.154515), (0.71875, 0.025), (0.71875, 0.154515), (0.71875, 0.025), (0.71875, 0.154515), (0.71875, 0.025), (0.71875, 0.154515), (0.71875, 0.025), (0.71875, 0.154515), (0.71875, 0.025), (0.71875, 0.154515), (0.71875, 0.025), (0.71875, 0.154515), (0.71875, 0.106057), (0.71875, 0.025), (0.71875, 0.025), (0.71875, 0.106057), (0.71875, 0.025), (0.71875, 0.106057), (0.71875, 0.025), (0.71875, 0.154515), (0.71875, 0.106057), (0.71875, 0.154515), (0.71875, 0.106057), (0.71875, 0.154515), (0.71875, 0.025), (0.71875, 0.154515), (0.71875, 0.025), (0.71875, 0.154515), (0.71875, 0.025), (0.71875, 0.154515), (0.71875, 0.025), (0.71875, 0.154515), (0.71875, 0.025), (0.71875, 0.154515), (0.71875, 0.025), (0.71875, 0.154515), (0.71875, 0.025), (0.71875, 0.154515), (0.71875, 0.025), (0.71875, 0.154515), (0.71875, 0.025), (0.71875, 0.154515), (0.71875, 0.106057), (0.71875, 0.154515), (0.71875, 0.106057), (0.71875, 0.154515), (0.71875, 0.106057), (0.71875, 0.154515), (0.71875, 0.025), (0.71875, 0.154515), (0.71875, 0.025), (0.71875, 0.154515), (0.71875, 0.025), (0.71875, 0.154515), (0.71875, 0.025), (0.71875, 0.154515), (0.71875, 0.025), (0.71875, 0.154515), (0.71875, 0.025), (0.71875, 0.154515), (0.71875, 0.025), (0.71875, 0.154515), (0.71875, 0.025), (0.71875, 0.154515), (0.71875, 0.025), (0.71875, 0.154515), (0.71875, 0.106057), (0.71875, 0.025), (0.71875, 0.025), (0.71875, 0.106057), (0.71875, 0.025), (0.71875, 0.106057), (0.71875, 0.025), (0.71875, 0.154515), (0.71875, 0.106057), (0.71875, 0.154515), (0.71875, 0.106057), (0.71875, 0.154515), (0.71875, 0.025), (0.71875, 0.154515), (0.71875, 0.025), (0.71875, 0.154515), (0.71875, 0.025), (0.71875, 0.154515), (0.71875, 0.025), (0.71875, 0.154515), (0.71875, 0.025), (0.71875, 0.154515), (0.71875, 0.025), (0.71875, 0.154515), (0.71875, 0.025), (0.71875, 0.154515), (0.71875, 0.025), (0.71875, 0.154515), (0.71875, 0.025), (0.71875, 0.154515), (0.71875, 0.106057), (0.71875, 0.154515), (0.71875, 0.106057), (0.71875, 0.154515), (0.71875, 0.106057), (0.71875, 0.154515), (0.71875, 0.025), (0.71875, 0.154515), (0.71875, 0.025), (0.71875, 0.154515), (0.71875, 0.025), (0.71875, 0.154515), (0.71875, 0.025), (0.71875, 0.154515), (0.71875, 0.025), (0.71875, 0.154515), (0.71875, 0.025), (0.71875, 0.154515), (0.71875, 0.025), (0.71875, 0.154515), (0.71875, 0.025), (0.71875, 0.154515), (0.71875, 0.025), (0.71875, 0.154515), (0.71875, 0.106057), (0.71875, 0.025), (0.71875, 0.025), (0.71875, 0.106057), (0.71875, 0.025), (0.71875, 0.106057), (0.71875, 0.025), (0.71875, 0.154515), (0.71875, 0.106057), (0.71875, 0.154515), (0.71875, 0.106057), (0.71875, 0.154515), (0.71875, 0.025), (0.71875, 0.154515), (0.71875, 0.025), (0.71875, 0.154515), (0.71875, 0.025), (0.71875, 0.154515), (0.71875, 0.025), (0.71875, 0.154515), (0.71875, 0.025), (0.71875, 0.154515), (0.71875, 0.025), (0.71875, 0.154515), (0.71875, 0.025), (0.71875, 0.154515), (0.71875, 0.025), (0.71875, 0.154515), (0.71875, 0.025), (0.71875, 0.154515), (0.71875, 0.106057), (0.71875, 0.154515), (0.71875, 0.106057), (0.71875, 0.154515), (0.71875, 0.106057), (0.71875, 0.154515), (0.71875, 0.025), (0.71875, 0.154515), (0.71875, 0.025), (0.71875, 0.154515), (0.71875, 0.025), (0.71875, 0.154515), (0.71875, 0.025), (0.71875, 0.154515), (0.71875, 0.025), (0.71875, 0.154515), (0.71875, 0.025), (0.71875, 0.154515), (0.71875, 0.025), (0.71875, 0.154515), (0.71875, 0.025), (0.71875, 0.154515), (0.71875, 0.025), (0.71875, 0.154515), (0.71875, 0.106057), (0.71875, 0.025), (0.71875, 0.025), (0.71875, 0.106057), (0.71875, 0.025), (0.71875, 0.106057), (0.71875, 0.025), (0.71875, 0.154515), (0.71875, 0.106057), (0.71875, 0.154515), (0.71875, 0.106057), (0.71875, 0.154515), (0.71875, 0.025), (0.71875, 0.154515), (0.71875, 0.025), (0.71875, 0.154515), (0.71875, 0.025), (0.71875, 0.154515), (0.71875, 0.025), (0.71875, 0.154515), (0.71875, 0.025), (0.71875, 0.154515), (0.71875, 0.025), (0.71875, 0.154515), (0.71875, 0.025), (0.71875, 0.154515), (0.71875, 0.025), (0.71875, 0.154515), (0.71875, 0.025), (0.71875, 0.154515), (0.71875, 0.106057), (0.71875, 0.154515), (0.71875, 0.106057), (0.71875, 0.154515), (0.71875, 0.106057), (0.71875, 0.154515), (0.71875, 0.025), (0.71875, 0.154515), (0.71875, 0.025), (0.71875, 0.154515), (0.71875, 0.025), (0.71875, 0.154515), (0.71875, 0.025), (0.71875, 0.154515), (0.71875, 0.025), (0.71875, 0.154515), (0.71875, 0.025), (0.71875, 0.154515), (0.71875, 0.025), (0.71875, 0.154515), (0.71875, 0.025), (0.71875, 0.154515), (0.71875, 0.025), (0.71875, 0.154515), (0.71875, 0.106057), (0.71875, 0.025), (0.71875, 0.025), (0.71875, 0.106057), (0.71875, 0.025), (0.71875, 0.106057), (0.71875, 0.025), (0.71875, 0.154515), (0.71875, 0.106057), (0.71875, 0.154515), (0.71875, 0.106057), (0.71875, 0.154515), (0.71875, 0.025), (0.71875, 0.154515), (0.71875, 0.025), (0.71875, 0.154515), (0.71875, 0.025), (0.71875, 0.154515), (0.71875, 0.025), (0.71875, 0.154515), (0.71875, 0.025), (0.71875, 0.154515), (0.71875, 0.025), (0.71875, 0.154515), (0.71875, 0.025), (0.71875, 0.154515), (0.71875, 0.025), (0.71875, 0.154515), (0.71875, 0.025), (0.71875, 0.154515), (0.71875, 0.106057), (0.71875, 0.154515), (0.71875, 0.106057), (0.71875, 0.154515), (0.71875, 0.106057), (0.71875, 0.154515), (0.71875, 0.025), (0.71875, 0.154515), (0.71875, 0.025), (0.71875, 0.154515), (0.71875, 0.025), (0.71875, 0.154515), (0.71875, 0.025), (0.71875, 0.154515), (0.71875, 0.025), (0.71875, 0.154515), (0.71875, 0.025), (0.71875, 0.154515), (0.71875, 0.025), (0.71875, 0.154515), (0.71875, 0.025), (0.71875, 0.154515), (0.71875, 0.025), (0.71875, 0.154515), (0.71875, 0.106057), (0.71875, 0.025), (0.71875, 0.025), (0.71875, 0.106057), (0.71875, 0.025), (0.71875, 0.106057), (0.71875, 0.025), (0.71875, 0.154515), (0.71875, 0.106057), (0.71875, 0.154515), (0.71875, 0.106057), (0.71875, 0.154515), (0.71875, 0.025), (0.71875, 0.154515), (0.71875, 0.025), (0.71875, 0.154515), (0.71875, 0.025), (0.71875, 0.154515), (0.71875, 0.025), (0.71875, 0.154515), (0.71875, 0.025), (0.71875, 0.154515), (0.71875, 0.025), (0.71875, 0.154515), (0.71875, 0.025), (0.71875, 0.154515), (0.71875, 0.025), (0.71875, 0.154515), (0.71875, 0.025), (0.71875, 0.154515), (0.71875, 0.106057), (0.71875, 0.154515), (0.71875, 0.106057), (0.71875, 0.154515), (0.71875, 0.106057), (0.71875, 0.154515), (0.71875, 0.025), (0.71875, 0.154515), (0.71875, 0.025), (0.71875, 0.154515), (0.71875, 0.025), (0.71875, 0.154515), (0.71875, 0.025), (0.71875, 0.154515), (0.71875, 0.025), (0.71875, 0.154515), (0.71875, 0.025), (0.71875, 0.154515), (0.71875, 0.025), (0.71875, 0.154515), (0.71875, 0.025), (0.71875, 0.154515), (0.71875, 0.025), (0.71875, 0.154515), (0.71875, 0.106057), (0.71875, 0.025), (0.71875, 0.025), (0.71875, 0.106057), (0.71875, 0.025), (0.71875, 0.106057), (0.71875, 0.025), (0.71875, 0.154515), (0.71875, 0.106057), (0.71875, 0.154515), (0.71875, 0.106057), (0.71875, 0.154515), (0.71875, 0.025), (0.71875, 0.154515), (0.71875, 0.025), (0.71875, 0.154515), (0.71875, 0.025), (0.71875, 0.154515), (0.71875, 0.025), (0.71875, 0.154515), (0.71875, 0.025), (0.71875, 0.154515), (0.71875, 0.025), (0.71875, 0.154515), (0.71875, 0.025), (0.71875, 0.154515), (0.71875, 0.025), (0.71875, 0.154515), (0.71875, 0.025), (0.71875, 0.154515), (0.71875, 0.106057), (0.71875, 0.154515), (0.71875, 0.106057), (0.71875, 0.154515), (0.71875, 0.106057), (0.71875, 0.154515), (0.71875, 0.025), (0.71875, 0.154515), (0.71875, 0.025), (0.71875, 0.154515), (0.71875, 0.025), (0.71875, 0.154515), (0.71875, 0.025), (0.71875, 0.154515), (0.71875, 0.025), (0.71875, 0.154515), (0.71875, 0.025), (0.71875, 0.154515), (0.71875, 0.025), (0.71875, 0.154515), (0.71875, 0.025), (0.71875, 0.154515), (0.71875, 0.025), (0.71875, 0.154515), (0.71875, 0.106057), (0.71875, 0.125), (0.71875, 0.025), (0.71875, 0.025), (0.71875, 0.025), (0.71875, 0.125), (0.71875, 0.125), (0.71875, 0.125), (0.71875, 0.125), (0.71875, 0.125), (0.71875, 0.125), (0.71875, 0.125), (0.71875, 0.125), (0.71875, 0.225), (0.71875, 0.225), (0.71875, 0.225), (0.71875, 0.225), (0.71875, 0.225), (0.71875, 0.225), (0.71875, 0.201569), (0.71875, 0.225), (0.71875, 0.225), (0.71875, 0.225), (0.71875, 0.201569), (0.71875, 0.201569), (0.71875, 0.145), (0.71875, 0.201569), (0.71875, 0.201569), (0.71875, 0.201569), (0.71875, 0.145), (0.71875, 0.145), (0.71875, 0.025), (0.71875, 0.145), (0.71875, 0.145), (0.71875, 0.145), (0.71875, 0.025), (0.71875, 0.025), (0.71875, 0.025), (0.71875, 0.125), (0.71875, 0.025), (0.71875, 0.125), (0.71875, 0.025), (0.71875, 0.225), (0.71875, 0.225), (0.71875, 0.125), (0.71875, 0.125), (0.71875, 0.125), (0.71875, 0.225), (0.71875, 0.225), (0.71875, 0.225), (0.71875, 0.025), (0.71875, 0.201569), (0.71875, 0.201569), (0.71875, 0.025), (0.71875, 0.145), (0.71875, 0.225), (0.71875, 0.125), (0.71875, 0.225), (0.71875, 0.125), (0.71875, 0.225), (0.71875, 0.125), (0.71875, 0.025), (0.71875, 0.125), (0.71875, 0.225), (0.71875, 0.125), (0.71875, 0.025), (0.71875, 0.025), (0.71875, 0.025), (0.71875, 0.225), (0.71875, 0.201569), (0.71875, 0.025), (0.71875, 0.201569), (0.71875, 0.145), (0.71875, 0.225), (0.71875, 0.2), (0.71875, 0.2), (0.71875, 0.2), (0.71875, 0.225), (0.71875, 0.225), (0.71875, 0.225), (0.71875, 0.2), (0.71875, 0.2), (0.71875, 0.2), (0.71875, 0.225), (0.71875, 0.225), (0.71875, 0.2), (0.71875, 0.175), (0.71875, 0.175), (0.71875, 0.175), (0.71875, 0.2), (0.71875, 0.2), (0.71875, 0.2), (0.71875, 0.2), (0.71875, 0.2), (0.71875, 0.2), (0.71875, 0.2), (0.71875, 0.2), (0.71875, 0.2), (0.71875, 0.2), (0.71875, 0.2), (0.71875, 0.2), (0.71875, 0.2), (0.71875, 0.2), (0.71875, 0.2), (0.71875, 0.175), (0.71875, 0.175), (0.71875, 0.175), (0.71875, 0.2), (0.71875, 0.2), (0.71875, 0.13739), (0.71875, 0.175), (0.71875, 0.162609), (0.71875, 0.162609), (0.71875, 0.175), (0.71875, 0.162609), (0.71875, 0.13739), (0.71875, 0.125), (0.71875, 0.175), (0.71875, 0.125), (0.71875, 0.13739), (0.71875, 0.125), (0.71875, 0.13739), (0.71875, 0.125), (0.71875, 0.13739), (0.71875, 0.13739), (0.71875, 0.13739), (0.71875, 0.13739), (0.71875, 0.125), (0.71875, 0.13739), (0.71875, 0.175), (0.71875, 0.175), (0.71875, 0.13739), (0.71875, 0.162609), (0.71875, 0.13739), (0.71875, 0.13739), (0.71875, 0.13739), (0.71875, 0.175), (0.71875, 0.162609), (0.71875, 0.162609), (0.71875, 0.175), (0.71875, 0.162609), (0.71875, 0.175), (0.71875, 0.162609), (0.71875, 0.162609), (0.71875, 0.162609), (0.71875, 0.162609), (0.71875, 0.175), (0.71875, 0.162609), (0.71875, 0.162609), (0.71875, 0.175), (0.71875, 0.162609), (0.71875, 0.162609), (0.71875, 0.13739), (0.71875, 0.162609), (0.71875, 0.13739), (0.71875, 0.13739), (0.71875, 0.162609), (0.71875, 0.13739), (0.71875, 0.162609), (0.71875, 0.162609), (0.71875, 0.13739), (0.71875, 0.13739), (0.71875, 0.162609), (0.71875, 0.13739), (0.71875, 0.13739), (0.71875, 0.13739), (0.71875, 0.13739), (0.71875, 0.13739), (0.71875, 0.13739), (0.71875, 0.13739), (0.71875, 0.175), (0.71875, 0.162609), (0.71875, 0.162609), (0.71875, 0.175), (0.71875, 0.162609), (0.71875, 0.13739), (0.71875, 0.125), (0.71875, 0.175), (0.71875, 0.125), (0.71875, 0.13739), (0.71875, 0.125), (0.71875, 0.13739), (0.71875, 0.125), (0.71875, 0.13739), (0.71875, 0.13739), (0.71875, 0.13739), (0.71875, 0.13739), (0.71875, 0.125), (0.71875, 0.13739), (0.71875, 0.175), (0.71875, 0.175), (0.71875, 0.13739), (0.71875, 0.162609), (0.71875, 0.13739), (0.71875, 0.13739), (0.71875, 0.13739), (0.71875, 0.175), (0.71875, 0.162609), (0.71875, 0.162609), (0.71875, 0.175), (0.71875, 0.162609), (0.71875, 0.175), (0.71875, 0.162609), (0.71875, 0.162609), (0.71875, 0.162609), (0.71875, 0.162609), (0.71875, 0.175), (0.71875, 0.162609), (0.71875, 0.162609), (0.71875, 0.175), (0.71875, 0.162609), (0.71875, 0.162609), (0.71875, 0.13739), (0.71875, 0.162609), (0.71875, 0.13739), (0.71875, 0.13739), (0.71875, 0.162609), (0.71875, 0.13739), (0.71875, 0.162609), (0.71875, 0.162609), (0.71875, 0.13739), (0.71875, 0.13739), (0.71875, 0.162609), (0.71875, 0.13739), (0.71875, 0.13739), (0.71875, 0.13739), (0.71875, 0.13739), (0.71875, 0.13739), (0.71875, 0.13739), (0.71875, 0.025), (0.71875, 0.225), (0.71875, 0.225), (0.71875, 0.225), (0.71875, 0.025), (0.71875, 0.025), (0.71875, 0.025), (0.71875, 0.225), (0.71875, 0.225), (0.71875, 0.225), (0.71875, 0.025), (0.71875, 0.025), (0.71875, 0.025), (0.71875, 0.225), (0.71875, 0.025), (0.71875, 0.225), (0.71875, 0.025), (0.71875, 0.225), (0.71875, 0.225), (0.71875, 0.025), (0.71875, 0.225), (0.71875, 0.025), (0.71875, 0.225), (0.71875, 0.025), (0.71875, 0.025), (0.71875, 0.225), (0.71875, 0.025), (0.71875, 0.225), (0.71875, 0.025), (0.71875, 0.225), (0.71875, 0.225), (0.71875, 0.025), (0.71875, 0.225), (0.71875, 0.025), (0.71875, 0.225), (0.71875, 0.025), (0.71875, 0.025), (0.71875, 0.225), (0.71875, 0.225), (0.71875, 0.225), (0.71875, 0.025), (0.71875, 0.025), (0.71875, 0.025), (0.71875, 0.225), (0.71875, 0.225), (0.71875, 0.225), (0.71875, 0.025), (0.71875, 0.025), (0.71875, 0.225), (0.71875, 0.025), (0.71875, 0.225), (0.71875, 0.025), (0.71875, 0.225), (0.71875, 0.025), (0.71875, 0.025), (0.71875, 0.225), (0.71875, 0.225), (0.71875, 0.225), (0.71875, 0.025), (0.71875, 0.025), (0.71875, 0.025), (0.71875, 0.225), (0.71875, 0.225), (0.71875, 0.225), (0.71875, 0.025), (0.71875, 0.025), (0.71875, 0.225), (0.71875, 0.025), (0.71875, 0.225), (0.71875, 0.025), (0.71875, 0.225), (0.71875, 0.025), (0.71875, 0.025), (0.71875, 0.225), (0.71875, 0.225), (0.71875, 0.225), (0.71875, 0.025), (0.71875, 0.025), (0.71875, 0.025), (0.71875, 0.225), (0.71875, 0.025), (0.71875, 0.225), (0.71875, 0.025), (0.71875, 0.225), (0.71875, 0.025), (0.71875, 0.225), (0.71875, 0.225), (0.71875, 0.225), (0.71875, 0.025), (0.71875, 0.025), (0.71875, 0.025), (0.71875, 0.225), (0.71875, 0.025), (0.71875, 0.225), (0.71875, 0.025), (0.71875, 0.225), (0.71875, 0.175), (0.71875, 0.15), (0.71875, 0.15), (0.71875, 0.15), (0.71875, 0.175), (0.71875, 0.162609), (0.71875, 0.162609), (0.71875, 0.175), (0.71875, 0.162609), (0.71875, 0.175), (0.71875, 0.162609), (0.71875, 0.175), (0.71875, 0.175), (0.71875, 0.13739), (0.71875, 0.162609), (0.71875, 0.125), (0.71875, 0.13739), (0.71875, 0.175), (0.71875, 0.15), (0.71875, 0.125), (0.71875, 0.125), (0.71875, 0.13739), (0.71875, 0.15), (0.71875, 0.162609), (0.71875, 0.13739), (0.71875, 0.125), (0.71875, 0.13739), (0.71875, 0.125), (0.71875, 0.15), (0.71875, 0.13739), (0.71875, 0.2), (0.71875, 0.225), (0.71875, 0.225), (0.71875, 0.225), (0.71875, 0.2), (0.71875, 0.2), (0.71875, 0.2), (0.71875, 0.225), (0.71875, 0.225), (0.71875, 0.225), (0.71875, 0.2), (0.71875, 0.2), (0.71875, 0.2), (0.71875, 0.225), (0.71875, 0.2), (0.71875, 0.225), (0.71875, 0.2), (0.71875, 0.225), (0.71875, 0.2), (0.71875, 0.2), (0.71875, 0.2), (0.71875, 0.2), (0.71875, 0.2), (0.71875, 0.2), (0.71875, 0.2), (0.71875, 0.2), (0.71875, 0.2), (0.71875, 0.2), (0.71875, 0.225), (0.71875, 0.2), (0.71875, 0.225), (0.71875, 0.2), (0.71875, 0.225), (0.71875, 0.2), (0.71875, 0.225), (0.71875, 0.225), (0.71875, 0.225), (0.71875, 0.2), (0.71875, 0.2), (0.71875, 0.2), (0.71875, 0.225), (0.71875, 0.225), (0.71875, 0.225), (0.71875, 0.2), (0.71875, 0.2), (0.71875, 0.2), (0.71875, 0.175), (0.71875, 0.175), (0.71875, 0.175), (0.71875, 0.2), (0.71875, 0.2), (0.71875, 0.2), (0.71875, 0.2), (0.71875, 0.2), (0.71875, 0.2), (0.71875, 0.2), (0.71875, 0.2), (0.71875, 0.2), (0.71875, 0.2), (0.71875, 0.2), (0.71875, 0.2), (0.71875, 0.175), (0.71875, 0.175), (0.71875, 0.175), (0.71875, 0.2), (0.71875, 0.2), (0.71875, 0.175), (0.71875, 0.15), (0.71875, 0.15), (0.71875, 0.15), (0.71875, 0.175), (0.71875, 0.175), (0.71875, 0.175), (0.71875, 0.15), (0.71875, 0.175), (0.71875, 0.15), (0.71875, 0.175), (0.71875, 0.15), (0.71875, 0.175), (0.71875, 0.15), (0.71875, 0.15), (0.71875, 0.15), (0.71875, 0.175), (0.71875, 0.175), (0.71875, 0.225), (0.71875, 0.2), (0.71875, 0.225), (0.71875, 0.2), (0.71875, 0.225), (0.71875, 0.175), (0.71875, 0.175), (0.71875, 0.225), (0.71875, 0.175), (0.71875, 0.225), (0.71875, 0.175), (0.71875, 0.225), (0.71875, 0.175), (0.71875, 0.225), (0.71875, 0.175), (0.71875, 0.225), (0.71875, 0.175), (0.71875, 0.225), (0.71875, 0.175), (0.71875, 0.225), (0.71875, 0.175), (0.71875, 0.175), (0.71875, 0.225), (0.71875, 0.2), (0.71875, 0.15), (0.71875, 0.15), (0.71875, 0.15), (0.71875, 0.15), (0.71875, 0.15), (0.71875, 0.15), (0.71875, 0.15), (0.71875, 0.15), (0.71875, 0.15), (0.71875, 0.15), (0.71875, 0.15), (0.71875, 0.15), (0.71875, 0.15), (0.71875, 0.125), (0.71875, 0.15), (0.71875, 0.125), (0.71875, 0.15), (0.71875, 0.125), (0.71875, 0.15), (0.71875, 0.162609), (0.71875, 0.175), (0.71875, 0.15), (0.71875, 0.162609), (0.71875, 0.15), (0.71875, 0.175), (0.71875, 0.162609), (0.71875, 0.175), (0.71875, 0.15), (0.71875, 0.13739), (0.71875, 0.162609), (0.71875, 0.162609), (0.71875, 0.175), (0.71875, 0.162609), (0.71875, 0.125), (0.71875, 0.13739), (0.71875, 0.15), (0.71875, 0.13739), (0.71875, 0.175), (0.71875, 0.162609), (0.71875, 0.13739), (0.71875, 0.125), (0.71875, 0.13739), (0.71875, 0.13739), (0.71875, 0.125), (0.71875, 0.175), (0.71875, 0.125), (0.71875, 0.13739), (0.71875, 0.125), (0.71875, 0.025), (0.71875, 0.225), (0.71875, 0.225), (0.71875, 0.225), (0.71875, 0.025), (0.71875, 0.025), (0.71875, 0.025), (0.71875, 0.225), (0.71875, 0.225), (0.71875, 0.225), (0.71875, 0.025), (0.71875, 0.025), (0.71875, 0.025), (0.71875, 0.225), (0.71875, 0.025), (0.71875, 0.225), (0.71875, 0.025), (0.71875, 0.225), (0.71875, 0.225), (0.71875, 0.025), (0.71875, 0.225), (0.71875, 0.025), (0.71875, 0.225), (0.71875, 0.025), (0.71875, 0.025), (0.71875, 0.225), (0.71875, 0.025), (0.71875, 0.225), (0.71875, 0.025), (0.71875, 0.225), (0.71875, 0.225), (0.71875, 0.025), (0.71875, 0.225), (0.71875, 0.025), (0.71875, 0.225), (0.71875, 0.025), (0.71875, 0.025), (0.71875, 0.225), (0.71875, 0.225), (0.71875, 0.225), (0.71875, 0.025), (0.71875, 0.025), (0.71875, 0.025), (0.71875, 0.225), (0.71875, 0.225), (0.71875, 0.225), (0.71875, 0.025), (0.71875, 0.025), (0.71875, 0.025), (0.71875, 0.225), (0.71875, 0.225), (0.71875, 0.225), (0.71875, 0.025), (0.71875, 0.025), (0.71875, 0.025), (0.71875, 0.225), (0.71875, 0.225), (0.71875, 0.225), (0.71875, 0.025), (0.71875, 0.025), (0.71875, 0.025), (0.71875, 0.225), (0.71875, 0.025), (0.71875, 0.225), (0.71875, 0.025), (0.71875, 0.225), (0.71875, 0.225), (0.71875, 0.025), (0.71875, 0.225), (0.71875, 0.025), (0.71875, 0.225), (0.71875, 0.025), (0.71875, 0.025), (0.71875, 0.225), (0.71875, 0.025), (0.71875, 0.225), (0.71875, 0.025), (0.71875, 0.225), (0.71875, 0.225), (0.71875, 0.025), (0.71875, 0.225), (0.71875, 0.025), (0.71875, 0.225), (0.71875, 0.025), (0.71875, 0.025), (0.71875, 0.225), (0.71875, 0.225), (0.71875, 0.225), (0.71875, 0.025), (0.71875, 0.025), (0.71875, 0.025), (0.71875, 0.225), (0.71875, 0.225), (0.71875, 0.225), (0.71875, 0.025), (0.71875, 0.025), (0.71875, 0.2), (0.71875, 0.225), (0.71875, 0.2), (0.71875, 0.225), (0.71875, 0.2), (0.71875, 0.225), (0.71875, 0.2), (0.71875, 0.175), (0.71875, 0.175), (0.71875, 0.175), (0.71875, 0.2), (0.71875, 0.2), (0.71875, 0.2), (0.71875, 0.175), (0.71875, 0.175), (0.71875, 0.175), (0.71875, 0.2), (0.71875, 0.2), (0.71875, 0.175), (0.71875, 0.15), (0.71875, 0.15), (0.71875, 0.15), (0.71875, 0.175), (0.71875, 0.162609), (0.71875, 0.162609), (0.71875, 0.175), (0.71875, 0.162609), (0.71875, 0.175), (0.71875, 0.162609), (0.71875, 0.175), (0.71875, 0.175), (0.71875, 0.13739), (0.71875, 0.162609), (0.71875, 0.125), (0.71875, 0.13739), (0.71875, 0.175), (0.71875, 0.15), (0.71875, 0.125), (0.71875, 0.125), (0.71875, 0.13739), (0.71875, 0.15), (0.71875, 0.162609), (0.71875, 0.13739), (0.71875, 0.125), (0.71875, 0.13739), (0.71875, 0.125), (0.71875, 0.15), (0.71875, 0.13739), (0.71875, 0.225), (0.71875, 0.2), (0.71875, 0.2), (0.71875, 0.2), (0.71875, 0.225), (0.71875, 0.225), (0.71875, 0.15), (0.71875, 0.175), (0.71875, 0.175), (0.71875, 0.175), (0.71875, 0.15), (0.71875, 0.15), (0.71875, 0.15), (0.71875, 0.175), (0.71875, 0.15), (0.71875, 0.175), (0.71875, 0.15), (0.71875, 0.175), (0.71875, 0.15), (0.71875, 0.175), (0.71875, 0.175), (0.71875, 0.175), (0.71875, 0.15), (0.71875, 0.15), (0.71875, 0.15), (0.71875, 0.15), (0.71875, 0.15), (0.71875, 0.15), (0.71875, 0.15), (0.71875, 0.15), (0.71875, 0.15), (0.71875, 0.15), (0.71875, 0.15), (0.71875, 0.15), (0.71875, 0.15), (0.71875, 0.15), (0.71875, 0.125), (0.71875, 0.15), (0.71875, 0.125), (0.71875, 0.15), (0.71875, 0.125), (0.71875, 0.15), (0.71875, 0.2), (0.71875, 0.225), (0.71875, 0.2), (0.71875, 0.225), (0.71875, 0.2), (0.71875, 0.225), (0.71875, 0.175), (0.71875, 0.2), (0.71875, 0.175), (0.71875, 0.2), (0.71875, 0.175), (0.71875, 0.2), (0.71875, 0.2), (0.71875, 0.2), (0.71875, 0.2), (0.71875, 0.2), (0.71875, 0.2), (0.71875, 0.2), (0.71875, 0.2), (0.71875, 0.2), (0.71875, 0.2), (0.71875, 0.2), (0.71875, 0.2), (0.71875, 0.2), (0.71875, 0.2), (0.71875, 0.2), (0.71875, 0.2), (0.71875, 0.2), (0.71875, 0.2), (0.71875, 0.2), (0.71875, 0.13739), (0.71875, 0.175), (0.71875, 0.162609), (0.71875, 0.162609), (0.71875, 0.175), (0.71875, 0.162609), (0.71875, 0.13739), (0.71875, 0.125), (0.71875, 0.175), (0.71875, 0.125), (0.71875, 0.13739), (0.71875, 0.125), (0.71875, 0.13739), (0.71875, 0.125), (0.71875, 0.13739), (0.71875, 0.125), (0.71875, 0.13739), (0.71875, 0.15), (0.71875, 0.15), (0.71875, 0.13739), (0.71875, 0.162609), (0.71875, 0.175), (0.71875, 0.162609), (0.71875, 0.175), (0.71875, 0.15), (0.71875, 0.162609), (0.71875, 0.15), (0.71875, 0.15), (0.71875, 0.162609), (0.71875, 0.175), (0.71875, 0.025), (0.71875, 0.225), (0.71875, 0.225), (0.71875, 0.225), (0.71875, 0.025), (0.71875, 0.025), (0.71875, 0.025), (0.71875, 0.225), (0.71875, 0.225), (0.71875, 0.225), (0.71875, 0.025), (0.71875, 0.025), (0.71875, 0.025), (0.71875, 0.225), (0.71875, 0.025), (0.71875, 0.225), (0.71875, 0.025), (0.71875, 0.225), (0.71875, 0.225), (0.71875, 0.025), (0.71875, 0.225), (0.71875, 0.025), (0.71875, 0.225), (0.71875, 0.025), (0.71875, 0.025), (0.71875, 0.225), (0.71875, 0.025), (0.71875, 0.225), (0.71875, 0.025), (0.71875, 0.225), (0.71875, 0.225), (0.71875, 0.025), (0.71875, 0.225), (0.71875, 0.025), (0.71875, 0.225), (0.71875, 0.025), (0.71875, 0.025), (0.71875, 0.225), (0.71875, 0.225), (0.71875, 0.225), (0.71875, 0.025), (0.71875, 0.025), (0.71875, 0.025), (0.71875, 0.225), (0.71875, 0.225), (0.71875, 0.225), (0.71875, 0.025), (0.71875, 0.025), (0.71875, 0.025), (0.71875, 0.225), (0.71875, 0.225), (0.71875, 0.225), (0.71875, 0.025), (0.71875, 0.025), (0.71875, 0.025), (0.71875, 0.225), (0.71875, 0.225), (0.71875, 0.225), (0.71875, 0.025), (0.71875, 0.025), (0.71875, 0.025), (0.71875, 0.225), (0.71875, 0.025), (0.71875, 0.225), (0.71875, 0.025), (0.71875, 0.225), (0.71875, 0.225), (0.71875, 0.025), (0.71875, 0.225), (0.71875, 0.025), (0.71875, 0.225), (0.71875, 0.025), (0.71875, 0.025), (0.71875, 0.225), (0.71875, 0.025), (0.71875, 0.225), (0.71875, 0.025), (0.71875, 0.225), (0.71875, 0.225), (0.71875, 0.025), (0.71875, 0.225), (0.71875, 0.025), (0.71875, 0.225), (0.71875, 0.025), (0.71875, 0.025), (0.71875, 0.225), (0.71875, 0.225), (0.71875, 0.225), (0.71875, 0.025), (0.71875, 0.025), (0.71875, 0.025), (0.71875, 0.225), (0.71875, 0.225), (0.71875, 0.225), (0.71875, 0.025), (0.71875, 0.025), (0.71875, 0.025), (0.71875, 0.225), (0.71875, 0.225), (0.71875, 0.225), (0.71875, 0.025), (0.71875, 0.025), (0.71875, 0.025), (0.71875, 0.225), (0.71875, 0.225), (0.71875, 0.225), (0.71875, 0.025), (0.71875, 0.025), (0.71875, 0.025), (0.71875, 0.225), (0.71875, 0.025), (0.71875, 0.225), (0.71875, 0.025), (0.71875, 0.225), (0.71875, 0.225), (0.71875, 0.025), (0.71875, 0.225), (0.71875, 0.025), (0.71875, 0.225), (0.71875, 0.025), (0.71875, 0.025), (0.71875, 0.225), (0.71875, 0.025), (0.71875, 0.225), (0.71875, 0.025), (0.71875, 0.225), (0.71875, 0.225), (0.71875, 0.025), (0.71875, 0.225), (0.71875, 0.025), (0.71875, 0.225), (0.71875, 0.025), (0.71875, 0.025), (0.71875, 0.225), (0.71875, 0.225), (0.71875, 0.225), (0.71875, 0.025), (0.71875, 0.025), (0.71875, 0.025), (0.71875, 0.225), (0.71875, 0.225), (0.71875, 0.225), (0.71875, 0.025), (0.71875, 0.025), (0.71875, 0.025), (0.71875, 0.225), (0.71875, 0.225), (0.71875, 0.225), (0.71875, 0.025), (0.71875, 0.025), (0.71875, 0.025), (0.71875, 0.225), (0.71875, 0.225), (0.71875, 0.225), (0.71875, 0.025), (0.71875, 0.025), (0.71875, 0.025), (0.71875, 0.225), (0.71875, 0.025), (0.71875, 0.225), (0.71875, 0.025), (0.71875, 0.225), (0.71875, 0.225), (0.71875, 0.025), (0.71875, 0.225), (0.71875, 0.025), (0.71875, 0.225), (0.71875, 0.025), (0.71875, 0.025), (0.71875, 0.225), (0.71875, 0.025), (0.71875, 0.225), (0.71875, 0.025), (0.71875, 0.225), (0.71875, 0.225), (0.71875, 0.025), (0.71875, 0.225), (0.71875, 0.025), (0.71875, 0.225), (0.71875, 0.025), (0.71875, 0.025), (0.71875, 0.225), (0.71875, 0.225), (0.71875, 0.225), (0.71875, 0.025), (0.71875, 0.025), (0.71875, 0.025), (0.71875, 0.225), (0.71875, 0.225), (0.71875, 0.225), (0.71875, 0.025), (0.71875, 0.025), (0.71875, 0.225), (0.71875, 0.2), (0.71875, 0.2), (0.71875, 0.2), (0.71875, 0.225), (0.71875, 0.225), (0.71875, 0.225), (0.71875, 0.2), (0.71875, 0.2), (0.71875, 0.2), (0.71875, 0.225), (0.71875, 0.225), (0.71875, 0.2), (0.71875, 0.175), (0.71875, 0.175), (0.71875, 0.175), (0.71875, 0.2), (0.71875, 0.2), (0.71875, 0.2), (0.71875, 0.2), (0.71875, 0.2), (0.71875, 0.2), (0.71875, 0.2), (0.71875, 0.2), (0.71875, 0.2), (0.71875, 0.2), (0.71875, 0.2), (0.71875, 0.2), (0.71875, 0.2), (0.71875, 0.2), (0.71875, 0.2), (0.71875, 0.175), (0.71875, 0.175), (0.71875, 0.175), (0.71875, 0.2), (0.71875, 0.2), (0.71875, 0.13739), (0.71875, 0.175), (0.71875, 0.162609), (0.71875, 0.162609), (0.71875, 0.175), (0.71875, 0.162609), (0.71875, 0.13739), (0.71875, 0.125), (0.71875, 0.175), (0.71875, 0.125), (0.71875, 0.13739), (0.71875, 0.125), (0.71875, 0.13739), (0.71875, 0.125), (0.71875, 0.13739), (0.71875, 0.13739), (0.71875, 0.13739), (0.71875, 0.13739), (0.71875, 0.125), (0.71875, 0.13739), (0.71875, 0.175), (0.71875, 0.175), (0.71875, 0.13739), (0.71875, 0.162609), (0.71875, 0.13739), (0.71875, 0.13739), (0.71875, 0.13739), (0.71875, 0.175), (0.71875, 0.162609), (0.71875, 0.162609), (0.71875, 0.175), (0.71875, 0.162609), (0.71875, 0.175), (0.71875, 0.162609), (0.71875, 0.162609), (0.71875, 0.162609), (0.71875, 0.162609), (0.71875, 0.175), (0.71875, 0.162609), (0.71875, 0.162609), (0.71875, 0.175), (0.71875, 0.162609), (0.71875, 0.162609), (0.71875, 0.13739), (0.71875, 0.162609), (0.71875, 0.13739), (0.71875, 0.13739), (0.71875, 0.162609), (0.71875, 0.13739), (0.71875, 0.162609), (0.71875, 0.162609), (0.71875, 0.13739), (0.71875, 0.13739), (0.71875, 0.162609), (0.71875, 0.13739), (0.71875, 0.13739), (0.71875, 0.13739), (0.71875, 0.13739), (0.71875, 0.13739), (0.71875, 0.13739), (0.71875, 0.13739), (0.71875, 0.175), (0.71875, 0.162609), (0.71875, 0.162609), (0.71875, 0.175), (0.71875, 0.162609), (0.71875, 0.13739), (0.71875, 0.125), (0.71875, 0.175), (0.71875, 0.125), (0.71875, 0.13739), (0.71875, 0.125), (0.71875, 0.13739), (0.71875, 0.125), (0.71875, 0.13739), (0.71875, 0.13739), (0.71875, 0.13739), (0.71875, 0.13739), (0.71875, 0.125), (0.71875, 0.13739), (0.71875, 0.175), (0.71875, 0.175), (0.71875, 0.13739), (0.71875, 0.162609), (0.71875, 0.13739), (0.71875, 0.13739), (0.71875, 0.13739), (0.71875, 0.175), (0.71875, 0.162609), (0.71875, 0.162609), (0.71875, 0.175), (0.71875, 0.162609), (0.71875, 0.175), (0.71875, 0.162609), (0.71875, 0.162609), (0.71875, 0.162609), (0.71875, 0.162609), (0.71875, 0.175), (0.71875, 0.162609), (0.71875, 0.162609), (0.71875, 0.175), (0.71875, 0.162609), (0.71875, 0.162609), (0.71875, 0.13739), (0.71875, 0.162609), (0.71875, 0.13739), (0.71875, 0.13739), (0.71875, 0.162609), (0.71875, 0.13739), (0.71875, 0.162609), (0.71875, 0.162609), (0.71875, 0.13739), (0.71875, 0.13739), (0.71875, 0.162609), (0.71875, 0.13739), (0.71875, 0.13739), (0.71875, 0.13739), (0.71875, 0.13739), (0.71875, 0.13739), (0.71875, 0.13739), (0.71875, 0.025), (0.71875, 0.225), (0.71875, 0.225), (0.71875, 0.225), (0.71875, 0.025), (0.71875, 0.025), (0.71875, 0.025), (0.71875, 0.225), (0.71875, 0.225), (0.71875, 0.225), (0.71875, 0.025), (0.71875, 0.025), (0.71875, 0.025), (0.71875, 0.225), (0.71875, 0.025), (0.71875, 0.225), (0.71875, 0.025), (0.71875, 0.225), (0.71875, 0.225), (0.71875, 0.025), (0.71875, 0.225), (0.71875, 0.025), (0.71875, 0.225), (0.71875, 0.025), (0.71875, 0.025), (0.71875, 0.225), (0.71875, 0.025), (0.71875, 0.225), (0.71875, 0.025), (0.71875, 0.225), (0.71875, 0.225), (0.71875, 0.025), (0.71875, 0.225), (0.71875, 0.025), (0.71875, 0.225), (0.71875, 0.025), (0.71875, 0.025), (0.71875, 0.225), (0.71875, 0.225), (0.71875, 0.225), (0.71875, 0.025), (0.71875, 0.025), (0.71875, 0.025), (0.71875, 0.225), (0.71875, 0.225), (0.71875, 0.225), (0.71875, 0.025), (0.71875, 0.025), (0.71875, 0.225), (0.71875, 0.025), (0.71875, 0.225), (0.71875, 0.025), (0.71875, 0.225), (0.71875, 0.025), (0.71875, 0.025), (0.71875, 0.225), (0.71875, 0.225), (0.71875, 0.225), (0.71875, 0.025), (0.71875, 0.025), (0.71875, 0.025), (0.71875, 0.225), (0.71875, 0.225), (0.71875, 0.225), (0.71875, 0.025), (0.71875, 0.025), (0.71875, 0.225), (0.71875, 0.025), (0.71875, 0.225), (0.71875, 0.025), (0.71875, 0.225), (0.71875, 0.025), (0.71875, 0.025), (0.71875, 0.225), (0.71875, 0.225), (0.71875, 0.225), (0.71875, 0.025), (0.71875, 0.025), (0.71875, 0.025), (0.71875, 0.225), (0.71875, 0.025), (0.71875, 0.225), (0.71875, 0.025), (0.71875, 0.225), (0.71875, 0.025), (0.71875, 0.225), (0.71875, 0.225), (0.71875, 0.225), (0.71875, 0.025), (0.71875, 0.025), (0.71875, 0.025), (0.71875, 0.225), (0.71875, 0.025), (0.71875, 0.225), (0.71875, 0.025), (0.71875, 0.225), (0.46875, 0.225), (0.46875, 0.025), (0.46875, 0.025), (0.46875, 0.225), (0.46875, 0.025), (0.46875, 0.225), (0.46875, 0.225), (0.46875, 0.025), (0.46875, 0.025), (0.46875, 0.225), (0.46875, 0.025), (0.46875, 0.225), (0.46875, 0.225), (0.46875, 0.025), (0.46875, 0.025), (0.46875, 0.025), (0.46875, 0.225), (0.46875, 0.225), (0.46875, 0.225), (0.46875, 0.025), (0.46875, 0.025), (0.46875, 0.025), (0.46875, 0.225), (0.46875, 0.225), (0.46875, 0.225), (0.46875, 0.125), (0.46875, 0.125), (0.46875, 0.125), (0.46875, 0.225), (0.46875, 0.225), (0.46875, 0.225), (0.46875, 0.025), (0.46875, 0.025), (0.46875, 0.025), (0.46875, 0.225), (0.46875, 0.225), (0.46875, 0.225), (0.46875, 0.025), (0.46875, 0.025), (0.46875, 0.025), (0.46875, 0.225), (0.46875, 0.225), (0.46875, 0.225), (0.46875, 0.025), (0.46875, 0.025), (0.46875, 0.025), (0.46875, 0.225), (0.46875, 0.225), (0.46875, 0.225), (0.46875, 0.025), (0.46875, 0.025), (0.46875, 0.025), (0.46875, 0.225), (0.46875, 0.225), (0.46875, 0.225), (0.46875, 0.025), (0.46875, 0.225), (0.46875, 0.025), (0.46875, 0.225), (0.46875, 0.025), (0.46875, 0.225), (0.46875, 0.025), (0.46875, 0.025), (0.46875, 0.025), (0.46875, 0.225), (0.46875, 0.125), (0.46875, 0.125), (0.46875, 0.225), (0.46875, 0.225), (0.46875, 0.225), (0.46875, 0.125), (0.46875, 0.225), (0.46875, 0.125), (0.46875, 0.225), (0.46875, 0.125), (0.46875, 0.225), (0.46875, 0.225), (0.46875, 0.225), (0.46875, 0.225), (0.46875, 0.225), (0.46875, 0.225), (0.46875, 0.025), (0.46875, 0.125), (0.46875, 0.025), (0.46875, 0.125), (0.46875, 0.025), (0.46875, 0.125), (0.46875, 0.125), (0.46875, 0.025), (0.46875, 0.025), (0.46875, 0.025), (0.46875, 0.125), (0.46875, 0.225), (0.46875, 0.225), (0.46875, 0.125), (0.46875, 0.225), (0.46875, 0.225), (0.46875, 0.025), (0.46875, 0.225), (0.46875, 0.025), (0.46875, 0.225), (0.46875, 0.025), (0.46875, 0.025), (0.46875, 0.225), (0.46875, 0.025), (0.46875, 0.225), (0.46875, 0.025), (0.46875, 0.225), (0.46875, 0.025), (0.46875, 0.075), (0.46875, 0.025), (0.46875, 0.075), (0.46875, 0.025), (0.46875, 0.075), (0.46875, 0.175), (0.46875, 0.225), (0.46875, 0.225), (0.46875, 0.225), (0.46875, 0.175), (0.46875, 0.175), (0.46875, 0.075), (0.46875, 0.025), (0.46875, 0.075), (0.46875, 0.025), (0.46875, 0.075), (0.46875, 0.025), (0.46875, 0.175), (0.46875, 0.075), (0.46875, 0.075), (0.46875, 0.075), (0.46875, 0.175), (0.46875, 0.175), (0.46875, 0.225), (0.46875, 0.175), (0.46875, 0.175), (0.46875, 0.175), (0.46875, 0.225), (0.46875, 0.225), (0.46875, 0.175), (0.46875, 0.075), (0.46875, 0.075), (0.46875, 0.075), (0.46875, 0.175), (0.46875, 0.175), (0.46875, 0.025), (0.46875, 0.0933255), (0.46875, 0.075), (0.46875, 0.075), (0.46875, 0.0933255), (0.46875, 0.175), (0.46875, 0.025), (0.46875, 0.0616509), (0.46875, 0.0933255), (0.46875, 0.156674), (0.46875, 0.175), (0.46875, 0.0933255), (0.46875, 0.025), (0.46875, 0.0933255), (0.46875, 0.0616509), (0.46875, 0.188349), (0.46875, 0.175), (0.46875, 0.156674), (0.46875, 0.075), (0.46875, 0.0933255), (0.46875, 0.025), (0.46875, 0.188349), (0.46875, 0.225), (0.46875, 0.175), (0.46875, 0.0933255), (0.46875, 0.075), (0.46875, 0.156674), (0.46875, 0.156674), (0.46875, 0.225), (0.46875, 0.188349), (0.46875, 0.175), (0.46875, 0.156674), (0.46875, 0.075), (0.46875, 0.156674), (0.46875, 0.175), (0.46875, 0.225), (0.46875, 0.075), (0.46875, 0.025), (0.46875, 0.075), (0.46875, 0.025), (0.46875, 0.075), (0.46875, 0.025), (0.46875, 0.175), (0.46875, 0.225), (0.46875, 0.225), (0.46875, 0.225), (0.46875, 0.175), (0.46875, 0.175), (0.46875, 0.175), (0.46875, 0.075), (0.46875, 0.075), (0.46875, 0.075), (0.46875, 0.175), (0.46875, 0.175), (0.46875, 0.225), (0.46875, 0.175), (0.46875, 0.175), (0.46875, 0.175), (0.46875, 0.225), (0.46875, 0.225), (0.46875, 0.175), (0.46875, 0.075), (0.46875, 0.075), (0.46875, 0.075), (0.46875, 0.175), (0.46875, 0.175), (0.46875, 0.025), (0.46875, 0.075), (0.46875, 0.025), (0.46875, 0.075), (0.46875, 0.025), (0.46875, 0.075), (0.46875, 0.025), (0.46875, 0.0933255), (0.46875, 0.075), (0.46875, 0.075), (0.46875, 0.0933255), (0.46875, 0.175), (0.46875, 0.025), (0.46875, 0.0616509), (0.46875, 0.0933255), (0.46875, 0.156674), (0.46875, 0.175), (0.46875, 0.0933255), (0.46875, 0.025), (0.46875, 0.0933255), (0.46875, 0.0616509), (0.46875, 0.188349), (0.46875, 0.175), (0.46875, 0.156674), (0.46875, 0.075), (0.46875, 0.0933255), (0.46875, 0.025), (0.46875, 0.188349), (0.46875, 0.225), (0.46875, 0.175), (0.46875, 0.0933255), (0.46875, 0.075), (0.46875, 0.156674), (0.46875, 0.156674), (0.46875, 0.225), (0.46875, 0.188349), (0.46875, 0.175), (0.46875, 0.156674), (0.46875, 0.075), (0.46875, 0.156674), (0.46875, 0.175), (0.46875, 0.225), (0.46875, 0.225), (0.46875, 0.175), (0.46875, 0.175), (0.46875, 0.175), (0.46875, 0.225), (0.46875, 0.225), (0.46875, 0.175), (0.46875, 0.075), (0.46875, 0.075), (0.46875, 0.075), (0.46875, 0.175), (0.46875, 0.175), (0.46875, 0.025), (0.46875, 0.075), (0.46875, 0.025), (0.46875, 0.075), (0.46875, 0.025), (0.46875, 0.075), (0.46875, 0.175), (0.46875, 0.075), (0.46875, 0.075), (0.46875, 0.075), (0.46875, 0.175), (0.46875, 0.175), (0.46875, 0.175), (0.46875, 0.225), (0.46875, 0.225), (0.46875, 0.225), (0.46875, 0.175), (0.46875, 0.175), (0.46875, 0.075), (0.46875, 0.025), (0.46875, 0.075), (0.46875, 0.025), (0.46875, 0.075), (0.46875, 0.025), (0.46875, 0.225), (0.46875, 0.156674), (0.46875, 0.175), (0.46875, 0.175), (0.46875, 0.156674), (0.46875, 0.075), (0.46875, 0.225), (0.46875, 0.188349), (0.46875, 0.156674), (0.46875, 0.0933255), (0.46875, 0.075), (0.46875, 0.156674), (0.46875, 0.225), (0.46875, 0.156674), (0.46875, 0.188349), (0.46875, 0.0616509), (0.46875, 0.075), (0.46875, 0.0933255), (0.46875, 0.175), (0.46875, 0.156674), (0.46875, 0.225), (0.46875, 0.0616509), (0.46875, 0.025), (0.46875, 0.075), (0.46875, 0.156674), (0.46875, 0.175), (0.46875, 0.0933255), (0.46875, 0.0933255), (0.46875, 0.025), (0.46875, 0.0616509), (0.46875, 0.075), (0.46875, 0.0933255), (0.46875, 0.175), (0.46875, 0.0933255), (0.46875, 0.075), (0.46875, 0.025), (0.46875, 0.025), (0.46875, 0.075), (0.46875, 0.025), (0.46875, 0.075), (0.46875, 0.025), (0.46875, 0.075), (0.46875, 0.175), (0.46875, 0.225), (0.46875, 0.225), (0.46875, 0.225), (0.46875, 0.175), (0.46875, 0.175), (0.46875, 0.175), (0.46875, 0.075), (0.46875, 0.075), (0.46875, 0.075), (0.46875, 0.175), (0.46875, 0.175), (0.46875, 0.225), (0.46875, 0.175), (0.46875, 0.175), (0.46875, 0.175), (0.46875, 0.225), (0.46875, 0.225), (0.46875, 0.075), (0.46875, 0.025), (0.46875, 0.075), (0.46875, 0.025), (0.46875, 0.075), (0.46875, 0.025), (0.46875, 0.175), (0.46875, 0.075), (0.46875, 0.075), (0.46875, 0.075), (0.46875, 0.175), (0.46875, 0.175), (0.46875, 0.225), (0.46875, 0.156674), (0.46875, 0.175), (0.46875, 0.175), (0.46875, 0.156674), (0.46875, 0.075), (0.46875, 0.225), (0.46875, 0.188349), (0.46875, 0.156674), (0.46875, 0.0933255), (0.46875, 0.075), (0.46875, 0.156674), (0.46875, 0.225), (0.46875, 0.156674), (0.46875, 0.188349), (0.46875, 0.0616509), (0.46875, 0.075), (0.46875, 0.0933255), (0.46875, 0.175), (0.46875, 0.156674), (0.46875, 0.225), (0.46875, 0.0616509), (0.46875, 0.025), (0.46875, 0.075), (0.46875, 0.156674), (0.46875, 0.175), (0.46875, 0.0933255), (0.46875, 0.0933255), (0.46875, 0.025), (0.46875, 0.0616509), (0.46875, 0.075), (0.46875, 0.0933255), (0.46875, 0.175), (0.46875, 0.0933255), (0.46875, 0.075), (0.46875, 0.025), (0.46875, 0.025), (0.46875, 0.075), (0.46875, 0.025), (0.46875, 0.075), (0.46875, 0.025), (0.46875, 0.075), (0.46875, 0.175), (0.46875, 0.225), (0.46875, 0.225), (0.46875, 0.225), (0.46875, 0.175), (0.46875, 0.175), (0.46875, 0.075), (0.46875, 0.025), (0.46875, 0.075), (0.46875, 0.025), (0.46875, 0.075), (0.46875, 0.025), (0.46875, 0.175), (0.46875, 0.075), (0.46875, 0.075), (0.46875, 0.075), (0.46875, 0.175), (0.46875, 0.175), (0.46875, 0.225), (0.46875, 0.175), (0.46875, 0.175), (0.46875, 0.175), (0.46875, 0.225), (0.46875, 0.225), (0.46875, 0.175), (0.46875, 0.075), (0.46875, 0.075), (0.46875, 0.075), (0.46875, 0.175), (0.46875, 0.175), (0.46875, 0.025), (0.46875, 0.0933255), (0.46875, 0.075), (0.46875, 0.075), (0.46875, 0.0933255), (0.46875, 0.175), (0.46875, 0.025), (0.46875, 0.0616509), (0.46875, 0.0933255), (0.46875, 0.156674), (0.46875, 0.175), (0.46875, 0.0933255), (0.46875, 0.025), (0.46875, 0.0933255), (0.46875, 0.0616509), (0.46875, 0.188349), (0.46875, 0.175), (0.46875, 0.156674), (0.46875, 0.075), (0.46875, 0.0933255), (0.46875, 0.025), (0.46875, 0.188349), (0.46875, 0.225), (0.46875, 0.175), (0.46875, 0.0933255), (0.46875, 0.075), (0.46875, 0.156674), (0.46875, 0.156674), (0.46875, 0.225), (0.46875, 0.188349), (0.46875, 0.175), (0.46875, 0.156674), (0.46875, 0.075), (0.46875, 0.156674), (0.46875, 0.175), (0.46875, 0.225), (0.46875, 0.225), (0.46875, 0.175), (0.46875, 0.175), (0.46875, 0.175), (0.46875, 0.225), (0.46875, 0.225), (0.46875, 0.175), (0.46875, 0.075), (0.46875, 0.075), (0.46875, 0.075), (0.46875, 0.175), (0.46875, 0.175), (0.46875, 0.025), (0.46875, 0.075), (0.46875, 0.025), (0.46875, 0.075), (0.46875, 0.025), (0.46875, 0.075), (0.46875, 0.175), (0.46875, 0.075), (0.46875, 0.075), (0.46875, 0.075), (0.46875, 0.175), (0.46875, 0.175), (0.46875, 0.175), (0.46875, 0.225), (0.46875, 0.225), (0.46875, 0.225), (0.46875, 0.175), (0.46875, 0.175), (0.46875, 0.075), (0.46875, 0.025), (0.46875, 0.075), (0.46875, 0.025), (0.46875, 0.075), (0.46875, 0.025), (0.46875, 0.225), (0.46875, 0.156674), (0.46875, 0.175), (0.46875, 0.175), (0.46875, 0.156674), (0.46875, 0.075), (0.46875, 0.225), (0.46875, 0.188349), (0.46875, 0.156674), (0.46875, 0.0933255), (0.46875, 0.075), (0.46875, 0.156674), (0.46875, 0.225), (0.46875, 0.156674), (0.46875, 0.188349), (0.46875, 0.0616509), (0.46875, 0.075), (0.46875, 0.0933255), (0.46875, 0.175), (0.46875, 0.156674), (0.46875, 0.225), (0.46875, 0.0616509), (0.46875, 0.025), (0.46875, 0.075), (0.46875, 0.156674), (0.46875, 0.175), (0.46875, 0.0933255), (0.46875, 0.0933255), (0.46875, 0.025), (0.46875, 0.0616509), (0.46875, 0.075), (0.46875, 0.0933255), (0.46875, 0.175), (0.46875, 0.0933255), (0.46875, 0.075), (0.46875, 0.025), (0.46875, 0.225), (0.46875, 0.025), (0.46875, 0.225), (0.46875, 0.025), (0.46875, 0.225), (0.46875, 0.025), (0.46875, 0.025), (0.46875, 0.225), (0.46875, 0.025), (0.46875, 0.225), (0.46875, 0.025), (0.46875, 0.225), (0.46875, 0.025), (0.46875, 0.075), (0.46875, 0.025), (0.46875, 0.075), (0.46875, 0.025), (0.46875, 0.075), (0.46875, 0.175), (0.46875, 0.225), (0.46875, 0.225), (0.46875, 0.225), (0.46875, 0.175), (0.46875, 0.175), (0.46875, 0.175), (0.46875, 0.075), (0.46875, 0.075), (0.46875, 0.075), (0.46875, 0.175), (0.46875, 0.175), (0.46875, 0.225), (0.46875, 0.175), (0.46875, 0.175), (0.46875, 0.175), (0.46875, 0.225), (0.46875, 0.225), (0.46875, 0.075), (0.46875, 0.025), (0.46875, 0.075), (0.46875, 0.025), (0.46875, 0.075), (0.46875, 0.025), (0.46875, 0.175), (0.46875, 0.075), (0.46875, 0.075), (0.46875, 0.075), (0.46875, 0.175), (0.46875, 0.175), (0.46875, 0.225), (0.46875, 0.156674), (0.46875, 0.175), (0.46875, 0.175), (0.46875, 0.156674), (0.46875, 0.075), (0.46875, 0.225), (0.46875, 0.188349), (0.46875, 0.156674), (0.46875, 0.0933255), (0.46875, 0.075), (0.46875, 0.156674), (0.46875, 0.225), (0.46875, 0.156674), (0.46875, 0.188349), (0.46875, 0.0616509), (0.46875, 0.075), (0.46875, 0.0933255), (0.46875, 0.175), (0.46875, 0.156674), (0.46875, 0.225), (0.46875, 0.0616509), (0.46875, 0.025), (0.46875, 0.075), (0.46875, 0.156674), (0.46875, 0.175), (0.46875, 0.0933255), (0.46875, 0.0933255), (0.46875, 0.025), (0.46875, 0.0616509), (0.46875, 0.075), (0.46875, 0.0933255), (0.46875, 0.175), (0.46875, 0.0933255), (0.46875, 0.075), (0.46875, 0.025), (0.46875, 0.075), (0.46875, 0.025), (0.46875, 0.075), (0.46875, 0.025), (0.46875, 0.075), (0.46875, 0.025), (0.46875, 0.175), (0.46875, 0.225), (0.46875, 0.225), (0.46875, 0.225), (0.46875, 0.175), (0.46875, 0.175), (0.46875, 0.175), (0.46875, 0.075), (0.46875, 0.075), (0.46875, 0.075), (0.46875, 0.175), (0.46875, 0.175), (0.46875, 0.225), (0.46875, 0.175), (0.46875, 0.175), (0.46875, 0.175), (0.46875, 0.225), (0.46875, 0.225), (0.46875, 0.175), (0.46875, 0.075), (0.46875, 0.075), (0.46875, 0.075), (0.46875, 0.175), (0.46875, 0.175), (0.46875, 0.025), (0.46875, 0.075), (0.46875, 0.025), (0.46875, 0.075), (0.46875, 0.025), (0.46875, 0.075), (0.46875, 0.025), (0.46875, 0.0933255), (0.46875, 0.075), (0.46875, 0.075), (0.46875, 0.0933255), (0.46875, 0.175), (0.46875, 0.025), (0.46875, 0.0616509), (0.46875, 0.0933255), (0.46875, 0.156674), (0.46875, 0.175), (0.46875, 0.0933255), (0.46875, 0.025), (0.46875, 0.0933255), (0.46875, 0.0616509), (0.46875, 0.188349), (0.46875, 0.175), (0.46875, 0.156674), (0.46875, 0.075), (0.46875, 0.0933255), (0.46875, 0.025), (0.46875, 0.188349), (0.46875, 0.225), (0.46875, 0.175), (0.46875, 0.0933255), (0.46875, 0.075), (0.46875, 0.156674), (0.46875, 0.156674), (0.46875, 0.225), (0.46875, 0.188349), (0.46875, 0.175), (0.46875, 0.156674), (0.46875, 0.075), (0.46875, 0.156674), (0.46875, 0.175), (0.46875, 0.225), (0.46875, 0.025), (0.46875, 0.075), (0.46875, 0.025), (0.46875, 0.075), (0.46875, 0.025), (0.46875, 0.075), (0.46875, 0.175), (0.46875, 0.225), (0.46875, 0.225), (0.46875, 0.225), (0.46875, 0.175), (0.46875, 0.175), (0.46875, 0.075), (0.46875, 0.025), (0.46875, 0.075), (0.46875, 0.025), (0.46875, 0.075), (0.46875, 0.025), (0.46875, 0.175), (0.46875, 0.075), (0.46875, 0.075), (0.46875, 0.075), (0.46875, 0.175), (0.46875, 0.175), (0.46875, 0.225), (0.46875, 0.175), (0.46875, 0.175), (0.46875, 0.175), (0.46875, 0.225), (0.46875, 0.225), (0.46875, 0.175), (0.46875, 0.075), (0.46875, 0.075), (0.46875, 0.075), (0.46875, 0.175), (0.46875, 0.175), (0.46875, 0.025), (0.46875, 0.0933255), (0.46875, 0.075), (0.46875, 0.075), (0.46875, 0.0933255), (0.46875, 0.175), (0.46875, 0.025), (0.46875, 0.0616509), (0.46875, 0.0933255), (0.46875, 0.156674), (0.46875, 0.175), (0.46875, 0.0933255), (0.46875, 0.025), (0.46875, 0.0933255), (0.46875, 0.0616509), (0.46875, 0.188349), (0.46875, 0.175), (0.46875, 0.156674), (0.46875, 0.075), (0.46875, 0.0933255), (0.46875, 0.025), (0.46875, 0.188349), (0.46875, 0.225), (0.46875, 0.175), (0.46875, 0.0933255), (0.46875, 0.075), (0.46875, 0.156674), (0.46875, 0.156674), (0.46875, 0.225), (0.46875, 0.188349), (0.46875, 0.175), (0.46875, 0.156674), (0.46875, 0.075), (0.46875, 0.156674), (0.46875, 0.175), (0.46875, 0.225), (0.46875, 0.225), (0.46875, 0.025), (0.46875, 0.225), (0.46875, 0.025), (0.46875, 0.225), (0.46875, 0.025), (0.46875, 0.025), (0.46875, 0.225), (0.46875, 0.025), (0.46875, 0.225), (0.46875, 0.025), (0.46875, 0.225), (0.46875, 0.025), (0.46875, 0.075), (0.46875, 0.025), (0.46875, 0.075), (0.46875, 0.025), (0.46875, 0.075), (0.46875, 0.175), (0.46875, 0.225), (0.46875, 0.225), (0.46875, 0.225), (0.46875, 0.175), (0.46875, 0.175), (0.46875, 0.175), (0.46875, 0.075), (0.46875, 0.075), (0.46875, 0.075), (0.46875, 0.175), (0.46875, 0.175), (0.46875, 0.225), (0.46875, 0.175), (0.46875, 0.175), (0.46875, 0.175), (0.46875, 0.225), (0.46875, 0.225), (0.46875, 0.075), (0.46875, 0.025), (0.46875, 0.075), (0.46875, 0.025), (0.46875, 0.075), (0.46875, 0.025), (0.46875, 0.175), (0.46875, 0.075), (0.46875, 0.075), (0.46875, 0.075), (0.46875, 0.175), (0.46875, 0.175), (0.46875, 0.225), (0.46875, 0.156674), (0.46875, 0.175), (0.46875, 0.175), (0.46875, 0.156674), (0.46875, 0.075), (0.46875, 0.225), (0.46875, 0.188349), (0.46875, 0.156674), (0.46875, 0.0933255), (0.46875, 0.075), (0.46875, 0.156674), (0.46875, 0.225), (0.46875, 0.156674), (0.46875, 0.188349), (0.46875, 0.0616509), (0.46875, 0.075), (0.46875, 0.0933255), (0.46875, 0.175), (0.46875, 0.156674), (0.46875, 0.225), (0.46875, 0.0616509), (0.46875, 0.025), (0.46875, 0.075), (0.46875, 0.156674), (0.46875, 0.175), (0.46875, 0.0933255), (0.46875, 0.0933255), (0.46875, 0.025), (0.46875, 0.0616509), (0.46875, 0.075), (0.46875, 0.0933255), (0.46875, 0.175), (0.46875, 0.0933255), (0.46875, 0.075), (0.46875, 0.025), (0.46875, 0.225), (0.46875, 0.175), (0.46875, 0.175), (0.46875, 0.175), (0.46875, 0.225), (0.46875, 0.225), (0.46875, 0.175), (0.46875, 0.075), (0.46875, 0.075), (0.46875, 0.075), (0.46875, 0.175), (0.46875, 0.175), (0.46875, 0.025), (0.46875, 0.075), (0.46875, 0.025), (0.46875, 0.075), (0.46875, 0.025), (0.46875, 0.075), (0.46875, 0.175), (0.46875, 0.075), (0.46875, 0.075), (0.46875, 0.075), (0.46875, 0.175), (0.46875, 0.175), (0.46875, 0.175), (0.46875, 0.225), (0.46875, 0.225), (0.46875, 0.225), (0.46875, 0.175), (0.46875, 0.175), (0.46875, 0.075), (0.46875, 0.025), (0.46875, 0.075), (0.46875, 0.025), (0.46875, 0.075), (0.46875, 0.025), (0.46875, 0.225), (0.46875, 0.156674), (0.46875, 0.175), (0.46875, 0.175), (0.46875, 0.156674), (0.46875, 0.075), (0.46875, 0.225), (0.46875, 0.188349), (0.46875, 0.156674), (0.46875, 0.0933255), (0.46875, 0.075), (0.46875, 0.156674), (0.46875, 0.225), (0.46875, 0.156674), (0.46875, 0.188349), (0.46875, 0.0616509), (0.46875, 0.075), (0.46875, 0.0933255), (0.46875, 0.175), (0.46875, 0.156674), (0.46875, 0.225), (0.46875, 0.0616509), (0.46875, 0.025), (0.46875, 0.075), (0.46875, 0.156674), (0.46875, 0.175), (0.46875, 0.0933255), (0.46875, 0.0933255), (0.46875, 0.025), (0.46875, 0.0616509), (0.46875, 0.075), (0.46875, 0.0933255), (0.46875, 0.175), (0.46875, 0.0933255), (0.46875, 0.075), (0.46875, 0.025), (0.46875, 0.075), (0.46875, 0.025), (0.46875, 0.075), (0.46875, 0.025), (0.46875, 0.075), (0.46875, 0.025), (0.46875, 0.175), (0.46875, 0.225), (0.46875, 0.225), (0.46875, 0.225), (0.46875, 0.175), (0.46875, 0.175), (0.46875, 0.175), (0.46875, 0.075), (0.46875, 0.075), (0.46875, 0.075), (0.46875, 0.175), (0.46875, 0.175), (0.46875, 0.225), (0.46875, 0.175), (0.46875, 0.175), (0.46875, 0.175), (0.46875, 0.225), (0.46875, 0.225), (0.46875, 0.175), (0.46875, 0.075), (0.46875, 0.075), (0.46875, 0.075), (0.46875, 0.175), (0.46875, 0.175), (0.46875, 0.025), (0.46875, 0.075), (0.46875, 0.025), (0.46875, 0.075), (0.46875, 0.025), (0.46875, 0.075), (0.46875, 0.025), (0.46875, 0.0933255), (0.46875, 0.075), (0.46875, 0.075), (0.46875, 0.0933255), (0.46875, 0.175), (0.46875, 0.025), (0.46875, 0.0616509), (0.46875, 0.0933255), (0.46875, 0.156674), (0.46875, 0.175), (0.46875, 0.0933255), (0.46875, 0.025), (0.46875, 0.0933255), (0.46875, 0.0616509), (0.46875, 0.188349), (0.46875, 0.175), (0.46875, 0.156674), (0.46875, 0.075), (0.46875, 0.0933255), (0.46875, 0.025), (0.46875, 0.188349), (0.46875, 0.225), (0.46875, 0.175), (0.46875, 0.0933255), (0.46875, 0.075), (0.46875, 0.156674), (0.46875, 0.156674), (0.46875, 0.225), (0.46875, 0.188349), (0.46875, 0.175), (0.46875, 0.156674), (0.46875, 0.075), (0.46875, 0.156674), (0.46875, 0.175), (0.46875, 0.225), (0.46875, 0.225), (0.46875, 0.175), (0.46875, 0.175), (0.46875, 0.175), (0.46875, 0.225), (0.46875, 0.225), (0.46875, 0.175), (0.46875, 0.075), (0.46875, 0.075), (0.46875, 0.075), (0.46875, 0.175), (0.46875, 0.175), (0.46875, 0.025), (0.46875, 0.075), (0.46875, 0.025), (0.46875, 0.075), (0.46875, 0.025), (0.46875, 0.075), (0.46875, 0.175), (0.46875, 0.075), (0.46875, 0.075), (0.46875, 0.075), (0.46875, 0.175), (0.46875, 0.175), (0.46875, 0.175), (0.46875, 0.225), (0.46875, 0.225), (0.46875, 0.225), (0.46875, 0.175), (0.46875, 0.175), (0.46875, 0.075), (0.46875, 0.025), (0.46875, 0.075), (0.46875, 0.025), (0.46875, 0.075), (0.46875, 0.025), (0.46875, 0.225), (0.46875, 0.156674), (0.46875, 0.175), (0.46875, 0.175), (0.46875, 0.156674), (0.46875, 0.075), (0.46875, 0.225), (0.46875, 0.188349), (0.46875, 0.156674), (0.46875, 0.0933255), (0.46875, 0.075), (0.46875, 0.156674), (0.46875, 0.225), (0.46875, 0.156674), (0.46875, 0.188349), (0.46875, 0.0616509), (0.46875, 0.075), (0.46875, 0.0933255), (0.46875, 0.175), (0.46875, 0.156674), (0.46875, 0.225), (0.46875, 0.0616509), (0.46875, 0.025), (0.46875, 0.075), (0.46875, 0.156674), (0.46875, 0.175), (0.46875, 0.0933255), (0.46875, 0.0933255), (0.46875, 0.025), (0.46875, 0.0616509), (0.46875, 0.075), (0.46875, 0.0933255), (0.46875, 0.175), (0.46875, 0.0933255), (0.46875, 0.075), (0.46875, 0.025), (0.46875, 0.075), (0.46875, 0.025), (0.46875, 0.075), (0.46875, 0.025), (0.46875, 0.075), (0.46875, 0.025), (0.46875, 0.175), (0.46875, 0.225), (0.46875, 0.225), (0.46875, 0.225), (0.46875, 0.175), (0.46875, 0.175), (0.46875, 0.175), (0.46875, 0.075), (0.46875, 0.075), (0.46875, 0.075), (0.46875, 0.175), (0.46875, 0.175), (0.46875, 0.225), (0.46875, 0.175), (0.46875, 0.175), (0.46875, 0.175), (0.46875, 0.225), (0.46875, 0.225), (0.46875, 0.175), (0.46875, 0.075), (0.46875, 0.075), (0.46875, 0.075), (0.46875, 0.175), (0.46875, 0.175), (0.46875, 0.025), (0.46875, 0.075), (0.46875, 0.025), (0.46875, 0.075), (0.46875, 0.025), (0.46875, 0.075), (0.46875, 0.025), (0.46875, 0.0933255), (0.46875, 0.075), (0.46875, 0.075), (0.46875, 0.0933255), (0.46875, 0.175), (0.46875, 0.025), (0.46875, 0.0616509), (0.46875, 0.0933255), (0.46875, 0.156674), (0.46875, 0.175), (0.46875, 0.0933255), (0.46875, 0.025), (0.46875, 0.0933255), (0.46875, 0.0616509), (0.46875, 0.188349), (0.46875, 0.175), (0.46875, 0.156674), (0.46875, 0.075), (0.46875, 0.0933255), (0.46875, 0.025), (0.46875, 0.188349), (0.46875, 0.225), (0.46875, 0.175), (0.46875, 0.0933255), (0.46875, 0.075), (0.46875, 0.156674), (0.46875, 0.156674), (0.46875, 0.225), (0.46875, 0.188349), (0.46875, 0.175), (0.46875, 0.156674), (0.46875, 0.075), (0.46875, 0.156674), (0.46875, 0.175), (0.46875, 0.225), (0.46875, 0.025), (0.46875, 0.075), (0.46875, 0.025), (0.46875, 0.075), (0.46875, 0.025), (0.46875, 0.075), (0.46875, 0.175), (0.46875, 0.225), (0.46875, 0.225), (0.46875, 0.225), (0.46875, 0.175), (0.46875, 0.175), (0.46875, 0.075), (0.46875, 0.025), (0.46875, 0.075), (0.46875, 0.025), (0.46875, 0.075), (0.46875, 0.025), (0.46875, 0.175), (0.46875, 0.075), (0.46875, 0.075), (0.46875, 0.075), (0.46875, 0.175), (0.46875, 0.175), (0.46875, 0.225), (0.46875, 0.175), (0.46875, 0.175), (0.46875, 0.175), (0.46875, 0.225), (0.46875, 0.225), (0.46875, 0.175), (0.46875, 0.075), (0.46875, 0.075), (0.46875, 0.075), (0.46875, 0.175), (0.46875, 0.175), (0.46875, 0.025), (0.46875, 0.0933255), (0.46875, 0.075), (0.46875, 0.075), (0.46875, 0.0933255), (0.46875, 0.175), (0.46875, 0.025), (0.46875, 0.0616509), (0.46875, 0.0933255), (0.46875, 0.156674), (0.46875, 0.175), (0.46875, 0.0933255), (0.46875, 0.025), (0.46875, 0.0933255), (0.46875, 0.0616509), (0.46875, 0.188349), (0.46875, 0.175), (0.46875, 0.156674), (0.46875, 0.075), (0.46875, 0.0933255), (0.46875, 0.025), (0.46875, 0.188349), (0.46875, 0.225), (0.46875, 0.175), (0.46875, 0.0933255), (0.46875, 0.075), (0.46875, 0.156674), (0.46875, 0.156674), (0.46875, 0.225), (0.46875, 0.188349), (0.46875, 0.175), (0.46875, 0.156674), (0.46875, 0.075), (0.46875, 0.156674), (0.46875, 0.175), (0.46875, 0.225), (0.46875, 0.225), (0.46875, 0.025), (0.46875, 0.225), (0.46875, 0.025), (0.46875, 0.225), (0.46875, 0.025), (0.46875, 0.025), (0.46875, 0.225), (0.46875, 0.025), (0.46875, 0.225), (0.46875, 0.025), (0.46875, 0.225), (0.46875, 0.025), (0.46875, 0.075), (0.46875, 0.025), (0.46875, 0.075), (0.46875, 0.025), (0.46875, 0.075), (0.46875, 0.175), (0.46875, 0.225), (0.46875, 0.225), (0.46875, 0.225), (0.46875, 0.175), (0.46875, 0.175), (0.46875, 0.175), (0.46875, 0.075), (0.46875, 0.075), (0.46875, 0.075), (0.46875, 0.175), (0.46875, 0.175), (0.46875, 0.225), (0.46875, 0.175), (0.46875, 0.175), (0.46875, 0.175), (0.46875, 0.225), (0.46875, 0.225), (0.46875, 0.075), (0.46875, 0.025), (0.46875, 0.075), (0.46875, 0.025), (0.46875, 0.075), (0.46875, 0.025), (0.46875, 0.175), (0.46875, 0.075), (0.46875, 0.075), (0.46875, 0.075), (0.46875, 0.175), (0.46875, 0.175), (0.46875, 0.225), (0.46875, 0.156674), (0.46875, 0.175), (0.46875, 0.175), (0.46875, 0.156674), (0.46875, 0.075), (0.46875, 0.225), (0.46875, 0.188349), (0.46875, 0.156674), (0.46875, 0.0933255), (0.46875, 0.075), (0.46875, 0.156674), (0.46875, 0.225), (0.46875, 0.156674), (0.46875, 0.188349), (0.46875, 0.0616509), (0.46875, 0.075), (0.46875, 0.0933255), (0.46875, 0.175), (0.46875, 0.156674), (0.46875, 0.225), (0.46875, 0.0616509), (0.46875, 0.025), (0.46875, 0.075), (0.46875, 0.156674), (0.46875, 0.175), (0.46875, 0.0933255), (0.46875, 0.0933255), (0.46875, 0.025), (0.46875, 0.0616509), (0.46875, 0.075), (0.46875, 0.0933255), (0.46875, 0.175), (0.46875, 0.0933255), (0.46875, 0.075), (0.46875, 0.025), (0.46875, 0.221395), (0.46875, 0.203991), (0.46875, 0.212693), (0.46875, 0.212693), (0.46875, 0.203991), (0.46875, 0.221395), (0.46875, 0.221395), (0.46875, 0.218231), (0.46875, 0.212693), (0.46875, 0.207155), (0.46875, 0.203991), (0.46875, 0.212693), (0.46875, 0.221395), (0.46875, 0.220525), (0.46875, 0.218231), (0.46875, 0.225), (0.46875, 0.220525), (0.46875, 0.221395), (0.46875, 0.225), (0.46875, 0.218231), (0.46875, 0.220525), (0.46875, 0.207155), (0.46875, 0.200386), (0.46875, 0.203991), (0.46875, 0.204861), (0.46875, 0.200386), (0.46875, 0.207155), (0.46875, 0.207155), (0.46875, 0.200386), (0.46875, 0.204861), (0.46875, 0.221395), (0.46875, 0.218231), (0.46875, 0.225), (0.46875, 0.207155), (0.46875, 0.203991), (0.46875, 0.200386), (0.46875, 0.221395), (0.46875, 0.212693), (0.46875, 0.218231), (0.46875, 0.203991), (0.46875, 0.207155), (0.46875, 0.212693), (0.46875, 0.221395), (0.46875, 0.203991), (0.46875, 0.212693), (0.46875, 0.203991), (0.46875, 0.221395), (0.46875, 0.212693), (0.46875, 0.212693), (0.46875, 0.152779), (0.46875, 0.203991), (0.46875, 0.152779), (0.46875, 0.212693), (0.46875, 0.161481), (0.46875, 0.152779), (0.46875, 0.200386), (0.46875, 0.149174), (0.46875, 0.200386), (0.46875, 0.152779), (0.46875, 0.203991), (0.46875, 0.200386), (0.46875, 0.152779), (0.46875, 0.149174), (0.46875, 0.152779), (0.46875, 0.200386), (0.46875, 0.203991), (0.46875, 0.221395), (0.46875, 0.173788), (0.46875, 0.170183), (0.46875, 0.173788), (0.46875, 0.221395), (0.46875, 0.225), (0.46875, 0.221395), (0.46875, 0.161481), (0.46875, 0.212693), (0.46875, 0.161481), (0.46875, 0.221395), (0.46875, 0.170183), (0.46875, 0.152779), (0.46875, 0.212693), (0.46875, 0.203991), (0.46875, 0.212693), (0.46875, 0.152779), (0.46875, 0.161481), (0.46875, 0.161481), (0.46875, 0.221395), (0.46875, 0.212693), (0.46875, 0.221395), (0.46875, 0.161481), (0.46875, 0.170183), (0.46875, 0.173788), (0.46875, 0.221395), (0.46875, 0.170183), (0.46875, 0.221395), (0.46875, 0.173788), (0.46875, 0.225), (0.46875, 0.221395), (0.46875, 0.203991), (0.46875, 0.212693), (0.46875, 0.212693), (0.46875, 0.203991), (0.46875, 0.221395), (0.46875, 0.221395), (0.46875, 0.218231), (0.46875, 0.212693), (0.46875, 0.207155), (0.46875, 0.203991), (0.46875, 0.212693), (0.46875, 0.221395), (0.46875, 0.220525), (0.46875, 0.218231), (0.46875, 0.225), (0.46875, 0.220525), (0.46875, 0.221395), (0.46875, 0.225), (0.46875, 0.218231), (0.46875, 0.220525), (0.46875, 0.207155), (0.46875, 0.200386), (0.46875, 0.203991), (0.46875, 0.204861), (0.46875, 0.200386), (0.46875, 0.207155), (0.46875, 0.207155), (0.46875, 0.200386), (0.46875, 0.204861), (0.46875, 0.221395), (0.46875, 0.218231), (0.46875, 0.225), (0.46875, 0.207155), (0.46875, 0.203991), (0.46875, 0.200386), (0.46875, 0.221395), (0.46875, 0.212693), (0.46875, 0.218231), (0.46875, 0.203991), (0.46875, 0.207155), (0.46875, 0.212693), (0.46875, 0.221395), (0.46875, 0.203991), (0.46875, 0.212693), (0.46875, 0.203991), (0.46875, 0.221395), (0.46875, 0.212693), (0.46875, 0.212693), (0.46875, 0.152779), (0.46875, 0.203991), (0.46875, 0.152779), (0.46875, 0.212693), (0.46875, 0.161481), (0.46875, 0.152779), (0.46875, 0.200386), (0.46875, 0.149174), (0.46875, 0.200386), (0.46875, 0.152779), (0.46875, 0.203991), (0.46875, 0.200386), (0.46875, 0.152779), (0.46875, 0.149174), (0.46875, 0.152779), (0.46875, 0.200386), (0.46875, 0.203991), (0.46875, 0.221395), (0.46875, 0.173788), (0.46875, 0.170183), (0.46875, 0.173788), (0.46875, 0.221395), (0.46875, 0.225), (0.46875, 0.221395), (0.46875, 0.161481), (0.46875, 0.212693), (0.46875, 0.161481), (0.46875, 0.221395), (0.46875, 0.170183), (0.46875, 0.152779), (0.46875, 0.212693), (0.46875, 0.203991), (0.46875, 0.212693), (0.46875, 0.152779), (0.46875, 0.161481), (0.46875, 0.161481), (0.46875, 0.221395), (0.46875, 0.212693), (0.46875, 0.221395), (0.46875, 0.161481), (0.46875, 0.170183), (0.46875, 0.173788), (0.46875, 0.221395), (0.46875, 0.170183), (0.46875, 0.221395), (0.46875, 0.173788), (0.46875, 0.225), (0.46875, 0.221395), (0.46875, 0.203991), (0.46875, 0.212693), (0.46875, 0.212693), (0.46875, 0.203991), (0.46875, 0.221395), (0.46875, 0.221395), (0.46875, 0.218231), (0.46875, 0.212693), (0.46875, 0.207155), (0.46875, 0.203991), (0.46875, 0.212693), (0.46875, 0.221395), (0.46875, 0.220525), (0.46875, 0.218231), (0.46875, 0.225), (0.46875, 0.220525), (0.46875, 0.221395), (0.46875, 0.225), (0.46875, 0.218231), (0.46875, 0.220525), (0.46875, 0.207155), (0.46875, 0.200386), (0.46875, 0.203991), (0.46875, 0.204861), (0.46875, 0.200386), (0.46875, 0.207155), (0.46875, 0.207155), (0.46875, 0.200386), (0.46875, 0.204861), (0.46875, 0.221395), (0.46875, 0.218231), (0.46875, 0.225), (0.46875, 0.207155), (0.46875, 0.203991), (0.46875, 0.200386), (0.46875, 0.221395), (0.46875, 0.212693), (0.46875, 0.218231), (0.46875, 0.203991), (0.46875, 0.207155), (0.46875, 0.212693), (0.46875, 0.221395), (0.46875, 0.203991), (0.46875, 0.212693), (0.46875, 0.203991), (0.46875, 0.221395), (0.46875, 0.212693), (0.46875, 0.212693), (0.46875, 0.152779), (0.46875, 0.203991), (0.46875, 0.152779), (0.46875, 0.212693), (0.46875, 0.161481), (0.46875, 0.152779), (0.46875, 0.200386), (0.46875, 0.149174), (0.46875, 0.200386), (0.46875, 0.152779), (0.46875, 0.203991), (0.46875, 0.200386), (0.46875, 0.152779), (0.46875, 0.149174), (0.46875, 0.152779), (0.46875, 0.200386), (0.46875, 0.203991), (0.46875, 0.221395), (0.46875, 0.173788), (0.46875, 0.170183), (0.46875, 0.173788), (0.46875, 0.221395), (0.46875, 0.225), (0.46875, 0.221395), (0.46875, 0.161481), (0.46875, 0.212693), (0.46875, 0.161481), (0.46875, 0.221395), (0.46875, 0.170183), (0.46875, 0.152779), (0.46875, 0.212693), (0.46875, 0.203991), (0.46875, 0.212693), (0.46875, 0.152779), (0.46875, 0.161481), (0.46875, 0.161481), (0.46875, 0.221395), (0.46875, 0.212693), (0.46875, 0.221395), (0.46875, 0.161481), (0.46875, 0.170183), (0.46875, 0.173788), (0.46875, 0.221395), (0.46875, 0.170183), (0.46875, 0.221395), (0.46875, 0.173788), (0.46875, 0.225), (0.46875, 0.221395), (0.46875, 0.203991), (0.46875, 0.212693), (0.46875, 0.212693), (0.46875, 0.203991), (0.46875, 0.221395), (0.46875, 0.221395), (0.46875, 0.218231), (0.46875, 0.212693), (0.46875, 0.207155), (0.46875, 0.203991), (0.46875, 0.212693), (0.46875, 0.221395), (0.46875, 0.220525), (0.46875, 0.218231), (0.46875, 0.225), (0.46875, 0.220525), (0.46875, 0.221395), (0.46875, 0.225), (0.46875, 0.218231), (0.46875, 0.220525), (0.46875, 0.207155), (0.46875, 0.200386), (0.46875, 0.203991), (0.46875, 0.204861), (0.46875, 0.200386), (0.46875, 0.207155), (0.46875, 0.207155), (0.46875, 0.200386), (0.46875, 0.204861), (0.46875, 0.221395), (0.46875, 0.218231), (0.46875, 0.225), (0.46875, 0.207155), (0.46875, 0.203991), (0.46875, 0.200386), (0.46875, 0.221395), (0.46875, 0.212693), (0.46875, 0.218231), (0.46875, 0.203991), (0.46875, 0.207155), (0.46875, 0.212693), (0.46875, 0.221395), (0.46875, 0.203991), (0.46875, 0.212693), (0.46875, 0.203991), (0.46875, 0.221395), (0.46875, 0.212693), (0.46875, 0.212693), (0.46875, 0.152779), (0.46875, 0.203991), (0.46875, 0.152779), (0.46875, 0.212693), (0.46875, 0.161481), (0.46875, 0.152779), (0.46875, 0.200386), (0.46875, 0.149174), (0.46875, 0.200386), (0.46875, 0.152779), (0.46875, 0.203991), (0.46875, 0.200386), (0.46875, 0.152779), (0.46875, 0.149174), (0.46875, 0.152779), (0.46875, 0.200386), (0.46875, 0.203991), (0.46875, 0.221395), (0.46875, 0.173788), (0.46875, 0.170183), (0.46875, 0.173788), (0.46875, 0.221395), (0.46875, 0.225), (0.46875, 0.221395), (0.46875, 0.161481), (0.46875, 0.212693), (0.46875, 0.161481), (0.46875, 0.221395), (0.46875, 0.170183), (0.46875, 0.152779), (0.46875, 0.212693), (0.46875, 0.203991), (0.46875, 0.212693), (0.46875, 0.152779), (0.46875, 0.161481), (0.46875, 0.161481), (0.46875, 0.221395), (0.46875, 0.212693), (0.46875, 0.221395), (0.46875, 0.161481), (0.46875, 0.170183), (0.46875, 0.173788), (0.46875, 0.221395), (0.46875, 0.170183), (0.46875, 0.221395), (0.46875, 0.173788), (0.46875, 0.225), (0.46875, 0.225), (0.46875, 0.125), (0.46875, 0.125), (0.46875, 0.125), (0.46875, 0.225), (0.46875, 0.225), (0.46875, 0.475), (0.46875, 0.275), (0.46875, 0.275), (0.46875, 0.275), (0.46875, 0.475), (0.46875, 0.475), (0.46875, 0.475), (0.46875, 0.275), (0.46875, 0.275), (0.46875, 0.275), (0.46875, 0.475), (0.46875, 0.475), (0.46875, 0.475), (0.46875, 0.275), (0.46875, 0.275), (0.46875, 0.275), (0.46875, 0.475), (0.46875, 0.475), (0.46875, 0.475), (0.46875, 0.275), (0.46875, 0.275), (0.46875, 0.275), (0.46875, 0.475), (0.46875, 0.475), (0.46875, 0.475), (0.46875, 0.275), (0.46875, 0.275), (0.46875, 0.275), (0.46875, 0.475), (0.46875, 0.475), (0.46875, 0.475), (0.46875, 0.275), (0.46875, 0.275), (0.46875, 0.275), (0.46875, 0.475), (0.46875, 0.475), (0.46875, 0.475), (0.46875, 0.275), (0.46875, 0.275), (0.46875, 0.275), (0.46875, 0.475), (0.46875, 0.475), (0.46875, 0.475), (0.46875, 0.275), (0.46875, 0.275), (0.46875, 0.275), (0.46875, 0.475), (0.46875, 0.475), (0.46875, 0.475), (0.46875, 0.275), (0.46875, 0.275), (0.46875, 0.275), (0.46875, 0.475), (0.46875, 0.475), (0.46875, 0.475), (0.46875, 0.275), (0.46875, 0.275), (0.46875, 0.275), (0.46875, 0.475), (0.46875, 0.475), (0.46875, 0.411481), (0.46875, 0.27919), (0.46875, 0.402779), (0.46875, 0.27919), (0.46875, 0.411481), (0.46875, 0.289307), (0.46875, 0.420183), (0.46875, 0.303614), (0.46875, 0.299423), (0.46875, 0.303614), (0.46875, 0.420183), (0.46875, 0.423788), (0.46875, 0.303614), (0.46875, 0.420183), (0.46875, 0.299423), (0.46875, 0.420183), (0.46875, 0.303614), (0.46875, 0.423788), (0.46875, 0.289307), (0.46875, 0.420183), (0.46875, 0.411481), (0.46875, 0.420183), (0.46875, 0.289307), (0.46875, 0.299423), (0.46875, 0.27919), (0.46875, 0.399174), (0.46875, 0.275), (0.46875, 0.399174), (0.46875, 0.27919), (0.46875, 0.402779), (0.46875, 0.399174), (0.46875, 0.27919), (0.46875, 0.275), (0.46875, 0.27919), (0.46875, 0.399174), (0.46875, 0.402779), (0.46875, 0.27919), (0.46875, 0.411481), (0.46875, 0.402779), (0.46875, 0.411481), (0.46875, 0.27919), (0.46875, 0.289307), (0.46875, 0.420183), (0.46875, 0.289307), (0.46875, 0.411481), (0.46875, 0.289307), (0.46875, 0.420183), (0.46875, 0.299423), (0.46875, 0.411481), (0.46875, 0.27919), (0.46875, 0.402779), (0.46875, 0.27919), (0.46875, 0.411481), (0.46875, 0.289307), (0.46875, 0.420183), (0.46875, 0.303614), (0.46875, 0.299423), (0.46875, 0.303614), (0.46875, 0.420183), (0.46875, 0.423788), (0.46875, 0.303614), (0.46875, 0.420183), (0.46875, 0.299423), (0.46875, 0.420183), (0.46875, 0.303614), (0.46875, 0.423788), (0.46875, 0.289307), (0.46875, 0.420183), (0.46875, 0.411481), (0.46875, 0.420183), (0.46875, 0.289307), (0.46875, 0.299423), (0.46875, 0.27919), (0.46875, 0.399174), (0.46875, 0.275), (0.46875, 0.399174), (0.46875, 0.27919), (0.46875, 0.402779), (0.46875, 0.399174), (0.46875, 0.27919), (0.46875, 0.275), (0.46875, 0.27919), (0.46875, 0.399174), (0.46875, 0.402779), (0.46875, 0.27919), (0.46875, 0.411481), (0.46875, 0.402779), (0.46875, 0.411481), (0.46875, 0.27919), (0.46875, 0.289307), (0.46875, 0.420183), (0.46875, 0.289307), (0.46875, 0.411481), (0.46875, 0.289307), (0.46875, 0.420183), (0.46875, 0.299423), (0.46875, 0.411481), (0.46875, 0.27919), (0.46875, 0.402779), (0.46875, 0.27919), (0.46875, 0.411481), (0.46875, 0.289307), (0.46875, 0.420183), (0.46875, 0.303614), (0.46875, 0.299423), (0.46875, 0.303614), (0.46875, 0.420183), (0.46875, 0.423788), (0.46875, 0.303614), (0.46875, 0.420183), (0.46875, 0.299423), (0.46875, 0.420183), (0.46875, 0.303614), (0.46875, 0.423788), (0.46875, 0.289307), (0.46875, 0.420183), (0.46875, 0.411481), (0.46875, 0.420183), (0.46875, 0.289307), (0.46875, 0.299423), (0.46875, 0.27919), (0.46875, 0.399174), (0.46875, 0.275), (0.46875, 0.399174), (0.46875, 0.27919), (0.46875, 0.402779), (0.46875, 0.399174), (0.46875, 0.27919), (0.46875, 0.275), (0.46875, 0.27919), (0.46875, 0.399174), (0.46875, 0.402779), (0.46875, 0.27919), (0.46875, 0.411481), (0.46875, 0.402779), (0.46875, 0.411481), (0.46875, 0.27919), (0.46875, 0.289307), (0.46875, 0.420183), (0.46875, 0.289307), (0.46875, 0.411481), (0.46875, 0.289307), (0.46875, 0.420183), (0.46875, 0.299423), (0.46875, 0.411481), (0.46875, 0.27919), (0.46875, 0.402779), (0.46875, 0.27919), (0.46875, 0.411481), (0.46875, 0.289307), (0.46875, 0.420183), (0.46875, 0.303614), (0.46875, 0.299423), (0.46875, 0.303614), (0.46875, 0.420183), (0.46875, 0.423788), (0.46875, 0.303614), (0.46875, 0.420183), (0.46875, 0.299423), (0.46875, 0.420183), (0.46875, 0.303614), (0.46875, 0.423788), (0.46875, 0.289307), (0.46875, 0.420183), (0.46875, 0.411481), (0.46875, 0.420183), (0.46875, 0.289307), (0.46875, 0.299423), (0.46875, 0.27919), (0.46875, 0.399174), (0.46875, 0.275), (0.46875, 0.399174), (0.46875, 0.27919), (0.46875, 0.402779), (0.46875, 0.399174), (0.46875, 0.27919), (0.46875, 0.275), (0.46875, 0.27919), (0.46875, 0.399174), (0.46875, 0.402779), (0.46875, 0.27919), (0.46875, 0.411481), (0.46875, 0.402779), (0.46875, 0.411481), (0.46875, 0.27919), (0.46875, 0.289307), (0.46875, 0.420183), (0.46875, 0.289307), (0.46875, 0.411481), (0.46875, 0.289307), (0.46875, 0.420183), (0.46875, 0.299423), (0.46875, 0.475), (0.46875, 0.375), (0.46875, 0.472931), (0.46875, 0.375), (0.46875, 0.475), (0.46875, 0.379139), (0.46875, 0.379139), (0.46875, 0.375), (0.46875, 0.379139), (0.46875, 0.375), (0.46875, 0.379139), (0.46875, 0.375), (0.46875, 0.475), (0.46875, 0.379139), (0.46875, 0.379139), (0.46875, 0.379139), (0.46875, 0.475), (0.46875, 0.475), (0.46875, 0.375), (0.46875, 0.475), (0.46875, 0.472931), (0.46875, 0.475), (0.46875, 0.375), (0.46875, 0.379139), (0.46875, 0.472931), (0.46875, 0.475), (0.46875, 0.475), (0.46875, 0.475), (0.46875, 0.472931), (0.46875, 0.472931), (0.46875, 0.375), (0.46875, 0.472931), (0.46875, 0.375), (0.46875, 0.472931), (0.46875, 0.375), (0.46875, 0.472931), (0.46875, 0.475), (0.46875, 0.375), (0.46875, 0.472931), (0.46875, 0.375), (0.46875, 0.475), (0.46875, 0.379139), (0.46875, 0.379139), (0.46875, 0.375), (0.46875, 0.379139), (0.46875, 0.375), (0.46875, 0.379139), (0.46875, 0.375), (0.46875, 0.475), (0.46875, 0.379139), (0.46875, 0.379139), (0.46875, 0.379139), (0.46875, 0.475), (0.46875, 0.475), (0.46875, 0.375), (0.46875, 0.475), (0.46875, 0.472931), (0.46875, 0.475), (0.46875, 0.375), (0.46875, 0.379139), (0.46875, 0.472931), (0.46875, 0.475), (0.46875, 0.475), (0.46875, 0.475), (0.46875, 0.472931), (0.46875, 0.472931), (0.46875, 0.375), (0.46875, 0.472931), (0.46875, 0.375), (0.46875, 0.472931), (0.46875, 0.375), (0.46875, 0.472931), (0.46875, 0.475), (0.46875, 0.375), (0.46875, 0.472931), (0.46875, 0.375), (0.46875, 0.475), (0.46875, 0.379139), (0.46875, 0.379139), (0.46875, 0.375), (0.46875, 0.379139), (0.46875, 0.375), (0.46875, 0.379139), (0.46875, 0.375), (0.46875, 0.475), (0.46875, 0.379139), (0.46875, 0.379139), (0.46875, 0.379139), (0.46875, 0.475), (0.46875, 0.475), (0.46875, 0.375), (0.46875, 0.475), (0.46875, 0.472931), (0.46875, 0.475), (0.46875, 0.375), (0.46875, 0.379139), (0.46875, 0.472931), (0.46875, 0.475), (0.46875, 0.475), (0.46875, 0.475), (0.46875, 0.472931), (0.46875, 0.472931), (0.46875, 0.375), (0.46875, 0.472931), (0.46875, 0.375), (0.46875, 0.472931), (0.46875, 0.375), (0.46875, 0.472931), (0.46875, 0.475), (0.46875, 0.375), (0.46875, 0.472931), (0.46875, 0.375), (0.46875, 0.475), (0.46875, 0.379139), (0.46875, 0.379139), (0.46875, 0.375), (0.46875, 0.379139), (0.46875, 0.375), (0.46875, 0.379139), (0.46875, 0.375), (0.46875, 0.475), (0.46875, 0.379139), (0.46875, 0.379139), (0.46875, 0.379139), (0.46875, 0.475), (0.46875, 0.475), (0.46875, 0.375), (0.46875, 0.475), (0.46875, 0.472931), (0.46875, 0.475), (0.46875, 0.375), (0.46875, 0.379139), (0.46875, 0.472931), (0.46875, 0.475), (0.46875, 0.475), (0.46875, 0.475), (0.46875, 0.472931), (0.46875, 0.472931), (0.46875, 0.375), (0.46875, 0.472931), (0.46875, 0.375), (0.46875, 0.472931), (0.46875, 0.375), (0.46875, 0.472931), (0.71875, 0.348597), (0.71875, 0.275), (0.71875, 0.275), (0.71875, 0.348597), (0.71875, 0.275), (0.71875, 0.275), (0.71875, 0.348597), (0.71875, 0.275), (0.71875, 0.275), (0.71875, 0.348597), (0.71875, 0.275), (0.71875, 0.275), (0.71875, 0.348597), (0.71875, 0.275), (0.71875, 0.348597), (0.71875, 0.348597), (0.71875, 0.275), (0.71875, 0.348597), (0.71875, 0.348597), (0.71875, 0.275), (0.71875, 0.348597), (0.71875, 0.348597), (0.71875, 0.275), (0.71875, 0.348597), (0.71875, 0.275), (0.71875, 0.275), (0.71875, 0.275), (0.71875, 0.275), (0.71875, 0.275), (0.71875, 0.275), (0.71875, 0.275), (0.71875, 0.275), (0.71875, 0.275), (0.71875, 0.433416), (0.71875, 0.475), (0.71875, 0.433416), (0.71875, 0.475), (0.71875, 0.433416), (0.71875, 0.475), (0.71875, 0.475), (0.71875, 0.433416), (0.71875, 0.433416), (0.71875, 0.433416), (0.71875, 0.475), (0.71875, 0.475), (0.71875, 0.316584), (0.71875, 0.275), (0.71875, 0.275), (0.71875, 0.275), (0.71875, 0.316584), (0.71875, 0.316584), (0.71875, 0.316584), (0.71875, 0.275), (0.71875, 0.275), (0.71875, 0.275), (0.71875, 0.316584), (0.71875, 0.316584), (0.71875, 0.475), (0.71875, 0.433416), (0.71875, 0.475), (0.71875, 0.433416), (0.71875, 0.475), (0.71875, 0.433416), (0.71875, 0.475), (0.71875, 0.433416), (0.71875, 0.433416), (0.71875, 0.433416), (0.71875, 0.475), (0.71875, 0.475), (0.71875, 0.316584), (0.71875, 0.275), (0.71875, 0.275), (0.71875, 0.275), (0.71875, 0.316584), (0.71875, 0.316584), (0.71875, 0.433416), (0.71875, 0.433416), (0.71875, 0.433416), (0.71875, 0.433416), (0.71875, 0.433416), (0.71875, 0.433416), (0.71875, 0.433416), (0.71875, 0.433416), (0.71875, 0.433416), (0.71875, 0.433416), (0.71875, 0.433416), (0.71875, 0.433416), (0.71875, 0.433416), (0.71875, 0.433416), (0.71875, 0.433416), (0.71875, 0.433416), (0.71875, 0.433416), (0.71875, 0.433416), (0.71875, 0.275), (0.71875, 0.275), (0.71875, 0.275), (0.71875, 0.275), (0.71875, 0.275), (0.71875, 0.275), (0.71875, 0.275), (0.71875, 0.275), (0.71875, 0.275), (0.71875, 0.275), (0.71875, 0.275), (0.71875, 0.275), (0.71875, 0.275), (0.71875, 0.275), (0.71875, 0.275), (0.71875, 0.275), (0.71875, 0.275), (0.71875, 0.275), (0.71875, 0.275), (0.71875, 0.316584), (0.71875, 0.275), (0.71875, 0.316584), (0.71875, 0.275), (0.71875, 0.316584), (0.71875, 0.316584), (0.71875, 0.275), (0.71875, 0.316584), (0.71875, 0.275), (0.71875, 0.316584), (0.71875, 0.275), (0.71875, 0.316584), (0.71875, 0.275), (0.71875, 0.275), (0.71875, 0.275), (0.71875, 0.316584), (0.71875, 0.316584), (0.71875, 0.316584), (0.71875, 0.316584), (0.71875, 0.316584), (0.71875, 0.316584), (0.71875, 0.316584), (0.71875, 0.316584), (0.71875, 0.316584), (0.71875, 0.316584), (0.71875, 0.316584), (0.71875, 0.316584), (0.71875, 0.316584), (0.71875, 0.316584), (0.71875, 0.316584), (0.71875, 0.316584), (0.71875, 0.316584), (0.71875, 0.316584), (0.71875, 0.316584), (0.71875, 0.316584), (0.71875, 0.475), (0.71875, 0.433416), (0.71875, 0.433416), (0.71875, 0.433416), (0.71875, 0.475), (0.71875, 0.475), (0.71875, 0.316584), (0.71875, 0.275), (0.71875, 0.316584), (0.71875, 0.275), (0.71875, 0.316584), (0.71875, 0.275), (0.71875, 0.475), (0.71875, 0.475), (0.71875, 0.475), (0.71875, 0.475), (0.71875, 0.475), (0.71875, 0.475), (0.71875, 0.475), (0.71875, 0.475), (0.71875, 0.475), (0.71875, 0.475), (0.71875, 0.475), (0.71875, 0.475), (0.71875, 0.475), (0.71875, 0.475), (0.71875, 0.475), (0.71875, 0.475), (0.71875, 0.475), (0.71875, 0.475), (0.71875, 0.275), (0.71875, 0.316584), (0.71875, 0.275), (0.71875, 0.316584), (0.71875, 0.275), (0.71875, 0.316584), (0.71875, 0.475), (0.71875, 0.433416), (0.71875, 0.475), (0.71875, 0.433416), (0.71875, 0.475), (0.71875, 0.433416), (0.71875, 0.433416), (0.71875, 0.475), (0.71875, 0.433416), (0.71875, 0.475), (0.71875, 0.433416), (0.71875, 0.475), (0.71875, 0.475), (0.71875, 0.433416), (0.71875, 0.433416), (0.71875, 0.433416), (0.71875, 0.475), (0.71875, 0.475), (0.71875, 0.475), (0.71875, 0.275), (0.71875, 0.275), (0.71875, 0.275), (0.71875, 0.475), (0.71875, 0.475), (0.71875, 0.275), (0.71875, 0.275), (0.71875, 0.475), (0.71875, 0.475), (0.71875, 0.475), (0.71875, 0.275), (0.71875, 0.475), (0.71875, 0.275), (0.71875, 0.275), (0.71875, 0.275), (0.71875, 0.475), (0.71875, 0.475), (0.71875, 0.275), (0.71875, 0.275), (0.71875, 0.475), (0.71875, 0.475), (0.71875, 0.475), (0.71875, 0.275), (0.71875, 0.475), (0.71875, 0.275), (0.71875, 0.275), (0.71875, 0.275), (0.71875, 0.475), (0.71875, 0.275), (0.71875, 0.275), (0.71875, 0.475), (0.71875, 0.475), (0.71875, 0.475), (0.71875, 0.475), (0.71875, 0.475), (0.71875, 0.275), (0.71875, 0.275), (0.71875, 0.475), (0.71875, 0.275), (0.71875, 0.475), (0.71875, 0.275), (0.71875, 0.475), (0.71875, 0.475), (0.71875, 0.275), (0.71875, 0.475), (0.71875, 0.475), (0.71875, 0.475), (0.71875, 0.475), (0.71875, 0.275), (0.71875, 0.275), (0.71875, 0.275), (0.71875, 0.475), (0.71875, 0.475), (0.71875, 0.275), (0.71875, 0.275), (0.71875, 0.475), (0.71875, 0.475), (0.71875, 0.475), (0.71875, 0.275), (0.71875, 0.475), (0.71875, 0.275), (0.71875, 0.275), (0.71875, 0.275), (0.71875, 0.475), (0.71875, 0.475), (0.71875, 0.275), (0.71875, 0.275), (0.71875, 0.475), (0.71875, 0.475), (0.71875, 0.475), (0.71875, 0.275), (0.71875, 0.475), (0.71875, 0.275), (0.71875, 0.275), (0.71875, 0.275), (0.71875, 0.475), (0.71875, 0.475), (0.71875, 0.275), (0.71875, 0.275), (0.71875, 0.475), (0.71875, 0.475), (0.71875, 0.475), (0.71875, 0.275), (0.71875, 0.475), (0.71875, 0.275), (0.71875, 0.275), (0.71875, 0.275), (0.71875, 0.475), (0.71875, 0.475), (0.71875, 0.275), (0.71875, 0.275), (0.71875, 0.475), (0.71875, 0.475), (0.71875, 0.475), (0.71875, 0.275), (0.71875, 0.333878), (0.71875, 0.275), (0.71875, 0.275), (0.71875, 0.348597), (0.71875, 0.333878), (0.71875, 0.275), (0.71875, 0.348597), (0.71875, 0.333878), (0.71875, 0.348597), (0.71875, 0.348597), (0.71875, 0.275), (0.71875, 0.275), (0.71875, 0.348597), (0.71875, 0.275), (0.71875, 0.348597), (0.71875, 0.348597), (0.71875, 0.275), (0.71875, 0.275), (0.71875, 0.348597), (0.71875, 0.275), (0.71875, 0.348597), (0.71875, 0.348597), (0.71875, 0.275), (0.71875, 0.333878), (0.71875, 0.348597), (0.71875, 0.333878), (0.71875, 0.348597), (0.71875, 0.275), (0.71875, 0.275), (0.71875, 0.275), (0.71875, 0.275), (0.71875, 0.275), (0.71875, 0.275), (0.71875, 0.275), (0.71875, 0.275), (0.71875, 0.275), (0.71875, 0.275), (0.71875, 0.275), (0.71875, 0.275), (0.71875, 0.354444), (0.71875, 0.275), (0.71875, 0.275), (0.71875, 0.275), (0.71875, 0.354444), (0.71875, 0.354444), (0.71875, 0.354444), (0.71875, 0.275), (0.71875, 0.275), (0.71875, 0.275), (0.71875, 0.354444), (0.71875, 0.354444), (0.71875, 0.475), (0.71875, 0.275), (0.71875, 0.475), (0.71875, 0.275), (0.71875, 0.475), (0.71875, 0.275), (0.71875, 0.475), (0.71875, 0.275), (0.71875, 0.475), (0.71875, 0.275), (0.71875, 0.475), (0.71875, 0.275), (0.71875, 0.475), (0.71875, 0.275), (0.71875, 0.475), (0.71875, 0.275), (0.71875, 0.475), (0.71875, 0.275), (0.71875, 0.275), (0.71875, 0.475), (0.71875, 0.475), (0.71875, 0.275), (0.71875, 0.475), (0.71875, 0.275), (0.71875, 0.475), (0.71875, 0.275), (0.71875, 0.475), (0.71875, 0.275), (0.71875, 0.475), (0.71875, 0.275), (0.71875, 0.475), (0.71875, 0.475), (0.71875, 0.275), (0.71875, 0.275), (0.71875, 0.475), (0.71875, 0.275), (0.71875, 0.475), (0.71875, 0.275), (0.71875, 0.475), (0.71875, 0.275), (0.71875, 0.475), (0.71875, 0.275), (0.71875, 0.475), (0.71875, 0.275), (0.71875, 0.475), (0.71875, 0.275), (0.71875, 0.475), (0.71875, 0.275), (0.71875, 0.475), (0.71875, 0.275), (0.71875, 0.475), (0.71875, 0.275), (0.71875, 0.475), (0.71875, 0.275), (0.71875, 0.475), (0.71875, 0.275), (0.71875, 0.475), (0.71875, 0.275), (0.71875, 0.475), (0.71875, 0.275), (0.71875, 0.475), (0.71875, 0.275), (0.71875, 0.475), (0.71875, 0.275), (0.71875, 0.475), (0.71875, 0.275), (0.71875, 0.475), (0.71875, 0.275), (0.71875, 0.475), (0.71875, 0.275), (0.71875, 0.475), (0.71875, 0.275), (0.71875, 0.475), (0.71875, 0.275), (0.71875, 0.475), (0.71875, 0.275), (0.71875, 0.475), (0.71875, 0.275), (0.71875, 0.475), (0.71875, 0.275), (0.71875, 0.475), (0.71875, 0.275), (0.71875, 0.475), (0.71875, 0.275), (0.71875, 0.475), (0.71875, 0.275), (0.71875, 0.475), (0.71875, 0.275), (0.71875, 0.475), (0.71875, 0.275), (0.71875, 0.475), (0.71875, 0.275), (0.71875, 0.475), (0.71875, 0.275), (0.71875, 0.475), (0.71875, 0.275), (0.71875, 0.316584), (0.71875, 0.275), (0.71875, 0.316584), (0.71875, 0.275), (0.71875, 0.316584), (0.71875, 0.275), (0.71875, 0.475), (0.71875, 0.433416), (0.71875, 0.433416), (0.71875, 0.433416), (0.71875, 0.475), (0.71875, 0.475), (0.71875, 0.316584), (0.71875, 0.316584), (0.71875, 0.316584), (0.71875, 0.316584), (0.71875, 0.316584), (0.71875, 0.316584), (0.71875, 0.316584), (0.71875, 0.316584), (0.71875, 0.316584), (0.71875, 0.316584), (0.71875, 0.316584), (0.71875, 0.316584), (0.71875, 0.316584), (0.71875, 0.316584), (0.71875, 0.316584), (0.71875, 0.316584), (0.71875, 0.316584), (0.71875, 0.316584), (0.71875, 0.433416), (0.71875, 0.433416), (0.71875, 0.433416), (0.71875, 0.433416), (0.71875, 0.433416), (0.71875, 0.433416), (0.71875, 0.433416), (0.71875, 0.433416), (0.71875, 0.433416), (0.71875, 0.433416), (0.71875, 0.433416), (0.71875, 0.433416), (0.71875, 0.433416), (0.71875, 0.433416), (0.71875, 0.433416), (0.71875, 0.433416), (0.71875, 0.433416), (0.71875, 0.433416), (0.71875, 0.275), (0.71875, 0.275), (0.71875, 0.275), (0.71875, 0.275), (0.71875, 0.275), (0.71875, 0.275), (0.71875, 0.275), (0.71875, 0.275), (0.71875, 0.275), (0.71875, 0.275), (0.71875, 0.275), (0.71875, 0.275), (0.71875, 0.275), (0.71875, 0.275), (0.71875, 0.275), (0.71875, 0.275), (0.71875, 0.275), (0.71875, 0.275), (0.71875, 0.316584), (0.71875, 0.275), (0.71875, 0.275), (0.71875, 0.275), (0.71875, 0.316584), (0.71875, 0.316584), (0.71875, 0.475), (0.71875, 0.433416), (0.71875, 0.475), (0.71875, 0.433416), (0.71875, 0.475), (0.71875, 0.433416), (0.71875, 0.316584), (0.71875, 0.275), (0.71875, 0.275), (0.71875, 0.275), (0.71875, 0.316584), (0.71875, 0.316584), (0.71875, 0.316584), (0.71875, 0.275), (0.71875, 0.316584), (0.71875, 0.275), (0.71875, 0.316584), (0.71875, 0.275), (0.71875, 0.433416), (0.71875, 0.475), (0.71875, 0.433416), (0.71875, 0.475), (0.71875, 0.433416), (0.71875, 0.475), (0.71875, 0.316584), (0.71875, 0.275), (0.71875, 0.275), (0.71875, 0.275), (0.71875, 0.316584), (0.71875, 0.316584), (0.71875, 0.475), (0.71875, 0.475), (0.71875, 0.475), (0.71875, 0.475), (0.71875, 0.475), (0.71875, 0.475), (0.71875, 0.475), (0.71875, 0.475), (0.71875, 0.475), (0.71875, 0.475), (0.71875, 0.475), (0.71875, 0.475), (0.71875, 0.475), (0.71875, 0.475), (0.71875, 0.475), (0.71875, 0.475), (0.71875, 0.475), (0.71875, 0.475), (0.71875, 0.275), (0.71875, 0.316584), (0.71875, 0.275), (0.71875, 0.316584), (0.71875, 0.275), (0.71875, 0.316584), (0.71875, 0.475), (0.71875, 0.433416), (0.71875, 0.433416), (0.71875, 0.433416), (0.71875, 0.475), (0.71875, 0.475), (0.71875, 0.316584), (0.71875, 0.275), (0.71875, 0.316584), (0.71875, 0.275), (0.71875, 0.316584), (0.71875, 0.275), (0.71875, 0.475), (0.71875, 0.433416), (0.71875, 0.433416), (0.71875, 0.433416), (0.71875, 0.475), (0.71875, 0.475), (0.71875, 0.475), (0.71875, 0.433416), (0.71875, 0.475), (0.71875, 0.433416), (0.71875, 0.475), (0.71875, 0.433416), (0.71875, 0.316584), (0.71875, 0.275), (0.71875, 0.275), (0.71875, 0.275), (0.71875, 0.316584), (0.71875, 0.316584), (0.71875, 0.475), (0.71875, 0.433416), (0.71875, 0.475), (0.71875, 0.433416), (0.71875, 0.475), (0.71875, 0.433416), (0.71875, 0.475), (0.71875, 0.433416), (0.71875, 0.433416), (0.71875, 0.433416), (0.71875, 0.475), (0.71875, 0.475), (0.09375, 0.46764), (0.09375, 0.460281), (0.09375, 0.46764), (0.09375, 0.460281), (0.09375, 0.46764), (0.09375, 0.460281), (0.09375, 0.46764), (0.09375, 0.470158), (0.09375, 0.460281), (0.09375, 0.460281), (0.09375, 0.470158), (0.09375, 0.460281), (0.09375, 0.470158), (0.09375, 0.46764), (0.09375, 0.470158), (0.09375, 0.460281), (0.09375, 0.470158), (0.09375, 0.46764), (0.09375, 0.460281), (0.09375, 0.470158), (0.09375, 0.460281), (0.09375, 0.470158), (0.09375, 0.460281), (0.09375, 0.470158), (0.09375, 0.475), (0.09375, 0.475), (0.09375, 0.475), (0.09375, 0.475), (0.09375, 0.475), (0.09375, 0.475), (0.09375, 0.475), (0.09375, 0.475), (0.09375, 0.475), (0.09375, 0.475), (0.09375, 0.475), (0.09375, 0.475), (0.09375, 0.475), (0.09375, 0.475), (0.09375, 0.475), (0.09375, 0.475), (0.09375, 0.475), (0.09375, 0.475), (0.09375, 0.475), (0.09375, 0.475), (0.09375, 0.475), (0.09375, 0.475), (0.09375, 0.475), (0.09375, 0.475), (0.09375, 0.475), (0.09375, 0.470158), (0.09375, 0.475), (0.09375, 0.470158), (0.09375, 0.475), (0.09375, 0.470158), (0.09375, 0.475), (0.09375, 0.470158), (0.09375, 0.470158), (0.09375, 0.470158), (0.09375, 0.475), (0.09375, 0.475), (0.09375, 0.475), (0.09375, 0.475), (0.09375, 0.475), (0.09375, 0.475), (0.09375, 0.475), (0.09375, 0.475), (0.09375, 0.475), (0.09375, 0.475), (0.09375, 0.475), (0.09375, 0.475), (0.09375, 0.475), (0.09375, 0.475), (0.09375, 0.475), (0.09375, 0.475), (0.09375, 0.475), (0.09375, 0.475), (0.09375, 0.475), (0.09375, 0.475), (0.09375, 0.475), (0.09375, 0.475), (0.09375, 0.475), (0.09375, 0.475), (0.09375, 0.475), (0.09375, 0.475), (0.09375, 0.46764), (0.09375, 0.460281), (0.09375, 0.46764), (0.09375, 0.460281), (0.09375, 0.46764), (0.09375, 0.460281), (0.09375, 0.46764), (0.09375, 0.470158), (0.09375, 0.460281), (0.09375, 0.460281), (0.09375, 0.470158), (0.09375, 0.460281), (0.09375, 0.470158), (0.09375, 0.46764), (0.09375, 0.470158), (0.09375, 0.460281), (0.09375, 0.470158), (0.09375, 0.46764), (0.09375, 0.460281), (0.09375, 0.470158), (0.09375, 0.460281), (0.09375, 0.470158), (0.09375, 0.460281), (0.09375, 0.470158), (0.09375, 0.475), (0.09375, 0.470158), (0.09375, 0.470158), (0.09375, 0.470158), (0.09375, 0.475), (0.09375, 0.475), (0.09375, 0.475), (0.09375, 0.470158), (0.09375, 0.475), (0.09375, 0.470158), (0.09375, 0.475), (0.09375, 0.470158), (0.84375, 0.21764), (0.84375, 0.21764), (0.84375, 0.21764), (0.84375, 0.21764), (0.84375, 0.21764), (0.84375, 0.21764), (0.84375, 0.21764), (0.84375, 0.21764), (0.84375, 0.21764), (0.84375, 0.210281), (0.84375, 0.210281), (0.84375, 0.210281), (0.84375, 0.210281), (0.84375, 0.210281), (0.84375, 0.210281), (0.84375, 0.210281), (0.84375, 0.210281), (0.84375, 0.210281), (0.84375, 0.210281), (0.84375, 0.210281), (0.84375, 0.210281), (0.84375, 0.225), (0.84375, 0.225), (0.84375, 0.225), (0.84375, 0.225), (0.84375, 0.225), (0.84375, 0.225), (0.84375, 0.225), (0.84375, 0.225), (0.84375, 0.225), (0.84375, 0.025), (0.84375, 0.225), (0.84375, 0.025), (0.84375, 0.225), (0.84375, 0.025), (0.84375, 0.225), (0.84375, 0.225), (0.84375, 0.025), (0.84375, 0.025), (0.84375, 0.025), (0.84375, 0.225), (0.84375, 0.225), (0.84375, 0.025), (0.84375, 0.225), (0.84375, 0.225), (0.84375, 0.225), (0.84375, 0.025), (0.84375, 0.025), (0.84375, 0.025), (0.84375, 0.225), (0.84375, 0.225), (0.84375, 0.225), (0.84375, 0.025), (0.84375, 0.025), (0.84375, 0.025), (0.84375, 0.225), (0.84375, 0.225), (0.84375, 0.225), (0.84375, 0.025), (0.84375, 0.225), (0.84375, 0.025), (0.84375, 0.225), (0.84375, 0.025), (0.84375, 0.225), (0.84375, 0.025), (0.84375, 0.025), (0.84375, 0.025), (0.84375, 0.225), (0.84375, 0.225), (0.84375, 0.225), (0.84375, 0.025), (0.84375, 0.025), (0.84375, 0.025), (0.84375, 0.225), (0.84375, 0.225), (0.84375, 0.025), (0.84375, 0.225), (0.84375, 0.025), (0.84375, 0.225), (0.84375, 0.025), (0.84375, 0.225), (0.84375, 0.225), (0.84375, 0.225), (0.84375, 0.225), (0.84375, 0.225), (0.84375, 0.225), (0.84375, 0.225), (0.84375, 0.025), (0.84375, 0.225), (0.84375, 0.025), (0.84375, 0.225), (0.84375, 0.025), (0.84375, 0.225), (0.84375, 0.225), (0.84375, 0.025), (0.84375, 0.025), (0.84375, 0.025), (0.84375, 0.225), (0.84375, 0.225), (0.84375, 0.225), (0.84375, 0.025), (0.84375, 0.225), (0.84375, 0.025), (0.84375, 0.225), (0.84375, 0.025), (0.84375, 0.225), (0.84375, 0.025), (0.84375, 0.025), (0.84375, 0.025), (0.84375, 0.225), (0.84375, 0.225), (0.84375, 0.225), (0.84375, 0.225), (0.84375, 0.225), (0.84375, 0.225), (0.84375, 0.225), (0.84375, 0.225), (0.84375, 0.210281), (0.84375, 0.210281), (0.84375, 0.210281), (0.84375, 0.210281), (0.84375, 0.210281), (0.84375, 0.210281), (0.84375, 0.210281), (0.84375, 0.210281), (0.84375, 0.210281), (0.84375, 0.210281), (0.84375, 0.210281), (0.84375, 0.210281), (0.84375, 0.21764), (0.84375, 0.21764), (0.84375, 0.21764), (0.84375, 0.21764), (0.84375, 0.21764), (0.84375, 0.21764), (0.84375, 0.21764), (0.84375, 0.21764), (0.84375, 0.21764), (0.84375, 0.225), (0.84375, 0.225), (0.84375, 0.225), (0.84375, 0.225), (0.84375, 0.225), (0.84375, 0.225), (0.84375, 0.225), (0.84375, 0.225), (0.84375, 0.225), (0.84375, 0.225), (0.84375, 0.225), (0.84375, 0.225), (0.84375, 0.225), (0.84375, 0.225), (0.84375, 0.225), (0.84375, 0.225), (0.84375, 0.025), (0.84375, 0.025), (0.84375, 0.025), (0.84375, 0.225), (0.84375, 0.225), (0.84375, 0.225), (0.84375, 0.025), (0.84375, 0.225), (0.84375, 0.225), (0.84375, 0.025), (0.84375, 0.025), (0.84375, 0.025), (0.84375, 0.225), (0.84375, 0.225), (0.84375, 0.025), (0.84375, 0.225), (0.84375, 0.025), (0.84375, 0.225), (0.84375, 0.025), (0.84375, 0.225), (0.84375, 0.225), (0.84375, 0.025), (0.84375, 0.025), (0.84375, 0.025), (0.84375, 0.225), (0.84375, 0.225), (0.84375, 0.225), (0.84375, 0.154515), (0.84375, 0.154515), (0.84375, 0.154515), (0.84375, 0.225), (0.84375, 0.225), (0.84375, 0.225), (0.84375, 0.225), (0.84375, 0.225), (0.84375, 0.225), (0.84375, 0.225), (0.84375, 0.225), (0.84375, 0.225), (0.84375, 0.225), (0.84375, 0.225), (0.84375, 0.225), (0.84375, 0.225), (0.84375, 0.225), (0.84375, 0.225), (0.84375, 0.225), (0.84375, 0.225), (0.84375, 0.225), (0.84375, 0.225), (0.84375, 0.225), (0.84375, 0.225), (0.84375, 0.154515), (0.84375, 0.154515), (0.84375, 0.154515), (0.84375, 0.225), (0.84375, 0.225), (0.84375, 0.225), (0.84375, 0.154515), (0.84375, 0.154515), (0.84375, 0.154515), (0.84375, 0.225), (0.84375, 0.225), (0.84375, 0.225), (0.84375, 0.154515), (0.84375, 0.225), (0.84375, 0.154515), (0.84375, 0.225), (0.84375, 0.154515), (0.84375, 0.154515), (0.84375, 0.225), (0.84375, 0.154515), (0.84375, 0.225), (0.84375, 0.154515), (0.84375, 0.225), (0.84375, 0.154515), (0.84375, 0.225), (0.84375, 0.154515), (0.84375, 0.225), (0.84375, 0.154515), (0.84375, 0.225), (0.84375, 0.154515), (0.84375, 0.225), (0.84375, 0.225), (0.84375, 0.225), (0.84375, 0.154515), (0.84375, 0.154515), (0.84375, 0.154515), (0.84375, 0.225), (0.84375, 0.225), (0.84375, 0.225), (0.84375, 0.154515), (0.84375, 0.154515), (0.84375, 0.225), (0.84375, 0.154515), (0.84375, 0.154515), (0.84375, 0.154515), (0.84375, 0.225), (0.84375, 0.225), (0.84375, 0.225), (0.84375, 0.225), (0.84375, 0.225), (0.84375, 0.225), (0.84375, 0.225), (0.84375, 0.225), (0.84375, 0.225), (0.84375, 0.225), (0.84375, 0.225), (0.84375, 0.225), (0.84375, 0.225), (0.84375, 0.225), (0.84375, 0.225), (0.84375, 0.225), (0.84375, 0.225), (0.84375, 0.225), (0.84375, 0.225), (0.84375, 0.225), (0.84375, 0.225), (0.84375, 0.154515), (0.84375, 0.154515), (0.84375, 0.154515), (0.84375, 0.225), (0.84375, 0.225), (0.84375, 0.225), (0.84375, 0.154515), (0.84375, 0.154515), (0.84375, 0.154515), (0.84375, 0.225), (0.84375, 0.225), (0.84375, 0.225), (0.84375, 0.154515), (0.84375, 0.225), (0.84375, 0.154515), (0.84375, 0.225), (0.84375, 0.154515), (0.84375, 0.154515), (0.84375, 0.225), (0.84375, 0.154515), (0.84375, 0.225), (0.84375, 0.154515), (0.84375, 0.225), (0.84375, 0.154515), (0.84375, 0.225), (0.84375, 0.154515), (0.84375, 0.225), (0.84375, 0.154515), (0.84375, 0.225), (0.84375, 0.154515), (0.84375, 0.225), (0.84375, 0.225), (0.84375, 0.225), (0.84375, 0.154515), (0.84375, 0.154515), (0.84375, 0.154515), (0.84375, 0.225), (0.84375, 0.225), (0.84375, 0.225), (0.84375, 0.154515), (0.84375, 0.154515), (0.84375, 0.225), (0.84375, 0.154515), (0.84375, 0.154515), (0.84375, 0.154515), (0.84375, 0.225), (0.84375, 0.225), (0.84375, 0.225), (0.84375, 0.225), (0.84375, 0.225), (0.84375, 0.225), (0.84375, 0.225), (0.84375, 0.225), (0.84375, 0.225), (0.84375, 0.225), (0.84375, 0.225), (0.84375, 0.225), (0.84375, 0.225), (0.84375, 0.225), (0.84375, 0.225), (0.84375, 0.225), (0.84375, 0.225), (0.84375, 0.225), (0.84375, 0.225), (0.84375, 0.225), (0.84375, 0.225), (0.84375, 0.154515), (0.84375, 0.154515), (0.84375, 0.154515), (0.84375, 0.225), (0.84375, 0.225), (0.84375, 0.225), (0.84375, 0.154515), (0.84375, 0.154515), (0.84375, 0.154515), (0.84375, 0.225), (0.84375, 0.225), (0.84375, 0.225), (0.84375, 0.154515), (0.84375, 0.225), (0.84375, 0.154515), (0.84375, 0.225), (0.84375, 0.154515), (0.84375, 0.154515), (0.84375, 0.225), (0.84375, 0.154515), (0.84375, 0.225), (0.84375, 0.154515), (0.84375, 0.225), (0.84375, 0.154515), (0.84375, 0.225), (0.84375, 0.154515), (0.84375, 0.225), (0.84375, 0.154515), (0.84375, 0.225), (0.84375, 0.154515), (0.84375, 0.225), (0.84375, 0.225), (0.84375, 0.225), (0.84375, 0.154515), (0.84375, 0.154515), (0.84375, 0.154515), (0.84375, 0.225), (0.84375, 0.225), (0.84375, 0.225), (0.84375, 0.154515), (0.84375, 0.154515), (0.84375, 0.225), (0.84375, 0.154515), (0.84375, 0.154515), (0.84375, 0.154515), (0.84375, 0.225), (0.84375, 0.225), (0.84375, 0.225), (0.84375, 0.225), (0.84375, 0.225), (0.84375, 0.225), (0.84375, 0.225), (0.84375, 0.225), (0.84375, 0.225), (0.84375, 0.225), (0.84375, 0.225), (0.84375, 0.225), (0.84375, 0.225), (0.84375, 0.225), (0.84375, 0.225), (0.84375, 0.225), (0.84375, 0.225), (0.84375, 0.225), (0.84375, 0.225), (0.84375, 0.225), (0.84375, 0.225), (0.84375, 0.154515), (0.84375, 0.154515), (0.84375, 0.154515), (0.84375, 0.225), (0.84375, 0.225), (0.84375, 0.225), (0.84375, 0.154515), (0.84375, 0.154515), (0.84375, 0.154515), (0.84375, 0.225), (0.84375, 0.225), (0.84375, 0.225), (0.84375, 0.154515), (0.84375, 0.225), (0.84375, 0.154515), (0.84375, 0.225), (0.84375, 0.154515), (0.84375, 0.154515), (0.84375, 0.225), (0.84375, 0.154515), (0.84375, 0.225), (0.84375, 0.154515), (0.84375, 0.225), (0.84375, 0.154515), (0.84375, 0.225), (0.84375, 0.154515), (0.84375, 0.225), (0.84375, 0.154515), (0.84375, 0.225), (0.84375, 0.154515), (0.84375, 0.225), (0.84375, 0.225), (0.84375, 0.225), (0.84375, 0.154515), (0.84375, 0.154515), (0.84375, 0.154515), (0.84375, 0.225), (0.84375, 0.225), (0.84375, 0.225), (0.84375, 0.154515), (0.84375, 0.154515), (0.84375, 0.225), (0.84375, 0.154515), (0.84375, 0.154515), (0.84375, 0.154515), (0.84375, 0.225), (0.84375, 0.225), (0.84375, 0.225), (0.84375, 0.225), (0.84375, 0.225), (0.84375, 0.225), (0.84375, 0.225), (0.84375, 0.225), (0.84375, 0.225), (0.84375, 0.225), (0.84375, 0.225), (0.84375, 0.225), (0.84375, 0.225), (0.84375, 0.225), (0.84375, 0.225), (0.84375, 0.225), (0.84375, 0.225), (0.84375, 0.225), (0.84375, 0.225), (0.84375, 0.225), (0.84375, 0.225), (0.84375, 0.154515), (0.84375, 0.154515), (0.84375, 0.154515), (0.84375, 0.225), (0.84375, 0.225), (0.84375, 0.225), (0.84375, 0.154515), (0.84375, 0.154515), (0.84375, 0.154515), (0.84375, 0.225), (0.84375, 0.225), (0.84375, 0.225), (0.84375, 0.154515), (0.84375, 0.225), (0.84375, 0.154515), (0.84375, 0.225), (0.84375, 0.154515), (0.84375, 0.154515), (0.84375, 0.225), (0.84375, 0.154515), (0.84375, 0.225), (0.84375, 0.154515), (0.84375, 0.225), (0.84375, 0.154515), (0.84375, 0.225), (0.84375, 0.154515), (0.84375, 0.225), (0.84375, 0.154515), (0.84375, 0.225), (0.84375, 0.154515), (0.84375, 0.225), (0.84375, 0.225), (0.84375, 0.225), (0.84375, 0.154515), (0.84375, 0.154515), (0.84375, 0.154515), (0.84375, 0.225), (0.84375, 0.225), (0.84375, 0.225), (0.84375, 0.154515), (0.84375, 0.154515), (0.84375, 0.225), (0.84375, 0.154515), (0.84375, 0.154515), (0.84375, 0.154515), (0.84375, 0.225), (0.84375, 0.225), (0.84375, 0.225), (0.84375, 0.225), (0.84375, 0.225), (0.84375, 0.225), (0.84375, 0.225), (0.84375, 0.225), (0.84375, 0.225), (0.84375, 0.225), (0.84375, 0.225), (0.84375, 0.225), (0.84375, 0.225), (0.84375, 0.225), (0.84375, 0.225), (0.84375, 0.225), (0.84375, 0.225), (0.84375, 0.225), (0.84375, 0.225), (0.84375, 0.225), (0.84375, 0.225), (0.84375, 0.154515), (0.84375, 0.154515), (0.84375, 0.154515), (0.84375, 0.225), (0.84375, 0.225), (0.84375, 0.225), (0.84375, 0.154515), (0.84375, 0.154515), (0.84375, 0.154515), (0.84375, 0.225), (0.84375, 0.225), (0.84375, 0.225), (0.84375, 0.154515), (0.84375, 0.225), (0.84375, 0.154515), (0.84375, 0.225), (0.84375, 0.154515), (0.84375, 0.154515), (0.84375, 0.225), (0.84375, 0.154515), (0.84375, 0.225), (0.84375, 0.154515), (0.84375, 0.225), (0.84375, 0.154515), (0.84375, 0.225), (0.84375, 0.154515), (0.84375, 0.225), (0.84375, 0.154515), (0.84375, 0.225), (0.84375, 0.154515), (0.84375, 0.225), (0.84375, 0.225), (0.84375, 0.225), (0.84375, 0.154515), (0.84375, 0.154515), (0.84375, 0.154515), (0.84375, 0.225), (0.84375, 0.225), (0.84375, 0.225), (0.84375, 0.154515), (0.84375, 0.154515), (0.84375, 0.225), (0.84375, 0.154515), (0.84375, 0.154515), (0.84375, 0.154515), (0.84375, 0.225), (0.84375, 0.225), (0.84375, 0.225), (0.84375, 0.225), (0.84375, 0.225), (0.84375, 0.225), (0.84375, 0.225), (0.84375, 0.225), (0.84375, 0.225), (0.84375, 0.225), (0.84375, 0.225), (0.84375, 0.225), (0.84375, 0.225), (0.84375, 0.225), (0.84375, 0.225), (0.84375, 0.225), (0.84375, 0.225), (0.84375, 0.225), (0.84375, 0.225), (0.84375, 0.225), (0.84375, 0.225), (0.84375, 0.154515), (0.84375, 0.154515), (0.84375, 0.154515), (0.84375, 0.225), (0.84375, 0.225), (0.84375, 0.225), (0.84375, 0.154515), (0.84375, 0.154515), (0.84375, 0.154515), (0.84375, 0.225), (0.84375, 0.225), (0.84375, 0.225), (0.84375, 0.154515), (0.84375, 0.225), (0.84375, 0.154515), (0.84375, 0.225), (0.84375, 0.154515), (0.84375, 0.154515), (0.84375, 0.225), (0.84375, 0.154515), (0.84375, 0.225), (0.84375, 0.154515), (0.84375, 0.225), (0.84375, 0.154515), (0.84375, 0.225), (0.84375, 0.154515), (0.84375, 0.225), (0.84375, 0.154515), (0.84375, 0.225), (0.84375, 0.154515), (0.84375, 0.225), (0.84375, 0.225), (0.84375, 0.225), (0.84375, 0.154515), (0.84375, 0.154515), (0.84375, 0.154515), (0.84375, 0.225), (0.84375, 0.225), (0.84375, 0.225), (0.84375, 0.154515), (0.84375, 0.154515), (0.84375, 0.225), (0.84375, 0.154515), (0.84375, 0.154515), (0.84375, 0.154515), (0.84375, 0.225), (0.84375, 0.225), (0.84375, 0.225), (0.84375, 0.225), (0.84375, 0.225), (0.84375, 0.225), (0.84375, 0.225), (0.84375, 0.225), (0.84375, 0.225), (0.84375, 0.225), (0.84375, 0.225), (0.84375, 0.225), (0.84375, 0.225), (0.84375, 0.225), (0.84375, 0.225), (0.84375, 0.225), (0.84375, 0.225), (0.84375, 0.225), (0.84375, 0.225), (0.84375, 0.225), (0.84375, 0.225), (0.84375, 0.154515), (0.84375, 0.154515), (0.84375, 0.154515), (0.84375, 0.225), (0.84375, 0.225), (0.84375, 0.225), (0.84375, 0.154515), (0.84375, 0.154515), (0.84375, 0.154515), (0.84375, 0.225), (0.84375, 0.225), (0.84375, 0.225), (0.84375, 0.154515), (0.84375, 0.225), (0.84375, 0.154515), (0.84375, 0.225), (0.84375, 0.154515), (0.84375, 0.154515), (0.84375, 0.225), (0.84375, 0.154515), (0.84375, 0.225), (0.84375, 0.154515), (0.84375, 0.225), (0.84375, 0.154515), (0.84375, 0.225), (0.84375, 0.154515), (0.84375, 0.225), (0.84375, 0.154515), (0.84375, 0.225), (0.84375, 0.154515), (0.84375, 0.225), (0.84375, 0.225), (0.84375, 0.225), (0.84375, 0.154515), (0.84375, 0.154515), (0.84375, 0.154515), (0.84375, 0.225), (0.84375, 0.225), (0.84375, 0.225), (0.84375, 0.154515), (0.84375, 0.154515), (0.84375, 0.175), (0.84375, 0.175), (0.84375, 0.175), (0.84375, 0.175), (0.84375, 0.175), (0.84375, 0.175), (0.84375, 0.225), (0.84375, 0.225), (0.84375, 0.225), (0.84375, 0.225), (0.84375, 0.225), (0.84375, 0.225), (0.84375, 0.175), (0.84375, 0.175), (0.84375, 0.175), (0.84375, 0.175), (0.84375, 0.175), (0.84375, 0.175), (0.84375, 0.225), (0.84375, 0.225), (0.84375, 0.225), (0.84375, 0.225), (0.84375, 0.225), (0.84375, 0.225), (0.84375, 0.225), (0.84375, 0.225), (0.84375, 0.225), (0.84375, 0.225), (0.84375, 0.225), (0.84375, 0.225), (0.84375, 0.225), (0.84375, 0.225), (0.84375, 0.225), (0.84375, 0.225), (0.84375, 0.225), (0.84375, 0.225), (0.84375, 0.225), (0.84375, 0.225), (0.84375, 0.225), (0.84375, 0.225), (0.84375, 0.225), (0.84375, 0.225), (0.84375, 0.175), (0.84375, 0.175), (0.84375, 0.175), (0.84375, 0.175), (0.84375, 0.175), (0.84375, 0.175), (0.84375, 0.175), (0.84375, 0.175), (0.84375, 0.175), (0.84375, 0.175), (0.84375, 0.175), (0.84375, 0.175), (0.84375, 0.175), (0.84375, 0.175), (0.84375, 0.175), (0.84375, 0.175), (0.84375, 0.175), (0.84375, 0.175), (0.84375, 0.175), (0.84375, 0.175), (0.84375, 0.175), (0.84375, 0.175), (0.84375, 0.175), (0.84375, 0.175), (0.84375, 0.175), (0.84375, 0.175), (0.84375, 0.175), (0.84375, 0.175), (0.84375, 0.175), (0.84375, 0.175), (0.84375, 0.225), (0.84375, 0.225), (0.84375, 0.225), (0.84375, 0.225), (0.84375, 0.225), (0.84375, 0.225), (0.84375, 0.175), (0.84375, 0.175), (0.84375, 0.175), (0.84375, 0.175), (0.84375, 0.175), (0.84375, 0.175), (0.84375, 0.175), (0.84375, 0.175), (0.84375, 0.175), (0.84375, 0.175), (0.84375, 0.175), (0.84375, 0.175), (0.84375, 0.175), (0.84375, 0.175), (0.84375, 0.175), (0.84375, 0.175), (0.84375, 0.175), (0.84375, 0.175), (0.84375, 0.175), (0.84375, 0.175), (0.84375, 0.175), (0.84375, 0.175), (0.84375, 0.175), (0.84375, 0.175), (0.84375, 0.175), (0.84375, 0.175), (0.84375, 0.175), (0.84375, 0.175), (0.84375, 0.175), (0.84375, 0.175), (0.84375, 0.225), (0.84375, 0.225), (0.84375, 0.225), (0.84375, 0.225), (0.84375, 0.225), (0.84375, 0.225), (0.84375, 0.175), (0.84375, 0.175), (0.84375, 0.175), (0.84375, 0.175), (0.84375, 0.175), (0.84375, 0.175), (0.34375, 0.225), (0.34375, 0.025), (0.34375, 0.025), (0.34375, 0.025), (0.34375, 0.225), (0.34375, 0.225), (0.34375, 0.225), (0.34375, 0.025), (0.34375, 0.025), (0.34375, 0.025), (0.34375, 0.225), (0.34375, 0.225), (0.34375, 0.225), (0.34375, 0.025), (0.34375, 0.025), (0.34375, 0.025), (0.34375, 0.225), (0.34375, 0.225), (0.34375, 0.225), (0.34375, 0.225), (0.34375, 0.225), (0.34375, 0.225), (0.34375, 0.225), (0.34375, 0.225), (0.34375, 0.025), (0.34375, 0.225), (0.34375, 0.025), (0.34375, 0.225), (0.34375, 0.025), (0.34375, 0.225), (0.34375, 0.225), (0.34375, 0.225), (0.34375, 0.225), (0.34375, 0.225), (0.34375, 0.225), (0.34375, 0.225), (0.34375, 0.225), (0.34375, 0.025), (0.34375, 0.025), (0.34375, 0.025), (0.34375, 0.225), (0.34375, 0.225), (0.34375, 0.025), (0.34375, 0.225), (0.34375, 0.025), (0.34375, 0.225), (0.34375, 0.025), (0.34375, 0.225), (0.34375, 0.225), (0.34375, 0.025), (0.34375, 0.025), (0.34375, 0.025), (0.34375, 0.225), (0.34375, 0.225), (0.34375, 0.225), (0.34375, 0.025), (0.34375, 0.025), (0.34375, 0.025), (0.34375, 0.225), (0.34375, 0.225), (0.34375, 0.025), (0.34375, 0.225), (0.34375, 0.025), (0.34375, 0.225), (0.34375, 0.025), (0.34375, 0.225), (0.34375, 0.225), (0.34375, 0.225), (0.34375, 0.225), (0.34375, 0.225), (0.34375, 0.225), (0.34375, 0.225), (0.34375, 0.225), (0.34375, 0.025), (0.34375, 0.025), (0.34375, 0.025), (0.34375, 0.225), (0.34375, 0.225), (0.34375, 0.225), (0.34375, 0.025), (0.34375, 0.025), (0.34375, 0.025), (0.34375, 0.225), (0.34375, 0.225), (0.34375, 0.225), (0.34375, 0.025), (0.34375, 0.025), (0.34375, 0.025), (0.34375, 0.225), (0.34375, 0.225), (0.34375, 0.225), (0.34375, 0.025), (0.34375, 0.217005), (0.34375, 0.025), (0.34375, 0.225), (0.34375, 0.0329949), (0.34375, 0.217005), (0.34375, 0.025), (0.34375, 0.225), (0.34375, 0.0329949), (0.34375, 0.225), (0.34375, 0.025), (0.34375, 0.0684798), (0.34375, 0.225), (0.34375, 0.198245), (0.34375, 0.225), (0.34375, 0.0684798), (0.34375, 0.0952349), (0.34375, 0.0952349), (0.34375, 0.0684798), (0.34375, 0.025), (0.34375, 0.0952349), (0.34375, 0.025), (0.34375, 0.0517551), (0.34375, 0.0517551), (0.34375, 0.025), (0.34375, 0.0684798), (0.34375, 0.0517551), (0.34375, 0.0684798), (0.34375, 0.0952349), (0.34375, 0.0952349), (0.34375, 0.0684798), (0.34375, 0.198245), (0.34375, 0.0952349), (0.34375, 0.198245), (0.34375, 0.225), (0.34375, 0.198245), (0.34375, 0.225), (0.34375, 0.0684798), (0.34375, 0.0952349), (0.34375, 0.0684798), (0.34375, 0.225), (0.34375, 0.025), (0.34375, 0.0684798), (0.34375, 0.0952349), (0.34375, 0.0517551), (0.34375, 0.025), (0.34375, 0.0952349), (0.34375, 0.0684798), (0.34375, 0.025), (0.34375, 0.0517551), (0.34375, 0.0952349), (0.34375, 0.0684798), (0.34375, 0.0517551), (0.34375, 0.198245), (0.34375, 0.0684798), (0.34375, 0.0952349), (0.34375, 0.225), (0.34375, 0.198245), (0.34375, 0.0952349), (0.34375, 0.225), (0.34375, 0.025), (0.34375, 0.217005), (0.34375, 0.025), (0.34375, 0.225), (0.34375, 0.0329949), (0.34375, 0.217005), (0.34375, 0.025), (0.34375, 0.225), (0.34375, 0.0329949), (0.34375, 0.225), (0.34375, 0.025), (0.21875, 0.169313), (0.21875, 0.218231), (0.21875, 0.167019), (0.21875, 0.218231), (0.21875, 0.169313), (0.21875, 0.220525), (0.21875, 0.218231), (0.21875, 0.169313), (0.21875, 0.167019), (0.21875, 0.169313), (0.21875, 0.218231), (0.21875, 0.220525), (0.21875, 0.161481), (0.21875, 0.218231), (0.21875, 0.212693), (0.21875, 0.218231), (0.21875, 0.161481), (0.21875, 0.167019), (0.21875, 0.155943), (0.21875, 0.204861), (0.21875, 0.153649), (0.21875, 0.204861), (0.21875, 0.155943), (0.21875, 0.207155), (0.21875, 0.155943), (0.21875, 0.212693), (0.21875, 0.207155), (0.21875, 0.212693), (0.21875, 0.155943), (0.21875, 0.161481), (0.21875, 0.204861), (0.21875, 0.155943), (0.21875, 0.153649), (0.21875, 0.155943), (0.21875, 0.204861), (0.21875, 0.207155), (0.21875, 0.212693), (0.21875, 0.155943), (0.21875, 0.207155), (0.21875, 0.155943), (0.21875, 0.212693), (0.21875, 0.161481), (0.21875, 0.218231), (0.21875, 0.161481), (0.21875, 0.212693), (0.21875, 0.161481), (0.21875, 0.218231), (0.21875, 0.167019), (0.21875, 0.155943), (0.21875, 0.167019), (0.21875, 0.161481), (0.21875, 0.167019), (0.21875, 0.155943), (0.21875, 0.169313), (0.21875, 0.169313), (0.21875, 0.155943), (0.21875, 0.153649), (0.21875, 0.169313), (0.21875, 0.153649), (0.21875, 0.167019), (0.21875, 0.167019), (0.21875, 0.153649), (0.21875, 0.155943), (0.21875, 0.167019), (0.21875, 0.155943), (0.21875, 0.161481), (0.21875, 0.169313), (0.21875, 0.218231), (0.21875, 0.167019), (0.21875, 0.218231), (0.21875, 0.169313), (0.21875, 0.220525), (0.21875, 0.218231), (0.21875, 0.169313), (0.21875, 0.167019), (0.21875, 0.169313), (0.21875, 0.218231), (0.21875, 0.220525), (0.21875, 0.161481), (0.21875, 0.218231), (0.21875, 0.212693), (0.21875, 0.218231), (0.21875, 0.161481), (0.21875, 0.167019), (0.21875, 0.155943), (0.21875, 0.204861), (0.21875, 0.153649), (0.21875, 0.204861), (0.21875, 0.155943), (0.21875, 0.207155), (0.21875, 0.155943), (0.21875, 0.212693), (0.21875, 0.207155), (0.21875, 0.212693), (0.21875, 0.155943), (0.21875, 0.161481), (0.21875, 0.204861), (0.21875, 0.155943), (0.21875, 0.153649), (0.21875, 0.155943), (0.21875, 0.204861), (0.21875, 0.207155), (0.21875, 0.212693), (0.21875, 0.155943), (0.21875, 0.207155), (0.21875, 0.155943), (0.21875, 0.212693), (0.21875, 0.161481), (0.21875, 0.218231), (0.21875, 0.161481), (0.21875, 0.212693), (0.21875, 0.161481), (0.21875, 0.218231), (0.21875, 0.167019), (0.21875, 0.155943), (0.21875, 0.167019), (0.21875, 0.161481), (0.21875, 0.167019), (0.21875, 0.155943), (0.21875, 0.169313), (0.21875, 0.169313), (0.21875, 0.155943), (0.21875, 0.153649), (0.21875, 0.169313), (0.21875, 0.153649), (0.21875, 0.167019), (0.21875, 0.167019), (0.21875, 0.153649), (0.21875, 0.155943), (0.21875, 0.167019), (0.21875, 0.155943), (0.21875, 0.161481), (0.21875, 0.169313), (0.21875, 0.218231), (0.21875, 0.167019), (0.21875, 0.218231), (0.21875, 0.169313), (0.21875, 0.220525), (0.21875, 0.218231), (0.21875, 0.169313), (0.21875, 0.167019), (0.21875, 0.169313), (0.21875, 0.218231), (0.21875, 0.220525), (0.21875, 0.161481), (0.21875, 0.218231), (0.21875, 0.212693), (0.21875, 0.218231), (0.21875, 0.161481), (0.21875, 0.167019), (0.21875, 0.155943), (0.21875, 0.204861), (0.21875, 0.153649), (0.21875, 0.204861), (0.21875, 0.155943), (0.21875, 0.207155), (0.21875, 0.155943), (0.21875, 0.212693), (0.21875, 0.207155), (0.21875, 0.212693), (0.21875, 0.155943), (0.21875, 0.161481), (0.21875, 0.204861), (0.21875, 0.155943), (0.21875, 0.153649), (0.21875, 0.155943), (0.21875, 0.204861), (0.21875, 0.207155), (0.21875, 0.212693), (0.21875, 0.155943), (0.21875, 0.207155), (0.21875, 0.155943), (0.21875, 0.212693), (0.21875, 0.161481), (0.21875, 0.218231), (0.21875, 0.161481), (0.21875, 0.212693), (0.21875, 0.161481), (0.21875, 0.218231), (0.21875, 0.167019), (0.21875, 0.155943), (0.21875, 0.167019), (0.21875, 0.161481), (0.21875, 0.167019), (0.21875, 0.155943), (0.21875, 0.169313), (0.21875, 0.169313), (0.21875, 0.155943), (0.21875, 0.153649), (0.21875, 0.169313), (0.21875, 0.153649), (0.21875, 0.167019), (0.21875, 0.167019), (0.21875, 0.153649), (0.21875, 0.155943), (0.21875, 0.167019), (0.21875, 0.155943), (0.21875, 0.161481), (0.21875, 0.169313), (0.21875, 0.218231), (0.21875, 0.167019), (0.21875, 0.218231), (0.21875, 0.169313), (0.21875, 0.220525), (0.21875, 0.218231), (0.21875, 0.169313), (0.21875, 0.167019), (0.21875, 0.169313), (0.21875, 0.218231), (0.21875, 0.220525), (0.21875, 0.161481), (0.21875, 0.218231), (0.21875, 0.212693), (0.21875, 0.218231), (0.21875, 0.161481), (0.21875, 0.167019), (0.21875, 0.155943), (0.21875, 0.204861), (0.21875, 0.153649), (0.21875, 0.204861), (0.21875, 0.155943), (0.21875, 0.207155), (0.21875, 0.155943), (0.21875, 0.212693), (0.21875, 0.207155), (0.21875, 0.212693), (0.21875, 0.155943), (0.21875, 0.161481), (0.21875, 0.204861), (0.21875, 0.155943), (0.21875, 0.153649), (0.21875, 0.155943), (0.21875, 0.204861), (0.21875, 0.207155), (0.21875, 0.212693), (0.21875, 0.155943), (0.21875, 0.207155), (0.21875, 0.155943), (0.21875, 0.212693), (0.21875, 0.161481), (0.21875, 0.218231), (0.21875, 0.161481), (0.21875, 0.212693), (0.21875, 0.161481), (0.21875, 0.218231), (0.21875, 0.167019), (0.21875, 0.155943), (0.21875, 0.167019), (0.21875, 0.161481), (0.21875, 0.167019), (0.21875, 0.155943), (0.21875, 0.169313), (0.21875, 0.169313), (0.21875, 0.155943), (0.21875, 0.153649), (0.21875, 0.169313), (0.21875, 0.153649), (0.21875, 0.167019), (0.21875, 0.167019), (0.21875, 0.153649), (0.21875, 0.155943), (0.21875, 0.167019), (0.21875, 0.155943), (0.21875, 0.161481), (0.09375, 0.162609), (0.09375, 0.13739), (0.09375, 0.13739), (0.09375, 0.13739), (0.09375, 0.162609), (0.09375, 0.162609), (0.09375, 0.162609), (0.09375, 0.13739), (0.09375, 0.13739), (0.09375, 0.13739), (0.09375, 0.162609), (0.09375, 0.162609), (0.09375, 0.162609), (0.09375, 0.13739), (0.09375, 0.13739), (0.09375, 0.13739), (0.09375, 0.162609), (0.09375, 0.162609), (0.09375, 0.162609), (0.09375, 0.13739), (0.09375, 0.13739), (0.09375, 0.13739), (0.09375, 0.162609), (0.09375, 0.162609), (0.09375, 0.162609), (0.09375, 0.13739), (0.09375, 0.13739), (0.09375, 0.13739), (0.09375, 0.162609), (0.09375, 0.162609), (0.09375, 0.162609), (0.09375, 0.13739), (0.09375, 0.13739), (0.09375, 0.13739), (0.09375, 0.162609), (0.09375, 0.162609), (0.09375, 0.162609), (0.09375, 0.13739), (0.09375, 0.13739), (0.09375, 0.13739), (0.09375, 0.162609), (0.09375, 0.162609), (0.09375, 0.162609), (0.09375, 0.13739), (0.09375, 0.13739), (0.09375, 0.13739), (0.09375, 0.162609), (0.09375, 0.162609), (0.09375, 0.162609), (0.09375, 0.13739), (0.09375, 0.13739), (0.09375, 0.13739), (0.09375, 0.162609), (0.09375, 0.162609), (0.09375, 0.162609), (0.09375, 0.13739), (0.09375, 0.13739), (0.09375, 0.13739), (0.09375, 0.162609), (0.09375, 0.162609), (0.09375, 0.162609), (0.09375, 0.13739), (0.09375, 0.13739), (0.09375, 0.13739), (0.09375, 0.162609), (0.09375, 0.162609), (0.09375, 0.162609), (0.09375, 0.13739), (0.09375, 0.13739), (0.09375, 0.13739), (0.09375, 0.162609), (0.09375, 0.162609), (0.09375, 0.162609), (0.09375, 0.13739), (0.09375, 0.13739), (0.09375, 0.13739), (0.09375, 0.162609), (0.09375, 0.162609), (0.09375, 0.162609), (0.09375, 0.13739), (0.09375, 0.13739), (0.09375, 0.13739), (0.09375, 0.162609), (0.09375, 0.162609), (0.09375, 0.162609), (0.09375, 0.13739), (0.09375, 0.13739), (0.09375, 0.13739), (0.09375, 0.162609), (0.09375, 0.162609), (0.09375, 0.162609), (0.09375, 0.13739), (0.09375, 0.13739), (0.09375, 0.13739), (0.09375, 0.162609), (0.09375, 0.162609)] (interpolation = "faceVarying")
        uniform token subdivisionScheme = "none"
        rel material:binding = </Vehicle/Materials/colormap>
    }
    def Scope "Materials" {
        def Material "colormap" {
            token outputs:surface.connect = </Vehicle/Materials/colormap/surface.outputs:surface>
            def Shader "surface" {
                uniform token info:id = "UsdPreviewSurface"
                float inputs:roughness = 0.7
                float inputs:metallic = 0
                color3f inputs:diffuseColor.connect = </Vehicle/Materials/colormap/texture.outputs:rgb>
                token outputs:surface
            }
            def Shader "stReader" {
                uniform token info:id = "UsdPrimvarReader_float2"
                token inputs:varname = "st"
                float2 outputs:result
            }
            def Shader "texture" {
                uniform token info:id = "UsdUVTexture"
                asset inputs:file = @kenney-water-colormap.png@
                float2 inputs:st.connect = </Vehicle/Materials/colormap/stReader.outputs:result>
                token inputs:wrapS = "repeat"
                token inputs:wrapT = "repeat"
                float3 outputs:rgb
            }
        }
    }
}
