#usda 1.0
(
    defaultPrim = "Vehicle"
    metersPerUnit = 1
    upAxis = "Y"
)
def Xform "Vehicle" {
    def Mesh "mesh_colormap" {
        int[] faceVertexCounts = [3, 3, 3, 3, 3, 3, 3, 3, 3, 3, 3, 3, 3, 3, 3, 3, 3, 3, 3, 3, 3, 3, 3, 3, 3, 3, 3, 3, 3, 3, 3, 3, 3, 3, 3, 3, 3, 3, 3, 3, 3, 3, 3, 3, 3, 3, 3, 3, 3, 3, 3, 3, 3, 3, 3, 3, 3, 3, 3, 3, 3, 3, 3, 3, 3, 3, 3, 3, 3, 3, 3, 3, 3, 3, 3, 3, 3, 3, 3, 3, 3, 3, 3, 3, 3, 3, 3, 3, 3, 3, 3, 3, 3, 3, 3, 3, 3, 3, 3, 3, 3, 3, 3, 3, 3, 3, 3, 3, 3, 3, 3, 3, 3, 3, 3, 3, 3, 3, 3, 3, 3, 3, 3, 3, 3, 3, 3, 3, 3, 3, 3, 3, 3, 3, 3, 3, 3, 3, 3, 3, 3, 3, 3, 3, 3, 3, 3, 3, 3, 3, 3, 3, 3, 3, 3, 3, 3, 3, 3, 3, 3, 3, 3, 3, 3, 3, 3, 3, 3, 3, 3, 3, 3, 3, 3, 3, 3, 3, 3, 3, 3, 3, 3, 3, 3, 3, 3, 3, 3, 3, 3, 3, 3, 3, 3, 3, 3, 3, 3, 3, 3, 3, 3, 3, 3, 3, 3, 3, 3, 3, 3, 3, 3, 3, 3, 3, 3, 3, 3, 3, 3, 3, 3, 3, 3, 3, 3, 3, 3, 3, 3, 3, 3, 3, 3, 3, 3, 3, 3, 3, 3, 3, 3, 3, 3, 3, 3, 3, 3, 3, 3, 3, 3, 3, 3, 3, 3, 3, 3, 3, 3, 3, 3, 3, 3, 3, 3, 3, 3, 3, 3, 3, 3, 3, 3, 3, 3, 3, 3, 3, 3, 3, 3, 3, 3, 3, 3, 3, 3, 3, 3, 3, 3, 3, 3, 3, 3, 3, 3, 3, 3, 3, 3, 3, 3, 3, 3, 3, 3, 3, 3, 3, 3, 3, 3, 3, 3, 3, 3, 3, 3, 3, 3, 3, 3, 3, 3, 3, 3, 3, 3, 3, 3, 3, 3, 3, 3, 3, 3, 3, 3, 3, 3, 3, 3, 3, 3, 3, 3, 3, 3, 3, 3, 3, 3, 3, 3, 3, 3, 3, 3, 3, 3, 3, 3, 3, 3, 3, 3, 3, 3, 3, 3, 3, 3, 3, 3, 3, 3, 3, 3, 3, 3, 3, 3, 3, 3, 3, 3, 3, 3, 3, 3, 3, 3, 3, 3, 3, 3, 3, 3, 3, 3, 3, 3, 3, 3, 3, 3, 3, 3, 3, 3, 3, 3, 3, 3, 3, 3, 3, 3, 3, 3, 3, 3, 3, 3, 3, 3, 3, 3, 3, 3, 3, 3, 3, 3, 3, 3, 3, 3, 3, 3, 3, 3, 3, 3, 3, 3, 3, 3, 3, 3, 3, 3, 3, 3, 3, 3, 3, 3, 3, 3, 3, 3, 3, 3, 3, 3, 3, 3, 3, 3, 3, 3, 3, 3, 3, 3, 3, 3, 3, 3, 3, 3, 3, 3, 3, 3, 3, 3, 3, 3, 3, 3, 3, 3, 3, 3, 3, 3, 3, 3, 3, 3, 3, 3, 3, 3, 3, 3, 3, 3, 3, 3, 3, 3, 3, 3, 3, 3, 3, 3, 3, 3, 3, 3, 3, 3, 3, 3, 3, 3, 3, 3, 3, 3, 3, 3, 3, 3, 3, 3, 3, 3, 3, 3, 3, 3, 3, 3, 3, 3, 3, 3, 3, 3, 3, 3, 3, 3, 3, 3, 3, 3, 3, 3, 3, 3, 3, 3, 3, 3, 3, 3, 3, 3, 3, 3, 3, 3, 3, 3, 3, 3, 3, 3, 3, 3, 3, 3, 3, 3, 3, 3, 3, 3, 3, 3, 3, 3, 3, 3, 3, 3, 3, 3, 3, 3, 3, 3, 3, 3, 3, 3, 3, 3, 3, 3, 3, 3, 3, 3, 3, 3, 3, 3, 3, 3, 3, 3, 3, 3, 3, 3, 3, 3, 3, 3, 3, 3, 3, 3, 3, 3, 3, 3, 3, 3, 3, 3, 3, 3, 3, 3, 3, 3, 3, 3, 3, 3, 3, 3, 3, 3, 3, 3, 3, 3, 3, 3, 3, 3, 3, 3, 3, 3, 3, 3, 3, 3, 3, 3, 3, 3, 3, 3, 3, 3, 3, 3, 3, 3, 3, 3, 3, 3, 3, 3, 3, 3, 3, 3, 3, 3, 3, 3, 3, 3, 3, 3, 3, 3, 3, 3, 3, 3, 3, 3, 3, 3, 3, 3, 3, 3, 3, 3, 3, 3, 3, 3, 3, 3, 3, 3, 3, 3, 3, 3, 3, 3, 3, 3, 3, 3, 3, 3, 3, 3, 3, 3, 3, 3, 3, 3, 3, 3, 3, 3, 3, 3, 3, 3, 3, 3, 3, 3, 3, 3, 3, 3, 3, 3, 3, 3, 3, 3, 3, 3, 3, 3, 3, 3, 3, 3, 3, 3, 3, 3, 3, 3, 3, 3, 3, 3, 3, 3, 3, 3, 3, 3, 3, 3, 3, 3, 3, 3, 3, 3, 3, 3, 3, 3, 3, 3, 3, 3, 3, 3, 3, 3, 3, 3, 3, 3, 3, 3, 3, 3, 3, 3, 3, 3, 3, 3, 3, 3, 3, 3, 3, 3, 3, 3, 3, 3, 3, 3, 3, 3, 3, 3, 3, 3, 3, 3, 3, 3, 3, 3, 3, 3, 3, 3, 3, 3, 3, 3, 3, 3, 3, 3, 3, 3, 3, 3, 3, 3, 3, 3, 3, 3, 3, 3, 3, 3, 3, 3, 3, 3, 3, 3, 3, 3, 3, 3, 3, 3, 3, 3, 3, 3, 3, 3, 3, 3, 3, 3, 3, 3, 3, 3, 3, 3, 3, 3, 3, 3, 3, 3, 3, 3, 3, 3, 3, 3, 3, 3, 3, 3, 3, 3, 3, 3, 3, 3, 3, 3, 3, 3, 3, 3, 3, 3, 3, 3, 3, 3, 3, 3, 3, 3, 3, 3, 3, 3, 3, 3, 3, 3, 3, 3, 3, 3, 3, 3, 3, 3, 3, 3, 3, 3, 3, 3, 3, 3, 3, 3, 3, 3, 3, 3, 3, 3, 3, 3, 3, 3, 3, 3, 3, 3, 3, 3, 3, 3, 3, 3, 3, 3, 3, 3, 3, 3, 3, 3, 3, 3, 3, 3, 3, 3, 3, 3, 3, 3, 3, 3, 3, 3, 3, 3, 3, 3, 3, 3, 3, 3, 3, 3, 3, 3, 3, 3, 3, 3, 3, 3, 3, 3, 3, 3, 3, 3, 3, 3, 3, 3, 3, 3, 3, 3, 3, 3, 3, 3, 3, 3, 3, 3, 3, 3, 3, 3, 3, 3, 3, 3, 3, 3, 3, 3, 3, 3, 3, 3, 3, 3, 3, 3, 3, 3, 3, 3, 3, 3, 3, 3, 3, 3, 3, 3, 3, 3, 3, 3, 3, 3, 3, 3, 3, 3, 3, 3, 3, 3, 3, 3, 3, 3, 3, 3, 3, 3, 3, 3, 3, 3, 3, 3, 3, 3, 3, 3, 3, 3, 3, 3, 3, 3, 3, 3, 3, 3, 3, 3, 3, 3, 3, 3, 3, 3, 3, 3, 3, 3, 3, 3, 3, 3, 3, 3, 3, 3, 3, 3, 3, 3, 3, 3, 3, 3, 3, 3, 3, 3, 3, 3, 3, 3, 3, 3, 3, 3, 3, 3, 3, 3, 3, 3, 3, 3, 3, 3, 3, 3, 3, 3, 3, 3, 3, 3, 3, 3, 3, 3, 3, 3, 3, 3, 3, 3, 3, 3, 3, 3, 3, 3, 3, 3, 3, 3, 3, 3, 3, 3, 3, 3, 3, 3, 3, 3, 3, 3, 3, 3, 3, 3, 3, 3, 3, 3, 3, 3, 3, 3, 3, 3, 3, 3, 3, 3, 3, 3, 3, 3, 3, 3, 3, 3, 3, 3, 3, 3, 3, 3, 3, 3, 3, 3, 3, 3, 3, 3, 3, 3, 3, 3, 3, 3, 3, 3, 3, 3, 3, 3, 3, 3, 3, 3, 3, 3, 3, 3, 3, 3, 3, 3, 3, 3, 3, 3, 3, 3, 3, 3, 3, 3, 3, 3, 3, 3, 3, 3, 3, 3, 3, 3, 3, 3, 3, 3, 3, 3, 3, 3, 3, 3, 3, 3, 3, 3, 3, 3, 3, 3, 3, 3, 3, 3, 3, 3, 3, 3, 3, 3, 3, 3, 3, 3, 3, 3, 3, 3, 3, 3, 3, 3, 3, 3, 3, 3, 3, 3, 3, 3, 3, 3, 3, 3, 3, 3, 3, 3, 3, 3, 3, 3, 3, 3, 3, 3, 3, 3, 3, 3, 3, 3, 3, 3, 3, 3, 3, 3, 3, 3, 3, 3, 3, 3, 3, 3, 3, 3, 3, 3, 3, 3, 3, 3, 3, 3, 3, 3, 3, 3, 3, 3, 3, 3, 3, 3, 3, 3, 3, 3, 3, 3, 3, 3, 3, 3, 3, 3, 3, 3, 3, 3, 3, 3, 3, 3, 3, 3, 3, 3, 3, 3, 3, 3, 3, 3, 3, 3, 3, 3, 3, 3, 3, 3, 3, 3, 3, 3, 3, 3, 3, 3, 3, 3, 3, 3, 3, 3, 3, 3, 3, 3, 3, 3, 3, 3, 3, 3, 3, 3, 3, 3, 3, 3, 3, 3, 3, 3, 3, 3, 3, 3, 3, 3, 3, 3, 3, 3, 3, 3, 3, 3, 3, 3, 3, 3, 3, 3, 3, 3, 3, 3, 3, 3, 3, 3, 3, 3, 3, 3, 3, 3, 3, 3, 3, 3, 3, 3, 3, 3, 3, 3, 3, 3, 3, 3, 3, 3, 3, 3, 3, 3, 3, 3, 3, 3, 3, 3, 3, 3, 3, 3, 3, 3, 3, 3, 3, 3, 3, 3, 3, 3, 3, 3, 3, 3, 3, 3, 3, 3, 3, 3, 3, 3, 3, 3, 3, 3, 3, 3, 3, 3, 3, 3, 3, 3, 3, 3, 3, 3, 3, 3, 3, 3, 3, 3, 3, 3, 3, 3, 3, 3, 3, 3, 3, 3, 3, 3, 3, 3, 3, 3, 3, 3, 3, 3, 3, 3, 3, 3, 3, 3, 3, 3, 3, 3, 3, 3, 3, 3, 3, 3, 3, 3, 3, 3, 3, 3, 3, 3, 3, 3, 3, 3, 3, 3, 3, 3, 3, 3, 3, 3, 3, 3, 3, 3, 3, 3, 3, 3, 3, 3, 3, 3, 3, 3, 3, 3, 3, 3, 3, 3, 3, 3, 3, 3, 3, 3, 3, 3, 3, 3, 3, 3, 3, 3, 3, 3, 3, 3, 3, 3, 3, 3, 3, 3, 3, 3, 3, 3, 3, 3, 3, 3, 3, 3, 3, 3, 3, 3, 3, 3, 3, 3, 3, 3, 3, 3, 3, 3, 3, 3, 3, 3, 3, 3, 3, 3, 3, 3, 3, 3, 3, 3, 3, 3, 3, 3, 3, 3, 3, 3, 3, 3, 3, 3, 3, 3, 3, 3, 3, 3, 3, 3, 3, 3, 3, 3, 3, 3, 3, 3, 3, 3, 3, 3, 3, 3, 3, 3, 3, 3, 3, 3, 3, 3, 3, 3, 3, 3, 3, 3, 3, 3, 3, 3, 3, 3, 3, 3, 3, 3, 3, 3, 3, 3, 3, 3, 3, 3, 3, 3, 3, 3, 3, 3, 3, 3, 3, 3, 3, 3, 3, 3, 3, 3, 3, 3, 3, 3, 3, 3, 3, 3, 3, 3, 3, 3, 3, 3, 3, 3, 3, 3, 3, 3, 3, 3, 3, 3, 3, 3, 3, 3, 3, 3, 3, 3, 3, 3, 3, 3, 3, 3, 3, 3, 3, 3, 3, 3, 3, 3, 3, 3, 3, 3, 3, 3, 3, 3, 3, 3, 3, 3, 3, 3, 3, 3, 3, 3, 3, 3, 3, 3, 3, 3, 3, 3, 3, 3, 3, 3, 3, 3, 3, 3, 3, 3, 3, 3, 3, 3, 3, 3, 3, 3, 3, 3, 3, 3, 3, 3, 3, 3, 3, 3, 3, 3, 3, 3, 3, 3, 3, 3, 3, 3, 3, 3, 3, 3, 3, 3, 3, 3, 3, 3, 3, 3, 3, 3, 3, 3, 3, 3, 3, 3, 3, 3, 3, 3, 3, 3, 3, 3, 3, 3, 3, 3, 3, 3, 3, 3, 3, 3, 3, 3, 3, 3, 3, 3, 3, 3, 3, 3, 3, 3, 3, 3, 3, 3, 3, 3, 3, 3, 3, 3, 3, 3, 3, 3, 3, 3, 3, 3, 3, 3, 3, 3, 3, 3, 3, 3, 3, 3, 3, 3, 3, 3, 3, 3, 3, 3, 3, 3, 3, 3, 3, 3, 3, 3, 3, 3, 3, 3, 3, 3, 3, 3, 3, 3, 3, 3, 3, 3, 3, 3, 3, 3, 3, 3, 3, 3, 3, 3, 3, 3, 3, 3, 3, 3, 3, 3, 3, 3, 3, 3, 3, 3, 3, 3, 3, 3, 3, 3, 3, 3, 3, 3, 3, 3, 3, 3, 3]
        int[] faceVertexIndices = [2, 1, 0, 1, 2, 3, 4, 2, 0, 2, 4, 5, 8, 7, 6, 7, 8, 9, 11, 7, 10, 7, 11, 6, 6, 11, 12, 8, 13, 9, 13, 8, 14, 14, 8, 15, 11, 15, 12, 15, 11, 14, 15, 6, 12, 6, 15, 8, 18, 17, 16, 17, 18, 19, 19, 18, 20, 21, 18, 16, 18, 21, 22, 20, 23, 19, 23, 20, 24, 22, 20, 18, 20, 22, 24, 23, 21, 25, 21, 23, 22, 22, 23, 24, 28, 27, 26, 27, 28, 29, 32, 31, 30, 31, 32, 33, 36, 35, 34, 35, 36, 37, 32, 38, 33, 38, 32, 39, 36, 40, 37, 40, 36, 41, 43, 31, 42, 31, 43, 30, 43, 32, 30, 32, 43, 39, 46, 45, 44, 45, 46, 47, 47, 46, 48, 47, 48, 49, 49, 51, 50, 51, 49, 48, 52, 36, 34, 36, 52, 41, 46, 54, 53, 54, 46, 44, 52, 56, 55, 56, 52, 50, 50, 52, 35, 35, 52, 34, 51, 56, 50, 53, 56, 51, 54, 56, 53, 56, 54, 57, 42, 57, 54, 42, 38, 57, 31, 38, 42, 38, 31, 33, 53, 51, 58, 59, 58, 51, 60, 58, 59, 60, 59, 25, 61, 58, 60, 60, 25, 17, 21, 17, 25, 17, 21, 16, 10, 58, 61, 10, 13, 58, 7, 13, 10, 13, 7, 9, 64, 63, 62, 63, 64, 65, 66, 65, 64, 65, 66, 67, 66, 68, 67, 68, 66, 69, 69, 70, 68, 70, 69, 71, 74, 73, 72, 73, 74, 75, 73, 75, 76, 76, 75, 77, 76, 77, 78, 78, 77, 79, 79, 77, 80, 79, 80, 81, 81, 80, 82, 81, 82, 83, 83, 82, 84, 83, 84, 85, 85, 84, 86, 86, 84, 87, 86, 87, 70, 70, 87, 88, 70, 88, 68, 68, 88, 89, 68, 89, 67, 67, 89, 90, 67, 90, 65, 65, 90, 63, 63, 90, 91, 91, 90, 92, 93, 79, 81, 79, 93, 94, 71, 86, 70, 86, 71, 95, 96, 81, 83, 81, 96, 93, 78, 97, 76, 97, 78, 98, 76, 99, 73, 99, 76, 97, 79, 98, 78, 98, 79, 94, 95, 85, 86, 85, 95, 100, 100, 83, 85, 83, 100, 96, 103, 102, 101, 102, 103, 104, 107, 106, 105, 106, 107, 108, 110, 108, 109, 108, 110, 106, 112, 109, 111, 109, 112, 110, 114, 111, 113, 111, 114, 112, 102, 116, 115, 116, 102, 117, 117, 102, 104, 117, 104, 118, 118, 104, 105, 118, 105, 106, 118, 106, 119, 119, 106, 110, 119, 110, 120, 120, 110, 112, 120, 112, 121, 121, 112, 114, 121, 114, 122, 121, 122, 123, 123, 122, 124, 123, 124, 125, 125, 124, 126, 125, 126, 127, 127, 126, 128, 127, 128, 129, 129, 128, 130, 129, 130, 131, 129, 131, 132, 129, 132, 133, 122, 113, 134, 113, 122, 114, 124, 134, 135, 134, 124, 122, 126, 136, 128, 136, 126, 137, 126, 135, 137, 135, 126, 124, 130, 136, 138, 136, 130, 128, 131, 138, 139, 138, 131, 130, 107, 104, 103, 104, 107, 105, 142, 141, 140, 141, 142, 143, 141, 143, 144, 147, 146, 145, 146, 147, 148, 148, 147, 149, 151, 142, 150, 142, 151, 143, 154, 153, 152, 153, 154, 155, 158, 157, 156, 157, 158, 159, 145, 159, 158, 159, 145, 146, 161, 152, 160, 152, 161, 154, 160, 163, 162, 163, 160, 164, 164, 160, 152, 164, 152, 165, 165, 152, 153, 165, 153, 166, 165, 166, 167, 167, 166, 144, 167, 144, 168, 168, 144, 143, 168, 143, 169, 169, 143, 151, 169, 151, 170, 169, 170, 171, 171, 170, 172, 171, 172, 173, 173, 172, 147, 173, 147, 174, 174, 147, 145, 174, 145, 175, 175, 145, 158, 175, 158, 156, 175, 156, 176, 175, 176, 177, 155, 166, 153, 166, 155, 178, 170, 150, 179, 150, 170, 151, 172, 179, 180, 179, 172, 170, 147, 180, 149, 180, 147, 172, 144, 178, 141, 178, 144, 166, 183, 182, 181, 182, 183, 184, 182, 184, 185, 185, 186, 182, 186, 185, 187, 190, 189, 188, 189, 190, 191, 187, 192, 186, 192, 187, 193, 196, 195, 194, 195, 196, 197, 200, 199, 198, 199, 200, 201, 201, 181, 199, 181, 201, 183, 202, 197, 196, 197, 202, 203, 189, 203, 202, 203, 189, 191, 193, 204, 192, 204, 193, 205, 205, 206, 204, 206, 205, 207, 209, 194, 208, 194, 209, 210, 194, 210, 196, 196, 210, 211, 196, 211, 202, 202, 211, 189, 189, 211, 212, 189, 212, 188, 188, 212, 213, 188, 213, 206, 206, 213, 214, 206, 214, 204, 204, 214, 215, 204, 215, 192, 192, 215, 186, 186, 215, 216, 186, 216, 182, 182, 216, 217, 182, 217, 181, 181, 217, 218, 181, 218, 199, 199, 218, 198, 198, 218, 219, 219, 218, 220, 207, 188, 206, 188, 207, 221, 190, 188, 221, 224, 223, 222, 223, 224, 14, 14, 224, 13, 13, 224, 225, 225, 224, 226, 13, 225, 227, 227, 58, 13, 58, 227, 228, 59, 23, 25, 23, 59, 229, 229, 59, 230, 230, 59, 231, 229, 230, 232, 233, 232, 230, 232, 233, 234, 234, 233, 235, 238, 237, 236, 237, 238, 239, 40, 52, 55, 52, 40, 41, 45, 56, 57, 56, 45, 47, 38, 45, 57, 39, 45, 38, 39, 44, 45, 43, 44, 39, 43, 54, 44, 54, 43, 42, 56, 40, 55, 47, 40, 56, 49, 40, 47, 49, 37, 40, 37, 49, 35, 50, 35, 49, 242, 241, 240, 241, 242, 243, 245, 242, 244, 242, 245, 243, 246, 1, 3, 1, 246, 247, 246, 4, 247, 4, 246, 5, 250, 249, 248, 249, 250, 251, 253, 246, 252, 246, 253, 5, 5, 253, 254, 255, 5, 254, 5, 255, 2, 2, 255, 256, 257, 2, 256, 258, 2, 257, 2, 258, 3, 256, 255, 259, 259, 255, 260, 259, 260, 261, 259, 261, 262, 259, 262, 263, 264, 253, 252, 253, 264, 265, 268, 267, 266, 267, 268, 269, 223, 267, 269, 267, 223, 270, 273, 272, 271, 272, 273, 274, 273, 275, 229, 275, 273, 271, 258, 277, 276, 277, 258, 27, 27, 258, 26, 26, 258, 257, 248, 247, 250, 248, 1, 247, 248, 276, 1, 61, 276, 248, 276, 61, 258, 60, 258, 61, 258, 60, 264, 258, 264, 3, 3, 264, 246, 246, 264, 252, 277, 1, 276, 1, 277, 0, 0, 277, 278, 279, 0, 278, 0, 279, 4, 4, 279, 280, 280, 279, 281, 281, 279, 282, 282, 279, 283, 283, 279, 284, 284, 279, 285, 4, 250, 247, 250, 4, 251, 251, 4, 280, 286, 28, 26, 28, 286, 287, 288, 27, 29, 27, 288, 289, 27, 278, 277, 27, 279, 278, 289, 279, 27, 290, 279, 289, 279, 290, 291, 29, 292, 288, 292, 29, 293, 293, 29, 28, 293, 28, 294, 294, 28, 295, 295, 28, 287, 59, 296, 231, 296, 59, 51, 296, 51, 297, 297, 51, 298, 298, 51, 245, 245, 299, 298, 299, 245, 300, 245, 51, 301, 301, 51, 48, 302, 63, 91, 63, 302, 62, 62, 302, 303, 90, 304, 92, 304, 90, 305, 305, 90, 306, 303, 99, 62, 99, 303, 307, 89, 306, 90, 306, 89, 308, 88, 308, 89, 308, 88, 309, 99, 72, 73, 72, 99, 227, 227, 99, 307, 227, 307, 228, 97, 62, 99, 62, 97, 98, 62, 98, 94, 62, 94, 93, 62, 93, 96, 62, 96, 100, 62, 100, 95, 62, 95, 71, 62, 71, 69, 62, 69, 66, 62, 66, 64, 92, 302, 91, 302, 92, 304, 87, 309, 88, 309, 87, 310, 84, 310, 87, 310, 84, 311, 82, 311, 84, 311, 82, 312, 80, 312, 82, 312, 80, 313, 315, 314, 77, 313, 77, 314, 77, 313, 80, 225, 75, 74, 75, 225, 226, 75, 226, 316, 316, 77, 75, 77, 316, 315, 224, 316, 226, 316, 224, 315, 315, 224, 314, 296, 230, 231, 230, 296, 101, 230, 101, 115, 115, 101, 102, 132, 297, 298, 297, 132, 139, 139, 132, 131, 139, 103, 101, 103, 139, 107, 107, 139, 108, 108, 139, 109, 109, 139, 111, 111, 139, 113, 113, 139, 134, 134, 139, 135, 135, 139, 137, 137, 139, 136, 136, 139, 138, 139, 296, 297, 296, 139, 101, 116, 230, 115, 230, 116, 233, 117, 233, 116, 233, 117, 235, 235, 117, 317, 118, 317, 117, 317, 118, 318, 318, 320, 319, 320, 318, 119, 119, 318, 118, 321, 127, 129, 127, 321, 322, 324, 121, 323, 121, 324, 120, 320, 120, 324, 120, 320, 119, 299, 129, 133, 129, 299, 300, 129, 300, 321, 323, 123, 325, 123, 323, 121, 326, 127, 322, 127, 326, 125, 298, 133, 132, 133, 298, 299, 325, 125, 326, 125, 325, 123, 317, 234, 235, 234, 317, 318, 234, 318, 319, 262, 174, 263, 174, 262, 173, 263, 327, 259, 327, 263, 174, 175, 327, 174, 327, 175, 328, 255, 169, 260, 169, 255, 168, 261, 173, 262, 173, 261, 171, 164, 329, 163, 329, 164, 330, 331, 177, 176, 177, 331, 332, 260, 171, 261, 171, 260, 169, 332, 175, 177, 175, 332, 328, 218, 291, 333, 291, 218, 217, 291, 217, 279, 279, 217, 285, 216, 285, 217, 285, 216, 284, 214, 283, 215, 283, 214, 282, 213, 282, 214, 282, 213, 281, 215, 284, 216, 284, 215, 283, 335, 210, 334, 210, 335, 211, 336, 210, 209, 210, 336, 334, 338, 337, 212, 337, 213, 212, 213, 337, 281, 281, 337, 280, 339, 255, 254, 255, 339, 168, 168, 339, 340, 168, 340, 167, 256, 26, 257, 259, 26, 256, 26, 259, 286, 286, 259, 327, 286, 327, 341, 342, 167, 340, 167, 342, 165, 165, 330, 164, 330, 165, 342, 337, 251, 280, 251, 337, 249, 254, 265, 339, 265, 254, 253, 227, 74, 72, 74, 227, 225, 176, 157, 331, 157, 176, 156, 163, 343, 162, 343, 163, 329, 161, 162, 343, 162, 161, 160, 344, 209, 208, 209, 344, 336, 220, 345, 219, 345, 220, 346, 195, 208, 194, 208, 195, 344, 211, 338, 212, 338, 211, 335, 345, 198, 219, 198, 345, 200, 218, 346, 220, 346, 218, 333, 287, 237, 295, 237, 287, 347, 347, 236, 237, 348, 236, 347, 348, 292, 236, 292, 348, 288, 244, 304, 305, 304, 244, 302, 53, 302, 244, 53, 244, 349, 53, 349, 46, 53, 303, 302, 53, 307, 303, 58, 307, 53, 307, 58, 228, 350, 244, 305, 244, 350, 351, 244, 351, 300, 245, 244, 300, 350, 313, 314, 313, 350, 312, 312, 350, 305, 312, 305, 311, 311, 305, 310, 310, 305, 309, 309, 305, 308, 308, 305, 306, 320, 351, 319, 351, 320, 324, 351, 324, 300, 300, 324, 323, 300, 323, 325, 300, 325, 326, 300, 326, 322, 300, 322, 321, 275, 23, 229, 341, 23, 275, 352, 341, 275, 341, 19, 23, 341, 332, 19, 19, 332, 331, 19, 331, 17, 157, 17, 331, 341, 328, 332, 328, 331, 332, 328, 157, 331, 328, 341, 327, 327, 157, 328, 327, 159, 157, 146, 157, 159, 327, 146, 159, 148, 157, 146, 146, 327, 148, 149, 157, 148, 180, 157, 149, 179, 157, 180, 150, 157, 179, 142, 157, 150, 140, 157, 142, 141, 157, 140, 339, 141, 140, 141, 17, 157, 340, 141, 339, 265, 340, 339, 340, 178, 141, 178, 17, 141, 265, 342, 340, 342, 178, 340, 264, 342, 265, 155, 17, 178, 342, 155, 178, 342, 154, 155, 154, 17, 155, 330, 154, 342, 342, 264, 330, 161, 17, 154, 330, 161, 154, 330, 264, 329, 329, 161, 330, 343, 17, 161, 161, 329, 343, 329, 264, 343, 343, 60, 17, 60, 343, 264, 270, 290, 353, 14, 290, 270, 14, 270, 223, 11, 290, 14, 346, 290, 11, 346, 11, 345, 10, 345, 11, 10, 200, 345, 333, 290, 346, 345, 333, 346, 200, 333, 345, 290, 333, 291, 200, 291, 333, 201, 291, 200, 200, 183, 201, 183, 291, 201, 200, 184, 183, 291, 183, 184, 200, 185, 184, 200, 187, 185, 200, 193, 187, 200, 205, 193, 200, 207, 205, 200, 221, 207, 200, 190, 221, 190, 337, 221, 10, 190, 200, 190, 338, 337, 338, 249, 337, 191, 338, 190, 10, 191, 190, 335, 249, 338, 191, 335, 338, 335, 248, 249, 10, 203, 191, 203, 335, 191, 197, 335, 203, 10, 197, 203, 334, 248, 335, 197, 334, 335, 10, 195, 197, 195, 334, 197, 336, 248, 334, 195, 336, 334, 248, 336, 61, 344, 10, 61, 10, 344, 195, 336, 195, 344, 61, 336, 344, 289, 353, 290, 353, 289, 222, 268, 353, 222, 353, 268, 266, 222, 289, 224, 224, 289, 354, 224, 354, 314, 351, 314, 354, 314, 351, 350, 351, 354, 355, 351, 355, 234, 351, 234, 319, 286, 234, 355, 234, 286, 232, 232, 286, 341, 232, 341, 352, 232, 352, 272, 232, 272, 274, 268, 223, 269, 223, 268, 222, 232, 273, 229, 273, 232, 274, 357, 293, 356, 359, 294, 358, 359, 360, 356, 360, 359, 361, 293, 359, 356, 359, 293, 294, 360, 357, 356, 357, 360, 362, 363, 359, 358, 359, 363, 361, 353, 267, 270, 267, 353, 266, 272, 275, 271, 275, 272, 352, 348, 289, 288, 289, 348, 354, 355, 287, 286, 287, 355, 347, 348, 355, 354, 355, 348, 347, 366, 365, 364, 365, 366, 367, 370, 369, 368, 369, 370, 371, 374, 373, 372, 373, 374, 375, 378, 377, 376, 377, 378, 379, 382, 381, 380, 381, 382, 383, 385, 364, 384, 364, 385, 366, 369, 387, 386, 387, 369, 371, 388, 374, 372, 374, 388, 389, 390, 371, 370, 371, 390, 391, 394, 393, 392, 393, 394, 395, 396, 383, 375, 383, 396, 397, 398, 378, 376, 378, 398, 399, 392, 401, 400, 401, 392, 402, 405, 404, 403, 404, 405, 406, 369, 408, 407, 408, 369, 386, 411, 410, 409, 410, 411, 412, 393, 402, 392, 402, 393, 413, 414, 391, 381, 391, 414, 415, 407, 367, 366, 367, 407, 408, 383, 414, 381, 414, 383, 397, 416, 366, 385, 366, 416, 407, 406, 417, 404, 417, 406, 418, 419, 375, 374, 375, 419, 396, 421, 376, 420, 376, 421, 398, 422, 394, 412, 394, 422, 395, 423, 406, 405, 406, 423, 424, 425, 392, 400, 392, 425, 394, 368, 407, 416, 407, 368, 369, 376, 426, 420, 426, 376, 377, 389, 419, 374, 419, 389, 427, 429, 420, 428, 420, 429, 421, 371, 415, 387, 415, 371, 391, 431, 411, 430, 411, 431, 432, 432, 412, 411, 412, 432, 422, 412, 425, 410, 425, 412, 394, 404, 379, 378, 379, 404, 417, 413, 428, 402, 428, 413, 429, 433, 389, 388, 389, 433, 424, 364, 431, 430, 431, 364, 365, 403, 378, 399, 378, 403, 404, 430, 409, 434, 409, 430, 411, 424, 427, 389, 427, 424, 423, 373, 383, 382, 383, 373, 375, 380, 391, 390, 391, 380, 381, 402, 435, 401, 435, 402, 428, 424, 418, 406, 418, 424, 433, 420, 435, 428, 435, 420, 426, 384, 430, 434, 430, 384, 364, 417, 436, 379, 436, 417, 437, 417, 438, 437, 438, 417, 418, 418, 439, 438, 439, 418, 433, 441, 372, 440, 372, 441, 388, 442, 416, 385, 416, 442, 443, 437, 444, 436, 444, 437, 438, 444, 438, 445, 445, 438, 439, 445, 439, 446, 446, 439, 441, 446, 441, 447, 447, 441, 440, 447, 440, 448, 448, 440, 449, 448, 449, 450, 450, 449, 451, 450, 451, 452, 452, 451, 453, 452, 453, 454, 454, 453, 455, 454, 455, 456, 456, 455, 457, 456, 457, 458, 458, 457, 459, 458, 459, 442, 442, 459, 443, 434, 454, 456, 454, 434, 409, 457, 368, 459, 368, 457, 370, 458, 385, 384, 385, 458, 442, 409, 452, 454, 452, 409, 410, 459, 416, 443, 416, 459, 368, 410, 450, 452, 450, 410, 425, 425, 448, 450, 448, 425, 400, 456, 384, 434, 384, 456, 458, 400, 447, 448, 447, 400, 401, 401, 446, 447, 446, 401, 435, 426, 446, 435, 446, 426, 445, 379, 444, 377, 444, 379, 436, 455, 370, 457, 370, 455, 390, 377, 445, 426, 445, 377, 444, 440, 373, 449, 373, 440, 372, 451, 380, 453, 380, 451, 382, 449, 382, 451, 382, 449, 373, 439, 388, 441, 388, 439, 433, 453, 390, 455, 390, 453, 380, 462, 461, 460, 461, 462, 463, 466, 465, 464, 465, 466, 467, 470, 469, 468, 469, 470, 471, 469, 471, 472, 472, 471, 473, 472, 473, 460, 460, 473, 474, 460, 474, 462, 462, 474, 475, 462, 475, 476, 476, 475, 477, 476, 477, 478, 478, 477, 466, 478, 466, 479, 479, 466, 464, 479, 464, 480, 480, 464, 481, 480, 481, 482, 482, 481, 483, 482, 483, 484, 484, 483, 485, 484, 485, 486, 486, 485, 487, 469, 488, 468, 488, 469, 489, 490, 482, 484, 482, 490, 491, 471, 493, 492, 493, 471, 470, 464, 494, 481, 494, 464, 465, 473, 492, 495, 492, 473, 471, 496, 481, 494, 481, 496, 483, 460, 497, 472, 497, 460, 461, 472, 489, 469, 489, 472, 497, 498, 478, 479, 478, 498, 499, 499, 476, 478, 476, 499, 500, 476, 463, 462, 463, 476, 500, 491, 480, 482, 480, 491, 501, 503, 485, 502, 485, 503, 487, 504, 487, 503, 487, 504, 486, 505, 475, 474, 475, 505, 506, 507, 466, 477, 466, 507, 467, 504, 484, 486, 484, 504, 490, 475, 507, 477, 507, 475, 506, 501, 479, 480, 479, 501, 498, 470, 488, 493, 488, 470, 468, 502, 483, 496, 483, 502, 485, 495, 474, 473, 474, 495, 505, 510, 509, 508, 509, 510, 511, 509, 511, 512, 512, 511, 513, 513, 511, 514, 513, 514, 515, 514, 516, 515, 513, 515, 517, 516, 514, 518, 516, 518, 519, 519, 518, 520, 513, 517, 521, 521, 517, 522, 521, 522, 523, 520, 518, 524, 520, 524, 525, 525, 524, 526, 526, 524, 527, 526, 527, 528, 521, 523, 529, 529, 523, 530, 529, 530, 531, 528, 527, 532, 528, 532, 533, 533, 532, 534, 529, 531, 535, 535, 531, 536, 535, 536, 537, 535, 537, 538, 538, 537, 539, 534, 532, 540, 534, 540, 541, 541, 540, 542, 538, 539, 543, 543, 539, 544, 543, 544, 545, 542, 540, 546, 543, 545, 547, 542, 546, 548, 547, 545, 549, 548, 546, 550, 547, 549, 550, 547, 550, 546, 547, 546, 551, 547, 551, 552, 552, 551, 553, 552, 553, 554, 554, 553, 555, 398, 403, 399, 403, 398, 421, 403, 421, 405, 405, 421, 429, 405, 429, 423, 423, 429, 556, 556, 429, 557, 558, 423, 556, 557, 429, 413, 557, 413, 559, 559, 413, 560, 423, 558, 427, 427, 558, 561, 427, 561, 562, 560, 413, 393, 560, 393, 563, 563, 393, 564, 564, 393, 395, 564, 395, 565, 427, 562, 419, 419, 562, 566, 419, 566, 567, 565, 395, 422, 565, 422, 568, 568, 422, 569, 419, 567, 396, 396, 567, 570, 396, 570, 571, 396, 571, 397, 397, 571, 572, 569, 422, 432, 569, 432, 573, 573, 432, 574, 397, 572, 414, 414, 572, 575, 414, 575, 576, 574, 432, 431, 414, 576, 415, 574, 431, 577, 415, 576, 578, 577, 431, 579, 415, 578, 579, 415, 579, 431, 415, 431, 365, 415, 365, 387, 387, 365, 367, 387, 367, 386, 386, 367, 408, 582, 581, 580, 581, 582, 583, 586, 585, 584, 585, 586, 587, 590, 589, 588, 589, 590, 591, 594, 593, 592, 593, 594, 595, 598, 597, 596, 597, 598, 599, 601, 580, 600, 580, 601, 582, 585, 603, 602, 603, 585, 587, 604, 590, 588, 590, 604, 605, 606, 587, 586, 587, 606, 607, 610, 609, 608, 609, 610, 611, 612, 599, 591, 599, 612, 613, 614, 594, 592, 594, 614, 615, 608, 617, 616, 617, 608, 618, 621, 620, 619, 620, 621, 622, 585, 624, 623, 624, 585, 602, 627, 626, 625, 626, 627, 628, 609, 618, 608, 618, 609, 629, 630, 607, 597, 607, 630, 631, 623, 583, 582, 583, 623, 624, 599, 630, 597, 630, 599, 613, 632, 582, 601, 582, 632, 623, 622, 633, 620, 633, 622, 634, 635, 591, 590, 591, 635, 612, 637, 592, 636, 592, 637, 614, 638, 610, 628, 610, 638, 611, 639, 622, 621, 622, 639, 640, 641, 608, 616, 608, 641, 610, 584, 623, 632, 623, 584, 585, 592, 642, 636, 642, 592, 593, 605, 635, 590, 635, 605, 643, 645, 636, 644, 636, 645, 637, 587, 631, 603, 631, 587, 607, 647, 627, 646, 627, 647, 648, 648, 628, 627, 628, 648, 638, 628, 641, 626, 641, 628, 610, 620, 595, 594, 595, 620, 633, 629, 644, 618, 644, 629, 645, 649, 605, 604, 605, 649, 640, 580, 647, 646, 647, 580, 581, 619, 594, 615, 594, 619, 620, 646, 625, 650, 625, 646, 627, 640, 643, 605, 643, 640, 639, 589, 599, 598, 599, 589, 591, 596, 607, 606, 607, 596, 597, 618, 651, 617, 651, 618, 644, 640, 634, 622, 634, 640, 649, 636, 651, 644, 651, 636, 642, 600, 646, 650, 646, 600, 580, 633, 652, 595, 652, 633, 653, 633, 654, 653, 654, 633, 634, 634, 655, 654, 655, 634, 649, 657, 588, 656, 588, 657, 604, 658, 632, 601, 632, 658, 659, 653, 660, 652, 660, 653, 654, 660, 654, 661, 661, 654, 655, 661, 655, 662, 662, 655, 657, 662, 657, 663, 663, 657, 656, 663, 656, 664, 664, 656, 665, 664, 665, 666, 666, 665, 667, 666, 667, 668, 668, 667, 669, 668, 669, 670, 670, 669, 671, 670, 671, 672, 672, 671, 673, 672, 673, 674, 674, 673, 675, 674, 675, 658, 658, 675, 659, 650, 670, 672, 670, 650, 625, 673, 584, 675, 584, 673, 586, 674, 601, 600, 601, 674, 658, 625, 668, 670, 668, 625, 626, 675, 632, 659, 632, 675, 584, 626, 666, 668, 666, 626, 641, 641, 664, 666, 664, 641, 616, 672, 600, 650, 600, 672, 674, 616, 663, 664, 663, 616, 617, 617, 662, 663, 662, 617, 651, 642, 662, 651, 662, 642, 661, 595, 660, 593, 660, 595, 652, 671, 586, 673, 586, 671, 606, 593, 661, 642, 661, 593, 660, 656, 589, 665, 589, 656, 588, 667, 596, 669, 596, 667, 598, 665, 598, 667, 598, 665, 589, 655, 604, 657, 604, 655, 649, 669, 606, 671, 606, 669, 596, 678, 677, 676, 677, 678, 679, 682, 681, 680, 681, 682, 683, 686, 685, 684, 685, 686, 687, 685, 687, 688, 688, 687, 689, 688, 689, 676, 676, 689, 690, 676, 690, 678, 678, 690, 691, 678, 691, 692, 692, 691, 693, 692, 693, 694, 694, 693, 682, 694, 682, 695, 695, 682, 680, 695, 680, 696, 696, 680, 697, 696, 697, 698, 698, 697, 699, 698, 699, 700, 700, 699, 701, 700, 701, 702, 702, 701, 703, 685, 704, 684, 704, 685, 705, 706, 698, 700, 698, 706, 707, 687, 709, 708, 709, 687, 686, 680, 710, 697, 710, 680, 681, 689, 708, 711, 708, 689, 687, 712, 697, 710, 697, 712, 699, 676, 713, 688, 713, 676, 677, 688, 705, 685, 705, 688, 713, 714, 694, 695, 694, 714, 715, 715, 692, 694, 692, 715, 716, 692, 679, 678, 679, 692, 716, 707, 696, 698, 696, 707, 717, 719, 701, 718, 701, 719, 703, 720, 703, 719, 703, 720, 702, 721, 691, 690, 691, 721, 722, 723, 682, 693, 682, 723, 683, 720, 700, 702, 700, 720, 706, 691, 723, 693, 723, 691, 722, 717, 695, 696, 695, 717, 714, 686, 704, 709, 704, 686, 684, 718, 699, 712, 699, 718, 701, 711, 690, 689, 690, 711, 721, 726, 725, 724, 725, 726, 727, 725, 727, 728, 728, 727, 729, 729, 727, 730, 729, 730, 731, 730, 732, 731, 729, 731, 733, 732, 730, 734, 732, 734, 735, 735, 734, 736, 729, 733, 737, 737, 733, 738, 737, 738, 739, 736, 734, 740, 736, 740, 741, 741, 740, 742, 742, 740, 743, 742, 743, 744, 737, 739, 745, 745, 739, 746, 745, 746, 747, 744, 743, 748, 744, 748, 749, 749, 748, 750, 745, 747, 751, 751, 747, 752, 751, 752, 753, 751, 753, 754, 754, 753, 755, 750, 748, 756, 750, 756, 757, 757, 756, 758, 754, 755, 759, 759, 755, 760, 759, 760, 761, 758, 756, 762, 759, 761, 763, 758, 762, 764, 763, 761, 765, 764, 762, 766, 763, 765, 766, 763, 766, 762, 763, 762, 767, 763, 767, 768, 768, 767, 769, 768, 769, 770, 770, 769, 771, 614, 619, 615, 619, 614, 637, 619, 637, 621, 621, 637, 645, 621, 645, 639, 639, 645, 772, 772, 645, 773, 774, 639, 772, 773, 645, 629, 773, 629, 775, 775, 629, 776, 639, 774, 643, 643, 774, 777, 643, 777, 778, 776, 629, 609, 776, 609, 779, 779, 609, 780, 780, 609, 611, 780, 611, 781, 643, 778, 635, 635, 778, 782, 635, 782, 783, 781, 611, 638, 781, 638, 784, 784, 638, 785, 635, 783, 612, 612, 783, 786, 612, 786, 787, 612, 787, 613, 613, 787, 788, 785, 638, 648, 785, 648, 789, 789, 648, 790, 613, 788, 630, 630, 788, 791, 630, 791, 792, 790, 648, 647, 630, 792, 631, 790, 647, 793, 631, 792, 794, 793, 647, 795, 631, 794, 795, 631, 795, 647, 631, 647, 581, 631, 581, 603, 603, 581, 583, 603, 583, 602, 602, 583, 624, 798, 797, 796, 797, 798, 799, 802, 801, 800, 801, 802, 803, 806, 805, 804, 805, 806, 807, 810, 809, 808, 809, 810, 811, 814, 813, 812, 813, 814, 815, 817, 796, 816, 796, 817, 798, 801, 819, 818, 819, 801, 803, 820, 806, 804, 806, 820, 821, 822, 803, 802, 803, 822, 823, 826, 825, 824, 825, 826, 827, 828, 815, 807, 815, 828, 829, 830, 810, 808, 810, 830, 831, 824, 833, 832, 833, 824, 834, 837, 836, 835, 836, 837, 838, 801, 840, 839, 840, 801, 818, 843, 842, 841, 842, 843, 844, 825, 834, 824, 834, 825, 845, 846, 823, 813, 823, 846, 847, 839, 799, 798, 799, 839, 840, 815, 846, 813, 846, 815, 829, 848, 798, 817, 798, 848, 839, 838, 849, 836, 849, 838, 850, 851, 807, 806, 807, 851, 828, 853, 808, 852, 808, 853, 830, 854, 826, 844, 826, 854, 827, 855, 838, 837, 838, 855, 856, 857, 824, 832, 824, 857, 826, 800, 839, 848, 839, 800, 801, 808, 858, 852, 858, 808, 809, 821, 851, 806, 851, 821, 859, 861, 852, 860, 852, 861, 853, 803, 847, 819, 847, 803, 823, 863, 843, 862, 843, 863, 864, 864, 844, 843, 844, 864, 854, 844, 857, 842, 857, 844, 826, 836, 811, 810, 811, 836, 849, 845, 860, 834, 860, 845, 861, 865, 821, 820, 821, 865, 856, 796, 863, 862, 863, 796, 797, 835, 810, 831, 810, 835, 836, 862, 841, 866, 841, 862, 843, 856, 859, 821, 859, 856, 855, 805, 815, 814, 815, 805, 807, 812, 823, 822, 823, 812, 813, 834, 867, 833, 867, 834, 860, 856, 850, 838, 850, 856, 865, 852, 867, 860, 867, 852, 858, 816, 862, 866, 862, 816, 796, 849, 868, 811, 868, 849, 869, 849, 870, 869, 870, 849, 850, 850, 871, 870, 871, 850, 865, 873, 804, 872, 804, 873, 820, 874, 848, 817, 848, 874, 875, 869, 876, 868, 876, 869, 870, 876, 870, 877, 877, 870, 871, 877, 871, 878, 878, 871, 873, 878, 873, 879, 879, 873, 872, 879, 872, 880, 880, 872, 881, 880, 881, 882, 882, 881, 883, 882, 883, 884, 884, 883, 885, 884, 885, 886, 886, 885, 887, 886, 887, 888, 888, 887, 889, 888, 889, 890, 890, 889, 891, 890, 891, 874, 874, 891, 875, 866, 886, 888, 886, 866, 841, 889, 800, 891, 800, 889, 802, 890, 817, 816, 817, 890, 874, 841, 884, 886, 884, 841, 842, 891, 848, 875, 848, 891, 800, 842, 882, 884, 882, 842, 857, 857, 880, 882, 880, 857, 832, 888, 816, 866, 816, 888, 890, 832, 879, 880, 879, 832, 833, 833, 878, 879, 878, 833, 867, 858, 878, 867, 878, 858, 877, 811, 876, 809, 876, 811, 868, 887, 802, 889, 802, 887, 822, 809, 877, 858, 877, 809, 876, 872, 805, 881, 805, 872, 804, 883, 812, 885, 812, 883, 814, 881, 814, 883, 814, 881, 805, 871, 820, 873, 820, 871, 865, 885, 822, 887, 822, 885, 812, 894, 893, 892, 893, 894, 895, 898, 897, 896, 897, 898, 899, 902, 901, 900, 901, 902, 903, 901, 903, 904, 904, 903, 905, 904, 905, 892, 892, 905, 906, 892, 906, 894, 894, 906, 907, 894, 907, 908, 908, 907, 909, 908, 909, 910, 910, 909, 898, 910, 898, 911, 911, 898, 896, 911, 896, 912, 912, 896, 913, 912, 913, 914, 914, 913, 915, 914, 915, 916, 916, 915, 917, 916, 917, 918, 918, 917, 919, 901, 920, 900, 920, 901, 921, 922, 914, 916, 914, 922, 923, 903, 925, 924, 925, 903, 902, 896, 926, 913, 926, 896, 897, 905, 924, 927, 924, 905, 903, 928, 913, 926, 913, 928, 915, 892, 929, 904, 929, 892, 893, 904, 921, 901, 921, 904, 929, 930, 910, 911, 910, 930, 931, 931, 908, 910, 908, 931, 932, 908, 895, 894, 895, 908, 932, 923, 912, 914, 912, 923, 933, 935, 917, 934, 917, 935, 919, 936, 919, 935, 919, 936, 918, 937, 907, 906, 907, 937, 938, 939, 898, 909, 898, 939, 899, 936, 916, 918, 916, 936, 922, 907, 939, 909, 939, 907, 938, 933, 911, 912, 911, 933, 930, 902, 920, 925, 920, 902, 900, 934, 915, 928, 915, 934, 917, 927, 906, 905, 906, 927, 937, 942, 941, 940, 941, 942, 943, 941, 943, 944, 944, 943, 945, 945, 943, 946, 945, 946, 947, 946, 948, 947, 945, 947, 949, 948, 946, 950, 948, 950, 951, 951, 950, 952, 945, 949, 953, 953, 949, 954, 953, 954, 955, 952, 950, 956, 952, 956, 957, 957, 956, 958, 958, 956, 959, 958, 959, 960, 953, 955, 961, 961, 955, 962, 961, 962, 963, 960, 959, 964, 960, 964, 965, 965, 964, 966, 961, 963, 967, 967, 963, 968, 967, 968, 969, 967, 969, 970, 970, 969, 971, 966, 964, 972, 966, 972, 973, 973, 972, 974, 970, 971, 975, 975, 971, 976, 975, 976, 977, 974, 972, 978, 975, 977, 979, 974, 978, 980, 979, 977, 981, 980, 978, 982, 979, 981, 982, 979, 982, 978, 979, 978, 983, 979, 983, 984, 984, 983, 985, 984, 985, 986, 986, 985, 987, 830, 835, 831, 835, 830, 853, 835, 853, 837, 837, 853, 861, 837, 861, 855, 855, 861, 988, 988, 861, 989, 990, 855, 988, 989, 861, 845, 989, 845, 991, 991, 845, 992, 855, 990, 859, 859, 990, 993, 859, 993, 994, 992, 845, 825, 992, 825, 995, 995, 825, 996, 996, 825, 827, 996, 827, 997, 859, 994, 851, 851, 994, 998, 851, 998, 999, 997, 827, 854, 997, 854, 1000, 1000, 854, 1001, 851, 999, 828, 828, 999, 1002, 828, 1002, 1003, 828, 1003, 829, 829, 1003, 1004, 1001, 854, 864, 1001, 864, 1005, 1005, 864, 1006, 829, 1004, 846, 846, 1004, 1007, 846, 1007, 1008, 1006, 864, 863, 846, 1008, 847, 1006, 863, 1009, 847, 1008, 1010, 1009, 863, 1011, 847, 1010, 1011, 847, 1011, 863, 847, 863, 797, 847, 797, 819, 819, 797, 799, 819, 799, 818, 818, 799, 840, 1014, 1013, 1012, 1013, 1014, 1015, 1018, 1017, 1016, 1017, 1018, 1019, 1022, 1021, 1020, 1021, 1022, 1023, 1026, 1025, 1024, 1025, 1026, 1027, 1030, 1029, 1028, 1029, 1030, 1031, 1033, 1012, 1032, 1012, 1033, 1014, 1017, 1035, 1034, 1035, 1017, 1019, 1036, 1022, 1020, 1022, 1036, 1037, 1038, 1019, 1018, 1019, 1038, 1039, 1042, 1041, 1040, 1041, 1042, 1043, 1044, 1031, 1023, 1031, 1044, 1045, 1046, 1026, 1024, 1026, 1046, 1047, 1040, 1049, 1048, 1049, 1040, 1050, 1053, 1052, 1051, 1052, 1053, 1054, 1017, 1056, 1055, 1056, 1017, 1034, 1059, 1058, 1057, 1058, 1059, 1060, 1041, 1050, 1040, 1050, 1041, 1061, 1062, 1039, 1029, 1039, 1062, 1063, 1055, 1015, 1014, 1015, 1055, 1056, 1031, 1062, 1029, 1062, 1031, 1045, 1064, 1014, 1033, 1014, 1064, 1055, 1054, 1065, 1052, 1065, 1054, 1066, 1067, 1023, 1022, 1023, 1067, 1044, 1069, 1024, 1068, 1024, 1069, 1046, 1070, 1042, 1060, 1042, 1070, 1043, 1071, 1054, 1053, 1054, 1071, 1072, 1073, 1040, 1048, 1040, 1073, 1042, 1016, 1055, 1064, 1055, 1016, 1017, 1024, 1074, 1068, 1074, 1024, 1025, 1037, 1067, 1022, 1067, 1037, 1075, 1077, 1068, 1076, 1068, 1077, 1069, 1019, 1063, 1035, 1063, 1019, 1039, 1079, 1059, 1078, 1059, 1079, 1080, 1080, 1060, 1059, 1060, 1080, 1070, 1060, 1073, 1058, 1073, 1060, 1042, 1052, 1027, 1026, 1027, 1052, 1065, 1061, 1076, 1050, 1076, 1061, 1077, 1081, 1037, 1036, 1037, 1081, 1072, 1012, 1079, 1078, 1079, 1012, 1013, 1051, 1026, 1047, 1026, 1051, 1052, 1078, 1057, 1082, 1057, 1078, 1059, 1072, 1075, 1037, 1075, 1072, 1071, 1021, 1031, 1030, 1031, 1021, 1023, 1028, 1039, 1038, 1039, 1028, 1029, 1050, 1083, 1049, 1083, 1050, 1076, 1072, 1066, 1054, 1066, 1072, 1081, 1068, 1083, 1076, 1083, 1068, 1074, 1032, 1078, 1082, 1078, 1032, 1012, 1065, 1084, 1027, 1084, 1065, 1085, 1065, 1086, 1085, 1086, 1065, 1066, 1066, 1087, 1086, 1087, 1066, 1081, 1089, 1020, 1088, 1020, 1089, 1036, 1090, 1064, 1033, 1064, 1090, 1091, 1085, 1092, 1084, 1092, 1085, 1086, 1092, 1086, 1093, 1093, 1086, 1087, 1093, 1087, 1094, 1094, 1087, 1089, 1094, 1089, 1095, 1095, 1089, 1088, 1095, 1088, 1096, 1096, 1088, 1097, 1096, 1097, 1098, 1098, 1097, 1099, 1098, 1099, 1100, 1100, 1099, 1101, 1100, 1101, 1102, 1102, 1101, 1103, 1102, 1103, 1104, 1104, 1103, 1105, 1104, 1105, 1106, 1106, 1105, 1107, 1106, 1107, 1090, 1090, 1107, 1091, 1082, 1102, 1104, 1102, 1082, 1057, 1105, 1016, 1107, 1016, 1105, 1018, 1106, 1033, 1032, 1033, 1106, 1090, 1057, 1100, 1102, 1100, 1057, 1058, 1107, 1064, 1091, 1064, 1107, 1016, 1058, 1098, 1100, 1098, 1058, 1073, 1073, 1096, 1098, 1096, 1073, 1048, 1104, 1032, 1082, 1032, 1104, 1106, 1048, 1095, 1096, 1095, 1048, 1049, 1049, 1094, 1095, 1094, 1049, 1083, 1074, 1094, 1083, 1094, 1074, 1093, 1027, 1092, 1025, 1092, 1027, 1084, 1103, 1018, 1105, 1018, 1103, 1038, 1025, 1093, 1074, 1093, 1025, 1092, 1088, 1021, 1097, 1021, 1088, 1020, 1099, 1028, 1101, 1028, 1099, 1030, 1097, 1030, 1099, 1030, 1097, 1021, 1087, 1036, 1089, 1036, 1087, 1081, 1101, 1038, 1103, 1038, 1101, 1028, 1110, 1109, 1108, 1109, 1110, 1111, 1114, 1113, 1112, 1113, 1114, 1115, 1118, 1117, 1116, 1117, 1118, 1119, 1117, 1119, 1120, 1120, 1119, 1121, 1120, 1121, 1108, 1108, 1121, 1122, 1108, 1122, 1110, 1110, 1122, 1123, 1110, 1123, 1124, 1124, 1123, 1125, 1124, 1125, 1126, 1126, 1125, 1114, 1126, 1114, 1127, 1127, 1114, 1112, 1127, 1112, 1128, 1128, 1112, 1129, 1128, 1129, 1130, 1130, 1129, 1131, 1130, 1131, 1132, 1132, 1131, 1133, 1132, 1133, 1134, 1134, 1133, 1135, 1117, 1136, 1116, 1136, 1117, 1137, 1138, 1130, 1132, 1130, 1138, 1139, 1119, 1141, 1140, 1141, 1119, 1118, 1112, 1142, 1129, 1142, 1112, 1113, 1121, 1140, 1143, 1140, 1121, 1119, 1144, 1129, 1142, 1129, 1144, 1131, 1108, 1145, 1120, 1145, 1108, 1109, 1120, 1137, 1117, 1137, 1120, 1145, 1146, 1126, 1127, 1126, 1146, 1147, 1147, 1124, 1126, 1124, 1147, 1148, 1124, 1111, 1110, 1111, 1124, 1148, 1139, 1128, 1130, 1128, 1139, 1149, 1151, 1133, 1150, 1133, 1151, 1135, 1152, 1135, 1151, 1135, 1152, 1134, 1153, 1123, 1122, 1123, 1153, 1154, 1155, 1114, 1125, 1114, 1155, 1115, 1152, 1132, 1134, 1132, 1152, 1138, 1123, 1155, 1125, 1155, 1123, 1154, 1149, 1127, 1128, 1127, 1149, 1146, 1118, 1136, 1141, 1136, 1118, 1116, 1150, 1131, 1144, 1131, 1150, 1133, 1143, 1122, 1121, 1122, 1143, 1153, 1158, 1157, 1156, 1157, 1158, 1159, 1157, 1159, 1160, 1160, 1159, 1161, 1161, 1159, 1162, 1161, 1162, 1163, 1162, 1164, 1163, 1161, 1163, 1165, 1164, 1162, 1166, 1164, 1166, 1167, 1167, 1166, 1168, 1161, 1165, 1169, 1169, 1165, 1170, 1169, 1170, 1171, 1168, 1166, 1172, 1168, 1172, 1173, 1173, 1172, 1174, 1174, 1172, 1175, 1174, 1175, 1176, 1169, 1171, 1177, 1177, 1171, 1178, 1177, 1178, 1179, 1176, 1175, 1180, 1176, 1180, 1181, 1181, 1180, 1182, 1177, 1179, 1183, 1183, 1179, 1184, 1183, 1184, 1185, 1183, 1185, 1186, 1186, 1185, 1187, 1182, 1180, 1188, 1182, 1188, 1189, 1189, 1188, 1190, 1186, 1187, 1191, 1191, 1187, 1192, 1191, 1192, 1193, 1190, 1188, 1194, 1191, 1193, 1195, 1190, 1194, 1196, 1195, 1193, 1197, 1196, 1194, 1198, 1195, 1197, 1198, 1195, 1198, 1194, 1195, 1194, 1199, 1195, 1199, 1200, 1200, 1199, 1201, 1200, 1201, 1202, 1202, 1201, 1203, 1046, 1051, 1047, 1051, 1046, 1069, 1051, 1069, 1053, 1053, 1069, 1077, 1053, 1077, 1071, 1071, 1077, 1204, 1204, 1077, 1205, 1206, 1071, 1204, 1205, 1077, 1061, 1205, 1061, 1207, 1207, 1061, 1208, 1071, 1206, 1075, 1075, 1206, 1209, 1075, 1209, 1210, 1208, 1061, 1041, 1208, 1041, 1211, 1211, 1041, 1212, 1212, 1041, 1043, 1212, 1043, 1213, 1075, 1210, 1067, 1067, 1210, 1214, 1067, 1214, 1215, 1213, 1043, 1070, 1213, 1070, 1216, 1216, 1070, 1217, 1067, 1215, 1044, 1044, 1215, 1218, 1044, 1218, 1219, 1044, 1219, 1045, 1045, 1219, 1220, 1217, 1070, 1080, 1217, 1080, 1221, 1221, 1080, 1222, 1045, 1220, 1062, 1062, 1220, 1223, 1062, 1223, 1224, 1222, 1080, 1079, 1062, 1224, 1063, 1222, 1079, 1225, 1063, 1224, 1226, 1225, 1079, 1227, 1063, 1226, 1227, 1063, 1227, 1079, 1063, 1079, 1013, 1063, 1013, 1035, 1035, 1013, 1015, 1035, 1015, 1034, 1034, 1015, 1056]
        point3f[] points = [(0.25, 0.586044, -1.02989), (0.25, 0.586044, -1.32989), (-0.25, 0.586044, -1.02989), (-0.25, 0.586044, -1.32989), (0.25, 0.636044, -1.02989), (-0.25, 0.636044, -1.02989), (0.6, 0.3, -0.484511), (0.6, 0.2, -0.484511), (0.6, 0.3, 0.115489), (0.6, 0.2, 0.115489), (0.35, 0.2, -0.484511), (0.35, 0.4, -0.484511), (0.5, 0.4, -0.484511), (0.35, 0.2, 0.115489), (0.35, 0.4, 0.115489), (0.5, 0.4, 0.115489), (-0.6, 0.2, -0.484511), (-0.35, 0.2, -0.484511), (-0.6, 0.3, -0.484511), (-0.35, 0.4, -0.484511), (-0.5, 0.4, -0.484511), (-0.6, 0.2, 0.115489), (-0.6, 0.3, 0.115489), (-0.35, 0.4, 0.115489), (-0.5, 0.4, 0.115489), (-0.35, 0.2, 0.115489), (-0.10584, 0.386044, -1.12989), (0.10584, 0.386044, -1.12989), (-0.10584, 0.495484, -1.12989), (0.10584, 0.495484, -1.12989), (0.55, 0.4, 1.02989), (0.55, 0.2, 1.02989), (0.55, 0.35, 1.32989), (0.55, 0.2, 1.32989), (-0.55, 0.2, 1.02989), (-0.45, 0.2, 1.02989), (-0.55, 0.4, 1.02989), (-0.45, 0.4, 1.02989), (0.45, 0.2, 1.32989), (0.45, 0.35, 1.32989), (-0.45, 0.35, 1.32989), (-0.55, 0.35, 1.32989), (0.45, 0.2, 1.02989), (0.45, 0.4, 1.02989), (0.45, 0.3, 1.12989), (0.45, 0.3, 1.27989), (0.25, 0.3, 1.12989), (-0.45, 0.3, 1.27989), (-0.25, 0.3, 1.12989), (-0.45, 0.3, 1.12989), (-0.45, 0.2, 1.12989), (-0.25, 0.2, 1.12989), (-0.55, 0.2, 1.32989), (0.25, 0.2, 1.12989), (0.45, 0.2, 1.12989), (-0.45, 0.2, 1.32989), (-0.45, 0.2, 1.27989), (0.45, 0.2, 1.27989), (0.25, 0.2, 0.276541), (-0.25, 0.2, 0.276541), (-0.35, 0.2, -1.32989), (0.35, 0.2, -1.32989), (0.3, 0.3, 0.889886), (0.55, 0.3, 0.889886), (0.3, 0.377646, 0.879664), (0.55, 0.377646, 0.879664), (0.3, 0.45, 0.849694), (0.55, 0.45, 0.849694), (0.55, 0.512132, 0.802018), (0.3, 0.512132, 0.802018), (0.55, 0.559808, 0.739886), (0.3, 0.559808, 0.739886), (0.55, 0.307696, 0.231431), (0.55, 0.3, 0.289886), (0.55, 0.393037, 0.242666), (0.55, 0.479734, 0.278577), (0.55, 0.377646, 0.300109), (0.55, 0.554183, 0.335704), (0.55, 0.45, 0.330079), (0.55, 0.512132, 0.377754), (0.55, 0.611309, 0.410152), (0.55, 0.559808, 0.439886), (0.55, 0.64722, 0.496849), (0.55, 0.589778, 0.51224), (0.55, 0.659469, 0.589886), (0.55, 0.6, 0.589886), (0.55, 0.589778, 0.667532), (0.55, 0.64722, 0.682924), (0.55, 0.611309, 0.769621), (0.55, 0.554183, 0.844069), (0.55, 0.479734, 0.901195), (0.55, 0.307696, 0.948342), (0.55, 0.393037, 0.937106), (0.3, 0.559808, 0.439886), (0.3, 0.512132, 0.377754), (0.3, 0.589778, 0.667532), (0.3, 0.589778, 0.51224), (0.3, 0.377646, 0.300109), (0.3, 0.45, 0.330079), (0.3, 0.3, 0.289886), (0.3, 0.6, 0.589886), (-0.3, 0.3, 0.289886), (-0.55, 0.3, 0.289886), (-0.3, 0.377646, 0.300109), (-0.55, 0.377646, 0.300109), (-0.55, 0.45, 0.330079), (-0.55, 0.512132, 0.377754), (-0.3, 0.45, 0.330079), (-0.3, 0.512132, 0.377754), (-0.3, 0.559808, 0.439886), (-0.55, 0.559808, 0.439886), (-0.3, 0.589778, 0.51224), (-0.55, 0.589778, 0.51224), (-0.3, 0.6, 0.589886), (-0.55, 0.6, 0.589886), (-0.55, 0.307696, 0.231431), (-0.55, 0.393037, 0.242666), (-0.55, 0.479734, 0.278577), (-0.55, 0.554183, 0.335704), (-0.55, 0.611309, 0.410152), (-0.55, 0.64722, 0.496849), (-0.55, 0.659469, 0.589886), (-0.55, 0.589778, 0.667532), (-0.55, 0.64722, 0.682924), (-0.55, 0.559808, 0.739886), (-0.55, 0.611309, 0.769621), (-0.55, 0.512132, 0.802018), (-0.55, 0.554183, 0.844069), (-0.55, 0.45, 0.849694), (-0.55, 0.479734, 0.901195), (-0.55, 0.377646, 0.879664), (-0.55, 0.3, 0.889886), (-0.55, 0.307696, 0.948342), (-0.55, 0.393037, 0.937106), (-0.3, 0.589778, 0.667532), (-0.3, 0.559808, 0.739886), (-0.3, 0.45, 0.849694), (-0.3, 0.512132, 0.802018), (-0.3, 0.377646, 0.879664), (-0.3, 0.3, 0.889886), (-0.35, 0.580612, -1.02989), (-0.35, 0.559808, -1.08011), (-0.35, 0.589778, -1.00776), (-0.55, 0.589778, -1.00776), (-0.55, 0.559808, -1.08011), (-0.55, 0.45, -0.670306), (-0.35, 0.45, -0.670306), (-0.55, 0.512132, -0.717982), (-0.35, 0.485839, -0.697806), (-0.35, 0.512132, -0.717982), (-0.35, 0.6, -0.930114), (-0.55, 0.6, -0.930114), (-0.55, 0.377646, -1.21989), (-0.55, 0.45, -1.18992), (-0.35, 0.377646, -1.21989), (-0.35, 0.45, -1.18992), (-0.55, 0.3, -0.630114), (-0.35, 0.3, -0.630114), (-0.55, 0.377646, -0.640336), (-0.35, 0.377646, -0.640336), (-0.55, 0.3, -1.23011), (-0.35, 0.3, -1.23011), (-0.55, 0.307696, -1.28857), (-0.55, 0.393037, -1.27733), (-0.55, 0.479734, -1.24142), (-0.55, 0.554183, -1.1843), (-0.55, 0.512132, -1.14225), (-0.55, 0.611309, -1.10985), (-0.55, 0.64722, -1.02315), (-0.55, 0.659469, -0.930114), (-0.55, 0.589778, -0.852468), (-0.55, 0.64722, -0.837076), (-0.55, 0.559808, -0.780114), (-0.55, 0.611309, -0.750379), (-0.55, 0.554183, -0.675931), (-0.55, 0.479734, -0.618805), (-0.55, 0.307696, -0.571658), (-0.55, 0.393037, -0.582894), (-0.35, 0.512132, -1.14225), (-0.35, 0.589778, -0.852468), (-0.35, 0.559808, -0.780114), (0.55, 0.45, -0.670306), (0.55, 0.512132, -0.717982), (0.35, 0.45, -0.670306), (0.35, 0.485839, -0.697806), (0.35, 0.512132, -0.717982), (0.55, 0.559808, -0.780114), (0.35, 0.559808, -0.780114), (0.55, 0.559808, -1.08011), (0.55, 0.512132, -1.14225), (0.35, 0.559808, -1.08011), (0.35, 0.512132, -1.14225), (0.55, 0.589778, -0.852468), (0.35, 0.589778, -0.852468), (0.55, 0.3, -1.23011), (0.35, 0.3, -1.23011), (0.55, 0.377646, -1.21989), (0.35, 0.377646, -1.21989), (0.55, 0.3, -0.630114), (0.55, 0.377646, -0.640336), (0.35, 0.3, -0.630114), (0.35, 0.377646, -0.640336), (0.55, 0.45, -1.18992), (0.35, 0.45, -1.18992), (0.55, 0.6, -0.930114), (0.35, 0.6, -0.930114), (0.55, 0.589778, -1.00776), (0.35, 0.589778, -1.00776), (0.55, 0.307696, -1.28857), (0.55, 0.393037, -1.27733), (0.55, 0.479734, -1.24142), (0.55, 0.554183, -1.1843), (0.55, 0.611309, -1.10985), (0.55, 0.64722, -1.02315), (0.55, 0.659469, -0.930114), (0.55, 0.64722, -0.837076), (0.55, 0.611309, -0.750379), (0.55, 0.554183, -0.675931), (0.55, 0.479734, -0.618805), (0.55, 0.307696, -0.571658), (0.55, 0.393037, -0.582894), (0.35, 0.580612, -1.02989), (0.35, 0.588544, 0.115489), (0.35, 0.488544, 0.115489), (0.25, 0.588544, 0.276541), (0.271033, 0.393037, 0.242666), (0.25, 0.474817, 0.276541), (0.27801, 0.307696, 0.231431), (0.25, 0.301757, 0.276541), (-0.35, 0.488544, 0.115489), (-0.27801, 0.307696, 0.231431), (-0.25, 0.301757, 0.276541), (-0.35, 0.588544, 0.115489), (-0.271033, 0.393037, 0.242666), (-0.25, 0.588544, 0.276541), (-0.25, 0.474817, 0.276541), (0.067, 0.732544, 0.0468753), (-0.067, 0.732544, 0.0468753), (0.067, 0.832544, 0.0468753), (-0.067, 0.832544, 0.0468753), (0.25, 0.3, 1.12989), (-0.25, 0.3, 1.12989), (0.25, 0.35, 1.12989), (-0.25, 0.35, 1.12989), (0.25, 0.389348, 1.02989), (-0.25, 0.389348, 1.02989), (-0.25, 0.636044, -1.32989), (0.25, 0.636044, -1.32989), (0.35, 0.736044, -1.32989), (0.35, 0.686044, -1.02989), (0.25, 0.736044, -1.32989), (0.25, 0.686044, -1.02989), (-0.25, 0.736044, -1.32989), (-0.25, 0.686044, -1.02989), (-0.25, 0.64443, -1.02989), (-0.25, 0.64722, -1.02315), (-0.25, 0.409141, -1.02989), (-0.25, 0.386044, -1.12989), (-0.25, 0.386044, -1.32989), (-0.25, 0.50042, -0.634677), (-0.25, 0.659469, -0.930114), (-0.25, 0.64722, -0.837076), (-0.25, 0.611309, -0.750379), (-0.25, 0.554183, -0.675931), (-0.35, 0.736044, -1.32989), (-0.35, 0.686044, -1.02989), (0.55, 0.588544, 0.0154891), (0.55, 0.488544, 0.0154891), (0.55, 0.588544, 0.065489), (0.55, 0.488544, 0.065489), (0.35, 0.488544, 0.0154891), (-0.55, 0.488544, 0.0154891), (-0.55, 0.588544, 0.0154891), (-0.55, 0.488544, 0.065489), (-0.55, 0.588544, 0.065489), (-0.35, 0.488544, 0.0154891), (0.25, 0.386044, -1.32989), (0.25, 0.386044, -1.12989), (0.25, 0.409141, -1.02989), (0.25, 0.50042, -0.634677), (0.25, 0.64443, -1.02989), (0.25, 0.64722, -1.02315), (0.25, 0.659469, -0.930114), (0.25, 0.64722, -0.837076), (0.25, 0.611309, -0.750379), (0.25, 0.554183, -0.675931), (-0.252, 0.588544, -0.253125), (-0.252, 0.732544, -0.253125), (0.252, 0.732544, -0.253125), (0.252, 0.588544, -0.253125), (0.35, 0.588544, -0.253125), (0.35, 0.50042, -0.634677), (0.067, 0.732544, -0.253125), (0.03685, 0.570315, -0.853125), (-0.03685, 0.570315, -0.853125), (-0.067, 0.732544, -0.253125), (-0.25, 0.3, 0.289886), (-0.25, 0.3, 0.889886), (-0.25, 0.307696, 0.948342), (-0.25, 0.393037, 0.937106), (-0.25, 0.424054, 0.924259), (-0.25, 0.35, 1.12989), (0.25, 0.307696, 0.948342), (0.25, 0.3, 0.889886), (0.25, 0.393037, 0.937106), (0.25, 0.424054, 0.924259), (0.25, 0.479734, 0.901195), (0.25, 0.3, 0.289886), (0.25, 0.554183, 0.844069), (0.25, 0.611309, 0.769621), (0.25, 0.64722, 0.682924), (0.25, 0.659469, 0.589886), (0.25, 0.64722, 0.496849), (0.25, 0.611309, 0.410152), (0.25, 0.588544, 0.380485), (0.25, 0.554183, 0.335704), (0.25, 0.479734, 0.278577), (-0.25, 0.479734, 0.278577), (-0.25, 0.554183, 0.335704), (-0.25, 0.588544, 0.380485), (-0.25, 0.611309, 0.410152), (-0.25, 0.479734, 0.901195), (-0.25, 0.554183, 0.844069), (-0.25, 0.659469, 0.589886), (-0.25, 0.64722, 0.496849), (-0.25, 0.64722, 0.682924), (-0.25, 0.611309, 0.769621), (-0.35, 0.50042, -0.634677), (-0.35, 0.479734, -0.618805), (-0.35, 0.393037, -1.27733), (-0.35, 0.479734, -1.24142), (-0.35, 0.307696, -0.571658), (-0.35, 0.393037, -0.582894), (0.35, 0.479734, -0.618805), (0.35, 0.479734, -1.24142), (0.35, 0.554183, -1.1843), (0.35, 0.393037, -1.27733), (0.35, 0.64443, -1.02989), (0.35, 0.611309, -1.10985), (-0.35, 0.64443, -1.02989), (-0.35, 0.611309, -1.10985), (-0.35, 0.588544, -0.253125), (-0.35, 0.554183, -1.1843), (-0.35, 0.307696, -1.28857), (0.35, 0.307696, -1.28857), (0.35, 0.307696, -0.571658), (0.35, 0.393037, -0.582894), (-0.15372, 0.732544, 0.146875), (0.15372, 0.732544, 0.146875), (0.25, 0.35, 1.12989), (0.25, 0.588544, 0.423636), (-0.25, 0.588544, 0.423636), (-0.35, 0.588544, 0.0154891), (0.35, 0.588544, 0.0154891), (0.15372, 0.588544, 0.146875), (-0.15372, 0.588544, 0.146875), (0.067, 0.832544, -0.253125), (0.067, 0.732544, -0.253125), (-0.067, 0.732544, -0.253125), (-0.067, 0.832544, -0.253125), (0.067, 0.832544, 0.0468753), (-0.067, 0.832544, 0.0468753), (0.067, 0.732544, 0.0468753), (-0.067, 0.732544, 0.0468753), (0.5, 0.15, -1.18992), (0.6, 0.1725, -1.15095), (0.5, 0.222354, -1.21989), (0.6, 0.234001, -1.17643), (0.4, 0.377646, -1.21989), (0.5, 0.377646, -1.21989), (0.4, 0.45, -1.18992), (0.5, 0.45, -1.18992), (0.4, 0.589778, -0.852468), (0.4, 0.6, -0.930114), (0.5, 0.589778, -0.852468), (0.5, 0.6, -0.930114), (0.5, 0.222354, -0.640336), (0.4, 0.222354, -0.640336), (0.5, 0.3, -0.630114), (0.4, 0.3, -0.630114), (0.4, 0.559808, -1.08011), (0.5, 0.559808, -1.08011), (0.4, 0.589778, -1.00776), (0.5, 0.589778, -1.00776), (0.4, 0.15, -1.18992), (0.4, 0.222354, -1.21989), (0.6, 0.365999, -1.17643), (0.6, 0.4275, -1.15095), (0.4, 0.559808, -0.780114), (0.5, 0.559808, -0.780114), (0.4, 0.512132, -1.14225), (0.5, 0.512132, -1.14225), (0.5, 0.0102223, -0.852468), (0.6, 0.0536889, -0.864115), (0.5, 0, -0.930114), (0.6, 0.045, -0.930114), (0.6, 0.555, -0.930114), (0.6, 0.546311, -0.996113), (0.6, 0.234001, -0.683803), (0.6, 0.3, -0.675114), (0.4, 0.0102223, -0.852468), (0.4, 0.0401924, -0.780114), (0.5, 0.0401924, -0.780114), (0.6, 0.365999, -0.683803), (0.5, 0.377646, -0.640336), (0.6, 0.4275, -0.709277), (0.5, 0.45, -0.670306), (0.5, 0.3, -1.23011), (0.6, 0.3, -1.18511), (0.4, 0.0401924, -1.08011), (0.4, 0.0102223, -1.00776), (0.5, 0.0401924, -1.08011), (0.5, 0.0102223, -1.00776), (0.6, 0.0791635, -0.802614), (0.6, 0.520837, -1.05761), (0.6, 0.480312, -1.11043), (0.4, 0.3, -1.23011), (0.4, 0.377646, -0.640336), (0.4, 0.45, -0.670306), (0.6, 0.546311, -0.864115), (0.5, 0.15, -0.670306), (0.6, 0.1725, -0.709277), (0.6, 0.0536889, -0.996113), (0.6, 0.480312, -0.749802), (0.5, 0.512132, -0.717982), (0.4, 0, -0.930114), (0.4, 0.15, -0.670306), (0.6, 0.520837, -0.802614), (0.5, 0.087868, -0.717982), (0.6, 0.119688, -0.749802), (0.5, 0.087868, -1.14225), (0.6, 0.119688, -1.11043), (0.6, 0.0791635, -1.05761), (0.4, 0.512132, -0.717982), (0.4, 0.087868, -1.14225), (0.4, 0.087868, -0.717982), (0.3, 0.3, -0.675114), (0.3, 0.365999, -0.683803), (0.3, 0.4275, -0.709277), (0.3, 0.480312, -0.749802), (0.3, 0.546311, -0.864115), (0.3, 0.520837, -0.802614), (0.3, 0.234001, -1.17643), (0.3, 0.3, -1.18511), (0.3, 0.234001, -0.683803), (0.3, 0.1725, -0.709277), (0.3, 0.119688, -0.749802), (0.3, 0.0791635, -0.802614), (0.3, 0.0536889, -0.864115), (0.3, 0.555, -0.930114), (0.3, 0.045, -0.930114), (0.3, 0.546311, -0.996113), (0.3, 0.0536889, -0.996113), (0.3, 0.520837, -1.05761), (0.3, 0.0791635, -1.05761), (0.3, 0.480312, -1.11043), (0.3, 0.119688, -1.11043), (0.3, 0.4275, -1.15095), (0.3, 0.1725, -1.15095), (0.3, 0.365999, -1.17643), (0.5, 0.358085, -0.872029), (0.6, 0.377446, -0.852668), (0.5, 0.371139, -0.889042), (0.6, 0.394852, -0.875351), (0.5, 0.228861, -0.971186), (0.6, 0.205148, -0.984877), (0.5, 0.220655, -0.951374), (0.6, 0.194207, -0.958461), (0.5, 0.3, -0.84797), (0.5, 0.321261, -0.850769), (0.5, 0.27874, -0.850769), (0.5, 0.258928, -0.858975), (0.5, 0.341072, -0.858975), (0.5, 0.241915, -0.872029), (0.5, 0.228861, -0.889042), (0.5, 0.220655, -0.908853), (0.5, 0.379345, -0.908853), (0.5, 0.217856, -0.930114), (0.5, 0.382144, -0.930114), (0.5, 0.379345, -0.951374), (0.5, 0.371139, -0.971186), (0.5, 0.241915, -0.988198), (0.5, 0.358085, -0.988198), (0.5, 0.258928, -1.00125), (0.5, 0.341072, -1.00125), (0.5, 0.27874, -1.00946), (0.5, 0.321261, -1.00946), (0.5, 0.3, -1.01226), (0.6, 0.3, -0.820588), (0.6, 0.328347, -0.82432), (0.6, 0.354763, -1.02497), (0.6, 0.377446, -1.00756), (0.6, 0.245237, -0.835262), (0.6, 0.271653, -0.82432), (0.6, 0.222554, -1.00756), (0.6, 0.222554, -0.852668), (0.6, 0.245237, -1.02497), (0.6, 0.354763, -0.835262), (0.6, 0.405793, -0.958461), (0.6, 0.409525, -0.930114), (0.6, 0.405793, -0.901767), (0.6, 0.394852, -0.984877), (0.6, 0.271653, -1.03591), (0.6, 0.3, -1.03964), (0.6, 0.328347, -1.03591), (0.6, 0.205148, -0.875351), (0.6, 0.194207, -0.901767), (0.6, 0.190475, -0.930114), (0.6, 0.3, -1.09499), (0.6, 0.257326, -1.08938), (0.6, 0.342674, -1.08938), (0.6, 0.38244, -1.0729), (0.6, 0.21756, -1.0729), (0.6, 0.183412, -1.0467), (0.6, 0.416588, -1.0467), (0.6, 0.3, -1.03964), (0.6, 0.328347, -1.03591), (0.6, 0.271653, -1.03591), (0.6, 0.44279, -1.01255), (0.6, 0.354763, -1.02497), (0.6, 0.377446, -1.00756), (0.6, 0.15721, -1.01255), (0.6, 0.245237, -1.02497), (0.6, 0.222554, -1.00756), (0.6, 0.459262, -0.972788), (0.6, 0.394852, -0.984877), (0.6, 0.405793, -0.958461), (0.6, 0.46488, -0.930114), (0.6, 0.409525, -0.930114), (0.6, 0.140738, -0.972788), (0.6, 0.205148, -0.984877), (0.6, 0.194207, -0.958461), (0.6, 0.459262, -0.88744), (0.6, 0.405793, -0.901767), (0.6, 0.394852, -0.875351), (0.6, 0.13512, -0.930114), (0.6, 0.190475, -0.930114), (0.6, 0.194207, -0.901767), (0.6, 0.140738, -0.88744), (0.6, 0.205148, -0.875351), (0.6, 0.44279, -0.847674), (0.6, 0.377446, -0.852668), (0.6, 0.354763, -0.835262), (0.6, 0.15721, -0.847674), (0.6, 0.222554, -0.852668), (0.6, 0.245237, -0.835262), (0.6, 0.416588, -0.813526), (0.6, 0.183412, -0.813526), (0.6, 0.328347, -0.82432), (0.6, 0.271653, -0.82432), (0.6, 0.3, -0.820588), (0.6, 0.38244, -0.787323), (0.6, 0.21756, -0.787323), (0.6, 0.342674, -0.770852), (0.6, 0.257326, -0.770852), (0.6, 0.3, -0.765234), (0.6, 0.3, -0.765234), (0.6, 0.257326, -0.770852), (0.6, 0.342674, -0.770852), (0.6, 0.21756, -0.787323), (0.6, 0.183412, -0.813526), (0.6, 0.38244, -0.787323), (0.6, 0.416588, -0.813526), (0.6, 0.15721, -0.847674), (0.6, 0.140738, -0.88744), (0.6, 0.13512, -0.930114), (0.6, 0.44279, -0.847674), (0.6, 0.459262, -0.88744), (0.6, 0.140738, -0.972788), (0.6, 0.15721, -1.01255), (0.6, 0.46488, -0.930114), (0.6, 0.459262, -0.972788), (0.6, 0.44279, -1.01255), (0.6, 0.183412, -1.0467), (0.6, 0.21756, -1.0729), (0.6, 0.416588, -1.0467), (0.6, 0.38244, -1.0729), (0.6, 0.257326, -1.08938), (0.6, 0.342674, -1.08938), (0.6, 0.3, -1.09499), (-0.5, 0.15, -0.670306), (-0.6, 0.1725, -0.709277), (-0.5, 0.222354, -0.640336), (-0.6, 0.234001, -0.683803), (-0.4, 0.377646, -0.640336), (-0.5, 0.377646, -0.640336), (-0.4, 0.45, -0.670306), (-0.5, 0.45, -0.670306), (-0.4, 0.589778, -1.00776), (-0.4, 0.6, -0.930114), (-0.5, 0.589778, -1.00776), (-0.5, 0.6, -0.930114), (-0.5, 0.222354, -1.21989), (-0.4, 0.222354, -1.21989), (-0.5, 0.3, -1.23011), (-0.4, 0.3, -1.23011), (-0.4, 0.559808, -0.780114), (-0.5, 0.559808, -0.780114), (-0.4, 0.589778, -0.852468), (-0.5, 0.589778, -0.852468), (-0.4, 0.15, -0.670306), (-0.4, 0.222354, -0.640336), (-0.6, 0.365999, -0.683803), (-0.6, 0.4275, -0.709277), (-0.4, 0.559808, -1.08011), (-0.5, 0.559808, -1.08011), (-0.4, 0.512132, -0.717982), (-0.5, 0.512132, -0.717982), (-0.5, 0.0102223, -1.00776), (-0.6, 0.0536889, -0.996113), (-0.5, 0, -0.930114), (-0.6, 0.045, -0.930114), (-0.6, 0.555, -0.930114), (-0.6, 0.546311, -0.864115), (-0.6, 0.234001, -1.17643), (-0.6, 0.3, -1.18511), (-0.4, 0.0102223, -1.00776), (-0.4, 0.0401924, -1.08011), (-0.5, 0.0401924, -1.08011), (-0.6, 0.365999, -1.17643), (-0.5, 0.377646, -1.21989), (-0.6, 0.4275, -1.15095), (-0.5, 0.45, -1.18992), (-0.5, 0.3, -0.630114), (-0.6, 0.3, -0.675114), (-0.4, 0.0401924, -0.780114), (-0.4, 0.0102223, -0.852468), (-0.5, 0.0401924, -0.780114), (-0.5, 0.0102223, -0.852468), (-0.6, 0.0791635, -1.05761), (-0.6, 0.520837, -0.802614), (-0.6, 0.480312, -0.749802), (-0.4, 0.3, -0.630114), (-0.4, 0.377646, -1.21989), (-0.4, 0.45, -1.18992), (-0.6, 0.546311, -0.996113), (-0.5, 0.15, -1.18992), (-0.6, 0.1725, -1.15095), (-0.6, 0.0536889, -0.864115), (-0.6, 0.480312, -1.11043), (-0.5, 0.512132, -1.14225), (-0.4, 0, -0.930114), (-0.4, 0.15, -1.18992), (-0.6, 0.520837, -1.05761), (-0.5, 0.087868, -1.14225), (-0.6, 0.119688, -1.11043), (-0.5, 0.087868, -0.717982), (-0.6, 0.119688, -0.749802), (-0.6, 0.0791635, -0.802614), (-0.4, 0.512132, -1.14225), (-0.4, 0.087868, -0.717982), (-0.4, 0.087868, -1.14225), (-0.3, 0.3, -1.18511), (-0.3, 0.365999, -1.17643), (-0.3, 0.4275, -1.15095), (-0.3, 0.480312, -1.11043), (-0.3, 0.546311, -0.996113), (-0.3, 0.520837, -1.05761), (-0.3, 0.234001, -0.683803), (-0.3, 0.3, -0.675114), (-0.3, 0.234001, -1.17643), (-0.3, 0.1725, -1.15095), (-0.3, 0.119688, -1.11043), (-0.3, 0.0791635, -1.05761), (-0.3, 0.0536889, -0.996113), (-0.3, 0.555, -0.930114), (-0.3, 0.045, -0.930114), (-0.3, 0.546311, -0.864115), (-0.3, 0.0536889, -0.864115), (-0.3, 0.520837, -0.802614), (-0.3, 0.0791635, -0.802614), (-0.3, 0.480312, -0.749802), (-0.3, 0.119688, -0.749802), (-0.3, 0.4275, -0.709277), (-0.3, 0.1725, -0.709277), (-0.3, 0.365999, -0.683803), (-0.5, 0.358085, -0.988198), (-0.6, 0.377446, -1.00756), (-0.5, 0.371139, -0.971186), (-0.6, 0.394852, -0.984877), (-0.5, 0.228861, -0.889042), (-0.6, 0.205148, -0.875351), (-0.5, 0.220655, -0.908853), (-0.6, 0.194207, -0.901767), (-0.5, 0.3, -1.01226), (-0.5, 0.321261, -1.00946), (-0.5, 0.27874, -1.00946), (-0.5, 0.258928, -1.00125), (-0.5, 0.341072, -1.00125), (-0.5, 0.241915, -0.988198), (-0.5, 0.228861, -0.971186), (-0.5, 0.220655, -0.951374), (-0.5, 0.379345, -0.951374), (-0.5, 0.217856, -0.930114), (-0.5, 0.382144, -0.930114), (-0.5, 0.379345, -0.908853), (-0.5, 0.371139, -0.889042), (-0.5, 0.241915, -0.872029), (-0.5, 0.358085, -0.872029), (-0.5, 0.258928, -0.858975), (-0.5, 0.341072, -0.858975), (-0.5, 0.27874, -0.850769), (-0.5, 0.321261, -0.850769), (-0.5, 0.3, -0.84797), (-0.6, 0.3, -1.03964), (-0.6, 0.328347, -1.03591), (-0.6, 0.354763, -0.835262), (-0.6, 0.377446, -0.852668), (-0.6, 0.245237, -1.02497), (-0.6, 0.271653, -1.03591), (-0.6, 0.222554, -0.852668), (-0.6, 0.222554, -1.00756), (-0.6, 0.245237, -0.835262), (-0.6, 0.354763, -1.02497), (-0.6, 0.405793, -0.901767), (-0.6, 0.409525, -0.930114), (-0.6, 0.405793, -0.958461), (-0.6, 0.394852, -0.875351), (-0.6, 0.271653, -0.82432), (-0.6, 0.3, -0.820588), (-0.6, 0.328347, -0.82432), (-0.6, 0.205148, -0.984877), (-0.6, 0.194207, -0.958461), (-0.6, 0.190475, -0.930114), (-0.6, 0.3, -0.765234), (-0.6, 0.257326, -0.770852), (-0.6, 0.342674, -0.770852), (-0.6, 0.38244, -0.787323), (-0.6, 0.21756, -0.787323), (-0.6, 0.183412, -0.813526), (-0.6, 0.416588, -0.813526), (-0.6, 0.3, -0.820588), (-0.6, 0.328347, -0.82432), (-0.6, 0.271653, -0.82432), (-0.6, 0.44279, -0.847674), (-0.6, 0.354763, -0.835262), (-0.6, 0.377446, -0.852668), (-0.6, 0.15721, -0.847674), (-0.6, 0.245237, -0.835262), (-0.6, 0.222554, -0.852668), (-0.6, 0.459262, -0.88744), (-0.6, 0.394852, -0.875351), (-0.6, 0.405793, -0.901767), (-0.6, 0.46488, -0.930114), (-0.6, 0.409525, -0.930114), (-0.6, 0.140738, -0.88744), (-0.6, 0.205148, -0.875351), (-0.6, 0.194207, -0.901767), (-0.6, 0.459262, -0.972788), (-0.6, 0.405793, -0.958461), (-0.6, 0.394852, -0.984877), (-0.6, 0.13512, -0.930114), (-0.6, 0.190475, -0.930114), (-0.6, 0.194207, -0.958461), (-0.6, 0.140738, -0.972788), (-0.6, 0.205148, -0.984877), (-0.6, 0.44279, -1.01255), (-0.6, 0.377446, -1.00756), (-0.6, 0.354763, -1.02497), (-0.6, 0.15721, -1.01255), (-0.6, 0.222554, -1.00756), (-0.6, 0.245237, -1.02497), (-0.6, 0.416588, -1.0467), (-0.6, 0.183412, -1.0467), (-0.6, 0.328347, -1.03591), (-0.6, 0.271653, -1.03591), (-0.6, 0.3, -1.03964), (-0.6, 0.38244, -1.0729), (-0.6, 0.21756, -1.0729), (-0.6, 0.342674, -1.08938), (-0.6, 0.257326, -1.08938), (-0.6, 0.3, -1.09499), (-0.6, 0.3, -1.09499), (-0.6, 0.257326, -1.08938), (-0.6, 0.342674, -1.08938), (-0.6, 0.21756, -1.0729), (-0.6, 0.183412, -1.0467), (-0.6, 0.38244, -1.0729), (-0.6, 0.416588, -1.0467), (-0.6, 0.15721, -1.01255), (-0.6, 0.140738, -0.972788), (-0.6, 0.13512, -0.930114), (-0.6, 0.44279, -1.01255), (-0.6, 0.459262, -0.972788), (-0.6, 0.140738, -0.88744), (-0.6, 0.15721, -0.847674), (-0.6, 0.46488, -0.930114), (-0.6, 0.459262, -0.88744), (-0.6, 0.44279, -0.847674), (-0.6, 0.183412, -0.813526), (-0.6, 0.21756, -0.787323), (-0.6, 0.416588, -0.813526), (-0.6, 0.38244, -0.787323), (-0.6, 0.257326, -0.770852), (-0.6, 0.342674, -0.770852), (-0.6, 0.3, -0.765234), (0.5, 0.15, 0.330079), (0.6, 0.1725, 0.36905), (0.5, 0.222354, 0.300109), (0.6, 0.234001, 0.343575), (0.4, 0.377646, 0.300109), (0.5, 0.377646, 0.300109), (0.4, 0.45, 0.330079), (0.5, 0.45, 0.330079), (0.4, 0.589778, 0.667532), (0.4, 0.6, 0.589886), (0.5, 0.589778, 0.667532), (0.5, 0.6, 0.589886), (0.5, 0.222354, 0.879664), (0.4, 0.222354, 0.879664), (0.5, 0.3, 0.889886), (0.4, 0.3, 0.889886), (0.4, 0.559808, 0.439886), (0.5, 0.559808, 0.439886), (0.4, 0.589778, 0.51224), (0.5, 0.589778, 0.51224), (0.4, 0.15, 0.330079), (0.4, 0.222354, 0.300109), (0.6, 0.365999, 0.343575), (0.6, 0.4275, 0.36905), (0.4, 0.559808, 0.739886), (0.5, 0.559808, 0.739886), (0.4, 0.512132, 0.377754), (0.5, 0.512132, 0.377754), (0.5, 0.0102223, 0.667532), (0.6, 0.0536889, 0.655885), (0.5, 0, 0.589886), (0.6, 0.045, 0.589886), (0.6, 0.555, 0.589886), (0.6, 0.546311, 0.523887), (0.6, 0.234001, 0.836197), (0.6, 0.3, 0.844886), (0.4, 0.0102223, 0.667532), (0.4, 0.0401924, 0.739886), (0.5, 0.0401924, 0.739886), (0.6, 0.365999, 0.836197), (0.5, 0.377646, 0.879664), (0.6, 0.4275, 0.810723), (0.5, 0.45, 0.849694), (0.5, 0.3, 0.289886), (0.6, 0.3, 0.334886), (0.4, 0.0401924, 0.439886), (0.4, 0.0102223, 0.51224), (0.5, 0.0401924, 0.439886), (0.5, 0.0102223, 0.51224), (0.6, 0.0791635, 0.717386), (0.6, 0.520837, 0.462386), (0.6, 0.480312, 0.409574), (0.4, 0.3, 0.289886), (0.4, 0.377646, 0.879664), (0.4, 0.45, 0.849694), (0.6, 0.546311, 0.655885), (0.5, 0.15, 0.849694), (0.6, 0.1725, 0.810723), (0.6, 0.0536889, 0.523887), (0.6, 0.480312, 0.770199), (0.5, 0.512132, 0.802018), (0.4, 0, 0.589886), (0.4, 0.15, 0.849694), (0.6, 0.520837, 0.717386), (0.5, 0.087868, 0.802018), (0.6, 0.119688, 0.770199), (0.5, 0.087868, 0.377754), (0.6, 0.119688, 0.409574), (0.6, 0.0791635, 0.462386), (0.4, 0.512132, 0.802018), (0.4, 0.087868, 0.377754), (0.4, 0.087868, 0.802018), (0.3, 0.3, 0.844886), (0.3, 0.365999, 0.836197), (0.3, 0.4275, 0.810723), (0.3, 0.480312, 0.770199), (0.3, 0.546311, 0.655885), (0.3, 0.520837, 0.717386), (0.3, 0.234001, 0.343575), (0.3, 0.3, 0.334886), (0.3, 0.234001, 0.836197), (0.3, 0.1725, 0.810723), (0.3, 0.119688, 0.770199), (0.3, 0.0791635, 0.717386), (0.3, 0.0536889, 0.655885), (0.3, 0.555, 0.589886), (0.3, 0.045, 0.589886), (0.3, 0.546311, 0.523887), (0.3, 0.0536889, 0.523887), (0.3, 0.520837, 0.462386), (0.3, 0.0791635, 0.462386), (0.3, 0.480312, 0.409574), (0.3, 0.119688, 0.409574), (0.3, 0.4275, 0.36905), (0.3, 0.1725, 0.36905), (0.3, 0.365999, 0.343575), (0.5, 0.358085, 0.647971), (0.6, 0.377446, 0.667332), (0.5, 0.371139, 0.630958), (0.6, 0.394852, 0.644649), (0.5, 0.228861, 0.548814), (0.6, 0.205148, 0.535123), (0.5, 0.220655, 0.568626), (0.6, 0.194207, 0.561539), (0.5, 0.3, 0.67203), (0.5, 0.321261, 0.669231), (0.5, 0.27874, 0.669231), (0.5, 0.258928, 0.661025), (0.5, 0.341072, 0.661025), (0.5, 0.241915, 0.647971), (0.5, 0.228861, 0.630958), (0.5, 0.220655, 0.611147), (0.5, 0.379345, 0.611147), (0.5, 0.217856, 0.589886), (0.5, 0.382144, 0.589886), (0.5, 0.379345, 0.568626), (0.5, 0.371139, 0.548814), (0.5, 0.241915, 0.531802), (0.5, 0.358085, 0.531802), (0.5, 0.258928, 0.518747), (0.5, 0.341072, 0.518747), (0.5, 0.27874, 0.510541), (0.5, 0.321261, 0.510541), (0.5, 0.3, 0.507742), (0.6, 0.3, 0.699412), (0.6, 0.328347, 0.69568), (0.6, 0.354763, 0.495034), (0.6, 0.377446, 0.51244), (0.6, 0.245237, 0.684738), (0.6, 0.271653, 0.69568), (0.6, 0.222554, 0.51244), (0.6, 0.222554, 0.667332), (0.6, 0.245237, 0.495034), (0.6, 0.354763, 0.684738), (0.6, 0.405793, 0.561539), (0.6, 0.409525, 0.589886), (0.6, 0.405793, 0.618233), (0.6, 0.394852, 0.535123), (0.6, 0.271653, 0.484093), (0.6, 0.3, 0.480361), (0.6, 0.328347, 0.484093), (0.6, 0.205148, 0.644649), (0.6, 0.194207, 0.618233), (0.6, 0.190475, 0.589886), (0.6, 0.3, 0.425006), (0.6, 0.257326, 0.430624), (0.6, 0.342674, 0.430624), (0.6, 0.38244, 0.447096), (0.6, 0.21756, 0.447096), (0.6, 0.183412, 0.473298), (0.6, 0.416588, 0.473298), (0.6, 0.3, 0.480361), (0.6, 0.328347, 0.484093), (0.6, 0.271653, 0.484093), (0.6, 0.44279, 0.507446), (0.6, 0.354763, 0.495034), (0.6, 0.377446, 0.51244), (0.6, 0.15721, 0.507446), (0.6, 0.245237, 0.495034), (0.6, 0.222554, 0.51244), (0.6, 0.459262, 0.547212), (0.6, 0.394852, 0.535123), (0.6, 0.405793, 0.561539), (0.6, 0.46488, 0.589886), (0.6, 0.409525, 0.589886), (0.6, 0.140738, 0.547212), (0.6, 0.205148, 0.535123), (0.6, 0.194207, 0.561539), (0.6, 0.459262, 0.63256), (0.6, 0.405793, 0.618233), (0.6, 0.394852, 0.644649), (0.6, 0.13512, 0.589886), (0.6, 0.190475, 0.589886), (0.6, 0.194207, 0.618233), (0.6, 0.140738, 0.63256), (0.6, 0.205148, 0.644649), (0.6, 0.44279, 0.672326), (0.6, 0.377446, 0.667332), (0.6, 0.354763, 0.684738), (0.6, 0.15721, 0.672326), (0.6, 0.222554, 0.667332), (0.6, 0.245237, 0.684738), (0.6, 0.416588, 0.706474), (0.6, 0.183412, 0.706474), (0.6, 0.328347, 0.69568), (0.6, 0.271653, 0.69568), (0.6, 0.3, 0.699412), (0.6, 0.38244, 0.732677), (0.6, 0.21756, 0.732677), (0.6, 0.342674, 0.749148), (0.6, 0.257326, 0.749148), (0.6, 0.3, 0.754767), (0.6, 0.3, 0.754767), (0.6, 0.257326, 0.749148), (0.6, 0.342674, 0.749148), (0.6, 0.21756, 0.732677), (0.6, 0.183412, 0.706474), (0.6, 0.38244, 0.732677), (0.6, 0.416588, 0.706474), (0.6, 0.15721, 0.672326), (0.6, 0.140738, 0.63256), (0.6, 0.13512, 0.589886), (0.6, 0.44279, 0.672326), (0.6, 0.459262, 0.63256), (0.6, 0.140738, 0.547212), (0.6, 0.15721, 0.507446), (0.6, 0.46488, 0.589886), (0.6, 0.459262, 0.547212), (0.6, 0.44279, 0.507446), (0.6, 0.183412, 0.473298), (0.6, 0.21756, 0.447096), (0.6, 0.416588, 0.473298), (0.6, 0.38244, 0.447096), (0.6, 0.257326, 0.430624), (0.6, 0.342674, 0.430624), (0.6, 0.3, 0.425006), (-0.5, 0.15, 0.849694), (-0.6, 0.1725, 0.810723), (-0.5, 0.222354, 0.879664), (-0.6, 0.234001, 0.836197), (-0.4, 0.377646, 0.879664), (-0.5, 0.377646, 0.879664), (-0.4, 0.45, 0.849694), (-0.5, 0.45, 0.849694), (-0.4, 0.589778, 0.51224), (-0.4, 0.6, 0.589886), (-0.5, 0.589778, 0.51224), (-0.5, 0.6, 0.589886), (-0.5, 0.222354, 0.300109), (-0.4, 0.222354, 0.300109), (-0.5, 0.3, 0.289886), (-0.4, 0.3, 0.289886), (-0.4, 0.559808, 0.739886), (-0.5, 0.559808, 0.739886), (-0.4, 0.589778, 0.667532), (-0.5, 0.589778, 0.667532), (-0.4, 0.15, 0.849694), (-0.4, 0.222354, 0.879664), (-0.6, 0.365999, 0.836197), (-0.6, 0.4275, 0.810723), (-0.4, 0.559808, 0.439886), (-0.5, 0.559808, 0.439886), (-0.4, 0.512132, 0.802018), (-0.5, 0.512132, 0.802018), (-0.5, 0.0102223, 0.51224), (-0.6, 0.0536889, 0.523887), (-0.5, 0, 0.589886), (-0.6, 0.045, 0.589886), (-0.6, 0.555, 0.589886), (-0.6, 0.546311, 0.655885), (-0.6, 0.234001, 0.343575), (-0.6, 0.3, 0.334886), (-0.4, 0.0102223, 0.51224), (-0.4, 0.0401924, 0.439886), (-0.5, 0.0401924, 0.439886), (-0.6, 0.365999, 0.343575), (-0.5, 0.377646, 0.300109), (-0.6, 0.4275, 0.36905), (-0.5, 0.45, 0.330079), (-0.5, 0.3, 0.889886), (-0.6, 0.3, 0.844886), (-0.4, 0.0401924, 0.739886), (-0.4, 0.0102223, 0.667532), (-0.5, 0.0401924, 0.739886), (-0.5, 0.0102223, 0.667532), (-0.6, 0.0791635, 0.462386), (-0.6, 0.520837, 0.717386), (-0.6, 0.480312, 0.770199), (-0.4, 0.3, 0.889886), (-0.4, 0.377646, 0.300109), (-0.4, 0.45, 0.330079), (-0.6, 0.546311, 0.523887), (-0.5, 0.15, 0.330079), (-0.6, 0.1725, 0.36905), (-0.6, 0.0536889, 0.655885), (-0.6, 0.480312, 0.409574), (-0.5, 0.512132, 0.377754), (-0.4, 0, 0.589886), (-0.4, 0.15, 0.330079), (-0.6, 0.520837, 0.462386), (-0.5, 0.087868, 0.377754), (-0.6, 0.119688, 0.409574), (-0.5, 0.087868, 0.802018), (-0.6, 0.119688, 0.770199), (-0.6, 0.0791635, 0.717386), (-0.4, 0.512132, 0.377754), (-0.4, 0.087868, 0.802018), (-0.4, 0.087868, 0.377754), (-0.3, 0.3, 0.334886), (-0.3, 0.365999, 0.343575), (-0.3, 0.4275, 0.36905), (-0.3, 0.480312, 0.409574), (-0.3, 0.546311, 0.523887), (-0.3, 0.520837, 0.462386), (-0.3, 0.234001, 0.836197), (-0.3, 0.3, 0.844886), (-0.3, 0.234001, 0.343575), (-0.3, 0.1725, 0.36905), (-0.3, 0.119688, 0.409574), (-0.3, 0.0791635, 0.462386), (-0.3, 0.0536889, 0.523887), (-0.3, 0.555, 0.589886), (-0.3, 0.045, 0.589886), (-0.3, 0.546311, 0.655885), (-0.3, 0.0536889, 0.655885), (-0.3, 0.520837, 0.717386), (-0.3, 0.0791635, 0.717386), (-0.3, 0.480312, 0.770199), (-0.3, 0.119688, 0.770199), (-0.3, 0.4275, 0.810723), (-0.3, 0.1725, 0.810723), (-0.3, 0.365999, 0.836197), (-0.5, 0.358085, 0.531802), (-0.6, 0.377446, 0.51244), (-0.5, 0.371139, 0.548814), (-0.6, 0.394852, 0.535123), (-0.5, 0.228861, 0.630958), (-0.6, 0.205148, 0.644649), (-0.5, 0.220655, 0.611147), (-0.6, 0.194207, 0.618233), (-0.5, 0.3, 0.507742), (-0.5, 0.321261, 0.510541), (-0.5, 0.27874, 0.510541), (-0.5, 0.258928, 0.518747), (-0.5, 0.341072, 0.518747), (-0.5, 0.241915, 0.531802), (-0.5, 0.228861, 0.548814), (-0.5, 0.220655, 0.568626), (-0.5, 0.379345, 0.568626), (-0.5, 0.217856, 0.589886), (-0.5, 0.382144, 0.589886), (-0.5, 0.379345, 0.611147), (-0.5, 0.371139, 0.630958), (-0.5, 0.241915, 0.647971), (-0.5, 0.358085, 0.647971), (-0.5, 0.258928, 0.661025), (-0.5, 0.341072, 0.661025), (-0.5, 0.27874, 0.669231), (-0.5, 0.321261, 0.669231), (-0.5, 0.3, 0.67203), (-0.6, 0.3, 0.480361), (-0.6, 0.328347, 0.484093), (-0.6, 0.354763, 0.684738), (-0.6, 0.377446, 0.667332), (-0.6, 0.245237, 0.495034), (-0.6, 0.271653, 0.484093), (-0.6, 0.222554, 0.667332), (-0.6, 0.222554, 0.51244), (-0.6, 0.245237, 0.684738), (-0.6, 0.354763, 0.495034), (-0.6, 0.405793, 0.618233), (-0.6, 0.409525, 0.589886), (-0.6, 0.405793, 0.561539), (-0.6, 0.394852, 0.644649), (-0.6, 0.271653, 0.69568), (-0.6, 0.3, 0.699412), (-0.6, 0.328347, 0.69568), (-0.6, 0.205148, 0.535123), (-0.6, 0.194207, 0.561539), (-0.6, 0.190475, 0.589886), (-0.6, 0.3, 0.754767), (-0.6, 0.257326, 0.749148), (-0.6, 0.342674, 0.749148), (-0.6, 0.38244, 0.732677), (-0.6, 0.21756, 0.732677), (-0.6, 0.183412, 0.706474), (-0.6, 0.416588, 0.706474), (-0.6, 0.3, 0.699412), (-0.6, 0.328347, 0.69568), (-0.6, 0.271653, 0.69568), (-0.6, 0.44279, 0.672326), (-0.6, 0.354763, 0.684738), (-0.6, 0.377446, 0.667332), (-0.6, 0.15721, 0.672326), (-0.6, 0.245237, 0.684738), (-0.6, 0.222554, 0.667332), (-0.6, 0.459262, 0.63256), (-0.6, 0.394852, 0.644649), (-0.6, 0.405793, 0.618233), (-0.6, 0.46488, 0.589886), (-0.6, 0.409525, 0.589886), (-0.6, 0.140738, 0.63256), (-0.6, 0.205148, 0.644649), (-0.6, 0.194207, 0.618233), (-0.6, 0.459262, 0.547212), (-0.6, 0.405793, 0.561539), (-0.6, 0.394852, 0.535123), (-0.6, 0.13512, 0.589886), (-0.6, 0.190475, 0.589886), (-0.6, 0.194207, 0.561539), (-0.6, 0.140738, 0.547212), (-0.6, 0.205148, 0.535123), (-0.6, 0.44279, 0.507446), (-0.6, 0.377446, 0.51244), (-0.6, 0.354763, 0.495034), (-0.6, 0.15721, 0.507446), (-0.6, 0.222554, 0.51244), (-0.6, 0.245237, 0.495034), (-0.6, 0.416588, 0.473298), (-0.6, 0.183412, 0.473298), (-0.6, 0.328347, 0.484093), (-0.6, 0.271653, 0.484093), (-0.6, 0.3, 0.480361), (-0.6, 0.38244, 0.447096), (-0.6, 0.21756, 0.447096), (-0.6, 0.342674, 0.430624), (-0.6, 0.257326, 0.430624), (-0.6, 0.3, 0.425006), (-0.6, 0.3, 0.425006), (-0.6, 0.257326, 0.430624), (-0.6, 0.342674, 0.430624), (-0.6, 0.21756, 0.447096), (-0.6, 0.183412, 0.473298), (-0.6, 0.38244, 0.447096), (-0.6, 0.416588, 0.473298), (-0.6, 0.15721, 0.507446), (-0.6, 0.140738, 0.547212), (-0.6, 0.13512, 0.589886), (-0.6, 0.44279, 0.507446), (-0.6, 0.459262, 0.547212), (-0.6, 0.140738, 0.63256), (-0.6, 0.15721, 0.672326), (-0.6, 0.46488, 0.589886), (-0.6, 0.459262, 0.63256), (-0.6, 0.44279, 0.672326), (-0.6, 0.183412, 0.706474), (-0.6, 0.21756, 0.732677), (-0.6, 0.416588, 0.706474), (-0.6, 0.38244, 0.732677), (-0.6, 0.257326, 0.749148), (-0.6, 0.342674, 0.749148), (-0.6, 0.3, 0.754767)]
        normal3f[] normals = [(0, -1, 0), (0, -1, 0), (0, -1, 0), (0, -1, 0), (0, -1, 0), (0, -1, 0), (0, 0, 1), (0, 0, 1), (0, 0, 1), (0, 0, 1), (0, 0, 1), (0, 0, 1), (0.923879, 0.382683, 0), (1, 0, 0), (0.923879, 0.382683, 0), (1, 0, 0), (0.923879, 0.382683, 0), (1, 0, 0), (0, 0, -1), (0, 0, -1), (0, 0, -1), (0, 0, -1), (0, 0, -1), (0, 0, -1), (0, 0, -1), (0, 0, -1), (0, 0, -1), (0, 0, 1), (0, 0, 1), (0, 0, 1), (0, 0, 1), (0, 0, 1), (0, 0, 1), (0, 0, 1), (0, 0, 1), (0, 0, 1), (0, 1, 0), (0.382683, 0.923879, 0), (0.382683, 0.923879, 0), (0.382683, 0.923879, 0), (0, 1, 0), (0, 1, 0), (0.382683, 0.923879, 0), (0.923879, 0.382683, 0), (0.382683, 0.923879, 0), (0.923879, 0.382683, 0), (0.382683, 0.923879, 0), (0.923879, 0.382683, 0), (0, 0, -1), (0, 0, -1), (0, 0, -1), (0, 0, -1), (0, 0, -1), (0, 0, -1), (0, 0, -1), (0, 0, -1), (0, 0, -1), (-1, 0, 0), (-0.923879, 0.382683, 0), (-1, 0, 0), (-0.923879, 0.382683, 0), (-1, 0, 0), (-0.923879, 0.382683, 0), (-0.382683, 0.923879, 0), (0, 1, 0), (0, 1, 0), (0, 1, 0), (-0.382683, 0.923879, 0), (-0.382683, 0.923879, 0), (-0.923879, 0.382683, 0), (-0.382683, 0.923879, 0), (-0.923879, 0.382683, 0), (-0.382683, 0.923879, 0), (-0.923879, 0.382683, 0), (-0.382683, 0.923879, 0), (0, 0, 1), (0, 0, 1), (0, 0, 1), (0, 0, 1), (0, 0, 1), (0, 0, 1), (0, 0, 1), (0, 0, 1), (0, 0, 1), (0, 0, -1), (0, 0, -1), (0, 0, -1), (0, 0, -1), (0, 0, -1), (0, 0, -1), (1, 0, 0), (1, 0, 0), (1, 0, 0), (1, 0, 0), (1, 0, 0), (1, 0, 0), (0, 0, -1), (0, 0, -1), (0, 0, -1), (0, 0, -1), (0, 0, -1), (0, 0, -1), (0, 0.646375, 0.76302), (0, 0, 1), (0, 0, 1), (0, 0, 1), (0, 0.646375, 0.76302), (0, 0.646375, 0.76302), (0, 0.986394, 0.164399), (0, 0.646375, 0.76302), (0, 0.986394, 0.164399), (0, 0.646375, 0.76302), (0, 0.986394, 0.164399), (0, 0.646375, 0.76302), (0, 0, -1), (0, 0, -1), (0, 0, -1), (0, 0, -1), (0, 0, -1), (0, 0, -1), (0, 0.986394, 0.164399), (0, 0.646375, 0.76302), (0, 0.986394, 0.164399), (0, 0.646375, 0.76302), (0, 0.986394, 0.164399), (0, 0.646375, 0.76302), (0, 1, 0), (0, 0.707107, 0.707107), (0, 1, 0), (0, 0.707107, 0.707107), (0, 1, 0), (0, 0.707107, 0.707107), (0, 0.707107, 0.707107), (0, 1, 0), (0, 1, 0), (0, 0.707107, 0.707107), (0, 1, 0), (0, 1, 0), (0, 0, -1), (0, 0, -1), (0, 0, -1), (0, 0, -1), (0, 0, -1), (0, 0, -1), (-1, 0, 0), (-1, 0, 0), (-1, 0, 0), (-1, 0, 0), (-1, 0, 0), (-1, 0, 0), (0, 0, -1), (0, 0, -1), (0, 0, -1), (0, 0, -1), (0, 0, -1), (0, 0, -1), (0, -1, 0), (0, -1, 0), (0, -1, 0), (0, -1, 0), (0, -1, 0), (0, -1, 0), (0, -1, 0), (0, -1, 0), (0, -1, 0), (0, -1, 0), (0, -1, 0), (0, -1, 0), (0, -1, 0), (0, -1, 0), (0, -1, 0), (0, -1, 0), (0, -1, 0), (0, -1, 0), (0, -1, 0), (0, -1, 0), (0, -1, 0), (0, -1, 0), (0, -1, 0), (0, -1, 0), (0, -1, 0), (0, -1, 0), (0, -1, 0), (0, -1, 0), (0, -1, 0), (0, -1, 0), (0, -1, 0), (0, -1, 0), (0, -1, 0), (0, -1, 0), (0, -1, 0), (0, -1, 0), (0, -1, 0), (0, -1, 0), (0, -1, 0), (0, -1, 0), (0, -1, 0), (0, -1, 0), (0, -1, 0), (0, -1, 0), (0, -1, 0), (0, -1, 0), (0, -1, 0), (0, -1, 0), (0, -1, 0), (0, -1, 0), (0, -1, 0), (0, -1, 0), (0, -1, 0), (0, -1, 0), (0, -1, 0), (0, -1, 0), (0, -1, 0), (0, -1, 0), (0, -1, 0), (0, -1, 0), (0, -1, 0), (0, -1, 0), (0, -1, 0), (0, -1, 0), (0, -1, 0), (0, -1, 0), (0, -1, 0), (0, -1, 0), (0, -1, 0), (0, -1, 0), (0, -1, 0), (0, -1, 0), (0, -0.258819, -0.965926), (0, -0.130526, -0.991445), (0, -0.130526, -0.991445), (0, -0.130526, -0.991445), (0, -0.258819, -0.965926), (0, -0.258819, -0.965926), (0, -0.5, -0.866025), (0, -0.258819, -0.965926), (0, -0.258819, -0.965926), (0, -0.258819, -0.965926), (0, -0.5, -0.866025), (0, -0.5, -0.866025), (0, -0.5, -0.866025), (0, -0.707107, -0.707107), (0, -0.5, -0.866025), (0, -0.707107, -0.707107), (0, -0.5, -0.866025), (0, -0.707107, -0.707107), (0, -0.707107, -0.707107), (0, -0.866025, -0.5), (0, -0.707107, -0.707107), (0, -0.866025, -0.5), (0, -0.707107, -0.707107), (0, -0.866025, -0.5), (1, 0, 0), (1, 0, 0), (1, 0, 0), (1, 0, 0), (1, 0, 0), (1, 0, 0), (1, 0, 0), (1, 0, 0), (1, 0, 0), (1, 0, 0), (1, 0, 0), (1, 0, 0), (1, 0, 0), (1, 0, 0), (1, 0, 0), (1, 0, 0), (1, 0, 0), (1, 0, 0), (1, 0, 0), (1, 0, 0), (1, 0, 0), (1, 0, 0), (1, 0, 0), (1, 0, 0), (1, 0, 0), (1, 0, 0), (1, 0, 0), (1, 0, 0), (1, 0, 0), (1, 0, 0), (1, 0, 0), (1, 0, 0), (1, 0, 0), (1, 0, 0), (1, 0, 0), (1, 0, 0), (1, 0, 0), (1, 0, 0), (1, 0, 0), (1, 0, 0), (1, 0, 0), (1, 0, 0), (1, 0, 0), (1, 0, 0), (1, 0, 0), (1, 0, 0), (1, 0, 0), (1, 0, 0), (1, 0, 0), (1, 0, 0), (1, 0, 0), (1, 0, 0), (1, 0, 0), (1, 0, 0), (1, 0, 0), (1, 0, 0), (1, 0, 0), (1, 0, 0), (1, 0, 0), (1, 0, 0), (1, 0, 0), (1, 0, 0), (1, 0, 0), (1, 0, 0), (1, 0, 0), (1, 0, 0), (1, 0, 0), (1, 0, 0), (1, 0, 0), (1, 0, 0), (1, 0, 0), (1, 0, 0), (0, -0.866025, 0.5), (0, -0.707107, 0.707107), (0, -0.866025, 0.5), (0, -0.707107, 0.707107), (0, -0.866025, 0.5), (0, -0.707107, 0.707107), (0, -0.866025, -0.5), (0, -0.965926, -0.258819), (0, -0.866025, -0.5), (0, -0.965926, -0.258819), (0, -0.866025, -0.5), (0, -0.965926, -0.258819), (0, -0.965926, 0.258819), (0, -0.866025, 0.5), (0, -0.965926, 0.258819), (0, -0.866025, 0.5), (0, -0.965926, 0.258819), (0, -0.866025, 0.5), (0, -0.5, 0.866025), (0, -0.258819, 0.965926), (0, -0.258819, 0.965926), (0, -0.258819, 0.965926), (0, -0.5, 0.866025), (0, -0.5, 0.866025), (0, -0.258819, 0.965926), (0, -0.130526, 0.991445), (0, -0.130526, 0.991445), (0, -0.130526, 0.991445), (0, -0.258819, 0.965926), (0, -0.258819, 0.965926), (0, -0.707107, 0.707107), (0, -0.5, 0.866025), (0, -0.5, 0.866025), (0, -0.5, 0.866025), (0, -0.707107, 0.707107), (0, -0.707107, 0.707107), (0, -0.965926, -0.258819), (0, -1, 0), (0, -0.965926, -0.258819), (0, -1, 0), (0, -0.965926, -0.258819), (0, -1, 0), (0, -1, 0), (0, -0.965926, 0.258819), (0, -1, 0), (0, -0.965926, 0.258819), (0, -1, 0), (0, -0.965926, 0.258819), (0, -0.258819, 0.965926), (0, -0.130526, 0.991445), (0, -0.130526, 0.991445), (0, -0.130526, 0.991445), (0, -0.258819, 0.965926), (0, -0.258819, 0.965926), (0, -0.5, 0.866025), (0, -0.707107, 0.707107), (0, -0.5, 0.866025), (0, -0.707107, 0.707107), (0, -0.5, 0.866025), (0, -0.707107, 0.707107), (0, -0.866025, 0.5), (0, -0.707107, 0.707107), (0, -0.866025, 0.5), (0, -0.707107, 0.707107), (0, -0.866025, 0.5), (0, -0.707107, 0.707107), (0, -0.965926, 0.258819), (0, -0.866025, 0.5), (0, -0.965926, 0.258819), (0, -0.866025, 0.5), (0, -0.965926, 0.258819), (0, -0.866025, 0.5), (0, -1, 0), (0, -0.965926, 0.258819), (0, -1, 0), (0, -0.965926, 0.258819), (0, -1, 0), (0, -0.965926, 0.258819), (-1, 0, 0), (-1, 0, 0), (-1, 0, 0), (-1, 0, 0), (-1, 0, 0), (-1, 0, 0), (-1, 0, 0), (-1, 0, 0), (-1, 0, 0), (-1, 0, 0), (-1, 0, 0), (-1, 0, 0), (-1, 0, 0), (-1, 0, 0), (-1, 0, 0), (-1, 0, 0), (-1, 0, 0), (-1, 0, 0), (-1, 0, 0), (-1, 0, 0), (-1, 0, 0), (-1, 0, 0), (-1, 0, 0), (-1, 0, 0), (-1, 0, 0), (-1, 0, 0), (-1, 0, 0), (-1, 0, 0), (-1, 0, 0), (-1, 0, 0), (-1, 0, 0), (-1, 0, 0), (-1, 0, 0), (-1, 0, 0), (-1, 0, 0), (-1, 0, 0), (-1, 0, 0), (-1, 0, 0), (-1, 0, 0), (-1, 0, 0), (-1, 0, 0), (-1, 0, 0), (-1, 0, 0), (-1, 0, 0), (-1, 0, 0), (-1, 0, 0), (-1, 0, 0), (-1, 0, 0), (-1, 0, 0), (-1, 0, 0), (-1, 0, 0), (-1, 0, 0), (-1, 0, 0), (-1, 0, 0), (-1, 0, 0), (-1, 0, 0), (-1, 0, 0), (-1, 0, 0), (-1, 0, 0), (-1, 0, 0), (-1, 0, 0), (-1, 0, 0), (-1, 0, 0), (-1, 0, 0), (-1, 0, 0), (-1, 0, 0), (-1, 0, 0), (-1, 0, 0), (-1, 0, 0), (-1, 0, 0), (-1, 0, 0), (-1, 0, 0), (0, -0.965926, -0.258819), (0, -1, 0), (0, -0.965926, -0.258819), (0, -1, 0), (0, -0.965926, -0.258819), (0, -1, 0), (0, -0.866025, -0.5), (0, -0.965926, -0.258819), (0, -0.866025, -0.5), (0, -0.965926, -0.258819), (0, -0.866025, -0.5), (0, -0.965926, -0.258819), (0, -0.707107, -0.707107), (0, -0.5, -0.866025), (0, -0.5, -0.866025), (0, -0.5, -0.866025), (0, -0.707107, -0.707107), (0, -0.707107, -0.707107), (0, -0.707107, -0.707107), (0, -0.866025, -0.5), (0, -0.707107, -0.707107), (0, -0.866025, -0.5), (0, -0.707107, -0.707107), (0, -0.866025, -0.5), (0, -0.258819, -0.965926), (0, -0.5, -0.866025), (0, -0.258819, -0.965926), (0, -0.5, -0.866025), (0, -0.258819, -0.965926), (0, -0.5, -0.866025), (0, -0.130526, -0.991445), (0, -0.258819, -0.965926), (0, -0.130526, -0.991445), (0, -0.258819, -0.965926), (0, -0.130526, -0.991445), (0, -0.258819, -0.965926), (0, -0.5, 0.866025), (0, -0.258819, 0.965926), (0, -0.258819, 0.965926), (0, -0.258819, 0.965926), (0, -0.5, 0.866025), (0, -0.5, 0.866025), (0, -0.965926, 0.258819), (0, -0.866025, 0.5), (0, -0.923879, 0.382683), (0, -0.866025, 0.5), (0, -0.965926, 0.258819), (0, -0.965926, 0.258819), (0, -0.866025, 0.5), (0, -0.965926, 0.258819), (0, -0.866025, 0.5), (0, -0.707107, -0.707107), (0, -0.5, -0.866025), (0, -0.5, -0.866025), (0, -0.5, -0.866025), (0, -0.707107, -0.707107), (0, -0.608761, -0.793353), (0, -0.608761, -0.793353), (0, -0.707107, -0.707107), (0, -0.707107, -0.707107), (0, -1, 0), (0, -0.965926, 0.258819), (0, -1, 0), (0, -0.965926, 0.258819), (0, -1, 0), (0, -0.965926, 0.258819), (0, -0.258819, 0.965926), (0, -0.5, 0.866025), (0, -0.258819, 0.965926), (0, -0.5, 0.866025), (0, -0.258819, 0.965926), (0, -0.5, 0.866025), (0, -0.258819, -0.965926), (0, -0.130526, -0.991445), (0, -0.130526, -0.991445), (0, -0.130526, -0.991445), (0, -0.258819, -0.965926), (0, -0.258819, -0.965926), (0, -0.5, -0.866025), (0, -0.258819, -0.965926), (0, -0.258819, -0.965926), (0, -0.258819, -0.965926), (0, -0.5, -0.866025), (0, -0.5, -0.866025), (0, -0.130526, 0.991445), (0, -0.258819, 0.965926), (0, -0.130526, 0.991445), (0, -0.258819, 0.965926), (0, -0.130526, 0.991445), (0, -0.258819, 0.965926), (-1, 0, 0), (-1, 0, 0), (-1, 0, 0), (-1, 0, 0), (-1, 0, 0), (-1, 0, 0), (-1, 0, 0), (-1, 0, 0), (-1, 0, 0), (-1, 0, 0), (-1, 0, 0), (-1, 0, 0), (-1, 0, 0), (-1, 0, 0), (-1, 0, 0), (-1, 0, 0), (-1, 0, 0), (-1, 0, 0), (-1, 0, 0), (-1, 0, 0), (-1, 0, 0), (-1, 0, 0), (-1, 0, 0), (-1, 0, 0), (-1, 0, 0), (-1, 0, 0), (-1, 0, 0), (-1, 0, 0), (-1, 0, 0), (-1, 0, 0), (-1, 0, 0), (-1, 0, 0), (-1, 0, 0), (-1, 0, 0), (-1, 0, 0), (-1, 0, 0), (-1, 0, 0), (-1, 0, 0), (-1, 0, 0), (-1, 0, 0), (-1, 0, 0), (-1, 0, 0), (-1, 0, 0), (-1, 0, 0), (-1, 0, 0), (-1, 0, 0), (-1, 0, 0), (-1, 0, 0), (-1, 0, 0), (-1, 0, 0), (-1, 0, 0), (-1, 0, 0), (-1, 0, 0), (-1, 0, 0), (-1, 0, 0), (-1, 0, 0), (-1, 0, 0), (-1, 0, 0), (-1, 0, 0), (-1, 0, 0), (-1, 0, 0), (-1, 0, 0), (-1, 0, 0), (-1, 0, 0), (-1, 0, 0), (-1, 0, 0), (-1, 0, 0), (-1, 0, 0), (-1, 0, 0), (-1, 0, 0), (-1, 0, 0), (-1, 0, 0), (0, -0.5, 0.866025), (0, -0.707107, 0.707107), (0, -0.5, 0.866025), (0, -0.707107, 0.707107), (0, -0.5, 0.866025), (0, -0.707107, 0.707107), (0, -0.965926, -0.258819), (0, -1, 0), (0, -0.965926, -0.258819), (0, -1, 0), (0, -0.965926, -0.258819), (0, -1, 0), (0, -0.866025, -0.5), (0, -0.965926, -0.258819), (0, -0.866025, -0.5), (0, -0.965926, -0.258819), (0, -0.866025, -0.5), (0, -0.965926, -0.258819), (0, -0.707107, -0.707107), (0, -0.866025, -0.5), (0, -0.707107, -0.707107), (0, -0.866025, -0.5), (0, -0.707107, -0.707107), (0, -0.866025, -0.5), (0, -0.866025, 0.5), (0, -0.707107, 0.707107), (0, -0.866025, 0.5), (0, -0.707107, 0.707107), (0, -0.866025, 0.5), (0, -0.707107, 0.707107), (0, -0.5, -0.866025), (0, -0.707107, -0.707107), (0, -0.5, -0.866025), (0, -0.707107, -0.707107), (0, -0.5, -0.866025), (0, -0.608761, -0.793353), (0, -0.707107, -0.707107), (0, -0.608761, -0.793353), (0, -0.707107, -0.707107), (0, -0.707107, -0.707107), (0, -0.866025, -0.5), (0, -0.707107, -0.707107), (0, -0.866025, -0.5), (0, -0.707107, -0.707107), (0, -0.866025, -0.5), (0, -0.866025, 0.5), (0, -0.707107, 0.707107), (0, -0.866025, 0.5), (0, -0.707107, 0.707107), (0, -0.866025, 0.5), (0, -0.707107, 0.707107), (0, -0.866025, -0.5), (0, -0.965926, -0.258819), (0, -0.866025, -0.5), (0, -0.965926, -0.258819), (0, -0.866025, -0.5), (0, -0.965926, -0.258819), (0, -0.258819, 0.965926), (0, -0.130526, 0.991445), (0, -0.130526, 0.991445), (0, -0.130526, 0.991445), (0, -0.258819, 0.965926), (0, -0.258819, 0.965926), (0, -0.130526, -0.991445), (0, -0.258819, -0.965926), (0, -0.130526, -0.991445), (0, -0.258819, -0.965926), (0, -0.130526, -0.991445), (0, -0.258819, -0.965926), (0, -0.258819, -0.965926), (0, -0.5, -0.866025), (0, -0.258819, -0.965926), (0, -0.5, -0.866025), (0, -0.258819, -0.965926), (0, -0.5, -0.866025), (0, -0.5, 0.866025), (0, -0.258819, 0.965926), (0, -0.258819, 0.965926), (0, -0.258819, 0.965926), (0, -0.5, 0.866025), (0, -0.5, 0.866025), (0, -0.707107, 0.707107), (0, -0.5, 0.866025), (0, -0.5, 0.866025), (0, -0.5, 0.866025), (0, -0.707107, 0.707107), (0, -0.707107, 0.707107), (0, -0.965926, -0.258819), (0, -1, 0), (0, -0.965926, -0.258819), (0, -1, 0), (0, -0.965926, -0.258819), (0, -1, 0), (0, -1, 0), (0, -0.965926, 0.258819), (0, -1, 0), (0, -0.965926, 0.258819), (0, -1, 0), (0, -0.965926, 0.258819), (1, 0, 0), (1, 0, 0), (1, 0, 0), (1, 0, 0), (1, 0, 0), (1, 0, 0), (1, 0, 0), (1, 0, 0), (1, 0, 0), (1, 0, 0), (1, 0, 0), (1, 0, 0), (1, 0, 0), (1, 0, 0), (1, 0, 0), (1, 0, 0), (1, 0, 0), (1, 0, 0), (1, 0, 0), (1, 0, 0), (1, 0, 0), (1, 0, 0), (1, 0, 0), (1, 0, 0), (1, 0, 0), (1, 0, 0), (1, 0, 0), (1, 0, 0), (1, 0, 0), (1, 0, 0), (1, 0, 0), (1, 0, 0), (1, 0, 0), (1, 0, 0), (1, 0, 0), (1, 0, 0), (1, 0, 0), (1, 0, 0), (1, 0, 0), (1, 0, 0), (1, 0, 0), (1, 0, 0), (1, 0, 0), (1, 0, 0), (1, 0, 0), (1, 0, 0), (1, 0, 0), (1, 0, 0), (1, 0, 0), (1, 0, 0), (1, 0, 0), (1, 0, 0), (1, 0, 0), (1, 0, 0), (1, 0, 0), (1, 0, 0), (1, 0, 0), (1, 0, 0), (1, 0, 0), (1, 0, 0), (1, 0, 0), (1, 0, 0), (1, 0, 0), (1, 0, 0), (1, 0, 0), (1, 0, 0), (1, 0, 0), (1, 0, 0), (1, 0, 0), (1, 0, 0), (1, 0, 0), (1, 0, 0), (0, -0.965926, 0.258819), (0, -0.866025, 0.5), (0, -0.965926, 0.258819), (0, -0.866025, 0.5), (0, -0.965926, 0.258819), (0, -0.923879, 0.382683), (0, -0.866025, 0.5), (0, -0.866025, 0.5), (0, -0.923879, 0.382683), (0.849553, 0, 0.527504), (0.849553, 0, 0.527504), (0.849553, 0, 0.527504), (0.849553, 0, 0.527504), (0.849553, 0, 0.527504), (0.849553, 0, 0.527504), (0.849553, 0, 0.527504), (0.849553, 0, 0.527504), (0.849553, 0, 0.527504), (0.849553, 0, 0.527504), (0.849553, 0, 0.527504), (0.849553, 0, 0.527504), (0.849553, 0, 0.527504), (0.849553, 0, 0.527504), (0.849553, 0, 0.527504), (0.849553, 0, 0.527504), (0.849553, 0, 0.527504), (0.849553, 0, 0.527504), (0.849553, 0, 0.527504), (0.849553, 0, 0.527504), (0.849553, 0, 0.527504), (0.849553, 0, 0.527504), (0.849553, 0, 0.527504), (0.849553, 0, 0.527504), (-0.849553, 0, 0.527504), (-0.849553, 0, 0.527504), (-0.849553, 0, 0.527504), (-0.849553, 0, 0.527504), (-0.849553, 0, 0.527504), (-0.849553, 0, 0.527504), (-0.849553, 0, 0.527504), (-0.849553, 0, 0.527504), (-0.849553, 0, 0.527504), (-0.849553, 0, 0.527504), (-0.849553, 0, 0.527504), (-0.849553, 0, 0.527504), (-0.849553, 0, 0.527504), (-0.849553, 0, 0.527504), (-0.849553, 0, 0.527504), (-0.849553, 0, 0.527504), (-0.849553, 0, 0.527504), (-0.849553, 0, 0.527504), (-0.849553, 0, 0.527504), (-0.849553, 0, 0.527504), (-0.849553, 0, 0.527504), (-0.849553, 0, 0.527504), (-0.849553, 0, 0.527504), (-0.849553, 0, 0.527504), (0, 0, 1), (0, 0, 1), (0, 0, 1), (0, 0, 1), (0, 0, 1), (0, 0, 1), (0, 0.646375, 0.76302), (0, 0, 1), (0, 0, 1), (0, 0, 1), (0, 0.646375, 0.76302), (0, 0.646375, 0.76302), (0, 0.707107, 0.707107), (0, 0, 1), (0, 0, 1), (0, 0, 1), (0, 0.707107, 0.707107), (0, 0.707107, 0.707107), (-1, 0, 0), (-1, 0, 0), (-1, 0, 0), (-1, 0, 0), (-1, 0, 0), (-1, 0, 0), (-1, 0, 0), (-1, 0, 0), (-1, 0, 0), (-1, 0, 0), (-1, 0, 0), (-1, 0, 0), (-1, 0, 0), (-1, 0, 0), (-1, 0, 0), (-1, 0, 0), (-1, 0, 0), (-1, 0, 0), (1, 0, 0), (1, 0, 0), (1, 0, 0), (1, 0, 0), (1, 0, 0), (1, 0, 0), (1, 0, 0), (1, 0, 0), (1, 0, 0), (1, 0, 0), (1, 0, 0), (1, 0, 0), (1, 0, 0), (1, 0, 0), (1, 0, 0), (1, 0, 0), (1, 0, 0), (1, 0, 0), (0, 0.562961, 0.826484), (0, 0, 1), (0, 0, 1), (0, 0, 1), (0, 0.562961, 0.826484), (0, 0.562961, 0.826484), (0, 0.930556, 0.36615), (0, 0.562961, 0.826484), (0, 0.930556, 0.36615), (0, 0.562961, 0.826484), (0, 0.930556, 0.36615), (0, 0.562961, 0.826484), (0, 0.707107, -0.707107), (0, 0, -1), (0, 0, -1), (0, 0, -1), (0, 0.707107, -0.707107), (0, 0.707107, -0.707107), (0, 0.707107, -0.707107), (0, 1, 0), (0, 0.707107, -0.707107), (0, 1, 0), (0, 0.707107, -0.707107), (0, 1, 0), (0, 0.986394, 0.164399), (0, 0.646375, 0.76302), (0, 0.986394, 0.164399), (0, 0.646375, 0.76302), (0, 0.986394, 0.164399), (0, 0.646375, 0.76302), (1, 0, 0), (1, 0, 0), (1, 0, 0), (1, 0, 0), (1, 0, 0), (1, 0, 0), (1, 0, 0), (1, 0, 0), (1, 0, 0), (1, 0, 0), (1, 0, 0), (1, 0, 0), (1, 0, 0), (1, 0, 0), (1, 0, 0), (1, 0, 0), (1, 0, 0), (1, 0, 0), (1, 0, 0), (1, 0, 0), (1, 0, 0), (1, 0, 0), (1, 0, 0), (1, 0, 0), (1, 0, 0), (1, 0, 0), (1, 0, 0), (1, 0, 0), (1, 0, 0), (1, 0, 0), (1, 0, 0), (1, 0, 0), (1, 0, 0), (1, 0, 0), (1, 0, 0), (1, 0, 0), (1, 0, 0), (1, 0, 0), (1, 0, 0), (1, 0, 0), (1, 0, 0), (1, 0, 0), (0, 0.986394, 0.164399), (0, 0.646375, 0.76302), (0, 0.986394, 0.164399), (0, 0.646375, 0.76302), (0, 0.986394, 0.164399), (0, 0.646375, 0.76302), (0.788205, 0, 0.615412), (1, 0, 0), (1, 0, 0), (1, 0, 0), (0.788205, 0, 0.615412), (0.788205, 0, 0.615412), (0, -1, 0), (0, -1, 0), (0, -1, 0), (0, -1, 0), (0, -1, 0), (0, -1, 0), (-0.788205, 0, 0.615412), (-1, 0, 0), (-1, 0, 0), (-1, 0, 0), (-0.788205, 0, 0.615412), (-0.788205, 0, 0.615412), (0, -1, 0), (0, -1, 0), (0, -1, 0), (0, -1, 0), (0, -1, 0), (0, -1, 0), (0, 1, 0), (0, 1, 0), (0, 1, 0), (0, 1, 0), (0, 1, 0), (0, 1, 0), (0, 1, 0), (0, 1, 0), (0, 1, 0), (0, 1, 0), (0, 1, 0), (0, 1, 0), (0, 0, -1), (0, 0, -1), (0, 0, -1), (0, 0, -1), (0, 0, -1), (0, 0, -1), (0, 0, -1), (0, 0, -1), (0, 0, -1), (0, 0, -1), (0, 0, -1), (0, 0, -1), (0, 0, -1), (0, 0, -1), (0, 0, -1), (0, 0, -1), (0, 0, -1), (0, 0, -1), (0, 0, -1), (0, 0, -1), (0, 0, -1), (0, 0, -1), (0, 0, -1), (0, 0, -1), (0, 0, -1), (0, 0, -1), (0, 0, -1), (0, 0, -1), (0, 0, -1), (0, 0, -1), (-1, 0, 0), (-1, 0, 0), (-1, 0, 0), (-1, 0, 0), (-1, 0, 0), (-1, 0, 0), (-1, 0, 0), (-1, 0, 0), (-1, 0, 0), (-1, 0, 0), (-1, 0, 0), (-1, 0, 0), (-1, 0, 0), (-1, 0, 0), (-1, 0, 0), (-1, 0, 0), (-1, 0, 0), (-1, 0, 0), (-1, 0, 0), (-1, 0, 0), (-1, 0, 0), (-1, 0, 0), (-1, 0, 0), (-1, 0, 0), (-1, 0, 0), (-1, 0, 0), (-1, 0, 0), (-1, 0, 0), (-1, 0, 0), (-1, 0, 0), (-1, 0, 0), (-1, 0, 0), (-1, 0, 0), (-1, 0, 0), (-1, 0, 0), (-1, 0, 0), (-1, 0, 0), (-1, 0, 0), (-1, 0, 0), (-1, 0, 0), (-1, 0, 0), (-1, 0, 0), (-0.986388, 0, -0.164435), (-0.986388, 0, -0.164435), (-0.986388, 0, -0.164435), (-0.986388, 0, -0.164435), (-0.986388, 0, -0.164435), (-0.986388, 0, -0.164435), (0.986388, 0, -0.164435), (0.986388, 0, -0.164435), (0.986388, 0, -0.164435), (0.986388, 0, -0.164435), (0.986388, 0, -0.164435), (0.986388, 0, -0.164435), (0, 0.97435, -0.225039), (0, 0.97435, -0.225039), (0, 0.97435, -0.225039), (0, 0.97435, -0.225039), (0, 0.97435, -0.225039), (0, 0.97435, -0.225039), (0, 0.993854, -0.110694), (0, 0.97435, -0.225039), (0, 0.97435, -0.225039), (0, 0.993567, -0.113248), (0, 0.97435, -0.225039), (0, 0.993854, -0.110694), (0, 0.97435, -0.225039), (0, 0.993567, -0.113248), (0, 0.97435, -0.225039), (0, 0.965336, -0.261009), (0, 0.991029, -0.13365), (0, 0.99077, -0.135557), (0, 0.991029, -0.13365), (0, 0.965336, -0.261009), (0, 0.965336, -0.261009), (0, 0.965336, -0.261009), (0, 0.965336, -0.261009), (0, 0.965336, -0.261009), (0, 0.965336, -0.261009), (0, 0.965336, -0.261009), (0, 0.965336, -0.261009), (0, 0.965336, -0.261009), (0, 0.965336, -0.261009), (0, 0.991029, -0.13365), (0, 0.991029, -0.13365), (0, 0.965336, -0.261009), (0, 0.99077, -0.135557), (-1, 0, 0), (-1, 0, 0), (-1, 0, 0), (-1, 0, 0), (-1, 0, 0), (-1, 0, 0), (-1, 0, 0), (-1, 0, 0), (-1, 0, 0), (-1, 0, 0), (-1, 0, 0), (-1, 0, 0), (-1, 0, 0), (-1, 0, 0), (-1, 0, 0), (-1, 0, 0), (-1, 0, 0), (-1, 0, 0), (-1, 0, 0), (-1, 0, 0), (-1, 0, 0), (-1, 0, 0), (-1, 0, 0), (-1, 0, 0), (-1, 0, 0), (-1, 0, 0), (-1, 0, 0), (0, -0.991445, 0.130526), (0, -0.991445, 0.130526), (0, -0.991445, 0.130526), (0, -0.991445, 0.130526), (0, -0.991445, 0.130526), (0, -0.991445, 0.130526), (0, -0.991445, 0.130526), (0, -0.991445, 0.130526), (0, -0.991445, 0.130526), (0, 0.5, 0.866025), (0, 0.258819, 0.965926), (0, 0.258819, 0.965926), (0, 0.258819, 0.965926), (0, 0.5, 0.866025), (0, 0.382683, 0.923879), (0, 0.382683, 0.923879), (0, 0.5, 0.866025), (0, 0.5, 0.866025), (0, -1, 0), (0, -1, 0), (0, -1, 0), (0, -1, 0), (0, -1, 0), (0, -1, 0), (0, 0.707107, 0.707107), (0, 0.5, 0.866025), (0, 0.5, 0.866025), (0, 0.5, 0.866025), (0, 0.707107, 0.707107), (0, 0.707107, 0.707107), (0, 0.866025, 0.5), (0, 0.707107, 0.707107), (0, 0.707107, 0.707107), (0, 0.707107, 0.707107), (0, 0.866025, 0.5), (0, 0.866025, 0.5), (0, -0.991445, -0.130526), (0, -0.991445, -0.130526), (0, -0.991445, -0.130526), (0, -0.991445, -0.130526), (0, -0.991445, -0.130526), (0, -0.991445, -0.130526), (0, -0.991445, -0.130526), (0, -0.991445, -0.130526), (0, -0.991445, -0.130526), (0, -0.991445, -0.130526), (0, -0.991445, -0.130526), (0, -0.991445, -0.130526), (1, 0, 0), (1, 0, 0), (1, 0, 0), (1, 0, 0), (1, 0, 0), (1, 0, 0), (1, 0, 0), (1, 0, 0), (1, 0, 0), (1, 0, 0), (1, 0, 0), (1, 0, 0), (1, 0, 0), (1, 0, 0), (1, 0, 0), (1, 0, 0), (1, 0, 0), (1, 0, 0), (1, 0, 0), (1, 0, 0), (1, 0, 0), (1, 0, 0), (1, 0, 0), (1, 0, 0), (1, 0, 0), (1, 0, 0), (1, 0, 0), (1, 0, 0), (1, 0, 0), (1, 0, 0), (1, 0, 0), (1, 0, 0), (1, 0, 0), (0, 0.258819, 0.965926), (0, 0.130526, 0.991445), (0, 0.130526, 0.991445), (0, 0.130526, 0.991445), (0, 0.258819, 0.965926), (0, 0.258819, 0.965926), (0, 0.965926, 0.258819), (0, 0.866025, 0.5), (0, 0.866025, 0.5), (0, 0.866025, 0.5), (0, 0.965926, 0.258819), (0, 0.965926, 0.258819), (0, 1, 0), (0, 0.965926, 0.258819), (0, 0.965926, 0.258819), (0, 0.965926, 0.258819), (0, 1, 0), (0, 1, 0), (0, 0.965926, -0.258819), (0, 1, 0), (0, 1, 0), (0, 1, 0), (0, 0.965926, -0.258819), (0, 0.965926, -0.258819), (0, 0.866025, -0.5), (0, 0.965926, -0.258819), (0, 0.965926, -0.258819), (0, 0.965926, -0.258819), (0, 0.866025, -0.5), (0, 0.866025, -0.5), (0, 0.707107, -0.707107), (0, 0.793353, -0.608761), (0, 0.707107, -0.707107), (0, 0.866025, -0.5), (0, 0.707107, -0.707107), (0, 0.793353, -0.608761), (0, 0.707107, -0.707107), (0, 0.866025, -0.5), (0, 0.866025, -0.5), (0, 0.270926, -0.9626), (0, 0.5, -0.866025), (0, 0.258819, -0.965926), (0, 0.5, -0.866025), (0, 0.270926, -0.9626), (0, 0.382683, -0.923879), (0, 0.5, -0.866025), (0, 0.382683, -0.923879), (0, 0.5, -0.866025), (0, 0.5, -0.866025), (0, 0.707107, -0.707107), (0, 0.5, -0.866025), (0, 0.707107, -0.707107), (0, 0.5, -0.866025), (0, 0.707107, -0.707107), (1, 0, 0), (1, 0, 0), (1, 0, 0), (1, 0, 0), (1, 0, 0), (1, 0, 0), (1, 0, 0), (1, 0, 0), (1, 0, 0), (0, -0.991445, -0.130526), (0, -0.991445, -0.130526), (0, -0.991445, -0.130526), (0, -0.991445, -0.130526), (0, -0.991445, -0.130526), (0, -0.991445, -0.130526), (0, -0.991445, -0.130526), (0, -0.991445, -0.130526), (0, -0.991445, -0.130526), (0, -0.991445, -0.130526), (0, -0.991445, -0.130526), (0, -0.991445, -0.130526), (0, -0.991445, 0.130526), (0, -0.991445, 0.130526), (0, -0.991445, 0.130526), (0, -0.991445, 0.130526), (0, -0.991445, 0.130526), (0, -0.991445, 0.130526), (0, -0.991445, 0.130526), (0, -0.991445, 0.130526), (0, -0.991445, 0.130526), (-1, 0, 0), (-1, 0, 0), (-1, 0, 0), (-1, 0, 0), (-1, 0, 0), (-1, 0, 0), (-1, 0, 0), (-1, 0, 0), (-1, 0, 0), (-1, 0, 0), (-1, 0, 0), (-1, 0, 0), (-1, 0, 0), (-1, 0, 0), (-1, 0, 0), (-1, 0, 0), (-1, 0, 0), (-1, 0, 0), (-1, 0, 0), (-1, 0, 0), (-1, 0, 0), (-1, 0, 0), (-1, 0, 0), (-1, 0, 0), (-1, 0, 0), (-1, 0, 0), (-1, 0, 0), (-1, 0, 0), (-1, 0, 0), (-1, 0, 0), (-1, 0, 0), (-1, 0, 0), (-1, 0, 0), (0, -1, 0), (0, -1, 0), (0, -1, 0), (0, -1, 0), (0, -1, 0), (0, -1, 0), (0, 0.258819, -0.965926), (0, 0.130526, -0.991445), (0, 0.130526, -0.991445), (0, 0.130526, -0.991445), (0, 0.258819, -0.965926), (0, 0.270926, -0.9626), (0, 0.5, -0.866025), (0, 0.270926, -0.9626), (0, 0.258819, -0.965926), (0, 0.270926, -0.9626), (0, 0.5, -0.866025), (0, 0.382683, -0.923879), (0, 0.382683, -0.923879), (0, 0.5, -0.866025), (0, 0.5, -0.866025), (0, 0.707107, -0.707107), (0, 0.5, -0.866025), (0, 0.5, -0.866025), (0, 0.5, -0.866025), (0, 0.707107, -0.707107), (0, 0.707107, -0.707107), (0, 0.707107, -0.707107), (0, 0.866025, -0.5), (0, 0.793353, -0.608761), (0, 0.866025, -0.5), (0, 0.707107, -0.707107), (0, 0.866025, -0.5), (0, 0.866025, -0.5), (0, 0.707107, -0.707107), (0, 0.707107, -0.707107), (0, 0.5, 0.866025), (0, 0.707107, 0.707107), (0, 0.5, 0.866025), (0, 0.707107, 0.707107), (0, 0.5, 0.866025), (0, 0.707107, 0.707107), (0, 0.965926, -0.258819), (0, 1, 0), (0, 1, 0), (0, 1, 0), (0, 0.965926, -0.258819), (0, 0.965926, -0.258819), (0, 0.866025, -0.5), (0, 0.965926, -0.258819), (0, 0.965926, -0.258819), (0, 0.965926, -0.258819), (0, 0.866025, -0.5), (0, 0.866025, -0.5), (0, 0.258819, 0.965926), (0, 0.5, 0.866025), (0, 0.258819, 0.965926), (0, 0.5, 0.866025), (0, 0.258819, 0.965926), (0, 0.382683, 0.923879), (0, 0.5, 0.866025), (0, 0.382683, 0.923879), (0, 0.5, 0.866025), (0, 1, 0), (0, 0.965926, 0.258819), (0, 0.965926, 0.258819), (0, 0.965926, 0.258819), (0, 1, 0), (0, 1, 0), (0, 0.866025, 0.5), (0, 0.707107, 0.707107), (0, 0.707107, 0.707107), (0, 0.707107, 0.707107), (0, 0.866025, 0.5), (0, 0.866025, 0.5), (0, 0.130526, 0.991445), (0, 0.258819, 0.965926), (0, 0.130526, 0.991445), (0, 0.258819, 0.965926), (0, 0.130526, 0.991445), (0, 0.258819, 0.965926), (0, 0.965926, 0.258819), (0, 0.866025, 0.5), (0, 0.866025, 0.5), (0, 0.866025, 0.5), (0, 0.965926, 0.258819), (0, 0.965926, 0.258819), (-1, 0, 0), (-1, 0, 0), (-1, 0, 0), (-1, 0, 0), (-1, 0, 0), (-1, 0, 0), (-1, 0, 0), (-1, 0, 0), (-1, 0, 0), (0, 0.866025, 0.5), (0, 0.707107, 0.707107), (0, 0.707107, 0.707107), (0, 0.707107, 0.707107), (0, 0.866025, 0.5), (0, 0.866025, 0.5), (0, 0.707107, 0.707107), (0, 0.608761, 0.793353), (0, 0.608761, 0.793353), (0, 0.608761, 0.793353), (0, 0.707107, 0.707107), (0, 0.707107, 0.707107), (0, 0.5, 0.866025), (0, 0.608761, 0.793353), (0, 0.707107, 0.707107), (0, 0.608761, 0.793353), (0, 0.5, 0.866025), (0, 0.5, 0.866025), (0, 0.965926, -0.258819), (0, 1, 0), (0, 1, 0), (0, 1, 0), (0, 0.965926, -0.258819), (0, 0.965926, -0.258819), (0, 0.965926, 0.258819), (0, 0.866025, 0.5), (0, 0.866025, 0.5), (0, 0.866025, 0.5), (0, 0.965926, 0.258819), (0, 0.965926, 0.258819), (0, 0.5, -0.866025), (0, 0.258819, -0.965926), (0, 0.258819, -0.965926), (0, 0.258819, -0.965926), (0, 0.5, -0.866025), (0, 0.5, -0.866025), (0, 0.130526, 0.991445), (0, 0.258819, 0.965926), (0, 0.130526, 0.991445), (0, 0.258819, 0.965926), (0, 0.130526, 0.991445), (0, 0.258819, 0.965926), (0, 1, 0), (0, 0.965926, 0.258819), (0, 0.965926, 0.258819), (0, 0.965926, 0.258819), (0, 1, 0), (0, 1, 0), (0, 0.258819, 0.965926), (0, 0.5, 0.866025), (0, 0.258819, 0.965926), (0, 0.5, 0.866025), (0, 0.258819, 0.965926), (0, 0.5, 0.866025), (0, 0.5, 0.866025), (0, 0.608761, 0.793353), (0, 0.5, 0.866025), (0, 0.608761, 0.793353), (0, 0.5, 0.866025), (0, 0.707107, 0.707107), (0, 0.608761, 0.793353), (0, 0.707107, 0.707107), (0, 0.608761, 0.793353), (0, 0.608761, 0.793353), (0, 0.707107, 0.707107), (0, 0.707107, 0.707107), (0, 0.866025, 0.5), (0, 0.707107, 0.707107), (0, 0.707107, 0.707107), (0, 0.707107, 0.707107), (0, 0.866025, 0.5), (0, 0.866025, 0.5), (0, 1, 0), (0, 0.965926, 0.258819), (0, 0.965926, 0.258819), (0, 0.965926, 0.258819), (0, 1, 0), (0, 1, 0), (0, 0.965926, -0.258819), (0, 1, 0), (0, 1, 0), (0, 1, 0), (0, 0.965926, -0.258819), (0, 0.965926, -0.258819), (0, 0.965926, 0.258819), (0, 0.866025, 0.5), (0, 0.866025, 0.5), (0, 0.866025, 0.5), (0, 0.965926, 0.258819), (0, 0.965926, 0.258819), (0, 0.707107, -0.707107), (0, 0.5, -0.866025), (0, 0.5, -0.866025), (0, 0.5, -0.866025), (0, 0.707107, -0.707107), (0, 0.707107, -0.707107), (0, 0.258819, -0.965926), (0, 0.5, -0.866025), (0, 0.258819, -0.965926), (0, 0.5, -0.866025), (0, 0.258819, -0.965926), (0, 0.5, -0.866025), (0, 0.866025, -0.5), (0, 0.923879, -0.382683), (0, 0.866025, -0.5), (0, 0.923879, -0.382683), (0, 0.965926, -0.258819), (0, 0.866025, -0.5), (0, 0.965926, -0.258819), (0, 0.923879, -0.382683), (0, 0.965926, -0.258819), (0, 0.965926, -0.258819), (0, 0.923879, -0.382683), (0, 0.923879, -0.382683), (0, 0.923879, -0.382683), (0, 0.965926, -0.258819), (0, 0.923879, -0.382683), (0, 0.965926, -0.258819), (0, 0.923879, -0.382683), (0, 0.965926, -0.258819), (0, 0.965926, -0.258819), (0, 0.923879, -0.382683), (0, 0.866025, -0.5), (0, 0.965926, -0.258819), (0, 0.866025, -0.5), (0, 0.866025, -0.5), (0, 0.97435, -0.225039), (0, 0.97435, -0.225039), (0, 0.97435, -0.225039), (0, 0.97435, -0.225039), (0, 0.97435, -0.225039), (0, 0.97435, -0.225039), (0, 0.97435, -0.225039), (0, 0.97435, -0.225039), (0, 0.993854, -0.110694), (0, 0.993854, -0.110694), (0, 0.97435, -0.225039), (0, 0.97435, -0.225039), (0, 0.993854, -0.110694), (0, 0.97435, -0.225039), (0, 0.993567, -0.113248), (0, 0.707107, -0.707107), (0, 0.866025, -0.5), (0, 0.866025, -0.5), (0, 0.866025, -0.5), (0, 0.707107, -0.707107), (0, 0.707107, -0.707107), (0, 0.707107, -0.707107), (0, 0.5, -0.866025), (0, 0.5, -0.866025), (0, 0.5, -0.866025), (0, 0.707107, -0.707107), (0, 0.707107, -0.707107), (0, 0, 1), (0, 0.646375, 0.76302), (0, 0, 1), (0, 0.646375, 0.76302), (0, 0, 1), (0, 0.646375, 0.76302), (0, 0, 1), (0, 0.646375, 0.76302), (0, 0, 1), (0, 0.646375, 0.76302), (0, 0, 1), (0, 0.646375, 0.76302), (0, 0.130526, -0.991445), (0, 0.258819, -0.965926), (0, 0.130526, -0.991445), (0, 0.258819, -0.965926), (0, 0.130526, -0.991445), (0, 0.270926, -0.9626), (0, -0.991445, 0.130526), (0, -0.991445, 0.130526), (0, -0.991445, 0.130526), (0, -0.991445, 0.130526), (0, -0.991445, 0.130526), (0, -0.991445, 0.130526), (0, 0.258819, -0.965926), (0, 0.130526, -0.991445), (0, 0.130526, -0.991445), (0, 0.130526, -0.991445), (0, 0.258819, -0.965926), (0, 0.258819, -0.965926), (0, -0.991445, -0.130526), (0, -0.991445, -0.130526), (0, -0.991445, -0.130526), (0, -0.991445, -0.130526), (0, -0.991445, -0.130526), (0, -0.991445, -0.130526), (0, 0.130526, -0.991445), (0, 0.258819, -0.965926), (0, 0.130526, -0.991445), (0, 0.258819, -0.965926), (0, 0.130526, -0.991445), (0, 0.258819, -0.965926), (0, 0.258819, 0.965926), (0, 0.130526, 0.991445), (0, 0.130526, 0.991445), (0, 0.130526, 0.991445), (0, 0.258819, 0.965926), (0, 0.258819, 0.965926), (0, -0.991445, -0.130526), (0, -0.991445, -0.130526), (0, -0.991445, -0.130526), (0, -0.991445, -0.130526), (0, -0.991445, -0.130526), (0, -0.991445, -0.130526), (0, 0.707107, -0.707107), (0, 0.866025, -0.5), (0, 0.866025, -0.5), (0, 0.866025, -0.5), (0, 0.707107, -0.707107), (0, 0.707107, -0.707107), (0, -0.991445, 0.130526), (0, -0.991445, 0.130526), (0, -0.991445, 0.130526), (0, -0.991445, 0.130526), (0, -0.991445, 0.130526), (0, -0.991445, 0.130526), (0, 0.5, 0.866025), (0, 0.258819, 0.965926), (0, 0.258819, 0.965926), (0, 0.258819, 0.965926), (0, 0.5, 0.866025), (0, 0.5, 0.866025), (0, 0.99077, -0.135557), (0, 1, 0), (0, 0.991029, -0.13365), (0, 1, 0), (0, 0.99077, -0.135557), (0, 1, 0), (0, 1, 0), (0, 1, 0), (0, 1, 0), (0, 1, 0), (0, 1, 0), (0, 1, 0), (0, 1, 0), (0, 0.991029, -0.13365), (0, 1, 0), (0, 0.991029, -0.13365), (0, 1, 0), (0, 0.99077, -0.135557), (1, 0, 0), (1, 0, 0), (1, 0, 0), (1, 0, 0), (1, 0, 0), (1, 0, 0), (1, 0, 0), (1, 0, 0), (1, 0, 0), (1, 0, 0), (1, 0, 0), (1, 0, 0), (1, 0, 0), (1, 0, 0), (1, 0, 0), (1, 0, 0), (1, 0, 0), (1, 0, 0), (1, 0, 0), (1, 0, 0), (1, 0, 0), (1, 0, 0), (1, 0, 0), (1, 0, 0), (1, 0, 0), (1, 0, 0), (1, 0, 0), (0, 0.950032, 0.312154), (0, 0.950032, 0.312154), (0, 0.950032, 0.312154), (0, 0.950032, 0.312154), (0, 0.950032, 0.312154), (0, 0.950032, 0.312154), (0, 0.950032, 0.312154), (0, 0.950032, 0.312154), (0, 0.950032, 0.312154), (0, 0.950032, 0.312154), (0, 0.950032, 0.312154), (0, 0.950032, 0.312154), (-1, 0, 0), (-1, 0, 0), (-1, 0, 0), (-1, 0, 0), (-1, 0, 0), (-1, 0, 0), (-1, 0, 0), (-1, 0, 0), (-1, 0, 0), (-1, 0, 0), (-1, 0, 0), (-1, 0, 0), (-1, 0, 0), (-1, 0, 0), (-1, 0, 0), (-1, 0, 0), (-1, 0, 0), (-1, 0, 0), (-1, 0, 0), (-1, 0, 0), (-1, 0, 0), (-1, 0, 0), (-1, 0, 0), (-1, 0, 0), (1, 0, 0), (1, 0, 0), (1, 0, 0), (1, 0, 0), (1, 0, 0), (1, 0, 0), (1, 0, 0), (1, 0, 0), (1, 0, 0), (1, 0, 0), (1, 0, 0), (1, 0, 0), (1, 0, 0), (1, 0, 0), (1, 0, 0), (1, 0, 0), (1, 0, 0), (1, 0, 0), (1, 0, 0), (1, 0, 0), (1, 0, 0), (1, 0, 0), (1, 0, 0), (1, 0, 0), (-1, 0, 0), (-1, 0, 0), (-1, 0, 0), (-1, 0, 0), (-1, 0, 0), (-1, 0, 0), (-1, 0, 0), (-1, 0, 0), (-1, 0, 0), (-1, 0, 0), (-1, 0, 0), (-1, 0, 0), (-1, 0, 0), (-1, 0, 0), (-1, 0, 0), (-1, 0, 0), (-1, 0, 0), (-1, 0, 0), (-1, 0, 0), (-1, 0, 0), (-1, 0, 0), (-1, 0, 0), (-1, 0, 0), (-1, 0, 0), (-1, 0, 0), (-1, 0, 0), (-1, 0, 0), (-1, 0, 0), (-1, 0, 0), (-1, 0, 0), (-1, 0, 0), (-1, 0, 0), (-1, 0, 0), (-1, 0, 0), (-1, 0, 0), (-1, 0, 0), (-1, 0, 0), (-1, 0, 0), (-1, 0, 0), (-1, 0, 0), (-1, 0, 0), (-1, 0, 0), (-1, 0, 0), (-1, 0, 0), (-1, 0, 0), (-1, 0, 0), (-1, 0, 0), (-1, 0, 0), (-1, 0, 0), (-1, 0, 0), (-1, 0, 0), (-1, 0, 0), (-1, 0, 0), (-1, 0, 0), (-1, 0, 0), (-1, 0, 0), (-1, 0, 0), (-1, 0, 0), (-1, 0, 0), (-1, 0, 0), (-1, 0, 0), (-1, 0, 0), (-1, 0, 0), (-1, 0, 0), (-1, 0, 0), (-1, 0, 0), (-1, 0, 0), (-1, 0, 0), (-1, 0, 0), (-1, 0, 0), (-1, 0, 0), (-1, 0, 0), (-1, 0, 0), (-1, 0, 0), (-1, 0, 0), (-1, 0, 0), (-1, 0, 0), (-1, 0, 0), (-1, 0, 0), (-1, 0, 0), (-1, 0, 0), (-1, 0, 0), (-1, 0, 0), (-1, 0, 0), (-1, 0, 0), (-1, 0, 0), (-1, 0, 0), (-1, 0, 0), (-1, 0, 0), (-1, 0, 0), (-1, 0, 0), (-1, 0, 0), (-1, 0, 0), (-1, 0, 0), (-1, 0, 0), (-1, 0, 0), (-1, 0, 0), (-1, 0, 0), (-1, 0, 0), (-1, 0, 0), (-1, 0, 0), (-1, 0, 0), (-1, 0, 0), (-1, 0, 0), (-1, 0, 0), (-1, 0, 0), (-1, 0, 0), (-1, 0, 0), (-1, 0, 0), (-1, 0, 0), (-1, 0, 0), (-1, 0, 0), (-1, 0, 0), (-1, 0, 0), (-1, 0, 0), (-1, 0, 0), (-1, 0, 0), (-1, 0, 0), (-1, 0, 0), (-1, 0, 0), (-1, 0, 0), (-1, 0, 0), (-1, 0, 0), (-1, 0, 0), (-1, 0, 0), (-1, 0, 0), (-1, 0, 0), (-1, 0, 0), (-1, 0, 0), (-1, 0, 0), (-1, 0, 0), (-1, 0, 0), (-1, 0, 0), (-1, 0, 0), (-1, 0, 0), (-1, 0, 0), (-1, 0, 0), (-1, 0, 0), (-1, 0, 0), (-1, 0, 0), (-1, 0, 0), (-1, 0, 0), (-1, 0, 0), (-1, 0, 0), (-1, 0, 0), (-1, 0, 0), (-1, 0, 0), (1, 0, 0), (1, 0, 0), (1, 0, 0), (1, 0, 0), (1, 0, 0), (1, 0, 0), (1, 0, 0), (1, 0, 0), (1, 0, 0), (1, 0, 0), (1, 0, 0), (1, 0, 0), (1, 0, 0), (1, 0, 0), (1, 0, 0), (1, 0, 0), (1, 0, 0), (1, 0, 0), (1, 0, 0), (1, 0, 0), (1, 0, 0), (1, 0, 0), (1, 0, 0), (1, 0, 0), (1, 0, 0), (1, 0, 0), (1, 0, 0), (1, 0, 0), (1, 0, 0), (1, 0, 0), (1, 0, 0), (1, 0, 0), (1, 0, 0), (1, 0, 0), (1, 0, 0), (1, 0, 0), (1, 0, 0), (1, 0, 0), (1, 0, 0), (1, 0, 0), (1, 0, 0), (1, 0, 0), (1, 0, 0), (1, 0, 0), (1, 0, 0), (1, 0, 0), (1, 0, 0), (1, 0, 0), (1, 0, 0), (1, 0, 0), (1, 0, 0), (1, 0, 0), (1, 0, 0), (1, 0, 0), (1, 0, 0), (1, 0, 0), (1, 0, 0), (1, 0, 0), (1, 0, 0), (1, 0, 0), (1, 0, 0), (1, 0, 0), (1, 0, 0), (1, 0, 0), (1, 0, 0), (1, 0, 0), (1, 0, 0), (1, 0, 0), (1, 0, 0), (1, 0, 0), (1, 0, 0), (1, 0, 0), (1, 0, 0), (1, 0, 0), (1, 0, 0), (1, 0, 0), (1, 0, 0), (1, 0, 0), (1, 0, 0), (1, 0, 0), (1, 0, 0), (1, 0, 0), (1, 0, 0), (1, 0, 0), (1, 0, 0), (1, 0, 0), (1, 0, 0), (1, 0, 0), (1, 0, 0), (1, 0, 0), (1, 0, 0), (1, 0, 0), (1, 0, 0), (1, 0, 0), (1, 0, 0), (1, 0, 0), (1, 0, 0), (1, 0, 0), (1, 0, 0), (1, 0, 0), (1, 0, 0), (1, 0, 0), (1, 0, 0), (1, 0, 0), (1, 0, 0), (1, 0, 0), (1, 0, 0), (1, 0, 0), (1, 0, 0), (1, 0, 0), (1, 0, 0), (1, 0, 0), (1, 0, 0), (1, 0, 0), (1, 0, 0), (1, 0, 0), (1, 0, 0), (1, 0, 0), (1, 0, 0), (1, 0, 0), (1, 0, 0), (1, 0, 0), (1, 0, 0), (1, 0, 0), (1, 0, 0), (1, 0, 0), (1, 0, 0), (1, 0, 0), (1, 0, 0), (1, 0, 0), (1, 0, 0), (1, 0, 0), (1, 0, 0), (1, 0, 0), (1, 0, 0), (1, 0, 0), (1, 0, 0), (1, 0, 0), (1, 0, 0), (1, 0, 0), (1, 0, 0), (1, 0, 0), (1, 0, 0), (1, 0, 0), (1, 0, 0), (1, 0, 0), (1, 0, 0), (0, 0.993854, -0.110694), (0, 1, 0), (0, 0.993567, -0.113248), (0, 1, 0), (0, 0.993854, -0.110694), (0, 1, 0), (0, 1, 0), (0, 1, 0), (0, 1, 0), (0, 1, 0), (0, 1, 0), (0, 1, 0), (0, 1, 0), (0, 0.993854, -0.110694), (0, 1, 0), (0, 1, 0), (0, 0.993854, -0.110694), (0, 1, 0), (0, 1, 0), (0, 1, 0), (0, 1, 0), (0, 1, 0), (0, 1, 0), (0, 1, 0), (0, 1, 0), (0, 1, 0), (0, 1, 0), (0, 1, 0), (0, 1, 0), (0, 1, 0), (0, 1, 0), (0, 1, 0), (0, 1, 0), (0, 1, 0), (0, 1, 0), (0, 1, 0), (0, 0.993854, -0.110694), (0, 1, 0), (0, 1, 0), (0, 1, 0), (0, 0.993854, -0.110694), (0, 1, 0), (0, 1, 0), (0, 0.993854, -0.110694), (0, 0.993567, -0.113248), (0, 1, 0), (0, 0.993567, -0.113248), (0, 1, 0), (0, 1, 0), (0, 1, 0), (0, 1, 0), (0, 1, 0), (0, 1, 0), (0, 1, 0), (0.788205, 0, 0.615412), (0.242536, 0, 0.970143), (0.788205, 0, 0.615412), (0.242536, 0, 0.970143), (0.788205, 0, 0.615412), (0.242536, 0, 0.970143), (-0.242536, 0, 0.970143), (-0.788205, 0, 0.615412), (-0.242536, 0, 0.970143), (-0.788205, 0, 0.615412), (-0.242536, 0, 0.970143), (-0.788205, 0, 0.615412), (0.999634, 0, -0.0270453), (0.99874, 0, -0.0501867), (0.999773, 0, -0.0213169), (-0.999773, 0, -0.0213169), (-0.99874, 0, -0.0501867), (-0.999634, 0, -0.0270453), (0, 0.979484, -0.20152), (0, 1, 0), (0, 0.979484, -0.20152), (0, 1, 0), (0, 0.979484, -0.20152), (0, 1, 0), (0, 0.916309, -0.400471), (0, 0.979484, -0.20152), (0, 0.979484, -0.20152), (0, 0.979484, -0.20152), (0, 0.916309, -0.400471), (0, 0.916309, -0.400471), (1, 0, 0), (0.999634, 0, -0.0270453), (0.999773, 0, -0.0213169), (0.999634, 0, -0.0270453), (1, 0, 0), (1, 0, 0), (-1, 0, 0), (-0.999773, 0, -0.0213169), (-0.999634, 0, -0.0270453), (-0.999773, 0, -0.0213169), (-1, 0, 0), (-1, 0, 0), (0, 0, -1), (0, 0, -1), (0, 0, -1), (0, 0, -1), (0, 0, -1), (0, 0, -1), (0, 0, -1), (0, 0, -1), (0, 0, -1), (0, 0, -1), (0, 0, -1), (0, 0, -1), (0.617008, 0, 0.786957), (0.971117, 0, 0.238603), (0.971117, 0, 0.238603), (0.971117, 0, 0.238603), (0.617008, 0, 0.786957), (0.617008, 0, 0.786957), (-0.617008, 0, 0.786957), (-0.971117, 0, 0.238603), (-0.971117, 0, 0.238603), (-0.971117, 0, 0.238603), (-0.617008, 0, 0.786957), (-0.617008, 0, 0.786957), (0.617008, 0, 0.786957), (-0.617008, 0, 0.786957), (0.617008, 0, 0.786957), (-0.617008, 0, 0.786957), (0.617008, 0, 0.786957), (-0.617008, 0, 0.786957), (0.206363, -0.253248, -0.945135), (0.410365, -0.455961, -0.789747), (0.206363, -0.489238, -0.847385), (0.410365, -0.455961, -0.789747), (0.206363, -0.253248, -0.945135), (0.410365, -0.236023, -0.880849), (-0.206363, 0.489238, -0.847385), (0.206363, 0.253248, -0.945135), (-0.206363, 0.253248, -0.945135), (0.206363, 0.253248, -0.945135), (-0.206363, 0.489238, -0.847385), (0.206363, 0.489238, -0.847385), (0.206363, 0.945135, 0.253248), (-0.206363, 0.978476, 1.83887e-13), (-0.206363, 0.945135, 0.253248), (-0.206363, 0.978476, 1.83887e-13), (0.206363, 0.945135, 0.253248), (0.206363, 0.978476, -1.83887e-13), (0.206363, 0, 0.978476), (-0.206363, -0.253248, 0.945135), (0.206363, -0.253248, 0.945135), (-0.206363, -0.253248, 0.945135), (0.206363, 0, 0.978476), (-0.206363, 0, 0.978476), (-0.206363, 0.945135, -0.253248), (0.206363, 0.847385, -0.489238), (-0.206363, 0.847385, -0.489238), (0.206363, 0.847385, -0.489238), (-0.206363, 0.945135, -0.253248), (0.206363, 0.945135, -0.253248), (-0.206363, -0.253248, -0.945135), (0.206363, -0.489238, -0.847385), (-0.206363, -0.489238, -0.847385), (0.206363, -0.489238, -0.847385), (-0.206363, -0.253248, -0.945135), (0.206363, -0.253248, -0.945135), (0.206363, 0.253248, -0.945135), (0.410365, 0.455961, -0.789747), (0.410365, 0.236023, -0.880849), (0.410365, 0.455961, -0.789747), (0.206363, 0.253248, -0.945135), (0.206363, 0.489238, -0.847385), (-0.206363, 0.847385, 0.489238), (0.206363, 0.945135, 0.253248), (-0.206363, 0.945135, 0.253248), (0.206363, 0.945135, 0.253248), (-0.206363, 0.847385, 0.489238), (0.206363, 0.847385, 0.489238), (-0.206363, 0.691887, -0.691887), (0.206363, 0.489238, -0.847385), (-0.206363, 0.489238, -0.847385), (0.206363, 0.489238, -0.847385), (-0.206363, 0.691887, -0.691887), (0.206363, 0.691887, -0.691887), (0.206363, -0.978476, -1.83887e-13), (0.410365, -0.880849, 0.236023), (0.206363, -0.945135, 0.253248), (0.410365, -0.880849, 0.236023), (0.206363, -0.978476, -1.83887e-13), (0.410365, -0.911922, -3.65669e-13), (0.410365, 0.911922, -3.65669e-13), (0.206363, 0.945135, -0.253248), (0.206363, 0.978476, -1.83887e-13), (0.206363, 0.945135, -0.253248), (0.410365, 0.911922, -3.65669e-13), (0.410365, 0.880849, -0.236023), (0.410365, -0.236023, 0.880849), (0.206363, 0, 0.978476), (0.206363, -0.253248, 0.945135), (0.206363, 0, 0.978476), (0.410365, -0.236023, 0.880849), (0.410365, 0, 0.911922), (0.206363, -0.945135, 0.253248), (-0.206363, -0.847385, 0.489238), (-0.206363, -0.945135, 0.253248), (-0.206363, -0.847385, 0.489238), (0.206363, -0.945135, 0.253248), (0.206363, -0.847385, 0.489238), (0.410365, 0.455961, 0.789747), (0.206363, 0.253248, 0.945135), (0.410365, 0.236023, 0.880849), (0.206363, 0.253248, 0.945135), (0.410365, 0.455961, 0.789747), (0.206363, 0.489238, 0.847385), (0.206363, 0.253248, -0.945135), (0.410365, 0, -0.911922), (0.206363, 0, -0.978476), (0.410365, 0, -0.911922), (0.206363, 0.253248, -0.945135), (0.410365, 0.236023, -0.880849), (0.206363, -0.847385, -0.489238), (-0.206363, -0.945135, -0.253248), (-0.206363, -0.847385, -0.489238), (-0.206363, -0.945135, -0.253248), (0.206363, -0.847385, -0.489238), (0.206363, -0.945135, -0.253248), (0.410365, -0.880849, 0.236023), (0.206363, -0.847385, 0.489238), (0.206363, -0.945135, 0.253248), (0.206363, -0.847385, 0.489238), (0.410365, -0.880849, 0.236023), (0.410365, -0.789747, 0.455961), (0.410365, 0.789747, -0.455961), (0.206363, 0.691887, -0.691887), (0.206363, 0.847385, -0.489238), (0.206363, 0.691887, -0.691887), (0.410365, 0.789747, -0.455961), (0.410365, 0.644826, -0.644826), (0.206363, 0, -0.978476), (0.410365, -0.236023, -0.880849), (0.206363, -0.253248, -0.945135), (0.410365, -0.236023, -0.880849), (0.206363, 0, -0.978476), (0.410365, 0, -0.911922), (0.206363, 0.945135, -0.253248), (0.410365, 0.789747, -0.455961), (0.206363, 0.847385, -0.489238), (0.410365, 0.789747, -0.455961), (0.206363, 0.945135, -0.253248), (0.410365, 0.880849, -0.236023), (-0.206363, 0, -0.978476), (0.206363, -0.253248, -0.945135), (-0.206363, -0.253248, -0.945135), (0.206363, -0.253248, -0.945135), (-0.206363, 0, -0.978476), (0.206363, 0, -0.978476), (0.206363, 0.489238, 0.847385), (-0.206363, 0.253248, 0.945135), (0.206363, 0.253248, 0.945135), (-0.206363, 0.253248, 0.945135), (0.206363, 0.489238, 0.847385), (-0.206363, 0.489238, 0.847385), (0.410365, 0.880849, 0.236023), (0.206363, 0.978476, -1.83887e-13), (0.206363, 0.945135, 0.253248), (0.206363, 0.978476, -1.83887e-13), (0.410365, 0.880849, 0.236023), (0.410365, 0.911922, -3.65669e-13), (0.410365, -0.455961, 0.789747), (0.206363, -0.253248, 0.945135), (0.206363, -0.489238, 0.847385), (0.206363, -0.253248, 0.945135), (0.410365, -0.455961, 0.789747), (0.410365, -0.236023, 0.880849), (0.410365, -0.880849, -0.236023), (0.206363, -0.978476, -1.83887e-13), (0.206363, -0.945135, -0.253248), (0.206363, -0.978476, -1.83887e-13), (0.410365, -0.880849, -0.236023), (0.410365, -0.911922, -3.65669e-13), (0.410365, 0.644826, 0.644826), (0.206363, 0.489238, 0.847385), (0.410365, 0.455961, 0.789747), (0.206363, 0.489238, 0.847385), (0.410365, 0.644826, 0.644826), (0.206363, 0.691887, 0.691887), (-0.206363, -0.978476, 1.83887e-13), (0.206363, -0.945135, 0.253248), (-0.206363, -0.945135, 0.253248), (0.206363, -0.945135, 0.253248), (-0.206363, -0.978476, 1.83887e-13), (0.206363, -0.978476, -1.83887e-13), (-0.206363, 0.253248, -0.945135), (0.206363, 0, -0.978476), (-0.206363, 0, -0.978476), (0.206363, 0, -0.978476), (-0.206363, 0.253248, -0.945135), (0.206363, 0.253248, -0.945135), (0.206363, -0.253248, 0.945135), (-0.206363, -0.489238, 0.847385), (0.206363, -0.489238, 0.847385), (-0.206363, -0.489238, 0.847385), (0.206363, -0.253248, 0.945135), (-0.206363, -0.253248, 0.945135), (0.206363, 0.847385, 0.489238), (0.410365, 0.880849, 0.236023), (0.206363, 0.945135, 0.253248), (0.410365, 0.880849, 0.236023), (0.206363, 0.847385, 0.489238), (0.410365, 0.789747, 0.455961), (0.410365, -0.644826, 0.644826), (0.206363, -0.489238, 0.847385), (0.206363, -0.691887, 0.691887), (0.206363, -0.489238, 0.847385), (0.410365, -0.644826, 0.644826), (0.410365, -0.455961, 0.789747), (0.206363, 0.489238, -0.847385), (0.410365, 0.644826, -0.644826), (0.410365, 0.455961, -0.789747), (0.410365, 0.644826, -0.644826), (0.206363, 0.489238, -0.847385), (0.206363, 0.691887, -0.691887), (0.410365, -0.644826, -0.644826), (0.206363, -0.847385, -0.489238), (0.206363, -0.691887, -0.691887), (0.206363, -0.847385, -0.489238), (0.410365, -0.644826, -0.644826), (0.410365, -0.789747, -0.455961), (0.410365, -0.789747, -0.455961), (0.206363, -0.945135, -0.253248), (0.206363, -0.847385, -0.489238), (0.206363, -0.945135, -0.253248), (0.410365, -0.789747, -0.455961), (0.410365, -0.880849, -0.236023), (0.206363, -0.945135, -0.253248), (-0.206363, -0.978476, 1.83887e-13), (-0.206363, -0.945135, -0.253248), (-0.206363, -0.978476, 1.83887e-13), (0.206363, -0.945135, -0.253248), (0.206363, -0.978476, -1.83887e-13), (0.206363, 0.253248, 0.945135), (-0.206363, 0, 0.978476), (0.206363, 0, 0.978476), (-0.206363, 0, 0.978476), (0.206363, 0.253248, 0.945135), (-0.206363, 0.253248, 0.945135), (0.410365, -0.789747, 0.455961), (0.206363, -0.691887, 0.691887), (0.206363, -0.847385, 0.489238), (0.206363, -0.691887, 0.691887), (0.410365, -0.789747, 0.455961), (0.410365, -0.644826, 0.644826), (-0.206363, 0.691887, 0.691887), (0.206363, 0.847385, 0.489238), (-0.206363, 0.847385, 0.489238), (0.206363, 0.847385, 0.489238), (-0.206363, 0.691887, 0.691887), (0.206363, 0.691887, 0.691887), (0.206363, -0.489238, -0.847385), (0.410365, -0.644826, -0.644826), (0.206363, -0.691887, -0.691887), (0.410365, -0.644826, -0.644826), (0.206363, -0.489238, -0.847385), (0.410365, -0.455961, -0.789747), (0.410365, 0.236023, 0.880849), (0.206363, 0, 0.978476), (0.410365, 0, 0.911922), (0.206363, 0, 0.978476), (0.410365, 0.236023, 0.880849), (0.206363, 0.253248, 0.945135), (0.206363, -0.691887, -0.691887), (-0.206363, -0.847385, -0.489238), (-0.206363, -0.691887, -0.691887), (-0.206363, -0.847385, -0.489238), (0.206363, -0.691887, -0.691887), (0.206363, -0.847385, -0.489238), (0.206363, 0.691887, 0.691887), (0.410365, 0.789747, 0.455961), (0.206363, 0.847385, 0.489238), (0.410365, 0.789747, 0.455961), (0.206363, 0.691887, 0.691887), (0.410365, 0.644826, 0.644826), (-0.206363, 0.978476, 1.83887e-13), (0.206363, 0.945135, -0.253248), (-0.206363, 0.945135, -0.253248), (0.206363, 0.945135, -0.253248), (-0.206363, 0.978476, 1.83887e-13), (0.206363, 0.978476, -1.83887e-13), (-0.206363, 0.847385, -0.489238), (0.206363, 0.691887, -0.691887), (-0.206363, 0.691887, -0.691887), (0.206363, 0.691887, -0.691887), (-0.206363, 0.847385, -0.489238), (0.206363, 0.847385, -0.489238), (0.206363, -0.847385, 0.489238), (-0.206363, -0.691887, 0.691887), (-0.206363, -0.847385, 0.489238), (-0.206363, -0.691887, 0.691887), (0.206363, -0.847385, 0.489238), (0.206363, -0.691887, 0.691887), (0.206363, 0.691887, 0.691887), (-0.206363, 0.489238, 0.847385), (0.206363, 0.489238, 0.847385), (-0.206363, 0.489238, 0.847385), (0.206363, 0.691887, 0.691887), (-0.206363, 0.691887, 0.691887), (0.206363, -0.489238, 0.847385), (-0.206363, -0.691887, 0.691887), (0.206363, -0.691887, 0.691887), (-0.206363, -0.691887, 0.691887), (0.206363, -0.489238, 0.847385), (-0.206363, -0.489238, 0.847385), (-0.206363, -0.489238, -0.847385), (0.206363, -0.691887, -0.691887), (-0.206363, -0.691887, -0.691887), (0.206363, -0.691887, -0.691887), (-0.206363, -0.489238, -0.847385), (0.206363, -0.489238, -0.847385), (-0.206363, 0.253248, 0.945135), (-0.410365, 0, 0.911922), (-0.206363, 0, 0.978476), (-0.410365, 0, 0.911922), (-0.206363, 0.253248, 0.945135), (-0.410365, 0.236023, 0.880849), (-0.206363, 0.253248, 0.945135), (-0.410365, 0.455961, 0.789747), (-0.410365, 0.236023, 0.880849), (-0.410365, 0.455961, 0.789747), (-0.206363, 0.253248, 0.945135), (-0.206363, 0.489238, 0.847385), (-0.206363, 0.489238, 0.847385), (-0.410365, 0.644826, 0.644826), (-0.410365, 0.455961, 0.789747), (-0.410365, 0.644826, 0.644826), (-0.206363, 0.489238, 0.847385), (-0.206363, 0.691887, 0.691887), (-0.410365, 0.789747, 0.455961), (-0.206363, 0.945135, 0.253248), (-0.410365, 0.880849, 0.236023), (-0.206363, 0.945135, 0.253248), (-0.410365, 0.789747, 0.455961), (-0.206363, 0.847385, 0.489238), (-0.410365, -0.236023, -0.880849), (-0.206363, 0, -0.978476), (-0.206363, -0.253248, -0.945135), (-0.206363, 0, -0.978476), (-0.410365, -0.236023, -0.880849), (-0.410365, 0, -0.911922), (-1, 0, 8.91084e-13), (-1, 0, 8.91084e-13), (-1, 0, 8.91084e-13), (-1, 0, 8.91084e-13), (-1, 0, 8.91084e-13), (-1, 0, 8.91084e-13), (-1, 0, 8.91084e-13), (-1, 0, 8.91084e-13), (-1, 0, 8.91084e-13), (-1, 0, 8.91084e-13), (-1, 0, 8.91084e-13), (-1, 0, 8.91084e-13), (-1, 0, 8.91084e-13), (-1, 0, 8.91084e-13), (-1, 0, 8.91084e-13), (-1, 0, 8.91084e-13), (-1, 0, 8.91084e-13), (-1, 0, 8.91084e-13), (-1, 0, 8.91084e-13), (-1, 0, 8.91084e-13), (-1, 0, 8.91084e-13), (-1, 0, 8.91084e-13), (-1, 0, 8.91084e-13), (-1, 0, 8.91084e-13), (-1, 0, 8.91084e-13), (-1, 0, 8.91084e-13), (-1, 0, 8.91084e-13), (-1, 0, 8.91084e-13), (-1, 0, 8.91084e-13), (-1, 0, 8.91084e-13), (-1, 0, 8.91084e-13), (-1, 0, 8.91084e-13), (-1, 0, 8.91084e-13), (-1, 0, 8.91084e-13), (-1, 0, 8.91084e-13), (-1, 0, 8.91084e-13), (-1, 0, 8.91084e-13), (-1, 0, 8.91084e-13), (-1, 0, 8.91084e-13), (-1, 0, 8.91084e-13), (-1, 0, 8.91084e-13), (-1, 0, 8.91084e-13), (-1, 0, 8.91084e-13), (-1, 0, 8.91084e-13), (-1, 0, 8.91084e-13), (-1, 0, 8.91084e-13), (-1, 0, 8.91084e-13), (-1, 0, 8.91084e-13), (-1, 0, 8.91084e-13), (-1, 0, 8.91084e-13), (-1, 0, 8.91084e-13), (-1, 0, 8.91084e-13), (-1, 0, 8.91084e-13), (-1, 0, 8.91084e-13), (-1, 0, 8.91084e-13), (-1, 0, 8.91084e-13), (-1, 0, 8.91084e-13), (-1, 0, 8.91084e-13), (-1, 0, 8.91084e-13), (-1, 0, 8.91084e-13), (-1, 0, 8.91084e-13), (-1, 0, 8.91084e-13), (-1, 0, 8.91084e-13), (-1, 0, 8.91084e-13), (-1, 0, 8.91084e-13), (-1, 0, 8.91084e-13), (-0.206363, -0.691887, -0.691887), (-0.410365, -0.789747, -0.455961), (-0.410365, -0.644826, -0.644826), (-0.410365, -0.789747, -0.455961), (-0.206363, -0.691887, -0.691887), (-0.206363, -0.847385, -0.489238), (-0.410365, 0.455961, -0.789747), (-0.206363, 0.253248, -0.945135), (-0.410365, 0.236023, -0.880849), (-0.206363, 0.253248, -0.945135), (-0.410365, 0.455961, -0.789747), (-0.206363, 0.489238, -0.847385), (-0.410365, -0.455961, -0.789747), (-0.206363, -0.253248, -0.945135), (-0.206363, -0.489238, -0.847385), (-0.206363, -0.253248, -0.945135), (-0.410365, -0.455961, -0.789747), (-0.410365, -0.236023, -0.880849), (-0.206363, -0.847385, -0.489238), (-0.410365, -0.880849, -0.236023), (-0.410365, -0.789747, -0.455961), (-0.410365, -0.880849, -0.236023), (-0.206363, -0.847385, -0.489238), (-0.206363, -0.945135, -0.253248), (-0.410365, 0.236023, -0.880849), (-0.206363, 0, -0.978476), (-0.410365, 0, -0.911922), (-0.206363, 0, -0.978476), (-0.410365, 0.236023, -0.880849), (-0.206363, 0.253248, -0.945135), (-0.206363, -0.945135, -0.253248), (-0.410365, -0.911922, 3.65669e-13), (-0.410365, -0.880849, -0.236023), (-0.410365, -0.911922, 3.65669e-13), (-0.206363, -0.945135, -0.253248), (-0.206363, -0.978476, 1.83887e-13), (-0.206363, -0.978476, 1.83887e-13), (-0.410365, -0.880849, 0.236023), (-0.410365, -0.911922, 3.65669e-13), (-0.410365, -0.880849, 0.236023), (-0.206363, -0.978476, 1.83887e-13), (-0.206363, -0.945135, 0.253248), (-0.410365, -0.644826, -0.644826), (-0.206363, -0.489238, -0.847385), (-0.206363, -0.691887, -0.691887), (-0.206363, -0.489238, -0.847385), (-0.410365, -0.644826, -0.644826), (-0.410365, -0.455961, -0.789747), (-0.206363, -0.945135, 0.253248), (-0.410365, -0.789747, 0.455961), (-0.410365, -0.880849, 0.236023), (-0.410365, -0.789747, 0.455961), (-0.206363, -0.945135, 0.253248), (-0.206363, -0.847385, 0.489238), (-0.206363, -0.847385, 0.489238), (-0.410365, -0.644826, 0.644826), (-0.410365, -0.789747, 0.455961), (-0.410365, -0.644826, 0.644826), (-0.206363, -0.847385, 0.489238), (-0.206363, -0.691887, 0.691887), (-0.206363, -0.489238, 0.847385), (-0.410365, -0.644826, 0.644826), (-0.206363, -0.691887, 0.691887), (-0.410365, -0.644826, 0.644826), (-0.206363, -0.489238, 0.847385), (-0.410365, -0.455961, 0.789747), (-0.206363, 0, 0.978476), (-0.410365, -0.236023, 0.880849), (-0.206363, -0.253248, 0.945135), (-0.410365, -0.236023, 0.880849), (-0.206363, 0, 0.978476), (-0.410365, 0, 0.911922), (-0.410365, 0.644826, -0.644826), (-0.206363, 0.489238, -0.847385), (-0.410365, 0.455961, -0.789747), (-0.206363, 0.489238, -0.847385), (-0.410365, 0.644826, -0.644826), (-0.206363, 0.691887, -0.691887), (-0.206363, -0.253248, 0.945135), (-0.410365, -0.455961, 0.789747), (-0.206363, -0.489238, 0.847385), (-0.410365, -0.455961, 0.789747), (-0.206363, -0.253248, 0.945135), (-0.410365, -0.236023, 0.880849), (-0.410365, 0.880849, 0.236023), (-0.206363, 0.978476, 1.83887e-13), (-0.410365, 0.911922, 3.65669e-13), (-0.206363, 0.978476, 1.83887e-13), (-0.410365, 0.880849, 0.236023), (-0.206363, 0.945135, 0.253248), (-0.410365, 0.880849, -0.236023), (-0.206363, 0.847385, -0.489238), (-0.410365, 0.789747, -0.455961), (-0.206363, 0.847385, -0.489238), (-0.410365, 0.880849, -0.236023), (-0.206363, 0.945135, -0.253248), (-0.410365, 0.911922, 3.65669e-13), (-0.206363, 0.945135, -0.253248), (-0.410365, 0.880849, -0.236023), (-0.206363, 0.945135, -0.253248), (-0.410365, 0.911922, 3.65669e-13), (-0.206363, 0.978476, 1.83887e-13), (-0.410365, 0.644826, 0.644826), (-0.206363, 0.847385, 0.489238), (-0.410365, 0.789747, 0.455961), (-0.206363, 0.847385, 0.489238), (-0.410365, 0.644826, 0.644826), (-0.206363, 0.691887, 0.691887), (-0.410365, 0.789747, -0.455961), (-0.206363, 0.691887, -0.691887), (-0.410365, 0.644826, -0.644826), (-0.206363, 0.691887, -0.691887), (-0.410365, 0.789747, -0.455961), (-0.206363, 0.847385, -0.489238), (0.264093, -0.835279, -0.482249), (0.264093, -0.682003, -0.682003), (0.264093, -0.682003, -0.682003), (0.264093, -0.682003, -0.682003), (0.264093, -0.835279, -0.482249), (0.264093, -0.835279, -0.482249), (0.264092, 0.931633, 0.24963), (0.264093, 0.835279, 0.482249), (0.264093, 0.835279, 0.482249), (0.264093, 0.835279, 0.482249), (0.264092, 0.931633, 0.24963), (0.264092, 0.931633, 0.24963), (1, 0, -8.91084e-13), (1, 0, -8.91084e-13), (1, 0, -8.91084e-13), (1, 0, -8.91084e-13), (1, 0, -8.91084e-13), (1, 0, -8.91084e-13), (1, 0, -8.91084e-13), (1, 0, -8.91084e-13), (1, 0, -8.91084e-13), (1, 0, -8.91084e-13), (1, 0, -8.91084e-13), (1, 0, -8.91084e-13), (1, 0, -8.91084e-13), (1, 0, -8.91084e-13), (1, 0, -8.91084e-13), (1, 0, -8.91084e-13), (1, 0, -8.91084e-13), (1, 0, -8.91084e-13), (1, 0, -8.91084e-13), (1, 0, -8.91084e-13), (1, 0, -8.91084e-13), (1, 0, -8.91084e-13), (1, 0, -8.91084e-13), (1, 0, -8.91084e-13), (1, 0, -8.91084e-13), (1, 0, -8.91084e-13), (1, 0, -8.91084e-13), (1, 0, -8.91084e-13), (1, 0, -8.91084e-13), (1, 0, -8.91084e-13), (1, 0, -8.91084e-13), (1, 0, -8.91084e-13), (1, 0, -8.91084e-13), (1, 0, -8.91084e-13), (1, 0, -8.91084e-13), (1, 0, -8.91084e-13), (1, 0, -8.91084e-13), (1, 0, -8.91084e-13), (1, 0, -8.91084e-13), (1, 0, -8.91084e-13), (1, 0, -8.91084e-13), (1, 0, -8.91084e-13), (1, 0, -8.91084e-13), (1, 0, -8.91084e-13), (1, 0, -8.91084e-13), (1, 0, -8.91084e-13), (1, 0, -8.91084e-13), (1, 0, -8.91084e-13), (1, 0, -8.91084e-13), (1, 0, -8.91084e-13), (1, 0, -8.91084e-13), (1, 0, -8.91084e-13), (1, 0, -8.91084e-13), (1, 0, -8.91084e-13), (1, 0, -8.91084e-13), (1, 0, -8.91084e-13), (1, 0, -8.91084e-13), (1, 0, -8.91084e-13), (1, 0, -8.91084e-13), (1, 0, -8.91084e-13), (1, 0, -8.91084e-13), (1, 0, -8.91084e-13), (1, 0, -8.91084e-13), (1, 0, -8.91084e-13), (1, 0, -8.91084e-13), (1, 0, -8.91084e-13), (0.264092, -0.24963, -0.931633), (0.264093, 0, -0.964497), (0.264093, 0, -0.964497), (0.264093, 0, -0.964497), (0.264092, -0.24963, -0.931633), (0.264092, -0.24963, -0.931633), (0.264093, -0.482249, 0.835279), (0.264093, -0.682003, 0.682003), (0.264093, -0.482249, 0.835279), (0.264093, -0.682003, 0.682003), (0.264093, -0.482249, 0.835279), (0.264093, -0.682003, 0.682003), (0.264093, 0.482249, -0.835279), (0.264092, 0.24963, -0.931633), (0.264093, 0.482249, -0.835279), (0.264092, 0.24963, -0.931633), (0.264093, 0.482249, -0.835279), (0.264092, 0.24963, -0.931633), (0.264093, 0.835279, 0.482249), (0.264093, 0.682003, 0.682003), (0.264093, 0.682003, 0.682003), (0.264093, 0.682003, 0.682003), (0.264093, 0.835279, 0.482249), (0.264093, 0.835279, 0.482249), (0.264093, 0.682003, -0.682003), (0.264093, 0.482249, -0.835279), (0.264093, 0.682003, -0.682003), (0.264093, 0.482249, -0.835279), (0.264093, 0.682003, -0.682003), (0.264093, 0.482249, -0.835279), (0.264093, 0.482249, 0.835279), (0.264093, 0.682003, 0.682003), (0.264093, 0.682003, 0.682003), (0.264093, 0.682003, 0.682003), (0.264093, 0.482249, 0.835279), (0.264093, 0.482249, 0.835279), (0.264093, -0.682003, -0.682003), (0.264093, -0.482249, -0.835279), (0.264093, -0.482249, -0.835279), (0.264093, -0.482249, -0.835279), (0.264093, -0.682003, -0.682003), (0.264093, -0.682003, -0.682003), (0.264093, -0.482249, -0.835279), (0.264092, -0.24963, -0.931633), (0.264092, -0.24963, -0.931633), (0.264092, -0.24963, -0.931633), (0.264093, -0.482249, -0.835279), (0.264093, -0.482249, -0.835279), (0.264092, -0.931633, 0.24963), (0.264093, -0.964497, -2.35329e-13), (0.264092, -0.931633, 0.24963), (0.264093, -0.964497, -2.35329e-13), (0.264092, -0.931633, 0.24963), (0.264093, -0.964497, -2.35329e-13), (0.264093, -0.964497, -2.35329e-13), (0.264092, -0.931633, -0.24963), (0.264093, -0.964497, -2.35329e-13), (0.264092, -0.931633, -0.24963), (0.264093, -0.964497, -2.35329e-13), (0.264092, -0.931633, -0.24963), (0.264092, -0.931633, -0.24963), (0.264093, -0.835279, -0.482249), (0.264093, -0.835279, -0.482249), (0.264093, -0.835279, -0.482249), (0.264092, -0.931633, -0.24963), (0.264092, -0.931633, -0.24963), (0.264093, -0.682003, 0.682003), (0.264093, -0.835279, 0.482249), (0.264093, -0.682003, 0.682003), (0.264093, -0.835279, 0.482249), (0.264093, -0.682003, 0.682003), (0.264093, -0.835279, 0.482249), (0.264093, 0, 0.964497), (0.264092, 0.24963, 0.931633), (0.264092, 0.24963, 0.931633), (0.264092, 0.24963, 0.931633), (0.264093, 0, 0.964497), (0.264093, 0, 0.964497), (0.264092, -0.24963, 0.931633), (0.264093, 0, 0.964497), (0.264093, 0, 0.964497), (0.264093, 0, 0.964497), (0.264092, -0.24963, 0.931633), (0.264092, -0.24963, 0.931633), (0.264093, 0.835279, -0.482249), (0.264092, 0.931633, -0.24963), (0.264093, 0.835279, -0.482249), (0.264092, 0.931633, -0.24963), (0.264093, 0.835279, -0.482249), (0.264092, 0.931633, -0.24963), (0.264093, 0.964497, -2.35329e-13), (0.264092, 0.931633, 0.24963), (0.264093, 0.964497, -2.35329e-13), (0.264092, 0.931633, 0.24963), (0.264093, 0.964497, -2.35329e-13), (0.264092, 0.931633, 0.24963), (0.264092, -0.24963, 0.931633), (0.264093, -0.482249, 0.835279), (0.264092, -0.24963, 0.931633), (0.264093, -0.482249, 0.835279), (0.264092, -0.24963, 0.931633), (0.264093, -0.482249, 0.835279), (0.264092, 0.931633, -0.24963), (0.264093, 0.964497, -2.35329e-13), (0.264093, 0.964497, -2.35329e-13), (0.264093, 0.964497, -2.35329e-13), (0.264092, 0.931633, -0.24963), (0.264092, 0.931633, -0.24963), (0.264093, -0.835279, 0.482249), (0.264092, -0.931633, 0.24963), (0.264093, -0.835279, 0.482249), (0.264092, -0.931633, 0.24963), (0.264093, -0.835279, 0.482249), (0.264092, -0.931633, 0.24963), (0.264092, 0.24963, -0.931633), (0.264093, 0, -0.964497), (0.264092, 0.24963, -0.931633), (0.264093, 0, -0.964497), (0.264092, 0.24963, -0.931633), (0.264093, 0, -0.964497), (0.264092, 0.24963, 0.931633), (0.264093, 0.482249, 0.835279), (0.264093, 0.482249, 0.835279), (0.264093, 0.482249, 0.835279), (0.264092, 0.24963, 0.931633), (0.264092, 0.24963, 0.931633), (0.264093, 0.682003, -0.682003), (0.264093, 0.835279, -0.482249), (0.264093, 0.682003, -0.682003), (0.264093, 0.835279, -0.482249), (0.264093, 0.682003, -0.682003), (0.264093, 0.835279, -0.482249), (1, 0, 0), (1, 0, 0), (1, 0, 0), (1, 0, 0), (1, 0, 0), (1, 0, 0), (1, 0, 0), (1, 0, 0), (1, 0, 0), (1, 0, 0), (1, 0, 0), (1, 0, 0), (1, 0, 0), (1, 0, 0), (1, 0, 0), (1, 0, 0), (1, 0, 0), (1, 0, 0), (1, 0, 0), (1, 0, 0), (1, 0, 0), (1, 0, 0), (1, 0, 0), (1, 0, 0), (1, 0, 0), (1, 0, 0), (1, 0, 0), (1, 0, 0), (1, 0, 0), (1, 0, 0), (1, 0, 0), (1, 0, 0), (1, 0, 0), (1, 0, 0), (1, 0, 0), (1, 0, 0), (1, 0, 0), (1, 0, 0), (1, 0, 0), (1, 0, 0), (1, 0, 0), (1, 0, 0), (1, 0, 0), (1, 0, 0), (1, 0, 0), (1, 0, 0), (1, 0, 0), (1, 0, 0), (1, 0, 0), (1, 0, 0), (1, 0, 0), (1, 0, 0), (1, 0, 0), (1, 0, 0), (1, 0, 0), (1, 0, 0), (1, 0, 0), (1, 0, 0), (1, 0, 0), (1, 0, 0), (1, 0, 0), (1, 0, 0), (1, 0, 0), (1, 0, 0), (1, 0, 0), (1, 0, 0), (1, 0, 0), (1, 0, 0), (1, 0, 0), (1, 0, 0), (1, 0, 0), (1, 0, 0), (1, 0, 0), (1, 0, 0), (1, 0, 0), (1, 0, 0), (1, 0, 0), (1, 0, 0), (1, 0, 0), (1, 0, 0), (1, 0, 0), (1, 0, 0), (1, 0, 0), (1, 0, 0), (1, 0, 0), (1, 0, 0), (1, 0, 0), (1, 0, 0), (1, 0, 0), (1, 0, 0), (1, 0, 0), (1, 0, 0), (1, 0, 0), (1, 0, 0), (1, 0, 0), (1, 0, 0), (1, 0, 0), (1, 0, 0), (1, 0, 0), (1, 0, 0), (1, 0, 0), (1, 0, 0), (1, 0, 0), (1, 0, 0), (1, 0, 0), (1, 0, 0), (1, 0, 0), (1, 0, 0), (1, 0, 0), (1, 0, 0), (1, 0, 0), (1, 0, 0), (1, 0, 0), (1, 0, 0), (1, 0, 0), (1, 0, 0), (1, 0, 0), (1, 0, 0), (1, 0, 0), (1, 0, 0), (1, 0, 0), (1, 0, 0), (1, 0, 0), (1, 0, 0), (1, 0, 0), (1, 0, 0), (1, 0, 0), (1, 0, 0), (1, 0, 0), (1, 0, 0), (1, 0, 0), (1, 0, 0), (1, 0, 0), (1, 0, 0), (1, 0, 0), (1, 0, 0), (1, 0, 0), (1, 0, 0), (1, 0, 0), (1, 0, 0), (1, 0, 0), (1, 0, 0), (1, 0, 0), (1, 0, 0), (1, 0, -8.91084e-13), (1, 0, -8.91084e-13), (1, 0, -8.91084e-13), (1, 0, -8.91084e-13), (1, 0, -8.91084e-13), (1, 0, -8.91084e-13), (1, 0, -8.91084e-13), (1, 0, -8.91084e-13), (1, 0, -8.91084e-13), (1, 0, -8.91084e-13), (1, 0, -8.91084e-13), (1, 0, -8.91084e-13), (1, 0, -8.91084e-13), (1, 0, -8.91084e-13), (1, 0, -8.91084e-13), (1, 0, -8.91084e-13), (1, 0, -8.91084e-13), (1, 0, -8.91084e-13), (1, 0, -8.91084e-13), (1, 0, -8.91084e-13), (1, 0, -8.91084e-13), (1, 0, -8.91084e-13), (1, 0, -8.91084e-13), (1, 0, -8.91084e-13), (1, 0, -8.91084e-13), (1, 0, -8.91084e-13), (1, 0, -8.91084e-13), (1, 0, -8.91084e-13), (1, 0, -8.91084e-13), (1, 0, -8.91084e-13), (1, 0, -8.91084e-13), (1, 0, -8.91084e-13), (1, 0, -8.91084e-13), (1, 0, -8.91084e-13), (1, 0, -8.91084e-13), (1, 0, -8.91084e-13), (1, 0, -8.91084e-13), (1, 0, -8.91084e-13), (1, 0, -8.91084e-13), (1, 0, -8.91084e-13), (1, 0, -8.91084e-13), (1, 0, -8.91084e-13), (1, 0, -8.91084e-13), (1, 0, -8.91084e-13), (1, 0, -8.91084e-13), (1, 0, -8.91084e-13), (1, 0, -8.91084e-13), (1, 0, -8.91084e-13), (1, 0, -8.91084e-13), (1, 0, -8.91084e-13), (1, 0, -8.91084e-13), (1, 0, -8.91084e-13), (1, 0, -8.91084e-13), (1, 0, -8.91084e-13), (1, 0, -8.91084e-13), (1, 0, -8.91084e-13), (1, 0, -8.91084e-13), (1, 0, -8.91084e-13), (1, 0, -8.91084e-13), (1, 0, -8.91084e-13), (1, 0, -8.91084e-13), (1, 0, -8.91084e-13), (1, 0, -8.91084e-13), (1, 0, -8.91084e-13), (1, 0, -8.91084e-13), (1, 0, -8.91084e-13), (1, 0, -8.91084e-13), (1, 0, -8.91084e-13), (1, 0, -8.91084e-13), (1, 0, -8.91084e-13), (1, 0, -8.91084e-13), (1, 0, -8.91084e-13), (1, 0, -8.91084e-13), (1, 0, -8.91084e-13), (1, 0, -8.91084e-13), (1, 0, -8.91084e-13), (1, 0, -8.91084e-13), (1, 0, -8.91084e-13), (1, 0, -8.91084e-13), (1, 0, -8.91084e-13), (1, 0, -8.91084e-13), (1, 0, -8.91084e-13), (1, 0, -8.91084e-13), (1, 0, -8.91084e-13), (1, 0, -8.91084e-13), (1, 0, -8.91084e-13), (1, 0, -8.91084e-13), (1, 0, -8.91084e-13), (1, 0, -8.91084e-13), (1, 0, -8.91084e-13), (1, 0, -8.91084e-13), (1, 0, -8.91084e-13), (1, 0, -8.91084e-13), (1, 0, -8.91084e-13), (1, 0, -8.91084e-13), (1, 0, -8.91084e-13), (1, 0, -8.91084e-13), (1, 0, -8.91084e-13), (1, 0, -8.91084e-13), (1, 0, -8.91084e-13), (1, 0, -8.91084e-13), (1, 0, -8.91084e-13), (1, 0, -8.91084e-13), (1, 0, -8.91084e-13), (1, 0, -8.91084e-13), (1, 0, -8.91084e-13), (1, 0, -8.91084e-13), (1, 0, -8.91084e-13), (1, 0, -8.91084e-13), (1, 0, -8.91084e-13), (1, 0, -8.91084e-13), (1, 0, -8.91084e-13), (1, 0, -8.91084e-13), (1, 0, -8.91084e-13), (1, 0, -8.91084e-13), (1, 0, -8.91084e-13), (1, 0, -8.91084e-13), (1, 0, -8.91084e-13), (1, 0, -8.91084e-13), (1, 0, -8.91084e-13), (1, 0, -8.91084e-13), (1, 0, -8.91084e-13), (1, 0, -8.91084e-13), (1, 0, -8.91084e-13), (1, 0, -8.91084e-13), (1, 0, -8.91084e-13), (1, 0, -8.91084e-13), (1, 0, -8.91084e-13), (1, 0, -8.91084e-13), (1, 0, -8.91084e-13), (1, 0, -8.91084e-13), (1, 0, -8.91084e-13), (1, 0, -8.91084e-13), (1, 0, -8.91084e-13), (1, 0, -8.91084e-13), (1, 0, -8.91084e-13), (1, 0, -8.91084e-13), (1, 0, -8.91084e-13), (1, 0, -8.91084e-13), (1, 0, -8.91084e-13), (1, 0, -8.91084e-13), (1, 0, -8.91084e-13), (1, 0, -8.91084e-13), (1, 0, -8.91084e-13), (-0.206363, -0.253248, 0.945135), (-0.410365, -0.455961, 0.789747), (-0.206363, -0.489238, 0.847385), (-0.410365, -0.455961, 0.789747), (-0.206363, -0.253248, 0.945135), (-0.410365, -0.236023, 0.880849), (0.206363, 0.489238, 0.847385), (-0.206363, 0.253248, 0.945135), (0.206363, 0.253248, 0.945135), (-0.206363, 0.253248, 0.945135), (0.206363, 0.489238, 0.847385), (-0.206363, 0.489238, 0.847385), (-0.206363, 0.945135, -0.253248), (0.206363, 0.978476, 0), (0.206363, 0.945135, -0.253248), (0.206363, 0.978476, 0), (-0.206363, 0.945135, -0.253248), (-0.206363, 0.978476, 0), (-0.206363, 0, -0.978476), (0.206363, -0.253248, -0.945135), (-0.206363, -0.253248, -0.945135), (0.206363, -0.253248, -0.945135), (-0.206363, 0, -0.978476), (0.206363, 0, -0.978476), (0.206363, 0.945135, 0.253248), (-0.206363, 0.847385, 0.489238), (0.206363, 0.847385, 0.489238), (-0.206363, 0.847385, 0.489238), (0.206363, 0.945135, 0.253248), (-0.206363, 0.945135, 0.253248), (0.206363, -0.253248, 0.945135), (-0.206363, -0.489238, 0.847385), (0.206363, -0.489238, 0.847385), (-0.206363, -0.489238, 0.847385), (0.206363, -0.253248, 0.945135), (-0.206363, -0.253248, 0.945135), (-0.206363, 0.253248, 0.945135), (-0.410365, 0.455961, 0.789747), (-0.410365, 0.236023, 0.880849), (-0.410365, 0.455961, 0.789747), (-0.206363, 0.253248, 0.945135), (-0.206363, 0.489238, 0.847385), (0.206363, 0.847385, -0.489238), (-0.206363, 0.945135, -0.253248), (0.206363, 0.945135, -0.253248), (-0.206363, 0.945135, -0.253248), (0.206363, 0.847385, -0.489238), (-0.206363, 0.847385, -0.489238), (0.206363, 0.691887, 0.691887), (-0.206363, 0.489238, 0.847385), (0.206363, 0.489238, 0.847385), (-0.206363, 0.489238, 0.847385), (0.206363, 0.691887, 0.691887), (-0.206363, 0.691887, 0.691887), (-0.206363, -0.978476, 0), (-0.410365, -0.880849, -0.236023), (-0.206363, -0.945135, -0.253248), (-0.410365, -0.880849, -0.236023), (-0.206363, -0.978476, 0), (-0.410365, -0.911922, 0), (-0.410365, 0.911922, 0), (-0.206363, 0.945135, 0.253248), (-0.206363, 0.978476, 0), (-0.206363, 0.945135, 0.253248), (-0.410365, 0.911922, 0), (-0.410365, 0.880849, 0.236023), (-0.410365, -0.236023, -0.880849), (-0.206363, 0, -0.978476), (-0.206363, -0.253248, -0.945135), (-0.206363, 0, -0.978476), (-0.410365, -0.236023, -0.880849), (-0.410365, 0, -0.911922), (-0.206363, -0.945135, -0.253248), (0.206363, -0.847385, -0.489238), (0.206363, -0.945135, -0.253248), (0.206363, -0.847385, -0.489238), (-0.206363, -0.945135, -0.253248), (-0.206363, -0.847385, -0.489238), (-0.410365, 0.455961, -0.789747), (-0.206363, 0.253248, -0.945135), (-0.410365, 0.236023, -0.880849), (-0.206363, 0.253248, -0.945135), (-0.410365, 0.455961, -0.789747), (-0.206363, 0.489238, -0.847385), (-0.206363, 0.253248, 0.945135), (-0.410365, 0, 0.911922), (-0.206363, 0, 0.978476), (-0.410365, 0, 0.911922), (-0.206363, 0.253248, 0.945135), (-0.410365, 0.236023, 0.880849), (-0.206363, -0.847385, 0.489238), (0.206363, -0.945135, 0.253248), (0.206363, -0.847385, 0.489238), (0.206363, -0.945135, 0.253248), (-0.206363, -0.847385, 0.489238), (-0.206363, -0.945135, 0.253248), (-0.410365, -0.880849, -0.236023), (-0.206363, -0.847385, -0.489238), (-0.206363, -0.945135, -0.253248), (-0.206363, -0.847385, -0.489238), (-0.410365, -0.880849, -0.236023), (-0.410365, -0.789747, -0.455961), (-0.410365, 0.789747, 0.455961), (-0.206363, 0.691887, 0.691887), (-0.206363, 0.847385, 0.489238), (-0.206363, 0.691887, 0.691887), (-0.410365, 0.789747, 0.455961), (-0.410365, 0.644826, 0.644826), (-0.206363, 0, 0.978476), (-0.410365, -0.236023, 0.880849), (-0.206363, -0.253248, 0.945135), (-0.410365, -0.236023, 0.880849), (-0.206363, 0, 0.978476), (-0.410365, 0, 0.911922), (-0.206363, 0.945135, 0.253248), (-0.410365, 0.789747, 0.455961), (-0.206363, 0.847385, 0.489238), (-0.410365, 0.789747, 0.455961), (-0.206363, 0.945135, 0.253248), (-0.410365, 0.880849, 0.236023), (0.206363, 0, 0.978476), (-0.206363, -0.253248, 0.945135), (0.206363, -0.253248, 0.945135), (-0.206363, -0.253248, 0.945135), (0.206363, 0, 0.978476), (-0.206363, 0, 0.978476), (-0.206363, 0.489238, -0.847385), (0.206363, 0.253248, -0.945135), (-0.206363, 0.253248, -0.945135), (0.206363, 0.253248, -0.945135), (-0.206363, 0.489238, -0.847385), (0.206363, 0.489238, -0.847385), (-0.410365, 0.880849, -0.236023), (-0.206363, 0.978476, 0), (-0.206363, 0.945135, -0.253248), (-0.206363, 0.978476, 0), (-0.410365, 0.880849, -0.236023), (-0.410365, 0.911922, 0), (-0.410365, -0.455961, -0.789747), (-0.206363, -0.253248, -0.945135), (-0.206363, -0.489238, -0.847385), (-0.206363, -0.253248, -0.945135), (-0.410365, -0.455961, -0.789747), (-0.410365, -0.236023, -0.880849), (-0.410365, -0.880849, 0.236023), (-0.206363, -0.978476, 0), (-0.206363, -0.945135, 0.253248), (-0.206363, -0.978476, 0), (-0.410365, -0.880849, 0.236023), (-0.410365, -0.911922, 0), (-0.410365, 0.644826, -0.644826), (-0.206363, 0.489238, -0.847385), (-0.410365, 0.455961, -0.789747), (-0.206363, 0.489238, -0.847385), (-0.410365, 0.644826, -0.644826), (-0.206363, 0.691887, -0.691887), (0.206363, -0.978476, 0), (-0.206363, -0.945135, -0.253248), (0.206363, -0.945135, -0.253248), (-0.206363, -0.945135, -0.253248), (0.206363, -0.978476, 0), (-0.206363, -0.978476, 0), (0.206363, 0.253248, 0.945135), (-0.206363, 0, 0.978476), (0.206363, 0, 0.978476), (-0.206363, 0, 0.978476), (0.206363, 0.253248, 0.945135), (-0.206363, 0.253248, 0.945135), (-0.206363, -0.253248, -0.945135), (0.206363, -0.489238, -0.847385), (-0.206363, -0.489238, -0.847385), (0.206363, -0.489238, -0.847385), (-0.206363, -0.253248, -0.945135), (0.206363, -0.253248, -0.945135), (-0.206363, 0.847385, -0.489238), (-0.410365, 0.880849, -0.236023), (-0.206363, 0.945135, -0.253248), (-0.410365, 0.880849, -0.236023), (-0.206363, 0.847385, -0.489238), (-0.410365, 0.789747, -0.455961), (-0.410365, -0.644826, -0.644826), (-0.206363, -0.489238, -0.847385), (-0.206363, -0.691887, -0.691887), (-0.206363, -0.489238, -0.847385), (-0.410365, -0.644826, -0.644826), (-0.410365, -0.455961, -0.789747), (-0.206363, 0.489238, 0.847385), (-0.410365, 0.644826, 0.644826), (-0.410365, 0.455961, 0.789747), (-0.410365, 0.644826, 0.644826), (-0.206363, 0.489238, 0.847385), (-0.206363, 0.691887, 0.691887), (-0.410365, -0.644826, 0.644826), (-0.206363, -0.847385, 0.489238), (-0.206363, -0.691887, 0.691887), (-0.206363, -0.847385, 0.489238), (-0.410365, -0.644826, 0.644826), (-0.410365, -0.789747, 0.455961), (-0.410365, -0.789747, 0.455961), (-0.206363, -0.945135, 0.253248), (-0.206363, -0.847385, 0.489238), (-0.206363, -0.945135, 0.253248), (-0.410365, -0.789747, 0.455961), (-0.410365, -0.880849, 0.236023), (-0.206363, -0.945135, 0.253248), (0.206363, -0.978476, 0), (0.206363, -0.945135, 0.253248), (0.206363, -0.978476, 0), (-0.206363, -0.945135, 0.253248), (-0.206363, -0.978476, 0), (-0.206363, 0.253248, -0.945135), (0.206363, 0, -0.978476), (-0.206363, 0, -0.978476), (0.206363, 0, -0.978476), (-0.206363, 0.253248, -0.945135), (0.206363, 0.253248, -0.945135), (-0.410365, -0.789747, -0.455961), (-0.206363, -0.691887, -0.691887), (-0.206363, -0.847385, -0.489238), (-0.206363, -0.691887, -0.691887), (-0.410365, -0.789747, -0.455961), (-0.410365, -0.644826, -0.644826), (0.206363, 0.691887, -0.691887), (-0.206363, 0.847385, -0.489238), (0.206363, 0.847385, -0.489238), (-0.206363, 0.847385, -0.489238), (0.206363, 0.691887, -0.691887), (-0.206363, 0.691887, -0.691887), (-0.206363, -0.489238, 0.847385), (-0.410365, -0.644826, 0.644826), (-0.206363, -0.691887, 0.691887), (-0.410365, -0.644826, 0.644826), (-0.206363, -0.489238, 0.847385), (-0.410365, -0.455961, 0.789747), (-0.410365, 0.236023, -0.880849), (-0.206363, 0, -0.978476), (-0.410365, 0, -0.911922), (-0.206363, 0, -0.978476), (-0.410365, 0.236023, -0.880849), (-0.206363, 0.253248, -0.945135), (-0.206363, -0.691887, 0.691887), (0.206363, -0.847385, 0.489238), (0.206363, -0.691887, 0.691887), (0.206363, -0.847385, 0.489238), (-0.206363, -0.691887, 0.691887), (-0.206363, -0.847385, 0.489238), (-0.206363, 0.691887, -0.691887), (-0.410365, 0.789747, -0.455961), (-0.206363, 0.847385, -0.489238), (-0.410365, 0.789747, -0.455961), (-0.206363, 0.691887, -0.691887), (-0.410365, 0.644826, -0.644826), (0.206363, 0.978476, 0), (-0.206363, 0.945135, 0.253248), (0.206363, 0.945135, 0.253248), (-0.206363, 0.945135, 0.253248), (0.206363, 0.978476, 0), (-0.206363, 0.978476, 0), (0.206363, 0.847385, 0.489238), (-0.206363, 0.691887, 0.691887), (0.206363, 0.691887, 0.691887), (-0.206363, 0.691887, 0.691887), (0.206363, 0.847385, 0.489238), (-0.206363, 0.847385, 0.489238), (-0.206363, -0.847385, -0.489238), (0.206363, -0.691887, -0.691887), (0.206363, -0.847385, -0.489238), (0.206363, -0.691887, -0.691887), (-0.206363, -0.847385, -0.489238), (-0.206363, -0.691887, -0.691887), (-0.206363, 0.691887, -0.691887), (0.206363, 0.489238, -0.847385), (-0.206363, 0.489238, -0.847385), (0.206363, 0.489238, -0.847385), (-0.206363, 0.691887, -0.691887), (0.206363, 0.691887, -0.691887), (-0.206363, -0.489238, -0.847385), (0.206363, -0.691887, -0.691887), (-0.206363, -0.691887, -0.691887), (0.206363, -0.691887, -0.691887), (-0.206363, -0.489238, -0.847385), (0.206363, -0.489238, -0.847385), (0.206363, -0.489238, 0.847385), (-0.206363, -0.691887, 0.691887), (0.206363, -0.691887, 0.691887), (-0.206363, -0.691887, 0.691887), (0.206363, -0.489238, 0.847385), (-0.206363, -0.489238, 0.847385), (0.206363, 0.253248, -0.945135), (0.410365, 0, -0.911922), (0.206363, 0, -0.978476), (0.410365, 0, -0.911922), (0.206363, 0.253248, -0.945135), (0.410365, 0.236023, -0.880849), (0.206363, 0.253248, -0.945135), (0.410365, 0.455961, -0.789747), (0.410365, 0.236023, -0.880849), (0.410365, 0.455961, -0.789747), (0.206363, 0.253248, -0.945135), (0.206363, 0.489238, -0.847385), (0.206363, 0.489238, -0.847385), (0.410365, 0.644826, -0.644826), (0.410365, 0.455961, -0.789747), (0.410365, 0.644826, -0.644826), (0.206363, 0.489238, -0.847385), (0.206363, 0.691887, -0.691887), (0.410365, 0.789747, -0.455961), (0.206363, 0.945135, -0.253248), (0.410365, 0.880849, -0.236023), (0.206363, 0.945135, -0.253248), (0.410365, 0.789747, -0.455961), (0.206363, 0.847385, -0.489238), (0.410365, -0.236023, 0.880849), (0.206363, 0, 0.978476), (0.206363, -0.253248, 0.945135), (0.206363, 0, 0.978476), (0.410365, -0.236023, 0.880849), (0.410365, 0, 0.911922), (1, 0, 0), (1, 0, 0), (1, 0, 0), (1, 0, 0), (1, 0, 0), (1, 0, 0), (1, 0, 0), (1, 0, 0), (1, 0, 0), (1, 0, 0), (1, 0, 0), (1, 0, 0), (1, 0, 0), (1, 0, 0), (1, 0, 0), (1, 0, 0), (1, 0, 0), (1, 0, 0), (1, 0, 0), (1, 0, 0), (1, 0, 0), (1, 0, 0), (1, 0, 0), (1, 0, 0), (1, 0, 0), (1, 0, 0), (1, 0, 0), (1, 0, 0), (1, 0, 0), (1, 0, 0), (1, 0, 0), (1, 0, 0), (1, 0, 0), (1, 0, 0), (1, 0, 0), (1, 0, 0), (1, 0, 0), (1, 0, 0), (1, 0, 0), (1, 0, 0), (1, 0, 0), (1, 0, 0), (1, 0, 0), (1, 0, 0), (1, 0, 0), (1, 0, 0), (1, 0, 0), (1, 0, 0), (1, 0, 0), (1, 0, 0), (1, 0, 0), (1, 0, 0), (1, 0, 0), (1, 0, 0), (1, 0, 0), (1, 0, 0), (1, 0, 0), (1, 0, 0), (1, 0, 0), (1, 0, 0), (1, 0, 0), (1, 0, 0), (1, 0, 0), (1, 0, 0), (1, 0, 0), (1, 0, 0), (0.206363, -0.691887, 0.691887), (0.410365, -0.789747, 0.455961), (0.410365, -0.644826, 0.644826), (0.410365, -0.789747, 0.455961), (0.206363, -0.691887, 0.691887), (0.206363, -0.847385, 0.489238), (0.410365, 0.455961, 0.789747), (0.206363, 0.253248, 0.945135), (0.410365, 0.236023, 0.880849), (0.206363, 0.253248, 0.945135), (0.410365, 0.455961, 0.789747), (0.206363, 0.489238, 0.847385), (0.410365, -0.455961, 0.789747), (0.206363, -0.253248, 0.945135), (0.206363, -0.489238, 0.847385), (0.206363, -0.253248, 0.945135), (0.410365, -0.455961, 0.789747), (0.410365, -0.236023, 0.880849), (0.206363, -0.847385, 0.489238), (0.410365, -0.880849, 0.236023), (0.410365, -0.789747, 0.455961), (0.410365, -0.880849, 0.236023), (0.206363, -0.847385, 0.489238), (0.206363, -0.945135, 0.253248), (0.410365, 0.236023, 0.880849), (0.206363, 0, 0.978476), (0.410365, 0, 0.911922), (0.206363, 0, 0.978476), (0.410365, 0.236023, 0.880849), (0.206363, 0.253248, 0.945135), (0.206363, -0.945135, 0.253248), (0.410365, -0.911922, 0), (0.410365, -0.880849, 0.236023), (0.410365, -0.911922, 0), (0.206363, -0.945135, 0.253248), (0.206363, -0.978476, 0), (0.206363, -0.978476, 0), (0.410365, -0.880849, -0.236023), (0.410365, -0.911922, 0), (0.410365, -0.880849, -0.236023), (0.206363, -0.978476, 0), (0.206363, -0.945135, -0.253248), (0.410365, -0.644826, 0.644826), (0.206363, -0.489238, 0.847385), (0.206363, -0.691887, 0.691887), (0.206363, -0.489238, 0.847385), (0.410365, -0.644826, 0.644826), (0.410365, -0.455961, 0.789747), (0.206363, -0.945135, -0.253248), (0.410365, -0.789747, -0.455961), (0.410365, -0.880849, -0.236023), (0.410365, -0.789747, -0.455961), (0.206363, -0.945135, -0.253248), (0.206363, -0.847385, -0.489238), (0.206363, -0.847385, -0.489238), (0.410365, -0.644826, -0.644826), (0.410365, -0.789747, -0.455961), (0.410365, -0.644826, -0.644826), (0.206363, -0.847385, -0.489238), (0.206363, -0.691887, -0.691887), (0.206363, -0.489238, -0.847385), (0.410365, -0.644826, -0.644826), (0.206363, -0.691887, -0.691887), (0.410365, -0.644826, -0.644826), (0.206363, -0.489238, -0.847385), (0.410365, -0.455961, -0.789747), (0.206363, 0, -0.978476), (0.410365, -0.236023, -0.880849), (0.206363, -0.253248, -0.945135), (0.410365, -0.236023, -0.880849), (0.206363, 0, -0.978476), (0.410365, 0, -0.911922), (0.410365, 0.644826, 0.644826), (0.206363, 0.489238, 0.847385), (0.410365, 0.455961, 0.789747), (0.206363, 0.489238, 0.847385), (0.410365, 0.644826, 0.644826), (0.206363, 0.691887, 0.691887), (0.206363, -0.253248, -0.945135), (0.410365, -0.455961, -0.789747), (0.206363, -0.489238, -0.847385), (0.410365, -0.455961, -0.789747), (0.206363, -0.253248, -0.945135), (0.410365, -0.236023, -0.880849), (0.410365, 0.880849, -0.236023), (0.206363, 0.978476, 0), (0.410365, 0.911922, 0), (0.206363, 0.978476, 0), (0.410365, 0.880849, -0.236023), (0.206363, 0.945135, -0.253248), (0.410365, 0.880849, 0.236023), (0.206363, 0.847385, 0.489238), (0.410365, 0.789747, 0.455961), (0.206363, 0.847385, 0.489238), (0.410365, 0.880849, 0.236023), (0.206363, 0.945135, 0.253248), (0.410365, 0.911922, 0), (0.206363, 0.945135, 0.253248), (0.410365, 0.880849, 0.236023), (0.206363, 0.945135, 0.253248), (0.410365, 0.911922, 0), (0.206363, 0.978476, 0), (0.410365, 0.644826, -0.644826), (0.206363, 0.847385, -0.489238), (0.410365, 0.789747, -0.455961), (0.206363, 0.847385, -0.489238), (0.410365, 0.644826, -0.644826), (0.206363, 0.691887, -0.691887), (0.410365, 0.789747, 0.455961), (0.206363, 0.691887, 0.691887), (0.410365, 0.644826, 0.644826), (0.206363, 0.691887, 0.691887), (0.410365, 0.789747, 0.455961), (0.206363, 0.847385, 0.489238), (-0.264093, -0.835279, 0.482249), (-0.264093, -0.682003, 0.682003), (-0.264093, -0.682003, 0.682003), (-0.264093, -0.682003, 0.682003), (-0.264093, -0.835279, 0.482249), (-0.264093, -0.835279, 0.482249), (-0.264092, 0.931633, -0.24963), (-0.264093, 0.835279, -0.482249), (-0.264093, 0.835279, -0.482249), (-0.264093, 0.835279, -0.482249), (-0.264092, 0.931633, -0.24963), (-0.264092, 0.931633, -0.24963), (-1, 0, 0), (-1, 0, 0), (-1, 0, 0), (-1, 0, 0), (-1, 0, 0), (-1, 0, 0), (-1, 0, 0), (-1, 0, 0), (-1, 0, 0), (-1, 0, 0), (-1, 0, 0), (-1, 0, 0), (-1, 0, 0), (-1, 0, 0), (-1, 0, 0), (-1, 0, 0), (-1, 0, 0), (-1, 0, 0), (-1, 0, 0), (-1, 0, 0), (-1, 0, 0), (-1, 0, 0), (-1, 0, 0), (-1, 0, 0), (-1, 0, 0), (-1, 0, 0), (-1, 0, 0), (-1, 0, 0), (-1, 0, 0), (-1, 0, 0), (-1, 0, 0), (-1, 0, 0), (-1, 0, 0), (-1, 0, 0), (-1, 0, 0), (-1, 0, 0), (-1, 0, 0), (-1, 0, 0), (-1, 0, 0), (-1, 0, 0), (-1, 0, 0), (-1, 0, 0), (-1, 0, 0), (-1, 0, 0), (-1, 0, 0), (-1, 0, 0), (-1, 0, 0), (-1, 0, 0), (-1, 0, 0), (-1, 0, 0), (-1, 0, 0), (-1, 0, 0), (-1, 0, 0), (-1, 0, 0), (-1, 0, 0), (-1, 0, 0), (-1, 0, 0), (-1, 0, 0), (-1, 0, 0), (-1, 0, 0), (-1, 0, 0), (-1, 0, 0), (-1, 0, 0), (-1, 0, 0), (-1, 0, 0), (-1, 0, 0), (-0.264092, -0.24963, 0.931633), (-0.264093, 0, 0.964497), (-0.264093, 0, 0.964497), (-0.264093, 0, 0.964497), (-0.264092, -0.24963, 0.931633), (-0.264092, -0.24963, 0.931633), (-0.264093, -0.482249, -0.835279), (-0.264093, -0.682003, -0.682003), (-0.264093, -0.482249, -0.835279), (-0.264093, -0.682003, -0.682003), (-0.264093, -0.482249, -0.835279), (-0.264093, -0.682003, -0.682003), (-0.264093, 0.482249, 0.835279), (-0.264092, 0.24963, 0.931633), (-0.264093, 0.482249, 0.835279), (-0.264092, 0.24963, 0.931633), (-0.264093, 0.482249, 0.835279), (-0.264092, 0.24963, 0.931633), (-0.264093, 0.835279, -0.482249), (-0.264093, 0.682003, -0.682003), (-0.264093, 0.682003, -0.682003), (-0.264093, 0.682003, -0.682003), (-0.264093, 0.835279, -0.482249), (-0.264093, 0.835279, -0.482249), (-0.264093, 0.682003, 0.682003), (-0.264093, 0.482249, 0.835279), (-0.264093, 0.682003, 0.682003), (-0.264093, 0.482249, 0.835279), (-0.264093, 0.682003, 0.682003), (-0.264093, 0.482249, 0.835279), (-0.264093, 0.482249, -0.835279), (-0.264093, 0.682003, -0.682003), (-0.264093, 0.682003, -0.682003), (-0.264093, 0.682003, -0.682003), (-0.264093, 0.482249, -0.835279), (-0.264093, 0.482249, -0.835279), (-0.264093, -0.682003, 0.682003), (-0.264093, -0.482249, 0.835279), (-0.264093, -0.482249, 0.835279), (-0.264093, -0.482249, 0.835279), (-0.264093, -0.682003, 0.682003), (-0.264093, -0.682003, 0.682003), (-0.264093, -0.482249, 0.835279), (-0.264092, -0.24963, 0.931633), (-0.264092, -0.24963, 0.931633), (-0.264092, -0.24963, 0.931633), (-0.264093, -0.482249, 0.835279), (-0.264093, -0.482249, 0.835279), (-0.264092, -0.931633, -0.24963), (-0.264093, -0.964497, 0), (-0.264092, -0.931633, -0.24963), (-0.264093, -0.964497, 0), (-0.264092, -0.931633, -0.24963), (-0.264093, -0.964497, 0), (-0.264093, -0.964497, 0), (-0.264092, -0.931633, 0.24963), (-0.264093, -0.964497, 0), (-0.264092, -0.931633, 0.24963), (-0.264093, -0.964497, 0), (-0.264092, -0.931633, 0.24963), (-0.264092, -0.931633, 0.24963), (-0.264093, -0.835279, 0.482249), (-0.264093, -0.835279, 0.482249), (-0.264093, -0.835279, 0.482249), (-0.264092, -0.931633, 0.24963), (-0.264092, -0.931633, 0.24963), (-0.264093, -0.682003, -0.682003), (-0.264093, -0.835279, -0.482249), (-0.264093, -0.682003, -0.682003), (-0.264093, -0.835279, -0.482249), (-0.264093, -0.682003, -0.682003), (-0.264093, -0.835279, -0.482249), (-0.264093, 0, -0.964497), (-0.264092, 0.24963, -0.931633), (-0.264092, 0.24963, -0.931633), (-0.264092, 0.24963, -0.931633), (-0.264093, 0, -0.964497), (-0.264093, 0, -0.964497), (-0.264092, -0.24963, -0.931633), (-0.264093, 0, -0.964497), (-0.264093, 0, -0.964497), (-0.264093, 0, -0.964497), (-0.264092, -0.24963, -0.931633), (-0.264092, -0.24963, -0.931633), (-0.264093, 0.835279, 0.482249), (-0.264092, 0.931633, 0.24963), (-0.264093, 0.835279, 0.482249), (-0.264092, 0.931633, 0.24963), (-0.264093, 0.835279, 0.482249), (-0.264092, 0.931633, 0.24963), (-0.264093, 0.964497, 0), (-0.264092, 0.931633, -0.24963), (-0.264093, 0.964497, 0), (-0.264092, 0.931633, -0.24963), (-0.264093, 0.964497, 0), (-0.264092, 0.931633, -0.24963), (-0.264092, -0.24963, -0.931633), (-0.264093, -0.482249, -0.835279), (-0.264092, -0.24963, -0.931633), (-0.264093, -0.482249, -0.835279), (-0.264092, -0.24963, -0.931633), (-0.264093, -0.482249, -0.835279), (-0.264092, 0.931633, 0.24963), (-0.264093, 0.964497, 0), (-0.264093, 0.964497, 0), (-0.264093, 0.964497, 0), (-0.264092, 0.931633, 0.24963), (-0.264092, 0.931633, 0.24963), (-0.264093, -0.835279, -0.482249), (-0.264092, -0.931633, -0.24963), (-0.264093, -0.835279, -0.482249), (-0.264092, -0.931633, -0.24963), (-0.264093, -0.835279, -0.482249), (-0.264092, -0.931633, -0.24963), (-0.264092, 0.24963, 0.931633), (-0.264093, 0, 0.964497), (-0.264092, 0.24963, 0.931633), (-0.264093, 0, 0.964497), (-0.264092, 0.24963, 0.931633), (-0.264093, 0, 0.964497), (-0.264092, 0.24963, -0.931633), (-0.264093, 0.482249, -0.835279), (-0.264093, 0.482249, -0.835279), (-0.264093, 0.482249, -0.835279), (-0.264092, 0.24963, -0.931633), (-0.264092, 0.24963, -0.931633), (-0.264093, 0.682003, 0.682003), (-0.264093, 0.835279, 0.482249), (-0.264093, 0.682003, 0.682003), (-0.264093, 0.835279, 0.482249), (-0.264093, 0.682003, 0.682003), (-0.264093, 0.835279, 0.482249), (-1, 0, -8.91084e-13), (-1, 0, -8.91084e-13), (-1, 0, -8.91084e-13), (-1, 0, -8.91084e-13), (-1, 0, -8.91084e-13), (-1, 0, -8.91084e-13), (-1, 0, -8.91084e-13), (-1, 0, -8.91084e-13), (-1, 0, -8.91084e-13), (-1, 0, -8.91084e-13), (-1, 0, -8.91084e-13), (-1, 0, -8.91084e-13), (-1, 0, -8.91084e-13), (-1, 0, -8.91084e-13), (-1, 0, -8.91084e-13), (-1, 0, -8.91084e-13), (-1, 0, -8.91084e-13), (-1, 0, -8.91084e-13), (-1, 0, -8.91084e-13), (-1, 0, -8.91084e-13), (-1, 0, -8.91084e-13), (-1, 0, -8.91084e-13), (-1, 0, -8.91084e-13), (-1, 0, -8.91084e-13), (-1, 0, -8.91084e-13), (-1, 0, -8.91084e-13), (-1, 0, -8.91084e-13), (-1, 0, -8.91084e-13), (-1, 0, -8.91084e-13), (-1, 0, -8.91084e-13), (-1, 0, -8.91084e-13), (-1, 0, -8.91084e-13), (-1, 0, -8.91084e-13), (-1, 0, -8.91084e-13), (-1, 0, -8.91084e-13), (-1, 0, -8.91084e-13), (-1, 0, -8.91084e-13), (-1, 0, -8.91084e-13), (-1, 0, -8.91084e-13), (-1, 0, -8.91084e-13), (-1, 0, -8.91084e-13), (-1, 0, -8.91084e-13), (-1, 0, -8.91084e-13), (-1, 0, -8.91084e-13), (-1, 0, -8.91084e-13), (-1, 0, -8.91084e-13), (-1, 0, -8.91084e-13), (-1, 0, -8.91084e-13), (-1, 0, -8.91084e-13), (-1, 0, -8.91084e-13), (-1, 0, -8.91084e-13), (-1, 0, -8.91084e-13), (-1, 0, -8.91084e-13), (-1, 0, -8.91084e-13), (-1, 0, -8.91084e-13), (-1, 0, -8.91084e-13), (-1, 0, -8.91084e-13), (-1, 0, -8.91084e-13), (-1, 0, -8.91084e-13), (-1, 0, -8.91084e-13), (-1, 0, -8.91084e-13), (-1, 0, -8.91084e-13), (-1, 0, -8.91084e-13), (-1, 0, -8.91084e-13), (-1, 0, -8.91084e-13), (-1, 0, -8.91084e-13), (-1, 0, -8.91084e-13), (-1, 0, -8.91084e-13), (-1, 0, -8.91084e-13), (-1, 0, -8.91084e-13), (-1, 0, -8.91084e-13), (-1, 0, -8.91084e-13), (-1, 0, -8.91084e-13), (-1, 0, -8.91084e-13), (-1, 0, -8.91084e-13), (-1, 0, -8.91084e-13), (-1, 0, -8.91084e-13), (-1, 0, -8.91084e-13), (-1, 0, -8.91084e-13), (-1, 0, -8.91084e-13), (-1, 0, -8.91084e-13), (-1, 0, -8.91084e-13), (-1, 0, -8.91084e-13), (-1, 0, -8.91084e-13), (-1, 0, -8.91084e-13), (-1, 0, -8.91084e-13), (-1, 0, -8.91084e-13), (-1, 0, -8.91084e-13), (-1, 0, -8.91084e-13), (-1, 0, -8.91084e-13), (-1, 0, -8.91084e-13), (-1, 0, -8.91084e-13), (-1, 0, -8.91084e-13), (-1, 0, -8.91084e-13), (-1, 0, -8.91084e-13), (-1, 0, -8.91084e-13), (-1, 0, -8.91084e-13), (-1, 0, -8.91084e-13), (-1, 0, -8.91084e-13), (-1, 0, -8.91084e-13), (-1, 0, -8.91084e-13), (-1, 0, -8.91084e-13), (-1, 0, -8.91084e-13), (-1, 0, -8.91084e-13), (-1, 0, -8.91084e-13), (-1, 0, -8.91084e-13), (-1, 0, -8.91084e-13), (-1, 0, -8.91084e-13), (-1, 0, -8.91084e-13), (-1, 0, -8.91084e-13), (-1, 0, -8.91084e-13), (-1, 0, -8.91084e-13), (-1, 0, -8.91084e-13), (-1, 0, -8.91084e-13), (-1, 0, -8.91084e-13), (-1, 0, -8.91084e-13), (-1, 0, -8.91084e-13), (-1, 0, -8.91084e-13), (-1, 0, -8.91084e-13), (-1, 0, -8.91084e-13), (-1, 0, -8.91084e-13), (-1, 0, -8.91084e-13), (-1, 0, -8.91084e-13), (-1, 0, -8.91084e-13), (-1, 0, -8.91084e-13), (-1, 0, -8.91084e-13), (-1, 0, -8.91084e-13), (-1, 0, -8.91084e-13), (-1, 0, -8.91084e-13), (-1, 0, -8.91084e-13), (-1, 0, -8.91084e-13), (-1, 0, -8.91084e-13), (-1, 0, -8.91084e-13), (-1, 0, -8.91084e-13), (-1, 0, -8.91084e-13), (-1, 0, -8.91084e-13), (-1, 0, -8.91084e-13), (-1, 0, -8.91084e-13), (-1, 0, -8.91084e-13), (-1, 0, -8.91084e-13), (-1, 0, -8.91084e-13), (-1, 0, -8.91084e-13), (-1, 0, -8.91084e-13), (-1, 0, -8.91084e-13), (-1, 0, 0), (-1, 0, 0), (-1, 0, 0), (-1, 0, 0), (-1, 0, 0), (-1, 0, 0), (-1, 0, 0), (-1, 0, 0), (-1, 0, 0), (-1, 0, 0), (-1, 0, 0), (-1, 0, 0), (-1, 0, 0), (-1, 0, 0), (-1, 0, 0), (-1, 0, 0), (-1, 0, 0), (-1, 0, 0), (-1, 0, 0), (-1, 0, 0), (-1, 0, 0), (-1, 0, 0), (-1, 0, 0), (-1, 0, 0), (-1, 0, 0), (-1, 0, 0), (-1, 0, 0), (-1, 0, 0), (-1, 0, 0), (-1, 0, 0), (-1, 0, 0), (-1, 0, 0), (-1, 0, 0), (-1, 0, 0), (-1, 0, 0), (-1, 0, 0), (-1, 0, 0), (-1, 0, 0), (-1, 0, 0), (-1, 0, 0), (-1, 0, 0), (-1, 0, 0), (-1, 0, 0), (-1, 0, 0), (-1, 0, 0), (-1, 0, 0), (-1, 0, 0), (-1, 0, 0), (-1, 0, 0), (-1, 0, 0), (-1, 0, 0), (-1, 0, 0), (-1, 0, 0), (-1, 0, 0), (-1, 0, 0), (-1, 0, 0), (-1, 0, 0), (-1, 0, 0), (-1, 0, 0), (-1, 0, 0), (-1, 0, 0), (-1, 0, 0), (-1, 0, 0), (-1, 0, 0), (-1, 0, 0), (-1, 0, 0), (-1, 0, 0), (-1, 0, 0), (-1, 0, 0), (-1, 0, 0), (-1, 0, 0), (-1, 0, 0), (-1, 0, 0), (-1, 0, 0), (-1, 0, 0), (-1, 0, 0), (-1, 0, 0), (-1, 0, 0), (-1, 0, 0), (-1, 0, 0), (-1, 0, 0), (-1, 0, 0), (-1, 0, 0), (-1, 0, 0), (-1, 0, 0), (-1, 0, 0), (-1, 0, 0), (-1, 0, 0), (-1, 0, 0), (-1, 0, 0), (-1, 0, 0), (-1, 0, 0), (-1, 0, 0), (-1, 0, 0), (-1, 0, 0), (-1, 0, 0), (-1, 0, 0), (-1, 0, 0), (-1, 0, 0), (-1, 0, 0), (-1, 0, 0), (-1, 0, 0), (-1, 0, 0), (-1, 0, 0), (-1, 0, 0), (-1, 0, 0), (-1, 0, 0), (-1, 0, 0), (-1, 0, 0), (-1, 0, 0), (-1, 0, 0), (-1, 0, 0), (-1, 0, 0), (-1, 0, 0), (-1, 0, 0), (-1, 0, 0), (-1, 0, 0), (-1, 0, 0), (-1, 0, 0), (-1, 0, 0), (-1, 0, 0), (-1, 0, 0), (-1, 0, 0), (-1, 0, 0), (-1, 0, 0), (-1, 0, 0), (-1, 0, 0), (-1, 0, 0), (-1, 0, 0), (-1, 0, 0), (-1, 0, 0), (-1, 0, 0), (-1, 0, 0), (-1, 0, 0), (-1, 0, 0), (-1, 0, 0), (-1, 0, 0), (-1, 0, 0), (-1, 0, 0), (-1, 0, 0), (-1, 0, 0), (-1, 0, 0), (-1, 0, 0), (-1, 0, 0), (0.206363, -0.253248, -0.945135), (0.410365, -0.455961, -0.789747), (0.206363, -0.489238, -0.847385), (0.410365, -0.455961, -0.789747), (0.206363, -0.253248, -0.945135), (0.410365, -0.236023, -0.880849), (-0.206363, 0.489238, -0.847385), (0.206363, 0.253248, -0.945135), (-0.206363, 0.253248, -0.945135), (0.206363, 0.253248, -0.945135), (-0.206363, 0.489238, -0.847385), (0.206363, 0.489238, -0.847385), (0.206363, 0.945135, 0.253248), (-0.206363, 0.978476, 1.83887e-13), (-0.206363, 0.945135, 0.253248), (-0.206363, 0.978476, 1.83887e-13), (0.206363, 0.945135, 0.253248), (0.206363, 0.978476, -1.83887e-13), (0.206363, 0, 0.978476), (-0.206363, -0.253248, 0.945135), (0.206363, -0.253248, 0.945135), (-0.206363, -0.253248, 0.945135), (0.206363, 0, 0.978476), (-0.206363, 0, 0.978476), (-0.206363, 0.945135, -0.253248), (0.206363, 0.847385, -0.489238), (-0.206363, 0.847385, -0.489238), (0.206363, 0.847385, -0.489238), (-0.206363, 0.945135, -0.253248), (0.206363, 0.945135, -0.253248), (-0.206363, -0.253248, -0.945135), (0.206363, -0.489238, -0.847385), (-0.206363, -0.489238, -0.847385), (0.206363, -0.489238, -0.847385), (-0.206363, -0.253248, -0.945135), (0.206363, -0.253248, -0.945135), (0.206363, 0.253248, -0.945135), (0.410365, 0.455961, -0.789747), (0.410365, 0.236023, -0.880849), (0.410365, 0.455961, -0.789747), (0.206363, 0.253248, -0.945135), (0.206363, 0.489238, -0.847385), (-0.206363, 0.847385, 0.489238), (0.206363, 0.945135, 0.253248), (-0.206363, 0.945135, 0.253248), (0.206363, 0.945135, 0.253248), (-0.206363, 0.847385, 0.489238), (0.206363, 0.847385, 0.489238), (-0.206363, 0.691887, -0.691887), (0.206363, 0.489238, -0.847385), (-0.206363, 0.489238, -0.847385), (0.206363, 0.489238, -0.847385), (-0.206363, 0.691887, -0.691887), (0.206363, 0.691887, -0.691887), (0.206363, -0.978476, -1.83887e-13), (0.410365, -0.880849, 0.236023), (0.206363, -0.945135, 0.253248), (0.410365, -0.880849, 0.236023), (0.206363, -0.978476, -1.83887e-13), (0.410365, -0.911922, -3.65669e-13), (0.410365, 0.911922, -3.65669e-13), (0.206363, 0.945135, -0.253248), (0.206363, 0.978476, -1.83887e-13), (0.206363, 0.945135, -0.253248), (0.410365, 0.911922, -3.65669e-13), (0.410365, 0.880849, -0.236023), (0.410365, -0.236023, 0.880849), (0.206363, 0, 0.978476), (0.206363, -0.253248, 0.945135), (0.206363, 0, 0.978476), (0.410365, -0.236023, 0.880849), (0.410365, 0, 0.911922), (0.206363, -0.945135, 0.253248), (-0.206363, -0.847385, 0.489238), (-0.206363, -0.945135, 0.253248), (-0.206363, -0.847385, 0.489238), (0.206363, -0.945135, 0.253248), (0.206363, -0.847385, 0.489238), (0.410365, 0.455961, 0.789747), (0.206363, 0.253248, 0.945135), (0.410365, 0.236023, 0.880849), (0.206363, 0.253248, 0.945135), (0.410365, 0.455961, 0.789747), (0.206363, 0.489238, 0.847385), (0.206363, 0.253248, -0.945135), (0.410365, 0, -0.911922), (0.206363, 0, -0.978476), (0.410365, 0, -0.911922), (0.206363, 0.253248, -0.945135), (0.410365, 0.236023, -0.880849), (0.206363, -0.847385, -0.489238), (-0.206363, -0.945135, -0.253248), (-0.206363, -0.847385, -0.489238), (-0.206363, -0.945135, -0.253248), (0.206363, -0.847385, -0.489238), (0.206363, -0.945135, -0.253248), (0.410365, -0.880849, 0.236023), (0.206363, -0.847385, 0.489238), (0.206363, -0.945135, 0.253248), (0.206363, -0.847385, 0.489238), (0.410365, -0.880849, 0.236023), (0.410365, -0.789747, 0.455961), (0.410365, 0.789747, -0.455961), (0.206363, 0.691887, -0.691887), (0.206363, 0.847385, -0.489238), (0.206363, 0.691887, -0.691887), (0.410365, 0.789747, -0.455961), (0.410365, 0.644826, -0.644826), (0.206363, 0, -0.978476), (0.410365, -0.236023, -0.880849), (0.206363, -0.253248, -0.945135), (0.410365, -0.236023, -0.880849), (0.206363, 0, -0.978476), (0.410365, 0, -0.911922), (0.206363, 0.945135, -0.253248), (0.410365, 0.789747, -0.455961), (0.206363, 0.847385, -0.489238), (0.410365, 0.789747, -0.455961), (0.206363, 0.945135, -0.253248), (0.410365, 0.880849, -0.236023), (-0.206363, 0, -0.978476), (0.206363, -0.253248, -0.945135), (-0.206363, -0.253248, -0.945135), (0.206363, -0.253248, -0.945135), (-0.206363, 0, -0.978476), (0.206363, 0, -0.978476), (0.206363, 0.489238, 0.847385), (-0.206363, 0.253248, 0.945135), (0.206363, 0.253248, 0.945135), (-0.206363, 0.253248, 0.945135), (0.206363, 0.489238, 0.847385), (-0.206363, 0.489238, 0.847385), (0.410365, 0.880849, 0.236023), (0.206363, 0.978476, -1.83887e-13), (0.206363, 0.945135, 0.253248), (0.206363, 0.978476, -1.83887e-13), (0.410365, 0.880849, 0.236023), (0.410365, 0.911922, -3.65669e-13), (0.410365, -0.455961, 0.789747), (0.206363, -0.253248, 0.945135), (0.206363, -0.489238, 0.847385), (0.206363, -0.253248, 0.945135), (0.410365, -0.455961, 0.789747), (0.410365, -0.236023, 0.880849), (0.410365, -0.880849, -0.236023), (0.206363, -0.978476, -1.83887e-13), (0.206363, -0.945135, -0.253248), (0.206363, -0.978476, -1.83887e-13), (0.410365, -0.880849, -0.236023), (0.410365, -0.911922, -3.65669e-13), (0.410365, 0.644826, 0.644826), (0.206363, 0.489238, 0.847385), (0.410365, 0.455961, 0.789747), (0.206363, 0.489238, 0.847385), (0.410365, 0.644826, 0.644826), (0.206363, 0.691887, 0.691887), (-0.206363, -0.978476, 1.83887e-13), (0.206363, -0.945135, 0.253248), (-0.206363, -0.945135, 0.253248), (0.206363, -0.945135, 0.253248), (-0.206363, -0.978476, 1.83887e-13), (0.206363, -0.978476, -1.83887e-13), (-0.206363, 0.253248, -0.945135), (0.206363, 0, -0.978476), (-0.206363, 0, -0.978476), (0.206363, 0, -0.978476), (-0.206363, 0.253248, -0.945135), (0.206363, 0.253248, -0.945135), (0.206363, -0.253248, 0.945135), (-0.206363, -0.489238, 0.847385), (0.206363, -0.489238, 0.847385), (-0.206363, -0.489238, 0.847385), (0.206363, -0.253248, 0.945135), (-0.206363, -0.253248, 0.945135), (0.206363, 0.847385, 0.489238), (0.410365, 0.880849, 0.236023), (0.206363, 0.945135, 0.253248), (0.410365, 0.880849, 0.236023), (0.206363, 0.847385, 0.489238), (0.410365, 0.789747, 0.455961), (0.410365, -0.644826, 0.644826), (0.206363, -0.489238, 0.847385), (0.206363, -0.691887, 0.691887), (0.206363, -0.489238, 0.847385), (0.410365, -0.644826, 0.644826), (0.410365, -0.455961, 0.789747), (0.206363, 0.489238, -0.847385), (0.410365, 0.644826, -0.644826), (0.410365, 0.455961, -0.789747), (0.410365, 0.644826, -0.644826), (0.206363, 0.489238, -0.847385), (0.206363, 0.691887, -0.691887), (0.410365, -0.644826, -0.644826), (0.206363, -0.847385, -0.489238), (0.206363, -0.691887, -0.691887), (0.206363, -0.847385, -0.489238), (0.410365, -0.644826, -0.644826), (0.410365, -0.789747, -0.455961), (0.410365, -0.789747, -0.455961), (0.206363, -0.945135, -0.253248), (0.206363, -0.847385, -0.489238), (0.206363, -0.945135, -0.253248), (0.410365, -0.789747, -0.455961), (0.410365, -0.880849, -0.236023), (0.206363, -0.945135, -0.253248), (-0.206363, -0.978476, 1.83887e-13), (-0.206363, -0.945135, -0.253248), (-0.206363, -0.978476, 1.83887e-13), (0.206363, -0.945135, -0.253248), (0.206363, -0.978476, -1.83887e-13), (0.206363, 0.253248, 0.945135), (-0.206363, 0, 0.978476), (0.206363, 0, 0.978476), (-0.206363, 0, 0.978476), (0.206363, 0.253248, 0.945135), (-0.206363, 0.253248, 0.945135), (0.410365, -0.789747, 0.455961), (0.206363, -0.691887, 0.691887), (0.206363, -0.847385, 0.489238), (0.206363, -0.691887, 0.691887), (0.410365, -0.789747, 0.455961), (0.410365, -0.644826, 0.644826), (-0.206363, 0.691887, 0.691887), (0.206363, 0.847385, 0.489238), (-0.206363, 0.847385, 0.489238), (0.206363, 0.847385, 0.489238), (-0.206363, 0.691887, 0.691887), (0.206363, 0.691887, 0.691887), (0.206363, -0.489238, -0.847385), (0.410365, -0.644826, -0.644826), (0.206363, -0.691887, -0.691887), (0.410365, -0.644826, -0.644826), (0.206363, -0.489238, -0.847385), (0.410365, -0.455961, -0.789747), (0.410365, 0.236023, 0.880849), (0.206363, 0, 0.978476), (0.410365, 0, 0.911922), (0.206363, 0, 0.978476), (0.410365, 0.236023, 0.880849), (0.206363, 0.253248, 0.945135), (0.206363, -0.691887, -0.691887), (-0.206363, -0.847385, -0.489238), (-0.206363, -0.691887, -0.691887), (-0.206363, -0.847385, -0.489238), (0.206363, -0.691887, -0.691887), (0.206363, -0.847385, -0.489238), (0.206363, 0.691887, 0.691887), (0.410365, 0.789747, 0.455961), (0.206363, 0.847385, 0.489238), (0.410365, 0.789747, 0.455961), (0.206363, 0.691887, 0.691887), (0.410365, 0.644826, 0.644826), (-0.206363, 0.978476, 1.83887e-13), (0.206363, 0.945135, -0.253248), (-0.206363, 0.945135, -0.253248), (0.206363, 0.945135, -0.253248), (-0.206363, 0.978476, 1.83887e-13), (0.206363, 0.978476, -1.83887e-13), (-0.206363, 0.847385, -0.489238), (0.206363, 0.691887, -0.691887), (-0.206363, 0.691887, -0.691887), (0.206363, 0.691887, -0.691887), (-0.206363, 0.847385, -0.489238), (0.206363, 0.847385, -0.489238), (0.206363, -0.847385, 0.489238), (-0.206363, -0.691887, 0.691887), (-0.206363, -0.847385, 0.489238), (-0.206363, -0.691887, 0.691887), (0.206363, -0.847385, 0.489238), (0.206363, -0.691887, 0.691887), (0.206363, 0.691887, 0.691887), (-0.206363, 0.489238, 0.847385), (0.206363, 0.489238, 0.847385), (-0.206363, 0.489238, 0.847385), (0.206363, 0.691887, 0.691887), (-0.206363, 0.691887, 0.691887), (0.206363, -0.489238, 0.847385), (-0.206363, -0.691887, 0.691887), (0.206363, -0.691887, 0.691887), (-0.206363, -0.691887, 0.691887), (0.206363, -0.489238, 0.847385), (-0.206363, -0.489238, 0.847385), (-0.206363, -0.489238, -0.847385), (0.206363, -0.691887, -0.691887), (-0.206363, -0.691887, -0.691887), (0.206363, -0.691887, -0.691887), (-0.206363, -0.489238, -0.847385), (0.206363, -0.489238, -0.847385), (-0.206363, 0.253248, 0.945135), (-0.410365, 0, 0.911922), (-0.206363, 0, 0.978476), (-0.410365, 0, 0.911922), (-0.206363, 0.253248, 0.945135), (-0.410365, 0.236023, 0.880849), (-0.206363, 0.253248, 0.945135), (-0.410365, 0.455961, 0.789747), (-0.410365, 0.236023, 0.880849), (-0.410365, 0.455961, 0.789747), (-0.206363, 0.253248, 0.945135), (-0.206363, 0.489238, 0.847385), (-0.206363, 0.489238, 0.847385), (-0.410365, 0.644826, 0.644826), (-0.410365, 0.455961, 0.789747), (-0.410365, 0.644826, 0.644826), (-0.206363, 0.489238, 0.847385), (-0.206363, 0.691887, 0.691887), (-0.410365, 0.789747, 0.455961), (-0.206363, 0.945135, 0.253248), (-0.410365, 0.880849, 0.236023), (-0.206363, 0.945135, 0.253248), (-0.410365, 0.789747, 0.455961), (-0.206363, 0.847385, 0.489238), (-0.410365, -0.236023, -0.880849), (-0.206363, 0, -0.978476), (-0.206363, -0.253248, -0.945135), (-0.206363, 0, -0.978476), (-0.410365, -0.236023, -0.880849), (-0.410365, 0, -0.911922), (-1, 0, 8.91084e-13), (-1, 0, 8.91084e-13), (-1, 0, 8.91084e-13), (-1, 0, 8.91084e-13), (-1, 0, 8.91084e-13), (-1, 0, 8.91084e-13), (-1, 0, 8.91084e-13), (-1, 0, 8.91084e-13), (-1, 0, 8.91084e-13), (-1, 0, 8.91084e-13), (-1, 0, 8.91084e-13), (-1, 0, 8.91084e-13), (-1, 0, 8.91084e-13), (-1, 0, 8.91084e-13), (-1, 0, 8.91084e-13), (-1, 0, 8.91084e-13), (-1, 0, 8.91084e-13), (-1, 0, 8.91084e-13), (-1, 0, 8.91084e-13), (-1, 0, 8.91084e-13), (-1, 0, 8.91084e-13), (-1, 0, 8.91084e-13), (-1, 0, 8.91084e-13), (-1, 0, 8.91084e-13), (-1, 0, 8.91084e-13), (-1, 0, 8.91084e-13), (-1, 0, 8.91084e-13), (-1, 0, 8.91084e-13), (-1, 0, 8.91084e-13), (-1, 0, 8.91084e-13), (-1, 0, 8.91084e-13), (-1, 0, 8.91084e-13), (-1, 0, 8.91084e-13), (-1, 0, 8.91084e-13), (-1, 0, 8.91084e-13), (-1, 0, 8.91084e-13), (-1, 0, 8.91084e-13), (-1, 0, 8.91084e-13), (-1, 0, 8.91084e-13), (-1, 0, 8.91084e-13), (-1, 0, 8.91084e-13), (-1, 0, 8.91084e-13), (-1, 0, 8.91084e-13), (-1, 0, 8.91084e-13), (-1, 0, 8.91084e-13), (-1, 0, 8.91084e-13), (-1, 0, 8.91084e-13), (-1, 0, 8.91084e-13), (-1, 0, 8.91084e-13), (-1, 0, 8.91084e-13), (-1, 0, 8.91084e-13), (-1, 0, 8.91084e-13), (-1, 0, 8.91084e-13), (-1, 0, 8.91084e-13), (-1, 0, 8.91084e-13), (-1, 0, 8.91084e-13), (-1, 0, 8.91084e-13), (-1, 0, 8.91084e-13), (-1, 0, 8.91084e-13), (-1, 0, 8.91084e-13), (-1, 0, 8.91084e-13), (-1, 0, 8.91084e-13), (-1, 0, 8.91084e-13), (-1, 0, 8.91084e-13), (-1, 0, 8.91084e-13), (-1, 0, 8.91084e-13), (-0.206363, -0.691887, -0.691887), (-0.410365, -0.789747, -0.455961), (-0.410365, -0.644826, -0.644826), (-0.410365, -0.789747, -0.455961), (-0.206363, -0.691887, -0.691887), (-0.206363, -0.847385, -0.489238), (-0.410365, 0.455961, -0.789747), (-0.206363, 0.253248, -0.945135), (-0.410365, 0.236023, -0.880849), (-0.206363, 0.253248, -0.945135), (-0.410365, 0.455961, -0.789747), (-0.206363, 0.489238, -0.847385), (-0.410365, -0.455961, -0.789747), (-0.206363, -0.253248, -0.945135), (-0.206363, -0.489238, -0.847385), (-0.206363, -0.253248, -0.945135), (-0.410365, -0.455961, -0.789747), (-0.410365, -0.236023, -0.880849), (-0.206363, -0.847385, -0.489238), (-0.410365, -0.880849, -0.236023), (-0.410365, -0.789747, -0.455961), (-0.410365, -0.880849, -0.236023), (-0.206363, -0.847385, -0.489238), (-0.206363, -0.945135, -0.253248), (-0.410365, 0.236023, -0.880849), (-0.206363, 0, -0.978476), (-0.410365, 0, -0.911922), (-0.206363, 0, -0.978476), (-0.410365, 0.236023, -0.880849), (-0.206363, 0.253248, -0.945135), (-0.206363, -0.945135, -0.253248), (-0.410365, -0.911922, 3.65669e-13), (-0.410365, -0.880849, -0.236023), (-0.410365, -0.911922, 3.65669e-13), (-0.206363, -0.945135, -0.253248), (-0.206363, -0.978476, 1.83887e-13), (-0.206363, -0.978476, 1.83887e-13), (-0.410365, -0.880849, 0.236023), (-0.410365, -0.911922, 3.65669e-13), (-0.410365, -0.880849, 0.236023), (-0.206363, -0.978476, 1.83887e-13), (-0.206363, -0.945135, 0.253248), (-0.410365, -0.644826, -0.644826), (-0.206363, -0.489238, -0.847385), (-0.206363, -0.691887, -0.691887), (-0.206363, -0.489238, -0.847385), (-0.410365, -0.644826, -0.644826), (-0.410365, -0.455961, -0.789747), (-0.206363, -0.945135, 0.253248), (-0.410365, -0.789747, 0.455961), (-0.410365, -0.880849, 0.236023), (-0.410365, -0.789747, 0.455961), (-0.206363, -0.945135, 0.253248), (-0.206363, -0.847385, 0.489238), (-0.206363, -0.847385, 0.489238), (-0.410365, -0.644826, 0.644826), (-0.410365, -0.789747, 0.455961), (-0.410365, -0.644826, 0.644826), (-0.206363, -0.847385, 0.489238), (-0.206363, -0.691887, 0.691887), (-0.206363, -0.489238, 0.847385), (-0.410365, -0.644826, 0.644826), (-0.206363, -0.691887, 0.691887), (-0.410365, -0.644826, 0.644826), (-0.206363, -0.489238, 0.847385), (-0.410365, -0.455961, 0.789747), (-0.206363, 0, 0.978476), (-0.410365, -0.236023, 0.880849), (-0.206363, -0.253248, 0.945135), (-0.410365, -0.236023, 0.880849), (-0.206363, 0, 0.978476), (-0.410365, 0, 0.911922), (-0.410365, 0.644826, -0.644826), (-0.206363, 0.489238, -0.847385), (-0.410365, 0.455961, -0.789747), (-0.206363, 0.489238, -0.847385), (-0.410365, 0.644826, -0.644826), (-0.206363, 0.691887, -0.691887), (-0.206363, -0.253248, 0.945135), (-0.410365, -0.455961, 0.789747), (-0.206363, -0.489238, 0.847385), (-0.410365, -0.455961, 0.789747), (-0.206363, -0.253248, 0.945135), (-0.410365, -0.236023, 0.880849), (-0.410365, 0.880849, 0.236023), (-0.206363, 0.978476, 1.83887e-13), (-0.410365, 0.911922, 3.65669e-13), (-0.206363, 0.978476, 1.83887e-13), (-0.410365, 0.880849, 0.236023), (-0.206363, 0.945135, 0.253248), (-0.410365, 0.880849, -0.236023), (-0.206363, 0.847385, -0.489238), (-0.410365, 0.789747, -0.455961), (-0.206363, 0.847385, -0.489238), (-0.410365, 0.880849, -0.236023), (-0.206363, 0.945135, -0.253248), (-0.410365, 0.911922, 3.65669e-13), (-0.206363, 0.945135, -0.253248), (-0.410365, 0.880849, -0.236023), (-0.206363, 0.945135, -0.253248), (-0.410365, 0.911922, 3.65669e-13), (-0.206363, 0.978476, 1.83887e-13), (-0.410365, 0.644826, 0.644826), (-0.206363, 0.847385, 0.489238), (-0.410365, 0.789747, 0.455961), (-0.206363, 0.847385, 0.489238), (-0.410365, 0.644826, 0.644826), (-0.206363, 0.691887, 0.691887), (-0.410365, 0.789747, -0.455961), (-0.206363, 0.691887, -0.691887), (-0.410365, 0.644826, -0.644826), (-0.206363, 0.691887, -0.691887), (-0.410365, 0.789747, -0.455961), (-0.206363, 0.847385, -0.489238), (0.264093, -0.835279, -0.482249), (0.264093, -0.682003, -0.682003), (0.264093, -0.682003, -0.682003), (0.264093, -0.682003, -0.682003), (0.264093, -0.835279, -0.482249), (0.264093, -0.835279, -0.482249), (0.264092, 0.931633, 0.24963), (0.264093, 0.835279, 0.482249), (0.264093, 0.835279, 0.482249), (0.264093, 0.835279, 0.482249), (0.264092, 0.931633, 0.24963), (0.264092, 0.931633, 0.24963), (1, 0, -8.91084e-13), (1, 0, -8.91084e-13), (1, 0, -8.91084e-13), (1, 0, -8.91084e-13), (1, 0, -8.91084e-13), (1, 0, -8.91084e-13), (1, 0, -8.91084e-13), (1, 0, -8.91084e-13), (1, 0, -8.91084e-13), (1, 0, -8.91084e-13), (1, 0, -8.91084e-13), (1, 0, -8.91084e-13), (1, 0, -8.91084e-13), (1, 0, -8.91084e-13), (1, 0, -8.91084e-13), (1, 0, -8.91084e-13), (1, 0, -8.91084e-13), (1, 0, -8.91084e-13), (1, 0, -8.91084e-13), (1, 0, -8.91084e-13), (1, 0, -8.91084e-13), (1, 0, -8.91084e-13), (1, 0, -8.91084e-13), (1, 0, -8.91084e-13), (1, 0, -8.91084e-13), (1, 0, -8.91084e-13), (1, 0, -8.91084e-13), (1, 0, -8.91084e-13), (1, 0, -8.91084e-13), (1, 0, -8.91084e-13), (1, 0, -8.91084e-13), (1, 0, -8.91084e-13), (1, 0, -8.91084e-13), (1, 0, -8.91084e-13), (1, 0, -8.91084e-13), (1, 0, -8.91084e-13), (1, 0, -8.91084e-13), (1, 0, -8.91084e-13), (1, 0, -8.91084e-13), (1, 0, -8.91084e-13), (1, 0, -8.91084e-13), (1, 0, -8.91084e-13), (1, 0, -8.91084e-13), (1, 0, -8.91084e-13), (1, 0, -8.91084e-13), (1, 0, -8.91084e-13), (1, 0, -8.91084e-13), (1, 0, -8.91084e-13), (1, 0, -8.91084e-13), (1, 0, -8.91084e-13), (1, 0, -8.91084e-13), (1, 0, -8.91084e-13), (1, 0, -8.91084e-13), (1, 0, -8.91084e-13), (1, 0, -8.91084e-13), (1, 0, -8.91084e-13), (1, 0, -8.91084e-13), (1, 0, -8.91084e-13), (1, 0, -8.91084e-13), (1, 0, -8.91084e-13), (1, 0, -8.91084e-13), (1, 0, -8.91084e-13), (1, 0, -8.91084e-13), (1, 0, -8.91084e-13), (1, 0, -8.91084e-13), (1, 0, -8.91084e-13), (0.264092, -0.24963, -0.931633), (0.264093, 0, -0.964497), (0.264093, 0, -0.964497), (0.264093, 0, -0.964497), (0.264092, -0.24963, -0.931633), (0.264092, -0.24963, -0.931633), (0.264093, -0.482249, 0.835279), (0.264093, -0.682003, 0.682003), (0.264093, -0.482249, 0.835279), (0.264093, -0.682003, 0.682003), (0.264093, -0.482249, 0.835279), (0.264093, -0.682003, 0.682003), (0.264093, 0.482249, -0.835279), (0.264092, 0.24963, -0.931633), (0.264093, 0.482249, -0.835279), (0.264092, 0.24963, -0.931633), (0.264093, 0.482249, -0.835279), (0.264092, 0.24963, -0.931633), (0.264093, 0.835279, 0.482249), (0.264093, 0.682003, 0.682003), (0.264093, 0.682003, 0.682003), (0.264093, 0.682003, 0.682003), (0.264093, 0.835279, 0.482249), (0.264093, 0.835279, 0.482249), (0.264093, 0.682003, -0.682003), (0.264093, 0.482249, -0.835279), (0.264093, 0.682003, -0.682003), (0.264093, 0.482249, -0.835279), (0.264093, 0.682003, -0.682003), (0.264093, 0.482249, -0.835279), (0.264093, 0.482249, 0.835279), (0.264093, 0.682003, 0.682003), (0.264093, 0.682003, 0.682003), (0.264093, 0.682003, 0.682003), (0.264093, 0.482249, 0.835279), (0.264093, 0.482249, 0.835279), (0.264093, -0.682003, -0.682003), (0.264093, -0.482249, -0.835279), (0.264093, -0.482249, -0.835279), (0.264093, -0.482249, -0.835279), (0.264093, -0.682003, -0.682003), (0.264093, -0.682003, -0.682003), (0.264093, -0.482249, -0.835279), (0.264092, -0.24963, -0.931633), (0.264092, -0.24963, -0.931633), (0.264092, -0.24963, -0.931633), (0.264093, -0.482249, -0.835279), (0.264093, -0.482249, -0.835279), (0.264092, -0.931633, 0.24963), (0.264093, -0.964497, -2.35329e-13), (0.264092, -0.931633, 0.24963), (0.264093, -0.964497, -2.35329e-13), (0.264092, -0.931633, 0.24963), (0.264093, -0.964497, -2.35329e-13), (0.264093, -0.964497, -2.35329e-13), (0.264092, -0.931633, -0.24963), (0.264093, -0.964497, -2.35329e-13), (0.264092, -0.931633, -0.24963), (0.264093, -0.964497, -2.35329e-13), (0.264092, -0.931633, -0.24963), (0.264092, -0.931633, -0.24963), (0.264093, -0.835279, -0.482249), (0.264093, -0.835279, -0.482249), (0.264093, -0.835279, -0.482249), (0.264092, -0.931633, -0.24963), (0.264092, -0.931633, -0.24963), (0.264093, -0.682003, 0.682003), (0.264093, -0.835279, 0.482249), (0.264093, -0.682003, 0.682003), (0.264093, -0.835279, 0.482249), (0.264093, -0.682003, 0.682003), (0.264093, -0.835279, 0.482249), (0.264093, 0, 0.964497), (0.264092, 0.24963, 0.931633), (0.264092, 0.24963, 0.931633), (0.264092, 0.24963, 0.931633), (0.264093, 0, 0.964497), (0.264093, 0, 0.964497), (0.264092, -0.24963, 0.931633), (0.264093, 0, 0.964497), (0.264093, 0, 0.964497), (0.264093, 0, 0.964497), (0.264092, -0.24963, 0.931633), (0.264092, -0.24963, 0.931633), (0.264093, 0.835279, -0.482249), (0.264092, 0.931633, -0.24963), (0.264093, 0.835279, -0.482249), (0.264092, 0.931633, -0.24963), (0.264093, 0.835279, -0.482249), (0.264092, 0.931633, -0.24963), (0.264093, 0.964497, -2.35329e-13), (0.264092, 0.931633, 0.24963), (0.264093, 0.964497, -2.35329e-13), (0.264092, 0.931633, 0.24963), (0.264093, 0.964497, -2.35329e-13), (0.264092, 0.931633, 0.24963), (0.264092, -0.24963, 0.931633), (0.264093, -0.482249, 0.835279), (0.264092, -0.24963, 0.931633), (0.264093, -0.482249, 0.835279), (0.264092, -0.24963, 0.931633), (0.264093, -0.482249, 0.835279), (0.264092, 0.931633, -0.24963), (0.264093, 0.964497, -2.35329e-13), (0.264093, 0.964497, -2.35329e-13), (0.264093, 0.964497, -2.35329e-13), (0.264092, 0.931633, -0.24963), (0.264092, 0.931633, -0.24963), (0.264093, -0.835279, 0.482249), (0.264092, -0.931633, 0.24963), (0.264093, -0.835279, 0.482249), (0.264092, -0.931633, 0.24963), (0.264093, -0.835279, 0.482249), (0.264092, -0.931633, 0.24963), (0.264092, 0.24963, -0.931633), (0.264093, 0, -0.964497), (0.264092, 0.24963, -0.931633), (0.264093, 0, -0.964497), (0.264092, 0.24963, -0.931633), (0.264093, 0, -0.964497), (0.264092, 0.24963, 0.931633), (0.264093, 0.482249, 0.835279), (0.264093, 0.482249, 0.835279), (0.264093, 0.482249, 0.835279), (0.264092, 0.24963, 0.931633), (0.264092, 0.24963, 0.931633), (0.264093, 0.682003, -0.682003), (0.264093, 0.835279, -0.482249), (0.264093, 0.682003, -0.682003), (0.264093, 0.835279, -0.482249), (0.264093, 0.682003, -0.682003), (0.264093, 0.835279, -0.482249), (1, 0, 0), (1, 0, 0), (1, 0, 0), (1, 0, 0), (1, 0, 0), (1, 0, 0), (1, 0, 0), (1, 0, 0), (1, 0, 0), (1, 0, 0), (1, 0, 0), (1, 0, 0), (1, 0, 0), (1, 0, 0), (1, 0, 0), (1, 0, 0), (1, 0, 0), (1, 0, 0), (1, 0, 0), (1, 0, 0), (1, 0, 0), (1, 0, 0), (1, 0, 0), (1, 0, 0), (1, 0, 0), (1, 0, 0), (1, 0, 0), (1, 0, 0), (1, 0, 0), (1, 0, 0), (1, 0, 0), (1, 0, 0), (1, 0, 0), (1, 0, 0), (1, 0, 0), (1, 0, 0), (1, 0, 0), (1, 0, 0), (1, 0, 0), (1, 0, 0), (1, 0, 0), (1, 0, 0), (1, 0, 0), (1, 0, 0), (1, 0, 0), (1, 0, 0), (1, 0, 0), (1, 0, 0), (1, 0, 0), (1, 0, 0), (1, 0, 0), (1, 0, 0), (1, 0, 0), (1, 0, 0), (1, 0, 0), (1, 0, 0), (1, 0, 0), (1, 0, 0), (1, 0, 0), (1, 0, 0), (1, 0, 0), (1, 0, 0), (1, 0, 0), (1, 0, 0), (1, 0, 0), (1, 0, 0), (1, 0, 0), (1, 0, 0), (1, 0, 0), (1, 0, 0), (1, 0, 0), (1, 0, 0), (1, 0, 0), (1, 0, 0), (1, 0, 0), (1, 0, 0), (1, 0, 0), (1, 0, 0), (1, 0, 0), (1, 0, 0), (1, 0, 0), (1, 0, 0), (1, 0, 0), (1, 0, 0), (1, 0, 0), (1, 0, 0), (1, 0, 0), (1, 0, 0), (1, 0, 0), (1, 0, 0), (1, 0, 0), (1, 0, 0), (1, 0, 0), (1, 0, 0), (1, 0, 0), (1, 0, 0), (1, 0, 0), (1, 0, 0), (1, 0, 0), (1, 0, 0), (1, 0, 0), (1, 0, 0), (1, 0, 0), (1, 0, 0), (1, 0, 0), (1, 0, 0), (1, 0, 0), (1, 0, 0), (1, 0, 0), (1, 0, 0), (1, 0, 0), (1, 0, 0), (1, 0, 0), (1, 0, 0), (1, 0, 0), (1, 0, 0), (1, 0, 0), (1, 0, 0), (1, 0, 0), (1, 0, 0), (1, 0, 0), (1, 0, 0), (1, 0, 0), (1, 0, 0), (1, 0, 0), (1, 0, 0), (1, 0, 0), (1, 0, 0), (1, 0, 0), (1, 0, 0), (1, 0, 0), (1, 0, 0), (1, 0, 0), (1, 0, 0), (1, 0, 0), (1, 0, 0), (1, 0, 0), (1, 0, 0), (1, 0, 0), (1, 0, 0), (1, 0, 0), (1, 0, 0), (1, 0, 0), (1, 0, 0), (1, 0, -8.91084e-13), (1, 0, -8.91084e-13), (1, 0, -8.91084e-13), (1, 0, -8.91084e-13), (1, 0, -8.91084e-13), (1, 0, -8.91084e-13), (1, 0, -8.91084e-13), (1, 0, -8.91084e-13), (1, 0, -8.91084e-13), (1, 0, -8.91084e-13), (1, 0, -8.91084e-13), (1, 0, -8.91084e-13), (1, 0, -8.91084e-13), (1, 0, -8.91084e-13), (1, 0, -8.91084e-13), (1, 0, -8.91084e-13), (1, 0, -8.91084e-13), (1, 0, -8.91084e-13), (1, 0, -8.91084e-13), (1, 0, -8.91084e-13), (1, 0, -8.91084e-13), (1, 0, -8.91084e-13), (1, 0, -8.91084e-13), (1, 0, -8.91084e-13), (1, 0, -8.91084e-13), (1, 0, -8.91084e-13), (1, 0, -8.91084e-13), (1, 0, -8.91084e-13), (1, 0, -8.91084e-13), (1, 0, -8.91084e-13), (1, 0, -8.91084e-13), (1, 0, -8.91084e-13), (1, 0, -8.91084e-13), (1, 0, -8.91084e-13), (1, 0, -8.91084e-13), (1, 0, -8.91084e-13), (1, 0, -8.91084e-13), (1, 0, -8.91084e-13), (1, 0, -8.91084e-13), (1, 0, -8.91084e-13), (1, 0, -8.91084e-13), (1, 0, -8.91084e-13), (1, 0, -8.91084e-13), (1, 0, -8.91084e-13), (1, 0, -8.91084e-13), (1, 0, -8.91084e-13), (1, 0, -8.91084e-13), (1, 0, -8.91084e-13), (1, 0, -8.91084e-13), (1, 0, -8.91084e-13), (1, 0, -8.91084e-13), (1, 0, -8.91084e-13), (1, 0, -8.91084e-13), (1, 0, -8.91084e-13), (1, 0, -8.91084e-13), (1, 0, -8.91084e-13), (1, 0, -8.91084e-13), (1, 0, -8.91084e-13), (1, 0, -8.91084e-13), (1, 0, -8.91084e-13), (1, 0, -8.91084e-13), (1, 0, -8.91084e-13), (1, 0, -8.91084e-13), (1, 0, -8.91084e-13), (1, 0, -8.91084e-13), (1, 0, -8.91084e-13), (1, 0, -8.91084e-13), (1, 0, -8.91084e-13), (1, 0, -8.91084e-13), (1, 0, -8.91084e-13), (1, 0, -8.91084e-13), (1, 0, -8.91084e-13), (1, 0, -8.91084e-13), (1, 0, -8.91084e-13), (1, 0, -8.91084e-13), (1, 0, -8.91084e-13), (1, 0, -8.91084e-13), (1, 0, -8.91084e-13), (1, 0, -8.91084e-13), (1, 0, -8.91084e-13), (1, 0, -8.91084e-13), (1, 0, -8.91084e-13), (1, 0, -8.91084e-13), (1, 0, -8.91084e-13), (1, 0, -8.91084e-13), (1, 0, -8.91084e-13), (1, 0, -8.91084e-13), (1, 0, -8.91084e-13), (1, 0, -8.91084e-13), (1, 0, -8.91084e-13), (1, 0, -8.91084e-13), (1, 0, -8.91084e-13), (1, 0, -8.91084e-13), (1, 0, -8.91084e-13), (1, 0, -8.91084e-13), (1, 0, -8.91084e-13), (1, 0, -8.91084e-13), (1, 0, -8.91084e-13), (1, 0, -8.91084e-13), (1, 0, -8.91084e-13), (1, 0, -8.91084e-13), (1, 0, -8.91084e-13), (1, 0, -8.91084e-13), (1, 0, -8.91084e-13), (1, 0, -8.91084e-13), (1, 0, -8.91084e-13), (1, 0, -8.91084e-13), (1, 0, -8.91084e-13), (1, 0, -8.91084e-13), (1, 0, -8.91084e-13), (1, 0, -8.91084e-13), (1, 0, -8.91084e-13), (1, 0, -8.91084e-13), (1, 0, -8.91084e-13), (1, 0, -8.91084e-13), (1, 0, -8.91084e-13), (1, 0, -8.91084e-13), (1, 0, -8.91084e-13), (1, 0, -8.91084e-13), (1, 0, -8.91084e-13), (1, 0, -8.91084e-13), (1, 0, -8.91084e-13), (1, 0, -8.91084e-13), (1, 0, -8.91084e-13), (1, 0, -8.91084e-13), (1, 0, -8.91084e-13), (1, 0, -8.91084e-13), (1, 0, -8.91084e-13), (1, 0, -8.91084e-13), (1, 0, -8.91084e-13), (1, 0, -8.91084e-13), (1, 0, -8.91084e-13), (1, 0, -8.91084e-13), (1, 0, -8.91084e-13), (1, 0, -8.91084e-13), (1, 0, -8.91084e-13), (1, 0, -8.91084e-13), (1, 0, -8.91084e-13), (1, 0, -8.91084e-13), (1, 0, -8.91084e-13), (1, 0, -8.91084e-13), (1, 0, -8.91084e-13), (1, 0, -8.91084e-13), (1, 0, -8.91084e-13), (-0.206363, -0.253248, 0.945135), (-0.410365, -0.455961, 0.789747), (-0.206363, -0.489238, 0.847385), (-0.410365, -0.455961, 0.789747), (-0.206363, -0.253248, 0.945135), (-0.410365, -0.236023, 0.880849), (0.206363, 0.489238, 0.847385), (-0.206363, 0.253248, 0.945135), (0.206363, 0.253248, 0.945135), (-0.206363, 0.253248, 0.945135), (0.206363, 0.489238, 0.847385), (-0.206363, 0.489238, 0.847385), (-0.206363, 0.945135, -0.253248), (0.206363, 0.978476, 0), (0.206363, 0.945135, -0.253248), (0.206363, 0.978476, 0), (-0.206363, 0.945135, -0.253248), (-0.206363, 0.978476, 0), (-0.206363, 0, -0.978476), (0.206363, -0.253248, -0.945135), (-0.206363, -0.253248, -0.945135), (0.206363, -0.253248, -0.945135), (-0.206363, 0, -0.978476), (0.206363, 0, -0.978476), (0.206363, 0.945135, 0.253248), (-0.206363, 0.847385, 0.489238), (0.206363, 0.847385, 0.489238), (-0.206363, 0.847385, 0.489238), (0.206363, 0.945135, 0.253248), (-0.206363, 0.945135, 0.253248), (0.206363, -0.253248, 0.945135), (-0.206363, -0.489238, 0.847385), (0.206363, -0.489238, 0.847385), (-0.206363, -0.489238, 0.847385), (0.206363, -0.253248, 0.945135), (-0.206363, -0.253248, 0.945135), (-0.206363, 0.253248, 0.945135), (-0.410365, 0.455961, 0.789747), (-0.410365, 0.236023, 0.880849), (-0.410365, 0.455961, 0.789747), (-0.206363, 0.253248, 0.945135), (-0.206363, 0.489238, 0.847385), (0.206363, 0.847385, -0.489238), (-0.206363, 0.945135, -0.253248), (0.206363, 0.945135, -0.253248), (-0.206363, 0.945135, -0.253248), (0.206363, 0.847385, -0.489238), (-0.206363, 0.847385, -0.489238), (0.206363, 0.691887, 0.691887), (-0.206363, 0.489238, 0.847385), (0.206363, 0.489238, 0.847385), (-0.206363, 0.489238, 0.847385), (0.206363, 0.691887, 0.691887), (-0.206363, 0.691887, 0.691887), (-0.206363, -0.978476, 0), (-0.410365, -0.880849, -0.236023), (-0.206363, -0.945135, -0.253248), (-0.410365, -0.880849, -0.236023), (-0.206363, -0.978476, 0), (-0.410365, -0.911922, 0), (-0.410365, 0.911922, 0), (-0.206363, 0.945135, 0.253248), (-0.206363, 0.978476, 0), (-0.206363, 0.945135, 0.253248), (-0.410365, 0.911922, 0), (-0.410365, 0.880849, 0.236023), (-0.410365, -0.236023, -0.880849), (-0.206363, 0, -0.978476), (-0.206363, -0.253248, -0.945135), (-0.206363, 0, -0.978476), (-0.410365, -0.236023, -0.880849), (-0.410365, 0, -0.911922), (-0.206363, -0.945135, -0.253248), (0.206363, -0.847385, -0.489238), (0.206363, -0.945135, -0.253248), (0.206363, -0.847385, -0.489238), (-0.206363, -0.945135, -0.253248), (-0.206363, -0.847385, -0.489238), (-0.410365, 0.455961, -0.789747), (-0.206363, 0.253248, -0.945135), (-0.410365, 0.236023, -0.880849), (-0.206363, 0.253248, -0.945135), (-0.410365, 0.455961, -0.789747), (-0.206363, 0.489238, -0.847385), (-0.206363, 0.253248, 0.945135), (-0.410365, 0, 0.911922), (-0.206363, 0, 0.978476), (-0.410365, 0, 0.911922), (-0.206363, 0.253248, 0.945135), (-0.410365, 0.236023, 0.880849), (-0.206363, -0.847385, 0.489238), (0.206363, -0.945135, 0.253248), (0.206363, -0.847385, 0.489238), (0.206363, -0.945135, 0.253248), (-0.206363, -0.847385, 0.489238), (-0.206363, -0.945135, 0.253248), (-0.410365, -0.880849, -0.236023), (-0.206363, -0.847385, -0.489238), (-0.206363, -0.945135, -0.253248), (-0.206363, -0.847385, -0.489238), (-0.410365, -0.880849, -0.236023), (-0.410365, -0.789747, -0.455961), (-0.410365, 0.789747, 0.455961), (-0.206363, 0.691887, 0.691887), (-0.206363, 0.847385, 0.489238), (-0.206363, 0.691887, 0.691887), (-0.410365, 0.789747, 0.455961), (-0.410365, 0.644826, 0.644826), (-0.206363, 0, 0.978476), (-0.410365, -0.236023, 0.880849), (-0.206363, -0.253248, 0.945135), (-0.410365, -0.236023, 0.880849), (-0.206363, 0, 0.978476), (-0.410365, 0, 0.911922), (-0.206363, 0.945135, 0.253248), (-0.410365, 0.789747, 0.455961), (-0.206363, 0.847385, 0.489238), (-0.410365, 0.789747, 0.455961), (-0.206363, 0.945135, 0.253248), (-0.410365, 0.880849, 0.236023), (0.206363, 0, 0.978476), (-0.206363, -0.253248, 0.945135), (0.206363, -0.253248, 0.945135), (-0.206363, -0.253248, 0.945135), (0.206363, 0, 0.978476), (-0.206363, 0, 0.978476), (-0.206363, 0.489238, -0.847385), (0.206363, 0.253248, -0.945135), (-0.206363, 0.253248, -0.945135), (0.206363, 0.253248, -0.945135), (-0.206363, 0.489238, -0.847385), (0.206363, 0.489238, -0.847385), (-0.410365, 0.880849, -0.236023), (-0.206363, 0.978476, 0), (-0.206363, 0.945135, -0.253248), (-0.206363, 0.978476, 0), (-0.410365, 0.880849, -0.236023), (-0.410365, 0.911922, 0), (-0.410365, -0.455961, -0.789747), (-0.206363, -0.253248, -0.945135), (-0.206363, -0.489238, -0.847385), (-0.206363, -0.253248, -0.945135), (-0.410365, -0.455961, -0.789747), (-0.410365, -0.236023, -0.880849), (-0.410365, -0.880849, 0.236023), (-0.206363, -0.978476, 0), (-0.206363, -0.945135, 0.253248), (-0.206363, -0.978476, 0), (-0.410365, -0.880849, 0.236023), (-0.410365, -0.911922, 0), (-0.410365, 0.644826, -0.644826), (-0.206363, 0.489238, -0.847385), (-0.410365, 0.455961, -0.789747), (-0.206363, 0.489238, -0.847385), (-0.410365, 0.644826, -0.644826), (-0.206363, 0.691887, -0.691887), (0.206363, -0.978476, 0), (-0.206363, -0.945135, -0.253248), (0.206363, -0.945135, -0.253248), (-0.206363, -0.945135, -0.253248), (0.206363, -0.978476, 0), (-0.206363, -0.978476, 0), (0.206363, 0.253248, 0.945135), (-0.206363, 0, 0.978476), (0.206363, 0, 0.978476), (-0.206363, 0, 0.978476), (0.206363, 0.253248, 0.945135), (-0.206363, 0.253248, 0.945135), (-0.206363, -0.253248, -0.945135), (0.206363, -0.489238, -0.847385), (-0.206363, -0.489238, -0.847385), (0.206363, -0.489238, -0.847385), (-0.206363, -0.253248, -0.945135), (0.206363, -0.253248, -0.945135), (-0.206363, 0.847385, -0.489238), (-0.410365, 0.880849, -0.236023), (-0.206363, 0.945135, -0.253248), (-0.410365, 0.880849, -0.236023), (-0.206363, 0.847385, -0.489238), (-0.410365, 0.789747, -0.455961), (-0.410365, -0.644826, -0.644826), (-0.206363, -0.489238, -0.847385), (-0.206363, -0.691887, -0.691887), (-0.206363, -0.489238, -0.847385), (-0.410365, -0.644826, -0.644826), (-0.410365, -0.455961, -0.789747), (-0.206363, 0.489238, 0.847385), (-0.410365, 0.644826, 0.644826), (-0.410365, 0.455961, 0.789747), (-0.410365, 0.644826, 0.644826), (-0.206363, 0.489238, 0.847385), (-0.206363, 0.691887, 0.691887), (-0.410365, -0.644826, 0.644826), (-0.206363, -0.847385, 0.489238), (-0.206363, -0.691887, 0.691887), (-0.206363, -0.847385, 0.489238), (-0.410365, -0.644826, 0.644826), (-0.410365, -0.789747, 0.455961), (-0.410365, -0.789747, 0.455961), (-0.206363, -0.945135, 0.253248), (-0.206363, -0.847385, 0.489238), (-0.206363, -0.945135, 0.253248), (-0.410365, -0.789747, 0.455961), (-0.410365, -0.880849, 0.236023), (-0.206363, -0.945135, 0.253248), (0.206363, -0.978476, 0), (0.206363, -0.945135, 0.253248), (0.206363, -0.978476, 0), (-0.206363, -0.945135, 0.253248), (-0.206363, -0.978476, 0), (-0.206363, 0.253248, -0.945135), (0.206363, 0, -0.978476), (-0.206363, 0, -0.978476), (0.206363, 0, -0.978476), (-0.206363, 0.253248, -0.945135), (0.206363, 0.253248, -0.945135), (-0.410365, -0.789747, -0.455961), (-0.206363, -0.691887, -0.691887), (-0.206363, -0.847385, -0.489238), (-0.206363, -0.691887, -0.691887), (-0.410365, -0.789747, -0.455961), (-0.410365, -0.644826, -0.644826), (0.206363, 0.691887, -0.691887), (-0.206363, 0.847385, -0.489238), (0.206363, 0.847385, -0.489238), (-0.206363, 0.847385, -0.489238), (0.206363, 0.691887, -0.691887), (-0.206363, 0.691887, -0.691887), (-0.206363, -0.489238, 0.847385), (-0.410365, -0.644826, 0.644826), (-0.206363, -0.691887, 0.691887), (-0.410365, -0.644826, 0.644826), (-0.206363, -0.489238, 0.847385), (-0.410365, -0.455961, 0.789747), (-0.410365, 0.236023, -0.880849), (-0.206363, 0, -0.978476), (-0.410365, 0, -0.911922), (-0.206363, 0, -0.978476), (-0.410365, 0.236023, -0.880849), (-0.206363, 0.253248, -0.945135), (-0.206363, -0.691887, 0.691887), (0.206363, -0.847385, 0.489238), (0.206363, -0.691887, 0.691887), (0.206363, -0.847385, 0.489238), (-0.206363, -0.691887, 0.691887), (-0.206363, -0.847385, 0.489238), (-0.206363, 0.691887, -0.691887), (-0.410365, 0.789747, -0.455961), (-0.206363, 0.847385, -0.489238), (-0.410365, 0.789747, -0.455961), (-0.206363, 0.691887, -0.691887), (-0.410365, 0.644826, -0.644826), (0.206363, 0.978476, 0), (-0.206363, 0.945135, 0.253248), (0.206363, 0.945135, 0.253248), (-0.206363, 0.945135, 0.253248), (0.206363, 0.978476, 0), (-0.206363, 0.978476, 0), (0.206363, 0.847385, 0.489238), (-0.206363, 0.691887, 0.691887), (0.206363, 0.691887, 0.691887), (-0.206363, 0.691887, 0.691887), (0.206363, 0.847385, 0.489238), (-0.206363, 0.847385, 0.489238), (-0.206363, -0.847385, -0.489238), (0.206363, -0.691887, -0.691887), (0.206363, -0.847385, -0.489238), (0.206363, -0.691887, -0.691887), (-0.206363, -0.847385, -0.489238), (-0.206363, -0.691887, -0.691887), (-0.206363, 0.691887, -0.691887), (0.206363, 0.489238, -0.847385), (-0.206363, 0.489238, -0.847385), (0.206363, 0.489238, -0.847385), (-0.206363, 0.691887, -0.691887), (0.206363, 0.691887, -0.691887), (-0.206363, -0.489238, -0.847385), (0.206363, -0.691887, -0.691887), (-0.206363, -0.691887, -0.691887), (0.206363, -0.691887, -0.691887), (-0.206363, -0.489238, -0.847385), (0.206363, -0.489238, -0.847385), (0.206363, -0.489238, 0.847385), (-0.206363, -0.691887, 0.691887), (0.206363, -0.691887, 0.691887), (-0.206363, -0.691887, 0.691887), (0.206363, -0.489238, 0.847385), (-0.206363, -0.489238, 0.847385), (0.206363, 0.253248, -0.945135), (0.410365, 0, -0.911922), (0.206363, 0, -0.978476), (0.410365, 0, -0.911922), (0.206363, 0.253248, -0.945135), (0.410365, 0.236023, -0.880849), (0.206363, 0.253248, -0.945135), (0.410365, 0.455961, -0.789747), (0.410365, 0.236023, -0.880849), (0.410365, 0.455961, -0.789747), (0.206363, 0.253248, -0.945135), (0.206363, 0.489238, -0.847385), (0.206363, 0.489238, -0.847385), (0.410365, 0.644826, -0.644826), (0.410365, 0.455961, -0.789747), (0.410365, 0.644826, -0.644826), (0.206363, 0.489238, -0.847385), (0.206363, 0.691887, -0.691887), (0.410365, 0.789747, -0.455961), (0.206363, 0.945135, -0.253248), (0.410365, 0.880849, -0.236023), (0.206363, 0.945135, -0.253248), (0.410365, 0.789747, -0.455961), (0.206363, 0.847385, -0.489238), (0.410365, -0.236023, 0.880849), (0.206363, 0, 0.978476), (0.206363, -0.253248, 0.945135), (0.206363, 0, 0.978476), (0.410365, -0.236023, 0.880849), (0.410365, 0, 0.911922), (1, 0, 0), (1, 0, 0), (1, 0, 0), (1, 0, 0), (1, 0, 0), (1, 0, 0), (1, 0, 0), (1, 0, 0), (1, 0, 0), (1, 0, 0), (1, 0, 0), (1, 0, 0), (1, 0, 0), (1, 0, 0), (1, 0, 0), (1, 0, 0), (1, 0, 0), (1, 0, 0), (1, 0, 0), (1, 0, 0), (1, 0, 0), (1, 0, 0), (1, 0, 0), (1, 0, 0), (1, 0, 0), (1, 0, 0), (1, 0, 0), (1, 0, 0), (1, 0, 0), (1, 0, 0), (1, 0, 0), (1, 0, 0), (1, 0, 0), (1, 0, 0), (1, 0, 0), (1, 0, 0), (1, 0, 0), (1, 0, 0), (1, 0, 0), (1, 0, 0), (1, 0, 0), (1, 0, 0), (1, 0, 0), (1, 0, 0), (1, 0, 0), (1, 0, 0), (1, 0, 0), (1, 0, 0), (1, 0, 0), (1, 0, 0), (1, 0, 0), (1, 0, 0), (1, 0, 0), (1, 0, 0), (1, 0, 0), (1, 0, 0), (1, 0, 0), (1, 0, 0), (1, 0, 0), (1, 0, 0), (1, 0, 0), (1, 0, 0), (1, 0, 0), (1, 0, 0), (1, 0, 0), (1, 0, 0), (0.206363, -0.691887, 0.691887), (0.410365, -0.789747, 0.455961), (0.410365, -0.644826, 0.644826), (0.410365, -0.789747, 0.455961), (0.206363, -0.691887, 0.691887), (0.206363, -0.847385, 0.489238), (0.410365, 0.455961, 0.789747), (0.206363, 0.253248, 0.945135), (0.410365, 0.236023, 0.880849), (0.206363, 0.253248, 0.945135), (0.410365, 0.455961, 0.789747), (0.206363, 0.489238, 0.847385), (0.410365, -0.455961, 0.789747), (0.206363, -0.253248, 0.945135), (0.206363, -0.489238, 0.847385), (0.206363, -0.253248, 0.945135), (0.410365, -0.455961, 0.789747), (0.410365, -0.236023, 0.880849), (0.206363, -0.847385, 0.489238), (0.410365, -0.880849, 0.236023), (0.410365, -0.789747, 0.455961), (0.410365, -0.880849, 0.236023), (0.206363, -0.847385, 0.489238), (0.206363, -0.945135, 0.253248), (0.410365, 0.236023, 0.880849), (0.206363, 0, 0.978476), (0.410365, 0, 0.911922), (0.206363, 0, 0.978476), (0.410365, 0.236023, 0.880849), (0.206363, 0.253248, 0.945135), (0.206363, -0.945135, 0.253248), (0.410365, -0.911922, 0), (0.410365, -0.880849, 0.236023), (0.410365, -0.911922, 0), (0.206363, -0.945135, 0.253248), (0.206363, -0.978476, 0), (0.206363, -0.978476, 0), (0.410365, -0.880849, -0.236023), (0.410365, -0.911922, 0), (0.410365, -0.880849, -0.236023), (0.206363, -0.978476, 0), (0.206363, -0.945135, -0.253248), (0.410365, -0.644826, 0.644826), (0.206363, -0.489238, 0.847385), (0.206363, -0.691887, 0.691887), (0.206363, -0.489238, 0.847385), (0.410365, -0.644826, 0.644826), (0.410365, -0.455961, 0.789747), (0.206363, -0.945135, -0.253248), (0.410365, -0.789747, -0.455961), (0.410365, -0.880849, -0.236023), (0.410365, -0.789747, -0.455961), (0.206363, -0.945135, -0.253248), (0.206363, -0.847385, -0.489238), (0.206363, -0.847385, -0.489238), (0.410365, -0.644826, -0.644826), (0.410365, -0.789747, -0.455961), (0.410365, -0.644826, -0.644826), (0.206363, -0.847385, -0.489238), (0.206363, -0.691887, -0.691887), (0.206363, -0.489238, -0.847385), (0.410365, -0.644826, -0.644826), (0.206363, -0.691887, -0.691887), (0.410365, -0.644826, -0.644826), (0.206363, -0.489238, -0.847385), (0.410365, -0.455961, -0.789747), (0.206363, 0, -0.978476), (0.410365, -0.236023, -0.880849), (0.206363, -0.253248, -0.945135), (0.410365, -0.236023, -0.880849), (0.206363, 0, -0.978476), (0.410365, 0, -0.911922), (0.410365, 0.644826, 0.644826), (0.206363, 0.489238, 0.847385), (0.410365, 0.455961, 0.789747), (0.206363, 0.489238, 0.847385), (0.410365, 0.644826, 0.644826), (0.206363, 0.691887, 0.691887), (0.206363, -0.253248, -0.945135), (0.410365, -0.455961, -0.789747), (0.206363, -0.489238, -0.847385), (0.410365, -0.455961, -0.789747), (0.206363, -0.253248, -0.945135), (0.410365, -0.236023, -0.880849), (0.410365, 0.880849, -0.236023), (0.206363, 0.978476, 0), (0.410365, 0.911922, 0), (0.206363, 0.978476, 0), (0.410365, 0.880849, -0.236023), (0.206363, 0.945135, -0.253248), (0.410365, 0.880849, 0.236023), (0.206363, 0.847385, 0.489238), (0.410365, 0.789747, 0.455961), (0.206363, 0.847385, 0.489238), (0.410365, 0.880849, 0.236023), (0.206363, 0.945135, 0.253248), (0.410365, 0.911922, 0), (0.206363, 0.945135, 0.253248), (0.410365, 0.880849, 0.236023), (0.206363, 0.945135, 0.253248), (0.410365, 0.911922, 0), (0.206363, 0.978476, 0), (0.410365, 0.644826, -0.644826), (0.206363, 0.847385, -0.489238), (0.410365, 0.789747, -0.455961), (0.206363, 0.847385, -0.489238), (0.410365, 0.644826, -0.644826), (0.206363, 0.691887, -0.691887), (0.410365, 0.789747, 0.455961), (0.206363, 0.691887, 0.691887), (0.410365, 0.644826, 0.644826), (0.206363, 0.691887, 0.691887), (0.410365, 0.789747, 0.455961), (0.206363, 0.847385, 0.489238), (-0.264093, -0.835279, 0.482249), (-0.264093, -0.682003, 0.682003), (-0.264093, -0.682003, 0.682003), (-0.264093, -0.682003, 0.682003), (-0.264093, -0.835279, 0.482249), (-0.264093, -0.835279, 0.482249), (-0.264092, 0.931633, -0.24963), (-0.264093, 0.835279, -0.482249), (-0.264093, 0.835279, -0.482249), (-0.264093, 0.835279, -0.482249), (-0.264092, 0.931633, -0.24963), (-0.264092, 0.931633, -0.24963), (-1, 0, 0), (-1, 0, 0), (-1, 0, 0), (-1, 0, 0), (-1, 0, 0), (-1, 0, 0), (-1, 0, 0), (-1, 0, 0), (-1, 0, 0), (-1, 0, 0), (-1, 0, 0), (-1, 0, 0), (-1, 0, 0), (-1, 0, 0), (-1, 0, 0), (-1, 0, 0), (-1, 0, 0), (-1, 0, 0), (-1, 0, 0), (-1, 0, 0), (-1, 0, 0), (-1, 0, 0), (-1, 0, 0), (-1, 0, 0), (-1, 0, 0), (-1, 0, 0), (-1, 0, 0), (-1, 0, 0), (-1, 0, 0), (-1, 0, 0), (-1, 0, 0), (-1, 0, 0), (-1, 0, 0), (-1, 0, 0), (-1, 0, 0), (-1, 0, 0), (-1, 0, 0), (-1, 0, 0), (-1, 0, 0), (-1, 0, 0), (-1, 0, 0), (-1, 0, 0), (-1, 0, 0), (-1, 0, 0), (-1, 0, 0), (-1, 0, 0), (-1, 0, 0), (-1, 0, 0), (-1, 0, 0), (-1, 0, 0), (-1, 0, 0), (-1, 0, 0), (-1, 0, 0), (-1, 0, 0), (-1, 0, 0), (-1, 0, 0), (-1, 0, 0), (-1, 0, 0), (-1, 0, 0), (-1, 0, 0), (-1, 0, 0), (-1, 0, 0), (-1, 0, 0), (-1, 0, 0), (-1, 0, 0), (-1, 0, 0), (-0.264092, -0.24963, 0.931633), (-0.264093, 0, 0.964497), (-0.264093, 0, 0.964497), (-0.264093, 0, 0.964497), (-0.264092, -0.24963, 0.931633), (-0.264092, -0.24963, 0.931633), (-0.264093, -0.482249, -0.835279), (-0.264093, -0.682003, -0.682003), (-0.264093, -0.482249, -0.835279), (-0.264093, -0.682003, -0.682003), (-0.264093, -0.482249, -0.835279), (-0.264093, -0.682003, -0.682003), (-0.264093, 0.482249, 0.835279), (-0.264092, 0.24963, 0.931633), (-0.264093, 0.482249, 0.835279), (-0.264092, 0.24963, 0.931633), (-0.264093, 0.482249, 0.835279), (-0.264092, 0.24963, 0.931633), (-0.264093, 0.835279, -0.482249), (-0.264093, 0.682003, -0.682003), (-0.264093, 0.682003, -0.682003), (-0.264093, 0.682003, -0.682003), (-0.264093, 0.835279, -0.482249), (-0.264093, 0.835279, -0.482249), (-0.264093, 0.682003, 0.682003), (-0.264093, 0.482249, 0.835279), (-0.264093, 0.682003, 0.682003), (-0.264093, 0.482249, 0.835279), (-0.264093, 0.682003, 0.682003), (-0.264093, 0.482249, 0.835279), (-0.264093, 0.482249, -0.835279), (-0.264093, 0.682003, -0.682003), (-0.264093, 0.682003, -0.682003), (-0.264093, 0.682003, -0.682003), (-0.264093, 0.482249, -0.835279), (-0.264093, 0.482249, -0.835279), (-0.264093, -0.682003, 0.682003), (-0.264093, -0.482249, 0.835279), (-0.264093, -0.482249, 0.835279), (-0.264093, -0.482249, 0.835279), (-0.264093, -0.682003, 0.682003), (-0.264093, -0.682003, 0.682003), (-0.264093, -0.482249, 0.835279), (-0.264092, -0.24963, 0.931633), (-0.264092, -0.24963, 0.931633), (-0.264092, -0.24963, 0.931633), (-0.264093, -0.482249, 0.835279), (-0.264093, -0.482249, 0.835279), (-0.264092, -0.931633, -0.24963), (-0.264093, -0.964497, 0), (-0.264092, -0.931633, -0.24963), (-0.264093, -0.964497, 0), (-0.264092, -0.931633, -0.24963), (-0.264093, -0.964497, 0), (-0.264093, -0.964497, 0), (-0.264092, -0.931633, 0.24963), (-0.264093, -0.964497, 0), (-0.264092, -0.931633, 0.24963), (-0.264093, -0.964497, 0), (-0.264092, -0.931633, 0.24963), (-0.264092, -0.931633, 0.24963), (-0.264093, -0.835279, 0.482249), (-0.264093, -0.835279, 0.482249), (-0.264093, -0.835279, 0.482249), (-0.264092, -0.931633, 0.24963), (-0.264092, -0.931633, 0.24963), (-0.264093, -0.682003, -0.682003), (-0.264093, -0.835279, -0.482249), (-0.264093, -0.682003, -0.682003), (-0.264093, -0.835279, -0.482249), (-0.264093, -0.682003, -0.682003), (-0.264093, -0.835279, -0.482249), (-0.264093, 0, -0.964497), (-0.264092, 0.24963, -0.931633), (-0.264092, 0.24963, -0.931633), (-0.264092, 0.24963, -0.931633), (-0.264093, 0, -0.964497), (-0.264093, 0, -0.964497), (-0.264092, -0.24963, -0.931633), (-0.264093, 0, -0.964497), (-0.264093, 0, -0.964497), (-0.264093, 0, -0.964497), (-0.264092, -0.24963, -0.931633), (-0.264092, -0.24963, -0.931633), (-0.264093, 0.835279, 0.482249), (-0.264092, 0.931633, 0.24963), (-0.264093, 0.835279, 0.482249), (-0.264092, 0.931633, 0.24963), (-0.264093, 0.835279, 0.482249), (-0.264092, 0.931633, 0.24963), (-0.264093, 0.964497, 0), (-0.264092, 0.931633, -0.24963), (-0.264093, 0.964497, 0), (-0.264092, 0.931633, -0.24963), (-0.264093, 0.964497, 0), (-0.264092, 0.931633, -0.24963), (-0.264092, -0.24963, -0.931633), (-0.264093, -0.482249, -0.835279), (-0.264092, -0.24963, -0.931633), (-0.264093, -0.482249, -0.835279), (-0.264092, -0.24963, -0.931633), (-0.264093, -0.482249, -0.835279), (-0.264092, 0.931633, 0.24963), (-0.264093, 0.964497, 0), (-0.264093, 0.964497, 0), (-0.264093, 0.964497, 0), (-0.264092, 0.931633, 0.24963), (-0.264092, 0.931633, 0.24963), (-0.264093, -0.835279, -0.482249), (-0.264092, -0.931633, -0.24963), (-0.264093, -0.835279, -0.482249), (-0.264092, -0.931633, -0.24963), (-0.264093, -0.835279, -0.482249), (-0.264092, -0.931633, -0.24963), (-0.264092, 0.24963, 0.931633), (-0.264093, 0, 0.964497), (-0.264092, 0.24963, 0.931633), (-0.264093, 0, 0.964497), (-0.264092, 0.24963, 0.931633), (-0.264093, 0, 0.964497), (-0.264092, 0.24963, -0.931633), (-0.264093, 0.482249, -0.835279), (-0.264093, 0.482249, -0.835279), (-0.264093, 0.482249, -0.835279), (-0.264092, 0.24963, -0.931633), (-0.264092, 0.24963, -0.931633), (-0.264093, 0.682003, 0.682003), (-0.264093, 0.835279, 0.482249), (-0.264093, 0.682003, 0.682003), (-0.264093, 0.835279, 0.482249), (-0.264093, 0.682003, 0.682003), (-0.264093, 0.835279, 0.482249), (-1, 0, -8.91084e-13), (-1, 0, -8.91084e-13), (-1, 0, -8.91084e-13), (-1, 0, -8.91084e-13), (-1, 0, -8.91084e-13), (-1, 0, -8.91084e-13), (-1, 0, -8.91084e-13), (-1, 0, -8.91084e-13), (-1, 0, -8.91084e-13), (-1, 0, -8.91084e-13), (-1, 0, -8.91084e-13), (-1, 0, -8.91084e-13), (-1, 0, -8.91084e-13), (-1, 0, -8.91084e-13), (-1, 0, -8.91084e-13), (-1, 0, -8.91084e-13), (-1, 0, -8.91084e-13), (-1, 0, -8.91084e-13), (-1, 0, -8.91084e-13), (-1, 0, -8.91084e-13), (-1, 0, -8.91084e-13), (-1, 0, -8.91084e-13), (-1, 0, -8.91084e-13), (-1, 0, -8.91084e-13), (-1, 0, -8.91084e-13), (-1, 0, -8.91084e-13), (-1, 0, -8.91084e-13), (-1, 0, -8.91084e-13), (-1, 0, -8.91084e-13), (-1, 0, -8.91084e-13), (-1, 0, -8.91084e-13), (-1, 0, -8.91084e-13), (-1, 0, -8.91084e-13), (-1, 0, -8.91084e-13), (-1, 0, -8.91084e-13), (-1, 0, -8.91084e-13), (-1, 0, -8.91084e-13), (-1, 0, -8.91084e-13), (-1, 0, -8.91084e-13), (-1, 0, -8.91084e-13), (-1, 0, -8.91084e-13), (-1, 0, -8.91084e-13), (-1, 0, -8.91084e-13), (-1, 0, -8.91084e-13), (-1, 0, -8.91084e-13), (-1, 0, -8.91084e-13), (-1, 0, -8.91084e-13), (-1, 0, -8.91084e-13), (-1, 0, -8.91084e-13), (-1, 0, -8.91084e-13), (-1, 0, -8.91084e-13), (-1, 0, -8.91084e-13), (-1, 0, -8.91084e-13), (-1, 0, -8.91084e-13), (-1, 0, -8.91084e-13), (-1, 0, -8.91084e-13), (-1, 0, -8.91084e-13), (-1, 0, -8.91084e-13), (-1, 0, -8.91084e-13), (-1, 0, -8.91084e-13), (-1, 0, -8.91084e-13), (-1, 0, -8.91084e-13), (-1, 0, -8.91084e-13), (-1, 0, -8.91084e-13), (-1, 0, -8.91084e-13), (-1, 0, -8.91084e-13), (-1, 0, -8.91084e-13), (-1, 0, -8.91084e-13), (-1, 0, -8.91084e-13), (-1, 0, -8.91084e-13), (-1, 0, -8.91084e-13), (-1, 0, -8.91084e-13), (-1, 0, -8.91084e-13), (-1, 0, -8.91084e-13), (-1, 0, -8.91084e-13), (-1, 0, -8.91084e-13), (-1, 0, -8.91084e-13), (-1, 0, -8.91084e-13), (-1, 0, -8.91084e-13), (-1, 0, -8.91084e-13), (-1, 0, -8.91084e-13), (-1, 0, -8.91084e-13), (-1, 0, -8.91084e-13), (-1, 0, -8.91084e-13), (-1, 0, -8.91084e-13), (-1, 0, -8.91084e-13), (-1, 0, -8.91084e-13), (-1, 0, -8.91084e-13), (-1, 0, -8.91084e-13), (-1, 0, -8.91084e-13), (-1, 0, -8.91084e-13), (-1, 0, -8.91084e-13), (-1, 0, -8.91084e-13), (-1, 0, -8.91084e-13), (-1, 0, -8.91084e-13), (-1, 0, -8.91084e-13), (-1, 0, -8.91084e-13), (-1, 0, -8.91084e-13), (-1, 0, -8.91084e-13), (-1, 0, -8.91084e-13), (-1, 0, -8.91084e-13), (-1, 0, -8.91084e-13), (-1, 0, -8.91084e-13), (-1, 0, -8.91084e-13), (-1, 0, -8.91084e-13), (-1, 0, -8.91084e-13), (-1, 0, -8.91084e-13), (-1, 0, -8.91084e-13), (-1, 0, -8.91084e-13), (-1, 0, -8.91084e-13), (-1, 0, -8.91084e-13), (-1, 0, -8.91084e-13), (-1, 0, -8.91084e-13), (-1, 0, -8.91084e-13), (-1, 0, -8.91084e-13), (-1, 0, -8.91084e-13), (-1, 0, -8.91084e-13), (-1, 0, -8.91084e-13), (-1, 0, -8.91084e-13), (-1, 0, -8.91084e-13), (-1, 0, -8.91084e-13), (-1, 0, -8.91084e-13), (-1, 0, -8.91084e-13), (-1, 0, -8.91084e-13), (-1, 0, -8.91084e-13), (-1, 0, -8.91084e-13), (-1, 0, -8.91084e-13), (-1, 0, -8.91084e-13), (-1, 0, -8.91084e-13), (-1, 0, -8.91084e-13), (-1, 0, -8.91084e-13), (-1, 0, -8.91084e-13), (-1, 0, -8.91084e-13), (-1, 0, -8.91084e-13), (-1, 0, -8.91084e-13), (-1, 0, -8.91084e-13), (-1, 0, -8.91084e-13), (-1, 0, -8.91084e-13), (-1, 0, -8.91084e-13), (-1, 0, -8.91084e-13), (-1, 0, -8.91084e-13), (-1, 0, -8.91084e-13), (-1, 0, -8.91084e-13), (-1, 0, -8.91084e-13), (-1, 0, 0), (-1, 0, 0), (-1, 0, 0), (-1, 0, 0), (-1, 0, 0), (-1, 0, 0), (-1, 0, 0), (-1, 0, 0), (-1, 0, 0), (-1, 0, 0), (-1, 0, 0), (-1, 0, 0), (-1, 0, 0), (-1, 0, 0), (-1, 0, 0), (-1, 0, 0), (-1, 0, 0), (-1, 0, 0), (-1, 0, 0), (-1, 0, 0), (-1, 0, 0), (-1, 0, 0), (-1, 0, 0), (-1, 0, 0), (-1, 0, 0), (-1, 0, 0), (-1, 0, 0), (-1, 0, 0), (-1, 0, 0), (-1, 0, 0), (-1, 0, 0), (-1, 0, 0), (-1, 0, 0), (-1, 0, 0), (-1, 0, 0), (-1, 0, 0), (-1, 0, 0), (-1, 0, 0), (-1, 0, 0), (-1, 0, 0), (-1, 0, 0), (-1, 0, 0), (-1, 0, 0), (-1, 0, 0), (-1, 0, 0), (-1, 0, 0), (-1, 0, 0), (-1, 0, 0), (-1, 0, 0), (-1, 0, 0), (-1, 0, 0), (-1, 0, 0), (-1, 0, 0), (-1, 0, 0), (-1, 0, 0), (-1, 0, 0), (-1, 0, 0), (-1, 0, 0), (-1, 0, 0), (-1, 0, 0), (-1, 0, 0), (-1, 0, 0), (-1, 0, 0), (-1, 0, 0), (-1, 0, 0), (-1, 0, 0), (-1, 0, 0), (-1, 0, 0), (-1, 0, 0), (-1, 0, 0), (-1, 0, 0), (-1, 0, 0), (-1, 0, 0), (-1, 0, 0), (-1, 0, 0), (-1, 0, 0), (-1, 0, 0), (-1, 0, 0), (-1, 0, 0), (-1, 0, 0), (-1, 0, 0), (-1, 0, 0), (-1, 0, 0), (-1, 0, 0), (-1, 0, 0), (-1, 0, 0), (-1, 0, 0), (-1, 0, 0), (-1, 0, 0), (-1, 0, 0), (-1, 0, 0), (-1, 0, 0), (-1, 0, 0), (-1, 0, 0), (-1, 0, 0), (-1, 0, 0), (-1, 0, 0), (-1, 0, 0), (-1, 0, 0), (-1, 0, 0), (-1, 0, 0), (-1, 0, 0), (-1, 0, 0), (-1, 0, 0), (-1, 0, 0), (-1, 0, 0), (-1, 0, 0), (-1, 0, 0), (-1, 0, 0), (-1, 0, 0), (-1, 0, 0), (-1, 0, 0), (-1, 0, 0), (-1, 0, 0), (-1, 0, 0), (-1, 0, 0), (-1, 0, 0), (-1, 0, 0), (-1, 0, 0), (-1, 0, 0), (-1, 0, 0), (-1, 0, 0), (-1, 0, 0), (-1, 0, 0), (-1, 0, 0), (-1, 0, 0), (-1, 0, 0), (-1, 0, 0), (-1, 0, 0), (-1, 0, 0), (-1, 0, 0), (-1, 0, 0), (-1, 0, 0), (-1, 0, 0), (-1, 0, 0), (-1, 0, 0), (-1, 0, 0), (-1, 0, 0), (-1, 0, 0), (-1, 0, 0), (-1, 0, 0), (-1, 0, 0), (-1, 0, 0), (-1, 0, 0)] (interpolation = "faceVarying")
        texCoord2f[] primvars:st = [(0.46875, 0.397061), (0.46875, 0.397061), (0.46875, 0.397061), (0.46875, 0.397061), (0.46875, 0.397061), (0.46875, 0.397061), (0.46875, 0.41287), (0.46875, 0.397061), (0.46875, 0.397061), (0.46875, 0.397061), (0.46875, 0.41287), (0.46875, 0.41287), (0.46875, 0.306618), (0.46875, 0.275), (0.46875, 0.306618), (0.46875, 0.275), (0.46875, 0.306618), (0.46875, 0.275), (0.46875, 0.338237), (0.46875, 0.275), (0.46875, 0.275), (0.46875, 0.275), (0.46875, 0.338237), (0.46875, 0.306618), (0.46875, 0.306618), (0.46875, 0.338237), (0.46875, 0.338237), (0.46875, 0.306618), (0.46875, 0.275), (0.46875, 0.275), (0.46875, 0.275), (0.46875, 0.306618), (0.46875, 0.338237), (0.46875, 0.338237), (0.46875, 0.306618), (0.46875, 0.338237), (0.46875, 0.338237), (0.46875, 0.338237), (0.46875, 0.338237), (0.46875, 0.338237), (0.46875, 0.338237), (0.46875, 0.338237), (0.46875, 0.338237), (0.46875, 0.306618), (0.46875, 0.338237), (0.46875, 0.306618), (0.46875, 0.338237), (0.46875, 0.306618), (0.46875, 0.306618), (0.46875, 0.275), (0.46875, 0.275), (0.46875, 0.275), (0.46875, 0.306618), (0.46875, 0.338237), (0.46875, 0.338237), (0.46875, 0.306618), (0.46875, 0.338237), (0.46875, 0.275), (0.46875, 0.306618), (0.46875, 0.275), (0.46875, 0.306618), (0.46875, 0.275), (0.46875, 0.306618), (0.46875, 0.338237), (0.46875, 0.338237), (0.46875, 0.338237), (0.46875, 0.338237), (0.46875, 0.338237), (0.46875, 0.338237), (0.46875, 0.306618), (0.46875, 0.338237), (0.46875, 0.306618), (0.46875, 0.338237), (0.46875, 0.306618), (0.46875, 0.338237), (0.46875, 0.338237), (0.46875, 0.275), (0.46875, 0.275), (0.46875, 0.275), (0.46875, 0.338237), (0.46875, 0.306618), (0.46875, 0.306618), (0.46875, 0.338237), (0.46875, 0.338237), (0.46875, 0.368427), (0.46875, 0.333824), (0.46875, 0.333824), (0.46875, 0.333824), (0.46875, 0.368427), (0.46875, 0.368427), (0.46875, 0.322427), (0.46875, 0.275), (0.46875, 0.338237), (0.46875, 0.275), (0.46875, 0.322427), (0.46875, 0.275), (0.46875, 0.338237), (0.46875, 0.275), (0.46875, 0.275), (0.46875, 0.275), (0.46875, 0.338237), (0.46875, 0.338237), (0.46875, 0.322427), (0.46875, 0.275), (0.46875, 0.275), (0.46875, 0.275), (0.46875, 0.322427), (0.46875, 0.322427), (0.46875, 0.338237), (0.46875, 0.322427), (0.46875, 0.338237), (0.46875, 0.322427), (0.46875, 0.338237), (0.46875, 0.322427), (0.46875, 0.338237), (0.46875, 0.275), (0.46875, 0.275), (0.46875, 0.275), (0.46875, 0.338237), (0.46875, 0.338237), (0.46875, 0.338237), (0.46875, 0.322427), (0.46875, 0.338237), (0.46875, 0.322427), (0.46875, 0.338237), (0.46875, 0.322427), (0.46875, 0.306618), (0.46875, 0.306618), (0.46875, 0.306618), (0.46875, 0.306618), (0.46875, 0.306618), (0.46875, 0.306618), (0.46875, 0.306618), (0.46875, 0.306618), (0.46875, 0.306618), (0.46875, 0.306618), (0.46875, 0.306618), (0.46875, 0.306618), (0.46875, 0.306618), (0.46875, 0.275), (0.46875, 0.275), (0.46875, 0.275), (0.46875, 0.306618), (0.46875, 0.306618), (0.46875, 0.275), (0.46875, 0.338237), (0.46875, 0.275), (0.46875, 0.338237), (0.46875, 0.275), (0.46875, 0.322427), (0.46875, 0.306618), (0.46875, 0.275), (0.46875, 0.275), (0.46875, 0.275), (0.46875, 0.306618), (0.46875, 0.306618), (0.46875, 0.275), (0.46875, 0.275), (0.46875, 0.275), (0.46875, 0.275), (0.46875, 0.275), (0.46875, 0.275), (0.46875, 0.275), (0.46875, 0.275), (0.46875, 0.275), (0.46875, 0.275), (0.46875, 0.275), (0.46875, 0.275), (0.46875, 0.275), (0.46875, 0.275), (0.46875, 0.275), (0.46875, 0.275), (0.46875, 0.275), (0.46875, 0.275), (0.46875, 0.275), (0.46875, 0.275), (0.46875, 0.275), (0.46875, 0.275), (0.46875, 0.275), (0.46875, 0.275), (0.46875, 0.275), (0.46875, 0.275), (0.46875, 0.275), (0.46875, 0.275), (0.46875, 0.275), (0.46875, 0.275), (0.46875, 0.275), (0.46875, 0.275), (0.46875, 0.275), (0.46875, 0.275), (0.46875, 0.275), (0.46875, 0.275), (0.46875, 0.275), (0.46875, 0.275), (0.46875, 0.275), (0.46875, 0.275), (0.46875, 0.275), (0.46875, 0.275), (0.46875, 0.275), (0.46875, 0.275), (0.46875, 0.275), (0.46875, 0.275), (0.46875, 0.275), (0.46875, 0.275), (0.46875, 0.275), (0.46875, 0.275), (0.46875, 0.275), (0.46875, 0.275), (0.46875, 0.275), (0.46875, 0.275), (0.46875, 0.275), (0.46875, 0.275), (0.46875, 0.275), (0.46875, 0.275), (0.46875, 0.275), (0.46875, 0.275), (0.46875, 0.275), (0.46875, 0.275), (0.46875, 0.275), (0.46875, 0.275), (0.46875, 0.275), (0.46875, 0.275), (0.46875, 0.275), (0.46875, 0.275), (0.46875, 0.275), (0.46875, 0.275), (0.46875, 0.275), (0.46875, 0.275), (0.46875, 0.331169), (0.46875, 0.306618), (0.46875, 0.306618), (0.46875, 0.306618), (0.46875, 0.331169), (0.46875, 0.331169), (0.46875, 0.354046), (0.46875, 0.331169), (0.46875, 0.331169), (0.46875, 0.331169), (0.46875, 0.354046), (0.46875, 0.354046), (0.46875, 0.354046), (0.46875, 0.373691), (0.46875, 0.354046), (0.46875, 0.373691), (0.46875, 0.354046), (0.46875, 0.373691), (0.46875, 0.373691), (0.46875, 0.388765), (0.46875, 0.373691), (0.46875, 0.388765), (0.46875, 0.373691), (0.46875, 0.388765), (0.46875, 0.336035), (0.46875, 0.306618), (0.46875, 0.309052), (0.46875, 0.306618), (0.46875, 0.336035), (0.46875, 0.363447), (0.46875, 0.306618), (0.46875, 0.363447), (0.46875, 0.331169), (0.46875, 0.331169), (0.46875, 0.363447), (0.46875, 0.386987), (0.46875, 0.331169), (0.46875, 0.386987), (0.46875, 0.354046), (0.46875, 0.354046), (0.46875, 0.386987), (0.46875, 0.373691), (0.46875, 0.373691), (0.46875, 0.386987), (0.46875, 0.405049), (0.46875, 0.373691), (0.46875, 0.405049), (0.46875, 0.388765), (0.46875, 0.388765), (0.46875, 0.405049), (0.46875, 0.416403), (0.46875, 0.388765), (0.46875, 0.416403), (0.46875, 0.398241), (0.46875, 0.398241), (0.46875, 0.416403), (0.46875, 0.420276), (0.46875, 0.398241), (0.46875, 0.420276), (0.46875, 0.401473), (0.46875, 0.401473), (0.46875, 0.420276), (0.46875, 0.398241), (0.46875, 0.398241), (0.46875, 0.420276), (0.46875, 0.416403), (0.46875, 0.398241), (0.46875, 0.416403), (0.46875, 0.388765), (0.46875, 0.388765), (0.46875, 0.416403), (0.46875, 0.405049), (0.46875, 0.388765), (0.46875, 0.405049), (0.46875, 0.373691), (0.46875, 0.373691), (0.46875, 0.405049), (0.46875, 0.386987), (0.46875, 0.373691), (0.46875, 0.386987), (0.46875, 0.354046), (0.46875, 0.354046), (0.46875, 0.386987), (0.46875, 0.363447), (0.46875, 0.354046), (0.46875, 0.363447), (0.46875, 0.331169), (0.46875, 0.331169), (0.46875, 0.363447), (0.46875, 0.306618), (0.46875, 0.306618), (0.46875, 0.363447), (0.46875, 0.309052), (0.46875, 0.309052), (0.46875, 0.363447), (0.46875, 0.336035), (0.46875, 0.388765), (0.46875, 0.373691), (0.46875, 0.388765), (0.46875, 0.373691), (0.46875, 0.388765), (0.46875, 0.373691), (0.46875, 0.388765), (0.46875, 0.398241), (0.46875, 0.388765), (0.46875, 0.398241), (0.46875, 0.388765), (0.46875, 0.398241), (0.46875, 0.398241), (0.46875, 0.388765), (0.46875, 0.398241), (0.46875, 0.388765), (0.46875, 0.398241), (0.46875, 0.388765), (0.46875, 0.354046), (0.46875, 0.331169), (0.46875, 0.331169), (0.46875, 0.331169), (0.46875, 0.354046), (0.46875, 0.354046), (0.46875, 0.331169), (0.46875, 0.306618), (0.46875, 0.306618), (0.46875, 0.306618), (0.46875, 0.331169), (0.46875, 0.331169), (0.46875, 0.373691), (0.46875, 0.354046), (0.46875, 0.354046), (0.46875, 0.354046), (0.46875, 0.373691), (0.46875, 0.373691), (0.46875, 0.398241), (0.46875, 0.401473), (0.46875, 0.398241), (0.46875, 0.401473), (0.46875, 0.398241), (0.46875, 0.401473), (0.46875, 0.401473), (0.46875, 0.398241), (0.46875, 0.401473), (0.46875, 0.398241), (0.46875, 0.401473), (0.46875, 0.398241), (0.46875, 0.331169), (0.46875, 0.306618), (0.46875, 0.306618), (0.46875, 0.306618), (0.46875, 0.331169), (0.46875, 0.331169), (0.46875, 0.354046), (0.46875, 0.373691), (0.46875, 0.354046), (0.46875, 0.373691), (0.46875, 0.354046), (0.46875, 0.373691), (0.46875, 0.388765), (0.46875, 0.373691), (0.46875, 0.388765), (0.46875, 0.373691), (0.46875, 0.388765), (0.46875, 0.373691), (0.46875, 0.398241), (0.46875, 0.388765), (0.46875, 0.398241), (0.46875, 0.388765), (0.46875, 0.398241), (0.46875, 0.388765), (0.46875, 0.401473), (0.46875, 0.398241), (0.46875, 0.401473), (0.46875, 0.398241), (0.46875, 0.401473), (0.46875, 0.398241), (0.46875, 0.306618), (0.46875, 0.336035), (0.46875, 0.309052), (0.46875, 0.336035), (0.46875, 0.306618), (0.46875, 0.363447), (0.46875, 0.363447), (0.46875, 0.306618), (0.46875, 0.331169), (0.46875, 0.363447), (0.46875, 0.331169), (0.46875, 0.386987), (0.46875, 0.386987), (0.46875, 0.331169), (0.46875, 0.354046), (0.46875, 0.386987), (0.46875, 0.354046), (0.46875, 0.373691), (0.46875, 0.386987), (0.46875, 0.373691), (0.46875, 0.405049), (0.46875, 0.405049), (0.46875, 0.373691), (0.46875, 0.388765), (0.46875, 0.405049), (0.46875, 0.388765), (0.46875, 0.416403), (0.46875, 0.416403), (0.46875, 0.388765), (0.46875, 0.398241), (0.46875, 0.416403), (0.46875, 0.398241), (0.46875, 0.420276), (0.46875, 0.420276), (0.46875, 0.398241), (0.46875, 0.401473), (0.46875, 0.420276), (0.46875, 0.401473), (0.46875, 0.398241), (0.46875, 0.420276), (0.46875, 0.398241), (0.46875, 0.416403), (0.46875, 0.416403), (0.46875, 0.398241), (0.46875, 0.388765), (0.46875, 0.416403), (0.46875, 0.388765), (0.46875, 0.405049), (0.46875, 0.405049), (0.46875, 0.388765), (0.46875, 0.373691), (0.46875, 0.405049), (0.46875, 0.373691), (0.46875, 0.386987), (0.46875, 0.386987), (0.46875, 0.373691), (0.46875, 0.354046), (0.46875, 0.386987), (0.46875, 0.354046), (0.46875, 0.363447), (0.46875, 0.363447), (0.46875, 0.354046), (0.46875, 0.331169), (0.46875, 0.363447), (0.46875, 0.331169), (0.46875, 0.306618), (0.46875, 0.363447), (0.46875, 0.306618), (0.46875, 0.309052), (0.46875, 0.363447), (0.46875, 0.309052), (0.46875, 0.336035), (0.46875, 0.398241), (0.46875, 0.401473), (0.46875, 0.398241), (0.46875, 0.401473), (0.46875, 0.398241), (0.46875, 0.401473), (0.46875, 0.388765), (0.46875, 0.398241), (0.46875, 0.388765), (0.46875, 0.398241), (0.46875, 0.388765), (0.46875, 0.398241), (0.46875, 0.373691), (0.46875, 0.354046), (0.46875, 0.354046), (0.46875, 0.354046), (0.46875, 0.373691), (0.46875, 0.373691), (0.46875, 0.373691), (0.46875, 0.388765), (0.46875, 0.373691), (0.46875, 0.388765), (0.46875, 0.373691), (0.46875, 0.388765), (0.46875, 0.331169), (0.46875, 0.354046), (0.46875, 0.331169), (0.46875, 0.354046), (0.46875, 0.331169), (0.46875, 0.354046), (0.46875, 0.306618), (0.46875, 0.331169), (0.46875, 0.306618), (0.46875, 0.331169), (0.46875, 0.306618), (0.46875, 0.331169), (0.46875, 0.354046), (0.46875, 0.331169), (0.46875, 0.331169), (0.46875, 0.331169), (0.46875, 0.354046), (0.46875, 0.354046), (0.46875, 0.398241), (0.46875, 0.388765), (0.46875, 0.395343), (0.46875, 0.388765), (0.46875, 0.398241), (0.46875, 0.398241), (0.46875, 0.388765), (0.46875, 0.398241), (0.46875, 0.388765), (0.46875, 0.373691), (0.46875, 0.354046), (0.46875, 0.354046), (0.46875, 0.354046), (0.46875, 0.373691), (0.46875, 0.365378), (0.46875, 0.365378), (0.46875, 0.373691), (0.46875, 0.373691), (0.46875, 0.401473), (0.46875, 0.398241), (0.46875, 0.401473), (0.46875, 0.398241), (0.46875, 0.401473), (0.46875, 0.398241), (0.46875, 0.331169), (0.46875, 0.354046), (0.46875, 0.331169), (0.46875, 0.354046), (0.46875, 0.331169), (0.46875, 0.354046), (0.46875, 0.331169), (0.46875, 0.306618), (0.46875, 0.306618), (0.46875, 0.306618), (0.46875, 0.331169), (0.46875, 0.331169), (0.46875, 0.354046), (0.46875, 0.331169), (0.46875, 0.331169), (0.46875, 0.331169), (0.46875, 0.354046), (0.46875, 0.354046), (0.46875, 0.306618), (0.46875, 0.331169), (0.46875, 0.306618), (0.46875, 0.331169), (0.46875, 0.306618), (0.46875, 0.331169), (0.46875, 0.306618), (0.46875, 0.336035), (0.46875, 0.309052), (0.46875, 0.336035), (0.46875, 0.306618), (0.46875, 0.363447), (0.46875, 0.363447), (0.46875, 0.306618), (0.46875, 0.331169), (0.46875, 0.363447), (0.46875, 0.331169), (0.46875, 0.386987), (0.46875, 0.386987), (0.46875, 0.331169), (0.46875, 0.354046), (0.46875, 0.386987), (0.46875, 0.354046), (0.46875, 0.373691), (0.46875, 0.386987), (0.46875, 0.373691), (0.46875, 0.405049), (0.46875, 0.405049), (0.46875, 0.373691), (0.46875, 0.388765), (0.46875, 0.405049), (0.46875, 0.388765), (0.46875, 0.416403), (0.46875, 0.416403), (0.46875, 0.388765), (0.46875, 0.398241), (0.46875, 0.416403), (0.46875, 0.398241), (0.46875, 0.420276), (0.46875, 0.420276), (0.46875, 0.398241), (0.46875, 0.401473), (0.46875, 0.420276), (0.46875, 0.401473), (0.46875, 0.398241), (0.46875, 0.420276), (0.46875, 0.398241), (0.46875, 0.416403), (0.46875, 0.416403), (0.46875, 0.398241), (0.46875, 0.388765), (0.46875, 0.416403), (0.46875, 0.388765), (0.46875, 0.405049), (0.46875, 0.405049), (0.46875, 0.388765), (0.46875, 0.373691), (0.46875, 0.405049), (0.46875, 0.373691), (0.46875, 0.386987), (0.46875, 0.386987), (0.46875, 0.373691), (0.46875, 0.354046), (0.46875, 0.386987), (0.46875, 0.354046), (0.46875, 0.363447), (0.46875, 0.363447), (0.46875, 0.354046), (0.46875, 0.331169), (0.46875, 0.363447), (0.46875, 0.331169), (0.46875, 0.306618), (0.46875, 0.363447), (0.46875, 0.306618), (0.46875, 0.309052), (0.46875, 0.363447), (0.46875, 0.309052), (0.46875, 0.336035), (0.46875, 0.354046), (0.46875, 0.373691), (0.46875, 0.354046), (0.46875, 0.373691), (0.46875, 0.354046), (0.46875, 0.373691), (0.46875, 0.398241), (0.46875, 0.401473), (0.46875, 0.398241), (0.46875, 0.401473), (0.46875, 0.398241), (0.46875, 0.401473), (0.46875, 0.388765), (0.46875, 0.398241), (0.46875, 0.388765), (0.46875, 0.398241), (0.46875, 0.388765), (0.46875, 0.398241), (0.46875, 0.373691), (0.46875, 0.388765), (0.46875, 0.373691), (0.46875, 0.388765), (0.46875, 0.373691), (0.46875, 0.388765), (0.46875, 0.388765), (0.46875, 0.373691), (0.46875, 0.388765), (0.46875, 0.373691), (0.46875, 0.388765), (0.46875, 0.373691), (0.46875, 0.354046), (0.46875, 0.373691), (0.46875, 0.354046), (0.46875, 0.373691), (0.46875, 0.354046), (0.46875, 0.365378), (0.46875, 0.373691), (0.46875, 0.365378), (0.46875, 0.373691), (0.46875, 0.373691), (0.46875, 0.388765), (0.46875, 0.373691), (0.46875, 0.388765), (0.46875, 0.373691), (0.46875, 0.388765), (0.46875, 0.388765), (0.46875, 0.373691), (0.46875, 0.388765), (0.46875, 0.373691), (0.46875, 0.388765), (0.46875, 0.373691), (0.46875, 0.388765), (0.46875, 0.398241), (0.46875, 0.388765), (0.46875, 0.398241), (0.46875, 0.388765), (0.46875, 0.398241), (0.46875, 0.331169), (0.46875, 0.306618), (0.46875, 0.306618), (0.46875, 0.306618), (0.46875, 0.331169), (0.46875, 0.331169), (0.46875, 0.306618), (0.46875, 0.331169), (0.46875, 0.306618), (0.46875, 0.331169), (0.46875, 0.306618), (0.46875, 0.331169), (0.46875, 0.331169), (0.46875, 0.354046), (0.46875, 0.331169), (0.46875, 0.354046), (0.46875, 0.331169), (0.46875, 0.354046), (0.46875, 0.354046), (0.46875, 0.331169), (0.46875, 0.331169), (0.46875, 0.331169), (0.46875, 0.354046), (0.46875, 0.354046), (0.46875, 0.373691), (0.46875, 0.354046), (0.46875, 0.354046), (0.46875, 0.354046), (0.46875, 0.373691), (0.46875, 0.373691), (0.46875, 0.398241), (0.46875, 0.401473), (0.46875, 0.398241), (0.46875, 0.401473), (0.46875, 0.398241), (0.46875, 0.401473), (0.46875, 0.401473), (0.46875, 0.398241), (0.46875, 0.401473), (0.46875, 0.398241), (0.46875, 0.401473), (0.46875, 0.398241), (0.46875, 0.336035), (0.46875, 0.306618), (0.46875, 0.309052), (0.46875, 0.306618), (0.46875, 0.336035), (0.46875, 0.363447), (0.46875, 0.306618), (0.46875, 0.363447), (0.46875, 0.331169), (0.46875, 0.331169), (0.46875, 0.363447), (0.46875, 0.386987), (0.46875, 0.331169), (0.46875, 0.386987), (0.46875, 0.354046), (0.46875, 0.354046), (0.46875, 0.386987), (0.46875, 0.373691), (0.46875, 0.373691), (0.46875, 0.386987), (0.46875, 0.405049), (0.46875, 0.373691), (0.46875, 0.405049), (0.46875, 0.388765), (0.46875, 0.388765), (0.46875, 0.405049), (0.46875, 0.416403), (0.46875, 0.388765), (0.46875, 0.416403), (0.46875, 0.398241), (0.46875, 0.398241), (0.46875, 0.416403), (0.46875, 0.420276), (0.46875, 0.398241), (0.46875, 0.420276), (0.46875, 0.401473), (0.46875, 0.401473), (0.46875, 0.420276), (0.46875, 0.416403), (0.46875, 0.401473), (0.46875, 0.416403), (0.46875, 0.398241), (0.46875, 0.398241), (0.46875, 0.416403), (0.46875, 0.388765), (0.46875, 0.388765), (0.46875, 0.416403), (0.46875, 0.405049), (0.46875, 0.388765), (0.46875, 0.405049), (0.46875, 0.373691), (0.46875, 0.373691), (0.46875, 0.405049), (0.46875, 0.386987), (0.46875, 0.373691), (0.46875, 0.386987), (0.46875, 0.354046), (0.46875, 0.354046), (0.46875, 0.386987), (0.46875, 0.363447), (0.46875, 0.354046), (0.46875, 0.363447), (0.46875, 0.331169), (0.46875, 0.331169), (0.46875, 0.363447), (0.46875, 0.306618), (0.46875, 0.306618), (0.46875, 0.363447), (0.46875, 0.309052), (0.46875, 0.309052), (0.46875, 0.363447), (0.46875, 0.336035), (0.46875, 0.398241), (0.46875, 0.388765), (0.46875, 0.398241), (0.46875, 0.388765), (0.46875, 0.398241), (0.46875, 0.395343), (0.46875, 0.388765), (0.46875, 0.388765), (0.46875, 0.395343), (0.46875, 0.397851), (0.46875, 0.366233), (0.46875, 0.397851), (0.46875, 0.366233), (0.46875, 0.397851), (0.46875, 0.338237), (0.46875, 0.338237), (0.46875, 0.397851), (0.46875, 0.275), (0.46875, 0.275), (0.46875, 0.397851), (0.46875, 0.336035), (0.46875, 0.336035), (0.46875, 0.397851), (0.46875, 0.361893), (0.46875, 0.275), (0.46875, 0.336035), (0.46875, 0.309052), (0.46875, 0.309052), (0.46875, 0.275), (0.46875, 0.275), (0.46875, 0.275), (0.46875, 0.309052), (0.46875, 0.307174), (0.46875, 0.275), (0.46875, 0.338237), (0.46875, 0.275), (0.46875, 0.338237), (0.46875, 0.275), (0.46875, 0.366233), (0.46875, 0.366233), (0.46875, 0.275), (0.46875, 0.309052), (0.46875, 0.309052), (0.46875, 0.275), (0.46875, 0.307174), (0.46875, 0.366233), (0.46875, 0.309052), (0.46875, 0.397851), (0.46875, 0.336035), (0.46875, 0.397851), (0.46875, 0.309052), (0.46875, 0.397851), (0.46875, 0.336035), (0.46875, 0.397851), (0.46875, 0.397851), (0.46875, 0.336035), (0.46875, 0.361893), (0.46875, 0.475), (0.46875, 0.443382), (0.46875, 0.443382), (0.46875, 0.443382), (0.46875, 0.475), (0.46875, 0.475), (0.46875, 0.322427), (0.46875, 0.275), (0.46875, 0.275), (0.46875, 0.275), (0.46875, 0.322427), (0.46875, 0.322427), (0.46875, 0.306618), (0.46875, 0.275), (0.46875, 0.275), (0.46875, 0.275), (0.46875, 0.306618), (0.46875, 0.306618), (0.46875, 0.275), (0.46875, 0.306618), (0.46875, 0.275), (0.46875, 0.322427), (0.46875, 0.306618), (0.46875, 0.275), (0.46875, 0.322427), (0.46875, 0.306618), (0.46875, 0.306618), (0.46875, 0.338237), (0.46875, 0.306618), (0.46875, 0.322427), (0.46875, 0.338237), (0.46875, 0.275), (0.46875, 0.306618), (0.46875, 0.275), (0.46875, 0.338237), (0.46875, 0.275), (0.46875, 0.275), (0.46875, 0.322427), (0.46875, 0.275), (0.46875, 0.306618), (0.46875, 0.322427), (0.46875, 0.275), (0.46875, 0.306618), (0.46875, 0.322427), (0.46875, 0.306618), (0.46875, 0.306618), (0.46875, 0.338237), (0.46875, 0.322427), (0.46875, 0.338237), (0.46875, 0.306618), (0.46875, 0.275), (0.46875, 0.275), (0.46875, 0.275), (0.46875, 0.306618), (0.46875, 0.386923), (0.46875, 0.275), (0.46875, 0.275), (0.46875, 0.275), (0.46875, 0.386923), (0.46875, 0.386923), (0.46875, 0.475), (0.46875, 0.386923), (0.46875, 0.475), (0.46875, 0.386923), (0.46875, 0.475), (0.46875, 0.386923), (0.46875, 0.475), (0.46875, 0.275), (0.46875, 0.275), (0.46875, 0.275), (0.46875, 0.475), (0.46875, 0.475), (0.46875, 0.475), (0.46875, 0.475), (0.46875, 0.475), (0.46875, 0.475), (0.46875, 0.475), (0.46875, 0.475), (0.96875, 0.694488), (0.96875, 0.678679), (0.96875, 0.694488), (0.96875, 0.678679), (0.96875, 0.694488), (0.96875, 0.678679), (0.96875, 0.678679), (0.96875, 0.66287), (0.96875, 0.694488), (0.96875, 0.66287), (0.96875, 0.678679), (0.96875, 0.66287), (0.96875, 0.66287), (0.96875, 0.678679), (0.96875, 0.665521), (0.96875, 0.666404), (0.96875, 0.66287), (0.96875, 0.665521), (0.96875, 0.66287), (0.96875, 0.666404), (0.96875, 0.647061), (0.96875, 0.647061), (0.96875, 0.666404), (0.96875, 0.591127), (0.96875, 0.583824), (0.96875, 0.647061), (0.96875, 0.591127), (0.96875, 0.583824), (0.96875, 0.647061), (0.96875, 0.583824), (0.96875, 0.647061), (0.96875, 0.583824), (0.96875, 0.647061), (0.96875, 0.591127), (0.96875, 0.666404), (0.96875, 0.619988), (0.96875, 0.619988), (0.96875, 0.666404), (0.96875, 0.670276), (0.96875, 0.619988), (0.96875, 0.670276), (0.96875, 0.666404), (0.96875, 0.619988), (0.96875, 0.666404), (0.96875, 0.655049), (0.96875, 0.619988), (0.96875, 0.655049), (0.96875, 0.636987), (0.96875, 0.694488), (0.96875, 0.678679), (0.96875, 0.694488), (0.96875, 0.678679), (0.96875, 0.694488), (0.96875, 0.678679), (0.96875, 0.647851), (0.96875, 0.616233), (0.96875, 0.647851), (0.96875, 0.616233), (0.96875, 0.647851), (0.96875, 0.616233), (0.96875, 0.616233), (0.96875, 0.616233), (0.96875, 0.616233), (0.96875, 0.616233), (0.96875, 0.616233), (0.96875, 0.616233), (0.96875, 0.616233), (0.96875, 0.647851), (0.96875, 0.616233), (0.96875, 0.647851), (0.96875, 0.616233), (0.96875, 0.647851), (0.96875, 0.616233), (0.96875, 0.616233), (0.96875, 0.616233), (0.96875, 0.616233), (0.96875, 0.616233), (0.96875, 0.616233), (0.96875, 0.583824), (0.96875, 0.583824), (0.96875, 0.583824), (0.96875, 0.583824), (0.96875, 0.583824), (0.96875, 0.583824), (0.96875, 0.583824), (0.96875, 0.583824), (0.96875, 0.583824), (0.96875, 0.583824), (0.96875, 0.583824), (0.96875, 0.583824), (0.96875, 0.694488), (0.96875, 0.66287), (0.96875, 0.694488), (0.96875, 0.694488), (0.96875, 0.647061), (0.96875, 0.66287), (0.96875, 0.694488), (0.96875, 0.583824), (0.96875, 0.647061), (0.96875, 0.525), (0.96875, 0.583824), (0.96875, 0.694488), (0.96875, 0.583824), (0.96875, 0.525), (0.96875, 0.583824), (0.96875, 0.525), (0.96875, 0.583824), (0.96875, 0.525), (0.96875, 0.583824), (0.96875, 0.525), (0.96875, 0.694488), (0.96875, 0.583824), (0.96875, 0.694488), (0.96875, 0.647061), (0.96875, 0.647061), (0.96875, 0.694488), (0.96875, 0.66287), (0.96875, 0.66287), (0.96875, 0.694488), (0.96875, 0.694488), (0.96875, 0.583824), (0.96875, 0.647061), (0.96875, 0.583824), (0.96875, 0.647061), (0.96875, 0.583824), (0.96875, 0.647061), (0.96875, 0.647061), (0.96875, 0.583824), (0.96875, 0.591127), (0.96875, 0.619988), (0.96875, 0.647061), (0.96875, 0.591127), (0.96875, 0.647061), (0.96875, 0.619988), (0.96875, 0.66287), (0.96875, 0.66287), (0.96875, 0.619988), (0.96875, 0.665521), (0.96875, 0.665521), (0.96875, 0.619988), (0.96875, 0.666404), (0.96875, 0.666404), (0.96875, 0.619988), (0.96875, 0.670276), (0.96875, 0.670276), (0.96875, 0.619988), (0.96875, 0.666404), (0.96875, 0.666404), (0.96875, 0.619988), (0.96875, 0.655049), (0.96875, 0.655049), (0.96875, 0.619988), (0.96875, 0.636987), (0.96875, 0.66287), (0.96875, 0.694488), (0.96875, 0.66287), (0.96875, 0.694488), (0.96875, 0.66287), (0.96875, 0.678679), (0.96875, 0.678679), (0.96875, 0.66287), (0.96875, 0.665521), (0.96875, 0.647851), (0.96875, 0.618427), (0.96875, 0.583824), (0.96875, 0.618427), (0.96875, 0.647851), (0.96875, 0.693382), (0.96875, 0.693382), (0.96875, 0.583824), (0.96875, 0.618427), (0.96875, 0.583824), (0.96875, 0.693382), (0.96875, 0.647851), (0.96875, 0.583824), (0.96875, 0.591127), (0.96875, 0.583824), (0.96875, 0.583824), (0.96875, 0.619988), (0.96875, 0.591127), (0.96875, 0.647851), (0.96875, 0.619988), (0.96875, 0.583824), (0.96875, 0.647851), (0.96875, 0.619988), (0.96875, 0.647851), (0.96875, 0.619988), (0.96875, 0.647851), (0.96875, 0.619988), (0.96875, 0.618427), (0.96875, 0.693382), (0.96875, 0.693382), (0.96875, 0.693382), (0.96875, 0.618427), (0.96875, 0.642088), (0.96875, 0.642088), (0.96875, 0.618427), (0.96875, 0.618427), (0.96875, 0.642088), (0.96875, 0.618427), (0.96875, 0.642088), (0.96875, 0.642088), (0.96875, 0.618427), (0.96875, 0.693382), (0.96875, 0.693382), (0.96875, 0.618427), (0.96875, 0.693382), (0.96875, 0.525), (0.96875, 0.556618), (0.96875, 0.557174), (0.96875, 0.556618), (0.96875, 0.525), (0.96875, 0.525), (0.96875, 0.556618), (0.96875, 0.525), (0.96875, 0.556618), (0.96875, 0.556618), (0.96875, 0.525), (0.96875, 0.559052), (0.96875, 0.559052), (0.96875, 0.525), (0.96875, 0.584869), (0.96875, 0.584869), (0.96875, 0.586035), (0.96875, 0.559052), (0.96875, 0.586035), (0.96875, 0.584869), (0.96875, 0.595842), (0.96875, 0.584869), (0.96875, 0.525), (0.96875, 0.572427), (0.96875, 0.572427), (0.96875, 0.525), (0.96875, 0.556618), (0.96875, 0.559052), (0.96875, 0.556618), (0.96875, 0.559052), (0.96875, 0.556618), (0.96875, 0.559052), (0.96875, 0.556618), (0.96875, 0.556618), (0.96875, 0.559052), (0.96875, 0.556618), (0.96875, 0.613447), (0.96875, 0.586035), (0.96875, 0.586035), (0.96875, 0.586035), (0.96875, 0.613447), (0.96875, 0.595842), (0.96875, 0.595842), (0.96875, 0.613447), (0.96875, 0.613447), (0.96875, 0.556618), (0.96875, 0.556618), (0.96875, 0.556618), (0.96875, 0.556618), (0.96875, 0.556618), (0.96875, 0.556618), (0.96875, 0.636987), (0.96875, 0.613447), (0.96875, 0.613447), (0.96875, 0.613447), (0.96875, 0.636987), (0.96875, 0.636987), (0.96875, 0.655049), (0.96875, 0.636987), (0.96875, 0.636987), (0.96875, 0.636987), (0.96875, 0.655049), (0.96875, 0.655049), (0.96875, 0.556618), (0.96875, 0.559052), (0.96875, 0.556618), (0.96875, 0.559052), (0.96875, 0.556618), (0.96875, 0.559052), (0.96875, 0.559052), (0.96875, 0.556618), (0.96875, 0.556618), (0.96875, 0.559052), (0.96875, 0.556618), (0.96875, 0.557174), (0.96875, 0.581169), (0.96875, 0.556618), (0.96875, 0.556618), (0.96875, 0.556618), (0.96875, 0.581169), (0.96875, 0.604046), (0.96875, 0.556618), (0.96875, 0.604046), (0.96875, 0.623691), (0.96875, 0.556618), (0.96875, 0.623691), (0.96875, 0.638765), (0.96875, 0.556618), (0.96875, 0.638765), (0.96875, 0.648241), (0.96875, 0.556618), (0.96875, 0.648241), (0.96875, 0.651473), (0.96875, 0.556618), (0.96875, 0.651473), (0.96875, 0.648241), (0.96875, 0.556618), (0.96875, 0.648241), (0.96875, 0.638765), (0.96875, 0.556618), (0.96875, 0.638765), (0.96875, 0.623691), (0.96875, 0.556618), (0.96875, 0.623691), (0.96875, 0.604046), (0.96875, 0.556618), (0.96875, 0.604046), (0.96875, 0.581169), (0.96875, 0.586035), (0.96875, 0.559052), (0.96875, 0.559052), (0.96875, 0.559052), (0.96875, 0.586035), (0.96875, 0.586035), (0.96875, 0.666404), (0.96875, 0.655049), (0.96875, 0.655049), (0.96875, 0.655049), (0.96875, 0.666404), (0.96875, 0.666404), (0.96875, 0.670276), (0.96875, 0.666404), (0.96875, 0.666404), (0.96875, 0.666404), (0.96875, 0.670276), (0.96875, 0.670276), (0.96875, 0.666404), (0.96875, 0.670276), (0.96875, 0.670276), (0.96875, 0.670276), (0.96875, 0.666404), (0.96875, 0.666404), (0.96875, 0.655049), (0.96875, 0.666404), (0.96875, 0.666404), (0.96875, 0.666404), (0.96875, 0.655049), (0.96875, 0.655049), (0.96875, 0.636987), (0.96875, 0.647851), (0.96875, 0.636987), (0.96875, 0.655049), (0.96875, 0.636987), (0.96875, 0.647851), (0.96875, 0.636987), (0.96875, 0.655049), (0.96875, 0.655049), (0.96875, 0.586035), (0.96875, 0.613447), (0.96875, 0.586035), (0.96875, 0.613447), (0.96875, 0.586035), (0.96875, 0.611893), (0.96875, 0.613447), (0.96875, 0.611893), (0.96875, 0.613447), (0.96875, 0.613447), (0.96875, 0.636987), (0.96875, 0.613447), (0.96875, 0.636987), (0.96875, 0.613447), (0.96875, 0.636987), (0.96875, 0.647851), (0.96875, 0.613447), (0.96875, 0.611893), (0.96875, 0.613447), (0.96875, 0.647851), (0.96875, 0.636987), (0.96875, 0.636987), (0.96875, 0.647851), (0.96875, 0.647851), (0.96875, 0.556618), (0.96875, 0.559052), (0.96875, 0.557174), (0.96875, 0.559052), (0.96875, 0.556618), (0.96875, 0.556618), (0.96875, 0.559052), (0.96875, 0.556618), (0.96875, 0.559052), (0.96875, 0.559052), (0.96875, 0.556618), (0.96875, 0.556618), (0.96875, 0.559052), (0.96875, 0.556618), (0.96875, 0.559052), (0.96875, 0.556618), (0.96875, 0.559052), (0.96875, 0.556618), (0.96875, 0.556618), (0.96875, 0.559052), (0.96875, 0.556618), (0.96875, 0.556618), (0.96875, 0.581169), (0.96875, 0.556618), (0.96875, 0.581169), (0.96875, 0.556618), (0.96875, 0.604046), (0.96875, 0.604046), (0.96875, 0.556618), (0.96875, 0.623691), (0.96875, 0.623691), (0.96875, 0.556618), (0.96875, 0.638765), (0.96875, 0.638765), (0.96875, 0.556618), (0.96875, 0.648241), (0.96875, 0.648241), (0.96875, 0.556618), (0.96875, 0.651473), (0.96875, 0.651473), (0.96875, 0.556618), (0.96875, 0.648241), (0.96875, 0.648241), (0.96875, 0.556618), (0.96875, 0.638765), (0.96875, 0.638765), (0.96875, 0.556618), (0.96875, 0.623691), (0.96875, 0.623691), (0.96875, 0.556618), (0.96875, 0.604046), (0.96875, 0.604046), (0.96875, 0.556618), (0.96875, 0.581169), (0.96875, 0.556618), (0.96875, 0.556618), (0.96875, 0.556618), (0.96875, 0.556618), (0.96875, 0.556618), (0.96875, 0.556618), (0.96875, 0.586035), (0.96875, 0.559052), (0.96875, 0.559052), (0.96875, 0.559052), (0.96875, 0.586035), (0.96875, 0.586035), (0.96875, 0.613447), (0.96875, 0.586035), (0.96875, 0.586035), (0.96875, 0.586035), (0.96875, 0.613447), (0.96875, 0.611893), (0.96875, 0.611893), (0.96875, 0.613447), (0.96875, 0.613447), (0.96875, 0.636987), (0.96875, 0.613447), (0.96875, 0.613447), (0.96875, 0.613447), (0.96875, 0.636987), (0.96875, 0.636987), (0.96875, 0.636987), (0.96875, 0.655049), (0.96875, 0.647851), (0.96875, 0.655049), (0.96875, 0.636987), (0.96875, 0.655049), (0.96875, 0.655049), (0.96875, 0.636987), (0.96875, 0.636987), (0.96875, 0.613447), (0.96875, 0.636987), (0.96875, 0.613447), (0.96875, 0.636987), (0.96875, 0.613447), (0.96875, 0.636987), (0.96875, 0.666404), (0.96875, 0.670276), (0.96875, 0.670276), (0.96875, 0.670276), (0.96875, 0.666404), (0.96875, 0.666404), (0.96875, 0.655049), (0.96875, 0.666404), (0.96875, 0.666404), (0.96875, 0.666404), (0.96875, 0.655049), (0.96875, 0.655049), (0.96875, 0.586035), (0.96875, 0.613447), (0.96875, 0.586035), (0.96875, 0.613447), (0.96875, 0.586035), (0.96875, 0.595842), (0.96875, 0.613447), (0.96875, 0.595842), (0.96875, 0.613447), (0.96875, 0.670276), (0.96875, 0.666404), (0.96875, 0.666404), (0.96875, 0.666404), (0.96875, 0.670276), (0.96875, 0.670276), (0.96875, 0.655049), (0.96875, 0.636987), (0.96875, 0.636987), (0.96875, 0.636987), (0.96875, 0.655049), (0.96875, 0.655049), (0.96875, 0.559052), (0.96875, 0.586035), (0.96875, 0.559052), (0.96875, 0.586035), (0.96875, 0.559052), (0.96875, 0.586035), (0.96875, 0.666404), (0.96875, 0.655049), (0.96875, 0.655049), (0.96875, 0.655049), (0.96875, 0.666404), (0.96875, 0.666404), (0.96875, 0.613447), (0.96875, 0.647851), (0.96875, 0.611893), (0.96875, 0.647851), (0.96875, 0.613447), (0.96875, 0.636987), (0.96875, 0.647851), (0.96875, 0.636987), (0.96875, 0.647851), (0.96875, 0.655049), (0.96875, 0.636987), (0.96875, 0.636987), (0.96875, 0.636987), (0.96875, 0.655049), (0.96875, 0.655049), (0.96875, 0.636987), (0.96875, 0.619988), (0.96875, 0.619988), (0.96875, 0.619988), (0.96875, 0.636987), (0.96875, 0.636987), (0.96875, 0.613447), (0.96875, 0.619988), (0.96875, 0.636987), (0.96875, 0.619988), (0.96875, 0.613447), (0.96875, 0.613447), (0.96875, 0.666404), (0.96875, 0.670276), (0.96875, 0.670276), (0.96875, 0.670276), (0.96875, 0.666404), (0.96875, 0.666404), (0.96875, 0.666404), (0.96875, 0.655049), (0.96875, 0.655049), (0.96875, 0.655049), (0.96875, 0.666404), (0.96875, 0.666404), (0.96875, 0.613447), (0.96875, 0.586035), (0.96875, 0.586035), (0.96875, 0.586035), (0.96875, 0.613447), (0.96875, 0.613447), (0.96875, 0.559052), (0.96875, 0.586035), (0.96875, 0.559052), (0.96875, 0.586035), (0.96875, 0.559052), (0.96875, 0.586035), (0.96875, 0.670276), (0.96875, 0.666404), (0.96875, 0.666404), (0.96875, 0.666404), (0.96875, 0.670276), (0.96875, 0.670276), (0.96875, 0.586035), (0.96875, 0.613447), (0.96875, 0.586035), (0.96875, 0.613447), (0.96875, 0.586035), (0.96875, 0.613447), (0.96875, 0.613447), (0.96875, 0.619988), (0.96875, 0.613447), (0.96875, 0.619988), (0.96875, 0.613447), (0.96875, 0.636987), (0.96875, 0.619988), (0.96875, 0.636987), (0.96875, 0.619988), (0.96875, 0.619988), (0.96875, 0.636987), (0.96875, 0.636987), (0.96875, 0.655049), (0.96875, 0.636987), (0.96875, 0.636987), (0.96875, 0.636987), (0.96875, 0.655049), (0.96875, 0.655049), (0.96875, 0.670276), (0.96875, 0.666404), (0.96875, 0.666404), (0.96875, 0.666404), (0.96875, 0.670276), (0.96875, 0.670276), (0.96875, 0.666404), (0.96875, 0.670276), (0.96875, 0.670276), (0.96875, 0.670276), (0.96875, 0.666404), (0.96875, 0.666404), (0.96875, 0.666404), (0.96875, 0.655049), (0.96875, 0.655049), (0.96875, 0.655049), (0.96875, 0.666404), (0.96875, 0.666404), (0.96875, 0.636987), (0.96875, 0.613447), (0.96875, 0.613447), (0.96875, 0.613447), (0.96875, 0.636987), (0.96875, 0.636987), (0.96875, 0.586035), (0.96875, 0.613447), (0.96875, 0.586035), (0.96875, 0.613447), (0.96875, 0.586035), (0.96875, 0.613447), (0.96875, 0.655049), (0.96875, 0.665521), (0.96875, 0.655049), (0.96875, 0.665521), (0.96875, 0.666404), (0.96875, 0.655049), (0.96875, 0.666404), (0.96875, 0.665521), (0.96875, 0.666404), (0.96875, 0.666404), (0.96875, 0.665521), (0.96875, 0.665521), (0.96875, 0.665521), (0.96875, 0.666404), (0.96875, 0.665521), (0.96875, 0.666404), (0.96875, 0.665521), (0.96875, 0.666404), (0.96875, 0.666404), (0.96875, 0.665521), (0.96875, 0.655049), (0.96875, 0.666404), (0.96875, 0.655049), (0.96875, 0.655049), (0.96875, 0.591127), (0.96875, 0.583824), (0.96875, 0.583824), (0.96875, 0.619988), (0.96875, 0.583824), (0.96875, 0.591127), (0.96875, 0.583824), (0.96875, 0.619988), (0.96875, 0.647851), (0.96875, 0.647851), (0.96875, 0.619988), (0.96875, 0.619988), (0.96875, 0.647851), (0.96875, 0.619988), (0.96875, 0.647851), (0.96875, 0.636987), (0.96875, 0.655049), (0.96875, 0.655049), (0.96875, 0.655049), (0.96875, 0.636987), (0.96875, 0.636987), (0.96875, 0.636987), (0.96875, 0.613447), (0.96875, 0.613447), (0.96875, 0.613447), (0.96875, 0.636987), (0.96875, 0.636987), (0.96875, 0.665521), (0.96875, 0.678679), (0.96875, 0.665521), (0.96875, 0.678679), (0.96875, 0.665521), (0.96875, 0.678679), (0.96875, 0.665521), (0.96875, 0.678679), (0.96875, 0.665521), (0.96875, 0.678679), (0.96875, 0.665521), (0.96875, 0.678679), (0.96875, 0.559052), (0.96875, 0.586035), (0.96875, 0.559052), (0.96875, 0.586035), (0.96875, 0.559052), (0.96875, 0.586035), (0.96875, 0.559052), (0.96875, 0.556618), (0.96875, 0.559052), (0.96875, 0.556618), (0.96875, 0.559052), (0.96875, 0.556618), (0.96875, 0.586035), (0.96875, 0.559052), (0.96875, 0.559052), (0.96875, 0.559052), (0.96875, 0.586035), (0.96875, 0.586035), (0.96875, 0.556618), (0.96875, 0.559052), (0.96875, 0.559052), (0.96875, 0.559052), (0.96875, 0.556618), (0.96875, 0.556618), (0.96875, 0.559052), (0.96875, 0.586035), (0.96875, 0.559052), (0.96875, 0.586035), (0.96875, 0.559052), (0.96875, 0.586035), (0.96875, 0.586035), (0.96875, 0.559052), (0.96875, 0.559052), (0.96875, 0.559052), (0.96875, 0.586035), (0.96875, 0.586035), (0.96875, 0.556618), (0.96875, 0.559052), (0.96875, 0.556618), (0.96875, 0.559052), (0.96875, 0.556618), (0.96875, 0.559052), (0.96875, 0.636987), (0.96875, 0.655049), (0.96875, 0.655049), (0.96875, 0.655049), (0.96875, 0.636987), (0.96875, 0.636987), (0.96875, 0.559052), (0.96875, 0.556618), (0.96875, 0.559052), (0.96875, 0.556618), (0.96875, 0.559052), (0.96875, 0.556618), (0.96875, 0.613447), (0.96875, 0.586035), (0.96875, 0.586035), (0.96875, 0.586035), (0.96875, 0.613447), (0.96875, 0.613447), (0.96875, 0.693382), (0.96875, 0.693382), (0.96875, 0.693382), (0.96875, 0.693382), (0.96875, 0.693382), (0.96875, 0.693382), (0.96875, 0.693382), (0.96875, 0.693382), (0.96875, 0.693382), (0.96875, 0.693382), (0.96875, 0.693382), (0.96875, 0.693382), (0.96875, 0.693382), (0.96875, 0.693382), (0.96875, 0.693382), (0.96875, 0.693382), (0.96875, 0.693382), (0.96875, 0.693382), (0.96875, 0.584869), (0.96875, 0.586035), (0.96875, 0.595842), (0.96875, 0.586035), (0.96875, 0.584869), (0.96875, 0.559052), (0.96875, 0.525), (0.96875, 0.559052), (0.96875, 0.584869), (0.96875, 0.525), (0.96875, 0.584869), (0.96875, 0.572427), (0.96875, 0.525), (0.96875, 0.572427), (0.96875, 0.556618), (0.96875, 0.525), (0.96875, 0.556618), (0.96875, 0.559052), (0.96875, 0.525), (0.96875, 0.556618), (0.96875, 0.556618), (0.96875, 0.525), (0.96875, 0.556618), (0.96875, 0.525), (0.96875, 0.556618), (0.96875, 0.525), (0.96875, 0.557174), (0.96875, 0.647851), (0.96875, 0.584869), (0.96875, 0.595842), (0.96875, 0.584869), (0.96875, 0.647851), (0.96875, 0.647851), (0.96875, 0.584869), (0.96875, 0.647851), (0.96875, 0.595842), (0.96875, 0.584869), (0.96875, 0.584869), (0.96875, 0.595842), (0.96875, 0.647851), (0.96875, 0.655049), (0.96875, 0.647851), (0.96875, 0.655049), (0.96875, 0.647851), (0.96875, 0.666404), (0.96875, 0.666404), (0.96875, 0.647851), (0.96875, 0.595842), (0.96875, 0.666404), (0.96875, 0.595842), (0.96875, 0.670276), (0.96875, 0.670276), (0.96875, 0.595842), (0.96875, 0.666404), (0.96875, 0.666404), (0.96875, 0.595842), (0.96875, 0.655049), (0.96875, 0.655049), (0.96875, 0.595842), (0.96875, 0.636987), (0.96875, 0.636987), (0.96875, 0.595842), (0.96875, 0.613447), (0.96875, 0.655049), (0.96875, 0.647851), (0.96875, 0.647851), (0.96875, 0.647851), (0.96875, 0.655049), (0.96875, 0.666404), (0.96875, 0.647851), (0.96875, 0.666404), (0.96875, 0.595842), (0.96875, 0.595842), (0.96875, 0.666404), (0.96875, 0.670276), (0.96875, 0.595842), (0.96875, 0.670276), (0.96875, 0.666404), (0.96875, 0.595842), (0.96875, 0.666404), (0.96875, 0.655049), (0.96875, 0.595842), (0.96875, 0.655049), (0.96875, 0.636987), (0.96875, 0.595842), (0.96875, 0.636987), (0.96875, 0.613447), (0.96875, 0.616233), (0.96875, 0.588237), (0.96875, 0.616233), (0.96875, 0.647851), (0.96875, 0.588237), (0.96875, 0.616233), (0.96875, 0.647851), (0.96875, 0.647851), (0.96875, 0.616233), (0.96875, 0.647851), (0.96875, 0.588237), (0.96875, 0.588237), (0.96875, 0.647851), (0.96875, 0.586035), (0.96875, 0.588237), (0.96875, 0.588237), (0.96875, 0.586035), (0.96875, 0.559052), (0.96875, 0.588237), (0.96875, 0.559052), (0.96875, 0.525), (0.96875, 0.556618), (0.96875, 0.525), (0.96875, 0.559052), (0.96875, 0.647851), (0.96875, 0.613447), (0.96875, 0.586035), (0.96875, 0.613447), (0.96875, 0.559052), (0.96875, 0.586035), (0.96875, 0.613447), (0.96875, 0.556618), (0.96875, 0.559052), (0.96875, 0.613447), (0.96875, 0.647851), (0.96875, 0.619988), (0.96875, 0.619988), (0.96875, 0.556618), (0.96875, 0.613447), (0.96875, 0.619988), (0.96875, 0.581169), (0.96875, 0.556618), (0.96875, 0.604046), (0.96875, 0.556618), (0.96875, 0.581169), (0.96875, 0.619988), (0.96875, 0.604046), (0.96875, 0.581169), (0.96875, 0.615378), (0.96875, 0.556618), (0.96875, 0.604046), (0.96875, 0.604046), (0.96875, 0.619988), (0.96875, 0.615378), (0.96875, 0.623691), (0.96875, 0.556618), (0.96875, 0.615378), (0.96875, 0.638765), (0.96875, 0.556618), (0.96875, 0.623691), (0.96875, 0.648241), (0.96875, 0.556618), (0.96875, 0.638765), (0.96875, 0.651473), (0.96875, 0.556618), (0.96875, 0.648241), (0.96875, 0.648241), (0.96875, 0.556618), (0.96875, 0.651473), (0.96875, 0.645343), (0.96875, 0.556618), (0.96875, 0.648241), (0.96875, 0.638765), (0.96875, 0.556618), (0.96875, 0.645343), (0.96875, 0.665521), (0.96875, 0.638765), (0.96875, 0.645343), (0.96875, 0.638765), (0.96875, 0.525), (0.96875, 0.556618), (0.96875, 0.655049), (0.96875, 0.638765), (0.96875, 0.665521), (0.96875, 0.678679), (0.96875, 0.655049), (0.96875, 0.665521), (0.96875, 0.655049), (0.96875, 0.623691), (0.96875, 0.638765), (0.96875, 0.623691), (0.96875, 0.525), (0.96875, 0.638765), (0.96875, 0.678679), (0.96875, 0.636987), (0.96875, 0.655049), (0.96875, 0.636987), (0.96875, 0.623691), (0.96875, 0.655049), (0.96875, 0.694488), (0.96875, 0.636987), (0.96875, 0.678679), (0.96875, 0.604046), (0.96875, 0.525), (0.96875, 0.623691), (0.96875, 0.636987), (0.96875, 0.604046), (0.96875, 0.623691), (0.96875, 0.636987), (0.96875, 0.581169), (0.96875, 0.604046), (0.96875, 0.581169), (0.96875, 0.525), (0.96875, 0.604046), (0.96875, 0.613447), (0.96875, 0.581169), (0.96875, 0.636987), (0.96875, 0.636987), (0.96875, 0.694488), (0.96875, 0.613447), (0.96875, 0.556618), (0.96875, 0.525), (0.96875, 0.581169), (0.96875, 0.613447), (0.96875, 0.556618), (0.96875, 0.581169), (0.96875, 0.613447), (0.96875, 0.694488), (0.96875, 0.586035), (0.96875, 0.586035), (0.96875, 0.556618), (0.96875, 0.613447), (0.96875, 0.559052), (0.96875, 0.525), (0.96875, 0.556618), (0.96875, 0.556618), (0.96875, 0.586035), (0.96875, 0.559052), (0.96875, 0.586035), (0.96875, 0.694488), (0.96875, 0.559052), (0.96875, 0.559052), (0.96875, 0.525), (0.96875, 0.525), (0.96875, 0.525), (0.96875, 0.559052), (0.96875, 0.694488), (0.96875, 0.616233), (0.96875, 0.647851), (0.96875, 0.647851), (0.96875, 0.588237), (0.96875, 0.647851), (0.96875, 0.616233), (0.96875, 0.588237), (0.96875, 0.616233), (0.96875, 0.616233), (0.96875, 0.588237), (0.96875, 0.647851), (0.96875, 0.588237), (0.96875, 0.586035), (0.96875, 0.647851), (0.96875, 0.588237), (0.96875, 0.586035), (0.96875, 0.588237), (0.96875, 0.559052), (0.96875, 0.525), (0.96875, 0.559052), (0.96875, 0.588237), (0.96875, 0.525), (0.96875, 0.556618), (0.96875, 0.559052), (0.96875, 0.613447), (0.96875, 0.647851), (0.96875, 0.586035), (0.96875, 0.559052), (0.96875, 0.613447), (0.96875, 0.586035), (0.96875, 0.556618), (0.96875, 0.613447), (0.96875, 0.559052), (0.96875, 0.647851), (0.96875, 0.613447), (0.96875, 0.619988), (0.96875, 0.556618), (0.96875, 0.619988), (0.96875, 0.613447), (0.96875, 0.581169), (0.96875, 0.619988), (0.96875, 0.556618), (0.96875, 0.556618), (0.96875, 0.604046), (0.96875, 0.581169), (0.96875, 0.604046), (0.96875, 0.619988), (0.96875, 0.581169), (0.96875, 0.556618), (0.96875, 0.615378), (0.96875, 0.604046), (0.96875, 0.619988), (0.96875, 0.604046), (0.96875, 0.615378), (0.96875, 0.556618), (0.96875, 0.623691), (0.96875, 0.615378), (0.96875, 0.556618), (0.96875, 0.638765), (0.96875, 0.623691), (0.96875, 0.556618), (0.96875, 0.648241), (0.96875, 0.638765), (0.96875, 0.556618), (0.96875, 0.651473), (0.96875, 0.648241), (0.96875, 0.556618), (0.96875, 0.648241), (0.96875, 0.651473), (0.96875, 0.556618), (0.96875, 0.645343), (0.96875, 0.648241), (0.96875, 0.556618), (0.96875, 0.638765), (0.96875, 0.645343), (0.96875, 0.638765), (0.96875, 0.665521), (0.96875, 0.645343), (0.96875, 0.525), (0.96875, 0.638765), (0.96875, 0.556618), (0.96875, 0.638765), (0.96875, 0.655049), (0.96875, 0.665521), (0.96875, 0.655049), (0.96875, 0.678679), (0.96875, 0.665521), (0.96875, 0.623691), (0.96875, 0.655049), (0.96875, 0.638765), (0.96875, 0.525), (0.96875, 0.623691), (0.96875, 0.638765), (0.96875, 0.636987), (0.96875, 0.678679), (0.96875, 0.655049), (0.96875, 0.623691), (0.96875, 0.636987), (0.96875, 0.655049), (0.96875, 0.636987), (0.96875, 0.694488), (0.96875, 0.678679), (0.96875, 0.525), (0.96875, 0.604046), (0.96875, 0.623691), (0.96875, 0.604046), (0.96875, 0.636987), (0.96875, 0.623691), (0.96875, 0.581169), (0.96875, 0.636987), (0.96875, 0.604046), (0.96875, 0.525), (0.96875, 0.581169), (0.96875, 0.604046), (0.96875, 0.613447), (0.96875, 0.694488), (0.96875, 0.636987), (0.96875, 0.581169), (0.96875, 0.613447), (0.96875, 0.636987), (0.96875, 0.525), (0.96875, 0.556618), (0.96875, 0.581169), (0.96875, 0.556618), (0.96875, 0.613447), (0.96875, 0.581169), (0.96875, 0.586035), (0.96875, 0.694488), (0.96875, 0.613447), (0.96875, 0.556618), (0.96875, 0.586035), (0.96875, 0.613447), (0.96875, 0.694488), (0.96875, 0.586035), (0.96875, 0.525), (0.96875, 0.559052), (0.96875, 0.525), (0.96875, 0.525), (0.96875, 0.525), (0.96875, 0.559052), (0.96875, 0.556618), (0.96875, 0.586035), (0.96875, 0.556618), (0.96875, 0.559052), (0.96875, 0.525), (0.96875, 0.586035), (0.96875, 0.559052), (0.96875, 0.647851), (0.96875, 0.647851), (0.96875, 0.647851), (0.96875, 0.647851), (0.96875, 0.647851), (0.96875, 0.647851), (0.96875, 0.647851), (0.96875, 0.647851), (0.96875, 0.647851), (0.96875, 0.647851), (0.96875, 0.647851), (0.96875, 0.647851), (0.96875, 0.647851), (0.96875, 0.647851), (0.96875, 0.647851), (0.96875, 0.647851), (0.96875, 0.647851), (0.96875, 0.647851), (0.96875, 0.647851), (0.96875, 0.647851), (0.96875, 0.647851), (0.96875, 0.647851), (0.96875, 0.647851), (0.96875, 0.647851), (0.96875, 0.647851), (0.96875, 0.647851), (0.96875, 0.647851), (0.96875, 0.647851), (0.96875, 0.647851), (0.96875, 0.647851), (0.96875, 0.647851), (0.96875, 0.647851), (0.96875, 0.647851), (0.96875, 0.647851), (0.96875, 0.647851), (0.96875, 0.647851), (0.96875, 0.647851), (0.96875, 0.647851), (0.96875, 0.647851), (0.96875, 0.647851), (0.96875, 0.647851), (0.96875, 0.647851), (0.96875, 0.647851), (0.96875, 0.647851), (0.96875, 0.647851), (0.96875, 0.647851), (0.96875, 0.647851), (0.96875, 0.647851), (0.96875, 0.647851), (0.96875, 0.647851), (0.96875, 0.647851), (0.96875, 0.647851), (0.96875, 0.647851), (0.96875, 0.647851), (0.96875, 0.647851), (0.96875, 0.616233), (0.96875, 0.616233), (0.96875, 0.616233), (0.96875, 0.647851), (0.96875, 0.647851), (0.96875, 0.647851), (0.96875, 0.616233), (0.96875, 0.616233), (0.96875, 0.616233), (0.96875, 0.647851), (0.96875, 0.647851), (0.96875, 0.574492), (0.96875, 0.525), (0.96875, 0.605), (0.96875, 0.605), (0.96875, 0.525), (0.96875, 0.574492), (0.96875, 0.605), (0.96875, 0.605), (0.96875, 0.605), (0.96875, 0.605), (0.96875, 0.605), (0.96875, 0.605), (0.96875, 0.525), (0.96875, 0.605), (0.96875, 0.605), (0.96875, 0.605), (0.96875, 0.525), (0.96875, 0.525), (0.96875, 0.605), (0.96875, 0.574492), (0.96875, 0.605), (0.96875, 0.574492), (0.96875, 0.605), (0.96875, 0.574492), (0.96875, 0.574492), (0.96875, 0.605), (0.96875, 0.574492), (0.96875, 0.605), (0.96875, 0.574492), (0.96875, 0.605), (0.84375, 0.397851), (0.84375, 0.366233), (0.84375, 0.366233), (0.84375, 0.366233), (0.84375, 0.397851), (0.84375, 0.397851), (0.84375, 0.397851), (0.84375, 0.366233), (0.84375, 0.366233), (0.84375, 0.366233), (0.84375, 0.397851), (0.84375, 0.397851), (0.09375, 0.193382), (0.09375, 0.147851), (0.09375, 0.193382), (0.09375, 0.147851), (0.09375, 0.193382), (0.09375, 0.147851), (0.09375, 0.147851), (0.09375, 0.193382), (0.09375, 0.147851), (0.09375, 0.193382), (0.09375, 0.147851), (0.09375, 0.193382), (0.09375, 0.193382), (0.09375, 0.147851), (0.09375, 0.147851), (0.09375, 0.147851), (0.09375, 0.193382), (0.09375, 0.193382), (0.34375, 0.275), (0.34375, 0.275), (0.34375, 0.275), (0.34375, 0.275), (0.34375, 0.275), (0.34375, 0.275), (0.34375, 0.375), (0.34375, 0.326764), (0.34375, 0.326764), (0.34375, 0.326764), (0.34375, 0.375), (0.34375, 0.375), (0.34375, 0.468185), (0.34375, 0.475), (0.34375, 0.468185), (0.34375, 0.475), (0.34375, 0.468185), (0.34375, 0.475), (0.34375, 0.275), (0.34375, 0.275), (0.34375, 0.275), (0.34375, 0.275), (0.34375, 0.275), (0.34375, 0.275), (0.34375, 0.468185), (0.34375, 0.448205), (0.34375, 0.448205), (0.34375, 0.448205), (0.34375, 0.468185), (0.34375, 0.468185), (0.34375, 0.275), (0.34375, 0.275), (0.34375, 0.275), (0.34375, 0.275), (0.34375, 0.275), (0.34375, 0.275), (0.34375, 0.326764), (0.34375, 0.36), (0.34375, 0.318999), (0.34375, 0.36), (0.34375, 0.326764), (0.34375, 0.375), (0.34375, 0.448205), (0.34375, 0.468185), (0.34375, 0.468185), (0.34375, 0.468185), (0.34375, 0.448205), (0.34375, 0.448205), (0.34375, 0.416421), (0.34375, 0.375), (0.34375, 0.375), (0.34375, 0.375), (0.34375, 0.416421), (0.34375, 0.416421), (0.34375, 0.275), (0.34375, 0.275), (0.34375, 0.275), (0.34375, 0.275), (0.34375, 0.275), (0.34375, 0.275), (0.34375, 0.445), (0.34375, 0.468185), (0.34375, 0.475), (0.34375, 0.468185), (0.34375, 0.445), (0.34375, 0.439207), (0.34375, 0.275), (0.34375, 0.275), (0.34375, 0.275), (0.34375, 0.275), (0.34375, 0.275), (0.34375, 0.275), (0.34375, 0.275), (0.34375, 0.275), (0.34375, 0.275), (0.34375, 0.275), (0.34375, 0.275), (0.34375, 0.275), (0.34375, 0.36), (0.34375, 0.326764), (0.34375, 0.318999), (0.34375, 0.326764), (0.34375, 0.36), (0.34375, 0.375), (0.34375, 0.326764), (0.34375, 0.275), (0.34375, 0.275), (0.34375, 0.275), (0.34375, 0.326764), (0.34375, 0.318999), (0.34375, 0.275), (0.34375, 0.275), (0.34375, 0.275), (0.34375, 0.275), (0.34375, 0.275), (0.34375, 0.275), (0.34375, 0.275), (0.34375, 0.275), (0.34375, 0.275), (0.34375, 0.275), (0.34375, 0.275), (0.34375, 0.275), (0.34375, 0.422224), (0.34375, 0.416421), (0.34375, 0.448205), (0.34375, 0.416421), (0.34375, 0.422224), (0.34375, 0.395208), (0.34375, 0.275), (0.34375, 0.275), (0.34375, 0.275), (0.34375, 0.275), (0.34375, 0.275), (0.34375, 0.275), (0.34375, 0.468185), (0.34375, 0.422224), (0.34375, 0.448205), (0.34375, 0.422224), (0.34375, 0.468185), (0.34375, 0.439207), (0.34375, 0.275), (0.34375, 0.275), (0.34375, 0.275), (0.34375, 0.275), (0.34375, 0.275), (0.34375, 0.275), (0.34375, 0.375), (0.34375, 0.326764), (0.34375, 0.326764), (0.34375, 0.326764), (0.34375, 0.375), (0.34375, 0.375), (0.34375, 0.439207), (0.34375, 0.475), (0.34375, 0.468185), (0.34375, 0.475), (0.34375, 0.439207), (0.34375, 0.445), (0.34375, 0.275), (0.34375, 0.275), (0.34375, 0.275), (0.34375, 0.275), (0.34375, 0.275), (0.34375, 0.275), (0.34375, 0.275), (0.34375, 0.275), (0.34375, 0.275), (0.34375, 0.275), (0.34375, 0.275), (0.34375, 0.275), (0.34375, 0.395208), (0.34375, 0.375), (0.34375, 0.36), (0.34375, 0.375), (0.34375, 0.395208), (0.34375, 0.416421), (0.34375, 0.275), (0.34375, 0.275), (0.34375, 0.275), (0.34375, 0.275), (0.34375, 0.275), (0.34375, 0.275), (0.34375, 0.326764), (0.34375, 0.275), (0.34375, 0.275), (0.34375, 0.275), (0.34375, 0.326764), (0.34375, 0.326764), (0.34375, 0.275), (0.34375, 0.275), (0.34375, 0.275), (0.34375, 0.275), (0.34375, 0.275), (0.34375, 0.275), (0.34375, 0.448205), (0.34375, 0.439207), (0.34375, 0.468185), (0.34375, 0.439207), (0.34375, 0.448205), (0.34375, 0.422224), (0.34375, 0.275), (0.34375, 0.275), (0.34375, 0.275), (0.34375, 0.275), (0.34375, 0.275), (0.34375, 0.275), (0.34375, 0.375), (0.34375, 0.395208), (0.34375, 0.36), (0.34375, 0.395208), (0.34375, 0.375), (0.34375, 0.416421), (0.34375, 0.275), (0.34375, 0.275), (0.34375, 0.275), (0.34375, 0.275), (0.34375, 0.275), (0.34375, 0.275), (0.34375, 0.275), (0.34375, 0.275), (0.34375, 0.275), (0.34375, 0.275), (0.34375, 0.275), (0.34375, 0.275), (0.34375, 0.275), (0.34375, 0.275), (0.34375, 0.275), (0.34375, 0.275), (0.34375, 0.275), (0.34375, 0.275), (0.34375, 0.326764), (0.34375, 0.275), (0.34375, 0.275), (0.34375, 0.275), (0.34375, 0.326764), (0.34375, 0.326764), (0.34375, 0.275), (0.34375, 0.275), (0.34375, 0.275), (0.34375, 0.275), (0.34375, 0.275), (0.34375, 0.275), (0.34375, 0.416421), (0.34375, 0.448205), (0.34375, 0.448205), (0.34375, 0.448205), (0.34375, 0.416421), (0.34375, 0.416421), (0.34375, 0.275), (0.34375, 0.275), (0.34375, 0.275), (0.34375, 0.275), (0.34375, 0.275), (0.34375, 0.275), (0.34375, 0.318999), (0.34375, 0.275), (0.34375, 0.275), (0.34375, 0.275), (0.34375, 0.318999), (0.34375, 0.326764), (0.34375, 0.275), (0.34375, 0.275), (0.34375, 0.275), (0.34375, 0.275), (0.34375, 0.275), (0.34375, 0.275), (0.34375, 0.416421), (0.34375, 0.422224), (0.34375, 0.448205), (0.34375, 0.422224), (0.34375, 0.416421), (0.34375, 0.395208), (0.34375, 0.475), (0.34375, 0.468185), (0.34375, 0.468185), (0.34375, 0.468185), (0.34375, 0.475), (0.34375, 0.475), (0.34375, 0.448205), (0.34375, 0.416421), (0.34375, 0.416421), (0.34375, 0.416421), (0.34375, 0.448205), (0.34375, 0.448205), (0.34375, 0.275), (0.34375, 0.275), (0.34375, 0.275), (0.34375, 0.275), (0.34375, 0.275), (0.34375, 0.275), (0.34375, 0.416421), (0.34375, 0.375), (0.34375, 0.375), (0.34375, 0.375), (0.34375, 0.416421), (0.34375, 0.416421), (0.34375, 0.275), (0.34375, 0.275), (0.34375, 0.275), (0.34375, 0.275), (0.34375, 0.275), (0.34375, 0.275), (0.34375, 0.275), (0.34375, 0.275), (0.34375, 0.275), (0.34375, 0.275), (0.34375, 0.275), (0.34375, 0.275), (0.34375, 0.326764), (0.34375, 0.275), (0.34375, 0.275), (0.34375, 0.275), (0.34375, 0.326764), (0.34375, 0.318999), (0.34375, 0.326764), (0.34375, 0.36), (0.34375, 0.318999), (0.34375, 0.36), (0.34375, 0.326764), (0.34375, 0.375), (0.34375, 0.375), (0.34375, 0.395208), (0.34375, 0.36), (0.34375, 0.395208), (0.34375, 0.375), (0.34375, 0.416421), (0.34375, 0.422224), (0.34375, 0.468185), (0.34375, 0.439207), (0.34375, 0.468185), (0.34375, 0.422224), (0.34375, 0.448205), (0.34375, 0.275), (0.34375, 0.275), (0.34375, 0.275), (0.34375, 0.275), (0.34375, 0.275), (0.34375, 0.275), (0.34375, 0.318999), (0.34375, 0.275), (0.34375, 0.275), (0.34375, 0.275), (0.34375, 0.318999), (0.34375, 0.36), (0.34375, 0.275), (0.34375, 0.36), (0.34375, 0.275), (0.34375, 0.275), (0.34375, 0.36), (0.34375, 0.395208), (0.34375, 0.275), (0.34375, 0.395208), (0.34375, 0.275), (0.34375, 0.275), (0.34375, 0.395208), (0.34375, 0.422224), (0.34375, 0.275), (0.34375, 0.422224), (0.34375, 0.275), (0.34375, 0.275), (0.34375, 0.422224), (0.34375, 0.439207), (0.34375, 0.275), (0.34375, 0.439207), (0.34375, 0.275), (0.34375, 0.275), (0.34375, 0.439207), (0.34375, 0.445), (0.34375, 0.275), (0.34375, 0.445), (0.34375, 0.275), (0.34375, 0.275), (0.34375, 0.445), (0.34375, 0.439207), (0.34375, 0.275), (0.34375, 0.439207), (0.34375, 0.275), (0.34375, 0.275), (0.34375, 0.439207), (0.34375, 0.422224), (0.34375, 0.275), (0.34375, 0.422224), (0.34375, 0.275), (0.34375, 0.275), (0.34375, 0.422224), (0.34375, 0.395208), (0.34375, 0.275), (0.34375, 0.395208), (0.34375, 0.275), (0.34375, 0.275), (0.34375, 0.395208), (0.34375, 0.36), (0.34375, 0.275), (0.34375, 0.36), (0.34375, 0.275), (0.34375, 0.275), (0.34375, 0.36), (0.34375, 0.318999), (0.34375, 0.275), (0.34375, 0.318999), (0.34375, 0.275), (0.34375, 0.275), (0.34375, 0.318999), (0.34375, 0.275), (0.34375, 0.275), (0.34375, 0.275), (0.34375, 0.275), (0.34375, 0.275), (0.34375, 0.275), (0.34375, 0.275), (0.34375, 0.36), (0.34375, 0.326764), (0.34375, 0.318999), (0.34375, 0.326764), (0.34375, 0.36), (0.34375, 0.375), (0.34375, 0.275), (0.34375, 0.275), (0.34375, 0.275), (0.34375, 0.275), (0.34375, 0.275), (0.34375, 0.275), (0.34375, 0.275), (0.34375, 0.275), (0.34375, 0.275), (0.34375, 0.275), (0.34375, 0.275), (0.34375, 0.275), (0.34375, 0.318999), (0.34375, 0.275), (0.34375, 0.275), (0.34375, 0.275), (0.34375, 0.318999), (0.34375, 0.326764), (0.34375, 0.275), (0.34375, 0.275), (0.34375, 0.275), (0.34375, 0.275), (0.34375, 0.275), (0.34375, 0.275), (0.34375, 0.275), (0.34375, 0.275), (0.34375, 0.275), (0.34375, 0.275), (0.34375, 0.275), (0.34375, 0.275), (0.34375, 0.275), (0.34375, 0.275), (0.34375, 0.275), (0.34375, 0.275), (0.34375, 0.275), (0.34375, 0.275), (0.34375, 0.275), (0.34375, 0.275), (0.34375, 0.275), (0.34375, 0.275), (0.34375, 0.275), (0.34375, 0.275), (0.34375, 0.275), (0.34375, 0.275), (0.34375, 0.275), (0.34375, 0.275), (0.34375, 0.275), (0.34375, 0.275), (0.34375, 0.275), (0.34375, 0.275), (0.34375, 0.275), (0.34375, 0.275), (0.34375, 0.275), (0.34375, 0.275), (0.34375, 0.275), (0.34375, 0.275), (0.34375, 0.275), (0.34375, 0.275), (0.34375, 0.275), (0.34375, 0.275), (0.34375, 0.395208), (0.34375, 0.375), (0.34375, 0.36), (0.34375, 0.375), (0.34375, 0.395208), (0.34375, 0.416421), (0.34375, 0.275), (0.34375, 0.275), (0.34375, 0.275), (0.34375, 0.275), (0.34375, 0.275), (0.34375, 0.275), (0.34375, 0.439207), (0.34375, 0.475), (0.34375, 0.445), (0.34375, 0.475), (0.34375, 0.439207), (0.34375, 0.468185), (0.34375, 0.439207), (0.34375, 0.448205), (0.34375, 0.422224), (0.34375, 0.448205), (0.34375, 0.439207), (0.34375, 0.468185), (0.34375, 0.445), (0.34375, 0.468185), (0.34375, 0.439207), (0.34375, 0.468185), (0.34375, 0.445), (0.34375, 0.475), (0.34375, 0.395208), (0.34375, 0.448205), (0.34375, 0.422224), (0.34375, 0.448205), (0.34375, 0.395208), (0.34375, 0.416421), (0.34375, 0.422224), (0.34375, 0.416421), (0.34375, 0.395208), (0.34375, 0.416421), (0.34375, 0.422224), (0.34375, 0.448205), (0.46875, 0.322426), (0.46875, 0.326631), (0.46875, 0.313723), (0.46875, 0.326631), (0.46875, 0.322426), (0.46875, 0.338234), (0.46875, 0.275), (0.46875, 0.275), (0.46875, 0.275), (0.46875, 0.275), (0.46875, 0.275), (0.46875, 0.275), (0.46875, 0.275), (0.46875, 0.289174), (0.46875, 0.275), (0.46875, 0.289174), (0.46875, 0.275), (0.46875, 0.275), (0.46875, 0.289174), (0.46875, 0.275), (0.46875, 0.302381), (0.46875, 0.302381), (0.46875, 0.275), (0.46875, 0.275), (0.46875, 0.302381), (0.46875, 0.275), (0.46875, 0.313723), (0.46875, 0.313723), (0.46875, 0.275), (0.46875, 0.275), (0.46875, 0.313723), (0.46875, 0.275), (0.46875, 0.322426), (0.46875, 0.322426), (0.46875, 0.275), (0.46875, 0.275), (0.46875, 0.322426), (0.46875, 0.275), (0.46875, 0.327897), (0.46875, 0.327897), (0.46875, 0.275), (0.46875, 0.275), (0.46875, 0.327897), (0.46875, 0.275), (0.46875, 0.329763), (0.46875, 0.329763), (0.46875, 0.275), (0.46875, 0.275), (0.46875, 0.329763), (0.46875, 0.275), (0.46875, 0.327897), (0.46875, 0.327897), (0.46875, 0.275), (0.46875, 0.275), (0.46875, 0.327897), (0.46875, 0.275), (0.46875, 0.322426), (0.46875, 0.322426), (0.46875, 0.275), (0.46875, 0.275), (0.46875, 0.322426), (0.46875, 0.275), (0.46875, 0.313723), (0.46875, 0.313723), (0.46875, 0.275), (0.46875, 0.275), (0.46875, 0.313723), (0.46875, 0.275), (0.46875, 0.302381), (0.46875, 0.302381), (0.46875, 0.275), (0.46875, 0.275), (0.46875, 0.302381), (0.46875, 0.275), (0.46875, 0.289174), (0.46875, 0.289174), (0.46875, 0.275), (0.46875, 0.275), (0.46875, 0.289174), (0.46875, 0.275), (0.46875, 0.275), (0.46875, 0.275), (0.46875, 0.289174), (0.46875, 0.293898), (0.46875, 0.311509), (0.46875, 0.313723), (0.46875, 0.302381), (0.46875, 0.313723), (0.46875, 0.311509), (0.46875, 0.326631), (0.46875, 0.275), (0.46875, 0.275), (0.46875, 0.275), (0.46875, 0.275), (0.46875, 0.275), (0.46875, 0.275), (0.46875, 0.275), (0.46875, 0.275), (0.46875, 0.275), (0.46875, 0.275), (0.46875, 0.275), (0.46875, 0.275), (0.46875, 0.275), (0.46875, 0.275), (0.46875, 0.275), (0.46875, 0.275), (0.46875, 0.275), (0.46875, 0.275), (0.46875, 0.275), (0.46875, 0.275), (0.46875, 0.275), (0.46875, 0.275), (0.46875, 0.275), (0.46875, 0.275), (0.46875, 0.313723), (0.46875, 0.311509), (0.46875, 0.302381), (0.46875, 0.311509), (0.46875, 0.313723), (0.46875, 0.326631), (0.46875, 0.302381), (0.46875, 0.293898), (0.46875, 0.289174), (0.46875, 0.293898), (0.46875, 0.302381), (0.46875, 0.311509), (0.46875, 0.345529), (0.46875, 0.329763), (0.46875, 0.327897), (0.46875, 0.329763), (0.46875, 0.345529), (0.46875, 0.348017), (0.46875, 0.348017), (0.46875, 0.327897), (0.46875, 0.329763), (0.46875, 0.327897), (0.46875, 0.348017), (0.46875, 0.345529), (0.46875, 0.327897), (0.46875, 0.338234), (0.46875, 0.322426), (0.46875, 0.338234), (0.46875, 0.327897), (0.46875, 0.345529), (0.46875, 0.326631), (0.46875, 0.322426), (0.46875, 0.313723), (0.46875, 0.322426), (0.46875, 0.326631), (0.46875, 0.338234), (0.46875, 0.275), (0.46875, 0.275), (0.46875, 0.275), (0.46875, 0.275), (0.46875, 0.275), (0.46875, 0.275), (0.46875, 0.293898), (0.46875, 0.275), (0.46875, 0.275), (0.46875, 0.275), (0.46875, 0.293898), (0.46875, 0.289174), (0.46875, 0.275), (0.46875, 0.275), (0.46875, 0.275), (0.46875, 0.275), (0.46875, 0.275), (0.46875, 0.275), (0.46875, 0.275), (0.46875, 0.275), (0.46875, 0.275), (0.46875, 0.275), (0.46875, 0.275), (0.46875, 0.275), (0.46875, 0.293898), (0.46875, 0.302381), (0.46875, 0.289174), (0.46875, 0.302381), (0.46875, 0.293898), (0.46875, 0.311509), (0.46875, 0.275), (0.46875, 0.275), (0.46875, 0.275), (0.46875, 0.275), (0.46875, 0.275), (0.46875, 0.275), (0.46875, 0.338234), (0.46875, 0.327897), (0.46875, 0.322426), (0.46875, 0.327897), (0.46875, 0.338234), (0.46875, 0.345529), (0.46875, 0.275), (0.46875, 0.275), (0.46875, 0.275), (0.46875, 0.275), (0.46875, 0.275), (0.46875, 0.275), (0.46875, 0.275), (0.46875, 0.275), (0.46875, 0.275), (0.46875, 0.275), (0.46875, 0.275), (0.46875, 0.275), (0.46875, 0.275), (0.46875, 0.275), (0.46875, 0.275), (0.46875, 0.275), (0.46875, 0.275), (0.46875, 0.275), (0.46875, 0.400882), (0.46875, 0.349118), (0.46875, 0.375), (0.46875, 0.349118), (0.46875, 0.400882), (0.46875, 0.425), (0.46875, 0.349118), (0.46875, 0.425), (0.46875, 0.325), (0.46875, 0.325), (0.46875, 0.425), (0.46875, 0.304289), (0.46875, 0.304289), (0.46875, 0.425), (0.46875, 0.445711), (0.46875, 0.304289), (0.46875, 0.445711), (0.46875, 0.375), (0.46875, 0.445711), (0.46875, 0.392193), (0.46875, 0.375), (0.46875, 0.304289), (0.46875, 0.375), (0.46875, 0.357807), (0.46875, 0.392193), (0.46875, 0.445711), (0.46875, 0.461603), (0.46875, 0.392193), (0.46875, 0.461603), (0.46875, 0.408214), (0.46875, 0.408214), (0.46875, 0.461603), (0.46875, 0.421971), (0.46875, 0.304289), (0.46875, 0.357807), (0.46875, 0.288397), (0.46875, 0.288397), (0.46875, 0.357807), (0.46875, 0.341786), (0.46875, 0.288397), (0.46875, 0.341786), (0.46875, 0.328029), (0.46875, 0.421971), (0.46875, 0.461603), (0.46875, 0.471593), (0.46875, 0.421971), (0.46875, 0.471593), (0.46875, 0.432528), (0.46875, 0.432528), (0.46875, 0.471593), (0.46875, 0.439164), (0.46875, 0.439164), (0.46875, 0.471593), (0.46875, 0.475), (0.46875, 0.439164), (0.46875, 0.475), (0.46875, 0.441427), (0.46875, 0.288397), (0.46875, 0.328029), (0.46875, 0.278407), (0.46875, 0.278407), (0.46875, 0.328029), (0.46875, 0.317472), (0.46875, 0.278407), (0.46875, 0.317472), (0.46875, 0.310836), (0.46875, 0.441427), (0.46875, 0.475), (0.46875, 0.471593), (0.46875, 0.441427), (0.46875, 0.471593), (0.46875, 0.439164), (0.46875, 0.439164), (0.46875, 0.471593), (0.46875, 0.432528), (0.46875, 0.278407), (0.46875, 0.310836), (0.46875, 0.275), (0.46875, 0.275), (0.46875, 0.310836), (0.46875, 0.308573), (0.46875, 0.275), (0.46875, 0.308573), (0.46875, 0.310836), (0.46875, 0.275), (0.46875, 0.310836), (0.46875, 0.278407), (0.46875, 0.278407), (0.46875, 0.310836), (0.46875, 0.317472), (0.46875, 0.432528), (0.46875, 0.471593), (0.46875, 0.461603), (0.46875, 0.432528), (0.46875, 0.461603), (0.46875, 0.421971), (0.46875, 0.421971), (0.46875, 0.461603), (0.46875, 0.408214), (0.46875, 0.278407), (0.46875, 0.317472), (0.46875, 0.288397), (0.46875, 0.288397), (0.46875, 0.317472), (0.46875, 0.328029), (0.46875, 0.288397), (0.46875, 0.328029), (0.46875, 0.341786), (0.46875, 0.408214), (0.46875, 0.461603), (0.46875, 0.445711), (0.46875, 0.288397), (0.46875, 0.341786), (0.46875, 0.304289), (0.46875, 0.408214), (0.46875, 0.445711), (0.46875, 0.392193), (0.46875, 0.304289), (0.46875, 0.341786), (0.46875, 0.357807), (0.46875, 0.392193), (0.46875, 0.445711), (0.46875, 0.375), (0.46875, 0.304289), (0.46875, 0.357807), (0.46875, 0.375), (0.46875, 0.304289), (0.46875, 0.375), (0.46875, 0.445711), (0.46875, 0.304289), (0.46875, 0.445711), (0.46875, 0.425), (0.46875, 0.304289), (0.46875, 0.425), (0.46875, 0.325), (0.46875, 0.325), (0.46875, 0.425), (0.46875, 0.400882), (0.46875, 0.325), (0.46875, 0.400882), (0.46875, 0.349118), (0.46875, 0.349118), (0.46875, 0.400882), (0.46875, 0.375), (0.59375, 0.525), (0.59375, 0.568999), (0.59375, 0.525), (0.59375, 0.568999), (0.59375, 0.525), (0.59375, 0.525), (0.59375, 0.568999), (0.59375, 0.525), (0.59375, 0.61), (0.59375, 0.61), (0.59375, 0.525), (0.59375, 0.525), (0.59375, 0.61), (0.59375, 0.525), (0.59375, 0.645208), (0.59375, 0.645208), (0.59375, 0.525), (0.59375, 0.525), (0.59375, 0.525), (0.59375, 0.525), (0.59375, 0.525), (0.59375, 0.553449), (0.59375, 0.645208), (0.59375, 0.525), (0.59375, 0.525), (0.59375, 0.525), (0.59375, 0.525), (0.59375, 0.525), (0.59375, 0.525), (0.59375, 0.525), (0.59375, 0.525), (0.59375, 0.525), (0.59375, 0.525), (0.59375, 0.645208), (0.59375, 0.553449), (0.59375, 0.672224), (0.59375, 0.672224), (0.59375, 0.553449), (0.59375, 0.57996), (0.59375, 0.672224), (0.59375, 0.57996), (0.59375, 0.602725), (0.59375, 0.525), (0.59375, 0.525), (0.59375, 0.525), (0.59375, 0.525), (0.59375, 0.525), (0.59375, 0.525), (0.59375, 0.525), (0.59375, 0.525), (0.59375, 0.525), (0.59375, 0.525), (0.59375, 0.525), (0.59375, 0.525), (0.59375, 0.525), (0.59375, 0.525), (0.59375, 0.525), (0.59375, 0.672224), (0.59375, 0.602725), (0.59375, 0.689207), (0.59375, 0.689207), (0.59375, 0.602725), (0.59375, 0.620194), (0.59375, 0.689207), (0.59375, 0.620194), (0.59375, 0.631175), (0.59375, 0.525), (0.59375, 0.525), (0.59375, 0.525), (0.59375, 0.525), (0.59375, 0.525), (0.59375, 0.525), (0.59375, 0.525), (0.59375, 0.525), (0.59375, 0.525), (0.59375, 0.689207), (0.59375, 0.631175), (0.59375, 0.695), (0.59375, 0.695), (0.59375, 0.631175), (0.59375, 0.63492), (0.59375, 0.695), (0.59375, 0.63492), (0.59375, 0.631175), (0.59375, 0.695), (0.59375, 0.631175), (0.59375, 0.689207), (0.59375, 0.689207), (0.59375, 0.631175), (0.59375, 0.620194), (0.59375, 0.525), (0.59375, 0.525), (0.59375, 0.525), (0.59375, 0.525), (0.59375, 0.525), (0.59375, 0.525), (0.59375, 0.525), (0.59375, 0.525), (0.59375, 0.525), (0.59375, 0.689207), (0.59375, 0.620194), (0.59375, 0.672224), (0.59375, 0.672224), (0.59375, 0.620194), (0.59375, 0.602725), (0.59375, 0.672224), (0.59375, 0.602725), (0.59375, 0.57996), (0.59375, 0.525), (0.59375, 0.525), (0.59375, 0.525), (0.59375, 0.672224), (0.59375, 0.57996), (0.59375, 0.645208), (0.59375, 0.525), (0.59375, 0.525), (0.59375, 0.525), (0.59375, 0.645208), (0.59375, 0.57996), (0.59375, 0.553449), (0.59375, 0.525), (0.59375, 0.525), (0.59375, 0.525), (0.59375, 0.645208), (0.59375, 0.553449), (0.59375, 0.525), (0.59375, 0.645208), (0.59375, 0.525), (0.59375, 0.525), (0.59375, 0.645208), (0.59375, 0.525), (0.59375, 0.525), (0.59375, 0.645208), (0.59375, 0.525), (0.59375, 0.61), (0.59375, 0.61), (0.59375, 0.525), (0.59375, 0.525), (0.59375, 0.61), (0.59375, 0.525), (0.59375, 0.568999), (0.59375, 0.568999), (0.59375, 0.525), (0.59375, 0.525), (0.34375, 0.275), (0.34375, 0.275), (0.34375, 0.275), (0.34375, 0.275), (0.34375, 0.275), (0.34375, 0.275), (0.34375, 0.375), (0.34375, 0.326764), (0.34375, 0.326764), (0.34375, 0.326764), (0.34375, 0.375), (0.34375, 0.375), (0.34375, 0.468185), (0.34375, 0.475), (0.34375, 0.468185), (0.34375, 0.475), (0.34375, 0.468185), (0.34375, 0.475), (0.34375, 0.275), (0.34375, 0.275), (0.34375, 0.275), (0.34375, 0.275), (0.34375, 0.275), (0.34375, 0.275), (0.34375, 0.468185), (0.34375, 0.448205), (0.34375, 0.448205), (0.34375, 0.448205), (0.34375, 0.468185), (0.34375, 0.468185), (0.34375, 0.275), (0.34375, 0.275), (0.34375, 0.275), (0.34375, 0.275), (0.34375, 0.275), (0.34375, 0.275), (0.34375, 0.326764), (0.34375, 0.36), (0.34375, 0.318999), (0.34375, 0.36), (0.34375, 0.326764), (0.34375, 0.375), (0.34375, 0.448205), (0.34375, 0.468185), (0.34375, 0.468185), (0.34375, 0.468185), (0.34375, 0.448205), (0.34375, 0.448205), (0.34375, 0.416421), (0.34375, 0.375), (0.34375, 0.375), (0.34375, 0.375), (0.34375, 0.416421), (0.34375, 0.416421), (0.34375, 0.275), (0.34375, 0.275), (0.34375, 0.275), (0.34375, 0.275), (0.34375, 0.275), (0.34375, 0.275), (0.34375, 0.445), (0.34375, 0.468185), (0.34375, 0.475), (0.34375, 0.468185), (0.34375, 0.445), (0.34375, 0.439207), (0.34375, 0.275), (0.34375, 0.275), (0.34375, 0.275), (0.34375, 0.275), (0.34375, 0.275), (0.34375, 0.275), (0.34375, 0.275), (0.34375, 0.275), (0.34375, 0.275), (0.34375, 0.275), (0.34375, 0.275), (0.34375, 0.275), (0.34375, 0.36), (0.34375, 0.326764), (0.34375, 0.318999), (0.34375, 0.326764), (0.34375, 0.36), (0.34375, 0.375), (0.34375, 0.326764), (0.34375, 0.275), (0.34375, 0.275), (0.34375, 0.275), (0.34375, 0.326764), (0.34375, 0.318999), (0.34375, 0.275), (0.34375, 0.275), (0.34375, 0.275), (0.34375, 0.275), (0.34375, 0.275), (0.34375, 0.275), (0.34375, 0.275), (0.34375, 0.275), (0.34375, 0.275), (0.34375, 0.275), (0.34375, 0.275), (0.34375, 0.275), (0.34375, 0.422224), (0.34375, 0.416421), (0.34375, 0.448205), (0.34375, 0.416421), (0.34375, 0.422224), (0.34375, 0.395208), (0.34375, 0.275), (0.34375, 0.275), (0.34375, 0.275), (0.34375, 0.275), (0.34375, 0.275), (0.34375, 0.275), (0.34375, 0.468185), (0.34375, 0.422224), (0.34375, 0.448205), (0.34375, 0.422224), (0.34375, 0.468185), (0.34375, 0.439207), (0.34375, 0.275), (0.34375, 0.275), (0.34375, 0.275), (0.34375, 0.275), (0.34375, 0.275), (0.34375, 0.275), (0.34375, 0.375), (0.34375, 0.326764), (0.34375, 0.326764), (0.34375, 0.326764), (0.34375, 0.375), (0.34375, 0.375), (0.34375, 0.439207), (0.34375, 0.475), (0.34375, 0.468185), (0.34375, 0.475), (0.34375, 0.439207), (0.34375, 0.445), (0.34375, 0.275), (0.34375, 0.275), (0.34375, 0.275), (0.34375, 0.275), (0.34375, 0.275), (0.34375, 0.275), (0.34375, 0.275), (0.34375, 0.275), (0.34375, 0.275), (0.34375, 0.275), (0.34375, 0.275), (0.34375, 0.275), (0.34375, 0.395208), (0.34375, 0.375), (0.34375, 0.36), (0.34375, 0.375), (0.34375, 0.395208), (0.34375, 0.416421), (0.34375, 0.275), (0.34375, 0.275), (0.34375, 0.275), (0.34375, 0.275), (0.34375, 0.275), (0.34375, 0.275), (0.34375, 0.326764), (0.34375, 0.275), (0.34375, 0.275), (0.34375, 0.275), (0.34375, 0.326764), (0.34375, 0.326764), (0.34375, 0.275), (0.34375, 0.275), (0.34375, 0.275), (0.34375, 0.275), (0.34375, 0.275), (0.34375, 0.275), (0.34375, 0.448205), (0.34375, 0.439207), (0.34375, 0.468185), (0.34375, 0.439207), (0.34375, 0.448205), (0.34375, 0.422224), (0.34375, 0.275), (0.34375, 0.275), (0.34375, 0.275), (0.34375, 0.275), (0.34375, 0.275), (0.34375, 0.275), (0.34375, 0.375), (0.34375, 0.395208), (0.34375, 0.36), (0.34375, 0.395208), (0.34375, 0.375), (0.34375, 0.416421), (0.34375, 0.275), (0.34375, 0.275), (0.34375, 0.275), (0.34375, 0.275), (0.34375, 0.275), (0.34375, 0.275), (0.34375, 0.275), (0.34375, 0.275), (0.34375, 0.275), (0.34375, 0.275), (0.34375, 0.275), (0.34375, 0.275), (0.34375, 0.275), (0.34375, 0.275), (0.34375, 0.275), (0.34375, 0.275), (0.34375, 0.275), (0.34375, 0.275), (0.34375, 0.326764), (0.34375, 0.275), (0.34375, 0.275), (0.34375, 0.275), (0.34375, 0.326764), (0.34375, 0.326764), (0.34375, 0.275), (0.34375, 0.275), (0.34375, 0.275), (0.34375, 0.275), (0.34375, 0.275), (0.34375, 0.275), (0.34375, 0.416421), (0.34375, 0.448205), (0.34375, 0.448205), (0.34375, 0.448205), (0.34375, 0.416421), (0.34375, 0.416421), (0.34375, 0.275), (0.34375, 0.275), (0.34375, 0.275), (0.34375, 0.275), (0.34375, 0.275), (0.34375, 0.275), (0.34375, 0.318999), (0.34375, 0.275), (0.34375, 0.275), (0.34375, 0.275), (0.34375, 0.318999), (0.34375, 0.326764), (0.34375, 0.275), (0.34375, 0.275), (0.34375, 0.275), (0.34375, 0.275), (0.34375, 0.275), (0.34375, 0.275), (0.34375, 0.416421), (0.34375, 0.422224), (0.34375, 0.448205), (0.34375, 0.422224), (0.34375, 0.416421), (0.34375, 0.395208), (0.34375, 0.475), (0.34375, 0.468185), (0.34375, 0.468185), (0.34375, 0.468185), (0.34375, 0.475), (0.34375, 0.475), (0.34375, 0.448205), (0.34375, 0.416421), (0.34375, 0.416421), (0.34375, 0.416421), (0.34375, 0.448205), (0.34375, 0.448205), (0.34375, 0.275), (0.34375, 0.275), (0.34375, 0.275), (0.34375, 0.275), (0.34375, 0.275), (0.34375, 0.275), (0.34375, 0.416421), (0.34375, 0.375), (0.34375, 0.375), (0.34375, 0.375), (0.34375, 0.416421), (0.34375, 0.416421), (0.34375, 0.275), (0.34375, 0.275), (0.34375, 0.275), (0.34375, 0.275), (0.34375, 0.275), (0.34375, 0.275), (0.34375, 0.275), (0.34375, 0.275), (0.34375, 0.275), (0.34375, 0.275), (0.34375, 0.275), (0.34375, 0.275), (0.34375, 0.326764), (0.34375, 0.275), (0.34375, 0.275), (0.34375, 0.275), (0.34375, 0.326764), (0.34375, 0.318999), (0.34375, 0.326764), (0.34375, 0.36), (0.34375, 0.318999), (0.34375, 0.36), (0.34375, 0.326764), (0.34375, 0.375), (0.34375, 0.375), (0.34375, 0.395208), (0.34375, 0.36), (0.34375, 0.395208), (0.34375, 0.375), (0.34375, 0.416421), (0.34375, 0.422224), (0.34375, 0.468185), (0.34375, 0.439207), (0.34375, 0.468185), (0.34375, 0.422224), (0.34375, 0.448205), (0.34375, 0.275), (0.34375, 0.275), (0.34375, 0.275), (0.34375, 0.275), (0.34375, 0.275), (0.34375, 0.275), (0.34375, 0.318999), (0.34375, 0.275), (0.34375, 0.275), (0.34375, 0.275), (0.34375, 0.318999), (0.34375, 0.36), (0.34375, 0.275), (0.34375, 0.36), (0.34375, 0.275), (0.34375, 0.275), (0.34375, 0.36), (0.34375, 0.395208), (0.34375, 0.275), (0.34375, 0.395208), (0.34375, 0.275), (0.34375, 0.275), (0.34375, 0.395208), (0.34375, 0.422224), (0.34375, 0.275), (0.34375, 0.422224), (0.34375, 0.275), (0.34375, 0.275), (0.34375, 0.422224), (0.34375, 0.439207), (0.34375, 0.275), (0.34375, 0.439207), (0.34375, 0.275), (0.34375, 0.275), (0.34375, 0.439207), (0.34375, 0.445), (0.34375, 0.275), (0.34375, 0.445), (0.34375, 0.275), (0.34375, 0.275), (0.34375, 0.445), (0.34375, 0.439207), (0.34375, 0.275), (0.34375, 0.439207), (0.34375, 0.275), (0.34375, 0.275), (0.34375, 0.439207), (0.34375, 0.422224), (0.34375, 0.275), (0.34375, 0.422224), (0.34375, 0.275), (0.34375, 0.275), (0.34375, 0.422224), (0.34375, 0.395208), (0.34375, 0.275), (0.34375, 0.395208), (0.34375, 0.275), (0.34375, 0.275), (0.34375, 0.395208), (0.34375, 0.36), (0.34375, 0.275), (0.34375, 0.36), (0.34375, 0.275), (0.34375, 0.275), (0.34375, 0.36), (0.34375, 0.318999), (0.34375, 0.275), (0.34375, 0.318999), (0.34375, 0.275), (0.34375, 0.275), (0.34375, 0.318999), (0.34375, 0.275), (0.34375, 0.275), (0.34375, 0.275), (0.34375, 0.275), (0.34375, 0.275), (0.34375, 0.275), (0.34375, 0.275), (0.34375, 0.36), (0.34375, 0.326764), (0.34375, 0.318999), (0.34375, 0.326764), (0.34375, 0.36), (0.34375, 0.375), (0.34375, 0.275), (0.34375, 0.275), (0.34375, 0.275), (0.34375, 0.275), (0.34375, 0.275), (0.34375, 0.275), (0.34375, 0.275), (0.34375, 0.275), (0.34375, 0.275), (0.34375, 0.275), (0.34375, 0.275), (0.34375, 0.275), (0.34375, 0.318999), (0.34375, 0.275), (0.34375, 0.275), (0.34375, 0.275), (0.34375, 0.318999), (0.34375, 0.326764), (0.34375, 0.275), (0.34375, 0.275), (0.34375, 0.275), (0.34375, 0.275), (0.34375, 0.275), (0.34375, 0.275), (0.34375, 0.275), (0.34375, 0.275), (0.34375, 0.275), (0.34375, 0.275), (0.34375, 0.275), (0.34375, 0.275), (0.34375, 0.275), (0.34375, 0.275), (0.34375, 0.275), (0.34375, 0.275), (0.34375, 0.275), (0.34375, 0.275), (0.34375, 0.275), (0.34375, 0.275), (0.34375, 0.275), (0.34375, 0.275), (0.34375, 0.275), (0.34375, 0.275), (0.34375, 0.275), (0.34375, 0.275), (0.34375, 0.275), (0.34375, 0.275), (0.34375, 0.275), (0.34375, 0.275), (0.34375, 0.275), (0.34375, 0.275), (0.34375, 0.275), (0.34375, 0.275), (0.34375, 0.275), (0.34375, 0.275), (0.34375, 0.275), (0.34375, 0.275), (0.34375, 0.275), (0.34375, 0.275), (0.34375, 0.275), (0.34375, 0.275), (0.34375, 0.395208), (0.34375, 0.375), (0.34375, 0.36), (0.34375, 0.375), (0.34375, 0.395208), (0.34375, 0.416421), (0.34375, 0.275), (0.34375, 0.275), (0.34375, 0.275), (0.34375, 0.275), (0.34375, 0.275), (0.34375, 0.275), (0.34375, 0.439207), (0.34375, 0.475), (0.34375, 0.445), (0.34375, 0.475), (0.34375, 0.439207), (0.34375, 0.468185), (0.34375, 0.439207), (0.34375, 0.448205), (0.34375, 0.422224), (0.34375, 0.448205), (0.34375, 0.439207), (0.34375, 0.468185), (0.34375, 0.445), (0.34375, 0.468185), (0.34375, 0.439207), (0.34375, 0.468185), (0.34375, 0.445), (0.34375, 0.475), (0.34375, 0.395208), (0.34375, 0.448205), (0.34375, 0.422224), (0.34375, 0.448205), (0.34375, 0.395208), (0.34375, 0.416421), (0.34375, 0.422224), (0.34375, 0.416421), (0.34375, 0.395208), (0.34375, 0.416421), (0.34375, 0.422224), (0.34375, 0.448205), (0.46875, 0.322426), (0.46875, 0.326631), (0.46875, 0.313723), (0.46875, 0.326631), (0.46875, 0.322426), (0.46875, 0.338234), (0.46875, 0.275), (0.46875, 0.275), (0.46875, 0.275), (0.46875, 0.275), (0.46875, 0.275), (0.46875, 0.275), (0.46875, 0.275), (0.46875, 0.289174), (0.46875, 0.275), (0.46875, 0.289174), (0.46875, 0.275), (0.46875, 0.275), (0.46875, 0.289174), (0.46875, 0.275), (0.46875, 0.302381), (0.46875, 0.302381), (0.46875, 0.275), (0.46875, 0.275), (0.46875, 0.302381), (0.46875, 0.275), (0.46875, 0.313723), (0.46875, 0.313723), (0.46875, 0.275), (0.46875, 0.275), (0.46875, 0.313723), (0.46875, 0.275), (0.46875, 0.322426), (0.46875, 0.322426), (0.46875, 0.275), (0.46875, 0.275), (0.46875, 0.322426), (0.46875, 0.275), (0.46875, 0.327897), (0.46875, 0.327897), (0.46875, 0.275), (0.46875, 0.275), (0.46875, 0.327897), (0.46875, 0.275), (0.46875, 0.329763), (0.46875, 0.329763), (0.46875, 0.275), (0.46875, 0.275), (0.46875, 0.329763), (0.46875, 0.275), (0.46875, 0.327897), (0.46875, 0.327897), (0.46875, 0.275), (0.46875, 0.275), (0.46875, 0.327897), (0.46875, 0.275), (0.46875, 0.322426), (0.46875, 0.322426), (0.46875, 0.275), (0.46875, 0.275), (0.46875, 0.322426), (0.46875, 0.275), (0.46875, 0.313723), (0.46875, 0.313723), (0.46875, 0.275), (0.46875, 0.275), (0.46875, 0.313723), (0.46875, 0.275), (0.46875, 0.302381), (0.46875, 0.302381), (0.46875, 0.275), (0.46875, 0.275), (0.46875, 0.302381), (0.46875, 0.275), (0.46875, 0.289174), (0.46875, 0.289174), (0.46875, 0.275), (0.46875, 0.275), (0.46875, 0.289174), (0.46875, 0.275), (0.46875, 0.275), (0.46875, 0.275), (0.46875, 0.289174), (0.46875, 0.293898), (0.46875, 0.311509), (0.46875, 0.313723), (0.46875, 0.302381), (0.46875, 0.313723), (0.46875, 0.311509), (0.46875, 0.326631), (0.46875, 0.275), (0.46875, 0.275), (0.46875, 0.275), (0.46875, 0.275), (0.46875, 0.275), (0.46875, 0.275), (0.46875, 0.275), (0.46875, 0.275), (0.46875, 0.275), (0.46875, 0.275), (0.46875, 0.275), (0.46875, 0.275), (0.46875, 0.275), (0.46875, 0.275), (0.46875, 0.275), (0.46875, 0.275), (0.46875, 0.275), (0.46875, 0.275), (0.46875, 0.275), (0.46875, 0.275), (0.46875, 0.275), (0.46875, 0.275), (0.46875, 0.275), (0.46875, 0.275), (0.46875, 0.313723), (0.46875, 0.311509), (0.46875, 0.302381), (0.46875, 0.311509), (0.46875, 0.313723), (0.46875, 0.326631), (0.46875, 0.302381), (0.46875, 0.293898), (0.46875, 0.289174), (0.46875, 0.293898), (0.46875, 0.302381), (0.46875, 0.311509), (0.46875, 0.345529), (0.46875, 0.329763), (0.46875, 0.327897), (0.46875, 0.329763), (0.46875, 0.345529), (0.46875, 0.348017), (0.46875, 0.348017), (0.46875, 0.327897), (0.46875, 0.329763), (0.46875, 0.327897), (0.46875, 0.348017), (0.46875, 0.345529), (0.46875, 0.327897), (0.46875, 0.338234), (0.46875, 0.322426), (0.46875, 0.338234), (0.46875, 0.327897), (0.46875, 0.345529), (0.46875, 0.326631), (0.46875, 0.322426), (0.46875, 0.313723), (0.46875, 0.322426), (0.46875, 0.326631), (0.46875, 0.338234), (0.46875, 0.275), (0.46875, 0.275), (0.46875, 0.275), (0.46875, 0.275), (0.46875, 0.275), (0.46875, 0.275), (0.46875, 0.293898), (0.46875, 0.275), (0.46875, 0.275), (0.46875, 0.275), (0.46875, 0.293898), (0.46875, 0.289174), (0.46875, 0.275), (0.46875, 0.275), (0.46875, 0.275), (0.46875, 0.275), (0.46875, 0.275), (0.46875, 0.275), (0.46875, 0.275), (0.46875, 0.275), (0.46875, 0.275), (0.46875, 0.275), (0.46875, 0.275), (0.46875, 0.275), (0.46875, 0.293898), (0.46875, 0.302381), (0.46875, 0.289174), (0.46875, 0.302381), (0.46875, 0.293898), (0.46875, 0.311509), (0.46875, 0.275), (0.46875, 0.275), (0.46875, 0.275), (0.46875, 0.275), (0.46875, 0.275), (0.46875, 0.275), (0.46875, 0.338234), (0.46875, 0.327897), (0.46875, 0.322426), (0.46875, 0.327897), (0.46875, 0.338234), (0.46875, 0.345529), (0.46875, 0.275), (0.46875, 0.275), (0.46875, 0.275), (0.46875, 0.275), (0.46875, 0.275), (0.46875, 0.275), (0.46875, 0.275), (0.46875, 0.275), (0.46875, 0.275), (0.46875, 0.275), (0.46875, 0.275), (0.46875, 0.275), (0.46875, 0.275), (0.46875, 0.275), (0.46875, 0.275), (0.46875, 0.275), (0.46875, 0.275), (0.46875, 0.275), (0.46875, 0.400882), (0.46875, 0.349118), (0.46875, 0.375), (0.46875, 0.349118), (0.46875, 0.400882), (0.46875, 0.425), (0.46875, 0.349118), (0.46875, 0.425), (0.46875, 0.325), (0.46875, 0.325), (0.46875, 0.425), (0.46875, 0.304289), (0.46875, 0.304289), (0.46875, 0.425), (0.46875, 0.445711), (0.46875, 0.304289), (0.46875, 0.445711), (0.46875, 0.375), (0.46875, 0.445711), (0.46875, 0.392193), (0.46875, 0.375), (0.46875, 0.304289), (0.46875, 0.375), (0.46875, 0.357807), (0.46875, 0.392193), (0.46875, 0.445711), (0.46875, 0.461603), (0.46875, 0.392193), (0.46875, 0.461603), (0.46875, 0.408214), (0.46875, 0.408214), (0.46875, 0.461603), (0.46875, 0.421971), (0.46875, 0.304289), (0.46875, 0.357807), (0.46875, 0.288397), (0.46875, 0.288397), (0.46875, 0.357807), (0.46875, 0.341786), (0.46875, 0.288397), (0.46875, 0.341786), (0.46875, 0.328029), (0.46875, 0.421971), (0.46875, 0.461603), (0.46875, 0.471593), (0.46875, 0.421971), (0.46875, 0.471593), (0.46875, 0.432528), (0.46875, 0.432528), (0.46875, 0.471593), (0.46875, 0.439164), (0.46875, 0.439164), (0.46875, 0.471593), (0.46875, 0.475), (0.46875, 0.439164), (0.46875, 0.475), (0.46875, 0.441427), (0.46875, 0.288397), (0.46875, 0.328029), (0.46875, 0.278407), (0.46875, 0.278407), (0.46875, 0.328029), (0.46875, 0.317472), (0.46875, 0.278407), (0.46875, 0.317472), (0.46875, 0.310836), (0.46875, 0.441427), (0.46875, 0.475), (0.46875, 0.471593), (0.46875, 0.441427), (0.46875, 0.471593), (0.46875, 0.439164), (0.46875, 0.439164), (0.46875, 0.471593), (0.46875, 0.432528), (0.46875, 0.278407), (0.46875, 0.310836), (0.46875, 0.275), (0.46875, 0.275), (0.46875, 0.310836), (0.46875, 0.308573), (0.46875, 0.275), (0.46875, 0.308573), (0.46875, 0.310836), (0.46875, 0.275), (0.46875, 0.310836), (0.46875, 0.278407), (0.46875, 0.278407), (0.46875, 0.310836), (0.46875, 0.317472), (0.46875, 0.432528), (0.46875, 0.471593), (0.46875, 0.461603), (0.46875, 0.432528), (0.46875, 0.461603), (0.46875, 0.421971), (0.46875, 0.421971), (0.46875, 0.461603), (0.46875, 0.408214), (0.46875, 0.278407), (0.46875, 0.317472), (0.46875, 0.288397), (0.46875, 0.288397), (0.46875, 0.317472), (0.46875, 0.328029), (0.46875, 0.288397), (0.46875, 0.328029), (0.46875, 0.341786), (0.46875, 0.408214), (0.46875, 0.461603), (0.46875, 0.445711), (0.46875, 0.288397), (0.46875, 0.341786), (0.46875, 0.304289), (0.46875, 0.408214), (0.46875, 0.445711), (0.46875, 0.392193), (0.46875, 0.304289), (0.46875, 0.341786), (0.46875, 0.357807), (0.46875, 0.392193), (0.46875, 0.445711), (0.46875, 0.375), (0.46875, 0.304289), (0.46875, 0.357807), (0.46875, 0.375), (0.46875, 0.304289), (0.46875, 0.375), (0.46875, 0.445711), (0.46875, 0.304289), (0.46875, 0.445711), (0.46875, 0.425), (0.46875, 0.304289), (0.46875, 0.425), (0.46875, 0.325), (0.46875, 0.325), (0.46875, 0.425), (0.46875, 0.400882), (0.46875, 0.325), (0.46875, 0.400882), (0.46875, 0.349118), (0.46875, 0.349118), (0.46875, 0.400882), (0.46875, 0.375), (0.59375, 0.525), (0.59375, 0.568999), (0.59375, 0.525), (0.59375, 0.568999), (0.59375, 0.525), (0.59375, 0.525), (0.59375, 0.568999), (0.59375, 0.525), (0.59375, 0.61), (0.59375, 0.61), (0.59375, 0.525), (0.59375, 0.525), (0.59375, 0.61), (0.59375, 0.525), (0.59375, 0.645208), (0.59375, 0.645208), (0.59375, 0.525), (0.59375, 0.525), (0.59375, 0.525), (0.59375, 0.525), (0.59375, 0.525), (0.59375, 0.553449), (0.59375, 0.645208), (0.59375, 0.525), (0.59375, 0.525), (0.59375, 0.525), (0.59375, 0.525), (0.59375, 0.525), (0.59375, 0.525), (0.59375, 0.525), (0.59375, 0.525), (0.59375, 0.525), (0.59375, 0.525), (0.59375, 0.645208), (0.59375, 0.553449), (0.59375, 0.672224), (0.59375, 0.672224), (0.59375, 0.553449), (0.59375, 0.57996), (0.59375, 0.672224), (0.59375, 0.57996), (0.59375, 0.602725), (0.59375, 0.525), (0.59375, 0.525), (0.59375, 0.525), (0.59375, 0.525), (0.59375, 0.525), (0.59375, 0.525), (0.59375, 0.525), (0.59375, 0.525), (0.59375, 0.525), (0.59375, 0.525), (0.59375, 0.525), (0.59375, 0.525), (0.59375, 0.525), (0.59375, 0.525), (0.59375, 0.525), (0.59375, 0.672224), (0.59375, 0.602725), (0.59375, 0.689207), (0.59375, 0.689207), (0.59375, 0.602725), (0.59375, 0.620194), (0.59375, 0.689207), (0.59375, 0.620194), (0.59375, 0.631175), (0.59375, 0.525), (0.59375, 0.525), (0.59375, 0.525), (0.59375, 0.525), (0.59375, 0.525), (0.59375, 0.525), (0.59375, 0.525), (0.59375, 0.525), (0.59375, 0.525), (0.59375, 0.689207), (0.59375, 0.631175), (0.59375, 0.695), (0.59375, 0.695), (0.59375, 0.631175), (0.59375, 0.63492), (0.59375, 0.695), (0.59375, 0.63492), (0.59375, 0.631175), (0.59375, 0.695), (0.59375, 0.631175), (0.59375, 0.689207), (0.59375, 0.689207), (0.59375, 0.631175), (0.59375, 0.620194), (0.59375, 0.525), (0.59375, 0.525), (0.59375, 0.525), (0.59375, 0.525), (0.59375, 0.525), (0.59375, 0.525), (0.59375, 0.525), (0.59375, 0.525), (0.59375, 0.525), (0.59375, 0.689207), (0.59375, 0.620194), (0.59375, 0.672224), (0.59375, 0.672224), (0.59375, 0.620194), (0.59375, 0.602725), (0.59375, 0.672224), (0.59375, 0.602725), (0.59375, 0.57996), (0.59375, 0.525), (0.59375, 0.525), (0.59375, 0.525), (0.59375, 0.672224), (0.59375, 0.57996), (0.59375, 0.645208), (0.59375, 0.525), (0.59375, 0.525), (0.59375, 0.525), (0.59375, 0.645208), (0.59375, 0.57996), (0.59375, 0.553449), (0.59375, 0.525), (0.59375, 0.525), (0.59375, 0.525), (0.59375, 0.645208), (0.59375, 0.553449), (0.59375, 0.525), (0.59375, 0.645208), (0.59375, 0.525), (0.59375, 0.525), (0.59375, 0.645208), (0.59375, 0.525), (0.59375, 0.525), (0.59375, 0.645208), (0.59375, 0.525), (0.59375, 0.61), (0.59375, 0.61), (0.59375, 0.525), (0.59375, 0.525), (0.59375, 0.61), (0.59375, 0.525), (0.59375, 0.568999), (0.59375, 0.568999), (0.59375, 0.525), (0.59375, 0.525), (0.34375, 0.275), (0.34375, 0.275), (0.34375, 0.275), (0.34375, 0.275), (0.34375, 0.275), (0.34375, 0.275), (0.34375, 0.375), (0.34375, 0.326764), (0.34375, 0.326764), (0.34375, 0.326764), (0.34375, 0.375), (0.34375, 0.375), (0.34375, 0.468185), (0.34375, 0.475), (0.34375, 0.468185), (0.34375, 0.475), (0.34375, 0.468185), (0.34375, 0.475), (0.34375, 0.275), (0.34375, 0.275), (0.34375, 0.275), (0.34375, 0.275), (0.34375, 0.275), (0.34375, 0.275), (0.34375, 0.468185), (0.34375, 0.448205), (0.34375, 0.448205), (0.34375, 0.448205), (0.34375, 0.468185), (0.34375, 0.468185), (0.34375, 0.275), (0.34375, 0.275), (0.34375, 0.275), (0.34375, 0.275), (0.34375, 0.275), (0.34375, 0.275), (0.34375, 0.326764), (0.34375, 0.36), (0.34375, 0.318999), (0.34375, 0.36), (0.34375, 0.326764), (0.34375, 0.375), (0.34375, 0.448205), (0.34375, 0.468185), (0.34375, 0.468185), (0.34375, 0.468185), (0.34375, 0.448205), (0.34375, 0.448205), (0.34375, 0.416421), (0.34375, 0.375), (0.34375, 0.375), (0.34375, 0.375), (0.34375, 0.416421), (0.34375, 0.416421), (0.34375, 0.275), (0.34375, 0.275), (0.34375, 0.275), (0.34375, 0.275), (0.34375, 0.275), (0.34375, 0.275), (0.34375, 0.445), (0.34375, 0.468185), (0.34375, 0.475), (0.34375, 0.468185), (0.34375, 0.445), (0.34375, 0.439207), (0.34375, 0.275), (0.34375, 0.275), (0.34375, 0.275), (0.34375, 0.275), (0.34375, 0.275), (0.34375, 0.275), (0.34375, 0.275), (0.34375, 0.275), (0.34375, 0.275), (0.34375, 0.275), (0.34375, 0.275), (0.34375, 0.275), (0.34375, 0.36), (0.34375, 0.326764), (0.34375, 0.318999), (0.34375, 0.326764), (0.34375, 0.36), (0.34375, 0.375), (0.34375, 0.326764), (0.34375, 0.275), (0.34375, 0.275), (0.34375, 0.275), (0.34375, 0.326764), (0.34375, 0.318999), (0.34375, 0.275), (0.34375, 0.275), (0.34375, 0.275), (0.34375, 0.275), (0.34375, 0.275), (0.34375, 0.275), (0.34375, 0.275), (0.34375, 0.275), (0.34375, 0.275), (0.34375, 0.275), (0.34375, 0.275), (0.34375, 0.275), (0.34375, 0.422224), (0.34375, 0.416421), (0.34375, 0.448205), (0.34375, 0.416421), (0.34375, 0.422224), (0.34375, 0.395208), (0.34375, 0.275), (0.34375, 0.275), (0.34375, 0.275), (0.34375, 0.275), (0.34375, 0.275), (0.34375, 0.275), (0.34375, 0.468185), (0.34375, 0.422224), (0.34375, 0.448205), (0.34375, 0.422224), (0.34375, 0.468185), (0.34375, 0.439207), (0.34375, 0.275), (0.34375, 0.275), (0.34375, 0.275), (0.34375, 0.275), (0.34375, 0.275), (0.34375, 0.275), (0.34375, 0.375), (0.34375, 0.326764), (0.34375, 0.326764), (0.34375, 0.326764), (0.34375, 0.375), (0.34375, 0.375), (0.34375, 0.439207), (0.34375, 0.475), (0.34375, 0.468185), (0.34375, 0.475), (0.34375, 0.439207), (0.34375, 0.445), (0.34375, 0.275), (0.34375, 0.275), (0.34375, 0.275), (0.34375, 0.275), (0.34375, 0.275), (0.34375, 0.275), (0.34375, 0.275), (0.34375, 0.275), (0.34375, 0.275), (0.34375, 0.275), (0.34375, 0.275), (0.34375, 0.275), (0.34375, 0.395208), (0.34375, 0.375), (0.34375, 0.36), (0.34375, 0.375), (0.34375, 0.395208), (0.34375, 0.416421), (0.34375, 0.275), (0.34375, 0.275), (0.34375, 0.275), (0.34375, 0.275), (0.34375, 0.275), (0.34375, 0.275), (0.34375, 0.326764), (0.34375, 0.275), (0.34375, 0.275), (0.34375, 0.275), (0.34375, 0.326764), (0.34375, 0.326764), (0.34375, 0.275), (0.34375, 0.275), (0.34375, 0.275), (0.34375, 0.275), (0.34375, 0.275), (0.34375, 0.275), (0.34375, 0.448205), (0.34375, 0.439207), (0.34375, 0.468185), (0.34375, 0.439207), (0.34375, 0.448205), (0.34375, 0.422224), (0.34375, 0.275), (0.34375, 0.275), (0.34375, 0.275), (0.34375, 0.275), (0.34375, 0.275), (0.34375, 0.275), (0.34375, 0.375), (0.34375, 0.395208), (0.34375, 0.36), (0.34375, 0.395208), (0.34375, 0.375), (0.34375, 0.416421), (0.34375, 0.275), (0.34375, 0.275), (0.34375, 0.275), (0.34375, 0.275), (0.34375, 0.275), (0.34375, 0.275), (0.34375, 0.275), (0.34375, 0.275), (0.34375, 0.275), (0.34375, 0.275), (0.34375, 0.275), (0.34375, 0.275), (0.34375, 0.275), (0.34375, 0.275), (0.34375, 0.275), (0.34375, 0.275), (0.34375, 0.275), (0.34375, 0.275), (0.34375, 0.326764), (0.34375, 0.275), (0.34375, 0.275), (0.34375, 0.275), (0.34375, 0.326764), (0.34375, 0.326764), (0.34375, 0.275), (0.34375, 0.275), (0.34375, 0.275), (0.34375, 0.275), (0.34375, 0.275), (0.34375, 0.275), (0.34375, 0.416421), (0.34375, 0.448205), (0.34375, 0.448205), (0.34375, 0.448205), (0.34375, 0.416421), (0.34375, 0.416421), (0.34375, 0.275), (0.34375, 0.275), (0.34375, 0.275), (0.34375, 0.275), (0.34375, 0.275), (0.34375, 0.275), (0.34375, 0.318999), (0.34375, 0.275), (0.34375, 0.275), (0.34375, 0.275), (0.34375, 0.318999), (0.34375, 0.326764), (0.34375, 0.275), (0.34375, 0.275), (0.34375, 0.275), (0.34375, 0.275), (0.34375, 0.275), (0.34375, 0.275), (0.34375, 0.416421), (0.34375, 0.422224), (0.34375, 0.448205), (0.34375, 0.422224), (0.34375, 0.416421), (0.34375, 0.395208), (0.34375, 0.475), (0.34375, 0.468185), (0.34375, 0.468185), (0.34375, 0.468185), (0.34375, 0.475), (0.34375, 0.475), (0.34375, 0.448205), (0.34375, 0.416421), (0.34375, 0.416421), (0.34375, 0.416421), (0.34375, 0.448205), (0.34375, 0.448205), (0.34375, 0.275), (0.34375, 0.275), (0.34375, 0.275), (0.34375, 0.275), (0.34375, 0.275), (0.34375, 0.275), (0.34375, 0.416421), (0.34375, 0.375), (0.34375, 0.375), (0.34375, 0.375), (0.34375, 0.416421), (0.34375, 0.416421), (0.34375, 0.275), (0.34375, 0.275), (0.34375, 0.275), (0.34375, 0.275), (0.34375, 0.275), (0.34375, 0.275), (0.34375, 0.275), (0.34375, 0.275), (0.34375, 0.275), (0.34375, 0.275), (0.34375, 0.275), (0.34375, 0.275), (0.34375, 0.326764), (0.34375, 0.275), (0.34375, 0.275), (0.34375, 0.275), (0.34375, 0.326764), (0.34375, 0.318999), (0.34375, 0.326764), (0.34375, 0.36), (0.34375, 0.318999), (0.34375, 0.36), (0.34375, 0.326764), (0.34375, 0.375), (0.34375, 0.375), (0.34375, 0.395208), (0.34375, 0.36), (0.34375, 0.395208), (0.34375, 0.375), (0.34375, 0.416421), (0.34375, 0.422224), (0.34375, 0.468185), (0.34375, 0.439207), (0.34375, 0.468185), (0.34375, 0.422224), (0.34375, 0.448205), (0.34375, 0.275), (0.34375, 0.275), (0.34375, 0.275), (0.34375, 0.275), (0.34375, 0.275), (0.34375, 0.275), (0.34375, 0.318999), (0.34375, 0.275), (0.34375, 0.275), (0.34375, 0.275), (0.34375, 0.318999), (0.34375, 0.36), (0.34375, 0.275), (0.34375, 0.36), (0.34375, 0.275), (0.34375, 0.275), (0.34375, 0.36), (0.34375, 0.395208), (0.34375, 0.275), (0.34375, 0.395208), (0.34375, 0.275), (0.34375, 0.275), (0.34375, 0.395208), (0.34375, 0.422224), (0.34375, 0.275), (0.34375, 0.422224), (0.34375, 0.275), (0.34375, 0.275), (0.34375, 0.422224), (0.34375, 0.439207), (0.34375, 0.275), (0.34375, 0.439207), (0.34375, 0.275), (0.34375, 0.275), (0.34375, 0.439207), (0.34375, 0.445), (0.34375, 0.275), (0.34375, 0.445), (0.34375, 0.275), (0.34375, 0.275), (0.34375, 0.445), (0.34375, 0.439207), (0.34375, 0.275), (0.34375, 0.439207), (0.34375, 0.275), (0.34375, 0.275), (0.34375, 0.439207), (0.34375, 0.422224), (0.34375, 0.275), (0.34375, 0.422224), (0.34375, 0.275), (0.34375, 0.275), (0.34375, 0.422224), (0.34375, 0.395208), (0.34375, 0.275), (0.34375, 0.395208), (0.34375, 0.275), (0.34375, 0.275), (0.34375, 0.395208), (0.34375, 0.36), (0.34375, 0.275), (0.34375, 0.36), (0.34375, 0.275), (0.34375, 0.275), (0.34375, 0.36), (0.34375, 0.318999), (0.34375, 0.275), (0.34375, 0.318999), (0.34375, 0.275), (0.34375, 0.275), (0.34375, 0.318999), (0.34375, 0.275), (0.34375, 0.275), (0.34375, 0.275), (0.34375, 0.275), (0.34375, 0.275), (0.34375, 0.275), (0.34375, 0.275), (0.34375, 0.36), (0.34375, 0.326764), (0.34375, 0.318999), (0.34375, 0.326764), (0.34375, 0.36), (0.34375, 0.375), (0.34375, 0.275), (0.34375, 0.275), (0.34375, 0.275), (0.34375, 0.275), (0.34375, 0.275), (0.34375, 0.275), (0.34375, 0.275), (0.34375, 0.275), (0.34375, 0.275), (0.34375, 0.275), (0.34375, 0.275), (0.34375, 0.275), (0.34375, 0.318999), (0.34375, 0.275), (0.34375, 0.275), (0.34375, 0.275), (0.34375, 0.318999), (0.34375, 0.326764), (0.34375, 0.275), (0.34375, 0.275), (0.34375, 0.275), (0.34375, 0.275), (0.34375, 0.275), (0.34375, 0.275), (0.34375, 0.275), (0.34375, 0.275), (0.34375, 0.275), (0.34375, 0.275), (0.34375, 0.275), (0.34375, 0.275), (0.34375, 0.275), (0.34375, 0.275), (0.34375, 0.275), (0.34375, 0.275), (0.34375, 0.275), (0.34375, 0.275), (0.34375, 0.275), (0.34375, 0.275), (0.34375, 0.275), (0.34375, 0.275), (0.34375, 0.275), (0.34375, 0.275), (0.34375, 0.275), (0.34375, 0.275), (0.34375, 0.275), (0.34375, 0.275), (0.34375, 0.275), (0.34375, 0.275), (0.34375, 0.275), (0.34375, 0.275), (0.34375, 0.275), (0.34375, 0.275), (0.34375, 0.275), (0.34375, 0.275), (0.34375, 0.275), (0.34375, 0.275), (0.34375, 0.275), (0.34375, 0.275), (0.34375, 0.275), (0.34375, 0.275), (0.34375, 0.395208), (0.34375, 0.375), (0.34375, 0.36), (0.34375, 0.375), (0.34375, 0.395208), (0.34375, 0.416421), (0.34375, 0.275), (0.34375, 0.275), (0.34375, 0.275), (0.34375, 0.275), (0.34375, 0.275), (0.34375, 0.275), (0.34375, 0.439207), (0.34375, 0.475), (0.34375, 0.445), (0.34375, 0.475), (0.34375, 0.439207), (0.34375, 0.468185), (0.34375, 0.439207), (0.34375, 0.448205), (0.34375, 0.422224), (0.34375, 0.448205), (0.34375, 0.439207), (0.34375, 0.468185), (0.34375, 0.445), (0.34375, 0.468185), (0.34375, 0.439207), (0.34375, 0.468185), (0.34375, 0.445), (0.34375, 0.475), (0.34375, 0.395208), (0.34375, 0.448205), (0.34375, 0.422224), (0.34375, 0.448205), (0.34375, 0.395208), (0.34375, 0.416421), (0.34375, 0.422224), (0.34375, 0.416421), (0.34375, 0.395208), (0.34375, 0.416421), (0.34375, 0.422224), (0.34375, 0.448205), (0.46875, 0.322426), (0.46875, 0.326631), (0.46875, 0.313723), (0.46875, 0.326631), (0.46875, 0.322426), (0.46875, 0.338234), (0.46875, 0.275), (0.46875, 0.275), (0.46875, 0.275), (0.46875, 0.275), (0.46875, 0.275), (0.46875, 0.275), (0.46875, 0.275), (0.46875, 0.289174), (0.46875, 0.275), (0.46875, 0.289174), (0.46875, 0.275), (0.46875, 0.275), (0.46875, 0.289174), (0.46875, 0.275), (0.46875, 0.302381), (0.46875, 0.302381), (0.46875, 0.275), (0.46875, 0.275), (0.46875, 0.302381), (0.46875, 0.275), (0.46875, 0.313723), (0.46875, 0.313723), (0.46875, 0.275), (0.46875, 0.275), (0.46875, 0.313723), (0.46875, 0.275), (0.46875, 0.322426), (0.46875, 0.322426), (0.46875, 0.275), (0.46875, 0.275), (0.46875, 0.322426), (0.46875, 0.275), (0.46875, 0.327897), (0.46875, 0.327897), (0.46875, 0.275), (0.46875, 0.275), (0.46875, 0.327897), (0.46875, 0.275), (0.46875, 0.329763), (0.46875, 0.329763), (0.46875, 0.275), (0.46875, 0.275), (0.46875, 0.329763), (0.46875, 0.275), (0.46875, 0.327897), (0.46875, 0.327897), (0.46875, 0.275), (0.46875, 0.275), (0.46875, 0.327897), (0.46875, 0.275), (0.46875, 0.322426), (0.46875, 0.322426), (0.46875, 0.275), (0.46875, 0.275), (0.46875, 0.322426), (0.46875, 0.275), (0.46875, 0.313723), (0.46875, 0.313723), (0.46875, 0.275), (0.46875, 0.275), (0.46875, 0.313723), (0.46875, 0.275), (0.46875, 0.302381), (0.46875, 0.302381), (0.46875, 0.275), (0.46875, 0.275), (0.46875, 0.302381), (0.46875, 0.275), (0.46875, 0.289174), (0.46875, 0.289174), (0.46875, 0.275), (0.46875, 0.275), (0.46875, 0.289174), (0.46875, 0.275), (0.46875, 0.275), (0.46875, 0.275), (0.46875, 0.289174), (0.46875, 0.293898), (0.46875, 0.311509), (0.46875, 0.313723), (0.46875, 0.302381), (0.46875, 0.313723), (0.46875, 0.311509), (0.46875, 0.326631), (0.46875, 0.275), (0.46875, 0.275), (0.46875, 0.275), (0.46875, 0.275), (0.46875, 0.275), (0.46875, 0.275), (0.46875, 0.275), (0.46875, 0.275), (0.46875, 0.275), (0.46875, 0.275), (0.46875, 0.275), (0.46875, 0.275), (0.46875, 0.275), (0.46875, 0.275), (0.46875, 0.275), (0.46875, 0.275), (0.46875, 0.275), (0.46875, 0.275), (0.46875, 0.275), (0.46875, 0.275), (0.46875, 0.275), (0.46875, 0.275), (0.46875, 0.275), (0.46875, 0.275), (0.46875, 0.313723), (0.46875, 0.311509), (0.46875, 0.302381), (0.46875, 0.311509), (0.46875, 0.313723), (0.46875, 0.326631), (0.46875, 0.302381), (0.46875, 0.293898), (0.46875, 0.289174), (0.46875, 0.293898), (0.46875, 0.302381), (0.46875, 0.311509), (0.46875, 0.345529), (0.46875, 0.329763), (0.46875, 0.327897), (0.46875, 0.329763), (0.46875, 0.345529), (0.46875, 0.348017), (0.46875, 0.348017), (0.46875, 0.327897), (0.46875, 0.329763), (0.46875, 0.327897), (0.46875, 0.348017), (0.46875, 0.345529), (0.46875, 0.327897), (0.46875, 0.338234), (0.46875, 0.322426), (0.46875, 0.338234), (0.46875, 0.327897), (0.46875, 0.345529), (0.46875, 0.326631), (0.46875, 0.322426), (0.46875, 0.313723), (0.46875, 0.322426), (0.46875, 0.326631), (0.46875, 0.338234), (0.46875, 0.275), (0.46875, 0.275), (0.46875, 0.275), (0.46875, 0.275), (0.46875, 0.275), (0.46875, 0.275), (0.46875, 0.293898), (0.46875, 0.275), (0.46875, 0.275), (0.46875, 0.275), (0.46875, 0.293898), (0.46875, 0.289174), (0.46875, 0.275), (0.46875, 0.275), (0.46875, 0.275), (0.46875, 0.275), (0.46875, 0.275), (0.46875, 0.275), (0.46875, 0.275), (0.46875, 0.275), (0.46875, 0.275), (0.46875, 0.275), (0.46875, 0.275), (0.46875, 0.275), (0.46875, 0.293898), (0.46875, 0.302381), (0.46875, 0.289174), (0.46875, 0.302381), (0.46875, 0.293898), (0.46875, 0.311509), (0.46875, 0.275), (0.46875, 0.275), (0.46875, 0.275), (0.46875, 0.275), (0.46875, 0.275), (0.46875, 0.275), (0.46875, 0.338234), (0.46875, 0.327897), (0.46875, 0.322426), (0.46875, 0.327897), (0.46875, 0.338234), (0.46875, 0.345529), (0.46875, 0.275), (0.46875, 0.275), (0.46875, 0.275), (0.46875, 0.275), (0.46875, 0.275), (0.46875, 0.275), (0.46875, 0.275), (0.46875, 0.275), (0.46875, 0.275), (0.46875, 0.275), (0.46875, 0.275), (0.46875, 0.275), (0.46875, 0.275), (0.46875, 0.275), (0.46875, 0.275), (0.46875, 0.275), (0.46875, 0.275), (0.46875, 0.275), (0.46875, 0.400882), (0.46875, 0.349118), (0.46875, 0.375), (0.46875, 0.349118), (0.46875, 0.400882), (0.46875, 0.425), (0.46875, 0.349118), (0.46875, 0.425), (0.46875, 0.325), (0.46875, 0.325), (0.46875, 0.425), (0.46875, 0.304289), (0.46875, 0.304289), (0.46875, 0.425), (0.46875, 0.445711), (0.46875, 0.304289), (0.46875, 0.445711), (0.46875, 0.375), (0.46875, 0.445711), (0.46875, 0.392193), (0.46875, 0.375), (0.46875, 0.304289), (0.46875, 0.375), (0.46875, 0.357807), (0.46875, 0.392193), (0.46875, 0.445711), (0.46875, 0.461603), (0.46875, 0.392193), (0.46875, 0.461603), (0.46875, 0.408214), (0.46875, 0.408214), (0.46875, 0.461603), (0.46875, 0.421971), (0.46875, 0.304289), (0.46875, 0.357807), (0.46875, 0.288397), (0.46875, 0.288397), (0.46875, 0.357807), (0.46875, 0.341786), (0.46875, 0.288397), (0.46875, 0.341786), (0.46875, 0.328029), (0.46875, 0.421971), (0.46875, 0.461603), (0.46875, 0.471593), (0.46875, 0.421971), (0.46875, 0.471593), (0.46875, 0.432528), (0.46875, 0.432528), (0.46875, 0.471593), (0.46875, 0.439164), (0.46875, 0.439164), (0.46875, 0.471593), (0.46875, 0.475), (0.46875, 0.439164), (0.46875, 0.475), (0.46875, 0.441427), (0.46875, 0.288397), (0.46875, 0.328029), (0.46875, 0.278407), (0.46875, 0.278407), (0.46875, 0.328029), (0.46875, 0.317472), (0.46875, 0.278407), (0.46875, 0.317472), (0.46875, 0.310836), (0.46875, 0.441427), (0.46875, 0.475), (0.46875, 0.471593), (0.46875, 0.441427), (0.46875, 0.471593), (0.46875, 0.439164), (0.46875, 0.439164), (0.46875, 0.471593), (0.46875, 0.432528), (0.46875, 0.278407), (0.46875, 0.310836), (0.46875, 0.275), (0.46875, 0.275), (0.46875, 0.310836), (0.46875, 0.308573), (0.46875, 0.275), (0.46875, 0.308573), (0.46875, 0.310836), (0.46875, 0.275), (0.46875, 0.310836), (0.46875, 0.278407), (0.46875, 0.278407), (0.46875, 0.310836), (0.46875, 0.317472), (0.46875, 0.432528), (0.46875, 0.471593), (0.46875, 0.461603), (0.46875, 0.432528), (0.46875, 0.461603), (0.46875, 0.421971), (0.46875, 0.421971), (0.46875, 0.461603), (0.46875, 0.408214), (0.46875, 0.278407), (0.46875, 0.317472), (0.46875, 0.288397), (0.46875, 0.288397), (0.46875, 0.317472), (0.46875, 0.328029), (0.46875, 0.288397), (0.46875, 0.328029), (0.46875, 0.341786), (0.46875, 0.408214), (0.46875, 0.461603), (0.46875, 0.445711), (0.46875, 0.288397), (0.46875, 0.341786), (0.46875, 0.304289), (0.46875, 0.408214), (0.46875, 0.445711), (0.46875, 0.392193), (0.46875, 0.304289), (0.46875, 0.341786), (0.46875, 0.357807), (0.46875, 0.392193), (0.46875, 0.445711), (0.46875, 0.375), (0.46875, 0.304289), (0.46875, 0.357807), (0.46875, 0.375), (0.46875, 0.304289), (0.46875, 0.375), (0.46875, 0.445711), (0.46875, 0.304289), (0.46875, 0.445711), (0.46875, 0.425), (0.46875, 0.304289), (0.46875, 0.425), (0.46875, 0.325), (0.46875, 0.325), (0.46875, 0.425), (0.46875, 0.400882), (0.46875, 0.325), (0.46875, 0.400882), (0.46875, 0.349118), (0.46875, 0.349118), (0.46875, 0.400882), (0.46875, 0.375), (0.59375, 0.525), (0.59375, 0.568999), (0.59375, 0.525), (0.59375, 0.568999), (0.59375, 0.525), (0.59375, 0.525), (0.59375, 0.568999), (0.59375, 0.525), (0.59375, 0.61), (0.59375, 0.61), (0.59375, 0.525), (0.59375, 0.525), (0.59375, 0.61), (0.59375, 0.525), (0.59375, 0.645208), (0.59375, 0.645208), (0.59375, 0.525), (0.59375, 0.525), (0.59375, 0.525), (0.59375, 0.525), (0.59375, 0.525), (0.59375, 0.553449), (0.59375, 0.645208), (0.59375, 0.525), (0.59375, 0.525), (0.59375, 0.525), (0.59375, 0.525), (0.59375, 0.525), (0.59375, 0.525), (0.59375, 0.525), (0.59375, 0.525), (0.59375, 0.525), (0.59375, 0.525), (0.59375, 0.645208), (0.59375, 0.553449), (0.59375, 0.672224), (0.59375, 0.672224), (0.59375, 0.553449), (0.59375, 0.57996), (0.59375, 0.672224), (0.59375, 0.57996), (0.59375, 0.602725), (0.59375, 0.525), (0.59375, 0.525), (0.59375, 0.525), (0.59375, 0.525), (0.59375, 0.525), (0.59375, 0.525), (0.59375, 0.525), (0.59375, 0.525), (0.59375, 0.525), (0.59375, 0.525), (0.59375, 0.525), (0.59375, 0.525), (0.59375, 0.525), (0.59375, 0.525), (0.59375, 0.525), (0.59375, 0.672224), (0.59375, 0.602725), (0.59375, 0.689207), (0.59375, 0.689207), (0.59375, 0.602725), (0.59375, 0.620194), (0.59375, 0.689207), (0.59375, 0.620194), (0.59375, 0.631175), (0.59375, 0.525), (0.59375, 0.525), (0.59375, 0.525), (0.59375, 0.525), (0.59375, 0.525), (0.59375, 0.525), (0.59375, 0.525), (0.59375, 0.525), (0.59375, 0.525), (0.59375, 0.689207), (0.59375, 0.631175), (0.59375, 0.695), (0.59375, 0.695), (0.59375, 0.631175), (0.59375, 0.63492), (0.59375, 0.695), (0.59375, 0.63492), (0.59375, 0.631175), (0.59375, 0.695), (0.59375, 0.631175), (0.59375, 0.689207), (0.59375, 0.689207), (0.59375, 0.631175), (0.59375, 0.620194), (0.59375, 0.525), (0.59375, 0.525), (0.59375, 0.525), (0.59375, 0.525), (0.59375, 0.525), (0.59375, 0.525), (0.59375, 0.525), (0.59375, 0.525), (0.59375, 0.525), (0.59375, 0.689207), (0.59375, 0.620194), (0.59375, 0.672224), (0.59375, 0.672224), (0.59375, 0.620194), (0.59375, 0.602725), (0.59375, 0.672224), (0.59375, 0.602725), (0.59375, 0.57996), (0.59375, 0.525), (0.59375, 0.525), (0.59375, 0.525), (0.59375, 0.672224), (0.59375, 0.57996), (0.59375, 0.645208), (0.59375, 0.525), (0.59375, 0.525), (0.59375, 0.525), (0.59375, 0.645208), (0.59375, 0.57996), (0.59375, 0.553449), (0.59375, 0.525), (0.59375, 0.525), (0.59375, 0.525), (0.59375, 0.645208), (0.59375, 0.553449), (0.59375, 0.525), (0.59375, 0.645208), (0.59375, 0.525), (0.59375, 0.525), (0.59375, 0.645208), (0.59375, 0.525), (0.59375, 0.525), (0.59375, 0.645208), (0.59375, 0.525), (0.59375, 0.61), (0.59375, 0.61), (0.59375, 0.525), (0.59375, 0.525), (0.59375, 0.61), (0.59375, 0.525), (0.59375, 0.568999), (0.59375, 0.568999), (0.59375, 0.525), (0.59375, 0.525), (0.34375, 0.275), (0.34375, 0.275), (0.34375, 0.275), (0.34375, 0.275), (0.34375, 0.275), (0.34375, 0.275), (0.34375, 0.375), (0.34375, 0.326764), (0.34375, 0.326764), (0.34375, 0.326764), (0.34375, 0.375), (0.34375, 0.375), (0.34375, 0.468185), (0.34375, 0.475), (0.34375, 0.468185), (0.34375, 0.475), (0.34375, 0.468185), (0.34375, 0.475), (0.34375, 0.275), (0.34375, 0.275), (0.34375, 0.275), (0.34375, 0.275), (0.34375, 0.275), (0.34375, 0.275), (0.34375, 0.468185), (0.34375, 0.448205), (0.34375, 0.448205), (0.34375, 0.448205), (0.34375, 0.468185), (0.34375, 0.468185), (0.34375, 0.275), (0.34375, 0.275), (0.34375, 0.275), (0.34375, 0.275), (0.34375, 0.275), (0.34375, 0.275), (0.34375, 0.326764), (0.34375, 0.36), (0.34375, 0.318999), (0.34375, 0.36), (0.34375, 0.326764), (0.34375, 0.375), (0.34375, 0.448205), (0.34375, 0.468185), (0.34375, 0.468185), (0.34375, 0.468185), (0.34375, 0.448205), (0.34375, 0.448205), (0.34375, 0.416421), (0.34375, 0.375), (0.34375, 0.375), (0.34375, 0.375), (0.34375, 0.416421), (0.34375, 0.416421), (0.34375, 0.275), (0.34375, 0.275), (0.34375, 0.275), (0.34375, 0.275), (0.34375, 0.275), (0.34375, 0.275), (0.34375, 0.445), (0.34375, 0.468185), (0.34375, 0.475), (0.34375, 0.468185), (0.34375, 0.445), (0.34375, 0.439207), (0.34375, 0.275), (0.34375, 0.275), (0.34375, 0.275), (0.34375, 0.275), (0.34375, 0.275), (0.34375, 0.275), (0.34375, 0.275), (0.34375, 0.275), (0.34375, 0.275), (0.34375, 0.275), (0.34375, 0.275), (0.34375, 0.275), (0.34375, 0.36), (0.34375, 0.326764), (0.34375, 0.318999), (0.34375, 0.326764), (0.34375, 0.36), (0.34375, 0.375), (0.34375, 0.326764), (0.34375, 0.275), (0.34375, 0.275), (0.34375, 0.275), (0.34375, 0.326764), (0.34375, 0.318999), (0.34375, 0.275), (0.34375, 0.275), (0.34375, 0.275), (0.34375, 0.275), (0.34375, 0.275), (0.34375, 0.275), (0.34375, 0.275), (0.34375, 0.275), (0.34375, 0.275), (0.34375, 0.275), (0.34375, 0.275), (0.34375, 0.275), (0.34375, 0.422224), (0.34375, 0.416421), (0.34375, 0.448205), (0.34375, 0.416421), (0.34375, 0.422224), (0.34375, 0.395208), (0.34375, 0.275), (0.34375, 0.275), (0.34375, 0.275), (0.34375, 0.275), (0.34375, 0.275), (0.34375, 0.275), (0.34375, 0.468185), (0.34375, 0.422224), (0.34375, 0.448205), (0.34375, 0.422224), (0.34375, 0.468185), (0.34375, 0.439207), (0.34375, 0.275), (0.34375, 0.275), (0.34375, 0.275), (0.34375, 0.275), (0.34375, 0.275), (0.34375, 0.275), (0.34375, 0.375), (0.34375, 0.326764), (0.34375, 0.326764), (0.34375, 0.326764), (0.34375, 0.375), (0.34375, 0.375), (0.34375, 0.439207), (0.34375, 0.475), (0.34375, 0.468185), (0.34375, 0.475), (0.34375, 0.439207), (0.34375, 0.445), (0.34375, 0.275), (0.34375, 0.275), (0.34375, 0.275), (0.34375, 0.275), (0.34375, 0.275), (0.34375, 0.275), (0.34375, 0.275), (0.34375, 0.275), (0.34375, 0.275), (0.34375, 0.275), (0.34375, 0.275), (0.34375, 0.275), (0.34375, 0.395208), (0.34375, 0.375), (0.34375, 0.36), (0.34375, 0.375), (0.34375, 0.395208), (0.34375, 0.416421), (0.34375, 0.275), (0.34375, 0.275), (0.34375, 0.275), (0.34375, 0.275), (0.34375, 0.275), (0.34375, 0.275), (0.34375, 0.326764), (0.34375, 0.275), (0.34375, 0.275), (0.34375, 0.275), (0.34375, 0.326764), (0.34375, 0.326764), (0.34375, 0.275), (0.34375, 0.275), (0.34375, 0.275), (0.34375, 0.275), (0.34375, 0.275), (0.34375, 0.275), (0.34375, 0.448205), (0.34375, 0.439207), (0.34375, 0.468185), (0.34375, 0.439207), (0.34375, 0.448205), (0.34375, 0.422224), (0.34375, 0.275), (0.34375, 0.275), (0.34375, 0.275), (0.34375, 0.275), (0.34375, 0.275), (0.34375, 0.275), (0.34375, 0.375), (0.34375, 0.395208), (0.34375, 0.36), (0.34375, 0.395208), (0.34375, 0.375), (0.34375, 0.416421), (0.34375, 0.275), (0.34375, 0.275), (0.34375, 0.275), (0.34375, 0.275), (0.34375, 0.275), (0.34375, 0.275), (0.34375, 0.275), (0.34375, 0.275), (0.34375, 0.275), (0.34375, 0.275), (0.34375, 0.275), (0.34375, 0.275), (0.34375, 0.275), (0.34375, 0.275), (0.34375, 0.275), (0.34375, 0.275), (0.34375, 0.275), (0.34375, 0.275), (0.34375, 0.326764), (0.34375, 0.275), (0.34375, 0.275), (0.34375, 0.275), (0.34375, 0.326764), (0.34375, 0.326764), (0.34375, 0.275), (0.34375, 0.275), (0.34375, 0.275), (0.34375, 0.275), (0.34375, 0.275), (0.34375, 0.275), (0.34375, 0.416421), (0.34375, 0.448205), (0.34375, 0.448205), (0.34375, 0.448205), (0.34375, 0.416421), (0.34375, 0.416421), (0.34375, 0.275), (0.34375, 0.275), (0.34375, 0.275), (0.34375, 0.275), (0.34375, 0.275), (0.34375, 0.275), (0.34375, 0.318999), (0.34375, 0.275), (0.34375, 0.275), (0.34375, 0.275), (0.34375, 0.318999), (0.34375, 0.326764), (0.34375, 0.275), (0.34375, 0.275), (0.34375, 0.275), (0.34375, 0.275), (0.34375, 0.275), (0.34375, 0.275), (0.34375, 0.416421), (0.34375, 0.422224), (0.34375, 0.448205), (0.34375, 0.422224), (0.34375, 0.416421), (0.34375, 0.395208), (0.34375, 0.475), (0.34375, 0.468185), (0.34375, 0.468185), (0.34375, 0.468185), (0.34375, 0.475), (0.34375, 0.475), (0.34375, 0.448205), (0.34375, 0.416421), (0.34375, 0.416421), (0.34375, 0.416421), (0.34375, 0.448205), (0.34375, 0.448205), (0.34375, 0.275), (0.34375, 0.275), (0.34375, 0.275), (0.34375, 0.275), (0.34375, 0.275), (0.34375, 0.275), (0.34375, 0.416421), (0.34375, 0.375), (0.34375, 0.375), (0.34375, 0.375), (0.34375, 0.416421), (0.34375, 0.416421), (0.34375, 0.275), (0.34375, 0.275), (0.34375, 0.275), (0.34375, 0.275), (0.34375, 0.275), (0.34375, 0.275), (0.34375, 0.275), (0.34375, 0.275), (0.34375, 0.275), (0.34375, 0.275), (0.34375, 0.275), (0.34375, 0.275), (0.34375, 0.326764), (0.34375, 0.275), (0.34375, 0.275), (0.34375, 0.275), (0.34375, 0.326764), (0.34375, 0.318999), (0.34375, 0.326764), (0.34375, 0.36), (0.34375, 0.318999), (0.34375, 0.36), (0.34375, 0.326764), (0.34375, 0.375), (0.34375, 0.375), (0.34375, 0.395208), (0.34375, 0.36), (0.34375, 0.395208), (0.34375, 0.375), (0.34375, 0.416421), (0.34375, 0.422224), (0.34375, 0.468185), (0.34375, 0.439207), (0.34375, 0.468185), (0.34375, 0.422224), (0.34375, 0.448205), (0.34375, 0.275), (0.34375, 0.275), (0.34375, 0.275), (0.34375, 0.275), (0.34375, 0.275), (0.34375, 0.275), (0.34375, 0.318999), (0.34375, 0.275), (0.34375, 0.275), (0.34375, 0.275), (0.34375, 0.318999), (0.34375, 0.36), (0.34375, 0.275), (0.34375, 0.36), (0.34375, 0.275), (0.34375, 0.275), (0.34375, 0.36), (0.34375, 0.395208), (0.34375, 0.275), (0.34375, 0.395208), (0.34375, 0.275), (0.34375, 0.275), (0.34375, 0.395208), (0.34375, 0.422224), (0.34375, 0.275), (0.34375, 0.422224), (0.34375, 0.275), (0.34375, 0.275), (0.34375, 0.422224), (0.34375, 0.439207), (0.34375, 0.275), (0.34375, 0.439207), (0.34375, 0.275), (0.34375, 0.275), (0.34375, 0.439207), (0.34375, 0.445), (0.34375, 0.275), (0.34375, 0.445), (0.34375, 0.275), (0.34375, 0.275), (0.34375, 0.445), (0.34375, 0.439207), (0.34375, 0.275), (0.34375, 0.439207), (0.34375, 0.275), (0.34375, 0.275), (0.34375, 0.439207), (0.34375, 0.422224), (0.34375, 0.275), (0.34375, 0.422224), (0.34375, 0.275), (0.34375, 0.275), (0.34375, 0.422224), (0.34375, 0.395208), (0.34375, 0.275), (0.34375, 0.395208), (0.34375, 0.275), (0.34375, 0.275), (0.34375, 0.395208), (0.34375, 0.36), (0.34375, 0.275), (0.34375, 0.36), (0.34375, 0.275), (0.34375, 0.275), (0.34375, 0.36), (0.34375, 0.318999), (0.34375, 0.275), (0.34375, 0.318999), (0.34375, 0.275), (0.34375, 0.275), (0.34375, 0.318999), (0.34375, 0.275), (0.34375, 0.275), (0.34375, 0.275), (0.34375, 0.275), (0.34375, 0.275), (0.34375, 0.275), (0.34375, 0.275), (0.34375, 0.36), (0.34375, 0.326764), (0.34375, 0.318999), (0.34375, 0.326764), (0.34375, 0.36), (0.34375, 0.375), (0.34375, 0.275), (0.34375, 0.275), (0.34375, 0.275), (0.34375, 0.275), (0.34375, 0.275), (0.34375, 0.275), (0.34375, 0.275), (0.34375, 0.275), (0.34375, 0.275), (0.34375, 0.275), (0.34375, 0.275), (0.34375, 0.275), (0.34375, 0.318999), (0.34375, 0.275), (0.34375, 0.275), (0.34375, 0.275), (0.34375, 0.318999), (0.34375, 0.326764), (0.34375, 0.275), (0.34375, 0.275), (0.34375, 0.275), (0.34375, 0.275), (0.34375, 0.275), (0.34375, 0.275), (0.34375, 0.275), (0.34375, 0.275), (0.34375, 0.275), (0.34375, 0.275), (0.34375, 0.275), (0.34375, 0.275), (0.34375, 0.275), (0.34375, 0.275), (0.34375, 0.275), (0.34375, 0.275), (0.34375, 0.275), (0.34375, 0.275), (0.34375, 0.275), (0.34375, 0.275), (0.34375, 0.275), (0.34375, 0.275), (0.34375, 0.275), (0.34375, 0.275), (0.34375, 0.275), (0.34375, 0.275), (0.34375, 0.275), (0.34375, 0.275), (0.34375, 0.275), (0.34375, 0.275), (0.34375, 0.275), (0.34375, 0.275), (0.34375, 0.275), (0.34375, 0.275), (0.34375, 0.275), (0.34375, 0.275), (0.34375, 0.275), (0.34375, 0.275), (0.34375, 0.275), (0.34375, 0.275), (0.34375, 0.275), (0.34375, 0.275), (0.34375, 0.395208), (0.34375, 0.375), (0.34375, 0.36), (0.34375, 0.375), (0.34375, 0.395208), (0.34375, 0.416421), (0.34375, 0.275), (0.34375, 0.275), (0.34375, 0.275), (0.34375, 0.275), (0.34375, 0.275), (0.34375, 0.275), (0.34375, 0.439207), (0.34375, 0.475), (0.34375, 0.445), (0.34375, 0.475), (0.34375, 0.439207), (0.34375, 0.468185), (0.34375, 0.439207), (0.34375, 0.448205), (0.34375, 0.422224), (0.34375, 0.448205), (0.34375, 0.439207), (0.34375, 0.468185), (0.34375, 0.445), (0.34375, 0.468185), (0.34375, 0.439207), (0.34375, 0.468185), (0.34375, 0.445), (0.34375, 0.475), (0.34375, 0.395208), (0.34375, 0.448205), (0.34375, 0.422224), (0.34375, 0.448205), (0.34375, 0.395208), (0.34375, 0.416421), (0.34375, 0.422224), (0.34375, 0.416421), (0.34375, 0.395208), (0.34375, 0.416421), (0.34375, 0.422224), (0.34375, 0.448205), (0.46875, 0.322426), (0.46875, 0.326631), (0.46875, 0.313723), (0.46875, 0.326631), (0.46875, 0.322426), (0.46875, 0.338234), (0.46875, 0.275), (0.46875, 0.275), (0.46875, 0.275), (0.46875, 0.275), (0.46875, 0.275), (0.46875, 0.275), (0.46875, 0.275), (0.46875, 0.289174), (0.46875, 0.275), (0.46875, 0.289174), (0.46875, 0.275), (0.46875, 0.275), (0.46875, 0.289174), (0.46875, 0.275), (0.46875, 0.302381), (0.46875, 0.302381), (0.46875, 0.275), (0.46875, 0.275), (0.46875, 0.302381), (0.46875, 0.275), (0.46875, 0.313723), (0.46875, 0.313723), (0.46875, 0.275), (0.46875, 0.275), (0.46875, 0.313723), (0.46875, 0.275), (0.46875, 0.322426), (0.46875, 0.322426), (0.46875, 0.275), (0.46875, 0.275), (0.46875, 0.322426), (0.46875, 0.275), (0.46875, 0.327897), (0.46875, 0.327897), (0.46875, 0.275), (0.46875, 0.275), (0.46875, 0.327897), (0.46875, 0.275), (0.46875, 0.329763), (0.46875, 0.329763), (0.46875, 0.275), (0.46875, 0.275), (0.46875, 0.329763), (0.46875, 0.275), (0.46875, 0.327897), (0.46875, 0.327897), (0.46875, 0.275), (0.46875, 0.275), (0.46875, 0.327897), (0.46875, 0.275), (0.46875, 0.322426), (0.46875, 0.322426), (0.46875, 0.275), (0.46875, 0.275), (0.46875, 0.322426), (0.46875, 0.275), (0.46875, 0.313723), (0.46875, 0.313723), (0.46875, 0.275), (0.46875, 0.275), (0.46875, 0.313723), (0.46875, 0.275), (0.46875, 0.302381), (0.46875, 0.302381), (0.46875, 0.275), (0.46875, 0.275), (0.46875, 0.302381), (0.46875, 0.275), (0.46875, 0.289174), (0.46875, 0.289174), (0.46875, 0.275), (0.46875, 0.275), (0.46875, 0.289174), (0.46875, 0.275), (0.46875, 0.275), (0.46875, 0.275), (0.46875, 0.289174), (0.46875, 0.293898), (0.46875, 0.311509), (0.46875, 0.313723), (0.46875, 0.302381), (0.46875, 0.313723), (0.46875, 0.311509), (0.46875, 0.326631), (0.46875, 0.275), (0.46875, 0.275), (0.46875, 0.275), (0.46875, 0.275), (0.46875, 0.275), (0.46875, 0.275), (0.46875, 0.275), (0.46875, 0.275), (0.46875, 0.275), (0.46875, 0.275), (0.46875, 0.275), (0.46875, 0.275), (0.46875, 0.275), (0.46875, 0.275), (0.46875, 0.275), (0.46875, 0.275), (0.46875, 0.275), (0.46875, 0.275), (0.46875, 0.275), (0.46875, 0.275), (0.46875, 0.275), (0.46875, 0.275), (0.46875, 0.275), (0.46875, 0.275), (0.46875, 0.313723), (0.46875, 0.311509), (0.46875, 0.302381), (0.46875, 0.311509), (0.46875, 0.313723), (0.46875, 0.326631), (0.46875, 0.302381), (0.46875, 0.293898), (0.46875, 0.289174), (0.46875, 0.293898), (0.46875, 0.302381), (0.46875, 0.311509), (0.46875, 0.345529), (0.46875, 0.329763), (0.46875, 0.327897), (0.46875, 0.329763), (0.46875, 0.345529), (0.46875, 0.348017), (0.46875, 0.348017), (0.46875, 0.327897), (0.46875, 0.329763), (0.46875, 0.327897), (0.46875, 0.348017), (0.46875, 0.345529), (0.46875, 0.327897), (0.46875, 0.338234), (0.46875, 0.322426), (0.46875, 0.338234), (0.46875, 0.327897), (0.46875, 0.345529), (0.46875, 0.326631), (0.46875, 0.322426), (0.46875, 0.313723), (0.46875, 0.322426), (0.46875, 0.326631), (0.46875, 0.338234), (0.46875, 0.275), (0.46875, 0.275), (0.46875, 0.275), (0.46875, 0.275), (0.46875, 0.275), (0.46875, 0.275), (0.46875, 0.293898), (0.46875, 0.275), (0.46875, 0.275), (0.46875, 0.275), (0.46875, 0.293898), (0.46875, 0.289174), (0.46875, 0.275), (0.46875, 0.275), (0.46875, 0.275), (0.46875, 0.275), (0.46875, 0.275), (0.46875, 0.275), (0.46875, 0.275), (0.46875, 0.275), (0.46875, 0.275), (0.46875, 0.275), (0.46875, 0.275), (0.46875, 0.275), (0.46875, 0.293898), (0.46875, 0.302381), (0.46875, 0.289174), (0.46875, 0.302381), (0.46875, 0.293898), (0.46875, 0.311509), (0.46875, 0.275), (0.46875, 0.275), (0.46875, 0.275), (0.46875, 0.275), (0.46875, 0.275), (0.46875, 0.275), (0.46875, 0.338234), (0.46875, 0.327897), (0.46875, 0.322426), (0.46875, 0.327897), (0.46875, 0.338234), (0.46875, 0.345529), (0.46875, 0.275), (0.46875, 0.275), (0.46875, 0.275), (0.46875, 0.275), (0.46875, 0.275), (0.46875, 0.275), (0.46875, 0.275), (0.46875, 0.275), (0.46875, 0.275), (0.46875, 0.275), (0.46875, 0.275), (0.46875, 0.275), (0.46875, 0.275), (0.46875, 0.275), (0.46875, 0.275), (0.46875, 0.275), (0.46875, 0.275), (0.46875, 0.275), (0.46875, 0.400882), (0.46875, 0.349118), (0.46875, 0.375), (0.46875, 0.349118), (0.46875, 0.400882), (0.46875, 0.425), (0.46875, 0.349118), (0.46875, 0.425), (0.46875, 0.325), (0.46875, 0.325), (0.46875, 0.425), (0.46875, 0.304289), (0.46875, 0.304289), (0.46875, 0.425), (0.46875, 0.445711), (0.46875, 0.304289), (0.46875, 0.445711), (0.46875, 0.375), (0.46875, 0.445711), (0.46875, 0.392193), (0.46875, 0.375), (0.46875, 0.304289), (0.46875, 0.375), (0.46875, 0.357807), (0.46875, 0.392193), (0.46875, 0.445711), (0.46875, 0.461603), (0.46875, 0.392193), (0.46875, 0.461603), (0.46875, 0.408214), (0.46875, 0.408214), (0.46875, 0.461603), (0.46875, 0.421971), (0.46875, 0.304289), (0.46875, 0.357807), (0.46875, 0.288397), (0.46875, 0.288397), (0.46875, 0.357807), (0.46875, 0.341786), (0.46875, 0.288397), (0.46875, 0.341786), (0.46875, 0.328029), (0.46875, 0.421971), (0.46875, 0.461603), (0.46875, 0.471593), (0.46875, 0.421971), (0.46875, 0.471593), (0.46875, 0.432528), (0.46875, 0.432528), (0.46875, 0.471593), (0.46875, 0.439164), (0.46875, 0.439164), (0.46875, 0.471593), (0.46875, 0.475), (0.46875, 0.439164), (0.46875, 0.475), (0.46875, 0.441427), (0.46875, 0.288397), (0.46875, 0.328029), (0.46875, 0.278407), (0.46875, 0.278407), (0.46875, 0.328029), (0.46875, 0.317472), (0.46875, 0.278407), (0.46875, 0.317472), (0.46875, 0.310836), (0.46875, 0.441427), (0.46875, 0.475), (0.46875, 0.471593), (0.46875, 0.441427), (0.46875, 0.471593), (0.46875, 0.439164), (0.46875, 0.439164), (0.46875, 0.471593), (0.46875, 0.432528), (0.46875, 0.278407), (0.46875, 0.310836), (0.46875, 0.275), (0.46875, 0.275), (0.46875, 0.310836), (0.46875, 0.308573), (0.46875, 0.275), (0.46875, 0.308573), (0.46875, 0.310836), (0.46875, 0.275), (0.46875, 0.310836), (0.46875, 0.278407), (0.46875, 0.278407), (0.46875, 0.310836), (0.46875, 0.317472), (0.46875, 0.432528), (0.46875, 0.471593), (0.46875, 0.461603), (0.46875, 0.432528), (0.46875, 0.461603), (0.46875, 0.421971), (0.46875, 0.421971), (0.46875, 0.461603), (0.46875, 0.408214), (0.46875, 0.278407), (0.46875, 0.317472), (0.46875, 0.288397), (0.46875, 0.288397), (0.46875, 0.317472), (0.46875, 0.328029), (0.46875, 0.288397), (0.46875, 0.328029), (0.46875, 0.341786), (0.46875, 0.408214), (0.46875, 0.461603), (0.46875, 0.445711), (0.46875, 0.288397), (0.46875, 0.341786), (0.46875, 0.304289), (0.46875, 0.408214), (0.46875, 0.445711), (0.46875, 0.392193), (0.46875, 0.304289), (0.46875, 0.341786), (0.46875, 0.357807), (0.46875, 0.392193), (0.46875, 0.445711), (0.46875, 0.375), (0.46875, 0.304289), (0.46875, 0.357807), (0.46875, 0.375), (0.46875, 0.304289), (0.46875, 0.375), (0.46875, 0.445711), (0.46875, 0.304289), (0.46875, 0.445711), (0.46875, 0.425), (0.46875, 0.304289), (0.46875, 0.425), (0.46875, 0.325), (0.46875, 0.325), (0.46875, 0.425), (0.46875, 0.400882), (0.46875, 0.325), (0.46875, 0.400882), (0.46875, 0.349118), (0.46875, 0.349118), (0.46875, 0.400882), (0.46875, 0.375), (0.59375, 0.525), (0.59375, 0.568999), (0.59375, 0.525), (0.59375, 0.568999), (0.59375, 0.525), (0.59375, 0.525), (0.59375, 0.568999), (0.59375, 0.525), (0.59375, 0.61), (0.59375, 0.61), (0.59375, 0.525), (0.59375, 0.525), (0.59375, 0.61), (0.59375, 0.525), (0.59375, 0.645208), (0.59375, 0.645208), (0.59375, 0.525), (0.59375, 0.525), (0.59375, 0.525), (0.59375, 0.525), (0.59375, 0.525), (0.59375, 0.553449), (0.59375, 0.645208), (0.59375, 0.525), (0.59375, 0.525), (0.59375, 0.525), (0.59375, 0.525), (0.59375, 0.525), (0.59375, 0.525), (0.59375, 0.525), (0.59375, 0.525), (0.59375, 0.525), (0.59375, 0.525), (0.59375, 0.645208), (0.59375, 0.553449), (0.59375, 0.672224), (0.59375, 0.672224), (0.59375, 0.553449), (0.59375, 0.57996), (0.59375, 0.672224), (0.59375, 0.57996), (0.59375, 0.602725), (0.59375, 0.525), (0.59375, 0.525), (0.59375, 0.525), (0.59375, 0.525), (0.59375, 0.525), (0.59375, 0.525), (0.59375, 0.525), (0.59375, 0.525), (0.59375, 0.525), (0.59375, 0.525), (0.59375, 0.525), (0.59375, 0.525), (0.59375, 0.525), (0.59375, 0.525), (0.59375, 0.525), (0.59375, 0.672224), (0.59375, 0.602725), (0.59375, 0.689207), (0.59375, 0.689207), (0.59375, 0.602725), (0.59375, 0.620194), (0.59375, 0.689207), (0.59375, 0.620194), (0.59375, 0.631175), (0.59375, 0.525), (0.59375, 0.525), (0.59375, 0.525), (0.59375, 0.525), (0.59375, 0.525), (0.59375, 0.525), (0.59375, 0.525), (0.59375, 0.525), (0.59375, 0.525), (0.59375, 0.689207), (0.59375, 0.631175), (0.59375, 0.695), (0.59375, 0.695), (0.59375, 0.631175), (0.59375, 0.63492), (0.59375, 0.695), (0.59375, 0.63492), (0.59375, 0.631175), (0.59375, 0.695), (0.59375, 0.631175), (0.59375, 0.689207), (0.59375, 0.689207), (0.59375, 0.631175), (0.59375, 0.620194), (0.59375, 0.525), (0.59375, 0.525), (0.59375, 0.525), (0.59375, 0.525), (0.59375, 0.525), (0.59375, 0.525), (0.59375, 0.525), (0.59375, 0.525), (0.59375, 0.525), (0.59375, 0.689207), (0.59375, 0.620194), (0.59375, 0.672224), (0.59375, 0.672224), (0.59375, 0.620194), (0.59375, 0.602725), (0.59375, 0.672224), (0.59375, 0.602725), (0.59375, 0.57996), (0.59375, 0.525), (0.59375, 0.525), (0.59375, 0.525), (0.59375, 0.672224), (0.59375, 0.57996), (0.59375, 0.645208), (0.59375, 0.525), (0.59375, 0.525), (0.59375, 0.525), (0.59375, 0.645208), (0.59375, 0.57996), (0.59375, 0.553449), (0.59375, 0.525), (0.59375, 0.525), (0.59375, 0.525), (0.59375, 0.645208), (0.59375, 0.553449), (0.59375, 0.525), (0.59375, 0.645208), (0.59375, 0.525), (0.59375, 0.525), (0.59375, 0.645208), (0.59375, 0.525), (0.59375, 0.525), (0.59375, 0.645208), (0.59375, 0.525), (0.59375, 0.61), (0.59375, 0.61), (0.59375, 0.525), (0.59375, 0.525), (0.59375, 0.61), (0.59375, 0.525), (0.59375, 0.568999), (0.59375, 0.568999), (0.59375, 0.525), (0.59375, 0.525)] (interpolation = "faceVarying")
        uniform token subdivisionScheme = "none"
        rel material:binding = </Vehicle/Materials/colormap>
    }
    def Scope "Materials" {
        def Material "colormap" {
            token outputs:surface.connect = </Vehicle/Materials/colormap/surface.outputs:surface>
            def Shader "surface" {
                uniform token info:id = "UsdPreviewSurface"
                float inputs:roughness = 0.7
                float inputs:metallic = 0
                color3f inputs:diffuseColor.connect = </Vehicle/Materials/colormap/texture.outputs:rgb>
                token outputs:surface
            }
            def Shader "stReader" {
                uniform token info:id = "UsdPrimvarReader_float2"
                token inputs:varname = "st"
                float2 outputs:result
            }
            def Shader "texture" {
                uniform token info:id = "UsdUVTexture"
                asset inputs:file = @kenney-car-colormap.png@
                float2 inputs:st.connect = </Vehicle/Materials/colormap/stReader.outputs:result>
                token inputs:wrapS = "repeat"
                token inputs:wrapT = "repeat"
                float3 outputs:rgb
            }
        }
    }
}
