#usda 1.0
(
    defaultPrim = "Vehicle"
    metersPerUnit = 1
    upAxis = "Y"
)
def Xform "Vehicle" {
    def Mesh "mesh_colormap" {
        int[] faceVertexCounts = [3, 3, 3, 3, 3, 3, 3, 3, 3, 3, 3, 3, 3, 3, 3, 3, 3, 3, 3, 3, 3, 3, 3, 3, 3, 3, 3, 3, 3, 3, 3, 3, 3, 3, 3, 3, 3, 3, 3, 3, 3, 3, 3, 3, 3, 3, 3, 3, 3, 3, 3, 3, 3, 3, 3, 3, 3, 3, 3, 3, 3, 3, 3, 3, 3, 3, 3, 3, 3, 3, 3, 3, 3, 3, 3, 3, 3, 3, 3, 3, 3, 3, 3, 3, 3, 3, 3, 3, 3, 3, 3, 3, 3, 3, 3, 3, 3, 3, 3, 3, 3, 3, 3, 3, 3, 3, 3, 3, 3, 3, 3, 3, 3, 3, 3, 3, 3, 3, 3, 3, 3, 3, 3, 3, 3, 3, 3, 3, 3, 3, 3, 3, 3, 3, 3, 3, 3, 3, 3, 3, 3, 3, 3, 3, 3, 3, 3, 3, 3, 3, 3, 3, 3, 3, 3, 3, 3, 3, 3, 3, 3, 3, 3, 3, 3, 3, 3, 3, 3, 3, 3, 3, 3, 3, 3, 3, 3, 3, 3, 3, 3, 3, 3, 3, 3, 3, 3, 3, 3, 3, 3, 3, 3, 3, 3, 3, 3, 3, 3, 3, 3, 3, 3, 3, 3, 3, 3, 3, 3, 3, 3, 3, 3, 3, 3, 3, 3, 3, 3, 3, 3, 3, 3, 3, 3, 3, 3, 3, 3, 3, 3, 3, 3, 3, 3, 3, 3, 3, 3, 3, 3, 3, 3, 3, 3, 3, 3, 3, 3, 3, 3, 3, 3, 3, 3, 3, 3, 3, 3, 3, 3, 3, 3, 3, 3, 3, 3, 3, 3, 3, 3, 3, 3, 3, 3, 3, 3, 3, 3, 3, 3, 3, 3, 3, 3, 3, 3, 3, 3, 3, 3, 3, 3, 3, 3, 3, 3, 3, 3, 3, 3, 3, 3, 3, 3, 3, 3, 3, 3, 3, 3, 3, 3, 3, 3, 3, 3, 3, 3, 3, 3, 3, 3, 3, 3, 3, 3, 3, 3, 3, 3, 3, 3, 3, 3, 3, 3, 3, 3, 3, 3, 3, 3, 3, 3, 3, 3, 3, 3, 3, 3, 3, 3, 3, 3, 3, 3, 3, 3, 3, 3, 3, 3, 3, 3, 3, 3, 3, 3, 3, 3, 3, 3, 3, 3, 3, 3, 3, 3, 3, 3, 3, 3, 3, 3, 3, 3, 3, 3, 3, 3, 3, 3, 3, 3, 3, 3, 3, 3, 3, 3, 3, 3, 3, 3, 3, 3, 3, 3, 3, 3, 3, 3, 3, 3, 3, 3, 3, 3, 3, 3, 3, 3, 3, 3, 3, 3, 3, 3, 3, 3, 3, 3, 3, 3, 3, 3, 3, 3, 3, 3, 3, 3, 3, 3, 3, 3, 3, 3, 3, 3, 3, 3, 3, 3, 3, 3, 3, 3, 3, 3, 3, 3, 3, 3, 3, 3, 3, 3, 3, 3, 3, 3, 3, 3, 3, 3, 3, 3, 3, 3, 3, 3, 3, 3, 3, 3, 3, 3, 3, 3, 3, 3, 3, 3, 3, 3, 3, 3, 3, 3, 3, 3, 3, 3, 3, 3, 3, 3, 3, 3, 3, 3, 3, 3, 3, 3, 3, 3, 3, 3, 3, 3, 3, 3, 3, 3, 3, 3, 3, 3, 3, 3, 3, 3, 3, 3, 3, 3, 3, 3, 3, 3, 3, 3, 3, 3, 3, 3, 3, 3, 3, 3, 3, 3, 3, 3, 3, 3, 3, 3, 3, 3, 3, 3, 3, 3, 3, 3, 3, 3, 3, 3, 3, 3, 3, 3, 3, 3, 3, 3, 3, 3, 3, 3, 3, 3, 3, 3, 3, 3, 3, 3, 3, 3, 3, 3, 3, 3, 3, 3, 3, 3, 3, 3, 3, 3, 3, 3, 3, 3, 3, 3, 3, 3, 3, 3, 3, 3, 3, 3, 3, 3, 3, 3, 3, 3, 3, 3, 3, 3, 3, 3, 3, 3, 3, 3, 3, 3, 3, 3, 3, 3, 3, 3, 3, 3, 3, 3, 3, 3, 3, 3, 3, 3, 3, 3, 3, 3, 3, 3, 3, 3, 3, 3, 3, 3, 3, 3, 3, 3, 3, 3, 3, 3, 3, 3, 3, 3, 3, 3, 3, 3, 3, 3, 3, 3, 3, 3, 3, 3, 3, 3, 3, 3, 3, 3, 3, 3, 3, 3, 3, 3, 3, 3, 3, 3, 3, 3, 3, 3, 3, 3, 3, 3, 3, 3, 3, 3, 3, 3, 3, 3, 3, 3, 3, 3, 3, 3, 3, 3, 3, 3, 3, 3, 3, 3, 3, 3, 3, 3, 3, 3, 3, 3, 3, 3, 3, 3, 3, 3, 3, 3, 3, 3, 3, 3, 3, 3, 3, 3, 3, 3, 3, 3, 3, 3, 3, 3, 3, 3, 3, 3, 3, 3, 3, 3, 3, 3, 3, 3, 3, 3, 3, 3, 3, 3, 3, 3, 3, 3, 3, 3, 3, 3, 3, 3, 3, 3, 3, 3, 3, 3, 3, 3, 3, 3, 3, 3, 3, 3, 3, 3, 3, 3, 3, 3, 3, 3, 3, 3, 3, 3, 3, 3, 3, 3, 3, 3, 3, 3, 3, 3, 3, 3, 3, 3, 3, 3, 3, 3, 3, 3, 3, 3, 3, 3, 3, 3, 3, 3, 3, 3, 3, 3, 3, 3, 3, 3, 3, 3, 3, 3, 3, 3, 3, 3, 3, 3, 3, 3, 3, 3, 3, 3, 3, 3, 3, 3, 3, 3, 3, 3, 3, 3, 3, 3, 3, 3, 3, 3, 3, 3, 3, 3, 3, 3, 3, 3, 3, 3, 3, 3, 3, 3, 3, 3, 3, 3, 3, 3, 3, 3, 3, 3, 3, 3, 3, 3, 3, 3, 3, 3, 3, 3, 3, 3, 3, 3, 3, 3, 3, 3, 3, 3, 3, 3, 3, 3, 3, 3, 3, 3, 3, 3, 3, 3, 3, 3, 3, 3, 3, 3, 3, 3, 3, 3, 3, 3, 3, 3, 3, 3, 3, 3, 3, 3, 3, 3, 3, 3, 3, 3, 3, 3, 3, 3, 3, 3, 3, 3, 3, 3, 3, 3, 3, 3, 3, 3, 3, 3, 3, 3, 3, 3, 3, 3, 3, 3, 3, 3, 3, 3, 3, 3, 3, 3, 3, 3, 3, 3, 3, 3, 3, 3, 3, 3, 3, 3, 3, 3, 3, 3, 3, 3, 3, 3, 3, 3, 3, 3, 3, 3, 3, 3, 3, 3, 3, 3, 3, 3, 3, 3, 3, 3, 3, 3, 3, 3, 3, 3, 3, 3, 3, 3, 3, 3, 3, 3, 3, 3, 3, 3, 3, 3, 3, 3, 3, 3, 3, 3, 3, 3, 3, 3, 3, 3, 3, 3, 3, 3, 3, 3, 3, 3, 3, 3, 3, 3, 3, 3, 3, 3, 3, 3, 3, 3, 3, 3, 3, 3, 3, 3, 3, 3, 3, 3, 3, 3, 3, 3, 3, 3, 3, 3, 3, 3, 3, 3, 3, 3, 3, 3, 3, 3, 3, 3, 3, 3, 3, 3, 3, 3, 3, 3, 3, 3, 3, 3, 3, 3, 3, 3, 3, 3, 3, 3, 3, 3, 3, 3, 3, 3, 3, 3, 3, 3, 3, 3, 3, 3, 3, 3, 3, 3, 3, 3, 3, 3, 3, 3, 3, 3, 3, 3, 3, 3, 3, 3, 3, 3, 3, 3, 3, 3, 3, 3, 3, 3, 3, 3, 3, 3, 3, 3, 3, 3, 3, 3, 3, 3, 3, 3, 3, 3, 3, 3, 3, 3, 3, 3, 3, 3, 3, 3, 3, 3, 3, 3, 3, 3, 3, 3, 3, 3, 3, 3, 3, 3, 3, 3, 3, 3, 3, 3, 3, 3, 3, 3, 3, 3, 3, 3, 3, 3, 3, 3, 3, 3, 3, 3, 3, 3, 3, 3, 3, 3, 3, 3, 3, 3, 3, 3, 3, 3, 3, 3, 3, 3, 3, 3, 3, 3, 3, 3, 3, 3, 3, 3, 3, 3, 3, 3, 3, 3, 3, 3, 3, 3, 3, 3, 3, 3, 3, 3, 3, 3, 3, 3, 3, 3, 3, 3, 3, 3, 3, 3, 3, 3, 3, 3, 3, 3, 3, 3, 3, 3, 3, 3, 3, 3, 3, 3, 3, 3, 3, 3, 3, 3, 3, 3, 3, 3, 3, 3, 3, 3, 3, 3, 3, 3, 3, 3, 3, 3, 3, 3, 3, 3, 3, 3, 3, 3, 3, 3, 3, 3, 3, 3, 3, 3, 3, 3, 3, 3, 3, 3, 3, 3, 3, 3, 3, 3, 3, 3, 3, 3, 3, 3, 3, 3, 3, 3, 3, 3, 3, 3, 3, 3, 3, 3, 3, 3, 3, 3, 3, 3, 3, 3, 3, 3, 3, 3, 3, 3, 3, 3, 3, 3, 3, 3, 3, 3, 3, 3, 3, 3, 3, 3, 3, 3, 3, 3, 3, 3, 3, 3, 3, 3, 3, 3, 3, 3, 3, 3, 3, 3, 3, 3, 3, 3, 3, 3, 3, 3, 3, 3, 3, 3, 3, 3, 3, 3, 3, 3, 3, 3, 3, 3, 3, 3, 3, 3, 3, 3, 3, 3, 3, 3, 3, 3, 3, 3, 3, 3, 3, 3, 3, 3, 3, 3, 3, 3, 3, 3, 3, 3, 3, 3, 3, 3, 3, 3, 3, 3, 3, 3, 3, 3, 3, 3, 3, 3, 3, 3, 3, 3, 3, 3, 3, 3, 3, 3, 3, 3, 3, 3, 3, 3, 3, 3, 3, 3, 3, 3, 3, 3, 3, 3, 3, 3, 3, 3, 3, 3, 3, 3, 3, 3, 3, 3, 3, 3, 3, 3, 3, 3, 3, 3, 3, 3, 3, 3, 3, 3, 3, 3, 3, 3, 3, 3, 3, 3, 3, 3, 3, 3, 3, 3, 3, 3, 3, 3, 3, 3, 3, 3, 3, 3, 3, 3, 3, 3, 3, 3, 3, 3, 3, 3, 3, 3, 3, 3, 3, 3, 3, 3, 3, 3, 3, 3, 3, 3, 3, 3, 3, 3, 3, 3, 3, 3, 3, 3, 3, 3, 3, 3, 3, 3, 3, 3, 3, 3, 3, 3, 3, 3, 3, 3, 3, 3, 3, 3, 3, 3, 3, 3, 3, 3, 3, 3, 3, 3, 3, 3, 3, 3, 3, 3, 3, 3, 3, 3, 3, 3, 3, 3, 3, 3, 3, 3, 3, 3, 3, 3, 3, 3, 3, 3, 3, 3, 3, 3, 3, 3, 3, 3, 3, 3, 3, 3, 3, 3, 3, 3, 3, 3, 3, 3, 3, 3, 3, 3, 3, 3, 3, 3, 3, 3, 3, 3, 3, 3, 3, 3, 3, 3, 3, 3, 3, 3, 3, 3, 3, 3, 3, 3, 3, 3, 3, 3, 3, 3, 3, 3, 3, 3, 3, 3, 3, 3, 3, 3, 3, 3, 3, 3, 3, 3, 3, 3, 3, 3, 3, 3, 3, 3, 3, 3, 3, 3, 3, 3, 3, 3, 3, 3, 3, 3, 3, 3, 3, 3, 3, 3, 3, 3, 3, 3, 3, 3, 3, 3, 3, 3, 3, 3, 3, 3, 3, 3, 3, 3, 3, 3, 3, 3, 3, 3, 3, 3, 3, 3, 3, 3, 3, 3, 3, 3, 3, 3, 3, 3, 3, 3, 3, 3, 3, 3, 3, 3, 3, 3, 3, 3, 3, 3, 3, 3, 3, 3, 3, 3, 3, 3, 3, 3, 3, 3, 3, 3, 3, 3, 3, 3, 3, 3, 3, 3, 3, 3, 3, 3, 3, 3, 3, 3, 3, 3, 3, 3, 3, 3, 3, 3, 3, 3, 3, 3, 3, 3, 3, 3, 3, 3, 3, 3, 3, 3, 3, 3, 3, 3, 3, 3, 3, 3, 3, 3, 3, 3, 3, 3, 3, 3, 3, 3, 3, 3, 3, 3, 3, 3, 3, 3, 3, 3, 3, 3, 3, 3, 3, 3, 3, 3, 3, 3, 3, 3, 3, 3, 3, 3, 3, 3, 3, 3, 3, 3, 3, 3, 3, 3, 3, 3, 3, 3, 3, 3, 3, 3, 3, 3, 3, 3, 3, 3, 3, 3, 3, 3, 3, 3, 3, 3, 3, 3, 3, 3, 3, 3, 3, 3, 3, 3, 3, 3, 3, 3, 3, 3, 3, 3, 3, 3, 3, 3, 3, 3, 3, 3, 3, 3, 3, 3, 3, 3, 3, 3, 3, 3, 3, 3, 3, 3, 3, 3, 3, 3, 3, 3, 3, 3, 3, 3, 3, 3, 3, 3, 3, 3, 3, 3, 3, 3, 3, 3, 3, 3, 3, 3, 3, 3, 3, 3, 3, 3, 3, 3, 3, 3, 3, 3, 3, 3, 3, 3, 3, 3, 3, 3, 3]
        int[] faceVertexIndices = [2, 1, 0, 1, 2, 3, 6, 5, 4, 5, 6, 7, 10, 9, 8, 9, 10, 11, 14, 13, 12, 13, 14, 3, 16, 8, 15, 8, 16, 10, 19, 18, 17, 18, 19, 20, 3, 21, 1, 21, 3, 14, 24, 23, 22, 23, 24, 25, 9, 26, 8, 26, 9, 27, 30, 29, 28, 29, 30, 31, 28, 33, 32, 33, 28, 29, 18, 11, 10, 11, 18, 34, 37, 36, 35, 36, 37, 38, 1, 40, 39, 40, 1, 21, 42, 41, 23, 41, 42, 43, 44, 38, 37, 38, 44, 32, 47, 46, 45, 46, 47, 48, 51, 50, 49, 50, 51, 39, 52, 43, 42, 43, 52, 53, 20, 34, 18, 34, 20, 54, 22, 41, 55, 41, 22, 23, 57, 55, 56, 55, 57, 22, 17, 10, 16, 10, 17, 18, 48, 56, 46, 56, 48, 57, 38, 33, 58, 33, 38, 32, 8, 59, 15, 59, 8, 26, 0, 39, 51, 39, 0, 1, 50, 31, 30, 31, 50, 60, 36, 58, 61, 58, 36, 38, 39, 60, 50, 60, 39, 40, 3, 62, 13, 62, 3, 2, 35, 20, 19, 20, 35, 36, 12, 7, 6, 7, 12, 13, 36, 54, 20, 54, 36, 61, 63, 32, 44, 32, 63, 28, 7, 64, 5, 64, 7, 65, 66, 22, 57, 22, 66, 24, 25, 42, 23, 42, 25, 67, 69, 51, 68, 51, 69, 0, 27, 47, 26, 47, 27, 70, 13, 65, 7, 65, 13, 62, 5, 53, 52, 53, 5, 64, 71, 5, 52, 5, 71, 4, 72, 57, 48, 57, 72, 66, 70, 48, 47, 48, 70, 72, 73, 28, 63, 28, 73, 30, 26, 45, 59, 45, 26, 47, 67, 52, 42, 52, 67, 71, 49, 30, 73, 30, 49, 50, 75, 44, 74, 44, 75, 63, 59, 77, 76, 77, 59, 45, 79, 73, 78, 73, 79, 49, 78, 63, 75, 63, 78, 73, 65, 81, 80, 81, 65, 62, 83, 19, 82, 19, 83, 35, 84, 17, 16, 17, 84, 85, 74, 37, 86, 37, 74, 44, 15, 76, 87, 76, 15, 59, 45, 88, 77, 88, 45, 46, 85, 19, 17, 19, 85, 82, 87, 16, 15, 16, 87, 84, 62, 89, 81, 89, 62, 2, 43, 90, 41, 90, 43, 91, 64, 92, 53, 92, 64, 93, 46, 94, 88, 94, 46, 56, 89, 0, 69, 0, 89, 2, 68, 49, 79, 49, 68, 51, 53, 91, 43, 91, 53, 92, 55, 90, 95, 90, 55, 41, 65, 93, 64, 93, 65, 80, 80, 92, 93, 92, 80, 91, 91, 80, 81, 91, 81, 89, 91, 89, 90, 90, 89, 69, 90, 69, 95, 95, 69, 68, 95, 68, 94, 94, 68, 79, 94, 79, 88, 88, 79, 78, 88, 78, 77, 77, 78, 75, 77, 75, 76, 76, 75, 74, 76, 74, 87, 87, 74, 86, 87, 86, 84, 84, 86, 83, 84, 83, 85, 85, 83, 82, 56, 95, 94, 95, 56, 55, 86, 35, 83, 35, 86, 37, 71, 6, 4, 6, 71, 67, 6, 67, 12, 12, 67, 25, 12, 25, 96, 96, 14, 12, 96, 25, 97, 14, 96, 98, 97, 25, 24, 14, 98, 21, 97, 24, 99, 99, 24, 100, 100, 24, 101, 101, 24, 66, 101, 66, 102, 102, 66, 72, 102, 72, 103, 21, 98, 104, 21, 104, 105, 21, 105, 106, 21, 106, 40, 40, 106, 107, 103, 72, 70, 103, 70, 108, 108, 70, 109, 109, 70, 27, 109, 27, 110, 40, 107, 60, 60, 107, 111, 60, 111, 112, 60, 112, 31, 31, 112, 113, 31, 113, 29, 29, 113, 114, 110, 27, 9, 29, 114, 33, 110, 9, 115, 115, 9, 116, 33, 114, 117, 33, 117, 118, 116, 9, 119, 33, 118, 119, 119, 9, 11, 33, 119, 58, 58, 119, 11, 58, 11, 34, 58, 34, 61, 61, 34, 54, 122, 121, 120, 121, 122, 123, 121, 123, 124, 124, 123, 125, 124, 125, 126, 126, 125, 127, 125, 128, 127, 126, 127, 129, 128, 125, 130, 128, 130, 131, 131, 130, 132, 126, 129, 133, 133, 129, 134, 133, 134, 135, 132, 130, 136, 132, 136, 137, 137, 136, 138, 138, 136, 139, 138, 139, 140, 133, 135, 141, 141, 135, 142, 141, 142, 143, 140, 139, 144, 140, 144, 145, 145, 144, 146, 141, 143, 147, 147, 143, 148, 147, 148, 149, 147, 149, 150, 150, 149, 151, 146, 144, 152, 146, 152, 153, 153, 152, 154, 150, 151, 155, 155, 151, 156, 155, 156, 157, 154, 152, 158, 155, 157, 159, 154, 158, 160, 159, 157, 161, 160, 158, 162, 159, 161, 162, 159, 162, 158, 159, 158, 163, 159, 163, 164, 164, 163, 165, 164, 165, 166, 166, 165, 167, 170, 169, 168, 169, 170, 171, 174, 173, 172, 173, 174, 175, 178, 177, 176, 177, 178, 179, 182, 181, 180, 181, 182, 183, 184, 174, 172, 174, 184, 185, 188, 187, 186, 187, 188, 189, 182, 190, 183, 190, 182, 191, 175, 192, 173, 192, 175, 193, 186, 195, 194, 195, 186, 187, 197, 184, 196, 184, 197, 185, 200, 199, 198, 199, 200, 201, 204, 203, 202, 203, 204, 205, 177, 197, 196, 197, 177, 179, 205, 168, 203, 168, 205, 170, 206, 189, 188, 189, 206, 207, 180, 209, 208, 209, 180, 181, 201, 186, 194, 186, 201, 200, 186, 200, 188, 188, 200, 176, 188, 176, 206, 206, 176, 177, 206, 177, 210, 210, 177, 196, 210, 196, 211, 211, 196, 184, 211, 184, 169, 169, 184, 172, 169, 172, 168, 168, 172, 173, 168, 173, 203, 203, 173, 192, 203, 192, 202, 202, 192, 209, 202, 209, 212, 212, 209, 181, 212, 181, 190, 190, 181, 183, 171, 211, 169, 211, 171, 213, 214, 206, 210, 206, 214, 207, 213, 210, 211, 210, 213, 214, 176, 198, 178, 198, 176, 200, 215, 202, 212, 202, 215, 204, 208, 192, 193, 192, 208, 209, 201, 195, 199, 195, 201, 194, 191, 212, 190, 212, 191, 215, 218, 217, 216, 217, 218, 219, 222, 221, 220, 221, 222, 216, 216, 222, 218, 218, 222, 223, 223, 222, 224, 223, 224, 225, 225, 224, 226, 225, 226, 227, 225, 227, 228, 228, 227, 229, 228, 229, 230, 228, 230, 231, 231, 230, 232, 231, 232, 233, 233, 232, 234, 233, 234, 235, 233, 235, 236, 236, 235, 237, 236, 237, 238, 238, 237, 239, 238, 239, 240, 240, 239, 241, 240, 241, 242, 240, 242, 243, 243, 242, 244, 243, 244, 245, 243, 245, 246, 243, 246, 247, 246, 245, 248, 246, 248, 249, 249, 248, 250, 250, 248, 251, 251, 248, 252, 251, 252, 253, 253, 252, 254, 253, 254, 255, 253, 255, 256, 256, 255, 257, 256, 257, 258, 256, 258, 259, 259, 258, 260, 259, 260, 261, 261, 260, 262, 261, 262, 263, 261, 263, 264, 264, 263, 265, 264, 265, 266, 266, 265, 267, 266, 267, 268, 268, 267, 269, 268, 269, 270, 268, 270, 271, 271, 270, 272, 271, 272, 273, 271, 273, 274, 271, 274, 275, 271, 275, 276, 275, 274, 277, 280, 279, 278, 281, 279, 280, 281, 280, 282, 283, 279, 281, 284, 279, 283, 285, 279, 284, 285, 286, 279, 287, 286, 285, 288, 286, 287, 288, 289, 286, 290, 289, 288, 290, 291, 289, 292, 291, 290, 293, 291, 292, 293, 294, 291, 295, 294, 293, 295, 296, 294, 297, 296, 295, 297, 298, 296, 299, 298, 297, 300, 298, 299, 300, 301, 298, 302, 301, 300, 303, 301, 302, 301, 303, 304, 305, 304, 303, 305, 306, 304, 305, 307, 306, 305, 308, 307, 309, 308, 305, 309, 310, 308, 308, 310, 311, 312, 310, 309, 313, 310, 312, 313, 314, 310, 315, 314, 313, 316, 314, 315, 316, 317, 314, 318, 317, 316, 318, 319, 317, 320, 319, 318, 321, 319, 320, 321, 322, 319, 323, 322, 321, 323, 324, 322, 325, 324, 323, 325, 326, 324, 327, 326, 325, 328, 326, 327, 328, 329, 326, 330, 329, 328, 331, 329, 330, 329, 331, 332, 333, 332, 331, 333, 334, 332, 333, 335, 334, 336, 335, 333, 335, 336, 337, 340, 339, 338, 339, 340, 341, 341, 340, 342, 342, 340, 343, 346, 345, 344, 345, 346, 347, 347, 346, 348, 348, 346, 349, 349, 346, 350, 266, 352, 351, 352, 266, 268, 236, 354, 353, 354, 236, 238, 355, 296, 298, 296, 355, 356, 357, 317, 319, 317, 357, 358, 359, 326, 329, 326, 359, 360, 361, 304, 306, 304, 361, 362, 310, 364, 363, 364, 310, 314, 364, 314, 365, 238, 366, 354, 366, 238, 240, 367, 298, 301, 298, 367, 355, 358, 314, 317, 314, 358, 365, 356, 294, 296, 294, 356, 368, 368, 291, 294, 291, 368, 369, 370, 286, 289, 286, 370, 371, 233, 353, 372, 353, 233, 236, 373, 319, 322, 319, 373, 357, 251, 374, 250, 374, 251, 375, 360, 324, 326, 324, 360, 376, 379, 378, 377, 378, 379, 217, 378, 217, 219, 378, 219, 380, 378, 380, 381, 383, 247, 382, 247, 383, 243, 383, 385, 384, 385, 383, 382, 385, 382, 386, 385, 386, 375, 375, 386, 374, 374, 386, 387, 279, 341, 278, 341, 279, 339, 388, 363, 364, 363, 388, 389, 389, 388, 390, 390, 388, 362, 390, 362, 361, 390, 361, 391, 392, 271, 276, 271, 392, 393, 253, 395, 394, 395, 253, 256, 231, 372, 396, 372, 231, 233, 223, 219, 218, 219, 223, 380, 250, 387, 249, 387, 250, 374, 311, 363, 389, 363, 311, 310, 225, 380, 223, 380, 225, 381, 381, 225, 397, 308, 389, 390, 389, 308, 311, 259, 399, 398, 399, 259, 261, 279, 338, 339, 338, 279, 286, 338, 286, 371, 388, 304, 362, 304, 388, 301, 301, 388, 367, 361, 307, 391, 307, 361, 306, 264, 351, 400, 351, 264, 266, 384, 243, 383, 243, 384, 240, 240, 384, 366, 401, 271, 393, 271, 401, 268, 268, 401, 352, 376, 322, 324, 322, 376, 373, 261, 400, 399, 400, 261, 264, 348, 335, 347, 335, 348, 334, 246, 387, 386, 387, 246, 249, 228, 396, 402, 396, 228, 231, 348, 332, 334, 332, 348, 349, 382, 246, 386, 246, 382, 247, 251, 385, 375, 385, 251, 253, 385, 253, 394, 256, 398, 395, 398, 256, 259, 349, 329, 332, 329, 349, 350, 329, 350, 359, 390, 307, 308, 307, 390, 391, 369, 289, 291, 289, 369, 370, 340, 403, 343, 403, 340, 404, 275, 403, 405, 403, 275, 406, 406, 343, 403, 406, 275, 407, 407, 275, 277, 408, 343, 406, 408, 342, 343, 409, 342, 408, 282, 342, 409, 342, 282, 280, 392, 275, 405, 275, 392, 276, 225, 402, 397, 402, 225, 228, 393, 404, 401, 404, 393, 392, 404, 392, 405, 404, 405, 403, 278, 342, 280, 342, 278, 341, 377, 345, 379, 345, 377, 344, 406, 411, 410, 411, 406, 407, 411, 277, 274, 277, 411, 407, 408, 410, 412, 410, 408, 406, 409, 281, 282, 281, 409, 413, 409, 412, 413, 412, 409, 408, 416, 415, 414, 415, 416, 417, 419, 414, 418, 414, 419, 416, 421, 418, 420, 418, 421, 419, 216, 421, 221, 216, 419, 421, 217, 419, 216, 379, 419, 217, 345, 419, 379, 419, 345, 416, 347, 416, 345, 347, 417, 416, 335, 417, 347, 417, 335, 337, 305, 422, 309, 422, 305, 423, 422, 423, 424, 418, 424, 423, 414, 424, 418, 415, 424, 414, 415, 333, 424, 333, 415, 336, 418, 423, 425, 418, 425, 222, 418, 222, 420, 420, 222, 220, 425, 423, 426, 423, 427, 426, 428, 426, 427, 426, 428, 245, 245, 428, 248, 423, 410, 427, 427, 410, 273, 429, 410, 423, 273, 410, 411, 273, 411, 274, 429, 412, 410, 429, 413, 412, 429, 281, 413, 281, 429, 283, 220, 421, 420, 421, 220, 221, 337, 415, 417, 415, 337, 336, 432, 431, 430, 431, 432, 433, 435, 430, 434, 430, 435, 432, 437, 434, 436, 434, 437, 435, 440, 439, 438, 439, 440, 441, 433, 440, 431, 440, 433, 441, 437, 432, 435, 432, 437, 433, 433, 437, 442, 433, 442, 441, 441, 442, 443, 441, 443, 439, 438, 443, 444, 443, 438, 439, 442, 436, 445, 436, 442, 437, 444, 442, 445, 442, 444, 443, 448, 447, 446, 447, 448, 449, 451, 446, 450, 446, 451, 448, 453, 450, 452, 450, 453, 451, 456, 455, 454, 455, 456, 457, 449, 456, 447, 456, 449, 457, 453, 448, 451, 448, 453, 449, 449, 453, 458, 449, 458, 457, 457, 458, 459, 457, 459, 455, 454, 459, 460, 459, 454, 455, 458, 452, 461, 452, 458, 453, 460, 458, 461, 458, 460, 459, 462, 316, 315, 316, 462, 463, 464, 320, 318, 320, 464, 465, 328, 466, 330, 466, 328, 467, 468, 292, 290, 292, 468, 469, 470, 288, 287, 288, 470, 471, 244, 426, 245, 426, 244, 472, 473, 323, 321, 323, 473, 474, 303, 423, 305, 423, 303, 475, 331, 424, 333, 424, 331, 476, 471, 290, 288, 290, 471, 468, 477, 299, 297, 299, 477, 478, 479, 327, 325, 327, 479, 480, 469, 293, 292, 293, 469, 481, 482, 297, 295, 297, 482, 477, 327, 467, 328, 467, 327, 480, 463, 318, 316, 318, 463, 464, 302, 475, 303, 475, 302, 483, 484, 315, 313, 315, 484, 462, 485, 313, 312, 313, 485, 484, 330, 476, 331, 476, 330, 466, 474, 325, 323, 325, 474, 479, 300, 483, 302, 483, 300, 486, 487, 285, 284, 285, 487, 488, 299, 486, 300, 486, 299, 478, 488, 287, 285, 287, 488, 470, 465, 321, 320, 321, 465, 473, 272, 427, 273, 427, 272, 489, 481, 295, 293, 295, 481, 482, 270, 489, 272, 489, 270, 490, 491, 248, 428, 248, 491, 252, 262, 493, 492, 493, 262, 260, 260, 494, 493, 494, 260, 258, 267, 495, 269, 495, 267, 496, 497, 252, 491, 252, 497, 254, 499, 255, 498, 255, 499, 257, 498, 254, 497, 254, 498, 255, 258, 499, 494, 499, 258, 257, 267, 500, 496, 500, 267, 265, 263, 492, 501, 492, 263, 262, 269, 490, 270, 490, 269, 495, 265, 501, 500, 501, 265, 263, 427, 491, 428, 491, 427, 497, 497, 427, 498, 498, 427, 499, 499, 427, 494, 494, 427, 493, 493, 427, 492, 492, 427, 501, 501, 427, 500, 500, 427, 496, 496, 427, 495, 495, 427, 490, 490, 427, 489, 483, 423, 475, 423, 483, 429, 429, 483, 486, 429, 486, 478, 429, 478, 477, 429, 477, 482, 429, 482, 481, 429, 481, 469, 429, 469, 468, 429, 468, 471, 429, 471, 470, 429, 470, 488, 429, 488, 487, 487, 283, 429, 283, 487, 284, 466, 424, 476, 424, 466, 422, 422, 466, 467, 422, 467, 480, 422, 480, 479, 422, 479, 474, 422, 474, 473, 422, 473, 465, 422, 465, 464, 422, 464, 463, 422, 463, 462, 422, 462, 484, 422, 484, 485, 426, 502, 425, 502, 426, 503, 503, 426, 504, 504, 426, 505, 505, 426, 506, 506, 426, 507, 507, 426, 508, 508, 426, 509, 509, 426, 510, 510, 426, 511, 511, 426, 512, 512, 426, 513, 513, 426, 472, 485, 309, 422, 309, 485, 312, 242, 472, 244, 472, 242, 513, 502, 222, 425, 222, 502, 224, 234, 507, 508, 507, 234, 232, 232, 506, 507, 506, 232, 230, 241, 511, 512, 511, 241, 239, 503, 224, 502, 224, 503, 226, 505, 227, 504, 227, 505, 229, 504, 226, 503, 226, 504, 227, 239, 510, 511, 510, 239, 237, 235, 508, 509, 508, 235, 234, 230, 505, 506, 505, 230, 229, 241, 513, 242, 513, 241, 512, 237, 509, 510, 509, 237, 235, 516, 515, 514, 515, 516, 517, 519, 516, 518, 516, 519, 517, 521, 404, 520, 404, 521, 401, 522, 401, 521, 522, 352, 401, 522, 351, 352, 522, 400, 351, 522, 399, 400, 523, 399, 522, 523, 398, 399, 523, 395, 398, 524, 395, 523, 525, 395, 524, 525, 394, 395, 525, 385, 394, 526, 385, 525, 527, 385, 526, 528, 527, 526, 527, 384, 385, 527, 366, 384, 527, 354, 366, 527, 353, 354, 527, 372, 353, 529, 372, 527, 529, 396, 372, 529, 402, 396, 529, 397, 402, 529, 378, 397, 397, 378, 381, 530, 378, 529, 531, 378, 530, 378, 531, 377, 515, 532, 514, 532, 515, 533, 536, 535, 534, 535, 536, 529, 529, 536, 537, 529, 537, 530, 540, 539, 538, 539, 540, 541, 541, 540, 542, 543, 542, 540, 523, 542, 543, 542, 523, 544, 545, 526, 525, 526, 545, 546, 539, 547, 538, 547, 539, 548, 548, 539, 549, 549, 539, 544, 549, 544, 550, 550, 544, 551, 551, 544, 523, 551, 523, 522, 552, 524, 528, 524, 552, 553, 554, 537, 536, 537, 554, 555, 556, 555, 554, 556, 531, 555, 344, 531, 556, 531, 344, 377, 524, 545, 525, 545, 524, 553, 545, 552, 546, 552, 545, 553, 516, 532, 518, 532, 516, 514, 538, 515, 517, 515, 538, 355, 355, 538, 356, 367, 515, 355, 356, 538, 368, 388, 515, 367, 368, 538, 547, 368, 547, 369, 369, 547, 370, 370, 547, 371, 371, 547, 338, 338, 547, 557, 338, 557, 340, 340, 557, 558, 388, 533, 515, 388, 559, 533, 533, 559, 519, 364, 559, 388, 365, 559, 364, 358, 559, 365, 357, 559, 358, 373, 559, 357, 373, 535, 559, 376, 535, 373, 360, 535, 376, 359, 535, 360, 346, 535, 359, 346, 359, 350, 344, 535, 346, 556, 535, 344, 535, 556, 534, 561, 540, 560, 540, 561, 543, 563, 560, 562, 560, 563, 561, 517, 540, 538, 564, 540, 517, 565, 540, 564, 540, 565, 560, 559, 560, 565, 559, 562, 560, 562, 559, 535, 527, 563, 529, 563, 527, 561, 561, 527, 566, 561, 566, 543, 543, 566, 567, 543, 567, 524, 543, 524, 523, 568, 549, 550, 549, 568, 569, 520, 569, 568, 520, 558, 569, 404, 558, 520, 558, 404, 340, 529, 570, 535, 570, 529, 563, 571, 535, 570, 570, 563, 572, 535, 571, 562, 572, 563, 573, 562, 571, 573, 562, 573, 563, 519, 532, 533, 532, 519, 518, 552, 526, 546, 526, 552, 528, 431, 434, 430, 434, 431, 436, 436, 431, 440, 436, 440, 445, 445, 440, 438, 445, 438, 444, 447, 450, 446, 450, 447, 452, 452, 447, 456, 452, 456, 461, 461, 456, 454, 461, 454, 460, 550, 520, 568, 520, 550, 551, 548, 569, 558, 569, 548, 549, 548, 575, 574, 575, 548, 558, 520, 577, 576, 577, 520, 551, 580, 579, 578, 579, 580, 581, 584, 583, 582, 583, 584, 585, 588, 587, 586, 587, 588, 589, 589, 588, 590, 593, 592, 591, 592, 593, 594, 594, 593, 595, 598, 597, 596, 597, 598, 599, 602, 601, 600, 601, 602, 603, 658, 638, 665, 665, 638, 662, 638, 615, 662, 615, 723, 662, 662, 723, 637, 615, 613, 723, 723, 722, 637, 723, 613, 720, 722, 721, 637, 721, 718, 637, 720, 613, 719, 719, 613, 714, 637, 718, 633, 613, 631, 714, 718, 717, 633, 633, 717, 635, 717, 716, 635, 635, 716, 664, 716, 715, 664, 715, 711, 664, 664, 711, 644, 714, 631, 713, 631, 674, 713, 713, 674, 712, 712, 674, 707, 674, 676, 707, 711, 710, 644, 644, 710, 625, 710, 709, 625, 709, 708, 625, 708, 702, 625, 707, 676, 706, 676, 670, 706, 706, 670, 705, 670, 628, 705, 705, 628, 704, 704, 628, 703, 703, 628, 701, 625, 702, 618, 628, 629, 701, 702, 700, 618, 701, 629, 700, 616, 618, 700, 700, 629, 616, 629, 671, 616, 616, 671, 610, 671, 675, 610, 608, 610, 675, 641, 690, 639, 687, 639, 690, 659, 660, 699, 698, 699, 660, 686, 687, 689, 689, 687, 688, 687, 690, 688, 688, 690, 691, 690, 678, 691, 691, 678, 680, 678, 679, 680, 680, 679, 681, 679, 682, 681, 681, 682, 692, 682, 683, 692, 692, 683, 698, 683, 672, 698, 698, 672, 699, 672, 673, 699, 699, 673, 694, 673, 693, 694, 694, 693, 695, 693, 685, 695, 685, 684, 695, 695, 684, 696, 697, 696, 684, 684, 669, 697, 668, 697, 669, 645, 659, 694, 699, 694, 659, 696, 657, 695, 647, 695, 657, 655, 672, 653, 683, 653, 672, 606, 693, 604, 673, 604, 693, 660, 650, 698, 692, 698, 650, 697, 668, 696, 657, 696, 668, 695, 647, 694, 645, 694, 647, 606, 666, 693, 685, 693, 666, 688, 691, 620, 619, 620, 691, 686, 689, 623, 621, 623, 689, 650, 649, 692, 681, 692, 649, 663, 619, 680, 691, 680, 619, 648, 678, 641, 690, 641, 678, 689, 688, 621, 620, 621, 688, 639, 687, 623, 686, 623, 687, 666, 669, 685, 684, 685, 669, 677, 682, 667, 679, 667, 682, 653, 683, 677, 682, 677, 683, 649, 663, 681, 680, 681, 663, 667, 679, 648, 678, 648, 679, 654, 653, 634, 677, 634, 653, 675, 671, 656, 646, 656, 671, 651, 630, 649, 663, 649, 630, 634, 677, 632, 667, 632, 677, 676, 674, 652, 651, 652, 674, 670, 676, 661, 652, 661, 676, 608, 675, 609, 656, 609, 675, 668, 609, 657, 656, 657, 609, 666, 617, 669, 611, 669, 617, 674, 631, 651, 630, 651, 631, 604, 673, 655, 672, 655, 673, 671, 629, 646, 627, 646, 629, 628, 670, 626, 661, 626, 670, 669, 611, 668, 609, 668, 611, 632, 667, 636, 648, 636, 667, 665, 640, 658, 624, 658, 640, 617, 616, 611, 610, 611, 616, 640, 639, 624, 623, 624, 639, 606, 607, 666, 617, 666, 607, 644, 643, 664, 654, 664, 643, 642, 640, 662, 665, 662, 640, 664, 654, 635, 634, 635, 654, 605, 604, 643, 655, 643, 604, 630, 612, 663, 619, 663, 612, 636, 642, 637, 662, 637, 642, 661, 652, 660, 650, 660, 652, 622, 621, 614, 620, 614, 621, 626, 661, 659, 660, 659, 661, 627, 626, 645, 659, 645, 626, 658, 624, 638, 622, 638, 624, 657, 656, 647, 646, 647, 656, 643, 655, 654, 653, 654, 655, 652, 651, 650, 649, 650, 651, 636, 648, 642, 641, 642, 648, 647, 646, 645, 627, 645, 646, 625, 605, 644, 643, 644, 605, 642, 641, 640, 639, 640, 641, 638, 622, 615, 614, 615, 622, 633, 632, 637, 636, 637, 632, 635, 634, 633, 632, 633, 634, 631, 613, 630, 612, 630, 613, 629, 628, 627, 626, 627, 628, 618, 607, 625, 605, 625, 607, 624, 623, 622, 621, 622, 623, 614, 620, 612, 619, 612, 620, 607, 618, 617, 616, 617, 618, 615, 614, 613, 612, 613, 614, 611, 610, 609, 608, 609, 610, 607, 606, 605, 604, 605, 606, 771, 769, 770, 770, 769, 768, 769, 767, 768, 768, 767, 763, 767, 762, 763, 762, 766, 763, 766, 765, 763, 766, 762, 764, 765, 761, 763, 764, 762, 758, 763, 761, 759, 762, 756, 758, 761, 760, 759, 760, 755, 759, 759, 755, 754, 758, 756, 757, 757, 756, 750, 756, 748, 750, 755, 753, 754, 754, 753, 751, 753, 752, 751, 752, 747, 751, 751, 747, 745, 750, 748, 749, 749, 748, 744, 748, 743, 744, 747, 746, 745, 746, 739, 745, 745, 739, 737, 744, 743, 742, 743, 740, 742, 742, 740, 741, 741, 740, 736, 740, 734, 736, 739, 738, 737, 738, 733, 737, 737, 733, 730, 736, 734, 735, 735, 734, 732, 734, 729, 732, 733, 731, 730, 731, 732, 729, 731, 729, 730, 730, 729, 728, 729, 727, 728, 728, 727, 725, 727, 726, 725, 724, 725, 726, 819, 795, 816, 794, 816, 795, 798, 805, 799, 803, 799, 805, 813, 812, 796, 797, 796, 812, 808, 819, 806, 816, 806, 819, 804, 780, 802, 782, 802, 780, 818, 817, 814, 815, 814, 817, 811, 818, 810, 814, 810, 818, 817, 775, 815, 773, 815, 775, 787, 785, 794, 794, 785, 816, 785, 813, 816, 816, 813, 806, 813, 796, 806, 806, 796, 807, 796, 777, 807, 807, 777, 772, 777, 776, 772, 772, 776, 773, 776, 788, 773, 773, 788, 815, 788, 800, 815, 815, 800, 814, 800, 781, 814, 814, 781, 810, 781, 780, 810, 810, 780, 792, 780, 804, 792, 792, 804, 790, 804, 805, 790, 798, 790, 805, 785, 784, 813, 812, 813, 784, 811, 810, 793, 792, 793, 810, 774, 809, 772, 807, 772, 809, 783, 781, 801, 800, 801, 781, 809, 808, 807, 806, 807, 808, 805, 804, 803, 802, 803, 804, 789, 801, 788, 800, 788, 801, 791, 790, 799, 798, 799, 790, 797, 779, 796, 777, 796, 779, 795, 786, 794, 787, 794, 786, 793, 792, 791, 790, 791, 792, 789, 788, 778, 776, 778, 788, 787, 786, 785, 784, 785, 786, 783, 782, 781, 780, 781, 782, 779, 778, 777, 776, 777, 778, 775, 774, 773, 772, 773, 774, 822, 821, 820, 821, 822, 823, 826, 825, 824, 825, 826, 827, 830, 829, 828, 829, 830, 831, 834, 833, 832, 833, 834, 823, 836, 828, 835, 828, 836, 830, 839, 838, 837, 838, 839, 840, 823, 841, 821, 841, 823, 834, 844, 843, 842, 843, 844, 845, 829, 846, 828, 846, 829, 847, 850, 849, 848, 849, 850, 851, 848, 853, 852, 853, 848, 849, 838, 831, 830, 831, 838, 854, 857, 856, 855, 856, 857, 858, 821, 860, 859, 860, 821, 841, 862, 861, 843, 861, 862, 863, 864, 858, 857, 858, 864, 852, 867, 866, 865, 866, 867, 868, 871, 870, 869, 870, 871, 859, 872, 863, 862, 863, 872, 873, 840, 854, 838, 854, 840, 874, 842, 861, 875, 861, 842, 843, 877, 875, 876, 875, 877, 842, 837, 830, 836, 830, 837, 838, 868, 876, 866, 876, 868, 877, 858, 853, 878, 853, 858, 852, 828, 879, 835, 879, 828, 846, 820, 859, 871, 859, 820, 821, 870, 851, 850, 851, 870, 880, 856, 878, 881, 878, 856, 858, 859, 880, 870, 880, 859, 860, 823, 882, 833, 882, 823, 822, 855, 840, 839, 840, 855, 856, 832, 827, 826, 827, 832, 833, 856, 874, 840, 874, 856, 881, 883, 852, 864, 852, 883, 848, 827, 884, 825, 884, 827, 885, 886, 842, 877, 842, 886, 844, 845, 862, 843, 862, 845, 887, 889, 871, 888, 871, 889, 820, 847, 867, 846, 867, 847, 890, 833, 885, 827, 885, 833, 882, 825, 873, 872, 873, 825, 884, 891, 825, 872, 825, 891, 824, 892, 877, 868, 877, 892, 886, 890, 868, 867, 868, 890, 892, 893, 848, 883, 848, 893, 850, 846, 865, 879, 865, 846, 867, 887, 872, 862, 872, 887, 891, 869, 850, 893, 850, 869, 870, 895, 864, 894, 864, 895, 883, 879, 897, 896, 897, 879, 865, 899, 893, 898, 893, 899, 869, 898, 883, 895, 883, 898, 893, 885, 901, 900, 901, 885, 882, 903, 839, 902, 839, 903, 855, 904, 837, 836, 837, 904, 905, 894, 857, 906, 857, 894, 864, 835, 896, 907, 896, 835, 879, 865, 908, 897, 908, 865, 866, 905, 839, 837, 839, 905, 902, 907, 836, 835, 836, 907, 904, 882, 909, 901, 909, 882, 822, 863, 910, 861, 910, 863, 911, 884, 912, 873, 912, 884, 913, 866, 914, 908, 914, 866, 876, 909, 820, 889, 820, 909, 822, 888, 869, 899, 869, 888, 871, 873, 911, 863, 911, 873, 912, 875, 910, 915, 910, 875, 861, 885, 913, 884, 913, 885, 900, 900, 912, 913, 912, 900, 911, 911, 900, 901, 911, 901, 909, 911, 909, 910, 910, 909, 889, 910, 889, 915, 915, 889, 888, 915, 888, 914, 914, 888, 899, 914, 899, 908, 908, 899, 898, 908, 898, 897, 897, 898, 895, 897, 895, 896, 896, 895, 894, 896, 894, 907, 907, 894, 906, 907, 906, 904, 904, 906, 903, 904, 903, 905, 905, 903, 902, 876, 915, 914, 915, 876, 875, 906, 855, 903, 855, 906, 857, 891, 826, 824, 826, 891, 887, 826, 887, 832, 832, 887, 845, 832, 845, 916, 916, 834, 832, 916, 845, 917, 834, 916, 918, 917, 845, 844, 834, 918, 841, 917, 844, 919, 919, 844, 920, 920, 844, 921, 921, 844, 886, 921, 886, 922, 922, 886, 892, 922, 892, 923, 841, 918, 924, 841, 924, 925, 841, 925, 926, 841, 926, 860, 860, 926, 927, 923, 892, 890, 923, 890, 928, 928, 890, 929, 929, 890, 847, 929, 847, 930, 860, 927, 880, 880, 927, 931, 880, 931, 932, 880, 932, 851, 851, 932, 933, 851, 933, 849, 849, 933, 934, 930, 847, 829, 849, 934, 853, 930, 829, 935, 935, 829, 936, 853, 934, 937, 853, 937, 938, 936, 829, 939, 853, 938, 939, 939, 829, 831, 853, 939, 878, 878, 939, 831, 878, 831, 854, 878, 854, 881, 881, 854, 874, 942, 941, 940, 941, 942, 943, 941, 943, 944, 944, 943, 945, 944, 945, 946, 946, 945, 947, 945, 948, 947, 946, 947, 949, 948, 945, 950, 948, 950, 951, 951, 950, 952, 946, 949, 953, 953, 949, 954, 953, 954, 955, 952, 950, 956, 952, 956, 957, 957, 956, 958, 958, 956, 959, 958, 959, 960, 953, 955, 961, 961, 955, 962, 961, 962, 963, 960, 959, 964, 960, 964, 965, 965, 964, 966, 961, 963, 967, 967, 963, 968, 967, 968, 969, 967, 969, 970, 970, 969, 971, 966, 964, 972, 966, 972, 973, 973, 972, 974, 970, 971, 975, 975, 971, 976, 975, 976, 977, 974, 972, 978, 975, 977, 979, 974, 978, 980, 979, 977, 981, 980, 978, 982, 979, 981, 982, 979, 982, 978, 979, 978, 983, 979, 983, 984, 984, 983, 985, 984, 985, 986, 986, 985, 987, 990, 989, 988, 989, 990, 991, 994, 993, 992, 993, 994, 995, 998, 997, 996, 997, 998, 999, 1002, 1001, 1000, 1001, 1002, 1003, 1004, 994, 992, 994, 1004, 1005, 1008, 1007, 1006, 1007, 1008, 1009, 1002, 1010, 1003, 1010, 1002, 1011, 995, 1012, 993, 1012, 995, 1013, 1006, 1015, 1014, 1015, 1006, 1007, 1017, 1004, 1016, 1004, 1017, 1005, 1020, 1019, 1018, 1019, 1020, 1021, 1024, 1023, 1022, 1023, 1024, 1025, 997, 1017, 1016, 1017, 997, 999, 1025, 988, 1023, 988, 1025, 990, 1026, 1009, 1008, 1009, 1026, 1027, 1000, 1029, 1028, 1029, 1000, 1001, 1021, 1006, 1014, 1006, 1021, 1020, 1006, 1020, 1008, 1008, 1020, 996, 1008, 996, 1026, 1026, 996, 997, 1026, 997, 1030, 1030, 997, 1016, 1030, 1016, 1031, 1031, 1016, 1004, 1031, 1004, 989, 989, 1004, 992, 989, 992, 988, 988, 992, 993, 988, 993, 1023, 1023, 993, 1012, 1023, 1012, 1022, 1022, 1012, 1029, 1022, 1029, 1032, 1032, 1029, 1001, 1032, 1001, 1010, 1010, 1001, 1003, 991, 1031, 989, 1031, 991, 1033, 1034, 1026, 1030, 1026, 1034, 1027, 1033, 1030, 1031, 1030, 1033, 1034, 996, 1018, 998, 1018, 996, 1020, 1035, 1022, 1032, 1022, 1035, 1024, 1028, 1012, 1013, 1012, 1028, 1029, 1021, 1015, 1019, 1015, 1021, 1014, 1011, 1032, 1010, 1032, 1011, 1035, 1090, 1070, 1097, 1097, 1070, 1094, 1070, 1047, 1094, 1047, 1155, 1094, 1094, 1155, 1069, 1047, 1045, 1155, 1155, 1154, 1069, 1155, 1045, 1152, 1154, 1153, 1069, 1153, 1150, 1069, 1152, 1045, 1151, 1151, 1045, 1146, 1069, 1150, 1065, 1045, 1063, 1146, 1150, 1149, 1065, 1065, 1149, 1067, 1149, 1148, 1067, 1067, 1148, 1096, 1148, 1147, 1096, 1147, 1143, 1096, 1096, 1143, 1076, 1146, 1063, 1145, 1063, 1106, 1145, 1145, 1106, 1144, 1144, 1106, 1139, 1106, 1108, 1139, 1143, 1142, 1076, 1076, 1142, 1057, 1142, 1141, 1057, 1141, 1140, 1057, 1140, 1134, 1057, 1139, 1108, 1138, 1108, 1102, 1138, 1138, 1102, 1137, 1102, 1060, 1137, 1137, 1060, 1136, 1136, 1060, 1135, 1135, 1060, 1133, 1057, 1134, 1050, 1060, 1061, 1133, 1134, 1132, 1050, 1133, 1061, 1132, 1048, 1050, 1132, 1132, 1061, 1048, 1061, 1103, 1048, 1048, 1103, 1042, 1103, 1107, 1042, 1040, 1042, 1107, 1073, 1122, 1071, 1119, 1071, 1122, 1091, 1092, 1131, 1130, 1131, 1092, 1118, 1119, 1121, 1121, 1119, 1120, 1119, 1122, 1120, 1120, 1122, 1123, 1122, 1110, 1123, 1123, 1110, 1112, 1110, 1111, 1112, 1112, 1111, 1113, 1111, 1114, 1113, 1113, 1114, 1124, 1114, 1115, 1124, 1124, 1115, 1130, 1115, 1104, 1130, 1130, 1104, 1131, 1104, 1105, 1131, 1131, 1105, 1126, 1105, 1125, 1126, 1126, 1125, 1127, 1125, 1117, 1127, 1117, 1116, 1127, 1127, 1116, 1128, 1129, 1128, 1116, 1116, 1101, 1129, 1100, 1129, 1101, 1077, 1091, 1126, 1131, 1126, 1091, 1128, 1089, 1127, 1079, 1127, 1089, 1087, 1104, 1085, 1115, 1085, 1104, 1038, 1125, 1036, 1105, 1036, 1125, 1092, 1082, 1130, 1124, 1130, 1082, 1129, 1100, 1128, 1089, 1128, 1100, 1127, 1079, 1126, 1077, 1126, 1079, 1038, 1098, 1125, 1117, 1125, 1098, 1120, 1123, 1052, 1051, 1052, 1123, 1118, 1121, 1055, 1053, 1055, 1121, 1082, 1081, 1124, 1113, 1124, 1081, 1095, 1051, 1112, 1123, 1112, 1051, 1080, 1110, 1073, 1122, 1073, 1110, 1121, 1120, 1053, 1052, 1053, 1120, 1071, 1119, 1055, 1118, 1055, 1119, 1098, 1101, 1117, 1116, 1117, 1101, 1109, 1114, 1099, 1111, 1099, 1114, 1085, 1115, 1109, 1114, 1109, 1115, 1081, 1095, 1113, 1112, 1113, 1095, 1099, 1111, 1080, 1110, 1080, 1111, 1086, 1085, 1066, 1109, 1066, 1085, 1107, 1103, 1088, 1078, 1088, 1103, 1083, 1062, 1081, 1095, 1081, 1062, 1066, 1109, 1064, 1099, 1064, 1109, 1108, 1106, 1084, 1083, 1084, 1106, 1102, 1108, 1093, 1084, 1093, 1108, 1040, 1107, 1041, 1088, 1041, 1107, 1100, 1041, 1089, 1088, 1089, 1041, 1098, 1049, 1101, 1043, 1101, 1049, 1106, 1063, 1083, 1062, 1083, 1063, 1036, 1105, 1087, 1104, 1087, 1105, 1103, 1061, 1078, 1059, 1078, 1061, 1060, 1102, 1058, 1093, 1058, 1102, 1101, 1043, 1100, 1041, 1100, 1043, 1064, 1099, 1068, 1080, 1068, 1099, 1097, 1072, 1090, 1056, 1090, 1072, 1049, 1048, 1043, 1042, 1043, 1048, 1072, 1071, 1056, 1055, 1056, 1071, 1038, 1039, 1098, 1049, 1098, 1039, 1076, 1075, 1096, 1086, 1096, 1075, 1074, 1072, 1094, 1097, 1094, 1072, 1096, 1086, 1067, 1066, 1067, 1086, 1037, 1036, 1075, 1087, 1075, 1036, 1062, 1044, 1095, 1051, 1095, 1044, 1068, 1074, 1069, 1094, 1069, 1074, 1093, 1084, 1092, 1082, 1092, 1084, 1054, 1053, 1046, 1052, 1046, 1053, 1058, 1093, 1091, 1092, 1091, 1093, 1059, 1058, 1077, 1091, 1077, 1058, 1090, 1056, 1070, 1054, 1070, 1056, 1089, 1088, 1079, 1078, 1079, 1088, 1075, 1087, 1086, 1085, 1086, 1087, 1084, 1083, 1082, 1081, 1082, 1083, 1068, 1080, 1074, 1073, 1074, 1080, 1079, 1078, 1077, 1059, 1077, 1078, 1057, 1037, 1076, 1075, 1076, 1037, 1074, 1073, 1072, 1071, 1072, 1073, 1070, 1054, 1047, 1046, 1047, 1054, 1065, 1064, 1069, 1068, 1069, 1064, 1067, 1066, 1065, 1064, 1065, 1066, 1063, 1045, 1062, 1044, 1062, 1045, 1061, 1060, 1059, 1058, 1059, 1060, 1050, 1039, 1057, 1037, 1057, 1039, 1056, 1055, 1054, 1053, 1054, 1055, 1046, 1052, 1044, 1051, 1044, 1052, 1039, 1050, 1049, 1048, 1049, 1050, 1047, 1046, 1045, 1044, 1045, 1046, 1043, 1042, 1041, 1040, 1041, 1042, 1039, 1038, 1037, 1036, 1037, 1038, 1203, 1201, 1202, 1202, 1201, 1200, 1201, 1199, 1200, 1200, 1199, 1195, 1199, 1194, 1195, 1194, 1198, 1195, 1198, 1197, 1195, 1198, 1194, 1196, 1197, 1193, 1195, 1196, 1194, 1190, 1195, 1193, 1191, 1194, 1188, 1190, 1193, 1192, 1191, 1192, 1187, 1191, 1191, 1187, 1186, 1190, 1188, 1189, 1189, 1188, 1182, 1188, 1180, 1182, 1187, 1185, 1186, 1186, 1185, 1183, 1185, 1184, 1183, 1184, 1179, 1183, 1183, 1179, 1177, 1182, 1180, 1181, 1181, 1180, 1176, 1180, 1175, 1176, 1179, 1178, 1177, 1178, 1171, 1177, 1177, 1171, 1169, 1176, 1175, 1174, 1175, 1172, 1174, 1174, 1172, 1173, 1173, 1172, 1168, 1172, 1166, 1168, 1171, 1170, 1169, 1170, 1165, 1169, 1169, 1165, 1162, 1168, 1166, 1167, 1167, 1166, 1164, 1166, 1161, 1164, 1165, 1163, 1162, 1163, 1164, 1161, 1163, 1161, 1162, 1162, 1161, 1160, 1161, 1159, 1160, 1160, 1159, 1157, 1159, 1158, 1157, 1156, 1157, 1158, 1251, 1227, 1248, 1226, 1248, 1227, 1230, 1237, 1231, 1235, 1231, 1237, 1245, 1244, 1228, 1229, 1228, 1244, 1240, 1251, 1238, 1248, 1238, 1251, 1236, 1212, 1234, 1214, 1234, 1212, 1250, 1249, 1246, 1247, 1246, 1249, 1243, 1250, 1242, 1246, 1242, 1250, 1249, 1207, 1247, 1205, 1247, 1207, 1219, 1217, 1226, 1226, 1217, 1248, 1217, 1245, 1248, 1248, 1245, 1238, 1245, 1228, 1238, 1238, 1228, 1239, 1228, 1209, 1239, 1239, 1209, 1204, 1209, 1208, 1204, 1204, 1208, 1205, 1208, 1220, 1205, 1205, 1220, 1247, 1220, 1232, 1247, 1247, 1232, 1246, 1232, 1213, 1246, 1246, 1213, 1242, 1213, 1212, 1242, 1242, 1212, 1224, 1212, 1236, 1224, 1224, 1236, 1222, 1236, 1237, 1222, 1230, 1222, 1237, 1217, 1216, 1245, 1244, 1245, 1216, 1243, 1242, 1225, 1224, 1225, 1242, 1206, 1241, 1204, 1239, 1204, 1241, 1215, 1213, 1233, 1232, 1233, 1213, 1241, 1240, 1239, 1238, 1239, 1240, 1237, 1236, 1235, 1234, 1235, 1236, 1221, 1233, 1220, 1232, 1220, 1233, 1223, 1222, 1231, 1230, 1231, 1222, 1229, 1211, 1228, 1209, 1228, 1211, 1227, 1218, 1226, 1219, 1226, 1218, 1225, 1224, 1223, 1222, 1223, 1224, 1221, 1220, 1210, 1208, 1210, 1220, 1219, 1218, 1217, 1216, 1217, 1218, 1215, 1214, 1213, 1212, 1213, 1214, 1211, 1210, 1209, 1208, 1209, 1210, 1207, 1206, 1205, 1204, 1205, 1206]
        point3f[] points = [(-0.35, 0.559808, 0.51), (-0.5, 0.559808, 0.51), (-0.35, 0.512132, 0.447868), (-0.5, 0.512132, 0.447868), (-0.6, 0.3, 0.405), (-0.5, 0.3, 0.36), (-0.6, 0.365999, 0.413689), (-0.5, 0.377646, 0.370222), (-0.5, 0.087868, 0.872132), (-0.6, 0.119688, 0.840312), (-0.5, 0.15, 0.919808), (-0.6, 0.1725, 0.880836), (-0.6, 0.4275, 0.439163), (-0.5, 0.45, 0.400192), (-0.6, 0.480312, 0.479688), (-0.35, 0.087868, 0.872132), (-0.35, 0.15, 0.919808), (-0.35, 0.222354, 0.949778), (-0.5, 0.222354, 0.949778), (-0.35, 0.3, 0.96), (-0.5, 0.3, 0.96), (-0.6, 0.520837, 0.5325), (-0.5, 0.0401924, 0.51), (-0.5, 0.087868, 0.447868), (-0.6, 0.0791635, 0.5325), (-0.6, 0.119688, 0.479688), (-0.5, 0.0401924, 0.81), (-0.6, 0.0791635, 0.7875), (-0.5, 0.559808, 0.81), (-0.6, 0.520837, 0.7875), (-0.5, 0.589778, 0.737646), (-0.6, 0.546311, 0.725999), (-0.5, 0.512132, 0.872132), (-0.6, 0.480312, 0.840312), (-0.6, 0.234001, 0.906311), (-0.35, 0.377646, 0.949778), (-0.5, 0.377646, 0.949778), (-0.35, 0.45, 0.919808), (-0.5, 0.45, 0.919808), (-0.5, 0.589778, 0.582354), (-0.6, 0.546311, 0.594001), (-0.35, 0.087868, 0.447868), (-0.5, 0.15, 0.400192), (-0.35, 0.15, 0.400192), (-0.35, 0.512132, 0.872132), (-0.35, 0.0102223, 0.737646), (-0.35, 0, 0.66), (-0.5, 0.0102223, 0.737646), (-0.5, 0, 0.66), (-0.35, 0.6, 0.66), (-0.5, 0.6, 0.66), (-0.35, 0.589778, 0.582354), (-0.5, 0.222354, 0.370222), (-0.35, 0.222354, 0.370222), (-0.6, 0.3, 0.915), (-0.35, 0.0401924, 0.51), (-0.35, 0.0102223, 0.582354), (-0.5, 0.0102223, 0.582354), (-0.6, 0.4275, 0.880836), (-0.35, 0.0401924, 0.81), (-0.6, 0.555, 0.66), (-0.6, 0.365999, 0.906311), (-0.35, 0.45, 0.400192), (-0.35, 0.559808, 0.81), (-0.35, 0.3, 0.36), (-0.35, 0.377646, 0.370222), (-0.6, 0.0536889, 0.594001), (-0.6, 0.1725, 0.439163), (-0.25, 0.546311, 0.594001), (-0.25, 0.520837, 0.5325), (-0.6, 0.0536889, 0.725999), (-0.6, 0.234001, 0.413689), (-0.6, 0.045, 0.66), (-0.35, 0.589778, 0.737646), (-0.25, 0.480312, 0.840312), (-0.25, 0.520837, 0.7875), (-0.25, 0.0791635, 0.7875), (-0.25, 0.0536889, 0.725999), (-0.25, 0.546311, 0.725999), (-0.25, 0.555, 0.66), (-0.25, 0.365999, 0.413689), (-0.25, 0.4275, 0.439163), (-0.25, 0.3, 0.915), (-0.25, 0.365999, 0.906311), (-0.25, 0.1725, 0.880836), (-0.25, 0.234001, 0.906311), (-0.25, 0.4275, 0.880836), (-0.25, 0.119688, 0.840312), (-0.25, 0.045, 0.66), (-0.25, 0.480312, 0.479688), (-0.25, 0.119688, 0.479688), (-0.25, 0.1725, 0.439163), (-0.25, 0.234001, 0.413689), (-0.25, 0.3, 0.405), (-0.25, 0.0536889, 0.594001), (-0.25, 0.0791635, 0.5325), (-0.6, 0.3, 0.478632), (-0.6, 0.253059, 0.484812), (-0.6, 0.346942, 0.484812), (-0.6, 0.209316, 0.50293), (-0.6, 0.171753, 0.531753), (-0.6, 0.14293, 0.569316), (-0.6, 0.124812, 0.613058), (-0.6, 0.118632, 0.66), (-0.6, 0.390684, 0.50293), (-0.6, 0.428247, 0.531753), (-0.6, 0.45707, 0.569316), (-0.6, 0.475188, 0.613058), (-0.6, 0.124812, 0.706942), (-0.6, 0.14293, 0.750684), (-0.6, 0.171753, 0.788247), (-0.6, 0.481368, 0.66), (-0.6, 0.475188, 0.706942), (-0.6, 0.45707, 0.750684), (-0.6, 0.428247, 0.788247), (-0.6, 0.209316, 0.817069), (-0.6, 0.253059, 0.835188), (-0.6, 0.390684, 0.817069), (-0.6, 0.346942, 0.835188), (-0.6, 0.3, 0.841368), (-0.6, 0.3, 0.841368), (-0.6, 0.253059, 0.835188), (-0.6, 0.346942, 0.835188), (-0.6, 0.390684, 0.817069), (-0.6, 0.209316, 0.817069), (-0.6, 0.428247, 0.788247), (-0.6, 0.171753, 0.788247), (-0.6, 0.3, 0.780478), (-0.6, 0.331182, 0.776373), (-0.6, 0.268818, 0.776373), (-0.6, 0.45707, 0.750684), (-0.6, 0.360239, 0.764337), (-0.6, 0.385191, 0.745191), (-0.6, 0.14293, 0.750684), (-0.6, 0.239761, 0.764337), (-0.6, 0.214809, 0.745191), (-0.6, 0.475188, 0.706942), (-0.6, 0.404337, 0.720239), (-0.6, 0.416373, 0.691182), (-0.6, 0.481368, 0.66), (-0.6, 0.420478, 0.66), (-0.6, 0.124812, 0.706942), (-0.6, 0.195663, 0.720239), (-0.6, 0.183627, 0.691182), (-0.6, 0.475188, 0.613058), (-0.6, 0.416373, 0.628818), (-0.6, 0.404337, 0.599761), (-0.6, 0.118632, 0.66), (-0.6, 0.179522, 0.66), (-0.6, 0.183627, 0.628818), (-0.6, 0.124812, 0.613058), (-0.6, 0.195663, 0.599761), (-0.6, 0.45707, 0.569316), (-0.6, 0.385191, 0.574809), (-0.6, 0.360239, 0.555663), (-0.6, 0.14293, 0.569316), (-0.6, 0.214809, 0.574809), (-0.6, 0.239761, 0.555663), (-0.6, 0.428247, 0.531753), (-0.6, 0.171753, 0.531753), (-0.6, 0.331182, 0.543627), (-0.6, 0.268818, 0.543627), (-0.6, 0.3, 0.539522), (-0.6, 0.390684, 0.50293), (-0.6, 0.209316, 0.50293), (-0.6, 0.346942, 0.484812), (-0.6, 0.253059, 0.484812), (-0.6, 0.3, 0.478632), (-0.55, 0.38728, 0.683386), (-0.55, 0.390358, 0.66), (-0.6, 0.416373, 0.691182), (-0.6, 0.420478, 0.66), (-0.55, 0.21272, 0.683386), (-0.55, 0.221747, 0.705179), (-0.6, 0.183627, 0.691182), (-0.6, 0.195663, 0.720239), (-0.55, 0.236107, 0.596107), (-0.55, 0.221747, 0.614821), (-0.6, 0.214809, 0.574809), (-0.6, 0.195663, 0.599761), (-0.6, 0.268818, 0.776373), (-0.55, 0.276614, 0.747279), (-0.6, 0.3, 0.780478), (-0.55, 0.3, 0.750359), (-0.55, 0.209642, 0.66), (-0.6, 0.179522, 0.66), (-0.55, 0.323387, 0.57272), (-0.6, 0.331182, 0.543627), (-0.55, 0.345179, 0.581747), (-0.6, 0.360239, 0.555663), (-0.55, 0.323387, 0.747279), (-0.6, 0.331182, 0.776373), (-0.55, 0.236107, 0.723893), (-0.6, 0.214809, 0.745191), (-0.55, 0.3, 0.569642), (-0.6, 0.3, 0.539522), (-0.55, 0.21272, 0.636614), (-0.6, 0.183627, 0.628818), (-0.6, 0.239761, 0.555663), (-0.6, 0.268818, 0.543627), (-0.55, 0.254821, 0.581747), (-0.55, 0.276614, 0.57272), (-0.55, 0.363893, 0.723893), (-0.55, 0.378253, 0.705179), (-0.6, 0.385191, 0.745191), (-0.6, 0.404337, 0.720239), (-0.55, 0.363893, 0.596107), (-0.6, 0.385191, 0.574809), (-0.6, 0.239761, 0.764337), (-0.55, 0.254821, 0.738253), (-0.55, 0.378253, 0.614821), (-0.55, 0.38728, 0.636614), (-0.55, 0.345179, 0.738253), (-0.6, 0.416373, 0.628818), (-0.6, 0.404337, 0.599761), (-0.6, 0.360239, 0.764337), (-0.65, 0.4, -1.03683), (-0.516667, 0.4, -1.03683), (-0.65, 0.400939, -1.03671), (-0.51698, 0.400939, -1.03671), (-0.65, 0.2, -1.15), (-0.65, 0.4, -1.15), (-0.65, 0.2, -0.96), (-0.65, 0.495, -0.99775), (-0.65, 0.3, -0.96), (-0.65, 0.575772, -0.935772), (-0.65, 0.377646, -0.949778), (-0.65, 0.45, -0.919808), (-0.65, 0.63775, -0.855), (-0.65, 0.512132, -0.872132), (-0.65, 0.559808, -0.81), (-0.65, 0.676711, -0.760939), (-0.65, 0.589778, -0.737646), (-0.65, 0.69, -0.66), (-0.65, 0.6, -0.66), (-0.65, 0.589778, -0.582354), (-0.65, 0.676711, -0.55906), (-0.65, 0.559808, -0.51), (-0.65, 0.63775, -0.465), (-0.65, 0.512132, -0.447868), (-0.65, 0.575772, -0.384228), (-0.65, 0.45, -0.400192), (-0.65, 0.377646, -0.370222), (-0.65, 0.495, -0.32225), (-0.65, 0.3, -0.36), (-0.65, 0.2, -0.36), (-0.65, 0.3, -0.27), (-0.65, 0.400939, -0.283289), (-0.65, 0.2, 0.36), (-0.65, 0.3, 0.27), (-0.65, 0.400939, 0.283289), (-0.65, 0.495, 0.32225), (-0.65, 0.3, 0.36), (-0.65, 0.575772, 0.384228), (-0.65, 0.377646, 0.370222), (-0.65, 0.45, 0.400192), (-0.65, 0.63775, 0.465), (-0.65, 0.512132, 0.447868), (-0.65, 0.559808, 0.51), (-0.65, 0.676711, 0.559061), (-0.65, 0.589778, 0.582354), (-0.65, 0.69, 0.66), (-0.65, 0.6, 0.66), (-0.65, 0.589778, 0.737646), (-0.65, 0.676711, 0.760939), (-0.65, 0.559808, 0.81), (-0.65, 0.63775, 0.855), (-0.65, 0.512132, 0.872132), (-0.65, 0.575772, 0.935772), (-0.65, 0.45, 0.919808), (-0.65, 0.377646, 0.949778), (-0.65, 0.495, 0.99775), (-0.65, 0.3, 0.96), (-0.65, 0.2, 0.96), (-0.65, 0.2, 1.1), (-0.65, 0.4, 1.03683), (-0.65, 0.400939, 1.03671), (-0.65, 0.4, 1.1), (0.65, 0.400939, 1.03671), (0.65, 0.495, 0.99775), (0.65, 0.4, 1.03683), (0.65, 0.2, 1.1), (0.65, 0.4, 1.1), (0.65, 0.2, 0.96), (0.65, 0.3, 0.96), (0.65, 0.377646, 0.949778), (0.65, 0.575772, 0.935772), (0.65, 0.45, 0.919808), (0.65, 0.512132, 0.872132), (0.65, 0.63775, 0.855), (0.65, 0.559808, 0.81), (0.65, 0.676711, 0.760939), (0.65, 0.589778, 0.737646), (0.65, 0.6, 0.66), (0.65, 0.69, 0.66), (0.65, 0.589778, 0.582354), (0.65, 0.676711, 0.559061), (0.65, 0.559808, 0.51), (0.65, 0.63775, 0.465), (0.65, 0.512132, 0.447868), (0.65, 0.45, 0.400192), (0.65, 0.575772, 0.384228), (0.65, 0.377646, 0.370222), (0.65, 0.3, 0.36), (0.65, 0.495, 0.32225), (0.65, 0.2, 0.36), (0.65, 0.400939, 0.283289), (0.65, 0.3, 0.27), (0.65, 0.3, -0.27), (0.65, 0.2, -0.36), (0.65, 0.495, -0.32225), (0.65, 0.400939, -0.283289), (0.65, 0.3, -0.36), (0.65, 0.377646, -0.370222), (0.65, 0.575772, -0.384228), (0.65, 0.45, -0.400192), (0.65, 0.512132, -0.447868), (0.65, 0.63775, -0.465), (0.65, 0.559808, -0.51), (0.65, 0.676711, -0.55906), (0.65, 0.589778, -0.582354), (0.65, 0.6, -0.66), (0.65, 0.69, -0.66), (0.65, 0.589778, -0.737646), (0.65, 0.676711, -0.760939), (0.65, 0.559808, -0.81), (0.65, 0.63775, -0.855), (0.65, 0.512132, -0.872132), (0.65, 0.45, -0.919808), (0.65, 0.575772, -0.935772), (0.65, 0.377646, -0.949778), (0.65, 0.3, -0.96), (0.65, 0.495, -0.99775), (0.65, 0.2, -0.96), (0.65, 0.400939, -1.03671), (0.65, 0.4, -1.03683), (0.65, 0.2, -1.15), (0.65, 0.4, -1.15), (0.55, 0.5, 0.993913), (0.548333, 0.495, 0.99775), (0.55, 0.5, 1.15), (0.51698, 0.400939, 1.03671), (0.516667, 0.4, 1.03683), (0.516667, 0.4, 1.11667), (0.55, 0.5, -1.25), (0.516667, 0.4, -1.18333), (0.55, 0.5, -1.15), (0.516667, 0.4, -1.03683), (0.51698, 0.400939, -1.03671), (0.548333, 0.495, -0.99775), (0.55, 0.5, -0.993913), (-0.55, 0.63775, 0.855), (-0.55, 0.575772, 0.935772), (-0.55, 0.676711, -0.55906), (-0.55, 0.63775, -0.465), (0.55, 0.63775, 0.465), (0.55, 0.676711, 0.559061), (0.55, 0.676711, -0.55906), (0.55, 0.63775, -0.465), (0.55, 0.575772, -0.935772), (0.55, 0.63775, -0.855), (0.51698, 0.400939, 0.283289), (0.548333, 0.495, 0.32225), (0.548333, 0.495, -0.32225), (0.55, 0.5, -0.326087), (0.55, 0.575772, -0.384228), (-0.55, 0.575772, -0.384228), (0.55, 0.575772, 0.384228), (0.55, 0.69, 0.66), (0.55, 0.676711, 0.760939), (0.55, 0.63775, 0.855), (0.55, 0.575772, 0.935772), (-0.55, 0.69, -0.66), (0.55, 0.69, -0.66), (-0.51698, 0.400939, 0.283289), (-0.548333, 0.495, 0.32225), (0.55, 0.676711, -0.760939), (-0.55, 0.5, -1.25), (-0.55, 0.5, -1.15), (-0.516667, 0.4, -1.18333), (-0.548333, 0.495, -0.99775), (-0.55, 0.5, -0.993913), (-0.51698, 0.400939, -0.283289), (-0.548333, 0.495, -0.32225), (-0.55, 0.5, -0.326087), (-0.55, 0.5, 0.326087), (-0.483333, 0.3, -0.27), (-0.483333, 0.3, 0.27), (0.55, 0.5, 0.326087), (0.51698, 0.400939, -0.283289), (0.483333, 0.3, -0.27), (0.483333, 0.3, 0.27), (-0.51698, 0.400939, 1.03671), (-0.548333, 0.495, 0.99775), (-0.55, 0.575772, 0.384228), (-0.55, 0.63775, 0.465), (-0.55, 0.676711, -0.760939), (-0.55, 0.575772, -0.935772), (-0.55, 0.676711, 0.559061), (-0.55, 0.69, 0.66), (-0.55, 0.676711, 0.760939), (-0.55, 0.5, 0.993913), (-0.55, 0.63775, -0.855), (-0.516667, 0.4, 1.11667), (-0.55, 0.5, 1.15), (-0.516667, 0.4, 1.03683), (-0.55, 0.4, 1.2), (-0.620711, 0.4, 1.17071), (0.55, 0.4, 1.2), (0.620711, 0.4, 1.17071), (-0.55, 0.2, 1.2), (-0.620711, 0.2, 1.17071), (0.55, 0.2, 1.2), (0.620711, 0.2, 1.17071), (0.55, 0.2, -1.25), (0.620711, 0.2, -1.22071), (0.55, 0.4, -1.25), (0.620711, 0.4, -1.22071), (-0.55, 0.2, -1.25), (-0.55, 0.4, -1.25), (-0.620711, 0.2, -1.22071), (-0.620711, 0.4, -1.22071), (0.4, 0.2, -0.36), (0.4, 0.2, 0.36), (0.4, 0.2, -0.96), (-0.4, 0.2, -0.96), (-0.4, 0.2, -0.36), (-0.4, 0.2, 0.96), (-0.4, 0.2, 0.36), (0.4, 0.2, 0.96), (-0.125, 0.15, -1.3), (-0.175, 0.2, -1.3), (-0.125, 0.15, -1.25), (-0.175, 0.2, -1.25), (0.125, 0.15, -1.3), (0.125, 0.15, -1.25), (0.175, 0.2, -1.3), (0.175, 0.2, -1.25), (-0.125, 0.325, -1.3), (-0.125, 0.325, -1.25), (-0.175, 0.275, -1.3), (-0.175, 0.275, -1.25), (0.175, 0.275, -1.25), (0.125, 0.325, -1.25), (0.125, 0.325, -1.3), (0.175, 0.275, -1.3), (0.125, 0.15, 1.25), (0.175, 0.2, 1.25), (0.125, 0.15, 1.2), (0.175, 0.2, 1.2), (-0.125, 0.15, 1.25), (-0.125, 0.15, 1.2), (-0.175, 0.2, 1.25), (-0.175, 0.2, 1.2), (0.125, 0.325, 1.25), (0.125, 0.325, 1.2), (0.175, 0.275, 1.25), (0.175, 0.275, 1.2), (-0.175, 0.275, 1.2), (-0.125, 0.325, 1.2), (-0.125, 0.325, 1.25), (-0.175, 0.275, 1.25), (0.4, 0.45, -0.400192), (0.4, 0.512132, -0.447868), (0.4, 0.559808, -0.51), (0.4, 0.589778, -0.582354), (0.4, 0.377646, -0.949778), (0.4, 0.45, -0.919808), (0.4, 0.559808, 0.81), (0.4, 0.589778, 0.737646), (0.4, 0.45, 0.919808), (0.4, 0.512132, 0.872132), (-0.4, 0.3, -0.36), (0.4, 0.6, -0.66), (0.4, 0.589778, -0.737646), (0.4, 0.3, 0.36), (0.4, 0.3, -0.96), (0.4, 0.559808, 0.51), (0.4, 0.512132, 0.447868), (0.4, 0.559808, -0.81), (0.4, 0.512132, -0.872132), (0.4, 0.6, 0.66), (0.4, 0.589778, 0.582354), (0.4, 0.377646, 0.370222), (0.4, 0.377646, -0.370222), (0.4, 0.3, -0.36), (0.4, 0.45, 0.400192), (0.4, 0.3, 0.96), (0.4, 0.377646, 0.949778), (-0.4, 0.3, 0.96), (-0.4, 0.377646, 0.949778), (-0.4, 0.3, 0.36), (-0.4, 0.6, 0.66), (-0.4, 0.589778, 0.582354), (-0.4, 0.559808, 0.51), (-0.4, 0.45, 0.919808), (-0.4, 0.512132, 0.872132), (-0.4, 0.377646, 0.370222), (-0.4, 0.45, 0.400192), (-0.4, 0.512132, 0.447868), (-0.4, 0.559808, 0.81), (-0.4, 0.589778, 0.737646), (-0.4, 0.3, -0.96), (-0.4, 0.377646, -0.949778), (-0.4, 0.45, -0.919808), (-0.4, 0.512132, -0.872132), (-0.4, 0.559808, -0.81), (-0.4, 0.589778, -0.737646), (-0.4, 0.6, -0.66), (-0.4, 0.589778, -0.582354), (-0.4, 0.559808, -0.51), (-0.4, 0.512132, -0.447868), (-0.4, 0.45, -0.400192), (-0.4, 0.377646, -0.370222), (0.75, 0.7, 0.422902), (0.55, 0.7, 0.422902), (0.75, 0.8, 0.422902), (0.55, 0.8, 0.422902), (0.75, 0.8, 0.322902), (0.55, 0.8, 0.322902), (-0.55, 0.6, 1.15), (-0.55, 0.6, 1.05), (-0.55, 0.716667, 1.05), (-0.55, 0.8, 0.55), (-0.55, 0.8, 0.422902), (-0.55, 0.7, 0.422902), (-0.55, 0.7, 0.322902), (-0.55, 0.8, -0.140229), (-0.55, 0.8, 0.322902), (-0.55, 0.8, -0.75), (-0.55, 0.7, -1.25), (-0.55, 0.6, -1.25), (0.75, 0.7, 0.322902), (0.55, 0.7, 0.322902), (0.55, 0.7, -1.25), (0.55, 0.8, -0.75), (0.275, 0.7, -1.25), (-0.275, 0.7, -1.25), (0.55, 0.8, 0.55), (0.448788, 0.8, 0.55), (0.45, 1.3, 0.15), (0.364405, 1.22191, 0.21247), (-0.364405, 1.22191, 0.21247), (-0.45, 1.3, 0.15), (-0.448788, 0.8, 0.55), (-0.75, 0.7, 0.422902), (-0.75, 0.7, 0.322902), (0.55, 0.716667, 1.05), (0.55, 0.7, 1.15), (0.275, 0.7, 1.15), (-0.275, 0.7, 1.15), (-0.55, 0.7, 1.15), (-0.75, 0.8, 0.322902), (-0.75, 0.8, 0.422902), (0.275, 0.6, -1.25), (-0.275, 0.6, -1.25), (0.55, 0.6, -1.25), (0.55, 0.6, 1.05), (0.55, 0.6, 1.15), (0.55, 0.8, -0.140229), (0.45, 1.3, -0.496148), (-0.45, 1.3, -0.496148), (0.46, 1.25, -0.57), (-0.46, 1.25, -0.57), (0.469612, 1.20194, 0.101349), (0.469612, 1.20194, -0.140229), (-0.469612, 1.20194, -0.140229), (-0.469612, 1.20194, 0.101349), (-0.275, 0.6, 1.15), (0.275, 0.6, 1.15), (-0.429721, 0.892848, -0.712861), (0.429721, 0.892848, -0.712861), (-0.36686, 1.20715, -0.587139), (0.36686, 1.20715, -0.587139), (0.55, 0.716667, 1.05), (0.55, 0.6, 1.05), (-0.55, 0.6, 1.05), (-0.55, 0.716667, 1.05), (-0.429721, 0.892848, -0.712861), (0.429721, 0.892848, -0.712861), (-0.36686, 1.20715, -0.587139), (0.36686, 1.20715, -0.587139), (0.448788, 0.8, 0.55), (-0.448788, 0.8, 0.55), (0.364405, 1.22191, 0.212469), (-0.364405, 1.22191, 0.212469), (0.469612, 1.20194, -0.140229), (0.55, 0.8, -0.140229), (0.469612, 1.20194, 0.101349), (0.55, 0.8, 0.322902), (0.55, 0.8, 0.422902), (-0.55, 0.8, -0.140229), (-0.469612, 1.20194, -0.140229), (-0.55, 0.8, 0.322902), (-0.469612, 1.20194, 0.101349), (-0.55, 0.8, 0.422902), (-0.55, 0.6, -1.25), (-0.275, 0.6, -1.25), (-0.55, 0.7, -1.25), (-0.275, 0.7, -1.25), (0.275, 0.6, -1.25), (0.55, 0.6, -1.25), (0.275, 0.7, -1.25), (0.55, 0.7, -1.25), (0.35, 0.559808, -0.81), (0.5, 0.559808, -0.81), (0.35, 0.512132, -0.872132), (0.5, 0.512132, -0.872132), (0.6, 0.3, -0.915), (0.5, 0.3, -0.96), (0.6, 0.365999, -0.906311), (0.5, 0.377646, -0.949778), (0.5, 0.087868, -0.447868), (0.6, 0.119688, -0.479688), (0.5, 0.15, -0.400192), (0.6, 0.1725, -0.439163), (0.6, 0.4275, -0.880836), (0.5, 0.45, -0.919808), (0.6, 0.480312, -0.840312), (0.35, 0.087868, -0.447868), (0.35, 0.15, -0.400192), (0.35, 0.222354, -0.370222), (0.5, 0.222354, -0.370222), (0.35, 0.3, -0.36), (0.5, 0.3, -0.36), (0.6, 0.520837, -0.7875), (0.5, 0.0401924, -0.81), (0.5, 0.087868, -0.872132), (0.6, 0.0791635, -0.7875), (0.6, 0.119688, -0.840312), (0.5, 0.0401924, -0.51), (0.6, 0.0791635, -0.5325), (0.5, 0.559808, -0.51), (0.6, 0.520837, -0.5325), (0.5, 0.589778, -0.582354), (0.6, 0.546311, -0.594001), (0.5, 0.512132, -0.447868), (0.6, 0.480312, -0.479688), (0.6, 0.234001, -0.413689), (0.35, 0.377646, -0.370222), (0.5, 0.377646, -0.370222), (0.35, 0.45, -0.400192), (0.5, 0.45, -0.400192), (0.5, 0.589778, -0.737646), (0.6, 0.546311, -0.725999), (0.35, 0.087868, -0.872132), (0.5, 0.15, -0.919808), (0.35, 0.15, -0.919808), (0.35, 0.512132, -0.447868), (0.35, 0.0102223, -0.582354), (0.35, 0, -0.66), (0.5, 0.0102223, -0.582354), (0.5, 0, -0.66), (0.35, 0.6, -0.66), (0.5, 0.6, -0.66), (0.35, 0.589778, -0.737646), (0.5, 0.222354, -0.949778), (0.35, 0.222354, -0.949778), (0.6, 0.3, -0.405), (0.35, 0.0401924, -0.81), (0.35, 0.0102223, -0.737646), (0.5, 0.0102223, -0.737646), (0.6, 0.4275, -0.439163), (0.35, 0.0401924, -0.51), (0.6, 0.555, -0.66), (0.6, 0.365999, -0.413689), (0.35, 0.45, -0.919808), (0.35, 0.559808, -0.51), (0.35, 0.3, -0.96), (0.35, 0.377646, -0.949778), (0.6, 0.0536889, -0.725999), (0.6, 0.1725, -0.880836), (0.25, 0.546311, -0.725999), (0.25, 0.520837, -0.7875), (0.6, 0.0536889, -0.594001), (0.6, 0.234001, -0.906311), (0.6, 0.045, -0.66), (0.35, 0.589778, -0.582354), (0.25, 0.480312, -0.479688), (0.25, 0.520837, -0.5325), (0.25, 0.0791635, -0.5325), (0.25, 0.0536889, -0.594001), (0.25, 0.546311, -0.594001), (0.25, 0.555, -0.66), (0.25, 0.365999, -0.906311), (0.25, 0.4275, -0.880836), (0.25, 0.3, -0.405), (0.25, 0.365999, -0.413689), (0.25, 0.1725, -0.439163), (0.25, 0.234001, -0.413689), (0.25, 0.4275, -0.439163), (0.25, 0.119688, -0.479688), (0.25, 0.045, -0.66), (0.25, 0.480312, -0.840312), (0.25, 0.119688, -0.840312), (0.25, 0.1725, -0.880836), (0.25, 0.234001, -0.906311), (0.25, 0.3, -0.915), (0.25, 0.0536889, -0.725999), (0.25, 0.0791635, -0.7875), (0.6, 0.3, -0.841368), (0.6, 0.253059, -0.835188), (0.6, 0.346942, -0.835188), (0.6, 0.209316, -0.817069), (0.6, 0.171753, -0.788247), (0.6, 0.14293, -0.750684), (0.6, 0.124812, -0.706942), (0.6, 0.118632, -0.66), (0.6, 0.390684, -0.817069), (0.6, 0.428247, -0.788247), (0.6, 0.45707, -0.750684), (0.6, 0.475188, -0.706942), (0.6, 0.124812, -0.613058), (0.6, 0.14293, -0.569316), (0.6, 0.171753, -0.531753), (0.6, 0.481368, -0.66), (0.6, 0.475188, -0.613058), (0.6, 0.45707, -0.569316), (0.6, 0.428247, -0.531753), (0.6, 0.209316, -0.50293), (0.6, 0.253059, -0.484812), (0.6, 0.390684, -0.50293), (0.6, 0.346942, -0.484812), (0.6, 0.3, -0.478632), (0.6, 0.3, -0.478632), (0.6, 0.253059, -0.484812), (0.6, 0.346942, -0.484812), (0.6, 0.390684, -0.50293), (0.6, 0.209316, -0.50293), (0.6, 0.428247, -0.531753), (0.6, 0.171753, -0.531753), (0.6, 0.3, -0.539522), (0.6, 0.331182, -0.543627), (0.6, 0.268818, -0.543627), (0.6, 0.45707, -0.569316), (0.6, 0.360239, -0.555663), (0.6, 0.385191, -0.574809), (0.6, 0.14293, -0.569316), (0.6, 0.239761, -0.555663), (0.6, 0.214809, -0.574809), (0.6, 0.475188, -0.613058), (0.6, 0.404337, -0.599761), (0.6, 0.416373, -0.628818), (0.6, 0.481368, -0.66), (0.6, 0.420478, -0.66), (0.6, 0.124812, -0.613058), (0.6, 0.195663, -0.599761), (0.6, 0.183627, -0.628818), (0.6, 0.475188, -0.706942), (0.6, 0.416373, -0.691182), (0.6, 0.404337, -0.720239), (0.6, 0.118632, -0.66), (0.6, 0.179522, -0.66), (0.6, 0.183627, -0.691182), (0.6, 0.124812, -0.706942), (0.6, 0.195663, -0.720239), (0.6, 0.45707, -0.750684), (0.6, 0.385191, -0.745191), (0.6, 0.360239, -0.764337), (0.6, 0.14293, -0.750684), (0.6, 0.214809, -0.745191), (0.6, 0.239761, -0.764337), (0.6, 0.428247, -0.788247), (0.6, 0.171753, -0.788247), (0.6, 0.331182, -0.776373), (0.6, 0.268818, -0.776373), (0.6, 0.3, -0.780478), (0.6, 0.390684, -0.817069), (0.6, 0.209316, -0.817069), (0.6, 0.346942, -0.835188), (0.6, 0.253059, -0.835188), (0.6, 0.3, -0.841368), (0.55, 0.38728, -0.636614), (0.55, 0.390358, -0.66), (0.6, 0.416373, -0.628818), (0.6, 0.420478, -0.66), (0.55, 0.21272, -0.636614), (0.55, 0.221747, -0.614821), (0.6, 0.183627, -0.628818), (0.6, 0.195663, -0.599761), (0.55, 0.236107, -0.723893), (0.55, 0.221747, -0.705179), (0.6, 0.214809, -0.745191), (0.6, 0.195663, -0.720239), (0.6, 0.268818, -0.543627), (0.55, 0.276614, -0.57272), (0.6, 0.3, -0.539522), (0.55, 0.3, -0.569642), (0.55, 0.209642, -0.66), (0.6, 0.179522, -0.66), (0.55, 0.323387, -0.747279), (0.6, 0.331182, -0.776373), (0.55, 0.345179, -0.738253), (0.6, 0.360239, -0.764337), (0.55, 0.323387, -0.57272), (0.6, 0.331182, -0.543627), (0.55, 0.236107, -0.596107), (0.6, 0.214809, -0.574809), (0.55, 0.3, -0.750359), (0.6, 0.3, -0.780478), (0.55, 0.21272, -0.683386), (0.6, 0.183627, -0.691182), (0.6, 0.239761, -0.764337), (0.6, 0.268818, -0.776373), (0.55, 0.254821, -0.738253), (0.55, 0.276614, -0.747279), (0.55, 0.363893, -0.596107), (0.55, 0.378253, -0.614821), (0.6, 0.385191, -0.574809), (0.6, 0.404337, -0.599761), (0.55, 0.363893, -0.723893), (0.6, 0.385191, -0.745191), (0.6, 0.239761, -0.555663), (0.55, 0.254821, -0.581747), (0.55, 0.378253, -0.705179), (0.55, 0.38728, -0.683386), (0.55, 0.345179, -0.581747), (0.6, 0.416373, -0.691182), (0.6, 0.404337, -0.720239), (0.6, 0.360239, -0.555663), (-0.35, 0.559808, -0.81), (-0.5, 0.559808, -0.81), (-0.35, 0.512132, -0.872132), (-0.5, 0.512132, -0.872132), (-0.6, 0.3, -0.915), (-0.5, 0.3, -0.96), (-0.6, 0.365999, -0.906311), (-0.5, 0.377646, -0.949778), (-0.5, 0.087868, -0.447868), (-0.6, 0.119688, -0.479688), (-0.5, 0.15, -0.400192), (-0.6, 0.1725, -0.439163), (-0.6, 0.4275, -0.880836), (-0.5, 0.45, -0.919808), (-0.6, 0.480312, -0.840312), (-0.35, 0.087868, -0.447868), (-0.35, 0.15, -0.400192), (-0.35, 0.222354, -0.370222), (-0.5, 0.222354, -0.370222), (-0.35, 0.3, -0.36), (-0.5, 0.3, -0.36), (-0.6, 0.520837, -0.7875), (-0.5, 0.0401924, -0.81), (-0.5, 0.087868, -0.872132), (-0.6, 0.0791635, -0.7875), (-0.6, 0.119688, -0.840312), (-0.5, 0.0401924, -0.51), (-0.6, 0.0791635, -0.5325), (-0.5, 0.559808, -0.51), (-0.6, 0.520837, -0.5325), (-0.5, 0.589778, -0.582354), (-0.6, 0.546311, -0.594001), (-0.5, 0.512132, -0.447868), (-0.6, 0.480312, -0.479688), (-0.6, 0.234001, -0.413689), (-0.35, 0.377646, -0.370222), (-0.5, 0.377646, -0.370222), (-0.35, 0.45, -0.400192), (-0.5, 0.45, -0.400192), (-0.5, 0.589778, -0.737646), (-0.6, 0.546311, -0.725999), (-0.35, 0.087868, -0.872132), (-0.5, 0.15, -0.919808), (-0.35, 0.15, -0.919808), (-0.35, 0.512132, -0.447868), (-0.35, 0.0102223, -0.582354), (-0.35, 0, -0.66), (-0.5, 0.0102223, -0.582354), (-0.5, 0, -0.66), (-0.35, 0.6, -0.66), (-0.5, 0.6, -0.66), (-0.35, 0.589778, -0.737646), (-0.5, 0.222354, -0.949778), (-0.35, 0.222354, -0.949778), (-0.6, 0.3, -0.405), (-0.35, 0.0401924, -0.81), (-0.35, 0.0102223, -0.737646), (-0.5, 0.0102223, -0.737646), (-0.6, 0.4275, -0.439163), (-0.35, 0.0401924, -0.51), (-0.6, 0.555, -0.66), (-0.6, 0.365999, -0.413689), (-0.35, 0.45, -0.919808), (-0.35, 0.559808, -0.51), (-0.35, 0.3, -0.96), (-0.35, 0.377646, -0.949778), (-0.6, 0.0536889, -0.725999), (-0.6, 0.1725, -0.880836), (-0.25, 0.546311, -0.725999), (-0.25, 0.520837, -0.7875), (-0.6, 0.0536889, -0.594001), (-0.6, 0.234001, -0.906311), (-0.6, 0.045, -0.66), (-0.35, 0.589778, -0.582354), (-0.25, 0.480312, -0.479688), (-0.25, 0.520837, -0.5325), (-0.25, 0.0791635, -0.5325), (-0.25, 0.0536889, -0.594001), (-0.25, 0.546311, -0.594001), (-0.25, 0.555, -0.66), (-0.25, 0.365999, -0.906311), (-0.25, 0.4275, -0.880836), (-0.25, 0.3, -0.405), (-0.25, 0.365999, -0.413689), (-0.25, 0.1725, -0.439163), (-0.25, 0.234001, -0.413689), (-0.25, 0.4275, -0.439163), (-0.25, 0.119688, -0.479688), (-0.25, 0.045, -0.66), (-0.25, 0.480312, -0.840312), (-0.25, 0.119688, -0.840312), (-0.25, 0.1725, -0.880836), (-0.25, 0.234001, -0.906311), (-0.25, 0.3, -0.915), (-0.25, 0.0536889, -0.725999), (-0.25, 0.0791635, -0.7875), (-0.6, 0.3, -0.841368), (-0.6, 0.253059, -0.835188), (-0.6, 0.346942, -0.835188), (-0.6, 0.209316, -0.817069), (-0.6, 0.171753, -0.788247), (-0.6, 0.14293, -0.750684), (-0.6, 0.124812, -0.706942), (-0.6, 0.118632, -0.66), (-0.6, 0.390684, -0.817069), (-0.6, 0.428247, -0.788247), (-0.6, 0.45707, -0.750684), (-0.6, 0.475188, -0.706942), (-0.6, 0.124812, -0.613058), (-0.6, 0.14293, -0.569316), (-0.6, 0.171753, -0.531753), (-0.6, 0.481368, -0.66), (-0.6, 0.475188, -0.613058), (-0.6, 0.45707, -0.569316), (-0.6, 0.428247, -0.531753), (-0.6, 0.209316, -0.50293), (-0.6, 0.253059, -0.484812), (-0.6, 0.390684, -0.50293), (-0.6, 0.346942, -0.484812), (-0.6, 0.3, -0.478632), (-0.6, 0.3, -0.478632), (-0.6, 0.253059, -0.484812), (-0.6, 0.346942, -0.484812), (-0.6, 0.390684, -0.50293), (-0.6, 0.209316, -0.50293), (-0.6, 0.428247, -0.531753), (-0.6, 0.171753, -0.531753), (-0.6, 0.3, -0.539522), (-0.6, 0.331182, -0.543627), (-0.6, 0.268818, -0.543627), (-0.6, 0.45707, -0.569316), (-0.6, 0.360239, -0.555663), (-0.6, 0.385191, -0.574809), (-0.6, 0.14293, -0.569316), (-0.6, 0.239761, -0.555663), (-0.6, 0.214809, -0.574809), (-0.6, 0.475188, -0.613058), (-0.6, 0.404337, -0.599761), (-0.6, 0.416373, -0.628818), (-0.6, 0.481368, -0.66), (-0.6, 0.420478, -0.66), (-0.6, 0.124812, -0.613058), (-0.6, 0.195663, -0.599761), (-0.6, 0.183627, -0.628818), (-0.6, 0.475188, -0.706942), (-0.6, 0.416373, -0.691182), (-0.6, 0.404337, -0.720239), (-0.6, 0.118632, -0.66), (-0.6, 0.179522, -0.66), (-0.6, 0.183627, -0.691182), (-0.6, 0.124812, -0.706942), (-0.6, 0.195663, -0.720239), (-0.6, 0.45707, -0.750684), (-0.6, 0.385191, -0.745191), (-0.6, 0.360239, -0.764337), (-0.6, 0.14293, -0.750684), (-0.6, 0.214809, -0.745191), (-0.6, 0.239761, -0.764337), (-0.6, 0.428247, -0.788247), (-0.6, 0.171753, -0.788247), (-0.6, 0.331182, -0.776373), (-0.6, 0.268818, -0.776373), (-0.6, 0.3, -0.780478), (-0.6, 0.390684, -0.817069), (-0.6, 0.209316, -0.817069), (-0.6, 0.346942, -0.835188), (-0.6, 0.253059, -0.835188), (-0.6, 0.3, -0.841368), (-0.55, 0.38728, -0.636614), (-0.55, 0.390358, -0.66), (-0.6, 0.416373, -0.628818), (-0.6, 0.420478, -0.66), (-0.55, 0.21272, -0.636614), (-0.55, 0.221747, -0.614821), (-0.6, 0.183627, -0.628818), (-0.6, 0.195663, -0.599761), (-0.55, 0.236107, -0.723893), (-0.55, 0.221747, -0.705179), (-0.6, 0.214809, -0.745191), (-0.6, 0.195663, -0.720239), (-0.6, 0.268818, -0.543627), (-0.55, 0.276614, -0.57272), (-0.6, 0.3, -0.539522), (-0.55, 0.3, -0.569642), (-0.55, 0.209642, -0.66), (-0.6, 0.179522, -0.66), (-0.55, 0.323387, -0.747279), (-0.6, 0.331182, -0.776373), (-0.55, 0.345179, -0.738253), (-0.6, 0.360239, -0.764337), (-0.55, 0.323387, -0.57272), (-0.6, 0.331182, -0.543627), (-0.55, 0.236107, -0.596107), (-0.6, 0.214809, -0.574809), (-0.55, 0.3, -0.750359), (-0.6, 0.3, -0.780478), (-0.55, 0.21272, -0.683386), (-0.6, 0.183627, -0.691182), (-0.6, 0.239761, -0.764337), (-0.6, 0.268818, -0.776373), (-0.55, 0.254821, -0.738253), (-0.55, 0.276614, -0.747279), (-0.55, 0.363893, -0.596107), (-0.55, 0.378253, -0.614821), (-0.6, 0.385191, -0.574809), (-0.6, 0.404337, -0.599761), (-0.55, 0.363893, -0.723893), (-0.6, 0.385191, -0.745191), (-0.6, 0.239761, -0.555663), (-0.55, 0.254821, -0.581747), (-0.55, 0.378253, -0.705179), (-0.55, 0.38728, -0.683386), (-0.55, 0.345179, -0.581747), (-0.6, 0.416373, -0.691182), (-0.6, 0.404337, -0.720239), (-0.6, 0.360239, -0.555663), (0.35, 0.559808, 0.51), (0.5, 0.559808, 0.51), (0.35, 0.512132, 0.447868), (0.5, 0.512132, 0.447868), (0.6, 0.3, 0.405), (0.5, 0.3, 0.36), (0.6, 0.365999, 0.413689), (0.5, 0.377646, 0.370222), (0.5, 0.087868, 0.872132), (0.6, 0.119688, 0.840312), (0.5, 0.15, 0.919808), (0.6, 0.1725, 0.880836), (0.6, 0.4275, 0.439163), (0.5, 0.45, 0.400192), (0.6, 0.480312, 0.479688), (0.35, 0.087868, 0.872132), (0.35, 0.15, 0.919808), (0.35, 0.222354, 0.949778), (0.5, 0.222354, 0.949778), (0.35, 0.3, 0.96), (0.5, 0.3, 0.96), (0.6, 0.520837, 0.5325), (0.5, 0.0401924, 0.51), (0.5, 0.087868, 0.447868), (0.6, 0.0791635, 0.5325), (0.6, 0.119688, 0.479688), (0.5, 0.0401924, 0.81), (0.6, 0.0791635, 0.7875), (0.5, 0.559808, 0.81), (0.6, 0.520837, 0.7875), (0.5, 0.589778, 0.737646), (0.6, 0.546311, 0.725999), (0.5, 0.512132, 0.872132), (0.6, 0.480312, 0.840312), (0.6, 0.234001, 0.906311), (0.35, 0.377646, 0.949778), (0.5, 0.377646, 0.949778), (0.35, 0.45, 0.919808), (0.5, 0.45, 0.919808), (0.5, 0.589778, 0.582354), (0.6, 0.546311, 0.594001), (0.35, 0.087868, 0.447868), (0.5, 0.15, 0.400192), (0.35, 0.15, 0.400192), (0.35, 0.512132, 0.872132), (0.35, 0.0102223, 0.737646), (0.35, 0, 0.66), (0.5, 0.0102223, 0.737646), (0.5, 0, 0.66), (0.35, 0.6, 0.66), (0.5, 0.6, 0.66), (0.35, 0.589778, 0.582354), (0.5, 0.222354, 0.370222), (0.35, 0.222354, 0.370222), (0.6, 0.3, 0.915), (0.35, 0.0401924, 0.51), (0.35, 0.0102223, 0.582354), (0.5, 0.0102223, 0.582354), (0.6, 0.4275, 0.880836), (0.35, 0.0401924, 0.81), (0.6, 0.555, 0.66), (0.6, 0.365999, 0.906311), (0.35, 0.45, 0.400192), (0.35, 0.559808, 0.81), (0.35, 0.3, 0.36), (0.35, 0.377646, 0.370222), (0.6, 0.0536889, 0.594001), (0.6, 0.1725, 0.439163), (0.25, 0.546311, 0.594001), (0.25, 0.520837, 0.5325), (0.6, 0.0536889, 0.725999), (0.6, 0.234001, 0.413689), (0.6, 0.045, 0.66), (0.35, 0.589778, 0.737646), (0.25, 0.480312, 0.840312), (0.25, 0.520837, 0.7875), (0.25, 0.0791635, 0.7875), (0.25, 0.0536889, 0.725999), (0.25, 0.546311, 0.725999), (0.25, 0.555, 0.66), (0.25, 0.365999, 0.413689), (0.25, 0.4275, 0.439163), (0.25, 0.3, 0.915), (0.25, 0.365999, 0.906311), (0.25, 0.1725, 0.880836), (0.25, 0.234001, 0.906311), (0.25, 0.4275, 0.880836), (0.25, 0.119688, 0.840312), (0.25, 0.045, 0.66), (0.25, 0.480312, 0.479688), (0.25, 0.119688, 0.479688), (0.25, 0.1725, 0.439163), (0.25, 0.234001, 0.413689), (0.25, 0.3, 0.405), (0.25, 0.0536889, 0.594001), (0.25, 0.0791635, 0.5325), (0.6, 0.3, 0.478632), (0.6, 0.253059, 0.484812), (0.6, 0.346942, 0.484812), (0.6, 0.209316, 0.50293), (0.6, 0.171753, 0.531753), (0.6, 0.14293, 0.569316), (0.6, 0.124812, 0.613058), (0.6, 0.118632, 0.66), (0.6, 0.390684, 0.50293), (0.6, 0.428247, 0.531753), (0.6, 0.45707, 0.569316), (0.6, 0.475188, 0.613058), (0.6, 0.124812, 0.706942), (0.6, 0.14293, 0.750684), (0.6, 0.171753, 0.788247), (0.6, 0.481368, 0.66), (0.6, 0.475188, 0.706942), (0.6, 0.45707, 0.750684), (0.6, 0.428247, 0.788247), (0.6, 0.209316, 0.817069), (0.6, 0.253059, 0.835188), (0.6, 0.390684, 0.817069), (0.6, 0.346942, 0.835188), (0.6, 0.3, 0.841368), (0.6, 0.3, 0.841368), (0.6, 0.253059, 0.835188), (0.6, 0.346942, 0.835188), (0.6, 0.390684, 0.817069), (0.6, 0.209316, 0.817069), (0.6, 0.428247, 0.788247), (0.6, 0.171753, 0.788247), (0.6, 0.3, 0.780478), (0.6, 0.331182, 0.776373), (0.6, 0.268818, 0.776373), (0.6, 0.45707, 0.750684), (0.6, 0.360239, 0.764337), (0.6, 0.385191, 0.745191), (0.6, 0.14293, 0.750684), (0.6, 0.239761, 0.764337), (0.6, 0.214809, 0.745191), (0.6, 0.475188, 0.706942), (0.6, 0.404337, 0.720239), (0.6, 0.416373, 0.691182), (0.6, 0.481368, 0.66), (0.6, 0.420478, 0.66), (0.6, 0.124812, 0.706942), (0.6, 0.195663, 0.720239), (0.6, 0.183627, 0.691182), (0.6, 0.475188, 0.613058), (0.6, 0.416373, 0.628818), (0.6, 0.404337, 0.599761), (0.6, 0.118632, 0.66), (0.6, 0.179522, 0.66), (0.6, 0.183627, 0.628818), (0.6, 0.124812, 0.613058), (0.6, 0.195663, 0.599761), (0.6, 0.45707, 0.569316), (0.6, 0.385191, 0.574809), (0.6, 0.360239, 0.555663), (0.6, 0.14293, 0.569316), (0.6, 0.214809, 0.574809), (0.6, 0.239761, 0.555663), (0.6, 0.428247, 0.531753), (0.6, 0.171753, 0.531753), (0.6, 0.331182, 0.543627), (0.6, 0.268818, 0.543627), (0.6, 0.3, 0.539522), (0.6, 0.390684, 0.50293), (0.6, 0.209316, 0.50293), (0.6, 0.346942, 0.484812), (0.6, 0.253059, 0.484812), (0.6, 0.3, 0.478632), (0.55, 0.38728, 0.683386), (0.55, 0.390358, 0.66), (0.6, 0.416373, 0.691182), (0.6, 0.420478, 0.66), (0.55, 0.21272, 0.683386), (0.55, 0.221747, 0.705179), (0.6, 0.183627, 0.691182), (0.6, 0.195663, 0.720239), (0.55, 0.236107, 0.596107), (0.55, 0.221747, 0.614821), (0.6, 0.214809, 0.574809), (0.6, 0.195663, 0.599761), (0.6, 0.268818, 0.776373), (0.55, 0.276614, 0.747279), (0.6, 0.3, 0.780478), (0.55, 0.3, 0.750359), (0.55, 0.209642, 0.66), (0.6, 0.179522, 0.66), (0.55, 0.323387, 0.57272), (0.6, 0.331182, 0.543627), (0.55, 0.345179, 0.581747), (0.6, 0.360239, 0.555663), (0.55, 0.323387, 0.747279), (0.6, 0.331182, 0.776373), (0.55, 0.236107, 0.723893), (0.6, 0.214809, 0.745191), (0.55, 0.3, 0.569642), (0.6, 0.3, 0.539522), (0.55, 0.21272, 0.636614), (0.6, 0.183627, 0.628818), (0.6, 0.239761, 0.555663), (0.6, 0.268818, 0.543627), (0.55, 0.254821, 0.581747), (0.55, 0.276614, 0.57272), (0.55, 0.363893, 0.723893), (0.55, 0.378253, 0.705179), (0.6, 0.385191, 0.745191), (0.6, 0.404337, 0.720239), (0.55, 0.363893, 0.596107), (0.6, 0.385191, 0.574809), (0.6, 0.239761, 0.764337), (0.55, 0.254821, 0.738253), (0.55, 0.378253, 0.614821), (0.55, 0.38728, 0.636614), (0.55, 0.345179, 0.738253), (0.6, 0.416373, 0.628818), (0.6, 0.404337, 0.599761), (0.6, 0.360239, 0.764337)]
        normal3f[] normals = [(0.206363, 0.691887, -0.691887), (-0.206363, 0.847385, -0.489238), (0.206363, 0.847385, -0.489238), (-0.206363, 0.847385, -0.489238), (0.206363, 0.691887, -0.691887), (-0.206363, 0.691887, -0.691887), (-0.410365, 0.236023, -0.880849), (-0.206363, 0, -0.978476), (-0.410365, 0, -0.911922), (-0.206363, 0, -0.978476), (-0.410365, 0.236023, -0.880849), (-0.206363, 0.253248, -0.945135), (-0.206363, -0.489238, 0.847385), (-0.410365, -0.644826, 0.644826), (-0.206363, -0.691887, 0.691887), (-0.410365, -0.644826, 0.644826), (-0.206363, -0.489238, 0.847385), (-0.410365, -0.455961, 0.789747), (-0.410365, 0.644826, -0.644826), (-0.206363, 0.489238, -0.847385), (-0.410365, 0.455961, -0.789747), (-0.206363, 0.489238, -0.847385), (-0.410365, 0.644826, -0.644826), (-0.206363, 0.691887, -0.691887), (0.206363, -0.489238, 0.847385), (-0.206363, -0.691887, 0.691887), (0.206363, -0.691887, 0.691887), (-0.206363, -0.691887, 0.691887), (0.206363, -0.489238, 0.847385), (-0.206363, -0.489238, 0.847385), (0.206363, 0, 0.978476), (-0.206363, -0.253248, 0.945135), (0.206363, -0.253248, 0.945135), (-0.206363, -0.253248, 0.945135), (0.206363, 0, 0.978476), (-0.206363, 0, 0.978476), (-0.206363, 0.691887, -0.691887), (-0.410365, 0.789747, -0.455961), (-0.206363, 0.847385, -0.489238), (-0.410365, 0.789747, -0.455961), (-0.206363, 0.691887, -0.691887), (-0.410365, 0.644826, -0.644826), (-0.410365, -0.789747, -0.455961), (-0.206363, -0.691887, -0.691887), (-0.206363, -0.847385, -0.489238), (-0.206363, -0.691887, -0.691887), (-0.410365, -0.789747, -0.455961), (-0.410365, -0.644826, -0.644826), (-0.410365, -0.644826, 0.644826), (-0.206363, -0.847385, 0.489238), (-0.206363, -0.691887, 0.691887), (-0.206363, -0.847385, 0.489238), (-0.410365, -0.644826, 0.644826), (-0.410365, -0.789747, 0.455961), (-0.206363, 0.945135, 0.253248), (-0.410365, 0.789747, 0.455961), (-0.206363, 0.847385, 0.489238), (-0.410365, 0.789747, 0.455961), (-0.206363, 0.945135, 0.253248), (-0.410365, 0.880849, 0.236023), (-0.206363, 0.847385, 0.489238), (-0.410365, 0.644826, 0.644826), (-0.206363, 0.691887, 0.691887), (-0.410365, 0.644826, 0.644826), (-0.206363, 0.847385, 0.489238), (-0.410365, 0.789747, 0.455961), (-0.206363, -0.253248, 0.945135), (-0.410365, -0.455961, 0.789747), (-0.206363, -0.489238, 0.847385), (-0.410365, -0.455961, 0.789747), (-0.206363, -0.253248, 0.945135), (-0.410365, -0.236023, 0.880849), (0.206363, 0.489238, 0.847385), (-0.206363, 0.253248, 0.945135), (0.206363, 0.253248, 0.945135), (-0.206363, 0.253248, 0.945135), (0.206363, 0.489238, 0.847385), (-0.206363, 0.489238, 0.847385), (-0.206363, 0.847385, -0.489238), (-0.410365, 0.880849, -0.236023), (-0.206363, 0.945135, -0.253248), (-0.410365, 0.880849, -0.236023), (-0.206363, 0.847385, -0.489238), (-0.410365, 0.789747, -0.455961), (-0.206363, -0.489238, -0.847385), (0.206363, -0.691887, -0.691887), (-0.206363, -0.691887, -0.691887), (0.206363, -0.691887, -0.691887), (-0.206363, -0.489238, -0.847385), (0.206363, -0.489238, -0.847385), (0.206363, 0.691887, 0.691887), (-0.206363, 0.489238, 0.847385), (0.206363, 0.489238, 0.847385), (-0.206363, 0.489238, 0.847385), (0.206363, 0.691887, 0.691887), (-0.206363, 0.691887, 0.691887), (-0.206363, -0.945135, 0.253248), (0.206363, -0.978476, 0), (0.206363, -0.945135, 0.253248), (0.206363, -0.978476, 0), (-0.206363, -0.945135, 0.253248), (-0.206363, -0.978476, 0), (0.206363, 0.945135, -0.253248), (-0.206363, 0.978476, 0), (0.206363, 0.978476, 0), (-0.206363, 0.978476, 0), (0.206363, 0.945135, -0.253248), (-0.206363, 0.945135, -0.253248), (-0.206363, -0.253248, -0.945135), (0.206363, -0.489238, -0.847385), (-0.206363, -0.489238, -0.847385), (0.206363, -0.489238, -0.847385), (-0.206363, -0.253248, -0.945135), (0.206363, -0.253248, -0.945135), (-0.206363, 0, 0.978476), (-0.410365, -0.236023, 0.880849), (-0.206363, -0.253248, 0.945135), (-0.410365, -0.236023, 0.880849), (-0.206363, 0, 0.978476), (-0.410365, 0, 0.911922), (-0.206363, -0.847385, -0.489238), (0.206363, -0.691887, -0.691887), (0.206363, -0.847385, -0.489238), (0.206363, -0.691887, -0.691887), (-0.206363, -0.847385, -0.489238), (-0.206363, -0.691887, -0.691887), (-0.206363, -0.945135, -0.253248), (0.206363, -0.847385, -0.489238), (0.206363, -0.945135, -0.253248), (0.206363, -0.847385, -0.489238), (-0.206363, -0.945135, -0.253248), (-0.206363, -0.847385, -0.489238), (0.206363, -0.253248, 0.945135), (-0.206363, -0.489238, 0.847385), (0.206363, -0.489238, 0.847385), (-0.206363, -0.489238, 0.847385), (0.206363, -0.253248, 0.945135), (-0.206363, -0.253248, 0.945135), (-0.206363, -0.978476, 0), (0.206363, -0.945135, -0.253248), (0.206363, -0.978476, 0), (0.206363, -0.945135, -0.253248), (-0.206363, -0.978476, 0), (-0.206363, -0.945135, -0.253248), (-0.206363, 0.489238, 0.847385), (-0.410365, 0.644826, 0.644826), (-0.410365, 0.455961, 0.789747), (-0.410365, 0.644826, 0.644826), (-0.206363, 0.489238, 0.847385), (-0.206363, 0.691887, 0.691887), (-0.206363, -0.691887, 0.691887), (0.206363, -0.847385, 0.489238), (0.206363, -0.691887, 0.691887), (0.206363, -0.847385, 0.489238), (-0.206363, -0.691887, 0.691887), (-0.206363, -0.847385, 0.489238), (0.206363, 0.847385, -0.489238), (-0.206363, 0.945135, -0.253248), (0.206363, 0.945135, -0.253248), (-0.206363, 0.945135, -0.253248), (0.206363, 0.847385, -0.489238), (-0.206363, 0.847385, -0.489238), (-0.206363, 0.978476, 0), (-0.410365, 0.880849, 0.236023), (-0.206363, 0.945135, 0.253248), (-0.410365, 0.880849, 0.236023), (-0.206363, 0.978476, 0), (-0.410365, 0.911922, 0), (-0.206363, 0.253248, 0.945135), (-0.410365, 0.455961, 0.789747), (-0.410365, 0.236023, 0.880849), (-0.410365, 0.455961, 0.789747), (-0.206363, 0.253248, 0.945135), (-0.206363, 0.489238, 0.847385), (-0.206363, 0.945135, -0.253248), (-0.410365, 0.911922, 0), (-0.206363, 0.978476, 0), (-0.410365, 0.911922, 0), (-0.206363, 0.945135, -0.253248), (-0.410365, 0.880849, -0.236023), (-0.206363, 0.691887, -0.691887), (0.206363, 0.489238, -0.847385), (-0.206363, 0.489238, -0.847385), (0.206363, 0.489238, -0.847385), (-0.206363, 0.691887, -0.691887), (0.206363, 0.691887, -0.691887), (0.206363, 0.253248, 0.945135), (-0.206363, 0, 0.978476), (0.206363, 0, 0.978476), (-0.206363, 0, 0.978476), (0.206363, 0.253248, 0.945135), (-0.206363, 0.253248, 0.945135), (-0.410365, 0.455961, -0.789747), (-0.206363, 0.253248, -0.945135), (-0.410365, 0.236023, -0.880849), (-0.206363, 0.253248, -0.945135), (-0.410365, 0.455961, -0.789747), (-0.206363, 0.489238, -0.847385), (-0.206363, 0.253248, 0.945135), (-0.410365, 0, 0.911922), (-0.206363, 0, 0.978476), (-0.410365, 0, 0.911922), (-0.206363, 0.253248, 0.945135), (-0.410365, 0.236023, 0.880849), (0.206363, 0.847385, 0.489238), (-0.206363, 0.691887, 0.691887), (0.206363, 0.691887, 0.691887), (-0.206363, 0.691887, 0.691887), (0.206363, 0.847385, 0.489238), (-0.206363, 0.847385, 0.489238), (-0.206363, 0.253248, -0.945135), (0.206363, 0, -0.978476), (-0.206363, 0, -0.978476), (0.206363, 0, -0.978476), (-0.206363, 0.253248, -0.945135), (0.206363, 0.253248, -0.945135), (-0.410365, -0.880849, -0.236023), (-0.206363, -0.847385, -0.489238), (-0.206363, -0.945135, -0.253248), (-0.206363, -0.847385, -0.489238), (-0.410365, -0.880849, -0.236023), (-0.410365, -0.789747, -0.455961), (-0.410365, -0.644826, -0.644826), (-0.206363, -0.489238, -0.847385), (-0.206363, -0.691887, -0.691887), (-0.206363, -0.489238, -0.847385), (-0.410365, -0.644826, -0.644826), (-0.410365, -0.455961, -0.789747), (0.410365, 0.789747, -0.455961), (0.206363, 0.945135, -0.253248), (0.410365, 0.880849, -0.236023), (0.206363, 0.945135, -0.253248), (0.410365, 0.789747, -0.455961), (0.206363, 0.847385, -0.489238), (-0.410365, -0.789747, 0.455961), (-0.206363, -0.945135, 0.253248), (-0.206363, -0.847385, 0.489238), (-0.206363, -0.945135, 0.253248), (-0.410365, -0.789747, 0.455961), (-0.410365, -0.880849, 0.236023), (-0.206363, 0.489238, -0.847385), (0.206363, 0.253248, -0.945135), (-0.206363, 0.253248, -0.945135), (0.206363, 0.253248, -0.945135), (-0.206363, 0.489238, -0.847385), (0.206363, 0.489238, -0.847385), (-0.206363, 0, -0.978476), (0.206363, -0.253248, -0.945135), (-0.206363, -0.253248, -0.945135), (0.206363, -0.253248, -0.945135), (-0.206363, 0, -0.978476), (0.206363, 0, -0.978476), (-0.410365, -0.236023, -0.880849), (-0.206363, 0, -0.978476), (-0.206363, -0.253248, -0.945135), (-0.206363, 0, -0.978476), (-0.410365, -0.236023, -0.880849), (-0.410365, 0, -0.911922), (-0.410365, -0.911922, 0), (-0.206363, -0.945135, -0.253248), (-0.206363, -0.978476, 0), (-0.206363, -0.945135, -0.253248), (-0.410365, -0.911922, 0), (-0.410365, -0.880849, -0.236023), (-0.410365, -0.880849, 0.236023), (-0.206363, -0.978476, 0), (-0.206363, -0.945135, 0.253248), (-0.206363, -0.978476, 0), (-0.410365, -0.880849, 0.236023), (-0.410365, -0.911922, 0), (0.206363, 0.945135, 0.253248), (-0.206363, 0.847385, 0.489238), (0.206363, 0.847385, 0.489238), (-0.206363, 0.847385, 0.489238), (0.206363, 0.945135, 0.253248), (-0.206363, 0.945135, 0.253248), (-0.206363, -0.847385, 0.489238), (0.206363, -0.945135, 0.253248), (0.206363, -0.847385, 0.489238), (0.206363, -0.945135, 0.253248), (-0.206363, -0.847385, 0.489238), (-0.206363, -0.945135, 0.253248), (-0.410365, -0.455961, -0.789747), (-0.206363, -0.253248, -0.945135), (-0.206363, -0.489238, -0.847385), (-0.206363, -0.253248, -0.945135), (-0.410365, -0.455961, -0.789747), (-0.410365, -0.236023, -0.880849), (0.206363, 0.978476, 0), (-0.206363, 0.945135, 0.253248), (0.206363, 0.945135, 0.253248), (-0.206363, 0.945135, 0.253248), (0.206363, 0.978476, 0), (-0.206363, 0.978476, 0), (0.410365, 0.789747, 0.455961), (0.206363, 0.691887, 0.691887), (0.410365, 0.644826, 0.644826), (0.206363, 0.691887, 0.691887), (0.410365, 0.789747, 0.455961), (0.206363, 0.847385, 0.489238), (0.206363, -0.847385, 0.489238), (0.410365, -0.880849, 0.236023), (0.410365, -0.789747, 0.455961), (0.410365, -0.880849, 0.236023), (0.206363, -0.847385, 0.489238), (0.206363, -0.945135, 0.253248), (0.410365, 0.911922, 0), (0.206363, 0.945135, 0.253248), (0.410365, 0.880849, 0.236023), (0.206363, 0.945135, 0.253248), (0.410365, 0.911922, 0), (0.206363, 0.978476, 0), (0.410365, 0.880849, 0.236023), (0.206363, 0.847385, 0.489238), (0.410365, 0.789747, 0.455961), (0.206363, 0.847385, 0.489238), (0.410365, 0.880849, 0.236023), (0.206363, 0.945135, 0.253248), (0.206363, 0.253248, -0.945135), (0.410365, 0.455961, -0.789747), (0.410365, 0.236023, -0.880849), (0.410365, 0.455961, -0.789747), (0.206363, 0.253248, -0.945135), (0.206363, 0.489238, -0.847385), (0.410365, 0.236023, 0.880849), (0.206363, 0, 0.978476), (0.410365, 0, 0.911922), (0.206363, 0, 0.978476), (0.410365, 0.236023, 0.880849), (0.206363, 0.253248, 0.945135), (0.410365, -0.455961, 0.789747), (0.206363, -0.253248, 0.945135), (0.206363, -0.489238, 0.847385), (0.206363, -0.253248, 0.945135), (0.410365, -0.455961, 0.789747), (0.410365, -0.236023, 0.880849), (0.410365, 0.644826, 0.644826), (0.206363, 0.489238, 0.847385), (0.410365, 0.455961, 0.789747), (0.206363, 0.489238, 0.847385), (0.410365, 0.644826, 0.644826), (0.206363, 0.691887, 0.691887), (0.206363, -0.691887, 0.691887), (0.410365, -0.789747, 0.455961), (0.410365, -0.644826, 0.644826), (0.410365, -0.789747, 0.455961), (0.206363, -0.691887, 0.691887), (0.206363, -0.847385, 0.489238), (0.206363, -0.945135, 0.253248), (0.410365, -0.911922, 0), (0.410365, -0.880849, 0.236023), (0.410365, -0.911922, 0), (0.206363, -0.945135, 0.253248), (0.206363, -0.978476, 0), (0.410365, -0.236023, 0.880849), (0.206363, 0, 0.978476), (0.206363, -0.253248, 0.945135), (0.206363, 0, 0.978476), (0.410365, -0.236023, 0.880849), (0.410365, 0, 0.911922), (0.410365, -0.644826, 0.644826), (0.206363, -0.489238, 0.847385), (0.206363, -0.691887, 0.691887), (0.206363, -0.489238, 0.847385), (0.410365, -0.644826, 0.644826), (0.410365, -0.455961, 0.789747), (0.206363, 0.489238, -0.847385), (0.410365, 0.644826, -0.644826), (0.410365, 0.455961, -0.789747), (0.410365, 0.644826, -0.644826), (0.206363, 0.489238, -0.847385), (0.206363, 0.691887, -0.691887), (0.206363, -0.489238, -0.847385), (0.410365, -0.644826, -0.644826), (0.206363, -0.691887, -0.691887), (0.410365, -0.644826, -0.644826), (0.206363, -0.489238, -0.847385), (0.410365, -0.455961, -0.789747), (0.206363, 0, -0.978476), (0.410365, -0.236023, -0.880849), (0.206363, -0.253248, -0.945135), (0.410365, -0.236023, -0.880849), (0.206363, 0, -0.978476), (0.410365, 0, -0.911922), (0.206363, -0.978476, 0), (0.410365, -0.880849, -0.236023), (0.410365, -0.911922, 0), (0.410365, -0.880849, -0.236023), (0.206363, -0.978476, 0), (0.206363, -0.945135, -0.253248), (0.410365, 0.644826, -0.644826), (0.206363, 0.847385, -0.489238), (0.410365, 0.789747, -0.455961), (0.206363, 0.847385, -0.489238), (0.410365, 0.644826, -0.644826), (0.206363, 0.691887, -0.691887), (0.410365, 0.880849, -0.236023), (0.206363, 0.978476, 0), (0.410365, 0.911922, 0), (0.206363, 0.978476, 0), (0.410365, 0.880849, -0.236023), (0.206363, 0.945135, -0.253248), (0.206363, -0.253248, -0.945135), (0.410365, -0.455961, -0.789747), (0.206363, -0.489238, -0.847385), (0.410365, -0.455961, -0.789747), (0.206363, -0.253248, -0.945135), (0.410365, -0.236023, -0.880849), (0.206363, -0.847385, -0.489238), (0.410365, -0.644826, -0.644826), (0.410365, -0.789747, -0.455961), (0.410365, -0.644826, -0.644826), (0.206363, -0.847385, -0.489238), (0.206363, -0.691887, -0.691887), (0.206363, 0.253248, -0.945135), (0.410365, 0, -0.911922), (0.206363, 0, -0.978476), (0.410365, 0, -0.911922), (0.206363, 0.253248, -0.945135), (0.410365, 0.236023, -0.880849), (1, 0, 0), (1, 0, 0), (1, 0, 0), (1, 0, 0), (1, 0, 0), (1, 0, 0), (1, 0, 0), (1, 0, 0), (1, 0, 0), (1, 0, 0), (1, 0, 0), (1, 0, 0), (1, 0, 0), (1, 0, 0), (1, 0, 0), (1, 0, 0), (1, 0, 0), (1, 0, 0), (1, 0, 0), (1, 0, 0), (1, 0, 0), (1, 0, 0), (1, 0, 0), (1, 0, 0), (1, 0, 0), (1, 0, 0), (1, 0, 0), (1, 0, 0), (1, 0, 0), (1, 0, 0), (1, 0, 0), (1, 0, 0), (1, 0, 0), (1, 0, 0), (1, 0, 0), (1, 0, 0), (1, 0, 0), (1, 0, 0), (1, 0, 0), (1, 0, 0), (1, 0, 0), (1, 0, 0), (1, 0, 0), (1, 0, 0), (1, 0, 0), (1, 0, 0), (1, 0, 0), (1, 0, 0), (1, 0, 0), (1, 0, 0), (1, 0, 0), (1, 0, 0), (1, 0, 0), (1, 0, 0), (1, 0, 0), (1, 0, 0), (1, 0, 0), (1, 0, 0), (1, 0, 0), (1, 0, 0), (1, 0, 0), (1, 0, 0), (1, 0, 0), (1, 0, 0), (1, 0, 0), (1, 0, 0), (0.206363, -0.945135, -0.253248), (0.410365, -0.789747, -0.455961), (0.410365, -0.880849, -0.236023), (0.410365, -0.789747, -0.455961), (0.206363, -0.945135, -0.253248), (0.206363, -0.847385, -0.489238), (0.410365, 0.455961, 0.789747), (0.206363, 0.253248, 0.945135), (0.410365, 0.236023, 0.880849), (0.206363, 0.253248, 0.945135), (0.410365, 0.455961, 0.789747), (0.206363, 0.489238, 0.847385), (-1, 0, 0), (-1, 0, 0), (-1, 0, 0), (-1, 0, 0), (-1, 0, 0), (-1, 0, 0), (-1, 0, 0), (-1, 0, 0), (-1, 0, 0), (-1, 0, 0), (-1, 0, 0), (-1, 0, 0), (-1, 0, 0), (-1, 0, 0), (-1, 0, 0), (-1, 0, 0), (-1, 0, 0), (-1, 0, 0), (-1, 0, 0), (-1, 0, 0), (-1, 0, 0), (-1, 0, 0), (-1, 0, 0), (-1, 0, 0), (-1, 0, 0), (-1, 0, 0), (-1, 0, 0), (-1, 0, 0), (-1, 0, 0), (-1, 0, 0), (-1, 0, 0), (-1, 0, 0), (-1, 0, 0), (-1, 0, 0), (-1, 0, 0), (-1, 0, 0), (-1, 0, 0), (-1, 0, 0), (-1, 0, 0), (-1, 0, 0), (-1, 0, 0), (-1, 0, 0), (-1, 0, 0), (-1, 0, 0), (-1, 0, 0), (-1, 0, 0), (-1, 0, 0), (-1, 0, 0), (-1, 0, 0), (-1, 0, 0), (-1, 0, 0), (-1, 0, 0), (-1, 0, 0), (-1, 0, 0), (-1, 0, 0), (-1, 0, 0), (-1, 0, 0), (-1, 0, 0), (-1, 0, 0), (-1, 0, 0), (-1, 0, 0), (-1, 0, 0), (-1, 0, 0), (-1, 0, 0), (-1, 0, 0), (-1, 0, 0), (-1, 0, 0), (-1, 0, 0), (-1, 0, 0), (-1, 0, 0), (-1, 0, 0), (-1, 0, 0), (-1, 0, 0), (-1, 0, 0), (-1, 0, 0), (-1, 0, 0), (-1, 0, 0), (-1, 0, 0), (-1, 0, 0), (-1, 0, 0), (-1, 0, 0), (-1, 0, 0), (-1, 0, 0), (-1, 0, 0), (-1, 0, 0), (-1, 0, 0), (-1, 0, 0), (-1, 0, 0), (-1, 0, 0), (-1, 0, 0), (-1, 0, 0), (-1, 0, 0), (-1, 0, 0), (-1, 0, 0), (-1, 0, 0), (-1, 0, 0), (-1, 0, 0), (-1, 0, 0), (-1, 0, 0), (-1, 0, 0), (-1, 0, 0), (-1, 0, 0), (-1, 0, 0), (-1, 0, 0), (-1, 0, 0), (-1, 0, 0), (-1, 0, 0), (-1, 0, 0), (-1, 0, 0), (-1, 0, 0), (-1, 0, 0), (-1, 0, 0), (-1, 0, 0), (-1, 0, 0), (-1, 0, 0), (-1, 0, 0), (-1, 0, 0), (-1, 0, 0), (-1, 0, 0), (-1, 0, 0), (-1, 0, 0), (-1, 0, 0), (-1, 0, 0), (-1, 0, 0), (-1, 0, 0), (-1, 0, 0), (-1, 0, 0), (-1, 0, 0), (-1, 0, 0), (-1, 0, 0), (-1, 0, 0), (-1, 0, 0), (-1, 0, 0), (-1, 0, 0), (-1, 0, 0), (-1, 0, 0), (-1, 0, 0), (-1, 0, 0), (-1, 0, 0), (-1, 0, 0), (-1, 0, 0), (-1, 0, 0), (-1, 0, 0), (-1, 0, 0), (-1, 0, -6.66134e-16), (-1, 0, -6.66134e-16), (-1, 0, -6.66134e-16), (-1, 0, -6.66134e-16), (-1, 0, -6.66134e-16), (-1, 0, -6.66134e-16), (-1, 0, -6.66134e-16), (-1, 0, -6.66134e-16), (-1, 0, -6.66134e-16), (-1, 0, -6.66134e-16), (-1, 0, -6.66134e-16), (-1, 0, -6.66134e-16), (-1, 0, -6.66134e-16), (-1, 0, -6.66134e-16), (-1, 0, -6.66134e-16), (-1, 0, -6.66134e-16), (-1, 0, -6.66134e-16), (-1, 0, -6.66134e-16), (-1, 0, -6.66134e-16), (-1, 0, -6.66134e-16), (-1, 0, -6.66134e-16), (-1, 0, -6.66134e-16), (-1, 0, -6.66134e-16), (-1, 0, -6.66134e-16), (-1, 0, -6.66134e-16), (-1, 0, -6.66134e-16), (-1, 0, -6.66134e-16), (-1, 0, -6.66134e-16), (-1, 0, -6.66134e-16), (-1, 0, -6.66134e-16), (-1, 0, -6.66134e-16), (-1, 0, -6.66134e-16), (-1, 0, -6.66134e-16), (-1, 0, -6.66134e-16), (-1, 0, -6.66134e-16), (-1, 0, -6.66134e-16), (-1, 0, -6.66134e-16), (-1, 0, -6.66134e-16), (-1, 0, -6.66134e-16), (-1, 0, -6.66134e-16), (-1, 0, -6.66134e-16), (-1, 0, -6.66134e-16), (-1, 0, -6.66134e-16), (-1, 0, -6.66134e-16), (-1, 0, -6.66134e-16), (-1, 0, -6.66134e-16), (-1, 0, -6.66134e-16), (-1, 0, -6.66134e-16), (-1, 0, -6.66134e-16), (-1, 0, -6.66134e-16), (-1, 0, -6.66134e-16), (-1, 0, -6.66134e-16), (-1, 0, -6.66134e-16), (-1, 0, -6.66134e-16), (-1, 0, -6.66134e-16), (-1, 0, -6.66134e-16), (-1, 0, -6.66134e-16), (-1, 0, -6.66134e-16), (-1, 0, -6.66134e-16), (-1, 0, -6.66134e-16), (-1, 0, -6.66134e-16), (-1, 0, -6.66134e-16), (-1, 0, -6.66134e-16), (-1, 0, -6.66134e-16), (-1, 0, -6.66134e-16), (-1, 0, -6.66134e-16), (-1, 0, -6.66134e-16), (-1, 0, -6.66134e-16), (-1, 0, -6.66134e-16), (-1, 0, -6.66134e-16), (-1, 0, -6.66134e-16), (-1, 0, -6.66134e-16), (-1, 0, -6.66134e-16), (-1, 0, -6.66134e-16), (-1, 0, -6.66134e-16), (-1, 0, -6.66134e-16), (-1, 0, -6.66134e-16), (-1, 0, -6.66134e-16), (-1, 0, -6.66134e-16), (-1, 0, -6.66134e-16), (-1, 0, -6.66134e-16), (-1, 0, -6.66134e-16), (-1, 0, -6.66134e-16), (-1, 0, -6.66134e-16), (-1, 0, -6.66134e-16), (-1, 0, -6.66134e-16), (-1, 0, -6.66134e-16), (-1, 0, -6.66134e-16), (-1, 0, -6.66134e-16), (-1, 0, -6.66134e-16), (-1, 0, -6.66134e-16), (-1, 0, -6.66134e-16), (-1, 0, -6.66134e-16), (-1, 0, -6.66134e-16), (-1, 0, -6.66134e-16), (-1, 0, -6.66134e-16), (-1, 0, -6.66134e-16), (-1, 0, -6.66134e-16), (-1, 0, -6.66134e-16), (-1, 0, -6.66134e-16), (-1, 0, -6.66134e-16), (-1, 0, -6.66134e-16), (-1, 0, -6.66134e-16), (-1, 0, -6.66134e-16), (-1, 0, -6.66134e-16), (-1, 0, -6.66134e-16), (-1, 0, -6.66134e-16), (-1, 0, -6.66134e-16), (-1, 0, -6.66134e-16), (-1, 0, -6.66134e-16), (-1, 0, -6.66134e-16), (-1, 0, -6.66134e-16), (-1, 0, -6.66134e-16), (-1, 0, -6.66134e-16), (-1, 0, -6.66134e-16), (-1, 0, -6.66134e-16), (-1, 0, -6.66134e-16), (-1, 0, -6.66134e-16), (-1, 0, -6.66134e-16), (-1, 0, -6.66134e-16), (-1, 0, -6.66134e-16), (-1, 0, -6.66134e-16), (-1, 0, -6.66134e-16), (-1, 0, -6.66134e-16), (-1, 0, -6.66134e-16), (-1, 0, -6.66134e-16), (-1, 0, -6.66134e-16), (-1, 0, -6.66134e-16), (-1, 0, -6.66134e-16), (-1, 0, -6.66134e-16), (-1, 0, -6.66134e-16), (-1, 0, -6.66134e-16), (-1, 0, -6.66134e-16), (-1, 0, -6.66134e-16), (-1, 0, -6.66134e-16), (-1, 0, -6.66134e-16), (-1, 0, -6.66134e-16), (-1, 0, -6.66134e-16), (-1, 0, -6.66134e-16), (-1, 0, -6.66134e-16), (-1, 0, -6.66134e-16), (-1, 0, -6.66134e-16), (-1, 0, -6.66134e-16), (-1, 0, -6.66134e-16), (-0.516, -0.827401, -0.221701), (-0.516, -0.856588, 0), (-0.516, -0.827401, -0.221701), (-0.516, -0.856588, 0), (-0.516, -0.827401, -0.221701), (-0.516, -0.856588, 0), (-0.516, 0.827401, -0.221701), (-0.516, 0.741827, -0.428294), (-0.516, 0.827401, -0.221701), (-0.516, 0.741827, -0.428294), (-0.516, 0.827401, -0.221701), (-0.516, 0.741827, -0.428294), (-0.516, 0.605699, 0.605699), (-0.516, 0.741827, 0.428294), (-0.516, 0.605699, 0.605699), (-0.516, 0.741827, 0.428294), (-0.516, 0.605699, 0.605699), (-0.516, 0.741827, 0.428294), (-0.516, 0, -0.856588), (-0.516, 0.221701, -0.827401), (-0.516, 0.221701, -0.827401), (-0.516, 0.221701, -0.827401), (-0.516, 0, -0.856588), (-0.516, 0, -0.856588), (-0.516, 0.856588, 0), (-0.516, 0.827401, -0.221701), (-0.516, 0.827401, -0.221701), (-0.516, 0.827401, -0.221701), (-0.516, 0.856588, 0), (-0.516, 0.856588, 0), (-0.516, -0.428294, 0.741827), (-0.516, -0.221701, 0.827401), (-0.516, -0.221701, 0.827401), (-0.516, -0.221701, 0.827401), (-0.516, -0.428294, 0.741827), (-0.516, -0.428294, 0.741827), (-0.516, 0, -0.856588), (-0.516, -0.221701, -0.827401), (-0.516, 0, -0.856588), (-0.516, -0.221701, -0.827401), (-0.516, 0, -0.856588), (-0.516, -0.221701, -0.827401), (-0.516, 0.741827, -0.428294), (-0.516, 0.605699, -0.605699), (-0.516, 0.741827, -0.428294), (-0.516, 0.605699, -0.605699), (-0.516, 0.741827, -0.428294), (-0.516, 0.605699, -0.605699), (-0.516, -0.221701, 0.827401), (-0.516, 0, 0.856588), (-0.516, 0, 0.856588), (-0.516, 0, 0.856588), (-0.516, -0.221701, 0.827401), (-0.516, -0.221701, 0.827401), (-0.516, 0.827401, 0.221701), (-0.516, 0.856588, 0), (-0.516, 0.827401, 0.221701), (-0.516, 0.856588, 0), (-0.516, 0.827401, 0.221701), (-0.516, 0.856588, 0), (-0.516, 0.428294, 0.741827), (-0.516, 0.221701, 0.827401), (-0.516, 0.428294, 0.741827), (-0.516, 0.221701, 0.827401), (-0.516, 0.428294, 0.741827), (-0.516, 0.221701, 0.827401), (-0.516, -0.605699, -0.605699), (-0.516, -0.741827, -0.428294), (-0.516, -0.605699, -0.605699), (-0.516, -0.741827, -0.428294), (-0.516, -0.605699, -0.605699), (-0.516, -0.741827, -0.428294), (-0.516, 0.741827, 0.428294), (-0.516, 0.827401, 0.221701), (-0.516, 0.827401, 0.221701), (-0.516, 0.827401, 0.221701), (-0.516, 0.741827, 0.428294), (-0.516, 0.741827, 0.428294), (-0.516, -0.741827, -0.428294), (-0.516, -0.827401, -0.221701), (-0.516, -0.741827, -0.428294), (-0.516, -0.827401, -0.221701), (-0.516, -0.741827, -0.428294), (-0.516, -0.827401, -0.221701), (-0.516, -0.605699, 0.605699), (-0.516, -0.428294, 0.741827), (-0.516, -0.428294, 0.741827), (-0.516, -0.428294, 0.741827), (-0.516, -0.605699, 0.605699), (-0.516, -0.605699, 0.605699), (-0.516, 0.221701, -0.827401), (-0.516, 0.428294, -0.741827), (-0.516, 0.428294, -0.741827), (-0.516, 0.428294, -0.741827), (-0.516, 0.221701, -0.827401), (-0.516, 0.221701, -0.827401), (-1, 0, 0), (-1, 0, 0), (-1, 0, 0), (-1, 0, 0), (-1, 0, 0), (-1, 0, 0), (-1, 0, 0), (-1, 0, 0), (-1, 0, 0), (-1, 0, 0), (-1, 0, 0), (-1, 0, 0), (-1, 0, 0), (-1, 0, 0), (-1, 0, 0), (-1, 0, 0), (-1, 0, 0), (-1, 0, 0), (-1, 0, 0), (-1, 0, 0), (-1, 0, 0), (-1, 0, 0), (-1, 0, 0), (-1, 0, 0), (-1, 0, 0), (-1, 0, 0), (-1, 0, 0), (-1, 0, 0), (-1, 0, 0), (-1, 0, 0), (-1, 0, 0), (-1, 0, 0), (-1, 0, 0), (-1, 0, 0), (-1, 0, 0), (-1, 0, 0), (-1, 0, 0), (-1, 0, 0), (-1, 0, 0), (-1, 0, 0), (-1, 0, 0), (-1, 0, 0), (-1, 0, 0), (-1, 0, 0), (-1, 0, 0), (-1, 0, 0), (-1, 0, 0), (-1, 0, 0), (-1, 0, 0), (-1, 0, 0), (-1, 0, 0), (-1, 0, 0), (-1, 0, 0), (-1, 0, 0), (-1, 0, 0), (-1, 0, 0), (-1, 0, 0), (-1, 0, 0), (-1, 0, 0), (-1, 0, 0), (-1, 0, 0), (-1, 0, 0), (-1, 0, 0), (-1, 0, 0), (-1, 0, 0), (-1, 0, 0), (-0.516, -0.856588, 0), (-0.516, -0.827401, 0.221701), (-0.516, -0.856588, 0), (-0.516, -0.827401, 0.221701), (-0.516, -0.856588, 0), (-0.516, -0.827401, 0.221701), (-0.516, -0.741827, 0.428294), (-0.516, -0.605699, 0.605699), (-0.516, -0.741827, 0.428294), (-0.516, -0.605699, 0.605699), (-0.516, -0.741827, 0.428294), (-0.516, -0.605699, 0.605699), (-0.516, -0.827401, 0.221701), (-0.516, -0.741827, 0.428294), (-0.516, -0.827401, 0.221701), (-0.516, -0.741827, 0.428294), (-0.516, -0.827401, 0.221701), (-0.516, -0.741827, 0.428294), (-0.516, 0.605699, 0.605699), (-0.516, 0.428294, 0.741827), (-0.516, 0.605699, 0.605699), (-0.516, 0.428294, 0.741827), (-0.516, 0.605699, 0.605699), (-0.516, 0.428294, 0.741827), (-0.516, -0.428294, -0.741827), (-0.516, -0.605699, -0.605699), (-0.516, -0.428294, -0.741827), (-0.516, -0.605699, -0.605699), (-0.516, -0.428294, -0.741827), (-0.516, -0.605699, -0.605699), (-0.516, 0.428294, -0.741827), (-0.516, 0.605699, -0.605699), (-0.516, 0.605699, -0.605699), (-0.516, 0.605699, -0.605699), (-0.516, 0.428294, -0.741827), (-0.516, 0.428294, -0.741827), (-0.516, 0.221701, 0.827401), (-0.516, 0, 0.856588), (-0.516, 0.221701, 0.827401), (-0.516, 0, 0.856588), (-0.516, 0.221701, 0.827401), (-0.516, 0, 0.856588), (-0.516, -0.221701, -0.827401), (-0.516, -0.428294, -0.741827), (-0.516, -0.221701, -0.827401), (-0.516, -0.428294, -0.741827), (-0.516, -0.221701, -0.827401), (-0.516, -0.428294, -0.741827), (0, 0.258819, -0.965926), (0, 0.813241, -0.581927), (0, 0.75184, -0.659346), (0, 0.813241, -0.581927), (0, 0.258819, -0.965926), (0, 0.233891, -0.972263), (-1, 0, 0), (-1, 0, 0), (-1, 0, 0), (-1, 0, 0), (-1, 0, 0), (-1, 0, 0), (-1, 0, 0), (-1, 0, 0), (-1, 0, 0), (-1, 0, 0), (-1, 0, 0), (-1, 0, 0), (-1, 0, 0), (-1, 0, 0), (-1, 0, 0), (-1, 0, 0), (-1, 0, 0), (-1, 0, 0), (-1, 0, 0), (-1, 0, 0), (-1, 0, 0), (-1, 0, 0), (-1, 0, 0), (-1, 0, 0), (-1, 0, 0), (-1, 0, 0), (-1, 0, 0), (-1, 0, 0), (-1, 0, 0), (-1, 0, 0), (-1, 0, 0), (-1, 0, 0), (-1, 0, 0), (-1, 0, 0), (-1, 0, 0), (-1, 0, 0), (-1, 0, 0), (-1, 0, 0), (-1, 0, 0), (-1, 0, 0), (-1, 0, 0), (-1, 0, 0), (-1, 0, 0), (-1, 0, 0), (-1, 0, 0), (-1, 0, 0), (-1, 0, 0), (-1, 0, 0), (-1, 0, 0), (-1, 0, 0), (-1, 0, 0), (-1, 0, 0), (-1, 0, 0), (-1, 0, 0), (-1, 0, 0), (-1, 0, 0), (-1, 0, 0), (-1, 0, 0), (-1, 0, 0), (-1, 0, 0), (-1, 0, 0), (-1, 0, 0), (-1, 0, 0), (-1, 0, 0), (-1, 0, 0), (-1, 0, 0), (-1, 0, 0), (-1, 0, 0), (-1, 0, 0), (-1, 0, 0), (-1, 0, 0), (-1, 0, 0), (-1, 0, 0), (-1, 0, 0), (-1, 0, 0), (-1, 0, 0), (-1, 0, 0), (-1, 0, 0), (-1, 0, 0), (-1, 0, 0), (-1, 0, 0), (-1, 0, 0), (-1, 0, 0), (-1, 0, 0), (-1, 0, 0), (-1, 0, 0), (-1, 0, 0), (-1, 0, 0), (-1, 0, 0), (-1, 0, 0), (-1, 0, 0), (-1, 0, 0), (-1, 0, 0), (-1, 0, 0), (-1, 0, 0), (-1, 0, 0), (-1, 0, 0), (-1, 0, 0), (-1, 0, 0), (-1, 0, 0), (-1, 0, 0), (-1, 0, 0), (-1, 0, 0), (-1, 0, 0), (-1, 0, 0), (-1, 0, 0), (-1, 0, 0), (-1, 0, 0), (-1, 0, 0), (-1, 0, 0), (-1, 0, 0), (-1, 0, 0), (-1, 0, 0), (-1, 0, 0), (-1, 0, 0), (-1, 0, 0), (-1, 0, 0), (-1, 0, 0), (-1, 0, 0), (-1, 0, 0), (-1, 0, 0), (-1, 0, 0), (-1, 0, 0), (-1, 0, 0), (-1, 0, 0), (-1, 0, 0), (-1, 0, 0), (-1, 0, 0), (-1, 0, 0), (-1, 0, 0), (-1, 0, 0), (-1, 0, 0), (-1, 0, 0), (-1, 0, 0), (-1, 0, 0), (-1, 0, 0), (-1, 0, 0), (-1, 0, 0), (-1, 0, 0), (-1, 0, 0), (-1, 0, 0), (-1, 0, 0), (-1, 0, 0), (-1, 0, 0), (-1, 0, 0), (-1, 0, 0), (-1, 0, 0), (-1, 0, 0), (-1, 0, 0), (-1, 0, 0), (-1, 0, 0), (-1, 0, 0), (-1, 0, 0), (-1, 0, 0), (-1, 0, 0), (-1, 0, 0), (-1, 0, 0), (-1, 0, 0), (-1, 0, 0), (-1, 0, 0), (-1, 0, 0), (-1, 0, 0), (-1, 0, 0), (-1, 0, 0), (-1, 0, 0), (-1, 0, 0), (-1, 0, 0), (-1, 0, 0), (-1, 0, 0), (-1, 0, 0), (-1, 0, 0), (-1, 0, 0), (-1, 0, 0), (-1, 0, 0), (1, 0, 0), (1, 0, 0), (1, 0, 0), (1, 0, 0), (1, 0, 0), (1, 0, 0), (1, 0, 0), (1, 0, 0), (1, 0, 0), (1, 0, 0), (1, 0, 0), (1, 0, 0), (1, 0, 0), (1, 0, 0), (1, 0, 0), (1, 0, 0), (1, 0, 0), (1, 0, 0), (1, 0, 0), (1, 0, 0), (1, 0, 0), (1, 0, 0), (1, 0, 0), (1, 0, 0), (1, 0, 0), (1, 0, 0), (1, 0, 0), (1, 0, 0), (1, 0, 0), (1, 0, 0), (1, 0, 0), (1, 0, 0), (1, 0, 0), (1, 0, 0), (1, 0, 0), (1, 0, 0), (1, 0, 0), (1, 0, 0), (1, 0, 0), (1, 0, 0), (1, 0, 0), (1, 0, 0), (1, 0, 0), (1, 0, 0), (1, 0, 0), (1, 0, 0), (1, 0, 0), (1, 0, 0), (1, 0, 0), (1, 0, 0), (1, 0, 0), (1, 0, 0), (1, 0, 0), (1, 0, 0), (1, 0, 0), (1, 0, 0), (1, 0, 0), (1, 0, 0), (1, 0, 0), (1, 0, 0), (1, 0, 0), (1, 0, 0), (1, 0, 0), (1, 0, 0), (1, 0, 0), (1, 0, 0), (1, 0, 0), (1, 0, 0), (1, 0, 0), (1, 0, 0), (1, 0, 0), (1, 0, 0), (1, 0, 0), (1, 0, 0), (1, 0, 0), (1, 0, 0), (1, 0, 0), (1, 0, 0), (1, 0, 0), (1, 0, 0), (1, 0, 0), (1, 0, 0), (1, 0, 0), (1, 0, 0), (1, 0, 0), (1, 0, 0), (1, 0, 0), (1, 0, 0), (1, 0, 0), (1, 0, 0), (1, 0, 0), (1, 0, 0), (1, 0, 0), (1, 0, 0), (1, 0, 0), (1, 0, 0), (1, 0, 0), (1, 0, 0), (1, 0, 0), (1, 0, 0), (1, 0, 0), (1, 0, 0), (1, 0, 0), (1, 0, 0), (1, 0, 0), (1, 0, 0), (1, 0, 0), (1, 0, 0), (1, 0, 0), (1, 0, 0), (1, 0, 0), (1, 0, 0), (1, 0, 0), (1, 0, 0), (1, 0, 0), (1, 0, 0), (1, 0, 0), (1, 0, 0), (1, 0, 0), (1, 0, 0), (1, 0, 0), (1, 0, 0), (1, 0, 0), (1, 0, 0), (1, 0, 0), (1, 0, 0), (1, 0, 0), (1, 0, 0), (1, 0, 0), (1, 0, 0), (1, 0, 0), (1, 0, 0), (1, 0, 0), (1, 0, 0), (1, 0, 0), (1, 0, 0), (1, 0, 0), (1, 0, 0), (1, 0, 0), (1, 0, 0), (1, 0, 0), (1, 0, 0), (1, 0, 0), (1, 0, 0), (1, 0, 0), (1, 0, 0), (1, 0, 0), (1, 0, 0), (1, 0, 0), (1, 0, 0), (1, 0, 0), (1, 0, 0), (1, 0, 0), (1, 0, 0), (1, 0, 0), (1, 0, 0), (1, 0, 0), (1, 0, 0), (1, 0, 0), (1, 0, 0), (1, 0, 0), (1, 0, 0), (1, 0, 0), (1, 0, 0), (1, 0, 0), (1, 0, 0), (1, 0, 0), (1, 0, 0), (1, 0, 0), (1, 0, 0), (1, 0, 0), (1, 0, 0), (1, 0, 0), (1, 0, 0), (0.948683, -0.316228, 0), (0.948683, -0.316228, 0), (0.948683, -0.316228, 0), (0.948683, -0.316228, 0), (0.948683, -0.316228, 0), (0.948683, -0.316228, 0), (0.948683, -0.316228, 0), (0.948683, -0.316228, 0), (0.948683, -0.316228, 0), (0.948683, -0.316228, 0), (0.948683, -0.316228, 0), (0.948683, -0.316228, 0), (0.948683, -0.316228, 0), (0.948683, -0.316228, 0), (0.948683, -0.316228, 0), (0.948683, -0.316228, 0), (0.948683, -0.316228, 0), (0.948683, -0.316228, 0), (0.948683, -0.316228, 0), (0.948683, -0.316228, 0), (0.948683, -0.316228, 0), (0.948683, -0.316228, 0), (0.948683, -0.316228, 0), (0.948683, -0.316228, 0), (0.948683, -0.316228, 0), (0.948683, -0.316228, 0), (0.948683, -0.316228, 0), (0, 0.866025, 0.5), (0, 0.707107, 0.707107), (0, 0.866025, 0.5), (0, 0.707107, 0.707107), (0, 0.866025, 0.5), (0, 0.707107, 0.707107), (0, 0.965926, 0.258819), (0, 0.866025, 0.5), (0, 0.965926, 0.258819), (0, 0.866025, 0.5), (0, 0.965926, 0.258819), (0, 0.866025, 0.5), (0, 0.866025, -0.5), (0, 0.965926, -0.258819), (0, 0.866025, -0.5), (0, 0.965926, -0.258819), (0, 0.866025, -0.5), (0, 0.965926, -0.258819), (0, 0.965926, 0.258819), (0, 0.866025, 0.5), (0, 0.965926, 0.258819), (0, 0.866025, 0.5), (0, 0.965926, 0.258819), (0, 0.866025, 0.5), (0, 0.707107, -0.707107), (0, 0.866025, -0.5), (0, 0.707107, -0.707107), (0, 0.866025, -0.5), (0, 0.707107, -0.707107), (0, 0.866025, -0.5), (0, 0.233891, -0.972263), (0, 0.5, -0.866025), (0, 0.258819, -0.965926), (0, 0.5, -0.866025), (0, 0.233891, -0.972263), (0, 0.479903, -0.877321), (0, 0.5, 0.866025), (0, 0.608761, 0.793353), (0, 0.479903, 0.877321), (0, 0.608761, 0.793353), (0, 0.5, 0.866025), (0, 0.707107, 0.707107), (0, 0.608761, 0.793353), (0, 0.707107, 0.707107), (0, 0.707107, 0.707107), (0, 0.866025, 0.5), (0, 0.707107, 0.707107), (0, 0.866025, 0.5), (0, 0.707107, 0.707107), (0, 0.866025, 0.5), (0, 0.707107, 0.707107), (0, 0.707107, -0.707107), (0, 0.866025, -0.5), (0, 0.707107, -0.707107), (0, 0.866025, -0.5), (0, 0.707107, -0.707107), (0, 0.866025, -0.5), (0, 0.866025, 0.5), (0, 0.707107, 0.707107), (0, 0.866025, 0.5), (0, 0.707107, 0.707107), (0, 0.866025, 0.5), (0, 0.707107, 0.707107), (0, 0.965926, -0.258819), (0, 1, 0), (0, 0.965926, -0.258819), (0, 1, 0), (0, 0.965926, -0.258819), (0, 1, 0), (0, 1, 0), (0, 0.965926, 0.258819), (0, 1, 0), (0, 0.965926, 0.258819), (0, 1, 0), (0, 0.965926, 0.258819), (0, 0.866025, 0.5), (0, 0.707107, 0.707107), (0, 0.866025, 0.5), (0, 0.707107, 0.707107), (0, 0.866025, 0.5), (0, 0.707107, 0.707107), (0, 1, 0), (0, 0.965926, 0.258819), (0, 1, 0), (0, 0.965926, 0.258819), (0, 1, 0), (0, 0.965926, 0.258819), (0, 1, 0), (0, 0.965926, 0.258819), (0, 1, 0), (0, 0.965926, 0.258819), (0, 1, 0), (0, 0.965926, 0.258819), (0, 0.5, -0.866025), (0, 0.233891, -0.972263), (0, 0.258819, -0.965926), (0, 0.233891, -0.972263), (0, 0.5, -0.866025), (0, 0.479903, -0.877321), (0, 0.866025, -0.5), (0, 0.965926, -0.258819), (0, 0.866025, -0.5), (0, 0.965926, -0.258819), (0, 0.866025, -0.5), (0, 0.965926, -0.258819), (-0.948683, -0.316228, 0), (-0.948683, -0.316228, 0), (-0.948683, -0.316228, 0), (-0.948683, -0.316228, 0), (-0.948683, -0.316228, 0), (-0.948683, -0.316228, 0), (-0.948683, -0.316228, 0), (-0.948683, -0.316228, 0), (-0.948683, -0.316228, 0), (-0.948683, -0.316228, 0), (-0.948683, -0.316228, 0), (-0.948683, -0.316228, 0), (-0.948683, -0.316228, 0), (-0.948683, -0.316228, 0), (-0.948683, -0.316228, 0), (0, 0.479903, 0.877321), (0, 0.258819, 0.965926), (0, 0.233891, 0.972263), (0, 0.258819, 0.965926), (0, 0.479903, 0.877321), (0, 0.5, 0.866025), (-0.948683, -0.316228, 0), (-0.948683, -0.316228, 0), (-0.948683, -0.316228, 0), (-0.948683, -0.316228, 0), (-0.948683, -0.316228, 0), (-0.948683, -0.316228, 0), (-0.948683, -0.316228, 0), (-0.948683, -0.316228, 0), (-0.948683, -0.316228, 0), (-0.948683, -0.316228, 0), (-0.948683, -0.316228, 0), (-0.948683, -0.316228, 0), (-0.948683, -0.316228, 0), (-0.948683, -0.316228, 0), (-0.948683, -0.316228, 0), (-0.948683, -0.316228, 0), (-0.948683, -0.316228, 0), (-0.948683, -0.316228, 0), (0, 0.5, 0.866025), (0, 0.233891, 0.972263), (0, 0.258819, 0.965926), (0, 0.233891, 0.972263), (0, 0.5, 0.866025), (0, 0.479903, 0.877321), (0.948683, -0.316228, 0), (0.948683, -0.316228, 0), (0.948683, -0.316228, 0), (0.948683, -0.316228, 0), (0.948683, -0.316228, 0), (0.948683, -0.316228, 0), (0.948683, -0.316228, 0), (0.948683, -0.316228, 0), (0.948683, -0.316228, 0), (0.948683, -0.316228, 0), (0.948683, -0.316228, 0), (0.948683, -0.316228, 0), (0.948683, -0.316228, 0), (0.948683, -0.316228, 0), (0.948683, -0.316228, 0), (0.948683, -0.316228, 0), (0.948683, -0.316228, 0), (0.948683, -0.316228, 0), (0, 0.233891, 0.972263), (0, 0.5, 0.866025), (0, 0.258819, 0.965926), (0, 0.5, 0.866025), (0, 0.233891, 0.972263), (0, 0.479903, 0.877321), (0, 0.707107, -0.707107), (0, 0.866025, -0.5), (0, 0.707107, -0.707107), (0, 0.866025, -0.5), (0, 0.707107, -0.707107), (0, 0.866025, -0.5), (0, 0.965926, -0.258819), (0, 1, 0), (0, 0.965926, -0.258819), (0, 1, 0), (0, 0.965926, -0.258819), (0, 1, 0), (0, 0.5, -0.866025), (0, 0.233891, -0.972263), (0, 0.258819, -0.965926), (0, 0.233891, -0.972263), (0, 0.5, -0.866025), (0, 0.479903, -0.877321), (0, 0.258819, -0.965926), (0, 0.130526, -0.991445), (0, 0.130526, -0.991445), (0, 0.130526, -0.991445), (0, 0.258819, -0.965926), (0, 0.233891, -0.972263), (0, 0.258819, 0.965926), (0, 0.479903, 0.877321), (0, 0.233891, 0.972263), (0, 0.479903, 0.877321), (0, 0.258819, 0.965926), (0, 0.5, 0.866025), (0, 0.707107, -0.707107), (0, 0.479903, -0.877321), (0, 0.5, -0.866025), (0, 0.479903, -0.877321), (0, 0.707107, -0.707107), (0, 0.608761, -0.793353), (0, 0.608761, -0.793353), (0, 0.707107, -0.707107), (0, 0.707107, -0.707107), (0, 0.130526, 0.991445), (0, 0.233891, 0.972263), (0, 0.130526, 0.991445), (0, 0.233891, 0.972263), (0, 0.130526, 0.991445), (0, 0.258819, 0.965926), (0, 0.965926, -0.258819), (0, 1, 0), (0, 0.965926, -0.258819), (0, 1, 0), (0, 0.965926, -0.258819), (0, 1, 0), (0, 0.5, 0.866025), (0, 0.608761, 0.793353), (0, 0.479903, 0.877321), (0, 0.608761, 0.793353), (0, 0.5, 0.866025), (0, 0.707107, 0.707107), (0, 0.608761, 0.793353), (0, 0.707107, 0.707107), (0, 0.707107, 0.707107), (0, 0.608761, -0.793353), (0, 0.5, -0.866025), (0, 0.479903, -0.877321), (0, 0.5, -0.866025), (0, 0.608761, -0.793353), (0, 0.707107, -0.707107), (0, 0.707107, -0.707107), (0, 0.608761, -0.793353), (0, 0.707107, -0.707107), (0, 0.233891, -0.972263), (0, 0.130526, -0.991445), (0, 0.130526, -0.991445), (0, 0.130526, -0.991445), (0, 0.233891, -0.972263), (0, 0.258819, -0.965926), (0, 0.965926, 0.258819), (0, 0.866025, 0.5), (0, 0.965926, 0.258819), (0, 0.866025, 0.5), (0, 0.965926, 0.258819), (0, 0.866025, 0.5), (0, 0.608761, 0.793353), (0, 0.5, 0.866025), (0, 0.479903, 0.877321), (0, 0.5, 0.866025), (0, 0.608761, 0.793353), (0, 0.707107, 0.707107), (0, 0.707107, 0.707107), (0, 0.608761, 0.793353), (0, 0.707107, 0.707107), (0, 0.608761, 0.793353), (0, 0.5, 0.866025), (0, 0.479903, 0.877321), (0, 0.5, 0.866025), (0, 0.608761, 0.793353), (0, 0.707107, 0.707107), (0, 0.707107, 0.707107), (0, 0.608761, 0.793353), (0, 0.707107, 0.707107), (0, 0.965926, -0.258819), (0, 1, 0), (0, 0.965926, -0.258819), (0, 1, 0), (0, 0.965926, -0.258819), (0, 1, 0), (0, 1, 0), (0, 0.965926, 0.258819), (0, 1, 0), (0, 0.965926, 0.258819), (0, 1, 0), (0, 0.965926, 0.258819), (0, 0.233891, -0.972263), (0, 0.75184, -0.659346), (0, 0.813241, -0.581927), (0, 0.75184, -0.659346), (0, 0.233891, -0.972263), (0, 0.258819, -0.965926), (0, 1, 0), (0, 1, 0), (0, 1, 0), (0, 1, 0), (0, 1, 0), (0, 1, 0), (0, 0.866025, -0.5), (0, 0.965926, -0.258819), (0, 0.866025, -0.5), (0, 0.965926, -0.258819), (0, 0.866025, -0.5), (0, 0.965926, -0.258819), (0, 0.233891, -0.972263), (0, 0.5, -0.866025), (0, 0.258819, -0.965926), (0, 0.5, -0.866025), (0, 0.233891, -0.972263), (0, 0.479903, -0.877321), (0, 0.233891, 0.972263), (0, 0.130526, 0.991445), (0, 0.130526, 0.991445), (0, 0.130526, 0.991445), (0, 0.233891, 0.972263), (0, 0.258819, 0.965926), (0, 0.5, -0.866025), (0, 0.608761, -0.793353), (0, 0.479903, -0.877321), (0, 0.608761, -0.793353), (0, 0.5, -0.866025), (0, 0.707107, -0.707107), (0, 0.608761, -0.793353), (0, 0.707107, -0.707107), (0, 0.707107, -0.707107), (0, 0.866025, -0.5), (0, 0.965926, -0.258819), (0, 0.866025, -0.5), (0, 0.965926, -0.258819), (0, 0.866025, -0.5), (0, 0.965926, -0.258819), (0, 0.479903, -0.877321), (0, 0.707107, -0.707107), (0, 0.5, -0.866025), (0, 0.707107, -0.707107), (0, 0.479903, -0.877321), (0, 0.608761, -0.793353), (0, 0.707107, -0.707107), (0, 0.608761, -0.793353), (0, 0.707107, -0.707107), (0, 1, 0), (0, 1, 0), (0, 1, 0), (0, 1, 0), (0, 1, 0), (0, 1, 0), (0, 0.965926, 0.258819), (0, 0.866025, 0.5), (0, 0.965926, 0.258819), (0, 0.866025, 0.5), (0, 0.965926, 0.258819), (0, 0.866025, 0.5), (0, -0.316228, 0.948683), (0, -0.316228, 0.948683), (0, -0.316228, 0.948683), (0, -0.316228, 0.948683), (0, -0.316228, 0.948683), (0, -0.316228, 0.948683), (0, 0.75184, 0.659346), (0, 1, 0), (0, 0.813241, 0.581927), (0, 1, 0), (0, 0.75184, 0.659346), (0, 1, 0), (0, 1, 0), (0, 1, 0), (0, 1, 0), (0, 1, 0), (0, 0.75184, 0.659346), (0, 1, 0), (0, 1, 0), (0, 0.75184, 0.659346), (0, 1, 0), (0, 1, 0), (0, 1, 0), (0, 1, 0), (0, 1, 0), (0, 0.813241, 0.581927), (0, 1, 0), (0, 1, 0), (0, 0.813241, 0.581927), (0, 1, 0), (0, 1, 0), (0, 0.813241, 0.581927), (0, 1, 0), (0, 0.813241, 0.581927), (0, 1, 0), (0, 0.75184, 0.659346), (0, 0.233891, 0.972263), (0, 0.75184, 0.659346), (0, 0.813241, 0.581927), (0, 0.75184, 0.659346), (0, 0.233891, 0.972263), (0, 0.258819, 0.965926), (0, 0.707107, -0.707107), (0, 0.866025, -0.5), (0, 0.707107, -0.707107), (0, 0.866025, -0.5), (0, 0.707107, -0.707107), (0, 0.866025, -0.5), (-0.948683, -0.316228, 0), (-0.948683, -0.316228, 0), (-0.948683, -0.316228, 0), (-0.948683, -0.316228, 0), (-0.948683, -0.316228, 0), (-0.948683, -0.316228, 0), (-0.948683, -0.316228, 0), (-0.948683, -0.316228, 0), (-0.948683, -0.316228, 0), (-0.948683, -0.316228, 0), (-0.948683, -0.316228, 0), (-0.948683, -0.316228, 0), (0, 0.258819, 0.965926), (0, 0.813241, 0.581927), (0, 0.75184, 0.659346), (0, 0.813241, 0.581927), (0, 0.258819, 0.965926), (0, 0.233891, 0.972263), (0, -0.5547, -0.83205), (0, -0.5547, -0.83205), (0, -0.5547, -0.83205), (0, -0.5547, -0.83205), (0, -0.5547, -0.83205), (0, -0.5547, -0.83205), (-0.19509, 0, 0.980785), (-0.707107, 0, 0.707107), (-0.19509, 0, 0.980785), (-0.707107, 0, 0.707107), (-0.19509, 0, 0.980785), (-0.707107, 0, 0.707107), (-0.707107, 0, 0.707107), (-0.923879, 0, 0.382683), (-0.923879, 0, 0.382683), (-0.923879, 0, 0.382683), (-0.707107, 0, 0.707107), (-0.707107, 0, 0.707107), (0.19509, 0, 0.980785), (-0.19509, 0, 0.980785), (0.19509, 0, 0.980785), (-0.19509, 0, 0.980785), (0.19509, 0, 0.980785), (-0.19509, 0, 0.980785), (0.707107, 0, 0.707107), (0.923879, 0, 0.382683), (0.923879, 0, 0.382683), (0.923879, 0, 0.382683), (0.707107, 0, 0.707107), (0.707107, 0, 0.707107), (0.707107, 0, 0.707107), (0.19509, 0, 0.980785), (0.707107, 0, 0.707107), (0.19509, 0, 0.980785), (0.707107, 0, 0.707107), (0.19509, 0, 0.980785), (0.19509, 0, -0.980785), (0.707107, 0, -0.707107), (0.19509, 0, -0.980785), (0.707107, 0, -0.707107), (0.19509, 0, -0.980785), (0.707107, 0, -0.707107), (-0.19509, 0, -0.980785), (0.19509, 0, -0.980785), (-0.19509, 0, -0.980785), (0.19509, 0, -0.980785), (-0.19509, 0, -0.980785), (0.19509, 0, -0.980785), (-0.707107, 0, -0.707107), (-0.19509, 0, -0.980785), (-0.707107, 0, -0.707107), (-0.19509, 0, -0.980785), (-0.707107, 0, -0.707107), (-0.19509, 0, -0.980785), (0, 0.75184, -0.659346), (0, 1, 0), (0, 1, 0), (0, 0.75184, -0.659346), (0, 1, 0), (0, 1, 0), (0, 0.813241, -0.581927), (0, 1, 0), (0, 0.75184, -0.659346), (0, 1, 0), (0, 1, 0), (0, 0.813241, -0.581927), (0, 1, 0), (0, 1, 0), (0, 1, 0), (0, 1, 0), (0, 1, 0), (0, 1, 0), (0, 0.813241, -0.581927), (0, 1, 0), (0, 1, 0), (0, 0.813241, -0.581927), (0, 1, 0), (0, 1, 0), (0, 0.75184, -0.659346), (0, 1, 0), (0, 0.813241, -0.581927), (0, 1, 0), (0, 0.75184, -0.659346), (0, 1, 0), (0, -1, 0), (0, -1, 0), (0, -1, 0), (0, -1, 0), (0, -1, 0), (0, -1, 0), (0, -1, 0), (0, -1, 0), (0, -1, 0), (0, -1, 0), (0, -1, 0), (0, -1, 0), (0, -1, 0), (0, -1, 0), (0, -1, 0), (0, -1, 0), (0, -1, 0), (0, -1, 0), (0, -1, 0), (0, -1, 0), (0, -1, 0), (0, -1, 0), (0, -1, 0), (0, -1, 0), (0, -1, 0), (0, -1, 0), (0, -1, 0), (0, -1, 0), (0, -1, 0), (0, -1, 0), (0, -1, 0), (0, -1, 0), (0, -1, 0), (0, -1, 0), (0, -1, 0), (0, -1, 0), (0, -1, 0), (0, -1, 0), (0, -1, 0), (0, -1, 0), (0, -1, 0), (0, -1, 0), (0, -1, 0), (0, -1, 0), (0, -1, 0), (0, -1, 0), (0, -1, 0), (0, -1, 0), (0, -1, 0), (0, -1, 0), (0, -1, 0), (0, -1, 0), (0, -1, 0), (0, -1, 0), (0, -1, 0), (0, -1, 0), (0, -1, 0), (0, -1, 0), (0, -1, 0), (0, -1, 0), (0, -1, 0), (0, -1, 0), (0, -1, 0), (0, -1, 0), (0, -1, 0), (0, -1, 0), (0, -1, 0), (0, -1, 0), (0, -1, 0), (0, -1, 0), (0, -1, 0), (0, -1, 0), (0, -1, 0), (0, -1, 0), (0, -1, 0), (0, -1, 0), (0, -1, 0), (0, -1, 0), (-0.923879, 0, -0.382683), (-0.707107, 0, -0.707107), (-0.707107, 0, -0.707107), (-0.707107, 0, -0.707107), (-0.923879, 0, -0.382683), (-0.923879, 0, -0.382683), (0.923879, 0, -0.382683), (0.707107, 0, -0.707107), (0.707107, 0, -0.707107), (0.707107, 0, -0.707107), (0.923879, 0, -0.382683), (0.923879, 0, -0.382683), (-0.382683, -0.923879, 0), (-0.923879, -0.382683, 0), (-0.382683, -0.923879, 0), (-0.923879, -0.382683, 0), (-0.382683, -0.923879, 0), (-0.923879, -0.382683, 0), (0.382683, -0.923879, 0), (-0.382683, -0.923879, 0), (0.382683, -0.923879, 0), (-0.382683, -0.923879, 0), (0.382683, -0.923879, 0), (-0.382683, -0.923879, 0), (0.923879, -0.382683, 0), (0.382683, -0.923879, 0), (0.923879, -0.382683, 0), (0.382683, -0.923879, 0), (0.923879, -0.382683, 0), (0.382683, -0.923879, 0), (-0.923879, 0.382683, 0), (-0.382683, 0.923879, 0), (-0.382683, 0.923879, 0), (-0.382683, 0.923879, 0), (-0.923879, 0.382683, 0), (-0.923879, 0.382683, 0), (-0.923879, -0.382683, 0), (-0.923879, 0.382683, 0), (-0.923879, -0.382683, 0), (-0.923879, 0.382683, 0), (-0.923879, -0.382683, 0), (-0.923879, 0.382683, 0), (0, 0, 1), (0, 0, 1), (0, 0, 1), (0, 0, 1), (0, 0, 1), (0, 0, 1), (0, 0, 1), (0, 0, 1), (0, 0, 1), (0, 0, 1), (0, 0, 1), (0, 0, 1), (0, 0, 1), (0, 0, 1), (0, 0, 1), (0, 0, 1), (0, 0, 1), (0, 0, 1), (-0.382683, 0.923879, 0), (0.382683, 0.923879, 0), (0.382683, 0.923879, 0), (0.382683, 0.923879, 0), (-0.382683, 0.923879, 0), (-0.382683, 0.923879, 0), (0.923879, 0.382683, 0), (0.923879, -0.382683, 0), (0.923879, 0.382683, 0), (0.923879, -0.382683, 0), (0.923879, 0.382683, 0), (0.923879, -0.382683, 0), (0.382683, 0.923879, 0), (0.923879, 0.382683, 0), (0.923879, 0.382683, 0), (0.923879, 0.382683, 0), (0.382683, 0.923879, 0), (0.382683, 0.923879, 0), (0.382683, -0.923879, 4.24864e-17), (0.923879, -0.382683, 1.02571e-16), (0.382683, -0.923879, 4.24864e-17), (0.923879, -0.382683, 1.02571e-16), (0.382683, -0.923879, 4.24864e-17), (0.923879, -0.382683, 1.02571e-16), (-0.382683, -0.923879, -4.24864e-17), (0.382683, -0.923879, 4.24864e-17), (-0.382683, -0.923879, -4.24864e-17), (0.382683, -0.923879, 4.24864e-17), (-0.382683, -0.923879, -4.24864e-17), (0.382683, -0.923879, 4.24864e-17), (-0.923879, -0.382683, -1.02571e-16), (-0.382683, -0.923879, -4.24864e-17), (-0.923879, -0.382683, -1.02571e-16), (-0.382683, -0.923879, -4.24864e-17), (-0.923879, -0.382683, -1.02571e-16), (-0.382683, -0.923879, -4.24864e-17), (0.923879, 0.382683, 1.02571e-16), (0.382683, 0.923879, 4.24864e-17), (0.382683, 0.923879, 4.24864e-17), (0.382683, 0.923879, 4.24864e-17), (0.923879, 0.382683, 1.02571e-16), (0.923879, 0.382683, 1.02571e-16), (0.923879, -0.382683, 1.02571e-16), (0.923879, 0.382683, 1.02571e-16), (0.923879, -0.382683, 1.02571e-16), (0.923879, 0.382683, 1.02571e-16), (0.923879, -0.382683, 1.02571e-16), (0.923879, 0.382683, 1.02571e-16), (1.11022e-16, 0, -1), (1.11022e-16, 0, -1), (1.11022e-16, 0, -1), (1.11022e-16, 0, -1), (1.11022e-16, 0, -1), (1.11022e-16, 0, -1), (1.11022e-16, 0, -1), (1.11022e-16, 0, -1), (1.11022e-16, 0, -1), (1.11022e-16, 0, -1), (1.11022e-16, 0, -1), (1.11022e-16, 0, -1), (1.11022e-16, 0, -1), (1.11022e-16, 0, -1), (1.11022e-16, 0, -1), (1.11022e-16, 0, -1), (1.11022e-16, 0, -1), (1.11022e-16, 0, -1), (0.382683, 0.923879, 4.24864e-17), (-0.382683, 0.923879, -4.24864e-17), (-0.382683, 0.923879, -4.24864e-17), (-0.382683, 0.923879, -4.24864e-17), (0.382683, 0.923879, 4.24864e-17), (0.382683, 0.923879, 4.24864e-17), (-0.923879, 0.382683, -1.02571e-16), (-0.923879, -0.382683, -1.02571e-16), (-0.923879, 0.382683, -1.02571e-16), (-0.923879, -0.382683, -1.02571e-16), (-0.923879, 0.382683, -1.02571e-16), (-0.923879, -0.382683, -1.02571e-16), (-0.382683, 0.923879, -4.24864e-17), (-0.923879, 0.382683, -1.02571e-16), (-0.923879, 0.382683, -1.02571e-16), (-0.923879, 0.382683, -1.02571e-16), (-0.382683, 0.923879, -4.24864e-17), (-0.382683, 0.923879, -4.24864e-17), (0, -0.5, -0.866025), (0, -0.707107, -0.707107), (0, -0.5, -0.866025), (0, -0.707107, -0.707107), (0, -0.5, -0.866025), (0, -0.707107, -0.707107), (0, -0.866025, -0.5), (0, -0.965926, -0.258819), (0, -0.866025, -0.5), (0, -0.965926, -0.258819), (0, -0.866025, -0.5), (0, -0.965926, -0.258819), (0, -0.5, 0.866025), (0, -0.258819, 0.965926), (0, -0.258819, 0.965926), (0, -0.258819, 0.965926), (0, -0.5, 0.866025), (0, -0.5, 0.866025), (0, -0.866025, -0.5), (0, -0.965926, -0.258819), (0, -0.866025, -0.5), (0, -0.965926, -0.258819), (0, -0.866025, -0.5), (0, -0.965926, -0.258819), (0, -0.5, -0.866025), (0, -0.707107, -0.707107), (0, -0.5, -0.866025), (0, -0.707107, -0.707107), (0, -0.5, -0.866025), (0, -0.707107, -0.707107), (0, -0.0654031, -0.997859), (0, 0, -1), (0, 0, -1), (0, 0, -1), (0, -0.0654031, -0.997859), (0, -0.0654031, -0.997859), (0, -1, 0), (0, -0.965926, 0.258819), (0, -1, 0), (0, -0.965926, 0.258819), (0, -1, 0), (0, -0.965926, 0.258819), (0, -0.0654031, 0.997859), (0, 0, 1), (0, 0, 1), (0, 0, 1), (0, -0.0654031, 0.997859), (0, -0.0654031, 0.997859), (0, -0.0654031, 0.997859), (0, 0, 1), (0, 0, 1), (0, 0, 1), (0, -0.0654031, 0.997859), (0, -0.0654031, 0.997859), (0, -0.707107, -0.707107), (0, -0.866025, -0.5), (0, -0.707107, -0.707107), (0, -0.866025, -0.5), (0, -0.707107, -0.707107), (0, -0.866025, -0.5), (0, -0.866025, 0.5), (0, -0.707107, 0.707107), (0, -0.866025, 0.5), (0, -0.707107, 0.707107), (0, -0.866025, 0.5), (0, -0.707107, 0.707107), (0, -0.866025, 0.5), (0, -0.707107, 0.707107), (0, -0.866025, 0.5), (0, -0.707107, 0.707107), (0, -0.866025, 0.5), (0, -0.707107, 0.707107), (0, -0.965926, -0.258819), (0, -1, 0), (0, -0.965926, -0.258819), (0, -1, 0), (0, -0.965926, -0.258819), (0, -1, 0), (0, -0.965926, 0.258819), (0, -0.866025, 0.5), (0, -0.965926, 0.258819), (0, -0.866025, 0.5), (0, -0.965926, 0.258819), (0, -0.866025, 0.5), (0, -0.707107, 0.707107), (0, -0.5, 0.866025), (0, -0.5, 0.866025), (0, -0.5, 0.866025), (0, -0.707107, 0.707107), (0, -0.707107, 0.707107), (0, -0.707107, -0.707107), (0, -0.866025, -0.5), (0, -0.707107, -0.707107), (0, -0.866025, -0.5), (0, -0.707107, -0.707107), (0, -0.866025, -0.5), (0, -0.258819, 0.965926), (0, -0.0654031, 0.997859), (0, -0.0654031, 0.997859), (0, -0.0654031, 0.997859), (0, -0.258819, 0.965926), (0, -0.258819, 0.965926), (0, -0.258819, -0.965926), (0, -0.5, -0.866025), (0, -0.258819, -0.965926), (0, -0.5, -0.866025), (0, -0.258819, -0.965926), (0, -0.5, -0.866025), (0, -0.0654031, -0.997859), (0, -0.258819, -0.965926), (0, -0.0654031, -0.997859), (0, -0.258819, -0.965926), (0, -0.0654031, -0.997859), (0, -0.258819, -0.965926), (0, -0.258819, 0.965926), (0, -0.0654031, 0.997859), (0, -0.0654031, 0.997859), (0, -0.0654031, 0.997859), (0, -0.258819, 0.965926), (0, -0.258819, 0.965926), (0, -0.965926, 0.258819), (0, -0.866025, 0.5), (0, -0.965926, 0.258819), (0, -0.866025, 0.5), (0, -0.965926, 0.258819), (0, -0.866025, 0.5), (0, -0.5, 0.866025), (0, -0.258819, 0.965926), (0, -0.258819, 0.965926), (0, -0.258819, 0.965926), (0, -0.5, 0.866025), (0, -0.5, 0.866025), (0, -0.0654031, -0.997859), (0, -0.258819, -0.965926), (0, -0.0654031, -0.997859), (0, -0.258819, -0.965926), (0, -0.0654031, -0.997859), (0, -0.258819, -0.965926), (0, -0.707107, 0.707107), (0, -0.5, 0.866025), (0, -0.5, 0.866025), (0, -0.5, 0.866025), (0, -0.707107, 0.707107), (0, -0.707107, 0.707107), (0, -0.258819, -0.965926), (0, -0.5, -0.866025), (0, -0.258819, -0.965926), (0, -0.5, -0.866025), (0, -0.258819, -0.965926), (0, -0.5, -0.866025), (0, -0.965926, -0.258819), (0, -1, 0), (0, -0.965926, -0.258819), (0, -1, 0), (0, -0.965926, -0.258819), (0, -1, 0), (0, -0.0654031, -0.997859), (0, 0, -1), (0, 0, -1), (0, 0, -1), (0, -0.0654031, -0.997859), (0, -0.0654031, -0.997859), (0, -1, 0), (0, -0.965926, 0.258819), (0, -1, 0), (0, -0.965926, 0.258819), (0, -1, 0), (0, -0.965926, 0.258819), (0, -0.258819, -0.965926), (0, -0.0654031, -0.997859), (0, -0.0654031, -0.997859), (0, -0.0654031, -0.997859), (0, -0.258819, -0.965926), (0, -0.258819, -0.965926), (0, -0.0654031, 0.997859), (0, 0, 1), (0, 0, 1), (0, 0, 1), (0, -0.0654031, 0.997859), (0, -0.0654031, 0.997859), (0, -1, 0), (0, -0.965926, 0.258819), (0, -1, 0), (0, -0.965926, 0.258819), (0, -1, 0), (0, -0.965926, 0.258819), (0, -0.965926, 0.258819), (0, -0.866025, 0.5), (0, -0.965926, 0.258819), (0, -0.866025, 0.5), (0, -0.965926, 0.258819), (0, -0.866025, 0.5), (0, -0.707107, -0.707107), (0, -0.5, -0.866025), (0, -0.5, -0.866025), (0, -0.5, -0.866025), (0, -0.707107, -0.707107), (0, -0.707107, -0.707107), (0, -0.258819, 0.965926), (0, -0.0654031, 0.997859), (0, -0.0654031, 0.997859), (0, -0.0654031, 0.997859), (0, -0.258819, 0.965926), (0, -0.258819, 0.965926), (0, -0.707107, 0.707107), (0, -0.5, 0.866025), (0, -0.5, 0.866025), (0, -0.5, 0.866025), (0, -0.707107, 0.707107), (0, -0.707107, 0.707107), (0, -0.5, 0.866025), (0, -0.258819, 0.965926), (0, -0.258819, 0.965926), (0, -0.258819, 0.965926), (0, -0.5, 0.866025), (0, -0.5, 0.866025), (0, -0.866025, 0.5), (0, -0.707107, 0.707107), (0, -0.866025, 0.5), (0, -0.707107, 0.707107), (0, -0.866025, 0.5), (0, -0.707107, 0.707107), (0, -0.707107, -0.707107), (0, -0.866025, -0.5), (0, -0.707107, -0.707107), (0, -0.866025, -0.5), (0, -0.707107, -0.707107), (0, -0.866025, -0.5), (0, -0.965926, -0.258819), (0, -1, 0), (0, -0.965926, -0.258819), (0, -1, 0), (0, -0.965926, -0.258819), (0, -1, 0), (0, -0.5, -0.866025), (0, -0.258819, -0.965926), (0, -0.258819, -0.965926), (0, -0.258819, -0.965926), (0, -0.5, -0.866025), (0, -0.5, -0.866025), (0, -0.866025, -0.5), (0, -0.965926, -0.258819), (0, -0.866025, -0.5), (0, -0.965926, -0.258819), (0, -0.866025, -0.5), (0, -0.965926, -0.258819), (-1, 0, 0), (-1, 0, 0), (-1, 0, 0), (-1, 0, 0), (-1, 0, 0), (-1, 0, 0), (-1, 0, 0), (-1, 0, 0), (-1, 0, 0), (-1, 0, 0), (-1, 0, 0), (-1, 0, 0), (-1, 0, 0), (-1, 0, 0), (-1, 0, 0), (-1, 0, 0), (-1, 0, 0), (-1, 0, 0), (-1, 0, 0), (-1, 0, 0), (-1, 0, 0), (-1, 0, 0), (-1, 0, 0), (-1, 0, 0), (-1, 0, 0), (-1, 0, 0), (-1, 0, 0), (-1, 0, 0), (-1, 0, 0), (-1, 0, 0), (-1, 0, 0), (-1, 0, 0), (-1, 0, 0), (-1, 0, 0), (-1, 0, 0), (-1, 0, 0), (-1, 0, 0), (-1, 0, 0), (-1, 0, 0), (1, 0, 0), (1, 0, 0), (1, 0, 0), (1, 0, 0), (1, 0, 0), (1, 0, 0), (1, 0, 0), (1, 0, 0), (1, 0, 0), (1, 0, 0), (1, 0, 0), (1, 0, 0), (1, 0, 0), (1, 0, 0), (1, 0, 0), (1, 0, 0), (1, 0, 0), (1, 0, 0), (1, 0, 0), (1, 0, 0), (1, 0, 0), (1, 0, 0), (1, 0, 0), (1, 0, 0), (1, 0, 0), (1, 0, 0), (1, 0, 0), (1, 0, 0), (1, 0, 0), (1, 0, 0), (1, 0, 0), (1, 0, 0), (1, 0, 0), (1, 0, 0), (1, 0, 0), (1, 0, 0), (1, 0, 0), (1, 0, 0), (1, 0, 0), (0, -0.0654031, -0.997859), (0, 0, -1), (0, 0, -1), (0, 0, -1), (0, -0.0654031, -0.997859), (0, -0.0654031, -0.997859), (1, 0, 0), (1, 0, 0), (1, 0, 0), (1, 0, 0), (1, 0, 0), (1, 0, 0), (1, 0, 0), (1, 0, 0), (1, 0, 0), (1, 0, 0), (1, 0, 0), (1, 0, 0), (1, 0, 0), (1, 0, 0), (1, 0, 0), (1, 0, 0), (1, 0, 0), (1, 0, 0), (1, 0, 0), (1, 0, 0), (1, 0, 0), (1, 0, 0), (1, 0, 0), (1, 0, 0), (1, 0, 0), (1, 0, 0), (1, 0, 0), (1, 0, 0), (1, 0, 0), (1, 0, 0), (1, 0, 0), (1, 0, 0), (1, 0, 0), (1, 0, 0), (1, 0, 0), (1, 0, 0), (1, 0, 0), (1, 0, 0), (1, 0, 0), (-1, 0, 0), (-1, 0, 0), (-1, 0, 0), (-1, 0, 0), (-1, 0, 0), (-1, 0, 0), (-1, 0, 0), (-1, 0, 0), (-1, 0, 0), (-1, 0, 0), (-1, 0, 0), (-1, 0, 0), (-1, 0, 0), (-1, 0, 0), (-1, 0, 0), (-1, 0, 0), (-1, 0, 0), (-1, 0, 0), (-1, 0, 0), (-1, 0, 0), (-1, 0, 0), (-1, 0, 0), (-1, 0, 0), (-1, 0, 0), (-1, 0, 0), (-1, 0, 0), (-1, 0, 0), (-1, 0, 0), (-1, 0, 0), (-1, 0, 0), (-1, 0, 0), (-1, 0, 0), (-1, 0, 0), (-1, 0, 0), (-1, 0, 0), (-1, 0, 0), (-1, 0, 0), (-1, 0, 0), (-1, 0, 0), (0, -0.0654031, -0.997859), (0, 0, -1), (0, 0, -1), (0, 0, -1), (0, -0.0654031, -0.997859), (0, -0.0654031, -0.997859), (0, -0.258819, -0.965926), (0, -0.0654031, -0.997859), (0, -0.0654031, -0.997859), (0, -0.0654031, -0.997859), (0, -0.258819, -0.965926), (0, -0.258819, -0.965926), (0, -0.0654031, 0.997859), (0, 0, 1), (0, 0, 1), (0, 0, 1), (0, -0.0654031, 0.997859), (0, -0.0654031, 0.997859), (0, -1, 0), (0, -0.965926, 0.258819), (0, -1, 0), (0, -0.965926, 0.258819), (0, -1, 0), (0, -0.965926, 0.258819), (0, -0.965926, 0.258819), (0, -0.866025, 0.5), (0, -0.965926, 0.258819), (0, -0.866025, 0.5), (0, -0.965926, 0.258819), (0, -0.866025, 0.5), (0, -0.5, -0.866025), (0, -0.707107, -0.707107), (0, -0.5, -0.866025), (0, -0.707107, -0.707107), (0, -0.5, -0.866025), (0, -0.707107, -0.707107), (0, -0.258819, 0.965926), (0, -0.0654031, 0.997859), (0, -0.0654031, 0.997859), (0, -0.0654031, 0.997859), (0, -0.258819, 0.965926), (0, -0.258819, 0.965926), (0, -0.707107, 0.707107), (0, -0.5, 0.866025), (0, -0.5, 0.866025), (0, -0.5, 0.866025), (0, -0.707107, 0.707107), (0, -0.707107, 0.707107), (0, -0.5, 0.866025), (0, -0.258819, 0.965926), (0, -0.258819, 0.965926), (0, -0.258819, 0.965926), (0, -0.5, 0.866025), (0, -0.5, 0.866025), (0, -0.707107, -0.707107), (0, -0.866025, -0.5), (0, -0.707107, -0.707107), (0, -0.866025, -0.5), (0, -0.707107, -0.707107), (0, -0.866025, -0.5), (0, -0.965926, -0.258819), (0, -1, 0), (0, -0.965926, -0.258819), (0, -1, 0), (0, -0.965926, -0.258819), (0, -1, 0), (0, -0.866025, 0.5), (0, -0.707107, 0.707107), (0, -0.866025, 0.5), (0, -0.707107, 0.707107), (0, -0.866025, 0.5), (0, -0.707107, 0.707107), (0, -0.5, -0.866025), (0, -0.258819, -0.965926), (0, -0.258819, -0.965926), (0, -0.258819, -0.965926), (0, -0.5, -0.866025), (0, -0.5, -0.866025), (0, -0.866025, -0.5), (0, -0.965926, -0.258819), (0, -0.866025, -0.5), (0, -0.965926, -0.258819), (0, -0.866025, -0.5), (0, -0.965926, -0.258819), (0, 0, 1), (0, 0, 1), (0, 0, 1), (0, 0, 1), (0, 0, 1), (0, 0, 1), (0, 1, 0), (0.707107, 0.707107, 0), (0.707107, 0.707107, 0), (0.707107, 0.707107, 0), (0, 1, 0), (0, 1, 0), (-1, 0, 0), (-1, 0, 0), (-1, 0, 0), (-1, 0, 0), (-1, 0, 0), (-1, 0, 0), (-1, 0, 0), (-1, 0, 0), (-1, 0, 0), (-1, 0, 0), (-1, 0, 0), (-1, 0, 0), (-1, 0, 0), (-1, 0, 0), (-1, 0, 0), (-1, 0, 0), (-1, 0, 0), (-1, 0, 0), (-1, 0, 0), (-1, 0, 0), (-1, 0, 0), (-1, 0, 0), (-1, 0, 0), (-1, 0, 0), (-1, 0, 0), (-1, 0, 0), (-1, 0, 0), (-1, 0, 0), (-1, 0, 0), (-1, 0, 0), (-1, 0, 0), (-1, 0, 0), (-1, 0, 0), (-1, 0, 0), (-1, 0, 0), (-1, 0, 0), (-1, 0, 0), (-1, 0, 0), (-1, 0, 0), (-1, 0, 0), (-1, 0, 0), (-1, 0, 0), (-1, 0, 0), (-1, 0, 0), (-1, 0, 0), (-1, 0, 0), (-1, 0, 0), (-1, 0, 0), (-1, 0, 0), (-1, 0, 0), (-1, 0, 0), (-1, 0, 0), (-1, 0, 0), (-1, 0, 0), (-1, 0, 0), (-1, 0, 0), (-1, 0, 0), (-1, 0, 0), (-1, 0, 0), (-1, 0, 0), (-1, 0, 0), (-1, 0, 0), (-1, 0, 0), (-1, 0, 0), (-1, 0, 0), (-1, 0, 0), (-1, 0, 0), (-1, 0, 0), (-1, 0, 0), (-1, 0, 0), (-1, 0, 0), (-1, 0, 0), (-1, 0, 0), (-1, 0, 0), (-1, 0, 0), (-1, 0, 0), (-1, 0, 0), (-1, 0, 0), (-1, 0, 0), (-1, 0, 0), (-1, 0, 0), (-1, 0, 0), (-1, 0, 0), (-1, 0, 0), (-1, 0, 0), (-1, 0, 0), (-1, 0, 0), (-1, 0, 0), (-1, 0, 0), (-1, 0, 0), (-1, 0, 0), (-1, 0, 0), (-1, 0, 0), (0, -1, 0), (0, -1, 0), (0, -1, 0), (0, -1, 0), (0, -1, 0), (0, -1, 0), (0, 0.980581, -0.196116), (0, 0.78985, -0.6133), (0, 0.980581, -0.196116), (0, 0.78985, -0.6133), (0, 0.980581, -0.196116), (0, 0.78985, -0.6133), (0, 0.78985, -0.6133), (0, 0.980581, -0.196116), (0, 0.980581, -0.196116), (0, 0.78985, -0.6133), (0, 0.980581, -0.196116), (0, 0.980581, -0.196116), (0, 0.891291, 0.453431), (0, 0.913191, 0.407532), (0, 0.872375, 0.488837), (0, 0.913191, 0.407532), (0, 0.891291, 0.453431), (0, 0.624695, 0.780869), (0, 0.624695, 0.780869), (0, 0.891291, 0.453431), (0, 0.624695, 0.780869), (0, 0.891291, 0.453431), (0, 0.624695, 0.780869), (0, 0.891291, 0.453431), (0, 0.872375, 0.488837), (0, 0.624695, 0.780869), (0, 0.891291, 0.453431), (0, 0.624695, 0.780869), (0, 0.872375, 0.488837), (0, 0.913191, 0.407532), (0, -1, 0), (0, -1, 0), (0, -1, 0), (0, -1, 0), (0, -1, 0), (0, -1, 0), (0, 0.913191, 0.407532), (0, 0.986394, 0.164399), (0, 0.872375, 0.488837), (0, 0.986394, 0.164399), (0, 0.913191, 0.407532), (0, 0.986394, 0.164399), (0, 0.986394, 0.164399), (0, 0.913191, 0.407532), (0, 0.986394, 0.164399), (0, 0.986394, 0.164399), (0, 0.913191, 0.407532), (0, 0.913191, 0.407532), (0, 0.986394, 0.164399), (0, 0.913191, 0.407532), (0, 0.986394, 0.164399), (0, 0.986394, 0.164399), (0, 0.913191, 0.407532), (0, 0.986394, 0.164399), (0, 0.986394, 0.164399), (0, 0.913191, 0.407532), (0, 0.872375, 0.488837), (0, 0.986394, 0.164399), (0, 0.872375, 0.488837), (0, 0.986394, 0.164399), (-0.707107, 0.707107, 0), (0, 1, 0), (0, 1, 0), (0, 1, 0), (-0.707107, 0.707107, 0), (-0.707107, 0.707107, 0), (0, 0, -1), (0, 0, -1), (0, 0, -1), (0, 0, -1), (0, 0, -1), (0, 0, -1), (0, 0, -1), (0, 0, -1), (0, 0, -1), (0, 0, -1), (0, 0, -1), (0, 0, -1), (0, 0, -1), (0, 0, -1), (0, 0, -1), (0, 0, -1), (0, 0, -1), (0, 0, -1), (0, 0, 1), (0, 0, 1), (0, 0, 1), (0, 0, 1), (0, 0, 1), (0, 0, 1), (-1, 0, 0), (-0.707107, 0.707107, 0), (-1, 0, 0), (-0.707107, 0.707107, 0), (-1, 0, 0), (-0.707107, 0.707107, 0), (0.707107, 0.707107, 0), (1, 0, 0), (0.707107, 0.707107, 0), (1, 0, 0), (0.707107, 0.707107, 0), (1, 0, 0), (1, 0, 0), (1, 0, 0), (1, 0, 0), (1, 0, 0), (1, 0, 0), (1, 0, 0), (1, 0, 0), (1, 0, 0), (1, 0, 0), (1, 0, 0), (1, 0, 0), (1, 0, 0), (1, 0, 0), (1, 0, 0), (1, 0, 0), (1, 0, 0), (1, 0, 0), (1, 0, 0), (1, 0, 0), (1, 0, 0), (1, 0, 0), (1, 0, 0), (1, 0, 0), (1, 0, 0), (1, 0, 0), (1, 0, 0), (1, 0, 0), (1, 0, 0), (1, 0, 0), (1, 0, 0), (1, 0, 0), (1, 0, 0), (1, 0, 0), (1, 0, 0), (1, 0, 0), (1, 0, 0), (1, 0, 0), (1, 0, 0), (1, 0, 0), (1, 0, 0), (1, 0, 0), (1, 0, 0), (1, 0, 0), (1, 0, 0), (1, 0, 0), (1, 0, 0), (1, 0, 0), (1, 0, 0), (1, 0, 0), (1, 0, 0), (1, 0, 0), (1, 0, 0), (1, 0, 0), (1, 0, 0), (1, 0, 0), (1, 0, 0), (1, 0, 0), (1, 0, 0), (1, 0, 0), (1, 0, 0), (1, 0, 0), (1, 0, 0), (1, 0, 0), (1, 0, 0), (1, 0, 0), (1, 0, 0), (1, 0, 0), (1, 0, 0), (1, 0, 0), (1, 0, 0), (1, 0, 0), (1, 0, 0), (1, 0, 0), (1, 0, 0), (1, 0, 0), (1, 0, 0), (1, 0, 0), (1, 0, 0), (1, 0, 0), (1, 0, 0), (1, 0, 0), (1, 0, 0), (1, 0, 0), (1, 0, 0), (1, 0, 0), (1, 0, 0), (1, 0, 0), (1, 0, 0), (1, 0, 0), (1, 0, 0), (1, 0, 0), (1, 0, 0), (1, 0, 0), (0, 0.952912, -0.303247), (0, 0.891291, 0.453431), (0, 0.952912, -0.303247), (0, 0.891291, 0.453431), (0, 0.952912, -0.303247), (0, 0.891291, 0.453431), (0, 0.605113, -0.796139), (0, 0.952912, -0.303247), (0, 0.605113, -0.796139), (0, 0.952912, -0.303247), (0, 0.605113, -0.796139), (0, 0.952912, -0.303247), (0.980581, 0.196116, 0), (0.980581, 0.196116, 0), (0.980581, 0.196116, 0), (0.980581, 0.196116, 0), (0.980581, 0.196116, 0), (0.980581, 0.196116, 0), (0.980581, 0.196116, 0), (0.980581, 0.196116, 0), (0.980581, 0.196116, 0), (0.980581, 0.196116, 0), (0.980581, 0.196116, 0), (0.980581, 0.196116, 0), (0.980581, 0.196116, 0), (0.980581, 0.196116, 0), (0.980581, 0.196116, 0), (0.980581, 0.196116, 0), (0.980581, 0.196116, 0), (0.980581, 0.196116, 0), (0.980581, 0.196116, 0), (0.980581, 0.196116, 0), (0.980581, 0.196116, 0), (-0.980581, 0.196116, 0), (-0.980581, 0.196116, 0), (-0.980581, 0.196116, 0), (-0.980581, 0.196116, 0), (-0.980581, 0.196116, 0), (-0.980581, 0.196116, 0), (-0.980581, 0.196116, 0), (-0.980581, 0.196116, 0), (-0.980581, 0.196116, 0), (-0.980581, 0.196116, 0), (-0.980581, 0.196116, 0), (-0.980581, 0.196116, 0), (-0.980581, 0.196116, 0), (-0.980581, 0.196116, 0), (-0.980581, 0.196116, 0), (-0.980581, 0.196116, 0), (-0.980581, 0.196116, 0), (-0.980581, 0.196116, 0), (-0.980581, 0.196116, 0), (-0.980581, 0.196116, 0), (-0.980581, 0.196116, 0), (0, 0, 1), (0, 0, 1), (0, 0, 1), (0, 0, 1), (0, 0, 1), (0, 0, 1), (0, 0, 1), (0, 0, 1), (0, 0, 1), (0, 0, 1), (0, 0, 1), (0, 0, 1), (0, 0, 1), (0, 0, 1), (0, 0, 1), (0, 0, 1), (0, 0, 1), (0, 0, 1), (0, 0.78985, -0.6133), (0, 0.371391, -0.928477), (0, 0.78985, -0.6133), (0, 0.371391, -0.928477), (0, 0.78985, -0.6133), (0, 0.605113, -0.796139), (0, 0.371391, -0.928477), (0, 0.78985, -0.6133), (0, 0.371391, -0.928477), (0, 0.371391, -0.928477), (0, 0.605113, -0.796139), (0, 0.371391, -0.928477), (0, 0.78985, -0.6133), (0, 0.371391, -0.928477), (0, 0.605113, -0.796139), (0, 0.371391, -0.928477), (0, 0.605113, -0.796139), (0, 0.371391, -0.928477), (0, 0.605113, -0.796139), (0, 0.371391, -0.928477), (0, 0.371391, -0.928477), (0, 0.605113, -0.796139), (0, 0.371391, -0.928477), (0, 0.605113, -0.796139), (0, 0, -1), (0, 0, -1), (0, 0, -1), (0, 0, -1), (0, 0, -1), (0, 0, -1), (0, 0, -1), (0, 0, -1), (0, 0, -1), (0, 0, -1), (0, 0, -1), (0, 0, -1), (0, 0, -1), (0, 0, -1), (0, 0, -1), (0, 0, -1), (0, 0, -1), (0, 0, -1), (0, 0, -1), (0, 0, -1), (0, 0, -1), (0, 0, -1), (0, 0, -1), (0, 0, -1), (0, 0, -1), (0, 0, -1), (0, 0, -1), (0, 0, -1), (0, 0, -1), (0, 0, -1), (-1.11022e-16, 0, 1), (-1.11022e-16, 0, 1), (-1.11022e-16, 0, 1), (-1.11022e-16, 0, 1), (-1.11022e-16, 0, 1), (-1.11022e-16, 0, 1), (-1.11022e-16, 0, 1), (-1.11022e-16, 0, 1), (-1.11022e-16, 0, 1), (-1.11022e-16, 0, 1), (-1.11022e-16, 0, 1), (-1.11022e-16, 0, 1), (-1.11022e-16, 0, 1), (-1.11022e-16, 0, 1), (-1.11022e-16, 0, 1), (-1.11022e-16, 0, 1), (-1.11022e-16, 0, 1), (-1.11022e-16, 0, 1), (0, 0, 1), (-0.707107, 0, 0.707107), (0, 0, 1), (-0.707107, 0, 0.707107), (0, 0, 1), (-0.741498, 0, 0.670956), (0.741498, 0, 0.670956), (0, 0, 1), (0.707107, 0, 0.707107), (0, 0, 1), (0.741498, 0, 0.670956), (0, 0, 1), (0.741498, 0, 0.670956), (1, 0, 0), (1, 0, 0), (1, 0, 0), (0.741498, 0, 0.670956), (0.707107, 0, 0.707107), (-0.707107, 0, 0.707107), (-1, 0, 0), (-1, 0, 0), (-1, 0, 0), (-0.707107, 0, 0.707107), (-0.741498, 0, 0.670956), (0, 0.371391, -0.928477), (0, 0.371391, -0.928477), (0, 0.371391, -0.928477), (0, 0.371391, -0.928477), (0, 0.371391, -0.928477), (0, 0.371391, -0.928477), (0, 0.624695, 0.780869), (0, 0.624695, 0.780869), (0, 0.624695, 0.780869), (0, 0.624695, 0.780869), (0, 0.624695, 0.780869), (0, 0.624695, 0.780869), (0.980581, 0.196116, 0), (0.980581, 0.196116, 0), (0.980581, 0.196116, 0), (0.980581, 0.196116, 0), (0.980581, 0.196116, 0), (0.980581, 0.196116, 0), (0.980581, 0.196116, 0), (0.980581, 0.196116, 0), (0.980581, 0.196116, 0), (-0.980581, 0.196116, 0), (-0.980581, 0.196116, 0), (-0.980581, 0.196116, 0), (-0.980581, 0.196116, 0), (-0.980581, 0.196116, 0), (-0.980581, 0.196116, 0), (-0.980581, 0.196116, 0), (-0.980581, 0.196116, 0), (-0.980581, 0.196116, 0), (0, 0, -1), (0, 0, -1), (0, 0, -1), (0, 0, -1), (0, 0, -1), (0, 0, -1), (0, 0, -1), (0, 0, -1), (0, 0, -1), (0, 0, -1), (0, 0, -1), (0, 0, -1), (1, 0, 0), (1, 0, 0), (1, 0, 0), (1, 0, 0), (1, 0, 0), (1, 0, 0), (1, 0, 0), (1, 0, 0), (1, 0, 0), (1, 0, 0), (1, 0, 0), (1, 0, 0), (1, 0, 0), (1, 0, 0), (1, 0, 0), (1, 0, 0), (1, 0, 0), (1, 0, 0), (1, 0, 0), (1, 0, 0), (1, 0, 0), (1, 0, 0), (1, 0, 0), (1, 0, 0), (1, 0, 0), (1, 0, 0), (1, 0, 0), (1, 0, 0), (1, 0, 0), (1, 0, 0), (1, 0, 0), (1, 0, 0), (1, 0, 0), (1, 0, 0), (1, 0, 0), (1, 0, 0), (1, 0, 0), (1, 0, 0), (1, 0, 0), (1, 0, 0), (1, 0, 0), (1, 0, 0), (1, 0, 0), (1, 0, 0), (1, 0, 0), (1, 0, 0), (1, 0, 0), (1, 0, 0), (1, 0, 0), (1, 0, 0), (1, 0, 0), (1, 0, 0), (1, 0, 0), (1, 0, 0), (1, 0, 0), (1, 0, 0), (1, 0, 0), (1, 0, 0), (1, 0, 0), (1, 0, 0), (1, 0, 0), (1, 0, 0), (1, 0, 0), (1, 0, 0), (1, 0, 0), (1, 0, 0), (1, 0, 0), (1, 0, 0), (1, 0, 0), (1, 0, 0), (1, 0, 0), (1, 0, 0), (1, 0, 0), (1, 0, 0), (1, 0, 0), (1, 0, 0), (1, 0, 0), (1, 0, 0), (1, 0, 0), (1, 0, 0), (1, 0, 0), (1, 0, 0), (1, 0, 0), (1, 0, 0), (1, 0, 0), (1, 0, 0), (1, 0, 0), (1, 0, 0), (1, 0, 0), (1, 0, 0), (1, 0, 0), (1, 0, 0), (1, 0, 0), (1, 0, 0), (1, 0, 0), (1, 0, 0), (1, 0, 0), (1, 0, 0), (1, 0, 0), (1, 0, 0), (1, 0, 0), (1, 0, 0), (1, 0, 0), (1, 0, 0), (1, 0, 0), (1, 0, 0), (1, 0, 0), (1, 0, 0), (1, 0, 0), (1, 0, 0), (1, 0, 0), (1, 0, 0), (1, 0, 0), (1, 0, 0), (1, 0, 0), (1, 0, 0), (1, 0, 0), (1, 0, 0), (1, 0, 0), (1, 0, 0), (1, 0, 0), (1, 0, 0), (1, 0, 0), (1, 0, 0), (1, 0, 0), (1, 0, 0), (1, 0, 0), (1, 0, 0), (1, 0, 0), (1, 0, 0), (1, 0, 0), (1, 0, 0), (1, 0, 0), (1, 0, 0), (1, 0, 0), (1, 0, 0), (1, 0, 0), (1, 0, 0), (1, 0, 0), (1, 0, 0), (1, 0, 0), (1, 0, 0), (1, 0, 0), (1, 0, 0), (-0.206363, 0.489238, 0.847385), (-0.410365, 0.455961, 0.789747), (-0.206363, 0.253248, 0.945135), (-0.410365, 0.236023, 0.880849), (-0.206363, 0.253248, 0.945135), (-0.410365, 0.455961, 0.789747), (-0.206363, -0.847385, -0.489238), (-0.206363, -0.945135, -0.253248), (-0.410365, -0.789747, -0.455961), (-0.410365, -0.880849, -0.236023), (-0.410365, -0.789747, -0.455961), (-0.206363, -0.945135, -0.253248), (-1, 0, 0), (-1, 0, 0), (-1, 0, 0), (-1, 0, 0), (-1, 0, 0), (-1, 0, 0), (-1, 0, 0), (-1, 0, 0), (-1, 0, 0), (-1, 0, 0), (-1, 0, 0), (-1, 0, 0), (-1, 0, 0), (-1, 0, 0), (-1, 0, 0), (-1, 0, 0), (-1, 0, 0), (-1, 0, 0), (-1, 0, 0), (-1, 0, 0), (-1, 0, 0), (-1, 0, 0), (-1, 0, 0), (-1, 0, 0), (-1, 0, 0), (-1, 0, 0), (-1, 0, 0), (-1, 0, 0), (-1, 0, 0), (-1, 0, 0), (-1, 0, 0), (-1, 0, 0), (-1, 0, 0), (-1, 0, 0), (-1, 0, 0), (-1, 0, 0), (-1, 0, 0), (-1, 0, 0), (-1, 0, 0), (-1, 0, 0), (-1, 0, 0), (-1, 0, 0), (-1, 0, 0), (-1, 0, 0), (-1, 0, 0), (-1, 0, 0), (-1, 0, 0), (-1, 0, 0), (-1, 0, 0), (-1, 0, 0), (-1, 0, 0), (-1, 0, 0), (-1, 0, 0), (-1, 0, 0), (-1, 0, 0), (-1, 0, 0), (-1, 0, 0), (-1, 0, 0), (-1, 0, 0), (-1, 0, 0), (-1, 0, 0), (-1, 0, 0), (-1, 0, 0), (-1, 0, 0), (-1, 0, 0), (-1, 0, 0), (-0.410365, 0.236023, -0.880849), (-0.206363, 0.253248, -0.945135), (-0.410365, 0, -0.911922), (-0.206363, 0, -0.978476), (-0.410365, 0, -0.911922), (-0.206363, 0.253248, -0.945135), (-0.206363, -0.691887, -0.691887), (-0.206363, -0.847385, -0.489238), (-0.410365, -0.644826, -0.644826), (-0.410365, -0.789747, -0.455961), (-0.410365, -0.644826, -0.644826), (-0.206363, -0.847385, -0.489238), (-0.410365, -0.236023, -0.880849), (-0.206363, -0.253248, -0.945135), (-0.410365, -0.455961, -0.789747), (-0.206363, -0.489238, -0.847385), (-0.410365, -0.455961, -0.789747), (-0.206363, -0.253248, -0.945135), (-0.206363, 0.945135, -0.253248), (-0.410365, 0.880849, -0.236023), (-0.206363, 0.978476, 0), (-0.410365, 0.911922, 0), (-0.206363, 0.978476, 0), (-0.410365, 0.880849, -0.236023), (-0.206363, 0.691887, -0.691887), (-0.410365, 0.644826, -0.644826), (-0.206363, 0.847385, -0.489238), (-0.410365, 0.789747, -0.455961), (-0.206363, 0.847385, -0.489238), (-0.410365, 0.644826, -0.644826), (-0.206363, -0.945135, -0.253248), (-0.206363, -0.978476, 0), (-0.410365, -0.880849, -0.236023), (-0.410365, -0.911922, 0), (-0.410365, -0.880849, -0.236023), (-0.206363, -0.978476, 0), (-0.410365, 0, -0.911922), (-0.206363, 0, -0.978476), (-0.410365, -0.236023, -0.880849), (-0.206363, -0.253248, -0.945135), (-0.410365, -0.236023, -0.880849), (-0.206363, 0, -0.978476), (-0.410365, -0.455961, -0.789747), (-0.206363, -0.489238, -0.847385), (-0.410365, -0.644826, -0.644826), (-0.206363, -0.691887, -0.691887), (-0.410365, -0.644826, -0.644826), (-0.206363, -0.489238, -0.847385), (-0.206363, 0.691887, -0.691887), (-0.206363, 0.489238, -0.847385), (-0.410365, 0.644826, -0.644826), (-0.410365, 0.455961, -0.789747), (-0.410365, 0.644826, -0.644826), (-0.206363, 0.489238, -0.847385), (-0.410365, -0.455961, 0.789747), (-0.410365, -0.644826, 0.644826), (-0.206363, -0.489238, 0.847385), (-0.206363, -0.691887, 0.691887), (-0.206363, -0.489238, 0.847385), (-0.410365, -0.644826, 0.644826), (-0.410365, 0, 0.911922), (-0.410365, -0.236023, 0.880849), (-0.206363, 0, 0.978476), (-0.206363, -0.253248, 0.945135), (-0.206363, 0, 0.978476), (-0.410365, -0.236023, 0.880849), (-0.206363, -0.978476, 0), (-0.206363, -0.945135, 0.253248), (-0.410365, -0.911922, 0), (-0.410365, -0.880849, 0.236023), (-0.410365, -0.911922, 0), (-0.206363, -0.945135, 0.253248), (-0.206363, -0.847385, 0.489238), (-0.206363, -0.691887, 0.691887), (-0.410365, -0.789747, 0.455961), (-0.410365, -0.644826, 0.644826), (-0.410365, -0.789747, 0.455961), (-0.206363, -0.691887, 0.691887), (-0.206363, 0.691887, 0.691887), (-0.410365, 0.644826, 0.644826), (-0.206363, 0.489238, 0.847385), (-0.410365, 0.455961, 0.789747), (-0.206363, 0.489238, 0.847385), (-0.410365, 0.644826, 0.644826), (-0.410365, -0.236023, 0.880849), (-0.410365, -0.455961, 0.789747), (-0.206363, -0.253248, 0.945135), (-0.206363, -0.489238, 0.847385), (-0.206363, -0.253248, 0.945135), (-0.410365, -0.455961, 0.789747), (-0.206363, 0.253248, 0.945135), (-0.410365, 0.236023, 0.880849), (-0.206363, 0, 0.978476), (-0.410365, 0, 0.911922), (-0.206363, 0, 0.978476), (-0.410365, 0.236023, 0.880849), (-0.206363, 0.489238, -0.847385), (-0.206363, 0.253248, -0.945135), (-0.410365, 0.455961, -0.789747), (-0.410365, 0.236023, -0.880849), (-0.410365, 0.455961, -0.789747), (-0.206363, 0.253248, -0.945135), (-0.206363, 0.945135, 0.253248), (-0.410365, 0.880849, 0.236023), (-0.206363, 0.847385, 0.489238), (-0.410365, 0.789747, 0.455961), (-0.206363, 0.847385, 0.489238), (-0.410365, 0.880849, 0.236023), (-0.206363, 0.978476, 0), (-0.410365, 0.911922, 0), (-0.206363, 0.945135, 0.253248), (-0.410365, 0.880849, 0.236023), (-0.206363, 0.945135, 0.253248), (-0.410365, 0.911922, 0), (-0.206363, -0.945135, 0.253248), (-0.206363, -0.847385, 0.489238), (-0.410365, -0.880849, 0.236023), (-0.410365, -0.789747, 0.455961), (-0.410365, -0.880849, 0.236023), (-0.206363, -0.847385, 0.489238), (-0.206363, 0.847385, 0.489238), (-0.410365, 0.789747, 0.455961), (-0.206363, 0.691887, 0.691887), (-0.410365, 0.644826, 0.644826), (-0.206363, 0.691887, 0.691887), (-0.410365, 0.789747, 0.455961), (0.206363, 0.978476, 0), (-0.206363, 0.978476, 0), (0.206363, 0.945135, 0.253248), (-0.206363, 0.945135, 0.253248), (0.206363, 0.945135, 0.253248), (-0.206363, 0.978476, 0), (0.410365, -0.236023, -0.880849), (0.410365, -0.455961, -0.789747), (0.206363, -0.253248, -0.945135), (0.206363, -0.489238, -0.847385), (0.206363, -0.253248, -0.945135), (0.410365, -0.455961, -0.789747), (0.206363, -0.945135, 0.253248), (0.206363, -0.847385, 0.489238), (-0.206363, -0.945135, 0.253248), (-0.206363, -0.847385, 0.489238), (-0.206363, -0.945135, 0.253248), (0.206363, -0.847385, 0.489238), (0.206363, 0.945135, 0.253248), (-0.206363, 0.945135, 0.253248), (0.206363, 0.847385, 0.489238), (-0.206363, 0.847385, 0.489238), (0.206363, 0.847385, 0.489238), (-0.206363, 0.945135, 0.253248), (0.410365, -0.911922, 0), (0.410365, -0.880849, 0.236023), (0.206363, -0.978476, 0), (0.206363, -0.945135, 0.253248), (0.206363, -0.978476, 0), (0.410365, -0.880849, 0.236023), (0.410365, -0.880849, -0.236023), (0.410365, -0.911922, 0), (0.206363, -0.945135, -0.253248), (0.206363, -0.978476, 0), (0.206363, -0.945135, -0.253248), (0.410365, -0.911922, 0), (0.410365, 0, -0.911922), (0.410365, -0.236023, -0.880849), (0.206363, 0, -0.978476), (0.206363, -0.253248, -0.945135), (0.206363, 0, -0.978476), (0.410365, -0.236023, -0.880849), (-0.206363, 0, -0.978476), (0.206363, 0, -0.978476), (-0.206363, -0.253248, -0.945135), (0.206363, -0.253248, -0.945135), (-0.206363, -0.253248, -0.945135), (0.206363, 0, -0.978476), (-0.206363, 0.489238, -0.847385), (0.206363, 0.489238, -0.847385), (-0.206363, 0.253248, -0.945135), (0.206363, 0.253248, -0.945135), (-0.206363, 0.253248, -0.945135), (0.206363, 0.489238, -0.847385), (0.410365, -0.880849, 0.236023), (0.410365, -0.789747, 0.455961), (0.206363, -0.945135, 0.253248), (0.206363, -0.847385, 0.489238), (0.206363, -0.945135, 0.253248), (0.410365, -0.789747, 0.455961), (-0.206363, 0.847385, -0.489238), (-0.410365, 0.789747, -0.455961), (-0.206363, 0.945135, -0.253248), (-0.410365, 0.880849, -0.236023), (-0.206363, 0.945135, -0.253248), (-0.410365, 0.789747, -0.455961), (0.410365, -0.455961, -0.789747), (0.410365, -0.644826, -0.644826), (0.206363, -0.489238, -0.847385), (0.206363, -0.691887, -0.691887), (0.206363, -0.489238, -0.847385), (0.410365, -0.644826, -0.644826), (0.410365, -0.789747, -0.455961), (0.410365, -0.880849, -0.236023), (0.206363, -0.847385, -0.489238), (0.206363, -0.945135, -0.253248), (0.206363, -0.847385, -0.489238), (0.410365, -0.880849, -0.236023), (-0.206363, 0.253248, -0.945135), (0.206363, 0.253248, -0.945135), (-0.206363, 0, -0.978476), (0.206363, 0, -0.978476), (-0.206363, 0, -0.978476), (0.206363, 0.253248, -0.945135), (0.206363, 0.847385, 0.489238), (-0.206363, 0.847385, 0.489238), (0.206363, 0.691887, 0.691887), (-0.206363, 0.691887, 0.691887), (0.206363, 0.691887, 0.691887), (-0.206363, 0.847385, 0.489238), (0.410365, 0.236023, 0.880849), (0.206363, 0.253248, 0.945135), (0.410365, 0, 0.911922), (0.206363, 0, 0.978476), (0.410365, 0, 0.911922), (0.206363, 0.253248, 0.945135), (0.206363, 0.489238, -0.847385), (0.410365, 0.455961, -0.789747), (0.206363, 0.253248, -0.945135), (0.410365, 0.236023, -0.880849), (0.206363, 0.253248, -0.945135), (0.410365, 0.455961, -0.789747), (0.206363, 0.253248, 0.945135), (-0.206363, 0.253248, 0.945135), (0.206363, 0, 0.978476), (-0.206363, 0, 0.978476), (0.206363, 0, 0.978476), (-0.206363, 0.253248, 0.945135), (-0.206363, 0.691887, -0.691887), (0.206363, 0.691887, -0.691887), (-0.206363, 0.489238, -0.847385), (0.206363, 0.489238, -0.847385), (-0.206363, 0.489238, -0.847385), (0.206363, 0.691887, -0.691887), (0.410365, 0.880849, -0.236023), (0.206363, 0.945135, -0.253248), (0.410365, 0.911922, 0), (0.206363, 0.978476, 0), (0.410365, 0.911922, 0), (0.206363, 0.945135, -0.253248), (0.206363, 0.489238, 0.847385), (0.206363, 0.253248, 0.945135), (0.410365, 0.455961, 0.789747), (0.410365, 0.236023, 0.880849), (0.410365, 0.455961, 0.789747), (0.206363, 0.253248, 0.945135), (0.410365, 0.911922, 0), (0.206363, 0.978476, 0), (0.410365, 0.880849, 0.236023), (0.206363, 0.945135, 0.253248), (0.410365, 0.880849, 0.236023), (0.206363, 0.978476, 0), (0.206363, 0.847385, -0.489238), (-0.206363, 0.847385, -0.489238), (0.206363, 0.945135, -0.253248), (-0.206363, 0.945135, -0.253248), (0.206363, 0.945135, -0.253248), (-0.206363, 0.847385, -0.489238), (0.206363, -0.847385, 0.489238), (0.206363, -0.691887, 0.691887), (-0.206363, -0.847385, 0.489238), (-0.206363, -0.691887, 0.691887), (-0.206363, -0.847385, 0.489238), (0.206363, -0.691887, 0.691887), (0.206363, 0.691887, 0.691887), (0.206363, 0.489238, 0.847385), (0.410365, 0.644826, 0.644826), (0.410365, 0.455961, 0.789747), (0.410365, 0.644826, 0.644826), (0.206363, 0.489238, 0.847385), (0.206363, -0.945135, -0.253248), (0.206363, -0.978476, 0), (-0.206363, -0.945135, -0.253248), (-0.206363, -0.978476, 0), (-0.206363, -0.945135, -0.253248), (0.206363, -0.978476, 0), (0.206363, -0.253248, 0.945135), (-0.206363, -0.253248, 0.945135), (0.206363, -0.489238, 0.847385), (-0.206363, -0.489238, 0.847385), (0.206363, -0.489238, 0.847385), (-0.206363, -0.253248, 0.945135), (0.206363, -0.847385, -0.489238), (0.206363, -0.945135, -0.253248), (-0.206363, -0.847385, -0.489238), (-0.206363, -0.945135, -0.253248), (-0.206363, -0.847385, -0.489238), (0.206363, -0.945135, -0.253248), (0.206363, -0.691887, -0.691887), (0.206363, -0.847385, -0.489238), (-0.206363, -0.691887, -0.691887), (-0.206363, -0.847385, -0.489238), (-0.206363, -0.691887, -0.691887), (0.206363, -0.847385, -0.489238), (0.410365, 0, 0.911922), (0.206363, 0, 0.978476), (0.410365, -0.236023, 0.880849), (0.206363, -0.253248, 0.945135), (0.410365, -0.236023, 0.880849), (0.206363, 0, 0.978476), (-0.206363, -0.253248, -0.945135), (0.206363, -0.253248, -0.945135), (-0.206363, -0.489238, -0.847385), (0.206363, -0.489238, -0.847385), (-0.206363, -0.489238, -0.847385), (0.206363, -0.253248, -0.945135), (0.206363, 0.945135, -0.253248), (-0.206363, 0.945135, -0.253248), (0.206363, 0.978476, 0), (-0.206363, 0.978476, 0), (0.206363, 0.978476, 0), (-0.206363, 0.945135, -0.253248), (0.206363, -0.978476, 0), (0.206363, -0.945135, 0.253248), (-0.206363, -0.978476, 0), (-0.206363, -0.945135, 0.253248), (-0.206363, -0.978476, 0), (0.206363, -0.945135, 0.253248), (0.206363, 0.691887, 0.691887), (-0.206363, 0.691887, 0.691887), (0.206363, 0.489238, 0.847385), (-0.206363, 0.489238, 0.847385), (0.206363, 0.489238, 0.847385), (-0.206363, 0.691887, 0.691887), (-0.206363, -0.489238, -0.847385), (0.206363, -0.489238, -0.847385), (-0.206363, -0.691887, -0.691887), (0.206363, -0.691887, -0.691887), (-0.206363, -0.691887, -0.691887), (0.206363, -0.489238, -0.847385), (0.410365, 0.789747, -0.455961), (0.206363, 0.847385, -0.489238), (0.410365, 0.880849, -0.236023), (0.206363, 0.945135, -0.253248), (0.410365, 0.880849, -0.236023), (0.206363, 0.847385, -0.489238), (0.206363, 0.489238, 0.847385), (-0.206363, 0.489238, 0.847385), (0.206363, 0.253248, 0.945135), (-0.206363, 0.253248, 0.945135), (0.206363, 0.253248, 0.945135), (-0.206363, 0.489238, 0.847385), (0.410365, -0.236023, 0.880849), (0.206363, -0.253248, 0.945135), (0.410365, -0.455961, 0.789747), (0.206363, -0.489238, 0.847385), (0.410365, -0.455961, 0.789747), (0.206363, -0.253248, 0.945135), (0.410365, 0.789747, 0.455961), (0.206363, 0.847385, 0.489238), (0.410365, 0.644826, 0.644826), (0.206363, 0.691887, 0.691887), (0.410365, 0.644826, 0.644826), (0.206363, 0.847385, 0.489238), (0.410365, 0.880849, 0.236023), (0.206363, 0.945135, 0.253248), (0.410365, 0.789747, 0.455961), (0.206363, 0.847385, 0.489238), (0.410365, 0.789747, 0.455961), (0.206363, 0.945135, 0.253248), (0.410365, -0.789747, 0.455961), (0.410365, -0.644826, 0.644826), (0.206363, -0.847385, 0.489238), (0.206363, -0.691887, 0.691887), (0.206363, -0.847385, 0.489238), (0.410365, -0.644826, 0.644826), (0.410365, -0.644826, -0.644826), (0.410365, -0.789747, -0.455961), (0.206363, -0.691887, -0.691887), (0.206363, -0.847385, -0.489238), (0.206363, -0.691887, -0.691887), (0.410365, -0.789747, -0.455961), (0.410365, 0.644826, -0.644826), (0.206363, 0.691887, -0.691887), (0.410365, 0.789747, -0.455961), (0.206363, 0.847385, -0.489238), (0.410365, 0.789747, -0.455961), (0.206363, 0.691887, -0.691887), (0.206363, 0, 0.978476), (-0.206363, 0, 0.978476), (0.206363, -0.253248, 0.945135), (-0.206363, -0.253248, 0.945135), (0.206363, -0.253248, 0.945135), (-0.206363, 0, 0.978476), (0.206363, -0.489238, 0.847385), (-0.206363, -0.489238, 0.847385), (0.206363, -0.691887, 0.691887), (-0.206363, -0.691887, 0.691887), (0.206363, -0.691887, 0.691887), (-0.206363, -0.489238, 0.847385), (0.206363, 0.691887, -0.691887), (0.410365, 0.644826, -0.644826), (0.206363, 0.489238, -0.847385), (0.410365, 0.455961, -0.789747), (0.206363, 0.489238, -0.847385), (0.410365, 0.644826, -0.644826), (0.410365, -0.455961, 0.789747), (0.206363, -0.489238, 0.847385), (0.410365, -0.644826, 0.644826), (0.206363, -0.691887, 0.691887), (0.410365, -0.644826, 0.644826), (0.206363, -0.489238, 0.847385), (0.206363, 0.253248, -0.945135), (0.410365, 0.236023, -0.880849), (0.206363, 0, -0.978476), (0.410365, 0, -0.911922), (0.206363, 0, -0.978476), (0.410365, 0.236023, -0.880849), (0.206363, 0.691887, -0.691887), (-0.206363, 0.691887, -0.691887), (0.206363, 0.847385, -0.489238), (-0.206363, 0.847385, -0.489238), (0.206363, 0.847385, -0.489238), (-0.206363, 0.691887, -0.691887), (1, 0, -6.66134e-16), (1, 0, -6.66134e-16), (1, 0, -6.66134e-16), (1, 0, -6.66134e-16), (1, 0, -6.66134e-16), (1, 0, -6.66134e-16), (1, 0, -6.66134e-16), (1, 0, -6.66134e-16), (1, 0, -6.66134e-16), (1, 0, -6.66134e-16), (1, 0, -6.66134e-16), (1, 0, -6.66134e-16), (1, 0, -6.66134e-16), (1, 0, -6.66134e-16), (1, 0, -6.66134e-16), (1, 0, -6.66134e-16), (1, 0, -6.66134e-16), (1, 0, -6.66134e-16), (1, 0, -6.66134e-16), (1, 0, -6.66134e-16), (1, 0, -6.66134e-16), (1, 0, -6.66134e-16), (1, 0, -6.66134e-16), (1, 0, -6.66134e-16), (1, 0, -6.66134e-16), (1, 0, -6.66134e-16), (1, 0, -6.66134e-16), (1, 0, -6.66134e-16), (1, 0, -6.66134e-16), (1, 0, -6.66134e-16), (1, 0, -6.66134e-16), (1, 0, -6.66134e-16), (1, 0, -6.66134e-16), (1, 0, -6.66134e-16), (1, 0, -6.66134e-16), (1, 0, -6.66134e-16), (1, 0, -6.66134e-16), (1, 0, -6.66134e-16), (1, 0, -6.66134e-16), (1, 0, -6.66134e-16), (1, 0, -6.66134e-16), (1, 0, -6.66134e-16), (1, 0, -6.66134e-16), (1, 0, -6.66134e-16), (1, 0, -6.66134e-16), (1, 0, -6.66134e-16), (1, 0, -6.66134e-16), (1, 0, -6.66134e-16), (1, 0, -6.66134e-16), (1, 0, -6.66134e-16), (1, 0, -6.66134e-16), (1, 0, -6.66134e-16), (1, 0, -6.66134e-16), (1, 0, -6.66134e-16), (1, 0, -6.66134e-16), (1, 0, -6.66134e-16), (1, 0, -6.66134e-16), (1, 0, -6.66134e-16), (1, 0, -6.66134e-16), (1, 0, -6.66134e-16), (1, 0, -6.66134e-16), (1, 0, -6.66134e-16), (1, 0, -6.66134e-16), (1, 0, -6.66134e-16), (1, 0, -6.66134e-16), (1, 0, -6.66134e-16), (1, 0, -6.66134e-16), (1, 0, -6.66134e-16), (1, 0, -6.66134e-16), (1, 0, -6.66134e-16), (1, 0, -6.66134e-16), (1, 0, -6.66134e-16), (1, 0, -6.66134e-16), (1, 0, -6.66134e-16), (1, 0, -6.66134e-16), (1, 0, -6.66134e-16), (1, 0, -6.66134e-16), (1, 0, -6.66134e-16), (1, 0, -6.66134e-16), (1, 0, -6.66134e-16), (1, 0, -6.66134e-16), (1, 0, -6.66134e-16), (1, 0, -6.66134e-16), (1, 0, -6.66134e-16), (1, 0, -6.66134e-16), (1, 0, -6.66134e-16), (1, 0, -6.66134e-16), (1, 0, -6.66134e-16), (1, 0, -6.66134e-16), (1, 0, -6.66134e-16), (1, 0, -6.66134e-16), (1, 0, -6.66134e-16), (1, 0, -6.66134e-16), (1, 0, -6.66134e-16), (1, 0, -6.66134e-16), (1, 0, -6.66134e-16), (1, 0, -6.66134e-16), (1, 0, -6.66134e-16), (1, 0, -6.66134e-16), (1, 0, -6.66134e-16), (1, 0, -6.66134e-16), (1, 0, -6.66134e-16), (1, 0, -6.66134e-16), (1, 0, -6.66134e-16), (1, 0, -6.66134e-16), (1, 0, -6.66134e-16), (1, 0, -6.66134e-16), (1, 0, -6.66134e-16), (1, 0, -6.66134e-16), (1, 0, -6.66134e-16), (1, 0, -6.66134e-16), (1, 0, -6.66134e-16), (1, 0, -6.66134e-16), (1, 0, -6.66134e-16), (1, 0, -6.66134e-16), (1, 0, -6.66134e-16), (1, 0, -6.66134e-16), (1, 0, -6.66134e-16), (1, 0, -6.66134e-16), (1, 0, -6.66134e-16), (1, 0, -6.66134e-16), (1, 0, -6.66134e-16), (1, 0, -6.66134e-16), (1, 0, -6.66134e-16), (1, 0, -6.66134e-16), (1, 0, -6.66134e-16), (1, 0, -6.66134e-16), (1, 0, -6.66134e-16), (1, 0, -6.66134e-16), (1, 0, -6.66134e-16), (1, 0, -6.66134e-16), (1, 0, -6.66134e-16), (1, 0, -6.66134e-16), (1, 0, -6.66134e-16), (1, 0, -6.66134e-16), (1, 0, -6.66134e-16), (1, 0, -6.66134e-16), (1, 0, -6.66134e-16), (1, 0, -6.66134e-16), (1, 0, -6.66134e-16), (1, 0, -6.66134e-16), (1, 0, -6.66134e-16), (1, 0, -6.66134e-16), (1, 0, -6.66134e-16), (0.516, -0.428294, -0.741827), (0.516, -0.221701, -0.827401), (0.516, -0.428294, -0.741827), (0.516, -0.221701, -0.827401), (0.516, -0.428294, -0.741827), (0.516, -0.221701, -0.827401), (0.516, 0, 0.856588), (0.516, 0.221701, 0.827401), (0.516, 0, 0.856588), (0.516, 0.221701, 0.827401), (0.516, 0, 0.856588), (0.516, 0.221701, 0.827401), (0.516, 0.428294, -0.741827), (0.516, 0.428294, -0.741827), (0.516, 0.605699, -0.605699), (0.516, 0.605699, -0.605699), (0.516, 0.605699, -0.605699), (0.516, 0.428294, -0.741827), (0.516, -0.605699, -0.605699), (0.516, -0.428294, -0.741827), (0.516, -0.605699, -0.605699), (0.516, -0.428294, -0.741827), (0.516, -0.605699, -0.605699), (0.516, -0.428294, -0.741827), (0.516, 0.428294, 0.741827), (0.516, 0.605699, 0.605699), (0.516, 0.428294, 0.741827), (0.516, 0.605699, 0.605699), (0.516, 0.428294, 0.741827), (0.516, 0.605699, 0.605699), (0.516, -0.741827, 0.428294), (0.516, -0.827401, 0.221701), (0.516, -0.741827, 0.428294), (0.516, -0.827401, 0.221701), (0.516, -0.741827, 0.428294), (0.516, -0.827401, 0.221701), (0.516, -0.605699, 0.605699), (0.516, -0.741827, 0.428294), (0.516, -0.605699, 0.605699), (0.516, -0.741827, 0.428294), (0.516, -0.605699, 0.605699), (0.516, -0.741827, 0.428294), (0.516, -0.827401, 0.221701), (0.516, -0.856588, 0), (0.516, -0.827401, 0.221701), (0.516, -0.856588, 0), (0.516, -0.827401, 0.221701), (0.516, -0.856588, 0), (1, 0, 0), (1, 0, 0), (1, 0, 0), (1, 0, 0), (1, 0, 0), (1, 0, 0), (1, 0, 0), (1, 0, 0), (1, 0, 0), (1, 0, 0), (1, 0, 0), (1, 0, 0), (1, 0, 0), (1, 0, 0), (1, 0, 0), (1, 0, 0), (1, 0, 0), (1, 0, 0), (1, 0, 0), (1, 0, 0), (1, 0, 0), (1, 0, 0), (1, 0, 0), (1, 0, 0), (1, 0, 0), (1, 0, 0), (1, 0, 0), (1, 0, 0), (1, 0, 0), (1, 0, 0), (1, 0, 0), (1, 0, 0), (1, 0, 0), (1, 0, 0), (1, 0, 0), (1, 0, 0), (1, 0, 0), (1, 0, 0), (1, 0, 0), (1, 0, 0), (1, 0, 0), (1, 0, 0), (1, 0, 0), (1, 0, 0), (1, 0, 0), (1, 0, 0), (1, 0, 0), (1, 0, 0), (1, 0, 0), (1, 0, 0), (1, 0, 0), (1, 0, 0), (1, 0, 0), (1, 0, 0), (1, 0, 0), (1, 0, 0), (1, 0, 0), (1, 0, 0), (1, 0, 0), (1, 0, 0), (1, 0, 0), (1, 0, 0), (1, 0, 0), (1, 0, 0), (1, 0, 0), (1, 0, 0), (0.516, 0.221701, -0.827401), (0.516, 0.221701, -0.827401), (0.516, 0.428294, -0.741827), (0.516, 0.428294, -0.741827), (0.516, 0.428294, -0.741827), (0.516, 0.221701, -0.827401), (0.516, -0.605699, 0.605699), (0.516, -0.605699, 0.605699), (0.516, -0.428294, 0.741827), (0.516, -0.428294, 0.741827), (0.516, -0.428294, 0.741827), (0.516, -0.605699, 0.605699), (0.516, -0.827401, -0.221701), (0.516, -0.741827, -0.428294), (0.516, -0.827401, -0.221701), (0.516, -0.741827, -0.428294), (0.516, -0.827401, -0.221701), (0.516, -0.741827, -0.428294), (0.516, 0.741827, 0.428294), (0.516, 0.741827, 0.428294), (0.516, 0.827401, 0.221701), (0.516, 0.827401, 0.221701), (0.516, 0.827401, 0.221701), (0.516, 0.741827, 0.428294), (0.516, -0.741827, -0.428294), (0.516, -0.605699, -0.605699), (0.516, -0.741827, -0.428294), (0.516, -0.605699, -0.605699), (0.516, -0.741827, -0.428294), (0.516, -0.605699, -0.605699), (0.516, 0.221701, 0.827401), (0.516, 0.428294, 0.741827), (0.516, 0.221701, 0.827401), (0.516, 0.428294, 0.741827), (0.516, 0.221701, 0.827401), (0.516, 0.428294, 0.741827), (0.516, 0.856588, 0), (0.516, 0.827401, 0.221701), (0.516, 0.856588, 0), (0.516, 0.827401, 0.221701), (0.516, 0.856588, 0), (0.516, 0.827401, 0.221701), (0.516, -0.221701, 0.827401), (0.516, -0.221701, 0.827401), (0.516, 0, 0.856588), (0.516, 0, 0.856588), (0.516, 0, 0.856588), (0.516, -0.221701, 0.827401), (0.516, 0.605699, -0.605699), (0.516, 0.741827, -0.428294), (0.516, 0.605699, -0.605699), (0.516, 0.741827, -0.428294), (0.516, 0.605699, -0.605699), (0.516, 0.741827, -0.428294), (0.516, -0.221701, -0.827401), (0.516, 0, -0.856588), (0.516, -0.221701, -0.827401), (0.516, 0, -0.856588), (0.516, -0.221701, -0.827401), (0.516, 0, -0.856588), (0.516, -0.428294, 0.741827), (0.516, -0.428294, 0.741827), (0.516, -0.221701, 0.827401), (0.516, -0.221701, 0.827401), (0.516, -0.221701, 0.827401), (0.516, -0.428294, 0.741827), (0.516, 0.856588, 0), (0.516, 0.856588, 0), (0.516, 0.827401, -0.221701), (0.516, 0.827401, -0.221701), (0.516, 0.827401, -0.221701), (0.516, 0.856588, 0), (0.516, 0, -0.856588), (0.516, 0, -0.856588), (0.516, 0.221701, -0.827401), (0.516, 0.221701, -0.827401), (0.516, 0.221701, -0.827401), (0.516, 0, -0.856588), (0.516, 0.741827, 0.428294), (0.516, 0.605699, 0.605699), (0.516, 0.741827, 0.428294), (0.516, 0.605699, 0.605699), (0.516, 0.741827, 0.428294), (0.516, 0.605699, 0.605699), (0.516, 0.741827, -0.428294), (0.516, 0.827401, -0.221701), (0.516, 0.741827, -0.428294), (0.516, 0.827401, -0.221701), (0.516, 0.741827, -0.428294), (0.516, 0.827401, -0.221701), (0.516, -0.856588, 0), (0.516, -0.827401, -0.221701), (0.516, -0.856588, 0), (0.516, -0.827401, -0.221701), (0.516, -0.856588, 0), (0.516, -0.827401, -0.221701), (0.206363, 0.691887, -0.691887), (-0.206363, 0.847385, -0.489238), (0.206363, 0.847385, -0.489238), (-0.206363, 0.847385, -0.489238), (0.206363, 0.691887, -0.691887), (-0.206363, 0.691887, -0.691887), (-0.410365, 0.236023, -0.880849), (-0.206363, 0, -0.978476), (-0.410365, 0, -0.911922), (-0.206363, 0, -0.978476), (-0.410365, 0.236023, -0.880849), (-0.206363, 0.253248, -0.945135), (-0.206363, -0.489238, 0.847385), (-0.410365, -0.644826, 0.644826), (-0.206363, -0.691887, 0.691887), (-0.410365, -0.644826, 0.644826), (-0.206363, -0.489238, 0.847385), (-0.410365, -0.455961, 0.789747), (-0.410365, 0.644826, -0.644826), (-0.206363, 0.489238, -0.847385), (-0.410365, 0.455961, -0.789747), (-0.206363, 0.489238, -0.847385), (-0.410365, 0.644826, -0.644826), (-0.206363, 0.691887, -0.691887), (0.206363, -0.489238, 0.847385), (-0.206363, -0.691887, 0.691887), (0.206363, -0.691887, 0.691887), (-0.206363, -0.691887, 0.691887), (0.206363, -0.489238, 0.847385), (-0.206363, -0.489238, 0.847385), (0.206363, 0, 0.978476), (-0.206363, -0.253248, 0.945135), (0.206363, -0.253248, 0.945135), (-0.206363, -0.253248, 0.945135), (0.206363, 0, 0.978476), (-0.206363, 0, 0.978476), (-0.206363, 0.691887, -0.691887), (-0.410365, 0.789747, -0.455961), (-0.206363, 0.847385, -0.489238), (-0.410365, 0.789747, -0.455961), (-0.206363, 0.691887, -0.691887), (-0.410365, 0.644826, -0.644826), (-0.410365, -0.789747, -0.455961), (-0.206363, -0.691887, -0.691887), (-0.206363, -0.847385, -0.489238), (-0.206363, -0.691887, -0.691887), (-0.410365, -0.789747, -0.455961), (-0.410365, -0.644826, -0.644826), (-0.410365, -0.644826, 0.644826), (-0.206363, -0.847385, 0.489238), (-0.206363, -0.691887, 0.691887), (-0.206363, -0.847385, 0.489238), (-0.410365, -0.644826, 0.644826), (-0.410365, -0.789747, 0.455961), (-0.206363, 0.945135, 0.253248), (-0.410365, 0.789747, 0.455961), (-0.206363, 0.847385, 0.489238), (-0.410365, 0.789747, 0.455961), (-0.206363, 0.945135, 0.253248), (-0.410365, 0.880849, 0.236023), (-0.206363, 0.847385, 0.489238), (-0.410365, 0.644826, 0.644826), (-0.206363, 0.691887, 0.691887), (-0.410365, 0.644826, 0.644826), (-0.206363, 0.847385, 0.489238), (-0.410365, 0.789747, 0.455961), (-0.206363, -0.253248, 0.945135), (-0.410365, -0.455961, 0.789747), (-0.206363, -0.489238, 0.847385), (-0.410365, -0.455961, 0.789747), (-0.206363, -0.253248, 0.945135), (-0.410365, -0.236023, 0.880849), (0.206363, 0.489238, 0.847385), (-0.206363, 0.253248, 0.945135), (0.206363, 0.253248, 0.945135), (-0.206363, 0.253248, 0.945135), (0.206363, 0.489238, 0.847385), (-0.206363, 0.489238, 0.847385), (-0.206363, 0.847385, -0.489238), (-0.410365, 0.880849, -0.236023), (-0.206363, 0.945135, -0.253248), (-0.410365, 0.880849, -0.236023), (-0.206363, 0.847385, -0.489238), (-0.410365, 0.789747, -0.455961), (-0.206363, -0.489238, -0.847385), (0.206363, -0.691887, -0.691887), (-0.206363, -0.691887, -0.691887), (0.206363, -0.691887, -0.691887), (-0.206363, -0.489238, -0.847385), (0.206363, -0.489238, -0.847385), (0.206363, 0.691887, 0.691887), (-0.206363, 0.489238, 0.847385), (0.206363, 0.489238, 0.847385), (-0.206363, 0.489238, 0.847385), (0.206363, 0.691887, 0.691887), (-0.206363, 0.691887, 0.691887), (-0.206363, -0.945135, 0.253248), (0.206363, -0.978476, 0), (0.206363, -0.945135, 0.253248), (0.206363, -0.978476, 0), (-0.206363, -0.945135, 0.253248), (-0.206363, -0.978476, 0), (0.206363, 0.945135, -0.253248), (-0.206363, 0.978476, 0), (0.206363, 0.978476, 0), (-0.206363, 0.978476, 0), (0.206363, 0.945135, -0.253248), (-0.206363, 0.945135, -0.253248), (-0.206363, -0.253248, -0.945135), (0.206363, -0.489238, -0.847385), (-0.206363, -0.489238, -0.847385), (0.206363, -0.489238, -0.847385), (-0.206363, -0.253248, -0.945135), (0.206363, -0.253248, -0.945135), (-0.206363, 0, 0.978476), (-0.410365, -0.236023, 0.880849), (-0.206363, -0.253248, 0.945135), (-0.410365, -0.236023, 0.880849), (-0.206363, 0, 0.978476), (-0.410365, 0, 0.911922), (-0.206363, -0.847385, -0.489238), (0.206363, -0.691887, -0.691887), (0.206363, -0.847385, -0.489238), (0.206363, -0.691887, -0.691887), (-0.206363, -0.847385, -0.489238), (-0.206363, -0.691887, -0.691887), (-0.206363, -0.945135, -0.253248), (0.206363, -0.847385, -0.489238), (0.206363, -0.945135, -0.253248), (0.206363, -0.847385, -0.489238), (-0.206363, -0.945135, -0.253248), (-0.206363, -0.847385, -0.489238), (0.206363, -0.253248, 0.945135), (-0.206363, -0.489238, 0.847385), (0.206363, -0.489238, 0.847385), (-0.206363, -0.489238, 0.847385), (0.206363, -0.253248, 0.945135), (-0.206363, -0.253248, 0.945135), (-0.206363, -0.978476, 0), (0.206363, -0.945135, -0.253248), (0.206363, -0.978476, 0), (0.206363, -0.945135, -0.253248), (-0.206363, -0.978476, 0), (-0.206363, -0.945135, -0.253248), (-0.206363, 0.489238, 0.847385), (-0.410365, 0.644826, 0.644826), (-0.410365, 0.455961, 0.789747), (-0.410365, 0.644826, 0.644826), (-0.206363, 0.489238, 0.847385), (-0.206363, 0.691887, 0.691887), (-0.206363, -0.691887, 0.691887), (0.206363, -0.847385, 0.489238), (0.206363, -0.691887, 0.691887), (0.206363, -0.847385, 0.489238), (-0.206363, -0.691887, 0.691887), (-0.206363, -0.847385, 0.489238), (0.206363, 0.847385, -0.489238), (-0.206363, 0.945135, -0.253248), (0.206363, 0.945135, -0.253248), (-0.206363, 0.945135, -0.253248), (0.206363, 0.847385, -0.489238), (-0.206363, 0.847385, -0.489238), (-0.206363, 0.978476, 0), (-0.410365, 0.880849, 0.236023), (-0.206363, 0.945135, 0.253248), (-0.410365, 0.880849, 0.236023), (-0.206363, 0.978476, 0), (-0.410365, 0.911922, 0), (-0.206363, 0.253248, 0.945135), (-0.410365, 0.455961, 0.789747), (-0.410365, 0.236023, 0.880849), (-0.410365, 0.455961, 0.789747), (-0.206363, 0.253248, 0.945135), (-0.206363, 0.489238, 0.847385), (-0.206363, 0.945135, -0.253248), (-0.410365, 0.911922, 0), (-0.206363, 0.978476, 0), (-0.410365, 0.911922, 0), (-0.206363, 0.945135, -0.253248), (-0.410365, 0.880849, -0.236023), (-0.206363, 0.691887, -0.691887), (0.206363, 0.489238, -0.847385), (-0.206363, 0.489238, -0.847385), (0.206363, 0.489238, -0.847385), (-0.206363, 0.691887, -0.691887), (0.206363, 0.691887, -0.691887), (0.206363, 0.253248, 0.945135), (-0.206363, 0, 0.978476), (0.206363, 0, 0.978476), (-0.206363, 0, 0.978476), (0.206363, 0.253248, 0.945135), (-0.206363, 0.253248, 0.945135), (-0.410365, 0.455961, -0.789747), (-0.206363, 0.253248, -0.945135), (-0.410365, 0.236023, -0.880849), (-0.206363, 0.253248, -0.945135), (-0.410365, 0.455961, -0.789747), (-0.206363, 0.489238, -0.847385), (-0.206363, 0.253248, 0.945135), (-0.410365, 0, 0.911922), (-0.206363, 0, 0.978476), (-0.410365, 0, 0.911922), (-0.206363, 0.253248, 0.945135), (-0.410365, 0.236023, 0.880849), (0.206363, 0.847385, 0.489238), (-0.206363, 0.691887, 0.691887), (0.206363, 0.691887, 0.691887), (-0.206363, 0.691887, 0.691887), (0.206363, 0.847385, 0.489238), (-0.206363, 0.847385, 0.489238), (-0.206363, 0.253248, -0.945135), (0.206363, 0, -0.978476), (-0.206363, 0, -0.978476), (0.206363, 0, -0.978476), (-0.206363, 0.253248, -0.945135), (0.206363, 0.253248, -0.945135), (-0.410365, -0.880849, -0.236023), (-0.206363, -0.847385, -0.489238), (-0.206363, -0.945135, -0.253248), (-0.206363, -0.847385, -0.489238), (-0.410365, -0.880849, -0.236023), (-0.410365, -0.789747, -0.455961), (-0.410365, -0.644826, -0.644826), (-0.206363, -0.489238, -0.847385), (-0.206363, -0.691887, -0.691887), (-0.206363, -0.489238, -0.847385), (-0.410365, -0.644826, -0.644826), (-0.410365, -0.455961, -0.789747), (0.410365, 0.789747, -0.455961), (0.206363, 0.945135, -0.253248), (0.410365, 0.880849, -0.236023), (0.206363, 0.945135, -0.253248), (0.410365, 0.789747, -0.455961), (0.206363, 0.847385, -0.489238), (-0.410365, -0.789747, 0.455961), (-0.206363, -0.945135, 0.253248), (-0.206363, -0.847385, 0.489238), (-0.206363, -0.945135, 0.253248), (-0.410365, -0.789747, 0.455961), (-0.410365, -0.880849, 0.236023), (-0.206363, 0.489238, -0.847385), (0.206363, 0.253248, -0.945135), (-0.206363, 0.253248, -0.945135), (0.206363, 0.253248, -0.945135), (-0.206363, 0.489238, -0.847385), (0.206363, 0.489238, -0.847385), (-0.206363, 0, -0.978476), (0.206363, -0.253248, -0.945135), (-0.206363, -0.253248, -0.945135), (0.206363, -0.253248, -0.945135), (-0.206363, 0, -0.978476), (0.206363, 0, -0.978476), (-0.410365, -0.236023, -0.880849), (-0.206363, 0, -0.978476), (-0.206363, -0.253248, -0.945135), (-0.206363, 0, -0.978476), (-0.410365, -0.236023, -0.880849), (-0.410365, 0, -0.911922), (-0.410365, -0.911922, 0), (-0.206363, -0.945135, -0.253248), (-0.206363, -0.978476, 0), (-0.206363, -0.945135, -0.253248), (-0.410365, -0.911922, 0), (-0.410365, -0.880849, -0.236023), (-0.410365, -0.880849, 0.236023), (-0.206363, -0.978476, 0), (-0.206363, -0.945135, 0.253248), (-0.206363, -0.978476, 0), (-0.410365, -0.880849, 0.236023), (-0.410365, -0.911922, 0), (0.206363, 0.945135, 0.253248), (-0.206363, 0.847385, 0.489238), (0.206363, 0.847385, 0.489238), (-0.206363, 0.847385, 0.489238), (0.206363, 0.945135, 0.253248), (-0.206363, 0.945135, 0.253248), (-0.206363, -0.847385, 0.489238), (0.206363, -0.945135, 0.253248), (0.206363, -0.847385, 0.489238), (0.206363, -0.945135, 0.253248), (-0.206363, -0.847385, 0.489238), (-0.206363, -0.945135, 0.253248), (-0.410365, -0.455961, -0.789747), (-0.206363, -0.253248, -0.945135), (-0.206363, -0.489238, -0.847385), (-0.206363, -0.253248, -0.945135), (-0.410365, -0.455961, -0.789747), (-0.410365, -0.236023, -0.880849), (0.206363, 0.978476, 0), (-0.206363, 0.945135, 0.253248), (0.206363, 0.945135, 0.253248), (-0.206363, 0.945135, 0.253248), (0.206363, 0.978476, 0), (-0.206363, 0.978476, 0), (0.410365, 0.789747, 0.455961), (0.206363, 0.691887, 0.691887), (0.410365, 0.644826, 0.644826), (0.206363, 0.691887, 0.691887), (0.410365, 0.789747, 0.455961), (0.206363, 0.847385, 0.489238), (0.206363, -0.847385, 0.489238), (0.410365, -0.880849, 0.236023), (0.410365, -0.789747, 0.455961), (0.410365, -0.880849, 0.236023), (0.206363, -0.847385, 0.489238), (0.206363, -0.945135, 0.253248), (0.410365, 0.911922, 0), (0.206363, 0.945135, 0.253248), (0.410365, 0.880849, 0.236023), (0.206363, 0.945135, 0.253248), (0.410365, 0.911922, 0), (0.206363, 0.978476, 0), (0.410365, 0.880849, 0.236023), (0.206363, 0.847385, 0.489238), (0.410365, 0.789747, 0.455961), (0.206363, 0.847385, 0.489238), (0.410365, 0.880849, 0.236023), (0.206363, 0.945135, 0.253248), (0.206363, 0.253248, -0.945135), (0.410365, 0.455961, -0.789747), (0.410365, 0.236023, -0.880849), (0.410365, 0.455961, -0.789747), (0.206363, 0.253248, -0.945135), (0.206363, 0.489238, -0.847385), (0.410365, 0.236023, 0.880849), (0.206363, 0, 0.978476), (0.410365, 0, 0.911922), (0.206363, 0, 0.978476), (0.410365, 0.236023, 0.880849), (0.206363, 0.253248, 0.945135), (0.410365, -0.455961, 0.789747), (0.206363, -0.253248, 0.945135), (0.206363, -0.489238, 0.847385), (0.206363, -0.253248, 0.945135), (0.410365, -0.455961, 0.789747), (0.410365, -0.236023, 0.880849), (0.410365, 0.644826, 0.644826), (0.206363, 0.489238, 0.847385), (0.410365, 0.455961, 0.789747), (0.206363, 0.489238, 0.847385), (0.410365, 0.644826, 0.644826), (0.206363, 0.691887, 0.691887), (0.206363, -0.691887, 0.691887), (0.410365, -0.789747, 0.455961), (0.410365, -0.644826, 0.644826), (0.410365, -0.789747, 0.455961), (0.206363, -0.691887, 0.691887), (0.206363, -0.847385, 0.489238), (0.206363, -0.945135, 0.253248), (0.410365, -0.911922, 0), (0.410365, -0.880849, 0.236023), (0.410365, -0.911922, 0), (0.206363, -0.945135, 0.253248), (0.206363, -0.978476, 0), (0.410365, -0.236023, 0.880849), (0.206363, 0, 0.978476), (0.206363, -0.253248, 0.945135), (0.206363, 0, 0.978476), (0.410365, -0.236023, 0.880849), (0.410365, 0, 0.911922), (0.410365, -0.644826, 0.644826), (0.206363, -0.489238, 0.847385), (0.206363, -0.691887, 0.691887), (0.206363, -0.489238, 0.847385), (0.410365, -0.644826, 0.644826), (0.410365, -0.455961, 0.789747), (0.206363, 0.489238, -0.847385), (0.410365, 0.644826, -0.644826), (0.410365, 0.455961, -0.789747), (0.410365, 0.644826, -0.644826), (0.206363, 0.489238, -0.847385), (0.206363, 0.691887, -0.691887), (0.206363, -0.489238, -0.847385), (0.410365, -0.644826, -0.644826), (0.206363, -0.691887, -0.691887), (0.410365, -0.644826, -0.644826), (0.206363, -0.489238, -0.847385), (0.410365, -0.455961, -0.789747), (0.206363, 0, -0.978476), (0.410365, -0.236023, -0.880849), (0.206363, -0.253248, -0.945135), (0.410365, -0.236023, -0.880849), (0.206363, 0, -0.978476), (0.410365, 0, -0.911922), (0.206363, -0.978476, 0), (0.410365, -0.880849, -0.236023), (0.410365, -0.911922, 0), (0.410365, -0.880849, -0.236023), (0.206363, -0.978476, 0), (0.206363, -0.945135, -0.253248), (0.410365, 0.644826, -0.644826), (0.206363, 0.847385, -0.489238), (0.410365, 0.789747, -0.455961), (0.206363, 0.847385, -0.489238), (0.410365, 0.644826, -0.644826), (0.206363, 0.691887, -0.691887), (0.410365, 0.880849, -0.236023), (0.206363, 0.978476, 0), (0.410365, 0.911922, 0), (0.206363, 0.978476, 0), (0.410365, 0.880849, -0.236023), (0.206363, 0.945135, -0.253248), (0.206363, -0.253248, -0.945135), (0.410365, -0.455961, -0.789747), (0.206363, -0.489238, -0.847385), (0.410365, -0.455961, -0.789747), (0.206363, -0.253248, -0.945135), (0.410365, -0.236023, -0.880849), (0.206363, -0.847385, -0.489238), (0.410365, -0.644826, -0.644826), (0.410365, -0.789747, -0.455961), (0.410365, -0.644826, -0.644826), (0.206363, -0.847385, -0.489238), (0.206363, -0.691887, -0.691887), (0.206363, 0.253248, -0.945135), (0.410365, 0, -0.911922), (0.206363, 0, -0.978476), (0.410365, 0, -0.911922), (0.206363, 0.253248, -0.945135), (0.410365, 0.236023, -0.880849), (1, 0, 0), (1, 0, 0), (1, 0, 0), (1, 0, 0), (1, 0, 0), (1, 0, 0), (1, 0, 0), (1, 0, 0), (1, 0, 0), (1, 0, 0), (1, 0, 0), (1, 0, 0), (1, 0, 0), (1, 0, 0), (1, 0, 0), (1, 0, 0), (1, 0, 0), (1, 0, 0), (1, 0, 0), (1, 0, 0), (1, 0, 0), (1, 0, 0), (1, 0, 0), (1, 0, 0), (1, 0, 0), (1, 0, 0), (1, 0, 0), (1, 0, 0), (1, 0, 0), (1, 0, 0), (1, 0, 0), (1, 0, 0), (1, 0, 0), (1, 0, 0), (1, 0, 0), (1, 0, 0), (1, 0, 0), (1, 0, 0), (1, 0, 0), (1, 0, 0), (1, 0, 0), (1, 0, 0), (1, 0, 0), (1, 0, 0), (1, 0, 0), (1, 0, 0), (1, 0, 0), (1, 0, 0), (1, 0, 0), (1, 0, 0), (1, 0, 0), (1, 0, 0), (1, 0, 0), (1, 0, 0), (1, 0, 0), (1, 0, 0), (1, 0, 0), (1, 0, 0), (1, 0, 0), (1, 0, 0), (1, 0, 0), (1, 0, 0), (1, 0, 0), (1, 0, 0), (1, 0, 0), (1, 0, 0), (0.206363, -0.945135, -0.253248), (0.410365, -0.789747, -0.455961), (0.410365, -0.880849, -0.236023), (0.410365, -0.789747, -0.455961), (0.206363, -0.945135, -0.253248), (0.206363, -0.847385, -0.489238), (0.410365, 0.455961, 0.789747), (0.206363, 0.253248, 0.945135), (0.410365, 0.236023, 0.880849), (0.206363, 0.253248, 0.945135), (0.410365, 0.455961, 0.789747), (0.206363, 0.489238, 0.847385), (-1, 0, 0), (-1, 0, 0), (-1, 0, 0), (-1, 0, 0), (-1, 0, 0), (-1, 0, 0), (-1, 0, 0), (-1, 0, 0), (-1, 0, 0), (-1, 0, 0), (-1, 0, 0), (-1, 0, 0), (-1, 0, 0), (-1, 0, 0), (-1, 0, 0), (-1, 0, 0), (-1, 0, 0), (-1, 0, 0), (-1, 0, 0), (-1, 0, 0), (-1, 0, 0), (-1, 0, 0), (-1, 0, 0), (-1, 0, 0), (-1, 0, 0), (-1, 0, 0), (-1, 0, 0), (-1, 0, 0), (-1, 0, 0), (-1, 0, 0), (-1, 0, 0), (-1, 0, 0), (-1, 0, 0), (-1, 0, 0), (-1, 0, 0), (-1, 0, 0), (-1, 0, 0), (-1, 0, 0), (-1, 0, 0), (-1, 0, 0), (-1, 0, 0), (-1, 0, 0), (-1, 0, 0), (-1, 0, 0), (-1, 0, 0), (-1, 0, 0), (-1, 0, 0), (-1, 0, 0), (-1, 0, 0), (-1, 0, 0), (-1, 0, 0), (-1, 0, 0), (-1, 0, 0), (-1, 0, 0), (-1, 0, 0), (-1, 0, 0), (-1, 0, 0), (-1, 0, 0), (-1, 0, 0), (-1, 0, 0), (-1, 0, 0), (-1, 0, 0), (-1, 0, 0), (-1, 0, 0), (-1, 0, 0), (-1, 0, 0), (-1, 0, 0), (-1, 0, 0), (-1, 0, 0), (-1, 0, 0), (-1, 0, 0), (-1, 0, 0), (-1, 0, 0), (-1, 0, 0), (-1, 0, 0), (-1, 0, 0), (-1, 0, 0), (-1, 0, 0), (-1, 0, 0), (-1, 0, 0), (-1, 0, 0), (-1, 0, 0), (-1, 0, 0), (-1, 0, 0), (-1, 0, 0), (-1, 0, 0), (-1, 0, 0), (-1, 0, 0), (-1, 0, 0), (-1, 0, 0), (-1, 0, 0), (-1, 0, 0), (-1, 0, 0), (-1, 0, 0), (-1, 0, 0), (-1, 0, 0), (-1, 0, 0), (-1, 0, 0), (-1, 0, 0), (-1, 0, 0), (-1, 0, 0), (-1, 0, 0), (-1, 0, 0), (-1, 0, 0), (-1, 0, 0), (-1, 0, 0), (-1, 0, 0), (-1, 0, 0), (-1, 0, 0), (-1, 0, 0), (-1, 0, 0), (-1, 0, 0), (-1, 0, 0), (-1, 0, 0), (-1, 0, 0), (-1, 0, 0), (-1, 0, 0), (-1, 0, 0), (-1, 0, 0), (-1, 0, 0), (-1, 0, 0), (-1, 0, 0), (-1, 0, 0), (-1, 0, 0), (-1, 0, 0), (-1, 0, 0), (-1, 0, 0), (-1, 0, 0), (-1, 0, 0), (-1, 0, 0), (-1, 0, 0), (-1, 0, 0), (-1, 0, 0), (-1, 0, 0), (-1, 0, 0), (-1, 0, 0), (-1, 0, 0), (-1, 0, 0), (-1, 0, 0), (-1, 0, 0), (-1, 0, 0), (-1, 0, 0), (-1, 0, 0), (-1, 0, 0), (-1, 0, -6.66134e-16), (-1, 0, -6.66134e-16), (-1, 0, -6.66134e-16), (-1, 0, -6.66134e-16), (-1, 0, -6.66134e-16), (-1, 0, -6.66134e-16), (-1, 0, -6.66134e-16), (-1, 0, -6.66134e-16), (-1, 0, -6.66134e-16), (-1, 0, -6.66134e-16), (-1, 0, -6.66134e-16), (-1, 0, -6.66134e-16), (-1, 0, -6.66134e-16), (-1, 0, -6.66134e-16), (-1, 0, -6.66134e-16), (-1, 0, -6.66134e-16), (-1, 0, -6.66134e-16), (-1, 0, -6.66134e-16), (-1, 0, -6.66134e-16), (-1, 0, -6.66134e-16), (-1, 0, -6.66134e-16), (-1, 0, -6.66134e-16), (-1, 0, -6.66134e-16), (-1, 0, -6.66134e-16), (-1, 0, -6.66134e-16), (-1, 0, -6.66134e-16), (-1, 0, -6.66134e-16), (-1, 0, -6.66134e-16), (-1, 0, -6.66134e-16), (-1, 0, -6.66134e-16), (-1, 0, -6.66134e-16), (-1, 0, -6.66134e-16), (-1, 0, -6.66134e-16), (-1, 0, -6.66134e-16), (-1, 0, -6.66134e-16), (-1, 0, -6.66134e-16), (-1, 0, -6.66134e-16), (-1, 0, -6.66134e-16), (-1, 0, -6.66134e-16), (-1, 0, -6.66134e-16), (-1, 0, -6.66134e-16), (-1, 0, -6.66134e-16), (-1, 0, -6.66134e-16), (-1, 0, -6.66134e-16), (-1, 0, -6.66134e-16), (-1, 0, -6.66134e-16), (-1, 0, -6.66134e-16), (-1, 0, -6.66134e-16), (-1, 0, -6.66134e-16), (-1, 0, -6.66134e-16), (-1, 0, -6.66134e-16), (-1, 0, -6.66134e-16), (-1, 0, -6.66134e-16), (-1, 0, -6.66134e-16), (-1, 0, -6.66134e-16), (-1, 0, -6.66134e-16), (-1, 0, -6.66134e-16), (-1, 0, -6.66134e-16), (-1, 0, -6.66134e-16), (-1, 0, -6.66134e-16), (-1, 0, -6.66134e-16), (-1, 0, -6.66134e-16), (-1, 0, -6.66134e-16), (-1, 0, -6.66134e-16), (-1, 0, -6.66134e-16), (-1, 0, -6.66134e-16), (-1, 0, -6.66134e-16), (-1, 0, -6.66134e-16), (-1, 0, -6.66134e-16), (-1, 0, -6.66134e-16), (-1, 0, -6.66134e-16), (-1, 0, -6.66134e-16), (-1, 0, -6.66134e-16), (-1, 0, -6.66134e-16), (-1, 0, -6.66134e-16), (-1, 0, -6.66134e-16), (-1, 0, -6.66134e-16), (-1, 0, -6.66134e-16), (-1, 0, -6.66134e-16), (-1, 0, -6.66134e-16), (-1, 0, -6.66134e-16), (-1, 0, -6.66134e-16), (-1, 0, -6.66134e-16), (-1, 0, -6.66134e-16), (-1, 0, -6.66134e-16), (-1, 0, -6.66134e-16), (-1, 0, -6.66134e-16), (-1, 0, -6.66134e-16), (-1, 0, -6.66134e-16), (-1, 0, -6.66134e-16), (-1, 0, -6.66134e-16), (-1, 0, -6.66134e-16), (-1, 0, -6.66134e-16), (-1, 0, -6.66134e-16), (-1, 0, -6.66134e-16), (-1, 0, -6.66134e-16), (-1, 0, -6.66134e-16), (-1, 0, -6.66134e-16), (-1, 0, -6.66134e-16), (-1, 0, -6.66134e-16), (-1, 0, -6.66134e-16), (-1, 0, -6.66134e-16), (-1, 0, -6.66134e-16), (-1, 0, -6.66134e-16), (-1, 0, -6.66134e-16), (-1, 0, -6.66134e-16), (-1, 0, -6.66134e-16), (-1, 0, -6.66134e-16), (-1, 0, -6.66134e-16), (-1, 0, -6.66134e-16), (-1, 0, -6.66134e-16), (-1, 0, -6.66134e-16), (-1, 0, -6.66134e-16), (-1, 0, -6.66134e-16), (-1, 0, -6.66134e-16), (-1, 0, -6.66134e-16), (-1, 0, -6.66134e-16), (-1, 0, -6.66134e-16), (-1, 0, -6.66134e-16), (-1, 0, -6.66134e-16), (-1, 0, -6.66134e-16), (-1, 0, -6.66134e-16), (-1, 0, -6.66134e-16), (-1, 0, -6.66134e-16), (-1, 0, -6.66134e-16), (-1, 0, -6.66134e-16), (-1, 0, -6.66134e-16), (-1, 0, -6.66134e-16), (-1, 0, -6.66134e-16), (-1, 0, -6.66134e-16), (-1, 0, -6.66134e-16), (-1, 0, -6.66134e-16), (-1, 0, -6.66134e-16), (-1, 0, -6.66134e-16), (-1, 0, -6.66134e-16), (-1, 0, -6.66134e-16), (-1, 0, -6.66134e-16), (-1, 0, -6.66134e-16), (-1, 0, -6.66134e-16), (-1, 0, -6.66134e-16), (-1, 0, -6.66134e-16), (-1, 0, -6.66134e-16), (-1, 0, -6.66134e-16), (-1, 0, -6.66134e-16), (-0.516, -0.827401, -0.221701), (-0.516, -0.856588, 0), (-0.516, -0.827401, -0.221701), (-0.516, -0.856588, 0), (-0.516, -0.827401, -0.221701), (-0.516, -0.856588, 0), (-0.516, 0.827401, -0.221701), (-0.516, 0.741827, -0.428294), (-0.516, 0.827401, -0.221701), (-0.516, 0.741827, -0.428294), (-0.516, 0.827401, -0.221701), (-0.516, 0.741827, -0.428294), (-0.516, 0.605699, 0.605699), (-0.516, 0.741827, 0.428294), (-0.516, 0.605699, 0.605699), (-0.516, 0.741827, 0.428294), (-0.516, 0.605699, 0.605699), (-0.516, 0.741827, 0.428294), (-0.516, 0, -0.856588), (-0.516, 0.221701, -0.827401), (-0.516, 0.221701, -0.827401), (-0.516, 0.221701, -0.827401), (-0.516, 0, -0.856588), (-0.516, 0, -0.856588), (-0.516, 0.856588, 0), (-0.516, 0.827401, -0.221701), (-0.516, 0.827401, -0.221701), (-0.516, 0.827401, -0.221701), (-0.516, 0.856588, 0), (-0.516, 0.856588, 0), (-0.516, -0.428294, 0.741827), (-0.516, -0.221701, 0.827401), (-0.516, -0.221701, 0.827401), (-0.516, -0.221701, 0.827401), (-0.516, -0.428294, 0.741827), (-0.516, -0.428294, 0.741827), (-0.516, 0, -0.856588), (-0.516, -0.221701, -0.827401), (-0.516, 0, -0.856588), (-0.516, -0.221701, -0.827401), (-0.516, 0, -0.856588), (-0.516, -0.221701, -0.827401), (-0.516, 0.741827, -0.428294), (-0.516, 0.605699, -0.605699), (-0.516, 0.741827, -0.428294), (-0.516, 0.605699, -0.605699), (-0.516, 0.741827, -0.428294), (-0.516, 0.605699, -0.605699), (-0.516, -0.221701, 0.827401), (-0.516, 0, 0.856588), (-0.516, 0, 0.856588), (-0.516, 0, 0.856588), (-0.516, -0.221701, 0.827401), (-0.516, -0.221701, 0.827401), (-0.516, 0.827401, 0.221701), (-0.516, 0.856588, 0), (-0.516, 0.827401, 0.221701), (-0.516, 0.856588, 0), (-0.516, 0.827401, 0.221701), (-0.516, 0.856588, 0), (-0.516, 0.428294, 0.741827), (-0.516, 0.221701, 0.827401), (-0.516, 0.428294, 0.741827), (-0.516, 0.221701, 0.827401), (-0.516, 0.428294, 0.741827), (-0.516, 0.221701, 0.827401), (-0.516, -0.605699, -0.605699), (-0.516, -0.741827, -0.428294), (-0.516, -0.605699, -0.605699), (-0.516, -0.741827, -0.428294), (-0.516, -0.605699, -0.605699), (-0.516, -0.741827, -0.428294), (-0.516, 0.741827, 0.428294), (-0.516, 0.827401, 0.221701), (-0.516, 0.827401, 0.221701), (-0.516, 0.827401, 0.221701), (-0.516, 0.741827, 0.428294), (-0.516, 0.741827, 0.428294), (-0.516, -0.741827, -0.428294), (-0.516, -0.827401, -0.221701), (-0.516, -0.741827, -0.428294), (-0.516, -0.827401, -0.221701), (-0.516, -0.741827, -0.428294), (-0.516, -0.827401, -0.221701), (-0.516, -0.605699, 0.605699), (-0.516, -0.428294, 0.741827), (-0.516, -0.428294, 0.741827), (-0.516, -0.428294, 0.741827), (-0.516, -0.605699, 0.605699), (-0.516, -0.605699, 0.605699), (-0.516, 0.221701, -0.827401), (-0.516, 0.428294, -0.741827), (-0.516, 0.428294, -0.741827), (-0.516, 0.428294, -0.741827), (-0.516, 0.221701, -0.827401), (-0.516, 0.221701, -0.827401), (-1, 0, 0), (-1, 0, 0), (-1, 0, 0), (-1, 0, 0), (-1, 0, 0), (-1, 0, 0), (-1, 0, 0), (-1, 0, 0), (-1, 0, 0), (-1, 0, 0), (-1, 0, 0), (-1, 0, 0), (-1, 0, 0), (-1, 0, 0), (-1, 0, 0), (-1, 0, 0), (-1, 0, 0), (-1, 0, 0), (-1, 0, 0), (-1, 0, 0), (-1, 0, 0), (-1, 0, 0), (-1, 0, 0), (-1, 0, 0), (-1, 0, 0), (-1, 0, 0), (-1, 0, 0), (-1, 0, 0), (-1, 0, 0), (-1, 0, 0), (-1, 0, 0), (-1, 0, 0), (-1, 0, 0), (-1, 0, 0), (-1, 0, 0), (-1, 0, 0), (-1, 0, 0), (-1, 0, 0), (-1, 0, 0), (-1, 0, 0), (-1, 0, 0), (-1, 0, 0), (-1, 0, 0), (-1, 0, 0), (-1, 0, 0), (-1, 0, 0), (-1, 0, 0), (-1, 0, 0), (-1, 0, 0), (-1, 0, 0), (-1, 0, 0), (-1, 0, 0), (-1, 0, 0), (-1, 0, 0), (-1, 0, 0), (-1, 0, 0), (-1, 0, 0), (-1, 0, 0), (-1, 0, 0), (-1, 0, 0), (-1, 0, 0), (-1, 0, 0), (-1, 0, 0), (-1, 0, 0), (-1, 0, 0), (-1, 0, 0), (-0.516, -0.856588, 0), (-0.516, -0.827401, 0.221701), (-0.516, -0.856588, 0), (-0.516, -0.827401, 0.221701), (-0.516, -0.856588, 0), (-0.516, -0.827401, 0.221701), (-0.516, -0.741827, 0.428294), (-0.516, -0.605699, 0.605699), (-0.516, -0.741827, 0.428294), (-0.516, -0.605699, 0.605699), (-0.516, -0.741827, 0.428294), (-0.516, -0.605699, 0.605699), (-0.516, -0.827401, 0.221701), (-0.516, -0.741827, 0.428294), (-0.516, -0.827401, 0.221701), (-0.516, -0.741827, 0.428294), (-0.516, -0.827401, 0.221701), (-0.516, -0.741827, 0.428294), (-0.516, 0.605699, 0.605699), (-0.516, 0.428294, 0.741827), (-0.516, 0.605699, 0.605699), (-0.516, 0.428294, 0.741827), (-0.516, 0.605699, 0.605699), (-0.516, 0.428294, 0.741827), (-0.516, -0.428294, -0.741827), (-0.516, -0.605699, -0.605699), (-0.516, -0.428294, -0.741827), (-0.516, -0.605699, -0.605699), (-0.516, -0.428294, -0.741827), (-0.516, -0.605699, -0.605699), (-0.516, 0.428294, -0.741827), (-0.516, 0.605699, -0.605699), (-0.516, 0.605699, -0.605699), (-0.516, 0.605699, -0.605699), (-0.516, 0.428294, -0.741827), (-0.516, 0.428294, -0.741827), (-0.516, 0.221701, 0.827401), (-0.516, 0, 0.856588), (-0.516, 0.221701, 0.827401), (-0.516, 0, 0.856588), (-0.516, 0.221701, 0.827401), (-0.516, 0, 0.856588), (-0.516, -0.221701, -0.827401), (-0.516, -0.428294, -0.741827), (-0.516, -0.221701, -0.827401), (-0.516, -0.428294, -0.741827), (-0.516, -0.221701, -0.827401), (-0.516, -0.428294, -0.741827), (1, 0, 0), (1, 0, 0), (1, 0, 0), (1, 0, 0), (1, 0, 0), (1, 0, 0), (1, 0, 0), (1, 0, 0), (1, 0, 0), (1, 0, 0), (1, 0, 0), (1, 0, 0), (1, 0, 0), (1, 0, 0), (1, 0, 0), (1, 0, 0), (1, 0, 0), (1, 0, 0), (1, 0, 0), (1, 0, 0), (1, 0, 0), (1, 0, 0), (1, 0, 0), (1, 0, 0), (1, 0, 0), (1, 0, 0), (1, 0, 0), (1, 0, 0), (1, 0, 0), (1, 0, 0), (1, 0, 0), (1, 0, 0), (1, 0, 0), (1, 0, 0), (1, 0, 0), (1, 0, 0), (1, 0, 0), (1, 0, 0), (1, 0, 0), (1, 0, 0), (1, 0, 0), (1, 0, 0), (1, 0, 0), (1, 0, 0), (1, 0, 0), (1, 0, 0), (1, 0, 0), (1, 0, 0), (1, 0, 0), (1, 0, 0), (1, 0, 0), (1, 0, 0), (1, 0, 0), (1, 0, 0), (1, 0, 0), (1, 0, 0), (1, 0, 0), (1, 0, 0), (1, 0, 0), (1, 0, 0), (1, 0, 0), (1, 0, 0), (1, 0, 0), (1, 0, 0), (1, 0, 0), (1, 0, 0), (1, 0, 0), (1, 0, 0), (1, 0, 0), (1, 0, 0), (1, 0, 0), (1, 0, 0), (1, 0, 0), (1, 0, 0), (1, 0, 0), (1, 0, 0), (1, 0, 0), (1, 0, 0), (1, 0, 0), (1, 0, 0), (1, 0, 0), (1, 0, 0), (1, 0, 0), (1, 0, 0), (1, 0, 0), (1, 0, 0), (1, 0, 0), (1, 0, 0), (1, 0, 0), (1, 0, 0), (1, 0, 0), (1, 0, 0), (1, 0, 0), (1, 0, 0), (1, 0, 0), (1, 0, 0), (1, 0, 0), (1, 0, 0), (1, 0, 0), (1, 0, 0), (1, 0, 0), (1, 0, 0), (1, 0, 0), (1, 0, 0), (1, 0, 0), (1, 0, 0), (1, 0, 0), (1, 0, 0), (1, 0, 0), (1, 0, 0), (1, 0, 0), (1, 0, 0), (1, 0, 0), (1, 0, 0), (1, 0, 0), (1, 0, 0), (1, 0, 0), (1, 0, 0), (1, 0, 0), (1, 0, 0), (1, 0, 0), (1, 0, 0), (1, 0, 0), (1, 0, 0), (1, 0, 0), (1, 0, 0), (1, 0, 0), (1, 0, 0), (1, 0, 0), (1, 0, 0), (1, 0, 0), (1, 0, 0), (1, 0, 0), (1, 0, 0), (1, 0, 0), (1, 0, 0), (1, 0, 0), (1, 0, 0), (1, 0, 0), (1, 0, 0), (1, 0, 0), (1, 0, 0), (1, 0, 0), (1, 0, 0), (-0.206363, 0.489238, 0.847385), (-0.410365, 0.455961, 0.789747), (-0.206363, 0.253248, 0.945135), (-0.410365, 0.236023, 0.880849), (-0.206363, 0.253248, 0.945135), (-0.410365, 0.455961, 0.789747), (-0.206363, -0.847385, -0.489238), (-0.206363, -0.945135, -0.253248), (-0.410365, -0.789747, -0.455961), (-0.410365, -0.880849, -0.236023), (-0.410365, -0.789747, -0.455961), (-0.206363, -0.945135, -0.253248), (-1, 0, 0), (-1, 0, 0), (-1, 0, 0), (-1, 0, 0), (-1, 0, 0), (-1, 0, 0), (-1, 0, 0), (-1, 0, 0), (-1, 0, 0), (-1, 0, 0), (-1, 0, 0), (-1, 0, 0), (-1, 0, 0), (-1, 0, 0), (-1, 0, 0), (-1, 0, 0), (-1, 0, 0), (-1, 0, 0), (-1, 0, 0), (-1, 0, 0), (-1, 0, 0), (-1, 0, 0), (-1, 0, 0), (-1, 0, 0), (-1, 0, 0), (-1, 0, 0), (-1, 0, 0), (-1, 0, 0), (-1, 0, 0), (-1, 0, 0), (-1, 0, 0), (-1, 0, 0), (-1, 0, 0), (-1, 0, 0), (-1, 0, 0), (-1, 0, 0), (-1, 0, 0), (-1, 0, 0), (-1, 0, 0), (-1, 0, 0), (-1, 0, 0), (-1, 0, 0), (-1, 0, 0), (-1, 0, 0), (-1, 0, 0), (-1, 0, 0), (-1, 0, 0), (-1, 0, 0), (-1, 0, 0), (-1, 0, 0), (-1, 0, 0), (-1, 0, 0), (-1, 0, 0), (-1, 0, 0), (-1, 0, 0), (-1, 0, 0), (-1, 0, 0), (-1, 0, 0), (-1, 0, 0), (-1, 0, 0), (-1, 0, 0), (-1, 0, 0), (-1, 0, 0), (-1, 0, 0), (-1, 0, 0), (-1, 0, 0), (-0.410365, 0.236023, -0.880849), (-0.206363, 0.253248, -0.945135), (-0.410365, 0, -0.911922), (-0.206363, 0, -0.978476), (-0.410365, 0, -0.911922), (-0.206363, 0.253248, -0.945135), (-0.206363, -0.691887, -0.691887), (-0.206363, -0.847385, -0.489238), (-0.410365, -0.644826, -0.644826), (-0.410365, -0.789747, -0.455961), (-0.410365, -0.644826, -0.644826), (-0.206363, -0.847385, -0.489238), (-0.410365, -0.236023, -0.880849), (-0.206363, -0.253248, -0.945135), (-0.410365, -0.455961, -0.789747), (-0.206363, -0.489238, -0.847385), (-0.410365, -0.455961, -0.789747), (-0.206363, -0.253248, -0.945135), (-0.206363, 0.945135, -0.253248), (-0.410365, 0.880849, -0.236023), (-0.206363, 0.978476, 0), (-0.410365, 0.911922, 0), (-0.206363, 0.978476, 0), (-0.410365, 0.880849, -0.236023), (-0.206363, 0.691887, -0.691887), (-0.410365, 0.644826, -0.644826), (-0.206363, 0.847385, -0.489238), (-0.410365, 0.789747, -0.455961), (-0.206363, 0.847385, -0.489238), (-0.410365, 0.644826, -0.644826), (-0.206363, -0.945135, -0.253248), (-0.206363, -0.978476, 0), (-0.410365, -0.880849, -0.236023), (-0.410365, -0.911922, 0), (-0.410365, -0.880849, -0.236023), (-0.206363, -0.978476, 0), (-0.410365, 0, -0.911922), (-0.206363, 0, -0.978476), (-0.410365, -0.236023, -0.880849), (-0.206363, -0.253248, -0.945135), (-0.410365, -0.236023, -0.880849), (-0.206363, 0, -0.978476), (-0.410365, -0.455961, -0.789747), (-0.206363, -0.489238, -0.847385), (-0.410365, -0.644826, -0.644826), (-0.206363, -0.691887, -0.691887), (-0.410365, -0.644826, -0.644826), (-0.206363, -0.489238, -0.847385), (-0.206363, 0.691887, -0.691887), (-0.206363, 0.489238, -0.847385), (-0.410365, 0.644826, -0.644826), (-0.410365, 0.455961, -0.789747), (-0.410365, 0.644826, -0.644826), (-0.206363, 0.489238, -0.847385), (-0.410365, -0.455961, 0.789747), (-0.410365, -0.644826, 0.644826), (-0.206363, -0.489238, 0.847385), (-0.206363, -0.691887, 0.691887), (-0.206363, -0.489238, 0.847385), (-0.410365, -0.644826, 0.644826), (-0.410365, 0, 0.911922), (-0.410365, -0.236023, 0.880849), (-0.206363, 0, 0.978476), (-0.206363, -0.253248, 0.945135), (-0.206363, 0, 0.978476), (-0.410365, -0.236023, 0.880849), (-0.206363, -0.978476, 0), (-0.206363, -0.945135, 0.253248), (-0.410365, -0.911922, 0), (-0.410365, -0.880849, 0.236023), (-0.410365, -0.911922, 0), (-0.206363, -0.945135, 0.253248), (-0.206363, -0.847385, 0.489238), (-0.206363, -0.691887, 0.691887), (-0.410365, -0.789747, 0.455961), (-0.410365, -0.644826, 0.644826), (-0.410365, -0.789747, 0.455961), (-0.206363, -0.691887, 0.691887), (-0.206363, 0.691887, 0.691887), (-0.410365, 0.644826, 0.644826), (-0.206363, 0.489238, 0.847385), (-0.410365, 0.455961, 0.789747), (-0.206363, 0.489238, 0.847385), (-0.410365, 0.644826, 0.644826), (-0.410365, -0.236023, 0.880849), (-0.410365, -0.455961, 0.789747), (-0.206363, -0.253248, 0.945135), (-0.206363, -0.489238, 0.847385), (-0.206363, -0.253248, 0.945135), (-0.410365, -0.455961, 0.789747), (-0.206363, 0.253248, 0.945135), (-0.410365, 0.236023, 0.880849), (-0.206363, 0, 0.978476), (-0.410365, 0, 0.911922), (-0.206363, 0, 0.978476), (-0.410365, 0.236023, 0.880849), (-0.206363, 0.489238, -0.847385), (-0.206363, 0.253248, -0.945135), (-0.410365, 0.455961, -0.789747), (-0.410365, 0.236023, -0.880849), (-0.410365, 0.455961, -0.789747), (-0.206363, 0.253248, -0.945135), (-0.206363, 0.945135, 0.253248), (-0.410365, 0.880849, 0.236023), (-0.206363, 0.847385, 0.489238), (-0.410365, 0.789747, 0.455961), (-0.206363, 0.847385, 0.489238), (-0.410365, 0.880849, 0.236023), (-0.206363, 0.978476, 0), (-0.410365, 0.911922, 0), (-0.206363, 0.945135, 0.253248), (-0.410365, 0.880849, 0.236023), (-0.206363, 0.945135, 0.253248), (-0.410365, 0.911922, 0), (-0.206363, -0.945135, 0.253248), (-0.206363, -0.847385, 0.489238), (-0.410365, -0.880849, 0.236023), (-0.410365, -0.789747, 0.455961), (-0.410365, -0.880849, 0.236023), (-0.206363, -0.847385, 0.489238), (-0.206363, 0.847385, 0.489238), (-0.410365, 0.789747, 0.455961), (-0.206363, 0.691887, 0.691887), (-0.410365, 0.644826, 0.644826), (-0.206363, 0.691887, 0.691887), (-0.410365, 0.789747, 0.455961), (0.206363, 0.978476, 0), (-0.206363, 0.978476, 0), (0.206363, 0.945135, 0.253248), (-0.206363, 0.945135, 0.253248), (0.206363, 0.945135, 0.253248), (-0.206363, 0.978476, 0), (0.410365, -0.236023, -0.880849), (0.410365, -0.455961, -0.789747), (0.206363, -0.253248, -0.945135), (0.206363, -0.489238, -0.847385), (0.206363, -0.253248, -0.945135), (0.410365, -0.455961, -0.789747), (0.206363, -0.945135, 0.253248), (0.206363, -0.847385, 0.489238), (-0.206363, -0.945135, 0.253248), (-0.206363, -0.847385, 0.489238), (-0.206363, -0.945135, 0.253248), (0.206363, -0.847385, 0.489238), (0.206363, 0.945135, 0.253248), (-0.206363, 0.945135, 0.253248), (0.206363, 0.847385, 0.489238), (-0.206363, 0.847385, 0.489238), (0.206363, 0.847385, 0.489238), (-0.206363, 0.945135, 0.253248), (0.410365, -0.911922, 0), (0.410365, -0.880849, 0.236023), (0.206363, -0.978476, 0), (0.206363, -0.945135, 0.253248), (0.206363, -0.978476, 0), (0.410365, -0.880849, 0.236023), (0.410365, -0.880849, -0.236023), (0.410365, -0.911922, 0), (0.206363, -0.945135, -0.253248), (0.206363, -0.978476, 0), (0.206363, -0.945135, -0.253248), (0.410365, -0.911922, 0), (0.410365, 0, -0.911922), (0.410365, -0.236023, -0.880849), (0.206363, 0, -0.978476), (0.206363, -0.253248, -0.945135), (0.206363, 0, -0.978476), (0.410365, -0.236023, -0.880849), (-0.206363, 0, -0.978476), (0.206363, 0, -0.978476), (-0.206363, -0.253248, -0.945135), (0.206363, -0.253248, -0.945135), (-0.206363, -0.253248, -0.945135), (0.206363, 0, -0.978476), (-0.206363, 0.489238, -0.847385), (0.206363, 0.489238, -0.847385), (-0.206363, 0.253248, -0.945135), (0.206363, 0.253248, -0.945135), (-0.206363, 0.253248, -0.945135), (0.206363, 0.489238, -0.847385), (0.410365, -0.880849, 0.236023), (0.410365, -0.789747, 0.455961), (0.206363, -0.945135, 0.253248), (0.206363, -0.847385, 0.489238), (0.206363, -0.945135, 0.253248), (0.410365, -0.789747, 0.455961), (-0.206363, 0.847385, -0.489238), (-0.410365, 0.789747, -0.455961), (-0.206363, 0.945135, -0.253248), (-0.410365, 0.880849, -0.236023), (-0.206363, 0.945135, -0.253248), (-0.410365, 0.789747, -0.455961), (0.410365, -0.455961, -0.789747), (0.410365, -0.644826, -0.644826), (0.206363, -0.489238, -0.847385), (0.206363, -0.691887, -0.691887), (0.206363, -0.489238, -0.847385), (0.410365, -0.644826, -0.644826), (0.410365, -0.789747, -0.455961), (0.410365, -0.880849, -0.236023), (0.206363, -0.847385, -0.489238), (0.206363, -0.945135, -0.253248), (0.206363, -0.847385, -0.489238), (0.410365, -0.880849, -0.236023), (-0.206363, 0.253248, -0.945135), (0.206363, 0.253248, -0.945135), (-0.206363, 0, -0.978476), (0.206363, 0, -0.978476), (-0.206363, 0, -0.978476), (0.206363, 0.253248, -0.945135), (0.206363, 0.847385, 0.489238), (-0.206363, 0.847385, 0.489238), (0.206363, 0.691887, 0.691887), (-0.206363, 0.691887, 0.691887), (0.206363, 0.691887, 0.691887), (-0.206363, 0.847385, 0.489238), (0.410365, 0.236023, 0.880849), (0.206363, 0.253248, 0.945135), (0.410365, 0, 0.911922), (0.206363, 0, 0.978476), (0.410365, 0, 0.911922), (0.206363, 0.253248, 0.945135), (0.206363, 0.489238, -0.847385), (0.410365, 0.455961, -0.789747), (0.206363, 0.253248, -0.945135), (0.410365, 0.236023, -0.880849), (0.206363, 0.253248, -0.945135), (0.410365, 0.455961, -0.789747), (0.206363, 0.253248, 0.945135), (-0.206363, 0.253248, 0.945135), (0.206363, 0, 0.978476), (-0.206363, 0, 0.978476), (0.206363, 0, 0.978476), (-0.206363, 0.253248, 0.945135), (-0.206363, 0.691887, -0.691887), (0.206363, 0.691887, -0.691887), (-0.206363, 0.489238, -0.847385), (0.206363, 0.489238, -0.847385), (-0.206363, 0.489238, -0.847385), (0.206363, 0.691887, -0.691887), (0.410365, 0.880849, -0.236023), (0.206363, 0.945135, -0.253248), (0.410365, 0.911922, 0), (0.206363, 0.978476, 0), (0.410365, 0.911922, 0), (0.206363, 0.945135, -0.253248), (0.206363, 0.489238, 0.847385), (0.206363, 0.253248, 0.945135), (0.410365, 0.455961, 0.789747), (0.410365, 0.236023, 0.880849), (0.410365, 0.455961, 0.789747), (0.206363, 0.253248, 0.945135), (0.410365, 0.911922, 0), (0.206363, 0.978476, 0), (0.410365, 0.880849, 0.236023), (0.206363, 0.945135, 0.253248), (0.410365, 0.880849, 0.236023), (0.206363, 0.978476, 0), (0.206363, 0.847385, -0.489238), (-0.206363, 0.847385, -0.489238), (0.206363, 0.945135, -0.253248), (-0.206363, 0.945135, -0.253248), (0.206363, 0.945135, -0.253248), (-0.206363, 0.847385, -0.489238), (0.206363, -0.847385, 0.489238), (0.206363, -0.691887, 0.691887), (-0.206363, -0.847385, 0.489238), (-0.206363, -0.691887, 0.691887), (-0.206363, -0.847385, 0.489238), (0.206363, -0.691887, 0.691887), (0.206363, 0.691887, 0.691887), (0.206363, 0.489238, 0.847385), (0.410365, 0.644826, 0.644826), (0.410365, 0.455961, 0.789747), (0.410365, 0.644826, 0.644826), (0.206363, 0.489238, 0.847385), (0.206363, -0.945135, -0.253248), (0.206363, -0.978476, 0), (-0.206363, -0.945135, -0.253248), (-0.206363, -0.978476, 0), (-0.206363, -0.945135, -0.253248), (0.206363, -0.978476, 0), (0.206363, -0.253248, 0.945135), (-0.206363, -0.253248, 0.945135), (0.206363, -0.489238, 0.847385), (-0.206363, -0.489238, 0.847385), (0.206363, -0.489238, 0.847385), (-0.206363, -0.253248, 0.945135), (0.206363, -0.847385, -0.489238), (0.206363, -0.945135, -0.253248), (-0.206363, -0.847385, -0.489238), (-0.206363, -0.945135, -0.253248), (-0.206363, -0.847385, -0.489238), (0.206363, -0.945135, -0.253248), (0.206363, -0.691887, -0.691887), (0.206363, -0.847385, -0.489238), (-0.206363, -0.691887, -0.691887), (-0.206363, -0.847385, -0.489238), (-0.206363, -0.691887, -0.691887), (0.206363, -0.847385, -0.489238), (0.410365, 0, 0.911922), (0.206363, 0, 0.978476), (0.410365, -0.236023, 0.880849), (0.206363, -0.253248, 0.945135), (0.410365, -0.236023, 0.880849), (0.206363, 0, 0.978476), (-0.206363, -0.253248, -0.945135), (0.206363, -0.253248, -0.945135), (-0.206363, -0.489238, -0.847385), (0.206363, -0.489238, -0.847385), (-0.206363, -0.489238, -0.847385), (0.206363, -0.253248, -0.945135), (0.206363, 0.945135, -0.253248), (-0.206363, 0.945135, -0.253248), (0.206363, 0.978476, 0), (-0.206363, 0.978476, 0), (0.206363, 0.978476, 0), (-0.206363, 0.945135, -0.253248), (0.206363, -0.978476, 0), (0.206363, -0.945135, 0.253248), (-0.206363, -0.978476, 0), (-0.206363, -0.945135, 0.253248), (-0.206363, -0.978476, 0), (0.206363, -0.945135, 0.253248), (0.206363, 0.691887, 0.691887), (-0.206363, 0.691887, 0.691887), (0.206363, 0.489238, 0.847385), (-0.206363, 0.489238, 0.847385), (0.206363, 0.489238, 0.847385), (-0.206363, 0.691887, 0.691887), (-0.206363, -0.489238, -0.847385), (0.206363, -0.489238, -0.847385), (-0.206363, -0.691887, -0.691887), (0.206363, -0.691887, -0.691887), (-0.206363, -0.691887, -0.691887), (0.206363, -0.489238, -0.847385), (0.410365, 0.789747, -0.455961), (0.206363, 0.847385, -0.489238), (0.410365, 0.880849, -0.236023), (0.206363, 0.945135, -0.253248), (0.410365, 0.880849, -0.236023), (0.206363, 0.847385, -0.489238), (0.206363, 0.489238, 0.847385), (-0.206363, 0.489238, 0.847385), (0.206363, 0.253248, 0.945135), (-0.206363, 0.253248, 0.945135), (0.206363, 0.253248, 0.945135), (-0.206363, 0.489238, 0.847385), (0.410365, -0.236023, 0.880849), (0.206363, -0.253248, 0.945135), (0.410365, -0.455961, 0.789747), (0.206363, -0.489238, 0.847385), (0.410365, -0.455961, 0.789747), (0.206363, -0.253248, 0.945135), (0.410365, 0.789747, 0.455961), (0.206363, 0.847385, 0.489238), (0.410365, 0.644826, 0.644826), (0.206363, 0.691887, 0.691887), (0.410365, 0.644826, 0.644826), (0.206363, 0.847385, 0.489238), (0.410365, 0.880849, 0.236023), (0.206363, 0.945135, 0.253248), (0.410365, 0.789747, 0.455961), (0.206363, 0.847385, 0.489238), (0.410365, 0.789747, 0.455961), (0.206363, 0.945135, 0.253248), (0.410365, -0.789747, 0.455961), (0.410365, -0.644826, 0.644826), (0.206363, -0.847385, 0.489238), (0.206363, -0.691887, 0.691887), (0.206363, -0.847385, 0.489238), (0.410365, -0.644826, 0.644826), (0.410365, -0.644826, -0.644826), (0.410365, -0.789747, -0.455961), (0.206363, -0.691887, -0.691887), (0.206363, -0.847385, -0.489238), (0.206363, -0.691887, -0.691887), (0.410365, -0.789747, -0.455961), (0.410365, 0.644826, -0.644826), (0.206363, 0.691887, -0.691887), (0.410365, 0.789747, -0.455961), (0.206363, 0.847385, -0.489238), (0.410365, 0.789747, -0.455961), (0.206363, 0.691887, -0.691887), (0.206363, 0, 0.978476), (-0.206363, 0, 0.978476), (0.206363, -0.253248, 0.945135), (-0.206363, -0.253248, 0.945135), (0.206363, -0.253248, 0.945135), (-0.206363, 0, 0.978476), (0.206363, -0.489238, 0.847385), (-0.206363, -0.489238, 0.847385), (0.206363, -0.691887, 0.691887), (-0.206363, -0.691887, 0.691887), (0.206363, -0.691887, 0.691887), (-0.206363, -0.489238, 0.847385), (0.206363, 0.691887, -0.691887), (0.410365, 0.644826, -0.644826), (0.206363, 0.489238, -0.847385), (0.410365, 0.455961, -0.789747), (0.206363, 0.489238, -0.847385), (0.410365, 0.644826, -0.644826), (0.410365, -0.455961, 0.789747), (0.206363, -0.489238, 0.847385), (0.410365, -0.644826, 0.644826), (0.206363, -0.691887, 0.691887), (0.410365, -0.644826, 0.644826), (0.206363, -0.489238, 0.847385), (0.206363, 0.253248, -0.945135), (0.410365, 0.236023, -0.880849), (0.206363, 0, -0.978476), (0.410365, 0, -0.911922), (0.206363, 0, -0.978476), (0.410365, 0.236023, -0.880849), (0.206363, 0.691887, -0.691887), (-0.206363, 0.691887, -0.691887), (0.206363, 0.847385, -0.489238), (-0.206363, 0.847385, -0.489238), (0.206363, 0.847385, -0.489238), (-0.206363, 0.691887, -0.691887), (1, 0, -6.66134e-16), (1, 0, -6.66134e-16), (1, 0, -6.66134e-16), (1, 0, -6.66134e-16), (1, 0, -6.66134e-16), (1, 0, -6.66134e-16), (1, 0, -6.66134e-16), (1, 0, -6.66134e-16), (1, 0, -6.66134e-16), (1, 0, -6.66134e-16), (1, 0, -6.66134e-16), (1, 0, -6.66134e-16), (1, 0, -6.66134e-16), (1, 0, -6.66134e-16), (1, 0, -6.66134e-16), (1, 0, -6.66134e-16), (1, 0, -6.66134e-16), (1, 0, -6.66134e-16), (1, 0, -6.66134e-16), (1, 0, -6.66134e-16), (1, 0, -6.66134e-16), (1, 0, -6.66134e-16), (1, 0, -6.66134e-16), (1, 0, -6.66134e-16), (1, 0, -6.66134e-16), (1, 0, -6.66134e-16), (1, 0, -6.66134e-16), (1, 0, -6.66134e-16), (1, 0, -6.66134e-16), (1, 0, -6.66134e-16), (1, 0, -6.66134e-16), (1, 0, -6.66134e-16), (1, 0, -6.66134e-16), (1, 0, -6.66134e-16), (1, 0, -6.66134e-16), (1, 0, -6.66134e-16), (1, 0, -6.66134e-16), (1, 0, -6.66134e-16), (1, 0, -6.66134e-16), (1, 0, -6.66134e-16), (1, 0, -6.66134e-16), (1, 0, -6.66134e-16), (1, 0, -6.66134e-16), (1, 0, -6.66134e-16), (1, 0, -6.66134e-16), (1, 0, -6.66134e-16), (1, 0, -6.66134e-16), (1, 0, -6.66134e-16), (1, 0, -6.66134e-16), (1, 0, -6.66134e-16), (1, 0, -6.66134e-16), (1, 0, -6.66134e-16), (1, 0, -6.66134e-16), (1, 0, -6.66134e-16), (1, 0, -6.66134e-16), (1, 0, -6.66134e-16), (1, 0, -6.66134e-16), (1, 0, -6.66134e-16), (1, 0, -6.66134e-16), (1, 0, -6.66134e-16), (1, 0, -6.66134e-16), (1, 0, -6.66134e-16), (1, 0, -6.66134e-16), (1, 0, -6.66134e-16), (1, 0, -6.66134e-16), (1, 0, -6.66134e-16), (1, 0, -6.66134e-16), (1, 0, -6.66134e-16), (1, 0, -6.66134e-16), (1, 0, -6.66134e-16), (1, 0, -6.66134e-16), (1, 0, -6.66134e-16), (1, 0, -6.66134e-16), (1, 0, -6.66134e-16), (1, 0, -6.66134e-16), (1, 0, -6.66134e-16), (1, 0, -6.66134e-16), (1, 0, -6.66134e-16), (1, 0, -6.66134e-16), (1, 0, -6.66134e-16), (1, 0, -6.66134e-16), (1, 0, -6.66134e-16), (1, 0, -6.66134e-16), (1, 0, -6.66134e-16), (1, 0, -6.66134e-16), (1, 0, -6.66134e-16), (1, 0, -6.66134e-16), (1, 0, -6.66134e-16), (1, 0, -6.66134e-16), (1, 0, -6.66134e-16), (1, 0, -6.66134e-16), (1, 0, -6.66134e-16), (1, 0, -6.66134e-16), (1, 0, -6.66134e-16), (1, 0, -6.66134e-16), (1, 0, -6.66134e-16), (1, 0, -6.66134e-16), (1, 0, -6.66134e-16), (1, 0, -6.66134e-16), (1, 0, -6.66134e-16), (1, 0, -6.66134e-16), (1, 0, -6.66134e-16), (1, 0, -6.66134e-16), (1, 0, -6.66134e-16), (1, 0, -6.66134e-16), (1, 0, -6.66134e-16), (1, 0, -6.66134e-16), (1, 0, -6.66134e-16), (1, 0, -6.66134e-16), (1, 0, -6.66134e-16), (1, 0, -6.66134e-16), (1, 0, -6.66134e-16), (1, 0, -6.66134e-16), (1, 0, -6.66134e-16), (1, 0, -6.66134e-16), (1, 0, -6.66134e-16), (1, 0, -6.66134e-16), (1, 0, -6.66134e-16), (1, 0, -6.66134e-16), (1, 0, -6.66134e-16), (1, 0, -6.66134e-16), (1, 0, -6.66134e-16), (1, 0, -6.66134e-16), (1, 0, -6.66134e-16), (1, 0, -6.66134e-16), (1, 0, -6.66134e-16), (1, 0, -6.66134e-16), (1, 0, -6.66134e-16), (1, 0, -6.66134e-16), (1, 0, -6.66134e-16), (1, 0, -6.66134e-16), (1, 0, -6.66134e-16), (1, 0, -6.66134e-16), (1, 0, -6.66134e-16), (1, 0, -6.66134e-16), (1, 0, -6.66134e-16), (1, 0, -6.66134e-16), (1, 0, -6.66134e-16), (1, 0, -6.66134e-16), (1, 0, -6.66134e-16), (1, 0, -6.66134e-16), (1, 0, -6.66134e-16), (1, 0, -6.66134e-16), (1, 0, -6.66134e-16), (0.516, -0.428294, -0.741827), (0.516, -0.221701, -0.827401), (0.516, -0.428294, -0.741827), (0.516, -0.221701, -0.827401), (0.516, -0.428294, -0.741827), (0.516, -0.221701, -0.827401), (0.516, 0, 0.856588), (0.516, 0.221701, 0.827401), (0.516, 0, 0.856588), (0.516, 0.221701, 0.827401), (0.516, 0, 0.856588), (0.516, 0.221701, 0.827401), (0.516, 0.428294, -0.741827), (0.516, 0.428294, -0.741827), (0.516, 0.605699, -0.605699), (0.516, 0.605699, -0.605699), (0.516, 0.605699, -0.605699), (0.516, 0.428294, -0.741827), (0.516, -0.605699, -0.605699), (0.516, -0.428294, -0.741827), (0.516, -0.605699, -0.605699), (0.516, -0.428294, -0.741827), (0.516, -0.605699, -0.605699), (0.516, -0.428294, -0.741827), (0.516, 0.428294, 0.741827), (0.516, 0.605699, 0.605699), (0.516, 0.428294, 0.741827), (0.516, 0.605699, 0.605699), (0.516, 0.428294, 0.741827), (0.516, 0.605699, 0.605699), (0.516, -0.741827, 0.428294), (0.516, -0.827401, 0.221701), (0.516, -0.741827, 0.428294), (0.516, -0.827401, 0.221701), (0.516, -0.741827, 0.428294), (0.516, -0.827401, 0.221701), (0.516, -0.605699, 0.605699), (0.516, -0.741827, 0.428294), (0.516, -0.605699, 0.605699), (0.516, -0.741827, 0.428294), (0.516, -0.605699, 0.605699), (0.516, -0.741827, 0.428294), (0.516, -0.827401, 0.221701), (0.516, -0.856588, 0), (0.516, -0.827401, 0.221701), (0.516, -0.856588, 0), (0.516, -0.827401, 0.221701), (0.516, -0.856588, 0), (1, 0, 0), (1, 0, 0), (1, 0, 0), (1, 0, 0), (1, 0, 0), (1, 0, 0), (1, 0, 0), (1, 0, 0), (1, 0, 0), (1, 0, 0), (1, 0, 0), (1, 0, 0), (1, 0, 0), (1, 0, 0), (1, 0, 0), (1, 0, 0), (1, 0, 0), (1, 0, 0), (1, 0, 0), (1, 0, 0), (1, 0, 0), (1, 0, 0), (1, 0, 0), (1, 0, 0), (1, 0, 0), (1, 0, 0), (1, 0, 0), (1, 0, 0), (1, 0, 0), (1, 0, 0), (1, 0, 0), (1, 0, 0), (1, 0, 0), (1, 0, 0), (1, 0, 0), (1, 0, 0), (1, 0, 0), (1, 0, 0), (1, 0, 0), (1, 0, 0), (1, 0, 0), (1, 0, 0), (1, 0, 0), (1, 0, 0), (1, 0, 0), (1, 0, 0), (1, 0, 0), (1, 0, 0), (1, 0, 0), (1, 0, 0), (1, 0, 0), (1, 0, 0), (1, 0, 0), (1, 0, 0), (1, 0, 0), (1, 0, 0), (1, 0, 0), (1, 0, 0), (1, 0, 0), (1, 0, 0), (1, 0, 0), (1, 0, 0), (1, 0, 0), (1, 0, 0), (1, 0, 0), (1, 0, 0), (0.516, 0.221701, -0.827401), (0.516, 0.221701, -0.827401), (0.516, 0.428294, -0.741827), (0.516, 0.428294, -0.741827), (0.516, 0.428294, -0.741827), (0.516, 0.221701, -0.827401), (0.516, -0.605699, 0.605699), (0.516, -0.605699, 0.605699), (0.516, -0.428294, 0.741827), (0.516, -0.428294, 0.741827), (0.516, -0.428294, 0.741827), (0.516, -0.605699, 0.605699), (0.516, -0.827401, -0.221701), (0.516, -0.741827, -0.428294), (0.516, -0.827401, -0.221701), (0.516, -0.741827, -0.428294), (0.516, -0.827401, -0.221701), (0.516, -0.741827, -0.428294), (0.516, 0.741827, 0.428294), (0.516, 0.741827, 0.428294), (0.516, 0.827401, 0.221701), (0.516, 0.827401, 0.221701), (0.516, 0.827401, 0.221701), (0.516, 0.741827, 0.428294), (0.516, -0.741827, -0.428294), (0.516, -0.605699, -0.605699), (0.516, -0.741827, -0.428294), (0.516, -0.605699, -0.605699), (0.516, -0.741827, -0.428294), (0.516, -0.605699, -0.605699), (0.516, 0.221701, 0.827401), (0.516, 0.428294, 0.741827), (0.516, 0.221701, 0.827401), (0.516, 0.428294, 0.741827), (0.516, 0.221701, 0.827401), (0.516, 0.428294, 0.741827), (0.516, 0.856588, 0), (0.516, 0.827401, 0.221701), (0.516, 0.856588, 0), (0.516, 0.827401, 0.221701), (0.516, 0.856588, 0), (0.516, 0.827401, 0.221701), (0.516, -0.221701, 0.827401), (0.516, -0.221701, 0.827401), (0.516, 0, 0.856588), (0.516, 0, 0.856588), (0.516, 0, 0.856588), (0.516, -0.221701, 0.827401), (0.516, 0.605699, -0.605699), (0.516, 0.741827, -0.428294), (0.516, 0.605699, -0.605699), (0.516, 0.741827, -0.428294), (0.516, 0.605699, -0.605699), (0.516, 0.741827, -0.428294), (0.516, -0.221701, -0.827401), (0.516, 0, -0.856588), (0.516, -0.221701, -0.827401), (0.516, 0, -0.856588), (0.516, -0.221701, -0.827401), (0.516, 0, -0.856588), (0.516, -0.428294, 0.741827), (0.516, -0.428294, 0.741827), (0.516, -0.221701, 0.827401), (0.516, -0.221701, 0.827401), (0.516, -0.221701, 0.827401), (0.516, -0.428294, 0.741827), (0.516, 0.856588, 0), (0.516, 0.856588, 0), (0.516, 0.827401, -0.221701), (0.516, 0.827401, -0.221701), (0.516, 0.827401, -0.221701), (0.516, 0.856588, 0), (0.516, 0, -0.856588), (0.516, 0, -0.856588), (0.516, 0.221701, -0.827401), (0.516, 0.221701, -0.827401), (0.516, 0.221701, -0.827401), (0.516, 0, -0.856588), (0.516, 0.741827, 0.428294), (0.516, 0.605699, 0.605699), (0.516, 0.741827, 0.428294), (0.516, 0.605699, 0.605699), (0.516, 0.741827, 0.428294), (0.516, 0.605699, 0.605699), (0.516, 0.741827, -0.428294), (0.516, 0.827401, -0.221701), (0.516, 0.741827, -0.428294), (0.516, 0.827401, -0.221701), (0.516, 0.741827, -0.428294), (0.516, 0.827401, -0.221701), (0.516, -0.856588, 0), (0.516, -0.827401, -0.221701), (0.516, -0.856588, 0), (0.516, -0.827401, -0.221701), (0.516, -0.856588, 0), (0.516, -0.827401, -0.221701)] (interpolation = "faceVarying")
        texCoord2f[] primvars:st = [(0.34375, 0.416421), (0.34375, 0.448205), (0.34375, 0.448205), (0.34375, 0.448205), (0.34375, 0.416421), (0.34375, 0.416421), (0.34375, 0.318999), (0.34375, 0.275), (0.34375, 0.275), (0.34375, 0.275), (0.34375, 0.318999), (0.34375, 0.326764), (0.34375, 0.275), (0.34375, 0.275), (0.34375, 0.275), (0.34375, 0.275), (0.34375, 0.275), (0.34375, 0.275), (0.34375, 0.395208), (0.34375, 0.375), (0.34375, 0.36), (0.34375, 0.375), (0.34375, 0.395208), (0.34375, 0.416421), (0.34375, 0.275), (0.34375, 0.275), (0.34375, 0.275), (0.34375, 0.275), (0.34375, 0.275), (0.34375, 0.275), (0.34375, 0.275), (0.34375, 0.275), (0.34375, 0.275), (0.34375, 0.275), (0.34375, 0.275), (0.34375, 0.275), (0.34375, 0.416421), (0.34375, 0.422224), (0.34375, 0.448205), (0.34375, 0.422224), (0.34375, 0.416421), (0.34375, 0.395208), (0.34375, 0.275), (0.34375, 0.275), (0.34375, 0.275), (0.34375, 0.275), (0.34375, 0.275), (0.34375, 0.275), (0.34375, 0.275), (0.34375, 0.275), (0.34375, 0.275), (0.34375, 0.275), (0.34375, 0.275), (0.34375, 0.275), (0.34375, 0.468185), (0.34375, 0.422224), (0.34375, 0.448205), (0.34375, 0.422224), (0.34375, 0.468185), (0.34375, 0.439207), (0.34375, 0.448205), (0.34375, 0.395208), (0.34375, 0.416421), (0.34375, 0.395208), (0.34375, 0.448205), (0.34375, 0.422224), (0.34375, 0.275), (0.34375, 0.275), (0.34375, 0.275), (0.34375, 0.275), (0.34375, 0.275), (0.34375, 0.275), (0.34375, 0.375), (0.34375, 0.326764), (0.34375, 0.326764), (0.34375, 0.326764), (0.34375, 0.375), (0.34375, 0.375), (0.34375, 0.448205), (0.34375, 0.439207), (0.34375, 0.468185), (0.34375, 0.439207), (0.34375, 0.448205), (0.34375, 0.422224), (0.34375, 0.275), (0.34375, 0.275), (0.34375, 0.275), (0.34375, 0.275), (0.34375, 0.275), (0.34375, 0.275), (0.34375, 0.416421), (0.34375, 0.375), (0.34375, 0.375), (0.34375, 0.375), (0.34375, 0.416421), (0.34375, 0.416421), (0.34375, 0.275), (0.34375, 0.275), (0.34375, 0.275), (0.34375, 0.275), (0.34375, 0.275), (0.34375, 0.275), (0.34375, 0.468185), (0.34375, 0.475), (0.34375, 0.475), (0.34375, 0.475), (0.34375, 0.468185), (0.34375, 0.468185), (0.34375, 0.275), (0.34375, 0.275), (0.34375, 0.275), (0.34375, 0.275), (0.34375, 0.275), (0.34375, 0.275), (0.34375, 0.275), (0.34375, 0.275), (0.34375, 0.275), (0.34375, 0.275), (0.34375, 0.275), (0.34375, 0.275), (0.34375, 0.275), (0.34375, 0.275), (0.34375, 0.275), (0.34375, 0.275), (0.34375, 0.275), (0.34375, 0.275), (0.34375, 0.275), (0.34375, 0.275), (0.34375, 0.275), (0.34375, 0.275), (0.34375, 0.275), (0.34375, 0.275), (0.34375, 0.275), (0.34375, 0.275), (0.34375, 0.275), (0.34375, 0.275), (0.34375, 0.275), (0.34375, 0.275), (0.34375, 0.275), (0.34375, 0.275), (0.34375, 0.275), (0.34375, 0.275), (0.34375, 0.275), (0.34375, 0.275), (0.34375, 0.375), (0.34375, 0.395208), (0.34375, 0.36), (0.34375, 0.395208), (0.34375, 0.375), (0.34375, 0.416421), (0.34375, 0.275), (0.34375, 0.275), (0.34375, 0.275), (0.34375, 0.275), (0.34375, 0.275), (0.34375, 0.275), (0.34375, 0.448205), (0.34375, 0.468185), (0.34375, 0.468185), (0.34375, 0.468185), (0.34375, 0.448205), (0.34375, 0.448205), (0.34375, 0.475), (0.34375, 0.439207), (0.34375, 0.468185), (0.34375, 0.439207), (0.34375, 0.475), (0.34375, 0.445), (0.34375, 0.326764), (0.34375, 0.36), (0.34375, 0.318999), (0.34375, 0.36), (0.34375, 0.326764), (0.34375, 0.375), (0.34375, 0.468185), (0.34375, 0.445), (0.34375, 0.475), (0.34375, 0.445), (0.34375, 0.468185), (0.34375, 0.439207), (0.34375, 0.416421), (0.34375, 0.375), (0.34375, 0.375), (0.34375, 0.375), (0.34375, 0.416421), (0.34375, 0.416421), (0.34375, 0.326764), (0.34375, 0.275), (0.34375, 0.275), (0.34375, 0.275), (0.34375, 0.326764), (0.34375, 0.326764), (0.34375, 0.36), (0.34375, 0.326764), (0.34375, 0.318999), (0.34375, 0.326764), (0.34375, 0.36), (0.34375, 0.375), (0.34375, 0.326764), (0.34375, 0.275), (0.34375, 0.275), (0.34375, 0.275), (0.34375, 0.326764), (0.34375, 0.318999), (0.34375, 0.448205), (0.34375, 0.416421), (0.34375, 0.416421), (0.34375, 0.416421), (0.34375, 0.448205), (0.34375, 0.448205), (0.34375, 0.326764), (0.34375, 0.275), (0.34375, 0.275), (0.34375, 0.275), (0.34375, 0.326764), (0.34375, 0.326764), (0.34375, 0.275), (0.34375, 0.275), (0.34375, 0.275), (0.34375, 0.275), (0.34375, 0.275), (0.34375, 0.275), (0.34375, 0.275), (0.34375, 0.275), (0.34375, 0.275), (0.34375, 0.275), (0.34375, 0.275), (0.34375, 0.275), (0.34375, 0.422224), (0.34375, 0.468185), (0.34375, 0.439207), (0.34375, 0.468185), (0.34375, 0.422224), (0.34375, 0.448205), (0.34375, 0.275), (0.34375, 0.275), (0.34375, 0.275), (0.34375, 0.275), (0.34375, 0.275), (0.34375, 0.275), (0.34375, 0.375), (0.34375, 0.326764), (0.34375, 0.326764), (0.34375, 0.326764), (0.34375, 0.375), (0.34375, 0.375), (0.34375, 0.275), (0.34375, 0.275), (0.34375, 0.275), (0.34375, 0.275), (0.34375, 0.275), (0.34375, 0.275), (0.34375, 0.275), (0.34375, 0.275), (0.34375, 0.275), (0.34375, 0.275), (0.34375, 0.275), (0.34375, 0.275), (0.34375, 0.275), (0.34375, 0.275), (0.34375, 0.275), (0.34375, 0.275), (0.34375, 0.275), (0.34375, 0.275), (0.34375, 0.275), (0.34375, 0.275), (0.34375, 0.275), (0.34375, 0.275), (0.34375, 0.275), (0.34375, 0.275), (0.34375, 0.468185), (0.34375, 0.448205), (0.34375, 0.448205), (0.34375, 0.448205), (0.34375, 0.468185), (0.34375, 0.468185), (0.34375, 0.275), (0.34375, 0.275), (0.34375, 0.275), (0.34375, 0.275), (0.34375, 0.275), (0.34375, 0.275), (0.34375, 0.275), (0.34375, 0.275), (0.34375, 0.275), (0.34375, 0.275), (0.34375, 0.275), (0.34375, 0.275), (0.34375, 0.475), (0.34375, 0.468185), (0.34375, 0.468185), (0.34375, 0.468185), (0.34375, 0.475), (0.34375, 0.475), (0.34375, 0.422224), (0.34375, 0.416421), (0.34375, 0.395208), (0.34375, 0.416421), (0.34375, 0.422224), (0.34375, 0.448205), (0.34375, 0.275), (0.34375, 0.275), (0.34375, 0.275), (0.34375, 0.275), (0.34375, 0.275), (0.34375, 0.275), (0.34375, 0.445), (0.34375, 0.468185), (0.34375, 0.439207), (0.34375, 0.468185), (0.34375, 0.445), (0.34375, 0.475), (0.34375, 0.439207), (0.34375, 0.448205), (0.34375, 0.422224), (0.34375, 0.448205), (0.34375, 0.439207), (0.34375, 0.468185), (0.34375, 0.326764), (0.34375, 0.36), (0.34375, 0.318999), (0.34375, 0.36), (0.34375, 0.326764), (0.34375, 0.375), (0.34375, 0.318999), (0.34375, 0.275), (0.34375, 0.275), (0.34375, 0.275), (0.34375, 0.318999), (0.34375, 0.326764), (0.34375, 0.275), (0.34375, 0.275), (0.34375, 0.275), (0.34375, 0.275), (0.34375, 0.275), (0.34375, 0.275), (0.34375, 0.395208), (0.34375, 0.375), (0.34375, 0.36), (0.34375, 0.375), (0.34375, 0.395208), (0.34375, 0.416421), (0.34375, 0.275), (0.34375, 0.275), (0.34375, 0.275), (0.34375, 0.275), (0.34375, 0.275), (0.34375, 0.275), (0.34375, 0.275), (0.34375, 0.275), (0.34375, 0.275), (0.34375, 0.275), (0.34375, 0.275), (0.34375, 0.275), (0.34375, 0.275), (0.34375, 0.275), (0.34375, 0.275), (0.34375, 0.275), (0.34375, 0.275), (0.34375, 0.275), (0.34375, 0.275), (0.34375, 0.275), (0.34375, 0.275), (0.34375, 0.275), (0.34375, 0.275), (0.34375, 0.275), (0.34375, 0.375), (0.34375, 0.395208), (0.34375, 0.36), (0.34375, 0.395208), (0.34375, 0.375), (0.34375, 0.416421), (0.34375, 0.275), (0.34375, 0.275), (0.34375, 0.275), (0.34375, 0.275), (0.34375, 0.275), (0.34375, 0.275), (0.34375, 0.275), (0.34375, 0.275), (0.34375, 0.275), (0.34375, 0.275), (0.34375, 0.275), (0.34375, 0.275), (0.34375, 0.275), (0.34375, 0.275), (0.34375, 0.275), (0.34375, 0.275), (0.34375, 0.275), (0.34375, 0.275), (0.34375, 0.395208), (0.34375, 0.448205), (0.34375, 0.422224), (0.34375, 0.448205), (0.34375, 0.395208), (0.34375, 0.416421), (0.34375, 0.439207), (0.34375, 0.475), (0.34375, 0.445), (0.34375, 0.475), (0.34375, 0.439207), (0.34375, 0.468185), (0.34375, 0.275), (0.34375, 0.275), (0.34375, 0.275), (0.34375, 0.275), (0.34375, 0.275), (0.34375, 0.275), (0.34375, 0.275), (0.34375, 0.275), (0.34375, 0.275), (0.34375, 0.275), (0.34375, 0.275), (0.34375, 0.275), (0.34375, 0.326764), (0.34375, 0.275), (0.34375, 0.275), (0.34375, 0.275), (0.34375, 0.326764), (0.34375, 0.318999), (0.34375, 0.318999), (0.34375, 0.275), (0.34375, 0.275), (0.34375, 0.275), (0.34375, 0.318999), (0.34375, 0.275), (0.34375, 0.275), (0.34375, 0.318999), (0.34375, 0.36), (0.34375, 0.275), (0.34375, 0.36), (0.34375, 0.395208), (0.34375, 0.275), (0.34375, 0.395208), (0.34375, 0.275), (0.34375, 0.275), (0.34375, 0.395208), (0.34375, 0.422224), (0.34375, 0.275), (0.34375, 0.422224), (0.34375, 0.275), (0.34375, 0.275), (0.34375, 0.422224), (0.34375, 0.439207), (0.34375, 0.275), (0.34375, 0.439207), (0.34375, 0.275), (0.34375, 0.275), (0.34375, 0.439207), (0.34375, 0.445), (0.34375, 0.275), (0.34375, 0.445), (0.34375, 0.275), (0.34375, 0.275), (0.34375, 0.445), (0.34375, 0.439207), (0.34375, 0.275), (0.34375, 0.439207), (0.34375, 0.275), (0.34375, 0.275), (0.34375, 0.439207), (0.34375, 0.422224), (0.34375, 0.275), (0.34375, 0.422224), (0.34375, 0.275), (0.34375, 0.275), (0.34375, 0.422224), (0.34375, 0.395208), (0.34375, 0.275), (0.34375, 0.395208), (0.34375, 0.275), (0.34375, 0.275), (0.34375, 0.395208), (0.34375, 0.36), (0.34375, 0.275), (0.34375, 0.36), (0.34375, 0.275), (0.34375, 0.275), (0.34375, 0.36), (0.34375, 0.318999), (0.34375, 0.275), (0.34375, 0.318999), (0.34375, 0.275), (0.34375, 0.275), (0.34375, 0.318999), (0.34375, 0.275), (0.34375, 0.275), (0.34375, 0.275), (0.34375, 0.275), (0.34375, 0.275), (0.34375, 0.275), (0.34375, 0.275), (0.34375, 0.36), (0.34375, 0.326764), (0.34375, 0.318999), (0.34375, 0.326764), (0.34375, 0.36), (0.34375, 0.375), (0.34375, 0.275), (0.34375, 0.318999), (0.34375, 0.275), (0.34375, 0.318999), (0.34375, 0.275), (0.34375, 0.275), (0.34375, 0.318999), (0.34375, 0.275), (0.34375, 0.36), (0.34375, 0.36), (0.34375, 0.275), (0.34375, 0.275), (0.34375, 0.36), (0.34375, 0.275), (0.34375, 0.275), (0.34375, 0.275), (0.34375, 0.395208), (0.34375, 0.36), (0.34375, 0.275), (0.34375, 0.275), (0.34375, 0.275), (0.34375, 0.395208), (0.34375, 0.275), (0.34375, 0.306294), (0.34375, 0.275), (0.34375, 0.275), (0.34375, 0.275), (0.34375, 0.395208), (0.34375, 0.306294), (0.34375, 0.422224), (0.34375, 0.275), (0.34375, 0.275), (0.34375, 0.275), (0.34375, 0.275), (0.34375, 0.275), (0.34375, 0.275), (0.34375, 0.275), (0.34375, 0.275), (0.34375, 0.275), (0.34375, 0.275), (0.34375, 0.275), (0.34375, 0.275), (0.34375, 0.275), (0.34375, 0.275), (0.34375, 0.275), (0.34375, 0.275), (0.34375, 0.275), (0.34375, 0.275), (0.34375, 0.275), (0.34375, 0.275), (0.34375, 0.275), (0.34375, 0.422224), (0.34375, 0.306294), (0.34375, 0.335456), (0.34375, 0.422224), (0.34375, 0.335456), (0.34375, 0.360498), (0.34375, 0.422224), (0.34375, 0.360498), (0.34375, 0.379713), (0.34375, 0.422224), (0.34375, 0.379713), (0.34375, 0.439207), (0.34375, 0.439207), (0.34375, 0.379713), (0.34375, 0.391792), (0.34375, 0.275), (0.34375, 0.275), (0.34375, 0.275), (0.34375, 0.275), (0.34375, 0.275), (0.34375, 0.275), (0.34375, 0.275), (0.34375, 0.275), (0.34375, 0.275), (0.34375, 0.275), (0.34375, 0.275), (0.34375, 0.275), (0.34375, 0.275), (0.34375, 0.275), (0.34375, 0.275), (0.34375, 0.439207), (0.34375, 0.391792), (0.34375, 0.445), (0.34375, 0.445), (0.34375, 0.391792), (0.34375, 0.395912), (0.34375, 0.445), (0.34375, 0.395912), (0.34375, 0.391792), (0.34375, 0.445), (0.34375, 0.391792), (0.34375, 0.439207), (0.34375, 0.439207), (0.34375, 0.391792), (0.34375, 0.379713), (0.34375, 0.439207), (0.34375, 0.379713), (0.34375, 0.422224), (0.34375, 0.422224), (0.34375, 0.379713), (0.34375, 0.360498), (0.34375, 0.275), (0.34375, 0.275), (0.34375, 0.275), (0.34375, 0.422224), (0.34375, 0.360498), (0.34375, 0.395208), (0.34375, 0.275), (0.34375, 0.275), (0.34375, 0.275), (0.34375, 0.275), (0.34375, 0.275), (0.34375, 0.275), (0.34375, 0.395208), (0.34375, 0.360498), (0.34375, 0.335456), (0.34375, 0.395208), (0.34375, 0.335456), (0.34375, 0.306294), (0.34375, 0.275), (0.34375, 0.275), (0.34375, 0.275), (0.34375, 0.395208), (0.34375, 0.306294), (0.34375, 0.275), (0.34375, 0.275), (0.34375, 0.275), (0.34375, 0.275), (0.34375, 0.395208), (0.34375, 0.275), (0.34375, 0.36), (0.34375, 0.36), (0.34375, 0.275), (0.34375, 0.275), (0.34375, 0.36), (0.34375, 0.275), (0.34375, 0.275), (0.34375, 0.36), (0.34375, 0.275), (0.34375, 0.318999), (0.34375, 0.318999), (0.34375, 0.275), (0.34375, 0.275), (0.71875, 0.400882), (0.71875, 0.349118), (0.71875, 0.375), (0.71875, 0.349118), (0.71875, 0.400882), (0.71875, 0.425), (0.71875, 0.349118), (0.71875, 0.425), (0.71875, 0.325), (0.71875, 0.325), (0.71875, 0.425), (0.71875, 0.445711), (0.71875, 0.325), (0.71875, 0.445711), (0.71875, 0.304289), (0.71875, 0.304289), (0.71875, 0.445711), (0.71875, 0.375), (0.71875, 0.445711), (0.71875, 0.392193), (0.71875, 0.375), (0.71875, 0.304289), (0.71875, 0.375), (0.71875, 0.357807), (0.71875, 0.392193), (0.71875, 0.445711), (0.71875, 0.461603), (0.71875, 0.392193), (0.71875, 0.461603), (0.71875, 0.408214), (0.71875, 0.408214), (0.71875, 0.461603), (0.71875, 0.421971), (0.71875, 0.304289), (0.71875, 0.357807), (0.71875, 0.288397), (0.71875, 0.288397), (0.71875, 0.357807), (0.71875, 0.341786), (0.71875, 0.288397), (0.71875, 0.341786), (0.71875, 0.328029), (0.71875, 0.421971), (0.71875, 0.461603), (0.71875, 0.471593), (0.71875, 0.421971), (0.71875, 0.471593), (0.71875, 0.432528), (0.71875, 0.432528), (0.71875, 0.471593), (0.71875, 0.439164), (0.71875, 0.439164), (0.71875, 0.471593), (0.71875, 0.475), (0.71875, 0.439164), (0.71875, 0.475), (0.71875, 0.441427), (0.71875, 0.288397), (0.71875, 0.328029), (0.71875, 0.278407), (0.71875, 0.278407), (0.71875, 0.328029), (0.71875, 0.317472), (0.71875, 0.278407), (0.71875, 0.317472), (0.71875, 0.310836), (0.71875, 0.441427), (0.71875, 0.475), (0.71875, 0.471593), (0.71875, 0.441427), (0.71875, 0.471593), (0.71875, 0.439164), (0.71875, 0.439164), (0.71875, 0.471593), (0.71875, 0.432528), (0.71875, 0.278407), (0.71875, 0.310836), (0.71875, 0.275), (0.71875, 0.275), (0.71875, 0.310836), (0.71875, 0.308573), (0.71875, 0.275), (0.71875, 0.308573), (0.71875, 0.310836), (0.71875, 0.275), (0.71875, 0.310836), (0.71875, 0.278407), (0.71875, 0.278407), (0.71875, 0.310836), (0.71875, 0.317472), (0.71875, 0.432528), (0.71875, 0.471593), (0.71875, 0.461603), (0.71875, 0.432528), (0.71875, 0.461603), (0.71875, 0.421971), (0.71875, 0.421971), (0.71875, 0.461603), (0.71875, 0.408214), (0.71875, 0.278407), (0.71875, 0.317472), (0.71875, 0.288397), (0.71875, 0.288397), (0.71875, 0.317472), (0.71875, 0.328029), (0.71875, 0.288397), (0.71875, 0.328029), (0.71875, 0.341786), (0.71875, 0.408214), (0.71875, 0.461603), (0.71875, 0.445711), (0.71875, 0.288397), (0.71875, 0.341786), (0.71875, 0.304289), (0.71875, 0.408214), (0.71875, 0.445711), (0.71875, 0.392193), (0.71875, 0.304289), (0.71875, 0.341786), (0.71875, 0.357807), (0.71875, 0.392193), (0.71875, 0.445711), (0.71875, 0.375), (0.71875, 0.304289), (0.71875, 0.357807), (0.71875, 0.375), (0.71875, 0.304289), (0.71875, 0.375), (0.71875, 0.445711), (0.71875, 0.304289), (0.71875, 0.445711), (0.71875, 0.425), (0.71875, 0.304289), (0.71875, 0.425), (0.71875, 0.325), (0.71875, 0.325), (0.71875, 0.425), (0.71875, 0.400882), (0.71875, 0.325), (0.71875, 0.400882), (0.71875, 0.349118), (0.71875, 0.349118), (0.71875, 0.400882), (0.71875, 0.375), (0.71875, 0.353637), (0.71875, 0.345), (0.71875, 0.343978), (0.71875, 0.345), (0.71875, 0.353637), (0.71875, 0.355), (0.71875, 0.276363), (0.71875, 0.289019), (0.71875, 0.286022), (0.71875, 0.289019), (0.71875, 0.276363), (0.71875, 0.280359), (0.71875, 0.286716), (0.71875, 0.289019), (0.71875, 0.293787), (0.71875, 0.289019), (0.71875, 0.286716), (0.71875, 0.280359), (0.71875, 0.315), (0.71875, 0.307235), (0.71875, 0.304647), (0.71875, 0.307235), (0.71875, 0.315), (0.71875, 0.315), (0.71875, 0.285), (0.71875, 0.276363), (0.71875, 0.286022), (0.71875, 0.276363), (0.71875, 0.285), (0.71875, 0.275), (0.71875, 0.33), (0.71875, 0.325353), (0.71875, 0.322765), (0.71875, 0.325353), (0.71875, 0.33), (0.71875, 0.335), (0.71875, 0.315), (0.71875, 0.322765), (0.71875, 0.315), (0.71875, 0.322765), (0.71875, 0.315), (0.71875, 0.325353), (0.71875, 0.280359), (0.71875, 0.293787), (0.71875, 0.289019), (0.71875, 0.293787), (0.71875, 0.280359), (0.71875, 0.286716), (0.71875, 0.322765), (0.71875, 0.315), (0.71875, 0.315), (0.71875, 0.315), (0.71875, 0.322765), (0.71875, 0.325353), (0.71875, 0.276363), (0.71875, 0.285), (0.71875, 0.286022), (0.71875, 0.285), (0.71875, 0.276363), (0.71875, 0.275), (0.71875, 0.3), (0.71875, 0.304647), (0.71875, 0.295), (0.71875, 0.304647), (0.71875, 0.3), (0.71875, 0.307235), (0.71875, 0.343284), (0.71875, 0.340981), (0.71875, 0.336213), (0.71875, 0.340981), (0.71875, 0.343284), (0.71875, 0.349641), (0.71875, 0.289019), (0.71875, 0.276363), (0.71875, 0.286022), (0.71875, 0.276363), (0.71875, 0.289019), (0.71875, 0.280359), (0.71875, 0.349641), (0.71875, 0.343978), (0.71875, 0.340981), (0.71875, 0.343978), (0.71875, 0.349641), (0.71875, 0.353637), (0.71875, 0.336213), (0.71875, 0.335), (0.71875, 0.33), (0.71875, 0.335), (0.71875, 0.336213), (0.71875, 0.343284), (0.71875, 0.304647), (0.71875, 0.3), (0.71875, 0.295), (0.71875, 0.3), (0.71875, 0.304647), (0.71875, 0.307235), (0.71875, 0.307235), (0.71875, 0.322765), (0.71875, 0.315), (0.71875, 0.322765), (0.71875, 0.307235), (0.71875, 0.3), (0.71875, 0.322765), (0.71875, 0.3), (0.71875, 0.33), (0.71875, 0.33), (0.71875, 0.3), (0.71875, 0.293787), (0.71875, 0.33), (0.71875, 0.293787), (0.71875, 0.336213), (0.71875, 0.336213), (0.71875, 0.293787), (0.71875, 0.289019), (0.71875, 0.336213), (0.71875, 0.289019), (0.71875, 0.340981), (0.71875, 0.340981), (0.71875, 0.289019), (0.71875, 0.286022), (0.71875, 0.340981), (0.71875, 0.286022), (0.71875, 0.343978), (0.71875, 0.343978), (0.71875, 0.286022), (0.71875, 0.285), (0.71875, 0.343978), (0.71875, 0.285), (0.71875, 0.345), (0.71875, 0.345), (0.71875, 0.285), (0.71875, 0.286022), (0.71875, 0.345), (0.71875, 0.286022), (0.71875, 0.343978), (0.71875, 0.343978), (0.71875, 0.286022), (0.71875, 0.289019), (0.71875, 0.343978), (0.71875, 0.289019), (0.71875, 0.340981), (0.71875, 0.340981), (0.71875, 0.289019), (0.71875, 0.293787), (0.71875, 0.340981), (0.71875, 0.293787), (0.71875, 0.336213), (0.71875, 0.336213), (0.71875, 0.293787), (0.71875, 0.3), (0.71875, 0.336213), (0.71875, 0.3), (0.71875, 0.33), (0.71875, 0.33), (0.71875, 0.3), (0.71875, 0.307235), (0.71875, 0.33), (0.71875, 0.307235), (0.71875, 0.322765), (0.71875, 0.322765), (0.71875, 0.307235), (0.71875, 0.315), (0.71875, 0.355), (0.71875, 0.343978), (0.71875, 0.345), (0.71875, 0.343978), (0.71875, 0.355), (0.71875, 0.353637), (0.71875, 0.349641), (0.71875, 0.336213), (0.71875, 0.340981), (0.71875, 0.336213), (0.71875, 0.349641), (0.71875, 0.343284), (0.71875, 0.353637), (0.71875, 0.340981), (0.71875, 0.343978), (0.71875, 0.340981), (0.71875, 0.353637), (0.71875, 0.349641), (0.71875, 0.293787), (0.71875, 0.295), (0.71875, 0.286716), (0.71875, 0.295), (0.71875, 0.293787), (0.71875, 0.3), (0.71875, 0.335), (0.71875, 0.336213), (0.71875, 0.33), (0.71875, 0.336213), (0.71875, 0.335), (0.71875, 0.343284), (0.71875, 0.295), (0.71875, 0.293787), (0.71875, 0.286716), (0.71875, 0.293787), (0.71875, 0.295), (0.71875, 0.3), (0.71875, 0.307235), (0.71875, 0.315), (0.71875, 0.304647), (0.71875, 0.315), (0.71875, 0.307235), (0.71875, 0.315), (0.71875, 0.325353), (0.71875, 0.33), (0.71875, 0.322765), (0.71875, 0.33), (0.71875, 0.325353), (0.71875, 0.335), (0.46875, 0.318642), (0.46875, 0.318478), (0.46875, 0.318478), (0.46875, 0.318478), (0.46875, 0.318642), (0.46875, 0.318642), (0.46875, 0.283696), (0.46875, 0.318478), (0.46875, 0.283696), (0.46875, 0.318478), (0.46875, 0.283696), (0.46875, 0.318478), (0.46875, 0.318478), (0.46875, 0.283696), (0.46875, 0.318642), (0.46875, 0.318642), (0.46875, 0.283696), (0.46875, 0.335), (0.46875, 0.335), (0.46875, 0.283696), (0.46875, 0.301087), (0.46875, 0.335), (0.46875, 0.301087), (0.46875, 0.349047), (0.46875, 0.349047), (0.46875, 0.301087), (0.46875, 0.314591), (0.46875, 0.349047), (0.46875, 0.314591), (0.46875, 0.327174), (0.46875, 0.349047), (0.46875, 0.327174), (0.46875, 0.359826), (0.46875, 0.359826), (0.46875, 0.327174), (0.46875, 0.337979), (0.46875, 0.359826), (0.46875, 0.337979), (0.46875, 0.346271), (0.46875, 0.359826), (0.46875, 0.346271), (0.46875, 0.366602), (0.46875, 0.366602), (0.46875, 0.346271), (0.46875, 0.351483), (0.46875, 0.366602), (0.46875, 0.351483), (0.46875, 0.368913), (0.46875, 0.368913), (0.46875, 0.351483), (0.46875, 0.353261), (0.46875, 0.368913), (0.46875, 0.353261), (0.46875, 0.351483), (0.46875, 0.368913), (0.46875, 0.351483), (0.46875, 0.366602), (0.46875, 0.366602), (0.46875, 0.351483), (0.46875, 0.346271), (0.46875, 0.366602), (0.46875, 0.346271), (0.46875, 0.359826), (0.46875, 0.359826), (0.46875, 0.346271), (0.46875, 0.337979), (0.46875, 0.359826), (0.46875, 0.337979), (0.46875, 0.349047), (0.46875, 0.349047), (0.46875, 0.337979), (0.46875, 0.327174), (0.46875, 0.349047), (0.46875, 0.327174), (0.46875, 0.314591), (0.46875, 0.349047), (0.46875, 0.314591), (0.46875, 0.335), (0.46875, 0.335), (0.46875, 0.314591), (0.46875, 0.301087), (0.46875, 0.335), (0.46875, 0.301087), (0.46875, 0.283696), (0.46875, 0.335), (0.46875, 0.283696), (0.46875, 0.301087), (0.46875, 0.335), (0.46875, 0.301087), (0.46875, 0.318642), (0.46875, 0.301087), (0.46875, 0.283696), (0.46875, 0.283696), (0.46875, 0.301087), (0.46875, 0.283696), (0.46875, 0.301087), (0.46875, 0.301087), (0.46875, 0.283696), (0.46875, 0.318642), (0.46875, 0.318642), (0.46875, 0.283696), (0.46875, 0.335), (0.46875, 0.335), (0.46875, 0.283696), (0.46875, 0.301087), (0.46875, 0.335), (0.46875, 0.301087), (0.46875, 0.349047), (0.46875, 0.349047), (0.46875, 0.301087), (0.46875, 0.314591), (0.46875, 0.349047), (0.46875, 0.314591), (0.46875, 0.327174), (0.46875, 0.349047), (0.46875, 0.327174), (0.46875, 0.359826), (0.46875, 0.359826), (0.46875, 0.327174), (0.46875, 0.337979), (0.46875, 0.359826), (0.46875, 0.337979), (0.46875, 0.346271), (0.46875, 0.359826), (0.46875, 0.346271), (0.46875, 0.366602), (0.46875, 0.366602), (0.46875, 0.346271), (0.46875, 0.351483), (0.46875, 0.366602), (0.46875, 0.351483), (0.46875, 0.368913), (0.46875, 0.368913), (0.46875, 0.351483), (0.46875, 0.353261), (0.46875, 0.368913), (0.46875, 0.353261), (0.46875, 0.351483), (0.46875, 0.368913), (0.46875, 0.351483), (0.46875, 0.366602), (0.46875, 0.366602), (0.46875, 0.351483), (0.46875, 0.346271), (0.46875, 0.366602), (0.46875, 0.346271), (0.46875, 0.359826), (0.46875, 0.359826), (0.46875, 0.346271), (0.46875, 0.337979), (0.46875, 0.359826), (0.46875, 0.337979), (0.46875, 0.349047), (0.46875, 0.349047), (0.46875, 0.337979), (0.46875, 0.327174), (0.46875, 0.349047), (0.46875, 0.327174), (0.46875, 0.314591), (0.46875, 0.349047), (0.46875, 0.314591), (0.46875, 0.335), (0.46875, 0.335), (0.46875, 0.314591), (0.46875, 0.301087), (0.46875, 0.335), (0.46875, 0.301087), (0.46875, 0.283696), (0.46875, 0.335), (0.46875, 0.283696), (0.46875, 0.283696), (0.46875, 0.335), (0.46875, 0.283696), (0.46875, 0.318478), (0.46875, 0.335), (0.46875, 0.318478), (0.46875, 0.318642), (0.46875, 0.318478), (0.46875, 0.283696), (0.46875, 0.318478), (0.46875, 0.318478), (0.46875, 0.335), (0.46875, 0.318642), (0.46875, 0.283696), (0.46875, 0.335), (0.46875, 0.318478), (0.46875, 0.283696), (0.46875, 0.318478), (0.46875, 0.318478), (0.46875, 0.283696), (0.46875, 0.335), (0.46875, 0.283696), (0.46875, 0.301087), (0.46875, 0.335), (0.46875, 0.283696), (0.46875, 0.314591), (0.46875, 0.335), (0.46875, 0.301087), (0.46875, 0.314591), (0.46875, 0.349047), (0.46875, 0.335), (0.46875, 0.327174), (0.46875, 0.349047), (0.46875, 0.314591), (0.46875, 0.337979), (0.46875, 0.349047), (0.46875, 0.327174), (0.46875, 0.337979), (0.46875, 0.359826), (0.46875, 0.349047), (0.46875, 0.346271), (0.46875, 0.359826), (0.46875, 0.337979), (0.46875, 0.346271), (0.46875, 0.366602), (0.46875, 0.359826), (0.46875, 0.351483), (0.46875, 0.366602), (0.46875, 0.346271), (0.46875, 0.353261), (0.46875, 0.366602), (0.46875, 0.351483), (0.46875, 0.353261), (0.46875, 0.368913), (0.46875, 0.366602), (0.46875, 0.351483), (0.46875, 0.368913), (0.46875, 0.353261), (0.46875, 0.351483), (0.46875, 0.366602), (0.46875, 0.368913), (0.46875, 0.346271), (0.46875, 0.366602), (0.46875, 0.351483), (0.46875, 0.346271), (0.46875, 0.359826), (0.46875, 0.366602), (0.46875, 0.337979), (0.46875, 0.359826), (0.46875, 0.346271), (0.46875, 0.327174), (0.46875, 0.359826), (0.46875, 0.337979), (0.46875, 0.327174), (0.46875, 0.349047), (0.46875, 0.359826), (0.46875, 0.314591), (0.46875, 0.349047), (0.46875, 0.327174), (0.46875, 0.301087), (0.46875, 0.349047), (0.46875, 0.314591), (0.46875, 0.349047), (0.46875, 0.301087), (0.46875, 0.335), (0.46875, 0.283696), (0.46875, 0.335), (0.46875, 0.301087), (0.46875, 0.283696), (0.46875, 0.318642), (0.46875, 0.335), (0.46875, 0.283696), (0.46875, 0.301087), (0.46875, 0.318642), (0.46875, 0.283696), (0.46875, 0.301087), (0.46875, 0.301087), (0.46875, 0.283696), (0.46875, 0.301087), (0.46875, 0.283696), (0.46875, 0.283696), (0.46875, 0.335), (0.46875, 0.301087), (0.46875, 0.301087), (0.46875, 0.335), (0.46875, 0.318642), (0.46875, 0.301087), (0.46875, 0.335), (0.46875, 0.283696), (0.46875, 0.314591), (0.46875, 0.335), (0.46875, 0.301087), (0.46875, 0.314591), (0.46875, 0.349047), (0.46875, 0.335), (0.46875, 0.327174), (0.46875, 0.349047), (0.46875, 0.314591), (0.46875, 0.337979), (0.46875, 0.349047), (0.46875, 0.327174), (0.46875, 0.337979), (0.46875, 0.359826), (0.46875, 0.349047), (0.46875, 0.346271), (0.46875, 0.359826), (0.46875, 0.337979), (0.46875, 0.346271), (0.46875, 0.366602), (0.46875, 0.359826), (0.46875, 0.351483), (0.46875, 0.366602), (0.46875, 0.346271), (0.46875, 0.353261), (0.46875, 0.366602), (0.46875, 0.351483), (0.46875, 0.353261), (0.46875, 0.368913), (0.46875, 0.366602), (0.46875, 0.351483), (0.46875, 0.368913), (0.46875, 0.353261), (0.46875, 0.351483), (0.46875, 0.366602), (0.46875, 0.368913), (0.46875, 0.346271), (0.46875, 0.366602), (0.46875, 0.351483), (0.46875, 0.346271), (0.46875, 0.359826), (0.46875, 0.366602), (0.46875, 0.337979), (0.46875, 0.359826), (0.46875, 0.346271), (0.46875, 0.327174), (0.46875, 0.359826), (0.46875, 0.337979), (0.46875, 0.327174), (0.46875, 0.349047), (0.46875, 0.359826), (0.46875, 0.314591), (0.46875, 0.349047), (0.46875, 0.327174), (0.46875, 0.301087), (0.46875, 0.349047), (0.46875, 0.314591), (0.46875, 0.349047), (0.46875, 0.301087), (0.46875, 0.335), (0.46875, 0.283696), (0.46875, 0.335), (0.46875, 0.301087), (0.46875, 0.283696), (0.46875, 0.318642), (0.46875, 0.335), (0.46875, 0.283696), (0.46875, 0.318478), (0.46875, 0.318642), (0.46875, 0.283696), (0.46875, 0.318478), (0.46875, 0.283696), (0.46875, 0.318478), (0.46875, 0.283696), (0.46875, 0.318478), (0.46875, 0.33587), (0.46875, 0.335), (0.46875, 0.33587), (0.46875, 0.335), (0.46875, 0.33587), (0.46875, 0.318642), (0.46875, 0.318642), (0.46875, 0.33587), (0.46875, 0.318478), (0.46875, 0.318478), (0.46875, 0.33587), (0.46875, 0.318478), (0.46875, 0.33587), (0.46875, 0.318478), (0.46875, 0.33587), (0.46875, 0.318478), (0.46875, 0.33587), (0.46875, 0.318478), (0.46875, 0.318478), (0.46875, 0.33587), (0.46875, 0.318642), (0.46875, 0.318642), (0.46875, 0.33587), (0.46875, 0.335), (0.46875, 0.335), (0.46875, 0.33587), (0.46875, 0.33587), (0.46875, 0.359826), (0.46875, 0.349047), (0.46875, 0.359826), (0.46875, 0.349047), (0.46875, 0.359826), (0.46875, 0.349047), (0.46875, 0.366602), (0.46875, 0.359826), (0.46875, 0.366602), (0.46875, 0.359826), (0.46875, 0.366602), (0.46875, 0.359826), (0.46875, 0.359826), (0.46875, 0.366602), (0.46875, 0.359826), (0.46875, 0.366602), (0.46875, 0.359826), (0.46875, 0.366602), (0.46875, 0.366602), (0.46875, 0.359826), (0.46875, 0.366602), (0.46875, 0.359826), (0.46875, 0.366602), (0.46875, 0.359826), (0.46875, 0.349047), (0.46875, 0.359826), (0.46875, 0.349047), (0.46875, 0.359826), (0.46875, 0.349047), (0.46875, 0.359826), (0.46875, 0.318642), (0.46875, 0.335), (0.46875, 0.318642), (0.46875, 0.335), (0.46875, 0.318642), (0.46875, 0.335), (0.46875, 0.335), (0.46875, 0.33587), (0.46875, 0.335), (0.46875, 0.33587), (0.46875, 0.335), (0.46875, 0.349047), (0.46875, 0.33587), (0.46875, 0.349047), (0.46875, 0.349047), (0.46875, 0.359826), (0.46875, 0.349047), (0.46875, 0.359826), (0.46875, 0.349047), (0.46875, 0.359826), (0.46875, 0.349047), (0.46875, 0.349047), (0.46875, 0.359826), (0.46875, 0.349047), (0.46875, 0.359826), (0.46875, 0.349047), (0.46875, 0.359826), (0.46875, 0.359826), (0.46875, 0.349047), (0.46875, 0.359826), (0.46875, 0.349047), (0.46875, 0.359826), (0.46875, 0.349047), (0.46875, 0.366602), (0.46875, 0.368913), (0.46875, 0.366602), (0.46875, 0.368913), (0.46875, 0.366602), (0.46875, 0.368913), (0.46875, 0.368913), (0.46875, 0.366602), (0.46875, 0.368913), (0.46875, 0.366602), (0.46875, 0.368913), (0.46875, 0.366602), (0.46875, 0.359826), (0.46875, 0.349047), (0.46875, 0.359826), (0.46875, 0.349047), (0.46875, 0.359826), (0.46875, 0.349047), (0.46875, 0.368913), (0.46875, 0.366602), (0.46875, 0.368913), (0.46875, 0.366602), (0.46875, 0.368913), (0.46875, 0.366602), (0.46875, 0.368913), (0.46875, 0.366602), (0.46875, 0.368913), (0.46875, 0.366602), (0.46875, 0.368913), (0.46875, 0.366602), (0.46875, 0.335), (0.46875, 0.318642), (0.46875, 0.318642), (0.46875, 0.318642), (0.46875, 0.335), (0.46875, 0.335), (0.46875, 0.359826), (0.46875, 0.366602), (0.46875, 0.359826), (0.46875, 0.366602), (0.46875, 0.359826), (0.46875, 0.366602), (0.46875, 0.318478), (0.46875, 0.33587), (0.46875, 0.33587), (0.46875, 0.33587), (0.46875, 0.318478), (0.46875, 0.318478), (0.46875, 0.33587), (0.46875, 0.318478), (0.46875, 0.318642), (0.46875, 0.33587), (0.46875, 0.318642), (0.46875, 0.335), (0.46875, 0.33587), (0.46875, 0.335), (0.46875, 0.33587), (0.46875, 0.335), (0.46875, 0.318642), (0.46875, 0.318642), (0.46875, 0.318642), (0.46875, 0.335), (0.46875, 0.335), (0.46875, 0.335), (0.46875, 0.33587), (0.46875, 0.33587), (0.46875, 0.33587), (0.46875, 0.335), (0.46875, 0.318642), (0.46875, 0.33587), (0.46875, 0.318642), (0.46875, 0.301087), (0.46875, 0.33587), (0.46875, 0.301087), (0.46875, 0.335), (0.46875, 0.335), (0.46875, 0.301087), (0.46875, 0.318642), (0.46875, 0.318642), (0.46875, 0.301087), (0.46875, 0.301087), (0.46875, 0.335), (0.46875, 0.318642), (0.46875, 0.318642), (0.46875, 0.318642), (0.46875, 0.335), (0.46875, 0.335), (0.46875, 0.33587), (0.46875, 0.335), (0.46875, 0.33587), (0.46875, 0.335), (0.46875, 0.33587), (0.46875, 0.318642), (0.46875, 0.318642), (0.46875, 0.33587), (0.46875, 0.301087), (0.46875, 0.301087), (0.46875, 0.33587), (0.46875, 0.335), (0.46875, 0.301087), (0.46875, 0.335), (0.46875, 0.318642), (0.46875, 0.301087), (0.46875, 0.318642), (0.46875, 0.301087), (0.46875, 0.318642), (0.46875, 0.335), (0.46875, 0.318642), (0.46875, 0.335), (0.46875, 0.318642), (0.46875, 0.335), (0.46875, 0.349047), (0.46875, 0.359826), (0.46875, 0.349047), (0.46875, 0.359826), (0.46875, 0.349047), (0.46875, 0.359826), (0.46875, 0.366602), (0.46875, 0.368913), (0.46875, 0.366602), (0.46875, 0.368913), (0.46875, 0.366602), (0.46875, 0.368913), (0.46875, 0.335), (0.46875, 0.318642), (0.46875, 0.318642), (0.46875, 0.318642), (0.46875, 0.335), (0.46875, 0.335), (0.46875, 0.318642), (0.46875, 0.301087), (0.46875, 0.301087), (0.46875, 0.301087), (0.46875, 0.318642), (0.46875, 0.318642), (0.46875, 0.318642), (0.46875, 0.335), (0.46875, 0.318642), (0.46875, 0.335), (0.46875, 0.318642), (0.46875, 0.335), (0.46875, 0.349047), (0.46875, 0.335), (0.46875, 0.335), (0.46875, 0.335), (0.46875, 0.349047), (0.46875, 0.33587), (0.46875, 0.33587), (0.46875, 0.349047), (0.46875, 0.349047), (0.46875, 0.301087), (0.46875, 0.318642), (0.46875, 0.301087), (0.46875, 0.318642), (0.46875, 0.301087), (0.46875, 0.318642), (0.46875, 0.366602), (0.46875, 0.368913), (0.46875, 0.366602), (0.46875, 0.368913), (0.46875, 0.366602), (0.46875, 0.368913), (0.46875, 0.335), (0.46875, 0.33587), (0.46875, 0.335), (0.46875, 0.33587), (0.46875, 0.335), (0.46875, 0.349047), (0.46875, 0.33587), (0.46875, 0.349047), (0.46875, 0.349047), (0.46875, 0.33587), (0.46875, 0.335), (0.46875, 0.335), (0.46875, 0.335), (0.46875, 0.33587), (0.46875, 0.349047), (0.46875, 0.349047), (0.46875, 0.33587), (0.46875, 0.349047), (0.46875, 0.318642), (0.46875, 0.301087), (0.46875, 0.301087), (0.46875, 0.301087), (0.46875, 0.318642), (0.46875, 0.318642), (0.46875, 0.366602), (0.46875, 0.359826), (0.46875, 0.366602), (0.46875, 0.359826), (0.46875, 0.366602), (0.46875, 0.359826), (0.46875, 0.33587), (0.46875, 0.335), (0.46875, 0.335), (0.46875, 0.335), (0.46875, 0.33587), (0.46875, 0.349047), (0.46875, 0.349047), (0.46875, 0.33587), (0.46875, 0.349047), (0.46875, 0.33587), (0.46875, 0.335), (0.46875, 0.335), (0.46875, 0.335), (0.46875, 0.33587), (0.46875, 0.349047), (0.46875, 0.349047), (0.46875, 0.33587), (0.46875, 0.349047), (0.46875, 0.366602), (0.46875, 0.368913), (0.46875, 0.366602), (0.46875, 0.368913), (0.46875, 0.366602), (0.46875, 0.368913), (0.46875, 0.368913), (0.46875, 0.366602), (0.46875, 0.368913), (0.46875, 0.366602), (0.46875, 0.368913), (0.46875, 0.366602), (0.46875, 0.318642), (0.46875, 0.318478), (0.46875, 0.318478), (0.46875, 0.318478), (0.46875, 0.318642), (0.46875, 0.318642), (0.46875, 0.301087), (0.46875, 0.301087), (0.46875, 0.301087), (0.46875, 0.301087), (0.46875, 0.301087), (0.46875, 0.301087), (0.46875, 0.359826), (0.46875, 0.366602), (0.46875, 0.359826), (0.46875, 0.366602), (0.46875, 0.359826), (0.46875, 0.366602), (0.46875, 0.318642), (0.46875, 0.335), (0.46875, 0.318642), (0.46875, 0.335), (0.46875, 0.318642), (0.46875, 0.335), (0.46875, 0.318642), (0.46875, 0.301087), (0.46875, 0.301087), (0.46875, 0.301087), (0.46875, 0.318642), (0.46875, 0.318642), (0.46875, 0.335), (0.46875, 0.33587), (0.46875, 0.335), (0.46875, 0.33587), (0.46875, 0.335), (0.46875, 0.349047), (0.46875, 0.33587), (0.46875, 0.349047), (0.46875, 0.349047), (0.46875, 0.359826), (0.46875, 0.366602), (0.46875, 0.359826), (0.46875, 0.366602), (0.46875, 0.359826), (0.46875, 0.366602), (0.46875, 0.335), (0.46875, 0.349047), (0.46875, 0.335), (0.46875, 0.349047), (0.46875, 0.335), (0.46875, 0.33587), (0.46875, 0.349047), (0.46875, 0.33587), (0.46875, 0.349047), (0.46875, 0.301087), (0.46875, 0.301087), (0.46875, 0.301087), (0.46875, 0.301087), (0.46875, 0.301087), (0.46875, 0.301087), (0.46875, 0.366602), (0.46875, 0.359826), (0.46875, 0.366602), (0.46875, 0.359826), (0.46875, 0.366602), (0.46875, 0.359826), (0.46875, 0.33587), (0.46875, 0.318478), (0.46875, 0.318478), (0.46875, 0.318478), (0.46875, 0.33587), (0.46875, 0.33587), (0.46875, 0.318478), (0.46875, 0.318478), (0.46875, 0.318478), (0.46875, 0.318478), (0.46875, 0.318478), (0.46875, 0.318478), (0.46875, 0.318478), (0.46875, 0.318478), (0.46875, 0.318478), (0.46875, 0.318478), (0.46875, 0.318478), (0.46875, 0.318478), (0.46875, 0.318478), (0.46875, 0.318478), (0.46875, 0.318478), (0.46875, 0.318478), (0.46875, 0.318478), (0.46875, 0.318478), (0.46875, 0.318478), (0.46875, 0.318478), (0.46875, 0.318478), (0.46875, 0.318478), (0.46875, 0.318478), (0.46875, 0.318478), (0.46875, 0.318478), (0.46875, 0.318478), (0.46875, 0.318478), (0.46875, 0.318478), (0.46875, 0.318478), (0.46875, 0.318478), (0.46875, 0.318642), (0.46875, 0.318478), (0.46875, 0.318478), (0.46875, 0.318478), (0.46875, 0.318642), (0.46875, 0.318642), (0.46875, 0.349047), (0.46875, 0.359826), (0.46875, 0.349047), (0.46875, 0.359826), (0.46875, 0.349047), (0.46875, 0.359826), (0.46875, 0.335), (0.46875, 0.33587), (0.46875, 0.33587), (0.46875, 0.33587), (0.46875, 0.335), (0.46875, 0.318642), (0.46875, 0.33587), (0.46875, 0.318642), (0.46875, 0.318478), (0.46875, 0.33587), (0.46875, 0.318478), (0.46875, 0.318478), (0.46875, 0.318642), (0.46875, 0.318478), (0.46875, 0.318478), (0.46875, 0.318478), (0.46875, 0.318642), (0.46875, 0.318642), (0.46875, 0.33587), (0.46875, 0.318478), (0.46875, 0.318478), (0.46875, 0.318478), (0.46875, 0.33587), (0.46875, 0.33587), (0.46875, 0.318478), (0.46875, 0.283696), (0.46875, 0.283696), (0.46875, 0.283696), (0.46875, 0.318478), (0.46875, 0.318478), (0.46875, 0.283696), (0.46875, 0.318478), (0.46875, 0.283696), (0.46875, 0.318478), (0.46875, 0.283696), (0.46875, 0.318478), (0.46875, 0.318478), (0.46875, 0.283696), (0.46875, 0.283696), (0.46875, 0.283696), (0.46875, 0.318478), (0.46875, 0.318478), (0.46875, 0.318478), (0.46875, 0.283696), (0.46875, 0.318478), (0.46875, 0.283696), (0.46875, 0.318478), (0.46875, 0.283696), (0.46875, 0.318478), (0.46875, 0.283696), (0.46875, 0.283696), (0.46875, 0.283696), (0.46875, 0.318478), (0.46875, 0.318478), (0.46875, 0.318478), (0.46875, 0.283696), (0.46875, 0.283696), (0.46875, 0.283696), (0.46875, 0.318478), (0.46875, 0.318478), (0.46875, 0.318478), (0.46875, 0.283696), (0.46875, 0.283696), (0.46875, 0.283696), (0.46875, 0.318478), (0.46875, 0.318478), (0.46875, 0.318478), (0.46875, 0.283696), (0.46875, 0.283696), (0.46875, 0.283696), (0.46875, 0.318478), (0.46875, 0.318478), (0.46875, 0.318478), (0.46875, 0.318478), (0.46875, 0.318478), (0.46875, 0.318478), (0.46875, 0.318478), (0.46875, 0.318478), (0.46875, 0.318478), (0.46875, 0.318478), (0.46875, 0.318478), (0.46875, 0.318478), (0.46875, 0.318478), (0.46875, 0.318478), (0.46875, 0.318478), (0.46875, 0.318478), (0.46875, 0.318478), (0.46875, 0.318478), (0.46875, 0.318478), (0.46875, 0.318478), (0.46875, 0.318478), (0.46875, 0.318478), (0.46875, 0.318478), (0.46875, 0.318478), (0.46875, 0.318478), (0.46875, 0.318478), (0.46875, 0.318478), (0.46875, 0.318478), (0.46875, 0.318478), (0.46875, 0.318478), (0.46875, 0.318478), (0.46875, 0.318478), (0.46875, 0.283696), (0.46875, 0.283696), (0.46875, 0.283696), (0.46875, 0.283696), (0.46875, 0.283696), (0.46875, 0.283696), (0.46875, 0.283696), (0.46875, 0.283696), (0.46875, 0.283696), (0.46875, 0.283696), (0.46875, 0.283696), (0.46875, 0.283696), (0.46875, 0.283696), (0.46875, 0.283696), (0.46875, 0.283696), (0.46875, 0.283696), (0.46875, 0.283696), (0.46875, 0.283696), (0.46875, 0.283696), (0.46875, 0.283696), (0.46875, 0.283696), (0.46875, 0.283696), (0.46875, 0.283696), (0.46875, 0.283696), (0.46875, 0.283696), (0.46875, 0.283696), (0.46875, 0.283696), (0.46875, 0.283696), (0.46875, 0.283696), (0.46875, 0.283696), (0.46875, 0.283696), (0.46875, 0.283696), (0.46875, 0.283696), (0.46875, 0.283696), (0.46875, 0.283696), (0.46875, 0.283696), (0.46875, 0.283696), (0.46875, 0.283696), (0.46875, 0.283696), (0.46875, 0.283696), (0.46875, 0.283696), (0.46875, 0.283696), (0.46875, 0.283696), (0.46875, 0.283696), (0.46875, 0.283696), (0.46875, 0.283696), (0.46875, 0.283696), (0.46875, 0.283696), (0.46875, 0.283696), (0.46875, 0.283696), (0.46875, 0.283696), (0.46875, 0.283696), (0.46875, 0.283696), (0.46875, 0.283696), (0.46875, 0.283696), (0.46875, 0.283696), (0.46875, 0.283696), (0.46875, 0.283696), (0.46875, 0.283696), (0.46875, 0.283696), (0.46875, 0.283696), (0.46875, 0.283696), (0.46875, 0.283696), (0.46875, 0.283696), (0.46875, 0.283696), (0.46875, 0.283696), (0.46875, 0.283696), (0.46875, 0.283696), (0.46875, 0.283696), (0.46875, 0.283696), (0.46875, 0.283696), (0.46875, 0.283696), (0.46875, 0.283696), (0.46875, 0.283696), (0.46875, 0.283696), (0.46875, 0.283696), (0.46875, 0.283696), (0.46875, 0.283696), (0.46875, 0.283696), (0.46875, 0.318478), (0.46875, 0.283696), (0.46875, 0.318478), (0.46875, 0.283696), (0.46875, 0.318478), (0.46875, 0.318478), (0.46875, 0.283696), (0.46875, 0.318478), (0.46875, 0.283696), (0.46875, 0.318478), (0.46875, 0.283696), (0.46875, 0.275), (0.46875, 0.332143), (0.46875, 0.275), (0.46875, 0.332143), (0.46875, 0.275), (0.46875, 0.332143), (0.46875, 0.275), (0.46875, 0.275), (0.46875, 0.275), (0.46875, 0.275), (0.46875, 0.275), (0.46875, 0.275), (0.46875, 0.332143), (0.46875, 0.275), (0.46875, 0.332143), (0.46875, 0.275), (0.46875, 0.332143), (0.46875, 0.275), (0.46875, 0.417857), (0.46875, 0.475), (0.46875, 0.475), (0.46875, 0.475), (0.46875, 0.417857), (0.46875, 0.417857), (0.46875, 0.332143), (0.46875, 0.417857), (0.46875, 0.332143), (0.46875, 0.417857), (0.46875, 0.332143), (0.46875, 0.417857), (0.46875, 0.332143), (0.46875, 0.275), (0.46875, 0.275), (0.46875, 0.275), (0.46875, 0.332143), (0.46875, 0.332143), (0.46875, 0.332143), (0.46875, 0.332143), (0.46875, 0.417857), (0.46875, 0.332143), (0.46875, 0.417857), (0.46875, 0.417857), (0.46875, 0.417857), (0.46875, 0.417857), (0.46875, 0.475), (0.46875, 0.417857), (0.46875, 0.475), (0.46875, 0.475), (0.46875, 0.475), (0.46875, 0.475), (0.46875, 0.475), (0.46875, 0.475), (0.46875, 0.475), (0.46875, 0.475), (0.46875, 0.417857), (0.46875, 0.332143), (0.46875, 0.417857), (0.46875, 0.332143), (0.46875, 0.417857), (0.46875, 0.332143), (0.46875, 0.475), (0.46875, 0.417857), (0.46875, 0.417857), (0.46875, 0.417857), (0.46875, 0.475), (0.46875, 0.475), (0.46875, 0.275), (0.46875, 0.332143), (0.46875, 0.275), (0.46875, 0.332143), (0.46875, 0.275), (0.46875, 0.332143), (0.46875, 0.275), (0.46875, 0.275), (0.46875, 0.275), (0.46875, 0.275), (0.46875, 0.275), (0.46875, 0.275), (0.46875, 0.332143), (0.46875, 0.275), (0.46875, 0.332143), (0.46875, 0.275), (0.46875, 0.332143), (0.46875, 0.275), (0.46875, 0.417857), (0.46875, 0.475), (0.46875, 0.475), (0.46875, 0.475), (0.46875, 0.417857), (0.46875, 0.417857), (0.46875, 0.332143), (0.46875, 0.417857), (0.46875, 0.332143), (0.46875, 0.417857), (0.46875, 0.332143), (0.46875, 0.417857), (0.46875, 0.332143), (0.46875, 0.275), (0.46875, 0.275), (0.46875, 0.275), (0.46875, 0.332143), (0.46875, 0.332143), (0.46875, 0.332143), (0.46875, 0.332143), (0.46875, 0.417857), (0.46875, 0.332143), (0.46875, 0.417857), (0.46875, 0.417857), (0.46875, 0.417857), (0.46875, 0.417857), (0.46875, 0.475), (0.46875, 0.417857), (0.46875, 0.475), (0.46875, 0.475), (0.46875, 0.475), (0.46875, 0.475), (0.46875, 0.475), (0.46875, 0.475), (0.46875, 0.475), (0.46875, 0.475), (0.46875, 0.417857), (0.46875, 0.332143), (0.46875, 0.417857), (0.46875, 0.332143), (0.46875, 0.417857), (0.46875, 0.332143), (0.46875, 0.475), (0.46875, 0.417857), (0.46875, 0.417857), (0.46875, 0.417857), (0.46875, 0.475), (0.46875, 0.475), (0.34375, 0.327174), (0.34375, 0.337979), (0.34375, 0.327174), (0.34375, 0.337979), (0.34375, 0.327174), (0.34375, 0.337979), (0.34375, 0.346271), (0.34375, 0.351483), (0.34375, 0.346271), (0.34375, 0.351483), (0.34375, 0.346271), (0.34375, 0.351483), (0.34375, 0.327174), (0.34375, 0.314591), (0.34375, 0.314591), (0.34375, 0.314591), (0.34375, 0.327174), (0.34375, 0.327174), (0.34375, 0.346271), (0.34375, 0.351483), (0.34375, 0.346271), (0.34375, 0.351483), (0.34375, 0.346271), (0.34375, 0.351483), (0.34375, 0.327174), (0.34375, 0.337979), (0.34375, 0.327174), (0.34375, 0.337979), (0.34375, 0.327174), (0.34375, 0.337979), (0.34375, 0.301087), (0.34375, 0.283696), (0.34375, 0.283696), (0.34375, 0.283696), (0.34375, 0.301087), (0.34375, 0.301087), (0.34375, 0.353261), (0.34375, 0.351483), (0.34375, 0.353261), (0.34375, 0.351483), (0.34375, 0.353261), (0.34375, 0.351483), (0.34375, 0.301087), (0.34375, 0.283696), (0.34375, 0.283696), (0.34375, 0.283696), (0.34375, 0.301087), (0.34375, 0.301087), (0.34375, 0.301087), (0.34375, 0.283696), (0.34375, 0.283696), (0.34375, 0.283696), (0.34375, 0.301087), (0.34375, 0.301087), (0.34375, 0.337979), (0.34375, 0.346271), (0.34375, 0.337979), (0.34375, 0.346271), (0.34375, 0.337979), (0.34375, 0.346271), (0.34375, 0.346271), (0.34375, 0.337979), (0.34375, 0.346271), (0.34375, 0.337979), (0.34375, 0.346271), (0.34375, 0.337979), (0.34375, 0.346271), (0.34375, 0.337979), (0.34375, 0.346271), (0.34375, 0.337979), (0.34375, 0.346271), (0.34375, 0.337979), (0.34375, 0.351483), (0.34375, 0.353261), (0.34375, 0.351483), (0.34375, 0.353261), (0.34375, 0.351483), (0.34375, 0.353261), (0.34375, 0.351483), (0.34375, 0.346271), (0.34375, 0.351483), (0.34375, 0.346271), (0.34375, 0.351483), (0.34375, 0.346271), (0.34375, 0.337979), (0.34375, 0.327174), (0.34375, 0.327174), (0.34375, 0.327174), (0.34375, 0.337979), (0.34375, 0.337979), (0.34375, 0.337979), (0.34375, 0.346271), (0.34375, 0.337979), (0.34375, 0.346271), (0.34375, 0.337979), (0.34375, 0.346271), (0.34375, 0.314591), (0.34375, 0.301087), (0.34375, 0.301087), (0.34375, 0.301087), (0.34375, 0.314591), (0.34375, 0.314591), (0.34375, 0.314591), (0.34375, 0.327174), (0.34375, 0.314591), (0.34375, 0.327174), (0.34375, 0.314591), (0.34375, 0.327174), (0.34375, 0.301087), (0.34375, 0.314591), (0.34375, 0.301087), (0.34375, 0.314591), (0.34375, 0.301087), (0.34375, 0.314591), (0.34375, 0.314591), (0.34375, 0.301087), (0.34375, 0.301087), (0.34375, 0.301087), (0.34375, 0.314591), (0.34375, 0.314591), (0.34375, 0.351483), (0.34375, 0.346271), (0.34375, 0.351483), (0.34375, 0.346271), (0.34375, 0.351483), (0.34375, 0.346271), (0.34375, 0.327174), (0.34375, 0.314591), (0.34375, 0.314591), (0.34375, 0.314591), (0.34375, 0.327174), (0.34375, 0.327174), (0.34375, 0.301087), (0.34375, 0.314591), (0.34375, 0.301087), (0.34375, 0.314591), (0.34375, 0.301087), (0.34375, 0.314591), (0.34375, 0.337979), (0.34375, 0.327174), (0.34375, 0.327174), (0.34375, 0.327174), (0.34375, 0.337979), (0.34375, 0.337979), (0.34375, 0.314591), (0.34375, 0.327174), (0.34375, 0.314591), (0.34375, 0.327174), (0.34375, 0.314591), (0.34375, 0.327174), (0.34375, 0.351483), (0.34375, 0.353261), (0.34375, 0.351483), (0.34375, 0.353261), (0.34375, 0.351483), (0.34375, 0.353261), (0.34375, 0.301087), (0.34375, 0.283696), (0.34375, 0.283696), (0.34375, 0.283696), (0.34375, 0.301087), (0.34375, 0.301087), (0.34375, 0.353261), (0.34375, 0.351483), (0.34375, 0.353261), (0.34375, 0.351483), (0.34375, 0.353261), (0.34375, 0.351483), (0.34375, 0.314591), (0.34375, 0.301087), (0.34375, 0.301087), (0.34375, 0.301087), (0.34375, 0.314591), (0.34375, 0.314591), (0.34375, 0.301087), (0.34375, 0.283696), (0.34375, 0.283696), (0.34375, 0.283696), (0.34375, 0.301087), (0.34375, 0.301087), (0.34375, 0.353261), (0.34375, 0.351483), (0.34375, 0.353261), (0.34375, 0.351483), (0.34375, 0.353261), (0.34375, 0.351483), (0.34375, 0.351483), (0.34375, 0.346271), (0.34375, 0.351483), (0.34375, 0.346271), (0.34375, 0.351483), (0.34375, 0.346271), (0.34375, 0.337979), (0.34375, 0.327174), (0.34375, 0.327174), (0.34375, 0.327174), (0.34375, 0.337979), (0.34375, 0.337979), (0.34375, 0.314591), (0.34375, 0.301087), (0.34375, 0.301087), (0.34375, 0.301087), (0.34375, 0.314591), (0.34375, 0.314591), (0.34375, 0.337979), (0.34375, 0.327174), (0.34375, 0.327174), (0.34375, 0.327174), (0.34375, 0.337979), (0.34375, 0.337979), (0.34375, 0.327174), (0.34375, 0.314591), (0.34375, 0.314591), (0.34375, 0.314591), (0.34375, 0.327174), (0.34375, 0.327174), (0.34375, 0.346271), (0.34375, 0.337979), (0.34375, 0.346271), (0.34375, 0.337979), (0.34375, 0.346271), (0.34375, 0.337979), (0.34375, 0.337979), (0.34375, 0.346271), (0.34375, 0.337979), (0.34375, 0.346271), (0.34375, 0.337979), (0.34375, 0.346271), (0.34375, 0.351483), (0.34375, 0.353261), (0.34375, 0.351483), (0.34375, 0.353261), (0.34375, 0.351483), (0.34375, 0.353261), (0.34375, 0.327174), (0.34375, 0.314591), (0.34375, 0.314591), (0.34375, 0.314591), (0.34375, 0.327174), (0.34375, 0.327174), (0.34375, 0.346271), (0.34375, 0.351483), (0.34375, 0.346271), (0.34375, 0.351483), (0.34375, 0.346271), (0.34375, 0.351483), (0.34375, 0.283696), (0.34375, 0.301087), (0.34375, 0.283696), (0.34375, 0.301087), (0.34375, 0.283696), (0.34375, 0.314591), (0.34375, 0.314591), (0.34375, 0.283696), (0.34375, 0.327174), (0.34375, 0.327174), (0.34375, 0.283696), (0.34375, 0.337979), (0.34375, 0.337979), (0.34375, 0.283696), (0.34375, 0.346271), (0.34375, 0.346271), (0.34375, 0.283696), (0.34375, 0.351483), (0.34375, 0.351483), (0.34375, 0.283696), (0.34375, 0.353261), (0.34375, 0.353261), (0.34375, 0.283696), (0.34375, 0.351483), (0.34375, 0.351483), (0.34375, 0.283696), (0.34375, 0.346271), (0.34375, 0.346271), (0.34375, 0.283696), (0.34375, 0.337979), (0.34375, 0.337979), (0.34375, 0.283696), (0.34375, 0.327174), (0.34375, 0.327174), (0.34375, 0.283696), (0.34375, 0.314591), (0.34375, 0.314591), (0.34375, 0.283696), (0.34375, 0.301087), (0.34375, 0.314591), (0.34375, 0.283696), (0.34375, 0.301087), (0.34375, 0.283696), (0.34375, 0.314591), (0.34375, 0.283696), (0.34375, 0.283696), (0.34375, 0.314591), (0.34375, 0.327174), (0.34375, 0.283696), (0.34375, 0.327174), (0.34375, 0.337979), (0.34375, 0.283696), (0.34375, 0.337979), (0.34375, 0.346271), (0.34375, 0.283696), (0.34375, 0.346271), (0.34375, 0.351483), (0.34375, 0.283696), (0.34375, 0.351483), (0.34375, 0.353261), (0.34375, 0.283696), (0.34375, 0.353261), (0.34375, 0.351483), (0.34375, 0.283696), (0.34375, 0.351483), (0.34375, 0.346271), (0.34375, 0.283696), (0.34375, 0.346271), (0.34375, 0.337979), (0.34375, 0.283696), (0.34375, 0.337979), (0.34375, 0.327174), (0.34375, 0.283696), (0.34375, 0.327174), (0.34375, 0.314591), (0.34375, 0.283696), (0.34375, 0.314591), (0.34375, 0.301087), (0.34375, 0.301087), (0.34375, 0.283696), (0.34375, 0.283696), (0.34375, 0.283696), (0.34375, 0.301087), (0.34375, 0.301087), (0.34375, 0.314591), (0.34375, 0.283696), (0.34375, 0.301087), (0.34375, 0.283696), (0.34375, 0.314591), (0.34375, 0.283696), (0.34375, 0.283696), (0.34375, 0.314591), (0.34375, 0.327174), (0.34375, 0.283696), (0.34375, 0.327174), (0.34375, 0.337979), (0.34375, 0.283696), (0.34375, 0.337979), (0.34375, 0.346271), (0.34375, 0.283696), (0.34375, 0.346271), (0.34375, 0.351483), (0.34375, 0.283696), (0.34375, 0.351483), (0.34375, 0.353261), (0.34375, 0.283696), (0.34375, 0.353261), (0.34375, 0.351483), (0.34375, 0.283696), (0.34375, 0.351483), (0.34375, 0.346271), (0.34375, 0.283696), (0.34375, 0.346271), (0.34375, 0.337979), (0.34375, 0.283696), (0.34375, 0.337979), (0.34375, 0.327174), (0.34375, 0.283696), (0.34375, 0.327174), (0.34375, 0.314591), (0.34375, 0.283696), (0.34375, 0.314591), (0.34375, 0.301087), (0.34375, 0.283696), (0.34375, 0.301087), (0.34375, 0.283696), (0.34375, 0.301087), (0.34375, 0.283696), (0.34375, 0.314591), (0.34375, 0.314591), (0.34375, 0.283696), (0.34375, 0.327174), (0.34375, 0.327174), (0.34375, 0.283696), (0.34375, 0.337979), (0.34375, 0.337979), (0.34375, 0.283696), (0.34375, 0.346271), (0.34375, 0.346271), (0.34375, 0.283696), (0.34375, 0.351483), (0.34375, 0.351483), (0.34375, 0.283696), (0.34375, 0.353261), (0.34375, 0.353261), (0.34375, 0.283696), (0.34375, 0.351483), (0.34375, 0.351483), (0.34375, 0.283696), (0.34375, 0.346271), (0.34375, 0.346271), (0.34375, 0.283696), (0.34375, 0.337979), (0.34375, 0.337979), (0.34375, 0.283696), (0.34375, 0.327174), (0.34375, 0.327174), (0.34375, 0.283696), (0.34375, 0.314591), (0.34375, 0.314591), (0.34375, 0.283696), (0.34375, 0.301087), (0.34375, 0.301087), (0.34375, 0.283696), (0.34375, 0.283696), (0.34375, 0.283696), (0.34375, 0.301087), (0.34375, 0.301087), (0.34375, 0.314591), (0.34375, 0.301087), (0.34375, 0.301087), (0.34375, 0.301087), (0.34375, 0.314591), (0.34375, 0.314591), (0.34375, 0.301087), (0.34375, 0.283696), (0.34375, 0.283696), (0.34375, 0.283696), (0.34375, 0.301087), (0.34375, 0.301087), (0.34375, 0.353261), (0.34375, 0.351483), (0.34375, 0.353261), (0.34375, 0.351483), (0.34375, 0.353261), (0.34375, 0.351483), (0.34375, 0.351483), (0.34375, 0.346271), (0.34375, 0.351483), (0.34375, 0.346271), (0.34375, 0.351483), (0.34375, 0.346271), (0.34375, 0.327174), (0.34375, 0.337979), (0.34375, 0.327174), (0.34375, 0.337979), (0.34375, 0.327174), (0.34375, 0.337979), (0.34375, 0.314591), (0.34375, 0.301087), (0.34375, 0.301087), (0.34375, 0.301087), (0.34375, 0.314591), (0.34375, 0.314591), (0.34375, 0.337979), (0.34375, 0.327174), (0.34375, 0.327174), (0.34375, 0.327174), (0.34375, 0.337979), (0.34375, 0.337979), (0.34375, 0.327174), (0.34375, 0.314591), (0.34375, 0.314591), (0.34375, 0.314591), (0.34375, 0.327174), (0.34375, 0.327174), (0.34375, 0.337979), (0.34375, 0.346271), (0.34375, 0.337979), (0.34375, 0.346271), (0.34375, 0.337979), (0.34375, 0.346271), (0.34375, 0.351483), (0.34375, 0.353261), (0.34375, 0.351483), (0.34375, 0.353261), (0.34375, 0.351483), (0.34375, 0.353261), (0.34375, 0.346271), (0.34375, 0.337979), (0.34375, 0.346271), (0.34375, 0.337979), (0.34375, 0.346271), (0.34375, 0.337979), (0.34375, 0.327174), (0.34375, 0.314591), (0.34375, 0.314591), (0.34375, 0.314591), (0.34375, 0.327174), (0.34375, 0.327174), (0.34375, 0.346271), (0.34375, 0.351483), (0.34375, 0.346271), (0.34375, 0.351483), (0.34375, 0.346271), (0.34375, 0.351483), (0.84375, 0.638043), (0.84375, 0.620652), (0.84375, 0.620652), (0.84375, 0.620652), (0.84375, 0.638043), (0.84375, 0.638043), (0.84375, 0.638043), (0.84375, 0.638043), (0.84375, 0.638043), (0.84375, 0.638043), (0.84375, 0.638043), (0.84375, 0.638043), (0.84375, 0.603261), (0.84375, 0.58587), (0.84375, 0.603261), (0.84375, 0.58587), (0.84375, 0.603261), (0.84375, 0.58587), (0.84375, 0.623551), (0.84375, 0.58587), (0.84375, 0.603261), (0.84375, 0.623551), (0.84375, 0.599047), (0.84375, 0.58587), (0.84375, 0.623551), (0.84375, 0.609826), (0.84375, 0.599047), (0.84375, 0.623551), (0.84375, 0.616602), (0.84375, 0.609826), (0.84375, 0.623551), (0.84375, 0.618913), (0.84375, 0.616602), (0.84375, 0.638043), (0.84375, 0.618913), (0.84375, 0.623551), (0.84375, 0.638043), (0.84375, 0.616602), (0.84375, 0.618913), (0.84375, 0.638043), (0.84375, 0.609826), (0.84375, 0.616602), (0.84375, 0.638043), (0.84375, 0.609826), (0.84375, 0.638043), (0.84375, 0.620652), (0.84375, 0.609826), (0.84375, 0.638043), (0.84375, 0.620652), (0.84375, 0.599047), (0.84375, 0.609826), (0.84375, 0.620652), (0.84375, 0.58587), (0.84375, 0.599047), (0.84375, 0.620652), (0.84375, 0.58587), (0.84375, 0.620652), (0.84375, 0.638043), (0.84375, 0.58587), (0.84375, 0.620652), (0.84375, 0.638043), (0.84375, 0.638043), (0.84375, 0.620652), (0.84375, 0.638043), (0.84375, 0.58587), (0.84375, 0.58587), (0.84375, 0.638043), (0.84375, 0.599047), (0.84375, 0.58587), (0.84375, 0.638043), (0.84375, 0.609826), (0.84375, 0.599047), (0.84375, 0.638043), (0.84375, 0.616602), (0.84375, 0.609826), (0.84375, 0.638043), (0.84375, 0.618913), (0.84375, 0.616602), (0.84375, 0.638043), (0.84375, 0.618913), (0.84375, 0.638043), (0.84375, 0.638043), (0.84375, 0.616602), (0.84375, 0.618913), (0.84375, 0.638043), (0.84375, 0.609826), (0.84375, 0.616602), (0.84375, 0.638043), (0.84375, 0.599047), (0.84375, 0.609826), (0.84375, 0.638043), (0.84375, 0.58587), (0.84375, 0.599047), (0.84375, 0.599047), (0.84375, 0.58587), (0.84375, 0.58587), (0.84375, 0.620652), (0.84375, 0.58587), (0.84375, 0.638043), (0.84375, 0.603261), (0.84375, 0.58587), (0.84375, 0.620652), (0.84375, 0.58587), (0.84375, 0.603261), (0.84375, 0.58587), (0.84375, 0.620652), (0.84375, 0.620652), (0.84375, 0.620652), (0.84375, 0.620652), (0.84375, 0.620652), (0.84375, 0.620652), (0.84375, 0.620652), (0.84375, 0.638043), (0.84375, 0.620652), (0.84375, 0.638043), (0.84375, 0.620652), (0.84375, 0.638043), (0.84375, 0.638043), (0.84375, 0.620652), (0.84375, 0.620652), (0.84375, 0.638043), (0.84375, 0.620652), (0.84375, 0.620652), (0.84375, 0.725), (0.84375, 0.638043), (0.84375, 0.638043), (0.84375, 0.638043), (0.84375, 0.725), (0.84375, 0.71142), (0.84375, 0.71142), (0.84375, 0.725), (0.84375, 0.71142), (0.84375, 0.725), (0.84375, 0.71142), (0.84375, 0.725), (0.84375, 0.638043), (0.84375, 0.71142), (0.84375, 0.725), (0.84375, 0.71142), (0.84375, 0.638043), (0.84375, 0.638043), (0.84375, 0.620652), (0.84375, 0.620652), (0.84375, 0.620652), (0.84375, 0.620652), (0.84375, 0.620652), (0.84375, 0.620652), (0.84375, 0.638043), (0.84375, 0.623551), (0.84375, 0.638043), (0.84375, 0.623551), (0.84375, 0.638043), (0.84375, 0.620652), (0.84375, 0.620652), (0.84375, 0.638043), (0.84375, 0.620652), (0.84375, 0.620652), (0.84375, 0.638043), (0.84375, 0.638043), (0.84375, 0.620652), (0.84375, 0.638043), (0.84375, 0.620652), (0.84375, 0.620652), (0.84375, 0.638043), (0.84375, 0.620652), (0.84375, 0.620652), (0.84375, 0.638043), (0.84375, 0.638043), (0.84375, 0.620652), (0.84375, 0.638043), (0.84375, 0.623551), (0.84375, 0.638043), (0.84375, 0.638043), (0.84375, 0.638043), (0.84375, 0.638043), (0.84375, 0.638043), (0.84375, 0.638043), (0.84375, 0.603261), (0.84375, 0.620652), (0.84375, 0.620652), (0.84375, 0.620652), (0.84375, 0.603261), (0.84375, 0.603261), (0.84375, 0.603261), (0.84375, 0.603261), (0.84375, 0.603261), (0.84375, 0.603261), (0.84375, 0.603261), (0.84375, 0.603261), (0.84375, 0.58587), (0.84375, 0.603261), (0.84375, 0.603261), (0.84375, 0.603261), (0.84375, 0.58587), (0.84375, 0.58587), (0.84375, 0.638043), (0.84375, 0.620652), (0.84375, 0.620652), (0.84375, 0.620652), (0.84375, 0.638043), (0.84375, 0.638043), (0.84375, 0.620652), (0.84375, 0.638043), (0.84375, 0.620652), (0.84375, 0.638043), (0.84375, 0.620652), (0.84375, 0.638043), (0.84375, 0.638043), (0.84375, 0.620652), (0.84375, 0.638043), (0.84375, 0.620652), (0.84375, 0.638043), (0.84375, 0.620652), (0.84375, 0.638043), (0.84375, 0.620652), (0.84375, 0.638043), (0.84375, 0.620652), (0.84375, 0.638043), (0.84375, 0.609826), (0.84375, 0.609826), (0.84375, 0.638043), (0.84375, 0.616602), (0.84375, 0.599047), (0.84375, 0.620652), (0.84375, 0.609826), (0.84375, 0.616602), (0.84375, 0.638043), (0.84375, 0.618913), (0.84375, 0.58587), (0.84375, 0.620652), (0.84375, 0.599047), (0.84375, 0.618913), (0.84375, 0.638043), (0.84375, 0.623551), (0.84375, 0.618913), (0.84375, 0.623551), (0.84375, 0.616602), (0.84375, 0.616602), (0.84375, 0.623551), (0.84375, 0.609826), (0.84375, 0.609826), (0.84375, 0.623551), (0.84375, 0.599047), (0.84375, 0.599047), (0.84375, 0.623551), (0.84375, 0.58587), (0.84375, 0.58587), (0.84375, 0.623551), (0.84375, 0.603261), (0.84375, 0.58587), (0.84375, 0.603261), (0.84375, 0.58587), (0.84375, 0.58587), (0.84375, 0.603261), (0.84375, 0.603261), (0.84375, 0.58587), (0.84375, 0.620652), (0.84375, 0.620652), (0.84375, 0.58587), (0.84375, 0.638043), (0.84375, 0.620652), (0.84375, 0.620652), (0.84375, 0.638043), (0.84375, 0.638043), (0.84375, 0.58587), (0.84375, 0.638043), (0.84375, 0.58587), (0.84375, 0.599047), (0.84375, 0.638043), (0.84375, 0.58587), (0.84375, 0.609826), (0.84375, 0.638043), (0.84375, 0.599047), (0.84375, 0.616602), (0.84375, 0.638043), (0.84375, 0.609826), (0.84375, 0.618913), (0.84375, 0.638043), (0.84375, 0.616602), (0.84375, 0.618913), (0.84375, 0.638043), (0.84375, 0.638043), (0.84375, 0.616602), (0.84375, 0.638043), (0.84375, 0.618913), (0.84375, 0.609826), (0.84375, 0.638043), (0.84375, 0.616602), (0.84375, 0.599047), (0.84375, 0.638043), (0.84375, 0.609826), (0.84375, 0.58587), (0.84375, 0.638043), (0.84375, 0.599047), (0.84375, 0.58587), (0.84375, 0.599047), (0.84375, 0.58587), (0.84375, 0.58587), (0.84375, 0.638043), (0.84375, 0.58587), (0.84375, 0.603261), (0.84375, 0.638043), (0.84375, 0.58587), (0.84375, 0.638043), (0.84375, 0.603261), (0.84375, 0.620652), (0.84375, 0.725), (0.84375, 0.725), (0.84375, 0.725), (0.84375, 0.725), (0.84375, 0.725), (0.84375, 0.725), (0.84375, 0.716304), (0.84375, 0.725), (0.84375, 0.716304), (0.84375, 0.725), (0.84375, 0.716304), (0.84375, 0.725), (0.84375, 0.638043), (0.84375, 0.725), (0.84375, 0.638043), (0.84375, 0.707946), (0.84375, 0.725), (0.84375, 0.638043), (0.84375, 0.707946), (0.84375, 0.725), (0.84375, 0.707946), (0.84375, 0.725), (0.84375, 0.707946), (0.84375, 0.725), (0.84375, 0.638043), (0.84375, 0.725), (0.84375, 0.707946), (0.84375, 0.638043), (0.84375, 0.716304), (0.84375, 0.725), (0.84375, 0.716304), (0.84375, 0.638043), (0.84375, 0.638043), (0.84375, 0.638043), (0.84375, 0.716304), (0.84375, 0.638043), (0.84375, 0.716304), (0.84375, 0.638043), (0.84375, 0.725), (0.84375, 0.725), (0.84375, 0.638043), (0.84375, 0.707946), (0.84375, 0.725), (0.84375, 0.707946), (0.84375, 0.725), (0.84375, 0.725), (0.84375, 0.707946), (0.84375, 0.707946), (0.84375, 0.725), (0.84375, 0.707946), (0.84375, 0.638043), (0.84375, 0.725), (0.84375, 0.638043), (0.84375, 0.638043), (0.84375, 0.603261), (0.84375, 0.620652), (0.84375, 0.620652), (0.84375, 0.620652), (0.84375, 0.603261), (0.84375, 0.603261), (0.84375, 0.603261), (0.84375, 0.603261), (0.84375, 0.603261), (0.84375, 0.603261), (0.84375, 0.603261), (0.84375, 0.603261), (0.84375, 0.58587), (0.84375, 0.603261), (0.84375, 0.603261), (0.84375, 0.603261), (0.84375, 0.58587), (0.84375, 0.58587), (0.84375, 0.638043), (0.84375, 0.654191), (0.84375, 0.638043), (0.84375, 0.654191), (0.84375, 0.638043), (0.84375, 0.716304), (0.84375, 0.654191), (0.84375, 0.638043), (0.84375, 0.654191), (0.84375, 0.654191), (0.84375, 0.716304), (0.84375, 0.708852), (0.84375, 0.638043), (0.84375, 0.654191), (0.84375, 0.716304), (0.84375, 0.708852), (0.84375, 0.716304), (0.84375, 0.708852), (0.84375, 0.716304), (0.84375, 0.654191), (0.84375, 0.708852), (0.84375, 0.716304), (0.84375, 0.708852), (0.84375, 0.716304), (0.84375, 0.388043), (0.84375, 0.370652), (0.84375, 0.370652), (0.84375, 0.370652), (0.84375, 0.388043), (0.84375, 0.388043), (0.84375, 0.388043), (0.84375, 0.370652), (0.84375, 0.370652), (0.84375, 0.370652), (0.84375, 0.388043), (0.84375, 0.388043), (0.84375, 0.332143), (0.84375, 0.275), (0.84375, 0.275), (0.84375, 0.275), (0.84375, 0.332143), (0.84375, 0.332143), (0.84375, 0.332143), (0.84375, 0.332143), (0.84375, 0.417857), (0.84375, 0.332143), (0.84375, 0.417857), (0.84375, 0.417857), (0.84375, 0.417857), (0.84375, 0.417857), (0.84375, 0.475), (0.84375, 0.417857), (0.84375, 0.475), (0.84375, 0.475), (0.84375, 0.332143), (0.84375, 0.275), (0.84375, 0.275), (0.84375, 0.275), (0.84375, 0.332143), (0.84375, 0.332143), (0.84375, 0.332143), (0.84375, 0.332143), (0.84375, 0.417857), (0.84375, 0.332143), (0.84375, 0.417857), (0.84375, 0.417857), (0.84375, 0.417857), (0.84375, 0.417857), (0.84375, 0.475), (0.84375, 0.417857), (0.84375, 0.475), (0.84375, 0.475), (0.21875, 0.196429), (0.21875, 0.025), (0.21875, 0.025), (0.21875, 0.025), (0.21875, 0.196429), (0.21875, 0.196429), (0.21875, 0.196429), (0.21875, 0.025), (0.21875, 0.025), (0.21875, 0.025), (0.21875, 0.196429), (0.21875, 0.196429), (0.21875, 0.196429), (0.21875, 0.025), (0.21875, 0.225), (0.21875, 0.025), (0.21875, 0.196429), (0.21875, 0.025), (0.21875, 0.025), (0.21875, 0.225), (0.21875, 0.025), (0.21875, 0.225), (0.21875, 0.025), (0.21875, 0.196429), (0.09375, 0.218003), (0.09375, 0.0690127), (0.09375, 0.0690127), (0.09375, 0.0690127), (0.09375, 0.218003), (0.09375, 0.218003), (0.09375, 0.225), (0.09375, 0.025), (0.09375, 0.025), (0.09375, 0.025), (0.09375, 0.225), (0.09375, 0.225), (0.09375, 0.215533), (0.09375, 0.025), (0.09375, 0.215533), (0.09375, 0.025), (0.09375, 0.215533), (0.09375, 0.025), (0.09375, 0.025), (0.09375, 0.215533), (0.09375, 0.025), (0.09375, 0.025), (0.09375, 0.215533), (0.09375, 0.025), (0.09375, 0.215533), (0.09375, 0.025), (0.09375, 0.215533), (0.09375, 0.215533), (0.09375, 0.025), (0.09375, 0.025), (0.34375, 0.105), (0.34375, 0.025), (0.34375, 0.025), (0.34375, 0.025), (0.34375, 0.105), (0.34375, 0.105), (0.34375, 0.105), (0.34375, 0.025), (0.34375, 0.025), (0.34375, 0.025), (0.34375, 0.105), (0.34375, 0.105), (0.34375, 0.275), (0.34375, 0.275), (0.34375, 0.318999), (0.34375, 0.318999), (0.34375, 0.275), (0.34375, 0.36), (0.34375, 0.275), (0.34375, 0.275), (0.34375, 0.36), (0.34375, 0.275), (0.34375, 0.275), (0.34375, 0.36), (0.34375, 0.36), (0.34375, 0.275), (0.34375, 0.395208), (0.34375, 0.275), (0.34375, 0.275), (0.34375, 0.275), (0.34375, 0.275), (0.34375, 0.306294), (0.34375, 0.395208), (0.34375, 0.275), (0.34375, 0.275), (0.34375, 0.275), (0.34375, 0.306294), (0.34375, 0.335456), (0.34375, 0.395208), (0.34375, 0.335456), (0.34375, 0.360498), (0.34375, 0.395208), (0.34375, 0.275), (0.34375, 0.275), (0.34375, 0.275), (0.34375, 0.275), (0.34375, 0.275), (0.34375, 0.275), (0.34375, 0.395208), (0.34375, 0.360498), (0.34375, 0.422224), (0.34375, 0.275), (0.34375, 0.275), (0.34375, 0.275), (0.34375, 0.360498), (0.34375, 0.379713), (0.34375, 0.422224), (0.34375, 0.422224), (0.34375, 0.379713), (0.34375, 0.439207), (0.34375, 0.379713), (0.34375, 0.391792), (0.34375, 0.439207), (0.34375, 0.439207), (0.34375, 0.391792), (0.34375, 0.445), (0.34375, 0.391792), (0.34375, 0.395912), (0.34375, 0.445), (0.34375, 0.395912), (0.34375, 0.391792), (0.34375, 0.445), (0.34375, 0.445), (0.34375, 0.391792), (0.34375, 0.439207), (0.34375, 0.275), (0.34375, 0.275), (0.34375, 0.275), (0.34375, 0.275), (0.34375, 0.275), (0.34375, 0.275), (0.34375, 0.275), (0.34375, 0.275), (0.34375, 0.275), (0.34375, 0.275), (0.34375, 0.275), (0.34375, 0.275), (0.34375, 0.275), (0.34375, 0.275), (0.34375, 0.275), (0.34375, 0.391792), (0.34375, 0.379713), (0.34375, 0.439207), (0.34375, 0.439207), (0.34375, 0.379713), (0.34375, 0.422224), (0.34375, 0.379713), (0.34375, 0.360498), (0.34375, 0.422224), (0.34375, 0.360498), (0.34375, 0.335456), (0.34375, 0.422224), (0.34375, 0.335456), (0.34375, 0.306294), (0.34375, 0.422224), (0.34375, 0.275), (0.34375, 0.275), (0.34375, 0.275), (0.34375, 0.275), (0.34375, 0.275), (0.34375, 0.275), (0.34375, 0.275), (0.34375, 0.275), (0.34375, 0.275), (0.34375, 0.275), (0.34375, 0.275), (0.34375, 0.275), (0.34375, 0.275), (0.34375, 0.275), (0.34375, 0.275), (0.34375, 0.275), (0.34375, 0.275), (0.34375, 0.275), (0.34375, 0.275), (0.34375, 0.275), (0.34375, 0.275), (0.34375, 0.422224), (0.34375, 0.306294), (0.34375, 0.395208), (0.34375, 0.275), (0.34375, 0.275), (0.34375, 0.275), (0.34375, 0.306294), (0.34375, 0.275), (0.34375, 0.395208), (0.34375, 0.275), (0.34375, 0.275), (0.34375, 0.275), (0.34375, 0.36), (0.34375, 0.395208), (0.34375, 0.275), (0.34375, 0.275), (0.34375, 0.275), (0.34375, 0.36), (0.34375, 0.275), (0.34375, 0.275), (0.34375, 0.36), (0.34375, 0.36), (0.34375, 0.275), (0.34375, 0.318999), (0.34375, 0.275), (0.34375, 0.275), (0.34375, 0.318999), (0.34375, 0.275), (0.34375, 0.318999), (0.34375, 0.275), (0.34375, 0.375), (0.34375, 0.36), (0.34375, 0.326764), (0.34375, 0.318999), (0.34375, 0.326764), (0.34375, 0.36), (0.34375, 0.275), (0.34375, 0.275), (0.34375, 0.275), (0.34375, 0.275), (0.34375, 0.275), (0.34375, 0.275), (0.34375, 0.275), (0.34375, 0.318999), (0.34375, 0.275), (0.34375, 0.275), (0.34375, 0.318999), (0.34375, 0.275), (0.34375, 0.318999), (0.34375, 0.36), (0.34375, 0.275), (0.34375, 0.275), (0.34375, 0.36), (0.34375, 0.275), (0.34375, 0.36), (0.34375, 0.395208), (0.34375, 0.275), (0.34375, 0.275), (0.34375, 0.395208), (0.34375, 0.275), (0.34375, 0.395208), (0.34375, 0.422224), (0.34375, 0.275), (0.34375, 0.275), (0.34375, 0.422224), (0.34375, 0.275), (0.34375, 0.422224), (0.34375, 0.439207), (0.34375, 0.275), (0.34375, 0.275), (0.34375, 0.439207), (0.34375, 0.275), (0.34375, 0.439207), (0.34375, 0.445), (0.34375, 0.275), (0.34375, 0.275), (0.34375, 0.445), (0.34375, 0.275), (0.34375, 0.445), (0.34375, 0.439207), (0.34375, 0.275), (0.34375, 0.275), (0.34375, 0.439207), (0.34375, 0.275), (0.34375, 0.439207), (0.34375, 0.422224), (0.34375, 0.275), (0.34375, 0.275), (0.34375, 0.422224), (0.34375, 0.275), (0.34375, 0.422224), (0.34375, 0.395208), (0.34375, 0.275), (0.34375, 0.275), (0.34375, 0.395208), (0.34375, 0.275), (0.34375, 0.395208), (0.34375, 0.36), (0.34375, 0.275), (0.34375, 0.36), (0.34375, 0.318999), (0.34375, 0.275), (0.34375, 0.275), (0.34375, 0.318999), (0.34375, 0.275), (0.34375, 0.275), (0.34375, 0.275), (0.34375, 0.318999), (0.34375, 0.318999), (0.34375, 0.326764), (0.34375, 0.275), (0.34375, 0.275), (0.34375, 0.275), (0.34375, 0.326764), (0.34375, 0.275), (0.34375, 0.275), (0.34375, 0.275), (0.34375, 0.275), (0.34375, 0.275), (0.34375, 0.275), (0.34375, 0.275), (0.34375, 0.275), (0.34375, 0.275), (0.34375, 0.275), (0.34375, 0.275), (0.34375, 0.275), (0.34375, 0.468185), (0.34375, 0.439207), (0.34375, 0.475), (0.34375, 0.445), (0.34375, 0.475), (0.34375, 0.439207), (0.34375, 0.416421), (0.34375, 0.395208), (0.34375, 0.448205), (0.34375, 0.422224), (0.34375, 0.448205), (0.34375, 0.395208), (0.34375, 0.275), (0.34375, 0.275), (0.34375, 0.275), (0.34375, 0.275), (0.34375, 0.275), (0.34375, 0.275), (0.34375, 0.275), (0.34375, 0.275), (0.34375, 0.275), (0.34375, 0.275), (0.34375, 0.275), (0.34375, 0.275), (0.34375, 0.275), (0.34375, 0.275), (0.34375, 0.275), (0.34375, 0.275), (0.34375, 0.275), (0.34375, 0.275), (0.34375, 0.416421), (0.34375, 0.375), (0.34375, 0.395208), (0.34375, 0.36), (0.34375, 0.395208), (0.34375, 0.375), (0.34375, 0.275), (0.34375, 0.275), (0.34375, 0.275), (0.34375, 0.275), (0.34375, 0.275), (0.34375, 0.275), (0.34375, 0.275), (0.34375, 0.275), (0.34375, 0.275), (0.34375, 0.275), (0.34375, 0.275), (0.34375, 0.275), (0.34375, 0.275), (0.34375, 0.275), (0.34375, 0.275), (0.34375, 0.275), (0.34375, 0.275), (0.34375, 0.275), (0.34375, 0.275), (0.34375, 0.275), (0.34375, 0.275), (0.34375, 0.275), (0.34375, 0.275), (0.34375, 0.275), (0.34375, 0.416421), (0.34375, 0.395208), (0.34375, 0.375), (0.34375, 0.36), (0.34375, 0.375), (0.34375, 0.395208), (0.34375, 0.275), (0.34375, 0.275), (0.34375, 0.275), (0.34375, 0.275), (0.34375, 0.275), (0.34375, 0.275), (0.34375, 0.326764), (0.34375, 0.318999), (0.34375, 0.275), (0.34375, 0.275), (0.34375, 0.275), (0.34375, 0.318999), (0.34375, 0.375), (0.34375, 0.326764), (0.34375, 0.36), (0.34375, 0.318999), (0.34375, 0.36), (0.34375, 0.326764), (0.34375, 0.468185), (0.34375, 0.439207), (0.34375, 0.448205), (0.34375, 0.422224), (0.34375, 0.448205), (0.34375, 0.439207), (0.34375, 0.475), (0.34375, 0.445), (0.34375, 0.468185), (0.34375, 0.439207), (0.34375, 0.468185), (0.34375, 0.445), (0.34375, 0.275), (0.34375, 0.275), (0.34375, 0.275), (0.34375, 0.275), (0.34375, 0.275), (0.34375, 0.275), (0.34375, 0.448205), (0.34375, 0.422224), (0.34375, 0.416421), (0.34375, 0.395208), (0.34375, 0.416421), (0.34375, 0.422224), (0.34375, 0.475), (0.34375, 0.475), (0.34375, 0.468185), (0.34375, 0.468185), (0.34375, 0.468185), (0.34375, 0.475), (0.34375, 0.275), (0.34375, 0.275), (0.34375, 0.275), (0.34375, 0.275), (0.34375, 0.275), (0.34375, 0.275), (0.34375, 0.275), (0.34375, 0.275), (0.34375, 0.275), (0.34375, 0.275), (0.34375, 0.275), (0.34375, 0.275), (0.34375, 0.468185), (0.34375, 0.468185), (0.34375, 0.448205), (0.34375, 0.448205), (0.34375, 0.448205), (0.34375, 0.468185), (0.34375, 0.275), (0.34375, 0.275), (0.34375, 0.275), (0.34375, 0.275), (0.34375, 0.275), (0.34375, 0.275), (0.34375, 0.275), (0.34375, 0.275), (0.34375, 0.275), (0.34375, 0.275), (0.34375, 0.275), (0.34375, 0.275), (0.34375, 0.275), (0.34375, 0.275), (0.34375, 0.275), (0.34375, 0.275), (0.34375, 0.275), (0.34375, 0.275), (0.34375, 0.275), (0.34375, 0.275), (0.34375, 0.275), (0.34375, 0.275), (0.34375, 0.275), (0.34375, 0.275), (0.34375, 0.375), (0.34375, 0.375), (0.34375, 0.326764), (0.34375, 0.326764), (0.34375, 0.326764), (0.34375, 0.375), (0.34375, 0.275), (0.34375, 0.275), (0.34375, 0.275), (0.34375, 0.275), (0.34375, 0.275), (0.34375, 0.275), (0.34375, 0.448205), (0.34375, 0.422224), (0.34375, 0.468185), (0.34375, 0.439207), (0.34375, 0.468185), (0.34375, 0.422224), (0.34375, 0.275), (0.34375, 0.275), (0.34375, 0.275), (0.34375, 0.275), (0.34375, 0.275), (0.34375, 0.275), (0.34375, 0.275), (0.34375, 0.275), (0.34375, 0.275), (0.34375, 0.275), (0.34375, 0.275), (0.34375, 0.275), (0.34375, 0.326764), (0.34375, 0.326764), (0.34375, 0.275), (0.34375, 0.275), (0.34375, 0.275), (0.34375, 0.326764), (0.34375, 0.448205), (0.34375, 0.448205), (0.34375, 0.416421), (0.34375, 0.416421), (0.34375, 0.416421), (0.34375, 0.448205), (0.34375, 0.318999), (0.34375, 0.326764), (0.34375, 0.275), (0.34375, 0.275), (0.34375, 0.275), (0.34375, 0.326764), (0.34375, 0.375), (0.34375, 0.36), (0.34375, 0.326764), (0.34375, 0.318999), (0.34375, 0.326764), (0.34375, 0.36), (0.34375, 0.326764), (0.34375, 0.326764), (0.34375, 0.275), (0.34375, 0.275), (0.34375, 0.275), (0.34375, 0.326764), (0.34375, 0.416421), (0.34375, 0.416421), (0.34375, 0.375), (0.34375, 0.375), (0.34375, 0.375), (0.34375, 0.416421), (0.34375, 0.439207), (0.34375, 0.468185), (0.34375, 0.445), (0.34375, 0.475), (0.34375, 0.445), (0.34375, 0.468185), (0.34375, 0.375), (0.34375, 0.326764), (0.34375, 0.36), (0.34375, 0.318999), (0.34375, 0.36), (0.34375, 0.326764), (0.34375, 0.445), (0.34375, 0.475), (0.34375, 0.439207), (0.34375, 0.468185), (0.34375, 0.439207), (0.34375, 0.475), (0.34375, 0.448205), (0.34375, 0.448205), (0.34375, 0.468185), (0.34375, 0.468185), (0.34375, 0.468185), (0.34375, 0.448205), (0.34375, 0.275), (0.34375, 0.275), (0.34375, 0.275), (0.34375, 0.275), (0.34375, 0.275), (0.34375, 0.275), (0.34375, 0.416421), (0.34375, 0.375), (0.34375, 0.395208), (0.34375, 0.36), (0.34375, 0.395208), (0.34375, 0.375), (0.34375, 0.275), (0.34375, 0.275), (0.34375, 0.275), (0.34375, 0.275), (0.34375, 0.275), (0.34375, 0.275), (0.34375, 0.275), (0.34375, 0.275), (0.34375, 0.275), (0.34375, 0.275), (0.34375, 0.275), (0.34375, 0.275), (0.34375, 0.275), (0.34375, 0.275), (0.34375, 0.275), (0.34375, 0.275), (0.34375, 0.275), (0.34375, 0.275), (0.34375, 0.275), (0.34375, 0.275), (0.34375, 0.275), (0.34375, 0.275), (0.34375, 0.275), (0.34375, 0.275), (0.34375, 0.275), (0.34375, 0.275), (0.34375, 0.275), (0.34375, 0.275), (0.34375, 0.275), (0.34375, 0.275), (0.34375, 0.275), (0.34375, 0.275), (0.34375, 0.275), (0.34375, 0.275), (0.34375, 0.275), (0.34375, 0.275), (0.34375, 0.468185), (0.34375, 0.468185), (0.34375, 0.475), (0.34375, 0.475), (0.34375, 0.475), (0.34375, 0.468185), (0.34375, 0.275), (0.34375, 0.275), (0.34375, 0.275), (0.34375, 0.275), (0.34375, 0.275), (0.34375, 0.275), (0.34375, 0.416421), (0.34375, 0.416421), (0.34375, 0.375), (0.34375, 0.375), (0.34375, 0.375), (0.34375, 0.416421), (0.34375, 0.275), (0.34375, 0.275), (0.34375, 0.275), (0.34375, 0.275), (0.34375, 0.275), (0.34375, 0.275), (0.34375, 0.422224), (0.34375, 0.448205), (0.34375, 0.439207), (0.34375, 0.468185), (0.34375, 0.439207), (0.34375, 0.448205), (0.34375, 0.375), (0.34375, 0.375), (0.34375, 0.326764), (0.34375, 0.326764), (0.34375, 0.326764), (0.34375, 0.375), (0.34375, 0.275), (0.34375, 0.275), (0.34375, 0.275), (0.34375, 0.275), (0.34375, 0.275), (0.34375, 0.275), (0.34375, 0.422224), (0.34375, 0.448205), (0.34375, 0.395208), (0.34375, 0.416421), (0.34375, 0.395208), (0.34375, 0.448205), (0.34375, 0.439207), (0.34375, 0.468185), (0.34375, 0.422224), (0.34375, 0.448205), (0.34375, 0.422224), (0.34375, 0.468185), (0.34375, 0.275), (0.34375, 0.275), (0.34375, 0.275), (0.34375, 0.275), (0.34375, 0.275), (0.34375, 0.275), (0.34375, 0.275), (0.34375, 0.275), (0.34375, 0.275), (0.34375, 0.275), (0.34375, 0.275), (0.34375, 0.275), (0.34375, 0.395208), (0.34375, 0.416421), (0.34375, 0.422224), (0.34375, 0.448205), (0.34375, 0.422224), (0.34375, 0.416421), (0.34375, 0.275), (0.34375, 0.275), (0.34375, 0.275), (0.34375, 0.275), (0.34375, 0.275), (0.34375, 0.275), (0.34375, 0.275), (0.34375, 0.275), (0.34375, 0.275), (0.34375, 0.275), (0.34375, 0.275), (0.34375, 0.275), (0.34375, 0.416421), (0.34375, 0.395208), (0.34375, 0.375), (0.34375, 0.36), (0.34375, 0.375), (0.34375, 0.395208), (0.34375, 0.275), (0.34375, 0.275), (0.34375, 0.275), (0.34375, 0.275), (0.34375, 0.275), (0.34375, 0.275), (0.34375, 0.326764), (0.34375, 0.318999), (0.34375, 0.275), (0.34375, 0.275), (0.34375, 0.275), (0.34375, 0.318999), (0.34375, 0.416421), (0.34375, 0.416421), (0.34375, 0.448205), (0.34375, 0.448205), (0.34375, 0.448205), (0.34375, 0.416421), (0.71875, 0.375), (0.71875, 0.400882), (0.71875, 0.349118), (0.71875, 0.349118), (0.71875, 0.400882), (0.71875, 0.325), (0.71875, 0.400882), (0.71875, 0.425), (0.71875, 0.325), (0.71875, 0.325), (0.71875, 0.425), (0.71875, 0.304289), (0.71875, 0.425), (0.71875, 0.445711), (0.71875, 0.304289), (0.71875, 0.445711), (0.71875, 0.375), (0.71875, 0.304289), (0.71875, 0.375), (0.71875, 0.357807), (0.71875, 0.304289), (0.71875, 0.375), (0.71875, 0.445711), (0.71875, 0.392193), (0.71875, 0.357807), (0.71875, 0.341786), (0.71875, 0.304289), (0.71875, 0.392193), (0.71875, 0.445711), (0.71875, 0.408214), (0.71875, 0.304289), (0.71875, 0.341786), (0.71875, 0.288397), (0.71875, 0.445711), (0.71875, 0.461603), (0.71875, 0.408214), (0.71875, 0.341786), (0.71875, 0.328029), (0.71875, 0.288397), (0.71875, 0.328029), (0.71875, 0.317472), (0.71875, 0.288397), (0.71875, 0.288397), (0.71875, 0.317472), (0.71875, 0.278407), (0.71875, 0.408214), (0.71875, 0.461603), (0.71875, 0.421971), (0.71875, 0.421971), (0.71875, 0.461603), (0.71875, 0.432528), (0.71875, 0.461603), (0.71875, 0.471593), (0.71875, 0.432528), (0.71875, 0.317472), (0.71875, 0.310836), (0.71875, 0.278407), (0.71875, 0.278407), (0.71875, 0.310836), (0.71875, 0.275), (0.71875, 0.310836), (0.71875, 0.308573), (0.71875, 0.275), (0.71875, 0.308573), (0.71875, 0.310836), (0.71875, 0.275), (0.71875, 0.275), (0.71875, 0.310836), (0.71875, 0.278407), (0.71875, 0.432528), (0.71875, 0.471593), (0.71875, 0.439164), (0.71875, 0.439164), (0.71875, 0.471593), (0.71875, 0.441427), (0.71875, 0.471593), (0.71875, 0.475), (0.71875, 0.441427), (0.71875, 0.310836), (0.71875, 0.317472), (0.71875, 0.278407), (0.71875, 0.317472), (0.71875, 0.328029), (0.71875, 0.278407), (0.71875, 0.278407), (0.71875, 0.328029), (0.71875, 0.288397), (0.71875, 0.441427), (0.71875, 0.475), (0.71875, 0.439164), (0.71875, 0.475), (0.71875, 0.471593), (0.71875, 0.439164), (0.71875, 0.439164), (0.71875, 0.471593), (0.71875, 0.432528), (0.71875, 0.432528), (0.71875, 0.471593), (0.71875, 0.421971), (0.71875, 0.471593), (0.71875, 0.461603), (0.71875, 0.421971), (0.71875, 0.328029), (0.71875, 0.341786), (0.71875, 0.288397), (0.71875, 0.341786), (0.71875, 0.357807), (0.71875, 0.288397), (0.71875, 0.288397), (0.71875, 0.357807), (0.71875, 0.304289), (0.71875, 0.421971), (0.71875, 0.461603), (0.71875, 0.408214), (0.71875, 0.408214), (0.71875, 0.461603), (0.71875, 0.392193), (0.71875, 0.461603), (0.71875, 0.445711), (0.71875, 0.392193), (0.71875, 0.357807), (0.71875, 0.375), (0.71875, 0.304289), (0.71875, 0.375), (0.71875, 0.392193), (0.71875, 0.445711), (0.71875, 0.375), (0.71875, 0.445711), (0.71875, 0.304289), (0.71875, 0.304289), (0.71875, 0.445711), (0.71875, 0.325), (0.71875, 0.445711), (0.71875, 0.425), (0.71875, 0.325), (0.71875, 0.325), (0.71875, 0.425), (0.71875, 0.349118), (0.71875, 0.425), (0.71875, 0.400882), (0.71875, 0.349118), (0.71875, 0.375), (0.71875, 0.349118), (0.71875, 0.400882), (0.71875, 0.335), (0.71875, 0.325353), (0.71875, 0.33), (0.71875, 0.322765), (0.71875, 0.33), (0.71875, 0.325353), (0.71875, 0.315), (0.71875, 0.307235), (0.71875, 0.315), (0.71875, 0.304647), (0.71875, 0.315), (0.71875, 0.307235), (0.71875, 0.3), (0.71875, 0.295), (0.71875, 0.293787), (0.71875, 0.286716), (0.71875, 0.293787), (0.71875, 0.295), (0.71875, 0.343284), (0.71875, 0.335), (0.71875, 0.336213), (0.71875, 0.33), (0.71875, 0.336213), (0.71875, 0.335), (0.71875, 0.3), (0.71875, 0.293787), (0.71875, 0.295), (0.71875, 0.286716), (0.71875, 0.295), (0.71875, 0.293787), (0.71875, 0.349641), (0.71875, 0.353637), (0.71875, 0.340981), (0.71875, 0.343978), (0.71875, 0.340981), (0.71875, 0.353637), (0.71875, 0.343284), (0.71875, 0.349641), (0.71875, 0.336213), (0.71875, 0.340981), (0.71875, 0.336213), (0.71875, 0.349641), (0.71875, 0.353637), (0.71875, 0.355), (0.71875, 0.343978), (0.71875, 0.345), (0.71875, 0.343978), (0.71875, 0.355), (0.71875, 0.315), (0.71875, 0.307235), (0.71875, 0.322765), (0.71875, 0.322765), (0.71875, 0.307235), (0.71875, 0.33), (0.71875, 0.307235), (0.71875, 0.3), (0.71875, 0.33), (0.71875, 0.33), (0.71875, 0.3), (0.71875, 0.336213), (0.71875, 0.3), (0.71875, 0.293787), (0.71875, 0.336213), (0.71875, 0.336213), (0.71875, 0.293787), (0.71875, 0.340981), (0.71875, 0.293787), (0.71875, 0.289019), (0.71875, 0.340981), (0.71875, 0.340981), (0.71875, 0.289019), (0.71875, 0.343978), (0.71875, 0.289019), (0.71875, 0.286022), (0.71875, 0.343978), (0.71875, 0.343978), (0.71875, 0.286022), (0.71875, 0.345), (0.71875, 0.286022), (0.71875, 0.285), (0.71875, 0.345), (0.71875, 0.345), (0.71875, 0.285), (0.71875, 0.343978), (0.71875, 0.285), (0.71875, 0.286022), (0.71875, 0.343978), (0.71875, 0.343978), (0.71875, 0.286022), (0.71875, 0.340981), (0.71875, 0.286022), (0.71875, 0.289019), (0.71875, 0.340981), (0.71875, 0.340981), (0.71875, 0.289019), (0.71875, 0.336213), (0.71875, 0.289019), (0.71875, 0.293787), (0.71875, 0.336213), (0.71875, 0.336213), (0.71875, 0.293787), (0.71875, 0.33), (0.71875, 0.293787), (0.71875, 0.3), (0.71875, 0.33), (0.71875, 0.33), (0.71875, 0.3), (0.71875, 0.322765), (0.71875, 0.3), (0.71875, 0.307235), (0.71875, 0.322765), (0.71875, 0.315), (0.71875, 0.322765), (0.71875, 0.307235), (0.71875, 0.307235), (0.71875, 0.304647), (0.71875, 0.3), (0.71875, 0.295), (0.71875, 0.3), (0.71875, 0.304647), (0.71875, 0.343284), (0.71875, 0.336213), (0.71875, 0.335), (0.71875, 0.33), (0.71875, 0.335), (0.71875, 0.336213), (0.71875, 0.353637), (0.71875, 0.349641), (0.71875, 0.343978), (0.71875, 0.340981), (0.71875, 0.343978), (0.71875, 0.349641), (0.71875, 0.280359), (0.71875, 0.289019), (0.71875, 0.276363), (0.71875, 0.286022), (0.71875, 0.276363), (0.71875, 0.289019), (0.71875, 0.349641), (0.71875, 0.343284), (0.71875, 0.340981), (0.71875, 0.336213), (0.71875, 0.340981), (0.71875, 0.343284), (0.71875, 0.307235), (0.71875, 0.3), (0.71875, 0.304647), (0.71875, 0.295), (0.71875, 0.304647), (0.71875, 0.3), (0.71875, 0.275), (0.71875, 0.276363), (0.71875, 0.285), (0.71875, 0.286022), (0.71875, 0.285), (0.71875, 0.276363), (0.71875, 0.325353), (0.71875, 0.322765), (0.71875, 0.315), (0.71875, 0.315), (0.71875, 0.315), (0.71875, 0.322765), (0.71875, 0.286716), (0.71875, 0.280359), (0.71875, 0.293787), (0.71875, 0.289019), (0.71875, 0.293787), (0.71875, 0.280359), (0.71875, 0.325353), (0.71875, 0.315), (0.71875, 0.322765), (0.71875, 0.315), (0.71875, 0.322765), (0.71875, 0.315), (0.71875, 0.335), (0.71875, 0.33), (0.71875, 0.325353), (0.71875, 0.322765), (0.71875, 0.325353), (0.71875, 0.33), (0.71875, 0.275), (0.71875, 0.285), (0.71875, 0.276363), (0.71875, 0.286022), (0.71875, 0.276363), (0.71875, 0.285), (0.71875, 0.315), (0.71875, 0.315), (0.71875, 0.307235), (0.71875, 0.304647), (0.71875, 0.307235), (0.71875, 0.315), (0.71875, 0.280359), (0.71875, 0.286716), (0.71875, 0.289019), (0.71875, 0.293787), (0.71875, 0.289019), (0.71875, 0.286716), (0.71875, 0.280359), (0.71875, 0.276363), (0.71875, 0.289019), (0.71875, 0.286022), (0.71875, 0.289019), (0.71875, 0.276363), (0.71875, 0.355), (0.71875, 0.353637), (0.71875, 0.345), (0.71875, 0.343978), (0.71875, 0.345), (0.71875, 0.353637), (0.34375, 0.416421), (0.34375, 0.448205), (0.34375, 0.448205), (0.34375, 0.448205), (0.34375, 0.416421), (0.34375, 0.416421), (0.34375, 0.318999), (0.34375, 0.275), (0.34375, 0.275), (0.34375, 0.275), (0.34375, 0.318999), (0.34375, 0.326764), (0.34375, 0.275), (0.34375, 0.275), (0.34375, 0.275), (0.34375, 0.275), (0.34375, 0.275), (0.34375, 0.275), (0.34375, 0.395208), (0.34375, 0.375), (0.34375, 0.36), (0.34375, 0.375), (0.34375, 0.395208), (0.34375, 0.416421), (0.34375, 0.275), (0.34375, 0.275), (0.34375, 0.275), (0.34375, 0.275), (0.34375, 0.275), (0.34375, 0.275), (0.34375, 0.275), (0.34375, 0.275), (0.34375, 0.275), (0.34375, 0.275), (0.34375, 0.275), (0.34375, 0.275), (0.34375, 0.416421), (0.34375, 0.422224), (0.34375, 0.448205), (0.34375, 0.422224), (0.34375, 0.416421), (0.34375, 0.395208), (0.34375, 0.275), (0.34375, 0.275), (0.34375, 0.275), (0.34375, 0.275), (0.34375, 0.275), (0.34375, 0.275), (0.34375, 0.275), (0.34375, 0.275), (0.34375, 0.275), (0.34375, 0.275), (0.34375, 0.275), (0.34375, 0.275), (0.34375, 0.468185), (0.34375, 0.422224), (0.34375, 0.448205), (0.34375, 0.422224), (0.34375, 0.468185), (0.34375, 0.439207), (0.34375, 0.448205), (0.34375, 0.395208), (0.34375, 0.416421), (0.34375, 0.395208), (0.34375, 0.448205), (0.34375, 0.422224), (0.34375, 0.275), (0.34375, 0.275), (0.34375, 0.275), (0.34375, 0.275), (0.34375, 0.275), (0.34375, 0.275), (0.34375, 0.375), (0.34375, 0.326764), (0.34375, 0.326764), (0.34375, 0.326764), (0.34375, 0.375), (0.34375, 0.375), (0.34375, 0.448205), (0.34375, 0.439207), (0.34375, 0.468185), (0.34375, 0.439207), (0.34375, 0.448205), (0.34375, 0.422224), (0.34375, 0.275), (0.34375, 0.275), (0.34375, 0.275), (0.34375, 0.275), (0.34375, 0.275), (0.34375, 0.275), (0.34375, 0.416421), (0.34375, 0.375), (0.34375, 0.375), (0.34375, 0.375), (0.34375, 0.416421), (0.34375, 0.416421), (0.34375, 0.275), (0.34375, 0.275), (0.34375, 0.275), (0.34375, 0.275), (0.34375, 0.275), (0.34375, 0.275), (0.34375, 0.468185), (0.34375, 0.475), (0.34375, 0.475), (0.34375, 0.475), (0.34375, 0.468185), (0.34375, 0.468185), (0.34375, 0.275), (0.34375, 0.275), (0.34375, 0.275), (0.34375, 0.275), (0.34375, 0.275), (0.34375, 0.275), (0.34375, 0.275), (0.34375, 0.275), (0.34375, 0.275), (0.34375, 0.275), (0.34375, 0.275), (0.34375, 0.275), (0.34375, 0.275), (0.34375, 0.275), (0.34375, 0.275), (0.34375, 0.275), (0.34375, 0.275), (0.34375, 0.275), (0.34375, 0.275), (0.34375, 0.275), (0.34375, 0.275), (0.34375, 0.275), (0.34375, 0.275), (0.34375, 0.275), (0.34375, 0.275), (0.34375, 0.275), (0.34375, 0.275), (0.34375, 0.275), (0.34375, 0.275), (0.34375, 0.275), (0.34375, 0.275), (0.34375, 0.275), (0.34375, 0.275), (0.34375, 0.275), (0.34375, 0.275), (0.34375, 0.275), (0.34375, 0.375), (0.34375, 0.395208), (0.34375, 0.36), (0.34375, 0.395208), (0.34375, 0.375), (0.34375, 0.416421), (0.34375, 0.275), (0.34375, 0.275), (0.34375, 0.275), (0.34375, 0.275), (0.34375, 0.275), (0.34375, 0.275), (0.34375, 0.448205), (0.34375, 0.468185), (0.34375, 0.468185), (0.34375, 0.468185), (0.34375, 0.448205), (0.34375, 0.448205), (0.34375, 0.475), (0.34375, 0.439207), (0.34375, 0.468185), (0.34375, 0.439207), (0.34375, 0.475), (0.34375, 0.445), (0.34375, 0.326764), (0.34375, 0.36), (0.34375, 0.318999), (0.34375, 0.36), (0.34375, 0.326764), (0.34375, 0.375), (0.34375, 0.468185), (0.34375, 0.445), (0.34375, 0.475), (0.34375, 0.445), (0.34375, 0.468185), (0.34375, 0.439207), (0.34375, 0.416421), (0.34375, 0.375), (0.34375, 0.375), (0.34375, 0.375), (0.34375, 0.416421), (0.34375, 0.416421), (0.34375, 0.326764), (0.34375, 0.275), (0.34375, 0.275), (0.34375, 0.275), (0.34375, 0.326764), (0.34375, 0.326764), (0.34375, 0.36), (0.34375, 0.326764), (0.34375, 0.318999), (0.34375, 0.326764), (0.34375, 0.36), (0.34375, 0.375), (0.34375, 0.326764), (0.34375, 0.275), (0.34375, 0.275), (0.34375, 0.275), (0.34375, 0.326764), (0.34375, 0.318999), (0.34375, 0.448205), (0.34375, 0.416421), (0.34375, 0.416421), (0.34375, 0.416421), (0.34375, 0.448205), (0.34375, 0.448205), (0.34375, 0.326764), (0.34375, 0.275), (0.34375, 0.275), (0.34375, 0.275), (0.34375, 0.326764), (0.34375, 0.326764), (0.34375, 0.275), (0.34375, 0.275), (0.34375, 0.275), (0.34375, 0.275), (0.34375, 0.275), (0.34375, 0.275), (0.34375, 0.275), (0.34375, 0.275), (0.34375, 0.275), (0.34375, 0.275), (0.34375, 0.275), (0.34375, 0.275), (0.34375, 0.422224), (0.34375, 0.468185), (0.34375, 0.439207), (0.34375, 0.468185), (0.34375, 0.422224), (0.34375, 0.448205), (0.34375, 0.275), (0.34375, 0.275), (0.34375, 0.275), (0.34375, 0.275), (0.34375, 0.275), (0.34375, 0.275), (0.34375, 0.375), (0.34375, 0.326764), (0.34375, 0.326764), (0.34375, 0.326764), (0.34375, 0.375), (0.34375, 0.375), (0.34375, 0.275), (0.34375, 0.275), (0.34375, 0.275), (0.34375, 0.275), (0.34375, 0.275), (0.34375, 0.275), (0.34375, 0.275), (0.34375, 0.275), (0.34375, 0.275), (0.34375, 0.275), (0.34375, 0.275), (0.34375, 0.275), (0.34375, 0.275), (0.34375, 0.275), (0.34375, 0.275), (0.34375, 0.275), (0.34375, 0.275), (0.34375, 0.275), (0.34375, 0.275), (0.34375, 0.275), (0.34375, 0.275), (0.34375, 0.275), (0.34375, 0.275), (0.34375, 0.275), (0.34375, 0.468185), (0.34375, 0.448205), (0.34375, 0.448205), (0.34375, 0.448205), (0.34375, 0.468185), (0.34375, 0.468185), (0.34375, 0.275), (0.34375, 0.275), (0.34375, 0.275), (0.34375, 0.275), (0.34375, 0.275), (0.34375, 0.275), (0.34375, 0.275), (0.34375, 0.275), (0.34375, 0.275), (0.34375, 0.275), (0.34375, 0.275), (0.34375, 0.275), (0.34375, 0.475), (0.34375, 0.468185), (0.34375, 0.468185), (0.34375, 0.468185), (0.34375, 0.475), (0.34375, 0.475), (0.34375, 0.422224), (0.34375, 0.416421), (0.34375, 0.395208), (0.34375, 0.416421), (0.34375, 0.422224), (0.34375, 0.448205), (0.34375, 0.275), (0.34375, 0.275), (0.34375, 0.275), (0.34375, 0.275), (0.34375, 0.275), (0.34375, 0.275), (0.34375, 0.445), (0.34375, 0.468185), (0.34375, 0.439207), (0.34375, 0.468185), (0.34375, 0.445), (0.34375, 0.475), (0.34375, 0.439207), (0.34375, 0.448205), (0.34375, 0.422224), (0.34375, 0.448205), (0.34375, 0.439207), (0.34375, 0.468185), (0.34375, 0.326764), (0.34375, 0.36), (0.34375, 0.318999), (0.34375, 0.36), (0.34375, 0.326764), (0.34375, 0.375), (0.34375, 0.318999), (0.34375, 0.275), (0.34375, 0.275), (0.34375, 0.275), (0.34375, 0.318999), (0.34375, 0.326764), (0.34375, 0.275), (0.34375, 0.275), (0.34375, 0.275), (0.34375, 0.275), (0.34375, 0.275), (0.34375, 0.275), (0.34375, 0.395208), (0.34375, 0.375), (0.34375, 0.36), (0.34375, 0.375), (0.34375, 0.395208), (0.34375, 0.416421), (0.34375, 0.275), (0.34375, 0.275), (0.34375, 0.275), (0.34375, 0.275), (0.34375, 0.275), (0.34375, 0.275), (0.34375, 0.275), (0.34375, 0.275), (0.34375, 0.275), (0.34375, 0.275), (0.34375, 0.275), (0.34375, 0.275), (0.34375, 0.275), (0.34375, 0.275), (0.34375, 0.275), (0.34375, 0.275), (0.34375, 0.275), (0.34375, 0.275), (0.34375, 0.275), (0.34375, 0.275), (0.34375, 0.275), (0.34375, 0.275), (0.34375, 0.275), (0.34375, 0.275), (0.34375, 0.375), (0.34375, 0.395208), (0.34375, 0.36), (0.34375, 0.395208), (0.34375, 0.375), (0.34375, 0.416421), (0.34375, 0.275), (0.34375, 0.275), (0.34375, 0.275), (0.34375, 0.275), (0.34375, 0.275), (0.34375, 0.275), (0.34375, 0.275), (0.34375, 0.275), (0.34375, 0.275), (0.34375, 0.275), (0.34375, 0.275), (0.34375, 0.275), (0.34375, 0.275), (0.34375, 0.275), (0.34375, 0.275), (0.34375, 0.275), (0.34375, 0.275), (0.34375, 0.275), (0.34375, 0.395208), (0.34375, 0.448205), (0.34375, 0.422224), (0.34375, 0.448205), (0.34375, 0.395208), (0.34375, 0.416421), (0.34375, 0.439207), (0.34375, 0.475), (0.34375, 0.445), (0.34375, 0.475), (0.34375, 0.439207), (0.34375, 0.468185), (0.34375, 0.275), (0.34375, 0.275), (0.34375, 0.275), (0.34375, 0.275), (0.34375, 0.275), (0.34375, 0.275), (0.34375, 0.275), (0.34375, 0.275), (0.34375, 0.275), (0.34375, 0.275), (0.34375, 0.275), (0.34375, 0.275), (0.34375, 0.326764), (0.34375, 0.275), (0.34375, 0.275), (0.34375, 0.275), (0.34375, 0.326764), (0.34375, 0.318999), (0.34375, 0.318999), (0.34375, 0.275), (0.34375, 0.275), (0.34375, 0.275), (0.34375, 0.318999), (0.34375, 0.275), (0.34375, 0.275), (0.34375, 0.318999), (0.34375, 0.36), (0.34375, 0.275), (0.34375, 0.36), (0.34375, 0.395208), (0.34375, 0.275), (0.34375, 0.395208), (0.34375, 0.275), (0.34375, 0.275), (0.34375, 0.395208), (0.34375, 0.422224), (0.34375, 0.275), (0.34375, 0.422224), (0.34375, 0.275), (0.34375, 0.275), (0.34375, 0.422224), (0.34375, 0.439207), (0.34375, 0.275), (0.34375, 0.439207), (0.34375, 0.275), (0.34375, 0.275), (0.34375, 0.439207), (0.34375, 0.445), (0.34375, 0.275), (0.34375, 0.445), (0.34375, 0.275), (0.34375, 0.275), (0.34375, 0.445), (0.34375, 0.439207), (0.34375, 0.275), (0.34375, 0.439207), (0.34375, 0.275), (0.34375, 0.275), (0.34375, 0.439207), (0.34375, 0.422224), (0.34375, 0.275), (0.34375, 0.422224), (0.34375, 0.275), (0.34375, 0.275), (0.34375, 0.422224), (0.34375, 0.395208), (0.34375, 0.275), (0.34375, 0.395208), (0.34375, 0.275), (0.34375, 0.275), (0.34375, 0.395208), (0.34375, 0.36), (0.34375, 0.275), (0.34375, 0.36), (0.34375, 0.275), (0.34375, 0.275), (0.34375, 0.36), (0.34375, 0.318999), (0.34375, 0.275), (0.34375, 0.318999), (0.34375, 0.275), (0.34375, 0.275), (0.34375, 0.318999), (0.34375, 0.275), (0.34375, 0.275), (0.34375, 0.275), (0.34375, 0.275), (0.34375, 0.275), (0.34375, 0.275), (0.34375, 0.275), (0.34375, 0.36), (0.34375, 0.326764), (0.34375, 0.318999), (0.34375, 0.326764), (0.34375, 0.36), (0.34375, 0.375), (0.34375, 0.275), (0.34375, 0.318999), (0.34375, 0.275), (0.34375, 0.318999), (0.34375, 0.275), (0.34375, 0.275), (0.34375, 0.318999), (0.34375, 0.275), (0.34375, 0.36), (0.34375, 0.36), (0.34375, 0.275), (0.34375, 0.275), (0.34375, 0.36), (0.34375, 0.275), (0.34375, 0.275), (0.34375, 0.275), (0.34375, 0.395208), (0.34375, 0.36), (0.34375, 0.275), (0.34375, 0.275), (0.34375, 0.275), (0.34375, 0.395208), (0.34375, 0.275), (0.34375, 0.306294), (0.34375, 0.275), (0.34375, 0.275), (0.34375, 0.275), (0.34375, 0.395208), (0.34375, 0.306294), (0.34375, 0.422224), (0.34375, 0.275), (0.34375, 0.275), (0.34375, 0.275), (0.34375, 0.275), (0.34375, 0.275), (0.34375, 0.275), (0.34375, 0.275), (0.34375, 0.275), (0.34375, 0.275), (0.34375, 0.275), (0.34375, 0.275), (0.34375, 0.275), (0.34375, 0.275), (0.34375, 0.275), (0.34375, 0.275), (0.34375, 0.275), (0.34375, 0.275), (0.34375, 0.275), (0.34375, 0.275), (0.34375, 0.275), (0.34375, 0.275), (0.34375, 0.422224), (0.34375, 0.306294), (0.34375, 0.335456), (0.34375, 0.422224), (0.34375, 0.335456), (0.34375, 0.360498), (0.34375, 0.422224), (0.34375, 0.360498), (0.34375, 0.379713), (0.34375, 0.422224), (0.34375, 0.379713), (0.34375, 0.439207), (0.34375, 0.439207), (0.34375, 0.379713), (0.34375, 0.391792), (0.34375, 0.275), (0.34375, 0.275), (0.34375, 0.275), (0.34375, 0.275), (0.34375, 0.275), (0.34375, 0.275), (0.34375, 0.275), (0.34375, 0.275), (0.34375, 0.275), (0.34375, 0.275), (0.34375, 0.275), (0.34375, 0.275), (0.34375, 0.275), (0.34375, 0.275), (0.34375, 0.275), (0.34375, 0.439207), (0.34375, 0.391792), (0.34375, 0.445), (0.34375, 0.445), (0.34375, 0.391792), (0.34375, 0.395912), (0.34375, 0.445), (0.34375, 0.395912), (0.34375, 0.391792), (0.34375, 0.445), (0.34375, 0.391792), (0.34375, 0.439207), (0.34375, 0.439207), (0.34375, 0.391792), (0.34375, 0.379713), (0.34375, 0.439207), (0.34375, 0.379713), (0.34375, 0.422224), (0.34375, 0.422224), (0.34375, 0.379713), (0.34375, 0.360498), (0.34375, 0.275), (0.34375, 0.275), (0.34375, 0.275), (0.34375, 0.422224), (0.34375, 0.360498), (0.34375, 0.395208), (0.34375, 0.275), (0.34375, 0.275), (0.34375, 0.275), (0.34375, 0.275), (0.34375, 0.275), (0.34375, 0.275), (0.34375, 0.395208), (0.34375, 0.360498), (0.34375, 0.335456), (0.34375, 0.395208), (0.34375, 0.335456), (0.34375, 0.306294), (0.34375, 0.275), (0.34375, 0.275), (0.34375, 0.275), (0.34375, 0.395208), (0.34375, 0.306294), (0.34375, 0.275), (0.34375, 0.275), (0.34375, 0.275), (0.34375, 0.275), (0.34375, 0.395208), (0.34375, 0.275), (0.34375, 0.36), (0.34375, 0.36), (0.34375, 0.275), (0.34375, 0.275), (0.34375, 0.36), (0.34375, 0.275), (0.34375, 0.275), (0.34375, 0.36), (0.34375, 0.275), (0.34375, 0.318999), (0.34375, 0.318999), (0.34375, 0.275), (0.34375, 0.275), (0.71875, 0.400882), (0.71875, 0.349118), (0.71875, 0.375), (0.71875, 0.349118), (0.71875, 0.400882), (0.71875, 0.425), (0.71875, 0.349118), (0.71875, 0.425), (0.71875, 0.325), (0.71875, 0.325), (0.71875, 0.425), (0.71875, 0.445711), (0.71875, 0.325), (0.71875, 0.445711), (0.71875, 0.304289), (0.71875, 0.304289), (0.71875, 0.445711), (0.71875, 0.375), (0.71875, 0.445711), (0.71875, 0.392193), (0.71875, 0.375), (0.71875, 0.304289), (0.71875, 0.375), (0.71875, 0.357807), (0.71875, 0.392193), (0.71875, 0.445711), (0.71875, 0.461603), (0.71875, 0.392193), (0.71875, 0.461603), (0.71875, 0.408214), (0.71875, 0.408214), (0.71875, 0.461603), (0.71875, 0.421971), (0.71875, 0.304289), (0.71875, 0.357807), (0.71875, 0.288397), (0.71875, 0.288397), (0.71875, 0.357807), (0.71875, 0.341786), (0.71875, 0.288397), (0.71875, 0.341786), (0.71875, 0.328029), (0.71875, 0.421971), (0.71875, 0.461603), (0.71875, 0.471593), (0.71875, 0.421971), (0.71875, 0.471593), (0.71875, 0.432528), (0.71875, 0.432528), (0.71875, 0.471593), (0.71875, 0.439164), (0.71875, 0.439164), (0.71875, 0.471593), (0.71875, 0.475), (0.71875, 0.439164), (0.71875, 0.475), (0.71875, 0.441427), (0.71875, 0.288397), (0.71875, 0.328029), (0.71875, 0.278407), (0.71875, 0.278407), (0.71875, 0.328029), (0.71875, 0.317472), (0.71875, 0.278407), (0.71875, 0.317472), (0.71875, 0.310836), (0.71875, 0.441427), (0.71875, 0.475), (0.71875, 0.471593), (0.71875, 0.441427), (0.71875, 0.471593), (0.71875, 0.439164), (0.71875, 0.439164), (0.71875, 0.471593), (0.71875, 0.432528), (0.71875, 0.278407), (0.71875, 0.310836), (0.71875, 0.275), (0.71875, 0.275), (0.71875, 0.310836), (0.71875, 0.308573), (0.71875, 0.275), (0.71875, 0.308573), (0.71875, 0.310836), (0.71875, 0.275), (0.71875, 0.310836), (0.71875, 0.278407), (0.71875, 0.278407), (0.71875, 0.310836), (0.71875, 0.317472), (0.71875, 0.432528), (0.71875, 0.471593), (0.71875, 0.461603), (0.71875, 0.432528), (0.71875, 0.461603), (0.71875, 0.421971), (0.71875, 0.421971), (0.71875, 0.461603), (0.71875, 0.408214), (0.71875, 0.278407), (0.71875, 0.317472), (0.71875, 0.288397), (0.71875, 0.288397), (0.71875, 0.317472), (0.71875, 0.328029), (0.71875, 0.288397), (0.71875, 0.328029), (0.71875, 0.341786), (0.71875, 0.408214), (0.71875, 0.461603), (0.71875, 0.445711), (0.71875, 0.288397), (0.71875, 0.341786), (0.71875, 0.304289), (0.71875, 0.408214), (0.71875, 0.445711), (0.71875, 0.392193), (0.71875, 0.304289), (0.71875, 0.341786), (0.71875, 0.357807), (0.71875, 0.392193), (0.71875, 0.445711), (0.71875, 0.375), (0.71875, 0.304289), (0.71875, 0.357807), (0.71875, 0.375), (0.71875, 0.304289), (0.71875, 0.375), (0.71875, 0.445711), (0.71875, 0.304289), (0.71875, 0.445711), (0.71875, 0.425), (0.71875, 0.304289), (0.71875, 0.425), (0.71875, 0.325), (0.71875, 0.325), (0.71875, 0.425), (0.71875, 0.400882), (0.71875, 0.325), (0.71875, 0.400882), (0.71875, 0.349118), (0.71875, 0.349118), (0.71875, 0.400882), (0.71875, 0.375), (0.71875, 0.353637), (0.71875, 0.345), (0.71875, 0.343978), (0.71875, 0.345), (0.71875, 0.353637), (0.71875, 0.355), (0.71875, 0.276363), (0.71875, 0.289019), (0.71875, 0.286022), (0.71875, 0.289019), (0.71875, 0.276363), (0.71875, 0.280359), (0.71875, 0.286716), (0.71875, 0.289019), (0.71875, 0.293787), (0.71875, 0.289019), (0.71875, 0.286716), (0.71875, 0.280359), (0.71875, 0.315), (0.71875, 0.307235), (0.71875, 0.304647), (0.71875, 0.307235), (0.71875, 0.315), (0.71875, 0.315), (0.71875, 0.285), (0.71875, 0.276363), (0.71875, 0.286022), (0.71875, 0.276363), (0.71875, 0.285), (0.71875, 0.275), (0.71875, 0.33), (0.71875, 0.325353), (0.71875, 0.322765), (0.71875, 0.325353), (0.71875, 0.33), (0.71875, 0.335), (0.71875, 0.315), (0.71875, 0.322765), (0.71875, 0.315), (0.71875, 0.322765), (0.71875, 0.315), (0.71875, 0.325353), (0.71875, 0.280359), (0.71875, 0.293787), (0.71875, 0.289019), (0.71875, 0.293787), (0.71875, 0.280359), (0.71875, 0.286716), (0.71875, 0.322765), (0.71875, 0.315), (0.71875, 0.315), (0.71875, 0.315), (0.71875, 0.322765), (0.71875, 0.325353), (0.71875, 0.276363), (0.71875, 0.285), (0.71875, 0.286022), (0.71875, 0.285), (0.71875, 0.276363), (0.71875, 0.275), (0.71875, 0.3), (0.71875, 0.304647), (0.71875, 0.295), (0.71875, 0.304647), (0.71875, 0.3), (0.71875, 0.307235), (0.71875, 0.343284), (0.71875, 0.340981), (0.71875, 0.336213), (0.71875, 0.340981), (0.71875, 0.343284), (0.71875, 0.349641), (0.71875, 0.289019), (0.71875, 0.276363), (0.71875, 0.286022), (0.71875, 0.276363), (0.71875, 0.289019), (0.71875, 0.280359), (0.71875, 0.349641), (0.71875, 0.343978), (0.71875, 0.340981), (0.71875, 0.343978), (0.71875, 0.349641), (0.71875, 0.353637), (0.71875, 0.336213), (0.71875, 0.335), (0.71875, 0.33), (0.71875, 0.335), (0.71875, 0.336213), (0.71875, 0.343284), (0.71875, 0.304647), (0.71875, 0.3), (0.71875, 0.295), (0.71875, 0.3), (0.71875, 0.304647), (0.71875, 0.307235), (0.71875, 0.307235), (0.71875, 0.322765), (0.71875, 0.315), (0.71875, 0.322765), (0.71875, 0.307235), (0.71875, 0.3), (0.71875, 0.322765), (0.71875, 0.3), (0.71875, 0.33), (0.71875, 0.33), (0.71875, 0.3), (0.71875, 0.293787), (0.71875, 0.33), (0.71875, 0.293787), (0.71875, 0.336213), (0.71875, 0.336213), (0.71875, 0.293787), (0.71875, 0.289019), (0.71875, 0.336213), (0.71875, 0.289019), (0.71875, 0.340981), (0.71875, 0.340981), (0.71875, 0.289019), (0.71875, 0.286022), (0.71875, 0.340981), (0.71875, 0.286022), (0.71875, 0.343978), (0.71875, 0.343978), (0.71875, 0.286022), (0.71875, 0.285), (0.71875, 0.343978), (0.71875, 0.285), (0.71875, 0.345), (0.71875, 0.345), (0.71875, 0.285), (0.71875, 0.286022), (0.71875, 0.345), (0.71875, 0.286022), (0.71875, 0.343978), (0.71875, 0.343978), (0.71875, 0.286022), (0.71875, 0.289019), (0.71875, 0.343978), (0.71875, 0.289019), (0.71875, 0.340981), (0.71875, 0.340981), (0.71875, 0.289019), (0.71875, 0.293787), (0.71875, 0.340981), (0.71875, 0.293787), (0.71875, 0.336213), (0.71875, 0.336213), (0.71875, 0.293787), (0.71875, 0.3), (0.71875, 0.336213), (0.71875, 0.3), (0.71875, 0.33), (0.71875, 0.33), (0.71875, 0.3), (0.71875, 0.307235), (0.71875, 0.33), (0.71875, 0.307235), (0.71875, 0.322765), (0.71875, 0.322765), (0.71875, 0.307235), (0.71875, 0.315), (0.71875, 0.355), (0.71875, 0.343978), (0.71875, 0.345), (0.71875, 0.343978), (0.71875, 0.355), (0.71875, 0.353637), (0.71875, 0.349641), (0.71875, 0.336213), (0.71875, 0.340981), (0.71875, 0.336213), (0.71875, 0.349641), (0.71875, 0.343284), (0.71875, 0.353637), (0.71875, 0.340981), (0.71875, 0.343978), (0.71875, 0.340981), (0.71875, 0.353637), (0.71875, 0.349641), (0.71875, 0.293787), (0.71875, 0.295), (0.71875, 0.286716), (0.71875, 0.295), (0.71875, 0.293787), (0.71875, 0.3), (0.71875, 0.335), (0.71875, 0.336213), (0.71875, 0.33), (0.71875, 0.336213), (0.71875, 0.335), (0.71875, 0.343284), (0.71875, 0.295), (0.71875, 0.293787), (0.71875, 0.286716), (0.71875, 0.293787), (0.71875, 0.295), (0.71875, 0.3), (0.71875, 0.307235), (0.71875, 0.315), (0.71875, 0.304647), (0.71875, 0.315), (0.71875, 0.307235), (0.71875, 0.315), (0.71875, 0.325353), (0.71875, 0.33), (0.71875, 0.322765), (0.71875, 0.33), (0.71875, 0.325353), (0.71875, 0.335), (0.34375, 0.275), (0.34375, 0.275), (0.34375, 0.318999), (0.34375, 0.318999), (0.34375, 0.275), (0.34375, 0.36), (0.34375, 0.275), (0.34375, 0.275), (0.34375, 0.36), (0.34375, 0.275), (0.34375, 0.275), (0.34375, 0.36), (0.34375, 0.36), (0.34375, 0.275), (0.34375, 0.395208), (0.34375, 0.275), (0.34375, 0.275), (0.34375, 0.275), (0.34375, 0.275), (0.34375, 0.306294), (0.34375, 0.395208), (0.34375, 0.275), (0.34375, 0.275), (0.34375, 0.275), (0.34375, 0.306294), (0.34375, 0.335456), (0.34375, 0.395208), (0.34375, 0.335456), (0.34375, 0.360498), (0.34375, 0.395208), (0.34375, 0.275), (0.34375, 0.275), (0.34375, 0.275), (0.34375, 0.275), (0.34375, 0.275), (0.34375, 0.275), (0.34375, 0.395208), (0.34375, 0.360498), (0.34375, 0.422224), (0.34375, 0.275), (0.34375, 0.275), (0.34375, 0.275), (0.34375, 0.360498), (0.34375, 0.379713), (0.34375, 0.422224), (0.34375, 0.422224), (0.34375, 0.379713), (0.34375, 0.439207), (0.34375, 0.379713), (0.34375, 0.391792), (0.34375, 0.439207), (0.34375, 0.439207), (0.34375, 0.391792), (0.34375, 0.445), (0.34375, 0.391792), (0.34375, 0.395912), (0.34375, 0.445), (0.34375, 0.395912), (0.34375, 0.391792), (0.34375, 0.445), (0.34375, 0.445), (0.34375, 0.391792), (0.34375, 0.439207), (0.34375, 0.275), (0.34375, 0.275), (0.34375, 0.275), (0.34375, 0.275), (0.34375, 0.275), (0.34375, 0.275), (0.34375, 0.275), (0.34375, 0.275), (0.34375, 0.275), (0.34375, 0.275), (0.34375, 0.275), (0.34375, 0.275), (0.34375, 0.275), (0.34375, 0.275), (0.34375, 0.275), (0.34375, 0.391792), (0.34375, 0.379713), (0.34375, 0.439207), (0.34375, 0.439207), (0.34375, 0.379713), (0.34375, 0.422224), (0.34375, 0.379713), (0.34375, 0.360498), (0.34375, 0.422224), (0.34375, 0.360498), (0.34375, 0.335456), (0.34375, 0.422224), (0.34375, 0.335456), (0.34375, 0.306294), (0.34375, 0.422224), (0.34375, 0.275), (0.34375, 0.275), (0.34375, 0.275), (0.34375, 0.275), (0.34375, 0.275), (0.34375, 0.275), (0.34375, 0.275), (0.34375, 0.275), (0.34375, 0.275), (0.34375, 0.275), (0.34375, 0.275), (0.34375, 0.275), (0.34375, 0.275), (0.34375, 0.275), (0.34375, 0.275), (0.34375, 0.275), (0.34375, 0.275), (0.34375, 0.275), (0.34375, 0.275), (0.34375, 0.275), (0.34375, 0.275), (0.34375, 0.422224), (0.34375, 0.306294), (0.34375, 0.395208), (0.34375, 0.275), (0.34375, 0.275), (0.34375, 0.275), (0.34375, 0.306294), (0.34375, 0.275), (0.34375, 0.395208), (0.34375, 0.275), (0.34375, 0.275), (0.34375, 0.275), (0.34375, 0.36), (0.34375, 0.395208), (0.34375, 0.275), (0.34375, 0.275), (0.34375, 0.275), (0.34375, 0.36), (0.34375, 0.275), (0.34375, 0.275), (0.34375, 0.36), (0.34375, 0.36), (0.34375, 0.275), (0.34375, 0.318999), (0.34375, 0.275), (0.34375, 0.275), (0.34375, 0.318999), (0.34375, 0.275), (0.34375, 0.318999), (0.34375, 0.275), (0.34375, 0.375), (0.34375, 0.36), (0.34375, 0.326764), (0.34375, 0.318999), (0.34375, 0.326764), (0.34375, 0.36), (0.34375, 0.275), (0.34375, 0.275), (0.34375, 0.275), (0.34375, 0.275), (0.34375, 0.275), (0.34375, 0.275), (0.34375, 0.275), (0.34375, 0.318999), (0.34375, 0.275), (0.34375, 0.275), (0.34375, 0.318999), (0.34375, 0.275), (0.34375, 0.318999), (0.34375, 0.36), (0.34375, 0.275), (0.34375, 0.275), (0.34375, 0.36), (0.34375, 0.275), (0.34375, 0.36), (0.34375, 0.395208), (0.34375, 0.275), (0.34375, 0.275), (0.34375, 0.395208), (0.34375, 0.275), (0.34375, 0.395208), (0.34375, 0.422224), (0.34375, 0.275), (0.34375, 0.275), (0.34375, 0.422224), (0.34375, 0.275), (0.34375, 0.422224), (0.34375, 0.439207), (0.34375, 0.275), (0.34375, 0.275), (0.34375, 0.439207), (0.34375, 0.275), (0.34375, 0.439207), (0.34375, 0.445), (0.34375, 0.275), (0.34375, 0.275), (0.34375, 0.445), (0.34375, 0.275), (0.34375, 0.445), (0.34375, 0.439207), (0.34375, 0.275), (0.34375, 0.275), (0.34375, 0.439207), (0.34375, 0.275), (0.34375, 0.439207), (0.34375, 0.422224), (0.34375, 0.275), (0.34375, 0.275), (0.34375, 0.422224), (0.34375, 0.275), (0.34375, 0.422224), (0.34375, 0.395208), (0.34375, 0.275), (0.34375, 0.275), (0.34375, 0.395208), (0.34375, 0.275), (0.34375, 0.395208), (0.34375, 0.36), (0.34375, 0.275), (0.34375, 0.36), (0.34375, 0.318999), (0.34375, 0.275), (0.34375, 0.275), (0.34375, 0.318999), (0.34375, 0.275), (0.34375, 0.275), (0.34375, 0.275), (0.34375, 0.318999), (0.34375, 0.318999), (0.34375, 0.326764), (0.34375, 0.275), (0.34375, 0.275), (0.34375, 0.275), (0.34375, 0.326764), (0.34375, 0.275), (0.34375, 0.275), (0.34375, 0.275), (0.34375, 0.275), (0.34375, 0.275), (0.34375, 0.275), (0.34375, 0.275), (0.34375, 0.275), (0.34375, 0.275), (0.34375, 0.275), (0.34375, 0.275), (0.34375, 0.275), (0.34375, 0.468185), (0.34375, 0.439207), (0.34375, 0.475), (0.34375, 0.445), (0.34375, 0.475), (0.34375, 0.439207), (0.34375, 0.416421), (0.34375, 0.395208), (0.34375, 0.448205), (0.34375, 0.422224), (0.34375, 0.448205), (0.34375, 0.395208), (0.34375, 0.275), (0.34375, 0.275), (0.34375, 0.275), (0.34375, 0.275), (0.34375, 0.275), (0.34375, 0.275), (0.34375, 0.275), (0.34375, 0.275), (0.34375, 0.275), (0.34375, 0.275), (0.34375, 0.275), (0.34375, 0.275), (0.34375, 0.275), (0.34375, 0.275), (0.34375, 0.275), (0.34375, 0.275), (0.34375, 0.275), (0.34375, 0.275), (0.34375, 0.416421), (0.34375, 0.375), (0.34375, 0.395208), (0.34375, 0.36), (0.34375, 0.395208), (0.34375, 0.375), (0.34375, 0.275), (0.34375, 0.275), (0.34375, 0.275), (0.34375, 0.275), (0.34375, 0.275), (0.34375, 0.275), (0.34375, 0.275), (0.34375, 0.275), (0.34375, 0.275), (0.34375, 0.275), (0.34375, 0.275), (0.34375, 0.275), (0.34375, 0.275), (0.34375, 0.275), (0.34375, 0.275), (0.34375, 0.275), (0.34375, 0.275), (0.34375, 0.275), (0.34375, 0.275), (0.34375, 0.275), (0.34375, 0.275), (0.34375, 0.275), (0.34375, 0.275), (0.34375, 0.275), (0.34375, 0.416421), (0.34375, 0.395208), (0.34375, 0.375), (0.34375, 0.36), (0.34375, 0.375), (0.34375, 0.395208), (0.34375, 0.275), (0.34375, 0.275), (0.34375, 0.275), (0.34375, 0.275), (0.34375, 0.275), (0.34375, 0.275), (0.34375, 0.326764), (0.34375, 0.318999), (0.34375, 0.275), (0.34375, 0.275), (0.34375, 0.275), (0.34375, 0.318999), (0.34375, 0.375), (0.34375, 0.326764), (0.34375, 0.36), (0.34375, 0.318999), (0.34375, 0.36), (0.34375, 0.326764), (0.34375, 0.468185), (0.34375, 0.439207), (0.34375, 0.448205), (0.34375, 0.422224), (0.34375, 0.448205), (0.34375, 0.439207), (0.34375, 0.475), (0.34375, 0.445), (0.34375, 0.468185), (0.34375, 0.439207), (0.34375, 0.468185), (0.34375, 0.445), (0.34375, 0.275), (0.34375, 0.275), (0.34375, 0.275), (0.34375, 0.275), (0.34375, 0.275), (0.34375, 0.275), (0.34375, 0.448205), (0.34375, 0.422224), (0.34375, 0.416421), (0.34375, 0.395208), (0.34375, 0.416421), (0.34375, 0.422224), (0.34375, 0.475), (0.34375, 0.475), (0.34375, 0.468185), (0.34375, 0.468185), (0.34375, 0.468185), (0.34375, 0.475), (0.34375, 0.275), (0.34375, 0.275), (0.34375, 0.275), (0.34375, 0.275), (0.34375, 0.275), (0.34375, 0.275), (0.34375, 0.275), (0.34375, 0.275), (0.34375, 0.275), (0.34375, 0.275), (0.34375, 0.275), (0.34375, 0.275), (0.34375, 0.468185), (0.34375, 0.468185), (0.34375, 0.448205), (0.34375, 0.448205), (0.34375, 0.448205), (0.34375, 0.468185), (0.34375, 0.275), (0.34375, 0.275), (0.34375, 0.275), (0.34375, 0.275), (0.34375, 0.275), (0.34375, 0.275), (0.34375, 0.275), (0.34375, 0.275), (0.34375, 0.275), (0.34375, 0.275), (0.34375, 0.275), (0.34375, 0.275), (0.34375, 0.275), (0.34375, 0.275), (0.34375, 0.275), (0.34375, 0.275), (0.34375, 0.275), (0.34375, 0.275), (0.34375, 0.275), (0.34375, 0.275), (0.34375, 0.275), (0.34375, 0.275), (0.34375, 0.275), (0.34375, 0.275), (0.34375, 0.375), (0.34375, 0.375), (0.34375, 0.326764), (0.34375, 0.326764), (0.34375, 0.326764), (0.34375, 0.375), (0.34375, 0.275), (0.34375, 0.275), (0.34375, 0.275), (0.34375, 0.275), (0.34375, 0.275), (0.34375, 0.275), (0.34375, 0.448205), (0.34375, 0.422224), (0.34375, 0.468185), (0.34375, 0.439207), (0.34375, 0.468185), (0.34375, 0.422224), (0.34375, 0.275), (0.34375, 0.275), (0.34375, 0.275), (0.34375, 0.275), (0.34375, 0.275), (0.34375, 0.275), (0.34375, 0.275), (0.34375, 0.275), (0.34375, 0.275), (0.34375, 0.275), (0.34375, 0.275), (0.34375, 0.275), (0.34375, 0.326764), (0.34375, 0.326764), (0.34375, 0.275), (0.34375, 0.275), (0.34375, 0.275), (0.34375, 0.326764), (0.34375, 0.448205), (0.34375, 0.448205), (0.34375, 0.416421), (0.34375, 0.416421), (0.34375, 0.416421), (0.34375, 0.448205), (0.34375, 0.318999), (0.34375, 0.326764), (0.34375, 0.275), (0.34375, 0.275), (0.34375, 0.275), (0.34375, 0.326764), (0.34375, 0.375), (0.34375, 0.36), (0.34375, 0.326764), (0.34375, 0.318999), (0.34375, 0.326764), (0.34375, 0.36), (0.34375, 0.326764), (0.34375, 0.326764), (0.34375, 0.275), (0.34375, 0.275), (0.34375, 0.275), (0.34375, 0.326764), (0.34375, 0.416421), (0.34375, 0.416421), (0.34375, 0.375), (0.34375, 0.375), (0.34375, 0.375), (0.34375, 0.416421), (0.34375, 0.439207), (0.34375, 0.468185), (0.34375, 0.445), (0.34375, 0.475), (0.34375, 0.445), (0.34375, 0.468185), (0.34375, 0.375), (0.34375, 0.326764), (0.34375, 0.36), (0.34375, 0.318999), (0.34375, 0.36), (0.34375, 0.326764), (0.34375, 0.445), (0.34375, 0.475), (0.34375, 0.439207), (0.34375, 0.468185), (0.34375, 0.439207), (0.34375, 0.475), (0.34375, 0.448205), (0.34375, 0.448205), (0.34375, 0.468185), (0.34375, 0.468185), (0.34375, 0.468185), (0.34375, 0.448205), (0.34375, 0.275), (0.34375, 0.275), (0.34375, 0.275), (0.34375, 0.275), (0.34375, 0.275), (0.34375, 0.275), (0.34375, 0.416421), (0.34375, 0.375), (0.34375, 0.395208), (0.34375, 0.36), (0.34375, 0.395208), (0.34375, 0.375), (0.34375, 0.275), (0.34375, 0.275), (0.34375, 0.275), (0.34375, 0.275), (0.34375, 0.275), (0.34375, 0.275), (0.34375, 0.275), (0.34375, 0.275), (0.34375, 0.275), (0.34375, 0.275), (0.34375, 0.275), (0.34375, 0.275), (0.34375, 0.275), (0.34375, 0.275), (0.34375, 0.275), (0.34375, 0.275), (0.34375, 0.275), (0.34375, 0.275), (0.34375, 0.275), (0.34375, 0.275), (0.34375, 0.275), (0.34375, 0.275), (0.34375, 0.275), (0.34375, 0.275), (0.34375, 0.275), (0.34375, 0.275), (0.34375, 0.275), (0.34375, 0.275), (0.34375, 0.275), (0.34375, 0.275), (0.34375, 0.275), (0.34375, 0.275), (0.34375, 0.275), (0.34375, 0.275), (0.34375, 0.275), (0.34375, 0.275), (0.34375, 0.468185), (0.34375, 0.468185), (0.34375, 0.475), (0.34375, 0.475), (0.34375, 0.475), (0.34375, 0.468185), (0.34375, 0.275), (0.34375, 0.275), (0.34375, 0.275), (0.34375, 0.275), (0.34375, 0.275), (0.34375, 0.275), (0.34375, 0.416421), (0.34375, 0.416421), (0.34375, 0.375), (0.34375, 0.375), (0.34375, 0.375), (0.34375, 0.416421), (0.34375, 0.275), (0.34375, 0.275), (0.34375, 0.275), (0.34375, 0.275), (0.34375, 0.275), (0.34375, 0.275), (0.34375, 0.422224), (0.34375, 0.448205), (0.34375, 0.439207), (0.34375, 0.468185), (0.34375, 0.439207), (0.34375, 0.448205), (0.34375, 0.375), (0.34375, 0.375), (0.34375, 0.326764), (0.34375, 0.326764), (0.34375, 0.326764), (0.34375, 0.375), (0.34375, 0.275), (0.34375, 0.275), (0.34375, 0.275), (0.34375, 0.275), (0.34375, 0.275), (0.34375, 0.275), (0.34375, 0.422224), (0.34375, 0.448205), (0.34375, 0.395208), (0.34375, 0.416421), (0.34375, 0.395208), (0.34375, 0.448205), (0.34375, 0.439207), (0.34375, 0.468185), (0.34375, 0.422224), (0.34375, 0.448205), (0.34375, 0.422224), (0.34375, 0.468185), (0.34375, 0.275), (0.34375, 0.275), (0.34375, 0.275), (0.34375, 0.275), (0.34375, 0.275), (0.34375, 0.275), (0.34375, 0.275), (0.34375, 0.275), (0.34375, 0.275), (0.34375, 0.275), (0.34375, 0.275), (0.34375, 0.275), (0.34375, 0.395208), (0.34375, 0.416421), (0.34375, 0.422224), (0.34375, 0.448205), (0.34375, 0.422224), (0.34375, 0.416421), (0.34375, 0.275), (0.34375, 0.275), (0.34375, 0.275), (0.34375, 0.275), (0.34375, 0.275), (0.34375, 0.275), (0.34375, 0.275), (0.34375, 0.275), (0.34375, 0.275), (0.34375, 0.275), (0.34375, 0.275), (0.34375, 0.275), (0.34375, 0.416421), (0.34375, 0.395208), (0.34375, 0.375), (0.34375, 0.36), (0.34375, 0.375), (0.34375, 0.395208), (0.34375, 0.275), (0.34375, 0.275), (0.34375, 0.275), (0.34375, 0.275), (0.34375, 0.275), (0.34375, 0.275), (0.34375, 0.326764), (0.34375, 0.318999), (0.34375, 0.275), (0.34375, 0.275), (0.34375, 0.275), (0.34375, 0.318999), (0.34375, 0.416421), (0.34375, 0.416421), (0.34375, 0.448205), (0.34375, 0.448205), (0.34375, 0.448205), (0.34375, 0.416421), (0.71875, 0.375), (0.71875, 0.400882), (0.71875, 0.349118), (0.71875, 0.349118), (0.71875, 0.400882), (0.71875, 0.325), (0.71875, 0.400882), (0.71875, 0.425), (0.71875, 0.325), (0.71875, 0.325), (0.71875, 0.425), (0.71875, 0.304289), (0.71875, 0.425), (0.71875, 0.445711), (0.71875, 0.304289), (0.71875, 0.445711), (0.71875, 0.375), (0.71875, 0.304289), (0.71875, 0.375), (0.71875, 0.357807), (0.71875, 0.304289), (0.71875, 0.375), (0.71875, 0.445711), (0.71875, 0.392193), (0.71875, 0.357807), (0.71875, 0.341786), (0.71875, 0.304289), (0.71875, 0.392193), (0.71875, 0.445711), (0.71875, 0.408214), (0.71875, 0.304289), (0.71875, 0.341786), (0.71875, 0.288397), (0.71875, 0.445711), (0.71875, 0.461603), (0.71875, 0.408214), (0.71875, 0.341786), (0.71875, 0.328029), (0.71875, 0.288397), (0.71875, 0.328029), (0.71875, 0.317472), (0.71875, 0.288397), (0.71875, 0.288397), (0.71875, 0.317472), (0.71875, 0.278407), (0.71875, 0.408214), (0.71875, 0.461603), (0.71875, 0.421971), (0.71875, 0.421971), (0.71875, 0.461603), (0.71875, 0.432528), (0.71875, 0.461603), (0.71875, 0.471593), (0.71875, 0.432528), (0.71875, 0.317472), (0.71875, 0.310836), (0.71875, 0.278407), (0.71875, 0.278407), (0.71875, 0.310836), (0.71875, 0.275), (0.71875, 0.310836), (0.71875, 0.308573), (0.71875, 0.275), (0.71875, 0.308573), (0.71875, 0.310836), (0.71875, 0.275), (0.71875, 0.275), (0.71875, 0.310836), (0.71875, 0.278407), (0.71875, 0.432528), (0.71875, 0.471593), (0.71875, 0.439164), (0.71875, 0.439164), (0.71875, 0.471593), (0.71875, 0.441427), (0.71875, 0.471593), (0.71875, 0.475), (0.71875, 0.441427), (0.71875, 0.310836), (0.71875, 0.317472), (0.71875, 0.278407), (0.71875, 0.317472), (0.71875, 0.328029), (0.71875, 0.278407), (0.71875, 0.278407), (0.71875, 0.328029), (0.71875, 0.288397), (0.71875, 0.441427), (0.71875, 0.475), (0.71875, 0.439164), (0.71875, 0.475), (0.71875, 0.471593), (0.71875, 0.439164), (0.71875, 0.439164), (0.71875, 0.471593), (0.71875, 0.432528), (0.71875, 0.432528), (0.71875, 0.471593), (0.71875, 0.421971), (0.71875, 0.471593), (0.71875, 0.461603), (0.71875, 0.421971), (0.71875, 0.328029), (0.71875, 0.341786), (0.71875, 0.288397), (0.71875, 0.341786), (0.71875, 0.357807), (0.71875, 0.288397), (0.71875, 0.288397), (0.71875, 0.357807), (0.71875, 0.304289), (0.71875, 0.421971), (0.71875, 0.461603), (0.71875, 0.408214), (0.71875, 0.408214), (0.71875, 0.461603), (0.71875, 0.392193), (0.71875, 0.461603), (0.71875, 0.445711), (0.71875, 0.392193), (0.71875, 0.357807), (0.71875, 0.375), (0.71875, 0.304289), (0.71875, 0.375), (0.71875, 0.392193), (0.71875, 0.445711), (0.71875, 0.375), (0.71875, 0.445711), (0.71875, 0.304289), (0.71875, 0.304289), (0.71875, 0.445711), (0.71875, 0.325), (0.71875, 0.445711), (0.71875, 0.425), (0.71875, 0.325), (0.71875, 0.325), (0.71875, 0.425), (0.71875, 0.349118), (0.71875, 0.425), (0.71875, 0.400882), (0.71875, 0.349118), (0.71875, 0.375), (0.71875, 0.349118), (0.71875, 0.400882), (0.71875, 0.335), (0.71875, 0.325353), (0.71875, 0.33), (0.71875, 0.322765), (0.71875, 0.33), (0.71875, 0.325353), (0.71875, 0.315), (0.71875, 0.307235), (0.71875, 0.315), (0.71875, 0.304647), (0.71875, 0.315), (0.71875, 0.307235), (0.71875, 0.3), (0.71875, 0.295), (0.71875, 0.293787), (0.71875, 0.286716), (0.71875, 0.293787), (0.71875, 0.295), (0.71875, 0.343284), (0.71875, 0.335), (0.71875, 0.336213), (0.71875, 0.33), (0.71875, 0.336213), (0.71875, 0.335), (0.71875, 0.3), (0.71875, 0.293787), (0.71875, 0.295), (0.71875, 0.286716), (0.71875, 0.295), (0.71875, 0.293787), (0.71875, 0.349641), (0.71875, 0.353637), (0.71875, 0.340981), (0.71875, 0.343978), (0.71875, 0.340981), (0.71875, 0.353637), (0.71875, 0.343284), (0.71875, 0.349641), (0.71875, 0.336213), (0.71875, 0.340981), (0.71875, 0.336213), (0.71875, 0.349641), (0.71875, 0.353637), (0.71875, 0.355), (0.71875, 0.343978), (0.71875, 0.345), (0.71875, 0.343978), (0.71875, 0.355), (0.71875, 0.315), (0.71875, 0.307235), (0.71875, 0.322765), (0.71875, 0.322765), (0.71875, 0.307235), (0.71875, 0.33), (0.71875, 0.307235), (0.71875, 0.3), (0.71875, 0.33), (0.71875, 0.33), (0.71875, 0.3), (0.71875, 0.336213), (0.71875, 0.3), (0.71875, 0.293787), (0.71875, 0.336213), (0.71875, 0.336213), (0.71875, 0.293787), (0.71875, 0.340981), (0.71875, 0.293787), (0.71875, 0.289019), (0.71875, 0.340981), (0.71875, 0.340981), (0.71875, 0.289019), (0.71875, 0.343978), (0.71875, 0.289019), (0.71875, 0.286022), (0.71875, 0.343978), (0.71875, 0.343978), (0.71875, 0.286022), (0.71875, 0.345), (0.71875, 0.286022), (0.71875, 0.285), (0.71875, 0.345), (0.71875, 0.345), (0.71875, 0.285), (0.71875, 0.343978), (0.71875, 0.285), (0.71875, 0.286022), (0.71875, 0.343978), (0.71875, 0.343978), (0.71875, 0.286022), (0.71875, 0.340981), (0.71875, 0.286022), (0.71875, 0.289019), (0.71875, 0.340981), (0.71875, 0.340981), (0.71875, 0.289019), (0.71875, 0.336213), (0.71875, 0.289019), (0.71875, 0.293787), (0.71875, 0.336213), (0.71875, 0.336213), (0.71875, 0.293787), (0.71875, 0.33), (0.71875, 0.293787), (0.71875, 0.3), (0.71875, 0.33), (0.71875, 0.33), (0.71875, 0.3), (0.71875, 0.322765), (0.71875, 0.3), (0.71875, 0.307235), (0.71875, 0.322765), (0.71875, 0.315), (0.71875, 0.322765), (0.71875, 0.307235), (0.71875, 0.307235), (0.71875, 0.304647), (0.71875, 0.3), (0.71875, 0.295), (0.71875, 0.3), (0.71875, 0.304647), (0.71875, 0.343284), (0.71875, 0.336213), (0.71875, 0.335), (0.71875, 0.33), (0.71875, 0.335), (0.71875, 0.336213), (0.71875, 0.353637), (0.71875, 0.349641), (0.71875, 0.343978), (0.71875, 0.340981), (0.71875, 0.343978), (0.71875, 0.349641), (0.71875, 0.280359), (0.71875, 0.289019), (0.71875, 0.276363), (0.71875, 0.286022), (0.71875, 0.276363), (0.71875, 0.289019), (0.71875, 0.349641), (0.71875, 0.343284), (0.71875, 0.340981), (0.71875, 0.336213), (0.71875, 0.340981), (0.71875, 0.343284), (0.71875, 0.307235), (0.71875, 0.3), (0.71875, 0.304647), (0.71875, 0.295), (0.71875, 0.304647), (0.71875, 0.3), (0.71875, 0.275), (0.71875, 0.276363), (0.71875, 0.285), (0.71875, 0.286022), (0.71875, 0.285), (0.71875, 0.276363), (0.71875, 0.325353), (0.71875, 0.322765), (0.71875, 0.315), (0.71875, 0.315), (0.71875, 0.315), (0.71875, 0.322765), (0.71875, 0.286716), (0.71875, 0.280359), (0.71875, 0.293787), (0.71875, 0.289019), (0.71875, 0.293787), (0.71875, 0.280359), (0.71875, 0.325353), (0.71875, 0.315), (0.71875, 0.322765), (0.71875, 0.315), (0.71875, 0.322765), (0.71875, 0.315), (0.71875, 0.335), (0.71875, 0.33), (0.71875, 0.325353), (0.71875, 0.322765), (0.71875, 0.325353), (0.71875, 0.33), (0.71875, 0.275), (0.71875, 0.285), (0.71875, 0.276363), (0.71875, 0.286022), (0.71875, 0.276363), (0.71875, 0.285), (0.71875, 0.315), (0.71875, 0.315), (0.71875, 0.307235), (0.71875, 0.304647), (0.71875, 0.307235), (0.71875, 0.315), (0.71875, 0.280359), (0.71875, 0.286716), (0.71875, 0.289019), (0.71875, 0.293787), (0.71875, 0.289019), (0.71875, 0.286716), (0.71875, 0.280359), (0.71875, 0.276363), (0.71875, 0.289019), (0.71875, 0.286022), (0.71875, 0.289019), (0.71875, 0.276363), (0.71875, 0.355), (0.71875, 0.353637), (0.71875, 0.345), (0.71875, 0.343978), (0.71875, 0.345), (0.71875, 0.353637)] (interpolation = "faceVarying")
        uniform token subdivisionScheme = "none"
        rel material:binding = </Vehicle/Materials/colormap>
    }
    def Scope "Materials" {
        def Material "colormap" {
            token outputs:surface.connect = </Vehicle/Materials/colormap/surface.outputs:surface>
            def Shader "surface" {
                uniform token info:id = "UsdPreviewSurface"
                float inputs:roughness = 0.7
                float inputs:metallic = 0
                color3f inputs:diffuseColor.connect = </Vehicle/Materials/colormap/texture.outputs:rgb>
                token outputs:surface
            }
            def Shader "stReader" {
                uniform token info:id = "UsdPrimvarReader_float2"
                token inputs:varname = "st"
                float2 outputs:result
            }
            def Shader "texture" {
                uniform token info:id = "UsdUVTexture"
                asset inputs:file = @kenney-car-colormap.png@
                float2 inputs:st.connect = </Vehicle/Materials/colormap/stReader.outputs:result>
                token inputs:wrapS = "repeat"
                token inputs:wrapT = "repeat"
                float3 outputs:rgb
            }
        }
    }
}
