#usda 1.0
(
    defaultPrim = "Vehicle"
    metersPerUnit = 1
    upAxis = "Y"
)
def Xform "Vehicle" {
    def Mesh "mesh_colormap" {
        int[] faceVertexCounts = [3, 3, 3, 3, 3, 3, 3, 3, 3, 3, 3, 3, 3, 3, 3, 3, 3, 3, 3, 3, 3, 3, 3, 3, 3, 3, 3, 3, 3, 3, 3, 3, 3, 3, 3, 3, 3, 3, 3, 3, 3, 3, 3, 3, 3, 3, 3, 3, 3, 3, 3, 3, 3, 3, 3, 3, 3, 3, 3, 3, 3, 3, 3, 3, 3, 3, 3, 3, 3, 3, 3, 3, 3, 3, 3, 3, 3, 3, 3, 3, 3, 3, 3, 3, 3, 3, 3, 3, 3, 3, 3, 3, 3, 3, 3, 3, 3, 3, 3, 3, 3, 3, 3, 3, 3, 3, 3, 3, 3, 3, 3, 3, 3, 3, 3, 3, 3, 3, 3, 3, 3, 3, 3, 3, 3, 3, 3, 3, 3, 3, 3, 3, 3, 3, 3, 3, 3, 3, 3, 3, 3, 3, 3, 3, 3, 3, 3, 3, 3, 3, 3, 3, 3, 3, 3, 3, 3, 3, 3, 3, 3, 3, 3, 3, 3, 3, 3, 3, 3, 3, 3, 3, 3, 3, 3, 3, 3, 3, 3, 3, 3, 3, 3, 3, 3, 3, 3, 3, 3, 3, 3, 3, 3, 3, 3, 3, 3, 3, 3, 3, 3, 3, 3, 3, 3, 3, 3, 3, 3, 3, 3, 3, 3, 3, 3, 3, 3, 3, 3, 3, 3, 3, 3, 3, 3, 3, 3, 3, 3, 3, 3, 3, 3, 3, 3, 3, 3, 3, 3, 3, 3, 3, 3, 3, 3, 3, 3, 3, 3, 3, 3, 3, 3, 3, 3, 3, 3, 3, 3, 3, 3, 3, 3, 3, 3, 3, 3, 3, 3, 3, 3, 3, 3, 3, 3, 3, 3, 3, 3, 3, 3, 3, 3, 3, 3, 3, 3, 3, 3, 3, 3, 3, 3, 3, 3, 3, 3, 3, 3, 3, 3, 3, 3, 3, 3, 3, 3, 3, 3, 3, 3, 3, 3, 3, 3, 3, 3, 3, 3, 3, 3, 3, 3, 3, 3, 3, 3, 3, 3, 3, 3, 3, 3, 3, 3, 3, 3, 3, 3, 3, 3, 3, 3, 3, 3, 3, 3, 3, 3, 3, 3, 3, 3, 3, 3, 3, 3, 3, 3, 3, 3, 3, 3, 3, 3, 3, 3, 3, 3, 3, 3, 3, 3, 3, 3, 3, 3, 3, 3, 3, 3, 3, 3, 3, 3, 3, 3, 3, 3, 3, 3, 3, 3, 3, 3, 3, 3, 3, 3, 3, 3, 3, 3, 3, 3, 3, 3, 3, 3, 3, 3, 3, 3, 3, 3, 3, 3, 3, 3, 3, 3, 3, 3, 3, 3, 3, 3, 3, 3, 3, 3, 3, 3, 3, 3, 3, 3, 3, 3, 3, 3, 3, 3, 3, 3, 3, 3, 3, 3, 3, 3, 3, 3, 3, 3, 3, 3, 3, 3, 3, 3, 3, 3, 3, 3, 3, 3, 3, 3, 3, 3, 3, 3, 3, 3, 3, 3, 3, 3, 3, 3, 3, 3, 3, 3, 3, 3, 3, 3, 3, 3, 3, 3, 3, 3, 3, 3, 3, 3, 3, 3, 3, 3, 3, 3, 3, 3, 3, 3, 3, 3, 3, 3, 3, 3, 3, 3, 3, 3, 3, 3, 3, 3, 3, 3, 3, 3, 3, 3, 3, 3, 3, 3, 3, 3, 3, 3, 3, 3, 3, 3, 3, 3, 3, 3, 3, 3, 3, 3, 3, 3, 3, 3, 3, 3, 3, 3, 3, 3, 3, 3, 3, 3, 3, 3, 3, 3, 3, 3, 3, 3, 3, 3, 3, 3, 3, 3, 3, 3, 3, 3, 3, 3, 3, 3, 3, 3, 3, 3, 3, 3, 3, 3, 3, 3, 3, 3, 3, 3, 3, 3, 3, 3, 3, 3, 3, 3, 3, 3, 3, 3, 3, 3, 3, 3, 3, 3, 3, 3, 3, 3, 3, 3, 3, 3, 3, 3, 3, 3, 3, 3, 3, 3, 3, 3, 3, 3, 3, 3, 3, 3, 3, 3, 3, 3, 3, 3, 3, 3, 3, 3, 3, 3, 3, 3, 3, 3, 3, 3, 3, 3, 3, 3, 3, 3, 3, 3, 3, 3, 3, 3, 3, 3, 3, 3, 3, 3, 3, 3, 3, 3, 3, 3, 3, 3, 3, 3, 3, 3, 3, 3, 3, 3, 3, 3, 3, 3, 3, 3, 3, 3, 3, 3, 3, 3, 3, 3, 3, 3, 3, 3, 3, 3, 3, 3, 3, 3, 3, 3, 3, 3, 3, 3, 3, 3, 3, 3, 3, 3, 3, 3, 3, 3, 3, 3, 3, 3, 3, 3, 3, 3, 3, 3, 3, 3, 3, 3, 3, 3, 3, 3, 3, 3, 3, 3, 3, 3, 3, 3, 3, 3, 3, 3, 3, 3, 3, 3, 3, 3, 3, 3, 3, 3, 3, 3, 3, 3, 3, 3, 3, 3, 3, 3, 3, 3, 3, 3, 3, 3, 3, 3, 3, 3, 3, 3, 3, 3, 3, 3, 3, 3, 3, 3, 3, 3, 3, 3, 3, 3, 3, 3, 3, 3, 3, 3, 3, 3, 3, 3, 3, 3, 3, 3, 3, 3, 3, 3, 3, 3, 3, 3, 3, 3, 3, 3, 3, 3, 3, 3, 3, 3, 3, 3, 3, 3, 3, 3, 3, 3, 3, 3, 3, 3, 3, 3, 3, 3, 3, 3, 3, 3, 3, 3, 3, 3, 3, 3, 3, 3, 3, 3, 3, 3, 3, 3, 3, 3, 3, 3, 3, 3, 3, 3, 3, 3, 3, 3, 3, 3, 3, 3, 3, 3, 3, 3, 3, 3, 3, 3, 3, 3, 3, 3, 3, 3, 3, 3, 3, 3, 3, 3, 3, 3, 3, 3, 3, 3, 3, 3, 3, 3, 3, 3, 3, 3, 3, 3, 3, 3, 3, 3, 3, 3, 3, 3, 3, 3, 3, 3, 3, 3, 3, 3, 3, 3, 3, 3, 3, 3, 3, 3, 3, 3, 3, 3, 3, 3, 3, 3, 3, 3, 3, 3, 3, 3, 3, 3, 3, 3, 3, 3, 3, 3, 3, 3, 3, 3, 3, 3, 3, 3, 3, 3, 3, 3, 3, 3, 3, 3, 3, 3, 3, 3, 3, 3, 3, 3, 3, 3, 3, 3, 3, 3, 3, 3, 3, 3, 3, 3, 3, 3, 3, 3, 3, 3, 3, 3, 3, 3, 3, 3, 3, 3, 3, 3, 3, 3, 3, 3, 3, 3, 3, 3, 3, 3, 3, 3, 3, 3, 3, 3, 3, 3, 3, 3, 3, 3, 3, 3, 3, 3, 3, 3, 3, 3, 3, 3, 3, 3, 3, 3, 3, 3, 3, 3, 3, 3, 3, 3, 3, 3, 3, 3, 3, 3, 3, 3, 3, 3, 3, 3, 3, 3, 3, 3, 3, 3, 3, 3, 3, 3, 3, 3, 3, 3, 3, 3, 3, 3, 3, 3, 3, 3, 3, 3, 3, 3, 3, 3, 3, 3, 3, 3, 3, 3, 3, 3, 3, 3, 3, 3, 3, 3, 3, 3, 3, 3, 3, 3, 3, 3, 3, 3, 3, 3, 3, 3, 3, 3, 3, 3, 3, 3, 3, 3, 3, 3, 3, 3, 3, 3, 3, 3, 3, 3, 3, 3, 3, 3, 3, 3, 3, 3, 3, 3, 3, 3, 3, 3, 3, 3, 3, 3, 3, 3, 3, 3, 3, 3, 3, 3, 3, 3, 3, 3, 3, 3, 3, 3, 3, 3, 3, 3, 3, 3, 3, 3, 3, 3, 3, 3, 3, 3, 3, 3, 3, 3, 3, 3, 3, 3, 3, 3, 3, 3, 3, 3, 3, 3, 3, 3, 3, 3, 3, 3, 3, 3, 3, 3, 3, 3, 3, 3, 3, 3, 3, 3, 3, 3, 3, 3, 3, 3, 3, 3, 3, 3, 3, 3, 3, 3, 3, 3, 3, 3, 3, 3, 3, 3, 3, 3, 3, 3, 3, 3, 3, 3, 3, 3, 3, 3, 3, 3, 3, 3, 3, 3, 3, 3, 3, 3, 3, 3, 3, 3, 3, 3, 3, 3, 3, 3, 3, 3, 3, 3, 3, 3, 3, 3, 3, 3, 3, 3, 3, 3, 3, 3, 3, 3, 3, 3, 3, 3, 3, 3, 3, 3, 3, 3, 3, 3, 3, 3, 3, 3, 3, 3, 3, 3, 3, 3, 3, 3, 3, 3, 3, 3, 3, 3, 3, 3, 3, 3, 3, 3, 3, 3, 3, 3, 3, 3, 3, 3, 3, 3, 3, 3, 3, 3, 3, 3, 3, 3, 3, 3, 3, 3, 3, 3, 3, 3, 3, 3, 3, 3, 3, 3, 3, 3, 3, 3, 3, 3, 3, 3, 3, 3, 3, 3, 3, 3, 3, 3, 3, 3, 3, 3, 3, 3, 3, 3, 3, 3, 3, 3, 3, 3, 3, 3, 3, 3, 3, 3, 3, 3, 3, 3, 3, 3, 3, 3, 3, 3, 3, 3, 3, 3, 3, 3, 3, 3, 3, 3, 3, 3, 3, 3, 3, 3, 3, 3, 3, 3, 3, 3, 3, 3, 3, 3, 3, 3, 3, 3, 3, 3, 3, 3, 3, 3, 3, 3, 3, 3, 3, 3, 3, 3, 3, 3, 3, 3, 3, 3, 3, 3, 3, 3, 3, 3, 3, 3, 3, 3, 3, 3, 3, 3, 3, 3, 3, 3, 3, 3, 3, 3, 3, 3, 3, 3, 3, 3, 3, 3, 3, 3, 3, 3, 3, 3, 3, 3, 3, 3, 3, 3, 3, 3, 3, 3, 3, 3, 3, 3, 3, 3, 3, 3, 3, 3, 3, 3, 3, 3, 3, 3, 3, 3, 3, 3, 3, 3, 3, 3, 3, 3, 3, 3, 3, 3, 3, 3, 3, 3, 3, 3, 3, 3, 3, 3, 3, 3, 3, 3, 3, 3, 3, 3, 3, 3, 3, 3, 3, 3, 3, 3, 3, 3, 3, 3, 3, 3, 3, 3, 3, 3, 3, 3, 3, 3, 3, 3, 3, 3, 3, 3, 3, 3, 3, 3, 3, 3, 3, 3, 3, 3, 3, 3, 3, 3, 3, 3, 3, 3, 3, 3, 3, 3, 3, 3, 3, 3, 3, 3, 3, 3, 3, 3, 3, 3, 3, 3, 3, 3, 3, 3, 3, 3, 3, 3, 3, 3, 3, 3, 3, 3, 3, 3, 3, 3, 3, 3, 3, 3, 3, 3, 3, 3, 3, 3, 3, 3, 3, 3, 3, 3, 3, 3, 3, 3, 3, 3, 3, 3, 3, 3, 3, 3, 3, 3, 3, 3, 3, 3, 3, 3, 3, 3, 3, 3, 3, 3, 3, 3, 3, 3, 3, 3, 3, 3, 3, 3, 3, 3, 3, 3, 3, 3, 3, 3, 3, 3, 3, 3, 3, 3, 3, 3, 3, 3, 3, 3, 3, 3, 3, 3, 3, 3, 3, 3, 3, 3, 3, 3, 3, 3, 3, 3, 3, 3, 3, 3, 3, 3, 3, 3, 3, 3, 3, 3, 3, 3, 3, 3, 3, 3, 3, 3, 3, 3, 3, 3, 3, 3, 3, 3, 3, 3, 3, 3, 3, 3, 3, 3, 3, 3, 3, 3, 3, 3, 3, 3, 3, 3, 3, 3, 3, 3, 3, 3, 3, 3, 3, 3, 3, 3, 3, 3, 3, 3, 3, 3, 3, 3, 3, 3, 3, 3, 3, 3, 3, 3, 3, 3, 3, 3, 3, 3, 3, 3, 3, 3, 3, 3, 3, 3, 3, 3, 3, 3, 3, 3, 3, 3, 3, 3, 3, 3, 3, 3, 3, 3, 3, 3, 3, 3, 3, 3, 3, 3, 3, 3, 3, 3, 3, 3, 3, 3, 3, 3, 3, 3, 3, 3, 3, 3, 3, 3, 3, 3, 3, 3, 3, 3, 3, 3, 3, 3, 3, 3, 3, 3, 3, 3, 3, 3, 3, 3, 3, 3, 3, 3, 3, 3, 3, 3, 3, 3, 3, 3, 3, 3, 3, 3, 3, 3, 3, 3, 3, 3, 3, 3, 3, 3, 3, 3, 3, 3, 3, 3, 3, 3, 3, 3, 3, 3, 3, 3, 3, 3, 3, 3, 3, 3, 3, 3, 3, 3, 3, 3, 3, 3, 3, 3, 3, 3, 3, 3, 3, 3, 3, 3, 3, 3, 3, 3, 3, 3, 3, 3, 3, 3, 3, 3, 3, 3, 3, 3, 3, 3, 3, 3, 3, 3, 3, 3, 3, 3, 3, 3, 3, 3, 3, 3, 3, 3, 3, 3, 3, 3, 3, 3, 3, 3, 3, 3, 3, 3, 3, 3, 3, 3, 3, 3, 3, 3, 3, 3, 3, 3, 3, 3, 3, 3, 3, 3, 3, 3, 3, 3, 3, 3, 3, 3, 3, 3, 3, 3, 3, 3, 3, 3, 3, 3, 3, 3, 3, 3, 3, 3, 3, 3, 3, 3, 3, 3, 3, 3, 3, 3, 3, 3, 3, 3, 3, 3, 3, 3, 3, 3, 3, 3, 3, 3, 3, 3, 3, 3, 3, 3, 3, 3, 3, 3, 3, 3, 3, 3, 3, 3, 3, 3, 3, 3, 3, 3, 3, 3, 3, 3, 3, 3, 3, 3, 3, 3, 3, 3, 3, 3, 3, 3, 3, 3, 3, 3, 3, 3, 3, 3, 3, 3, 3, 3, 3, 3, 3, 3, 3, 3, 3, 3, 3, 3, 3, 3, 3, 3, 3, 3, 3, 3, 3, 3, 3, 3, 3, 3, 3, 3, 3, 3, 3, 3, 3, 3, 3, 3, 3, 3, 3, 3, 3, 3, 3, 3, 3, 3, 3, 3, 3, 3, 3, 3, 3, 3, 3, 3, 3, 3, 3, 3, 3, 3, 3, 3, 3, 3, 3, 3, 3, 3, 3, 3, 3, 3, 3, 3, 3, 3, 3, 3, 3, 3, 3, 3, 3, 3, 3, 3, 3, 3, 3, 3, 3, 3, 3, 3, 3, 3, 3, 3, 3, 3, 3, 3, 3, 3, 3, 3, 3, 3, 3, 3, 3, 3, 3, 3, 3, 3, 3, 3, 3, 3, 3, 3, 3, 3, 3, 3, 3, 3, 3, 3, 3, 3, 3, 3, 3, 3, 3, 3, 3, 3, 3, 3, 3, 3, 3, 3, 3, 3, 3, 3, 3, 3, 3, 3, 3, 3, 3, 3, 3, 3, 3, 3, 3, 3, 3, 3, 3, 3, 3, 3, 3, 3, 3, 3, 3, 3, 3, 3, 3, 3, 3, 3, 3, 3, 3, 3, 3, 3, 3, 3, 3, 3, 3, 3, 3, 3, 3, 3, 3, 3, 3, 3, 3, 3, 3, 3, 3, 3, 3, 3, 3, 3, 3, 3, 3, 3, 3, 3, 3, 3, 3, 3, 3, 3, 3, 3, 3, 3, 3, 3, 3, 3, 3, 3, 3, 3, 3, 3, 3, 3, 3, 3, 3, 3, 3, 3, 3, 3, 3, 3, 3, 3, 3, 3, 3, 3, 3, 3, 3, 3, 3, 3, 3, 3, 3, 3, 3, 3, 3, 3, 3, 3, 3, 3, 3, 3, 3, 3, 3, 3, 3, 3, 3, 3, 3, 3, 3, 3, 3, 3, 3, 3, 3, 3, 3, 3, 3, 3, 3, 3, 3, 3, 3, 3, 3, 3, 3, 3, 3, 3, 3, 3, 3, 3, 3, 3, 3, 3, 3, 3, 3, 3, 3, 3, 3, 3, 3, 3, 3, 3, 3, 3, 3, 3, 3, 3, 3, 3, 3, 3, 3, 3, 3, 3, 3, 3, 3, 3, 3, 3, 3, 3, 3, 3, 3, 3, 3, 3, 3, 3, 3, 3, 3, 3, 3, 3, 3, 3, 3, 3, 3, 3, 3, 3, 3]
        int[] faceVertexIndices = [40, 3, 26, 1, 26, 3, 18, 16, 43, 47, 43, 16, 5, 4, 20, 31, 20, 4, 10, 13, 8, 46, 8, 13, 24, 22, 39, 33, 39, 22, 17, 30, 15, 45, 15, 30, 25, 41, 23, 44, 23, 41, 47, 16, 35, 14, 35, 16, 13, 15, 46, 45, 46, 15, 23, 44, 7, 6, 7, 44, 19, 18, 42, 43, 42, 18, 21, 19, 32, 42, 32, 19, 27, 38, 25, 41, 25, 38, 2, 37, 0, 29, 0, 37, 26, 24, 40, 39, 40, 24, 28, 36, 27, 38, 27, 36, 34, 12, 9, 11, 9, 12, 29, 37, 28, 36, 28, 37, 35, 14, 34, 12, 34, 14, 22, 21, 33, 32, 33, 21, 20, 31, 17, 30, 17, 31, 29, 28, 0, 28, 27, 0, 0, 27, 1, 1, 27, 26, 27, 25, 26, 26, 25, 24, 25, 23, 24, 24, 23, 22, 23, 7, 22, 22, 7, 21, 7, 5, 21, 5, 20, 21, 21, 20, 19, 20, 17, 19, 19, 17, 18, 18, 17, 16, 17, 15, 16, 16, 15, 14, 15, 13, 14, 14, 13, 12, 13, 10, 12, 11, 12, 10, 11, 10, 9, 8, 9, 10, 7, 6, 5, 4, 5, 6, 3, 2, 1, 0, 1, 2, 141, 165, 147, 145, 147, 165, 88, 151, 166, 149, 166, 151, 136, 159, 140, 157, 140, 159, 48, 136, 72, 140, 72, 136, 138, 134, 91, 90, 91, 134, 61, 69, 63, 67, 63, 69, 139, 155, 134, 133, 134, 155, 140, 157, 139, 155, 139, 157, 74, 158, 66, 160, 66, 158, 82, 142, 150, 148, 150, 142, 142, 141, 148, 147, 148, 141, 64, 162, 87, 164, 87, 162, 113, 101, 85, 84, 85, 101, 97, 95, 96, 93, 96, 95, 58, 85, 56, 83, 56, 85, 83, 82, 152, 150, 152, 82, 165, 53, 167, 81, 167, 53, 67, 59, 79, 57, 79, 59, 130, 93, 166, 92, 166, 93, 56, 83, 153, 152, 153, 83, 118, 113, 58, 85, 58, 113, 74, 79, 158, 156, 158, 79, 79, 57, 156, 154, 156, 57, 143, 167, 144, 131, 144, 167, 62, 65, 60, 129, 60, 65, 90, 132, 88, 151, 88, 132, 145, 165, 143, 167, 143, 165, 99, 89, 94, 92, 94, 89, 164, 163, 87, 86, 87, 163, 161, 159, 137, 136, 137, 159, 163, 161, 86, 137, 86, 161, 70, 139, 138, 134, 138, 139, 75, 86, 50, 137, 50, 86, 89, 88, 92, 166, 92, 88, 65, 64, 77, 87, 77, 64, 167, 81, 131, 96, 131, 81, 76, 75, 51, 50, 51, 75, 66, 160, 64, 162, 64, 160, 146, 130, 149, 166, 149, 130, 84, 135, 82, 142, 82, 135, 57, 56, 154, 153, 154, 56, 111, 138, 108, 91, 108, 138, 141, 55, 165, 53, 165, 55, 144, 131, 146, 130, 146, 131, 164, 162, 163, 163, 162, 161, 162, 160, 161, 161, 160, 159, 160, 158, 159, 159, 158, 157, 158, 156, 157, 157, 156, 155, 156, 154, 155, 155, 154, 133, 154, 153, 133, 133, 153, 132, 153, 152, 132, 132, 152, 151, 152, 150, 151, 151, 150, 149, 150, 148, 149, 149, 148, 146, 148, 147, 146, 147, 145, 146, 146, 145, 144, 143, 144, 145, 49, 48, 73, 72, 73, 48, 142, 135, 141, 55, 141, 135, 72, 140, 70, 139, 70, 140, 135, 98, 55, 54, 55, 98, 71, 70, 111, 138, 111, 70, 50, 137, 48, 136, 48, 137, 101, 98, 84, 135, 84, 98, 134, 133, 90, 132, 90, 133, 68, 118, 59, 58, 59, 118, 108, 91, 99, 89, 99, 91, 129, 65, 78, 77, 78, 65, 131, 96, 130, 93, 130, 96, 78, 76, 129, 129, 76, 60, 76, 51, 60, 60, 51, 61, 51, 49, 61, 49, 128, 61, 128, 127, 61, 128, 49, 126, 127, 125, 61, 126, 49, 123, 61, 125, 69, 49, 73, 123, 125, 124, 69, 124, 121, 69, 69, 121, 68, 123, 73, 122, 122, 73, 117, 73, 71, 117, 121, 120, 68, 68, 120, 118, 120, 119, 118, 119, 115, 118, 118, 115, 113, 117, 71, 116, 116, 71, 112, 71, 111, 112, 115, 114, 113, 114, 107, 113, 113, 107, 101, 112, 111, 110, 111, 108, 110, 110, 108, 109, 109, 108, 104, 108, 99, 104, 107, 106, 101, 106, 105, 101, 105, 100, 101, 104, 99, 103, 103, 99, 102, 102, 99, 100, 98, 101, 100, 100, 99, 98, 99, 94, 98, 98, 94, 54, 94, 95, 54, 54, 95, 52, 95, 97, 52, 80, 52, 97, 80, 97, 81, 96, 81, 97, 95, 94, 93, 92, 93, 94, 91, 90, 89, 88, 89, 90, 77, 87, 75, 86, 75, 87, 85, 84, 83, 82, 83, 84, 53, 52, 81, 80, 81, 52, 63, 67, 74, 79, 74, 67, 78, 77, 76, 75, 76, 77, 63, 74, 62, 66, 62, 74, 73, 72, 71, 70, 71, 72, 69, 68, 67, 59, 67, 68, 62, 66, 65, 64, 65, 66, 63, 62, 61, 60, 61, 62, 59, 58, 57, 56, 57, 58, 55, 54, 53, 52, 53, 54, 51, 50, 49, 48, 49, 50, 191, 189, 190, 190, 189, 188, 189, 187, 188, 188, 187, 186, 187, 185, 186, 185, 37, 186, 37, 2, 186, 37, 185, 36, 2, 3, 186, 36, 185, 38, 186, 3, 184, 185, 183, 38, 3, 40, 184, 40, 39, 184, 184, 39, 182, 38, 183, 41, 41, 183, 44, 183, 180, 44, 39, 33, 182, 182, 33, 181, 33, 32, 181, 32, 42, 181, 181, 42, 178, 44, 180, 6, 180, 179, 6, 6, 179, 4, 4, 179, 31, 179, 177, 31, 42, 43, 178, 43, 47, 178, 178, 47, 176, 31, 177, 30, 30, 177, 45, 177, 175, 45, 47, 35, 176, 35, 34, 176, 34, 9, 176, 45, 175, 46, 46, 175, 8, 8, 175, 9, 174, 176, 9, 9, 175, 174, 175, 173, 174, 174, 173, 172, 173, 171, 172, 172, 171, 169, 171, 170, 169, 168, 169, 170, 205, 201, 204, 199, 204, 201, 200, 214, 198, 215, 198, 214, 213, 212, 231, 233, 231, 212, 228, 263, 229, 253, 229, 263, 232, 209, 230, 207, 230, 209, 208, 237, 206, 236, 206, 237, 235, 193, 234, 192, 234, 193, 263, 203, 253, 202, 253, 203, 262, 260, 261, 259, 261, 260, 258, 259, 260, 257, 259, 258, 256, 257, 258, 218, 257, 256, 218, 225, 257, 216, 218, 256, 255, 257, 225, 254, 216, 256, 227, 255, 225, 229, 255, 227, 252, 255, 229, 210, 216, 254, 196, 210, 254, 251, 196, 254, 253, 252, 229, 202, 252, 253, 250, 252, 202, 194, 196, 251, 192, 194, 251, 248, 192, 251, 204, 250, 202, 249, 250, 204, 199, 249, 204, 198, 249, 199, 246, 249, 198, 234, 192, 248, 247, 234, 248, 220, 234, 247, 221, 220, 247, 245, 221, 247, 215, 246, 198, 244, 246, 215, 213, 244, 215, 231, 244, 213, 230, 244, 231, 236, 221, 245, 243, 236, 245, 206, 236, 243, 207, 206, 243, 230, 207, 243, 242, 244, 230, 243, 242, 230, 241, 242, 243, 239, 242, 241, 240, 239, 241, 238, 239, 240, 237, 223, 236, 221, 236, 223, 235, 234, 222, 220, 222, 234, 233, 232, 231, 230, 231, 232, 229, 227, 228, 226, 228, 227, 227, 225, 226, 224, 226, 225, 217, 216, 211, 210, 211, 216, 225, 218, 224, 219, 224, 218, 223, 222, 221, 220, 221, 222, 219, 218, 217, 216, 217, 218, 215, 214, 213, 212, 213, 214, 211, 210, 197, 196, 197, 210, 209, 208, 207, 206, 207, 208, 205, 204, 203, 202, 203, 204, 201, 200, 199, 198, 199, 200, 195, 197, 194, 196, 194, 197, 195, 194, 193, 192, 193, 194, 304, 267, 290, 265, 290, 267, 282, 280, 307, 311, 307, 280, 269, 268, 284, 295, 284, 268, 274, 277, 272, 310, 272, 277, 288, 286, 303, 297, 303, 286, 281, 294, 279, 309, 279, 294, 289, 305, 287, 308, 287, 305, 311, 280, 299, 278, 299, 280, 277, 279, 310, 309, 310, 279, 287, 308, 271, 270, 271, 308, 283, 282, 306, 307, 306, 282, 285, 283, 296, 306, 296, 283, 291, 302, 289, 305, 289, 302, 266, 301, 264, 293, 264, 301, 290, 288, 304, 303, 304, 288, 292, 300, 291, 302, 291, 300, 298, 276, 273, 275, 273, 276, 293, 301, 292, 300, 292, 301, 299, 278, 298, 276, 298, 278, 286, 285, 297, 296, 297, 285, 284, 295, 281, 294, 281, 295, 293, 292, 264, 292, 291, 264, 264, 291, 265, 265, 291, 290, 291, 289, 290, 290, 289, 288, 289, 287, 288, 288, 287, 286, 287, 271, 286, 286, 271, 285, 271, 269, 285, 269, 284, 285, 285, 284, 283, 284, 281, 283, 283, 281, 282, 282, 281, 280, 281, 279, 280, 280, 279, 278, 279, 277, 278, 278, 277, 276, 277, 274, 276, 275, 276, 274, 275, 274, 273, 272, 273, 274, 271, 270, 269, 268, 269, 270, 267, 266, 265, 264, 265, 266, 405, 429, 411, 409, 411, 429, 352, 415, 430, 413, 430, 415, 400, 423, 404, 421, 404, 423, 312, 400, 336, 404, 336, 400, 402, 398, 355, 354, 355, 398, 325, 333, 327, 331, 327, 333, 403, 419, 398, 397, 398, 419, 404, 421, 403, 419, 403, 421, 338, 422, 330, 424, 330, 422, 346, 406, 414, 412, 414, 406, 406, 405, 412, 411, 412, 405, 328, 426, 351, 428, 351, 426, 377, 365, 349, 348, 349, 365, 361, 359, 360, 357, 360, 359, 322, 349, 320, 347, 320, 349, 347, 346, 416, 414, 416, 346, 429, 317, 431, 345, 431, 317, 331, 323, 343, 321, 343, 323, 394, 357, 430, 356, 430, 357, 320, 347, 417, 416, 417, 347, 382, 377, 322, 349, 322, 377, 338, 343, 422, 420, 422, 343, 343, 321, 420, 418, 420, 321, 407, 431, 408, 395, 408, 431, 326, 329, 324, 393, 324, 329, 354, 396, 352, 415, 352, 396, 409, 429, 407, 431, 407, 429, 363, 353, 358, 356, 358, 353, 428, 427, 351, 350, 351, 427, 425, 423, 401, 400, 401, 423, 427, 425, 350, 401, 350, 425, 334, 403, 402, 398, 402, 403, 339, 350, 314, 401, 314, 350, 353, 352, 356, 430, 356, 352, 329, 328, 341, 351, 341, 328, 431, 345, 395, 360, 395, 345, 340, 339, 315, 314, 315, 339, 330, 424, 328, 426, 328, 424, 410, 394, 413, 430, 413, 394, 348, 399, 346, 406, 346, 399, 321, 320, 418, 417, 418, 320, 375, 402, 372, 355, 372, 402, 405, 319, 429, 317, 429, 319, 408, 395, 410, 394, 410, 395, 428, 426, 427, 427, 426, 425, 426, 424, 425, 425, 424, 423, 424, 422, 423, 423, 422, 421, 422, 420, 421, 421, 420, 419, 420, 418, 419, 419, 418, 397, 418, 417, 397, 397, 417, 396, 417, 416, 396, 396, 416, 415, 416, 414, 415, 415, 414, 413, 414, 412, 413, 413, 412, 410, 412, 411, 410, 411, 409, 410, 410, 409, 408, 407, 408, 409, 313, 312, 337, 336, 337, 312, 406, 399, 405, 319, 405, 399, 336, 404, 334, 403, 334, 404, 399, 362, 319, 318, 319, 362, 335, 334, 375, 402, 375, 334, 314, 401, 312, 400, 312, 401, 365, 362, 348, 399, 348, 362, 398, 397, 354, 396, 354, 397, 332, 382, 323, 322, 323, 382, 372, 355, 363, 353, 363, 355, 393, 329, 342, 341, 342, 329, 395, 360, 394, 357, 394, 360, 342, 340, 393, 393, 340, 324, 340, 315, 324, 324, 315, 325, 315, 313, 325, 313, 392, 325, 392, 391, 325, 392, 313, 390, 391, 389, 325, 390, 313, 387, 325, 389, 333, 313, 337, 387, 389, 388, 333, 388, 385, 333, 333, 385, 332, 387, 337, 386, 386, 337, 381, 337, 335, 381, 385, 384, 332, 332, 384, 382, 384, 383, 382, 383, 379, 382, 382, 379, 377, 381, 335, 380, 380, 335, 376, 335, 375, 376, 379, 378, 377, 378, 371, 377, 377, 371, 365, 376, 375, 374, 375, 372, 374, 374, 372, 373, 373, 372, 368, 372, 363, 368, 371, 370, 365, 370, 369, 365, 369, 364, 365, 368, 363, 367, 367, 363, 366, 366, 363, 364, 362, 365, 364, 364, 363, 362, 363, 358, 362, 362, 358, 318, 358, 359, 318, 318, 359, 316, 359, 361, 316, 344, 316, 361, 344, 361, 345, 360, 345, 361, 359, 358, 357, 356, 357, 358, 355, 354, 353, 352, 353, 354, 341, 351, 339, 350, 339, 351, 349, 348, 347, 346, 347, 348, 317, 316, 345, 344, 345, 316, 327, 331, 338, 343, 338, 331, 342, 341, 340, 339, 340, 341, 327, 338, 326, 330, 326, 338, 337, 336, 335, 334, 335, 336, 333, 332, 331, 323, 331, 332, 326, 330, 329, 328, 329, 330, 327, 326, 325, 324, 325, 326, 323, 322, 321, 320, 321, 322, 319, 318, 317, 316, 317, 318, 315, 314, 313, 312, 313, 314, 455, 453, 454, 454, 453, 452, 453, 451, 452, 452, 451, 450, 451, 449, 450, 449, 301, 450, 301, 266, 450, 301, 449, 300, 266, 267, 450, 300, 449, 302, 450, 267, 448, 449, 447, 302, 267, 304, 448, 304, 303, 448, 448, 303, 446, 302, 447, 305, 305, 447, 308, 447, 444, 308, 303, 297, 446, 446, 297, 445, 297, 296, 445, 296, 306, 445, 445, 306, 442, 308, 444, 270, 444, 443, 270, 270, 443, 268, 268, 443, 295, 443, 441, 295, 306, 307, 442, 307, 311, 442, 442, 311, 440, 295, 441, 294, 294, 441, 309, 441, 439, 309, 311, 299, 440, 299, 298, 440, 298, 273, 440, 309, 439, 310, 310, 439, 272, 272, 439, 273, 438, 440, 273, 273, 439, 438, 439, 437, 438, 438, 437, 436, 437, 435, 436, 436, 435, 433, 435, 434, 433, 432, 433, 434, 469, 465, 468, 463, 468, 465, 464, 478, 462, 479, 462, 478, 477, 476, 495, 497, 495, 476, 492, 527, 493, 517, 493, 527, 496, 473, 494, 471, 494, 473, 472, 501, 470, 500, 470, 501, 499, 457, 498, 456, 498, 457, 527, 467, 517, 466, 517, 467, 526, 524, 525, 523, 525, 524, 522, 523, 524, 521, 523, 522, 520, 521, 522, 482, 521, 520, 482, 489, 521, 480, 482, 520, 519, 521, 489, 518, 480, 520, 491, 519, 489, 493, 519, 491, 516, 519, 493, 474, 480, 518, 460, 474, 518, 515, 460, 518, 517, 516, 493, 466, 516, 517, 514, 516, 466, 458, 460, 515, 456, 458, 515, 512, 456, 515, 468, 514, 466, 513, 514, 468, 463, 513, 468, 462, 513, 463, 510, 513, 462, 498, 456, 512, 511, 498, 512, 484, 498, 511, 485, 484, 511, 509, 485, 511, 479, 510, 462, 508, 510, 479, 477, 508, 479, 495, 508, 477, 494, 508, 495, 500, 485, 509, 507, 500, 509, 470, 500, 507, 471, 470, 507, 494, 471, 507, 506, 508, 494, 507, 506, 494, 505, 506, 507, 503, 506, 505, 504, 503, 505, 502, 503, 504, 501, 487, 500, 485, 500, 487, 499, 498, 486, 484, 486, 498, 497, 496, 495, 494, 495, 496, 493, 491, 492, 490, 492, 491, 491, 489, 490, 488, 490, 489, 481, 480, 475, 474, 475, 480, 489, 482, 488, 483, 488, 482, 487, 486, 485, 484, 485, 486, 483, 482, 481, 480, 481, 482, 479, 478, 477, 476, 477, 478, 475, 474, 461, 460, 461, 474, 473, 472, 471, 470, 471, 472, 469, 468, 467, 466, 467, 468, 465, 464, 463, 462, 463, 464, 459, 461, 458, 460, 458, 461, 459, 458, 457, 456, 457, 458, 568, 531, 554, 529, 554, 531, 546, 544, 571, 575, 571, 544, 533, 532, 548, 559, 548, 532, 538, 541, 536, 574, 536, 541, 552, 550, 567, 561, 567, 550, 545, 558, 543, 573, 543, 558, 553, 569, 551, 572, 551, 569, 575, 544, 563, 542, 563, 544, 541, 543, 574, 573, 574, 543, 551, 572, 535, 534, 535, 572, 547, 546, 570, 571, 570, 546, 549, 547, 560, 570, 560, 547, 555, 566, 553, 569, 553, 566, 530, 565, 528, 557, 528, 565, 554, 552, 568, 567, 568, 552, 556, 564, 555, 566, 555, 564, 562, 540, 537, 539, 537, 540, 557, 565, 556, 564, 556, 565, 563, 542, 562, 540, 562, 542, 550, 549, 561, 560, 561, 549, 548, 559, 545, 558, 545, 559, 557, 556, 528, 556, 555, 528, 528, 555, 529, 529, 555, 554, 555, 553, 554, 554, 553, 552, 553, 551, 552, 552, 551, 550, 551, 535, 550, 550, 535, 549, 535, 533, 549, 533, 548, 549, 549, 548, 547, 548, 545, 547, 547, 545, 546, 546, 545, 544, 545, 543, 544, 544, 543, 542, 543, 541, 542, 542, 541, 540, 541, 538, 540, 539, 540, 538, 539, 538, 537, 536, 537, 538, 535, 534, 533, 532, 533, 534, 531, 530, 529, 528, 529, 530, 669, 693, 675, 673, 675, 693, 616, 679, 694, 677, 694, 679, 664, 687, 668, 685, 668, 687, 576, 664, 600, 668, 600, 664, 666, 662, 619, 618, 619, 662, 589, 597, 591, 595, 591, 597, 667, 683, 662, 661, 662, 683, 668, 685, 667, 683, 667, 685, 602, 686, 594, 688, 594, 686, 610, 670, 678, 676, 678, 670, 670, 669, 676, 675, 676, 669, 592, 690, 615, 692, 615, 690, 641, 629, 613, 612, 613, 629, 625, 623, 624, 621, 624, 623, 586, 613, 584, 611, 584, 613, 611, 610, 680, 678, 680, 610, 693, 581, 695, 609, 695, 581, 595, 587, 607, 585, 607, 587, 658, 621, 694, 620, 694, 621, 584, 611, 681, 680, 681, 611, 646, 641, 586, 613, 586, 641, 602, 607, 686, 684, 686, 607, 607, 585, 684, 682, 684, 585, 671, 695, 672, 659, 672, 695, 590, 593, 588, 657, 588, 593, 618, 660, 616, 679, 616, 660, 673, 693, 671, 695, 671, 693, 627, 617, 622, 620, 622, 617, 692, 691, 615, 614, 615, 691, 689, 687, 665, 664, 665, 687, 691, 689, 614, 665, 614, 689, 598, 667, 666, 662, 666, 667, 603, 614, 578, 665, 578, 614, 617, 616, 620, 694, 620, 616, 593, 592, 605, 615, 605, 592, 695, 609, 659, 624, 659, 609, 604, 603, 579, 578, 579, 603, 594, 688, 592, 690, 592, 688, 674, 658, 677, 694, 677, 658, 612, 663, 610, 670, 610, 663, 585, 584, 682, 681, 682, 584, 639, 666, 636, 619, 636, 666, 669, 583, 693, 581, 693, 583, 672, 659, 674, 658, 674, 659, 692, 690, 691, 691, 690, 689, 690, 688, 689, 689, 688, 687, 688, 686, 687, 687, 686, 685, 686, 684, 685, 685, 684, 683, 684, 682, 683, 683, 682, 661, 682, 681, 661, 661, 681, 660, 681, 680, 660, 660, 680, 679, 680, 678, 679, 679, 678, 677, 678, 676, 677, 677, 676, 674, 676, 675, 674, 675, 673, 674, 674, 673, 672, 671, 672, 673, 577, 576, 601, 600, 601, 576, 670, 663, 669, 583, 669, 663, 600, 668, 598, 667, 598, 668, 663, 626, 583, 582, 583, 626, 599, 598, 639, 666, 639, 598, 578, 665, 576, 664, 576, 665, 629, 626, 612, 663, 612, 626, 662, 661, 618, 660, 618, 661, 596, 646, 587, 586, 587, 646, 636, 619, 627, 617, 627, 619, 657, 593, 606, 605, 606, 593, 659, 624, 658, 621, 658, 624, 606, 604, 657, 657, 604, 588, 604, 579, 588, 588, 579, 589, 579, 577, 589, 577, 656, 589, 656, 655, 589, 656, 577, 654, 655, 653, 589, 654, 577, 651, 589, 653, 597, 577, 601, 651, 653, 652, 597, 652, 649, 597, 597, 649, 596, 651, 601, 650, 650, 601, 645, 601, 599, 645, 649, 648, 596, 596, 648, 646, 648, 647, 646, 647, 643, 646, 646, 643, 641, 645, 599, 644, 644, 599, 640, 599, 639, 640, 643, 642, 641, 642, 635, 641, 641, 635, 629, 640, 639, 638, 639, 636, 638, 638, 636, 637, 637, 636, 632, 636, 627, 632, 635, 634, 629, 634, 633, 629, 633, 628, 629, 632, 627, 631, 631, 627, 630, 630, 627, 628, 626, 629, 628, 628, 627, 626, 627, 622, 626, 626, 622, 582, 622, 623, 582, 582, 623, 580, 623, 625, 580, 608, 580, 625, 608, 625, 609, 624, 609, 625, 623, 622, 621, 620, 621, 622, 619, 618, 617, 616, 617, 618, 605, 615, 603, 614, 603, 615, 613, 612, 611, 610, 611, 612, 581, 580, 609, 608, 609, 580, 591, 595, 602, 607, 602, 595, 606, 605, 604, 603, 604, 605, 591, 602, 590, 594, 590, 602, 601, 600, 599, 598, 599, 600, 597, 596, 595, 587, 595, 596, 590, 594, 593, 592, 593, 594, 591, 590, 589, 588, 589, 590, 587, 586, 585, 584, 585, 586, 583, 582, 581, 580, 581, 582, 579, 578, 577, 576, 577, 578, 719, 717, 718, 718, 717, 716, 717, 715, 716, 716, 715, 714, 715, 713, 714, 713, 565, 714, 565, 530, 714, 565, 713, 564, 530, 531, 714, 564, 713, 566, 714, 531, 712, 713, 711, 566, 531, 568, 712, 568, 567, 712, 712, 567, 710, 566, 711, 569, 569, 711, 572, 711, 708, 572, 567, 561, 710, 710, 561, 709, 561, 560, 709, 560, 570, 709, 709, 570, 706, 572, 708, 534, 708, 707, 534, 534, 707, 532, 532, 707, 559, 707, 705, 559, 570, 571, 706, 571, 575, 706, 706, 575, 704, 559, 705, 558, 558, 705, 573, 705, 703, 573, 575, 563, 704, 563, 562, 704, 562, 537, 704, 573, 703, 574, 574, 703, 536, 536, 703, 537, 702, 704, 537, 537, 703, 702, 703, 701, 702, 702, 701, 700, 701, 699, 700, 700, 699, 697, 699, 698, 697, 696, 697, 698, 733, 729, 732, 727, 732, 729, 728, 742, 726, 743, 726, 742, 741, 740, 759, 761, 759, 740, 756, 791, 757, 781, 757, 791, 760, 737, 758, 735, 758, 737, 736, 765, 734, 764, 734, 765, 763, 721, 762, 720, 762, 721, 791, 731, 781, 730, 781, 731, 790, 788, 789, 787, 789, 788, 786, 787, 788, 785, 787, 786, 784, 785, 786, 746, 785, 784, 746, 753, 785, 744, 746, 784, 783, 785, 753, 782, 744, 784, 755, 783, 753, 757, 783, 755, 780, 783, 757, 738, 744, 782, 724, 738, 782, 779, 724, 782, 781, 780, 757, 730, 780, 781, 778, 780, 730, 722, 724, 779, 720, 722, 779, 776, 720, 779, 732, 778, 730, 777, 778, 732, 727, 777, 732, 726, 777, 727, 774, 777, 726, 762, 720, 776, 775, 762, 776, 748, 762, 775, 749, 748, 775, 773, 749, 775, 743, 774, 726, 772, 774, 743, 741, 772, 743, 759, 772, 741, 758, 772, 759, 764, 749, 773, 771, 764, 773, 734, 764, 771, 735, 734, 771, 758, 735, 771, 770, 772, 758, 771, 770, 758, 769, 770, 771, 767, 770, 769, 768, 767, 769, 766, 767, 768, 765, 751, 764, 749, 764, 751, 763, 762, 750, 748, 750, 762, 761, 760, 759, 758, 759, 760, 757, 755, 756, 754, 756, 755, 755, 753, 754, 752, 754, 753, 745, 744, 739, 738, 739, 744, 753, 746, 752, 747, 752, 746, 751, 750, 749, 748, 749, 750, 747, 746, 745, 744, 745, 746, 743, 742, 741, 740, 741, 742, 739, 738, 725, 724, 725, 738, 737, 736, 735, 734, 735, 736, 733, 732, 731, 730, 731, 732, 729, 728, 727, 726, 727, 728, 723, 725, 722, 724, 722, 725, 723, 722, 721, 720, 721, 722, 832, 795, 818, 793, 818, 795, 810, 808, 835, 839, 835, 808, 797, 796, 812, 823, 812, 796, 802, 805, 800, 838, 800, 805, 816, 814, 831, 825, 831, 814, 809, 822, 807, 837, 807, 822, 817, 833, 815, 836, 815, 833, 839, 808, 827, 806, 827, 808, 805, 807, 838, 837, 838, 807, 815, 836, 799, 798, 799, 836, 811, 810, 834, 835, 834, 810, 813, 811, 824, 834, 824, 811, 819, 830, 817, 833, 817, 830, 794, 829, 792, 821, 792, 829, 818, 816, 832, 831, 832, 816, 820, 828, 819, 830, 819, 828, 826, 804, 801, 803, 801, 804, 821, 829, 820, 828, 820, 829, 827, 806, 826, 804, 826, 806, 814, 813, 825, 824, 825, 813, 812, 823, 809, 822, 809, 823, 821, 820, 792, 820, 819, 792, 792, 819, 793, 793, 819, 818, 819, 817, 818, 818, 817, 816, 817, 815, 816, 816, 815, 814, 815, 799, 814, 814, 799, 813, 799, 797, 813, 797, 812, 813, 813, 812, 811, 812, 809, 811, 811, 809, 810, 810, 809, 808, 809, 807, 808, 808, 807, 806, 807, 805, 806, 806, 805, 804, 805, 802, 804, 803, 804, 802, 803, 802, 801, 800, 801, 802, 799, 798, 797, 796, 797, 798, 795, 794, 793, 792, 793, 794, 933, 957, 939, 937, 939, 957, 880, 943, 958, 941, 958, 943, 928, 951, 932, 949, 932, 951, 840, 928, 864, 932, 864, 928, 930, 926, 883, 882, 883, 926, 853, 861, 855, 859, 855, 861, 931, 947, 926, 925, 926, 947, 932, 949, 931, 947, 931, 949, 866, 950, 858, 952, 858, 950, 874, 934, 942, 940, 942, 934, 934, 933, 940, 939, 940, 933, 856, 954, 879, 956, 879, 954, 905, 893, 877, 876, 877, 893, 889, 887, 888, 885, 888, 887, 850, 877, 848, 875, 848, 877, 875, 874, 944, 942, 944, 874, 957, 845, 959, 873, 959, 845, 859, 851, 871, 849, 871, 851, 922, 885, 958, 884, 958, 885, 848, 875, 945, 944, 945, 875, 910, 905, 850, 877, 850, 905, 866, 871, 950, 948, 950, 871, 871, 849, 948, 946, 948, 849, 935, 959, 936, 923, 936, 959, 854, 857, 852, 921, 852, 857, 882, 924, 880, 943, 880, 924, 937, 957, 935, 959, 935, 957, 891, 881, 886, 884, 886, 881, 956, 955, 879, 878, 879, 955, 953, 951, 929, 928, 929, 951, 955, 953, 878, 929, 878, 953, 862, 931, 930, 926, 930, 931, 867, 878, 842, 929, 842, 878, 881, 880, 884, 958, 884, 880, 857, 856, 869, 879, 869, 856, 959, 873, 923, 888, 923, 873, 868, 867, 843, 842, 843, 867, 858, 952, 856, 954, 856, 952, 938, 922, 941, 958, 941, 922, 876, 927, 874, 934, 874, 927, 849, 848, 946, 945, 946, 848, 903, 930, 900, 883, 900, 930, 933, 847, 957, 845, 957, 847, 936, 923, 938, 922, 938, 923, 956, 954, 955, 955, 954, 953, 954, 952, 953, 953, 952, 951, 952, 950, 951, 951, 950, 949, 950, 948, 949, 949, 948, 947, 948, 946, 947, 947, 946, 925, 946, 945, 925, 925, 945, 924, 945, 944, 924, 924, 944, 943, 944, 942, 943, 943, 942, 941, 942, 940, 941, 941, 940, 938, 940, 939, 938, 939, 937, 938, 938, 937, 936, 935, 936, 937, 841, 840, 865, 864, 865, 840, 934, 927, 933, 847, 933, 927, 864, 932, 862, 931, 862, 932, 927, 890, 847, 846, 847, 890, 863, 862, 903, 930, 903, 862, 842, 929, 840, 928, 840, 929, 893, 890, 876, 927, 876, 890, 926, 925, 882, 924, 882, 925, 860, 910, 851, 850, 851, 910, 900, 883, 891, 881, 891, 883, 921, 857, 870, 869, 870, 857, 923, 888, 922, 885, 922, 888, 870, 868, 921, 921, 868, 852, 868, 843, 852, 852, 843, 853, 843, 841, 853, 841, 920, 853, 920, 919, 853, 920, 841, 918, 919, 917, 853, 918, 841, 915, 853, 917, 861, 841, 865, 915, 917, 916, 861, 916, 913, 861, 861, 913, 860, 915, 865, 914, 914, 865, 909, 865, 863, 909, 913, 912, 860, 860, 912, 910, 912, 911, 910, 911, 907, 910, 910, 907, 905, 909, 863, 908, 908, 863, 904, 863, 903, 904, 907, 906, 905, 906, 899, 905, 905, 899, 893, 904, 903, 902, 903, 900, 902, 902, 900, 901, 901, 900, 896, 900, 891, 896, 899, 898, 893, 898, 897, 893, 897, 892, 893, 896, 891, 895, 895, 891, 894, 894, 891, 892, 890, 893, 892, 892, 891, 890, 891, 886, 890, 890, 886, 846, 886, 887, 846, 846, 887, 844, 887, 889, 844, 872, 844, 889, 872, 889, 873, 888, 873, 889, 887, 886, 885, 884, 885, 886, 883, 882, 881, 880, 881, 882, 869, 879, 867, 878, 867, 879, 877, 876, 875, 874, 875, 876, 845, 844, 873, 872, 873, 844, 855, 859, 866, 871, 866, 859, 870, 869, 868, 867, 868, 869, 855, 866, 854, 858, 854, 866, 865, 864, 863, 862, 863, 864, 861, 860, 859, 851, 859, 860, 854, 858, 857, 856, 857, 858, 855, 854, 853, 852, 853, 854, 851, 850, 849, 848, 849, 850, 847, 846, 845, 844, 845, 846, 843, 842, 841, 840, 841, 842, 983, 981, 982, 982, 981, 980, 981, 979, 980, 980, 979, 978, 979, 977, 978, 977, 829, 978, 829, 794, 978, 829, 977, 828, 794, 795, 978, 828, 977, 830, 978, 795, 976, 977, 975, 830, 795, 832, 976, 832, 831, 976, 976, 831, 974, 830, 975, 833, 833, 975, 836, 975, 972, 836, 831, 825, 974, 974, 825, 973, 825, 824, 973, 824, 834, 973, 973, 834, 970, 836, 972, 798, 972, 971, 798, 798, 971, 796, 796, 971, 823, 971, 969, 823, 834, 835, 970, 835, 839, 970, 970, 839, 968, 823, 969, 822, 822, 969, 837, 969, 967, 837, 839, 827, 968, 827, 826, 968, 826, 801, 968, 837, 967, 838, 838, 967, 800, 800, 967, 801, 966, 968, 801, 801, 967, 966, 967, 965, 966, 966, 965, 964, 965, 963, 964, 964, 963, 961, 963, 962, 961, 960, 961, 962, 997, 993, 996, 991, 996, 993, 992, 1006, 990, 1007, 990, 1006, 1005, 1004, 1023, 1025, 1023, 1004, 1020, 1055, 1021, 1045, 1021, 1055, 1024, 1001, 1022, 999, 1022, 1001, 1000, 1029, 998, 1028, 998, 1029, 1027, 985, 1026, 984, 1026, 985, 1055, 995, 1045, 994, 1045, 995, 1054, 1052, 1053, 1051, 1053, 1052, 1050, 1051, 1052, 1049, 1051, 1050, 1048, 1049, 1050, 1010, 1049, 1048, 1010, 1017, 1049, 1008, 1010, 1048, 1047, 1049, 1017, 1046, 1008, 1048, 1019, 1047, 1017, 1021, 1047, 1019, 1044, 1047, 1021, 1002, 1008, 1046, 988, 1002, 1046, 1043, 988, 1046, 1045, 1044, 1021, 994, 1044, 1045, 1042, 1044, 994, 986, 988, 1043, 984, 986, 1043, 1040, 984, 1043, 996, 1042, 994, 1041, 1042, 996, 991, 1041, 996, 990, 1041, 991, 1038, 1041, 990, 1026, 984, 1040, 1039, 1026, 1040, 1012, 1026, 1039, 1013, 1012, 1039, 1037, 1013, 1039, 1007, 1038, 990, 1036, 1038, 1007, 1005, 1036, 1007, 1023, 1036, 1005, 1022, 1036, 1023, 1028, 1013, 1037, 1035, 1028, 1037, 998, 1028, 1035, 999, 998, 1035, 1022, 999, 1035, 1034, 1036, 1022, 1035, 1034, 1022, 1033, 1034, 1035, 1031, 1034, 1033, 1032, 1031, 1033, 1030, 1031, 1032, 1029, 1015, 1028, 1013, 1028, 1015, 1027, 1026, 1014, 1012, 1014, 1026, 1025, 1024, 1023, 1022, 1023, 1024, 1021, 1019, 1020, 1018, 1020, 1019, 1019, 1017, 1018, 1016, 1018, 1017, 1009, 1008, 1003, 1002, 1003, 1008, 1017, 1010, 1016, 1011, 1016, 1010, 1015, 1014, 1013, 1012, 1013, 1014, 1011, 1010, 1009, 1008, 1009, 1010, 1007, 1006, 1005, 1004, 1005, 1006, 1003, 1002, 989, 988, 989, 1002, 1001, 1000, 999, 998, 999, 1000, 997, 996, 995, 994, 995, 996, 993, 992, 991, 990, 991, 992, 987, 989, 986, 988, 986, 989, 987, 986, 985, 984, 985, 986, 1058, 1057, 1056, 1057, 1058, 1059, 1062, 1061, 1060, 1061, 1062, 1056, 1056, 1062, 1058, 1058, 1062, 1063, 1063, 1062, 1064, 1063, 1064, 1065, 1065, 1064, 1066, 1065, 1066, 1067, 1065, 1067, 1068, 1068, 1067, 1069, 1068, 1069, 1070, 1068, 1070, 1071, 1071, 1070, 1072, 1071, 1072, 1073, 1073, 1072, 1074, 1073, 1074, 1075, 1073, 1075, 1076, 1076, 1075, 1077, 1076, 1077, 1078, 1078, 1077, 1079, 1078, 1079, 1080, 1080, 1079, 1081, 1080, 1081, 1082, 1080, 1082, 1083, 1083, 1082, 1084, 1083, 1084, 1085, 1083, 1085, 1086, 1083, 1086, 1087, 1086, 1085, 1088, 1086, 1088, 1089, 1089, 1088, 1090, 1090, 1088, 1091, 1091, 1088, 1092, 1091, 1092, 1093, 1093, 1092, 1094, 1093, 1094, 1095, 1093, 1095, 1096, 1096, 1095, 1097, 1096, 1097, 1098, 1096, 1098, 1099, 1099, 1098, 1100, 1099, 1100, 1101, 1101, 1100, 1102, 1101, 1102, 1103, 1101, 1103, 1104, 1104, 1103, 1105, 1104, 1105, 1106, 1106, 1105, 1107, 1106, 1107, 1108, 1108, 1107, 1109, 1108, 1109, 1110, 1108, 1110, 1111, 1111, 1110, 1112, 1111, 1112, 1113, 1111, 1113, 1114, 1111, 1114, 1115, 1111, 1115, 1116, 1115, 1114, 1117, 1120, 1119, 1118, 1121, 1119, 1120, 1121, 1120, 1122, 1123, 1119, 1121, 1124, 1119, 1123, 1125, 1119, 1124, 1125, 1126, 1119, 1127, 1126, 1125, 1128, 1126, 1127, 1128, 1129, 1126, 1130, 1129, 1128, 1130, 1131, 1129, 1132, 1131, 1130, 1133, 1131, 1132, 1133, 1134, 1131, 1135, 1134, 1133, 1135, 1136, 1134, 1137, 1136, 1135, 1137, 1138, 1136, 1139, 1138, 1137, 1140, 1138, 1139, 1140, 1141, 1138, 1142, 1141, 1140, 1143, 1141, 1142, 1141, 1143, 1144, 1145, 1144, 1143, 1145, 1146, 1144, 1145, 1147, 1146, 1145, 1148, 1147, 1149, 1148, 1145, 1149, 1150, 1148, 1148, 1150, 1151, 1152, 1150, 1149, 1153, 1150, 1152, 1153, 1154, 1150, 1155, 1154, 1153, 1156, 1154, 1155, 1156, 1157, 1154, 1158, 1157, 1156, 1158, 1159, 1157, 1160, 1159, 1158, 1161, 1159, 1160, 1161, 1162, 1159, 1163, 1162, 1161, 1163, 1164, 1162, 1165, 1164, 1163, 1165, 1166, 1164, 1167, 1166, 1165, 1168, 1166, 1167, 1168, 1169, 1166, 1170, 1169, 1168, 1171, 1169, 1170, 1169, 1171, 1172, 1173, 1172, 1171, 1173, 1174, 1172, 1173, 1175, 1174, 1176, 1175, 1173, 1175, 1176, 1177, 1180, 1179, 1178, 1179, 1180, 1181, 1181, 1180, 1182, 1182, 1180, 1183, 1183, 1180, 1184, 1187, 1186, 1185, 1186, 1187, 1188, 1188, 1187, 1189, 1189, 1187, 1190, 1190, 1187, 1191, 1106, 1193, 1192, 1193, 1106, 1108, 1076, 1195, 1194, 1195, 1076, 1078, 1196, 1136, 1138, 1136, 1196, 1197, 1198, 1157, 1159, 1157, 1198, 1199, 1200, 1166, 1169, 1166, 1200, 1201, 1202, 1144, 1146, 1144, 1202, 1203, 1150, 1205, 1204, 1205, 1150, 1154, 1205, 1154, 1206, 1078, 1207, 1195, 1207, 1078, 1080, 1208, 1138, 1141, 1138, 1208, 1196, 1199, 1154, 1157, 1154, 1199, 1206, 1197, 1134, 1136, 1134, 1197, 1209, 1209, 1131, 1134, 1131, 1209, 1210, 1211, 1126, 1129, 1126, 1211, 1212, 1073, 1194, 1213, 1194, 1073, 1076, 1214, 1159, 1162, 1159, 1214, 1198, 1091, 1215, 1090, 1215, 1091, 1216, 1201, 1164, 1166, 1164, 1201, 1217, 1220, 1219, 1218, 1219, 1220, 1057, 1219, 1057, 1059, 1219, 1059, 1221, 1219, 1221, 1222, 1224, 1087, 1223, 1087, 1224, 1083, 1224, 1226, 1225, 1226, 1224, 1223, 1226, 1223, 1227, 1226, 1227, 1216, 1216, 1227, 1215, 1215, 1227, 1228, 1119, 1181, 1118, 1181, 1119, 1179, 1229, 1204, 1205, 1204, 1229, 1230, 1230, 1229, 1231, 1231, 1229, 1203, 1231, 1203, 1202, 1231, 1202, 1232, 1233, 1111, 1116, 1111, 1233, 1234, 1093, 1236, 1235, 1236, 1093, 1096, 1071, 1213, 1237, 1213, 1071, 1073, 1063, 1059, 1058, 1059, 1063, 1221, 1090, 1228, 1089, 1228, 1090, 1215, 1151, 1204, 1230, 1204, 1151, 1150, 1065, 1221, 1063, 1221, 1065, 1222, 1222, 1065, 1238, 1148, 1230, 1231, 1230, 1148, 1151, 1099, 1240, 1239, 1240, 1099, 1101, 1119, 1178, 1179, 1178, 1119, 1126, 1178, 1126, 1212, 1229, 1144, 1203, 1144, 1229, 1141, 1141, 1229, 1208, 1202, 1147, 1232, 1147, 1202, 1146, 1104, 1192, 1241, 1192, 1104, 1106, 1225, 1083, 1224, 1083, 1225, 1080, 1080, 1225, 1207, 1242, 1111, 1234, 1111, 1242, 1108, 1108, 1242, 1193, 1217, 1162, 1164, 1162, 1217, 1214, 1101, 1241, 1240, 1241, 1101, 1104, 1189, 1175, 1188, 1175, 1189, 1174, 1086, 1228, 1227, 1228, 1086, 1089, 1068, 1237, 1243, 1237, 1068, 1071, 1189, 1172, 1174, 1172, 1189, 1190, 1223, 1086, 1227, 1086, 1223, 1087, 1091, 1226, 1216, 1226, 1091, 1093, 1226, 1093, 1235, 1096, 1239, 1236, 1239, 1096, 1099, 1190, 1169, 1172, 1169, 1190, 1191, 1169, 1191, 1200, 1231, 1147, 1148, 1147, 1231, 1232, 1210, 1129, 1131, 1129, 1210, 1211, 1184, 1244, 1183, 1244, 1184, 1245, 1245, 1184, 1246, 1245, 1246, 1247, 1245, 1247, 1248, 1245, 1248, 1249, 1233, 1115, 1250, 1115, 1233, 1116, 1065, 1243, 1238, 1243, 1065, 1068, 1234, 1251, 1242, 1251, 1234, 1233, 1251, 1233, 1250, 1251, 1250, 1244, 1251, 1244, 1245, 1118, 1182, 1120, 1182, 1118, 1181, 1218, 1186, 1220, 1186, 1218, 1185, 1254, 1253, 1252, 1253, 1254, 1255, 1256, 1121, 1122, 1121, 1256, 1257, 1258, 1117, 1114, 1117, 1258, 1259, 1256, 1252, 1257, 1252, 1256, 1254, 1060, 1261, 1260, 1261, 1060, 1061, 1177, 1263, 1262, 1263, 1177, 1176, 1261, 1264, 1260, 1264, 1261, 1265, 1056, 1261, 1061, 1056, 1265, 1261, 1057, 1265, 1056, 1220, 1265, 1057, 1186, 1265, 1220, 1265, 1186, 1266, 1188, 1266, 1186, 1188, 1262, 1266, 1175, 1262, 1188, 1262, 1175, 1177, 1145, 1267, 1149, 1267, 1145, 1268, 1267, 1268, 1269, 1270, 1269, 1268, 1270, 1268, 1271, 1264, 1269, 1270, 1264, 1270, 1062, 1264, 1062, 1260, 1260, 1062, 1060, 1272, 1269, 1264, 1263, 1269, 1272, 1263, 1173, 1269, 1173, 1263, 1176, 1268, 1273, 1271, 1274, 1271, 1273, 1271, 1274, 1085, 1085, 1274, 1088, 1268, 1253, 1273, 1273, 1253, 1113, 1275, 1253, 1268, 1113, 1253, 1258, 1113, 1258, 1114, 1275, 1252, 1253, 1275, 1257, 1252, 1275, 1121, 1257, 1121, 1275, 1123, 1265, 1272, 1264, 1272, 1265, 1266, 1266, 1263, 1272, 1263, 1266, 1262, 1255, 1258, 1253, 1258, 1255, 1259, 1115, 1244, 1250, 1244, 1115, 1255, 1255, 1183, 1244, 1255, 1115, 1259, 1259, 1115, 1117, 1254, 1183, 1255, 1254, 1182, 1183, 1256, 1182, 1254, 1122, 1182, 1256, 1182, 1122, 1120, 1278, 1277, 1276, 1277, 1278, 1279, 1279, 1278, 1280, 1280, 1278, 1281, 1280, 1283, 1282, 1283, 1280, 1279, 1286, 1285, 1284, 1285, 1286, 1287, 1290, 1289, 1288, 1289, 1290, 1291, 1293, 1288, 1292, 1288, 1293, 1290, 1295, 1292, 1294, 1292, 1295, 1293, 1298, 1297, 1296, 1297, 1298, 1299, 1291, 1298, 1289, 1298, 1291, 1299, 1295, 1290, 1293, 1290, 1295, 1291, 1291, 1295, 1300, 1291, 1300, 1299, 1299, 1300, 1301, 1299, 1301, 1297, 1296, 1301, 1302, 1301, 1296, 1297, 1300, 1294, 1303, 1294, 1300, 1295, 1302, 1300, 1303, 1300, 1302, 1301, 1306, 1305, 1304, 1305, 1306, 1307, 1309, 1304, 1308, 1304, 1309, 1306, 1311, 1308, 1310, 1308, 1311, 1309, 1314, 1313, 1312, 1313, 1314, 1315, 1307, 1314, 1305, 1314, 1307, 1315, 1311, 1306, 1309, 1306, 1311, 1307, 1307, 1311, 1316, 1307, 1316, 1315, 1315, 1316, 1317, 1315, 1317, 1313, 1312, 1317, 1318, 1317, 1312, 1313, 1316, 1310, 1319, 1310, 1316, 1311, 1318, 1316, 1319, 1316, 1318, 1317, 1322, 1321, 1320, 1321, 1322, 1323, 1324, 1156, 1155, 1156, 1324, 1325, 1326, 1160, 1158, 1160, 1326, 1327, 1168, 1328, 1170, 1328, 1168, 1329, 1330, 1132, 1130, 1132, 1330, 1331, 1332, 1128, 1127, 1128, 1332, 1333, 1084, 1271, 1085, 1271, 1084, 1334, 1335, 1163, 1161, 1163, 1335, 1336, 1336, 1335, 1337, 1143, 1268, 1145, 1268, 1143, 1338, 1171, 1269, 1173, 1269, 1171, 1339, 1333, 1130, 1128, 1130, 1333, 1330, 1340, 1139, 1137, 1139, 1340, 1341, 1342, 1167, 1165, 1167, 1342, 1343, 1331, 1133, 1132, 1133, 1331, 1344, 1345, 1137, 1135, 1137, 1345, 1340, 1167, 1329, 1168, 1329, 1167, 1343, 1325, 1158, 1156, 1158, 1325, 1326, 1142, 1338, 1143, 1338, 1142, 1346, 1347, 1155, 1153, 1155, 1347, 1324, 1348, 1153, 1152, 1153, 1348, 1347, 1170, 1339, 1171, 1339, 1170, 1328, 1336, 1165, 1163, 1165, 1336, 1342, 1140, 1346, 1142, 1346, 1140, 1349, 1350, 1125, 1124, 1125, 1350, 1351, 1139, 1349, 1140, 1349, 1139, 1341, 1351, 1127, 1125, 1127, 1351, 1332, 1327, 1161, 1160, 1161, 1327, 1335, 1335, 1327, 1337, 1112, 1273, 1113, 1273, 1112, 1352, 1344, 1135, 1133, 1135, 1344, 1345, 1110, 1352, 1112, 1352, 1110, 1353, 1354, 1088, 1274, 1088, 1354, 1092, 1102, 1356, 1355, 1356, 1102, 1100, 1100, 1357, 1356, 1357, 1100, 1098, 1107, 1358, 1109, 1358, 1107, 1359, 1360, 1092, 1354, 1092, 1360, 1094, 1362, 1095, 1361, 1095, 1362, 1097, 1361, 1094, 1360, 1094, 1361, 1095, 1098, 1362, 1357, 1362, 1098, 1097, 1107, 1363, 1359, 1363, 1107, 1105, 1103, 1355, 1364, 1355, 1103, 1102, 1109, 1353, 1110, 1353, 1109, 1358, 1105, 1364, 1363, 1364, 1105, 1103, 1273, 1354, 1274, 1354, 1273, 1360, 1360, 1273, 1361, 1361, 1273, 1362, 1362, 1273, 1357, 1357, 1273, 1356, 1356, 1273, 1355, 1355, 1273, 1364, 1364, 1273, 1363, 1363, 1273, 1359, 1359, 1273, 1358, 1358, 1273, 1353, 1353, 1273, 1352, 1346, 1268, 1338, 1268, 1346, 1275, 1275, 1346, 1349, 1275, 1349, 1341, 1275, 1341, 1340, 1275, 1340, 1345, 1275, 1345, 1344, 1275, 1344, 1331, 1275, 1331, 1330, 1275, 1330, 1333, 1275, 1333, 1332, 1275, 1332, 1351, 1275, 1351, 1350, 1350, 1123, 1275, 1123, 1350, 1124, 1348, 1149, 1267, 1149, 1348, 1152, 1082, 1334, 1084, 1334, 1082, 1365, 1366, 1062, 1270, 1062, 1366, 1064, 1369, 1368, 1367, 1368, 1369, 1072, 1072, 1369, 1074, 1072, 1370, 1368, 1370, 1072, 1070, 1081, 1372, 1371, 1372, 1081, 1079, 1373, 1064, 1366, 1064, 1373, 1066, 1375, 1067, 1374, 1067, 1375, 1069, 1374, 1066, 1373, 1066, 1374, 1067, 1079, 1376, 1372, 1376, 1079, 1077, 1075, 1367, 1377, 1367, 1075, 1369, 1369, 1075, 1074, 1070, 1375, 1370, 1375, 1070, 1069, 1081, 1365, 1082, 1365, 1081, 1371, 1077, 1377, 1376, 1377, 1077, 1075, 1271, 1366, 1270, 1366, 1271, 1373, 1373, 1271, 1374, 1374, 1271, 1375, 1375, 1271, 1370, 1370, 1271, 1368, 1368, 1271, 1367, 1367, 1271, 1377, 1377, 1271, 1376, 1376, 1271, 1372, 1372, 1271, 1371, 1371, 1271, 1365, 1365, 1271, 1334, 1328, 1269, 1339, 1269, 1328, 1267, 1267, 1328, 1329, 1267, 1329, 1343, 1267, 1343, 1342, 1267, 1342, 1336, 1267, 1336, 1337, 1267, 1337, 1327, 1267, 1327, 1326, 1267, 1326, 1325, 1267, 1325, 1324, 1267, 1324, 1347, 1267, 1347, 1348, 1380, 1379, 1378, 1379, 1380, 1381, 1381, 1380, 1382, 1383, 1382, 1380, 1384, 1382, 1383, 1382, 1384, 1385, 1386, 1278, 1276, 1278, 1386, 1387, 1388, 1247, 1246, 1247, 1388, 1389, 1392, 1391, 1390, 1391, 1392, 1393, 1394, 1393, 1392, 1394, 1395, 1393, 1185, 1395, 1394, 1395, 1185, 1218, 1398, 1397, 1396, 1397, 1398, 1399, 1402, 1401, 1400, 1401, 1402, 1403, 1398, 1405, 1404, 1405, 1398, 1406, 1406, 1398, 1400, 1400, 1398, 1396, 1400, 1391, 1406, 1400, 1390, 1391, 1400, 1407, 1390, 1401, 1407, 1400, 1401, 1408, 1407, 1407, 1408, 1409, 1410, 1408, 1401, 1408, 1410, 1411, 1379, 1412, 1378, 1412, 1379, 1413, 1413, 1379, 1388, 1388, 1379, 1385, 1388, 1385, 1389, 1389, 1385, 1414, 1414, 1385, 1415, 1415, 1385, 1416, 1416, 1385, 1384, 1416, 1384, 1417, 1414, 1249, 1248, 1249, 1414, 1415, 1420, 1419, 1418, 1419, 1420, 1421, 1419, 1384, 1422, 1384, 1419, 1421, 1384, 1420, 1423, 1420, 1384, 1421, 1420, 1424, 1423, 1424, 1420, 1418, 1427, 1426, 1425, 1426, 1427, 1428, 1429, 1426, 1428, 1426, 1429, 1430, 1431, 1427, 1425, 1427, 1431, 1378, 1427, 1429, 1428, 1429, 1427, 1378, 1403, 1433, 1432, 1433, 1403, 1434, 1434, 1403, 1435, 1403, 1386, 1435, 1436, 1435, 1386, 1386, 1403, 1402, 1386, 1402, 1387, 1387, 1402, 1437, 1437, 1402, 1438, 1438, 1402, 1397, 1438, 1397, 1439, 1439, 1397, 1399, 1437, 1278, 1387, 1278, 1437, 1281, 1281, 1437, 1280, 1441, 1439, 1440, 1441, 1438, 1439, 1441, 1442, 1438, 1442, 1441, 1383, 1383, 1441, 1443, 1383, 1443, 1444, 1383, 1444, 1384, 1384, 1444, 1422, 1277, 1386, 1276, 1386, 1277, 1436, 1436, 1277, 1279, 1442, 1380, 1445, 1380, 1442, 1383, 1446, 1378, 1431, 1446, 1380, 1378, 1447, 1380, 1446, 1448, 1380, 1447, 1448, 1445, 1380, 1445, 1448, 1435, 1435, 1448, 1434, 1449, 1434, 1448, 1442, 1437, 1438, 1437, 1442, 1436, 1436, 1442, 1435, 1435, 1442, 1445, 1219, 1395, 1218, 1395, 1219, 1450, 1450, 1219, 1405, 1405, 1219, 1243, 1243, 1219, 1238, 1238, 1219, 1222, 1405, 1243, 1237, 1405, 1237, 1213, 1405, 1213, 1404, 1404, 1213, 1194, 1404, 1194, 1195, 1404, 1195, 1207, 1404, 1207, 1225, 1404, 1225, 1226, 1404, 1226, 1439, 1439, 1226, 1440, 1440, 1226, 1235, 1440, 1235, 1236, 1440, 1236, 1444, 1444, 1236, 1239, 1444, 1239, 1240, 1444, 1240, 1424, 1422, 1444, 1424, 1424, 1240, 1241, 1424, 1241, 1423, 1423, 1241, 1192, 1423, 1192, 1384, 1384, 1192, 1417, 1417, 1192, 1193, 1417, 1193, 1242, 1417, 1242, 1251, 1449, 1408, 1434, 1229, 1408, 1449, 1229, 1449, 1208, 1208, 1449, 1196, 1205, 1408, 1229, 1196, 1449, 1446, 1206, 1408, 1205, 1196, 1446, 1197, 1199, 1408, 1206, 1198, 1408, 1199, 1214, 1408, 1198, 1214, 1409, 1408, 1217, 1409, 1214, 1409, 1217, 1451, 1197, 1446, 1209, 1451, 1217, 1201, 1209, 1446, 1430, 1430, 1446, 1431, 1209, 1430, 1210, 1210, 1430, 1429, 1210, 1429, 1211, 1429, 1412, 1211, 1412, 1429, 1378, 1211, 1412, 1212, 1212, 1412, 1178, 1178, 1412, 1180, 1451, 1201, 1187, 1187, 1201, 1200, 1187, 1200, 1191, 1185, 1451, 1187, 1451, 1185, 1394, 1404, 1399, 1398, 1399, 1404, 1439, 1433, 1410, 1432, 1410, 1433, 1411, 1434, 1411, 1433, 1411, 1434, 1408, 1432, 1401, 1403, 1401, 1432, 1410, 1397, 1400, 1396, 1400, 1397, 1402, 1419, 1424, 1418, 1424, 1419, 1422, 1431, 1426, 1430, 1426, 1431, 1425, 1436, 1434, 1435, 1434, 1436, 1449, 1449, 1436, 1431, 1431, 1446, 1449, 1431, 1436, 1378, 1378, 1436, 1379, 1379, 1436, 1437, 1379, 1437, 1385, 1385, 1437, 1384, 1384, 1437, 1438, 1384, 1438, 1439, 1384, 1439, 1440, 1384, 1440, 1444, 1384, 1444, 1422, 1289, 1292, 1288, 1292, 1289, 1294, 1294, 1289, 1298, 1294, 1298, 1303, 1303, 1298, 1296, 1303, 1296, 1302, 1305, 1308, 1304, 1308, 1305, 1310, 1310, 1305, 1314, 1310, 1314, 1319, 1319, 1314, 1312, 1319, 1312, 1318, 1454, 1453, 1452, 1453, 1454, 1455, 1458, 1457, 1456, 1457, 1458, 1459, 1457, 1461, 1460, 1461, 1457, 1459, 1454, 1463, 1462, 1463, 1454, 1452, 1466, 1465, 1464, 1465, 1466, 1467, 1470, 1469, 1468, 1469, 1470, 1471, 1472, 1469, 1471, 1469, 1472, 1473, 1474, 1466, 1464, 1466, 1474, 1475, 1476, 1385, 1379, 1385, 1476, 1477, 1447, 1479, 1478, 1479, 1447, 1446, 1444, 1481, 1480, 1481, 1444, 1443]
        point3f[] points = [(0.6, 0.312006, 0.827365), (0.6, 0.323194, 0.822731), (0.55, 0.315592, 0.840749), (0.55, 0.330122, 0.83473), (0.55, 0.239756, 0.782557), (0.6, 0.253612, 0.782557), (0.55, 0.241808, 0.79815), (0.6, 0.255192, 0.794563), (0.55, 0.284408, 0.724365), (0.55, 0.3, 0.722313), (0.6, 0.287994, 0.73775), (0.6, 0.3, 0.736169), (0.6, 0.312006, 0.73775), (0.6, 0.276806, 0.742384), (0.6, 0.323194, 0.742384), (0.6, 0.267199, 0.749756), (0.6, 0.332801, 0.749756), (0.6, 0.259827, 0.759363), (0.6, 0.340173, 0.759363), (0.6, 0.344808, 0.770551), (0.6, 0.255192, 0.770551), (0.6, 0.346388, 0.782557), (0.6, 0.344808, 0.794563), (0.6, 0.259827, 0.805751), (0.6, 0.340173, 0.805751), (0.6, 0.267199, 0.815359), (0.6, 0.332801, 0.815359), (0.6, 0.276806, 0.822731), (0.6, 0.287994, 0.827365), (0.6, 0.3, 0.828945), (0.55, 0.247827, 0.752435), (0.55, 0.241808, 0.766965), (0.55, 0.360245, 0.782557), (0.55, 0.358192, 0.79815), (0.55, 0.315592, 0.724365), (0.55, 0.330122, 0.730384), (0.55, 0.284408, 0.840749), (0.55, 0.3, 0.842802), (0.55, 0.269878, 0.83473), (0.55, 0.352173, 0.812679), (0.55, 0.342599, 0.825156), (0.55, 0.257401, 0.825156), (0.55, 0.358192, 0.766965), (0.55, 0.352173, 0.752435), (0.55, 0.247827, 0.812679), (0.55, 0.257401, 0.739958), (0.55, 0.269878, 0.730384), (0.55, 0.342599, 0.739958), (0.5, 0.087868, 0.994689), (0.6, 0.119688, 0.962869), (0.5, 0.15, 1.04236), (0.6, 0.1725, 1.00339), (0.6, 0.365999, 0.536246), (0.5, 0.377646, 0.492779), (0.6, 0.4275, 0.561721), (0.5, 0.45, 0.522749), (0.4, 0.6, 0.782557), (0.4, 0.589778, 0.860203), (0.5, 0.6, 0.782557), (0.5, 0.589778, 0.860203), (0.6, 0.4275, 1.00339), (0.6, 0.480312, 0.962869), (0.5, 0.45, 1.04236), (0.5, 0.512132, 0.994689), (0.4, 0.377646, 1.07234), (0.5, 0.377646, 1.07234), (0.4, 0.45, 1.04236), (0.5, 0.559808, 0.932557), (0.6, 0.546311, 0.848556), (0.6, 0.520837, 0.910057), (0.5, 0.0102223, 0.860203), (0.6, 0.0536889, 0.848556), (0.5, 0.0401924, 0.932557), (0.6, 0.0791635, 0.910057), (0.4, 0.512132, 0.994689), (0.5, 0.222354, 1.07234), (0.6, 0.234001, 1.02887), (0.5, 0.3, 1.08256), (0.6, 0.3, 1.03756), (0.4, 0.559808, 0.932557), (0.6, 0.3, 0.527557), (0.5, 0.3, 0.482557), (0.4, 0.559808, 0.632557), (0.4, 0.589778, 0.704912), (0.5, 0.559808, 0.632557), (0.5, 0.589778, 0.704912), (0.4, 0.222354, 1.07234), (0.4, 0.3, 1.08256), (0.4, 0.0401924, 0.632557), (0.5, 0.0401924, 0.632557), (0.4, 0.0102223, 0.704912), (0.5, 0.0102223, 0.704912), (0.5, 0.087868, 0.570425), (0.5, 0.15, 0.522749), (0.6, 0.119688, 0.602245), (0.6, 0.1725, 0.561721), (0.5, 0.222354, 0.492779), (0.6, 0.234001, 0.536246), (0.6, 0.480312, 0.602245), (0.6, 0.0791635, 0.655057), (0.6, 0.3, 0.628229), (0.6, 0.520837, 0.655057), (0.6, 0.260057, 0.633488), (0.6, 0.222836, 0.648905), (0.6, 0.190874, 0.673431), (0.6, 0.339943, 0.633488), (0.6, 0.377164, 0.648905), (0.6, 0.409126, 0.673431), (0.6, 0.0536889, 0.716558), (0.6, 0.166348, 0.705393), (0.6, 0.150931, 0.742614), (0.6, 0.045, 0.782557), (0.6, 0.145672, 0.782557), (0.6, 0.546311, 0.716558), (0.6, 0.433652, 0.705393), (0.6, 0.449069, 0.742614), (0.6, 0.150931, 0.8225), (0.6, 0.166348, 0.859721), (0.6, 0.555, 0.782557), (0.6, 0.454328, 0.782557), (0.6, 0.449069, 0.8225), (0.6, 0.433652, 0.859721), (0.6, 0.190874, 0.891683), (0.6, 0.222836, 0.916209), (0.6, 0.409126, 0.891683), (0.6, 0.377164, 0.916209), (0.6, 0.260057, 0.931626), (0.6, 0.339943, 0.931626), (0.6, 0.3, 0.936885), (0.6, 0.365999, 1.02887), (0.4, 0.15, 0.522749), (0.4, 0.222354, 0.492779), (0.3, 0.0536889, 0.716558), (0.3, 0.045, 0.782557), (0.4, 0, 0.782557), (0.5, 0.512132, 0.570425), (0.4, 0.087868, 0.994689), (0.4, 0.15, 1.04236), (0.5, 0, 0.782557), (0.4, 0.0102223, 0.860203), (0.4, 0.0401924, 0.932557), (0.4, 0.45, 0.522749), (0.4, 0.512132, 0.570425), (0.3, 0.3, 0.527557), (0.3, 0.234001, 0.536246), (0.3, 0.365999, 0.536246), (0.3, 0.1725, 0.561721), (0.3, 0.4275, 0.561721), (0.3, 0.480312, 0.602245), (0.3, 0.119688, 0.602245), (0.3, 0.520837, 0.655057), (0.3, 0.0791635, 0.655057), (0.3, 0.546311, 0.716558), (0.3, 0.555, 0.782557), (0.3, 0.546311, 0.848556), (0.3, 0.0536889, 0.848556), (0.3, 0.520837, 0.910057), (0.3, 0.0791635, 0.910057), (0.3, 0.480312, 0.962869), (0.3, 0.119688, 0.962869), (0.3, 0.4275, 1.00339), (0.3, 0.1725, 1.00339), (0.3, 0.365999, 1.02887), (0.3, 0.234001, 1.02887), (0.3, 0.3, 1.03756), (0.4, 0.377646, 0.492779), (0.4, 0.087868, 0.570425), (0.4, 0.3, 0.482557), (0.55, 0.3, 0.683984), (0.55, 0.325513, 0.687343), (0.55, 0.274487, 0.687343), (0.55, 0.250714, 0.697191), (0.55, 0.349286, 0.697191), (0.55, 0.230298, 0.712856), (0.55, 0.369702, 0.712856), (0.55, 0.214633, 0.733271), (0.55, 0.385367, 0.733271), (0.55, 0.204786, 0.757045), (0.55, 0.395214, 0.757045), (0.55, 0.201427, 0.782557), (0.55, 0.204786, 0.80807), (0.55, 0.398573, 0.782557), (0.55, 0.395214, 0.80807), (0.55, 0.214633, 0.831844), (0.55, 0.385367, 0.831844), (0.55, 0.230298, 0.852259), (0.55, 0.369702, 0.852259), (0.55, 0.250714, 0.867924), (0.55, 0.349286, 0.867924), (0.55, 0.274487, 0.877771), (0.55, 0.325513, 0.877771), (0.55, 0.3, 0.88113), (0.6, 0.194592, 0.810801), (0.55, 0.204786, 0.80807), (0.6, 0.205494, 0.83712), (0.55, 0.214633, 0.831844), (0.6, 0.222836, 0.859721), (0.55, 0.230298, 0.852259), (0.6, 0.394506, 0.727994), (0.6, 0.405408, 0.754313), (0.55, 0.385367, 0.733271), (0.55, 0.395214, 0.757045), (0.6, 0.405408, 0.810801), (0.55, 0.395214, 0.80807), (0.6, 0.409126, 0.782557), (0.55, 0.398573, 0.782557), (0.6, 0.245437, 0.688051), (0.6, 0.271756, 0.677149), (0.55, 0.250714, 0.697191), (0.55, 0.274487, 0.687343), (0.6, 0.245437, 0.877063), (0.55, 0.250714, 0.867924), (0.55, 0.349286, 0.697191), (0.6, 0.354563, 0.688051), (0.55, 0.369702, 0.712856), (0.6, 0.377164, 0.705393), (0.6, 0.271756, 0.887965), (0.55, 0.274487, 0.877771), (0.6, 0.3, 0.891683), (0.55, 0.3, 0.88113), (0.6, 0.194592, 0.754313), (0.6, 0.205494, 0.727994), (0.55, 0.204786, 0.757045), (0.55, 0.214633, 0.733271), (0.55, 0.325512, 0.877771), (0.6, 0.328244, 0.887965), (0.55, 0.349286, 0.867924), (0.6, 0.354563, 0.877063), (0.55, 0.369702, 0.852259), (0.6, 0.377164, 0.859721), (0.6, 0.3, 0.673431), (0.6, 0.328244, 0.677149), (0.55, 0.3, 0.683984), (0.55, 0.325512, 0.687343), (0.6, 0.190874, 0.782557), (0.55, 0.201427, 0.782557), (0.6, 0.222836, 0.705393), (0.55, 0.230298, 0.712856), (0.6, 0.3, 0.628229), (0.6, 0.339943, 0.633488), (0.6, 0.260057, 0.633488), (0.6, 0.222836, 0.648905), (0.6, 0.377164, 0.648905), (0.6, 0.190874, 0.673431), (0.6, 0.409126, 0.673431), (0.6, 0.166348, 0.705393), (0.6, 0.433652, 0.705393), (0.6, 0.150931, 0.742614), (0.6, 0.145672, 0.782557), (0.6, 0.449069, 0.742614), (0.6, 0.454328, 0.782557), (0.6, 0.150931, 0.8225), (0.6, 0.449069, 0.8225), (0.6, 0.394506, 0.83712), (0.6, 0.166348, 0.859721), (0.6, 0.433652, 0.859721), (0.6, 0.190874, 0.891683), (0.6, 0.409126, 0.891683), (0.6, 0.222836, 0.916209), (0.6, 0.377164, 0.916209), (0.6, 0.260057, 0.931626), (0.6, 0.339943, 0.931626), (0.6, 0.3, 0.936885), (0.55, 0.385367, 0.831844), (-0.6, 0.312006, 0.73775), (-0.6, 0.323194, 0.742384), (-0.55, 0.315592, 0.724365), (-0.55, 0.330122, 0.730384), (-0.55, 0.239756, 0.782557), (-0.6, 0.253612, 0.782557), (-0.55, 0.241808, 0.766965), (-0.6, 0.255192, 0.770551), (-0.55, 0.284408, 0.840749), (-0.55, 0.3, 0.842802), (-0.6, 0.287994, 0.827365), (-0.6, 0.3, 0.828945), (-0.6, 0.312006, 0.827365), (-0.6, 0.276806, 0.822731), (-0.6, 0.323194, 0.822731), (-0.6, 0.267199, 0.815359), (-0.6, 0.332801, 0.815359), (-0.6, 0.259827, 0.805751), (-0.6, 0.340173, 0.805751), (-0.6, 0.344808, 0.794563), (-0.6, 0.255192, 0.794563), (-0.6, 0.346388, 0.782557), (-0.6, 0.344808, 0.770551), (-0.6, 0.259827, 0.759363), (-0.6, 0.340173, 0.759363), (-0.6, 0.267199, 0.749756), (-0.6, 0.332801, 0.749756), (-0.6, 0.276806, 0.742384), (-0.6, 0.287994, 0.73775), (-0.6, 0.3, 0.736169), (-0.55, 0.247827, 0.812679), (-0.55, 0.241808, 0.79815), (-0.55, 0.360245, 0.782557), (-0.55, 0.358192, 0.766965), (-0.55, 0.315592, 0.840749), (-0.55, 0.330122, 0.83473), (-0.55, 0.284408, 0.724365), (-0.55, 0.3, 0.722313), (-0.55, 0.269878, 0.730384), (-0.55, 0.352173, 0.752435), (-0.55, 0.342599, 0.739958), (-0.55, 0.257401, 0.739958), (-0.55, 0.358192, 0.79815), (-0.55, 0.352173, 0.812679), (-0.55, 0.247827, 0.752435), (-0.55, 0.257401, 0.825156), (-0.55, 0.269878, 0.83473), (-0.55, 0.342599, 0.825156), (-0.5, 0.087868, 0.570425), (-0.6, 0.119688, 0.602245), (-0.5, 0.15, 0.522749), (-0.6, 0.1725, 0.561721), (-0.6, 0.365999, 1.02887), (-0.5, 0.377646, 1.07234), (-0.6, 0.4275, 1.00339), (-0.5, 0.45, 1.04236), (-0.4, 0.6, 0.782557), (-0.4, 0.589778, 0.704912), (-0.5, 0.6, 0.782557), (-0.5, 0.589778, 0.704912), (-0.6, 0.4275, 0.561721), (-0.6, 0.480312, 0.602245), (-0.5, 0.45, 0.522749), (-0.5, 0.512132, 0.570425), (-0.4, 0.377646, 0.492779), (-0.5, 0.377646, 0.492779), (-0.4, 0.45, 0.522749), (-0.5, 0.559808, 0.632557), (-0.6, 0.546311, 0.716558), (-0.6, 0.520837, 0.655057), (-0.5, 0.0102223, 0.704912), (-0.6, 0.0536889, 0.716558), (-0.5, 0.0401924, 0.632557), (-0.6, 0.0791635, 0.655057), (-0.4, 0.512132, 0.570425), (-0.5, 0.222354, 0.492779), (-0.6, 0.234001, 0.536246), (-0.5, 0.3, 0.482557), (-0.6, 0.3, 0.527557), (-0.4, 0.559808, 0.632557), (-0.6, 0.3, 1.03756), (-0.5, 0.3, 1.08256), (-0.4, 0.559808, 0.932557), (-0.4, 0.589778, 0.860203), (-0.5, 0.559808, 0.932557), (-0.5, 0.589778, 0.860203), (-0.4, 0.222354, 0.492779), (-0.4, 0.3, 0.482557), (-0.4, 0.0401924, 0.932557), (-0.5, 0.0401924, 0.932557), (-0.4, 0.0102223, 0.860203), (-0.5, 0.0102223, 0.860203), (-0.5, 0.087868, 0.994689), (-0.5, 0.15, 1.04236), (-0.6, 0.119688, 0.962869), (-0.6, 0.1725, 1.00339), (-0.5, 0.222354, 1.07234), (-0.6, 0.234001, 1.02887), (-0.6, 0.480312, 0.962869), (-0.6, 0.0791635, 0.910057), (-0.6, 0.3, 0.936885), (-0.6, 0.520837, 0.910057), (-0.6, 0.260057, 0.931626), (-0.6, 0.222836, 0.916209), (-0.6, 0.190874, 0.891683), (-0.6, 0.339943, 0.931626), (-0.6, 0.377164, 0.916209), (-0.6, 0.409126, 0.891683), (-0.6, 0.0536889, 0.848556), (-0.6, 0.166348, 0.859721), (-0.6, 0.150931, 0.8225), (-0.6, 0.045, 0.782557), (-0.6, 0.145672, 0.782557), (-0.6, 0.546311, 0.848556), (-0.6, 0.433652, 0.859721), (-0.6, 0.449069, 0.8225), (-0.6, 0.150931, 0.742614), (-0.6, 0.166348, 0.705393), (-0.6, 0.555, 0.782557), (-0.6, 0.454328, 0.782557), (-0.6, 0.449069, 0.742614), (-0.6, 0.433652, 0.705393), (-0.6, 0.190874, 0.673431), (-0.6, 0.222836, 0.648905), (-0.6, 0.409126, 0.673431), (-0.6, 0.377164, 0.648905), (-0.6, 0.260057, 0.633488), (-0.6, 0.339943, 0.633488), (-0.6, 0.3, 0.628229), (-0.6, 0.365999, 0.536246), (-0.4, 0.15, 1.04236), (-0.4, 0.222354, 1.07234), (-0.3, 0.0536889, 0.848556), (-0.3, 0.045, 0.782557), (-0.4, 0, 0.782557), (-0.5, 0.512132, 0.994689), (-0.4, 0.087868, 0.570425), (-0.4, 0.15, 0.522749), (-0.5, 0, 0.782557), (-0.4, 0.0102223, 0.704912), (-0.4, 0.0401924, 0.632557), (-0.4, 0.45, 1.04236), (-0.4, 0.512132, 0.994689), (-0.3, 0.3, 1.03756), (-0.3, 0.234001, 1.02887), (-0.3, 0.365999, 1.02887), (-0.3, 0.1725, 1.00339), (-0.3, 0.4275, 1.00339), (-0.3, 0.480312, 0.962869), (-0.3, 0.119688, 0.962869), (-0.3, 0.520837, 0.910057), (-0.3, 0.0791635, 0.910057), (-0.3, 0.546311, 0.848556), (-0.3, 0.555, 0.782557), (-0.3, 0.546311, 0.716558), (-0.3, 0.0536889, 0.716558), (-0.3, 0.520837, 0.655057), (-0.3, 0.0791635, 0.655057), (-0.3, 0.480312, 0.602245), (-0.3, 0.119688, 0.602245), (-0.3, 0.4275, 0.561721), (-0.3, 0.1725, 0.561721), (-0.3, 0.365999, 0.536246), (-0.3, 0.234001, 0.536246), (-0.3, 0.3, 0.527557), (-0.4, 0.377646, 1.07234), (-0.4, 0.087868, 0.994689), (-0.4, 0.3, 1.08256), (-0.55, 0.3, 0.88113), (-0.55, 0.325513, 0.877771), (-0.55, 0.274487, 0.877771), (-0.55, 0.250714, 0.867924), (-0.55, 0.349286, 0.867924), (-0.55, 0.230298, 0.852259), (-0.55, 0.369702, 0.852259), (-0.55, 0.214633, 0.831844), (-0.55, 0.385367, 0.831844), (-0.55, 0.204786, 0.80807), (-0.55, 0.395214, 0.80807), (-0.55, 0.201427, 0.782557), (-0.55, 0.204786, 0.757045), (-0.55, 0.398573, 0.782557), (-0.55, 0.395214, 0.757045), (-0.55, 0.214633, 0.733271), (-0.55, 0.385367, 0.733271), (-0.55, 0.230298, 0.712856), (-0.55, 0.369702, 0.712856), (-0.55, 0.250714, 0.697191), (-0.55, 0.349286, 0.697191), (-0.55, 0.274487, 0.687343), (-0.55, 0.325513, 0.687343), (-0.55, 0.3, 0.683984), (-0.6, 0.194592, 0.754313), (-0.55, 0.204786, 0.757045), (-0.6, 0.205494, 0.727994), (-0.55, 0.214633, 0.733271), (-0.6, 0.222836, 0.705393), (-0.55, 0.230298, 0.712856), (-0.6, 0.394506, 0.83712), (-0.6, 0.405408, 0.810801), (-0.55, 0.385367, 0.831844), (-0.55, 0.395214, 0.80807), (-0.6, 0.405408, 0.754313), (-0.55, 0.395214, 0.757045), (-0.6, 0.409126, 0.782557), (-0.55, 0.398573, 0.782557), (-0.6, 0.245437, 0.877063), (-0.6, 0.271756, 0.887965), (-0.55, 0.250714, 0.867924), (-0.55, 0.274487, 0.877771), (-0.6, 0.245437, 0.688051), (-0.55, 0.250714, 0.697191), (-0.55, 0.349286, 0.867924), (-0.6, 0.354563, 0.877063), (-0.55, 0.369702, 0.852259), (-0.6, 0.377164, 0.859721), (-0.6, 0.271756, 0.677149), (-0.55, 0.274487, 0.687343), (-0.6, 0.3, 0.673431), (-0.55, 0.3, 0.683984), (-0.6, 0.194592, 0.810801), (-0.6, 0.205494, 0.83712), (-0.55, 0.204786, 0.80807), (-0.55, 0.214633, 0.831844), (-0.55, 0.325512, 0.687343), (-0.6, 0.328244, 0.677149), (-0.55, 0.349286, 0.697191), (-0.6, 0.354563, 0.688051), (-0.55, 0.369702, 0.712856), (-0.6, 0.377164, 0.705393), (-0.6, 0.3, 0.891683), (-0.6, 0.328244, 0.887965), (-0.55, 0.3, 0.88113), (-0.55, 0.325512, 0.877771), (-0.6, 0.190874, 0.782557), (-0.55, 0.201427, 0.782557), (-0.6, 0.222836, 0.859721), (-0.55, 0.230298, 0.852259), (-0.6, 0.3, 0.936885), (-0.6, 0.339943, 0.931626), (-0.6, 0.260057, 0.931626), (-0.6, 0.222836, 0.916209), (-0.6, 0.377164, 0.916209), (-0.6, 0.190874, 0.891683), (-0.6, 0.409126, 0.891683), (-0.6, 0.166348, 0.859721), (-0.6, 0.433652, 0.859721), (-0.6, 0.150931, 0.8225), (-0.6, 0.145672, 0.782557), (-0.6, 0.449069, 0.8225), (-0.6, 0.454328, 0.782557), (-0.6, 0.150931, 0.742614), (-0.6, 0.449069, 0.742614), (-0.6, 0.394506, 0.727994), (-0.6, 0.166348, 0.705393), (-0.6, 0.433652, 0.705393), (-0.6, 0.190874, 0.673431), (-0.6, 0.409126, 0.673431), (-0.6, 0.222836, 0.648905), (-0.6, 0.377164, 0.648905), (-0.6, 0.260057, 0.633488), (-0.6, 0.339943, 0.633488), (-0.6, 0.3, 0.628229), (-0.55, 0.385367, 0.733271), (-0.6, 0.312006, -0.68225), (-0.6, 0.323194, -0.677616), (-0.55, 0.315592, -0.695635), (-0.55, 0.330122, -0.689616), (-0.55, 0.239756, -0.637443), (-0.6, 0.253612, -0.637443), (-0.55, 0.241808, -0.653035), (-0.6, 0.255192, -0.649449), (-0.55, 0.284408, -0.579251), (-0.55, 0.3, -0.577198), (-0.6, 0.287994, -0.592635), (-0.6, 0.3, -0.591055), (-0.6, 0.312006, -0.592635), (-0.6, 0.276806, -0.597269), (-0.6, 0.323194, -0.597269), (-0.6, 0.267199, -0.604641), (-0.6, 0.332801, -0.604641), (-0.6, 0.259827, -0.614249), (-0.6, 0.340173, -0.614249), (-0.6, 0.344808, -0.625437), (-0.6, 0.255192, -0.625437), (-0.6, 0.346388, -0.637443), (-0.6, 0.344808, -0.649449), (-0.6, 0.259827, -0.660637), (-0.6, 0.340173, -0.660637), (-0.6, 0.267199, -0.670244), (-0.6, 0.332801, -0.670244), (-0.6, 0.276806, -0.677616), (-0.6, 0.287994, -0.68225), (-0.6, 0.3, -0.683831), (-0.55, 0.247827, -0.607321), (-0.55, 0.241808, -0.62185), (-0.55, 0.360245, -0.637443), (-0.55, 0.358192, -0.653035), (-0.55, 0.315592, -0.579251), (-0.55, 0.330122, -0.58527), (-0.55, 0.284408, -0.695635), (-0.55, 0.3, -0.697687), (-0.55, 0.269878, -0.689616), (-0.55, 0.352173, -0.667565), (-0.55, 0.342599, -0.680042), (-0.55, 0.257401, -0.680042), (-0.55, 0.358192, -0.62185), (-0.55, 0.352173, -0.607321), (-0.55, 0.247827, -0.667565), (-0.55, 0.257401, -0.594844), (-0.55, 0.269878, -0.58527), (-0.55, 0.342599, -0.594844), (-0.5, 0.087868, -0.849575), (-0.6, 0.119688, -0.817755), (-0.5, 0.15, -0.89725), (-0.6, 0.1725, -0.858279), (-0.6, 0.365999, -0.391132), (-0.5, 0.377646, -0.347665), (-0.6, 0.4275, -0.416606), (-0.5, 0.45, -0.377635), (-0.4, 0.6, -0.637443), (-0.4, 0.589778, -0.715089), (-0.5, 0.6, -0.637443), (-0.5, 0.589778, -0.715089), (-0.6, 0.4275, -0.858279), (-0.6, 0.480312, -0.817755), (-0.5, 0.45, -0.89725), (-0.5, 0.512132, -0.849575), (-0.4, 0.377646, -0.927221), (-0.5, 0.377646, -0.927221), (-0.4, 0.45, -0.89725), (-0.5, 0.559808, -0.787443), (-0.6, 0.546311, -0.703442), (-0.6, 0.520837, -0.764943), (-0.5, 0.0102223, -0.715089), (-0.6, 0.0536889, -0.703442), (-0.5, 0.0401924, -0.787443), (-0.6, 0.0791635, -0.764943), (-0.4, 0.512132, -0.849575), (-0.5, 0.222354, -0.927221), (-0.6, 0.234001, -0.883754), (-0.5, 0.3, -0.937443), (-0.6, 0.3, -0.892443), (-0.4, 0.559808, -0.787443), (-0.6, 0.3, -0.382443), (-0.5, 0.3, -0.337443), (-0.4, 0.559808, -0.487443), (-0.4, 0.589778, -0.559797), (-0.5, 0.559808, -0.487443), (-0.5, 0.589778, -0.559797), (-0.4, 0.222354, -0.927221), (-0.4, 0.3, -0.937443), (-0.4, 0.0401924, -0.487443), (-0.5, 0.0401924, -0.487443), (-0.4, 0.0102223, -0.559797), (-0.5, 0.0102223, -0.559797), (-0.5, 0.087868, -0.425311), (-0.5, 0.15, -0.377635), (-0.6, 0.119688, -0.457131), (-0.6, 0.1725, -0.416606), (-0.5, 0.222354, -0.347665), (-0.6, 0.234001, -0.391132), (-0.6, 0.480312, -0.457131), (-0.6, 0.0791635, -0.509943), (-0.6, 0.3, -0.483115), (-0.6, 0.520837, -0.509943), (-0.6, 0.260057, -0.488374), (-0.6, 0.222836, -0.503791), (-0.6, 0.190874, -0.528317), (-0.6, 0.339943, -0.488374), (-0.6, 0.377164, -0.503791), (-0.6, 0.409126, -0.528317), (-0.6, 0.0536889, -0.571444), (-0.6, 0.166348, -0.560279), (-0.6, 0.150931, -0.5975), (-0.6, 0.045, -0.637443), (-0.6, 0.145672, -0.637443), (-0.6, 0.546311, -0.571444), (-0.6, 0.433652, -0.560279), (-0.6, 0.449069, -0.5975), (-0.6, 0.150931, -0.677386), (-0.6, 0.166348, -0.714607), (-0.6, 0.555, -0.637443), (-0.6, 0.454328, -0.637443), (-0.6, 0.449069, -0.677386), (-0.6, 0.433652, -0.714607), (-0.6, 0.190874, -0.746569), (-0.6, 0.222836, -0.771095), (-0.6, 0.409126, -0.746569), (-0.6, 0.377164, -0.771095), (-0.6, 0.260057, -0.786512), (-0.6, 0.339943, -0.786512), (-0.6, 0.3, -0.791771), (-0.6, 0.365999, -0.883754), (-0.4, 0.15, -0.377635), (-0.4, 0.222354, -0.347665), (-0.3, 0.0536889, -0.571444), (-0.3, 0.045, -0.637443), (-0.4, 0, -0.637443), (-0.5, 0.512132, -0.425311), (-0.4, 0.087868, -0.849575), (-0.4, 0.15, -0.89725), (-0.5, 0, -0.637443), (-0.4, 0.0102223, -0.715089), (-0.4, 0.0401924, -0.787443), (-0.4, 0.45, -0.377635), (-0.4, 0.512132, -0.425311), (-0.3, 0.3, -0.382443), (-0.3, 0.234001, -0.391132), (-0.3, 0.365999, -0.391132), (-0.3, 0.1725, -0.416606), (-0.3, 0.4275, -0.416606), (-0.3, 0.480312, -0.457131), (-0.3, 0.119688, -0.457131), (-0.3, 0.520837, -0.509943), (-0.3, 0.0791635, -0.509943), (-0.3, 0.546311, -0.571444), (-0.3, 0.555, -0.637443), (-0.3, 0.546311, -0.703442), (-0.3, 0.0536889, -0.703442), (-0.3, 0.520837, -0.764943), (-0.3, 0.0791635, -0.764943), (-0.3, 0.480312, -0.817755), (-0.3, 0.119688, -0.817755), (-0.3, 0.4275, -0.858279), (-0.3, 0.1725, -0.858279), (-0.3, 0.365999, -0.883754), (-0.3, 0.234001, -0.883754), (-0.3, 0.3, -0.892443), (-0.4, 0.377646, -0.347665), (-0.4, 0.087868, -0.425311), (-0.4, 0.3, -0.337443), (-0.55, 0.3, -0.53887), (-0.55, 0.325513, -0.542229), (-0.55, 0.274487, -0.542229), (-0.55, 0.250714, -0.552076), (-0.55, 0.349286, -0.552076), (-0.55, 0.230298, -0.567741), (-0.55, 0.369702, -0.567741), (-0.55, 0.214633, -0.588156), (-0.55, 0.385367, -0.588156), (-0.55, 0.204786, -0.61193), (-0.55, 0.395214, -0.61193), (-0.55, 0.201427, -0.637443), (-0.55, 0.204786, -0.662955), (-0.55, 0.398573, -0.637443), (-0.55, 0.395214, -0.662955), (-0.55, 0.214633, -0.686729), (-0.55, 0.385367, -0.686729), (-0.55, 0.230298, -0.707144), (-0.55, 0.369702, -0.707144), (-0.55, 0.250714, -0.722809), (-0.55, 0.349286, -0.722809), (-0.55, 0.274487, -0.732657), (-0.55, 0.325513, -0.732657), (-0.55, 0.3, -0.736016), (-0.6, 0.194592, -0.665687), (-0.55, 0.204786, -0.662955), (-0.6, 0.205494, -0.692006), (-0.55, 0.214633, -0.686729), (-0.6, 0.222836, -0.714607), (-0.55, 0.230298, -0.707144), (-0.6, 0.394506, -0.58288), (-0.6, 0.405408, -0.609199), (-0.55, 0.385367, -0.588156), (-0.55, 0.395214, -0.61193), (-0.6, 0.405408, -0.665687), (-0.55, 0.395214, -0.662955), (-0.6, 0.409126, -0.637443), (-0.55, 0.398573, -0.637443), (-0.6, 0.245437, -0.542937), (-0.6, 0.271756, -0.532035), (-0.55, 0.250714, -0.552076), (-0.55, 0.274487, -0.542229), (-0.6, 0.245437, -0.731949), (-0.55, 0.250714, -0.722809), (-0.55, 0.349286, -0.552076), (-0.6, 0.354563, -0.542937), (-0.55, 0.369702, -0.567741), (-0.6, 0.377164, -0.560279), (-0.6, 0.271756, -0.742851), (-0.55, 0.274487, -0.732657), (-0.6, 0.3, -0.746569), (-0.55, 0.3, -0.736016), (-0.6, 0.194592, -0.609199), (-0.6, 0.205494, -0.58288), (-0.55, 0.204786, -0.61193), (-0.55, 0.214633, -0.588156), (-0.55, 0.325512, -0.732657), (-0.6, 0.328244, -0.742851), (-0.55, 0.349286, -0.722809), (-0.6, 0.354563, -0.731949), (-0.55, 0.369702, -0.707144), (-0.6, 0.377164, -0.714607), (-0.6, 0.3, -0.528317), (-0.6, 0.328244, -0.532035), (-0.55, 0.3, -0.53887), (-0.55, 0.325512, -0.542229), (-0.6, 0.190874, -0.637443), (-0.55, 0.201427, -0.637443), (-0.6, 0.222836, -0.560279), (-0.55, 0.230298, -0.567741), (-0.6, 0.3, -0.483115), (-0.6, 0.339943, -0.488374), (-0.6, 0.260057, -0.488374), (-0.6, 0.222836, -0.503791), (-0.6, 0.377164, -0.503791), (-0.6, 0.190874, -0.528317), (-0.6, 0.409126, -0.528317), (-0.6, 0.166348, -0.560279), (-0.6, 0.433652, -0.560279), (-0.6, 0.150931, -0.5975), (-0.6, 0.145672, -0.637443), (-0.6, 0.449069, -0.5975), (-0.6, 0.454328, -0.637443), (-0.6, 0.150931, -0.677386), (-0.6, 0.449069, -0.677386), (-0.6, 0.394506, -0.692006), (-0.6, 0.166348, -0.714607), (-0.6, 0.433652, -0.714607), (-0.6, 0.190874, -0.746569), (-0.6, 0.409126, -0.746569), (-0.6, 0.222836, -0.771095), (-0.6, 0.377164, -0.771095), (-0.6, 0.260057, -0.786512), (-0.6, 0.339943, -0.786512), (-0.6, 0.3, -0.791771), (-0.55, 0.385367, -0.686729), (0.6, 0.312006, -0.592635), (0.6, 0.323194, -0.597269), (0.55, 0.315592, -0.579251), (0.55, 0.330122, -0.58527), (0.55, 0.239756, -0.637443), (0.6, 0.253612, -0.637443), (0.55, 0.241808, -0.62185), (0.6, 0.255192, -0.625437), (0.55, 0.284408, -0.695635), (0.55, 0.3, -0.697687), (0.6, 0.287994, -0.68225), (0.6, 0.3, -0.683831), (0.6, 0.312006, -0.68225), (0.6, 0.276806, -0.677616), (0.6, 0.323194, -0.677616), (0.6, 0.267199, -0.670244), (0.6, 0.332801, -0.670244), (0.6, 0.259827, -0.660637), (0.6, 0.340173, -0.660637), (0.6, 0.344808, -0.649449), (0.6, 0.255192, -0.649449), (0.6, 0.346388, -0.637443), (0.6, 0.344808, -0.625437), (0.6, 0.259827, -0.614249), (0.6, 0.340173, -0.614249), (0.6, 0.267199, -0.604641), (0.6, 0.332801, -0.604641), (0.6, 0.276806, -0.597269), (0.6, 0.287994, -0.592635), (0.6, 0.3, -0.591055), (0.55, 0.247827, -0.667565), (0.55, 0.241808, -0.653035), (0.55, 0.360245, -0.637443), (0.55, 0.358192, -0.62185), (0.55, 0.315592, -0.695635), (0.55, 0.330122, -0.689616), (0.55, 0.284408, -0.579251), (0.55, 0.3, -0.577198), (0.55, 0.269878, -0.58527), (0.55, 0.352173, -0.607321), (0.55, 0.342599, -0.594844), (0.55, 0.257401, -0.594844), (0.55, 0.358192, -0.653035), (0.55, 0.352173, -0.667565), (0.55, 0.247827, -0.607321), (0.55, 0.257401, -0.680042), (0.55, 0.269878, -0.689616), (0.55, 0.342599, -0.680042), (0.5, 0.087868, -0.425311), (0.6, 0.119688, -0.457131), (0.5, 0.15, -0.377635), (0.6, 0.1725, -0.416606), (0.6, 0.365999, -0.883754), (0.5, 0.377646, -0.927221), (0.6, 0.4275, -0.858279), (0.5, 0.45, -0.89725), (0.4, 0.6, -0.637443), (0.4, 0.589778, -0.559797), (0.5, 0.6, -0.637443), (0.5, 0.589778, -0.559797), (0.6, 0.4275, -0.416606), (0.6, 0.480312, -0.457131), (0.5, 0.45, -0.377635), (0.5, 0.512132, -0.425311), (0.4, 0.377646, -0.347665), (0.5, 0.377646, -0.347665), (0.4, 0.45, -0.377635), (0.5, 0.559808, -0.487443), (0.6, 0.546311, -0.571444), (0.6, 0.520837, -0.509943), (0.5, 0.0102223, -0.559797), (0.6, 0.0536889, -0.571444), (0.5, 0.0401924, -0.487443), (0.6, 0.0791635, -0.509943), (0.4, 0.512132, -0.425311), (0.5, 0.222354, -0.347665), (0.6, 0.234001, -0.391132), (0.5, 0.3, -0.337443), (0.6, 0.3, -0.382443), (0.4, 0.559808, -0.487443), (0.6, 0.3, -0.892443), (0.5, 0.3, -0.937443), (0.4, 0.559808, -0.787443), (0.4, 0.589778, -0.715089), (0.5, 0.559808, -0.787443), (0.5, 0.589778, -0.715089), (0.4, 0.222354, -0.347665), (0.4, 0.3, -0.337443), (0.4, 0.0401924, -0.787443), (0.5, 0.0401924, -0.787443), (0.4, 0.0102223, -0.715089), (0.5, 0.0102223, -0.715089), (0.5, 0.087868, -0.849575), (0.5, 0.15, -0.89725), (0.6, 0.119688, -0.817755), (0.6, 0.1725, -0.858279), (0.5, 0.222354, -0.927221), (0.6, 0.234001, -0.883754), (0.6, 0.480312, -0.817755), (0.6, 0.0791635, -0.764943), (0.6, 0.3, -0.791771), (0.6, 0.520837, -0.764943), (0.6, 0.260057, -0.786512), (0.6, 0.222836, -0.771095), (0.6, 0.190874, -0.746569), (0.6, 0.339943, -0.786512), (0.6, 0.377164, -0.771095), (0.6, 0.409126, -0.746569), (0.6, 0.0536889, -0.703442), (0.6, 0.166348, -0.714607), (0.6, 0.150931, -0.677386), (0.6, 0.045, -0.637443), (0.6, 0.145672, -0.637443), (0.6, 0.546311, -0.703442), (0.6, 0.433652, -0.714607), (0.6, 0.449069, -0.677386), (0.6, 0.150931, -0.5975), (0.6, 0.166348, -0.560279), (0.6, 0.555, -0.637443), (0.6, 0.454328, -0.637443), (0.6, 0.449069, -0.5975), (0.6, 0.433652, -0.560279), (0.6, 0.190874, -0.528317), (0.6, 0.222836, -0.503791), (0.6, 0.409126, -0.528317), (0.6, 0.377164, -0.503791), (0.6, 0.260057, -0.488374), (0.6, 0.339943, -0.488374), (0.6, 0.3, -0.483115), (0.6, 0.365999, -0.391132), (0.4, 0.15, -0.89725), (0.4, 0.222354, -0.927221), (0.3, 0.0536889, -0.703442), (0.3, 0.045, -0.637443), (0.4, 0, -0.637443), (0.5, 0.512132, -0.849575), (0.4, 0.087868, -0.425311), (0.4, 0.15, -0.377635), (0.5, 0, -0.637443), (0.4, 0.0102223, -0.559797), (0.4, 0.0401924, -0.487443), (0.4, 0.45, -0.89725), (0.4, 0.512132, -0.849575), (0.3, 0.3, -0.892443), (0.3, 0.234001, -0.883754), (0.3, 0.365999, -0.883754), (0.3, 0.1725, -0.858279), (0.3, 0.4275, -0.858279), (0.3, 0.480312, -0.817755), (0.3, 0.119688, -0.817755), (0.3, 0.520837, -0.764943), (0.3, 0.0791635, -0.764943), (0.3, 0.546311, -0.703442), (0.3, 0.555, -0.637443), (0.3, 0.546311, -0.571444), (0.3, 0.0536889, -0.571444), (0.3, 0.520837, -0.509943), (0.3, 0.0791635, -0.509943), (0.3, 0.480312, -0.457131), (0.3, 0.119688, -0.457131), (0.3, 0.4275, -0.416606), (0.3, 0.1725, -0.416606), (0.3, 0.365999, -0.391132), (0.3, 0.234001, -0.391132), (0.3, 0.3, -0.382443), (0.4, 0.377646, -0.927221), (0.4, 0.087868, -0.849575), (0.4, 0.3, -0.937443), (0.55, 0.3, -0.736016), (0.55, 0.325513, -0.732657), (0.55, 0.274487, -0.732657), (0.55, 0.250714, -0.722809), (0.55, 0.349286, -0.722809), (0.55, 0.230298, -0.707144), (0.55, 0.369702, -0.707144), (0.55, 0.214633, -0.686729), (0.55, 0.385367, -0.686729), (0.55, 0.204786, -0.662955), (0.55, 0.395214, -0.662955), (0.55, 0.201427, -0.637443), (0.55, 0.204786, -0.61193), (0.55, 0.398573, -0.637443), (0.55, 0.395214, -0.61193), (0.55, 0.214633, -0.588156), (0.55, 0.385367, -0.588156), (0.55, 0.230298, -0.567741), (0.55, 0.369702, -0.567741), (0.55, 0.250714, -0.552076), (0.55, 0.349286, -0.552076), (0.55, 0.274487, -0.542229), (0.55, 0.325513, -0.542229), (0.55, 0.3, -0.53887), (0.6, 0.194592, -0.609199), (0.55, 0.204786, -0.61193), (0.6, 0.205494, -0.58288), (0.55, 0.214633, -0.588156), (0.6, 0.222836, -0.560279), (0.55, 0.230298, -0.567741), (0.6, 0.394506, -0.692006), (0.6, 0.405408, -0.665687), (0.55, 0.385367, -0.686729), (0.55, 0.395214, -0.662955), (0.6, 0.405408, -0.609199), (0.55, 0.395214, -0.61193), (0.6, 0.409126, -0.637443), (0.55, 0.398573, -0.637443), (0.6, 0.245437, -0.731949), (0.6, 0.271756, -0.742851), (0.55, 0.250714, -0.722809), (0.55, 0.274487, -0.732657), (0.6, 0.245437, -0.542937), (0.55, 0.250714, -0.552076), (0.55, 0.349286, -0.722809), (0.6, 0.354563, -0.731949), (0.55, 0.369702, -0.707144), (0.6, 0.377164, -0.714607), (0.6, 0.271756, -0.532035), (0.55, 0.274487, -0.542229), (0.6, 0.3, -0.528317), (0.55, 0.3, -0.53887), (0.6, 0.194592, -0.665687), (0.6, 0.205494, -0.692006), (0.55, 0.204786, -0.662955), (0.55, 0.214633, -0.686729), (0.55, 0.325512, -0.542229), (0.6, 0.328244, -0.532035), (0.55, 0.349286, -0.552076), (0.6, 0.354563, -0.542937), (0.55, 0.369702, -0.567741), (0.6, 0.377164, -0.560279), (0.6, 0.3, -0.746569), (0.6, 0.328244, -0.742851), (0.55, 0.3, -0.736016), (0.55, 0.325512, -0.732657), (0.6, 0.190874, -0.637443), (0.55, 0.201427, -0.637443), (0.6, 0.222836, -0.714607), (0.55, 0.230298, -0.707144), (0.6, 0.3, -0.791771), (0.6, 0.339943, -0.786512), (0.6, 0.260057, -0.786512), (0.6, 0.222836, -0.771095), (0.6, 0.377164, -0.771095), (0.6, 0.190874, -0.746569), (0.6, 0.409126, -0.746569), (0.6, 0.166348, -0.714607), (0.6, 0.433652, -0.714607), (0.6, 0.150931, -0.677386), (0.6, 0.145672, -0.637443), (0.6, 0.449069, -0.677386), (0.6, 0.454328, -0.637443), (0.6, 0.150931, -0.5975), (0.6, 0.449069, -0.5975), (0.6, 0.394506, -0.58288), (0.6, 0.166348, -0.560279), (0.6, 0.433652, -0.560279), (0.6, 0.190874, -0.528317), (0.6, 0.409126, -0.528317), (0.6, 0.222836, -0.503791), (0.6, 0.377164, -0.503791), (0.6, 0.260057, -0.488374), (0.6, 0.339943, -0.488374), (0.6, 0.3, -0.483115), (0.55, 0.385367, -0.588156), (-0.65, 0.4, -1.00939), (-0.516667, 0.4, -1.00939), (-0.65, 0.400939, -1.00927), (-0.51698, 0.400939, -1.00927), (-0.65, 0.2, -1.22256), (-0.65, 0.4, -1.22256), (-0.65, 0.2, -0.932557), (-0.65, 0.495, -0.970307), (-0.65, 0.3, -0.932557), (-0.65, 0.575772, -0.908329), (-0.65, 0.377646, -0.922335), (-0.65, 0.45, -0.892365), (-0.65, 0.63775, -0.827557), (-0.65, 0.512132, -0.844689), (-0.65, 0.559808, -0.782557), (-0.65, 0.676711, -0.733497), (-0.65, 0.589778, -0.710203), (-0.65, 0.69, -0.632557), (-0.65, 0.6, -0.632557), (-0.65, 0.589778, -0.554911), (-0.65, 0.676711, -0.531618), (-0.65, 0.559808, -0.482557), (-0.65, 0.63775, -0.437557), (-0.65, 0.512132, -0.420425), (-0.65, 0.575772, -0.356785), (-0.65, 0.45, -0.37275), (-0.65, 0.377646, -0.342779), (-0.65, 0.495, -0.294807), (-0.65, 0.3, -0.332557), (-0.65, 0.2, -0.332557), (-0.65, 0.3, -0.242557), (-0.65, 0.400939, -0.255846), (-0.65, 0.2, 0.482557), (-0.65, 0.3, 0.392557), (-0.65, 0.400939, 0.405846), (-0.65, 0.495, 0.444807), (-0.65, 0.3, 0.482557), (-0.65, 0.575772, 0.506785), (-0.65, 0.377646, 0.492779), (-0.65, 0.45, 0.522749), (-0.65, 0.63775, 0.587557), (-0.65, 0.512132, 0.570425), (-0.65, 0.559808, 0.632557), (-0.65, 0.676711, 0.681618), (-0.65, 0.589778, 0.704911), (-0.65, 0.69, 0.782557), (-0.65, 0.6, 0.782557), (-0.65, 0.589778, 0.860203), (-0.65, 0.676711, 0.883497), (-0.65, 0.559808, 0.932557), (-0.65, 0.63775, 0.977557), (-0.65, 0.512132, 0.994689), (-0.65, 0.575772, 1.05833), (-0.65, 0.45, 1.04236), (-0.65, 0.377646, 1.07234), (-0.65, 0.495, 1.12031), (-0.65, 0.3, 1.08256), (-0.65, 0.2, 1.08256), (-0.65, 0.2, 1.22256), (-0.65, 0.4, 1.15939), (-0.65, 0.400939, 1.15927), (-0.65, 0.4, 1.22256), (0.65, 0.400939, 1.15927), (0.65, 0.495, 1.12031), (0.65, 0.4, 1.15939), (0.65, 0.2, 1.22256), (0.65, 0.4, 1.22256), (0.65, 0.2, 1.08256), (0.65, 0.3, 1.08256), (0.65, 0.377646, 1.07234), (0.65, 0.575772, 1.05833), (0.65, 0.45, 1.04236), (0.65, 0.512132, 0.994689), (0.65, 0.63775, 0.977557), (0.65, 0.559808, 0.932557), (0.65, 0.676711, 0.883497), (0.65, 0.589778, 0.860203), (0.65, 0.6, 0.782557), (0.65, 0.69, 0.782557), (0.65, 0.589778, 0.704911), (0.65, 0.676711, 0.681618), (0.65, 0.559808, 0.632557), (0.65, 0.63775, 0.587557), (0.65, 0.512132, 0.570425), (0.65, 0.45, 0.522749), (0.65, 0.575772, 0.506785), (0.65, 0.377646, 0.492779), (0.65, 0.3, 0.482557), (0.65, 0.495, 0.444807), (0.65, 0.2, 0.482557), (0.65, 0.400939, 0.405846), (0.65, 0.3, 0.392557), (0.65, 0.3, -0.242557), (0.65, 0.2, -0.332557), (0.65, 0.495, -0.294807), (0.65, 0.400939, -0.255846), (0.65, 0.3, -0.332557), (0.65, 0.377646, -0.342779), (0.65, 0.575772, -0.356785), (0.65, 0.45, -0.37275), (0.65, 0.512132, -0.420425), (0.65, 0.63775, -0.437557), (0.65, 0.559808, -0.482557), (0.65, 0.676711, -0.531618), (0.65, 0.589778, -0.554911), (0.65, 0.6, -0.632557), (0.65, 0.69, -0.632557), (0.65, 0.589778, -0.710203), (0.65, 0.676711, -0.733497), (0.65, 0.559808, -0.782557), (0.65, 0.63775, -0.827557), (0.65, 0.512132, -0.844689), (0.65, 0.45, -0.892365), (0.65, 0.575772, -0.908329), (0.65, 0.377646, -0.922335), (0.65, 0.3, -0.932557), (0.65, 0.495, -0.970307), (0.65, 0.2, -0.932557), (0.65, 0.400939, -1.00927), (0.65, 0.4, -1.00939), (0.65, 0.2, -1.22256), (0.65, 0.4, -1.22256), (0.55, 0.5, 1.11647), (0.548333, 0.495, 1.12031), (0.55, 0.5, 1.17256), (0.51698, 0.400939, 1.15927), (0.516667, 0.4, 1.15939), (0.516667, 0.4, 1.23922), (0.55, 0.5, 1.27256), (0.55, 0.5, -1.32256), (0.516667, 0.4, -1.25589), (0.55, 0.5, -1.12256), (0.516667, 0.4, -1.00939), (0.51698, 0.400939, -1.00927), (0.548333, 0.495, -0.970307), (0.55, 0.5, -0.966471), (-0.55, 0.63775, 0.977557), (-0.55, 0.575772, 1.05833), (-0.55, 0.676711, -0.531618), (-0.55, 0.63775, -0.437557), (0.55, 0.63775, 0.587557), (0.55, 0.676711, 0.681618), (0.55, 0.676711, -0.531618), (0.55, 0.63775, -0.437557), (0.55, 0.575772, -0.908329), (0.55, 0.63775, -0.827557), (0.51698, 0.400939, 0.405846), (0.548333, 0.495, 0.444807), (0.548333, 0.495, -0.294807), (0.55, 0.5, -0.298644), (0.55, 0.575772, -0.356785), (-0.55, 0.575772, -0.356785), (0.55, 0.575772, 0.506785), (0.55, 0.69, 0.782557), (0.55, 0.676711, 0.883497), (0.55, 0.63775, 0.977557), (0.55, 0.575772, 1.05833), (-0.55, 0.69, -0.632557), (0.55, 0.69, -0.632557), (-0.51698, 0.400939, 0.405846), (-0.548333, 0.495, 0.444807), (0.55, 0.676711, -0.733497), (-0.55, 0.5, -1.32256), (-0.55, 0.5, -1.12256), (-0.516667, 0.4, -1.25589), (-0.548333, 0.495, -0.970307), (-0.55, 0.5, -0.966471), (-0.51698, 0.400939, -0.255846), (-0.548333, 0.495, -0.294807), (-0.55, 0.5, -0.298644), (-0.55, 0.5, 0.448644), (-0.483333, 0.3, -0.242557), (-0.483333, 0.3, 0.392557), (0.55, 0.5, 0.448644), (0.51698, 0.400939, -0.255846), (0.483333, 0.3, -0.242557), (0.483333, 0.3, 0.392557), (-0.51698, 0.400939, 1.15927), (-0.548333, 0.495, 1.12031), (-0.55, 0.575772, 0.506785), (-0.55, 0.63775, 0.587557), (-0.55, 0.676711, -0.733497), (-0.55, 0.575772, -0.908329), (-0.55, 0.676711, 0.681618), (-0.55, 0.69, 0.782557), (-0.55, 0.676711, 0.883497), (-0.55, 0.5, 1.11647), (-0.55, 0.63775, -0.827557), (-0.516667, 0.4, 1.23922), (-0.55, 0.5, 1.27256), (0.309375, 0.5, 1.27256), (0.20625, 0.5, 1.27256), (-0.20625, 0.5, 1.27256), (-0.309375, 0.5, 1.27256), (-0.516667, 0.4, 1.15939), (-0.55, 0.5, 1.17256), (0.55, 0.2, 1.32256), (-0.55, 0.2, 1.32256), (0.55, 0.4, 1.32256), (-0.55, 0.4, 1.32256), (0.620711, 0.4, 1.29327), (0.620711, 0.2, 1.29327), (-0.620711, 0.2, 1.29327), (-0.620711, 0.4, 1.29327), (-0.620711, 0.2, -1.29327), (-0.620711, 0.4, -1.29327), (0.620711, 0.4, -1.29327), (0.620711, 0.2, -1.29327), (-0.55, 0.2, -1.32256), (-0.55, 0.4, -1.32256), (0.55, 0.4, -1.32256), (0.35, 0.2, -0.332557), (0.35, 0.2, 0.482557), (0.35, 0.2, -0.932557), (-0.35, 0.2, -0.932557), (-0.35, 0.2, -0.332557), (0.55, 0.2, -1.32256), (-0.35, 0.2, 1.08256), (-0.35, 0.2, 0.482557), (0.35, 0.2, 1.08256), (0.45, 0.61, -1.22256), (0.45, 0.61, -0.632557), (-0.45, 0.61, -1.22256), (0.45, 0.61, 0.0774428), (-0.45, 0.61, 0.0774428), (-0.45, 0.61, -0.632557), (-0.45, 0.6, 0.0774428), (0.45, 0.6, 0.0774428), (0.20625, 0.5, 1.27256), (-0.20625, 0.5, 1.27256), (0.20625, 0.6, 1.27256), (-0.20625, 0.6, 1.27256), (0.125, 0.15, 1.37256), (0.175, 0.2, 1.37256), (0.125, 0.15, 1.32256), (0.175, 0.2, 1.32256), (-0.125, 0.15, 1.37256), (-0.125, 0.15, 1.32256), (-0.175, 0.2, 1.37256), (-0.175, 0.2, 1.32256), (0.125, 0.325, 1.37256), (0.125, 0.325, 1.32256), (0.175, 0.275, 1.37256), (0.175, 0.275, 1.32256), (-0.175, 0.275, 1.32256), (-0.125, 0.325, 1.32256), (-0.125, 0.325, 1.37256), (-0.175, 0.275, 1.37256), (-0.125, 0.15, -1.37256), (-0.175, 0.2, -1.37256), (-0.125, 0.15, -1.32256), (-0.175, 0.2, -1.32256), (0.125, 0.15, -1.37256), (0.125, 0.15, -1.32256), (0.175, 0.2, -1.37256), (0.175, 0.2, -1.32256), (-0.125, 0.325, -1.37256), (-0.125, 0.325, -1.32256), (-0.175, 0.275, -1.37256), (-0.175, 0.275, -1.32256), (0.175, 0.275, -1.32256), (0.125, 0.325, -1.32256), (0.125, 0.325, -1.37256), (0.175, 0.275, -1.37256), (-0.45, 0.61, 0.0774427), (0.45, 0.61, 0.0774427), (-0.45, 0.8, 0.0774427), (0.45, 0.8, 0.0774427), (0.35, 0.45, -0.37275), (0.35, 0.512132, -0.420425), (0.35, 0.559808, -0.482557), (0.35, 0.589778, -0.554911), (0.35, 0.377646, -0.922335), (0.35, 0.45, -0.892365), (0.35, 0.559808, 0.932557), (0.35, 0.589778, 0.860203), (0.35, 0.45, 1.04236), (0.35, 0.512132, 0.994689), (-0.35, 0.3, -0.332557), (0.45, 0.6, -0.632557), (0.35, 0.589778, -0.710203), (0.35, 0.6, -0.632557), (0.35, 0.3, 0.482557), (0.35, 0.3, -0.932557), (0.35, 0.559808, 0.632557), (0.35, 0.512132, 0.570425), (0.35, 0.559808, -0.782557), (0.35, 0.512132, -0.844689), (0.35, 0.6, 0.782557), (0.35, 0.589778, 0.704911), (0.35, 0.377646, 0.492779), (0.35, 0.377646, -0.342779), (0.35, 0.3, -0.332557), (0.35, 0.45, 0.522749), (0.35, 0.3, 1.08256), (0.35, 0.377646, 1.07234), (-0.35, 0.3, 1.08256), (-0.35, 0.377646, 1.07234), (-0.35, 0.3, 0.482557), (-0.35, 0.6, 0.782557), (-0.35, 0.589778, 0.704911), (-0.35, 0.559808, 0.632557), (-0.35, 0.45, 1.04236), (-0.35, 0.512132, 0.994689), (-0.35, 0.377646, 0.492779), (-0.35, 0.45, 0.522749), (-0.35, 0.512132, 0.570425), (-0.35, 0.559808, 0.932557), (-0.35, 0.589778, 0.860203), (-0.35, 0.377646, -0.342779), (-0.35, 0.3, -0.932557), (-0.35, 0.6, -0.632557), (-0.35, 0.589778, -0.710203), (-0.45, 0.6, -0.632557), (-0.35, 0.559808, -0.782557), (-0.35, 0.45, -0.37275), (-0.35, 0.512132, -0.420425), (-0.35, 0.377646, -0.922335), (-0.35, 0.45, -0.892365), (-0.35, 0.512132, -0.844689), (-0.35, 0.559808, -0.482557), (-0.35, 0.589778, -0.554911), (0.55, 0.8, 0.972557), (0.448788, 0.8, 0.972557), (0.45, 1.3, 0.572557), (0.364405, 1.22191, 0.635027), (-0.364405, 1.22191, 0.635027), (-0.45, 1.3, 0.572557), (-0.55, 0.8, 0.972557), (-0.448788, 0.8, 0.972557), (0.45, 0.8, -1.22256), (-0.45, 0.8, -1.22256), (0.309375, 0.6, 1.27256), (0.20625, 0.6, 1.27256), (0.275, 0.7, -1.32256), (-0.275, 0.7, -1.32256), (0.275, 0.6, -1.32256), (-0.275, 0.6, -1.32256), (0.55, 0.6, -1.32256), (-0.55, 0.6, -1.32256), (-0.6, 0.7, -1.32256), (-0.6, 0.8, -1.32256), (-0.6, 0.7, 0.0774428), (-0.6, 0.8, 0.0774428), (-0.55, 0.7, -1.37256), (0.551736, 0.7, -1.37256), (-0.55, 0.8, -1.37256), (0.551736, 0.8, -1.37256), (-0.55, 0.7, 0.127443), (-0.55, 0.7, -1.22256), (-0.55, 0.7, -1.32256), (0.55, 0.7, -1.32256), (0.55, 0.7, 0.127443), (0.55, 0.7, -1.22256), (0.6, 0.7, -1.32429), (0.6, 0.7, 0.0774428), (0.55, 0.666667, 1.17256), (0.55, 0.6, 1.27256), (-0.20625, 0.6, 1.27256), (-0.309375, 0.6, 1.27256), (-0.55, 0.6, 1.27256), (-0.55, 0.666667, 1.17256), (-0.75, 0.7, 0.872557), (-0.75, 0.8, 0.872557), (-0.75, 0.7, 0.972557), (-0.75, 0.8, 0.972557), (-0.55, 0.8, 0.872557), (-0.55, 0.7, 0.972557), (-0.55, 0.7, 0.872557), (0.75, 0.8, 0.872557), (0.75, 0.7, 0.872557), (0.75, 0.8, 0.972557), (0.75, 0.7, 0.972557), (0.55, 0.7, 0.972557), (0.55, 0.7, 0.872557), (0.55, 0.8, 0.872557), (0.6, 0.8, -1.32429), (0.6, 0.8, 0.0774428), (0.55, 0.8, 0.127443), (0.55, 0.8, 0.0774428), (0.45, 0.8, 0.0774428), (-0.45, 0.8, 0.0774428), (-0.55, 0.8, 0.0774428), (-0.55, 0.8, 0.127443), (-0.55, 0.8, 0.282328), (-0.469612, 1.20194, 0.282328), (-0.45, 1.3, 0.0725572), (-0.469612, 1.20194, 0.523906), (-0.55, 0.8, 0.845459), (0.45, 1.3, 0.0725572), (0.55, 0.8, 0.845459), (0.469612, 1.20194, 0.523906), (0.469612, 1.20194, 0.282328), (0.55, 0.8, 0.282328), (-0.55, 0.6, -1.22256), (0.55, 0.6, -1.22256), (0.55, 0.5, 1.27256), (0.309375, 0.5, 1.27256), (0.55, 0.6, 1.27256), (0.309375, 0.6, 1.27256), (-0.309375, 0.5, 1.27256), (-0.55, 0.5, 1.27256), (-0.309375, 0.6, 1.27256), (-0.55, 0.6, 1.27256), (-0.55, 0.5, 1.17256), (-0.55, 0.666667, 1.17256), (0.55, 0.666667, 1.17256), (0.55, 0.5, 1.17256), (-0.55, 0.6, -1.32256), (-0.275, 0.6, -1.32256), (-0.55, 0.7, -1.32256), (-0.275, 0.7, -1.32256), (0.275, 0.6, -1.32256), (0.55, 0.6, -1.32256), (0.275, 0.7, -1.32256), (0.55, 0.7, -1.32256), (0.55, 0.7, -1.22256), (0.55, 0.6, -1.22256), (-0.55, 0.6, -1.22256), (-0.55, 0.7, -1.22256), (0.364405, 1.22191, 0.635027), (-0.364405, 1.22191, 0.635027), (0.469612, 1.20194, 0.282328), (0.55, 0.8, 0.282328), (-0.55, 0.8, 0.282328), (-0.469612, 1.20194, 0.282328)]
        normal3f[] normals = [(0.267059, 0.681425, 0.681425), (0.267059, 0.48184, 0.834571), (0.267059, 0.681425, 0.681425), (0.267059, 0.48184, 0.834571), (0.267059, 0.681425, 0.681425), (0.267059, 0.48184, 0.834571), (0.267059, 0.834571, -0.48184), (0.267059, 0.681425, -0.681425), (0.267059, 0.834571, -0.48184), (0.267059, 0.681425, -0.681425), (0.267059, 0.834571, -0.48184), (0.267059, 0.681425, -0.681425), (0.267059, -0.96368, 0), (0.267059, -0.96368, 0), (0.267059, -0.930844, -0.249419), (0.267059, -0.930844, -0.249419), (0.267059, -0.930844, -0.249419), (0.267059, -0.96368, 0), (0.267059, -0.249419, -0.930844), (0.267059, -0.48184, -0.834571), (0.267059, -0.249419, -0.930844), (0.267059, -0.48184, -0.834571), (0.267059, -0.249419, -0.930844), (0.267059, -0.48184, -0.834571), (0.267059, 0.834571, 0.48184), (0.267059, 0.930844, 0.249419), (0.267059, 0.834571, 0.48184), (0.267059, 0.930844, 0.249419), (0.267059, 0.834571, 0.48184), (0.267059, 0.930844, 0.249419), (0.267059, -0.834571, -0.48184), (0.267059, -0.834571, -0.48184), (0.267059, -0.681425, -0.681425), (0.267059, -0.681425, -0.681425), (0.267059, -0.681425, -0.681425), (0.267059, -0.834571, -0.48184), (0.267059, -0.681425, 0.681425), (0.267059, -0.681425, 0.681425), (0.267059, -0.834571, 0.48184), (0.267059, -0.834571, 0.48184), (0.267059, -0.834571, 0.48184), (0.267059, -0.681425, 0.681425), (0.267059, 0.681425, -0.681425), (0.267059, 0.681425, -0.681425), (0.267059, 0.48184, -0.834571), (0.267059, 0.48184, -0.834571), (0.267059, 0.48184, -0.834571), (0.267059, 0.681425, -0.681425), (0.267059, -0.48184, -0.834571), (0.267059, -0.681425, -0.681425), (0.267059, -0.48184, -0.834571), (0.267059, -0.681425, -0.681425), (0.267059, -0.48184, -0.834571), (0.267059, -0.681425, -0.681425), (0.267059, -0.834571, 0.48184), (0.267059, -0.834571, 0.48184), (0.267059, -0.930844, 0.249419), (0.267059, -0.930844, 0.249419), (0.267059, -0.930844, 0.249419), (0.267059, -0.834571, 0.48184), (0.267059, 0.930844, -0.249419), (0.267059, 0.834571, -0.48184), (0.267059, 0.930844, -0.249419), (0.267059, 0.834571, -0.48184), (0.267059, 0.930844, -0.249419), (0.267059, 0.834571, -0.48184), (0.267059, 0.96368, 0), (0.267059, 0.930844, -0.249419), (0.267059, 0.96368, 0), (0.267059, 0.930844, -0.249419), (0.267059, 0.96368, 0), (0.267059, 0.930844, -0.249419), (0.267059, -0.48184, 0.834571), (0.267059, -0.48184, 0.834571), (0.267059, -0.681425, 0.681425), (0.267059, -0.681425, 0.681425), (0.267059, -0.681425, 0.681425), (0.267059, -0.48184, 0.834571), (0.267059, 0.249419, 0.930844), (0.267059, 0, 0.96368), (0.267059, 0.249419, 0.930844), (0.267059, 0, 0.96368), (0.267059, 0.249419, 0.930844), (0.267059, 0, 0.96368), (0.267059, 0.681425, 0.681425), (0.267059, 0.834571, 0.48184), (0.267059, 0.681425, 0.681425), (0.267059, 0.834571, 0.48184), (0.267059, 0.681425, 0.681425), (0.267059, 0.834571, 0.48184), (0.267059, -0.249419, 0.930844), (0.267059, -0.249419, 0.930844), (0.267059, -0.48184, 0.834571), (0.267059, -0.48184, 0.834571), (0.267059, -0.48184, 0.834571), (0.267059, -0.249419, 0.930844), (0.267059, 0.249419, -0.930844), (0.267059, 0.249419, -0.930844), (0.267059, 0, -0.96368), (0.267059, 0, -0.96368), (0.267059, 0, -0.96368), (0.267059, 0.249419, -0.930844), (0.267059, 0, 0.96368), (0.267059, 0, 0.96368), (0.267059, -0.249419, 0.930844), (0.267059, -0.249419, 0.930844), (0.267059, -0.249419, 0.930844), (0.267059, 0, 0.96368), (0.267059, 0.48184, -0.834571), (0.267059, 0.48184, -0.834571), (0.267059, 0.249419, -0.930844), (0.267059, 0.249419, -0.930844), (0.267059, 0.249419, -0.930844), (0.267059, 0.48184, -0.834571), (0.267059, 0.930844, 0.249419), (0.267059, 0.96368, 0), (0.267059, 0.930844, 0.249419), (0.267059, 0.96368, 0), (0.267059, 0.930844, 0.249419), (0.267059, 0.96368, 0), (0.267059, -0.930844, -0.249419), (0.267059, -0.930844, -0.249419), (0.267059, -0.834571, -0.48184), (0.267059, -0.834571, -0.48184), (0.267059, -0.834571, -0.48184), (0.267059, -0.930844, -0.249419), (1, 0, 0), (1, 0, 0), (1, 0, 0), (1, 0, 0), (1, 0, 0), (1, 0, 0), (1, 0, 0), (1, 0, 0), (1, 0, 0), (1, 0, 0), (1, 0, 0), (1, 0, 0), (1, 0, 0), (1, 0, 0), (1, 0, 0), (1, 0, 0), (1, 0, 0), (1, 0, 0), (1, 0, 0), (1, 0, 0), (1, 0, 0), (1, 0, 0), (1, 0, 0), (1, 0, 0), (1, 0, 0), (1, 0, 0), (1, 0, 0), (1, 0, 0), (1, 0, 0), (1, 0, 0), (1, 0, 0), (1, 0, 0), (1, 0, 0), (1, 0, 0), (1, 0, 0), (1, 0, 0), (1, 0, 0), (1, 0, 0), (1, 0, 0), (1, 0, 0), (1, 0, 0), (1, 0, 0), (1, 0, 0), (1, 0, 0), (1, 0, 0), (1, 0, 0), (1, 0, 0), (1, 0, 0), (1, 0, 0), (1, 0, 0), (1, 0, 0), (1, 0, 0), (1, 0, 0), (1, 0, 0), (1, 0, 0), (1, 0, 0), (1, 0, 0), (1, 0, 0), (1, 0, 0), (1, 0, 0), (1, 0, 0), (1, 0, 0), (1, 0, 0), (1, 0, 0), (1, 0, 0), (1, 0, 0), (0.267059, 0, -0.96368), (0.267059, -0.249419, -0.930844), (0.267059, 0, -0.96368), (0.267059, -0.249419, -0.930844), (0.267059, 0, -0.96368), (0.267059, -0.249419, -0.930844), (0.267059, -0.930844, 0.249419), (0.267059, -0.930844, 0.249419), (0.267059, -0.96368, 0), (0.267059, -0.96368, 0), (0.267059, -0.96368, 0), (0.267059, -0.930844, 0.249419), (0.267059, 0.48184, 0.834571), (0.267059, 0.249419, 0.930844), (0.267059, 0.48184, 0.834571), (0.267059, 0.249419, 0.930844), (0.267059, 0.48184, 0.834571), (0.267059, 0.249419, 0.930844), (-0.410365, 0.455961, -0.789747), (-0.410365, 0.236023, -0.880849), (-0.410365, 0.455961, -0.789747), (-0.410365, 0.236023, -0.880849), (-0.410365, 0.455961, -0.789747), (-0.410365, 0.236023, -0.880849), (-0.410365, -0.789747, -0.455961), (-0.410365, -0.789747, -0.455961), (-0.410365, -0.644826, -0.644826), (-0.410365, -0.644826, -0.644826), (-0.410365, -0.644826, -0.644826), (-0.410365, -0.789747, -0.455961), (-0.410365, -0.644826, 0.644826), (-0.410365, -0.644826, 0.644826), (-0.410365, -0.789747, 0.455961), (-0.410365, -0.789747, 0.455961), (-0.410365, -0.789747, 0.455961), (-0.410365, -0.644826, 0.644826), (0, -0.707107, 0.707107), (0, -0.707107, 0.707107), (0, -0.866025, 0.5), (0, -0.866025, 0.5), (0, -0.866025, 0.5), (0, -0.707107, 0.707107), (0, -1, 0), (0, -1, 0), (0, -0.965926, -0.258819), (0, -0.965926, -0.258819), (0, -0.965926, -0.258819), (0, -1, 0), (0.410365, 0.644826, 0.644826), (0.410365, 0.789747, 0.455961), (0.410365, 0.644826, 0.644826), (0.410365, 0.789747, 0.455961), (0.410365, 0.644826, 0.644826), (0.410365, 0.789747, 0.455961), (-0.410365, -0.880849, 0.236023), (-0.410365, -0.880849, 0.236023), (-0.410365, -0.911922, 0), (-0.410365, -0.911922, 0), (-0.410365, -0.911922, 0), (-0.410365, -0.880849, 0.236023), (-0.410365, -0.789747, 0.455961), (-0.410365, -0.789747, 0.455961), (-0.410365, -0.880849, 0.236023), (-0.410365, -0.880849, 0.236023), (-0.410365, -0.880849, 0.236023), (-0.410365, -0.789747, 0.455961), (-0.410365, 0.644826, 0.644826), (-0.410365, 0.644826, 0.644826), (-0.410365, 0.455961, 0.789747), (-0.410365, 0.455961, 0.789747), (-0.410365, 0.455961, 0.789747), (-0.410365, 0.644826, 0.644826), (-0.410365, 0.789747, -0.455961), (-0.410365, 0.644826, -0.644826), (-0.410365, 0.789747, -0.455961), (-0.410365, 0.644826, -0.644826), (-0.410365, 0.789747, -0.455961), (-0.410365, 0.644826, -0.644826), (-0.410365, 0.644826, -0.644826), (-0.410365, 0.455961, -0.789747), (-0.410365, 0.644826, -0.644826), (-0.410365, 0.455961, -0.789747), (-0.410365, 0.644826, -0.644826), (-0.410365, 0.455961, -0.789747), (-0.410365, 0.236023, 0.880849), (-0.410365, 0.236023, 0.880849), (-0.410365, 0, 0.911922), (-0.410365, 0, 0.911922), (-0.410365, 0, 0.911922), (-0.410365, 0.236023, 0.880849), (0.410365, 0.880849, -0.236023), (0.410365, 0.789747, -0.455961), (0.410365, 0.880849, -0.236023), (0.410365, 0.789747, -0.455961), (0.410365, 0.880849, -0.236023), (0.410365, 0.789747, -0.455961), (0.410365, -0.236023, -0.880849), (0.410365, -0.455961, -0.789747), (0.410365, -0.236023, -0.880849), (0.410365, -0.455961, -0.789747), (0.410365, -0.236023, -0.880849), (0.410365, -0.455961, -0.789747), (0, 1, 0), (0, 0.965926, -0.258819), (0, 1, 0), (0, 0.965926, -0.258819), (0, 1, 0), (0, 0.965926, -0.258819), (-0.410365, 0.880849, -0.236023), (-0.410365, 0.789747, -0.455961), (-0.410365, 0.880849, -0.236023), (-0.410365, 0.789747, -0.455961), (-0.410365, 0.880849, -0.236023), (-0.410365, 0.789747, -0.455961), (0, 0.258819, -0.965926), (0, 0.258819, -0.965926), (0, 0, -1), (0, 0, -1), (0, 0, -1), (0, 0.258819, -0.965926), (0, 0.866025, 0.5), (0, 0.965926, 0.258819), (0, 0.866025, 0.5), (0, 0.965926, 0.258819), (0, 0.866025, 0.5), (0, 0.965926, 0.258819), (0, -0.5, -0.866025), (0, -0.5, -0.866025), (0, -0.707107, -0.707107), (0, -0.707107, -0.707107), (0, -0.707107, -0.707107), (0, -0.5, -0.866025), (-0.410365, 0.911922, 0), (-0.410365, 0.880849, -0.236023), (-0.410365, 0.911922, 0), (-0.410365, 0.880849, -0.236023), (-0.410365, 0.911922, 0), (-0.410365, 0.880849, -0.236023), (0.410365, 0.911922, 0), (0.410365, 0.880849, -0.236023), (0.410365, 0.911922, 0), (0.410365, 0.880849, -0.236023), (0.410365, 0.911922, 0), (0.410365, 0.880849, -0.236023), (-0.410365, 0.644826, 0.644826), (-0.410365, 0.789747, 0.455961), (-0.410365, 0.644826, 0.644826), (-0.410365, 0.789747, 0.455961), (-0.410365, 0.644826, 0.644826), (-0.410365, 0.789747, 0.455961), (-0.410365, 0.789747, 0.455961), (-0.410365, 0.880849, 0.236023), (-0.410365, 0.789747, 0.455961), (-0.410365, 0.880849, 0.236023), (-0.410365, 0.789747, 0.455961), (-0.410365, 0.880849, 0.236023), (-0.410365, 0, -0.911922), (-0.410365, 0, -0.911922), (-0.410365, -0.236023, -0.880849), (-0.410365, -0.236023, -0.880849), (-0.410365, -0.236023, -0.880849), (-0.410365, 0, -0.911922), (0.410365, 0.455961, 0.789747), (0.410365, 0.236023, 0.880849), (0.410365, 0.455961, 0.789747), (0.410365, 0.236023, 0.880849), (0.410365, 0.455961, 0.789747), (0.410365, 0.236023, 0.880849), (-0.410365, -0.880849, -0.236023), (-0.410365, -0.880849, -0.236023), (-0.410365, -0.789747, -0.455961), (-0.410365, -0.789747, -0.455961), (-0.410365, -0.789747, -0.455961), (-0.410365, -0.880849, -0.236023), (-0.410365, 0.236023, -0.880849), (-0.410365, 0.236023, -0.880849), (-0.410365, 0, -0.911922), (-0.410365, 0, -0.911922), (-0.410365, 0, -0.911922), (-0.410365, 0.236023, -0.880849), (0.410365, -0.789747, -0.455961), (0.410365, -0.789747, -0.455961), (0.410365, -0.644826, -0.644826), (0.410365, -0.644826, -0.644826), (0.410365, -0.644826, -0.644826), (0.410365, -0.789747, -0.455961), (-0.410365, 0, 0.911922), (-0.410365, -0.236023, 0.880849), (-0.410365, 0, 0.911922), (-0.410365, -0.236023, 0.880849), (-0.410365, 0, 0.911922), (-0.410365, -0.236023, 0.880849), (-0.410365, -0.455961, 0.789747), (-0.410365, -0.644826, 0.644826), (-0.410365, -0.455961, 0.789747), (-0.410365, -0.644826, 0.644826), (-0.410365, -0.455961, 0.789747), (-0.410365, -0.644826, 0.644826), (-0.410365, -0.236023, 0.880849), (-0.410365, -0.455961, 0.789747), (-0.410365, -0.236023, 0.880849), (-0.410365, -0.455961, 0.789747), (-0.410365, -0.236023, 0.880849), (-0.410365, -0.455961, 0.789747), (0, -0.965926, 0.258819), (0, -0.965926, 0.258819), (0, -1, 0), (0, -1, 0), (0, -1, 0), (0, -0.965926, 0.258819), (0, -0.258819, 0.965926), (0, -0.258819, 0.965926), (0, -0.5, 0.866025), (0, -0.5, 0.866025), (0, -0.5, 0.866025), (0, -0.258819, 0.965926), (0, -0.866025, -0.5), (0, -0.866025, -0.5), (0, -0.707107, -0.707107), (0, -0.707107, -0.707107), (0, -0.707107, -0.707107), (0, -0.866025, -0.5), (0, 0.258819, 0.965926), (0, 0.258819, 0.965926), (0, 0, 1), (0, 0, 1), (0, 0, 1), (0, 0.258819, 0.965926), (0, 0, -1), (0, 0, -1), (0, -0.258819, -0.965926), (0, -0.258819, -0.965926), (0, -0.258819, -0.965926), (0, 0, -1), (0.410365, -0.236023, 0.880849), (0.410365, -0.236023, 0.880849), (0.410365, -0.455961, 0.789747), (0.410365, -0.455961, 0.789747), (0.410365, -0.455961, 0.789747), (0.410365, -0.236023, 0.880849), (-0.410365, 0.455961, 0.789747), (-0.410365, 0.455961, 0.789747), (-0.410365, 0.236023, 0.880849), (-0.410365, 0.236023, 0.880849), (-0.410365, 0.236023, 0.880849), (-0.410365, 0.455961, 0.789747), (-0.410365, -0.455961, -0.789747), (-0.410365, -0.455961, -0.789747), (-0.410365, -0.644826, -0.644826), (-0.410365, -0.644826, -0.644826), (-0.410365, -0.644826, -0.644826), (-0.410365, -0.455961, -0.789747), (0, 0.866025, -0.5), (0, 0.707107, -0.707107), (0, 0.866025, -0.5), (0, 0.707107, -0.707107), (0, 0.866025, -0.5), (0, 0.707107, -0.707107), (-0.410365, 0.880849, 0.236023), (-0.410365, 0.911922, 0), (-0.410365, 0.880849, 0.236023), (-0.410365, 0.911922, 0), (-0.410365, 0.880849, 0.236023), (-0.410365, 0.911922, 0), (0.410365, -0.911922, 0), (0.410365, -0.911922, 0), (0.410365, -0.880849, -0.236023), (0.410365, -0.880849, -0.236023), (0.410365, -0.880849, -0.236023), (0.410365, -0.911922, 0), (0, 0.5, -0.866025), (0, 0.5, -0.866025), (0, 0.258819, -0.965926), (0, 0.258819, -0.965926), (0, 0.258819, -0.965926), (0, 0.5, -0.866025), (-0.410365, -0.236023, -0.880849), (-0.410365, -0.236023, -0.880849), (-0.410365, -0.455961, -0.789747), (-0.410365, -0.455961, -0.789747), (-0.410365, -0.455961, -0.789747), (-0.410365, -0.236023, -0.880849), (-1, 0, 0), (-1, 0, 0), (-1, 0, 0), (-1, 0, 0), (-1, 0, 0), (-1, 0, 0), (-1, 0, 0), (-1, 0, 0), (-1, 0, 0), (-1, 0, 0), (-1, 0, 0), (-1, 0, 0), (-1, 0, 0), (-1, 0, 0), (-1, 0, 0), (-1, 0, 0), (-1, 0, 0), (-1, 0, 0), (-1, 0, 0), (-1, 0, 0), (-1, 0, 0), (-1, 0, 0), (-1, 0, 0), (-1, 0, 0), (-1, 0, 0), (-1, 0, 0), (-1, 0, 0), (-1, 0, 0), (-1, 0, 0), (-1, 0, 0), (-1, 0, 0), (-1, 0, 0), (-1, 0, 0), (-1, 0, 0), (-1, 0, 0), (-1, 0, 0), (-1, 0, 0), (-1, 0, 0), (-1, 0, 0), (-1, 0, 0), (-1, 0, 0), (-1, 0, 0), (-1, 0, 0), (-1, 0, 0), (-1, 0, 0), (-1, 0, 0), (-1, 0, 0), (-1, 0, 0), (-1, 0, 0), (-1, 0, 0), (-1, 0, 0), (-1, 0, 0), (-1, 0, 0), (-1, 0, 0), (-1, 0, 0), (-1, 0, 0), (-1, 0, 0), (-1, 0, 0), (-1, 0, 0), (-1, 0, 0), (-1, 0, 0), (-1, 0, 0), (-1, 0, 0), (-1, 0, 0), (-1, 0, 0), (-1, 0, 0), (0.410365, -0.644826, 0.644826), (0.410365, -0.644826, 0.644826), (0.410365, -0.789747, 0.455961), (0.410365, -0.789747, 0.455961), (0.410365, -0.789747, 0.455961), (0.410365, -0.644826, 0.644826), (0, 0.707107, -0.707107), (0, 0.707107, -0.707107), (0, 0.5, -0.866025), (0, 0.5, -0.866025), (0, 0.5, -0.866025), (0, 0.707107, -0.707107), (0, -0.866025, 0.5), (0, -0.866025, 0.5), (0, -0.965926, 0.258819), (0, -0.965926, 0.258819), (0, -0.965926, 0.258819), (0, -0.866025, 0.5), (0.410365, 0.644826, -0.644826), (0.410365, 0.644826, -0.644826), (0.410365, 0.455961, -0.789747), (0.410365, 0.455961, -0.789747), (0.410365, 0.455961, -0.789747), (0.410365, 0.644826, -0.644826), (0.410365, -0.880849, 0.236023), (0.410365, -0.880849, 0.236023), (0.410365, -0.911922, 0), (0.410365, -0.911922, 0), (0.410365, -0.911922, 0), (0.410365, -0.880849, 0.236023), (0, -0.5, 0.866025), (0, -0.5, 0.866025), (0, -0.707107, 0.707107), (0, -0.707107, 0.707107), (0, -0.707107, 0.707107), (0, -0.5, 0.866025), (0.410365, 0.789747, -0.455961), (0.410365, 0.644826, -0.644826), (0.410365, 0.789747, -0.455961), (0.410365, 0.644826, -0.644826), (0.410365, 0.789747, -0.455961), (0.410365, 0.644826, -0.644826), (-0.410365, -0.911922, 0), (-0.410365, -0.911922, 0), (-0.410365, -0.880849, -0.236023), (-0.410365, -0.880849, -0.236023), (-0.410365, -0.880849, -0.236023), (-0.410365, -0.911922, 0), (0.410365, 0.880849, 0.236023), (0.410365, 0.911922, 0), (0.410365, 0.880849, 0.236023), (0.410365, 0.911922, 0), (0.410365, 0.880849, 0.236023), (0.410365, 0.911922, 0), (0.410365, -0.880849, -0.236023), (0.410365, -0.880849, -0.236023), (0.410365, -0.789747, -0.455961), (0.410365, -0.789747, -0.455961), (0.410365, -0.789747, -0.455961), (0.410365, -0.880849, -0.236023), (0.410365, 0.236023, 0.880849), (0.410365, 0.236023, 0.880849), (0.410365, 0, 0.911922), (0.410365, 0, 0.911922), (0.410365, 0, 0.911922), (0.410365, 0.236023, 0.880849), (0, -0.258819, -0.965926), (0, -0.258819, -0.965926), (0, -0.5, -0.866025), (0, -0.5, -0.866025), (0, -0.5, -0.866025), (0, -0.258819, -0.965926), (1, 0, 0), (1, 0, 0), (1, 0, 0), (1, 0, 0), (1, 0, 0), (1, 0, 0), (1, 0, 0), (1, 0, 0), (1, 0, 0), (1, 0, 0), (1, 0, 0), (1, 0, 0), (1, 0, 0), (1, 0, 0), (1, 0, 0), (1, 0, 0), (1, 0, 0), (1, 0, 0), (1, 0, 0), (1, 0, 0), (1, 0, 0), (1, 0, 0), (1, 0, 0), (1, 0, 0), (1, 0, 0), (1, 0, 0), (1, 0, 0), (1, 0, 0), (1, 0, 0), (1, 0, 0), (1, 0, 0), (1, 0, 0), (1, 0, 0), (1, 0, 0), (1, 0, 0), (1, 0, 0), (1, 0, 0), (1, 0, 0), (1, 0, 0), (1, 0, 0), (1, 0, 0), (1, 0, 0), (1, 0, 0), (1, 0, 0), (1, 0, 0), (1, 0, 0), (1, 0, 0), (1, 0, 0), (1, 0, 0), (1, 0, 0), (1, 0, 0), (1, 0, 0), (1, 0, 0), (1, 0, 0), (1, 0, 0), (1, 0, 0), (1, 0, 0), (1, 0, 0), (1, 0, 0), (1, 0, 0), (1, 0, 0), (1, 0, 0), (1, 0, 0), (1, 0, 0), (1, 0, 0), (1, 0, 0), (1, 0, 0), (1, 0, 0), (1, 0, 0), (1, 0, 0), (1, 0, 0), (1, 0, 0), (1, 0, 0), (1, 0, 0), (1, 0, 0), (1, 0, 0), (1, 0, 0), (1, 0, 0), (1, 0, 0), (1, 0, 0), (1, 0, 0), (1, 0, 0), (1, 0, 0), (1, 0, 0), (1, 0, 0), (1, 0, 0), (1, 0, 0), (1, 0, 0), (1, 0, 0), (1, 0, 0), (1, 0, 0), (1, 0, 0), (1, 0, 0), (1, 0, 0), (1, 0, 0), (1, 0, 0), (1, 0, 0), (1, 0, 0), (1, 0, 0), (1, 0, 0), (1, 0, 0), (1, 0, 0), (1, 0, 0), (1, 0, 0), (1, 0, 0), (1, 0, 0), (1, 0, 0), (1, 0, 0), (1, 0, 0), (1, 0, 0), (1, 0, 0), (1, 0, 0), (1, 0, 0), (1, 0, 0), (1, 0, 0), (1, 0, 0), (1, 0, 0), (1, 0, 0), (1, 0, 0), (1, 0, 0), (1, 0, 0), (1, 0, 0), (1, 0, 0), (1, 0, 0), (1, 0, 0), (1, 0, 0), (1, 0, 0), (1, 0, 0), (1, 0, 0), (1, 0, 0), (1, 0, 0), (1, 0, 0), (1, 0, 0), (1, 0, 0), (1, 0, 0), (1, 0, 0), (1, 0, 0), (1, 0, 0), (1, 0, 0), (1, 0, 0), (1, 0, 0), (1, 0, 0), (1, 0, 0), (1, 0, 0), (0.410365, 0, -0.911922), (0.410365, -0.236023, -0.880849), (0.410365, 0, -0.911922), (0.410365, -0.236023, -0.880849), (0.410365, 0, -0.911922), (0.410365, -0.236023, -0.880849), (0.410365, -0.455961, -0.789747), (0.410365, -0.644826, -0.644826), (0.410365, -0.455961, -0.789747), (0.410365, -0.644826, -0.644826), (0.410365, -0.455961, -0.789747), (0.410365, -0.644826, -0.644826), (0, -0.965926, -0.258819), (0, -0.965926, -0.258819), (0, -0.866025, -0.5), (0, -0.866025, -0.5), (0, -0.866025, -0.5), (0, -0.965926, -0.258819), (0, 0, 1), (0, 0, 1), (0, -0.258819, 0.965926), (0, -0.258819, 0.965926), (0, -0.258819, 0.965926), (0, 0, 1), (0, 0.965926, -0.258819), (0, 0.866025, -0.5), (0, 0.965926, -0.258819), (0, 0.866025, -0.5), (0, 0.965926, -0.258819), (0, 0.866025, -0.5), (0.410365, 0.236023, -0.880849), (0.410365, 0.236023, -0.880849), (0.410365, 0, -0.911922), (0.410365, 0, -0.911922), (0.410365, 0, -0.911922), (0.410365, 0.236023, -0.880849), (0, 0.707107, 0.707107), (0, 0.866025, 0.5), (0, 0.707107, 0.707107), (0, 0.866025, 0.5), (0, 0.707107, 0.707107), (0, 0.866025, 0.5), (0.410365, 0, 0.911922), (0.410365, 0, 0.911922), (0.410365, -0.236023, 0.880849), (0.410365, -0.236023, 0.880849), (0.410365, -0.236023, 0.880849), (0.410365, 0, 0.911922), (0, 0.707107, 0.707107), (0, 0.707107, 0.707107), (0, 0.5, 0.866025), (0, 0.5, 0.866025), (0, 0.5, 0.866025), (0, 0.707107, 0.707107), (0.410365, -0.789747, 0.455961), (0.410365, -0.789747, 0.455961), (0.410365, -0.880849, 0.236023), (0.410365, -0.880849, 0.236023), (0.410365, -0.880849, 0.236023), (0.410365, -0.789747, 0.455961), (0.410365, 0.789747, 0.455961), (0.410365, 0.880849, 0.236023), (0.410365, 0.789747, 0.455961), (0.410365, 0.880849, 0.236023), (0.410365, 0.789747, 0.455961), (0.410365, 0.880849, 0.236023), (0, 0.5, 0.866025), (0, 0.5, 0.866025), (0, 0.258819, 0.965926), (0, 0.258819, 0.965926), (0, 0.258819, 0.965926), (0, 0.5, 0.866025), (0.410365, 0.644826, 0.644826), (0.410365, 0.455961, 0.789747), (0.410365, 0.644826, 0.644826), (0.410365, 0.455961, 0.789747), (0.410365, 0.644826, 0.644826), (0.410365, 0.455961, 0.789747), (0, 0.965926, 0.258819), (0, 1, 0), (0, 0.965926, 0.258819), (0, 1, 0), (0, 0.965926, 0.258819), (0, 1, 0), (0.410365, 0.455961, -0.789747), (0.410365, 0.455961, -0.789747), (0.410365, 0.236023, -0.880849), (0.410365, 0.236023, -0.880849), (0.410365, 0.236023, -0.880849), (0.410365, 0.455961, -0.789747), (0.410365, -0.455961, 0.789747), (0.410365, -0.455961, 0.789747), (0.410365, -0.644826, 0.644826), (0.410365, -0.644826, 0.644826), (0.410365, -0.644826, 0.644826), (0.410365, -0.455961, 0.789747), (1, 0, 0), (1, 0, 0), (1, 0, 0), (1, 0, 0), (1, 0, 0), (1, 0, 0), (1, 0, 0), (1, 0, 0), (1, 0, 0), (1, 0, 0), (1, 0, 0), (1, 0, 0), (1, 0, 0), (1, 0, 0), (1, 0, 0), (1, 0, 0), (1, 0, 0), (1, 0, 0), (1, 0, 0), (1, 0, 0), (1, 0, 0), (1, 0, 0), (1, 0, 0), (1, 0, 0), (1, 0, 0), (1, 0, 0), (1, 0, 0), (1, 0, 0), (1, 0, 0), (1, 0, 0), (1, 0, 0), (1, 0, 0), (1, 0, 0), (1, 0, 0), (1, 0, 0), (1, 0, 0), (1, 0, 0), (1, 0, 0), (1, 0, 0), (1, 0, 0), (1, 0, 0), (1, 0, 0), (1, 0, 0), (1, 0, 0), (1, 0, 0), (1, 0, 0), (1, 0, 0), (1, 0, 0), (1, 0, 0), (1, 0, 0), (1, 0, 0), (1, 0, 0), (1, 0, 0), (1, 0, 0), (1, 0, 0), (1, 0, 0), (1, 0, 0), (1, 0, 0), (1, 0, 0), (1, 0, 0), (1, 0, 0), (1, 0, 0), (1, 0, 0), (1, 0, 0), (1, 0, 0), (1, 0, 0), (1, 0, 0), (1, 0, 0), (1, 0, 0), (1, 0, 0), (1, 0, 0), (1, 0, 0), (1, 0, 0), (1, 0, 0), (1, 0, 0), (1, 0, 0), (1, 0, 0), (1, 0, 0), (1, 0, 0), (1, 0, 0), (1, 0, 0), (1, 0, 0), (1, 0, 0), (1, 0, 0), (1, 0, 0), (1, 0, 0), (1, 0, 0), (1, 0, 0), (1, 0, 0), (1, 0, 0), (1, 0, 0), (1, 0, 0), (1, 0, 0), (1, 0, 0), (1, 0, 0), (1, 0, 0), (1, 0, 0), (1, 0, 0), (1, 0, 0), (1, 0, 0), (1, 0, 0), (1, 0, 0), (1, 0, 0), (1, 0, 0), (1, 0, 0), (1, 0, 0), (1, 0, 0), (1, 0, 0), (1, 0, 0), (1, 0, 0), (1, 0, 0), (1, 0, 0), (1, 0, 0), (1, 0, 0), (1, 0, 0), (1, 0, 0), (1, 0, 0), (1, 0, 0), (1, 0, 0), (1, 0, 0), (1, 0, 0), (1, 0, 0), (1, 0, 0), (1, 0, 0), (1, 0, 0), (1, 0, 0), (1, 0, 0), (1, 0, 0), (1, 0, 0), (1, 0, 0), (1, 0, 0), (1, 0, 0), (1, 0, 0), (1, 0, 0), (1, 0, 0), (1, 0, 0), (1, 0, 0), (1, 0, 0), (1, 0, 0), (1, 0, 0), (1, 0, 0), (1, 0, 0), (1, 0, 0), (1, 0, 0), (0.206518, -0.978443, -5.81914e-14), (0.206518, -0.945103, 0.25324), (0.206518, -0.978443, -5.81914e-14), (0.206518, -0.945103, 0.25324), (0.206518, -0.978443, -5.81914e-14), (0.206518, -0.945103, 0.25324), (0.206518, -0.847356, 0.489221), (0.206518, -0.691864, 0.691864), (0.206518, -0.847356, 0.489221), (0.206518, -0.691864, 0.691864), (0.206518, -0.847356, 0.489221), (0.206518, -0.691864, 0.691864), (0.206518, -0.489221, 0.847356), (0.206518, -0.489221, 0.847356), (0.206518, -0.25324, 0.945103), (0.206518, -0.25324, 0.945103), (0.206518, -0.25324, 0.945103), (0.206518, -0.489221, 0.847356), (0.206518, -0.691864, -0.691864), (0.206518, -0.847356, -0.489221), (0.206518, -0.691864, -0.691864), (0.206518, -0.847356, -0.489221), (0.206518, -0.691864, -0.691864), (0.206518, -0.847356, -0.489221), (0.206518, 0, 0.978443), (0.206518, 0.25324, 0.945103), (0.206518, 0, 0.978443), (0.206518, 0.25324, 0.945103), (0.206518, 0, 0.978443), (0.206518, 0.25324, 0.945103), (0.206518, 0.489221, 0.847356), (0.206518, 0.691864, 0.691864), (0.206518, 0.489221, 0.847356), (0.206518, 0.691864, 0.691864), (0.206518, 0.489221, 0.847356), (0.206518, 0.691864, 0.691864), (0.206518, 0.978443, -5.81914e-14), (0.206518, 0.945103, -0.25324), (0.206518, 0.978443, -5.81914e-14), (0.206518, 0.945103, -0.25324), (0.206518, 0.978443, -5.81914e-14), (0.206518, 0.945103, -0.25324), (0.206518, -0.847356, -0.489221), (0.206518, -0.945103, -0.25324), (0.206518, -0.847356, -0.489221), (0.206518, -0.945103, -0.25324), (0.206518, -0.847356, -0.489221), (0.206518, -0.945103, -0.25324), (1, 0, -2.81775e-13), (1, 0, -2.81775e-13), (1, 0, -2.81775e-13), (1, 0, -2.81775e-13), (1, 0, -2.81775e-13), (1, 0, -2.81775e-13), (1, 0, -2.81775e-13), (1, 0, -2.81775e-13), (1, 0, -2.81775e-13), (1, 0, -2.81775e-13), (1, 0, -2.81775e-13), (1, 0, -2.81775e-13), (1, 0, -2.81775e-13), (1, 0, -2.81775e-13), (1, 0, -2.81775e-13), (1, 0, -2.81775e-13), (1, 0, -2.81775e-13), (1, 0, -2.81775e-13), (1, 0, -2.81775e-13), (1, 0, -2.81775e-13), (1, 0, -2.81775e-13), (1, 0, -2.81775e-13), (1, 0, -2.81775e-13), (1, 0, -2.81775e-13), (1, 0, -2.81775e-13), (1, 0, -2.81775e-13), (1, 0, -2.81775e-13), (1, 0, -2.81775e-13), (1, 0, -2.81775e-13), (1, 0, -2.81775e-13), (1, 0, -2.81775e-13), (1, 0, -2.81775e-13), (1, 0, -2.81775e-13), (1, 0, -2.81775e-13), (1, 0, -2.81775e-13), (1, 0, -2.81775e-13), (1, 0, -2.81775e-13), (1, 0, -2.81775e-13), (1, 0, -2.81775e-13), (1, 0, -2.81775e-13), (1, 0, -2.81775e-13), (1, 0, -2.81775e-13), (1, 0, -2.81775e-13), (1, 0, -2.81775e-13), (1, 0, -2.81775e-13), (1, 0, -2.81775e-13), (1, 0, -2.81775e-13), (1, 0, -2.81775e-13), (1, 0, -2.81775e-13), (1, 0, -2.81775e-13), (1, 0, -2.81775e-13), (1, 0, -2.81775e-13), (1, 0, -2.81775e-13), (1, 0, -2.81775e-13), (1, 0, -2.81775e-13), (1, 0, -2.81775e-13), (1, 0, -2.81775e-13), (1, 0, -2.81775e-13), (1, 0, -2.81775e-13), (1, 0, -2.81775e-13), (1, 0, -2.81775e-13), (1, 0, -2.81775e-13), (1, 0, -2.81775e-13), (1, 0, -2.81775e-13), (1, 0, -2.81775e-13), (1, 0, -2.81775e-13), (1, 0, -2.81775e-13), (1, 0, -2.81775e-13), (1, 0, -2.81775e-13), (1, 0, -2.81775e-13), (1, 0, -2.81775e-13), (1, 0, -2.81775e-13), (1, 0, -2.81775e-13), (1, 0, -2.81775e-13), (1, 0, -2.81775e-13), (1, 0, -2.81775e-13), (1, 0, -2.81775e-13), (1, 0, -2.81775e-13), (1, 0, -2.81775e-13), (1, 0, -2.81775e-13), (1, 0, -2.81775e-13), (1, 0, -2.81775e-13), (1, 0, -2.81775e-13), (1, 0, -2.81775e-13), (1, 0, -2.81775e-13), (1, 0, -2.81775e-13), (1, 0, -2.81775e-13), (1, 0, -2.81775e-13), (1, 0, -2.81775e-13), (1, 0, -2.81775e-13), (1, 0, -2.81775e-13), (1, 0, -2.81775e-13), (1, 0, -2.81775e-13), (1, 0, -2.81775e-13), (1, 0, -2.81775e-13), (1, 0, -2.81775e-13), (1, 0, -2.81775e-13), (1, 0, -2.81775e-13), (1, 0, -2.81775e-13), (1, 0, -2.81775e-13), (1, 0, -2.81775e-13), (1, 0, -2.81775e-13), (1, 0, -2.81775e-13), (1, 0, -2.81775e-13), (1, 0, -2.81775e-13), (1, 0, -2.81775e-13), (1, 0, -2.81775e-13), (1, 0, -2.81775e-13), (1, 0, -2.81775e-13), (1, 0, -2.81775e-13), (1, 0, -2.81775e-13), (1, 0, -2.81775e-13), (1, 0, -2.81775e-13), (1, 0, -2.81775e-13), (1, 0, -2.81775e-13), (1, 0, -2.81775e-13), (1, 0, -2.81775e-13), (1, 0, -2.81775e-13), (1, 0, -2.81775e-13), (1, 0, -2.81775e-13), (1, 0, -2.81775e-13), (1, 0, -2.81775e-13), (1, 0, -2.81775e-13), (1, 0, -2.81775e-13), (1, 0, -2.81775e-13), (1, 0, -2.81775e-13), (1, 0, -2.81775e-13), (1, 0, -2.81775e-13), (1, 0, -2.81775e-13), (1, 0, -2.81775e-13), (1, 0, -2.81775e-13), (1, 0, -2.81775e-13), (1, 0, -2.81775e-13), (1, 0, -2.81775e-13), (1, 0, -2.81775e-13), (1, 0, -2.81775e-13), (1, 0, -2.81775e-13), (1, 0, -2.81775e-13), (1, 0, -2.81775e-13), (1, 0, -2.81775e-13), (1, 0, -2.81775e-13), (1, 0, -2.81775e-13), (1, 0, -2.81775e-13), (1, 0, -2.81775e-13), (0.206518, 0.691864, 0.691864), (0.206518, 0.847356, 0.489221), (0.206518, 0.691864, 0.691864), (0.206518, 0.847356, 0.489221), (0.206518, 0.691864, 0.691864), (0.206518, 0.847356, 0.489221), (0.206518, 0.978443, -5.81914e-14), (0.206518, 0.978443, -5.81914e-14), (0.206518, 0.945103, 0.25324), (0.206518, 0.945103, 0.25324), (0.206518, 0.945103, 0.25324), (0.206518, 0.978443, -5.81914e-14), (0.206518, -0.25324, 0.945103), (0.206518, 0, 0.978443), (0.206518, -0.25324, 0.945103), (0.206518, 0, 0.978443), (0.206518, -0.25324, 0.945103), (0.206518, 0, 0.978443), (0.206518, -0.691864, -0.691864), (0.206518, -0.489221, -0.847356), (0.206518, -0.691864, -0.691864), (0.206518, -0.489221, -0.847356), (0.206518, -0.691864, -0.691864), (0.206518, -0.489221, -0.847356), (0.206518, -0.489221, -0.847356), (0.206518, -0.25324, -0.945103), (0.206518, -0.489221, -0.847356), (0.206518, -0.25324, -0.945103), (0.206518, -0.489221, -0.847356), (0.206518, -0.25324, -0.945103), (0.206518, 0.25324, -0.945103), (0.206518, 0.25324, -0.945103), (0.206518, 0.489221, -0.847356), (0.206518, 0.489221, -0.847356), (0.206518, 0.489221, -0.847356), (0.206518, 0.25324, -0.945103), (0.206518, -0.25324, -0.945103), (0.206518, 0, -0.978443), (0.206518, -0.25324, -0.945103), (0.206518, 0, -0.978443), (0.206518, -0.25324, -0.945103), (0.206518, 0, -0.978443), (0.206518, 0.847356, 0.489221), (0.206518, 0.945103, 0.25324), (0.206518, 0.847356, 0.489221), (0.206518, 0.945103, 0.25324), (0.206518, 0.847356, 0.489221), (0.206518, 0.945103, 0.25324), (0.206518, 0, -0.978443), (0.206518, 0, -0.978443), (0.206518, 0.25324, -0.945103), (0.206518, 0.25324, -0.945103), (0.206518, 0.25324, -0.945103), (0.206518, 0, -0.978443), (0.206518, -0.691864, 0.691864), (0.206518, -0.691864, 0.691864), (0.206518, -0.489221, 0.847356), (0.206518, -0.489221, 0.847356), (0.206518, -0.489221, 0.847356), (0.206518, -0.691864, 0.691864), (0.206518, 0.489221, -0.847356), (0.206518, 0.489221, -0.847356), (0.206518, 0.691864, -0.691864), (0.206518, 0.691864, -0.691864), (0.206518, 0.691864, -0.691864), (0.206518, 0.489221, -0.847356), (0.206518, 0.25324, 0.945103), (0.206518, 0.489221, 0.847356), (0.206518, 0.25324, 0.945103), (0.206518, 0.489221, 0.847356), (0.206518, 0.25324, 0.945103), (0.206518, 0.489221, 0.847356), (0.206518, -0.978443, -5.81914e-14), (0.206518, -0.978443, -5.81914e-14), (0.206518, -0.945103, -0.25324), (0.206518, -0.945103, -0.25324), (0.206518, -0.945103, -0.25324), (0.206518, -0.978443, -5.81914e-14), (0.206518, -0.945103, 0.25324), (0.206518, -0.847356, 0.489221), (0.206518, -0.945103, 0.25324), (0.206518, -0.847356, 0.489221), (0.206518, -0.945103, 0.25324), (0.206518, -0.847356, 0.489221), (0.206518, 0.847356, -0.489221), (0.206518, 0.691864, -0.691864), (0.206518, 0.847356, -0.489221), (0.206518, 0.691864, -0.691864), (0.206518, 0.847356, -0.489221), (0.206518, 0.691864, -0.691864), (0.206518, 0.847356, -0.489221), (0.206518, 0.847356, -0.489221), (0.206518, 0.945103, -0.25324), (0.206518, 0.945103, -0.25324), (0.206518, 0.945103, -0.25324), (0.206518, 0.847356, -0.489221), (-0.267059, 0.681425, -0.681425), (-0.267059, 0.48184, -0.834571), (-0.267059, 0.681425, -0.681425), (-0.267059, 0.48184, -0.834571), (-0.267059, 0.681425, -0.681425), (-0.267059, 0.48184, -0.834571), (-0.267059, 0.834571, 0.48184), (-0.267059, 0.681425, 0.681425), (-0.267059, 0.834571, 0.48184), (-0.267059, 0.681425, 0.681425), (-0.267059, 0.834571, 0.48184), (-0.267059, 0.681425, 0.681425), (-0.267059, -0.96368, -8.17191e-14), (-0.267059, -0.96368, -8.17191e-14), (-0.267059, -0.930844, 0.249419), (-0.267059, -0.930844, 0.249419), (-0.267059, -0.930844, 0.249419), (-0.267059, -0.96368, -8.17191e-14), (-0.267059, -0.249419, 0.930844), (-0.267059, -0.48184, 0.834571), (-0.267059, -0.249419, 0.930844), (-0.267059, -0.48184, 0.834571), (-0.267059, -0.249419, 0.930844), (-0.267059, -0.48184, 0.834571), (-0.267059, 0.834571, -0.48184), (-0.267059, 0.930844, -0.249419), (-0.267059, 0.834571, -0.48184), (-0.267059, 0.930844, -0.249419), (-0.267059, 0.834571, -0.48184), (-0.267059, 0.930844, -0.249419), (-0.267059, -0.834571, 0.48184), (-0.267059, -0.834571, 0.48184), (-0.267059, -0.681425, 0.681425), (-0.267059, -0.681425, 0.681425), (-0.267059, -0.681425, 0.681425), (-0.267059, -0.834571, 0.48184), (-0.267059, -0.681425, -0.681425), (-0.267059, -0.681425, -0.681425), (-0.267059, -0.834571, -0.48184), (-0.267059, -0.834571, -0.48184), (-0.267059, -0.834571, -0.48184), (-0.267059, -0.681425, -0.681425), (-0.267059, 0.681425, 0.681425), (-0.267059, 0.681425, 0.681425), (-0.267059, 0.48184, 0.834571), (-0.267059, 0.48184, 0.834571), (-0.267059, 0.48184, 0.834571), (-0.267059, 0.681425, 0.681425), (-0.267059, -0.48184, 0.834571), (-0.267059, -0.681425, 0.681425), (-0.267059, -0.48184, 0.834571), (-0.267059, -0.681425, 0.681425), (-0.267059, -0.48184, 0.834571), (-0.267059, -0.681425, 0.681425), (-0.267059, -0.834571, -0.48184), (-0.267059, -0.834571, -0.48184), (-0.267059, -0.930844, -0.249419), (-0.267059, -0.930844, -0.249419), (-0.267059, -0.930844, -0.249419), (-0.267059, -0.834571, -0.48184), (-0.267059, 0.930844, 0.249419), (-0.267059, 0.834571, 0.48184), (-0.267059, 0.930844, 0.249419), (-0.267059, 0.834571, 0.48184), (-0.267059, 0.930844, 0.249419), (-0.267059, 0.834571, 0.48184), (-0.267059, 0.96368, -8.17191e-14), (-0.267059, 0.930844, 0.249419), (-0.267059, 0.96368, -8.17191e-14), (-0.267059, 0.930844, 0.249419), (-0.267059, 0.96368, -8.17191e-14), (-0.267059, 0.930844, 0.249419), (-0.267059, -0.48184, -0.834571), (-0.267059, -0.48184, -0.834571), (-0.267059, -0.681425, -0.681425), (-0.267059, -0.681425, -0.681425), (-0.267059, -0.681425, -0.681425), (-0.267059, -0.48184, -0.834571), (-0.267059, 0.249419, -0.930844), (-0.267059, 0, -0.96368), (-0.267059, 0.249419, -0.930844), (-0.267059, 0, -0.96368), (-0.267059, 0.249419, -0.930844), (-0.267059, 0, -0.96368), (-0.267059, 0.681425, -0.681425), (-0.267059, 0.834571, -0.48184), (-0.267059, 0.681425, -0.681425), (-0.267059, 0.834571, -0.48184), (-0.267059, 0.681425, -0.681425), (-0.267059, 0.834571, -0.48184), (-0.267059, -0.249419, -0.930844), (-0.267059, -0.249419, -0.930844), (-0.267059, -0.48184, -0.834571), (-0.267059, -0.48184, -0.834571), (-0.267059, -0.48184, -0.834571), (-0.267059, -0.249419, -0.930844), (-0.267059, 0.249419, 0.930844), (-0.267059, 0.249419, 0.930844), (-0.267059, 0, 0.96368), (-0.267059, 0, 0.96368), (-0.267059, 0, 0.96368), (-0.267059, 0.249419, 0.930844), (-0.267059, 0, -0.96368), (-0.267059, 0, -0.96368), (-0.267059, -0.249419, -0.930844), (-0.267059, -0.249419, -0.930844), (-0.267059, -0.249419, -0.930844), (-0.267059, 0, -0.96368), (-0.267059, 0.48184, 0.834571), (-0.267059, 0.48184, 0.834571), (-0.267059, 0.249419, 0.930844), (-0.267059, 0.249419, 0.930844), (-0.267059, 0.249419, 0.930844), (-0.267059, 0.48184, 0.834571), (-0.267059, 0.930844, -0.249419), (-0.267059, 0.96368, -8.17191e-14), (-0.267059, 0.930844, -0.249419), (-0.267059, 0.96368, -8.17191e-14), (-0.267059, 0.930844, -0.249419), (-0.267059, 0.96368, -8.17191e-14), (-0.267059, -0.930844, 0.249419), (-0.267059, -0.930844, 0.249419), (-0.267059, -0.834571, 0.48184), (-0.267059, -0.834571, 0.48184), (-0.267059, -0.834571, 0.48184), (-0.267059, -0.930844, 0.249419), (-1, 0, -3.05996e-13), (-1, 0, -3.05996e-13), (-1, 0, -3.05996e-13), (-1, 0, -3.05996e-13), (-1, 0, -3.05996e-13), (-1, 0, -3.05996e-13), (-1, 0, -3.05996e-13), (-1, 0, -3.05996e-13), (-1, 0, -3.05996e-13), (-1, 0, -3.05996e-13), (-1, 0, -3.05996e-13), (-1, 0, -3.05996e-13), (-1, 0, -3.05996e-13), (-1, 0, -3.05996e-13), (-1, 0, -3.05996e-13), (-1, 0, -3.05996e-13), (-1, 0, -3.05996e-13), (-1, 0, -3.05996e-13), (-1, 0, -3.05996e-13), (-1, 0, -3.05996e-13), (-1, 0, -3.05996e-13), (-1, 0, -3.05996e-13), (-1, 0, -3.05996e-13), (-1, 0, -3.05996e-13), (-1, 0, -3.05996e-13), (-1, 0, -3.05996e-13), (-1, 0, -3.05996e-13), (-1, 0, -3.05996e-13), (-1, 0, -3.05996e-13), (-1, 0, -3.05996e-13), (-1, 0, -3.05996e-13), (-1, 0, -3.05996e-13), (-1, 0, -3.05996e-13), (-1, 0, -3.05996e-13), (-1, 0, -3.05996e-13), (-1, 0, -3.05996e-13), (-1, 0, -3.05996e-13), (-1, 0, -3.05996e-13), (-1, 0, -3.05996e-13), (-1, 0, -3.05996e-13), (-1, 0, -3.05996e-13), (-1, 0, -3.05996e-13), (-1, 0, -3.05996e-13), (-1, 0, -3.05996e-13), (-1, 0, -3.05996e-13), (-1, 0, -3.05996e-13), (-1, 0, -3.05996e-13), (-1, 0, -3.05996e-13), (-1, 0, -3.05996e-13), (-1, 0, -3.05996e-13), (-1, 0, -3.05996e-13), (-1, 0, -3.05996e-13), (-1, 0, -3.05996e-13), (-1, 0, -3.05996e-13), (-1, 0, -3.05996e-13), (-1, 0, -3.05996e-13), (-1, 0, -3.05996e-13), (-1, 0, -3.05996e-13), (-1, 0, -3.05996e-13), (-1, 0, -3.05996e-13), (-1, 0, -3.05996e-13), (-1, 0, -3.05996e-13), (-1, 0, -3.05996e-13), (-1, 0, -3.05996e-13), (-1, 0, -3.05996e-13), (-1, 0, -3.05996e-13), (-0.267059, 0, 0.96368), (-0.267059, -0.249419, 0.930844), (-0.267059, 0, 0.96368), (-0.267059, -0.249419, 0.930844), (-0.267059, 0, 0.96368), (-0.267059, -0.249419, 0.930844), (-0.267059, -0.930844, -0.249419), (-0.267059, -0.930844, -0.249419), (-0.267059, -0.96368, -8.17191e-14), (-0.267059, -0.96368, -8.17191e-14), (-0.267059, -0.96368, -8.17191e-14), (-0.267059, -0.930844, -0.249419), (-0.267059, 0.48184, -0.834571), (-0.267059, 0.249419, -0.930844), (-0.267059, 0.48184, -0.834571), (-0.267059, 0.249419, -0.930844), (-0.267059, 0.48184, -0.834571), (-0.267059, 0.249419, -0.930844), (0.410365, 0.455961, 0.789747), (0.410365, 0.236023, 0.880849), (0.410365, 0.455961, 0.789747), (0.410365, 0.236023, 0.880849), (0.410365, 0.455961, 0.789747), (0.410365, 0.236023, 0.880849), (0.410365, -0.789747, 0.455961), (0.410365, -0.789747, 0.455961), (0.410365, -0.644826, 0.644826), (0.410365, -0.644826, 0.644826), (0.410365, -0.644826, 0.644826), (0.410365, -0.789747, 0.455961), (0.410365, -0.644826, -0.644826), (0.410365, -0.644826, -0.644826), (0.410365, -0.789747, -0.455961), (0.410365, -0.789747, -0.455961), (0.410365, -0.789747, -0.455961), (0.410365, -0.644826, -0.644826), (2.16372e-13, -0.707107, -0.707107), (2.16372e-13, -0.707107, -0.707107), (1.52998e-13, -0.866025, -0.5), (1.52998e-13, -0.866025, -0.5), (1.52998e-13, -0.866025, -0.5), (2.16372e-13, -0.707107, -0.707107), (0, -1, 0), (0, -1, 0), (-7.91976e-14, -0.965926, 0.258819), (-7.91976e-14, -0.965926, 0.258819), (-7.91976e-14, -0.965926, 0.258819), (0, -1, 0), (-0.410365, 0.644826, -0.644826), (-0.410365, 0.789747, -0.455961), (-0.410365, 0.644826, -0.644826), (-0.410365, 0.789747, -0.455961), (-0.410365, 0.644826, -0.644826), (-0.410365, 0.789747, -0.455961), (0.410365, -0.880849, -0.236023), (0.410365, -0.880849, -0.236023), (0.410365, -0.911922, 1.2557e-13), (0.410365, -0.911922, 1.2557e-13), (0.410365, -0.911922, 1.2557e-13), (0.410365, -0.880849, -0.236023), (0.410365, -0.789747, -0.455961), (0.410365, -0.789747, -0.455961), (0.410365, -0.880849, -0.236023), (0.410365, -0.880849, -0.236023), (0.410365, -0.880849, -0.236023), (0.410365, -0.789747, -0.455961), (0.410365, 0.644826, -0.644826), (0.410365, 0.644826, -0.644826), (0.410365, 0.455961, -0.789747), (0.410365, 0.455961, -0.789747), (0.410365, 0.455961, -0.789747), (0.410365, 0.644826, -0.644826), (0.410365, 0.789747, 0.455961), (0.410365, 0.644826, 0.644826), (0.410365, 0.789747, 0.455961), (0.410365, 0.644826, 0.644826), (0.410365, 0.789747, 0.455961), (0.410365, 0.644826, 0.644826), (0.410365, 0.644826, 0.644826), (0.410365, 0.455961, 0.789747), (0.410365, 0.644826, 0.644826), (0.410365, 0.455961, 0.789747), (0.410365, 0.644826, 0.644826), (0.410365, 0.455961, 0.789747), (0.410365, 0.236023, -0.880849), (0.410365, 0.236023, -0.880849), (0.410365, 0, -0.911922), (0.410365, 0, -0.911922), (0.410365, 0, -0.911922), (0.410365, 0.236023, -0.880849), (-0.410365, 0.880849, 0.236023), (-0.410365, 0.789747, 0.455961), (-0.410365, 0.880849, 0.236023), (-0.410365, 0.789747, 0.455961), (-0.410365, 0.880849, 0.236023), (-0.410365, 0.789747, 0.455961), (-0.410365, -0.236023, 0.880849), (-0.410365, -0.455961, 0.789747), (-0.410365, -0.236023, 0.880849), (-0.410365, -0.455961, 0.789747), (-0.410365, -0.236023, 0.880849), (-0.410365, -0.455961, 0.789747), (0, 1, 0), (-7.91976e-14, 0.965926, 0.258819), (0, 1, 0), (-7.91976e-14, 0.965926, 0.258819), (0, 1, 0), (-7.91976e-14, 0.965926, 0.258819), (0.410365, 0.880849, 0.236023), (0.410365, 0.789747, 0.455961), (0.410365, 0.880849, 0.236023), (0.410365, 0.789747, 0.455961), (0.410365, 0.880849, 0.236023), (0.410365, 0.789747, 0.455961), (-2.95569e-13, 0.258819, 0.965926), (-2.95569e-13, 0.258819, 0.965926), (-3.05996e-13, 0, 1), (-3.05996e-13, 0, 1), (-3.05996e-13, 0, 1), (-2.95569e-13, 0.258819, 0.965926), (1.52998e-13, 0.866025, -0.5), (7.91976e-14, 0.965926, -0.258819), (1.52998e-13, 0.866025, -0.5), (7.91976e-14, 0.965926, -0.258819), (1.52998e-13, 0.866025, -0.5), (7.91976e-14, 0.965926, -0.258819), (-2.65e-13, -0.5, 0.866025), (-2.65e-13, -0.5, 0.866025), (-2.16372e-13, -0.707107, 0.707107), (-2.16372e-13, -0.707107, 0.707107), (-2.16372e-13, -0.707107, 0.707107), (-2.65e-13, -0.5, 0.866025), (0.410365, 0.911922, 1.2557e-13), (0.410365, 0.880849, 0.236023), (0.410365, 0.911922, 1.2557e-13), (0.410365, 0.880849, 0.236023), (0.410365, 0.911922, 1.2557e-13), (0.410365, 0.880849, 0.236023), (-0.410365, 0.911922, -1.2557e-13), (-0.410365, 0.880849, 0.236023), (-0.410365, 0.911922, -1.2557e-13), (-0.410365, 0.880849, 0.236023), (-0.410365, 0.911922, -1.2557e-13), (-0.410365, 0.880849, 0.236023), (0.410365, 0.644826, -0.644826), (0.410365, 0.789747, -0.455961), (0.410365, 0.644826, -0.644826), (0.410365, 0.789747, -0.455961), (0.410365, 0.644826, -0.644826), (0.410365, 0.789747, -0.455961), (0.410365, 0.789747, -0.455961), (0.410365, 0.880849, -0.236023), (0.410365, 0.789747, -0.455961), (0.410365, 0.880849, -0.236023), (0.410365, 0.789747, -0.455961), (0.410365, 0.880849, -0.236023), (0.410365, 0, 0.911922), (0.410365, 0, 0.911922), (0.410365, -0.236023, 0.880849), (0.410365, -0.236023, 0.880849), (0.410365, -0.236023, 0.880849), (0.410365, 0, 0.911922), (-0.410365, 0.455961, -0.789747), (-0.410365, 0.236023, -0.880849), (-0.410365, 0.455961, -0.789747), (-0.410365, 0.236023, -0.880849), (-0.410365, 0.455961, -0.789747), (-0.410365, 0.236023, -0.880849), (0.410365, -0.880849, 0.236023), (0.410365, -0.880849, 0.236023), (0.410365, -0.789747, 0.455961), (0.410365, -0.789747, 0.455961), (0.410365, -0.789747, 0.455961), (0.410365, -0.880849, 0.236023), (0.410365, 0.236023, 0.880849), (0.410365, 0.236023, 0.880849), (0.410365, 0, 0.911922), (0.410365, 0, 0.911922), (0.410365, 0, 0.911922), (0.410365, 0.236023, 0.880849), (-0.410365, -0.789747, 0.455961), (-0.410365, -0.789747, 0.455961), (-0.410365, -0.644826, 0.644826), (-0.410365, -0.644826, 0.644826), (-0.410365, -0.644826, 0.644826), (-0.410365, -0.789747, 0.455961), (0.410365, 0, -0.911922), (0.410365, -0.236023, -0.880849), (0.410365, 0, -0.911922), (0.410365, -0.236023, -0.880849), (0.410365, 0, -0.911922), (0.410365, -0.236023, -0.880849), (0.410365, -0.455961, -0.789747), (0.410365, -0.644826, -0.644826), (0.410365, -0.455961, -0.789747), (0.410365, -0.644826, -0.644826), (0.410365, -0.455961, -0.789747), (0.410365, -0.644826, -0.644826), (0.410365, -0.236023, -0.880849), (0.410365, -0.455961, -0.789747), (0.410365, -0.236023, -0.880849), (0.410365, -0.455961, -0.789747), (0.410365, -0.236023, -0.880849), (0.410365, -0.455961, -0.789747), (7.91976e-14, -0.965926, -0.258819), (7.91976e-14, -0.965926, -0.258819), (0, -1, 0), (0, -1, 0), (0, -1, 0), (7.91976e-14, -0.965926, -0.258819), (2.95569e-13, -0.258819, -0.965926), (2.95569e-13, -0.258819, -0.965926), (2.65e-13, -0.5, -0.866025), (2.65e-13, -0.5, -0.866025), (2.65e-13, -0.5, -0.866025), (2.95569e-13, -0.258819, -0.965926), (-1.52998e-13, -0.866025, 0.5), (-1.52998e-13, -0.866025, 0.5), (-2.16372e-13, -0.707107, 0.707107), (-2.16372e-13, -0.707107, 0.707107), (-2.16372e-13, -0.707107, 0.707107), (-1.52998e-13, -0.866025, 0.5), (2.95569e-13, 0.258819, -0.965926), (2.95569e-13, 0.258819, -0.965926), (3.05996e-13, 0, -1), (3.05996e-13, 0, -1), (3.05996e-13, 0, -1), (2.95569e-13, 0.258819, -0.965926), (-3.05996e-13, 0, 1), (-3.05996e-13, 0, 1), (-2.95569e-13, -0.258819, 0.965926), (-2.95569e-13, -0.258819, 0.965926), (-2.95569e-13, -0.258819, 0.965926), (-3.05996e-13, 0, 1), (-0.410365, -0.236023, -0.880849), (-0.410365, -0.236023, -0.880849), (-0.410365, -0.455961, -0.789747), (-0.410365, -0.455961, -0.789747), (-0.410365, -0.455961, -0.789747), (-0.410365, -0.236023, -0.880849), (0.410365, 0.455961, -0.789747), (0.410365, 0.455961, -0.789747), (0.410365, 0.236023, -0.880849), (0.410365, 0.236023, -0.880849), (0.410365, 0.236023, -0.880849), (0.410365, 0.455961, -0.789747), (0.410365, -0.455961, 0.789747), (0.410365, -0.455961, 0.789747), (0.410365, -0.644826, 0.644826), (0.410365, -0.644826, 0.644826), (0.410365, -0.644826, 0.644826), (0.410365, -0.455961, 0.789747), (-1.52998e-13, 0.866025, 0.5), (-2.16372e-13, 0.707107, 0.707107), (-1.52998e-13, 0.866025, 0.5), (-2.16372e-13, 0.707107, 0.707107), (-1.52998e-13, 0.866025, 0.5), (-2.16372e-13, 0.707107, 0.707107), (0.410365, 0.880849, -0.236023), (0.410365, 0.911922, 1.2557e-13), (0.410365, 0.880849, -0.236023), (0.410365, 0.911922, 1.2557e-13), (0.410365, 0.880849, -0.236023), (0.410365, 0.911922, 1.2557e-13), (-0.410365, -0.911922, -1.2557e-13), (-0.410365, -0.911922, -1.2557e-13), (-0.410365, -0.880849, 0.236023), (-0.410365, -0.880849, 0.236023), (-0.410365, -0.880849, 0.236023), (-0.410365, -0.911922, -1.2557e-13), (-2.65e-13, 0.5, 0.866025), (-2.65e-13, 0.5, 0.866025), (-2.95569e-13, 0.258819, 0.965926), (-2.95569e-13, 0.258819, 0.965926), (-2.95569e-13, 0.258819, 0.965926), (-2.65e-13, 0.5, 0.866025), (0.410365, -0.236023, 0.880849), (0.410365, -0.236023, 0.880849), (0.410365, -0.455961, 0.789747), (0.410365, -0.455961, 0.789747), (0.410365, -0.455961, 0.789747), (0.410365, -0.236023, 0.880849), (1, 0, 3.05996e-13), (1, 0, 3.05996e-13), (1, 0, 3.05996e-13), (1, 0, 3.05996e-13), (1, 0, 3.05996e-13), (1, 0, 3.05996e-13), (1, 0, 3.05996e-13), (1, 0, 3.05996e-13), (1, 0, 3.05996e-13), (1, 0, 3.05996e-13), (1, 0, 3.05996e-13), (1, 0, 3.05996e-13), (1, 0, 3.05996e-13), (1, 0, 3.05996e-13), (1, 0, 3.05996e-13), (1, 0, 3.05996e-13), (1, 0, 3.05996e-13), (1, 0, 3.05996e-13), (1, 0, 3.05996e-13), (1, 0, 3.05996e-13), (1, 0, 3.05996e-13), (1, 0, 3.05996e-13), (1, 0, 3.05996e-13), (1, 0, 3.05996e-13), (1, 0, 3.05996e-13), (1, 0, 3.05996e-13), (1, 0, 3.05996e-13), (1, 0, 3.05996e-13), (1, 0, 3.05996e-13), (1, 0, 3.05996e-13), (1, 0, 3.05996e-13), (1, 0, 3.05996e-13), (1, 0, 3.05996e-13), (1, 0, 3.05996e-13), (1, 0, 3.05996e-13), (1, 0, 3.05996e-13), (1, 0, 3.05996e-13), (1, 0, 3.05996e-13), (1, 0, 3.05996e-13), (1, 0, 3.05996e-13), (1, 0, 3.05996e-13), (1, 0, 3.05996e-13), (1, 0, 3.05996e-13), (1, 0, 3.05996e-13), (1, 0, 3.05996e-13), (1, 0, 3.05996e-13), (1, 0, 3.05996e-13), (1, 0, 3.05996e-13), (1, 0, 3.05996e-13), (1, 0, 3.05996e-13), (1, 0, 3.05996e-13), (1, 0, 3.05996e-13), (1, 0, 3.05996e-13), (1, 0, 3.05996e-13), (1, 0, 3.05996e-13), (1, 0, 3.05996e-13), (1, 0, 3.05996e-13), (1, 0, 3.05996e-13), (1, 0, 3.05996e-13), (1, 0, 3.05996e-13), (1, 0, 3.05996e-13), (1, 0, 3.05996e-13), (1, 0, 3.05996e-13), (1, 0, 3.05996e-13), (1, 0, 3.05996e-13), (1, 0, 3.05996e-13), (-0.410365, -0.644826, -0.644826), (-0.410365, -0.644826, -0.644826), (-0.410365, -0.789747, -0.455961), (-0.410365, -0.789747, -0.455961), (-0.410365, -0.789747, -0.455961), (-0.410365, -0.644826, -0.644826), (-2.16372e-13, 0.707107, 0.707107), (-2.16372e-13, 0.707107, 0.707107), (-2.65e-13, 0.5, 0.866025), (-2.65e-13, 0.5, 0.866025), (-2.65e-13, 0.5, 0.866025), (-2.16372e-13, 0.707107, 0.707107), (1.52998e-13, -0.866025, -0.5), (1.52998e-13, -0.866025, -0.5), (7.91976e-14, -0.965926, -0.258819), (7.91976e-14, -0.965926, -0.258819), (7.91976e-14, -0.965926, -0.258819), (1.52998e-13, -0.866025, -0.5), (-0.410365, 0.644826, 0.644826), (-0.410365, 0.644826, 0.644826), (-0.410365, 0.455961, 0.789747), (-0.410365, 0.455961, 0.789747), (-0.410365, 0.455961, 0.789747), (-0.410365, 0.644826, 0.644826), (-0.410365, -0.880849, -0.236023), (-0.410365, -0.880849, -0.236023), (-0.410365, -0.911922, -1.2557e-13), (-0.410365, -0.911922, -1.2557e-13), (-0.410365, -0.911922, -1.2557e-13), (-0.410365, -0.880849, -0.236023), (2.65e-13, -0.5, -0.866025), (2.65e-13, -0.5, -0.866025), (2.16372e-13, -0.707107, -0.707107), (2.16372e-13, -0.707107, -0.707107), (2.16372e-13, -0.707107, -0.707107), (2.65e-13, -0.5, -0.866025), (-0.410365, 0.789747, 0.455961), (-0.410365, 0.644826, 0.644826), (-0.410365, 0.789747, 0.455961), (-0.410365, 0.644826, 0.644826), (-0.410365, 0.789747, 0.455961), (-0.410365, 0.644826, 0.644826), (0.410365, -0.911922, 1.2557e-13), (0.410365, -0.911922, 1.2557e-13), (0.410365, -0.880849, 0.236023), (0.410365, -0.880849, 0.236023), (0.410365, -0.880849, 0.236023), (0.410365, -0.911922, 1.2557e-13), (-0.410365, 0.880849, -0.236023), (-0.410365, 0.911922, -1.2557e-13), (-0.410365, 0.880849, -0.236023), (-0.410365, 0.911922, -1.2557e-13), (-0.410365, 0.880849, -0.236023), (-0.410365, 0.911922, -1.2557e-13), (-0.410365, -0.880849, 0.236023), (-0.410365, -0.880849, 0.236023), (-0.410365, -0.789747, 0.455961), (-0.410365, -0.789747, 0.455961), (-0.410365, -0.789747, 0.455961), (-0.410365, -0.880849, 0.236023), (-0.410365, 0.236023, -0.880849), (-0.410365, 0.236023, -0.880849), (-0.410365, 0, -0.911922), (-0.410365, 0, -0.911922), (-0.410365, 0, -0.911922), (-0.410365, 0.236023, -0.880849), (-2.95569e-13, -0.258819, 0.965926), (-2.95569e-13, -0.258819, 0.965926), (-2.65e-13, -0.5, 0.866025), (-2.65e-13, -0.5, 0.866025), (-2.65e-13, -0.5, 0.866025), (-2.95569e-13, -0.258819, 0.965926), (-1, 0, -3.05996e-13), (-1, 0, -3.05996e-13), (-1, 0, -3.05996e-13), (-1, 0, -3.05996e-13), (-1, 0, -3.05996e-13), (-1, 0, -3.05996e-13), (-1, 0, -3.05996e-13), (-1, 0, -3.05996e-13), (-1, 0, -3.05996e-13), (-1, 0, -3.05996e-13), (-1, 0, -3.05996e-13), (-1, 0, -3.05996e-13), (-1, 0, -3.05996e-13), (-1, 0, -3.05996e-13), (-1, 0, -3.05996e-13), (-1, 0, -3.05996e-13), (-1, 0, -3.05996e-13), (-1, 0, -3.05996e-13), (-1, 0, -3.05996e-13), (-1, 0, -3.05996e-13), (-1, 0, -3.05996e-13), (-1, 0, -3.05996e-13), (-1, 0, -3.05996e-13), (-1, 0, -3.05996e-13), (-1, 0, -3.05996e-13), (-1, 0, -3.05996e-13), (-1, 0, -3.05996e-13), (-1, 0, -3.05996e-13), (-1, 0, -3.05996e-13), (-1, 0, -3.05996e-13), (-1, 0, -3.05996e-13), (-1, 0, -3.05996e-13), (-1, 0, -3.05996e-13), (-1, 0, -3.05996e-13), (-1, 0, -3.05996e-13), (-1, 0, -3.05996e-13), (-1, 0, -3.05996e-13), (-1, 0, -3.05996e-13), (-1, 0, -3.05996e-13), (-1, 0, -3.05996e-13), (-1, 0, -3.05996e-13), (-1, 0, -3.05996e-13), (-1, 0, -3.05996e-13), (-1, 0, -3.05996e-13), (-1, 0, -3.05996e-13), (-1, 0, -3.05996e-13), (-1, 0, -3.05996e-13), (-1, 0, -3.05996e-13), (-1, 0, -3.05996e-13), (-1, 0, -3.05996e-13), (-1, 0, -3.05996e-13), (-1, 0, -3.05996e-13), (-1, 0, -3.05996e-13), (-1, 0, -3.05996e-13), (-1, 0, -3.05996e-13), (-1, 0, -3.05996e-13), (-1, 0, -3.05996e-13), (-1, 0, -3.05996e-13), (-1, 0, -3.05996e-13), (-1, 0, -3.05996e-13), (-1, 0, -3.05996e-13), (-1, 0, -3.05996e-13), (-1, 0, -3.05996e-13), (-1, 0, -3.05996e-13), (-1, 0, -3.05996e-13), (-1, 0, -3.05996e-13), (-1, 0, -3.05996e-13), (-1, 0, -3.05996e-13), (-1, 0, -3.05996e-13), (-1, 0, -3.05996e-13), (-1, 0, -3.05996e-13), (-1, 0, -3.05996e-13), (-1, 0, -3.05996e-13), (-1, 0, -3.05996e-13), (-1, 0, -3.05996e-13), (-1, 0, -3.05996e-13), (-1, 0, -3.05996e-13), (-1, 0, -3.05996e-13), (-1, 0, -3.05996e-13), (-1, 0, -3.05996e-13), (-1, 0, -3.05996e-13), (-1, 0, -3.05996e-13), (-1, 0, -3.05996e-13), (-1, 0, -3.05996e-13), (-1, 0, -3.05996e-13), (-1, 0, -3.05996e-13), (-1, 0, -3.05996e-13), (-1, 0, -3.05996e-13), (-1, 0, -3.05996e-13), (-1, 0, -3.05996e-13), (-1, 0, -3.05996e-13), (-1, 0, -3.05996e-13), (-1, 0, -3.05996e-13), (-1, 0, -3.05996e-13), (-1, 0, -3.05996e-13), (-1, 0, -3.05996e-13), (-1, 0, -3.05996e-13), (-1, 0, -3.05996e-13), (-1, 0, -3.05996e-13), (-1, 0, -3.05996e-13), (-1, 0, -3.05996e-13), (-1, 0, -3.05996e-13), (-1, 0, -3.05996e-13), (-1, 0, -3.05996e-13), (-1, 0, -3.05996e-13), (-1, 0, -3.05996e-13), (-1, 0, -3.05996e-13), (-1, 0, -3.05996e-13), (-1, 0, -3.05996e-13), (-1, 0, -3.05996e-13), (-1, 0, -3.05996e-13), (-1, 0, -3.05996e-13), (-1, 0, -3.05996e-13), (-1, 0, -3.05996e-13), (-1, 0, -3.05996e-13), (-1, 0, -3.05996e-13), (-1, 0, -3.05996e-13), (-1, 0, -3.05996e-13), (-1, 0, -3.05996e-13), (-1, 0, -3.05996e-13), (-1, 0, -3.05996e-13), (-1, 0, -3.05996e-13), (-1, 0, -3.05996e-13), (-1, 0, -3.05996e-13), (-1, 0, -3.05996e-13), (-1, 0, -3.05996e-13), (-1, 0, -3.05996e-13), (-1, 0, -3.05996e-13), (-1, 0, -3.05996e-13), (-1, 0, -3.05996e-13), (-1, 0, -3.05996e-13), (-1, 0, -3.05996e-13), (-1, 0, -3.05996e-13), (-1, 0, -3.05996e-13), (-1, 0, -3.05996e-13), (-1, 0, -3.05996e-13), (-1, 0, -3.05996e-13), (-1, 0, -3.05996e-13), (-1, 0, -3.05996e-13), (-1, 0, -3.05996e-13), (-1, 0, -3.05996e-13), (-1, 0, -3.05996e-13), (-1, 0, -3.05996e-13), (-1, 0, -3.05996e-13), (-0.410365, 0, 0.911922), (-0.410365, -0.236023, 0.880849), (-0.410365, 0, 0.911922), (-0.410365, -0.236023, 0.880849), (-0.410365, 0, 0.911922), (-0.410365, -0.236023, 0.880849), (-0.410365, -0.455961, 0.789747), (-0.410365, -0.644826, 0.644826), (-0.410365, -0.455961, 0.789747), (-0.410365, -0.644826, 0.644826), (-0.410365, -0.455961, 0.789747), (-0.410365, -0.644826, 0.644826), (-7.91976e-14, -0.965926, 0.258819), (-7.91976e-14, -0.965926, 0.258819), (-1.52998e-13, -0.866025, 0.5), (-1.52998e-13, -0.866025, 0.5), (-1.52998e-13, -0.866025, 0.5), (-7.91976e-14, -0.965926, 0.258819), (3.05996e-13, 0, -1), (3.05996e-13, 0, -1), (2.95569e-13, -0.258819, -0.965926), (2.95569e-13, -0.258819, -0.965926), (2.95569e-13, -0.258819, -0.965926), (3.05996e-13, 0, -1), (-7.91976e-14, 0.965926, 0.258819), (-1.52998e-13, 0.866025, 0.5), (-7.91976e-14, 0.965926, 0.258819), (-1.52998e-13, 0.866025, 0.5), (-7.91976e-14, 0.965926, 0.258819), (-1.52998e-13, 0.866025, 0.5), (-0.410365, 0.236023, 0.880849), (-0.410365, 0.236023, 0.880849), (-0.410365, 0, 0.911922), (-0.410365, 0, 0.911922), (-0.410365, 0, 0.911922), (-0.410365, 0.236023, 0.880849), (2.16372e-13, 0.707107, -0.707107), (1.52998e-13, 0.866025, -0.5), (2.16372e-13, 0.707107, -0.707107), (1.52998e-13, 0.866025, -0.5), (2.16372e-13, 0.707107, -0.707107), (1.52998e-13, 0.866025, -0.5), (-0.410365, 0, -0.911922), (-0.410365, 0, -0.911922), (-0.410365, -0.236023, -0.880849), (-0.410365, -0.236023, -0.880849), (-0.410365, -0.236023, -0.880849), (-0.410365, 0, -0.911922), (2.16372e-13, 0.707107, -0.707107), (2.16372e-13, 0.707107, -0.707107), (2.65e-13, 0.5, -0.866025), (2.65e-13, 0.5, -0.866025), (2.65e-13, 0.5, -0.866025), (2.16372e-13, 0.707107, -0.707107), (-0.410365, -0.789747, -0.455961), (-0.410365, -0.789747, -0.455961), (-0.410365, -0.880849, -0.236023), (-0.410365, -0.880849, -0.236023), (-0.410365, -0.880849, -0.236023), (-0.410365, -0.789747, -0.455961), (-0.410365, 0.789747, -0.455961), (-0.410365, 0.880849, -0.236023), (-0.410365, 0.789747, -0.455961), (-0.410365, 0.880849, -0.236023), (-0.410365, 0.789747, -0.455961), (-0.410365, 0.880849, -0.236023), (2.65e-13, 0.5, -0.866025), (2.65e-13, 0.5, -0.866025), (2.95569e-13, 0.258819, -0.965926), (2.95569e-13, 0.258819, -0.965926), (2.95569e-13, 0.258819, -0.965926), (2.65e-13, 0.5, -0.866025), (-0.410365, 0.644826, -0.644826), (-0.410365, 0.455961, -0.789747), (-0.410365, 0.644826, -0.644826), (-0.410365, 0.455961, -0.789747), (-0.410365, 0.644826, -0.644826), (-0.410365, 0.455961, -0.789747), (7.91976e-14, 0.965926, -0.258819), (0, 1, 0), (7.91976e-14, 0.965926, -0.258819), (0, 1, 0), (7.91976e-14, 0.965926, -0.258819), (0, 1, 0), (-0.410365, 0.455961, 0.789747), (-0.410365, 0.455961, 0.789747), (-0.410365, 0.236023, 0.880849), (-0.410365, 0.236023, 0.880849), (-0.410365, 0.236023, 0.880849), (-0.410365, 0.455961, 0.789747), (-0.410365, -0.455961, -0.789747), (-0.410365, -0.455961, -0.789747), (-0.410365, -0.644826, -0.644826), (-0.410365, -0.644826, -0.644826), (-0.410365, -0.644826, -0.644826), (-0.410365, -0.455961, -0.789747), (-1, 0, -3.05996e-13), (-1, 0, -3.05996e-13), (-1, 0, -3.05996e-13), (-1, 0, -3.05996e-13), (-1, 0, -3.05996e-13), (-1, 0, -3.05996e-13), (-1, 0, -3.05996e-13), (-1, 0, -3.05996e-13), (-1, 0, -3.05996e-13), (-1, 0, -3.05996e-13), (-1, 0, -3.05996e-13), (-1, 0, -3.05996e-13), (-1, 0, -3.05996e-13), (-1, 0, -3.05996e-13), (-1, 0, -3.05996e-13), (-1, 0, -3.05996e-13), (-1, 0, -3.05996e-13), (-1, 0, -3.05996e-13), (-1, 0, -3.05996e-13), (-1, 0, -3.05996e-13), (-1, 0, -3.05996e-13), (-1, 0, -3.05996e-13), (-1, 0, -3.05996e-13), (-1, 0, -3.05996e-13), (-1, 0, -3.05996e-13), (-1, 0, -3.05996e-13), (-1, 0, -3.05996e-13), (-1, 0, -3.05996e-13), (-1, 0, -3.05996e-13), (-1, 0, -3.05996e-13), (-1, 0, -3.05996e-13), (-1, 0, -3.05996e-13), (-1, 0, -3.05996e-13), (-1, 0, -3.05996e-13), (-1, 0, -3.05996e-13), (-1, 0, -3.05996e-13), (-1, 0, -3.05996e-13), (-1, 0, -3.05996e-13), (-1, 0, -3.05996e-13), (-1, 0, -3.05996e-13), (-1, 0, -3.05996e-13), (-1, 0, -3.05996e-13), (-1, 0, -3.05996e-13), (-1, 0, -3.05996e-13), (-1, 0, -3.05996e-13), (-1, 0, -3.05996e-13), (-1, 0, -3.05996e-13), (-1, 0, -3.05996e-13), (-1, 0, -3.05996e-13), (-1, 0, -3.05996e-13), (-1, 0, -3.05996e-13), (-1, 0, -3.05996e-13), (-1, 0, -3.05996e-13), (-1, 0, -3.05996e-13), (-1, 0, -3.05996e-13), (-1, 0, -3.05996e-13), (-1, 0, -3.05996e-13), (-1, 0, -3.05996e-13), (-1, 0, -3.05996e-13), (-1, 0, -3.05996e-13), (-1, 0, -3.05996e-13), (-1, 0, -3.05996e-13), (-1, 0, -3.05996e-13), (-1, 0, -3.05996e-13), (-1, 0, -3.05996e-13), (-1, 0, -3.05996e-13), (-1, 0, -3.05996e-13), (-1, 0, -3.05996e-13), (-1, 0, -3.05996e-13), (-1, 0, -3.05996e-13), (-1, 0, -3.05996e-13), (-1, 0, -3.05996e-13), (-1, 0, -3.05996e-13), (-1, 0, -3.05996e-13), (-1, 0, -3.05996e-13), (-1, 0, -3.05996e-13), (-1, 0, -3.05996e-13), (-1, 0, -3.05996e-13), (-1, 0, -3.05996e-13), (-1, 0, -3.05996e-13), (-1, 0, -3.05996e-13), (-1, 0, -3.05996e-13), (-1, 0, -3.05996e-13), (-1, 0, -3.05996e-13), (-1, 0, -3.05996e-13), (-1, 0, -3.05996e-13), (-1, 0, -3.05996e-13), (-1, 0, -3.05996e-13), (-1, 0, -3.05996e-13), (-1, 0, -3.05996e-13), (-1, 0, -3.05996e-13), (-1, 0, -3.05996e-13), (-1, 0, -3.05996e-13), (-1, 0, -3.05996e-13), (-1, 0, -3.05996e-13), (-1, 0, -3.05996e-13), (-1, 0, -3.05996e-13), (-1, 0, -3.05996e-13), (-1, 0, -3.05996e-13), (-1, 0, -3.05996e-13), (-1, 0, -3.05996e-13), (-1, 0, -3.05996e-13), (-1, 0, -3.05996e-13), (-1, 0, -3.05996e-13), (-1, 0, -3.05996e-13), (-1, 0, -3.05996e-13), (-1, 0, -3.05996e-13), (-1, 0, -3.05996e-13), (-1, 0, -3.05996e-13), (-1, 0, -3.05996e-13), (-1, 0, -3.05996e-13), (-1, 0, -3.05996e-13), (-1, 0, -3.05996e-13), (-1, 0, -3.05996e-13), (-1, 0, -3.05996e-13), (-1, 0, -3.05996e-13), (-1, 0, -3.05996e-13), (-1, 0, -3.05996e-13), (-1, 0, -3.05996e-13), (-1, 0, -3.05996e-13), (-1, 0, -3.05996e-13), (-1, 0, -3.05996e-13), (-1, 0, -3.05996e-13), (-1, 0, -3.05996e-13), (-1, 0, -3.05996e-13), (-1, 0, -3.05996e-13), (-1, 0, -3.05996e-13), (-1, 0, -3.05996e-13), (-1, 0, -3.05996e-13), (-1, 0, -3.05996e-13), (-1, 0, -3.05996e-13), (-1, 0, -3.05996e-13), (-1, 0, -3.05996e-13), (-1, 0, -3.05996e-13), (-1, 0, -3.05996e-13), (-1, 0, -3.05996e-13), (-1, 0, -3.05996e-13), (-1, 0, -3.05996e-13), (-1, 0, -3.05996e-13), (-1, 0, -3.05996e-13), (-1, 0, -3.05996e-13), (-1, 0, -3.05996e-13), (-1, 0, -3.05996e-13), (-1, 0, -3.05996e-13), (-0.206518, -0.978443, -5.00216e-15), (-0.206518, -0.945103, -0.25324), (-0.206518, -0.978443, -5.00216e-15), (-0.206518, -0.945103, -0.25324), (-0.206518, -0.978443, -5.00216e-15), (-0.206518, -0.945103, -0.25324), (-0.206518, -0.847356, -0.489221), (-0.206518, -0.691864, -0.691864), (-0.206518, -0.847356, -0.489221), (-0.206518, -0.691864, -0.691864), (-0.206518, -0.847356, -0.489221), (-0.206518, -0.691864, -0.691864), (-0.206518, -0.489221, -0.847356), (-0.206518, -0.489221, -0.847356), (-0.206518, -0.25324, -0.945103), (-0.206518, -0.25324, -0.945103), (-0.206518, -0.25324, -0.945103), (-0.206518, -0.489221, -0.847356), (-0.206518, -0.691864, 0.691864), (-0.206518, -0.847356, 0.489221), (-0.206518, -0.691864, 0.691864), (-0.206518, -0.847356, 0.489221), (-0.206518, -0.691864, 0.691864), (-0.206518, -0.847356, 0.489221), (-0.206518, 0, -0.978443), (-0.206518, 0.25324, -0.945103), (-0.206518, 0, -0.978443), (-0.206518, 0.25324, -0.945103), (-0.206518, 0, -0.978443), (-0.206518, 0.25324, -0.945103), (-0.206518, 0.489221, -0.847356), (-0.206518, 0.691864, -0.691864), (-0.206518, 0.489221, -0.847356), (-0.206518, 0.691864, -0.691864), (-0.206518, 0.489221, -0.847356), (-0.206518, 0.691864, -0.691864), (-0.206518, 0.978443, -5.00216e-15), (-0.206518, 0.945103, 0.25324), (-0.206518, 0.978443, -5.00216e-15), (-0.206518, 0.945103, 0.25324), (-0.206518, 0.978443, -5.00216e-15), (-0.206518, 0.945103, 0.25324), (-0.206518, -0.847356, 0.489221), (-0.206518, -0.945103, 0.25324), (-0.206518, -0.847356, 0.489221), (-0.206518, -0.945103, 0.25324), (-0.206518, -0.847356, 0.489221), (-0.206518, -0.945103, 0.25324), (-1, 0, -2.42215e-14), (-1, 0, -2.42215e-14), (-1, 0, -2.42215e-14), (-1, 0, -2.42215e-14), (-1, 0, -2.42215e-14), (-1, 0, -2.42215e-14), (-1, 0, -2.42215e-14), (-1, 0, -2.42215e-14), (-1, 0, -2.42215e-14), (-1, 0, -2.42215e-14), (-1, 0, -2.42215e-14), (-1, 0, -2.42215e-14), (-1, 0, -2.42215e-14), (-1, 0, -2.42215e-14), (-1, 0, -2.42215e-14), (-1, 0, -2.42215e-14), (-1, 0, -2.42215e-14), (-1, 0, -2.42215e-14), (-1, 0, -2.42215e-14), (-1, 0, -2.42215e-14), (-1, 0, -2.42215e-14), (-1, 0, -2.42215e-14), (-1, 0, -2.42215e-14), (-1, 0, -2.42215e-14), (-1, 0, -2.42215e-14), (-1, 0, -2.42215e-14), (-1, 0, -2.42215e-14), (-1, 0, -2.42215e-14), (-1, 0, -2.42215e-14), (-1, 0, -2.42215e-14), (-1, 0, -2.42215e-14), (-1, 0, -2.42215e-14), (-1, 0, -2.42215e-14), (-1, 0, -2.42215e-14), (-1, 0, -2.42215e-14), (-1, 0, -2.42215e-14), (-1, 0, -2.42215e-14), (-1, 0, -2.42215e-14), (-1, 0, -2.42215e-14), (-1, 0, -2.42215e-14), (-1, 0, -2.42215e-14), (-1, 0, -2.42215e-14), (-1, 0, -2.42215e-14), (-1, 0, -2.42215e-14), (-1, 0, -2.42215e-14), (-1, 0, -2.42215e-14), (-1, 0, -2.42215e-14), (-1, 0, -2.42215e-14), (-1, 0, -2.42215e-14), (-1, 0, -2.42215e-14), (-1, 0, -2.42215e-14), (-1, 0, -2.42215e-14), (-1, 0, -2.42215e-14), (-1, 0, -2.42215e-14), (-1, 0, -2.42215e-14), (-1, 0, -2.42215e-14), (-1, 0, -2.42215e-14), (-1, 0, -2.42215e-14), (-1, 0, -2.42215e-14), (-1, 0, -2.42215e-14), (-1, 0, -2.42215e-14), (-1, 0, -2.42215e-14), (-1, 0, -2.42215e-14), (-1, 0, -2.42215e-14), (-1, 0, -2.42215e-14), (-1, 0, -2.42215e-14), (-1, 0, -2.42215e-14), (-1, 0, -2.42215e-14), (-1, 0, -2.42215e-14), (-1, 0, -2.42215e-14), (-1, 0, -2.42215e-14), (-1, 0, -2.42215e-14), (-1, 0, -2.42215e-14), (-1, 0, -2.42215e-14), (-1, 0, -2.42215e-14), (-1, 0, -2.42215e-14), (-1, 0, -2.42215e-14), (-1, 0, -2.42215e-14), (-1, 0, -2.42215e-14), (-1, 0, -2.42215e-14), (-1, 0, -2.42215e-14), (-1, 0, -2.42215e-14), (-1, 0, -2.42215e-14), (-1, 0, -2.42215e-14), (-1, 0, -2.42215e-14), (-1, 0, -2.42215e-14), (-1, 0, -2.42215e-14), (-1, 0, -2.42215e-14), (-1, 0, -2.42215e-14), (-1, 0, -2.42215e-14), (-1, 0, -2.42215e-14), (-1, 0, -2.42215e-14), (-1, 0, -2.42215e-14), (-1, 0, -2.42215e-14), (-1, 0, -2.42215e-14), (-1, 0, -2.42215e-14), (-1, 0, -2.42215e-14), (-1, 0, -2.42215e-14), (-1, 0, -2.42215e-14), (-1, 0, -2.42215e-14), (-1, 0, -2.42215e-14), (-1, 0, -2.42215e-14), (-1, 0, -2.42215e-14), (-1, 0, -2.42215e-14), (-1, 0, -2.42215e-14), (-1, 0, -2.42215e-14), (-1, 0, -2.42215e-14), (-1, 0, -2.42215e-14), (-1, 0, -2.42215e-14), (-1, 0, -2.42215e-14), (-1, 0, -2.42215e-14), (-1, 0, -2.42215e-14), (-1, 0, -2.42215e-14), (-1, 0, -2.42215e-14), (-1, 0, -2.42215e-14), (-1, 0, -2.42215e-14), (-1, 0, -2.42215e-14), (-1, 0, -2.42215e-14), (-1, 0, -2.42215e-14), (-1, 0, -2.42215e-14), (-1, 0, -2.42215e-14), (-1, 0, -2.42215e-14), (-1, 0, -2.42215e-14), (-1, 0, -2.42215e-14), (-1, 0, -2.42215e-14), (-1, 0, -2.42215e-14), (-1, 0, -2.42215e-14), (-1, 0, -2.42215e-14), (-1, 0, -2.42215e-14), (-1, 0, -2.42215e-14), (-1, 0, -2.42215e-14), (-1, 0, -2.42215e-14), (-1, 0, -2.42215e-14), (-1, 0, -2.42215e-14), (-1, 0, -2.42215e-14), (-1, 0, -2.42215e-14), (-1, 0, -2.42215e-14), (-1, 0, -2.42215e-14), (-1, 0, -2.42215e-14), (-1, 0, -2.42215e-14), (-1, 0, -2.42215e-14), (-1, 0, -2.42215e-14), (-1, 0, -2.42215e-14), (-1, 0, -2.42215e-14), (-0.206518, 0.691864, -0.691864), (-0.206518, 0.847356, -0.489221), (-0.206518, 0.691864, -0.691864), (-0.206518, 0.847356, -0.489221), (-0.206518, 0.691864, -0.691864), (-0.206518, 0.847356, -0.489221), (-0.206518, 0.978443, -5.00216e-15), (-0.206518, 0.978443, -5.00216e-15), (-0.206518, 0.945103, -0.25324), (-0.206518, 0.945103, -0.25324), (-0.206518, 0.945103, -0.25324), (-0.206518, 0.978443, -5.00216e-15), (-0.206518, -0.25324, -0.945103), (-0.206518, 0, -0.978443), (-0.206518, -0.25324, -0.945103), (-0.206518, 0, -0.978443), (-0.206518, -0.25324, -0.945103), (-0.206518, 0, -0.978443), (-0.206518, -0.691864, 0.691864), (-0.206518, -0.489221, 0.847356), (-0.206518, -0.691864, 0.691864), (-0.206518, -0.489221, 0.847356), (-0.206518, -0.691864, 0.691864), (-0.206518, -0.489221, 0.847356), (-0.206518, -0.489221, 0.847356), (-0.206518, -0.25324, 0.945103), (-0.206518, -0.489221, 0.847356), (-0.206518, -0.25324, 0.945103), (-0.206518, -0.489221, 0.847356), (-0.206518, -0.25324, 0.945103), (-0.206518, 0.25324, 0.945103), (-0.206518, 0.25324, 0.945103), (-0.206518, 0.489221, 0.847356), (-0.206518, 0.489221, 0.847356), (-0.206518, 0.489221, 0.847356), (-0.206518, 0.25324, 0.945103), (-0.206518, -0.25324, 0.945103), (-0.206518, 0, 0.978443), (-0.206518, -0.25324, 0.945103), (-0.206518, 0, 0.978443), (-0.206518, -0.25324, 0.945103), (-0.206518, 0, 0.978443), (-0.206518, 0.847356, -0.489221), (-0.206518, 0.945103, -0.25324), (-0.206518, 0.847356, -0.489221), (-0.206518, 0.945103, -0.25324), (-0.206518, 0.847356, -0.489221), (-0.206518, 0.945103, -0.25324), (-0.206518, 0, 0.978443), (-0.206518, 0, 0.978443), (-0.206518, 0.25324, 0.945103), (-0.206518, 0.25324, 0.945103), (-0.206518, 0.25324, 0.945103), (-0.206518, 0, 0.978443), (-0.206518, -0.691864, -0.691864), (-0.206518, -0.691864, -0.691864), (-0.206518, -0.489221, -0.847356), (-0.206518, -0.489221, -0.847356), (-0.206518, -0.489221, -0.847356), (-0.206518, -0.691864, -0.691864), (-0.206518, 0.489221, 0.847356), (-0.206518, 0.489221, 0.847356), (-0.206518, 0.691864, 0.691864), (-0.206518, 0.691864, 0.691864), (-0.206518, 0.691864, 0.691864), (-0.206518, 0.489221, 0.847356), (-0.206518, 0.25324, -0.945103), (-0.206518, 0.489221, -0.847356), (-0.206518, 0.25324, -0.945103), (-0.206518, 0.489221, -0.847356), (-0.206518, 0.25324, -0.945103), (-0.206518, 0.489221, -0.847356), (-0.206518, -0.978443, -5.00216e-15), (-0.206518, -0.978443, -5.00216e-15), (-0.206518, -0.945103, 0.25324), (-0.206518, -0.945103, 0.25324), (-0.206518, -0.945103, 0.25324), (-0.206518, -0.978443, -5.00216e-15), (-0.206518, -0.945103, -0.25324), (-0.206518, -0.847356, -0.489221), (-0.206518, -0.945103, -0.25324), (-0.206518, -0.847356, -0.489221), (-0.206518, -0.945103, -0.25324), (-0.206518, -0.847356, -0.489221), (-0.206518, 0.847356, 0.489221), (-0.206518, 0.691864, 0.691864), (-0.206518, 0.847356, 0.489221), (-0.206518, 0.691864, 0.691864), (-0.206518, 0.847356, 0.489221), (-0.206518, 0.691864, 0.691864), (-0.206518, 0.847356, 0.489221), (-0.206518, 0.847356, 0.489221), (-0.206518, 0.945103, 0.25324), (-0.206518, 0.945103, 0.25324), (-0.206518, 0.945103, 0.25324), (-0.206518, 0.847356, 0.489221), (-0.267059, 0.681425, -0.681425), (-0.267059, 0.48184, -0.834571), (-0.267059, 0.681425, -0.681425), (-0.267059, 0.48184, -0.834571), (-0.267059, 0.681425, -0.681425), (-0.267059, 0.48184, -0.834571), (-0.267059, 0.834571, 0.48184), (-0.267059, 0.681425, 0.681425), (-0.267059, 0.834571, 0.48184), (-0.267059, 0.681425, 0.681425), (-0.267059, 0.834571, 0.48184), (-0.267059, 0.681425, 0.681425), (-0.267059, -0.96368, -8.17191e-14), (-0.267059, -0.96368, -8.17191e-14), (-0.267059, -0.930844, 0.249419), (-0.267059, -0.930844, 0.249419), (-0.267059, -0.930844, 0.249419), (-0.267059, -0.96368, -8.17191e-14), (-0.267059, -0.249419, 0.930844), (-0.267059, -0.48184, 0.834571), (-0.267059, -0.249419, 0.930844), (-0.267059, -0.48184, 0.834571), (-0.267059, -0.249419, 0.930844), (-0.267059, -0.48184, 0.834571), (-0.267059, 0.834571, -0.48184), (-0.267059, 0.930844, -0.249419), (-0.267059, 0.834571, -0.48184), (-0.267059, 0.930844, -0.249419), (-0.267059, 0.834571, -0.48184), (-0.267059, 0.930844, -0.249419), (-0.267059, -0.834571, 0.48184), (-0.267059, -0.834571, 0.48184), (-0.267059, -0.681425, 0.681425), (-0.267059, -0.681425, 0.681425), (-0.267059, -0.681425, 0.681425), (-0.267059, -0.834571, 0.48184), (-0.267059, -0.681425, -0.681425), (-0.267059, -0.681425, -0.681425), (-0.267059, -0.834571, -0.48184), (-0.267059, -0.834571, -0.48184), (-0.267059, -0.834571, -0.48184), (-0.267059, -0.681425, -0.681425), (-0.267059, 0.681425, 0.681425), (-0.267059, 0.681425, 0.681425), (-0.267059, 0.48184, 0.834571), (-0.267059, 0.48184, 0.834571), (-0.267059, 0.48184, 0.834571), (-0.267059, 0.681425, 0.681425), (-0.267059, -0.48184, 0.834571), (-0.267059, -0.681425, 0.681425), (-0.267059, -0.48184, 0.834571), (-0.267059, -0.681425, 0.681425), (-0.267059, -0.48184, 0.834571), (-0.267059, -0.681425, 0.681425), (-0.267059, -0.834571, -0.48184), (-0.267059, -0.834571, -0.48184), (-0.267059, -0.930844, -0.249419), (-0.267059, -0.930844, -0.249419), (-0.267059, -0.930844, -0.249419), (-0.267059, -0.834571, -0.48184), (-0.267059, 0.930844, 0.249419), (-0.267059, 0.834571, 0.48184), (-0.267059, 0.930844, 0.249419), (-0.267059, 0.834571, 0.48184), (-0.267059, 0.930844, 0.249419), (-0.267059, 0.834571, 0.48184), (-0.267059, 0.96368, -8.17191e-14), (-0.267059, 0.930844, 0.249419), (-0.267059, 0.96368, -8.17191e-14), (-0.267059, 0.930844, 0.249419), (-0.267059, 0.96368, -8.17191e-14), (-0.267059, 0.930844, 0.249419), (-0.267059, -0.48184, -0.834571), (-0.267059, -0.48184, -0.834571), (-0.267059, -0.681425, -0.681425), (-0.267059, -0.681425, -0.681425), (-0.267059, -0.681425, -0.681425), (-0.267059, -0.48184, -0.834571), (-0.267059, 0.249419, -0.930844), (-0.267059, 0, -0.96368), (-0.267059, 0.249419, -0.930844), (-0.267059, 0, -0.96368), (-0.267059, 0.249419, -0.930844), (-0.267059, 0, -0.96368), (-0.267059, 0.681425, -0.681425), (-0.267059, 0.834571, -0.48184), (-0.267059, 0.681425, -0.681425), (-0.267059, 0.834571, -0.48184), (-0.267059, 0.681425, -0.681425), (-0.267059, 0.834571, -0.48184), (-0.267059, -0.249419, -0.930844), (-0.267059, -0.249419, -0.930844), (-0.267059, -0.48184, -0.834571), (-0.267059, -0.48184, -0.834571), (-0.267059, -0.48184, -0.834571), (-0.267059, -0.249419, -0.930844), (-0.267059, 0.249419, 0.930844), (-0.267059, 0.249419, 0.930844), (-0.267059, 0, 0.96368), (-0.267059, 0, 0.96368), (-0.267059, 0, 0.96368), (-0.267059, 0.249419, 0.930844), (-0.267059, 0, -0.96368), (-0.267059, 0, -0.96368), (-0.267059, -0.249419, -0.930844), (-0.267059, -0.249419, -0.930844), (-0.267059, -0.249419, -0.930844), (-0.267059, 0, -0.96368), (-0.267059, 0.48184, 0.834571), (-0.267059, 0.48184, 0.834571), (-0.267059, 0.249419, 0.930844), (-0.267059, 0.249419, 0.930844), (-0.267059, 0.249419, 0.930844), (-0.267059, 0.48184, 0.834571), (-0.267059, 0.930844, -0.249419), (-0.267059, 0.96368, -8.17191e-14), (-0.267059, 0.930844, -0.249419), (-0.267059, 0.96368, -8.17191e-14), (-0.267059, 0.930844, -0.249419), (-0.267059, 0.96368, -8.17191e-14), (-0.267059, -0.930844, 0.249419), (-0.267059, -0.930844, 0.249419), (-0.267059, -0.834571, 0.48184), (-0.267059, -0.834571, 0.48184), (-0.267059, -0.834571, 0.48184), (-0.267059, -0.930844, 0.249419), (-1, 0, -3.05996e-13), (-1, 0, -3.05996e-13), (-1, 0, -3.05996e-13), (-1, 0, -3.05996e-13), (-1, 0, -3.05996e-13), (-1, 0, -3.05996e-13), (-1, 0, -3.05996e-13), (-1, 0, -3.05996e-13), (-1, 0, -3.05996e-13), (-1, 0, -3.05996e-13), (-1, 0, -3.05996e-13), (-1, 0, -3.05996e-13), (-1, 0, -3.05996e-13), (-1, 0, -3.05996e-13), (-1, 0, -3.05996e-13), (-1, 0, -3.05996e-13), (-1, 0, -3.05996e-13), (-1, 0, -3.05996e-13), (-1, 0, -3.05996e-13), (-1, 0, -3.05996e-13), (-1, 0, -3.05996e-13), (-1, 0, -3.05996e-13), (-1, 0, -3.05996e-13), (-1, 0, -3.05996e-13), (-1, 0, -3.05996e-13), (-1, 0, -3.05996e-13), (-1, 0, -3.05996e-13), (-1, 0, -3.05996e-13), (-1, 0, -3.05996e-13), (-1, 0, -3.05996e-13), (-1, 0, -3.05996e-13), (-1, 0, -3.05996e-13), (-1, 0, -3.05996e-13), (-1, 0, -3.05996e-13), (-1, 0, -3.05996e-13), (-1, 0, -3.05996e-13), (-1, 0, -3.05996e-13), (-1, 0, -3.05996e-13), (-1, 0, -3.05996e-13), (-1, 0, -3.05996e-13), (-1, 0, -3.05996e-13), (-1, 0, -3.05996e-13), (-1, 0, -3.05996e-13), (-1, 0, -3.05996e-13), (-1, 0, -3.05996e-13), (-1, 0, -3.05996e-13), (-1, 0, -3.05996e-13), (-1, 0, -3.05996e-13), (-1, 0, -3.05996e-13), (-1, 0, -3.05996e-13), (-1, 0, -3.05996e-13), (-1, 0, -3.05996e-13), (-1, 0, -3.05996e-13), (-1, 0, -3.05996e-13), (-1, 0, -3.05996e-13), (-1, 0, -3.05996e-13), (-1, 0, -3.05996e-13), (-1, 0, -3.05996e-13), (-1, 0, -3.05996e-13), (-1, 0, -3.05996e-13), (-1, 0, -3.05996e-13), (-1, 0, -3.05996e-13), (-1, 0, -3.05996e-13), (-1, 0, -3.05996e-13), (-1, 0, -3.05996e-13), (-1, 0, -3.05996e-13), (-0.267059, 0, 0.96368), (-0.267059, -0.249419, 0.930844), (-0.267059, 0, 0.96368), (-0.267059, -0.249419, 0.930844), (-0.267059, 0, 0.96368), (-0.267059, -0.249419, 0.930844), (-0.267059, -0.930844, -0.249419), (-0.267059, -0.930844, -0.249419), (-0.267059, -0.96368, -8.17191e-14), (-0.267059, -0.96368, -8.17191e-14), (-0.267059, -0.96368, -8.17191e-14), (-0.267059, -0.930844, -0.249419), (-0.267059, 0.48184, -0.834571), (-0.267059, 0.249419, -0.930844), (-0.267059, 0.48184, -0.834571), (-0.267059, 0.249419, -0.930844), (-0.267059, 0.48184, -0.834571), (-0.267059, 0.249419, -0.930844), (0.410365, 0.455961, 0.789747), (0.410365, 0.236023, 0.880849), (0.410365, 0.455961, 0.789747), (0.410365, 0.236023, 0.880849), (0.410365, 0.455961, 0.789747), (0.410365, 0.236023, 0.880849), (0.410365, -0.789747, 0.455961), (0.410365, -0.789747, 0.455961), (0.410365, -0.644826, 0.644826), (0.410365, -0.644826, 0.644826), (0.410365, -0.644826, 0.644826), (0.410365, -0.789747, 0.455961), (0.410365, -0.644826, -0.644826), (0.410365, -0.644826, -0.644826), (0.410365, -0.789747, -0.455961), (0.410365, -0.789747, -0.455961), (0.410365, -0.789747, -0.455961), (0.410365, -0.644826, -0.644826), (2.16372e-13, -0.707107, -0.707107), (2.16372e-13, -0.707107, -0.707107), (1.52998e-13, -0.866025, -0.5), (1.52998e-13, -0.866025, -0.5), (1.52998e-13, -0.866025, -0.5), (2.16372e-13, -0.707107, -0.707107), (0, -1, 0), (0, -1, 0), (-7.91976e-14, -0.965926, 0.258819), (-7.91976e-14, -0.965926, 0.258819), (-7.91976e-14, -0.965926, 0.258819), (0, -1, 0), (-0.410365, 0.644826, -0.644826), (-0.410365, 0.789747, -0.455961), (-0.410365, 0.644826, -0.644826), (-0.410365, 0.789747, -0.455961), (-0.410365, 0.644826, -0.644826), (-0.410365, 0.789747, -0.455961), (0.410365, -0.880849, -0.236023), (0.410365, -0.880849, -0.236023), (0.410365, -0.911922, 1.2557e-13), (0.410365, -0.911922, 1.2557e-13), (0.410365, -0.911922, 1.2557e-13), (0.410365, -0.880849, -0.236023), (0.410365, -0.789747, -0.455961), (0.410365, -0.789747, -0.455961), (0.410365, -0.880849, -0.236023), (0.410365, -0.880849, -0.236023), (0.410365, -0.880849, -0.236023), (0.410365, -0.789747, -0.455961), (0.410365, 0.644826, -0.644826), (0.410365, 0.644826, -0.644826), (0.410365, 0.455961, -0.789747), (0.410365, 0.455961, -0.789747), (0.410365, 0.455961, -0.789747), (0.410365, 0.644826, -0.644826), (0.410365, 0.789747, 0.455961), (0.410365, 0.644826, 0.644826), (0.410365, 0.789747, 0.455961), (0.410365, 0.644826, 0.644826), (0.410365, 0.789747, 0.455961), (0.410365, 0.644826, 0.644826), (0.410365, 0.644826, 0.644826), (0.410365, 0.455961, 0.789747), (0.410365, 0.644826, 0.644826), (0.410365, 0.455961, 0.789747), (0.410365, 0.644826, 0.644826), (0.410365, 0.455961, 0.789747), (0.410365, 0.236023, -0.880849), (0.410365, 0.236023, -0.880849), (0.410365, 0, -0.911922), (0.410365, 0, -0.911922), (0.410365, 0, -0.911922), (0.410365, 0.236023, -0.880849), (-0.410365, 0.880849, 0.236023), (-0.410365, 0.789747, 0.455961), (-0.410365, 0.880849, 0.236023), (-0.410365, 0.789747, 0.455961), (-0.410365, 0.880849, 0.236023), (-0.410365, 0.789747, 0.455961), (-0.410365, -0.236023, 0.880849), (-0.410365, -0.455961, 0.789747), (-0.410365, -0.236023, 0.880849), (-0.410365, -0.455961, 0.789747), (-0.410365, -0.236023, 0.880849), (-0.410365, -0.455961, 0.789747), (0, 1, 0), (-7.91976e-14, 0.965926, 0.258819), (0, 1, 0), (-7.91976e-14, 0.965926, 0.258819), (0, 1, 0), (-7.91976e-14, 0.965926, 0.258819), (0.410365, 0.880849, 0.236023), (0.410365, 0.789747, 0.455961), (0.410365, 0.880849, 0.236023), (0.410365, 0.789747, 0.455961), (0.410365, 0.880849, 0.236023), (0.410365, 0.789747, 0.455961), (-2.95569e-13, 0.258819, 0.965926), (-2.95569e-13, 0.258819, 0.965926), (-3.05996e-13, 0, 1), (-3.05996e-13, 0, 1), (-3.05996e-13, 0, 1), (-2.95569e-13, 0.258819, 0.965926), (1.52998e-13, 0.866025, -0.5), (7.91976e-14, 0.965926, -0.258819), (1.52998e-13, 0.866025, -0.5), (7.91976e-14, 0.965926, -0.258819), (1.52998e-13, 0.866025, -0.5), (7.91976e-14, 0.965926, -0.258819), (-2.65e-13, -0.5, 0.866025), (-2.65e-13, -0.5, 0.866025), (-2.16372e-13, -0.707107, 0.707107), (-2.16372e-13, -0.707107, 0.707107), (-2.16372e-13, -0.707107, 0.707107), (-2.65e-13, -0.5, 0.866025), (0.410365, 0.911922, 1.2557e-13), (0.410365, 0.880849, 0.236023), (0.410365, 0.911922, 1.2557e-13), (0.410365, 0.880849, 0.236023), (0.410365, 0.911922, 1.2557e-13), (0.410365, 0.880849, 0.236023), (-0.410365, 0.911922, -1.2557e-13), (-0.410365, 0.880849, 0.236023), (-0.410365, 0.911922, -1.2557e-13), (-0.410365, 0.880849, 0.236023), (-0.410365, 0.911922, -1.2557e-13), (-0.410365, 0.880849, 0.236023), (0.410365, 0.644826, -0.644826), (0.410365, 0.789747, -0.455961), (0.410365, 0.644826, -0.644826), (0.410365, 0.789747, -0.455961), (0.410365, 0.644826, -0.644826), (0.410365, 0.789747, -0.455961), (0.410365, 0.789747, -0.455961), (0.410365, 0.880849, -0.236023), (0.410365, 0.789747, -0.455961), (0.410365, 0.880849, -0.236023), (0.410365, 0.789747, -0.455961), (0.410365, 0.880849, -0.236023), (0.410365, 0, 0.911922), (0.410365, 0, 0.911922), (0.410365, -0.236023, 0.880849), (0.410365, -0.236023, 0.880849), (0.410365, -0.236023, 0.880849), (0.410365, 0, 0.911922), (-0.410365, 0.455961, -0.789747), (-0.410365, 0.236023, -0.880849), (-0.410365, 0.455961, -0.789747), (-0.410365, 0.236023, -0.880849), (-0.410365, 0.455961, -0.789747), (-0.410365, 0.236023, -0.880849), (0.410365, -0.880849, 0.236023), (0.410365, -0.880849, 0.236023), (0.410365, -0.789747, 0.455961), (0.410365, -0.789747, 0.455961), (0.410365, -0.789747, 0.455961), (0.410365, -0.880849, 0.236023), (0.410365, 0.236023, 0.880849), (0.410365, 0.236023, 0.880849), (0.410365, 0, 0.911922), (0.410365, 0, 0.911922), (0.410365, 0, 0.911922), (0.410365, 0.236023, 0.880849), (-0.410365, -0.789747, 0.455961), (-0.410365, -0.789747, 0.455961), (-0.410365, -0.644826, 0.644826), (-0.410365, -0.644826, 0.644826), (-0.410365, -0.644826, 0.644826), (-0.410365, -0.789747, 0.455961), (0.410365, 0, -0.911922), (0.410365, -0.236023, -0.880849), (0.410365, 0, -0.911922), (0.410365, -0.236023, -0.880849), (0.410365, 0, -0.911922), (0.410365, -0.236023, -0.880849), (0.410365, -0.455961, -0.789747), (0.410365, -0.644826, -0.644826), (0.410365, -0.455961, -0.789747), (0.410365, -0.644826, -0.644826), (0.410365, -0.455961, -0.789747), (0.410365, -0.644826, -0.644826), (0.410365, -0.236023, -0.880849), (0.410365, -0.455961, -0.789747), (0.410365, -0.236023, -0.880849), (0.410365, -0.455961, -0.789747), (0.410365, -0.236023, -0.880849), (0.410365, -0.455961, -0.789747), (7.91976e-14, -0.965926, -0.258819), (7.91976e-14, -0.965926, -0.258819), (0, -1, 0), (0, -1, 0), (0, -1, 0), (7.91976e-14, -0.965926, -0.258819), (2.95569e-13, -0.258819, -0.965926), (2.95569e-13, -0.258819, -0.965926), (2.65e-13, -0.5, -0.866025), (2.65e-13, -0.5, -0.866025), (2.65e-13, -0.5, -0.866025), (2.95569e-13, -0.258819, -0.965926), (-1.52998e-13, -0.866025, 0.5), (-1.52998e-13, -0.866025, 0.5), (-2.16372e-13, -0.707107, 0.707107), (-2.16372e-13, -0.707107, 0.707107), (-2.16372e-13, -0.707107, 0.707107), (-1.52998e-13, -0.866025, 0.5), (2.95569e-13, 0.258819, -0.965926), (2.95569e-13, 0.258819, -0.965926), (3.05996e-13, 0, -1), (3.05996e-13, 0, -1), (3.05996e-13, 0, -1), (2.95569e-13, 0.258819, -0.965926), (-3.05996e-13, 0, 1), (-3.05996e-13, 0, 1), (-2.95569e-13, -0.258819, 0.965926), (-2.95569e-13, -0.258819, 0.965926), (-2.95569e-13, -0.258819, 0.965926), (-3.05996e-13, 0, 1), (-0.410365, -0.236023, -0.880849), (-0.410365, -0.236023, -0.880849), (-0.410365, -0.455961, -0.789747), (-0.410365, -0.455961, -0.789747), (-0.410365, -0.455961, -0.789747), (-0.410365, -0.236023, -0.880849), (0.410365, 0.455961, -0.789747), (0.410365, 0.455961, -0.789747), (0.410365, 0.236023, -0.880849), (0.410365, 0.236023, -0.880849), (0.410365, 0.236023, -0.880849), (0.410365, 0.455961, -0.789747), (0.410365, -0.455961, 0.789747), (0.410365, -0.455961, 0.789747), (0.410365, -0.644826, 0.644826), (0.410365, -0.644826, 0.644826), (0.410365, -0.644826, 0.644826), (0.410365, -0.455961, 0.789747), (-1.52998e-13, 0.866025, 0.5), (-2.16372e-13, 0.707107, 0.707107), (-1.52998e-13, 0.866025, 0.5), (-2.16372e-13, 0.707107, 0.707107), (-1.52998e-13, 0.866025, 0.5), (-2.16372e-13, 0.707107, 0.707107), (0.410365, 0.880849, -0.236023), (0.410365, 0.911922, 1.2557e-13), (0.410365, 0.880849, -0.236023), (0.410365, 0.911922, 1.2557e-13), (0.410365, 0.880849, -0.236023), (0.410365, 0.911922, 1.2557e-13), (-0.410365, -0.911922, -1.2557e-13), (-0.410365, -0.911922, -1.2557e-13), (-0.410365, -0.880849, 0.236023), (-0.410365, -0.880849, 0.236023), (-0.410365, -0.880849, 0.236023), (-0.410365, -0.911922, -1.2557e-13), (-2.65e-13, 0.5, 0.866025), (-2.65e-13, 0.5, 0.866025), (-2.95569e-13, 0.258819, 0.965926), (-2.95569e-13, 0.258819, 0.965926), (-2.95569e-13, 0.258819, 0.965926), (-2.65e-13, 0.5, 0.866025), (0.410365, -0.236023, 0.880849), (0.410365, -0.236023, 0.880849), (0.410365, -0.455961, 0.789747), (0.410365, -0.455961, 0.789747), (0.410365, -0.455961, 0.789747), (0.410365, -0.236023, 0.880849), (1, 0, 3.05996e-13), (1, 0, 3.05996e-13), (1, 0, 3.05996e-13), (1, 0, 3.05996e-13), (1, 0, 3.05996e-13), (1, 0, 3.05996e-13), (1, 0, 3.05996e-13), (1, 0, 3.05996e-13), (1, 0, 3.05996e-13), (1, 0, 3.05996e-13), (1, 0, 3.05996e-13), (1, 0, 3.05996e-13), (1, 0, 3.05996e-13), (1, 0, 3.05996e-13), (1, 0, 3.05996e-13), (1, 0, 3.05996e-13), (1, 0, 3.05996e-13), (1, 0, 3.05996e-13), (1, 0, 3.05996e-13), (1, 0, 3.05996e-13), (1, 0, 3.05996e-13), (1, 0, 3.05996e-13), (1, 0, 3.05996e-13), (1, 0, 3.05996e-13), (1, 0, 3.05996e-13), (1, 0, 3.05996e-13), (1, 0, 3.05996e-13), (1, 0, 3.05996e-13), (1, 0, 3.05996e-13), (1, 0, 3.05996e-13), (1, 0, 3.05996e-13), (1, 0, 3.05996e-13), (1, 0, 3.05996e-13), (1, 0, 3.05996e-13), (1, 0, 3.05996e-13), (1, 0, 3.05996e-13), (1, 0, 3.05996e-13), (1, 0, 3.05996e-13), (1, 0, 3.05996e-13), (1, 0, 3.05996e-13), (1, 0, 3.05996e-13), (1, 0, 3.05996e-13), (1, 0, 3.05996e-13), (1, 0, 3.05996e-13), (1, 0, 3.05996e-13), (1, 0, 3.05996e-13), (1, 0, 3.05996e-13), (1, 0, 3.05996e-13), (1, 0, 3.05996e-13), (1, 0, 3.05996e-13), (1, 0, 3.05996e-13), (1, 0, 3.05996e-13), (1, 0, 3.05996e-13), (1, 0, 3.05996e-13), (1, 0, 3.05996e-13), (1, 0, 3.05996e-13), (1, 0, 3.05996e-13), (1, 0, 3.05996e-13), (1, 0, 3.05996e-13), (1, 0, 3.05996e-13), (1, 0, 3.05996e-13), (1, 0, 3.05996e-13), (1, 0, 3.05996e-13), (1, 0, 3.05996e-13), (1, 0, 3.05996e-13), (1, 0, 3.05996e-13), (-0.410365, -0.644826, -0.644826), (-0.410365, -0.644826, -0.644826), (-0.410365, -0.789747, -0.455961), (-0.410365, -0.789747, -0.455961), (-0.410365, -0.789747, -0.455961), (-0.410365, -0.644826, -0.644826), (-2.16372e-13, 0.707107, 0.707107), (-2.16372e-13, 0.707107, 0.707107), (-2.65e-13, 0.5, 0.866025), (-2.65e-13, 0.5, 0.866025), (-2.65e-13, 0.5, 0.866025), (-2.16372e-13, 0.707107, 0.707107), (1.52998e-13, -0.866025, -0.5), (1.52998e-13, -0.866025, -0.5), (7.91976e-14, -0.965926, -0.258819), (7.91976e-14, -0.965926, -0.258819), (7.91976e-14, -0.965926, -0.258819), (1.52998e-13, -0.866025, -0.5), (-0.410365, 0.644826, 0.644826), (-0.410365, 0.644826, 0.644826), (-0.410365, 0.455961, 0.789747), (-0.410365, 0.455961, 0.789747), (-0.410365, 0.455961, 0.789747), (-0.410365, 0.644826, 0.644826), (-0.410365, -0.880849, -0.236023), (-0.410365, -0.880849, -0.236023), (-0.410365, -0.911922, -1.2557e-13), (-0.410365, -0.911922, -1.2557e-13), (-0.410365, -0.911922, -1.2557e-13), (-0.410365, -0.880849, -0.236023), (2.65e-13, -0.5, -0.866025), (2.65e-13, -0.5, -0.866025), (2.16372e-13, -0.707107, -0.707107), (2.16372e-13, -0.707107, -0.707107), (2.16372e-13, -0.707107, -0.707107), (2.65e-13, -0.5, -0.866025), (-0.410365, 0.789747, 0.455961), (-0.410365, 0.644826, 0.644826), (-0.410365, 0.789747, 0.455961), (-0.410365, 0.644826, 0.644826), (-0.410365, 0.789747, 0.455961), (-0.410365, 0.644826, 0.644826), (0.410365, -0.911922, 1.2557e-13), (0.410365, -0.911922, 1.2557e-13), (0.410365, -0.880849, 0.236023), (0.410365, -0.880849, 0.236023), (0.410365, -0.880849, 0.236023), (0.410365, -0.911922, 1.2557e-13), (-0.410365, 0.880849, -0.236023), (-0.410365, 0.911922, -1.2557e-13), (-0.410365, 0.880849, -0.236023), (-0.410365, 0.911922, -1.2557e-13), (-0.410365, 0.880849, -0.236023), (-0.410365, 0.911922, -1.2557e-13), (-0.410365, -0.880849, 0.236023), (-0.410365, -0.880849, 0.236023), (-0.410365, -0.789747, 0.455961), (-0.410365, -0.789747, 0.455961), (-0.410365, -0.789747, 0.455961), (-0.410365, -0.880849, 0.236023), (-0.410365, 0.236023, -0.880849), (-0.410365, 0.236023, -0.880849), (-0.410365, 0, -0.911922), (-0.410365, 0, -0.911922), (-0.410365, 0, -0.911922), (-0.410365, 0.236023, -0.880849), (-2.95569e-13, -0.258819, 0.965926), (-2.95569e-13, -0.258819, 0.965926), (-2.65e-13, -0.5, 0.866025), (-2.65e-13, -0.5, 0.866025), (-2.65e-13, -0.5, 0.866025), (-2.95569e-13, -0.258819, 0.965926), (-1, 0, -3.05996e-13), (-1, 0, -3.05996e-13), (-1, 0, -3.05996e-13), (-1, 0, -3.05996e-13), (-1, 0, -3.05996e-13), (-1, 0, -3.05996e-13), (-1, 0, -3.05996e-13), (-1, 0, -3.05996e-13), (-1, 0, -3.05996e-13), (-1, 0, -3.05996e-13), (-1, 0, -3.05996e-13), (-1, 0, -3.05996e-13), (-1, 0, -3.05996e-13), (-1, 0, -3.05996e-13), (-1, 0, -3.05996e-13), (-1, 0, -3.05996e-13), (-1, 0, -3.05996e-13), (-1, 0, -3.05996e-13), (-1, 0, -3.05996e-13), (-1, 0, -3.05996e-13), (-1, 0, -3.05996e-13), (-1, 0, -3.05996e-13), (-1, 0, -3.05996e-13), (-1, 0, -3.05996e-13), (-1, 0, -3.05996e-13), (-1, 0, -3.05996e-13), (-1, 0, -3.05996e-13), (-1, 0, -3.05996e-13), (-1, 0, -3.05996e-13), (-1, 0, -3.05996e-13), (-1, 0, -3.05996e-13), (-1, 0, -3.05996e-13), (-1, 0, -3.05996e-13), (-1, 0, -3.05996e-13), (-1, 0, -3.05996e-13), (-1, 0, -3.05996e-13), (-1, 0, -3.05996e-13), (-1, 0, -3.05996e-13), (-1, 0, -3.05996e-13), (-1, 0, -3.05996e-13), (-1, 0, -3.05996e-13), (-1, 0, -3.05996e-13), (-1, 0, -3.05996e-13), (-1, 0, -3.05996e-13), (-1, 0, -3.05996e-13), (-1, 0, -3.05996e-13), (-1, 0, -3.05996e-13), (-1, 0, -3.05996e-13), (-1, 0, -3.05996e-13), (-1, 0, -3.05996e-13), (-1, 0, -3.05996e-13), (-1, 0, -3.05996e-13), (-1, 0, -3.05996e-13), (-1, 0, -3.05996e-13), (-1, 0, -3.05996e-13), (-1, 0, -3.05996e-13), (-1, 0, -3.05996e-13), (-1, 0, -3.05996e-13), (-1, 0, -3.05996e-13), (-1, 0, -3.05996e-13), (-1, 0, -3.05996e-13), (-1, 0, -3.05996e-13), (-1, 0, -3.05996e-13), (-1, 0, -3.05996e-13), (-1, 0, -3.05996e-13), (-1, 0, -3.05996e-13), (-1, 0, -3.05996e-13), (-1, 0, -3.05996e-13), (-1, 0, -3.05996e-13), (-1, 0, -3.05996e-13), (-1, 0, -3.05996e-13), (-1, 0, -3.05996e-13), (-1, 0, -3.05996e-13), (-1, 0, -3.05996e-13), (-1, 0, -3.05996e-13), (-1, 0, -3.05996e-13), (-1, 0, -3.05996e-13), (-1, 0, -3.05996e-13), (-1, 0, -3.05996e-13), (-1, 0, -3.05996e-13), (-1, 0, -3.05996e-13), (-1, 0, -3.05996e-13), (-1, 0, -3.05996e-13), (-1, 0, -3.05996e-13), (-1, 0, -3.05996e-13), (-1, 0, -3.05996e-13), (-1, 0, -3.05996e-13), (-1, 0, -3.05996e-13), (-1, 0, -3.05996e-13), (-1, 0, -3.05996e-13), (-1, 0, -3.05996e-13), (-1, 0, -3.05996e-13), (-1, 0, -3.05996e-13), (-1, 0, -3.05996e-13), (-1, 0, -3.05996e-13), (-1, 0, -3.05996e-13), (-1, 0, -3.05996e-13), (-1, 0, -3.05996e-13), (-1, 0, -3.05996e-13), (-1, 0, -3.05996e-13), (-1, 0, -3.05996e-13), (-1, 0, -3.05996e-13), (-1, 0, -3.05996e-13), (-1, 0, -3.05996e-13), (-1, 0, -3.05996e-13), (-1, 0, -3.05996e-13), (-1, 0, -3.05996e-13), (-1, 0, -3.05996e-13), (-1, 0, -3.05996e-13), (-1, 0, -3.05996e-13), (-1, 0, -3.05996e-13), (-1, 0, -3.05996e-13), (-1, 0, -3.05996e-13), (-1, 0, -3.05996e-13), (-1, 0, -3.05996e-13), (-1, 0, -3.05996e-13), (-1, 0, -3.05996e-13), (-1, 0, -3.05996e-13), (-1, 0, -3.05996e-13), (-1, 0, -3.05996e-13), (-1, 0, -3.05996e-13), (-1, 0, -3.05996e-13), (-1, 0, -3.05996e-13), (-1, 0, -3.05996e-13), (-1, 0, -3.05996e-13), (-1, 0, -3.05996e-13), (-1, 0, -3.05996e-13), (-1, 0, -3.05996e-13), (-1, 0, -3.05996e-13), (-1, 0, -3.05996e-13), (-1, 0, -3.05996e-13), (-1, 0, -3.05996e-13), (-1, 0, -3.05996e-13), (-1, 0, -3.05996e-13), (-1, 0, -3.05996e-13), (-1, 0, -3.05996e-13), (-1, 0, -3.05996e-13), (-1, 0, -3.05996e-13), (-1, 0, -3.05996e-13), (-1, 0, -3.05996e-13), (-1, 0, -3.05996e-13), (-1, 0, -3.05996e-13), (-1, 0, -3.05996e-13), (-1, 0, -3.05996e-13), (-0.410365, 0, 0.911922), (-0.410365, -0.236023, 0.880849), (-0.410365, 0, 0.911922), (-0.410365, -0.236023, 0.880849), (-0.410365, 0, 0.911922), (-0.410365, -0.236023, 0.880849), (-0.410365, -0.455961, 0.789747), (-0.410365, -0.644826, 0.644826), (-0.410365, -0.455961, 0.789747), (-0.410365, -0.644826, 0.644826), (-0.410365, -0.455961, 0.789747), (-0.410365, -0.644826, 0.644826), (-7.91976e-14, -0.965926, 0.258819), (-7.91976e-14, -0.965926, 0.258819), (-1.52998e-13, -0.866025, 0.5), (-1.52998e-13, -0.866025, 0.5), (-1.52998e-13, -0.866025, 0.5), (-7.91976e-14, -0.965926, 0.258819), (3.05996e-13, 0, -1), (3.05996e-13, 0, -1), (2.95569e-13, -0.258819, -0.965926), (2.95569e-13, -0.258819, -0.965926), (2.95569e-13, -0.258819, -0.965926), (3.05996e-13, 0, -1), (-7.91976e-14, 0.965926, 0.258819), (-1.52998e-13, 0.866025, 0.5), (-7.91976e-14, 0.965926, 0.258819), (-1.52998e-13, 0.866025, 0.5), (-7.91976e-14, 0.965926, 0.258819), (-1.52998e-13, 0.866025, 0.5), (-0.410365, 0.236023, 0.880849), (-0.410365, 0.236023, 0.880849), (-0.410365, 0, 0.911922), (-0.410365, 0, 0.911922), (-0.410365, 0, 0.911922), (-0.410365, 0.236023, 0.880849), (2.16372e-13, 0.707107, -0.707107), (1.52998e-13, 0.866025, -0.5), (2.16372e-13, 0.707107, -0.707107), (1.52998e-13, 0.866025, -0.5), (2.16372e-13, 0.707107, -0.707107), (1.52998e-13, 0.866025, -0.5), (-0.410365, 0, -0.911922), (-0.410365, 0, -0.911922), (-0.410365, -0.236023, -0.880849), (-0.410365, -0.236023, -0.880849), (-0.410365, -0.236023, -0.880849), (-0.410365, 0, -0.911922), (2.16372e-13, 0.707107, -0.707107), (2.16372e-13, 0.707107, -0.707107), (2.65e-13, 0.5, -0.866025), (2.65e-13, 0.5, -0.866025), (2.65e-13, 0.5, -0.866025), (2.16372e-13, 0.707107, -0.707107), (-0.410365, -0.789747, -0.455961), (-0.410365, -0.789747, -0.455961), (-0.410365, -0.880849, -0.236023), (-0.410365, -0.880849, -0.236023), (-0.410365, -0.880849, -0.236023), (-0.410365, -0.789747, -0.455961), (-0.410365, 0.789747, -0.455961), (-0.410365, 0.880849, -0.236023), (-0.410365, 0.789747, -0.455961), (-0.410365, 0.880849, -0.236023), (-0.410365, 0.789747, -0.455961), (-0.410365, 0.880849, -0.236023), (2.65e-13, 0.5, -0.866025), (2.65e-13, 0.5, -0.866025), (2.95569e-13, 0.258819, -0.965926), (2.95569e-13, 0.258819, -0.965926), (2.95569e-13, 0.258819, -0.965926), (2.65e-13, 0.5, -0.866025), (-0.410365, 0.644826, -0.644826), (-0.410365, 0.455961, -0.789747), (-0.410365, 0.644826, -0.644826), (-0.410365, 0.455961, -0.789747), (-0.410365, 0.644826, -0.644826), (-0.410365, 0.455961, -0.789747), (7.91976e-14, 0.965926, -0.258819), (0, 1, 0), (7.91976e-14, 0.965926, -0.258819), (0, 1, 0), (7.91976e-14, 0.965926, -0.258819), (0, 1, 0), (-0.410365, 0.455961, 0.789747), (-0.410365, 0.455961, 0.789747), (-0.410365, 0.236023, 0.880849), (-0.410365, 0.236023, 0.880849), (-0.410365, 0.236023, 0.880849), (-0.410365, 0.455961, 0.789747), (-0.410365, -0.455961, -0.789747), (-0.410365, -0.455961, -0.789747), (-0.410365, -0.644826, -0.644826), (-0.410365, -0.644826, -0.644826), (-0.410365, -0.644826, -0.644826), (-0.410365, -0.455961, -0.789747), (-1, 0, -3.05996e-13), (-1, 0, -3.05996e-13), (-1, 0, -3.05996e-13), (-1, 0, -3.05996e-13), (-1, 0, -3.05996e-13), (-1, 0, -3.05996e-13), (-1, 0, -3.05996e-13), (-1, 0, -3.05996e-13), (-1, 0, -3.05996e-13), (-1, 0, -3.05996e-13), (-1, 0, -3.05996e-13), (-1, 0, -3.05996e-13), (-1, 0, -3.05996e-13), (-1, 0, -3.05996e-13), (-1, 0, -3.05996e-13), (-1, 0, -3.05996e-13), (-1, 0, -3.05996e-13), (-1, 0, -3.05996e-13), (-1, 0, -3.05996e-13), (-1, 0, -3.05996e-13), (-1, 0, -3.05996e-13), (-1, 0, -3.05996e-13), (-1, 0, -3.05996e-13), (-1, 0, -3.05996e-13), (-1, 0, -3.05996e-13), (-1, 0, -3.05996e-13), (-1, 0, -3.05996e-13), (-1, 0, -3.05996e-13), (-1, 0, -3.05996e-13), (-1, 0, -3.05996e-13), (-1, 0, -3.05996e-13), (-1, 0, -3.05996e-13), (-1, 0, -3.05996e-13), (-1, 0, -3.05996e-13), (-1, 0, -3.05996e-13), (-1, 0, -3.05996e-13), (-1, 0, -3.05996e-13), (-1, 0, -3.05996e-13), (-1, 0, -3.05996e-13), (-1, 0, -3.05996e-13), (-1, 0, -3.05996e-13), (-1, 0, -3.05996e-13), (-1, 0, -3.05996e-13), (-1, 0, -3.05996e-13), (-1, 0, -3.05996e-13), (-1, 0, -3.05996e-13), (-1, 0, -3.05996e-13), (-1, 0, -3.05996e-13), (-1, 0, -3.05996e-13), (-1, 0, -3.05996e-13), (-1, 0, -3.05996e-13), (-1, 0, -3.05996e-13), (-1, 0, -3.05996e-13), (-1, 0, -3.05996e-13), (-1, 0, -3.05996e-13), (-1, 0, -3.05996e-13), (-1, 0, -3.05996e-13), (-1, 0, -3.05996e-13), (-1, 0, -3.05996e-13), (-1, 0, -3.05996e-13), (-1, 0, -3.05996e-13), (-1, 0, -3.05996e-13), (-1, 0, -3.05996e-13), (-1, 0, -3.05996e-13), (-1, 0, -3.05996e-13), (-1, 0, -3.05996e-13), (-1, 0, -3.05996e-13), (-1, 0, -3.05996e-13), (-1, 0, -3.05996e-13), (-1, 0, -3.05996e-13), (-1, 0, -3.05996e-13), (-1, 0, -3.05996e-13), (-1, 0, -3.05996e-13), (-1, 0, -3.05996e-13), (-1, 0, -3.05996e-13), (-1, 0, -3.05996e-13), (-1, 0, -3.05996e-13), (-1, 0, -3.05996e-13), (-1, 0, -3.05996e-13), (-1, 0, -3.05996e-13), (-1, 0, -3.05996e-13), (-1, 0, -3.05996e-13), (-1, 0, -3.05996e-13), (-1, 0, -3.05996e-13), (-1, 0, -3.05996e-13), (-1, 0, -3.05996e-13), (-1, 0, -3.05996e-13), (-1, 0, -3.05996e-13), (-1, 0, -3.05996e-13), (-1, 0, -3.05996e-13), (-1, 0, -3.05996e-13), (-1, 0, -3.05996e-13), (-1, 0, -3.05996e-13), (-1, 0, -3.05996e-13), (-1, 0, -3.05996e-13), (-1, 0, -3.05996e-13), (-1, 0, -3.05996e-13), (-1, 0, -3.05996e-13), (-1, 0, -3.05996e-13), (-1, 0, -3.05996e-13), (-1, 0, -3.05996e-13), (-1, 0, -3.05996e-13), (-1, 0, -3.05996e-13), (-1, 0, -3.05996e-13), (-1, 0, -3.05996e-13), (-1, 0, -3.05996e-13), (-1, 0, -3.05996e-13), (-1, 0, -3.05996e-13), (-1, 0, -3.05996e-13), (-1, 0, -3.05996e-13), (-1, 0, -3.05996e-13), (-1, 0, -3.05996e-13), (-1, 0, -3.05996e-13), (-1, 0, -3.05996e-13), (-1, 0, -3.05996e-13), (-1, 0, -3.05996e-13), (-1, 0, -3.05996e-13), (-1, 0, -3.05996e-13), (-1, 0, -3.05996e-13), (-1, 0, -3.05996e-13), (-1, 0, -3.05996e-13), (-1, 0, -3.05996e-13), (-1, 0, -3.05996e-13), (-1, 0, -3.05996e-13), (-1, 0, -3.05996e-13), (-1, 0, -3.05996e-13), (-1, 0, -3.05996e-13), (-1, 0, -3.05996e-13), (-1, 0, -3.05996e-13), (-1, 0, -3.05996e-13), (-1, 0, -3.05996e-13), (-1, 0, -3.05996e-13), (-1, 0, -3.05996e-13), (-1, 0, -3.05996e-13), (-1, 0, -3.05996e-13), (-1, 0, -3.05996e-13), (-1, 0, -3.05996e-13), (-1, 0, -3.05996e-13), (-1, 0, -3.05996e-13), (-1, 0, -3.05996e-13), (-1, 0, -3.05996e-13), (-1, 0, -3.05996e-13), (-1, 0, -3.05996e-13), (-1, 0, -3.05996e-13), (-0.206518, -0.978443, -5.00216e-15), (-0.206518, -0.945103, -0.25324), (-0.206518, -0.978443, -5.00216e-15), (-0.206518, -0.945103, -0.25324), (-0.206518, -0.978443, -5.00216e-15), (-0.206518, -0.945103, -0.25324), (-0.206518, -0.847356, -0.489221), (-0.206518, -0.691864, -0.691864), (-0.206518, -0.847356, -0.489221), (-0.206518, -0.691864, -0.691864), (-0.206518, -0.847356, -0.489221), (-0.206518, -0.691864, -0.691864), (-0.206518, -0.489221, -0.847356), (-0.206518, -0.489221, -0.847356), (-0.206518, -0.25324, -0.945103), (-0.206518, -0.25324, -0.945103), (-0.206518, -0.25324, -0.945103), (-0.206518, -0.489221, -0.847356), (-0.206518, -0.691864, 0.691864), (-0.206518, -0.847356, 0.489221), (-0.206518, -0.691864, 0.691864), (-0.206518, -0.847356, 0.489221), (-0.206518, -0.691864, 0.691864), (-0.206518, -0.847356, 0.489221), (-0.206518, 0, -0.978443), (-0.206518, 0.25324, -0.945103), (-0.206518, 0, -0.978443), (-0.206518, 0.25324, -0.945103), (-0.206518, 0, -0.978443), (-0.206518, 0.25324, -0.945103), (-0.206518, 0.489221, -0.847356), (-0.206518, 0.691864, -0.691864), (-0.206518, 0.489221, -0.847356), (-0.206518, 0.691864, -0.691864), (-0.206518, 0.489221, -0.847356), (-0.206518, 0.691864, -0.691864), (-0.206518, 0.978443, -5.00216e-15), (-0.206518, 0.945103, 0.25324), (-0.206518, 0.978443, -5.00216e-15), (-0.206518, 0.945103, 0.25324), (-0.206518, 0.978443, -5.00216e-15), (-0.206518, 0.945103, 0.25324), (-0.206518, -0.847356, 0.489221), (-0.206518, -0.945103, 0.25324), (-0.206518, -0.847356, 0.489221), (-0.206518, -0.945103, 0.25324), (-0.206518, -0.847356, 0.489221), (-0.206518, -0.945103, 0.25324), (-1, 0, -2.42215e-14), (-1, 0, -2.42215e-14), (-1, 0, -2.42215e-14), (-1, 0, -2.42215e-14), (-1, 0, -2.42215e-14), (-1, 0, -2.42215e-14), (-1, 0, -2.42215e-14), (-1, 0, -2.42215e-14), (-1, 0, -2.42215e-14), (-1, 0, -2.42215e-14), (-1, 0, -2.42215e-14), (-1, 0, -2.42215e-14), (-1, 0, -2.42215e-14), (-1, 0, -2.42215e-14), (-1, 0, -2.42215e-14), (-1, 0, -2.42215e-14), (-1, 0, -2.42215e-14), (-1, 0, -2.42215e-14), (-1, 0, -2.42215e-14), (-1, 0, -2.42215e-14), (-1, 0, -2.42215e-14), (-1, 0, -2.42215e-14), (-1, 0, -2.42215e-14), (-1, 0, -2.42215e-14), (-1, 0, -2.42215e-14), (-1, 0, -2.42215e-14), (-1, 0, -2.42215e-14), (-1, 0, -2.42215e-14), (-1, 0, -2.42215e-14), (-1, 0, -2.42215e-14), (-1, 0, -2.42215e-14), (-1, 0, -2.42215e-14), (-1, 0, -2.42215e-14), (-1, 0, -2.42215e-14), (-1, 0, -2.42215e-14), (-1, 0, -2.42215e-14), (-1, 0, -2.42215e-14), (-1, 0, -2.42215e-14), (-1, 0, -2.42215e-14), (-1, 0, -2.42215e-14), (-1, 0, -2.42215e-14), (-1, 0, -2.42215e-14), (-1, 0, -2.42215e-14), (-1, 0, -2.42215e-14), (-1, 0, -2.42215e-14), (-1, 0, -2.42215e-14), (-1, 0, -2.42215e-14), (-1, 0, -2.42215e-14), (-1, 0, -2.42215e-14), (-1, 0, -2.42215e-14), (-1, 0, -2.42215e-14), (-1, 0, -2.42215e-14), (-1, 0, -2.42215e-14), (-1, 0, -2.42215e-14), (-1, 0, -2.42215e-14), (-1, 0, -2.42215e-14), (-1, 0, -2.42215e-14), (-1, 0, -2.42215e-14), (-1, 0, -2.42215e-14), (-1, 0, -2.42215e-14), (-1, 0, -2.42215e-14), (-1, 0, -2.42215e-14), (-1, 0, -2.42215e-14), (-1, 0, -2.42215e-14), (-1, 0, -2.42215e-14), (-1, 0, -2.42215e-14), (-1, 0, -2.42215e-14), (-1, 0, -2.42215e-14), (-1, 0, -2.42215e-14), (-1, 0, -2.42215e-14), (-1, 0, -2.42215e-14), (-1, 0, -2.42215e-14), (-1, 0, -2.42215e-14), (-1, 0, -2.42215e-14), (-1, 0, -2.42215e-14), (-1, 0, -2.42215e-14), (-1, 0, -2.42215e-14), (-1, 0, -2.42215e-14), (-1, 0, -2.42215e-14), (-1, 0, -2.42215e-14), (-1, 0, -2.42215e-14), (-1, 0, -2.42215e-14), (-1, 0, -2.42215e-14), (-1, 0, -2.42215e-14), (-1, 0, -2.42215e-14), (-1, 0, -2.42215e-14), (-1, 0, -2.42215e-14), (-1, 0, -2.42215e-14), (-1, 0, -2.42215e-14), (-1, 0, -2.42215e-14), (-1, 0, -2.42215e-14), (-1, 0, -2.42215e-14), (-1, 0, -2.42215e-14), (-1, 0, -2.42215e-14), (-1, 0, -2.42215e-14), (-1, 0, -2.42215e-14), (-1, 0, -2.42215e-14), (-1, 0, -2.42215e-14), (-1, 0, -2.42215e-14), (-1, 0, -2.42215e-14), (-1, 0, -2.42215e-14), (-1, 0, -2.42215e-14), (-1, 0, -2.42215e-14), (-1, 0, -2.42215e-14), (-1, 0, -2.42215e-14), (-1, 0, -2.42215e-14), (-1, 0, -2.42215e-14), (-1, 0, -2.42215e-14), (-1, 0, -2.42215e-14), (-1, 0, -2.42215e-14), (-1, 0, -2.42215e-14), (-1, 0, -2.42215e-14), (-1, 0, -2.42215e-14), (-1, 0, -2.42215e-14), (-1, 0, -2.42215e-14), (-1, 0, -2.42215e-14), (-1, 0, -2.42215e-14), (-1, 0, -2.42215e-14), (-1, 0, -2.42215e-14), (-1, 0, -2.42215e-14), (-1, 0, -2.42215e-14), (-1, 0, -2.42215e-14), (-1, 0, -2.42215e-14), (-1, 0, -2.42215e-14), (-1, 0, -2.42215e-14), (-1, 0, -2.42215e-14), (-1, 0, -2.42215e-14), (-1, 0, -2.42215e-14), (-1, 0, -2.42215e-14), (-1, 0, -2.42215e-14), (-1, 0, -2.42215e-14), (-1, 0, -2.42215e-14), (-1, 0, -2.42215e-14), (-1, 0, -2.42215e-14), (-1, 0, -2.42215e-14), (-1, 0, -2.42215e-14), (-1, 0, -2.42215e-14), (-1, 0, -2.42215e-14), (-1, 0, -2.42215e-14), (-1, 0, -2.42215e-14), (-1, 0, -2.42215e-14), (-1, 0, -2.42215e-14), (-1, 0, -2.42215e-14), (-1, 0, -2.42215e-14), (-0.206518, 0.691864, -0.691864), (-0.206518, 0.847356, -0.489221), (-0.206518, 0.691864, -0.691864), (-0.206518, 0.847356, -0.489221), (-0.206518, 0.691864, -0.691864), (-0.206518, 0.847356, -0.489221), (-0.206518, 0.978443, -5.00216e-15), (-0.206518, 0.978443, -5.00216e-15), (-0.206518, 0.945103, -0.25324), (-0.206518, 0.945103, -0.25324), (-0.206518, 0.945103, -0.25324), (-0.206518, 0.978443, -5.00216e-15), (-0.206518, -0.25324, -0.945103), (-0.206518, 0, -0.978443), (-0.206518, -0.25324, -0.945103), (-0.206518, 0, -0.978443), (-0.206518, -0.25324, -0.945103), (-0.206518, 0, -0.978443), (-0.206518, -0.691864, 0.691864), (-0.206518, -0.489221, 0.847356), (-0.206518, -0.691864, 0.691864), (-0.206518, -0.489221, 0.847356), (-0.206518, -0.691864, 0.691864), (-0.206518, -0.489221, 0.847356), (-0.206518, -0.489221, 0.847356), (-0.206518, -0.25324, 0.945103), (-0.206518, -0.489221, 0.847356), (-0.206518, -0.25324, 0.945103), (-0.206518, -0.489221, 0.847356), (-0.206518, -0.25324, 0.945103), (-0.206518, 0.25324, 0.945103), (-0.206518, 0.25324, 0.945103), (-0.206518, 0.489221, 0.847356), (-0.206518, 0.489221, 0.847356), (-0.206518, 0.489221, 0.847356), (-0.206518, 0.25324, 0.945103), (-0.206518, -0.25324, 0.945103), (-0.206518, 0, 0.978443), (-0.206518, -0.25324, 0.945103), (-0.206518, 0, 0.978443), (-0.206518, -0.25324, 0.945103), (-0.206518, 0, 0.978443), (-0.206518, 0.847356, -0.489221), (-0.206518, 0.945103, -0.25324), (-0.206518, 0.847356, -0.489221), (-0.206518, 0.945103, -0.25324), (-0.206518, 0.847356, -0.489221), (-0.206518, 0.945103, -0.25324), (-0.206518, 0, 0.978443), (-0.206518, 0, 0.978443), (-0.206518, 0.25324, 0.945103), (-0.206518, 0.25324, 0.945103), (-0.206518, 0.25324, 0.945103), (-0.206518, 0, 0.978443), (-0.206518, -0.691864, -0.691864), (-0.206518, -0.691864, -0.691864), (-0.206518, -0.489221, -0.847356), (-0.206518, -0.489221, -0.847356), (-0.206518, -0.489221, -0.847356), (-0.206518, -0.691864, -0.691864), (-0.206518, 0.489221, 0.847356), (-0.206518, 0.489221, 0.847356), (-0.206518, 0.691864, 0.691864), (-0.206518, 0.691864, 0.691864), (-0.206518, 0.691864, 0.691864), (-0.206518, 0.489221, 0.847356), (-0.206518, 0.25324, -0.945103), (-0.206518, 0.489221, -0.847356), (-0.206518, 0.25324, -0.945103), (-0.206518, 0.489221, -0.847356), (-0.206518, 0.25324, -0.945103), (-0.206518, 0.489221, -0.847356), (-0.206518, -0.978443, -5.00216e-15), (-0.206518, -0.978443, -5.00216e-15), (-0.206518, -0.945103, 0.25324), (-0.206518, -0.945103, 0.25324), (-0.206518, -0.945103, 0.25324), (-0.206518, -0.978443, -5.00216e-15), (-0.206518, -0.945103, -0.25324), (-0.206518, -0.847356, -0.489221), (-0.206518, -0.945103, -0.25324), (-0.206518, -0.847356, -0.489221), (-0.206518, -0.945103, -0.25324), (-0.206518, -0.847356, -0.489221), (-0.206518, 0.847356, 0.489221), (-0.206518, 0.691864, 0.691864), (-0.206518, 0.847356, 0.489221), (-0.206518, 0.691864, 0.691864), (-0.206518, 0.847356, 0.489221), (-0.206518, 0.691864, 0.691864), (-0.206518, 0.847356, 0.489221), (-0.206518, 0.847356, 0.489221), (-0.206518, 0.945103, 0.25324), (-0.206518, 0.945103, 0.25324), (-0.206518, 0.945103, 0.25324), (-0.206518, 0.847356, 0.489221), (0.267059, 0.681425, 0.681425), (0.267059, 0.48184, 0.834571), (0.267059, 0.681425, 0.681425), (0.267059, 0.48184, 0.834571), (0.267059, 0.681425, 0.681425), (0.267059, 0.48184, 0.834571), (0.267059, 0.834571, -0.48184), (0.267059, 0.681425, -0.681425), (0.267059, 0.834571, -0.48184), (0.267059, 0.681425, -0.681425), (0.267059, 0.834571, -0.48184), (0.267059, 0.681425, -0.681425), (0.267059, -0.96368, 0), (0.267059, -0.96368, 0), (0.267059, -0.930844, -0.249419), (0.267059, -0.930844, -0.249419), (0.267059, -0.930844, -0.249419), (0.267059, -0.96368, 0), (0.267059, -0.249419, -0.930844), (0.267059, -0.48184, -0.834571), (0.267059, -0.249419, -0.930844), (0.267059, -0.48184, -0.834571), (0.267059, -0.249419, -0.930844), (0.267059, -0.48184, -0.834571), (0.267059, 0.834571, 0.48184), (0.267059, 0.930844, 0.249419), (0.267059, 0.834571, 0.48184), (0.267059, 0.930844, 0.249419), (0.267059, 0.834571, 0.48184), (0.267059, 0.930844, 0.249419), (0.267059, -0.834571, -0.48184), (0.267059, -0.834571, -0.48184), (0.267059, -0.681425, -0.681425), (0.267059, -0.681425, -0.681425), (0.267059, -0.681425, -0.681425), (0.267059, -0.834571, -0.48184), (0.267059, -0.681425, 0.681425), (0.267059, -0.681425, 0.681425), (0.267059, -0.834571, 0.48184), (0.267059, -0.834571, 0.48184), (0.267059, -0.834571, 0.48184), (0.267059, -0.681425, 0.681425), (0.267059, 0.681425, -0.681425), (0.267059, 0.681425, -0.681425), (0.267059, 0.48184, -0.834571), (0.267059, 0.48184, -0.834571), (0.267059, 0.48184, -0.834571), (0.267059, 0.681425, -0.681425), (0.267059, -0.48184, -0.834571), (0.267059, -0.681425, -0.681425), (0.267059, -0.48184, -0.834571), (0.267059, -0.681425, -0.681425), (0.267059, -0.48184, -0.834571), (0.267059, -0.681425, -0.681425), (0.267059, -0.834571, 0.48184), (0.267059, -0.834571, 0.48184), (0.267059, -0.930844, 0.249419), (0.267059, -0.930844, 0.249419), (0.267059, -0.930844, 0.249419), (0.267059, -0.834571, 0.48184), (0.267059, 0.930844, -0.249419), (0.267059, 0.834571, -0.48184), (0.267059, 0.930844, -0.249419), (0.267059, 0.834571, -0.48184), (0.267059, 0.930844, -0.249419), (0.267059, 0.834571, -0.48184), (0.267059, 0.96368, 0), (0.267059, 0.930844, -0.249419), (0.267059, 0.96368, 0), (0.267059, 0.930844, -0.249419), (0.267059, 0.96368, 0), (0.267059, 0.930844, -0.249419), (0.267059, -0.48184, 0.834571), (0.267059, -0.48184, 0.834571), (0.267059, -0.681425, 0.681425), (0.267059, -0.681425, 0.681425), (0.267059, -0.681425, 0.681425), (0.267059, -0.48184, 0.834571), (0.267059, 0.249419, 0.930844), (0.267059, 0, 0.96368), (0.267059, 0.249419, 0.930844), (0.267059, 0, 0.96368), (0.267059, 0.249419, 0.930844), (0.267059, 0, 0.96368), (0.267059, 0.681425, 0.681425), (0.267059, 0.834571, 0.48184), (0.267059, 0.681425, 0.681425), (0.267059, 0.834571, 0.48184), (0.267059, 0.681425, 0.681425), (0.267059, 0.834571, 0.48184), (0.267059, -0.249419, 0.930844), (0.267059, -0.249419, 0.930844), (0.267059, -0.48184, 0.834571), (0.267059, -0.48184, 0.834571), (0.267059, -0.48184, 0.834571), (0.267059, -0.249419, 0.930844), (0.267059, 0.249419, -0.930844), (0.267059, 0.249419, -0.930844), (0.267059, 0, -0.96368), (0.267059, 0, -0.96368), (0.267059, 0, -0.96368), (0.267059, 0.249419, -0.930844), (0.267059, 0, 0.96368), (0.267059, 0, 0.96368), (0.267059, -0.249419, 0.930844), (0.267059, -0.249419, 0.930844), (0.267059, -0.249419, 0.930844), (0.267059, 0, 0.96368), (0.267059, 0.48184, -0.834571), (0.267059, 0.48184, -0.834571), (0.267059, 0.249419, -0.930844), (0.267059, 0.249419, -0.930844), (0.267059, 0.249419, -0.930844), (0.267059, 0.48184, -0.834571), (0.267059, 0.930844, 0.249419), (0.267059, 0.96368, 0), (0.267059, 0.930844, 0.249419), (0.267059, 0.96368, 0), (0.267059, 0.930844, 0.249419), (0.267059, 0.96368, 0), (0.267059, -0.930844, -0.249419), (0.267059, -0.930844, -0.249419), (0.267059, -0.834571, -0.48184), (0.267059, -0.834571, -0.48184), (0.267059, -0.834571, -0.48184), (0.267059, -0.930844, -0.249419), (1, 0, 0), (1, 0, 0), (1, 0, 0), (1, 0, 0), (1, 0, 0), (1, 0, 0), (1, 0, 0), (1, 0, 0), (1, 0, 0), (1, 0, 0), (1, 0, 0), (1, 0, 0), (1, 0, 0), (1, 0, 0), (1, 0, 0), (1, 0, 0), (1, 0, 0), (1, 0, 0), (1, 0, 0), (1, 0, 0), (1, 0, 0), (1, 0, 0), (1, 0, 0), (1, 0, 0), (1, 0, 0), (1, 0, 0), (1, 0, 0), (1, 0, 0), (1, 0, 0), (1, 0, 0), (1, 0, 0), (1, 0, 0), (1, 0, 0), (1, 0, 0), (1, 0, 0), (1, 0, 0), (1, 0, 0), (1, 0, 0), (1, 0, 0), (1, 0, 0), (1, 0, 0), (1, 0, 0), (1, 0, 0), (1, 0, 0), (1, 0, 0), (1, 0, 0), (1, 0, 0), (1, 0, 0), (1, 0, 0), (1, 0, 0), (1, 0, 0), (1, 0, 0), (1, 0, 0), (1, 0, 0), (1, 0, 0), (1, 0, 0), (1, 0, 0), (1, 0, 0), (1, 0, 0), (1, 0, 0), (1, 0, 0), (1, 0, 0), (1, 0, 0), (1, 0, 0), (1, 0, 0), (1, 0, 0), (0.267059, 0, -0.96368), (0.267059, -0.249419, -0.930844), (0.267059, 0, -0.96368), (0.267059, -0.249419, -0.930844), (0.267059, 0, -0.96368), (0.267059, -0.249419, -0.930844), (0.267059, -0.930844, 0.249419), (0.267059, -0.930844, 0.249419), (0.267059, -0.96368, 0), (0.267059, -0.96368, 0), (0.267059, -0.96368, 0), (0.267059, -0.930844, 0.249419), (0.267059, 0.48184, 0.834571), (0.267059, 0.249419, 0.930844), (0.267059, 0.48184, 0.834571), (0.267059, 0.249419, 0.930844), (0.267059, 0.48184, 0.834571), (0.267059, 0.249419, 0.930844), (-0.410365, 0.455961, -0.789747), (-0.410365, 0.236023, -0.880849), (-0.410365, 0.455961, -0.789747), (-0.410365, 0.236023, -0.880849), (-0.410365, 0.455961, -0.789747), (-0.410365, 0.236023, -0.880849), (-0.410365, -0.789747, -0.455961), (-0.410365, -0.789747, -0.455961), (-0.410365, -0.644826, -0.644826), (-0.410365, -0.644826, -0.644826), (-0.410365, -0.644826, -0.644826), (-0.410365, -0.789747, -0.455961), (-0.410365, -0.644826, 0.644826), (-0.410365, -0.644826, 0.644826), (-0.410365, -0.789747, 0.455961), (-0.410365, -0.789747, 0.455961), (-0.410365, -0.789747, 0.455961), (-0.410365, -0.644826, 0.644826), (0, -0.707107, 0.707107), (0, -0.707107, 0.707107), (0, -0.866025, 0.5), (0, -0.866025, 0.5), (0, -0.866025, 0.5), (0, -0.707107, 0.707107), (0, -1, 0), (0, -1, 0), (0, -0.965926, -0.258819), (0, -0.965926, -0.258819), (0, -0.965926, -0.258819), (0, -1, 0), (0.410365, 0.644826, 0.644826), (0.410365, 0.789747, 0.455961), (0.410365, 0.644826, 0.644826), (0.410365, 0.789747, 0.455961), (0.410365, 0.644826, 0.644826), (0.410365, 0.789747, 0.455961), (-0.410365, -0.880849, 0.236023), (-0.410365, -0.880849, 0.236023), (-0.410365, -0.911922, 0), (-0.410365, -0.911922, 0), (-0.410365, -0.911922, 0), (-0.410365, -0.880849, 0.236023), (-0.410365, -0.789747, 0.455961), (-0.410365, -0.789747, 0.455961), (-0.410365, -0.880849, 0.236023), (-0.410365, -0.880849, 0.236023), (-0.410365, -0.880849, 0.236023), (-0.410365, -0.789747, 0.455961), (-0.410365, 0.644826, 0.644826), (-0.410365, 0.644826, 0.644826), (-0.410365, 0.455961, 0.789747), (-0.410365, 0.455961, 0.789747), (-0.410365, 0.455961, 0.789747), (-0.410365, 0.644826, 0.644826), (-0.410365, 0.789747, -0.455961), (-0.410365, 0.644826, -0.644826), (-0.410365, 0.789747, -0.455961), (-0.410365, 0.644826, -0.644826), (-0.410365, 0.789747, -0.455961), (-0.410365, 0.644826, -0.644826), (-0.410365, 0.644826, -0.644826), (-0.410365, 0.455961, -0.789747), (-0.410365, 0.644826, -0.644826), (-0.410365, 0.455961, -0.789747), (-0.410365, 0.644826, -0.644826), (-0.410365, 0.455961, -0.789747), (-0.410365, 0.236023, 0.880849), (-0.410365, 0.236023, 0.880849), (-0.410365, 0, 0.911922), (-0.410365, 0, 0.911922), (-0.410365, 0, 0.911922), (-0.410365, 0.236023, 0.880849), (0.410365, 0.880849, -0.236023), (0.410365, 0.789747, -0.455961), (0.410365, 0.880849, -0.236023), (0.410365, 0.789747, -0.455961), (0.410365, 0.880849, -0.236023), (0.410365, 0.789747, -0.455961), (0.410365, -0.236023, -0.880849), (0.410365, -0.455961, -0.789747), (0.410365, -0.236023, -0.880849), (0.410365, -0.455961, -0.789747), (0.410365, -0.236023, -0.880849), (0.410365, -0.455961, -0.789747), (0, 1, 0), (0, 0.965926, -0.258819), (0, 1, 0), (0, 0.965926, -0.258819), (0, 1, 0), (0, 0.965926, -0.258819), (-0.410365, 0.880849, -0.236023), (-0.410365, 0.789747, -0.455961), (-0.410365, 0.880849, -0.236023), (-0.410365, 0.789747, -0.455961), (-0.410365, 0.880849, -0.236023), (-0.410365, 0.789747, -0.455961), (0, 0.258819, -0.965926), (0, 0.258819, -0.965926), (0, 0, -1), (0, 0, -1), (0, 0, -1), (0, 0.258819, -0.965926), (0, 0.866025, 0.5), (0, 0.965926, 0.258819), (0, 0.866025, 0.5), (0, 0.965926, 0.258819), (0, 0.866025, 0.5), (0, 0.965926, 0.258819), (0, -0.5, -0.866025), (0, -0.5, -0.866025), (0, -0.707107, -0.707107), (0, -0.707107, -0.707107), (0, -0.707107, -0.707107), (0, -0.5, -0.866025), (-0.410365, 0.911922, 0), (-0.410365, 0.880849, -0.236023), (-0.410365, 0.911922, 0), (-0.410365, 0.880849, -0.236023), (-0.410365, 0.911922, 0), (-0.410365, 0.880849, -0.236023), (0.410365, 0.911922, 0), (0.410365, 0.880849, -0.236023), (0.410365, 0.911922, 0), (0.410365, 0.880849, -0.236023), (0.410365, 0.911922, 0), (0.410365, 0.880849, -0.236023), (-0.410365, 0.644826, 0.644826), (-0.410365, 0.789747, 0.455961), (-0.410365, 0.644826, 0.644826), (-0.410365, 0.789747, 0.455961), (-0.410365, 0.644826, 0.644826), (-0.410365, 0.789747, 0.455961), (-0.410365, 0.789747, 0.455961), (-0.410365, 0.880849, 0.236023), (-0.410365, 0.789747, 0.455961), (-0.410365, 0.880849, 0.236023), (-0.410365, 0.789747, 0.455961), (-0.410365, 0.880849, 0.236023), (-0.410365, 0, -0.911922), (-0.410365, 0, -0.911922), (-0.410365, -0.236023, -0.880849), (-0.410365, -0.236023, -0.880849), (-0.410365, -0.236023, -0.880849), (-0.410365, 0, -0.911922), (0.410365, 0.455961, 0.789747), (0.410365, 0.236023, 0.880849), (0.410365, 0.455961, 0.789747), (0.410365, 0.236023, 0.880849), (0.410365, 0.455961, 0.789747), (0.410365, 0.236023, 0.880849), (-0.410365, -0.880849, -0.236023), (-0.410365, -0.880849, -0.236023), (-0.410365, -0.789747, -0.455961), (-0.410365, -0.789747, -0.455961), (-0.410365, -0.789747, -0.455961), (-0.410365, -0.880849, -0.236023), (-0.410365, 0.236023, -0.880849), (-0.410365, 0.236023, -0.880849), (-0.410365, 0, -0.911922), (-0.410365, 0, -0.911922), (-0.410365, 0, -0.911922), (-0.410365, 0.236023, -0.880849), (0.410365, -0.789747, -0.455961), (0.410365, -0.789747, -0.455961), (0.410365, -0.644826, -0.644826), (0.410365, -0.644826, -0.644826), (0.410365, -0.644826, -0.644826), (0.410365, -0.789747, -0.455961), (-0.410365, 0, 0.911922), (-0.410365, -0.236023, 0.880849), (-0.410365, 0, 0.911922), (-0.410365, -0.236023, 0.880849), (-0.410365, 0, 0.911922), (-0.410365, -0.236023, 0.880849), (-0.410365, -0.455961, 0.789747), (-0.410365, -0.644826, 0.644826), (-0.410365, -0.455961, 0.789747), (-0.410365, -0.644826, 0.644826), (-0.410365, -0.455961, 0.789747), (-0.410365, -0.644826, 0.644826), (-0.410365, -0.236023, 0.880849), (-0.410365, -0.455961, 0.789747), (-0.410365, -0.236023, 0.880849), (-0.410365, -0.455961, 0.789747), (-0.410365, -0.236023, 0.880849), (-0.410365, -0.455961, 0.789747), (0, -0.965926, 0.258819), (0, -0.965926, 0.258819), (0, -1, 0), (0, -1, 0), (0, -1, 0), (0, -0.965926, 0.258819), (0, -0.258819, 0.965926), (0, -0.258819, 0.965926), (0, -0.5, 0.866025), (0, -0.5, 0.866025), (0, -0.5, 0.866025), (0, -0.258819, 0.965926), (0, -0.866025, -0.5), (0, -0.866025, -0.5), (0, -0.707107, -0.707107), (0, -0.707107, -0.707107), (0, -0.707107, -0.707107), (0, -0.866025, -0.5), (0, 0.258819, 0.965926), (0, 0.258819, 0.965926), (0, 0, 1), (0, 0, 1), (0, 0, 1), (0, 0.258819, 0.965926), (0, 0, -1), (0, 0, -1), (0, -0.258819, -0.965926), (0, -0.258819, -0.965926), (0, -0.258819, -0.965926), (0, 0, -1), (0.410365, -0.236023, 0.880849), (0.410365, -0.236023, 0.880849), (0.410365, -0.455961, 0.789747), (0.410365, -0.455961, 0.789747), (0.410365, -0.455961, 0.789747), (0.410365, -0.236023, 0.880849), (-0.410365, 0.455961, 0.789747), (-0.410365, 0.455961, 0.789747), (-0.410365, 0.236023, 0.880849), (-0.410365, 0.236023, 0.880849), (-0.410365, 0.236023, 0.880849), (-0.410365, 0.455961, 0.789747), (-0.410365, -0.455961, -0.789747), (-0.410365, -0.455961, -0.789747), (-0.410365, -0.644826, -0.644826), (-0.410365, -0.644826, -0.644826), (-0.410365, -0.644826, -0.644826), (-0.410365, -0.455961, -0.789747), (0, 0.866025, -0.5), (0, 0.707107, -0.707107), (0, 0.866025, -0.5), (0, 0.707107, -0.707107), (0, 0.866025, -0.5), (0, 0.707107, -0.707107), (-0.410365, 0.880849, 0.236023), (-0.410365, 0.911922, 0), (-0.410365, 0.880849, 0.236023), (-0.410365, 0.911922, 0), (-0.410365, 0.880849, 0.236023), (-0.410365, 0.911922, 0), (0.410365, -0.911922, 0), (0.410365, -0.911922, 0), (0.410365, -0.880849, -0.236023), (0.410365, -0.880849, -0.236023), (0.410365, -0.880849, -0.236023), (0.410365, -0.911922, 0), (0, 0.5, -0.866025), (0, 0.5, -0.866025), (0, 0.258819, -0.965926), (0, 0.258819, -0.965926), (0, 0.258819, -0.965926), (0, 0.5, -0.866025), (-0.410365, -0.236023, -0.880849), (-0.410365, -0.236023, -0.880849), (-0.410365, -0.455961, -0.789747), (-0.410365, -0.455961, -0.789747), (-0.410365, -0.455961, -0.789747), (-0.410365, -0.236023, -0.880849), (-1, 0, 0), (-1, 0, 0), (-1, 0, 0), (-1, 0, 0), (-1, 0, 0), (-1, 0, 0), (-1, 0, 0), (-1, 0, 0), (-1, 0, 0), (-1, 0, 0), (-1, 0, 0), (-1, 0, 0), (-1, 0, 0), (-1, 0, 0), (-1, 0, 0), (-1, 0, 0), (-1, 0, 0), (-1, 0, 0), (-1, 0, 0), (-1, 0, 0), (-1, 0, 0), (-1, 0, 0), (-1, 0, 0), (-1, 0, 0), (-1, 0, 0), (-1, 0, 0), (-1, 0, 0), (-1, 0, 0), (-1, 0, 0), (-1, 0, 0), (-1, 0, 0), (-1, 0, 0), (-1, 0, 0), (-1, 0, 0), (-1, 0, 0), (-1, 0, 0), (-1, 0, 0), (-1, 0, 0), (-1, 0, 0), (-1, 0, 0), (-1, 0, 0), (-1, 0, 0), (-1, 0, 0), (-1, 0, 0), (-1, 0, 0), (-1, 0, 0), (-1, 0, 0), (-1, 0, 0), (-1, 0, 0), (-1, 0, 0), (-1, 0, 0), (-1, 0, 0), (-1, 0, 0), (-1, 0, 0), (-1, 0, 0), (-1, 0, 0), (-1, 0, 0), (-1, 0, 0), (-1, 0, 0), (-1, 0, 0), (-1, 0, 0), (-1, 0, 0), (-1, 0, 0), (-1, 0, 0), (-1, 0, 0), (-1, 0, 0), (0.410365, -0.644826, 0.644826), (0.410365, -0.644826, 0.644826), (0.410365, -0.789747, 0.455961), (0.410365, -0.789747, 0.455961), (0.410365, -0.789747, 0.455961), (0.410365, -0.644826, 0.644826), (0, 0.707107, -0.707107), (0, 0.707107, -0.707107), (0, 0.5, -0.866025), (0, 0.5, -0.866025), (0, 0.5, -0.866025), (0, 0.707107, -0.707107), (0, -0.866025, 0.5), (0, -0.866025, 0.5), (0, -0.965926, 0.258819), (0, -0.965926, 0.258819), (0, -0.965926, 0.258819), (0, -0.866025, 0.5), (0.410365, 0.644826, -0.644826), (0.410365, 0.644826, -0.644826), (0.410365, 0.455961, -0.789747), (0.410365, 0.455961, -0.789747), (0.410365, 0.455961, -0.789747), (0.410365, 0.644826, -0.644826), (0.410365, -0.880849, 0.236023), (0.410365, -0.880849, 0.236023), (0.410365, -0.911922, 0), (0.410365, -0.911922, 0), (0.410365, -0.911922, 0), (0.410365, -0.880849, 0.236023), (0, -0.5, 0.866025), (0, -0.5, 0.866025), (0, -0.707107, 0.707107), (0, -0.707107, 0.707107), (0, -0.707107, 0.707107), (0, -0.5, 0.866025), (0.410365, 0.789747, -0.455961), (0.410365, 0.644826, -0.644826), (0.410365, 0.789747, -0.455961), (0.410365, 0.644826, -0.644826), (0.410365, 0.789747, -0.455961), (0.410365, 0.644826, -0.644826), (-0.410365, -0.911922, 0), (-0.410365, -0.911922, 0), (-0.410365, -0.880849, -0.236023), (-0.410365, -0.880849, -0.236023), (-0.410365, -0.880849, -0.236023), (-0.410365, -0.911922, 0), (0.410365, 0.880849, 0.236023), (0.410365, 0.911922, 0), (0.410365, 0.880849, 0.236023), (0.410365, 0.911922, 0), (0.410365, 0.880849, 0.236023), (0.410365, 0.911922, 0), (0.410365, -0.880849, -0.236023), (0.410365, -0.880849, -0.236023), (0.410365, -0.789747, -0.455961), (0.410365, -0.789747, -0.455961), (0.410365, -0.789747, -0.455961), (0.410365, -0.880849, -0.236023), (0.410365, 0.236023, 0.880849), (0.410365, 0.236023, 0.880849), (0.410365, 0, 0.911922), (0.410365, 0, 0.911922), (0.410365, 0, 0.911922), (0.410365, 0.236023, 0.880849), (0, -0.258819, -0.965926), (0, -0.258819, -0.965926), (0, -0.5, -0.866025), (0, -0.5, -0.866025), (0, -0.5, -0.866025), (0, -0.258819, -0.965926), (1, 0, 0), (1, 0, 0), (1, 0, 0), (1, 0, 0), (1, 0, 0), (1, 0, 0), (1, 0, 0), (1, 0, 0), (1, 0, 0), (1, 0, 0), (1, 0, 0), (1, 0, 0), (1, 0, 0), (1, 0, 0), (1, 0, 0), (1, 0, 0), (1, 0, 0), (1, 0, 0), (1, 0, 0), (1, 0, 0), (1, 0, 0), (1, 0, 0), (1, 0, 0), (1, 0, 0), (1, 0, 0), (1, 0, 0), (1, 0, 0), (1, 0, 0), (1, 0, 0), (1, 0, 0), (1, 0, 0), (1, 0, 0), (1, 0, 0), (1, 0, 0), (1, 0, 0), (1, 0, 0), (1, 0, 0), (1, 0, 0), (1, 0, 0), (1, 0, 0), (1, 0, 0), (1, 0, 0), (1, 0, 0), (1, 0, 0), (1, 0, 0), (1, 0, 0), (1, 0, 0), (1, 0, 0), (1, 0, 0), (1, 0, 0), (1, 0, 0), (1, 0, 0), (1, 0, 0), (1, 0, 0), (1, 0, 0), (1, 0, 0), (1, 0, 0), (1, 0, 0), (1, 0, 0), (1, 0, 0), (1, 0, 0), (1, 0, 0), (1, 0, 0), (1, 0, 0), (1, 0, 0), (1, 0, 0), (1, 0, 0), (1, 0, 0), (1, 0, 0), (1, 0, 0), (1, 0, 0), (1, 0, 0), (1, 0, 0), (1, 0, 0), (1, 0, 0), (1, 0, 0), (1, 0, 0), (1, 0, 0), (1, 0, 0), (1, 0, 0), (1, 0, 0), (1, 0, 0), (1, 0, 0), (1, 0, 0), (1, 0, 0), (1, 0, 0), (1, 0, 0), (1, 0, 0), (1, 0, 0), (1, 0, 0), (1, 0, 0), (1, 0, 0), (1, 0, 0), (1, 0, 0), (1, 0, 0), (1, 0, 0), (1, 0, 0), (1, 0, 0), (1, 0, 0), (1, 0, 0), (1, 0, 0), (1, 0, 0), (1, 0, 0), (1, 0, 0), (1, 0, 0), (1, 0, 0), (1, 0, 0), (1, 0, 0), (1, 0, 0), (1, 0, 0), (1, 0, 0), (1, 0, 0), (1, 0, 0), (1, 0, 0), (1, 0, 0), (1, 0, 0), (1, 0, 0), (1, 0, 0), (1, 0, 0), (1, 0, 0), (1, 0, 0), (1, 0, 0), (1, 0, 0), (1, 0, 0), (1, 0, 0), (1, 0, 0), (1, 0, 0), (1, 0, 0), (1, 0, 0), (1, 0, 0), (1, 0, 0), (1, 0, 0), (1, 0, 0), (1, 0, 0), (1, 0, 0), (1, 0, 0), (1, 0, 0), (1, 0, 0), (1, 0, 0), (1, 0, 0), (1, 0, 0), (1, 0, 0), (1, 0, 0), (1, 0, 0), (0.410365, 0, -0.911922), (0.410365, -0.236023, -0.880849), (0.410365, 0, -0.911922), (0.410365, -0.236023, -0.880849), (0.410365, 0, -0.911922), (0.410365, -0.236023, -0.880849), (0.410365, -0.455961, -0.789747), (0.410365, -0.644826, -0.644826), (0.410365, -0.455961, -0.789747), (0.410365, -0.644826, -0.644826), (0.410365, -0.455961, -0.789747), (0.410365, -0.644826, -0.644826), (0, -0.965926, -0.258819), (0, -0.965926, -0.258819), (0, -0.866025, -0.5), (0, -0.866025, -0.5), (0, -0.866025, -0.5), (0, -0.965926, -0.258819), (0, 0, 1), (0, 0, 1), (0, -0.258819, 0.965926), (0, -0.258819, 0.965926), (0, -0.258819, 0.965926), (0, 0, 1), (0, 0.965926, -0.258819), (0, 0.866025, -0.5), (0, 0.965926, -0.258819), (0, 0.866025, -0.5), (0, 0.965926, -0.258819), (0, 0.866025, -0.5), (0.410365, 0.236023, -0.880849), (0.410365, 0.236023, -0.880849), (0.410365, 0, -0.911922), (0.410365, 0, -0.911922), (0.410365, 0, -0.911922), (0.410365, 0.236023, -0.880849), (0, 0.707107, 0.707107), (0, 0.866025, 0.5), (0, 0.707107, 0.707107), (0, 0.866025, 0.5), (0, 0.707107, 0.707107), (0, 0.866025, 0.5), (0.410365, 0, 0.911922), (0.410365, 0, 0.911922), (0.410365, -0.236023, 0.880849), (0.410365, -0.236023, 0.880849), (0.410365, -0.236023, 0.880849), (0.410365, 0, 0.911922), (0, 0.707107, 0.707107), (0, 0.707107, 0.707107), (0, 0.5, 0.866025), (0, 0.5, 0.866025), (0, 0.5, 0.866025), (0, 0.707107, 0.707107), (0.410365, -0.789747, 0.455961), (0.410365, -0.789747, 0.455961), (0.410365, -0.880849, 0.236023), (0.410365, -0.880849, 0.236023), (0.410365, -0.880849, 0.236023), (0.410365, -0.789747, 0.455961), (0.410365, 0.789747, 0.455961), (0.410365, 0.880849, 0.236023), (0.410365, 0.789747, 0.455961), (0.410365, 0.880849, 0.236023), (0.410365, 0.789747, 0.455961), (0.410365, 0.880849, 0.236023), (0, 0.5, 0.866025), (0, 0.5, 0.866025), (0, 0.258819, 0.965926), (0, 0.258819, 0.965926), (0, 0.258819, 0.965926), (0, 0.5, 0.866025), (0.410365, 0.644826, 0.644826), (0.410365, 0.455961, 0.789747), (0.410365, 0.644826, 0.644826), (0.410365, 0.455961, 0.789747), (0.410365, 0.644826, 0.644826), (0.410365, 0.455961, 0.789747), (0, 0.965926, 0.258819), (0, 1, 0), (0, 0.965926, 0.258819), (0, 1, 0), (0, 0.965926, 0.258819), (0, 1, 0), (0.410365, 0.455961, -0.789747), (0.410365, 0.455961, -0.789747), (0.410365, 0.236023, -0.880849), (0.410365, 0.236023, -0.880849), (0.410365, 0.236023, -0.880849), (0.410365, 0.455961, -0.789747), (0.410365, -0.455961, 0.789747), (0.410365, -0.455961, 0.789747), (0.410365, -0.644826, 0.644826), (0.410365, -0.644826, 0.644826), (0.410365, -0.644826, 0.644826), (0.410365, -0.455961, 0.789747), (1, 0, 0), (1, 0, 0), (1, 0, 0), (1, 0, 0), (1, 0, 0), (1, 0, 0), (1, 0, 0), (1, 0, 0), (1, 0, 0), (1, 0, 0), (1, 0, 0), (1, 0, 0), (1, 0, 0), (1, 0, 0), (1, 0, 0), (1, 0, 0), (1, 0, 0), (1, 0, 0), (1, 0, 0), (1, 0, 0), (1, 0, 0), (1, 0, 0), (1, 0, 0), (1, 0, 0), (1, 0, 0), (1, 0, 0), (1, 0, 0), (1, 0, 0), (1, 0, 0), (1, 0, 0), (1, 0, 0), (1, 0, 0), (1, 0, 0), (1, 0, 0), (1, 0, 0), (1, 0, 0), (1, 0, 0), (1, 0, 0), (1, 0, 0), (1, 0, 0), (1, 0, 0), (1, 0, 0), (1, 0, 0), (1, 0, 0), (1, 0, 0), (1, 0, 0), (1, 0, 0), (1, 0, 0), (1, 0, 0), (1, 0, 0), (1, 0, 0), (1, 0, 0), (1, 0, 0), (1, 0, 0), (1, 0, 0), (1, 0, 0), (1, 0, 0), (1, 0, 0), (1, 0, 0), (1, 0, 0), (1, 0, 0), (1, 0, 0), (1, 0, 0), (1, 0, 0), (1, 0, 0), (1, 0, 0), (1, 0, 0), (1, 0, 0), (1, 0, 0), (1, 0, 0), (1, 0, 0), (1, 0, 0), (1, 0, 0), (1, 0, 0), (1, 0, 0), (1, 0, 0), (1, 0, 0), (1, 0, 0), (1, 0, 0), (1, 0, 0), (1, 0, 0), (1, 0, 0), (1, 0, 0), (1, 0, 0), (1, 0, 0), (1, 0, 0), (1, 0, 0), (1, 0, 0), (1, 0, 0), (1, 0, 0), (1, 0, 0), (1, 0, 0), (1, 0, 0), (1, 0, 0), (1, 0, 0), (1, 0, 0), (1, 0, 0), (1, 0, 0), (1, 0, 0), (1, 0, 0), (1, 0, 0), (1, 0, 0), (1, 0, 0), (1, 0, 0), (1, 0, 0), (1, 0, 0), (1, 0, 0), (1, 0, 0), (1, 0, 0), (1, 0, 0), (1, 0, 0), (1, 0, 0), (1, 0, 0), (1, 0, 0), (1, 0, 0), (1, 0, 0), (1, 0, 0), (1, 0, 0), (1, 0, 0), (1, 0, 0), (1, 0, 0), (1, 0, 0), (1, 0, 0), (1, 0, 0), (1, 0, 0), (1, 0, 0), (1, 0, 0), (1, 0, 0), (1, 0, 0), (1, 0, 0), (1, 0, 0), (1, 0, 0), (1, 0, 0), (1, 0, 0), (1, 0, 0), (1, 0, 0), (1, 0, 0), (1, 0, 0), (1, 0, 0), (1, 0, 0), (1, 0, 0), (1, 0, 0), (1, 0, 0), (1, 0, 0), (0.206518, -0.978443, -5.81914e-14), (0.206518, -0.945103, 0.25324), (0.206518, -0.978443, -5.81914e-14), (0.206518, -0.945103, 0.25324), (0.206518, -0.978443, -5.81914e-14), (0.206518, -0.945103, 0.25324), (0.206518, -0.847356, 0.489221), (0.206518, -0.691864, 0.691864), (0.206518, -0.847356, 0.489221), (0.206518, -0.691864, 0.691864), (0.206518, -0.847356, 0.489221), (0.206518, -0.691864, 0.691864), (0.206518, -0.489221, 0.847356), (0.206518, -0.489221, 0.847356), (0.206518, -0.25324, 0.945103), (0.206518, -0.25324, 0.945103), (0.206518, -0.25324, 0.945103), (0.206518, -0.489221, 0.847356), (0.206518, -0.691864, -0.691864), (0.206518, -0.847356, -0.489221), (0.206518, -0.691864, -0.691864), (0.206518, -0.847356, -0.489221), (0.206518, -0.691864, -0.691864), (0.206518, -0.847356, -0.489221), (0.206518, 0, 0.978443), (0.206518, 0.25324, 0.945103), (0.206518, 0, 0.978443), (0.206518, 0.25324, 0.945103), (0.206518, 0, 0.978443), (0.206518, 0.25324, 0.945103), (0.206518, 0.489221, 0.847356), (0.206518, 0.691864, 0.691864), (0.206518, 0.489221, 0.847356), (0.206518, 0.691864, 0.691864), (0.206518, 0.489221, 0.847356), (0.206518, 0.691864, 0.691864), (0.206518, 0.978443, -5.81914e-14), (0.206518, 0.945103, -0.25324), (0.206518, 0.978443, -5.81914e-14), (0.206518, 0.945103, -0.25324), (0.206518, 0.978443, -5.81914e-14), (0.206518, 0.945103, -0.25324), (0.206518, -0.847356, -0.489221), (0.206518, -0.945103, -0.25324), (0.206518, -0.847356, -0.489221), (0.206518, -0.945103, -0.25324), (0.206518, -0.847356, -0.489221), (0.206518, -0.945103, -0.25324), (1, 0, -2.81775e-13), (1, 0, -2.81775e-13), (1, 0, -2.81775e-13), (1, 0, -2.81775e-13), (1, 0, -2.81775e-13), (1, 0, -2.81775e-13), (1, 0, -2.81775e-13), (1, 0, -2.81775e-13), (1, 0, -2.81775e-13), (1, 0, -2.81775e-13), (1, 0, -2.81775e-13), (1, 0, -2.81775e-13), (1, 0, -2.81775e-13), (1, 0, -2.81775e-13), (1, 0, -2.81775e-13), (1, 0, -2.81775e-13), (1, 0, -2.81775e-13), (1, 0, -2.81775e-13), (1, 0, -2.81775e-13), (1, 0, -2.81775e-13), (1, 0, -2.81775e-13), (1, 0, -2.81775e-13), (1, 0, -2.81775e-13), (1, 0, -2.81775e-13), (1, 0, -2.81775e-13), (1, 0, -2.81775e-13), (1, 0, -2.81775e-13), (1, 0, -2.81775e-13), (1, 0, -2.81775e-13), (1, 0, -2.81775e-13), (1, 0, -2.81775e-13), (1, 0, -2.81775e-13), (1, 0, -2.81775e-13), (1, 0, -2.81775e-13), (1, 0, -2.81775e-13), (1, 0, -2.81775e-13), (1, 0, -2.81775e-13), (1, 0, -2.81775e-13), (1, 0, -2.81775e-13), (1, 0, -2.81775e-13), (1, 0, -2.81775e-13), (1, 0, -2.81775e-13), (1, 0, -2.81775e-13), (1, 0, -2.81775e-13), (1, 0, -2.81775e-13), (1, 0, -2.81775e-13), (1, 0, -2.81775e-13), (1, 0, -2.81775e-13), (1, 0, -2.81775e-13), (1, 0, -2.81775e-13), (1, 0, -2.81775e-13), (1, 0, -2.81775e-13), (1, 0, -2.81775e-13), (1, 0, -2.81775e-13), (1, 0, -2.81775e-13), (1, 0, -2.81775e-13), (1, 0, -2.81775e-13), (1, 0, -2.81775e-13), (1, 0, -2.81775e-13), (1, 0, -2.81775e-13), (1, 0, -2.81775e-13), (1, 0, -2.81775e-13), (1, 0, -2.81775e-13), (1, 0, -2.81775e-13), (1, 0, -2.81775e-13), (1, 0, -2.81775e-13), (1, 0, -2.81775e-13), (1, 0, -2.81775e-13), (1, 0, -2.81775e-13), (1, 0, -2.81775e-13), (1, 0, -2.81775e-13), (1, 0, -2.81775e-13), (1, 0, -2.81775e-13), (1, 0, -2.81775e-13), (1, 0, -2.81775e-13), (1, 0, -2.81775e-13), (1, 0, -2.81775e-13), (1, 0, -2.81775e-13), (1, 0, -2.81775e-13), (1, 0, -2.81775e-13), (1, 0, -2.81775e-13), (1, 0, -2.81775e-13), (1, 0, -2.81775e-13), (1, 0, -2.81775e-13), (1, 0, -2.81775e-13), (1, 0, -2.81775e-13), (1, 0, -2.81775e-13), (1, 0, -2.81775e-13), (1, 0, -2.81775e-13), (1, 0, -2.81775e-13), (1, 0, -2.81775e-13), (1, 0, -2.81775e-13), (1, 0, -2.81775e-13), (1, 0, -2.81775e-13), (1, 0, -2.81775e-13), (1, 0, -2.81775e-13), (1, 0, -2.81775e-13), (1, 0, -2.81775e-13), (1, 0, -2.81775e-13), (1, 0, -2.81775e-13), (1, 0, -2.81775e-13), (1, 0, -2.81775e-13), (1, 0, -2.81775e-13), (1, 0, -2.81775e-13), (1, 0, -2.81775e-13), (1, 0, -2.81775e-13), (1, 0, -2.81775e-13), (1, 0, -2.81775e-13), (1, 0, -2.81775e-13), (1, 0, -2.81775e-13), (1, 0, -2.81775e-13), (1, 0, -2.81775e-13), (1, 0, -2.81775e-13), (1, 0, -2.81775e-13), (1, 0, -2.81775e-13), (1, 0, -2.81775e-13), (1, 0, -2.81775e-13), (1, 0, -2.81775e-13), (1, 0, -2.81775e-13), (1, 0, -2.81775e-13), (1, 0, -2.81775e-13), (1, 0, -2.81775e-13), (1, 0, -2.81775e-13), (1, 0, -2.81775e-13), (1, 0, -2.81775e-13), (1, 0, -2.81775e-13), (1, 0, -2.81775e-13), (1, 0, -2.81775e-13), (1, 0, -2.81775e-13), (1, 0, -2.81775e-13), (1, 0, -2.81775e-13), (1, 0, -2.81775e-13), (1, 0, -2.81775e-13), (1, 0, -2.81775e-13), (1, 0, -2.81775e-13), (1, 0, -2.81775e-13), (1, 0, -2.81775e-13), (1, 0, -2.81775e-13), (1, 0, -2.81775e-13), (1, 0, -2.81775e-13), (1, 0, -2.81775e-13), (1, 0, -2.81775e-13), (1, 0, -2.81775e-13), (1, 0, -2.81775e-13), (0.206518, 0.691864, 0.691864), (0.206518, 0.847356, 0.489221), (0.206518, 0.691864, 0.691864), (0.206518, 0.847356, 0.489221), (0.206518, 0.691864, 0.691864), (0.206518, 0.847356, 0.489221), (0.206518, 0.978443, -5.81914e-14), (0.206518, 0.978443, -5.81914e-14), (0.206518, 0.945103, 0.25324), (0.206518, 0.945103, 0.25324), (0.206518, 0.945103, 0.25324), (0.206518, 0.978443, -5.81914e-14), (0.206518, -0.25324, 0.945103), (0.206518, 0, 0.978443), (0.206518, -0.25324, 0.945103), (0.206518, 0, 0.978443), (0.206518, -0.25324, 0.945103), (0.206518, 0, 0.978443), (0.206518, -0.691864, -0.691864), (0.206518, -0.489221, -0.847356), (0.206518, -0.691864, -0.691864), (0.206518, -0.489221, -0.847356), (0.206518, -0.691864, -0.691864), (0.206518, -0.489221, -0.847356), (0.206518, -0.489221, -0.847356), (0.206518, -0.25324, -0.945103), (0.206518, -0.489221, -0.847356), (0.206518, -0.25324, -0.945103), (0.206518, -0.489221, -0.847356), (0.206518, -0.25324, -0.945103), (0.206518, 0.25324, -0.945103), (0.206518, 0.25324, -0.945103), (0.206518, 0.489221, -0.847356), (0.206518, 0.489221, -0.847356), (0.206518, 0.489221, -0.847356), (0.206518, 0.25324, -0.945103), (0.206518, -0.25324, -0.945103), (0.206518, 0, -0.978443), (0.206518, -0.25324, -0.945103), (0.206518, 0, -0.978443), (0.206518, -0.25324, -0.945103), (0.206518, 0, -0.978443), (0.206518, 0.847356, 0.489221), (0.206518, 0.945103, 0.25324), (0.206518, 0.847356, 0.489221), (0.206518, 0.945103, 0.25324), (0.206518, 0.847356, 0.489221), (0.206518, 0.945103, 0.25324), (0.206518, 0, -0.978443), (0.206518, 0, -0.978443), (0.206518, 0.25324, -0.945103), (0.206518, 0.25324, -0.945103), (0.206518, 0.25324, -0.945103), (0.206518, 0, -0.978443), (0.206518, -0.691864, 0.691864), (0.206518, -0.691864, 0.691864), (0.206518, -0.489221, 0.847356), (0.206518, -0.489221, 0.847356), (0.206518, -0.489221, 0.847356), (0.206518, -0.691864, 0.691864), (0.206518, 0.489221, -0.847356), (0.206518, 0.489221, -0.847356), (0.206518, 0.691864, -0.691864), (0.206518, 0.691864, -0.691864), (0.206518, 0.691864, -0.691864), (0.206518, 0.489221, -0.847356), (0.206518, 0.25324, 0.945103), (0.206518, 0.489221, 0.847356), (0.206518, 0.25324, 0.945103), (0.206518, 0.489221, 0.847356), (0.206518, 0.25324, 0.945103), (0.206518, 0.489221, 0.847356), (0.206518, -0.978443, -5.81914e-14), (0.206518, -0.978443, -5.81914e-14), (0.206518, -0.945103, -0.25324), (0.206518, -0.945103, -0.25324), (0.206518, -0.945103, -0.25324), (0.206518, -0.978443, -5.81914e-14), (0.206518, -0.945103, 0.25324), (0.206518, -0.847356, 0.489221), (0.206518, -0.945103, 0.25324), (0.206518, -0.847356, 0.489221), (0.206518, -0.945103, 0.25324), (0.206518, -0.847356, 0.489221), (0.206518, 0.847356, -0.489221), (0.206518, 0.691864, -0.691864), (0.206518, 0.847356, -0.489221), (0.206518, 0.691864, -0.691864), (0.206518, 0.847356, -0.489221), (0.206518, 0.691864, -0.691864), (0.206518, 0.847356, -0.489221), (0.206518, 0.847356, -0.489221), (0.206518, 0.945103, -0.25324), (0.206518, 0.945103, -0.25324), (0.206518, 0.945103, -0.25324), (0.206518, 0.847356, -0.489221), (0, 0.258819, -0.965926), (0, 0.813241, -0.581927), (0, 0.75184, -0.659346), (0, 0.813241, -0.581927), (0, 0.258819, -0.965926), (0, 0.233891, -0.972263), (-1, 0, 0), (-1, 0, 0), (-1, 0, 0), (-1, 0, 0), (-1, 0, 0), (-1, 0, 0), (-1, 0, 0), (-1, 0, 0), (-1, 0, 0), (-1, 0, 0), (-1, 0, 0), (-1, 0, 0), (-1, 0, 0), (-1, 0, 0), (-1, 0, 0), (-1, 0, 0), (-1, 0, 0), (-1, 0, 0), (-1, 0, 0), (-1, 0, 0), (-1, 0, 0), (-1, 0, 0), (-1, 0, 0), (-1, 0, 0), (-1, 0, 0), (-1, 0, 0), (-1, 0, 0), (-1, 0, 0), (-1, 0, 0), (-1, 0, 0), (-1, 0, 0), (-1, 0, 0), (-1, 0, 0), (-1, 0, 0), (-1, 0, 0), (-1, 0, 0), (-1, 0, 0), (-1, 0, 0), (-1, 0, 0), (-1, 0, 0), (-1, 0, 0), (-1, 0, 0), (-1, 0, 0), (-1, 0, 0), (-1, 0, 0), (-1, 0, 0), (-1, 0, 0), (-1, 0, 0), (-1, 0, 0), (-1, 0, 0), (-1, 0, 0), (-1, 0, 0), (-1, 0, 0), (-1, 0, 0), (-1, 0, 0), (-1, 0, 0), (-1, 0, 0), (-1, 0, 0), (-1, 0, 0), (-1, 0, 0), (-1, 0, 0), (-1, 0, 0), (-1, 0, 0), (-1, 0, 0), (-1, 0, 0), (-1, 0, 0), (-1, 0, 0), (-1, 0, 0), (-1, 0, 0), (-1, 0, 0), (-1, 0, 0), (-1, 0, 0), (-1, 0, 0), (-1, 0, 0), (-1, 0, 0), (-1, 0, 0), (-1, 0, 0), (-1, 0, 0), (-1, 0, 0), (-1, 0, 0), (-1, 0, 0), (-1, 0, 0), (-1, 0, 0), (-1, 0, 0), (-1, 0, 0), (-1, 0, 0), (-1, 0, 0), (-1, 0, 0), (-1, 0, 0), (-1, 0, 0), (-1, 0, 0), (-1, 0, 0), (-1, 0, 0), (-1, 0, 0), (-1, 0, 0), (-1, 0, 0), (-1, 0, 0), (-1, 0, 0), (-1, 0, 0), (-1, 0, 0), (-1, 0, 0), (-1, 0, 0), (-1, 0, 0), (-1, 0, 0), (-1, 0, 0), (-1, 0, 0), (-1, 0, 0), (-1, 0, 0), (-1, 0, 0), (-1, 0, 0), (-1, 0, 0), (-1, 0, 0), (-1, 0, 0), (-1, 0, 0), (-1, 0, 0), (-1, 0, 0), (-1, 0, 0), (-1, 0, 0), (-1, 0, 0), (-1, 0, 0), (-1, 0, 0), (-1, 0, 0), (-1, 0, 0), (-1, 0, 0), (-1, 0, 0), (-1, 0, 0), (-1, 0, 0), (-1, 0, 0), (-1, 0, 0), (-1, 0, 0), (-1, 0, 0), (-1, 0, 0), (-1, 0, 0), (-1, 0, 0), (-1, 0, 0), (-1, 0, 0), (-1, 0, 0), (-1, 0, 0), (-1, 0, 0), (-1, 0, 0), (-1, 0, 0), (-1, 0, 0), (-1, 0, 0), (-1, 0, 0), (-1, 0, 0), (-1, 0, 0), (-1, 0, 0), (-1, 0, 0), (-1, 0, 0), (-1, 0, 0), (-1, 0, 0), (-1, 0, 0), (-1, 0, 0), (-1, 0, 0), (-1, 0, 0), (-1, 0, 0), (-1, 0, 0), (-1, 0, 0), (-1, 0, 0), (-1, 0, 0), (-1, 0, 0), (-1, 0, 0), (-1, 0, 0), (-1, 0, 0), (-1, 0, 0), (-1, 0, 0), (-1, 0, 0), (-1, 0, 0), (-1, 0, 0), (-1, 0, 0), (-1, 0, 0), (-1, 0, 0), (-1, 0, 0), (-1, 0, 0), (1, 0, 0), (1, 0, 0), (1, 0, 0), (1, 0, 0), (1, 0, 0), (1, 0, 0), (1, 0, 0), (1, 0, 0), (1, 0, 0), (1, 0, 0), (1, 0, 0), (1, 0, 0), (1, 0, 0), (1, 0, 0), (1, 0, 0), (1, 0, 0), (1, 0, 0), (1, 0, 0), (1, 0, 0), (1, 0, 0), (1, 0, 0), (1, 0, 0), (1, 0, 0), (1, 0, 0), (1, 0, 0), (1, 0, 0), (1, 0, 0), (1, 0, 0), (1, 0, 0), (1, 0, 0), (1, 0, 0), (1, 0, 0), (1, 0, 0), (1, 0, 0), (1, 0, 0), (1, 0, 0), (1, 0, 0), (1, 0, 0), (1, 0, 0), (1, 0, 0), (1, 0, 0), (1, 0, 0), (1, 0, 0), (1, 0, 0), (1, 0, 0), (1, 0, 0), (1, 0, 0), (1, 0, 0), (1, 0, 0), (1, 0, 0), (1, 0, 0), (1, 0, 0), (1, 0, 0), (1, 0, 0), (1, 0, 0), (1, 0, 0), (1, 0, 0), (1, 0, 0), (1, 0, 0), (1, 0, 0), (1, 0, 0), (1, 0, 0), (1, 0, 0), (1, 0, 0), (1, 0, 0), (1, 0, 0), (1, 0, 0), (1, 0, 0), (1, 0, 0), (1, 0, 0), (1, 0, 0), (1, 0, 0), (1, 0, 0), (1, 0, 0), (1, 0, 0), (1, 0, 0), (1, 0, 0), (1, 0, 0), (1, 0, 0), (1, 0, 0), (1, 0, 0), (1, 0, 0), (1, 0, 0), (1, 0, 0), (1, 0, 0), (1, 0, 0), (1, 0, 0), (1, 0, 0), (1, 0, 0), (1, 0, 0), (1, 0, 0), (1, 0, 0), (1, 0, 0), (1, 0, 0), (1, 0, 0), (1, 0, 0), (1, 0, 0), (1, 0, 0), (1, 0, 0), (1, 0, 0), (1, 0, 0), (1, 0, 0), (1, 0, 0), (1, 0, 0), (1, 0, 0), (1, 0, 0), (1, 0, 0), (1, 0, 0), (1, 0, 0), (1, 0, 0), (1, 0, 0), (1, 0, 0), (1, 0, 0), (1, 0, 0), (1, 0, 0), (1, 0, 0), (1, 0, 0), (1, 0, 0), (1, 0, 0), (1, 0, 0), (1, 0, 0), (1, 0, 0), (1, 0, 0), (1, 0, 0), (1, 0, 0), (1, 0, 0), (1, 0, 0), (1, 0, 0), (1, 0, 0), (1, 0, 0), (1, 0, 0), (1, 0, 0), (1, 0, 0), (1, 0, 0), (1, 0, 0), (1, 0, 0), (1, 0, 0), (1, 0, 0), (1, 0, 0), (1, 0, 0), (1, 0, 0), (1, 0, 0), (1, 0, 0), (1, 0, 0), (1, 0, 0), (1, 0, 0), (1, 0, 0), (1, 0, 0), (1, 0, 0), (1, 0, 0), (1, 0, 0), (1, 0, 0), (1, 0, 0), (1, 0, 0), (1, 0, 0), (1, 0, 0), (1, 0, 0), (1, 0, 0), (1, 0, 0), (1, 0, 0), (1, 0, 0), (1, 0, 0), (1, 0, 0), (1, 0, 0), (1, 0, 0), (1, 0, 0), (1, 0, 0), (1, 0, 0), (1, 0, 0), (1, 0, 0), (1, 0, 0), (1, 0, 0), (1, 0, 0), (1, 0, 0), (0.948683, -0.316228, 0), (0.948683, -0.316228, 0), (0.948683, -0.316228, 0), (0.948683, -0.316228, 0), (0.948683, -0.316228, 0), (0.948683, -0.316228, 0), (0.948683, -0.316228, 0), (0.948683, -0.316228, 0), (0.948683, -0.316228, 0), (0.948683, -0.316228, 0), (0.948683, -0.316228, 0), (0.948683, -0.316228, 0), (0.948683, -0.316228, 0), (0.948683, -0.316228, 0), (0.948683, -0.316228, 0), (0.948683, -0.316228, 0), (0.948683, -0.316228, 0), (0.948683, -0.316228, 0), (0.948683, -0.316228, 0), (0.948683, -0.316228, 0), (0.948683, -0.316228, 0), (0.948683, -0.316228, 0), (0.948683, -0.316228, 0), (0.948683, -0.316228, 0), (0.948683, -0.316228, 0), (0.948683, -0.316228, 0), (0.948683, -0.316228, 0), (0.948683, -0.316228, 0), (0.948683, -0.316228, 0), (0.948683, -0.316228, 0), (0, 0.866025, 0.5), (0, 0.707107, 0.707107), (0, 0.866025, 0.5), (0, 0.707107, 0.707107), (0, 0.866025, 0.5), (0, 0.707107, 0.707107), (0, 0.965926, 0.258819), (0, 0.866025, 0.5), (0, 0.965926, 0.258819), (0, 0.866025, 0.5), (0, 0.965926, 0.258819), (0, 0.866025, 0.5), (0, 0.866025, -0.5), (0, 0.965926, -0.258819), (0, 0.866025, -0.5), (0, 0.965926, -0.258819), (0, 0.866025, -0.5), (0, 0.965926, -0.258819), (0, 0.965926, 0.258819), (0, 0.866025, 0.5), (0, 0.965926, 0.258819), (0, 0.866025, 0.5), (0, 0.965926, 0.258819), (0, 0.866025, 0.5), (0, 0.707107, -0.707107), (0, 0.866025, -0.5), (0, 0.707107, -0.707107), (0, 0.866025, -0.5), (0, 0.707107, -0.707107), (0, 0.866025, -0.5), (0, 0.233891, -0.972263), (0, 0.5, -0.866025), (0, 0.258819, -0.965926), (0, 0.5, -0.866025), (0, 0.233891, -0.972263), (0, 0.479903, -0.877321), (0, 0.5, 0.866025), (0, 0.608761, 0.793353), (0, 0.479903, 0.877321), (0, 0.608761, 0.793353), (0, 0.5, 0.866025), (0, 0.707107, 0.707107), (0, 0.608761, 0.793353), (0, 0.707107, 0.707107), (0, 0.707107, 0.707107), (0, 0.866025, 0.5), (0, 0.707107, 0.707107), (0, 0.866025, 0.5), (0, 0.707107, 0.707107), (0, 0.866025, 0.5), (0, 0.707107, 0.707107), (0, 0.707107, -0.707107), (0, 0.866025, -0.5), (0, 0.707107, -0.707107), (0, 0.866025, -0.5), (0, 0.707107, -0.707107), (0, 0.866025, -0.5), (0, 0.866025, 0.5), (0, 0.707107, 0.707107), (0, 0.866025, 0.5), (0, 0.707107, 0.707107), (0, 0.866025, 0.5), (0, 0.707107, 0.707107), (0, 0.965926, -0.258819), (0, 1, 0), (0, 0.965926, -0.258819), (0, 1, 0), (0, 0.965926, -0.258819), (0, 1, 0), (0, 1, 0), (0, 0.965926, 0.258819), (0, 1, 0), (0, 0.965926, 0.258819), (0, 1, 0), (0, 0.965926, 0.258819), (0, 0.866025, 0.5), (0, 0.707107, 0.707107), (0, 0.866025, 0.5), (0, 0.707107, 0.707107), (0, 0.866025, 0.5), (0, 0.707107, 0.707107), (0, 1, 0), (0, 0.965926, 0.258819), (0, 1, 0), (0, 0.965926, 0.258819), (0, 1, 0), (0, 0.965926, 0.258819), (0, 1, 0), (0, 0.965926, 0.258819), (0, 1, 0), (0, 0.965926, 0.258819), (0, 1, 0), (0, 0.965926, 0.258819), (0, 0.5, -0.866025), (0, 0.233891, -0.972263), (0, 0.258819, -0.965926), (0, 0.233891, -0.972263), (0, 0.5, -0.866025), (0, 0.479903, -0.877321), (0, 0.866025, -0.5), (0, 0.965926, -0.258819), (0, 0.866025, -0.5), (0, 0.965926, -0.258819), (0, 0.866025, -0.5), (0, 0.965926, -0.258819), (-0.948683, -0.316228, 0), (-0.948683, -0.316228, 0), (-0.948683, -0.316228, 0), (-0.948683, -0.316228, 0), (-0.948683, -0.316228, 0), (-0.948683, -0.316228, 0), (-0.948683, -0.316228, 0), (-0.948683, -0.316228, 0), (-0.948683, -0.316228, 0), (-0.948683, -0.316228, 0), (-0.948683, -0.316228, 0), (-0.948683, -0.316228, 0), (-0.948683, -0.316228, 0), (-0.948683, -0.316228, 0), (-0.948683, -0.316228, 0), (0, 0.479903, 0.877321), (0, 0.258819, 0.965926), (0, 0.233891, 0.972263), (0, 0.258819, 0.965926), (0, 0.479903, 0.877321), (0, 0.5, 0.866025), (-0.948683, -0.316228, 0), (-0.948683, -0.316228, 0), (-0.948683, -0.316228, 0), (-0.948683, -0.316228, 0), (-0.948683, -0.316228, 0), (-0.948683, -0.316228, 0), (-0.948683, -0.316228, 0), (-0.948683, -0.316228, 0), (-0.948683, -0.316228, 0), (-0.948683, -0.316228, 0), (-0.948683, -0.316228, 0), (-0.948683, -0.316228, 0), (-0.948683, -0.316228, 0), (-0.948683, -0.316228, 0), (-0.948683, -0.316228, 0), (-0.948683, -0.316228, 0), (-0.948683, -0.316228, 0), (-0.948683, -0.316228, 0), (0, 0.5, 0.866025), (0, 0.233891, 0.972263), (0, 0.258819, 0.965926), (0, 0.233891, 0.972263), (0, 0.5, 0.866025), (0, 0.479903, 0.877321), (0.948683, -0.316228, 0), (0.948683, -0.316228, 0), (0.948683, -0.316228, 0), (0.948683, -0.316228, 0), (0.948683, -0.316228, 0), (0.948683, -0.316228, 0), (0.948683, -0.316228, 0), (0.948683, -0.316228, 0), (0.948683, -0.316228, 0), (0.948683, -0.316228, 0), (0.948683, -0.316228, 0), (0.948683, -0.316228, 0), (0.948683, -0.316228, 0), (0.948683, -0.316228, 0), (0.948683, -0.316228, 0), (0.948683, -0.316228, 0), (0.948683, -0.316228, 0), (0.948683, -0.316228, 0), (0, 0.233891, 0.972263), (0, 0.5, 0.866025), (0, 0.258819, 0.965926), (0, 0.5, 0.866025), (0, 0.233891, 0.972263), (0, 0.479903, 0.877321), (0, 0.707107, -0.707107), (0, 0.866025, -0.5), (0, 0.707107, -0.707107), (0, 0.866025, -0.5), (0, 0.707107, -0.707107), (0, 0.866025, -0.5), (0, 0.965926, -0.258819), (0, 1, 0), (0, 0.965926, -0.258819), (0, 1, 0), (0, 0.965926, -0.258819), (0, 1, 0), (0, 0.5, -0.866025), (0, 0.233891, -0.972263), (0, 0.258819, -0.965926), (0, 0.233891, -0.972263), (0, 0.5, -0.866025), (0, 0.479903, -0.877321), (0, 0.258819, -0.965926), (0, 0.130526, -0.991445), (0, 0.130526, -0.991445), (0, 0.130526, -0.991445), (0, 0.258819, -0.965926), (0, 0.233891, -0.972263), (0, 0.258819, 0.965926), (0, 0.479903, 0.877321), (0, 0.233891, 0.972263), (0, 0.479903, 0.877321), (0, 0.258819, 0.965926), (0, 0.5, 0.866025), (0, 0.707107, -0.707107), (0, 0.479903, -0.877321), (0, 0.5, -0.866025), (0, 0.479903, -0.877321), (0, 0.707107, -0.707107), (0, 0.608761, -0.793353), (0, 0.608761, -0.793353), (0, 0.707107, -0.707107), (0, 0.707107, -0.707107), (0, 0.130526, 0.991445), (0, 0.233891, 0.972263), (0, 0.130526, 0.991445), (0, 0.233891, 0.972263), (0, 0.130526, 0.991445), (0, 0.258819, 0.965926), (0, 0.965926, -0.258819), (0, 1, 0), (0, 0.965926, -0.258819), (0, 1, 0), (0, 0.965926, -0.258819), (0, 1, 0), (0, 0.5, 0.866025), (0, 0.608761, 0.793353), (0, 0.479903, 0.877321), (0, 0.608761, 0.793353), (0, 0.5, 0.866025), (0, 0.707107, 0.707107), (0, 0.608761, 0.793353), (0, 0.707107, 0.707107), (0, 0.707107, 0.707107), (0, 0.608761, -0.793353), (0, 0.5, -0.866025), (0, 0.479903, -0.877321), (0, 0.5, -0.866025), (0, 0.608761, -0.793353), (0, 0.707107, -0.707107), (0, 0.707107, -0.707107), (0, 0.608761, -0.793353), (0, 0.707107, -0.707107), (0, 0.233891, -0.972263), (0, 0.130526, -0.991445), (0, 0.130526, -0.991445), (0, 0.130526, -0.991445), (0, 0.233891, -0.972263), (0, 0.258819, -0.965926), (0, 0.965926, 0.258819), (0, 0.866025, 0.5), (0, 0.965926, 0.258819), (0, 0.866025, 0.5), (0, 0.965926, 0.258819), (0, 0.866025, 0.5), (0, 0.608761, 0.793353), (0, 0.5, 0.866025), (0, 0.479903, 0.877321), (0, 0.5, 0.866025), (0, 0.608761, 0.793353), (0, 0.707107, 0.707107), (0, 0.707107, 0.707107), (0, 0.608761, 0.793353), (0, 0.707107, 0.707107), (0, 0.608761, 0.793353), (0, 0.5, 0.866025), (0, 0.479903, 0.877321), (0, 0.5, 0.866025), (0, 0.608761, 0.793353), (0, 0.707107, 0.707107), (0, 0.707107, 0.707107), (0, 0.608761, 0.793353), (0, 0.707107, 0.707107), (0, 0.965926, -0.258819), (0, 1, 0), (0, 0.965926, -0.258819), (0, 1, 0), (0, 0.965926, -0.258819), (0, 1, 0), (0, 1, 0), (0, 0.965926, 0.258819), (0, 1, 0), (0, 0.965926, 0.258819), (0, 1, 0), (0, 0.965926, 0.258819), (0, 0.233891, -0.972263), (0, 0.75184, -0.659346), (0, 0.813241, -0.581927), (0, 0.75184, -0.659346), (0, 0.233891, -0.972263), (0, 0.258819, -0.965926), (0, 1, 0), (0, 1, 0), (0, 1, 0), (0, 1, 0), (0, 1, 0), (0, 1, 0), (0, 0.866025, -0.5), (0, 0.965926, -0.258819), (0, 0.866025, -0.5), (0, 0.965926, -0.258819), (0, 0.866025, -0.5), (0, 0.965926, -0.258819), (0, 0.233891, -0.972263), (0, 0.5, -0.866025), (0, 0.258819, -0.965926), (0, 0.5, -0.866025), (0, 0.233891, -0.972263), (0, 0.479903, -0.877321), (0, 0.233891, 0.972263), (0, 0.130526, 0.991445), (0, 0.130526, 0.991445), (0, 0.130526, 0.991445), (0, 0.233891, 0.972263), (0, 0.258819, 0.965926), (0, 0.5, -0.866025), (0, 0.608761, -0.793353), (0, 0.479903, -0.877321), (0, 0.608761, -0.793353), (0, 0.5, -0.866025), (0, 0.707107, -0.707107), (0, 0.608761, -0.793353), (0, 0.707107, -0.707107), (0, 0.707107, -0.707107), (0, 0.866025, -0.5), (0, 0.965926, -0.258819), (0, 0.866025, -0.5), (0, 0.965926, -0.258819), (0, 0.866025, -0.5), (0, 0.965926, -0.258819), (0, 0.479903, -0.877321), (0, 0.707107, -0.707107), (0, 0.5, -0.866025), (0, 0.707107, -0.707107), (0, 0.479903, -0.877321), (0, 0.608761, -0.793353), (0, 0.707107, -0.707107), (0, 0.608761, -0.793353), (0, 0.707107, -0.707107), (0, 1, 0), (0, 1, 0), (0, 1, 0), (0, 1, 0), (0, 1, 0), (0, 1, 0), (0, 0.965926, 0.258819), (0, 0.866025, 0.5), (0, 0.965926, 0.258819), (0, 0.866025, 0.5), (0, 0.965926, 0.258819), (0, 0.866025, 0.5), (0, -0.316228, 0.948683), (0, -0.316228, 0.948683), (0, -0.316228, 0.948683), (0, -0.316228, 0.948683), (0, -0.316228, 0.948683), (0, -0.316228, 0.948683), (0, -0.316228, 0.948683), (0, -0.316228, 0.948683), (0, -0.316228, 0.948683), (0, -0.316228, 0.948683), (0, -0.316228, 0.948683), (0, -0.316228, 0.948683), (0, -0.316228, 0.948683), (0, -0.316228, 0.948683), (0, -0.316228, 0.948683), (0, -0.316228, 0.948683), (0, -0.316228, 0.948683), (0, -0.316228, 0.948683), (0, 0.233891, 0.972263), (0, 0.75184, 0.659346), (0, 0.813241, 0.581927), (0, 0.75184, 0.659346), (0, 0.233891, 0.972263), (0, 0.258819, 0.965926), (0, 0.707107, -0.707107), (0, 0.866025, -0.5), (0, 0.707107, -0.707107), (0, 0.866025, -0.5), (0, 0.707107, -0.707107), (0, 0.866025, -0.5), (-0.948683, -0.316228, 0), (-0.948683, -0.316228, 0), (-0.948683, -0.316228, 0), (-0.948683, -0.316228, 0), (-0.948683, -0.316228, 0), (-0.948683, -0.316228, 0), (-0.948683, -0.316228, 0), (-0.948683, -0.316228, 0), (-0.948683, -0.316228, 0), (-0.948683, -0.316228, 0), (-0.948683, -0.316228, 0), (-0.948683, -0.316228, 0), (-0.948683, -0.316228, 0), (-0.948683, -0.316228, 0), (-0.948683, -0.316228, 0), (0, 0.258819, 0.965926), (0, 0.813241, 0.581927), (0, 0.75184, 0.659346), (0, 0.813241, 0.581927), (0, 0.258819, 0.965926), (0, 0.233891, 0.972263), (0, -0.5547, -0.83205), (0, -0.5547, -0.83205), (0, -0.5547, -0.83205), (0, -0.5547, -0.83205), (0, -0.5547, -0.83205), (0, -0.5547, -0.83205), (0.19509, 0, 0.980785), (-0.19509, 0, 0.980785), (0.19509, 0, 0.980785), (-0.19509, 0, 0.980785), (0.19509, 0, 0.980785), (-0.19509, 0, 0.980785), (0.707107, 0, 0.707107), (0.923879, 0, 0.382683), (0.923879, 0, 0.382683), (0.923879, 0, 0.382683), (0.707107, 0, 0.707107), (0.707107, 0, 0.707107), (-0.707107, 0, 0.707107), (-0.923879, 0, 0.382683), (-0.923879, 0, 0.382683), (-0.923879, 0, 0.382683), (-0.707107, 0, 0.707107), (-0.707107, 0, 0.707107), (0.707107, 0, 0.707107), (0.19509, 0, 0.980785), (0.707107, 0, 0.707107), (0.19509, 0, 0.980785), (0.707107, 0, 0.707107), (0.19509, 0, 0.980785), (-0.923879, 0, -0.382683), (-0.707107, 0, -0.707107), (-0.707107, 0, -0.707107), (-0.707107, 0, -0.707107), (-0.923879, 0, -0.382683), (-0.923879, 0, -0.382683), (0.923879, 0, -0.382683), (0.707107, 0, -0.707107), (0.707107, 0, -0.707107), (0.707107, 0, -0.707107), (0.923879, 0, -0.382683), (0.923879, 0, -0.382683), (-0.707107, 0, -0.707107), (-0.19509, 0, -0.980785), (-0.707107, 0, -0.707107), (-0.19509, 0, -0.980785), (-0.707107, 0, -0.707107), (-0.19509, 0, -0.980785), (0, 0.75184, -0.659346), (0, 1, 0), (0, 1, 0), (0, 0.75184, -0.659346), (0, 1, 0), (0, 1, 0), (0, 0.813241, -0.581927), (0, 1, 0), (0, 0.75184, -0.659346), (0, 1, 0), (0, 1, 0), (0, 0.813241, -0.581927), (0, 1, 0), (0, 1, 0), (0, 1, 0), (0, 1, 0), (0, 1, 0), (0, 1, 0), (0, 0.813241, -0.581927), (0, 1, 0), (0, 1, 0), (0, 0.813241, -0.581927), (0, 1, 0), (0, 1, 0), (0, 0.75184, -0.659346), (0, 1, 0), (0, 0.813241, -0.581927), (0, 1, 0), (0, 0.75184, -0.659346), (0, 1, 0), (0, -1, 0), (0, -1, 0), (0, -1, 0), (0, -1, 0), (0, -1, 0), (0, -1, 0), (0, -1, 0), (0, -1, 0), (0, -1, 0), (0, -1, 0), (0, -1, 0), (0, -1, 0), (0, -1, 0), (0, -1, 0), (0, -1, 0), (0, -1, 0), (0, -1, 0), (0, -1, 0), (0, -1, 0), (0, -1, 0), (0, -1, 0), (0, -1, 0), (0, -1, 0), (0, -1, 0), (0, -1, 0), (0, -1, 0), (0, -1, 0), (0, -1, 0), (0, -1, 0), (0, -1, 0), (0, -1, 0), (0, -1, 0), (0, -1, 0), (0, -1, 0), (0, -1, 0), (0, -1, 0), (0, -1, 0), (0, -1, 0), (0, -1, 0), (0, -1, 0), (0, -1, 0), (0, -1, 0), (0, -1, 0), (0, -1, 0), (0, -1, 0), (0, -1, 0), (0, -1, 0), (0, -1, 0), (0, -1, 0), (0, -1, 0), (0, -1, 0), (0, -1, 0), (0, -1, 0), (0, -1, 0), (0, -1, 0), (0, -1, 0), (0, -1, 0), (0, -1, 0), (0, -1, 0), (0, -1, 0), (0, -1, 0), (0, -1, 0), (0, -1, 0), (0, -1, 0), (0, -1, 0), (0, -1, 0), (0, -1, 0), (0, -1, 0), (0, -1, 0), (0, -1, 0), (0, -1, 0), (0, -1, 0), (0, -1, 0), (0, -1, 0), (0, -1, 0), (0, -1, 0), (0, -1, 0), (0, -1, 0), (-0.19509, 0, -0.980785), (0.19509, 0, -0.980785), (-0.19509, 0, -0.980785), (0.19509, 0, -0.980785), (-0.19509, 0, -0.980785), (0.19509, 0, -0.980785), (0.19509, 0, -0.980785), (0.707107, 0, -0.707107), (0.19509, 0, -0.980785), (0.707107, 0, -0.707107), (0.19509, 0, -0.980785), (0.707107, 0, -0.707107), (-0.19509, 0, 0.980785), (-0.707107, 0, 0.707107), (-0.19509, 0, 0.980785), (-0.707107, 0, 0.707107), (-0.19509, 0, 0.980785), (-0.707107, 0, 0.707107), (0, 0.75184, 0.659346), (0, 1, 0), (0, 0.813241, 0.581927), (0, 1, 0), (0, 0.75184, 0.659346), (0, 1, 0), (0, 1, 0), (0, 1, 0), (0, 1, 0), (0, 1, 0), (0, 0.75184, 0.659346), (0, 1, 0), (0, 1, 0), (0, 0.75184, 0.659346), (0, 1, 0), (0, 1, 0), (0, 1, 0), (0, 1, 0), (0, 1, 0), (0, 0.813241, 0.581927), (0, 1, 0), (0, 1, 0), (0, 0.813241, 0.581927), (0, 1, 0), (0, 1, 0), (0, 0.813241, 0.581927), (0, 1, 0), (0, 0.813241, 0.581927), (0, 1, 0), (0, 0.75184, 0.659346), (0, 1, 0), (0, 1, 0), (0, 1, 0), (0, 1, 0), (0, 1, 0), (0, 1, 0), (0, 1, 0), (0, 1, 0), (0, 1, 0), (0, 1, 0), (0, 1, 0), (0, 1, 0), (0, 0, -1), (0, 0, -1), (0, 0, -1), (0, 0, -1), (0, 0, -1), (0, 0, -1), (0, 0, 1), (0, 0, 1), (0, 0, 1), (0, 0, 1), (0, 0, 1), (0, 0, 1), (0.382683, -0.923879, 4.24864e-17), (0.923879, -0.382683, 1.02571e-16), (0.382683, -0.923879, 4.24864e-17), (0.923879, -0.382683, 1.02571e-16), (0.382683, -0.923879, 4.24864e-17), (0.923879, -0.382683, 1.02571e-16), (-0.382683, -0.923879, -4.24864e-17), (0.382683, -0.923879, 4.24864e-17), (-0.382683, -0.923879, -4.24864e-17), (0.382683, -0.923879, 4.24864e-17), (-0.382683, -0.923879, -4.24864e-17), (0.382683, -0.923879, 4.24864e-17), (-0.923879, -0.382683, -1.02571e-16), (-0.382683, -0.923879, -4.24864e-17), (-0.923879, -0.382683, -1.02571e-16), (-0.382683, -0.923879, -4.24864e-17), (-0.923879, -0.382683, -1.02571e-16), (-0.382683, -0.923879, -4.24864e-17), (0.923879, 0.382683, 1.02571e-16), (0.382683, 0.923879, 4.24864e-17), (0.382683, 0.923879, 4.24864e-17), (0.382683, 0.923879, 4.24864e-17), (0.923879, 0.382683, 1.02571e-16), (0.923879, 0.382683, 1.02571e-16), (0.923879, -0.382683, 1.02571e-16), (0.923879, 0.382683, 1.02571e-16), (0.923879, -0.382683, 1.02571e-16), (0.923879, 0.382683, 1.02571e-16), (0.923879, -0.382683, 1.02571e-16), (0.923879, 0.382683, 1.02571e-16), (1.11022e-16, 0, -1), (1.11022e-16, 0, -1), (1.11022e-16, 0, -1), (1.11022e-16, 0, -1), (1.11022e-16, 0, -1), (1.11022e-16, 0, -1), (1.11022e-16, 0, -1), (1.11022e-16, 0, -1), (1.11022e-16, 0, -1), (1.11022e-16, 0, -1), (1.11022e-16, 0, -1), (1.11022e-16, 0, -1), (1.11022e-16, 0, -1), (1.11022e-16, 0, -1), (1.11022e-16, 0, -1), (1.11022e-16, 0, -1), (1.11022e-16, 0, -1), (1.11022e-16, 0, -1), (0.382683, 0.923879, 4.24864e-17), (-0.382683, 0.923879, -4.24864e-17), (-0.382683, 0.923879, -4.24864e-17), (-0.382683, 0.923879, -4.24864e-17), (0.382683, 0.923879, 4.24864e-17), (0.382683, 0.923879, 4.24864e-17), (-0.923879, 0.382683, -1.02571e-16), (-0.923879, -0.382683, -1.02571e-16), (-0.923879, 0.382683, -1.02571e-16), (-0.923879, -0.382683, -1.02571e-16), (-0.923879, 0.382683, -1.02571e-16), (-0.923879, -0.382683, -1.02571e-16), (-0.382683, 0.923879, -4.24864e-17), (-0.923879, 0.382683, -1.02571e-16), (-0.923879, 0.382683, -1.02571e-16), (-0.923879, 0.382683, -1.02571e-16), (-0.382683, 0.923879, -4.24864e-17), (-0.382683, 0.923879, -4.24864e-17), (-0.382683, -0.923879, 0), (-0.923879, -0.382683, 0), (-0.382683, -0.923879, 0), (-0.923879, -0.382683, 0), (-0.382683, -0.923879, 0), (-0.923879, -0.382683, 0), (0.382683, -0.923879, 0), (-0.382683, -0.923879, 0), (0.382683, -0.923879, 0), (-0.382683, -0.923879, 0), (0.382683, -0.923879, 0), (-0.382683, -0.923879, 0), (0.923879, -0.382683, 0), (0.382683, -0.923879, 0), (0.923879, -0.382683, 0), (0.382683, -0.923879, 0), (0.923879, -0.382683, 0), (0.382683, -0.923879, 0), (-0.923879, 0.382683, 0), (-0.382683, 0.923879, 0), (-0.382683, 0.923879, 0), (-0.382683, 0.923879, 0), (-0.923879, 0.382683, 0), (-0.923879, 0.382683, 0), (-0.923879, -0.382683, 0), (-0.923879, 0.382683, 0), (-0.923879, -0.382683, 0), (-0.923879, 0.382683, 0), (-0.923879, -0.382683, 0), (-0.923879, 0.382683, 0), (0, 0, 1), (0, 0, 1), (0, 0, 1), (0, 0, 1), (0, 0, 1), (0, 0, 1), (0, 0, 1), (0, 0, 1), (0, 0, 1), (0, 0, 1), (0, 0, 1), (0, 0, 1), (0, 0, 1), (0, 0, 1), (0, 0, 1), (0, 0, 1), (0, 0, 1), (0, 0, 1), (-0.382683, 0.923879, 0), (0.382683, 0.923879, 0), (0.382683, 0.923879, 0), (0.382683, 0.923879, 0), (-0.382683, 0.923879, 0), (-0.382683, 0.923879, 0), (0.923879, 0.382683, 0), (0.923879, -0.382683, 0), (0.923879, 0.382683, 0), (0.923879, -0.382683, 0), (0.923879, 0.382683, 0), (0.923879, -0.382683, 0), (0.382683, 0.923879, 0), (0.923879, 0.382683, 0), (0.923879, 0.382683, 0), (0.923879, 0.382683, 0), (0.382683, 0.923879, 0), (0.382683, 0.923879, 0), (0, 0, -1), (0, 0, -1), (0, 0, -1), (0, 0, -1), (0, 0, -1), (0, 0, -1), (0, -0.5, -0.866025), (0, -0.707107, -0.707107), (0, -0.5, -0.866025), (0, -0.707107, -0.707107), (0, -0.5, -0.866025), (0, -0.707107, -0.707107), (0, -0.866025, -0.5), (0, -0.965926, -0.258819), (0, -0.866025, -0.5), (0, -0.965926, -0.258819), (0, -0.866025, -0.5), (0, -0.965926, -0.258819), (0, -0.5, 0.866025), (0, -0.258819, 0.965926), (0, -0.258819, 0.965926), (0, -0.258819, 0.965926), (0, -0.5, 0.866025), (0, -0.5, 0.866025), (0, -0.866025, -0.5), (0, -0.965926, -0.258819), (0, -0.866025, -0.5), (0, -0.965926, -0.258819), (0, -0.866025, -0.5), (0, -0.965926, -0.258819), (0, -0.5, -0.866025), (0, -0.707107, -0.707107), (0, -0.5, -0.866025), (0, -0.707107, -0.707107), (0, -0.5, -0.866025), (0, -0.707107, -0.707107), (0, -0.0654031, -0.997859), (0, 0, -1), (0, 0, -1), (0, 0, -1), (0, -0.0654031, -0.997859), (0, -0.0654031, -0.997859), (0, -1, 0), (0, -0.965926, 0.258819), (0, -1, 0), (0, -0.965926, 0.258819), (0, -1, 0), (0, -0.965926, 0.258819), (0, -0.965926, 0.258819), (0, -1, 0), (0, -0.991445, 0.130526), (0, -0.0654031, 0.997859), (0, 0, 1), (0, 0, 1), (0, 0, 1), (0, -0.0654031, 0.997859), (0, -0.0654031, 0.997859), (0, -0.0654031, 0.997859), (0, 0, 1), (0, 0, 1), (0, 0, 1), (0, -0.0654031, 0.997859), (0, -0.0654031, 0.997859), (0, -0.707107, -0.707107), (0, -0.866025, -0.5), (0, -0.707107, -0.707107), (0, -0.866025, -0.5), (0, -0.707107, -0.707107), (0, -0.866025, -0.5), (0, -0.866025, 0.5), (0, -0.707107, 0.707107), (0, -0.866025, 0.5), (0, -0.707107, 0.707107), (0, -0.866025, 0.5), (0, -0.707107, 0.707107), (0, -0.866025, 0.5), (0, -0.707107, 0.707107), (0, -0.866025, 0.5), (0, -0.707107, 0.707107), (0, -0.866025, 0.5), (0, -0.707107, 0.707107), (0, -0.965926, -0.258819), (0, -1, 0), (0, -0.965926, -0.258819), (0, -1, 0), (0, -0.965926, -0.258819), (0, -1, 0), (0, -0.965926, 0.258819), (0, -0.866025, 0.5), (0, -0.965926, 0.258819), (0, -0.866025, 0.5), (0, -0.965926, 0.258819), (0, -0.866025, 0.5), (0, -0.707107, 0.707107), (0, -0.5, 0.866025), (0, -0.5, 0.866025), (0, -0.5, 0.866025), (0, -0.707107, 0.707107), (0, -0.707107, 0.707107), (0, -0.707107, -0.707107), (0, -0.866025, -0.5), (0, -0.707107, -0.707107), (0, -0.866025, -0.5), (0, -0.707107, -0.707107), (0, -0.866025, -0.5), (0, -0.258819, 0.965926), (0, -0.0654031, 0.997859), (0, -0.0654031, 0.997859), (0, -0.0654031, 0.997859), (0, -0.258819, 0.965926), (0, -0.258819, 0.965926), (0, -0.258819, -0.965926), (0, -0.5, -0.866025), (0, -0.258819, -0.965926), (0, -0.5, -0.866025), (0, -0.258819, -0.965926), (0, -0.5, -0.866025), (0, -0.0654031, -0.997859), (0, -0.258819, -0.965926), (0, -0.0654031, -0.997859), (0, -0.258819, -0.965926), (0, -0.0654031, -0.997859), (0, -0.258819, -0.965926), (0, -0.258819, 0.965926), (0, -0.0654031, 0.997859), (0, -0.0654031, 0.997859), (0, -0.0654031, 0.997859), (0, -0.258819, 0.965926), (0, -0.258819, 0.965926), (0, -0.965926, 0.258819), (0, -0.866025, 0.5), (0, -0.965926, 0.258819), (0, -0.866025, 0.5), (0, -0.965926, 0.258819), (0, -0.866025, 0.5), (0, -0.5, 0.866025), (0, -0.258819, 0.965926), (0, -0.258819, 0.965926), (0, -0.258819, 0.965926), (0, -0.5, 0.866025), (0, -0.5, 0.866025), (0, -0.0654031, -0.997859), (0, -0.258819, -0.965926), (0, -0.0654031, -0.997859), (0, -0.258819, -0.965926), (0, -0.0654031, -0.997859), (0, -0.258819, -0.965926), (0, -0.707107, 0.707107), (0, -0.5, 0.866025), (0, -0.5, 0.866025), (0, -0.5, 0.866025), (0, -0.707107, 0.707107), (0, -0.707107, 0.707107), (0, -0.258819, -0.965926), (0, -0.5, -0.866025), (0, -0.258819, -0.965926), (0, -0.5, -0.866025), (0, -0.258819, -0.965926), (0, -0.5, -0.866025), (0, -0.965926, -0.258819), (0, -1, 0), (0, -0.965926, -0.258819), (0, -1, 0), (0, -0.965926, -0.258819), (0, -1, 0), (0, -1, 0), (0, -0.965926, -0.258819), (0, -0.991445, -0.130526), (0, -0.0654031, -0.997859), (0, 0, -1), (0, 0, -1), (0, 0, -1), (0, -0.0654031, -0.997859), (0, -0.0654031, -0.997859), (0, -1, 0), (0, -0.965926, 0.258819), (0, -1, 0), (0, -0.965926, 0.258819), (0, -1, 0), (0, -0.965926, 0.258819), (0, -0.258819, -0.965926), (0, -0.0654031, -0.997859), (0, -0.0654031, -0.997859), (0, -0.0654031, -0.997859), (0, -0.258819, -0.965926), (0, -0.258819, -0.965926), (0, -0.0654031, 0.997859), (0, 0, 1), (0, 0, 1), (0, 0, 1), (0, -0.0654031, 0.997859), (0, -0.0654031, 0.997859), (0, -1, 0), (0, -0.965926, 0.258819), (0, -1, 0), (0, -0.965926, 0.258819), (0, -1, 0), (0, -0.965926, 0.258819), (0, -0.965926, 0.258819), (0, -0.866025, 0.5), (0, -0.965926, 0.258819), (0, -0.866025, 0.5), (0, -0.965926, 0.258819), (0, -0.866025, 0.5), (0, -0.707107, -0.707107), (0, -0.5, -0.866025), (0, -0.5, -0.866025), (0, -0.5, -0.866025), (0, -0.707107, -0.707107), (0, -0.707107, -0.707107), (0, -0.258819, 0.965926), (0, -0.0654031, 0.997859), (0, -0.0654031, 0.997859), (0, -0.0654031, 0.997859), (0, -0.258819, 0.965926), (0, -0.258819, 0.965926), (0, -0.707107, 0.707107), (0, -0.5, 0.866025), (0, -0.5, 0.866025), (0, -0.5, 0.866025), (0, -0.707107, 0.707107), (0, -0.707107, 0.707107), (0, -0.5, 0.866025), (0, -0.258819, 0.965926), (0, -0.258819, 0.965926), (0, -0.258819, 0.965926), (0, -0.5, 0.866025), (0, -0.5, 0.866025), (0, -0.866025, 0.5), (0, -0.707107, 0.707107), (0, -0.866025, 0.5), (0, -0.707107, 0.707107), (0, -0.866025, 0.5), (0, -0.707107, 0.707107), (0, -0.707107, -0.707107), (0, -0.866025, -0.5), (0, -0.707107, -0.707107), (0, -0.866025, -0.5), (0, -0.707107, -0.707107), (0, -0.866025, -0.5), (0, -0.965926, -0.258819), (0, -1, 0), (0, -0.965926, -0.258819), (0, -1, 0), (0, -0.965926, -0.258819), (0, -1, 0), (0, -0.5, -0.866025), (0, -0.258819, -0.965926), (0, -0.258819, -0.965926), (0, -0.258819, -0.965926), (0, -0.5, -0.866025), (0, -0.5, -0.866025), (0, -0.866025, -0.5), (0, -0.965926, -0.258819), (0, -0.866025, -0.5), (0, -0.965926, -0.258819), (0, -0.866025, -0.5), (0, -0.965926, -0.258819), (-1, 0, 0), (-1, 0, 0), (-1, 0, 0), (-1, 0, 0), (-1, 0, 0), (-1, 0, 0), (-1, 0, 0), (-1, 0, 0), (-1, 0, 0), (-1, 0, 0), (-1, 0, 0), (-1, 0, 0), (-1, 0, 0), (-1, 0, 0), (-1, 0, 0), (-1, 0, 0), (-1, 0, 0), (-1, 0, 0), (-1, 0, 0), (-1, 0, 0), (-1, 0, 0), (-1, 0, 0), (-1, 0, 0), (-1, 0, 0), (-1, 0, 0), (-1, 0, 0), (-1, 0, 0), (-1, 0, 0), (-1, 0, 0), (-1, 0, 0), (-1, 0, 0), (-1, 0, 0), (-1, 0, 0), (-1, 0, 0), (-1, 0, 0), (-1, 0, 0), (-1, 0, 0), (-1, 0, 0), (-1, 0, 0), (1, 0, 0), (1, 0, 0), (1, 0, 0), (1, 0, 0), (1, 0, 0), (1, 0, 0), (1, 0, 0), (1, 0, 0), (1, 0, 0), (1, 0, 0), (1, 0, 0), (1, 0, 0), (1, 0, 0), (1, 0, 0), (1, 0, 0), (1, 0, 0), (1, 0, 0), (1, 0, 0), (1, 0, 0), (1, 0, 0), (1, 0, 0), (1, 0, 0), (1, 0, 0), (1, 0, 0), (1, 0, 0), (1, 0, 0), (1, 0, 0), (1, 0, 0), (1, 0, 0), (1, 0, 0), (1, 0, 0), (1, 0, 0), (1, 0, 0), (1, 0, 0), (1, 0, 0), (1, 0, 0), (1, 0, 0), (1, 0, 0), (1, 0, 0), (0, -0.0654031, -0.997859), (0, 0, -1), (0, 0, -1), (0, 0, -1), (0, -0.0654031, -0.997859), (0, -0.0654031, -0.997859), (0, -0.0654031, -0.997859), (0, 0, -1), (0, 0, -1), (0, 0, -1), (0, -0.0654031, -0.997859), (0, -0.0654031, -0.997859), (0, -0.258819, -0.965926), (0, -0.0654031, -0.997859), (0, -0.0654031, -0.997859), (0, -0.0654031, -0.997859), (0, -0.258819, -0.965926), (0, -0.258819, -0.965926), (0, -0.0654031, 0.997859), (0, 0, 1), (0, 0, 1), (0, 0, 1), (0, -0.0654031, 0.997859), (0, -0.0654031, 0.997859), (0, -1, 0), (0, -0.965926, 0.258819), (0, -0.991445, 0.130526), (0, -0.965926, 0.258819), (0, -1, 0), (0, -0.965926, 0.258819), (0, -0.965926, 0.258819), (0, -1, 0), (0, -1, 0), (0, -0.965926, 0.258819), (0, -0.866025, 0.5), (0, -0.965926, 0.258819), (0, -0.866025, 0.5), (0, -0.965926, 0.258819), (0, -0.866025, 0.5), (0, -0.5, -0.866025), (0, -0.707107, -0.707107), (0, -0.5, -0.866025), (0, -0.707107, -0.707107), (0, -0.5, -0.866025), (0, -0.707107, -0.707107), (0, -0.258819, 0.965926), (0, -0.0654031, 0.997859), (0, -0.0654031, 0.997859), (0, -0.0654031, 0.997859), (0, -0.258819, 0.965926), (0, -0.258819, 0.965926), (0, -0.707107, 0.707107), (0, -0.5, 0.866025), (0, -0.5, 0.866025), (0, -0.5, 0.866025), (0, -0.707107, 0.707107), (0, -0.707107, 0.707107), (0, -0.5, 0.866025), (0, -0.258819, 0.965926), (0, -0.258819, 0.965926), (0, -0.258819, 0.965926), (0, -0.5, 0.866025), (0, -0.5, 0.866025), (0, -0.707107, -0.707107), (0, -0.866025, -0.5), (0, -0.707107, -0.707107), (0, -0.866025, -0.5), (0, -0.707107, -0.707107), (0, -0.866025, -0.5), (0, -0.965926, -0.258819), (0, -0.991445, -0.130526), (0, -0.965926, -0.258819), (0, -0.991445, -0.130526), (0, -0.965926, -0.258819), (0, -1, 0), (0, -1, 0), (0, -0.965926, -0.258819), (0, -1, 0), (0, -0.866025, 0.5), (0, -0.707107, 0.707107), (0, -0.866025, 0.5), (0, -0.707107, 0.707107), (0, -0.866025, 0.5), (0, -0.707107, 0.707107), (0, -0.5, -0.866025), (0, -0.258819, -0.965926), (0, -0.258819, -0.965926), (0, -0.258819, -0.965926), (0, -0.5, -0.866025), (0, -0.5, -0.866025), (0, -0.866025, -0.5), (0, -0.965926, -0.258819), (0, -0.866025, -0.5), (0, -0.965926, -0.258819), (0, -0.866025, -0.5), (0, -0.965926, -0.258819), (-1, 0, 0), (-1, 0, 0), (-1, 0, 0), (-1, 0, 0), (-1, 0, 0), (-1, 0, 0), (-1, 0, 0), (-1, 0, 0), (-1, 0, 0), (-1, 0, 0), (-1, 0, 0), (-1, 0, 0), (-1, 0, 0), (-1, 0, 0), (-1, 0, 0), (-1, 0, 0), (-1, 0, 0), (-1, 0, 0), (-1, 0, 0), (-1, 0, 0), (-1, 0, 0), (-1, 0, 0), (-1, 0, 0), (-1, 0, 0), (-1, 0, 0), (-1, 0, 0), (-1, 0, 0), (-1, 0, 0), (-1, 0, 0), (-1, 0, 0), (-1, 0, 0), (-1, 0, 0), (-1, 0, 0), (-1, 0, 0), (-1, 0, 0), (-1, 0, 0), (-1, 0, 0), (-1, 0, 0), (-1, 0, 0), (1, 0, 0), (1, 0, 0), (1, 0, 0), (1, 0, 0), (1, 0, 0), (1, 0, 0), (1, 0, 0), (1, 0, 0), (1, 0, 0), (1, 0, 0), (1, 0, 0), (1, 0, 0), (1, 0, 0), (1, 0, 0), (1, 0, 0), (1, 0, 0), (1, 0, 0), (1, 0, 0), (1, 0, 0), (1, 0, 0), (1, 0, 0), (1, 0, 0), (1, 0, 0), (1, 0, 0), (1, 0, 0), (1, 0, 0), (1, 0, 0), (1, 0, 0), (1, 0, 0), (1, 0, 0), (1, 0, 0), (1, 0, 0), (1, 0, 0), (1, 0, 0), (1, 0, 0), (1, 0, 0), (1, 0, 0), (1, 0, 0), (1, 0, 0), (0, 0.891291, 0.453431), (0, 0.624695, 0.780869), (0, 0.624695, 0.780869), (0, 0.624695, 0.780869), (0, 0.891291, 0.453431), (0, 0.624695, 0.780869), (0, 0.624695, 0.780869), (0, 0.891291, 0.453431), (0, 0.624695, 0.780869), (0, 0.891291, 0.453431), (0, 0.624695, 0.780869), (0, 0.891291, 0.453431), (0, 0.624695, 0.780869), (0, 0.624695, 0.780869), (0, 0.891291, 0.453431), (0, 0.624695, 0.780869), (0, 0.624695, 0.780869), (0, 0.624695, 0.780869), (0, 0, 1), (0, 0, 1), (0, 0, 1), (0, 0, 1), (0, 0, 1), (0, 0, 1), (0, 0, 1), (0, 0, 1), (0, 0, 1), (0, 0, 1), (0, 0, 1), (0, 0, 1), (0, 0, -1), (0, 0, -1), (0, 0, -1), (0, 0, -1), (0, 0, -1), (0, 0, -1), (0, 0, -1), (0, 0, -1), (0, 0, -1), (0, 0, -1), (0, 0, -1), (0, 0, -1), (0, 0, -1), (0, 0, -1), (0, 0, -1), (0, 0, -1), (0, 0, -1), (0, 0, -1), (-0.923879, 0, 0.382683), (-0.923879, 0, -0.382683), (-0.923879, 0, -0.382683), (-0.923879, 0, -0.382683), (-0.923879, 0, 0.382683), (-0.923879, 0, 0.382683), (-0.382683, 0, -0.923879), (0.382683, 0, -0.923879), (-0.382683, 0, -0.923879), (0.382683, 0, -0.923879), (-0.382683, 0, -0.923879), (0.382683, 0, -0.923879), (0, -1, 0), (0, -1, 0), (0, -1, 0), (0, -1, 0), (0, -1, 0), (0, -1, 0), (0, -1, 0), (0, -1, 0), (0, -1, 0), (0, -1, 0), (0, -1, 0), (0, -1, 0), (0, -1, 0), (0, -1, 0), (0, -1, 0), (0, -1, 0), (0, -1, 0), (0, -1, 0), (0, -1, 0), (0, -1, 0), (0, -1, 0), (0, -1, 0), (0, -1, 0), (0, -1, 0), (0, -1, 0), (0, -1, 0), (0, -1, 0), (0, -1, 0), (0, -1, 0), (0, -1, 0), (0, -1, 0), (0, -1, 0), (0, -1, 0), (0, -1, 0), (0, -1, 0), (0, -1, 0), (0, 0.83205, 0.5547), (0, 0.83205, 0.5547), (0, 0.83205, 0.5547), (0, 0.83205, 0.5547), (0, 0.83205, 0.5547), (0, 0.83205, 0.5547), (0, 0.83205, 0.5547), (0, 0.83205, 0.5547), (0, 0.83205, 0.5547), (0, 0.83205, 0.5547), (0, 0.83205, 0.5547), (0, 0.83205, 0.5547), (0, 0.83205, 0.5547), (0, 0.83205, 0.5547), (0, 0.83205, 0.5547), (0, 0.83205, 0.5547), (0, 0.83205, 0.5547), (0, 0.83205, 0.5547), (0, 0.83205, 0.5547), (0, 0.83205, 0.5547), (0, 0.83205, 0.5547), (0, 0.83205, 0.5547), (0, 0.83205, 0.5547), (0, 0.83205, 0.5547), (0, 0.83205, 0.5547), (0, 0.83205, 0.5547), (0, 0.83205, 0.5547), (0, 0.83205, 0.5547), (0, 0.83205, 0.5547), (0, 0.83205, 0.5547), (0, 0, 1), (0, 0, 1), (0, 0, 1), (0, 0, 1), (0, 0, 1), (0, 0, 1), (-1, 0, 0), (-0.707107, 0.707107, 0), (-1, 0, 0), (-0.707107, 0.707107, 0), (-1, 0, 0), (-0.707107, 0.707107, 0), (-0.707107, 0.707107, 0), (0, 1, 0), (0, 1, 0), (0, 1, 0), (-0.707107, 0.707107, 0), (-0.707107, 0.707107, 0), (0, 0, 1), (0, 0, 1), (0, 0, 1), (0, 0, 1), (0, 0, 1), (0, 0, 1), (0, -1, 0), (0, -1, 0), (0, -1, 0), (0, -1, 0), (0, -1, 0), (0, -1, 0), (0.707107, 0.707107, 0), (1, 0, 0), (0.707107, 0.707107, 0), (1, 0, 0), (0.707107, 0.707107, 0), (1, 0, 0), (0, -1, 0), (0, -1, 0), (0, -1, 0), (0, -1, 0), (0, -1, 0), (0, -1, 0), (0, 1, 0), (0.707107, 0.707107, 0), (0.707107, 0.707107, 0), (0.707107, 0.707107, 0), (0, 1, 0), (0, 1, 0), (0, 0, 1), (0, 0, 1), (0, 0, 1), (0, 0, 1), (0, 0, 1), (0, 0, 1), (0, 1, 0), (0, 1, 0), (0, 1, 0), (0, 1, 0), (0, 1, 0), (0, 1, 0), (0, 1, 0), (0, 1, 0), (0, 1, 0), (0, 1, 0), (0, 1, 0), (0, 1, 0), (0, 1, 0), (0, 1, 0), (0, 1, 0), (0, 1, 0), (0, 1, 0), (0, 1, 0), (0, 1, 0), (0, 1, 0), (0, 1, 0), (0, 1, 0), (0, 1, 0), (0, 1, 0), (0, 1, 0), (0, 1, 0), (0, 1, 0), (0, 1, 0), (0, 1, 0), (0, 1, 0), (0, 1, 0), (0, 1, 0), (0, 1, 0), (0, 1, 0), (0, 1, 0), (0, 1, 0), (1, 0, 0), (1, 0, 0), (1, 0, 0), (1, 0, 0), (1, 0, 0), (1, 0, 0), (1, 0, 0), (1, 0, 0), (1, 0, 0), (-0.980581, 0.196116, 0), (-0.980581, 0.196116, 0), (-0.980581, 0.196116, 0), (-0.980581, 0.196116, 0), (-0.980581, 0.196116, 0), (-0.980581, 0.196116, 0), (-0.980581, 0.196116, 0), (-0.980581, 0.196116, 0), (-0.980581, 0.196116, 0), (-0.980581, 0.196116, 0), (-0.980581, 0.196116, 0), (-0.980581, 0.196116, 0), (-0.980581, 0.196116, 0), (-0.980581, 0.196116, 0), (-0.980581, 0.196116, 0), (-0.980581, 0.196116, 0), (-0.980581, 0.196116, 0), (-0.980581, 0.196116, 0), (-0.980581, 0.196116, 0), (-0.980581, 0.196116, 0), (-0.980581, 0.196116, 0), (-0.980581, 0.196116, 0), (-0.980581, 0.196116, 0), (-0.980581, 0.196116, 0), (-1, 0, 0), (-1, 0, 0), (-1, 0, 0), (-1, 0, 0), (-1, 0, 0), (-1, 0, 0), (-1, 0, 0), (-1, 0, 0), (-1, 0, 0), (0, 1, 0), (0, 0.891291, 0.453431), (0, 1, 0), (0, 0.891291, 0.453431), (0, 1, 0), (0, 0.891291, 0.453431), (0.980581, 0.196116, 0), (0.980581, 0.196116, 0), (0.980581, 0.196116, 0), (0.980581, 0.196116, 0), (0.980581, 0.196116, 0), (0.980581, 0.196116, 0), (0.980581, 0.196116, 0), (0.980581, 0.196116, 0), (0.980581, 0.196116, 0), (0.980581, 0.196116, 0), (0.980581, 0.196116, 0), (0.980581, 0.196116, 0), (0.980581, 0.196116, 0), (0.980581, 0.196116, 0), (0.980581, 0.196116, 0), (0.980581, 0.196116, 0), (0.980581, 0.196116, 0), (0.980581, 0.196116, 0), (0.980581, 0.196116, 0), (0.980581, 0.196116, 0), (0.980581, 0.196116, 0), (0.980581, 0.196116, 0), (0.980581, 0.196116, 0), (0.980581, 0.196116, 0), (0, -0.00977087, -0.999952), (0, -0.00977087, -0.999952), (0, -0.00977087, -0.999952), (0, -0.00977087, -0.999952), (0, -0.00977087, -0.999952), (0, -0.00977087, -0.999952), (0, -0.00977087, -0.999952), (0, -0.00977087, -0.999952), (0, -0.00977087, -0.999952), (0, -0.00977087, -0.999952), (0, -0.00977087, -0.999952), (0, -0.00977087, -0.999952), (-1, 0, 0), (-1, 0, 0), (-1, 0, 0), (-1, 0, 0), (-1, 0, 0), (-1, 0, 0), (-1, 0, 0), (-1, 0, 0), (-1, 0, 0), (-1, 0, 0), (-1, 0, 0), (-1, 0, 0), (-1, 0, 0), (-1, 0, 0), (-1, 0, 0), (-1, 0, 0), (-1, 0, 0), (-1, 0, 0), (-1, 0, 0), (-1, 0, 0), (-1, 0, 0), (-1, 0, 0), (-1, 0, 0), (-1, 0, 0), (-1, 0, 0), (-1, 0, 0), (-1, 0, 0), (-1, 0, 0), (-1, 0, 0), (-1, 0, 0), (-1, 0, 0), (-1, 0, 0), (-1, 0, 0), (-1, 0, 0), (-1, 0, 0), (-1, 0, 0), (-1, 0, 0), (-1, 0, 0), (-1, 0, 0), (-1, 0, 0), (-1, 0, 0), (-1, 0, 0), (-1, 0, 0), (-1, 0, 0), (-1, 0, 0), (-1, 0, 0), (-1, 0, 0), (-1, 0, 0), (-1, 0, 0), (-1, 0, 0), (-1, 0, 0), (-1, 0, 0), (-1, 0, 0), (-1, 0, 0), (-1, 0, 0), (-1, 0, 0), (-1, 0, 0), (-1, 0, 0), (-1, 0, 0), (-1, 0, 0), (-1, 0, 0), (-1, 0, 0), (-1, 0, 0), (-1, 0, 0), (-1, 0, 0), (-1, 0, 0), (-1, 0, 0), (-1, 0, 0), (-1, 0, 0), (-1, 0, 0), (-1, 0, 0), (-1, 0, 0), (-1, 0, 0), (-1, 0, 0), (-1, 0, 0), (-1, 0, 0), (-1, 0, 0), (-1, 0, 0), (-1, 0, 0), (-1, 0, 0), (-1, 0, 0), (-1, 0, 0), (-1, 0, 0), (-1, 0, 0), (-1, 0, 0), (-1, 0, 0), (-1, 0, 0), (-1, 0, 0), (-1, 0, 0), (-1, 0, 0), (-1, 0, 0), (-1, 0, 0), (-1, 0, 0), (1, 0, 0), (1, 0, 0), (1, 0, 0), (1, 0, 0), (1, 0, 0), (1, 0, 0), (1, 0, 0), (1, 0, 0), (1, 0, 0), (1, 0, 0), (1, 0, 0), (1, 0, 0), (1, 0, 0), (1, 0, 0), (1, 0, 0), (1, 0, 0), (1, 0, 0), (1, 0, 0), (1, 0, 0), (1, 0, 0), (1, 0, 0), (1, 0, 0), (1, 0, 0), (1, 0, 0), (1, 0, 0), (1, 0, 0), (1, 0, 0), (1, 0, 0), (1, 0, 0), (1, 0, 0), (1, 0, 0), (1, 0, 0), (1, 0, 0), (1, 0, 0), (1, 0, 0), (1, 0, 0), (1, 0, 0), (1, 0, 0), (1, 0, 0), (1, 0, 0), (1, 0, 0), (1, 0, 0), (1, 0, 0), (1, 0, 0), (1, 0, 0), (1, 0, 0), (1, 0, 0), (1, 0, 0), (1, 0, 0), (1, 0, 0), (1, 0, 0), (1, 0, 0), (1, 0, 0), (1, 0, 0), (1, 0, 0), (1, 0, 0), (1, 0, 0), (1, 0, 0), (1, 0, 0), (1, 0, 0), (1, 0, 0), (1, 0, 0), (1, 0, 0), (1, 0, 0), (1, 0, 0), (1, 0, 0), (1, 0, 0), (1, 0, 0), (1, 0, 0), (1, 0, 0), (1, 0, 0), (1, 0, 0), (1, 0, 0), (1, 0, 0), (1, 0, 0), (1, 0, 0), (1, 0, 0), (1, 0, 0), (1, 0, 0), (1, 0, 0), (1, 0, 0), (1, 0, 0), (1, 0, 0), (1, 0, 0), (1, 0, 0), (1, 0, 0), (1, 0, 0), (1, 0, 0), (1, 0, 0), (1, 0, 0), (1, 0, 0), (1, 0, 0), (1, 0, 0), (-0.707107, 0, 0.707107), (-0.923879, 0, 0.382683), (-0.923879, 0, 0.382683), (-0.923879, 0, 0.382683), (-0.707107, 0, 0.707107), (-0.707107, 0, 0.707107), (0.923879, 0, 0.382683), (0.923879, 0, -0.382683), (0.923879, 0, -0.382683), (0.923879, 0, -0.382683), (0.923879, 0, 0.382683), (0.923879, 0, 0.382683), (0.707107, 0, 0.707107), (0.923879, 0, 0.382683), (0.923879, 0, 0.382683), (0.923879, 0, 0.382683), (0.707107, 0, 0.707107), (0.707107, 0, 0.707107), (0.923879, 0, -0.382683), (0.382683, 0, -0.923879), (0.382683, 0, -0.923879), (0.382683, 0, -0.923879), (0.923879, 0, -0.382683), (0.923879, 0, -0.382683), (-0.923879, 0, -0.382683), (-0.382683, 0, -0.923879), (-0.923879, 0, -0.382683), (-0.382683, 0, -0.923879), (-0.923879, 0, -0.382683), (-0.382683, 0, -0.923879), (0, 0, -1), (0, 0, -1), (0, 0, -1), (0, 0, -1), (0, 0, -1), (0, 0, -1), (0, 0, -1), (0, 0, -1), (0, 0, -1), (0, 0, -1), (0, 0, -1), (0, 0, -1), (0, 1, 0), (0, 1, 0), (0, 1, 0), (0, 1, 0), (0, 1, 0), (0, 1, 0), (0, 1, 0), (0, 1, 0), (0, 1, 0), (0, 1, 0), (0, 1, 0), (0, 1, 0), (0, 1, 0), (0, 1, 0), (0, 1, 0), (0, 1, 0), (0, 1, 0), (0, 1, 0), (0, 1, 0), (0, 1, 0), (0, 1, 0), (0, 1, 0), (0, 1, 0), (0, 1, 0), (0, 1, 0), (0, 1, 0), (0, 1, 0), (0, 1, 0), (0, 1, 0), (0, 1, 0), (0, 1, 0), (0, 1, 0), (0, 1, 0), (0, 1, 0), (0, 1, 0), (0, 1, 0), (0, 1, 0), (0, 1, 0), (0, 1, 0), (0, 1, 0), (0, 1, 0), (0, 1, 0), (-1.11022e-16, 0, 1), (-1.11022e-16, 0, 1), (-1.11022e-16, 0, 1), (-1.11022e-16, 0, 1), (-1.11022e-16, 0, 1), (-1.11022e-16, 0, 1), (-1.11022e-16, 0, 1), (-1.11022e-16, 0, 1), (-1.11022e-16, 0, 1), (-1.11022e-16, 0, 1), (-1.11022e-16, 0, 1), (-1.11022e-16, 0, 1), (-1.11022e-16, 0, 1), (-1.11022e-16, 0, 1), (-1.11022e-16, 0, 1), (-1.11022e-16, 0, 1), (-1.11022e-16, 0, 1), (-1.11022e-16, 0, 1), (0, 0, -1), (0, 0, -1), (0, 0, -1), (0, 0, -1), (0, 0, -1), (0, 0, -1), (0, 0, -1), (0, 0, -1), (0, 0, -1), (0, 0, -1), (0, 0, -1), (0, 0, -1), (0, 0, -1), (0, 0, -1), (0, 0, -1), (0, 0, -1), (0, 0, -1), (0, 0, -1), (0.808601, 0, 0.588358), (0, 0, 1), (0.707107, 0, 0.707107), (0, 0, 1), (0.808601, 0, 0.588358), (0, 0, 1), (0, 0, 1), (-0.707107, 0, 0.707107), (0, 0, 1), (-0.707107, 0, 0.707107), (0, 0, 1), (-0.808601, 0, 0.588358), (-0.707107, 0, 0.707107), (-1, 0, 0), (-1, 0, 0), (-1, 0, 0), (-0.707107, 0, 0.707107), (-0.808601, 0, 0.588358), (0.808601, 0, 0.588358), (1, 0, 0), (1, 0, 0), (1, 0, 0), (0.808601, 0, 0.588358), (0.707107, 0, 0.707107), (-0.707107, 0, -0.707107), (0, 0, -1), (-0.707107, 0, -0.707107), (0, 0, -1), (-0.707107, 0, -0.707107), (0, 0, -1), (0, 0, -1), (0.707107, 0, -0.707107), (0, 0, -1), (0.707107, 0, -0.707107), (0, 0, -1), (0.707107, 0, -0.707107), (1, 0, 0), (0.707107, 0, -0.707107), (0.707107, 0, -0.707107), (0.707107, 0, -0.707107), (1, 0, 0), (1, 0, 0), (-1, 0, 0), (-0.707107, 0, -0.707107), (-0.707107, 0, -0.707107), (-0.707107, 0, -0.707107), (-1, 0, 0), (-1, 0, 0), (0, 0.624695, 0.780869), (0, 0.624695, 0.780869), (0, 0.624695, 0.780869), (0, 0.624695, 0.780869), (0, 0.624695, 0.780869), (0, 0.624695, 0.780869), (0.980581, 0.196116, 0), (0.980581, 0.196116, 0), (0.980581, 0.196116, 0), (0.980581, 0.196116, 0), (0.980581, 0.196116, 0), (0.980581, 0.196116, 0), (-0.980581, 0.196116, 0), (-0.980581, 0.196116, 0), (-0.980581, 0.196116, 0), (-0.980581, 0.196116, 0), (-0.980581, 0.196116, 0), (-0.980581, 0.196116, 0)] (interpolation = "faceVarying")
        texCoord2f[] primvars:st = [(0.46875, 0.303399), (0.46875, 0.295081), (0.46875, 0.296868), (0.46875, 0.290463), (0.46875, 0.296868), (0.46875, 0.295081), (0.46875, 0.301782), (0.46875, 0.296868), (0.46875, 0.309782), (0.46875, 0.303399), (0.46875, 0.309782), (0.46875, 0.296868), (0.46875, 0.275), (0.46875, 0.275), (0.46875, 0.275), (0.46875, 0.275), (0.46875, 0.275), (0.46875, 0.275), (0.46875, 0.275), (0.46875, 0.275), (0.46875, 0.275), (0.46875, 0.275), (0.46875, 0.275), (0.46875, 0.275), (0.46875, 0.301782), (0.46875, 0.304872), (0.46875, 0.309782), (0.46875, 0.313794), (0.46875, 0.309782), (0.46875, 0.304872), (0.46875, 0.275), (0.46875, 0.275), (0.46875, 0.275), (0.46875, 0.275), (0.46875, 0.275), (0.46875, 0.275), (0.46875, 0.275), (0.46875, 0.275), (0.46875, 0.275), (0.46875, 0.275), (0.46875, 0.275), (0.46875, 0.275), (0.46875, 0.303399), (0.46875, 0.296868), (0.46875, 0.295081), (0.46875, 0.290463), (0.46875, 0.295081), (0.46875, 0.296868), (0.46875, 0.275), (0.46875, 0.275), (0.46875, 0.275), (0.46875, 0.275), (0.46875, 0.275), (0.46875, 0.275), (0.46875, 0.275), (0.46875, 0.275), (0.46875, 0.275), (0.46875, 0.275), (0.46875, 0.275), (0.46875, 0.275), (0.46875, 0.304872), (0.46875, 0.301782), (0.46875, 0.313794), (0.46875, 0.309782), (0.46875, 0.313794), (0.46875, 0.301782), (0.46875, 0.305926), (0.46875, 0.304872), (0.46875, 0.315163), (0.46875, 0.313794), (0.46875, 0.315163), (0.46875, 0.304872), (0.46875, 0.275), (0.46875, 0.275), (0.46875, 0.275), (0.46875, 0.275), (0.46875, 0.275), (0.46875, 0.275), (0.46875, 0.285395), (0.46875, 0.275), (0.46875, 0.283004), (0.46875, 0.275), (0.46875, 0.283004), (0.46875, 0.275), (0.46875, 0.296868), (0.46875, 0.301782), (0.46875, 0.303399), (0.46875, 0.309782), (0.46875, 0.303399), (0.46875, 0.301782), (0.46875, 0.275), (0.46875, 0.275), (0.46875, 0.275), (0.46875, 0.275), (0.46875, 0.275), (0.46875, 0.275), (0.46875, 0.285395), (0.46875, 0.283004), (0.46875, 0.275), (0.46875, 0.275), (0.46875, 0.275), (0.46875, 0.283004), (0.46875, 0.275), (0.46875, 0.275), (0.46875, 0.275), (0.46875, 0.275), (0.46875, 0.275), (0.46875, 0.275), (0.46875, 0.295081), (0.46875, 0.290463), (0.46875, 0.285395), (0.46875, 0.283004), (0.46875, 0.285395), (0.46875, 0.290463), (0.46875, 0.304872), (0.46875, 0.305926), (0.46875, 0.313794), (0.46875, 0.315163), (0.46875, 0.313794), (0.46875, 0.305926), (0.46875, 0.275), (0.46875, 0.275), (0.46875, 0.275), (0.46875, 0.275), (0.46875, 0.275), (0.46875, 0.275), (0.46875, 0.275), (0.46875, 0.275), (0.46875, 0.283004), (0.46875, 0.275), (0.46875, 0.275), (0.46875, 0.283004), (0.46875, 0.283004), (0.46875, 0.275), (0.46875, 0.290463), (0.46875, 0.290463), (0.46875, 0.275), (0.46875, 0.296868), (0.46875, 0.275), (0.46875, 0.275), (0.46875, 0.296868), (0.46875, 0.296868), (0.46875, 0.275), (0.46875, 0.301782), (0.46875, 0.275), (0.46875, 0.275), (0.46875, 0.301782), (0.46875, 0.301782), (0.46875, 0.275), (0.46875, 0.304872), (0.46875, 0.275), (0.46875, 0.275), (0.46875, 0.304872), (0.46875, 0.304872), (0.46875, 0.275), (0.46875, 0.305926), (0.46875, 0.275), (0.46875, 0.275), (0.46875, 0.305926), (0.46875, 0.275), (0.46875, 0.275), (0.46875, 0.305926), (0.46875, 0.305926), (0.46875, 0.275), (0.46875, 0.304872), (0.46875, 0.275), (0.46875, 0.275), (0.46875, 0.304872), (0.46875, 0.304872), (0.46875, 0.275), (0.46875, 0.301782), (0.46875, 0.301782), (0.46875, 0.275), (0.46875, 0.296868), (0.46875, 0.275), (0.46875, 0.275), (0.46875, 0.296868), (0.46875, 0.296868), (0.46875, 0.275), (0.46875, 0.290463), (0.46875, 0.275), (0.46875, 0.275), (0.46875, 0.290463), (0.46875, 0.290463), (0.46875, 0.275), (0.46875, 0.283004), (0.46875, 0.275), (0.46875, 0.275), (0.46875, 0.283004), (0.46875, 0.275), (0.46875, 0.283004), (0.46875, 0.275), (0.46875, 0.275), (0.46875, 0.275), (0.46875, 0.275), (0.46875, 0.275), (0.46875, 0.275), (0.46875, 0.275), (0.46875, 0.275), (0.46875, 0.275), (0.46875, 0.275), (0.46875, 0.275), (0.46875, 0.275), (0.46875, 0.275), (0.46875, 0.295081), (0.46875, 0.285395), (0.46875, 0.290463), (0.46875, 0.283004), (0.46875, 0.290463), (0.46875, 0.285395), (0.34375, 0.375), (0.34375, 0.326764), (0.34375, 0.36), (0.34375, 0.318999), (0.34375, 0.36), (0.34375, 0.326764), (0.34375, 0.275), (0.34375, 0.275), (0.34375, 0.275), (0.34375, 0.275), (0.34375, 0.275), (0.34375, 0.275), (0.34375, 0.275), (0.34375, 0.275), (0.34375, 0.275), (0.34375, 0.275), (0.34375, 0.275), (0.34375, 0.275), (0.34375, 0.275), (0.34375, 0.275), (0.34375, 0.275), (0.34375, 0.275), (0.34375, 0.275), (0.34375, 0.275), (0.34375, 0.275), (0.34375, 0.275), (0.34375, 0.275), (0.34375, 0.275), (0.34375, 0.275), (0.34375, 0.275), (0.34375, 0.395208), (0.34375, 0.422224), (0.34375, 0.416421), (0.34375, 0.448205), (0.34375, 0.416421), (0.34375, 0.422224), (0.34375, 0.275), (0.34375, 0.275), (0.34375, 0.275), (0.34375, 0.275), (0.34375, 0.275), (0.34375, 0.275), (0.34375, 0.275), (0.34375, 0.275), (0.34375, 0.275), (0.34375, 0.275), (0.34375, 0.275), (0.34375, 0.275), (0.34375, 0.416421), (0.34375, 0.395208), (0.34375, 0.375), (0.34375, 0.36), (0.34375, 0.375), (0.34375, 0.395208), (0.34375, 0.448205), (0.34375, 0.416421), (0.34375, 0.422224), (0.34375, 0.395208), (0.34375, 0.422224), (0.34375, 0.416421), (0.34375, 0.416421), (0.34375, 0.375), (0.34375, 0.395208), (0.34375, 0.36), (0.34375, 0.395208), (0.34375, 0.375), (0.34375, 0.326764), (0.34375, 0.318999), (0.34375, 0.275), (0.34375, 0.275), (0.34375, 0.275), (0.34375, 0.318999), (0.34375, 0.439207), (0.34375, 0.422224), (0.34375, 0.468185), (0.34375, 0.448205), (0.34375, 0.468185), (0.34375, 0.422224), (0.34375, 0.275), (0.34375, 0.275), (0.34375, 0.275), (0.34375, 0.275), (0.34375, 0.275), (0.34375, 0.275), (0.34375, 0.475), (0.34375, 0.468185), (0.34375, 0.475), (0.34375, 0.468185), (0.34375, 0.475), (0.34375, 0.468185), (0.34375, 0.468185), (0.34375, 0.448205), (0.34375, 0.439207), (0.34375, 0.422224), (0.34375, 0.439207), (0.34375, 0.448205), (0.34375, 0.326764), (0.34375, 0.326764), (0.34375, 0.275), (0.34375, 0.275), (0.34375, 0.275), (0.34375, 0.326764), (0.34375, 0.448205), (0.34375, 0.468185), (0.34375, 0.448205), (0.34375, 0.468185), (0.34375, 0.448205), (0.34375, 0.468185), (0.34375, 0.275), (0.34375, 0.275), (0.34375, 0.275), (0.34375, 0.275), (0.34375, 0.275), (0.34375, 0.275), (0.34375, 0.475), (0.34375, 0.468185), (0.34375, 0.445), (0.34375, 0.439207), (0.34375, 0.445), (0.34375, 0.468185), (0.34375, 0.445), (0.34375, 0.439207), (0.34375, 0.475), (0.34375, 0.468185), (0.34375, 0.475), (0.34375, 0.439207), (0.34375, 0.416421), (0.34375, 0.448205), (0.34375, 0.395208), (0.34375, 0.422224), (0.34375, 0.395208), (0.34375, 0.448205), (0.34375, 0.448205), (0.34375, 0.468185), (0.34375, 0.422224), (0.34375, 0.439207), (0.34375, 0.422224), (0.34375, 0.468185), (0.34375, 0.275), (0.34375, 0.275), (0.34375, 0.275), (0.34375, 0.275), (0.34375, 0.275), (0.34375, 0.275), (0.34375, 0.375), (0.34375, 0.326764), (0.34375, 0.36), (0.34375, 0.318999), (0.34375, 0.36), (0.34375, 0.326764), (0.34375, 0.275), (0.34375, 0.275), (0.34375, 0.275), (0.34375, 0.275), (0.34375, 0.275), (0.34375, 0.275), (0.34375, 0.318999), (0.34375, 0.326764), (0.34375, 0.275), (0.34375, 0.275), (0.34375, 0.275), (0.34375, 0.326764), (0.34375, 0.275), (0.34375, 0.275), (0.34375, 0.275), (0.34375, 0.275), (0.34375, 0.275), (0.34375, 0.275), (0.34375, 0.275), (0.34375, 0.275), (0.34375, 0.275), (0.34375, 0.275), (0.34375, 0.275), (0.34375, 0.275), (0.34375, 0.275), (0.34375, 0.275), (0.34375, 0.275), (0.34375, 0.275), (0.34375, 0.275), (0.34375, 0.275), (0.34375, 0.275), (0.34375, 0.275), (0.34375, 0.275), (0.34375, 0.275), (0.34375, 0.275), (0.34375, 0.275), (0.34375, 0.275), (0.34375, 0.275), (0.34375, 0.275), (0.34375, 0.275), (0.34375, 0.275), (0.34375, 0.275), (0.34375, 0.275), (0.34375, 0.275), (0.34375, 0.275), (0.34375, 0.275), (0.34375, 0.275), (0.34375, 0.275), (0.34375, 0.275), (0.34375, 0.275), (0.34375, 0.275), (0.34375, 0.275), (0.34375, 0.275), (0.34375, 0.275), (0.34375, 0.326764), (0.34375, 0.326764), (0.34375, 0.275), (0.34375, 0.275), (0.34375, 0.275), (0.34375, 0.326764), (0.34375, 0.275), (0.34375, 0.275), (0.34375, 0.275), (0.34375, 0.275), (0.34375, 0.275), (0.34375, 0.275), (0.34375, 0.275), (0.34375, 0.275), (0.34375, 0.275), (0.34375, 0.275), (0.34375, 0.275), (0.34375, 0.275), (0.34375, 0.375), (0.34375, 0.36), (0.34375, 0.326764), (0.34375, 0.318999), (0.34375, 0.326764), (0.34375, 0.36), (0.34375, 0.275), (0.34375, 0.275), (0.34375, 0.275), (0.34375, 0.275), (0.34375, 0.275), (0.34375, 0.275), (0.34375, 0.448205), (0.34375, 0.416421), (0.34375, 0.448205), (0.34375, 0.416421), (0.34375, 0.448205), (0.34375, 0.416421), (0.34375, 0.468185), (0.34375, 0.475), (0.34375, 0.439207), (0.34375, 0.445), (0.34375, 0.439207), (0.34375, 0.475), (0.34375, 0.275), (0.34375, 0.275), (0.34375, 0.275), (0.34375, 0.275), (0.34375, 0.275), (0.34375, 0.275), (0.34375, 0.375), (0.34375, 0.375), (0.34375, 0.326764), (0.34375, 0.326764), (0.34375, 0.326764), (0.34375, 0.375), (0.34375, 0.275), (0.34375, 0.275), (0.34375, 0.275), (0.34375, 0.275), (0.34375, 0.275), (0.34375, 0.275), (0.34375, 0.275), (0.34375, 0.318999), (0.34375, 0.275), (0.34375, 0.275), (0.34375, 0.318999), (0.34375, 0.275), (0.34375, 0.318999), (0.34375, 0.36), (0.34375, 0.275), (0.34375, 0.275), (0.34375, 0.36), (0.34375, 0.275), (0.34375, 0.36), (0.34375, 0.395208), (0.34375, 0.275), (0.34375, 0.275), (0.34375, 0.395208), (0.34375, 0.275), (0.34375, 0.395208), (0.34375, 0.422224), (0.34375, 0.275), (0.34375, 0.275), (0.34375, 0.422224), (0.34375, 0.275), (0.34375, 0.422224), (0.34375, 0.439207), (0.34375, 0.275), (0.34375, 0.275), (0.34375, 0.439207), (0.34375, 0.275), (0.34375, 0.439207), (0.34375, 0.445), (0.34375, 0.275), (0.34375, 0.275), (0.34375, 0.445), (0.34375, 0.275), (0.34375, 0.445), (0.34375, 0.439207), (0.34375, 0.275), (0.34375, 0.275), (0.34375, 0.439207), (0.34375, 0.275), (0.34375, 0.439207), (0.34375, 0.422224), (0.34375, 0.275), (0.34375, 0.275), (0.34375, 0.422224), (0.34375, 0.275), (0.34375, 0.422224), (0.34375, 0.395208), (0.34375, 0.275), (0.34375, 0.275), (0.34375, 0.395208), (0.34375, 0.275), (0.34375, 0.395208), (0.34375, 0.36), (0.34375, 0.275), (0.34375, 0.36), (0.34375, 0.318999), (0.34375, 0.275), (0.34375, 0.275), (0.34375, 0.318999), (0.34375, 0.275), (0.34375, 0.275), (0.34375, 0.275), (0.34375, 0.318999), (0.34375, 0.275), (0.34375, 0.275), (0.34375, 0.275), (0.34375, 0.275), (0.34375, 0.275), (0.34375, 0.275), (0.34375, 0.416421), (0.34375, 0.416421), (0.34375, 0.375), (0.34375, 0.375), (0.34375, 0.375), (0.34375, 0.416421), (0.34375, 0.275), (0.34375, 0.275), (0.34375, 0.275), (0.34375, 0.275), (0.34375, 0.275), (0.34375, 0.275), (0.34375, 0.416421), (0.34375, 0.395208), (0.34375, 0.375), (0.34375, 0.36), (0.34375, 0.375), (0.34375, 0.395208), (0.34375, 0.275), (0.34375, 0.275), (0.34375, 0.275), (0.34375, 0.275), (0.34375, 0.275), (0.34375, 0.275), (0.34375, 0.275), (0.34375, 0.275), (0.34375, 0.275), (0.34375, 0.275), (0.34375, 0.275), (0.34375, 0.275), (0.34375, 0.422224), (0.34375, 0.395208), (0.34375, 0.448205), (0.34375, 0.416421), (0.34375, 0.448205), (0.34375, 0.395208), (0.34375, 0.275), (0.34375, 0.275), (0.34375, 0.275), (0.34375, 0.275), (0.34375, 0.275), (0.34375, 0.275), (0.34375, 0.439207), (0.34375, 0.445), (0.34375, 0.468185), (0.34375, 0.475), (0.34375, 0.468185), (0.34375, 0.445), (0.34375, 0.275), (0.34375, 0.275), (0.34375, 0.275), (0.34375, 0.275), (0.34375, 0.275), (0.34375, 0.275), (0.34375, 0.318999), (0.34375, 0.326764), (0.34375, 0.275), (0.34375, 0.275), (0.34375, 0.275), (0.34375, 0.326764), (0.34375, 0.275), (0.34375, 0.275), (0.34375, 0.275), (0.34375, 0.275), (0.34375, 0.275), (0.34375, 0.275), (0.34375, 0.275), (0.34375, 0.275), (0.34375, 0.318999), (0.34375, 0.318999), (0.34375, 0.275), (0.34375, 0.36), (0.34375, 0.275), (0.34375, 0.275), (0.34375, 0.36), (0.34375, 0.36), (0.34375, 0.275), (0.34375, 0.395208), (0.34375, 0.275), (0.34375, 0.275), (0.34375, 0.395208), (0.34375, 0.275), (0.34375, 0.275), (0.34375, 0.395208), (0.34375, 0.275), (0.34375, 0.301629), (0.34375, 0.395208), (0.34375, 0.275), (0.34375, 0.275), (0.34375, 0.275), (0.34375, 0.301629), (0.34375, 0.326443), (0.34375, 0.395208), (0.34375, 0.275), (0.34375, 0.275), (0.34375, 0.275), (0.34375, 0.395208), (0.34375, 0.326443), (0.34375, 0.422224), (0.34375, 0.275), (0.34375, 0.275), (0.34375, 0.275), (0.34375, 0.326443), (0.34375, 0.347751), (0.34375, 0.422224), (0.34375, 0.347751), (0.34375, 0.364101), (0.34375, 0.422224), (0.34375, 0.422224), (0.34375, 0.364101), (0.34375, 0.439207), (0.34375, 0.275), (0.34375, 0.275), (0.34375, 0.275), (0.34375, 0.275), (0.34375, 0.275), (0.34375, 0.275), (0.34375, 0.275), (0.34375, 0.275), (0.34375, 0.275), (0.34375, 0.364101), (0.34375, 0.374379), (0.34375, 0.439207), (0.34375, 0.439207), (0.34375, 0.374379), (0.34375, 0.445), (0.34375, 0.374379), (0.34375, 0.377885), (0.34375, 0.445), (0.34375, 0.377885), (0.34375, 0.374379), (0.34375, 0.445), (0.34375, 0.445), (0.34375, 0.374379), (0.34375, 0.439207), (0.34375, 0.275), (0.34375, 0.275), (0.34375, 0.275), (0.34375, 0.275), (0.34375, 0.275), (0.34375, 0.275), (0.34375, 0.275), (0.34375, 0.275), (0.34375, 0.275), (0.34375, 0.374379), (0.34375, 0.364101), (0.34375, 0.439207), (0.34375, 0.364101), (0.34375, 0.347751), (0.34375, 0.439207), (0.34375, 0.439207), (0.34375, 0.347751), (0.34375, 0.422224), (0.34375, 0.275), (0.34375, 0.275), (0.34375, 0.275), (0.34375, 0.275), (0.34375, 0.275), (0.34375, 0.275), (0.34375, 0.275), (0.34375, 0.275), (0.34375, 0.275), (0.34375, 0.275), (0.34375, 0.275), (0.34375, 0.275), (0.34375, 0.275), (0.34375, 0.275), (0.34375, 0.275), (0.34375, 0.347751), (0.34375, 0.326443), (0.34375, 0.422224), (0.34375, 0.326443), (0.34375, 0.301629), (0.34375, 0.422224), (0.34375, 0.301629), (0.34375, 0.275), (0.34375, 0.422224), (0.34375, 0.275), (0.34375, 0.275), (0.34375, 0.275), (0.34375, 0.275), (0.34375, 0.275), (0.34375, 0.275), (0.34375, 0.275), (0.34375, 0.275), (0.34375, 0.275), (0.34375, 0.395208), (0.34375, 0.422224), (0.34375, 0.275), (0.34375, 0.275), (0.34375, 0.275), (0.34375, 0.395208), (0.34375, 0.275), (0.34375, 0.275), (0.34375, 0.395208), (0.34375, 0.395208), (0.34375, 0.275), (0.34375, 0.36), (0.34375, 0.275), (0.34375, 0.275), (0.34375, 0.36), (0.34375, 0.36), (0.34375, 0.275), (0.34375, 0.318999), (0.34375, 0.275), (0.34375, 0.275), (0.34375, 0.318999), (0.34375, 0.275), (0.34375, 0.318999), (0.34375, 0.275), (0.34375, 0.275), (0.34375, 0.275), (0.34375, 0.275), (0.34375, 0.275), (0.34375, 0.275), (0.34375, 0.275), (0.34375, 0.275), (0.34375, 0.275), (0.34375, 0.275), (0.34375, 0.275), (0.34375, 0.275), (0.34375, 0.275), (0.34375, 0.275), (0.34375, 0.275), (0.34375, 0.275), (0.34375, 0.275), (0.34375, 0.275), (0.34375, 0.275), (0.34375, 0.275), (0.34375, 0.275), (0.34375, 0.275), (0.34375, 0.275), (0.34375, 0.275), (0.34375, 0.275), (0.34375, 0.468185), (0.34375, 0.448205), (0.34375, 0.468185), (0.34375, 0.448205), (0.34375, 0.468185), (0.34375, 0.448205), (0.34375, 0.326764), (0.34375, 0.318999), (0.34375, 0.275), (0.34375, 0.275), (0.34375, 0.275), (0.34375, 0.318999), (0.34375, 0.416421), (0.34375, 0.448205), (0.34375, 0.416421), (0.34375, 0.448205), (0.34375, 0.416421), (0.34375, 0.448205), (0.34375, 0.275), (0.34375, 0.275), (0.34375, 0.275), (0.34375, 0.275), (0.34375, 0.275), (0.34375, 0.275), (0.34375, 0.416421), (0.34375, 0.416421), (0.34375, 0.375), (0.34375, 0.375), (0.34375, 0.375), (0.34375, 0.416421), (0.34375, 0.275), (0.34375, 0.275), (0.34375, 0.275), (0.34375, 0.275), (0.34375, 0.275), (0.34375, 0.275), (0.34375, 0.422224), (0.34375, 0.439207), (0.34375, 0.448205), (0.34375, 0.468185), (0.34375, 0.448205), (0.34375, 0.439207), (0.34375, 0.375), (0.34375, 0.375), (0.34375, 0.326764), (0.34375, 0.326764), (0.34375, 0.326764), (0.34375, 0.375), (0.34375, 0.416421), (0.34375, 0.375), (0.34375, 0.395208), (0.34375, 0.36), (0.34375, 0.395208), (0.34375, 0.375), (0.34375, 0.468185), (0.34375, 0.475), (0.34375, 0.468185), (0.34375, 0.475), (0.34375, 0.468185), (0.34375, 0.475), (0.34375, 0.375), (0.34375, 0.36), (0.34375, 0.326764), (0.34375, 0.318999), (0.34375, 0.326764), (0.34375, 0.36), (0.34375, 0.275), (0.34375, 0.275), (0.34375, 0.275), (0.34375, 0.275), (0.34375, 0.275), (0.34375, 0.275), (0.71875, 0.275), (0.71875, 0.275), (0.71875, 0.292008), (0.71875, 0.292008), (0.71875, 0.275), (0.71875, 0.307858), (0.71875, 0.275), (0.71875, 0.275), (0.71875, 0.307858), (0.71875, 0.307858), (0.71875, 0.275), (0.71875, 0.321468), (0.71875, 0.275), (0.71875, 0.275), (0.71875, 0.321468), (0.71875, 0.275), (0.71875, 0.275), (0.71875, 0.321468), (0.71875, 0.275), (0.71875, 0.285395), (0.71875, 0.321468), (0.71875, 0.275), (0.71875, 0.275), (0.71875, 0.275), (0.71875, 0.285395), (0.71875, 0.295081), (0.71875, 0.321468), (0.71875, 0.275), (0.71875, 0.275), (0.71875, 0.275), (0.71875, 0.321468), (0.71875, 0.295081), (0.71875, 0.331911), (0.71875, 0.275), (0.71875, 0.275), (0.71875, 0.275), (0.71875, 0.295081), (0.71875, 0.303399), (0.71875, 0.331911), (0.71875, 0.303399), (0.71875, 0.309782), (0.71875, 0.331911), (0.71875, 0.331911), (0.71875, 0.309782), (0.71875, 0.338476), (0.71875, 0.275), (0.71875, 0.275), (0.71875, 0.275), (0.71875, 0.275), (0.71875, 0.275), (0.71875, 0.275), (0.71875, 0.275), (0.71875, 0.275), (0.71875, 0.275), (0.71875, 0.309782), (0.71875, 0.313794), (0.71875, 0.338476), (0.71875, 0.338476), (0.71875, 0.313794), (0.71875, 0.340715), (0.71875, 0.313794), (0.71875, 0.315163), (0.71875, 0.340715), (0.71875, 0.315163), (0.71875, 0.313794), (0.71875, 0.340715), (0.71875, 0.340715), (0.71875, 0.313794), (0.71875, 0.338476), (0.71875, 0.275), (0.71875, 0.275), (0.71875, 0.275), (0.71875, 0.275), (0.71875, 0.275), (0.71875, 0.275), (0.71875, 0.275), (0.71875, 0.275), (0.71875, 0.275), (0.71875, 0.275), (0.71875, 0.275), (0.71875, 0.275), (0.71875, 0.275), (0.71875, 0.275), (0.71875, 0.275), (0.71875, 0.313794), (0.71875, 0.309782), (0.71875, 0.338476), (0.71875, 0.309782), (0.71875, 0.303399), (0.71875, 0.338476), (0.71875, 0.338476), (0.71875, 0.303399), (0.71875, 0.331911), (0.71875, 0.275), (0.71875, 0.275), (0.71875, 0.275), (0.71875, 0.275), (0.71875, 0.275), (0.71875, 0.275), (0.71875, 0.275), (0.71875, 0.275), (0.71875, 0.275), (0.71875, 0.303399), (0.71875, 0.295081), (0.71875, 0.331911), (0.71875, 0.295081), (0.71875, 0.285395), (0.71875, 0.331911), (0.71875, 0.285395), (0.71875, 0.275), (0.71875, 0.331911), (0.71875, 0.275), (0.71875, 0.275), (0.71875, 0.275), (0.71875, 0.275), (0.71875, 0.275), (0.71875, 0.275), (0.71875, 0.275), (0.71875, 0.275), (0.71875, 0.275), (0.71875, 0.321468), (0.71875, 0.331911), (0.71875, 0.275), (0.71875, 0.275), (0.71875, 0.275), (0.71875, 0.321468), (0.71875, 0.275), (0.71875, 0.275), (0.71875, 0.321468), (0.71875, 0.321468), (0.71875, 0.275), (0.71875, 0.307858), (0.71875, 0.275), (0.71875, 0.275), (0.71875, 0.307858), (0.71875, 0.307858), (0.71875, 0.275), (0.71875, 0.292008), (0.71875, 0.275), (0.71875, 0.275), (0.71875, 0.292008), (0.71875, 0.275), (0.71875, 0.292008), (0.71875, 0.275), (0.71875, 0.438872), (0.71875, 0.436696), (0.71875, 0.445711), (0.71875, 0.443301), (0.71875, 0.445711), (0.71875, 0.436696), (0.71875, 0.430315), (0.71875, 0.420165), (0.71875, 0.436237), (0.71875, 0.425), (0.71875, 0.436237), (0.71875, 0.420165), (0.71875, 0.410355), (0.71875, 0.406936), (0.71875, 0.393301), (0.71875, 0.391531), (0.71875, 0.393301), (0.71875, 0.406936), (0.71875, 0.420165), (0.71875, 0.430315), (0.71875, 0.425), (0.71875, 0.436237), (0.71875, 0.425), (0.71875, 0.430315), (0.71875, 0.375), (0.71875, 0.358469), (0.71875, 0.375), (0.71875, 0.356699), (0.71875, 0.375), (0.71875, 0.358469), (0.71875, 0.343064), (0.71875, 0.329835), (0.71875, 0.339645), (0.71875, 0.325), (0.71875, 0.339645), (0.71875, 0.329835), (0.71875, 0.311128), (0.71875, 0.313304), (0.71875, 0.304289), (0.71875, 0.306699), (0.71875, 0.304289), (0.71875, 0.313304), (0.71875, 0.430315), (0.71875, 0.436696), (0.71875, 0.436237), (0.71875, 0.443301), (0.71875, 0.436237), (0.71875, 0.436696), (0.71875, 0.375), (0.71875, 0.349118), (0.71875, 0.400882), (0.71875, 0.425), (0.71875, 0.400882), (0.71875, 0.349118), (0.71875, 0.325), (0.71875, 0.425), (0.71875, 0.349118), (0.71875, 0.445711), (0.71875, 0.425), (0.71875, 0.325), (0.71875, 0.304289), (0.71875, 0.445711), (0.71875, 0.325), (0.71875, 0.375), (0.71875, 0.445711), (0.71875, 0.304289), (0.71875, 0.375), (0.71875, 0.393301), (0.71875, 0.445711), (0.71875, 0.356699), (0.71875, 0.375), (0.71875, 0.304289), (0.71875, 0.461603), (0.71875, 0.445711), (0.71875, 0.393301), (0.71875, 0.288397), (0.71875, 0.356699), (0.71875, 0.304289), (0.71875, 0.410355), (0.71875, 0.461603), (0.71875, 0.393301), (0.71875, 0.425), (0.71875, 0.461603), (0.71875, 0.410355), (0.71875, 0.471593), (0.71875, 0.461603), (0.71875, 0.425), (0.71875, 0.339645), (0.71875, 0.356699), (0.71875, 0.288397), (0.71875, 0.325), (0.71875, 0.339645), (0.71875, 0.288397), (0.71875, 0.278407), (0.71875, 0.325), (0.71875, 0.288397), (0.71875, 0.436237), (0.71875, 0.471593), (0.71875, 0.425), (0.71875, 0.443301), (0.71875, 0.471593), (0.71875, 0.436237), (0.71875, 0.475), (0.71875, 0.471593), (0.71875, 0.443301), (0.71875, 0.313763), (0.71875, 0.325), (0.71875, 0.278407), (0.71875, 0.306699), (0.71875, 0.313763), (0.71875, 0.278407), (0.71875, 0.275), (0.71875, 0.306699), (0.71875, 0.278407), (0.71875, 0.445711), (0.71875, 0.475), (0.71875, 0.443301), (0.71875, 0.471593), (0.71875, 0.475), (0.71875, 0.445711), (0.71875, 0.443301), (0.71875, 0.471593), (0.71875, 0.445711), (0.71875, 0.436237), (0.71875, 0.471593), (0.71875, 0.443301), (0.71875, 0.461603), (0.71875, 0.471593), (0.71875, 0.436237), (0.71875, 0.304289), (0.71875, 0.306699), (0.71875, 0.275), (0.71875, 0.278407), (0.71875, 0.304289), (0.71875, 0.275), (0.71875, 0.306699), (0.71875, 0.304289), (0.71875, 0.278407), (0.71875, 0.313763), (0.71875, 0.306699), (0.71875, 0.278407), (0.71875, 0.288397), (0.71875, 0.313763), (0.71875, 0.278407), (0.71875, 0.425), (0.71875, 0.461603), (0.71875, 0.436237), (0.71875, 0.445711), (0.71875, 0.461603), (0.71875, 0.425), (0.71875, 0.410355), (0.71875, 0.445711), (0.71875, 0.425), (0.71875, 0.393301), (0.71875, 0.445711), (0.71875, 0.410355), (0.71875, 0.375), (0.71875, 0.445711), (0.71875, 0.393301), (0.71875, 0.325), (0.71875, 0.313763), (0.71875, 0.288397), (0.71875, 0.304289), (0.71875, 0.325), (0.71875, 0.288397), (0.71875, 0.339645), (0.71875, 0.325), (0.71875, 0.304289), (0.71875, 0.356699), (0.71875, 0.339645), (0.71875, 0.304289), (0.71875, 0.375), (0.71875, 0.356699), (0.71875, 0.304289), (0.71875, 0.425), (0.71875, 0.445711), (0.71875, 0.375), (0.71875, 0.304289), (0.71875, 0.425), (0.71875, 0.375), (0.71875, 0.325), (0.71875, 0.425), (0.71875, 0.304289), (0.71875, 0.400882), (0.71875, 0.425), (0.71875, 0.325), (0.71875, 0.349118), (0.71875, 0.400882), (0.71875, 0.325), (0.71875, 0.375), (0.71875, 0.400882), (0.71875, 0.349118), (0.71875, 0.329835), (0.71875, 0.319685), (0.71875, 0.325), (0.71875, 0.313763), (0.71875, 0.325), (0.71875, 0.319685), (0.71875, 0.311128), (0.71875, 0.304289), (0.71875, 0.313304), (0.71875, 0.306699), (0.71875, 0.313304), (0.71875, 0.304289), (0.71875, 0.391531), (0.71875, 0.375), (0.71875, 0.393301), (0.71875, 0.375), (0.71875, 0.393301), (0.71875, 0.375), (0.71875, 0.425), (0.71875, 0.410355), (0.71875, 0.420165), (0.71875, 0.406936), (0.71875, 0.420165), (0.71875, 0.410355), (0.71875, 0.410355), (0.71875, 0.393301), (0.71875, 0.406936), (0.71875, 0.391531), (0.71875, 0.406936), (0.71875, 0.393301), (0.71875, 0.358469), (0.71875, 0.356699), (0.71875, 0.343064), (0.71875, 0.339645), (0.71875, 0.343064), (0.71875, 0.356699), (0.71875, 0.393301), (0.71875, 0.375), (0.71875, 0.391531), (0.71875, 0.375), (0.71875, 0.391531), (0.71875, 0.375), (0.71875, 0.319685), (0.71875, 0.313304), (0.71875, 0.313763), (0.71875, 0.306699), (0.71875, 0.313763), (0.71875, 0.313304), (0.71875, 0.375), (0.71875, 0.375), (0.71875, 0.358469), (0.71875, 0.356699), (0.71875, 0.358469), (0.71875, 0.375), (0.71875, 0.425), (0.71875, 0.420165), (0.71875, 0.410355), (0.71875, 0.406936), (0.71875, 0.410355), (0.71875, 0.420165), (0.71875, 0.343064), (0.71875, 0.339645), (0.71875, 0.329835), (0.71875, 0.325), (0.71875, 0.329835), (0.71875, 0.339645), (0.71875, 0.358469), (0.71875, 0.343064), (0.71875, 0.356699), (0.71875, 0.339645), (0.71875, 0.356699), (0.71875, 0.343064), (0.71875, 0.438872), (0.71875, 0.445711), (0.71875, 0.436696), (0.71875, 0.443301), (0.71875, 0.436696), (0.71875, 0.445711), (0.71875, 0.436696), (0.71875, 0.430315), (0.71875, 0.443301), (0.71875, 0.436237), (0.71875, 0.443301), (0.71875, 0.430315), (0.71875, 0.319685), (0.71875, 0.329835), (0.71875, 0.313763), (0.71875, 0.325), (0.71875, 0.313763), (0.71875, 0.329835), (0.71875, 0.319685), (0.71875, 0.313763), (0.71875, 0.313304), (0.71875, 0.306699), (0.71875, 0.313304), (0.71875, 0.313763), (0.46875, 0.303399), (0.46875, 0.295081), (0.46875, 0.296868), (0.46875, 0.290463), (0.46875, 0.296868), (0.46875, 0.295081), (0.46875, 0.301782), (0.46875, 0.296868), (0.46875, 0.309782), (0.46875, 0.303399), (0.46875, 0.309782), (0.46875, 0.296868), (0.46875, 0.275), (0.46875, 0.275), (0.46875, 0.275), (0.46875, 0.275), (0.46875, 0.275), (0.46875, 0.275), (0.46875, 0.275), (0.46875, 0.275), (0.46875, 0.275), (0.46875, 0.275), (0.46875, 0.275), (0.46875, 0.275), (0.46875, 0.301782), (0.46875, 0.304872), (0.46875, 0.309782), (0.46875, 0.313794), (0.46875, 0.309782), (0.46875, 0.304872), (0.46875, 0.275), (0.46875, 0.275), (0.46875, 0.275), (0.46875, 0.275), (0.46875, 0.275), (0.46875, 0.275), (0.46875, 0.275), (0.46875, 0.275), (0.46875, 0.275), (0.46875, 0.275), (0.46875, 0.275), (0.46875, 0.275), (0.46875, 0.303399), (0.46875, 0.296868), (0.46875, 0.295081), (0.46875, 0.290463), (0.46875, 0.295081), (0.46875, 0.296868), (0.46875, 0.275), (0.46875, 0.275), (0.46875, 0.275), (0.46875, 0.275), (0.46875, 0.275), (0.46875, 0.275), (0.46875, 0.275), (0.46875, 0.275), (0.46875, 0.275), (0.46875, 0.275), (0.46875, 0.275), (0.46875, 0.275), (0.46875, 0.304872), (0.46875, 0.301782), (0.46875, 0.313794), (0.46875, 0.309782), (0.46875, 0.313794), (0.46875, 0.301782), (0.46875, 0.305926), (0.46875, 0.304872), (0.46875, 0.315163), (0.46875, 0.313794), (0.46875, 0.315163), (0.46875, 0.304872), (0.46875, 0.275), (0.46875, 0.275), (0.46875, 0.275), (0.46875, 0.275), (0.46875, 0.275), (0.46875, 0.275), (0.46875, 0.285395), (0.46875, 0.275), (0.46875, 0.283004), (0.46875, 0.275), (0.46875, 0.283004), (0.46875, 0.275), (0.46875, 0.296868), (0.46875, 0.301782), (0.46875, 0.303399), (0.46875, 0.309782), (0.46875, 0.303399), (0.46875, 0.301782), (0.46875, 0.275), (0.46875, 0.275), (0.46875, 0.275), (0.46875, 0.275), (0.46875, 0.275), (0.46875, 0.275), (0.46875, 0.285395), (0.46875, 0.283004), (0.46875, 0.275), (0.46875, 0.275), (0.46875, 0.275), (0.46875, 0.283004), (0.46875, 0.275), (0.46875, 0.275), (0.46875, 0.275), (0.46875, 0.275), (0.46875, 0.275), (0.46875, 0.275), (0.46875, 0.295081), (0.46875, 0.290463), (0.46875, 0.285395), (0.46875, 0.283004), (0.46875, 0.285395), (0.46875, 0.290463), (0.46875, 0.304872), (0.46875, 0.305926), (0.46875, 0.313794), (0.46875, 0.315163), (0.46875, 0.313794), (0.46875, 0.305926), (0.46875, 0.275), (0.46875, 0.275), (0.46875, 0.275), (0.46875, 0.275), (0.46875, 0.275), (0.46875, 0.275), (0.46875, 0.275), (0.46875, 0.275), (0.46875, 0.283004), (0.46875, 0.275), (0.46875, 0.275), (0.46875, 0.283004), (0.46875, 0.283004), (0.46875, 0.275), (0.46875, 0.290463), (0.46875, 0.290463), (0.46875, 0.275), (0.46875, 0.296868), (0.46875, 0.275), (0.46875, 0.275), (0.46875, 0.296868), (0.46875, 0.296868), (0.46875, 0.275), (0.46875, 0.301782), (0.46875, 0.275), (0.46875, 0.275), (0.46875, 0.301782), (0.46875, 0.301782), (0.46875, 0.275), (0.46875, 0.304872), (0.46875, 0.275), (0.46875, 0.275), (0.46875, 0.304872), (0.46875, 0.304872), (0.46875, 0.275), (0.46875, 0.305926), (0.46875, 0.275), (0.46875, 0.275), (0.46875, 0.305926), (0.46875, 0.275), (0.46875, 0.275), (0.46875, 0.305926), (0.46875, 0.305926), (0.46875, 0.275), (0.46875, 0.304872), (0.46875, 0.275), (0.46875, 0.275), (0.46875, 0.304872), (0.46875, 0.304872), (0.46875, 0.275), (0.46875, 0.301782), (0.46875, 0.301782), (0.46875, 0.275), (0.46875, 0.296868), (0.46875, 0.275), (0.46875, 0.275), (0.46875, 0.296868), (0.46875, 0.296868), (0.46875, 0.275), (0.46875, 0.290463), (0.46875, 0.275), (0.46875, 0.275), (0.46875, 0.290463), (0.46875, 0.290463), (0.46875, 0.275), (0.46875, 0.283004), (0.46875, 0.275), (0.46875, 0.275), (0.46875, 0.283004), (0.46875, 0.275), (0.46875, 0.283004), (0.46875, 0.275), (0.46875, 0.275), (0.46875, 0.275), (0.46875, 0.275), (0.46875, 0.275), (0.46875, 0.275), (0.46875, 0.275), (0.46875, 0.275), (0.46875, 0.275), (0.46875, 0.275), (0.46875, 0.275), (0.46875, 0.275), (0.46875, 0.275), (0.46875, 0.295081), (0.46875, 0.285395), (0.46875, 0.290463), (0.46875, 0.283004), (0.46875, 0.290463), (0.46875, 0.285395), (0.34375, 0.375), (0.34375, 0.326764), (0.34375, 0.36), (0.34375, 0.318999), (0.34375, 0.36), (0.34375, 0.326764), (0.34375, 0.275), (0.34375, 0.275), (0.34375, 0.275), (0.34375, 0.275), (0.34375, 0.275), (0.34375, 0.275), (0.34375, 0.275), (0.34375, 0.275), (0.34375, 0.275), (0.34375, 0.275), (0.34375, 0.275), (0.34375, 0.275), (0.34375, 0.275), (0.34375, 0.275), (0.34375, 0.275), (0.34375, 0.275), (0.34375, 0.275), (0.34375, 0.275), (0.34375, 0.275), (0.34375, 0.275), (0.34375, 0.275), (0.34375, 0.275), (0.34375, 0.275), (0.34375, 0.275), (0.34375, 0.395208), (0.34375, 0.422224), (0.34375, 0.416421), (0.34375, 0.448205), (0.34375, 0.416421), (0.34375, 0.422224), (0.34375, 0.275), (0.34375, 0.275), (0.34375, 0.275), (0.34375, 0.275), (0.34375, 0.275), (0.34375, 0.275), (0.34375, 0.275), (0.34375, 0.275), (0.34375, 0.275), (0.34375, 0.275), (0.34375, 0.275), (0.34375, 0.275), (0.34375, 0.416421), (0.34375, 0.395208), (0.34375, 0.375), (0.34375, 0.36), (0.34375, 0.375), (0.34375, 0.395208), (0.34375, 0.448205), (0.34375, 0.416421), (0.34375, 0.422224), (0.34375, 0.395208), (0.34375, 0.422224), (0.34375, 0.416421), (0.34375, 0.416421), (0.34375, 0.375), (0.34375, 0.395208), (0.34375, 0.36), (0.34375, 0.395208), (0.34375, 0.375), (0.34375, 0.326764), (0.34375, 0.318999), (0.34375, 0.275), (0.34375, 0.275), (0.34375, 0.275), (0.34375, 0.318999), (0.34375, 0.439207), (0.34375, 0.422224), (0.34375, 0.468185), (0.34375, 0.448205), (0.34375, 0.468185), (0.34375, 0.422224), (0.34375, 0.275), (0.34375, 0.275), (0.34375, 0.275), (0.34375, 0.275), (0.34375, 0.275), (0.34375, 0.275), (0.34375, 0.475), (0.34375, 0.468185), (0.34375, 0.475), (0.34375, 0.468185), (0.34375, 0.475), (0.34375, 0.468185), (0.34375, 0.468185), (0.34375, 0.448205), (0.34375, 0.439207), (0.34375, 0.422224), (0.34375, 0.439207), (0.34375, 0.448205), (0.34375, 0.326764), (0.34375, 0.326764), (0.34375, 0.275), (0.34375, 0.275), (0.34375, 0.275), (0.34375, 0.326764), (0.34375, 0.448205), (0.34375, 0.468185), (0.34375, 0.448205), (0.34375, 0.468185), (0.34375, 0.448205), (0.34375, 0.468185), (0.34375, 0.275), (0.34375, 0.275), (0.34375, 0.275), (0.34375, 0.275), (0.34375, 0.275), (0.34375, 0.275), (0.34375, 0.475), (0.34375, 0.468185), (0.34375, 0.445), (0.34375, 0.439207), (0.34375, 0.445), (0.34375, 0.468185), (0.34375, 0.445), (0.34375, 0.439207), (0.34375, 0.475), (0.34375, 0.468185), (0.34375, 0.475), (0.34375, 0.439207), (0.34375, 0.416421), (0.34375, 0.448205), (0.34375, 0.395208), (0.34375, 0.422224), (0.34375, 0.395208), (0.34375, 0.448205), (0.34375, 0.448205), (0.34375, 0.468185), (0.34375, 0.422224), (0.34375, 0.439207), (0.34375, 0.422224), (0.34375, 0.468185), (0.34375, 0.275), (0.34375, 0.275), (0.34375, 0.275), (0.34375, 0.275), (0.34375, 0.275), (0.34375, 0.275), (0.34375, 0.375), (0.34375, 0.326764), (0.34375, 0.36), (0.34375, 0.318999), (0.34375, 0.36), (0.34375, 0.326764), (0.34375, 0.275), (0.34375, 0.275), (0.34375, 0.275), (0.34375, 0.275), (0.34375, 0.275), (0.34375, 0.275), (0.34375, 0.318999), (0.34375, 0.326764), (0.34375, 0.275), (0.34375, 0.275), (0.34375, 0.275), (0.34375, 0.326764), (0.34375, 0.275), (0.34375, 0.275), (0.34375, 0.275), (0.34375, 0.275), (0.34375, 0.275), (0.34375, 0.275), (0.34375, 0.275), (0.34375, 0.275), (0.34375, 0.275), (0.34375, 0.275), (0.34375, 0.275), (0.34375, 0.275), (0.34375, 0.275), (0.34375, 0.275), (0.34375, 0.275), (0.34375, 0.275), (0.34375, 0.275), (0.34375, 0.275), (0.34375, 0.275), (0.34375, 0.275), (0.34375, 0.275), (0.34375, 0.275), (0.34375, 0.275), (0.34375, 0.275), (0.34375, 0.275), (0.34375, 0.275), (0.34375, 0.275), (0.34375, 0.275), (0.34375, 0.275), (0.34375, 0.275), (0.34375, 0.275), (0.34375, 0.275), (0.34375, 0.275), (0.34375, 0.275), (0.34375, 0.275), (0.34375, 0.275), (0.34375, 0.275), (0.34375, 0.275), (0.34375, 0.275), (0.34375, 0.275), (0.34375, 0.275), (0.34375, 0.275), (0.34375, 0.326764), (0.34375, 0.326764), (0.34375, 0.275), (0.34375, 0.275), (0.34375, 0.275), (0.34375, 0.326764), (0.34375, 0.275), (0.34375, 0.275), (0.34375, 0.275), (0.34375, 0.275), (0.34375, 0.275), (0.34375, 0.275), (0.34375, 0.275), (0.34375, 0.275), (0.34375, 0.275), (0.34375, 0.275), (0.34375, 0.275), (0.34375, 0.275), (0.34375, 0.375), (0.34375, 0.36), (0.34375, 0.326764), (0.34375, 0.318999), (0.34375, 0.326764), (0.34375, 0.36), (0.34375, 0.275), (0.34375, 0.275), (0.34375, 0.275), (0.34375, 0.275), (0.34375, 0.275), (0.34375, 0.275), (0.34375, 0.448205), (0.34375, 0.416421), (0.34375, 0.448205), (0.34375, 0.416421), (0.34375, 0.448205), (0.34375, 0.416421), (0.34375, 0.468185), (0.34375, 0.475), (0.34375, 0.439207), (0.34375, 0.445), (0.34375, 0.439207), (0.34375, 0.475), (0.34375, 0.275), (0.34375, 0.275), (0.34375, 0.275), (0.34375, 0.275), (0.34375, 0.275), (0.34375, 0.275), (0.34375, 0.375), (0.34375, 0.375), (0.34375, 0.326764), (0.34375, 0.326764), (0.34375, 0.326764), (0.34375, 0.375), (0.34375, 0.275), (0.34375, 0.275), (0.34375, 0.275), (0.34375, 0.275), (0.34375, 0.275), (0.34375, 0.275), (0.34375, 0.275), (0.34375, 0.318999), (0.34375, 0.275), (0.34375, 0.275), (0.34375, 0.318999), (0.34375, 0.275), (0.34375, 0.318999), (0.34375, 0.36), (0.34375, 0.275), (0.34375, 0.275), (0.34375, 0.36), (0.34375, 0.275), (0.34375, 0.36), (0.34375, 0.395208), (0.34375, 0.275), (0.34375, 0.275), (0.34375, 0.395208), (0.34375, 0.275), (0.34375, 0.395208), (0.34375, 0.422224), (0.34375, 0.275), (0.34375, 0.275), (0.34375, 0.422224), (0.34375, 0.275), (0.34375, 0.422224), (0.34375, 0.439207), (0.34375, 0.275), (0.34375, 0.275), (0.34375, 0.439207), (0.34375, 0.275), (0.34375, 0.439207), (0.34375, 0.445), (0.34375, 0.275), (0.34375, 0.275), (0.34375, 0.445), (0.34375, 0.275), (0.34375, 0.445), (0.34375, 0.439207), (0.34375, 0.275), (0.34375, 0.275), (0.34375, 0.439207), (0.34375, 0.275), (0.34375, 0.439207), (0.34375, 0.422224), (0.34375, 0.275), (0.34375, 0.275), (0.34375, 0.422224), (0.34375, 0.275), (0.34375, 0.422224), (0.34375, 0.395208), (0.34375, 0.275), (0.34375, 0.275), (0.34375, 0.395208), (0.34375, 0.275), (0.34375, 0.395208), (0.34375, 0.36), (0.34375, 0.275), (0.34375, 0.36), (0.34375, 0.318999), (0.34375, 0.275), (0.34375, 0.275), (0.34375, 0.318999), (0.34375, 0.275), (0.34375, 0.275), (0.34375, 0.275), (0.34375, 0.318999), (0.34375, 0.275), (0.34375, 0.275), (0.34375, 0.275), (0.34375, 0.275), (0.34375, 0.275), (0.34375, 0.275), (0.34375, 0.416421), (0.34375, 0.416421), (0.34375, 0.375), (0.34375, 0.375), (0.34375, 0.375), (0.34375, 0.416421), (0.34375, 0.275), (0.34375, 0.275), (0.34375, 0.275), (0.34375, 0.275), (0.34375, 0.275), (0.34375, 0.275), (0.34375, 0.416421), (0.34375, 0.395208), (0.34375, 0.375), (0.34375, 0.36), (0.34375, 0.375), (0.34375, 0.395208), (0.34375, 0.275), (0.34375, 0.275), (0.34375, 0.275), (0.34375, 0.275), (0.34375, 0.275), (0.34375, 0.275), (0.34375, 0.275), (0.34375, 0.275), (0.34375, 0.275), (0.34375, 0.275), (0.34375, 0.275), (0.34375, 0.275), (0.34375, 0.422224), (0.34375, 0.395208), (0.34375, 0.448205), (0.34375, 0.416421), (0.34375, 0.448205), (0.34375, 0.395208), (0.34375, 0.275), (0.34375, 0.275), (0.34375, 0.275), (0.34375, 0.275), (0.34375, 0.275), (0.34375, 0.275), (0.34375, 0.439207), (0.34375, 0.445), (0.34375, 0.468185), (0.34375, 0.475), (0.34375, 0.468185), (0.34375, 0.445), (0.34375, 0.275), (0.34375, 0.275), (0.34375, 0.275), (0.34375, 0.275), (0.34375, 0.275), (0.34375, 0.275), (0.34375, 0.318999), (0.34375, 0.326764), (0.34375, 0.275), (0.34375, 0.275), (0.34375, 0.275), (0.34375, 0.326764), (0.34375, 0.275), (0.34375, 0.275), (0.34375, 0.275), (0.34375, 0.275), (0.34375, 0.275), (0.34375, 0.275), (0.34375, 0.275), (0.34375, 0.275), (0.34375, 0.318999), (0.34375, 0.318999), (0.34375, 0.275), (0.34375, 0.36), (0.34375, 0.275), (0.34375, 0.275), (0.34375, 0.36), (0.34375, 0.36), (0.34375, 0.275), (0.34375, 0.395208), (0.34375, 0.275), (0.34375, 0.275), (0.34375, 0.395208), (0.34375, 0.275), (0.34375, 0.275), (0.34375, 0.395208), (0.34375, 0.275), (0.34375, 0.301629), (0.34375, 0.395208), (0.34375, 0.275), (0.34375, 0.275), (0.34375, 0.275), (0.34375, 0.301629), (0.34375, 0.326443), (0.34375, 0.395208), (0.34375, 0.275), (0.34375, 0.275), (0.34375, 0.275), (0.34375, 0.395208), (0.34375, 0.326443), (0.34375, 0.422224), (0.34375, 0.275), (0.34375, 0.275), (0.34375, 0.275), (0.34375, 0.326443), (0.34375, 0.347751), (0.34375, 0.422224), (0.34375, 0.347751), (0.34375, 0.364101), (0.34375, 0.422224), (0.34375, 0.422224), (0.34375, 0.364101), (0.34375, 0.439207), (0.34375, 0.275), (0.34375, 0.275), (0.34375, 0.275), (0.34375, 0.275), (0.34375, 0.275), (0.34375, 0.275), (0.34375, 0.275), (0.34375, 0.275), (0.34375, 0.275), (0.34375, 0.364101), (0.34375, 0.374379), (0.34375, 0.439207), (0.34375, 0.439207), (0.34375, 0.374379), (0.34375, 0.445), (0.34375, 0.374379), (0.34375, 0.377885), (0.34375, 0.445), (0.34375, 0.377885), (0.34375, 0.374379), (0.34375, 0.445), (0.34375, 0.445), (0.34375, 0.374379), (0.34375, 0.439207), (0.34375, 0.275), (0.34375, 0.275), (0.34375, 0.275), (0.34375, 0.275), (0.34375, 0.275), (0.34375, 0.275), (0.34375, 0.275), (0.34375, 0.275), (0.34375, 0.275), (0.34375, 0.374379), (0.34375, 0.364101), (0.34375, 0.439207), (0.34375, 0.364101), (0.34375, 0.347751), (0.34375, 0.439207), (0.34375, 0.439207), (0.34375, 0.347751), (0.34375, 0.422224), (0.34375, 0.275), (0.34375, 0.275), (0.34375, 0.275), (0.34375, 0.275), (0.34375, 0.275), (0.34375, 0.275), (0.34375, 0.275), (0.34375, 0.275), (0.34375, 0.275), (0.34375, 0.275), (0.34375, 0.275), (0.34375, 0.275), (0.34375, 0.275), (0.34375, 0.275), (0.34375, 0.275), (0.34375, 0.347751), (0.34375, 0.326443), (0.34375, 0.422224), (0.34375, 0.326443), (0.34375, 0.301629), (0.34375, 0.422224), (0.34375, 0.301629), (0.34375, 0.275), (0.34375, 0.422224), (0.34375, 0.275), (0.34375, 0.275), (0.34375, 0.275), (0.34375, 0.275), (0.34375, 0.275), (0.34375, 0.275), (0.34375, 0.275), (0.34375, 0.275), (0.34375, 0.275), (0.34375, 0.395208), (0.34375, 0.422224), (0.34375, 0.275), (0.34375, 0.275), (0.34375, 0.275), (0.34375, 0.395208), (0.34375, 0.275), (0.34375, 0.275), (0.34375, 0.395208), (0.34375, 0.395208), (0.34375, 0.275), (0.34375, 0.36), (0.34375, 0.275), (0.34375, 0.275), (0.34375, 0.36), (0.34375, 0.36), (0.34375, 0.275), (0.34375, 0.318999), (0.34375, 0.275), (0.34375, 0.275), (0.34375, 0.318999), (0.34375, 0.275), (0.34375, 0.318999), (0.34375, 0.275), (0.34375, 0.275), (0.34375, 0.275), (0.34375, 0.275), (0.34375, 0.275), (0.34375, 0.275), (0.34375, 0.275), (0.34375, 0.275), (0.34375, 0.275), (0.34375, 0.275), (0.34375, 0.275), (0.34375, 0.275), (0.34375, 0.275), (0.34375, 0.275), (0.34375, 0.275), (0.34375, 0.275), (0.34375, 0.275), (0.34375, 0.275), (0.34375, 0.275), (0.34375, 0.275), (0.34375, 0.275), (0.34375, 0.275), (0.34375, 0.275), (0.34375, 0.275), (0.34375, 0.275), (0.34375, 0.468185), (0.34375, 0.448205), (0.34375, 0.468185), (0.34375, 0.448205), (0.34375, 0.468185), (0.34375, 0.448205), (0.34375, 0.326764), (0.34375, 0.318999), (0.34375, 0.275), (0.34375, 0.275), (0.34375, 0.275), (0.34375, 0.318999), (0.34375, 0.416421), (0.34375, 0.448205), (0.34375, 0.416421), (0.34375, 0.448205), (0.34375, 0.416421), (0.34375, 0.448205), (0.34375, 0.275), (0.34375, 0.275), (0.34375, 0.275), (0.34375, 0.275), (0.34375, 0.275), (0.34375, 0.275), (0.34375, 0.416421), (0.34375, 0.416421), (0.34375, 0.375), (0.34375, 0.375), (0.34375, 0.375), (0.34375, 0.416421), (0.34375, 0.275), (0.34375, 0.275), (0.34375, 0.275), (0.34375, 0.275), (0.34375, 0.275), (0.34375, 0.275), (0.34375, 0.422224), (0.34375, 0.439207), (0.34375, 0.448205), (0.34375, 0.468185), (0.34375, 0.448205), (0.34375, 0.439207), (0.34375, 0.375), (0.34375, 0.375), (0.34375, 0.326764), (0.34375, 0.326764), (0.34375, 0.326764), (0.34375, 0.375), (0.34375, 0.416421), (0.34375, 0.375), (0.34375, 0.395208), (0.34375, 0.36), (0.34375, 0.395208), (0.34375, 0.375), (0.34375, 0.468185), (0.34375, 0.475), (0.34375, 0.468185), (0.34375, 0.475), (0.34375, 0.468185), (0.34375, 0.475), (0.34375, 0.375), (0.34375, 0.36), (0.34375, 0.326764), (0.34375, 0.318999), (0.34375, 0.326764), (0.34375, 0.36), (0.34375, 0.275), (0.34375, 0.275), (0.34375, 0.275), (0.34375, 0.275), (0.34375, 0.275), (0.34375, 0.275), (0.71875, 0.275), (0.71875, 0.275), (0.71875, 0.292008), (0.71875, 0.292008), (0.71875, 0.275), (0.71875, 0.307858), (0.71875, 0.275), (0.71875, 0.275), (0.71875, 0.307858), (0.71875, 0.307858), (0.71875, 0.275), (0.71875, 0.321468), (0.71875, 0.275), (0.71875, 0.275), (0.71875, 0.321468), (0.71875, 0.275), (0.71875, 0.275), (0.71875, 0.321468), (0.71875, 0.275), (0.71875, 0.285395), (0.71875, 0.321468), (0.71875, 0.275), (0.71875, 0.275), (0.71875, 0.275), (0.71875, 0.285395), (0.71875, 0.295081), (0.71875, 0.321468), (0.71875, 0.275), (0.71875, 0.275), (0.71875, 0.275), (0.71875, 0.321468), (0.71875, 0.295081), (0.71875, 0.331911), (0.71875, 0.275), (0.71875, 0.275), (0.71875, 0.275), (0.71875, 0.295081), (0.71875, 0.303399), (0.71875, 0.331911), (0.71875, 0.303399), (0.71875, 0.309782), (0.71875, 0.331911), (0.71875, 0.331911), (0.71875, 0.309782), (0.71875, 0.338476), (0.71875, 0.275), (0.71875, 0.275), (0.71875, 0.275), (0.71875, 0.275), (0.71875, 0.275), (0.71875, 0.275), (0.71875, 0.275), (0.71875, 0.275), (0.71875, 0.275), (0.71875, 0.309782), (0.71875, 0.313794), (0.71875, 0.338476), (0.71875, 0.338476), (0.71875, 0.313794), (0.71875, 0.340715), (0.71875, 0.313794), (0.71875, 0.315163), (0.71875, 0.340715), (0.71875, 0.315163), (0.71875, 0.313794), (0.71875, 0.340715), (0.71875, 0.340715), (0.71875, 0.313794), (0.71875, 0.338476), (0.71875, 0.275), (0.71875, 0.275), (0.71875, 0.275), (0.71875, 0.275), (0.71875, 0.275), (0.71875, 0.275), (0.71875, 0.275), (0.71875, 0.275), (0.71875, 0.275), (0.71875, 0.275), (0.71875, 0.275), (0.71875, 0.275), (0.71875, 0.275), (0.71875, 0.275), (0.71875, 0.275), (0.71875, 0.313794), (0.71875, 0.309782), (0.71875, 0.338476), (0.71875, 0.309782), (0.71875, 0.303399), (0.71875, 0.338476), (0.71875, 0.338476), (0.71875, 0.303399), (0.71875, 0.331911), (0.71875, 0.275), (0.71875, 0.275), (0.71875, 0.275), (0.71875, 0.275), (0.71875, 0.275), (0.71875, 0.275), (0.71875, 0.275), (0.71875, 0.275), (0.71875, 0.275), (0.71875, 0.303399), (0.71875, 0.295081), (0.71875, 0.331911), (0.71875, 0.295081), (0.71875, 0.285395), (0.71875, 0.331911), (0.71875, 0.285395), (0.71875, 0.275), (0.71875, 0.331911), (0.71875, 0.275), (0.71875, 0.275), (0.71875, 0.275), (0.71875, 0.275), (0.71875, 0.275), (0.71875, 0.275), (0.71875, 0.275), (0.71875, 0.275), (0.71875, 0.275), (0.71875, 0.321468), (0.71875, 0.331911), (0.71875, 0.275), (0.71875, 0.275), (0.71875, 0.275), (0.71875, 0.321468), (0.71875, 0.275), (0.71875, 0.275), (0.71875, 0.321468), (0.71875, 0.321468), (0.71875, 0.275), (0.71875, 0.307858), (0.71875, 0.275), (0.71875, 0.275), (0.71875, 0.307858), (0.71875, 0.307858), (0.71875, 0.275), (0.71875, 0.292008), (0.71875, 0.275), (0.71875, 0.275), (0.71875, 0.292008), (0.71875, 0.275), (0.71875, 0.292008), (0.71875, 0.275), (0.71875, 0.438872), (0.71875, 0.436696), (0.71875, 0.445711), (0.71875, 0.443301), (0.71875, 0.445711), (0.71875, 0.436696), (0.71875, 0.430315), (0.71875, 0.420165), (0.71875, 0.436237), (0.71875, 0.425), (0.71875, 0.436237), (0.71875, 0.420165), (0.71875, 0.410355), (0.71875, 0.406936), (0.71875, 0.393301), (0.71875, 0.391531), (0.71875, 0.393301), (0.71875, 0.406936), (0.71875, 0.420165), (0.71875, 0.430315), (0.71875, 0.425), (0.71875, 0.436237), (0.71875, 0.425), (0.71875, 0.430315), (0.71875, 0.375), (0.71875, 0.358469), (0.71875, 0.375), (0.71875, 0.356699), (0.71875, 0.375), (0.71875, 0.358469), (0.71875, 0.343064), (0.71875, 0.329835), (0.71875, 0.339645), (0.71875, 0.325), (0.71875, 0.339645), (0.71875, 0.329835), (0.71875, 0.311128), (0.71875, 0.313304), (0.71875, 0.304289), (0.71875, 0.306699), (0.71875, 0.304289), (0.71875, 0.313304), (0.71875, 0.430315), (0.71875, 0.436696), (0.71875, 0.436237), (0.71875, 0.443301), (0.71875, 0.436237), (0.71875, 0.436696), (0.71875, 0.375), (0.71875, 0.349118), (0.71875, 0.400882), (0.71875, 0.425), (0.71875, 0.400882), (0.71875, 0.349118), (0.71875, 0.325), (0.71875, 0.425), (0.71875, 0.349118), (0.71875, 0.445711), (0.71875, 0.425), (0.71875, 0.325), (0.71875, 0.304289), (0.71875, 0.445711), (0.71875, 0.325), (0.71875, 0.375), (0.71875, 0.445711), (0.71875, 0.304289), (0.71875, 0.375), (0.71875, 0.393301), (0.71875, 0.445711), (0.71875, 0.356699), (0.71875, 0.375), (0.71875, 0.304289), (0.71875, 0.461603), (0.71875, 0.445711), (0.71875, 0.393301), (0.71875, 0.288397), (0.71875, 0.356699), (0.71875, 0.304289), (0.71875, 0.410355), (0.71875, 0.461603), (0.71875, 0.393301), (0.71875, 0.425), (0.71875, 0.461603), (0.71875, 0.410355), (0.71875, 0.471593), (0.71875, 0.461603), (0.71875, 0.425), (0.71875, 0.339645), (0.71875, 0.356699), (0.71875, 0.288397), (0.71875, 0.325), (0.71875, 0.339645), (0.71875, 0.288397), (0.71875, 0.278407), (0.71875, 0.325), (0.71875, 0.288397), (0.71875, 0.436237), (0.71875, 0.471593), (0.71875, 0.425), (0.71875, 0.443301), (0.71875, 0.471593), (0.71875, 0.436237), (0.71875, 0.475), (0.71875, 0.471593), (0.71875, 0.443301), (0.71875, 0.313763), (0.71875, 0.325), (0.71875, 0.278407), (0.71875, 0.306699), (0.71875, 0.313763), (0.71875, 0.278407), (0.71875, 0.275), (0.71875, 0.306699), (0.71875, 0.278407), (0.71875, 0.445711), (0.71875, 0.475), (0.71875, 0.443301), (0.71875, 0.471593), (0.71875, 0.475), (0.71875, 0.445711), (0.71875, 0.443301), (0.71875, 0.471593), (0.71875, 0.445711), (0.71875, 0.436237), (0.71875, 0.471593), (0.71875, 0.443301), (0.71875, 0.461603), (0.71875, 0.471593), (0.71875, 0.436237), (0.71875, 0.304289), (0.71875, 0.306699), (0.71875, 0.275), (0.71875, 0.278407), (0.71875, 0.304289), (0.71875, 0.275), (0.71875, 0.306699), (0.71875, 0.304289), (0.71875, 0.278407), (0.71875, 0.313763), (0.71875, 0.306699), (0.71875, 0.278407), (0.71875, 0.288397), (0.71875, 0.313763), (0.71875, 0.278407), (0.71875, 0.425), (0.71875, 0.461603), (0.71875, 0.436237), (0.71875, 0.445711), (0.71875, 0.461603), (0.71875, 0.425), (0.71875, 0.410355), (0.71875, 0.445711), (0.71875, 0.425), (0.71875, 0.393301), (0.71875, 0.445711), (0.71875, 0.410355), (0.71875, 0.375), (0.71875, 0.445711), (0.71875, 0.393301), (0.71875, 0.325), (0.71875, 0.313763), (0.71875, 0.288397), (0.71875, 0.304289), (0.71875, 0.325), (0.71875, 0.288397), (0.71875, 0.339645), (0.71875, 0.325), (0.71875, 0.304289), (0.71875, 0.356699), (0.71875, 0.339645), (0.71875, 0.304289), (0.71875, 0.375), (0.71875, 0.356699), (0.71875, 0.304289), (0.71875, 0.425), (0.71875, 0.445711), (0.71875, 0.375), (0.71875, 0.304289), (0.71875, 0.425), (0.71875, 0.375), (0.71875, 0.325), (0.71875, 0.425), (0.71875, 0.304289), (0.71875, 0.400882), (0.71875, 0.425), (0.71875, 0.325), (0.71875, 0.349118), (0.71875, 0.400882), (0.71875, 0.325), (0.71875, 0.375), (0.71875, 0.400882), (0.71875, 0.349118), (0.71875, 0.329835), (0.71875, 0.319685), (0.71875, 0.325), (0.71875, 0.313763), (0.71875, 0.325), (0.71875, 0.319685), (0.71875, 0.311128), (0.71875, 0.304289), (0.71875, 0.313304), (0.71875, 0.306699), (0.71875, 0.313304), (0.71875, 0.304289), (0.71875, 0.391531), (0.71875, 0.375), (0.71875, 0.393301), (0.71875, 0.375), (0.71875, 0.393301), (0.71875, 0.375), (0.71875, 0.425), (0.71875, 0.410355), (0.71875, 0.420165), (0.71875, 0.406936), (0.71875, 0.420165), (0.71875, 0.410355), (0.71875, 0.410355), (0.71875, 0.393301), (0.71875, 0.406936), (0.71875, 0.391531), (0.71875, 0.406936), (0.71875, 0.393301), (0.71875, 0.358469), (0.71875, 0.356699), (0.71875, 0.343064), (0.71875, 0.339645), (0.71875, 0.343064), (0.71875, 0.356699), (0.71875, 0.393301), (0.71875, 0.375), (0.71875, 0.391531), (0.71875, 0.375), (0.71875, 0.391531), (0.71875, 0.375), (0.71875, 0.319685), (0.71875, 0.313304), (0.71875, 0.313763), (0.71875, 0.306699), (0.71875, 0.313763), (0.71875, 0.313304), (0.71875, 0.375), (0.71875, 0.375), (0.71875, 0.358469), (0.71875, 0.356699), (0.71875, 0.358469), (0.71875, 0.375), (0.71875, 0.425), (0.71875, 0.420165), (0.71875, 0.410355), (0.71875, 0.406936), (0.71875, 0.410355), (0.71875, 0.420165), (0.71875, 0.343064), (0.71875, 0.339645), (0.71875, 0.329835), (0.71875, 0.325), (0.71875, 0.329835), (0.71875, 0.339645), (0.71875, 0.358469), (0.71875, 0.343064), (0.71875, 0.356699), (0.71875, 0.339645), (0.71875, 0.356699), (0.71875, 0.343064), (0.71875, 0.438872), (0.71875, 0.445711), (0.71875, 0.436696), (0.71875, 0.443301), (0.71875, 0.436696), (0.71875, 0.445711), (0.71875, 0.436696), (0.71875, 0.430315), (0.71875, 0.443301), (0.71875, 0.436237), (0.71875, 0.443301), (0.71875, 0.430315), (0.71875, 0.319685), (0.71875, 0.329835), (0.71875, 0.313763), (0.71875, 0.325), (0.71875, 0.313763), (0.71875, 0.329835), (0.71875, 0.319685), (0.71875, 0.313763), (0.71875, 0.313304), (0.71875, 0.306699), (0.71875, 0.313304), (0.71875, 0.313763), (0.46875, 0.303399), (0.46875, 0.295081), (0.46875, 0.296868), (0.46875, 0.290463), (0.46875, 0.296868), (0.46875, 0.295081), (0.46875, 0.301782), (0.46875, 0.296868), (0.46875, 0.309782), (0.46875, 0.303399), (0.46875, 0.309782), (0.46875, 0.296868), (0.46875, 0.275), (0.46875, 0.275), (0.46875, 0.275), (0.46875, 0.275), (0.46875, 0.275), (0.46875, 0.275), (0.46875, 0.275), (0.46875, 0.275), (0.46875, 0.275), (0.46875, 0.275), (0.46875, 0.275), (0.46875, 0.275), (0.46875, 0.301782), (0.46875, 0.304872), (0.46875, 0.309782), (0.46875, 0.313794), (0.46875, 0.309782), (0.46875, 0.304872), (0.46875, 0.275), (0.46875, 0.275), (0.46875, 0.275), (0.46875, 0.275), (0.46875, 0.275), (0.46875, 0.275), (0.46875, 0.275), (0.46875, 0.275), (0.46875, 0.275), (0.46875, 0.275), (0.46875, 0.275), (0.46875, 0.275), (0.46875, 0.303399), (0.46875, 0.296868), (0.46875, 0.295081), (0.46875, 0.290463), (0.46875, 0.295081), (0.46875, 0.296868), (0.46875, 0.275), (0.46875, 0.275), (0.46875, 0.275), (0.46875, 0.275), (0.46875, 0.275), (0.46875, 0.275), (0.46875, 0.275), (0.46875, 0.275), (0.46875, 0.275), (0.46875, 0.275), (0.46875, 0.275), (0.46875, 0.275), (0.46875, 0.304872), (0.46875, 0.301782), (0.46875, 0.313794), (0.46875, 0.309782), (0.46875, 0.313794), (0.46875, 0.301782), (0.46875, 0.305926), (0.46875, 0.304872), (0.46875, 0.315163), (0.46875, 0.313794), (0.46875, 0.315163), (0.46875, 0.304872), (0.46875, 0.275), (0.46875, 0.275), (0.46875, 0.275), (0.46875, 0.275), (0.46875, 0.275), (0.46875, 0.275), (0.46875, 0.285395), (0.46875, 0.275), (0.46875, 0.283004), (0.46875, 0.275), (0.46875, 0.283004), (0.46875, 0.275), (0.46875, 0.296868), (0.46875, 0.301782), (0.46875, 0.303399), (0.46875, 0.309782), (0.46875, 0.303399), (0.46875, 0.301782), (0.46875, 0.275), (0.46875, 0.275), (0.46875, 0.275), (0.46875, 0.275), (0.46875, 0.275), (0.46875, 0.275), (0.46875, 0.285395), (0.46875, 0.283004), (0.46875, 0.275), (0.46875, 0.275), (0.46875, 0.275), (0.46875, 0.283004), (0.46875, 0.275), (0.46875, 0.275), (0.46875, 0.275), (0.46875, 0.275), (0.46875, 0.275), (0.46875, 0.275), (0.46875, 0.295081), (0.46875, 0.290463), (0.46875, 0.285395), (0.46875, 0.283004), (0.46875, 0.285395), (0.46875, 0.290463), (0.46875, 0.304872), (0.46875, 0.305926), (0.46875, 0.313794), (0.46875, 0.315163), (0.46875, 0.313794), (0.46875, 0.305926), (0.46875, 0.275), (0.46875, 0.275), (0.46875, 0.275), (0.46875, 0.275), (0.46875, 0.275), (0.46875, 0.275), (0.46875, 0.275), (0.46875, 0.275), (0.46875, 0.283004), (0.46875, 0.275), (0.46875, 0.275), (0.46875, 0.283004), (0.46875, 0.283004), (0.46875, 0.275), (0.46875, 0.290463), (0.46875, 0.290463), (0.46875, 0.275), (0.46875, 0.296868), (0.46875, 0.275), (0.46875, 0.275), (0.46875, 0.296868), (0.46875, 0.296868), (0.46875, 0.275), (0.46875, 0.301782), (0.46875, 0.275), (0.46875, 0.275), (0.46875, 0.301782), (0.46875, 0.301782), (0.46875, 0.275), (0.46875, 0.304872), (0.46875, 0.275), (0.46875, 0.275), (0.46875, 0.304872), (0.46875, 0.304872), (0.46875, 0.275), (0.46875, 0.305926), (0.46875, 0.275), (0.46875, 0.275), (0.46875, 0.305926), (0.46875, 0.275), (0.46875, 0.275), (0.46875, 0.305926), (0.46875, 0.305926), (0.46875, 0.275), (0.46875, 0.304872), (0.46875, 0.275), (0.46875, 0.275), (0.46875, 0.304872), (0.46875, 0.304872), (0.46875, 0.275), (0.46875, 0.301782), (0.46875, 0.301782), (0.46875, 0.275), (0.46875, 0.296868), (0.46875, 0.275), (0.46875, 0.275), (0.46875, 0.296868), (0.46875, 0.296868), (0.46875, 0.275), (0.46875, 0.290463), (0.46875, 0.275), (0.46875, 0.275), (0.46875, 0.290463), (0.46875, 0.290463), (0.46875, 0.275), (0.46875, 0.283004), (0.46875, 0.275), (0.46875, 0.275), (0.46875, 0.283004), (0.46875, 0.275), (0.46875, 0.283004), (0.46875, 0.275), (0.46875, 0.275), (0.46875, 0.275), (0.46875, 0.275), (0.46875, 0.275), (0.46875, 0.275), (0.46875, 0.275), (0.46875, 0.275), (0.46875, 0.275), (0.46875, 0.275), (0.46875, 0.275), (0.46875, 0.275), (0.46875, 0.275), (0.46875, 0.295081), (0.46875, 0.285395), (0.46875, 0.290463), (0.46875, 0.283004), (0.46875, 0.290463), (0.46875, 0.285395), (0.34375, 0.375), (0.34375, 0.326764), (0.34375, 0.36), (0.34375, 0.318999), (0.34375, 0.36), (0.34375, 0.326764), (0.34375, 0.275), (0.34375, 0.275), (0.34375, 0.275), (0.34375, 0.275), (0.34375, 0.275), (0.34375, 0.275), (0.34375, 0.275), (0.34375, 0.275), (0.34375, 0.275), (0.34375, 0.275), (0.34375, 0.275), (0.34375, 0.275), (0.34375, 0.275), (0.34375, 0.275), (0.34375, 0.275), (0.34375, 0.275), (0.34375, 0.275), (0.34375, 0.275), (0.34375, 0.275), (0.34375, 0.275), (0.34375, 0.275), (0.34375, 0.275), (0.34375, 0.275), (0.34375, 0.275), (0.34375, 0.395208), (0.34375, 0.422224), (0.34375, 0.416421), (0.34375, 0.448205), (0.34375, 0.416421), (0.34375, 0.422224), (0.34375, 0.275), (0.34375, 0.275), (0.34375, 0.275), (0.34375, 0.275), (0.34375, 0.275), (0.34375, 0.275), (0.34375, 0.275), (0.34375, 0.275), (0.34375, 0.275), (0.34375, 0.275), (0.34375, 0.275), (0.34375, 0.275), (0.34375, 0.416421), (0.34375, 0.395208), (0.34375, 0.375), (0.34375, 0.36), (0.34375, 0.375), (0.34375, 0.395208), (0.34375, 0.448205), (0.34375, 0.416421), (0.34375, 0.422224), (0.34375, 0.395208), (0.34375, 0.422224), (0.34375, 0.416421), (0.34375, 0.416421), (0.34375, 0.375), (0.34375, 0.395208), (0.34375, 0.36), (0.34375, 0.395208), (0.34375, 0.375), (0.34375, 0.326764), (0.34375, 0.318999), (0.34375, 0.275), (0.34375, 0.275), (0.34375, 0.275), (0.34375, 0.318999), (0.34375, 0.439207), (0.34375, 0.422224), (0.34375, 0.468185), (0.34375, 0.448205), (0.34375, 0.468185), (0.34375, 0.422224), (0.34375, 0.275), (0.34375, 0.275), (0.34375, 0.275), (0.34375, 0.275), (0.34375, 0.275), (0.34375, 0.275), (0.34375, 0.475), (0.34375, 0.468185), (0.34375, 0.475), (0.34375, 0.468185), (0.34375, 0.475), (0.34375, 0.468185), (0.34375, 0.468185), (0.34375, 0.448205), (0.34375, 0.439207), (0.34375, 0.422224), (0.34375, 0.439207), (0.34375, 0.448205), (0.34375, 0.326764), (0.34375, 0.326764), (0.34375, 0.275), (0.34375, 0.275), (0.34375, 0.275), (0.34375, 0.326764), (0.34375, 0.448205), (0.34375, 0.468185), (0.34375, 0.448205), (0.34375, 0.468185), (0.34375, 0.448205), (0.34375, 0.468185), (0.34375, 0.275), (0.34375, 0.275), (0.34375, 0.275), (0.34375, 0.275), (0.34375, 0.275), (0.34375, 0.275), (0.34375, 0.475), (0.34375, 0.468185), (0.34375, 0.445), (0.34375, 0.439207), (0.34375, 0.445), (0.34375, 0.468185), (0.34375, 0.445), (0.34375, 0.439207), (0.34375, 0.475), (0.34375, 0.468185), (0.34375, 0.475), (0.34375, 0.439207), (0.34375, 0.416421), (0.34375, 0.448205), (0.34375, 0.395208), (0.34375, 0.422224), (0.34375, 0.395208), (0.34375, 0.448205), (0.34375, 0.448205), (0.34375, 0.468185), (0.34375, 0.422224), (0.34375, 0.439207), (0.34375, 0.422224), (0.34375, 0.468185), (0.34375, 0.275), (0.34375, 0.275), (0.34375, 0.275), (0.34375, 0.275), (0.34375, 0.275), (0.34375, 0.275), (0.34375, 0.375), (0.34375, 0.326764), (0.34375, 0.36), (0.34375, 0.318999), (0.34375, 0.36), (0.34375, 0.326764), (0.34375, 0.275), (0.34375, 0.275), (0.34375, 0.275), (0.34375, 0.275), (0.34375, 0.275), (0.34375, 0.275), (0.34375, 0.318999), (0.34375, 0.326764), (0.34375, 0.275), (0.34375, 0.275), (0.34375, 0.275), (0.34375, 0.326764), (0.34375, 0.275), (0.34375, 0.275), (0.34375, 0.275), (0.34375, 0.275), (0.34375, 0.275), (0.34375, 0.275), (0.34375, 0.275), (0.34375, 0.275), (0.34375, 0.275), (0.34375, 0.275), (0.34375, 0.275), (0.34375, 0.275), (0.34375, 0.275), (0.34375, 0.275), (0.34375, 0.275), (0.34375, 0.275), (0.34375, 0.275), (0.34375, 0.275), (0.34375, 0.275), (0.34375, 0.275), (0.34375, 0.275), (0.34375, 0.275), (0.34375, 0.275), (0.34375, 0.275), (0.34375, 0.275), (0.34375, 0.275), (0.34375, 0.275), (0.34375, 0.275), (0.34375, 0.275), (0.34375, 0.275), (0.34375, 0.275), (0.34375, 0.275), (0.34375, 0.275), (0.34375, 0.275), (0.34375, 0.275), (0.34375, 0.275), (0.34375, 0.275), (0.34375, 0.275), (0.34375, 0.275), (0.34375, 0.275), (0.34375, 0.275), (0.34375, 0.275), (0.34375, 0.326764), (0.34375, 0.326764), (0.34375, 0.275), (0.34375, 0.275), (0.34375, 0.275), (0.34375, 0.326764), (0.34375, 0.275), (0.34375, 0.275), (0.34375, 0.275), (0.34375, 0.275), (0.34375, 0.275), (0.34375, 0.275), (0.34375, 0.275), (0.34375, 0.275), (0.34375, 0.275), (0.34375, 0.275), (0.34375, 0.275), (0.34375, 0.275), (0.34375, 0.375), (0.34375, 0.36), (0.34375, 0.326764), (0.34375, 0.318999), (0.34375, 0.326764), (0.34375, 0.36), (0.34375, 0.275), (0.34375, 0.275), (0.34375, 0.275), (0.34375, 0.275), (0.34375, 0.275), (0.34375, 0.275), (0.34375, 0.448205), (0.34375, 0.416421), (0.34375, 0.448205), (0.34375, 0.416421), (0.34375, 0.448205), (0.34375, 0.416421), (0.34375, 0.468185), (0.34375, 0.475), (0.34375, 0.439207), (0.34375, 0.445), (0.34375, 0.439207), (0.34375, 0.475), (0.34375, 0.275), (0.34375, 0.275), (0.34375, 0.275), (0.34375, 0.275), (0.34375, 0.275), (0.34375, 0.275), (0.34375, 0.375), (0.34375, 0.375), (0.34375, 0.326764), (0.34375, 0.326764), (0.34375, 0.326764), (0.34375, 0.375), (0.34375, 0.275), (0.34375, 0.275), (0.34375, 0.275), (0.34375, 0.275), (0.34375, 0.275), (0.34375, 0.275), (0.34375, 0.275), (0.34375, 0.318999), (0.34375, 0.275), (0.34375, 0.275), (0.34375, 0.318999), (0.34375, 0.275), (0.34375, 0.318999), (0.34375, 0.36), (0.34375, 0.275), (0.34375, 0.275), (0.34375, 0.36), (0.34375, 0.275), (0.34375, 0.36), (0.34375, 0.395208), (0.34375, 0.275), (0.34375, 0.275), (0.34375, 0.395208), (0.34375, 0.275), (0.34375, 0.395208), (0.34375, 0.422224), (0.34375, 0.275), (0.34375, 0.275), (0.34375, 0.422224), (0.34375, 0.275), (0.34375, 0.422224), (0.34375, 0.439207), (0.34375, 0.275), (0.34375, 0.275), (0.34375, 0.439207), (0.34375, 0.275), (0.34375, 0.439207), (0.34375, 0.445), (0.34375, 0.275), (0.34375, 0.275), (0.34375, 0.445), (0.34375, 0.275), (0.34375, 0.445), (0.34375, 0.439207), (0.34375, 0.275), (0.34375, 0.275), (0.34375, 0.439207), (0.34375, 0.275), (0.34375, 0.439207), (0.34375, 0.422224), (0.34375, 0.275), (0.34375, 0.275), (0.34375, 0.422224), (0.34375, 0.275), (0.34375, 0.422224), (0.34375, 0.395208), (0.34375, 0.275), (0.34375, 0.275), (0.34375, 0.395208), (0.34375, 0.275), (0.34375, 0.395208), (0.34375, 0.36), (0.34375, 0.275), (0.34375, 0.36), (0.34375, 0.318999), (0.34375, 0.275), (0.34375, 0.275), (0.34375, 0.318999), (0.34375, 0.275), (0.34375, 0.275), (0.34375, 0.275), (0.34375, 0.318999), (0.34375, 0.275), (0.34375, 0.275), (0.34375, 0.275), (0.34375, 0.275), (0.34375, 0.275), (0.34375, 0.275), (0.34375, 0.416421), (0.34375, 0.416421), (0.34375, 0.375), (0.34375, 0.375), (0.34375, 0.375), (0.34375, 0.416421), (0.34375, 0.275), (0.34375, 0.275), (0.34375, 0.275), (0.34375, 0.275), (0.34375, 0.275), (0.34375, 0.275), (0.34375, 0.416421), (0.34375, 0.395208), (0.34375, 0.375), (0.34375, 0.36), (0.34375, 0.375), (0.34375, 0.395208), (0.34375, 0.275), (0.34375, 0.275), (0.34375, 0.275), (0.34375, 0.275), (0.34375, 0.275), (0.34375, 0.275), (0.34375, 0.275), (0.34375, 0.275), (0.34375, 0.275), (0.34375, 0.275), (0.34375, 0.275), (0.34375, 0.275), (0.34375, 0.422224), (0.34375, 0.395208), (0.34375, 0.448205), (0.34375, 0.416421), (0.34375, 0.448205), (0.34375, 0.395208), (0.34375, 0.275), (0.34375, 0.275), (0.34375, 0.275), (0.34375, 0.275), (0.34375, 0.275), (0.34375, 0.275), (0.34375, 0.439207), (0.34375, 0.445), (0.34375, 0.468185), (0.34375, 0.475), (0.34375, 0.468185), (0.34375, 0.445), (0.34375, 0.275), (0.34375, 0.275), (0.34375, 0.275), (0.34375, 0.275), (0.34375, 0.275), (0.34375, 0.275), (0.34375, 0.318999), (0.34375, 0.326764), (0.34375, 0.275), (0.34375, 0.275), (0.34375, 0.275), (0.34375, 0.326764), (0.34375, 0.275), (0.34375, 0.275), (0.34375, 0.275), (0.34375, 0.275), (0.34375, 0.275), (0.34375, 0.275), (0.34375, 0.275), (0.34375, 0.275), (0.34375, 0.318999), (0.34375, 0.318999), (0.34375, 0.275), (0.34375, 0.36), (0.34375, 0.275), (0.34375, 0.275), (0.34375, 0.36), (0.34375, 0.36), (0.34375, 0.275), (0.34375, 0.395208), (0.34375, 0.275), (0.34375, 0.275), (0.34375, 0.395208), (0.34375, 0.275), (0.34375, 0.275), (0.34375, 0.395208), (0.34375, 0.275), (0.34375, 0.301629), (0.34375, 0.395208), (0.34375, 0.275), (0.34375, 0.275), (0.34375, 0.275), (0.34375, 0.301629), (0.34375, 0.326443), (0.34375, 0.395208), (0.34375, 0.275), (0.34375, 0.275), (0.34375, 0.275), (0.34375, 0.395208), (0.34375, 0.326443), (0.34375, 0.422224), (0.34375, 0.275), (0.34375, 0.275), (0.34375, 0.275), (0.34375, 0.326443), (0.34375, 0.347751), (0.34375, 0.422224), (0.34375, 0.347751), (0.34375, 0.364101), (0.34375, 0.422224), (0.34375, 0.422224), (0.34375, 0.364101), (0.34375, 0.439207), (0.34375, 0.275), (0.34375, 0.275), (0.34375, 0.275), (0.34375, 0.275), (0.34375, 0.275), (0.34375, 0.275), (0.34375, 0.275), (0.34375, 0.275), (0.34375, 0.275), (0.34375, 0.364101), (0.34375, 0.374379), (0.34375, 0.439207), (0.34375, 0.439207), (0.34375, 0.374379), (0.34375, 0.445), (0.34375, 0.374379), (0.34375, 0.377885), (0.34375, 0.445), (0.34375, 0.377885), (0.34375, 0.374379), (0.34375, 0.445), (0.34375, 0.445), (0.34375, 0.374379), (0.34375, 0.439207), (0.34375, 0.275), (0.34375, 0.275), (0.34375, 0.275), (0.34375, 0.275), (0.34375, 0.275), (0.34375, 0.275), (0.34375, 0.275), (0.34375, 0.275), (0.34375, 0.275), (0.34375, 0.374379), (0.34375, 0.364101), (0.34375, 0.439207), (0.34375, 0.364101), (0.34375, 0.347751), (0.34375, 0.439207), (0.34375, 0.439207), (0.34375, 0.347751), (0.34375, 0.422224), (0.34375, 0.275), (0.34375, 0.275), (0.34375, 0.275), (0.34375, 0.275), (0.34375, 0.275), (0.34375, 0.275), (0.34375, 0.275), (0.34375, 0.275), (0.34375, 0.275), (0.34375, 0.275), (0.34375, 0.275), (0.34375, 0.275), (0.34375, 0.275), (0.34375, 0.275), (0.34375, 0.275), (0.34375, 0.347751), (0.34375, 0.326443), (0.34375, 0.422224), (0.34375, 0.326443), (0.34375, 0.301629), (0.34375, 0.422224), (0.34375, 0.301629), (0.34375, 0.275), (0.34375, 0.422224), (0.34375, 0.275), (0.34375, 0.275), (0.34375, 0.275), (0.34375, 0.275), (0.34375, 0.275), (0.34375, 0.275), (0.34375, 0.275), (0.34375, 0.275), (0.34375, 0.275), (0.34375, 0.395208), (0.34375, 0.422224), (0.34375, 0.275), (0.34375, 0.275), (0.34375, 0.275), (0.34375, 0.395208), (0.34375, 0.275), (0.34375, 0.275), (0.34375, 0.395208), (0.34375, 0.395208), (0.34375, 0.275), (0.34375, 0.36), (0.34375, 0.275), (0.34375, 0.275), (0.34375, 0.36), (0.34375, 0.36), (0.34375, 0.275), (0.34375, 0.318999), (0.34375, 0.275), (0.34375, 0.275), (0.34375, 0.318999), (0.34375, 0.275), (0.34375, 0.318999), (0.34375, 0.275), (0.34375, 0.275), (0.34375, 0.275), (0.34375, 0.275), (0.34375, 0.275), (0.34375, 0.275), (0.34375, 0.275), (0.34375, 0.275), (0.34375, 0.275), (0.34375, 0.275), (0.34375, 0.275), (0.34375, 0.275), (0.34375, 0.275), (0.34375, 0.275), (0.34375, 0.275), (0.34375, 0.275), (0.34375, 0.275), (0.34375, 0.275), (0.34375, 0.275), (0.34375, 0.275), (0.34375, 0.275), (0.34375, 0.275), (0.34375, 0.275), (0.34375, 0.275), (0.34375, 0.275), (0.34375, 0.468185), (0.34375, 0.448205), (0.34375, 0.468185), (0.34375, 0.448205), (0.34375, 0.468185), (0.34375, 0.448205), (0.34375, 0.326764), (0.34375, 0.318999), (0.34375, 0.275), (0.34375, 0.275), (0.34375, 0.275), (0.34375, 0.318999), (0.34375, 0.416421), (0.34375, 0.448205), (0.34375, 0.416421), (0.34375, 0.448205), (0.34375, 0.416421), (0.34375, 0.448205), (0.34375, 0.275), (0.34375, 0.275), (0.34375, 0.275), (0.34375, 0.275), (0.34375, 0.275), (0.34375, 0.275), (0.34375, 0.416421), (0.34375, 0.416421), (0.34375, 0.375), (0.34375, 0.375), (0.34375, 0.375), (0.34375, 0.416421), (0.34375, 0.275), (0.34375, 0.275), (0.34375, 0.275), (0.34375, 0.275), (0.34375, 0.275), (0.34375, 0.275), (0.34375, 0.422224), (0.34375, 0.439207), (0.34375, 0.448205), (0.34375, 0.468185), (0.34375, 0.448205), (0.34375, 0.439207), (0.34375, 0.375), (0.34375, 0.375), (0.34375, 0.326764), (0.34375, 0.326764), (0.34375, 0.326764), (0.34375, 0.375), (0.34375, 0.416421), (0.34375, 0.375), (0.34375, 0.395208), (0.34375, 0.36), (0.34375, 0.395208), (0.34375, 0.375), (0.34375, 0.468185), (0.34375, 0.475), (0.34375, 0.468185), (0.34375, 0.475), (0.34375, 0.468185), (0.34375, 0.475), (0.34375, 0.375), (0.34375, 0.36), (0.34375, 0.326764), (0.34375, 0.318999), (0.34375, 0.326764), (0.34375, 0.36), (0.34375, 0.275), (0.34375, 0.275), (0.34375, 0.275), (0.34375, 0.275), (0.34375, 0.275), (0.34375, 0.275), (0.71875, 0.275), (0.71875, 0.275), (0.71875, 0.292008), (0.71875, 0.292008), (0.71875, 0.275), (0.71875, 0.307858), (0.71875, 0.275), (0.71875, 0.275), (0.71875, 0.307858), (0.71875, 0.307858), (0.71875, 0.275), (0.71875, 0.321468), (0.71875, 0.275), (0.71875, 0.275), (0.71875, 0.321468), (0.71875, 0.275), (0.71875, 0.275), (0.71875, 0.321468), (0.71875, 0.275), (0.71875, 0.285395), (0.71875, 0.321468), (0.71875, 0.275), (0.71875, 0.275), (0.71875, 0.275), (0.71875, 0.285395), (0.71875, 0.295081), (0.71875, 0.321468), (0.71875, 0.275), (0.71875, 0.275), (0.71875, 0.275), (0.71875, 0.321468), (0.71875, 0.295081), (0.71875, 0.331911), (0.71875, 0.275), (0.71875, 0.275), (0.71875, 0.275), (0.71875, 0.295081), (0.71875, 0.303399), (0.71875, 0.331911), (0.71875, 0.303399), (0.71875, 0.309782), (0.71875, 0.331911), (0.71875, 0.331911), (0.71875, 0.309782), (0.71875, 0.338476), (0.71875, 0.275), (0.71875, 0.275), (0.71875, 0.275), (0.71875, 0.275), (0.71875, 0.275), (0.71875, 0.275), (0.71875, 0.275), (0.71875, 0.275), (0.71875, 0.275), (0.71875, 0.309782), (0.71875, 0.313794), (0.71875, 0.338476), (0.71875, 0.338476), (0.71875, 0.313794), (0.71875, 0.340715), (0.71875, 0.313794), (0.71875, 0.315163), (0.71875, 0.340715), (0.71875, 0.315163), (0.71875, 0.313794), (0.71875, 0.340715), (0.71875, 0.340715), (0.71875, 0.313794), (0.71875, 0.338476), (0.71875, 0.275), (0.71875, 0.275), (0.71875, 0.275), (0.71875, 0.275), (0.71875, 0.275), (0.71875, 0.275), (0.71875, 0.275), (0.71875, 0.275), (0.71875, 0.275), (0.71875, 0.275), (0.71875, 0.275), (0.71875, 0.275), (0.71875, 0.275), (0.71875, 0.275), (0.71875, 0.275), (0.71875, 0.313794), (0.71875, 0.309782), (0.71875, 0.338476), (0.71875, 0.309782), (0.71875, 0.303399), (0.71875, 0.338476), (0.71875, 0.338476), (0.71875, 0.303399), (0.71875, 0.331911), (0.71875, 0.275), (0.71875, 0.275), (0.71875, 0.275), (0.71875, 0.275), (0.71875, 0.275), (0.71875, 0.275), (0.71875, 0.275), (0.71875, 0.275), (0.71875, 0.275), (0.71875, 0.303399), (0.71875, 0.295081), (0.71875, 0.331911), (0.71875, 0.295081), (0.71875, 0.285395), (0.71875, 0.331911), (0.71875, 0.285395), (0.71875, 0.275), (0.71875, 0.331911), (0.71875, 0.275), (0.71875, 0.275), (0.71875, 0.275), (0.71875, 0.275), (0.71875, 0.275), (0.71875, 0.275), (0.71875, 0.275), (0.71875, 0.275), (0.71875, 0.275), (0.71875, 0.321468), (0.71875, 0.331911), (0.71875, 0.275), (0.71875, 0.275), (0.71875, 0.275), (0.71875, 0.321468), (0.71875, 0.275), (0.71875, 0.275), (0.71875, 0.321468), (0.71875, 0.321468), (0.71875, 0.275), (0.71875, 0.307858), (0.71875, 0.275), (0.71875, 0.275), (0.71875, 0.307858), (0.71875, 0.307858), (0.71875, 0.275), (0.71875, 0.292008), (0.71875, 0.275), (0.71875, 0.275), (0.71875, 0.292008), (0.71875, 0.275), (0.71875, 0.292008), (0.71875, 0.275), (0.71875, 0.438872), (0.71875, 0.436696), (0.71875, 0.445711), (0.71875, 0.443301), (0.71875, 0.445711), (0.71875, 0.436696), (0.71875, 0.430315), (0.71875, 0.420165), (0.71875, 0.436237), (0.71875, 0.425), (0.71875, 0.436237), (0.71875, 0.420165), (0.71875, 0.410355), (0.71875, 0.406936), (0.71875, 0.393301), (0.71875, 0.391531), (0.71875, 0.393301), (0.71875, 0.406936), (0.71875, 0.420165), (0.71875, 0.430315), (0.71875, 0.425), (0.71875, 0.436237), (0.71875, 0.425), (0.71875, 0.430315), (0.71875, 0.375), (0.71875, 0.358469), (0.71875, 0.375), (0.71875, 0.356699), (0.71875, 0.375), (0.71875, 0.358469), (0.71875, 0.343064), (0.71875, 0.329835), (0.71875, 0.339645), (0.71875, 0.325), (0.71875, 0.339645), (0.71875, 0.329835), (0.71875, 0.311128), (0.71875, 0.313304), (0.71875, 0.304289), (0.71875, 0.306699), (0.71875, 0.304289), (0.71875, 0.313304), (0.71875, 0.430315), (0.71875, 0.436696), (0.71875, 0.436237), (0.71875, 0.443301), (0.71875, 0.436237), (0.71875, 0.436696), (0.71875, 0.375), (0.71875, 0.349118), (0.71875, 0.400882), (0.71875, 0.425), (0.71875, 0.400882), (0.71875, 0.349118), (0.71875, 0.325), (0.71875, 0.425), (0.71875, 0.349118), (0.71875, 0.445711), (0.71875, 0.425), (0.71875, 0.325), (0.71875, 0.304289), (0.71875, 0.445711), (0.71875, 0.325), (0.71875, 0.375), (0.71875, 0.445711), (0.71875, 0.304289), (0.71875, 0.375), (0.71875, 0.393301), (0.71875, 0.445711), (0.71875, 0.356699), (0.71875, 0.375), (0.71875, 0.304289), (0.71875, 0.461603), (0.71875, 0.445711), (0.71875, 0.393301), (0.71875, 0.288397), (0.71875, 0.356699), (0.71875, 0.304289), (0.71875, 0.410355), (0.71875, 0.461603), (0.71875, 0.393301), (0.71875, 0.425), (0.71875, 0.461603), (0.71875, 0.410355), (0.71875, 0.471593), (0.71875, 0.461603), (0.71875, 0.425), (0.71875, 0.339645), (0.71875, 0.356699), (0.71875, 0.288397), (0.71875, 0.325), (0.71875, 0.339645), (0.71875, 0.288397), (0.71875, 0.278407), (0.71875, 0.325), (0.71875, 0.288397), (0.71875, 0.436237), (0.71875, 0.471593), (0.71875, 0.425), (0.71875, 0.443301), (0.71875, 0.471593), (0.71875, 0.436237), (0.71875, 0.475), (0.71875, 0.471593), (0.71875, 0.443301), (0.71875, 0.313763), (0.71875, 0.325), (0.71875, 0.278407), (0.71875, 0.306699), (0.71875, 0.313763), (0.71875, 0.278407), (0.71875, 0.275), (0.71875, 0.306699), (0.71875, 0.278407), (0.71875, 0.445711), (0.71875, 0.475), (0.71875, 0.443301), (0.71875, 0.471593), (0.71875, 0.475), (0.71875, 0.445711), (0.71875, 0.443301), (0.71875, 0.471593), (0.71875, 0.445711), (0.71875, 0.436237), (0.71875, 0.471593), (0.71875, 0.443301), (0.71875, 0.461603), (0.71875, 0.471593), (0.71875, 0.436237), (0.71875, 0.304289), (0.71875, 0.306699), (0.71875, 0.275), (0.71875, 0.278407), (0.71875, 0.304289), (0.71875, 0.275), (0.71875, 0.306699), (0.71875, 0.304289), (0.71875, 0.278407), (0.71875, 0.313763), (0.71875, 0.306699), (0.71875, 0.278407), (0.71875, 0.288397), (0.71875, 0.313763), (0.71875, 0.278407), (0.71875, 0.425), (0.71875, 0.461603), (0.71875, 0.436237), (0.71875, 0.445711), (0.71875, 0.461603), (0.71875, 0.425), (0.71875, 0.410355), (0.71875, 0.445711), (0.71875, 0.425), (0.71875, 0.393301), (0.71875, 0.445711), (0.71875, 0.410355), (0.71875, 0.375), (0.71875, 0.445711), (0.71875, 0.393301), (0.71875, 0.325), (0.71875, 0.313763), (0.71875, 0.288397), (0.71875, 0.304289), (0.71875, 0.325), (0.71875, 0.288397), (0.71875, 0.339645), (0.71875, 0.325), (0.71875, 0.304289), (0.71875, 0.356699), (0.71875, 0.339645), (0.71875, 0.304289), (0.71875, 0.375), (0.71875, 0.356699), (0.71875, 0.304289), (0.71875, 0.425), (0.71875, 0.445711), (0.71875, 0.375), (0.71875, 0.304289), (0.71875, 0.425), (0.71875, 0.375), (0.71875, 0.325), (0.71875, 0.425), (0.71875, 0.304289), (0.71875, 0.400882), (0.71875, 0.425), (0.71875, 0.325), (0.71875, 0.349118), (0.71875, 0.400882), (0.71875, 0.325), (0.71875, 0.375), (0.71875, 0.400882), (0.71875, 0.349118), (0.71875, 0.329835), (0.71875, 0.319685), (0.71875, 0.325), (0.71875, 0.313763), (0.71875, 0.325), (0.71875, 0.319685), (0.71875, 0.311128), (0.71875, 0.304289), (0.71875, 0.313304), (0.71875, 0.306699), (0.71875, 0.313304), (0.71875, 0.304289), (0.71875, 0.391531), (0.71875, 0.375), (0.71875, 0.393301), (0.71875, 0.375), (0.71875, 0.393301), (0.71875, 0.375), (0.71875, 0.425), (0.71875, 0.410355), (0.71875, 0.420165), (0.71875, 0.406936), (0.71875, 0.420165), (0.71875, 0.410355), (0.71875, 0.410355), (0.71875, 0.393301), (0.71875, 0.406936), (0.71875, 0.391531), (0.71875, 0.406936), (0.71875, 0.393301), (0.71875, 0.358469), (0.71875, 0.356699), (0.71875, 0.343064), (0.71875, 0.339645), (0.71875, 0.343064), (0.71875, 0.356699), (0.71875, 0.393301), (0.71875, 0.375), (0.71875, 0.391531), (0.71875, 0.375), (0.71875, 0.391531), (0.71875, 0.375), (0.71875, 0.319685), (0.71875, 0.313304), (0.71875, 0.313763), (0.71875, 0.306699), (0.71875, 0.313763), (0.71875, 0.313304), (0.71875, 0.375), (0.71875, 0.375), (0.71875, 0.358469), (0.71875, 0.356699), (0.71875, 0.358469), (0.71875, 0.375), (0.71875, 0.425), (0.71875, 0.420165), (0.71875, 0.410355), (0.71875, 0.406936), (0.71875, 0.410355), (0.71875, 0.420165), (0.71875, 0.343064), (0.71875, 0.339645), (0.71875, 0.329835), (0.71875, 0.325), (0.71875, 0.329835), (0.71875, 0.339645), (0.71875, 0.358469), (0.71875, 0.343064), (0.71875, 0.356699), (0.71875, 0.339645), (0.71875, 0.356699), (0.71875, 0.343064), (0.71875, 0.438872), (0.71875, 0.445711), (0.71875, 0.436696), (0.71875, 0.443301), (0.71875, 0.436696), (0.71875, 0.445711), (0.71875, 0.436696), (0.71875, 0.430315), (0.71875, 0.443301), (0.71875, 0.436237), (0.71875, 0.443301), (0.71875, 0.430315), (0.71875, 0.319685), (0.71875, 0.329835), (0.71875, 0.313763), (0.71875, 0.325), (0.71875, 0.313763), (0.71875, 0.329835), (0.71875, 0.319685), (0.71875, 0.313763), (0.71875, 0.313304), (0.71875, 0.306699), (0.71875, 0.313304), (0.71875, 0.313763), (0.46875, 0.303399), (0.46875, 0.295081), (0.46875, 0.296868), (0.46875, 0.290463), (0.46875, 0.296868), (0.46875, 0.295081), (0.46875, 0.301782), (0.46875, 0.296868), (0.46875, 0.309782), (0.46875, 0.303399), (0.46875, 0.309782), (0.46875, 0.296868), (0.46875, 0.275), (0.46875, 0.275), (0.46875, 0.275), (0.46875, 0.275), (0.46875, 0.275), (0.46875, 0.275), (0.46875, 0.275), (0.46875, 0.275), (0.46875, 0.275), (0.46875, 0.275), (0.46875, 0.275), (0.46875, 0.275), (0.46875, 0.301782), (0.46875, 0.304872), (0.46875, 0.309782), (0.46875, 0.313794), (0.46875, 0.309782), (0.46875, 0.304872), (0.46875, 0.275), (0.46875, 0.275), (0.46875, 0.275), (0.46875, 0.275), (0.46875, 0.275), (0.46875, 0.275), (0.46875, 0.275), (0.46875, 0.275), (0.46875, 0.275), (0.46875, 0.275), (0.46875, 0.275), (0.46875, 0.275), (0.46875, 0.303399), (0.46875, 0.296868), (0.46875, 0.295081), (0.46875, 0.290463), (0.46875, 0.295081), (0.46875, 0.296868), (0.46875, 0.275), (0.46875, 0.275), (0.46875, 0.275), (0.46875, 0.275), (0.46875, 0.275), (0.46875, 0.275), (0.46875, 0.275), (0.46875, 0.275), (0.46875, 0.275), (0.46875, 0.275), (0.46875, 0.275), (0.46875, 0.275), (0.46875, 0.304872), (0.46875, 0.301782), (0.46875, 0.313794), (0.46875, 0.309782), (0.46875, 0.313794), (0.46875, 0.301782), (0.46875, 0.305926), (0.46875, 0.304872), (0.46875, 0.315163), (0.46875, 0.313794), (0.46875, 0.315163), (0.46875, 0.304872), (0.46875, 0.275), (0.46875, 0.275), (0.46875, 0.275), (0.46875, 0.275), (0.46875, 0.275), (0.46875, 0.275), (0.46875, 0.285395), (0.46875, 0.275), (0.46875, 0.283004), (0.46875, 0.275), (0.46875, 0.283004), (0.46875, 0.275), (0.46875, 0.296868), (0.46875, 0.301782), (0.46875, 0.303399), (0.46875, 0.309782), (0.46875, 0.303399), (0.46875, 0.301782), (0.46875, 0.275), (0.46875, 0.275), (0.46875, 0.275), (0.46875, 0.275), (0.46875, 0.275), (0.46875, 0.275), (0.46875, 0.285395), (0.46875, 0.283004), (0.46875, 0.275), (0.46875, 0.275), (0.46875, 0.275), (0.46875, 0.283004), (0.46875, 0.275), (0.46875, 0.275), (0.46875, 0.275), (0.46875, 0.275), (0.46875, 0.275), (0.46875, 0.275), (0.46875, 0.295081), (0.46875, 0.290463), (0.46875, 0.285395), (0.46875, 0.283004), (0.46875, 0.285395), (0.46875, 0.290463), (0.46875, 0.304872), (0.46875, 0.305926), (0.46875, 0.313794), (0.46875, 0.315163), (0.46875, 0.313794), (0.46875, 0.305926), (0.46875, 0.275), (0.46875, 0.275), (0.46875, 0.275), (0.46875, 0.275), (0.46875, 0.275), (0.46875, 0.275), (0.46875, 0.275), (0.46875, 0.275), (0.46875, 0.283004), (0.46875, 0.275), (0.46875, 0.275), (0.46875, 0.283004), (0.46875, 0.283004), (0.46875, 0.275), (0.46875, 0.290463), (0.46875, 0.290463), (0.46875, 0.275), (0.46875, 0.296868), (0.46875, 0.275), (0.46875, 0.275), (0.46875, 0.296868), (0.46875, 0.296868), (0.46875, 0.275), (0.46875, 0.301782), (0.46875, 0.275), (0.46875, 0.275), (0.46875, 0.301782), (0.46875, 0.301782), (0.46875, 0.275), (0.46875, 0.304872), (0.46875, 0.275), (0.46875, 0.275), (0.46875, 0.304872), (0.46875, 0.304872), (0.46875, 0.275), (0.46875, 0.305926), (0.46875, 0.275), (0.46875, 0.275), (0.46875, 0.305926), (0.46875, 0.275), (0.46875, 0.275), (0.46875, 0.305926), (0.46875, 0.305926), (0.46875, 0.275), (0.46875, 0.304872), (0.46875, 0.275), (0.46875, 0.275), (0.46875, 0.304872), (0.46875, 0.304872), (0.46875, 0.275), (0.46875, 0.301782), (0.46875, 0.301782), (0.46875, 0.275), (0.46875, 0.296868), (0.46875, 0.275), (0.46875, 0.275), (0.46875, 0.296868), (0.46875, 0.296868), (0.46875, 0.275), (0.46875, 0.290463), (0.46875, 0.275), (0.46875, 0.275), (0.46875, 0.290463), (0.46875, 0.290463), (0.46875, 0.275), (0.46875, 0.283004), (0.46875, 0.275), (0.46875, 0.275), (0.46875, 0.283004), (0.46875, 0.275), (0.46875, 0.283004), (0.46875, 0.275), (0.46875, 0.275), (0.46875, 0.275), (0.46875, 0.275), (0.46875, 0.275), (0.46875, 0.275), (0.46875, 0.275), (0.46875, 0.275), (0.46875, 0.275), (0.46875, 0.275), (0.46875, 0.275), (0.46875, 0.275), (0.46875, 0.275), (0.46875, 0.295081), (0.46875, 0.285395), (0.46875, 0.290463), (0.46875, 0.283004), (0.46875, 0.290463), (0.46875, 0.285395), (0.34375, 0.375), (0.34375, 0.326764), (0.34375, 0.36), (0.34375, 0.318999), (0.34375, 0.36), (0.34375, 0.326764), (0.34375, 0.275), (0.34375, 0.275), (0.34375, 0.275), (0.34375, 0.275), (0.34375, 0.275), (0.34375, 0.275), (0.34375, 0.275), (0.34375, 0.275), (0.34375, 0.275), (0.34375, 0.275), (0.34375, 0.275), (0.34375, 0.275), (0.34375, 0.275), (0.34375, 0.275), (0.34375, 0.275), (0.34375, 0.275), (0.34375, 0.275), (0.34375, 0.275), (0.34375, 0.275), (0.34375, 0.275), (0.34375, 0.275), (0.34375, 0.275), (0.34375, 0.275), (0.34375, 0.275), (0.34375, 0.395208), (0.34375, 0.422224), (0.34375, 0.416421), (0.34375, 0.448205), (0.34375, 0.416421), (0.34375, 0.422224), (0.34375, 0.275), (0.34375, 0.275), (0.34375, 0.275), (0.34375, 0.275), (0.34375, 0.275), (0.34375, 0.275), (0.34375, 0.275), (0.34375, 0.275), (0.34375, 0.275), (0.34375, 0.275), (0.34375, 0.275), (0.34375, 0.275), (0.34375, 0.416421), (0.34375, 0.395208), (0.34375, 0.375), (0.34375, 0.36), (0.34375, 0.375), (0.34375, 0.395208), (0.34375, 0.448205), (0.34375, 0.416421), (0.34375, 0.422224), (0.34375, 0.395208), (0.34375, 0.422224), (0.34375, 0.416421), (0.34375, 0.416421), (0.34375, 0.375), (0.34375, 0.395208), (0.34375, 0.36), (0.34375, 0.395208), (0.34375, 0.375), (0.34375, 0.326764), (0.34375, 0.318999), (0.34375, 0.275), (0.34375, 0.275), (0.34375, 0.275), (0.34375, 0.318999), (0.34375, 0.439207), (0.34375, 0.422224), (0.34375, 0.468185), (0.34375, 0.448205), (0.34375, 0.468185), (0.34375, 0.422224), (0.34375, 0.275), (0.34375, 0.275), (0.34375, 0.275), (0.34375, 0.275), (0.34375, 0.275), (0.34375, 0.275), (0.34375, 0.475), (0.34375, 0.468185), (0.34375, 0.475), (0.34375, 0.468185), (0.34375, 0.475), (0.34375, 0.468185), (0.34375, 0.468185), (0.34375, 0.448205), (0.34375, 0.439207), (0.34375, 0.422224), (0.34375, 0.439207), (0.34375, 0.448205), (0.34375, 0.326764), (0.34375, 0.326764), (0.34375, 0.275), (0.34375, 0.275), (0.34375, 0.275), (0.34375, 0.326764), (0.34375, 0.448205), (0.34375, 0.468185), (0.34375, 0.448205), (0.34375, 0.468185), (0.34375, 0.448205), (0.34375, 0.468185), (0.34375, 0.275), (0.34375, 0.275), (0.34375, 0.275), (0.34375, 0.275), (0.34375, 0.275), (0.34375, 0.275), (0.34375, 0.475), (0.34375, 0.468185), (0.34375, 0.445), (0.34375, 0.439207), (0.34375, 0.445), (0.34375, 0.468185), (0.34375, 0.445), (0.34375, 0.439207), (0.34375, 0.475), (0.34375, 0.468185), (0.34375, 0.475), (0.34375, 0.439207), (0.34375, 0.416421), (0.34375, 0.448205), (0.34375, 0.395208), (0.34375, 0.422224), (0.34375, 0.395208), (0.34375, 0.448205), (0.34375, 0.448205), (0.34375, 0.468185), (0.34375, 0.422224), (0.34375, 0.439207), (0.34375, 0.422224), (0.34375, 0.468185), (0.34375, 0.275), (0.34375, 0.275), (0.34375, 0.275), (0.34375, 0.275), (0.34375, 0.275), (0.34375, 0.275), (0.34375, 0.375), (0.34375, 0.326764), (0.34375, 0.36), (0.34375, 0.318999), (0.34375, 0.36), (0.34375, 0.326764), (0.34375, 0.275), (0.34375, 0.275), (0.34375, 0.275), (0.34375, 0.275), (0.34375, 0.275), (0.34375, 0.275), (0.34375, 0.318999), (0.34375, 0.326764), (0.34375, 0.275), (0.34375, 0.275), (0.34375, 0.275), (0.34375, 0.326764), (0.34375, 0.275), (0.34375, 0.275), (0.34375, 0.275), (0.34375, 0.275), (0.34375, 0.275), (0.34375, 0.275), (0.34375, 0.275), (0.34375, 0.275), (0.34375, 0.275), (0.34375, 0.275), (0.34375, 0.275), (0.34375, 0.275), (0.34375, 0.275), (0.34375, 0.275), (0.34375, 0.275), (0.34375, 0.275), (0.34375, 0.275), (0.34375, 0.275), (0.34375, 0.275), (0.34375, 0.275), (0.34375, 0.275), (0.34375, 0.275), (0.34375, 0.275), (0.34375, 0.275), (0.34375, 0.275), (0.34375, 0.275), (0.34375, 0.275), (0.34375, 0.275), (0.34375, 0.275), (0.34375, 0.275), (0.34375, 0.275), (0.34375, 0.275), (0.34375, 0.275), (0.34375, 0.275), (0.34375, 0.275), (0.34375, 0.275), (0.34375, 0.275), (0.34375, 0.275), (0.34375, 0.275), (0.34375, 0.275), (0.34375, 0.275), (0.34375, 0.275), (0.34375, 0.326764), (0.34375, 0.326764), (0.34375, 0.275), (0.34375, 0.275), (0.34375, 0.275), (0.34375, 0.326764), (0.34375, 0.275), (0.34375, 0.275), (0.34375, 0.275), (0.34375, 0.275), (0.34375, 0.275), (0.34375, 0.275), (0.34375, 0.275), (0.34375, 0.275), (0.34375, 0.275), (0.34375, 0.275), (0.34375, 0.275), (0.34375, 0.275), (0.34375, 0.375), (0.34375, 0.36), (0.34375, 0.326764), (0.34375, 0.318999), (0.34375, 0.326764), (0.34375, 0.36), (0.34375, 0.275), (0.34375, 0.275), (0.34375, 0.275), (0.34375, 0.275), (0.34375, 0.275), (0.34375, 0.275), (0.34375, 0.448205), (0.34375, 0.416421), (0.34375, 0.448205), (0.34375, 0.416421), (0.34375, 0.448205), (0.34375, 0.416421), (0.34375, 0.468185), (0.34375, 0.475), (0.34375, 0.439207), (0.34375, 0.445), (0.34375, 0.439207), (0.34375, 0.475), (0.34375, 0.275), (0.34375, 0.275), (0.34375, 0.275), (0.34375, 0.275), (0.34375, 0.275), (0.34375, 0.275), (0.34375, 0.375), (0.34375, 0.375), (0.34375, 0.326764), (0.34375, 0.326764), (0.34375, 0.326764), (0.34375, 0.375), (0.34375, 0.275), (0.34375, 0.275), (0.34375, 0.275), (0.34375, 0.275), (0.34375, 0.275), (0.34375, 0.275), (0.34375, 0.275), (0.34375, 0.318999), (0.34375, 0.275), (0.34375, 0.275), (0.34375, 0.318999), (0.34375, 0.275), (0.34375, 0.318999), (0.34375, 0.36), (0.34375, 0.275), (0.34375, 0.275), (0.34375, 0.36), (0.34375, 0.275), (0.34375, 0.36), (0.34375, 0.395208), (0.34375, 0.275), (0.34375, 0.275), (0.34375, 0.395208), (0.34375, 0.275), (0.34375, 0.395208), (0.34375, 0.422224), (0.34375, 0.275), (0.34375, 0.275), (0.34375, 0.422224), (0.34375, 0.275), (0.34375, 0.422224), (0.34375, 0.439207), (0.34375, 0.275), (0.34375, 0.275), (0.34375, 0.439207), (0.34375, 0.275), (0.34375, 0.439207), (0.34375, 0.445), (0.34375, 0.275), (0.34375, 0.275), (0.34375, 0.445), (0.34375, 0.275), (0.34375, 0.445), (0.34375, 0.439207), (0.34375, 0.275), (0.34375, 0.275), (0.34375, 0.439207), (0.34375, 0.275), (0.34375, 0.439207), (0.34375, 0.422224), (0.34375, 0.275), (0.34375, 0.275), (0.34375, 0.422224), (0.34375, 0.275), (0.34375, 0.422224), (0.34375, 0.395208), (0.34375, 0.275), (0.34375, 0.275), (0.34375, 0.395208), (0.34375, 0.275), (0.34375, 0.395208), (0.34375, 0.36), (0.34375, 0.275), (0.34375, 0.36), (0.34375, 0.318999), (0.34375, 0.275), (0.34375, 0.275), (0.34375, 0.318999), (0.34375, 0.275), (0.34375, 0.275), (0.34375, 0.275), (0.34375, 0.318999), (0.34375, 0.275), (0.34375, 0.275), (0.34375, 0.275), (0.34375, 0.275), (0.34375, 0.275), (0.34375, 0.275), (0.34375, 0.416421), (0.34375, 0.416421), (0.34375, 0.375), (0.34375, 0.375), (0.34375, 0.375), (0.34375, 0.416421), (0.34375, 0.275), (0.34375, 0.275), (0.34375, 0.275), (0.34375, 0.275), (0.34375, 0.275), (0.34375, 0.275), (0.34375, 0.416421), (0.34375, 0.395208), (0.34375, 0.375), (0.34375, 0.36), (0.34375, 0.375), (0.34375, 0.395208), (0.34375, 0.275), (0.34375, 0.275), (0.34375, 0.275), (0.34375, 0.275), (0.34375, 0.275), (0.34375, 0.275), (0.34375, 0.275), (0.34375, 0.275), (0.34375, 0.275), (0.34375, 0.275), (0.34375, 0.275), (0.34375, 0.275), (0.34375, 0.422224), (0.34375, 0.395208), (0.34375, 0.448205), (0.34375, 0.416421), (0.34375, 0.448205), (0.34375, 0.395208), (0.34375, 0.275), (0.34375, 0.275), (0.34375, 0.275), (0.34375, 0.275), (0.34375, 0.275), (0.34375, 0.275), (0.34375, 0.439207), (0.34375, 0.445), (0.34375, 0.468185), (0.34375, 0.475), (0.34375, 0.468185), (0.34375, 0.445), (0.34375, 0.275), (0.34375, 0.275), (0.34375, 0.275), (0.34375, 0.275), (0.34375, 0.275), (0.34375, 0.275), (0.34375, 0.318999), (0.34375, 0.326764), (0.34375, 0.275), (0.34375, 0.275), (0.34375, 0.275), (0.34375, 0.326764), (0.34375, 0.275), (0.34375, 0.275), (0.34375, 0.275), (0.34375, 0.275), (0.34375, 0.275), (0.34375, 0.275), (0.34375, 0.275), (0.34375, 0.275), (0.34375, 0.318999), (0.34375, 0.318999), (0.34375, 0.275), (0.34375, 0.36), (0.34375, 0.275), (0.34375, 0.275), (0.34375, 0.36), (0.34375, 0.36), (0.34375, 0.275), (0.34375, 0.395208), (0.34375, 0.275), (0.34375, 0.275), (0.34375, 0.395208), (0.34375, 0.275), (0.34375, 0.275), (0.34375, 0.395208), (0.34375, 0.275), (0.34375, 0.301629), (0.34375, 0.395208), (0.34375, 0.275), (0.34375, 0.275), (0.34375, 0.275), (0.34375, 0.301629), (0.34375, 0.326443), (0.34375, 0.395208), (0.34375, 0.275), (0.34375, 0.275), (0.34375, 0.275), (0.34375, 0.395208), (0.34375, 0.326443), (0.34375, 0.422224), (0.34375, 0.275), (0.34375, 0.275), (0.34375, 0.275), (0.34375, 0.326443), (0.34375, 0.347751), (0.34375, 0.422224), (0.34375, 0.347751), (0.34375, 0.364101), (0.34375, 0.422224), (0.34375, 0.422224), (0.34375, 0.364101), (0.34375, 0.439207), (0.34375, 0.275), (0.34375, 0.275), (0.34375, 0.275), (0.34375, 0.275), (0.34375, 0.275), (0.34375, 0.275), (0.34375, 0.275), (0.34375, 0.275), (0.34375, 0.275), (0.34375, 0.364101), (0.34375, 0.374379), (0.34375, 0.439207), (0.34375, 0.439207), (0.34375, 0.374379), (0.34375, 0.445), (0.34375, 0.374379), (0.34375, 0.377885), (0.34375, 0.445), (0.34375, 0.377885), (0.34375, 0.374379), (0.34375, 0.445), (0.34375, 0.445), (0.34375, 0.374379), (0.34375, 0.439207), (0.34375, 0.275), (0.34375, 0.275), (0.34375, 0.275), (0.34375, 0.275), (0.34375, 0.275), (0.34375, 0.275), (0.34375, 0.275), (0.34375, 0.275), (0.34375, 0.275), (0.34375, 0.374379), (0.34375, 0.364101), (0.34375, 0.439207), (0.34375, 0.364101), (0.34375, 0.347751), (0.34375, 0.439207), (0.34375, 0.439207), (0.34375, 0.347751), (0.34375, 0.422224), (0.34375, 0.275), (0.34375, 0.275), (0.34375, 0.275), (0.34375, 0.275), (0.34375, 0.275), (0.34375, 0.275), (0.34375, 0.275), (0.34375, 0.275), (0.34375, 0.275), (0.34375, 0.275), (0.34375, 0.275), (0.34375, 0.275), (0.34375, 0.275), (0.34375, 0.275), (0.34375, 0.275), (0.34375, 0.347751), (0.34375, 0.326443), (0.34375, 0.422224), (0.34375, 0.326443), (0.34375, 0.301629), (0.34375, 0.422224), (0.34375, 0.301629), (0.34375, 0.275), (0.34375, 0.422224), (0.34375, 0.275), (0.34375, 0.275), (0.34375, 0.275), (0.34375, 0.275), (0.34375, 0.275), (0.34375, 0.275), (0.34375, 0.275), (0.34375, 0.275), (0.34375, 0.275), (0.34375, 0.395208), (0.34375, 0.422224), (0.34375, 0.275), (0.34375, 0.275), (0.34375, 0.275), (0.34375, 0.395208), (0.34375, 0.275), (0.34375, 0.275), (0.34375, 0.395208), (0.34375, 0.395208), (0.34375, 0.275), (0.34375, 0.36), (0.34375, 0.275), (0.34375, 0.275), (0.34375, 0.36), (0.34375, 0.36), (0.34375, 0.275), (0.34375, 0.318999), (0.34375, 0.275), (0.34375, 0.275), (0.34375, 0.318999), (0.34375, 0.275), (0.34375, 0.318999), (0.34375, 0.275), (0.34375, 0.275), (0.34375, 0.275), (0.34375, 0.275), (0.34375, 0.275), (0.34375, 0.275), (0.34375, 0.275), (0.34375, 0.275), (0.34375, 0.275), (0.34375, 0.275), (0.34375, 0.275), (0.34375, 0.275), (0.34375, 0.275), (0.34375, 0.275), (0.34375, 0.275), (0.34375, 0.275), (0.34375, 0.275), (0.34375, 0.275), (0.34375, 0.275), (0.34375, 0.275), (0.34375, 0.275), (0.34375, 0.275), (0.34375, 0.275), (0.34375, 0.275), (0.34375, 0.275), (0.34375, 0.468185), (0.34375, 0.448205), (0.34375, 0.468185), (0.34375, 0.448205), (0.34375, 0.468185), (0.34375, 0.448205), (0.34375, 0.326764), (0.34375, 0.318999), (0.34375, 0.275), (0.34375, 0.275), (0.34375, 0.275), (0.34375, 0.318999), (0.34375, 0.416421), (0.34375, 0.448205), (0.34375, 0.416421), (0.34375, 0.448205), (0.34375, 0.416421), (0.34375, 0.448205), (0.34375, 0.275), (0.34375, 0.275), (0.34375, 0.275), (0.34375, 0.275), (0.34375, 0.275), (0.34375, 0.275), (0.34375, 0.416421), (0.34375, 0.416421), (0.34375, 0.375), (0.34375, 0.375), (0.34375, 0.375), (0.34375, 0.416421), (0.34375, 0.275), (0.34375, 0.275), (0.34375, 0.275), (0.34375, 0.275), (0.34375, 0.275), (0.34375, 0.275), (0.34375, 0.422224), (0.34375, 0.439207), (0.34375, 0.448205), (0.34375, 0.468185), (0.34375, 0.448205), (0.34375, 0.439207), (0.34375, 0.375), (0.34375, 0.375), (0.34375, 0.326764), (0.34375, 0.326764), (0.34375, 0.326764), (0.34375, 0.375), (0.34375, 0.416421), (0.34375, 0.375), (0.34375, 0.395208), (0.34375, 0.36), (0.34375, 0.395208), (0.34375, 0.375), (0.34375, 0.468185), (0.34375, 0.475), (0.34375, 0.468185), (0.34375, 0.475), (0.34375, 0.468185), (0.34375, 0.475), (0.34375, 0.375), (0.34375, 0.36), (0.34375, 0.326764), (0.34375, 0.318999), (0.34375, 0.326764), (0.34375, 0.36), (0.34375, 0.275), (0.34375, 0.275), (0.34375, 0.275), (0.34375, 0.275), (0.34375, 0.275), (0.34375, 0.275), (0.71875, 0.275), (0.71875, 0.275), (0.71875, 0.292008), (0.71875, 0.292008), (0.71875, 0.275), (0.71875, 0.307858), (0.71875, 0.275), (0.71875, 0.275), (0.71875, 0.307858), (0.71875, 0.307858), (0.71875, 0.275), (0.71875, 0.321468), (0.71875, 0.275), (0.71875, 0.275), (0.71875, 0.321468), (0.71875, 0.275), (0.71875, 0.275), (0.71875, 0.321468), (0.71875, 0.275), (0.71875, 0.285395), (0.71875, 0.321468), (0.71875, 0.275), (0.71875, 0.275), (0.71875, 0.275), (0.71875, 0.285395), (0.71875, 0.295081), (0.71875, 0.321468), (0.71875, 0.275), (0.71875, 0.275), (0.71875, 0.275), (0.71875, 0.321468), (0.71875, 0.295081), (0.71875, 0.331911), (0.71875, 0.275), (0.71875, 0.275), (0.71875, 0.275), (0.71875, 0.295081), (0.71875, 0.303399), (0.71875, 0.331911), (0.71875, 0.303399), (0.71875, 0.309782), (0.71875, 0.331911), (0.71875, 0.331911), (0.71875, 0.309782), (0.71875, 0.338476), (0.71875, 0.275), (0.71875, 0.275), (0.71875, 0.275), (0.71875, 0.275), (0.71875, 0.275), (0.71875, 0.275), (0.71875, 0.275), (0.71875, 0.275), (0.71875, 0.275), (0.71875, 0.309782), (0.71875, 0.313794), (0.71875, 0.338476), (0.71875, 0.338476), (0.71875, 0.313794), (0.71875, 0.340715), (0.71875, 0.313794), (0.71875, 0.315163), (0.71875, 0.340715), (0.71875, 0.315163), (0.71875, 0.313794), (0.71875, 0.340715), (0.71875, 0.340715), (0.71875, 0.313794), (0.71875, 0.338476), (0.71875, 0.275), (0.71875, 0.275), (0.71875, 0.275), (0.71875, 0.275), (0.71875, 0.275), (0.71875, 0.275), (0.71875, 0.275), (0.71875, 0.275), (0.71875, 0.275), (0.71875, 0.275), (0.71875, 0.275), (0.71875, 0.275), (0.71875, 0.275), (0.71875, 0.275), (0.71875, 0.275), (0.71875, 0.313794), (0.71875, 0.309782), (0.71875, 0.338476), (0.71875, 0.309782), (0.71875, 0.303399), (0.71875, 0.338476), (0.71875, 0.338476), (0.71875, 0.303399), (0.71875, 0.331911), (0.71875, 0.275), (0.71875, 0.275), (0.71875, 0.275), (0.71875, 0.275), (0.71875, 0.275), (0.71875, 0.275), (0.71875, 0.275), (0.71875, 0.275), (0.71875, 0.275), (0.71875, 0.303399), (0.71875, 0.295081), (0.71875, 0.331911), (0.71875, 0.295081), (0.71875, 0.285395), (0.71875, 0.331911), (0.71875, 0.285395), (0.71875, 0.275), (0.71875, 0.331911), (0.71875, 0.275), (0.71875, 0.275), (0.71875, 0.275), (0.71875, 0.275), (0.71875, 0.275), (0.71875, 0.275), (0.71875, 0.275), (0.71875, 0.275), (0.71875, 0.275), (0.71875, 0.321468), (0.71875, 0.331911), (0.71875, 0.275), (0.71875, 0.275), (0.71875, 0.275), (0.71875, 0.321468), (0.71875, 0.275), (0.71875, 0.275), (0.71875, 0.321468), (0.71875, 0.321468), (0.71875, 0.275), (0.71875, 0.307858), (0.71875, 0.275), (0.71875, 0.275), (0.71875, 0.307858), (0.71875, 0.307858), (0.71875, 0.275), (0.71875, 0.292008), (0.71875, 0.275), (0.71875, 0.275), (0.71875, 0.292008), (0.71875, 0.275), (0.71875, 0.292008), (0.71875, 0.275), (0.71875, 0.438872), (0.71875, 0.436696), (0.71875, 0.445711), (0.71875, 0.443301), (0.71875, 0.445711), (0.71875, 0.436696), (0.71875, 0.430315), (0.71875, 0.420165), (0.71875, 0.436237), (0.71875, 0.425), (0.71875, 0.436237), (0.71875, 0.420165), (0.71875, 0.410355), (0.71875, 0.406936), (0.71875, 0.393301), (0.71875, 0.391531), (0.71875, 0.393301), (0.71875, 0.406936), (0.71875, 0.420165), (0.71875, 0.430315), (0.71875, 0.425), (0.71875, 0.436237), (0.71875, 0.425), (0.71875, 0.430315), (0.71875, 0.375), (0.71875, 0.358469), (0.71875, 0.375), (0.71875, 0.356699), (0.71875, 0.375), (0.71875, 0.358469), (0.71875, 0.343064), (0.71875, 0.329835), (0.71875, 0.339645), (0.71875, 0.325), (0.71875, 0.339645), (0.71875, 0.329835), (0.71875, 0.311128), (0.71875, 0.313304), (0.71875, 0.304289), (0.71875, 0.306699), (0.71875, 0.304289), (0.71875, 0.313304), (0.71875, 0.430315), (0.71875, 0.436696), (0.71875, 0.436237), (0.71875, 0.443301), (0.71875, 0.436237), (0.71875, 0.436696), (0.71875, 0.375), (0.71875, 0.349118), (0.71875, 0.400882), (0.71875, 0.425), (0.71875, 0.400882), (0.71875, 0.349118), (0.71875, 0.325), (0.71875, 0.425), (0.71875, 0.349118), (0.71875, 0.445711), (0.71875, 0.425), (0.71875, 0.325), (0.71875, 0.304289), (0.71875, 0.445711), (0.71875, 0.325), (0.71875, 0.375), (0.71875, 0.445711), (0.71875, 0.304289), (0.71875, 0.375), (0.71875, 0.393301), (0.71875, 0.445711), (0.71875, 0.356699), (0.71875, 0.375), (0.71875, 0.304289), (0.71875, 0.461603), (0.71875, 0.445711), (0.71875, 0.393301), (0.71875, 0.288397), (0.71875, 0.356699), (0.71875, 0.304289), (0.71875, 0.410355), (0.71875, 0.461603), (0.71875, 0.393301), (0.71875, 0.425), (0.71875, 0.461603), (0.71875, 0.410355), (0.71875, 0.471593), (0.71875, 0.461603), (0.71875, 0.425), (0.71875, 0.339645), (0.71875, 0.356699), (0.71875, 0.288397), (0.71875, 0.325), (0.71875, 0.339645), (0.71875, 0.288397), (0.71875, 0.278407), (0.71875, 0.325), (0.71875, 0.288397), (0.71875, 0.436237), (0.71875, 0.471593), (0.71875, 0.425), (0.71875, 0.443301), (0.71875, 0.471593), (0.71875, 0.436237), (0.71875, 0.475), (0.71875, 0.471593), (0.71875, 0.443301), (0.71875, 0.313763), (0.71875, 0.325), (0.71875, 0.278407), (0.71875, 0.306699), (0.71875, 0.313763), (0.71875, 0.278407), (0.71875, 0.275), (0.71875, 0.306699), (0.71875, 0.278407), (0.71875, 0.445711), (0.71875, 0.475), (0.71875, 0.443301), (0.71875, 0.471593), (0.71875, 0.475), (0.71875, 0.445711), (0.71875, 0.443301), (0.71875, 0.471593), (0.71875, 0.445711), (0.71875, 0.436237), (0.71875, 0.471593), (0.71875, 0.443301), (0.71875, 0.461603), (0.71875, 0.471593), (0.71875, 0.436237), (0.71875, 0.304289), (0.71875, 0.306699), (0.71875, 0.275), (0.71875, 0.278407), (0.71875, 0.304289), (0.71875, 0.275), (0.71875, 0.306699), (0.71875, 0.304289), (0.71875, 0.278407), (0.71875, 0.313763), (0.71875, 0.306699), (0.71875, 0.278407), (0.71875, 0.288397), (0.71875, 0.313763), (0.71875, 0.278407), (0.71875, 0.425), (0.71875, 0.461603), (0.71875, 0.436237), (0.71875, 0.445711), (0.71875, 0.461603), (0.71875, 0.425), (0.71875, 0.410355), (0.71875, 0.445711), (0.71875, 0.425), (0.71875, 0.393301), (0.71875, 0.445711), (0.71875, 0.410355), (0.71875, 0.375), (0.71875, 0.445711), (0.71875, 0.393301), (0.71875, 0.325), (0.71875, 0.313763), (0.71875, 0.288397), (0.71875, 0.304289), (0.71875, 0.325), (0.71875, 0.288397), (0.71875, 0.339645), (0.71875, 0.325), (0.71875, 0.304289), (0.71875, 0.356699), (0.71875, 0.339645), (0.71875, 0.304289), (0.71875, 0.375), (0.71875, 0.356699), (0.71875, 0.304289), (0.71875, 0.425), (0.71875, 0.445711), (0.71875, 0.375), (0.71875, 0.304289), (0.71875, 0.425), (0.71875, 0.375), (0.71875, 0.325), (0.71875, 0.425), (0.71875, 0.304289), (0.71875, 0.400882), (0.71875, 0.425), (0.71875, 0.325), (0.71875, 0.349118), (0.71875, 0.400882), (0.71875, 0.325), (0.71875, 0.375), (0.71875, 0.400882), (0.71875, 0.349118), (0.71875, 0.329835), (0.71875, 0.319685), (0.71875, 0.325), (0.71875, 0.313763), (0.71875, 0.325), (0.71875, 0.319685), (0.71875, 0.311128), (0.71875, 0.304289), (0.71875, 0.313304), (0.71875, 0.306699), (0.71875, 0.313304), (0.71875, 0.304289), (0.71875, 0.391531), (0.71875, 0.375), (0.71875, 0.393301), (0.71875, 0.375), (0.71875, 0.393301), (0.71875, 0.375), (0.71875, 0.425), (0.71875, 0.410355), (0.71875, 0.420165), (0.71875, 0.406936), (0.71875, 0.420165), (0.71875, 0.410355), (0.71875, 0.410355), (0.71875, 0.393301), (0.71875, 0.406936), (0.71875, 0.391531), (0.71875, 0.406936), (0.71875, 0.393301), (0.71875, 0.358469), (0.71875, 0.356699), (0.71875, 0.343064), (0.71875, 0.339645), (0.71875, 0.343064), (0.71875, 0.356699), (0.71875, 0.393301), (0.71875, 0.375), (0.71875, 0.391531), (0.71875, 0.375), (0.71875, 0.391531), (0.71875, 0.375), (0.71875, 0.319685), (0.71875, 0.313304), (0.71875, 0.313763), (0.71875, 0.306699), (0.71875, 0.313763), (0.71875, 0.313304), (0.71875, 0.375), (0.71875, 0.375), (0.71875, 0.358469), (0.71875, 0.356699), (0.71875, 0.358469), (0.71875, 0.375), (0.71875, 0.425), (0.71875, 0.420165), (0.71875, 0.410355), (0.71875, 0.406936), (0.71875, 0.410355), (0.71875, 0.420165), (0.71875, 0.343064), (0.71875, 0.339645), (0.71875, 0.329835), (0.71875, 0.325), (0.71875, 0.329835), (0.71875, 0.339645), (0.71875, 0.358469), (0.71875, 0.343064), (0.71875, 0.356699), (0.71875, 0.339645), (0.71875, 0.356699), (0.71875, 0.343064), (0.71875, 0.438872), (0.71875, 0.445711), (0.71875, 0.436696), (0.71875, 0.443301), (0.71875, 0.436696), (0.71875, 0.445711), (0.71875, 0.436696), (0.71875, 0.430315), (0.71875, 0.443301), (0.71875, 0.436237), (0.71875, 0.443301), (0.71875, 0.430315), (0.71875, 0.319685), (0.71875, 0.329835), (0.71875, 0.313763), (0.71875, 0.325), (0.71875, 0.313763), (0.71875, 0.329835), (0.71875, 0.319685), (0.71875, 0.313763), (0.71875, 0.313304), (0.71875, 0.306699), (0.71875, 0.313304), (0.71875, 0.313763), (0.46875, 0.318642), (0.46875, 0.318478), (0.46875, 0.318478), (0.46875, 0.318478), (0.46875, 0.318642), (0.46875, 0.318642), (0.46875, 0.283696), (0.46875, 0.318478), (0.46875, 0.283696), (0.46875, 0.318478), (0.46875, 0.283696), (0.46875, 0.318478), (0.46875, 0.318478), (0.46875, 0.283696), (0.46875, 0.318642), (0.46875, 0.318642), (0.46875, 0.283696), (0.46875, 0.335), (0.46875, 0.335), (0.46875, 0.283696), (0.46875, 0.301087), (0.46875, 0.335), (0.46875, 0.301087), (0.46875, 0.349047), (0.46875, 0.349047), (0.46875, 0.301087), (0.46875, 0.314591), (0.46875, 0.349047), (0.46875, 0.314591), (0.46875, 0.327174), (0.46875, 0.349047), (0.46875, 0.327174), (0.46875, 0.359826), (0.46875, 0.359826), (0.46875, 0.327174), (0.46875, 0.337979), (0.46875, 0.359826), (0.46875, 0.337979), (0.46875, 0.346271), (0.46875, 0.359826), (0.46875, 0.346271), (0.46875, 0.366602), (0.46875, 0.366602), (0.46875, 0.346271), (0.46875, 0.351483), (0.46875, 0.366602), (0.46875, 0.351483), (0.46875, 0.368913), (0.46875, 0.368913), (0.46875, 0.351483), (0.46875, 0.353261), (0.46875, 0.368913), (0.46875, 0.353261), (0.46875, 0.351483), (0.46875, 0.368913), (0.46875, 0.351483), (0.46875, 0.366602), (0.46875, 0.366602), (0.46875, 0.351483), (0.46875, 0.346271), (0.46875, 0.366602), (0.46875, 0.346271), (0.46875, 0.359826), (0.46875, 0.359826), (0.46875, 0.346271), (0.46875, 0.337979), (0.46875, 0.359826), (0.46875, 0.337979), (0.46875, 0.349047), (0.46875, 0.349047), (0.46875, 0.337979), (0.46875, 0.327174), (0.46875, 0.349047), (0.46875, 0.327174), (0.46875, 0.314591), (0.46875, 0.349047), (0.46875, 0.314591), (0.46875, 0.335), (0.46875, 0.335), (0.46875, 0.314591), (0.46875, 0.301087), (0.46875, 0.335), (0.46875, 0.301087), (0.46875, 0.283696), (0.46875, 0.335), (0.46875, 0.283696), (0.46875, 0.301087), (0.46875, 0.335), (0.46875, 0.301087), (0.46875, 0.318642), (0.46875, 0.301087), (0.46875, 0.283696), (0.46875, 0.283696), (0.46875, 0.301087), (0.46875, 0.283696), (0.46875, 0.301087), (0.46875, 0.301087), (0.46875, 0.283696), (0.46875, 0.318642), (0.46875, 0.318642), (0.46875, 0.283696), (0.46875, 0.335), (0.46875, 0.335), (0.46875, 0.283696), (0.46875, 0.301087), (0.46875, 0.335), (0.46875, 0.301087), (0.46875, 0.349047), (0.46875, 0.349047), (0.46875, 0.301087), (0.46875, 0.314591), (0.46875, 0.349047), (0.46875, 0.314591), (0.46875, 0.327174), (0.46875, 0.349047), (0.46875, 0.327174), (0.46875, 0.359826), (0.46875, 0.359826), (0.46875, 0.327174), (0.46875, 0.337979), (0.46875, 0.359826), (0.46875, 0.337979), (0.46875, 0.346271), (0.46875, 0.359826), (0.46875, 0.346271), (0.46875, 0.366602), (0.46875, 0.366602), (0.46875, 0.346271), (0.46875, 0.351483), (0.46875, 0.366602), (0.46875, 0.351483), (0.46875, 0.368913), (0.46875, 0.368913), (0.46875, 0.351483), (0.46875, 0.353261), (0.46875, 0.368913), (0.46875, 0.353261), (0.46875, 0.351483), (0.46875, 0.368913), (0.46875, 0.351483), (0.46875, 0.366602), (0.46875, 0.366602), (0.46875, 0.351483), (0.46875, 0.346271), (0.46875, 0.366602), (0.46875, 0.346271), (0.46875, 0.359826), (0.46875, 0.359826), (0.46875, 0.346271), (0.46875, 0.337979), (0.46875, 0.359826), (0.46875, 0.337979), (0.46875, 0.349047), (0.46875, 0.349047), (0.46875, 0.337979), (0.46875, 0.327174), (0.46875, 0.349047), (0.46875, 0.327174), (0.46875, 0.314591), (0.46875, 0.349047), (0.46875, 0.314591), (0.46875, 0.335), (0.46875, 0.335), (0.46875, 0.314591), (0.46875, 0.301087), (0.46875, 0.335), (0.46875, 0.301087), (0.46875, 0.283696), (0.46875, 0.335), (0.46875, 0.283696), (0.46875, 0.283696), (0.46875, 0.335), (0.46875, 0.283696), (0.46875, 0.318478), (0.46875, 0.335), (0.46875, 0.318478), (0.46875, 0.318642), (0.46875, 0.318478), (0.46875, 0.283696), (0.46875, 0.318478), (0.46875, 0.318478), (0.46875, 0.335), (0.46875, 0.318642), (0.46875, 0.283696), (0.46875, 0.335), (0.46875, 0.318478), (0.46875, 0.283696), (0.46875, 0.318478), (0.46875, 0.318478), (0.46875, 0.283696), (0.46875, 0.335), (0.46875, 0.283696), (0.46875, 0.301087), (0.46875, 0.335), (0.46875, 0.283696), (0.46875, 0.314591), (0.46875, 0.335), (0.46875, 0.301087), (0.46875, 0.314591), (0.46875, 0.349047), (0.46875, 0.335), (0.46875, 0.327174), (0.46875, 0.349047), (0.46875, 0.314591), (0.46875, 0.337979), (0.46875, 0.349047), (0.46875, 0.327174), (0.46875, 0.337979), (0.46875, 0.359826), (0.46875, 0.349047), (0.46875, 0.346271), (0.46875, 0.359826), (0.46875, 0.337979), (0.46875, 0.346271), (0.46875, 0.366602), (0.46875, 0.359826), (0.46875, 0.351483), (0.46875, 0.366602), (0.46875, 0.346271), (0.46875, 0.353261), (0.46875, 0.366602), (0.46875, 0.351483), (0.46875, 0.353261), (0.46875, 0.368913), (0.46875, 0.366602), (0.46875, 0.351483), (0.46875, 0.368913), (0.46875, 0.353261), (0.46875, 0.351483), (0.46875, 0.366602), (0.46875, 0.368913), (0.46875, 0.346271), (0.46875, 0.366602), (0.46875, 0.351483), (0.46875, 0.346271), (0.46875, 0.359826), (0.46875, 0.366602), (0.46875, 0.337979), (0.46875, 0.359826), (0.46875, 0.346271), (0.46875, 0.327174), (0.46875, 0.359826), (0.46875, 0.337979), (0.46875, 0.327174), (0.46875, 0.349047), (0.46875, 0.359826), (0.46875, 0.314591), (0.46875, 0.349047), (0.46875, 0.327174), (0.46875, 0.301087), (0.46875, 0.349047), (0.46875, 0.314591), (0.46875, 0.349047), (0.46875, 0.301087), (0.46875, 0.335), (0.46875, 0.283696), (0.46875, 0.335), (0.46875, 0.301087), (0.46875, 0.283696), (0.46875, 0.318642), (0.46875, 0.335), (0.46875, 0.283696), (0.46875, 0.301087), (0.46875, 0.318642), (0.46875, 0.283696), (0.46875, 0.301087), (0.46875, 0.301087), (0.46875, 0.283696), (0.46875, 0.301087), (0.46875, 0.283696), (0.46875, 0.283696), (0.46875, 0.335), (0.46875, 0.301087), (0.46875, 0.301087), (0.46875, 0.335), (0.46875, 0.318642), (0.46875, 0.301087), (0.46875, 0.335), (0.46875, 0.283696), (0.46875, 0.314591), (0.46875, 0.335), (0.46875, 0.301087), (0.46875, 0.314591), (0.46875, 0.349047), (0.46875, 0.335), (0.46875, 0.327174), (0.46875, 0.349047), (0.46875, 0.314591), (0.46875, 0.337979), (0.46875, 0.349047), (0.46875, 0.327174), (0.46875, 0.337979), (0.46875, 0.359826), (0.46875, 0.349047), (0.46875, 0.346271), (0.46875, 0.359826), (0.46875, 0.337979), (0.46875, 0.346271), (0.46875, 0.366602), (0.46875, 0.359826), (0.46875, 0.351483), (0.46875, 0.366602), (0.46875, 0.346271), (0.46875, 0.353261), (0.46875, 0.366602), (0.46875, 0.351483), (0.46875, 0.353261), (0.46875, 0.368913), (0.46875, 0.366602), (0.46875, 0.351483), (0.46875, 0.368913), (0.46875, 0.353261), (0.46875, 0.351483), (0.46875, 0.366602), (0.46875, 0.368913), (0.46875, 0.346271), (0.46875, 0.366602), (0.46875, 0.351483), (0.46875, 0.346271), (0.46875, 0.359826), (0.46875, 0.366602), (0.46875, 0.337979), (0.46875, 0.359826), (0.46875, 0.346271), (0.46875, 0.327174), (0.46875, 0.359826), (0.46875, 0.337979), (0.46875, 0.327174), (0.46875, 0.349047), (0.46875, 0.359826), (0.46875, 0.314591), (0.46875, 0.349047), (0.46875, 0.327174), (0.46875, 0.301087), (0.46875, 0.349047), (0.46875, 0.314591), (0.46875, 0.349047), (0.46875, 0.301087), (0.46875, 0.335), (0.46875, 0.283696), (0.46875, 0.335), (0.46875, 0.301087), (0.46875, 0.283696), (0.46875, 0.318642), (0.46875, 0.335), (0.46875, 0.283696), (0.46875, 0.318478), (0.46875, 0.318642), (0.46875, 0.283696), (0.46875, 0.318478), (0.46875, 0.283696), (0.46875, 0.318478), (0.46875, 0.283696), (0.46875, 0.318478), (0.46875, 0.33587), (0.46875, 0.335), (0.46875, 0.33587), (0.46875, 0.335), (0.46875, 0.33587), (0.46875, 0.318642), (0.46875, 0.318642), (0.46875, 0.33587), (0.46875, 0.318478), (0.46875, 0.318478), (0.46875, 0.33587), (0.46875, 0.318478), (0.46875, 0.318478), (0.46875, 0.33587), (0.46875, 0.33587), (0.46875, 0.33587), (0.46875, 0.318478), (0.46875, 0.33587), (0.46875, 0.318478), (0.46875, 0.33587), (0.46875, 0.318478), (0.46875, 0.318478), (0.46875, 0.33587), (0.46875, 0.318642), (0.46875, 0.318642), (0.46875, 0.33587), (0.46875, 0.335), (0.46875, 0.335), (0.46875, 0.33587), (0.46875, 0.33587), (0.46875, 0.359826), (0.46875, 0.349047), (0.46875, 0.359826), (0.46875, 0.349047), (0.46875, 0.359826), (0.46875, 0.349047), (0.46875, 0.366602), (0.46875, 0.359826), (0.46875, 0.366602), (0.46875, 0.359826), (0.46875, 0.366602), (0.46875, 0.359826), (0.46875, 0.359826), (0.46875, 0.366602), (0.46875, 0.359826), (0.46875, 0.366602), (0.46875, 0.359826), (0.46875, 0.366602), (0.46875, 0.366602), (0.46875, 0.359826), (0.46875, 0.366602), (0.46875, 0.359826), (0.46875, 0.366602), (0.46875, 0.359826), (0.46875, 0.349047), (0.46875, 0.359826), (0.46875, 0.349047), (0.46875, 0.359826), (0.46875, 0.349047), (0.46875, 0.359826), (0.46875, 0.318642), (0.46875, 0.335), (0.46875, 0.318642), (0.46875, 0.335), (0.46875, 0.318642), (0.46875, 0.335), (0.46875, 0.335), (0.46875, 0.33587), (0.46875, 0.335), (0.46875, 0.33587), (0.46875, 0.335), (0.46875, 0.349047), (0.46875, 0.33587), (0.46875, 0.349047), (0.46875, 0.349047), (0.46875, 0.359826), (0.46875, 0.349047), (0.46875, 0.359826), (0.46875, 0.349047), (0.46875, 0.359826), (0.46875, 0.349047), (0.46875, 0.349047), (0.46875, 0.359826), (0.46875, 0.349047), (0.46875, 0.359826), (0.46875, 0.349047), (0.46875, 0.359826), (0.46875, 0.359826), (0.46875, 0.349047), (0.46875, 0.359826), (0.46875, 0.349047), (0.46875, 0.359826), (0.46875, 0.349047), (0.46875, 0.366602), (0.46875, 0.368913), (0.46875, 0.366602), (0.46875, 0.368913), (0.46875, 0.366602), (0.46875, 0.368913), (0.46875, 0.368913), (0.46875, 0.366602), (0.46875, 0.368913), (0.46875, 0.366602), (0.46875, 0.368913), (0.46875, 0.366602), (0.46875, 0.359826), (0.46875, 0.349047), (0.46875, 0.359826), (0.46875, 0.349047), (0.46875, 0.359826), (0.46875, 0.349047), (0.46875, 0.368913), (0.46875, 0.366602), (0.46875, 0.368913), (0.46875, 0.366602), (0.46875, 0.368913), (0.46875, 0.366602), (0.46875, 0.368913), (0.46875, 0.366602), (0.46875, 0.368913), (0.46875, 0.366602), (0.46875, 0.368913), (0.46875, 0.366602), (0.46875, 0.335), (0.46875, 0.318642), (0.46875, 0.318642), (0.46875, 0.318642), (0.46875, 0.335), (0.46875, 0.335), (0.46875, 0.359826), (0.46875, 0.366602), (0.46875, 0.359826), (0.46875, 0.366602), (0.46875, 0.359826), (0.46875, 0.366602), (0.46875, 0.318478), (0.46875, 0.33587), (0.46875, 0.33587), (0.46875, 0.33587), (0.46875, 0.318478), (0.46875, 0.318478), (0.46875, 0.33587), (0.46875, 0.318478), (0.46875, 0.318642), (0.46875, 0.33587), (0.46875, 0.318642), (0.46875, 0.335), (0.46875, 0.33587), (0.46875, 0.335), (0.46875, 0.33587), (0.46875, 0.335), (0.46875, 0.318642), (0.46875, 0.318642), (0.46875, 0.318642), (0.46875, 0.335), (0.46875, 0.335), (0.46875, 0.335), (0.46875, 0.33587), (0.46875, 0.33587), (0.46875, 0.33587), (0.46875, 0.335), (0.46875, 0.318642), (0.46875, 0.33587), (0.46875, 0.318642), (0.46875, 0.301087), (0.46875, 0.33587), (0.46875, 0.301087), (0.46875, 0.335), (0.46875, 0.335), (0.46875, 0.301087), (0.46875, 0.318642), (0.46875, 0.318642), (0.46875, 0.301087), (0.46875, 0.301087), (0.46875, 0.335), (0.46875, 0.318642), (0.46875, 0.318642), (0.46875, 0.318642), (0.46875, 0.335), (0.46875, 0.335), (0.46875, 0.33587), (0.46875, 0.335), (0.46875, 0.33587), (0.46875, 0.335), (0.46875, 0.33587), (0.46875, 0.318642), (0.46875, 0.318642), (0.46875, 0.33587), (0.46875, 0.301087), (0.46875, 0.301087), (0.46875, 0.33587), (0.46875, 0.335), (0.46875, 0.301087), (0.46875, 0.335), (0.46875, 0.318642), (0.46875, 0.301087), (0.46875, 0.318642), (0.46875, 0.301087), (0.46875, 0.318642), (0.46875, 0.335), (0.46875, 0.318642), (0.46875, 0.335), (0.46875, 0.318642), (0.46875, 0.335), (0.46875, 0.349047), (0.46875, 0.359826), (0.46875, 0.349047), (0.46875, 0.359826), (0.46875, 0.349047), (0.46875, 0.359826), (0.46875, 0.366602), (0.46875, 0.368913), (0.46875, 0.366602), (0.46875, 0.368913), (0.46875, 0.366602), (0.46875, 0.368913), (0.46875, 0.335), (0.46875, 0.318642), (0.46875, 0.318642), (0.46875, 0.318642), (0.46875, 0.335), (0.46875, 0.335), (0.46875, 0.318642), (0.46875, 0.301087), (0.46875, 0.301087), (0.46875, 0.301087), (0.46875, 0.318642), (0.46875, 0.318642), (0.46875, 0.318642), (0.46875, 0.335), (0.46875, 0.318642), (0.46875, 0.335), (0.46875, 0.318642), (0.46875, 0.335), (0.46875, 0.349047), (0.46875, 0.335), (0.46875, 0.335), (0.46875, 0.335), (0.46875, 0.349047), (0.46875, 0.33587), (0.46875, 0.33587), (0.46875, 0.349047), (0.46875, 0.349047), (0.46875, 0.301087), (0.46875, 0.318642), (0.46875, 0.301087), (0.46875, 0.318642), (0.46875, 0.301087), (0.46875, 0.318642), (0.46875, 0.366602), (0.46875, 0.368913), (0.46875, 0.366602), (0.46875, 0.368913), (0.46875, 0.366602), (0.46875, 0.368913), (0.46875, 0.335), (0.46875, 0.33587), (0.46875, 0.335), (0.46875, 0.33587), (0.46875, 0.335), (0.46875, 0.349047), (0.46875, 0.33587), (0.46875, 0.349047), (0.46875, 0.349047), (0.46875, 0.33587), (0.46875, 0.335), (0.46875, 0.335), (0.46875, 0.335), (0.46875, 0.33587), (0.46875, 0.349047), (0.46875, 0.349047), (0.46875, 0.33587), (0.46875, 0.349047), (0.46875, 0.318642), (0.46875, 0.301087), (0.46875, 0.301087), (0.46875, 0.301087), (0.46875, 0.318642), (0.46875, 0.318642), (0.46875, 0.366602), (0.46875, 0.359826), (0.46875, 0.366602), (0.46875, 0.359826), (0.46875, 0.366602), (0.46875, 0.359826), (0.46875, 0.33587), (0.46875, 0.335), (0.46875, 0.335), (0.46875, 0.335), (0.46875, 0.33587), (0.46875, 0.349047), (0.46875, 0.349047), (0.46875, 0.33587), (0.46875, 0.349047), (0.46875, 0.33587), (0.46875, 0.335), (0.46875, 0.335), (0.46875, 0.335), (0.46875, 0.33587), (0.46875, 0.349047), (0.46875, 0.349047), (0.46875, 0.33587), (0.46875, 0.349047), (0.46875, 0.366602), (0.46875, 0.368913), (0.46875, 0.366602), (0.46875, 0.368913), (0.46875, 0.366602), (0.46875, 0.368913), (0.46875, 0.368913), (0.46875, 0.366602), (0.46875, 0.368913), (0.46875, 0.366602), (0.46875, 0.368913), (0.46875, 0.366602), (0.46875, 0.318642), (0.46875, 0.318478), (0.46875, 0.318478), (0.46875, 0.318478), (0.46875, 0.318642), (0.46875, 0.318642), (0.46875, 0.301087), (0.46875, 0.301087), (0.46875, 0.301087), (0.46875, 0.301087), (0.46875, 0.301087), (0.46875, 0.301087), (0.46875, 0.359826), (0.46875, 0.366602), (0.46875, 0.359826), (0.46875, 0.366602), (0.46875, 0.359826), (0.46875, 0.366602), (0.46875, 0.318642), (0.46875, 0.335), (0.46875, 0.318642), (0.46875, 0.335), (0.46875, 0.318642), (0.46875, 0.335), (0.46875, 0.318642), (0.46875, 0.301087), (0.46875, 0.301087), (0.46875, 0.301087), (0.46875, 0.318642), (0.46875, 0.318642), (0.46875, 0.335), (0.46875, 0.33587), (0.46875, 0.335), (0.46875, 0.33587), (0.46875, 0.335), (0.46875, 0.349047), (0.46875, 0.33587), (0.46875, 0.349047), (0.46875, 0.349047), (0.46875, 0.359826), (0.46875, 0.366602), (0.46875, 0.359826), (0.46875, 0.366602), (0.46875, 0.359826), (0.46875, 0.366602), (0.46875, 0.335), (0.46875, 0.349047), (0.46875, 0.335), (0.46875, 0.349047), (0.46875, 0.335), (0.46875, 0.33587), (0.46875, 0.349047), (0.46875, 0.33587), (0.46875, 0.349047), (0.46875, 0.301087), (0.46875, 0.301087), (0.46875, 0.301087), (0.46875, 0.301087), (0.46875, 0.301087), (0.46875, 0.301087), (0.46875, 0.366602), (0.46875, 0.359826), (0.46875, 0.366602), (0.46875, 0.359826), (0.46875, 0.366602), (0.46875, 0.359826), (0.46875, 0.33587), (0.46875, 0.318478), (0.46875, 0.318478), (0.46875, 0.318478), (0.46875, 0.33587), (0.46875, 0.33587), (0.46875, 0.33587), (0.46875, 0.33587), (0.46875, 0.33587), (0.46875, 0.33587), (0.46875, 0.33587), (0.46875, 0.33587), (0.46875, 0.33587), (0.46875, 0.33587), (0.46875, 0.33587), (0.46875, 0.33587), (0.46875, 0.33587), (0.46875, 0.33587), (0.46875, 0.318642), (0.46875, 0.318478), (0.46875, 0.318478), (0.46875, 0.318478), (0.46875, 0.318642), (0.46875, 0.318642), (0.46875, 0.349047), (0.46875, 0.359826), (0.46875, 0.349047), (0.46875, 0.359826), (0.46875, 0.349047), (0.46875, 0.359826), (0.46875, 0.335), (0.46875, 0.33587), (0.46875, 0.33587), (0.46875, 0.33587), (0.46875, 0.335), (0.46875, 0.318642), (0.46875, 0.33587), (0.46875, 0.318642), (0.46875, 0.318478), (0.46875, 0.33587), (0.46875, 0.318478), (0.46875, 0.318478), (0.46875, 0.33587), (0.46875, 0.318478), (0.46875, 0.33587), (0.46875, 0.318642), (0.46875, 0.318478), (0.46875, 0.318478), (0.46875, 0.318478), (0.46875, 0.318642), (0.46875, 0.318642), (0.46875, 0.33587), (0.46875, 0.318478), (0.46875, 0.318478), (0.46875, 0.318478), (0.46875, 0.33587), (0.46875, 0.33587), (0.46875, 0.318478), (0.46875, 0.283696), (0.46875, 0.283696), (0.46875, 0.283696), (0.46875, 0.318478), (0.46875, 0.318478), (0.46875, 0.318478), (0.46875, 0.283696), (0.46875, 0.318478), (0.46875, 0.283696), (0.46875, 0.318478), (0.46875, 0.283696), (0.46875, 0.283696), (0.46875, 0.318478), (0.46875, 0.283696), (0.46875, 0.318478), (0.46875, 0.283696), (0.46875, 0.318478), (0.46875, 0.318478), (0.46875, 0.283696), (0.46875, 0.283696), (0.46875, 0.283696), (0.46875, 0.318478), (0.46875, 0.318478), (0.46875, 0.283696), (0.46875, 0.318478), (0.46875, 0.283696), (0.46875, 0.318478), (0.46875, 0.283696), (0.46875, 0.318478), (0.46875, 0.318478), (0.46875, 0.283696), (0.46875, 0.318478), (0.46875, 0.283696), (0.46875, 0.318478), (0.46875, 0.283696), (0.46875, 0.318478), (0.46875, 0.283696), (0.46875, 0.283696), (0.46875, 0.283696), (0.46875, 0.318478), (0.46875, 0.318478), (0.46875, 0.318478), (0.46875, 0.318478), (0.46875, 0.318478), (0.46875, 0.318478), (0.46875, 0.318478), (0.46875, 0.318478), (0.46875, 0.318478), (0.46875, 0.318478), (0.46875, 0.318478), (0.46875, 0.318478), (0.46875, 0.318478), (0.46875, 0.318478), (0.46875, 0.318478), (0.46875, 0.318478), (0.46875, 0.318478), (0.46875, 0.318478), (0.46875, 0.318478), (0.46875, 0.318478), (0.46875, 0.318478), (0.46875, 0.318478), (0.46875, 0.318478), (0.46875, 0.318478), (0.46875, 0.318478), (0.46875, 0.318478), (0.46875, 0.318478), (0.46875, 0.318478), (0.46875, 0.318478), (0.46875, 0.318478), (0.46875, 0.318478), (0.46875, 0.318478), (0.46875, 0.283696), (0.46875, 0.283696), (0.46875, 0.283696), (0.46875, 0.283696), (0.46875, 0.283696), (0.46875, 0.283696), (0.46875, 0.283696), (0.46875, 0.283696), (0.46875, 0.283696), (0.46875, 0.283696), (0.46875, 0.283696), (0.46875, 0.283696), (0.46875, 0.283696), (0.46875, 0.283696), (0.46875, 0.283696), (0.46875, 0.283696), (0.46875, 0.283696), (0.46875, 0.283696), (0.46875, 0.283696), (0.46875, 0.283696), (0.46875, 0.283696), (0.46875, 0.283696), (0.46875, 0.283696), (0.46875, 0.283696), (0.46875, 0.283696), (0.46875, 0.283696), (0.46875, 0.283696), (0.46875, 0.283696), (0.46875, 0.283696), (0.46875, 0.283696), (0.46875, 0.283696), (0.46875, 0.283696), (0.46875, 0.283696), (0.46875, 0.283696), (0.46875, 0.283696), (0.46875, 0.283696), (0.46875, 0.283696), (0.46875, 0.283696), (0.46875, 0.283696), (0.46875, 0.283696), (0.46875, 0.283696), (0.46875, 0.283696), (0.46875, 0.283696), (0.46875, 0.283696), (0.46875, 0.283696), (0.46875, 0.283696), (0.46875, 0.283696), (0.46875, 0.283696), (0.46875, 0.283696), (0.46875, 0.283696), (0.46875, 0.283696), (0.46875, 0.283696), (0.46875, 0.283696), (0.46875, 0.283696), (0.46875, 0.283696), (0.46875, 0.283696), (0.46875, 0.283696), (0.46875, 0.283696), (0.46875, 0.283696), (0.46875, 0.283696), (0.46875, 0.283696), (0.46875, 0.283696), (0.46875, 0.283696), (0.46875, 0.283696), (0.46875, 0.283696), (0.46875, 0.283696), (0.46875, 0.283696), (0.46875, 0.283696), (0.46875, 0.283696), (0.46875, 0.283696), (0.46875, 0.283696), (0.46875, 0.283696), (0.46875, 0.283696), (0.46875, 0.283696), (0.46875, 0.283696), (0.46875, 0.283696), (0.46875, 0.283696), (0.46875, 0.283696), (0.46875, 0.318478), (0.46875, 0.283696), (0.46875, 0.283696), (0.46875, 0.283696), (0.46875, 0.318478), (0.46875, 0.318478), (0.46875, 0.318478), (0.46875, 0.283696), (0.46875, 0.283696), (0.46875, 0.283696), (0.46875, 0.318478), (0.46875, 0.318478), (0.46875, 0.318478), (0.46875, 0.283696), (0.46875, 0.283696), (0.46875, 0.283696), (0.46875, 0.318478), (0.46875, 0.318478), (0.46875, 0.318478), (0.46875, 0.318478), (0.46875, 0.318478), (0.46875, 0.318478), (0.46875, 0.318478), (0.46875, 0.318478), (0.46875, 0.318478), (0.46875, 0.318478), (0.46875, 0.318478), (0.46875, 0.318478), (0.46875, 0.318478), (0.46875, 0.318478), (0.46875, 0.318478), (0.46875, 0.318478), (0.46875, 0.318478), (0.46875, 0.318478), (0.46875, 0.318478), (0.46875, 0.318478), (0.46875, 0.318478), (0.46875, 0.318478), (0.46875, 0.318478), (0.46875, 0.318478), (0.46875, 0.318478), (0.46875, 0.318478), (0.46875, 0.318478), (0.46875, 0.318478), (0.46875, 0.318478), (0.46875, 0.318478), (0.46875, 0.318478), (0.46875, 0.318478), (0.46875, 0.355), (0.46875, 0.355), (0.46875, 0.355), (0.46875, 0.355), (0.46875, 0.355), (0.46875, 0.355), (0.46875, 0.355), (0.46875, 0.355), (0.46875, 0.355), (0.46875, 0.355), (0.46875, 0.355), (0.46875, 0.355), (0.46875, 0.355), (0.46875, 0.353261), (0.46875, 0.353261), (0.46875, 0.353261), (0.46875, 0.355), (0.46875, 0.355), (0.46875, 0.475), (0.46875, 0.275), (0.46875, 0.275), (0.46875, 0.275), (0.46875, 0.475), (0.46875, 0.475), (0.46875, 0.275), (0.46875, 0.332143), (0.46875, 0.275), (0.46875, 0.332143), (0.46875, 0.275), (0.46875, 0.332143), (0.46875, 0.275), (0.46875, 0.275), (0.46875, 0.275), (0.46875, 0.275), (0.46875, 0.275), (0.46875, 0.275), (0.46875, 0.332143), (0.46875, 0.275), (0.46875, 0.332143), (0.46875, 0.275), (0.46875, 0.332143), (0.46875, 0.275), (0.46875, 0.417857), (0.46875, 0.475), (0.46875, 0.475), (0.46875, 0.475), (0.46875, 0.417857), (0.46875, 0.417857), (0.46875, 0.332143), (0.46875, 0.417857), (0.46875, 0.332143), (0.46875, 0.417857), (0.46875, 0.332143), (0.46875, 0.417857), (0.46875, 0.332143), (0.46875, 0.275), (0.46875, 0.275), (0.46875, 0.275), (0.46875, 0.332143), (0.46875, 0.332143), (0.46875, 0.332143), (0.46875, 0.332143), (0.46875, 0.417857), (0.46875, 0.332143), (0.46875, 0.417857), (0.46875, 0.417857), (0.46875, 0.417857), (0.46875, 0.417857), (0.46875, 0.475), (0.46875, 0.417857), (0.46875, 0.475), (0.46875, 0.475), (0.46875, 0.475), (0.46875, 0.475), (0.46875, 0.475), (0.46875, 0.475), (0.46875, 0.475), (0.46875, 0.475), (0.46875, 0.417857), (0.46875, 0.332143), (0.46875, 0.417857), (0.46875, 0.332143), (0.46875, 0.417857), (0.46875, 0.332143), (0.46875, 0.475), (0.46875, 0.417857), (0.46875, 0.417857), (0.46875, 0.417857), (0.46875, 0.475), (0.46875, 0.475), (0.46875, 0.275), (0.46875, 0.332143), (0.46875, 0.275), (0.46875, 0.332143), (0.46875, 0.275), (0.46875, 0.332143), (0.46875, 0.275), (0.46875, 0.275), (0.46875, 0.275), (0.46875, 0.275), (0.46875, 0.275), (0.46875, 0.275), (0.46875, 0.332143), (0.46875, 0.275), (0.46875, 0.332143), (0.46875, 0.275), (0.46875, 0.332143), (0.46875, 0.275), (0.46875, 0.417857), (0.46875, 0.475), (0.46875, 0.475), (0.46875, 0.475), (0.46875, 0.417857), (0.46875, 0.417857), (0.46875, 0.332143), (0.46875, 0.417857), (0.46875, 0.332143), (0.46875, 0.417857), (0.46875, 0.332143), (0.46875, 0.417857), (0.46875, 0.332143), (0.46875, 0.275), (0.46875, 0.275), (0.46875, 0.275), (0.46875, 0.332143), (0.46875, 0.332143), (0.46875, 0.332143), (0.46875, 0.332143), (0.46875, 0.417857), (0.46875, 0.332143), (0.46875, 0.417857), (0.46875, 0.417857), (0.46875, 0.417857), (0.46875, 0.417857), (0.46875, 0.475), (0.46875, 0.417857), (0.46875, 0.475), (0.46875, 0.475), (0.46875, 0.475), (0.46875, 0.475), (0.46875, 0.475), (0.46875, 0.475), (0.46875, 0.475), (0.46875, 0.475), (0.46875, 0.417857), (0.46875, 0.332143), (0.46875, 0.417857), (0.46875, 0.332143), (0.46875, 0.417857), (0.46875, 0.332143), (0.46875, 0.475), (0.46875, 0.417857), (0.46875, 0.417857), (0.46875, 0.417857), (0.46875, 0.475), (0.46875, 0.475), (0.46875, 0.425), (0.46875, 0.325), (0.46875, 0.325), (0.46875, 0.325), (0.46875, 0.425), (0.46875, 0.425), (0.34375, 0.327174), (0.34375, 0.337979), (0.34375, 0.327174), (0.34375, 0.337979), (0.34375, 0.327174), (0.34375, 0.337979), (0.34375, 0.346271), (0.34375, 0.351483), (0.34375, 0.346271), (0.34375, 0.351483), (0.34375, 0.346271), (0.34375, 0.351483), (0.34375, 0.327174), (0.34375, 0.314591), (0.34375, 0.314591), (0.34375, 0.314591), (0.34375, 0.327174), (0.34375, 0.327174), (0.34375, 0.346271), (0.34375, 0.351483), (0.34375, 0.346271), (0.34375, 0.351483), (0.34375, 0.346271), (0.34375, 0.351483), (0.34375, 0.327174), (0.34375, 0.337979), (0.34375, 0.327174), (0.34375, 0.337979), (0.34375, 0.327174), (0.34375, 0.337979), (0.34375, 0.301087), (0.34375, 0.283696), (0.34375, 0.283696), (0.34375, 0.283696), (0.34375, 0.301087), (0.34375, 0.301087), (0.34375, 0.353261), (0.34375, 0.351483), (0.34375, 0.353261), (0.34375, 0.351483), (0.34375, 0.353261), (0.34375, 0.351483), (0.34375, 0.351483), (0.34375, 0.353261), (0.34375, 0.353261), (0.34375, 0.301087), (0.34375, 0.283696), (0.34375, 0.283696), (0.34375, 0.283696), (0.34375, 0.301087), (0.34375, 0.301087), (0.34375, 0.301087), (0.34375, 0.283696), (0.34375, 0.283696), (0.34375, 0.283696), (0.34375, 0.301087), (0.34375, 0.301087), (0.34375, 0.337979), (0.34375, 0.346271), (0.34375, 0.337979), (0.34375, 0.346271), (0.34375, 0.337979), (0.34375, 0.346271), (0.34375, 0.346271), (0.34375, 0.337979), (0.34375, 0.346271), (0.34375, 0.337979), (0.34375, 0.346271), (0.34375, 0.337979), (0.34375, 0.346271), (0.34375, 0.337979), (0.34375, 0.346271), (0.34375, 0.337979), (0.34375, 0.346271), (0.34375, 0.337979), (0.34375, 0.351483), (0.34375, 0.353261), (0.34375, 0.351483), (0.34375, 0.353261), (0.34375, 0.351483), (0.34375, 0.353261), (0.34375, 0.351483), (0.34375, 0.346271), (0.34375, 0.351483), (0.34375, 0.346271), (0.34375, 0.351483), (0.34375, 0.346271), (0.34375, 0.337979), (0.34375, 0.327174), (0.34375, 0.327174), (0.34375, 0.327174), (0.34375, 0.337979), (0.34375, 0.337979), (0.34375, 0.337979), (0.34375, 0.346271), (0.34375, 0.337979), (0.34375, 0.346271), (0.34375, 0.337979), (0.34375, 0.346271), (0.34375, 0.314591), (0.34375, 0.301087), (0.34375, 0.301087), (0.34375, 0.301087), (0.34375, 0.314591), (0.34375, 0.314591), (0.34375, 0.314591), (0.34375, 0.327174), (0.34375, 0.314591), (0.34375, 0.327174), (0.34375, 0.314591), (0.34375, 0.327174), (0.34375, 0.301087), (0.34375, 0.314591), (0.34375, 0.301087), (0.34375, 0.314591), (0.34375, 0.301087), (0.34375, 0.314591), (0.34375, 0.314591), (0.34375, 0.301087), (0.34375, 0.301087), (0.34375, 0.301087), (0.34375, 0.314591), (0.34375, 0.314591), (0.34375, 0.351483), (0.34375, 0.346271), (0.34375, 0.351483), (0.34375, 0.346271), (0.34375, 0.351483), (0.34375, 0.346271), (0.34375, 0.327174), (0.34375, 0.314591), (0.34375, 0.314591), (0.34375, 0.314591), (0.34375, 0.327174), (0.34375, 0.327174), (0.34375, 0.301087), (0.34375, 0.314591), (0.34375, 0.301087), (0.34375, 0.314591), (0.34375, 0.301087), (0.34375, 0.314591), (0.34375, 0.337979), (0.34375, 0.327174), (0.34375, 0.327174), (0.34375, 0.327174), (0.34375, 0.337979), (0.34375, 0.337979), (0.34375, 0.314591), (0.34375, 0.327174), (0.34375, 0.314591), (0.34375, 0.327174), (0.34375, 0.314591), (0.34375, 0.327174), (0.34375, 0.351483), (0.34375, 0.353261), (0.34375, 0.351483), (0.34375, 0.353261), (0.34375, 0.351483), (0.34375, 0.353261), (0.34375, 0.353261), (0.34375, 0.351483), (0.34375, 0.353261), (0.34375, 0.301087), (0.34375, 0.283696), (0.34375, 0.283696), (0.34375, 0.283696), (0.34375, 0.301087), (0.34375, 0.301087), (0.34375, 0.353261), (0.34375, 0.351483), (0.34375, 0.353261), (0.34375, 0.351483), (0.34375, 0.353261), (0.34375, 0.351483), (0.34375, 0.314591), (0.34375, 0.301087), (0.34375, 0.301087), (0.34375, 0.301087), (0.34375, 0.314591), (0.34375, 0.314591), (0.34375, 0.301087), (0.34375, 0.283696), (0.34375, 0.283696), (0.34375, 0.283696), (0.34375, 0.301087), (0.34375, 0.301087), (0.34375, 0.353261), (0.34375, 0.351483), (0.34375, 0.353261), (0.34375, 0.351483), (0.34375, 0.353261), (0.34375, 0.351483), (0.34375, 0.351483), (0.34375, 0.346271), (0.34375, 0.351483), (0.34375, 0.346271), (0.34375, 0.351483), (0.34375, 0.346271), (0.34375, 0.337979), (0.34375, 0.327174), (0.34375, 0.327174), (0.34375, 0.327174), (0.34375, 0.337979), (0.34375, 0.337979), (0.34375, 0.314591), (0.34375, 0.301087), (0.34375, 0.301087), (0.34375, 0.301087), (0.34375, 0.314591), (0.34375, 0.314591), (0.34375, 0.337979), (0.34375, 0.327174), (0.34375, 0.327174), (0.34375, 0.327174), (0.34375, 0.337979), (0.34375, 0.337979), (0.34375, 0.327174), (0.34375, 0.314591), (0.34375, 0.314591), (0.34375, 0.314591), (0.34375, 0.327174), (0.34375, 0.327174), (0.34375, 0.346271), (0.34375, 0.337979), (0.34375, 0.346271), (0.34375, 0.337979), (0.34375, 0.346271), (0.34375, 0.337979), (0.34375, 0.337979), (0.34375, 0.346271), (0.34375, 0.337979), (0.34375, 0.346271), (0.34375, 0.337979), (0.34375, 0.346271), (0.34375, 0.351483), (0.34375, 0.353261), (0.34375, 0.351483), (0.34375, 0.353261), (0.34375, 0.351483), (0.34375, 0.353261), (0.34375, 0.327174), (0.34375, 0.314591), (0.34375, 0.314591), (0.34375, 0.314591), (0.34375, 0.327174), (0.34375, 0.327174), (0.34375, 0.346271), (0.34375, 0.351483), (0.34375, 0.346271), (0.34375, 0.351483), (0.34375, 0.346271), (0.34375, 0.351483), (0.34375, 0.283696), (0.34375, 0.301087), (0.34375, 0.283696), (0.34375, 0.301087), (0.34375, 0.283696), (0.34375, 0.314591), (0.34375, 0.314591), (0.34375, 0.283696), (0.34375, 0.327174), (0.34375, 0.327174), (0.34375, 0.283696), (0.34375, 0.337979), (0.34375, 0.337979), (0.34375, 0.283696), (0.34375, 0.346271), (0.34375, 0.346271), (0.34375, 0.283696), (0.34375, 0.351483), (0.34375, 0.351483), (0.34375, 0.283696), (0.34375, 0.353261), (0.34375, 0.353261), (0.34375, 0.283696), (0.34375, 0.351483), (0.34375, 0.351483), (0.34375, 0.283696), (0.34375, 0.346271), (0.34375, 0.346271), (0.34375, 0.283696), (0.34375, 0.337979), (0.34375, 0.337979), (0.34375, 0.283696), (0.34375, 0.327174), (0.34375, 0.327174), (0.34375, 0.283696), (0.34375, 0.314591), (0.34375, 0.314591), (0.34375, 0.283696), (0.34375, 0.301087), (0.34375, 0.314591), (0.34375, 0.283696), (0.34375, 0.301087), (0.34375, 0.283696), (0.34375, 0.314591), (0.34375, 0.283696), (0.34375, 0.283696), (0.34375, 0.314591), (0.34375, 0.327174), (0.34375, 0.283696), (0.34375, 0.327174), (0.34375, 0.337979), (0.34375, 0.283696), (0.34375, 0.337979), (0.34375, 0.346271), (0.34375, 0.283696), (0.34375, 0.346271), (0.34375, 0.351483), (0.34375, 0.283696), (0.34375, 0.351483), (0.34375, 0.353261), (0.34375, 0.283696), (0.34375, 0.353261), (0.34375, 0.351483), (0.34375, 0.283696), (0.34375, 0.351483), (0.34375, 0.346271), (0.34375, 0.283696), (0.34375, 0.346271), (0.34375, 0.337979), (0.34375, 0.283696), (0.34375, 0.337979), (0.34375, 0.327174), (0.34375, 0.283696), (0.34375, 0.327174), (0.34375, 0.314591), (0.34375, 0.283696), (0.34375, 0.314591), (0.34375, 0.301087), (0.34375, 0.301087), (0.34375, 0.283696), (0.34375, 0.283696), (0.34375, 0.283696), (0.34375, 0.301087), (0.34375, 0.301087), (0.34375, 0.301087), (0.34375, 0.283696), (0.34375, 0.283696), (0.34375, 0.283696), (0.34375, 0.301087), (0.34375, 0.301087), (0.34375, 0.314591), (0.34375, 0.301087), (0.34375, 0.301087), (0.34375, 0.301087), (0.34375, 0.314591), (0.34375, 0.314591), (0.34375, 0.301087), (0.34375, 0.283696), (0.34375, 0.283696), (0.34375, 0.283696), (0.34375, 0.301087), (0.34375, 0.301087), (0.34375, 0.353261), (0.34375, 0.351483), (0.34375, 0.353261), (0.34375, 0.351483), (0.34375, 0.353261), (0.34375, 0.351483), (0.34375, 0.351483), (0.34375, 0.353261), (0.34375, 0.353261), (0.34375, 0.351483), (0.34375, 0.346271), (0.34375, 0.351483), (0.34375, 0.346271), (0.34375, 0.351483), (0.34375, 0.346271), (0.34375, 0.327174), (0.34375, 0.337979), (0.34375, 0.327174), (0.34375, 0.337979), (0.34375, 0.327174), (0.34375, 0.337979), (0.34375, 0.314591), (0.34375, 0.301087), (0.34375, 0.301087), (0.34375, 0.301087), (0.34375, 0.314591), (0.34375, 0.314591), (0.34375, 0.337979), (0.34375, 0.327174), (0.34375, 0.327174), (0.34375, 0.327174), (0.34375, 0.337979), (0.34375, 0.337979), (0.34375, 0.327174), (0.34375, 0.314591), (0.34375, 0.314591), (0.34375, 0.314591), (0.34375, 0.327174), (0.34375, 0.327174), (0.34375, 0.337979), (0.34375, 0.346271), (0.34375, 0.337979), (0.34375, 0.346271), (0.34375, 0.337979), (0.34375, 0.346271), (0.34375, 0.351483), (0.34375, 0.353261), (0.34375, 0.351483), (0.34375, 0.353261), (0.34375, 0.351483), (0.34375, 0.353261), (0.34375, 0.353261), (0.34375, 0.351483), (0.34375, 0.353261), (0.34375, 0.346271), (0.34375, 0.337979), (0.34375, 0.346271), (0.34375, 0.337979), (0.34375, 0.346271), (0.34375, 0.337979), (0.34375, 0.327174), (0.34375, 0.314591), (0.34375, 0.314591), (0.34375, 0.314591), (0.34375, 0.327174), (0.34375, 0.327174), (0.34375, 0.346271), (0.34375, 0.351483), (0.34375, 0.346271), (0.34375, 0.351483), (0.34375, 0.346271), (0.34375, 0.351483), (0.34375, 0.283696), (0.34375, 0.301087), (0.34375, 0.283696), (0.34375, 0.301087), (0.34375, 0.283696), (0.34375, 0.314591), (0.34375, 0.314591), (0.34375, 0.283696), (0.34375, 0.327174), (0.34375, 0.327174), (0.34375, 0.283696), (0.34375, 0.337979), (0.34375, 0.337979), (0.34375, 0.283696), (0.34375, 0.346271), (0.34375, 0.346271), (0.34375, 0.283696), (0.34375, 0.351483), (0.34375, 0.351483), (0.34375, 0.283696), (0.34375, 0.353261), (0.34375, 0.353261), (0.34375, 0.283696), (0.34375, 0.351483), (0.34375, 0.351483), (0.34375, 0.283696), (0.34375, 0.346271), (0.34375, 0.346271), (0.34375, 0.283696), (0.34375, 0.337979), (0.34375, 0.337979), (0.34375, 0.283696), (0.34375, 0.327174), (0.34375, 0.327174), (0.34375, 0.283696), (0.34375, 0.314591), (0.34375, 0.314591), (0.34375, 0.283696), (0.34375, 0.301087), (0.34375, 0.314591), (0.34375, 0.283696), (0.34375, 0.301087), (0.34375, 0.283696), (0.34375, 0.314591), (0.34375, 0.283696), (0.34375, 0.283696), (0.34375, 0.314591), (0.34375, 0.327174), (0.34375, 0.283696), (0.34375, 0.327174), (0.34375, 0.337979), (0.34375, 0.283696), (0.34375, 0.337979), (0.34375, 0.346271), (0.34375, 0.283696), (0.34375, 0.346271), (0.34375, 0.351483), (0.34375, 0.283696), (0.34375, 0.351483), (0.34375, 0.353261), (0.34375, 0.283696), (0.34375, 0.353261), (0.34375, 0.351483), (0.34375, 0.283696), (0.34375, 0.351483), (0.34375, 0.346271), (0.34375, 0.283696), (0.34375, 0.346271), (0.34375, 0.337979), (0.34375, 0.283696), (0.34375, 0.337979), (0.34375, 0.327174), (0.34375, 0.283696), (0.34375, 0.327174), (0.34375, 0.314591), (0.34375, 0.283696), (0.34375, 0.314591), (0.34375, 0.301087), (0.84375, 0.475), (0.84375, 0.388043), (0.84375, 0.388043), (0.84375, 0.388043), (0.84375, 0.475), (0.84375, 0.46142), (0.84375, 0.46142), (0.84375, 0.475), (0.84375, 0.46142), (0.84375, 0.475), (0.84375, 0.46142), (0.84375, 0.475), (0.84375, 0.388043), (0.84375, 0.46142), (0.84375, 0.475), (0.84375, 0.46142), (0.84375, 0.388043), (0.84375, 0.388043), (0.84375, 0.388043), (0.84375, 0.355), (0.84375, 0.355), (0.84375, 0.355), (0.84375, 0.388043), (0.84375, 0.388043), (0.84375, 0.353261), (0.84375, 0.33587), (0.84375, 0.33587), (0.84375, 0.33587), (0.84375, 0.353261), (0.84375, 0.353261), (0.84375, 0.353261), (0.84375, 0.370652), (0.84375, 0.370652), (0.84375, 0.370652), (0.84375, 0.353261), (0.84375, 0.353261), (0.84375, 0.353261), (0.84375, 0.353261), (0.84375, 0.353261), (0.84375, 0.353261), (0.84375, 0.353261), (0.84375, 0.353261), (0.84375, 0.33587), (0.84375, 0.353261), (0.84375, 0.353261), (0.84375, 0.353261), (0.84375, 0.33587), (0.84375, 0.33587), (0.84375, 0.370652), (0.84375, 0.388043), (0.84375, 0.370652), (0.84375, 0.388043), (0.84375, 0.370652), (0.84375, 0.388043), (0.84375, 0.388043), (0.84375, 0.370652), (0.84375, 0.370652), (0.84375, 0.370652), (0.84375, 0.388043), (0.84375, 0.388043), (0.84375, 0.370652), (0.84375, 0.370652), (0.84375, 0.370652), (0.84375, 0.370652), (0.84375, 0.370652), (0.84375, 0.370652), (0.84375, 0.370652), (0.84375, 0.370652), (0.84375, 0.370652), (0.84375, 0.370652), (0.84375, 0.370652), (0.84375, 0.370652), (0.84375, 0.370652), (0.84375, 0.370652), (0.84375, 0.370652), (0.84375, 0.370652), (0.84375, 0.370652), (0.84375, 0.370652), (0.84375, 0.370652), (0.84375, 0.370652), (0.84375, 0.370652), (0.84375, 0.370652), (0.84375, 0.370652), (0.84375, 0.370652), (0.84375, 0.370652), (0.84375, 0.370652), (0.84375, 0.370652), (0.84375, 0.370652), (0.84375, 0.370652), (0.84375, 0.370652), (0.84375, 0.370652), (0.84375, 0.370652), (0.84375, 0.370652), (0.84375, 0.370652), (0.84375, 0.370652), (0.84375, 0.370652), (0.84375, 0.388043), (0.84375, 0.364855), (0.84375, 0.388043), (0.84375, 0.364855), (0.84375, 0.388043), (0.84375, 0.353261), (0.84375, 0.353261), (0.84375, 0.388043), (0.84375, 0.353261), (0.84375, 0.353261), (0.84375, 0.388043), (0.84375, 0.388043), (0.84375, 0.353261), (0.84375, 0.388043), (0.84375, 0.353261), (0.84375, 0.353261), (0.84375, 0.388043), (0.84375, 0.353261), (0.84375, 0.353261), (0.84375, 0.388043), (0.84375, 0.353261), (0.84375, 0.353261), (0.84375, 0.388043), (0.84375, 0.353261), (0.84375, 0.353261), (0.84375, 0.388043), (0.84375, 0.388043), (0.84375, 0.353261), (0.84375, 0.388043), (0.84375, 0.364855), (0.84375, 0.353261), (0.84375, 0.33587), (0.84375, 0.33587), (0.84375, 0.33587), (0.84375, 0.353261), (0.84375, 0.353261), (0.84375, 0.370652), (0.84375, 0.388043), (0.84375, 0.370652), (0.84375, 0.388043), (0.84375, 0.370652), (0.84375, 0.388043), (0.84375, 0.388043), (0.84375, 0.388043), (0.84375, 0.388043), (0.84375, 0.388043), (0.84375, 0.388043), (0.84375, 0.388043), (0.84375, 0.388043), (0.84375, 0.370652), (0.84375, 0.370652), (0.84375, 0.370652), (0.84375, 0.388043), (0.84375, 0.388043), (0.84375, 0.370652), (0.84375, 0.370652), (0.84375, 0.370652), (0.84375, 0.370652), (0.84375, 0.370652), (0.84375, 0.370652), (0.84375, 0.388043), (0.84375, 0.370652), (0.84375, 0.388043), (0.84375, 0.370652), (0.84375, 0.388043), (0.84375, 0.370652), (0.84375, 0.370652), (0.84375, 0.370652), (0.84375, 0.370652), (0.84375, 0.370652), (0.84375, 0.370652), (0.84375, 0.370652), (0.84375, 0.388043), (0.84375, 0.388043), (0.84375, 0.388043), (0.84375, 0.388043), (0.84375, 0.388043), (0.84375, 0.388043), (0.84375, 0.388043), (0.84375, 0.370652), (0.84375, 0.370652), (0.84375, 0.370652), (0.84375, 0.388043), (0.84375, 0.388043), (0.84375, 0.388043), (0.84375, 0.388043), (0.84375, 0.388043), (0.84375, 0.388043), (0.84375, 0.388043), (0.84375, 0.388043), (0.84375, 0.388043), (0.84375, 0.388043), (0.84375, 0.388043), (0.84375, 0.388043), (0.84375, 0.388043), (0.84375, 0.388043), (0.84375, 0.388043), (0.84375, 0.388043), (0.84375, 0.388043), (0.84375, 0.388043), (0.84375, 0.388043), (0.84375, 0.388043), (0.84375, 0.388043), (0.84375, 0.388043), (0.84375, 0.388043), (0.84375, 0.388043), (0.84375, 0.388043), (0.84375, 0.388043), (0.84375, 0.388043), (0.84375, 0.388043), (0.84375, 0.388043), (0.84375, 0.388043), (0.84375, 0.388043), (0.84375, 0.388043), (0.84375, 0.388043), (0.84375, 0.388043), (0.84375, 0.388043), (0.84375, 0.388043), (0.84375, 0.388043), (0.84375, 0.388043), (0.84375, 0.388043), (0.84375, 0.355), (0.84375, 0.388043), (0.84375, 0.355), (0.84375, 0.388043), (0.84375, 0.355), (0.84375, 0.355), (0.84375, 0.388043), (0.84375, 0.355), (0.84375, 0.457946), (0.84375, 0.388043), (0.84375, 0.388043), (0.84375, 0.457946), (0.84375, 0.388043), (0.84375, 0.388043), (0.84375, 0.457946), (0.84375, 0.475), (0.84375, 0.388043), (0.84375, 0.475), (0.84375, 0.457946), (0.84375, 0.475), (0.84375, 0.475), (0.84375, 0.457946), (0.84375, 0.457946), (0.84375, 0.475), (0.84375, 0.457946), (0.84375, 0.388043), (0.84375, 0.475), (0.84375, 0.388043), (0.84375, 0.388043), (0.84375, 0.388043), (0.84375, 0.388043), (0.84375, 0.388043), (0.84375, 0.355), (0.84375, 0.388043), (0.84375, 0.355), (0.84375, 0.388043), (0.84375, 0.355), (0.84375, 0.388043), (0.84375, 0.388043), (0.84375, 0.355), (0.84375, 0.355), (0.84375, 0.475), (0.84375, 0.475), (0.84375, 0.475), (0.84375, 0.475), (0.84375, 0.475), (0.84375, 0.475), (0.84375, 0.388043), (0.84375, 0.388043), (0.84375, 0.388043), (0.84375, 0.388043), (0.84375, 0.475), (0.84375, 0.388043), (0.84375, 0.457946), (0.84375, 0.475), (0.84375, 0.388043), (0.84375, 0.457946), (0.84375, 0.475), (0.84375, 0.457946), (0.84375, 0.457946), (0.84375, 0.475), (0.84375, 0.475), (0.84375, 0.475), (0.84375, 0.457946), (0.84375, 0.388043), (0.84375, 0.388043), (0.84375, 0.457946), (0.84375, 0.388043), (0.84375, 0.388043), (0.84375, 0.388043), (0.84375, 0.457946), (0.84375, 0.475), (0.84375, 0.388043), (0.84375, 0.388043), (0.84375, 0.388043), (0.84375, 0.475), (0.84375, 0.388043), (0.84375, 0.388043), (0.84375, 0.475), (0.84375, 0.388043), (0.84375, 0.388043), (0.84375, 0.475), (0.84375, 0.475), (0.84375, 0.33587), (0.84375, 0.353261), (0.84375, 0.33587), (0.84375, 0.353261), (0.84375, 0.33587), (0.84375, 0.353261), (0.84375, 0.353261), (0.84375, 0.33587), (0.84375, 0.370652), (0.84375, 0.370652), (0.84375, 0.33587), (0.84375, 0.359826), (0.84375, 0.359826), (0.84375, 0.33587), (0.84375, 0.349047), (0.84375, 0.349047), (0.84375, 0.33587), (0.84375, 0.33587), (0.84375, 0.370652), (0.84375, 0.359826), (0.84375, 0.366602), (0.84375, 0.370652), (0.84375, 0.366602), (0.84375, 0.368913), (0.84375, 0.370652), (0.84375, 0.368913), (0.84375, 0.370652), (0.84375, 0.370652), (0.84375, 0.368913), (0.84375, 0.366602), (0.84375, 0.370652), (0.84375, 0.366602), (0.84375, 0.359826), (0.84375, 0.370652), (0.84375, 0.359826), (0.84375, 0.349047), (0.84375, 0.370652), (0.84375, 0.349047), (0.84375, 0.33587), (0.84375, 0.370652), (0.84375, 0.33587), (0.84375, 0.33587), (0.84375, 0.370652), (0.84375, 0.33587), (0.84375, 0.388043), (0.84375, 0.388043), (0.84375, 0.33587), (0.84375, 0.388043), (0.84375, 0.388043), (0.84375, 0.33587), (0.84375, 0.349047), (0.84375, 0.388043), (0.84375, 0.349047), (0.84375, 0.359826), (0.84375, 0.388043), (0.84375, 0.359826), (0.84375, 0.388043), (0.84375, 0.388043), (0.84375, 0.359826), (0.84375, 0.366602), (0.84375, 0.388043), (0.84375, 0.366602), (0.84375, 0.368913), (0.84375, 0.388043), (0.84375, 0.368913), (0.84375, 0.370652), (0.84375, 0.388043), (0.84375, 0.388043), (0.84375, 0.370652), (0.84375, 0.370652), (0.84375, 0.368913), (0.84375, 0.366602), (0.84375, 0.370652), (0.84375, 0.366602), (0.84375, 0.370652), (0.84375, 0.370652), (0.84375, 0.366602), (0.84375, 0.359826), (0.84375, 0.370652), (0.84375, 0.359826), (0.84375, 0.388043), (0.84375, 0.388043), (0.84375, 0.359826), (0.84375, 0.364855), (0.84375, 0.364855), (0.84375, 0.359826), (0.84375, 0.349047), (0.84375, 0.364855), (0.84375, 0.349047), (0.84375, 0.33587), (0.84375, 0.364855), (0.84375, 0.33587), (0.84375, 0.33587), (0.84375, 0.388043), (0.84375, 0.370652), (0.84375, 0.388043), (0.84375, 0.33587), (0.84375, 0.370652), (0.84375, 0.388043), (0.84375, 0.33587), (0.84375, 0.388043), (0.84375, 0.349047), (0.84375, 0.349047), (0.84375, 0.388043), (0.84375, 0.359826), (0.84375, 0.33587), (0.84375, 0.370652), (0.84375, 0.33587), (0.84375, 0.359826), (0.84375, 0.388043), (0.84375, 0.388043), (0.84375, 0.349047), (0.84375, 0.370652), (0.84375, 0.33587), (0.84375, 0.359826), (0.84375, 0.388043), (0.84375, 0.366602), (0.84375, 0.359826), (0.84375, 0.370652), (0.84375, 0.349047), (0.84375, 0.366602), (0.84375, 0.370652), (0.84375, 0.359826), (0.84375, 0.368913), (0.84375, 0.370652), (0.84375, 0.366602), (0.84375, 0.368913), (0.84375, 0.370652), (0.84375, 0.370652), (0.84375, 0.366602), (0.84375, 0.370652), (0.84375, 0.368913), (0.84375, 0.370652), (0.84375, 0.366602), (0.84375, 0.353261), (0.84375, 0.366602), (0.84375, 0.388043), (0.84375, 0.368913), (0.84375, 0.353261), (0.84375, 0.366602), (0.84375, 0.359826), (0.84375, 0.368913), (0.84375, 0.388043), (0.84375, 0.370652), (0.84375, 0.370652), (0.84375, 0.388043), (0.84375, 0.388043), (0.84375, 0.368913), (0.84375, 0.370652), (0.84375, 0.366602), (0.84375, 0.366602), (0.84375, 0.370652), (0.84375, 0.370652), (0.84375, 0.366602), (0.84375, 0.370652), (0.84375, 0.359826), (0.84375, 0.370652), (0.84375, 0.364855), (0.84375, 0.359826), (0.84375, 0.364855), (0.84375, 0.370652), (0.84375, 0.388043), (0.84375, 0.359826), (0.84375, 0.364855), (0.84375, 0.349047), (0.84375, 0.349047), (0.84375, 0.364855), (0.84375, 0.33587), (0.84375, 0.33587), (0.84375, 0.364855), (0.84375, 0.33587), (0.84375, 0.353261), (0.84375, 0.359826), (0.84375, 0.33587), (0.84375, 0.33587), (0.84375, 0.359826), (0.84375, 0.349047), (0.84375, 0.33587), (0.84375, 0.349047), (0.84375, 0.33587), (0.84375, 0.33587), (0.84375, 0.353261), (0.84375, 0.33587), (0.84375, 0.353261), (0.84375, 0.33587), (0.84375, 0.353261), (0.84375, 0.370652), (0.84375, 0.388043), (0.84375, 0.370652), (0.84375, 0.388043), (0.84375, 0.370652), (0.84375, 0.388043), (0.84375, 0.388043), (0.84375, 0.370652), (0.84375, 0.388043), (0.84375, 0.370652), (0.84375, 0.388043), (0.84375, 0.370652), (0.84375, 0.388043), (0.84375, 0.370652), (0.84375, 0.388043), (0.84375, 0.370652), (0.84375, 0.388043), (0.84375, 0.370652), (0.84375, 0.388043), (0.84375, 0.370652), (0.84375, 0.388043), (0.84375, 0.370652), (0.84375, 0.388043), (0.84375, 0.370652), (0.84375, 0.388043), (0.84375, 0.370652), (0.84375, 0.370652), (0.84375, 0.370652), (0.84375, 0.388043), (0.84375, 0.388043), (0.84375, 0.388043), (0.84375, 0.370652), (0.84375, 0.370652), (0.84375, 0.370652), (0.84375, 0.388043), (0.84375, 0.388043), (0.84375, 0.388043), (0.84375, 0.370652), (0.84375, 0.370652), (0.84375, 0.370652), (0.84375, 0.388043), (0.84375, 0.388043), (0.84375, 0.388043), (0.84375, 0.388043), (0.84375, 0.388043), (0.84375, 0.388043), (0.84375, 0.388043), (0.84375, 0.388043), (0.84375, 0.388043), (0.84375, 0.388043), (0.84375, 0.388043), (0.84375, 0.388043), (0.84375, 0.388043), (0.84375, 0.388043), (0.84375, 0.388043), (0.84375, 0.388043), (0.84375, 0.388043), (0.84375, 0.388043), (0.84375, 0.388043), (0.84375, 0.388043), (0.84375, 0.388043), (0.84375, 0.388043), (0.84375, 0.388043), (0.84375, 0.388043), (0.84375, 0.388043), (0.84375, 0.388043), (0.84375, 0.388043), (0.84375, 0.388043), (0.84375, 0.388043), (0.84375, 0.388043), (0.84375, 0.388043), (0.84375, 0.388043), (0.84375, 0.388043), (0.84375, 0.388043), (0.84375, 0.388043), (0.84375, 0.388043), (0.84375, 0.388043), (0.84375, 0.388043), (0.84375, 0.388043), (0.84375, 0.388043), (0.84375, 0.388043), (0.84375, 0.388043), (0.84375, 0.388043), (0.84375, 0.388043), (0.84375, 0.332143), (0.84375, 0.275), (0.84375, 0.275), (0.84375, 0.275), (0.84375, 0.332143), (0.84375, 0.332143), (0.84375, 0.332143), (0.84375, 0.332143), (0.84375, 0.417857), (0.84375, 0.332143), (0.84375, 0.417857), (0.84375, 0.417857), (0.84375, 0.417857), (0.84375, 0.417857), (0.84375, 0.475), (0.84375, 0.417857), (0.84375, 0.475), (0.84375, 0.475), (0.84375, 0.332143), (0.84375, 0.275), (0.84375, 0.275), (0.84375, 0.275), (0.84375, 0.332143), (0.84375, 0.332143), (0.84375, 0.332143), (0.84375, 0.332143), (0.84375, 0.417857), (0.84375, 0.332143), (0.84375, 0.417857), (0.84375, 0.417857), (0.84375, 0.417857), (0.84375, 0.417857), (0.84375, 0.475), (0.84375, 0.417857), (0.84375, 0.475), (0.84375, 0.475), (0.21875, 0.145), (0.21875, 0.025), (0.21875, 0.025), (0.21875, 0.025), (0.21875, 0.145), (0.21875, 0.145), (0.21875, 0.145), (0.21875, 0.025), (0.21875, 0.025), (0.21875, 0.025), (0.21875, 0.145), (0.21875, 0.145), (0.21875, 0.025), (0.21875, 0.225), (0.21875, 0.025), (0.21875, 0.225), (0.21875, 0.025), (0.21875, 0.145), (0.21875, 0.145), (0.21875, 0.025), (0.21875, 0.225), (0.21875, 0.025), (0.21875, 0.145), (0.21875, 0.025), (0.34375, 0.225), (0.34375, 0.025), (0.34375, 0.025), (0.34375, 0.025), (0.34375, 0.225), (0.34375, 0.225), (0.34375, 0.225), (0.34375, 0.025), (0.34375, 0.025), (0.34375, 0.025), (0.34375, 0.225), (0.34375, 0.225), (0.34375, 0.225), (0.34375, 0.025), (0.34375, 0.225), (0.34375, 0.025), (0.34375, 0.225), (0.34375, 0.025), (0.34375, 0.025), (0.34375, 0.225), (0.34375, 0.025), (0.34375, 0.225), (0.34375, 0.025), (0.34375, 0.225), (0.09375, 0.225), (0.09375, 0.025), (0.09375, 0.025), (0.09375, 0.025), (0.09375, 0.225), (0.09375, 0.225), (0.09375, 0.215533), (0.09375, 0.025), (0.09375, 0.215533), (0.09375, 0.025), (0.09375, 0.215533), (0.09375, 0.025), (0.09375, 0.025), (0.09375, 0.215533), (0.09375, 0.025), (0.09375, 0.215533), (0.09375, 0.025), (0.09375, 0.215533)] (interpolation = "faceVarying")
        uniform token subdivisionScheme = "none"
        rel material:binding = </Vehicle/Materials/colormap>
    }
    def Scope "Materials" {
        def Material "colormap" {
            token outputs:surface.connect = </Vehicle/Materials/colormap/surface.outputs:surface>
            def Shader "surface" {
                uniform token info:id = "UsdPreviewSurface"
                float inputs:roughness = 0.7
                float inputs:metallic = 0
                color3f inputs:diffuseColor.connect = </Vehicle/Materials/colormap/texture.outputs:rgb>
                token outputs:surface
            }
            def Shader "stReader" {
                uniform token info:id = "UsdPrimvarReader_float2"
                token inputs:varname = "st"
                float2 outputs:result
            }
            def Shader "texture" {
                uniform token info:id = "UsdUVTexture"
                asset inputs:file = @kenney-car-colormap.png@
                float2 inputs:st.connect = </Vehicle/Materials/colormap/stReader.outputs:result>
                token inputs:wrapS = "repeat"
                token inputs:wrapT = "repeat"
                float3 outputs:rgb
            }
        }
    }
}
