#usda 1.0
(
    defaultPrim = "Vehicle"
    metersPerUnit = 1
    upAxis = "Y"
)
def Xform "Vehicle" {
    def Mesh "mesh_colormap" {
        int[] faceVertexCounts = [3, 3, 3, 3, 3, 3, 3, 3, 3, 3, 3, 3, 3, 3, 3, 3, 3, 3, 3, 3, 3, 3, 3, 3, 3, 3, 3, 3, 3, 3, 3, 3, 3, 3, 3, 3, 3, 3, 3, 3, 3, 3, 3, 3, 3, 3, 3, 3, 3, 3, 3, 3, 3, 3, 3, 3, 3, 3, 3, 3, 3, 3, 3, 3, 3, 3, 3, 3, 3, 3, 3, 3, 3, 3, 3, 3, 3, 3, 3, 3, 3, 3, 3, 3, 3, 3, 3, 3, 3, 3, 3, 3, 3, 3, 3, 3, 3, 3, 3, 3, 3, 3, 3, 3, 3, 3, 3, 3, 3, 3, 3, 3, 3, 3, 3, 3, 3, 3, 3, 3, 3, 3, 3, 3, 3, 3, 3, 3, 3, 3, 3, 3, 3, 3, 3, 3, 3, 3, 3, 3, 3, 3, 3, 3, 3, 3, 3, 3, 3, 3, 3, 3, 3, 3, 3, 3, 3, 3, 3, 3, 3, 3, 3, 3, 3, 3, 3, 3, 3, 3, 3, 3, 3, 3, 3, 3, 3, 3, 3, 3, 3, 3, 3, 3, 3, 3, 3, 3, 3, 3, 3, 3, 3, 3, 3, 3, 3, 3, 3, 3, 3, 3, 3, 3, 3, 3, 3, 3, 3, 3, 3, 3, 3, 3, 3, 3, 3, 3, 3, 3, 3, 3, 3, 3, 3, 3, 3, 3, 3, 3, 3, 3, 3, 3, 3, 3, 3, 3, 3, 3, 3, 3, 3, 3, 3, 3, 3, 3, 3, 3, 3, 3, 3, 3, 3, 3, 3, 3, 3, 3, 3, 3, 3, 3, 3, 3, 3, 3, 3, 3, 3, 3, 3, 3, 3, 3, 3, 3, 3, 3, 3, 3, 3, 3, 3, 3, 3, 3, 3, 3, 3, 3, 3, 3, 3, 3, 3, 3, 3, 3, 3, 3, 3, 3, 3, 3, 3, 3, 3, 3, 3, 3, 3, 3, 3, 3, 3, 3, 3, 3, 3, 3, 3, 3, 3, 3, 3, 3, 3, 3, 3, 3, 3, 3, 3, 3, 3, 3, 3, 3, 3, 3, 3, 3, 3, 3, 3, 3, 3, 3, 3, 3, 3, 3, 3, 3, 3, 3, 3, 3, 3, 3, 3, 3, 3, 3, 3, 3, 3, 3, 3, 3, 3, 3, 3, 3, 3, 3, 3, 3, 3, 3, 3, 3, 3, 3, 3, 3, 3, 3, 3, 3, 3, 3, 3, 3, 3, 3, 3, 3, 3, 3, 3, 3, 3, 3, 3, 3, 3, 3, 3, 3, 3, 3, 3, 3, 3, 3, 3, 3, 3, 3, 3, 3, 3, 3, 3, 3, 3, 3, 3, 3, 3, 3, 3, 3, 3, 3, 3, 3, 3, 3, 3, 3, 3, 3, 3, 3, 3, 3, 3, 3, 3, 3, 3, 3, 3, 3, 3, 3, 3, 3, 3, 3, 3, 3, 3, 3, 3, 3, 3, 3, 3, 3, 3, 3, 3, 3, 3, 3, 3, 3, 3, 3, 3, 3, 3, 3, 3, 3, 3, 3, 3, 3, 3, 3, 3, 3, 3, 3, 3, 3, 3, 3, 3, 3, 3, 3, 3, 3, 3, 3, 3, 3, 3, 3, 3, 3, 3, 3, 3, 3, 3, 3, 3, 3, 3, 3, 3, 3, 3, 3, 3, 3, 3, 3, 3, 3, 3, 3, 3, 3, 3, 3, 3, 3, 3, 3, 3, 3, 3, 3, 3, 3, 3, 3, 3, 3, 3, 3, 3, 3, 3, 3, 3, 3, 3, 3, 3, 3, 3, 3, 3, 3, 3, 3, 3, 3, 3, 3, 3, 3, 3, 3, 3, 3, 3, 3, 3, 3, 3, 3, 3, 3, 3, 3, 3, 3, 3, 3, 3, 3, 3, 3, 3, 3, 3, 3, 3, 3, 3, 3, 3, 3, 3, 3, 3, 3, 3, 3, 3, 3, 3, 3, 3, 3, 3, 3, 3, 3, 3, 3, 3, 3, 3, 3, 3, 3, 3, 3, 3, 3, 3, 3, 3, 3, 3, 3, 3, 3, 3, 3, 3, 3, 3, 3, 3, 3, 3, 3, 3, 3, 3, 3, 3, 3, 3, 3, 3, 3, 3, 3, 3, 3, 3, 3, 3, 3, 3, 3, 3, 3, 3, 3, 3, 3, 3, 3, 3, 3, 3, 3, 3, 3, 3, 3, 3, 3, 3, 3, 3, 3, 3, 3, 3, 3, 3, 3, 3, 3, 3, 3, 3, 3, 3, 3, 3, 3, 3, 3, 3, 3, 3, 3, 3, 3, 3, 3, 3, 3, 3, 3, 3, 3, 3, 3, 3, 3, 3, 3, 3, 3, 3, 3, 3, 3, 3, 3, 3, 3, 3, 3, 3, 3, 3, 3, 3, 3, 3, 3, 3, 3, 3, 3, 3, 3, 3, 3, 3, 3, 3, 3, 3, 3, 3, 3, 3, 3, 3, 3, 3, 3, 3, 3, 3, 3, 3, 3, 3, 3, 3, 3, 3, 3, 3, 3, 3, 3, 3, 3, 3, 3, 3, 3, 3, 3, 3, 3, 3, 3, 3, 3, 3, 3, 3, 3, 3, 3, 3, 3, 3, 3, 3, 3, 3, 3, 3, 3, 3, 3, 3, 3, 3, 3, 3, 3, 3, 3, 3, 3, 3, 3, 3, 3, 3, 3, 3, 3, 3, 3, 3, 3, 3, 3, 3, 3, 3, 3, 3, 3, 3, 3, 3, 3, 3, 3, 3, 3, 3, 3, 3, 3, 3, 3, 3, 3, 3, 3, 3, 3, 3, 3, 3, 3, 3, 3, 3, 3, 3, 3, 3, 3, 3, 3, 3, 3, 3, 3, 3, 3, 3, 3, 3, 3, 3, 3, 3, 3, 3, 3, 3, 3, 3, 3, 3, 3, 3, 3, 3, 3, 3, 3, 3, 3, 3, 3, 3, 3, 3, 3, 3, 3, 3, 3, 3, 3, 3, 3, 3, 3, 3, 3, 3, 3, 3, 3, 3, 3, 3, 3, 3, 3, 3, 3, 3, 3, 3, 3, 3, 3, 3, 3, 3, 3, 3, 3, 3, 3, 3, 3, 3, 3, 3, 3, 3, 3, 3, 3, 3, 3, 3, 3, 3, 3, 3, 3, 3, 3, 3, 3, 3, 3, 3, 3, 3, 3, 3, 3, 3, 3, 3, 3, 3, 3, 3, 3, 3, 3, 3, 3, 3, 3, 3, 3, 3, 3, 3, 3, 3, 3, 3, 3, 3, 3, 3, 3, 3, 3, 3, 3, 3, 3, 3, 3, 3, 3, 3, 3, 3, 3, 3, 3, 3, 3, 3, 3, 3, 3, 3, 3, 3, 3, 3, 3, 3, 3, 3, 3, 3, 3, 3, 3, 3, 3, 3, 3, 3, 3, 3, 3, 3, 3, 3, 3, 3, 3, 3, 3, 3, 3, 3, 3, 3, 3, 3, 3, 3, 3, 3, 3, 3, 3, 3, 3, 3, 3, 3, 3, 3, 3, 3, 3, 3, 3, 3, 3, 3, 3, 3, 3, 3, 3, 3, 3, 3, 3, 3, 3, 3, 3, 3, 3, 3, 3, 3, 3, 3, 3, 3, 3, 3, 3, 3, 3, 3, 3, 3, 3, 3, 3, 3, 3, 3, 3, 3, 3, 3, 3, 3, 3, 3, 3, 3, 3, 3, 3, 3, 3, 3, 3, 3, 3, 3, 3, 3, 3, 3, 3, 3, 3, 3, 3, 3, 3, 3, 3, 3, 3, 3, 3, 3, 3, 3, 3, 3, 3, 3, 3, 3, 3, 3, 3, 3, 3, 3, 3, 3, 3, 3, 3, 3, 3, 3, 3, 3, 3, 3, 3, 3, 3, 3, 3, 3, 3, 3, 3, 3, 3, 3, 3, 3, 3, 3, 3, 3, 3, 3, 3, 3, 3, 3, 3, 3, 3, 3, 3, 3, 3, 3, 3, 3, 3, 3, 3, 3, 3, 3, 3, 3, 3, 3, 3, 3, 3, 3, 3, 3, 3, 3, 3, 3, 3, 3, 3, 3, 3, 3, 3, 3, 3, 3, 3, 3, 3, 3, 3, 3, 3, 3, 3, 3, 3, 3, 3, 3, 3, 3, 3, 3, 3, 3, 3, 3, 3, 3, 3, 3, 3, 3, 3, 3, 3, 3, 3, 3, 3, 3, 3, 3, 3, 3, 3, 3, 3, 3, 3, 3, 3, 3, 3, 3, 3, 3, 3, 3, 3, 3, 3, 3, 3, 3, 3, 3, 3, 3, 3, 3, 3, 3, 3, 3, 3, 3, 3, 3, 3, 3, 3, 3, 3, 3, 3, 3, 3, 3, 3, 3, 3, 3, 3, 3, 3, 3, 3, 3, 3, 3, 3, 3, 3, 3, 3, 3, 3, 3, 3, 3, 3, 3, 3, 3, 3, 3, 3, 3, 3, 3, 3, 3, 3, 3, 3, 3, 3, 3, 3, 3, 3, 3, 3, 3, 3, 3, 3, 3, 3, 3, 3, 3, 3, 3, 3, 3, 3, 3, 3, 3, 3, 3, 3, 3, 3, 3, 3, 3, 3, 3, 3, 3, 3, 3, 3, 3, 3, 3, 3, 3, 3, 3, 3, 3, 3, 3, 3, 3, 3, 3, 3, 3, 3, 3, 3, 3, 3, 3, 3, 3, 3, 3, 3, 3, 3, 3, 3, 3, 3, 3, 3, 3, 3, 3, 3, 3, 3, 3, 3, 3, 3, 3, 3, 3, 3, 3, 3, 3, 3, 3, 3, 3, 3, 3, 3, 3, 3, 3, 3, 3, 3, 3, 3, 3, 3, 3, 3, 3, 3, 3, 3, 3, 3, 3, 3, 3, 3, 3, 3, 3, 3, 3, 3, 3, 3, 3, 3, 3, 3, 3, 3, 3, 3, 3, 3, 3, 3, 3, 3, 3, 3, 3, 3, 3, 3, 3, 3, 3, 3, 3, 3, 3, 3, 3, 3, 3, 3, 3, 3, 3, 3, 3, 3, 3, 3, 3, 3, 3, 3, 3, 3, 3, 3, 3, 3, 3, 3, 3, 3, 3, 3, 3, 3, 3, 3, 3, 3, 3, 3, 3, 3, 3, 3, 3, 3, 3, 3, 3, 3, 3, 3, 3, 3, 3, 3, 3, 3, 3, 3, 3, 3, 3, 3, 3, 3, 3, 3, 3, 3, 3, 3, 3, 3, 3, 3, 3, 3, 3, 3, 3, 3, 3, 3, 3, 3, 3, 3, 3, 3, 3, 3, 3, 3, 3, 3, 3, 3, 3, 3, 3, 3, 3, 3, 3, 3, 3, 3, 3, 3, 3, 3, 3, 3, 3, 3, 3, 3, 3, 3, 3, 3, 3, 3, 3, 3, 3, 3, 3, 3, 3, 3, 3, 3, 3, 3, 3, 3, 3, 3, 3, 3, 3, 3, 3, 3, 3, 3, 3, 3, 3, 3, 3, 3, 3, 3, 3, 3, 3, 3, 3, 3, 3, 3, 3, 3, 3, 3, 3, 3, 3, 3, 3, 3, 3, 3, 3, 3, 3, 3, 3, 3, 3, 3, 3, 3, 3, 3, 3, 3, 3, 3, 3, 3, 3, 3, 3, 3, 3, 3, 3, 3, 3, 3, 3, 3, 3, 3, 3, 3, 3, 3, 3, 3, 3, 3, 3, 3, 3, 3, 3, 3, 3, 3, 3, 3, 3, 3, 3, 3, 3, 3, 3, 3, 3, 3, 3, 3, 3, 3, 3, 3, 3, 3, 3, 3, 3, 3, 3, 3, 3, 3, 3, 3, 3, 3, 3, 3, 3, 3, 3, 3, 3, 3, 3, 3, 3, 3, 3, 3, 3, 3, 3, 3, 3, 3, 3, 3, 3, 3, 3, 3, 3, 3, 3, 3, 3, 3, 3, 3, 3, 3, 3, 3, 3, 3, 3, 3, 3, 3, 3, 3, 3, 3, 3, 3, 3, 3, 3, 3, 3, 3, 3, 3, 3, 3, 3, 3, 3, 3, 3, 3, 3, 3, 3, 3, 3, 3, 3, 3, 3, 3, 3, 3, 3, 3, 3, 3, 3, 3, 3, 3, 3, 3, 3, 3, 3, 3, 3, 3, 3, 3, 3, 3, 3, 3, 3, 3, 3, 3, 3, 3, 3, 3, 3, 3, 3, 3, 3, 3, 3, 3, 3, 3, 3, 3, 3, 3, 3, 3, 3, 3, 3, 3, 3, 3, 3, 3, 3, 3, 3, 3, 3, 3, 3, 3, 3, 3, 3, 3, 3, 3, 3, 3, 3, 3, 3, 3, 3, 3, 3, 3, 3, 3, 3, 3, 3, 3, 3, 3, 3, 3, 3, 3, 3, 3, 3, 3, 3, 3, 3, 3, 3, 3, 3, 3, 3, 3, 3, 3, 3, 3, 3, 3, 3, 3, 3, 3, 3, 3, 3, 3, 3, 3, 3, 3, 3, 3, 3, 3, 3, 3, 3, 3, 3, 3, 3, 3, 3, 3, 3, 3, 3, 3, 3, 3, 3, 3, 3, 3, 3, 3, 3, 3, 3, 3, 3, 3, 3, 3, 3, 3, 3, 3, 3, 3, 3, 3, 3, 3, 3, 3, 3, 3, 3, 3, 3, 3, 3, 3, 3, 3, 3, 3, 3, 3, 3, 3, 3, 3, 3, 3, 3, 3, 3, 3]
        int[] faceVertexIndices = [2, 1, 0, 1, 2, 3, 6, 5, 4, 5, 6, 0, 0, 6, 2, 2, 6, 7, 7, 6, 8, 7, 8, 9, 9, 8, 10, 9, 10, 11, 9, 11, 12, 12, 11, 13, 12, 13, 14, 12, 14, 15, 15, 14, 16, 15, 16, 17, 17, 16, 18, 17, 18, 19, 17, 19, 20, 20, 19, 21, 20, 21, 22, 22, 21, 23, 22, 23, 24, 24, 23, 25, 24, 25, 26, 24, 26, 27, 27, 26, 28, 27, 28, 29, 27, 29, 30, 27, 30, 31, 30, 29, 32, 30, 32, 33, 33, 32, 34, 34, 32, 35, 35, 32, 36, 35, 36, 37, 37, 36, 38, 37, 38, 39, 37, 39, 40, 40, 39, 41, 40, 41, 42, 40, 42, 43, 43, 42, 44, 43, 44, 45, 45, 44, 46, 45, 46, 47, 45, 47, 48, 48, 47, 49, 48, 49, 50, 50, 49, 51, 50, 51, 52, 52, 51, 53, 52, 53, 54, 52, 54, 55, 55, 54, 56, 55, 56, 57, 55, 57, 58, 55, 58, 59, 55, 59, 60, 59, 58, 61, 64, 63, 62, 65, 63, 64, 65, 64, 66, 67, 63, 65, 68, 63, 67, 69, 63, 68, 69, 70, 63, 71, 70, 69, 72, 70, 71, 72, 73, 70, 74, 73, 72, 74, 75, 73, 76, 75, 74, 77, 75, 76, 77, 78, 75, 79, 78, 77, 79, 80, 78, 81, 80, 79, 81, 82, 80, 83, 82, 81, 84, 82, 83, 84, 85, 82, 86, 85, 84, 87, 85, 86, 85, 87, 88, 89, 88, 87, 89, 90, 88, 89, 91, 90, 89, 92, 91, 93, 92, 89, 93, 94, 92, 92, 94, 95, 96, 94, 93, 97, 94, 96, 97, 98, 94, 99, 98, 97, 100, 98, 99, 100, 101, 98, 102, 101, 100, 102, 103, 101, 104, 103, 102, 105, 103, 104, 105, 106, 103, 107, 106, 105, 107, 108, 106, 109, 108, 107, 109, 110, 108, 111, 110, 109, 112, 110, 111, 112, 113, 110, 114, 113, 112, 115, 113, 114, 113, 115, 116, 117, 116, 115, 117, 118, 116, 117, 119, 118, 120, 119, 117, 119, 120, 121, 124, 123, 122, 123, 124, 125, 125, 124, 126, 126, 124, 127, 130, 129, 128, 129, 130, 131, 131, 130, 132, 132, 130, 133, 133, 130, 134, 50, 136, 135, 136, 50, 52, 20, 138, 137, 138, 20, 22, 139, 80, 82, 80, 139, 140, 141, 101, 103, 101, 141, 142, 143, 110, 113, 110, 143, 144, 145, 88, 90, 88, 145, 146, 94, 148, 147, 148, 94, 98, 148, 98, 149, 22, 150, 138, 150, 22, 24, 151, 82, 85, 82, 151, 139, 142, 98, 101, 98, 142, 149, 140, 78, 80, 78, 140, 152, 152, 75, 78, 75, 152, 153, 154, 70, 73, 70, 154, 155, 17, 137, 156, 137, 17, 20, 157, 103, 106, 103, 157, 141, 35, 158, 34, 158, 35, 159, 144, 108, 110, 108, 144, 160, 163, 162, 161, 162, 163, 1, 162, 1, 3, 162, 3, 164, 162, 164, 165, 167, 31, 166, 31, 167, 27, 167, 169, 168, 169, 167, 166, 169, 166, 170, 169, 170, 171, 169, 171, 172, 172, 171, 158, 172, 158, 159, 172, 159, 173, 63, 125, 62, 125, 63, 123, 174, 147, 148, 147, 174, 175, 175, 174, 176, 176, 174, 177, 177, 174, 178, 177, 178, 145, 145, 178, 146, 146, 178, 179, 180, 55, 60, 55, 180, 181, 37, 183, 182, 183, 37, 40, 15, 156, 184, 156, 15, 17, 7, 3, 2, 3, 7, 164, 34, 171, 33, 171, 34, 158, 95, 147, 175, 147, 95, 94, 9, 164, 7, 164, 9, 165, 165, 9, 185, 92, 175, 176, 175, 92, 95, 43, 187, 186, 187, 43, 45, 63, 122, 123, 122, 63, 70, 122, 70, 155, 179, 88, 146, 88, 179, 85, 85, 179, 151, 145, 91, 177, 91, 145, 90, 48, 135, 188, 135, 48, 50, 168, 27, 167, 27, 168, 24, 24, 168, 150, 189, 55, 181, 55, 189, 52, 52, 189, 136, 160, 106, 108, 106, 160, 157, 45, 188, 187, 188, 45, 48, 132, 119, 131, 119, 132, 118, 170, 33, 171, 33, 170, 30, 12, 184, 190, 184, 12, 15, 132, 116, 118, 116, 132, 133, 166, 30, 170, 30, 166, 31, 35, 173, 159, 173, 35, 37, 173, 37, 182, 40, 186, 183, 186, 40, 43, 133, 113, 116, 113, 133, 134, 113, 134, 143, 176, 91, 92, 91, 176, 177, 153, 73, 75, 73, 153, 154, 180, 59, 191, 59, 180, 60, 9, 190, 185, 190, 9, 12, 181, 192, 189, 192, 181, 180, 192, 180, 191, 192, 191, 193, 62, 126, 64, 126, 62, 125, 0, 194, 5, 0, 195, 194, 1, 195, 0, 163, 195, 1, 129, 195, 163, 195, 129, 196, 131, 196, 129, 131, 197, 196, 119, 197, 131, 197, 119, 121, 161, 129, 163, 129, 161, 128, 124, 198, 127, 198, 124, 199, 201, 193, 200, 193, 201, 192, 204, 203, 202, 203, 204, 205, 206, 65, 66, 65, 206, 207, 209, 202, 208, 202, 209, 204, 206, 208, 207, 208, 206, 209, 203, 61, 58, 61, 203, 205, 59, 193, 191, 193, 59, 204, 204, 200, 193, 204, 198, 200, 204, 127, 198, 204, 59, 205, 205, 59, 61, 209, 127, 204, 209, 126, 127, 206, 126, 209, 66, 126, 206, 126, 66, 64, 196, 211, 210, 211, 196, 197, 4, 194, 212, 194, 4, 5, 121, 211, 197, 211, 121, 120, 195, 210, 213, 210, 195, 196, 194, 213, 212, 213, 194, 195, 89, 214, 93, 214, 89, 215, 214, 215, 216, 213, 216, 215, 210, 216, 213, 211, 216, 210, 120, 216, 211, 216, 120, 117, 213, 215, 217, 213, 217, 6, 213, 6, 212, 212, 6, 4, 217, 215, 218, 215, 219, 218, 220, 218, 219, 218, 220, 29, 29, 220, 32, 215, 202, 219, 219, 202, 57, 221, 202, 215, 57, 202, 203, 57, 203, 58, 221, 208, 202, 221, 207, 208, 221, 65, 207, 65, 221, 67, 224, 223, 222, 223, 224, 225, 227, 222, 226, 222, 227, 224, 229, 226, 228, 226, 229, 227, 232, 231, 230, 231, 232, 233, 225, 232, 223, 232, 225, 233, 229, 224, 227, 224, 229, 225, 225, 229, 234, 225, 234, 233, 233, 234, 235, 233, 235, 231, 230, 235, 236, 235, 230, 231, 234, 228, 237, 228, 234, 229, 236, 234, 237, 234, 236, 235, 240, 239, 238, 239, 240, 241, 243, 238, 242, 238, 243, 240, 245, 242, 244, 242, 245, 243, 248, 247, 246, 247, 248, 249, 241, 248, 239, 248, 241, 249, 245, 240, 243, 240, 245, 241, 241, 245, 250, 241, 250, 249, 249, 250, 251, 249, 251, 247, 246, 251, 252, 251, 246, 247, 250, 244, 253, 244, 250, 245, 252, 250, 253, 250, 252, 251, 254, 100, 99, 100, 254, 255, 256, 104, 102, 104, 256, 257, 112, 258, 114, 258, 112, 259, 260, 76, 74, 76, 260, 261, 262, 72, 71, 72, 262, 263, 28, 218, 29, 218, 28, 264, 265, 107, 105, 107, 265, 266, 87, 215, 89, 215, 87, 267, 115, 216, 117, 216, 115, 268, 263, 74, 72, 74, 263, 260, 269, 83, 81, 83, 269, 270, 271, 111, 109, 111, 271, 272, 261, 77, 76, 77, 261, 273, 274, 81, 79, 81, 274, 269, 111, 259, 112, 259, 111, 272, 255, 102, 100, 102, 255, 256, 86, 267, 87, 267, 86, 275, 276, 99, 97, 99, 276, 254, 277, 97, 96, 97, 277, 276, 114, 268, 115, 268, 114, 258, 266, 109, 107, 109, 266, 271, 84, 275, 86, 275, 84, 278, 279, 69, 68, 69, 279, 280, 83, 278, 84, 278, 83, 270, 280, 71, 69, 71, 280, 262, 257, 105, 104, 105, 257, 265, 56, 219, 57, 219, 56, 281, 273, 79, 77, 79, 273, 274, 54, 281, 56, 281, 54, 282, 283, 32, 220, 32, 283, 36, 46, 285, 284, 285, 46, 44, 44, 286, 285, 286, 44, 42, 51, 287, 53, 287, 51, 288, 289, 36, 283, 36, 289, 38, 291, 39, 290, 39, 291, 41, 290, 38, 289, 38, 290, 39, 42, 291, 286, 291, 42, 41, 51, 292, 288, 292, 51, 49, 47, 284, 293, 284, 47, 46, 53, 282, 54, 282, 53, 287, 49, 293, 292, 293, 49, 47, 219, 283, 220, 283, 219, 289, 289, 219, 290, 290, 219, 291, 291, 219, 286, 286, 219, 285, 285, 219, 284, 284, 219, 293, 293, 219, 292, 292, 219, 288, 288, 219, 287, 287, 219, 282, 282, 219, 281, 275, 215, 267, 215, 275, 221, 221, 275, 278, 221, 278, 270, 221, 270, 269, 221, 269, 274, 221, 274, 273, 221, 273, 261, 221, 261, 260, 221, 260, 263, 221, 263, 262, 221, 262, 280, 221, 280, 279, 279, 67, 221, 67, 279, 68, 258, 216, 268, 216, 258, 214, 214, 258, 259, 214, 259, 272, 214, 272, 271, 214, 271, 266, 214, 266, 265, 214, 265, 257, 214, 257, 256, 214, 256, 255, 214, 255, 254, 214, 254, 276, 214, 276, 277, 218, 294, 217, 294, 218, 295, 295, 218, 296, 296, 218, 297, 297, 218, 298, 298, 218, 299, 299, 218, 300, 300, 218, 301, 301, 218, 302, 302, 218, 303, 303, 218, 304, 304, 218, 305, 305, 218, 264, 277, 93, 214, 93, 277, 96, 26, 264, 28, 264, 26, 305, 294, 6, 217, 6, 294, 8, 18, 299, 300, 299, 18, 16, 16, 298, 299, 298, 16, 14, 25, 303, 304, 303, 25, 23, 295, 8, 294, 8, 295, 10, 297, 11, 296, 11, 297, 13, 296, 10, 295, 10, 296, 11, 23, 302, 303, 302, 23, 21, 19, 300, 301, 300, 19, 18, 14, 297, 298, 297, 14, 13, 25, 305, 26, 305, 25, 304, 21, 301, 302, 301, 21, 19, 308, 307, 306, 311, 310, 309, 314, 313, 312, 313, 314, 315, 317, 314, 316, 314, 317, 315, 313, 318, 312, 318, 313, 319, 322, 321, 320, 321, 322, 323, 323, 322, 324, 323, 324, 325, 328, 327, 326, 327, 328, 329, 330, 309, 310, 309, 330, 331, 331, 330, 332, 335, 334, 333, 334, 335, 336, 337, 324, 322, 324, 337, 338, 339, 338, 337, 339, 340, 338, 128, 340, 339, 340, 128, 161, 334, 328, 326, 328, 334, 336, 328, 335, 329, 335, 328, 336, 341, 313, 315, 313, 341, 139, 139, 341, 140, 140, 341, 342, 151, 313, 139, 179, 313, 151, 179, 319, 313, 178, 319, 179, 178, 317, 319, 343, 317, 178, 140, 342, 152, 343, 344, 317, 152, 342, 153, 153, 342, 154, 154, 342, 155, 155, 342, 122, 122, 342, 124, 124, 342, 345, 346, 344, 343, 149, 344, 346, 149, 346, 148, 174, 148, 346, 142, 344, 149, 141, 344, 142, 157, 344, 141, 157, 321, 344, 160, 321, 157, 144, 321, 160, 143, 321, 144, 130, 321, 143, 130, 143, 134, 128, 321, 130, 339, 321, 128, 321, 339, 320, 314, 318, 316, 318, 314, 312, 173, 347, 172, 347, 173, 327, 333, 347, 327, 327, 173, 326, 326, 173, 182, 348, 347, 333, 326, 182, 183, 326, 183, 334, 334, 183, 332, 332, 183, 186, 332, 186, 331, 331, 186, 187, 331, 187, 188, 331, 188, 135, 331, 135, 136, 331, 136, 189, 331, 189, 192, 331, 192, 349, 348, 350, 347, 348, 150, 350, 350, 150, 168, 350, 168, 169, 348, 138, 150, 348, 137, 138, 348, 156, 137, 323, 156, 348, 323, 184, 156, 323, 190, 184, 323, 185, 190, 323, 162, 185, 185, 162, 165, 325, 162, 323, 340, 162, 325, 162, 340, 161, 351, 342, 341, 342, 351, 308, 308, 351, 307, 345, 199, 124, 199, 345, 306, 310, 306, 307, 306, 310, 311, 352, 351, 341, 351, 352, 353, 353, 352, 354, 355, 354, 352, 332, 354, 355, 354, 332, 330, 311, 192, 201, 192, 311, 349, 358, 357, 356, 357, 358, 359, 360, 355, 352, 355, 360, 361, 348, 358, 323, 358, 348, 359, 359, 348, 362, 359, 362, 361, 361, 362, 363, 361, 363, 355, 355, 363, 334, 355, 334, 332, 315, 352, 341, 364, 352, 315, 364, 360, 352, 365, 360, 364, 360, 365, 357, 344, 357, 365, 344, 356, 357, 356, 344, 321, 367, 359, 366, 366, 359, 368, 367, 357, 359, 368, 359, 361, 357, 367, 360, 361, 369, 368, 360, 369, 361, 369, 360, 367, 371, 358, 370, 370, 358, 372, 371, 323, 358, 356, 372, 358, 323, 371, 321, 356, 373, 372, 321, 373, 356, 373, 321, 371, 317, 318, 319, 318, 317, 316, 335, 327, 329, 327, 335, 333, 374, 368, 369, 368, 374, 375, 374, 367, 376, 367, 374, 369, 377, 367, 366, 367, 377, 376, 377, 374, 376, 374, 377, 375, 368, 377, 366, 377, 368, 375, 378, 350, 169, 350, 378, 379, 380, 174, 346, 174, 380, 381, 223, 226, 222, 226, 223, 228, 228, 223, 232, 228, 232, 237, 237, 232, 230, 237, 230, 236, 239, 242, 238, 242, 239, 244, 244, 239, 248, 244, 248, 253, 253, 248, 246, 253, 246, 252, 382, 306, 345, 306, 382, 383, 384, 349, 311, 349, 384, 385, 306, 201, 199, 201, 306, 311, 199, 200, 198, 200, 199, 201, 325, 338, 340, 338, 325, 324, 322, 339, 337, 339, 322, 320, 333, 387, 386, 387, 333, 388, 388, 333, 334, 391, 390, 389, 390, 391, 392, 392, 391, 393, 393, 391, 394, 370, 373, 371, 373, 370, 372, 397, 396, 395, 396, 397, 317, 317, 397, 315, 286, 399, 398, 399, 286, 400, 403, 402, 401, 402, 403, 404, 407, 406, 405, 406, 407, 408, 281, 410, 409, 410, 281, 411, 414, 413, 412, 413, 414, 415, 417, 414, 416, 414, 417, 418, 420, 286, 419, 286, 420, 400, 421, 414, 412, 414, 421, 416, 289, 423, 422, 423, 289, 290, 400, 424, 399, 424, 400, 425, 399, 284, 398, 284, 399, 405, 418, 415, 414, 415, 418, 426, 429, 428, 427, 428, 429, 430, 433, 432, 431, 432, 433, 434, 436, 427, 435, 427, 436, 429, 437, 404, 403, 404, 437, 438, 399, 407, 405, 407, 399, 424, 411, 439, 410, 439, 411, 440, 441, 403, 401, 403, 441, 442, 444, 431, 443, 431, 444, 433, 284, 406, 293, 406, 284, 405, 445, 440, 411, 440, 445, 446, 415, 447, 413, 447, 415, 448, 450, 449, 448, 449, 450, 451, 426, 448, 415, 448, 426, 450, 454, 453, 452, 453, 454, 455, 456, 453, 437, 453, 456, 452, 282, 411, 281, 411, 282, 445, 449, 402, 457, 402, 449, 401, 443, 459, 458, 459, 443, 431, 406, 444, 293, 444, 406, 433, 420, 290, 460, 290, 420, 419, 445, 461, 446, 461, 445, 459, 409, 429, 436, 429, 409, 410, 463, 460, 462, 460, 463, 420, 427, 421, 435, 421, 427, 416, 408, 433, 406, 433, 408, 434, 455, 283, 453, 283, 455, 289, 462, 455, 454, 455, 462, 460, 290, 464, 423, 464, 290, 419, 466, 293, 465, 293, 466, 284, 453, 438, 437, 438, 453, 283, 458, 445, 282, 445, 458, 459, 459, 432, 461, 432, 459, 431, 421, 468, 467, 468, 421, 412, 438, 469, 404, 469, 438, 470, 464, 286, 471, 286, 464, 419, 473, 443, 472, 443, 473, 444, 474, 281, 409, 281, 474, 475, 413, 477, 476, 477, 413, 447, 428, 416, 427, 416, 428, 417, 456, 454, 452, 454, 456, 442, 454, 442, 462, 462, 442, 441, 462, 441, 463, 463, 441, 478, 478, 441, 479, 480, 463, 478, 479, 441, 451, 479, 451, 481, 481, 451, 482, 463, 480, 425, 425, 480, 483, 425, 483, 484, 482, 451, 450, 482, 450, 485, 485, 450, 486, 486, 450, 426, 486, 426, 487, 425, 484, 424, 424, 484, 488, 424, 488, 489, 487, 426, 418, 487, 418, 490, 490, 418, 491, 424, 489, 407, 407, 489, 492, 407, 492, 493, 407, 493, 408, 408, 493, 494, 491, 418, 417, 491, 417, 495, 495, 417, 496, 408, 494, 434, 434, 494, 497, 434, 497, 498, 496, 417, 428, 434, 498, 432, 496, 428, 499, 432, 498, 500, 499, 428, 501, 432, 500, 501, 432, 501, 428, 432, 428, 430, 432, 430, 461, 461, 430, 439, 461, 439, 446, 446, 439, 440, 442, 437, 403, 437, 442, 456, 457, 503, 502, 503, 457, 402, 505, 282, 504, 282, 505, 458, 506, 409, 436, 409, 506, 474, 404, 503, 402, 503, 404, 469, 471, 398, 507, 398, 471, 286, 472, 458, 505, 458, 472, 443, 463, 400, 420, 400, 463, 425, 451, 401, 449, 401, 451, 441, 289, 508, 283, 508, 289, 422, 447, 502, 477, 502, 447, 457, 410, 430, 429, 430, 410, 439, 509, 436, 435, 436, 509, 506, 465, 444, 473, 444, 465, 293, 412, 476, 468, 476, 412, 413, 460, 289, 455, 289, 460, 290, 422, 470, 508, 470, 422, 423, 470, 423, 469, 469, 423, 464, 469, 464, 503, 503, 464, 471, 503, 471, 502, 502, 471, 507, 502, 507, 477, 477, 507, 466, 477, 466, 476, 476, 466, 465, 476, 465, 468, 468, 465, 473, 468, 473, 467, 467, 473, 472, 467, 472, 509, 509, 472, 505, 509, 505, 506, 506, 505, 504, 506, 504, 474, 474, 504, 475, 504, 281, 475, 281, 504, 282, 283, 470, 438, 470, 283, 508, 448, 457, 447, 457, 448, 449, 507, 284, 466, 284, 507, 398, 435, 467, 509, 467, 435, 421, 512, 511, 510, 511, 512, 513, 516, 515, 514, 515, 516, 517, 520, 519, 518, 519, 520, 521, 524, 523, 522, 523, 524, 525, 527, 515, 526, 515, 527, 514, 530, 529, 528, 529, 530, 531, 534, 533, 532, 533, 534, 535, 536, 520, 518, 520, 536, 537, 539, 526, 538, 526, 539, 527, 525, 540, 523, 540, 525, 541, 529, 543, 542, 543, 529, 531, 546, 545, 544, 545, 546, 547, 510, 538, 512, 538, 510, 539, 541, 548, 540, 548, 541, 549, 552, 551, 550, 551, 552, 553, 532, 551, 553, 551, 532, 533, 549, 544, 548, 544, 549, 546, 527, 516, 514, 516, 527, 539, 516, 539, 542, 542, 539, 510, 542, 510, 529, 529, 510, 511, 529, 511, 528, 528, 511, 536, 528, 536, 554, 554, 536, 518, 554, 518, 545, 545, 518, 519, 545, 519, 544, 544, 519, 550, 544, 550, 548, 548, 550, 551, 548, 551, 540, 540, 551, 533, 540, 533, 523, 523, 533, 535, 523, 535, 522, 522, 535, 555, 556, 522, 555, 522, 556, 524, 557, 528, 554, 528, 557, 530, 556, 535, 534, 535, 556, 555, 513, 536, 511, 536, 513, 537, 547, 554, 545, 554, 547, 557, 521, 550, 519, 550, 521, 552, 542, 517, 516, 517, 542, 543, 560, 559, 558, 559, 560, 561, 559, 561, 562, 562, 561, 563, 563, 561, 564, 563, 564, 565, 564, 566, 565, 563, 565, 567, 566, 564, 568, 566, 568, 569, 569, 568, 570, 563, 567, 571, 571, 567, 572, 571, 572, 573, 570, 568, 574, 570, 574, 575, 575, 574, 576, 576, 574, 577, 576, 577, 578, 571, 573, 579, 579, 573, 580, 579, 580, 581, 578, 577, 582, 578, 582, 583, 583, 582, 584, 579, 581, 585, 585, 581, 586, 585, 586, 587, 585, 587, 588, 588, 587, 589, 584, 582, 590, 584, 590, 591, 591, 590, 592, 588, 589, 593, 593, 589, 594, 593, 594, 595, 592, 590, 596, 593, 595, 597, 592, 596, 598, 597, 595, 599, 598, 596, 600, 597, 599, 600, 597, 600, 596, 597, 596, 601, 597, 601, 602, 602, 601, 603, 602, 603, 604, 604, 603, 605, 607, 606, 261, 606, 607, 608, 611, 610, 609, 610, 611, 612, 615, 614, 613, 614, 615, 616, 267, 618, 617, 618, 267, 619, 622, 621, 620, 621, 622, 623, 625, 622, 624, 622, 625, 626, 628, 607, 627, 607, 628, 608, 629, 622, 620, 622, 629, 624, 280, 631, 630, 631, 280, 632, 608, 633, 606, 633, 608, 634, 606, 273, 261, 273, 606, 613, 626, 623, 622, 623, 626, 635, 638, 637, 636, 637, 638, 639, 642, 641, 640, 641, 642, 643, 645, 636, 644, 636, 645, 638, 646, 612, 611, 612, 646, 647, 606, 615, 613, 615, 606, 633, 619, 648, 618, 648, 619, 649, 650, 611, 609, 611, 650, 651, 269, 640, 652, 640, 269, 642, 273, 614, 653, 614, 273, 613, 654, 649, 619, 649, 654, 655, 623, 656, 621, 656, 623, 657, 659, 658, 657, 658, 659, 660, 635, 657, 623, 657, 635, 659, 663, 662, 661, 662, 663, 664, 665, 662, 646, 662, 665, 661, 275, 619, 267, 619, 275, 654, 658, 610, 666, 610, 658, 609, 652, 667, 278, 667, 652, 640, 614, 269, 653, 269, 614, 642, 628, 632, 668, 632, 628, 627, 654, 669, 655, 669, 654, 667, 617, 638, 645, 638, 617, 618, 671, 668, 670, 668, 671, 628, 636, 629, 644, 629, 636, 624, 616, 642, 614, 642, 616, 643, 664, 279, 662, 279, 664, 280, 670, 664, 663, 664, 670, 668, 632, 672, 631, 672, 632, 627, 674, 653, 673, 653, 674, 273, 662, 647, 646, 647, 662, 279, 278, 654, 275, 654, 278, 667, 667, 641, 669, 641, 667, 640, 629, 676, 675, 676, 629, 620, 647, 677, 612, 677, 647, 678, 672, 607, 679, 607, 672, 627, 681, 652, 680, 652, 681, 269, 682, 267, 617, 267, 682, 683, 621, 685, 684, 685, 621, 656, 637, 624, 636, 624, 637, 625, 665, 663, 661, 663, 665, 651, 663, 651, 670, 670, 651, 650, 670, 650, 671, 671, 650, 686, 686, 650, 687, 688, 671, 686, 687, 650, 660, 687, 660, 689, 689, 660, 690, 671, 688, 634, 634, 688, 691, 634, 691, 692, 690, 660, 659, 690, 659, 693, 693, 659, 694, 694, 659, 635, 694, 635, 695, 634, 692, 633, 633, 692, 696, 633, 696, 697, 695, 635, 626, 695, 626, 698, 698, 626, 699, 633, 697, 615, 615, 697, 700, 615, 700, 701, 615, 701, 616, 616, 701, 702, 699, 626, 625, 699, 625, 703, 703, 625, 704, 616, 702, 643, 643, 702, 705, 643, 705, 706, 704, 625, 637, 643, 706, 641, 704, 637, 707, 641, 706, 708, 707, 637, 709, 641, 708, 709, 641, 709, 637, 641, 637, 639, 641, 639, 669, 669, 639, 648, 669, 648, 655, 655, 648, 649, 651, 646, 611, 646, 651, 665, 666, 711, 710, 711, 666, 610, 713, 275, 712, 275, 713, 278, 714, 617, 645, 617, 714, 682, 612, 711, 610, 711, 612, 677, 679, 261, 715, 261, 679, 607, 680, 278, 713, 278, 680, 652, 671, 608, 628, 608, 671, 634, 660, 609, 658, 609, 660, 650, 280, 716, 279, 716, 280, 630, 656, 710, 685, 710, 656, 666, 618, 639, 638, 639, 618, 648, 717, 645, 644, 645, 717, 714, 673, 269, 681, 269, 673, 653, 620, 684, 676, 684, 620, 621, 668, 280, 664, 280, 668, 632, 630, 678, 716, 678, 630, 631, 678, 631, 677, 677, 631, 672, 677, 672, 711, 711, 672, 679, 711, 679, 710, 710, 679, 715, 710, 715, 685, 685, 715, 674, 685, 674, 684, 684, 674, 673, 684, 673, 676, 676, 673, 681, 676, 681, 675, 675, 681, 680, 675, 680, 717, 717, 680, 713, 717, 713, 714, 714, 713, 712, 714, 712, 682, 682, 712, 683, 712, 267, 683, 267, 712, 275, 279, 678, 647, 678, 279, 716, 657, 666, 656, 666, 657, 658, 715, 273, 674, 273, 715, 261, 644, 675, 717, 675, 644, 629, 720, 719, 718, 719, 720, 721, 724, 723, 722, 723, 724, 725, 728, 727, 726, 727, 728, 729, 732, 731, 730, 731, 732, 733, 735, 723, 734, 723, 735, 722, 738, 737, 736, 737, 738, 739, 742, 741, 740, 741, 742, 743, 744, 728, 726, 728, 744, 745, 747, 734, 746, 734, 747, 735, 733, 748, 731, 748, 733, 749, 737, 751, 750, 751, 737, 739, 754, 753, 752, 753, 754, 755, 718, 746, 720, 746, 718, 747, 749, 756, 748, 756, 749, 757, 760, 759, 758, 759, 760, 761, 740, 759, 761, 759, 740, 741, 757, 752, 756, 752, 757, 754, 735, 724, 722, 724, 735, 747, 724, 747, 750, 750, 747, 718, 750, 718, 737, 737, 718, 719, 737, 719, 736, 736, 719, 744, 736, 744, 762, 762, 744, 726, 762, 726, 753, 753, 726, 727, 753, 727, 752, 752, 727, 758, 752, 758, 756, 756, 758, 759, 756, 759, 748, 748, 759, 741, 748, 741, 731, 731, 741, 743, 731, 743, 730, 730, 743, 763, 764, 730, 763, 730, 764, 732, 765, 736, 762, 736, 765, 738, 764, 743, 742, 743, 764, 763, 721, 744, 719, 744, 721, 745, 755, 762, 753, 762, 755, 765, 729, 758, 727, 758, 729, 760, 750, 725, 724, 725, 750, 751, 768, 767, 766, 767, 768, 769, 767, 769, 770, 770, 769, 771, 771, 769, 772, 771, 772, 773, 772, 774, 773, 771, 773, 775, 774, 772, 776, 774, 776, 777, 777, 776, 778, 771, 775, 779, 779, 775, 780, 779, 780, 781, 778, 776, 782, 778, 782, 783, 783, 782, 784, 784, 782, 785, 784, 785, 786, 779, 781, 787, 787, 781, 788, 787, 788, 789, 786, 785, 790, 786, 790, 791, 791, 790, 792, 787, 789, 793, 793, 789, 794, 793, 794, 795, 793, 795, 796, 796, 795, 797, 792, 790, 798, 792, 798, 799, 799, 798, 800, 796, 797, 801, 801, 797, 802, 801, 802, 803, 800, 798, 804, 801, 803, 805, 800, 804, 806, 805, 803, 807, 806, 804, 808, 805, 807, 808, 805, 808, 804, 805, 804, 809, 805, 809, 810, 810, 809, 811, 810, 811, 812, 812, 811, 813, 815, 814, 257, 814, 815, 816, 819, 818, 817, 818, 819, 820, 823, 822, 821, 822, 823, 824, 268, 826, 825, 826, 268, 827, 830, 829, 828, 829, 830, 831, 833, 830, 832, 830, 833, 834, 835, 815, 255, 815, 835, 816, 836, 830, 828, 830, 836, 832, 276, 838, 837, 838, 276, 839, 816, 840, 814, 840, 816, 841, 814, 265, 257, 265, 814, 821, 834, 831, 830, 831, 834, 842, 845, 844, 843, 844, 845, 846, 849, 848, 847, 848, 849, 850, 852, 843, 851, 843, 852, 845, 853, 820, 819, 820, 853, 854, 814, 823, 821, 823, 814, 840, 827, 855, 826, 855, 827, 856, 857, 819, 817, 819, 857, 858, 860, 847, 859, 847, 860, 849, 265, 822, 861, 822, 265, 821, 862, 856, 827, 856, 862, 863, 831, 864, 829, 864, 831, 865, 867, 866, 865, 866, 867, 868, 842, 865, 831, 865, 842, 867, 871, 870, 869, 870, 871, 872, 873, 870, 853, 870, 873, 869, 258, 827, 268, 827, 258, 862, 866, 818, 874, 818, 866, 817, 859, 875, 259, 875, 859, 847, 822, 860, 861, 860, 822, 849, 835, 839, 876, 839, 835, 255, 862, 877, 863, 877, 862, 875, 825, 845, 852, 845, 825, 826, 879, 876, 878, 876, 879, 835, 843, 836, 851, 836, 843, 832, 824, 849, 822, 849, 824, 850, 872, 880, 870, 880, 872, 276, 878, 872, 871, 872, 878, 876, 839, 881, 838, 881, 839, 255, 883, 861, 882, 861, 883, 265, 870, 854, 853, 854, 870, 880, 259, 862, 258, 862, 259, 875, 875, 848, 877, 848, 875, 847, 836, 885, 884, 885, 836, 828, 854, 886, 820, 886, 854, 887, 881, 815, 888, 815, 881, 255, 890, 859, 889, 859, 890, 860, 891, 268, 825, 268, 891, 892, 829, 894, 893, 894, 829, 864, 844, 832, 843, 832, 844, 833, 873, 871, 869, 871, 873, 858, 871, 858, 878, 878, 858, 857, 878, 857, 879, 879, 857, 895, 895, 857, 896, 897, 879, 895, 896, 857, 868, 896, 868, 898, 898, 868, 899, 879, 897, 841, 841, 897, 900, 841, 900, 901, 899, 868, 867, 899, 867, 902, 902, 867, 903, 903, 867, 842, 903, 842, 904, 841, 901, 840, 840, 901, 905, 840, 905, 906, 904, 842, 834, 904, 834, 907, 907, 834, 908, 840, 906, 823, 823, 906, 909, 823, 909, 910, 823, 910, 824, 824, 910, 911, 908, 834, 833, 908, 833, 912, 912, 833, 913, 824, 911, 850, 850, 911, 914, 850, 914, 915, 913, 833, 844, 850, 915, 848, 913, 844, 916, 848, 915, 917, 916, 844, 918, 848, 917, 918, 848, 918, 844, 848, 844, 846, 848, 846, 877, 877, 846, 855, 877, 855, 863, 863, 855, 856, 858, 853, 819, 853, 858, 873, 874, 920, 919, 920, 874, 818, 922, 258, 921, 258, 922, 259, 923, 825, 852, 825, 923, 891, 820, 920, 818, 920, 820, 886, 888, 257, 924, 257, 888, 815, 889, 259, 922, 259, 889, 859, 879, 816, 835, 816, 879, 841, 868, 817, 866, 817, 868, 857, 276, 925, 880, 925, 276, 837, 864, 919, 894, 919, 864, 874, 826, 846, 845, 846, 826, 855, 926, 852, 851, 852, 926, 923, 882, 860, 890, 860, 882, 861, 828, 893, 885, 893, 828, 829, 876, 276, 872, 276, 876, 839, 837, 887, 925, 887, 837, 838, 887, 838, 886, 886, 838, 881, 886, 881, 920, 920, 881, 888, 920, 888, 919, 919, 888, 924, 919, 924, 894, 894, 924, 883, 894, 883, 893, 893, 883, 882, 893, 882, 885, 885, 882, 890, 885, 890, 884, 884, 890, 889, 884, 889, 926, 926, 889, 922, 926, 922, 923, 923, 922, 921, 923, 921, 891, 891, 921, 892, 921, 268, 892, 268, 921, 258, 880, 887, 854, 887, 880, 925, 865, 874, 864, 874, 865, 866, 924, 265, 883, 265, 924, 257, 851, 884, 926, 884, 851, 836, 929, 928, 927, 928, 929, 930, 933, 932, 931, 932, 933, 934, 937, 936, 935, 936, 937, 938, 941, 940, 939, 940, 941, 942, 944, 932, 943, 932, 944, 931, 947, 946, 945, 946, 947, 948, 951, 950, 949, 950, 951, 952, 953, 937, 935, 937, 953, 954, 956, 943, 955, 943, 956, 944, 942, 957, 940, 957, 942, 958, 946, 960, 959, 960, 946, 948, 963, 962, 961, 962, 963, 964, 927, 955, 929, 955, 927, 956, 958, 965, 957, 965, 958, 966, 969, 968, 967, 968, 969, 970, 949, 968, 970, 968, 949, 950, 966, 961, 965, 961, 966, 963, 944, 933, 931, 933, 944, 956, 933, 956, 959, 959, 956, 927, 959, 927, 946, 946, 927, 928, 946, 928, 945, 945, 928, 953, 945, 953, 971, 971, 953, 935, 971, 935, 962, 962, 935, 936, 962, 936, 961, 961, 936, 967, 961, 967, 965, 965, 967, 968, 965, 968, 957, 957, 968, 950, 957, 950, 940, 940, 950, 952, 940, 952, 939, 939, 952, 972, 973, 939, 972, 939, 973, 941, 974, 945, 971, 945, 974, 947, 973, 952, 951, 952, 973, 972, 930, 953, 928, 953, 930, 954, 964, 971, 962, 971, 964, 974, 938, 967, 936, 967, 938, 969, 959, 934, 933, 934, 959, 960, 977, 976, 975, 976, 977, 978, 976, 978, 979, 979, 978, 980, 980, 978, 981, 980, 981, 982, 981, 983, 982, 980, 982, 984, 983, 981, 985, 983, 985, 986, 986, 985, 987, 980, 984, 988, 988, 984, 989, 988, 989, 990, 987, 985, 991, 987, 991, 992, 992, 991, 993, 993, 991, 994, 993, 994, 995, 988, 990, 996, 996, 990, 997, 996, 997, 998, 995, 994, 999, 995, 999, 1000, 1000, 999, 1001, 996, 998, 1002, 1002, 998, 1003, 1002, 1003, 1004, 1002, 1004, 1005, 1005, 1004, 1006, 1001, 999, 1007, 1001, 1007, 1008, 1008, 1007, 1009, 1005, 1006, 1010, 1010, 1006, 1011, 1010, 1011, 1012, 1009, 1007, 1013, 1010, 1012, 1014, 1009, 1013, 1015, 1014, 1012, 1016, 1015, 1013, 1017, 1014, 1016, 1017, 1014, 1017, 1013, 1014, 1013, 1018, 1014, 1018, 1019, 1019, 1018, 1020, 1019, 1020, 1021, 1021, 1020, 1022, 1025, 1024, 1023, 1024, 1025, 1026, 1029, 1028, 1027, 1028, 1029, 1030, 1033, 1032, 1031, 1032, 1033, 1034, 1037, 1036, 1035, 1036, 1037, 1038, 1041, 1040, 1039, 1040, 1041, 1042, 1044, 1041, 1043, 1041, 1044, 1045, 1047, 1025, 1046, 1025, 1047, 1026, 1048, 1041, 1039, 1041, 1048, 1043, 295, 1050, 1049, 1050, 295, 296, 1026, 1051, 1024, 1051, 1026, 1052, 1024, 300, 1023, 300, 1024, 1031, 1045, 1042, 1041, 1042, 1045, 1053, 1056, 1055, 1054, 1055, 1056, 1057, 1060, 1059, 1058, 1059, 1060, 1061, 1063, 1054, 1062, 1054, 1063, 1056, 1064, 1030, 1029, 1030, 1064, 1065, 1024, 1033, 1031, 1033, 1024, 1051, 1038, 1066, 1036, 1066, 1038, 1067, 1068, 1029, 1027, 1029, 1068, 1069, 1070, 1058, 303, 1058, 1070, 1060, 300, 1032, 301, 1032, 300, 1031, 1071, 1067, 1038, 1067, 1071, 1072, 1042, 1073, 1040, 1073, 1042, 1074, 1076, 1075, 1074, 1075, 1076, 1077, 1053, 1074, 1042, 1074, 1053, 1076, 1080, 1079, 1078, 1079, 1080, 1081, 1082, 1079, 1064, 1079, 1082, 1078, 305, 1038, 1037, 1038, 305, 1071, 1075, 1028, 1083, 1028, 1075, 1027, 303, 1085, 1084, 1085, 303, 1058, 1032, 1070, 301, 1070, 1032, 1060, 1047, 296, 1086, 296, 1047, 1046, 1071, 1087, 1072, 1087, 1071, 1085, 1035, 1056, 1063, 1056, 1035, 1036, 1089, 1086, 1088, 1086, 1089, 1047, 1054, 1048, 1062, 1048, 1054, 1043, 1034, 1060, 1032, 1060, 1034, 1061, 1081, 294, 1079, 294, 1081, 295, 1088, 1081, 1080, 1081, 1088, 1086, 296, 1090, 1050, 1090, 296, 1046, 1092, 301, 1091, 301, 1092, 300, 1079, 1065, 1064, 1065, 1079, 294, 1084, 1071, 305, 1071, 1084, 1085, 1085, 1059, 1087, 1059, 1085, 1058, 1048, 1094, 1093, 1094, 1048, 1039, 1065, 1095, 1030, 1095, 1065, 1096, 1090, 1025, 1097, 1025, 1090, 1046, 1099, 303, 1098, 303, 1099, 1070, 1100, 1037, 1035, 1037, 1100, 1101, 1040, 1103, 1102, 1103, 1040, 1073, 1055, 1043, 1054, 1043, 1055, 1044, 1082, 1080, 1078, 1080, 1082, 1069, 1080, 1069, 1088, 1088, 1069, 1068, 1088, 1068, 1089, 1089, 1068, 1104, 1104, 1068, 1105, 1106, 1089, 1104, 1105, 1068, 1077, 1105, 1077, 1107, 1107, 1077, 1108, 1089, 1106, 1052, 1052, 1106, 1109, 1052, 1109, 1110, 1108, 1077, 1076, 1108, 1076, 1111, 1111, 1076, 1112, 1112, 1076, 1053, 1112, 1053, 1113, 1052, 1110, 1051, 1051, 1110, 1114, 1051, 1114, 1115, 1113, 1053, 1045, 1113, 1045, 1116, 1116, 1045, 1117, 1051, 1115, 1033, 1033, 1115, 1118, 1033, 1118, 1119, 1033, 1119, 1034, 1034, 1119, 1120, 1117, 1045, 1044, 1117, 1044, 1121, 1121, 1044, 1122, 1034, 1120, 1061, 1061, 1120, 1123, 1061, 1123, 1124, 1122, 1044, 1055, 1061, 1124, 1059, 1122, 1055, 1125, 1059, 1124, 1126, 1125, 1055, 1127, 1059, 1126, 1127, 1059, 1127, 1055, 1059, 1055, 1057, 1059, 1057, 1087, 1087, 1057, 1066, 1087, 1066, 1072, 1072, 1066, 1067, 1069, 1064, 1029, 1064, 1069, 1082, 1083, 1129, 1128, 1129, 1083, 1028, 1131, 305, 1130, 305, 1131, 1084, 1132, 1035, 1063, 1035, 1132, 1100, 1030, 1129, 1028, 1129, 1030, 1095, 1097, 1023, 1133, 1023, 1097, 1025, 1098, 1084, 1131, 1084, 1098, 303, 1089, 1026, 1047, 1026, 1089, 1052, 1077, 1027, 1075, 1027, 1077, 1068, 295, 1134, 294, 1134, 295, 1049, 1073, 1128, 1103, 1128, 1073, 1083, 1036, 1057, 1056, 1057, 1036, 1066, 1135, 1063, 1062, 1063, 1135, 1132, 1091, 1070, 1099, 1070, 1091, 301, 1039, 1102, 1094, 1102, 1039, 1040, 1086, 295, 1081, 295, 1086, 296, 1049, 1096, 1134, 1096, 1049, 1050, 1096, 1050, 1095, 1095, 1050, 1090, 1095, 1090, 1129, 1129, 1090, 1097, 1129, 1097, 1128, 1128, 1097, 1133, 1128, 1133, 1103, 1103, 1133, 1092, 1103, 1092, 1102, 1102, 1092, 1091, 1102, 1091, 1094, 1094, 1091, 1099, 1094, 1099, 1093, 1093, 1099, 1098, 1093, 1098, 1135, 1135, 1098, 1131, 1135, 1131, 1132, 1132, 1131, 1130, 1132, 1130, 1100, 1100, 1130, 1101, 1130, 1037, 1101, 1037, 1130, 305, 294, 1096, 1065, 1096, 294, 1134, 1074, 1083, 1073, 1083, 1074, 1075, 1133, 300, 1092, 300, 1133, 1023, 1062, 1093, 1135, 1093, 1062, 1048, 1138, 1137, 1136, 1137, 1138, 1139, 1142, 1141, 1140, 1141, 1142, 1143, 1146, 1145, 1144, 1145, 1146, 1147, 1150, 1149, 1148, 1149, 1150, 1151, 1153, 1141, 1152, 1141, 1153, 1140, 1156, 1155, 1154, 1155, 1156, 1157, 1160, 1159, 1158, 1159, 1160, 1161, 1162, 1146, 1144, 1146, 1162, 1163, 1165, 1152, 1164, 1152, 1165, 1153, 1151, 1166, 1149, 1166, 1151, 1167, 1155, 1169, 1168, 1169, 1155, 1157, 1172, 1171, 1170, 1171, 1172, 1173, 1136, 1164, 1138, 1164, 1136, 1165, 1167, 1174, 1166, 1174, 1167, 1175, 1178, 1177, 1176, 1177, 1178, 1179, 1158, 1177, 1179, 1177, 1158, 1159, 1175, 1170, 1174, 1170, 1175, 1172, 1153, 1142, 1140, 1142, 1153, 1165, 1142, 1165, 1168, 1168, 1165, 1136, 1168, 1136, 1155, 1155, 1136, 1137, 1155, 1137, 1154, 1154, 1137, 1162, 1154, 1162, 1180, 1180, 1162, 1144, 1180, 1144, 1171, 1171, 1144, 1145, 1171, 1145, 1170, 1170, 1145, 1176, 1170, 1176, 1174, 1174, 1176, 1177, 1174, 1177, 1166, 1166, 1177, 1159, 1166, 1159, 1149, 1149, 1159, 1161, 1149, 1161, 1148, 1148, 1161, 1181, 1182, 1148, 1181, 1148, 1182, 1150, 1183, 1154, 1180, 1154, 1183, 1156, 1182, 1161, 1160, 1161, 1182, 1181, 1139, 1162, 1137, 1162, 1139, 1163, 1173, 1180, 1171, 1180, 1173, 1183, 1147, 1176, 1145, 1176, 1147, 1178, 1168, 1143, 1142, 1143, 1168, 1169, 1186, 1185, 1184, 1185, 1186, 1187, 1185, 1187, 1188, 1188, 1187, 1189, 1189, 1187, 1190, 1189, 1190, 1191, 1190, 1192, 1191, 1189, 1191, 1193, 1192, 1190, 1194, 1192, 1194, 1195, 1195, 1194, 1196, 1189, 1193, 1197, 1197, 1193, 1198, 1197, 1198, 1199, 1196, 1194, 1200, 1196, 1200, 1201, 1201, 1200, 1202, 1202, 1200, 1203, 1202, 1203, 1204, 1197, 1199, 1205, 1205, 1199, 1206, 1205, 1206, 1207, 1204, 1203, 1208, 1204, 1208, 1209, 1209, 1208, 1210, 1205, 1207, 1211, 1211, 1207, 1212, 1211, 1212, 1213, 1211, 1213, 1214, 1214, 1213, 1215, 1210, 1208, 1216, 1210, 1216, 1217, 1217, 1216, 1218, 1214, 1215, 1219, 1219, 1215, 1220, 1219, 1220, 1221, 1218, 1216, 1222, 1219, 1221, 1223, 1218, 1222, 1224, 1223, 1221, 1225, 1224, 1222, 1226, 1223, 1225, 1226, 1223, 1226, 1222, 1223, 1222, 1227, 1223, 1227, 1228, 1228, 1227, 1229, 1228, 1229, 1230, 1230, 1229, 1231]
        point3f[] points = [(-0.65, 0.4, -1.13684), (-0.516667, 0.4, -1.13684), (-0.65, 0.400939, -1.13671), (-0.51698, 0.400939, -1.13671), (-0.65, 0.2, -1.25), (-0.65, 0.4, -1.25), (-0.65, 0.2, -1.06), (-0.65, 0.495, -1.09775), (-0.65, 0.3, -1.06), (-0.65, 0.575772, -1.03577), (-0.65, 0.377646, -1.04978), (-0.65, 0.45, -1.01981), (-0.65, 0.63775, -0.955), (-0.65, 0.512132, -0.972132), (-0.65, 0.559808, -0.91), (-0.65, 0.676711, -0.860939), (-0.65, 0.589778, -0.837646), (-0.65, 0.69, -0.76), (-0.65, 0.6, -0.76), (-0.65, 0.589778, -0.682354), (-0.65, 0.676711, -0.659061), (-0.65, 0.559808, -0.61), (-0.65, 0.63775, -0.565), (-0.65, 0.512132, -0.547868), (-0.65, 0.575772, -0.484228), (-0.65, 0.45, -0.500192), (-0.65, 0.377646, -0.470222), (-0.65, 0.495, -0.42225), (-0.65, 0.3, -0.46), (-0.65, 0.2, -0.46), (-0.65, 0.3, -0.37), (-0.65, 0.400939, -0.383289), (-0.65, 0.2, 0.46), (-0.65, 0.3, 0.37), (-0.65, 0.400939, 0.383289), (-0.65, 0.495, 0.42225), (-0.65, 0.3, 0.46), (-0.65, 0.575772, 0.484228), (-0.65, 0.377646, 0.470222), (-0.65, 0.45, 0.500192), (-0.65, 0.63775, 0.565), (-0.65, 0.512132, 0.547868), (-0.65, 0.559808, 0.61), (-0.65, 0.676711, 0.659061), (-0.65, 0.589778, 0.682354), (-0.65, 0.69, 0.76), (-0.65, 0.6, 0.76), (-0.65, 0.589778, 0.837646), (-0.65, 0.676711, 0.860939), (-0.65, 0.559808, 0.91), (-0.65, 0.63775, 0.955), (-0.65, 0.512132, 0.972132), (-0.65, 0.575772, 1.03577), (-0.65, 0.45, 1.01981), (-0.65, 0.377646, 1.04978), (-0.65, 0.495, 1.09775), (-0.65, 0.3, 1.06), (-0.65, 0.2, 1.06), (-0.65, 0.2, 1.2), (-0.65, 0.4, 1.13684), (-0.65, 0.400939, 1.13671), (-0.65, 0.4, 1.2), (0.65, 0.400939, 1.13671), (0.65, 0.495, 1.09775), (0.65, 0.4, 1.13684), (0.65, 0.2, 1.2), (0.65, 0.4, 1.2), (0.65, 0.2, 1.06), (0.65, 0.3, 1.06), (0.65, 0.377646, 1.04978), (0.65, 0.575772, 1.03577), (0.65, 0.45, 1.01981), (0.65, 0.512132, 0.972132), (0.65, 0.63775, 0.955), (0.65, 0.559808, 0.91), (0.65, 0.676711, 0.860939), (0.65, 0.589778, 0.837646), (0.65, 0.6, 0.76), (0.65, 0.69, 0.76), (0.65, 0.589778, 0.682354), (0.65, 0.676711, 0.659061), (0.65, 0.559808, 0.61), (0.65, 0.63775, 0.565), (0.65, 0.512132, 0.547868), (0.65, 0.45, 0.500192), (0.65, 0.575772, 0.484228), (0.65, 0.377646, 0.470222), (0.65, 0.3, 0.46), (0.65, 0.495, 0.42225), (0.65, 0.2, 0.46), (0.65, 0.400939, 0.383289), (0.65, 0.3, 0.37), (0.65, 0.3, -0.37), (0.65, 0.2, -0.46), (0.65, 0.495, -0.42225), (0.65, 0.400939, -0.383289), (0.65, 0.3, -0.46), (0.65, 0.377646, -0.470222), (0.65, 0.575772, -0.484228), (0.65, 0.45, -0.500192), (0.65, 0.512132, -0.547868), (0.65, 0.63775, -0.565), (0.65, 0.559808, -0.61), (0.65, 0.676711, -0.659061), (0.65, 0.589778, -0.682354), (0.65, 0.6, -0.76), (0.65, 0.69, -0.76), (0.65, 0.589778, -0.837646), (0.65, 0.676711, -0.860939), (0.65, 0.559808, -0.91), (0.65, 0.63775, -0.955), (0.65, 0.512132, -0.972132), (0.65, 0.45, -1.01981), (0.65, 0.575772, -1.03577), (0.65, 0.377646, -1.04978), (0.65, 0.3, -1.06), (0.65, 0.495, -1.09775), (0.65, 0.2, -1.06), (0.65, 0.400939, -1.13671), (0.65, 0.4, -1.13684), (0.65, 0.2, -1.25), (0.65, 0.4, -1.25), (0.55, 0.5, 1.09391), (0.548333, 0.495, 1.09775), (0.55, 0.5, 1.25), (0.51698, 0.400939, 1.13671), (0.516667, 0.4, 1.13684), (0.516667, 0.4, 1.21667), (0.55, 0.5, -1.35), (0.516667, 0.4, -1.28333), (0.55, 0.5, -1.25), (0.516667, 0.4, -1.13684), (0.51698, 0.400939, -1.13671), (0.548333, 0.495, -1.09775), (0.55, 0.5, -1.09391), (-0.55, 0.63775, 0.955), (-0.55, 0.575772, 1.03577), (-0.55, 0.676711, -0.659061), (-0.55, 0.63775, -0.565), (0.55, 0.63775, 0.565), (0.55, 0.676711, 0.659061), (0.55, 0.676711, -0.659061), (0.55, 0.63775, -0.565), (0.55, 0.575772, -1.03577), (0.55, 0.63775, -0.955), (0.51698, 0.400939, 0.383289), (0.548333, 0.495, 0.42225), (0.548333, 0.495, -0.42225), (0.55, 0.5, -0.426087), (0.55, 0.575772, -0.484228), (-0.55, 0.575772, -0.484228), (0.55, 0.575772, 0.484228), (0.55, 0.69, 0.76), (0.55, 0.676711, 0.860939), (0.55, 0.63775, 0.955), (0.55, 0.575772, 1.03577), (-0.55, 0.69, -0.76), (0.55, 0.69, -0.76), (-0.51698, 0.400939, 0.383289), (-0.548333, 0.495, 0.42225), (0.55, 0.676711, -0.860939), (-0.55, 0.5, -1.35), (-0.55, 0.5, -1.25), (-0.516667, 0.4, -1.28333), (-0.548333, 0.495, -1.09775), (-0.55, 0.5, -1.09391), (-0.51698, 0.400939, -0.383289), (-0.548333, 0.495, -0.42225), (-0.55, 0.5, -0.426087), (-0.55, 0.5, -0.3), (-0.483333, 0.3, -0.37), (-0.483333, 0.3, 0.37), (-0.55, 0.5, 0.3), (-0.55, 0.5, 0.426087), (0.55, 0.5, -0.3), (0.51698, 0.400939, -0.383289), (0.483333, 0.3, -0.37), (0.483333, 0.3, 0.37), (0.55, 0.5, 0.3), (0.55, 0.5, 0.426087), (-0.51698, 0.400939, 1.13671), (-0.548333, 0.495, 1.09775), (-0.55, 0.575772, 0.484228), (-0.55, 0.63775, 0.565), (-0.55, 0.676711, -0.860939), (-0.55, 0.575772, -1.03577), (-0.55, 0.676711, 0.659061), (-0.55, 0.69, 0.76), (-0.55, 0.676711, 0.860939), (-0.55, 0.5, 1.09391), (-0.55, 0.63775, -0.955), (-0.516667, 0.4, 1.13684), (-0.55, 0.5, 1.25), (-0.516667, 0.4, 1.21667), (-0.620711, 0.4, -1.32071), (-0.55, 0.4, -1.35), (0.55, 0.4, -1.35), (0.620711, 0.4, -1.32071), (0.275, 0.4, 1.21667), (0.275, 0.5, 1.25), (-0.275, 0.4, 1.21667), (-0.275, 0.5, 1.25), (-0.55, 0.2, 1.3), (-0.620711, 0.2, 1.27071), (-0.55, 0.4, 1.3), (-0.620711, 0.4, 1.27071), (0.620711, 0.4, 1.27071), (0.620711, 0.2, 1.27071), (0.55, 0.2, 1.3), (0.55, 0.4, 1.3), (0.55, 0.2, -1.35), (0.620711, 0.2, -1.32071), (-0.620711, 0.2, -1.32071), (-0.55, 0.2, -1.35), (0.4, 0.2, -0.46), (0.4, 0.2, 0.46), (0.4, 0.2, -1.06), (-0.4, 0.2, -1.06), (-0.4, 0.2, -0.46), (-0.4, 0.2, 1.06), (-0.4, 0.2, 0.46), (0.4, 0.2, 1.06), (0.125, 0.15, 1.35), (0.175, 0.2, 1.35), (0.125, 0.15, 1.3), (0.175, 0.2, 1.3), (-0.125, 0.15, 1.35), (-0.125, 0.15, 1.3), (-0.175, 0.2, 1.35), (-0.175, 0.2, 1.3), (0.125, 0.325, 1.35), (0.125, 0.325, 1.3), (0.175, 0.275, 1.35), (0.175, 0.275, 1.3), (-0.175, 0.275, 1.3), (-0.125, 0.325, 1.3), (-0.125, 0.325, 1.35), (-0.175, 0.275, 1.35), (-0.125, 0.15, -1.4), (-0.175, 0.2, -1.4), (-0.125, 0.15, -1.35), (-0.175, 0.2, -1.35), (0.125, 0.15, -1.4), (0.125, 0.15, -1.35), (0.175, 0.2, -1.4), (0.175, 0.2, -1.35), (-0.125, 0.325, -1.4), (-0.125, 0.325, -1.35), (-0.175, 0.275, -1.4), (-0.175, 0.275, -1.35), (0.175, 0.275, -1.35), (0.125, 0.325, -1.35), (0.125, 0.325, -1.4), (0.175, 0.275, -1.4), (0.4, 0.45, -0.500192), (0.4, 0.512132, -0.547868), (0.4, 0.559808, -0.61), (0.4, 0.589778, -0.682354), (0.4, 0.377646, -1.04978), (0.4, 0.45, -1.01981), (0.4, 0.559808, 0.91), (0.4, 0.589778, 0.837646), (0.4, 0.45, 1.01981), (0.4, 0.512132, 0.972132), (-0.4, 0.3, -0.46), (0.4, 0.6, -0.76), (0.4, 0.589778, -0.837646), (0.4, 0.3, 0.46), (0.4, 0.3, -1.06), (0.4, 0.559808, 0.61), (0.4, 0.512132, 0.547868), (0.4, 0.559808, -0.91), (0.4, 0.512132, -0.972132), (0.4, 0.6, 0.76), (0.4, 0.589778, 0.682354), (0.4, 0.377646, 0.470222), (0.4, 0.377646, -0.470222), (0.4, 0.3, -0.46), (0.4, 0.45, 0.500192), (0.4, 0.3, 1.06), (0.4, 0.377646, 1.04978), (-0.4, 0.3, 1.06), (-0.4, 0.377646, 1.04978), (-0.4, 0.3, 0.46), (-0.4, 0.6, 0.76), (-0.4, 0.589778, 0.682354), (-0.4, 0.559808, 0.61), (-0.4, 0.45, 1.01981), (-0.4, 0.512132, 0.972132), (-0.4, 0.377646, 0.470222), (-0.4, 0.45, 0.500192), (-0.4, 0.512132, 0.547868), (-0.4, 0.559808, 0.91), (-0.4, 0.589778, 0.837646), (-0.4, 0.3, -1.06), (-0.4, 0.377646, -1.04978), (-0.4, 0.45, -1.01981), (-0.4, 0.512132, -0.972132), (-0.4, 0.559808, -0.91), (-0.4, 0.589778, -0.837646), (-0.4, 0.6, -0.76), (-0.4, 0.589778, -0.682354), (-0.4, 0.559808, -0.61), (-0.4, 0.512132, -0.547868), (-0.4, 0.45, -0.500192), (-0.4, 0.377646, -0.470222), (0.275, 0.7, 1.25), (0.275, 0.8, 0.65), (0.275, 0.8, 1.25), (-0.275, 0.8, 1.25), (-0.275, 0.8, 0.65), (-0.275, 0.7, 1.25), (0.75, 0.7, 0.522902), (0.55, 0.7, 0.522902), (0.75, 0.8, 0.522902), (0.55, 0.8, 0.522902), (0.75, 0.8, 0.422902), (0.55, 0.8, 0.422902), (0.75, 0.7, 0.422902), (0.55, 0.7, 0.422902), (0.55, 0.7, -1.35), (0.55, 0.8, -0.85), (0.275, 0.7, -1.35), (-0.55, 0.8, -0.85), (-0.275, 0.7, -1.35), (-0.55, 0.7, -1.35), (-0.55, 0.7, 0.522902), (-0.55, 0.7, 0.422902), (-0.75, 0.7, 0.522902), (-0.75, 0.7, 0.422902), (-0.448788, 0.8, 0.65), (-0.55, 0.8, 1.25), (-0.55, 0.8, 0.65), (-0.55, 0.8, 0.422902), (-0.55, 0.8, 0.522902), (-0.75, 0.8, 0.422902), (-0.75, 0.8, 0.522902), (0.275, 0.6, -1.35), (-0.275, 0.6, -1.35), (0.55, 0.6, -1.35), (-0.55, 0.6, -1.35), (0.55, 0.8, 0.65), (0.55, 0.8, 1.25), (0.55, 0.65, 0.3), (0.55, 0.8, -0.0402287), (0.55, 0.7, 1.25), (0.55, 0.65, -0.3), (-0.55, 0.65, 0.3), (-0.55, 0.8, -0.0402287), (-0.55, 0.7, 1.25), (-0.55, 0.65, -0.3), (0.448788, 0.8, 0.65), (0.46, 1.25, 0.29), (0.364405, 1.22191, 0.31247), (-0.364405, 1.22191, 0.31247), (-0.46, 1.25, 0.29), (0.46, 1.25, -0.67), (0.45, 1.3, -0.596148), (-0.46, 1.25, -0.67), (-0.45, 1.3, -0.596148), (0.45, 1.3, 0.185969), (-0.45, 1.3, 0.185969), (-0.469612, 1.20194, -0.0402287), (-0.469612, 1.20194, 0.201349), (0.469612, 1.20194, 0.201349), (0.469612, 1.20194, -0.0402287), (-0.1, 1.3, -0.45), (0.1, 1.3, -0.45), (-0.1, 1.3, 0.05), (0.1, 1.3, 0.05), (-0.36686, 1.20715, -0.687139), (-0.429721, 0.892848, -0.812861), (0.36686, 1.20715, -0.687139), (0.429721, 0.892848, -0.812861), (0.05, 1.5, 0.05), (-0.05, 1.5, 0.05), (0.05, 1.5, -0.45), (-0.05, 1.5, -0.45), (-0.55, 0.5, 0.3), (-0.55, 0.65, 0.3), (0.55, 0.65, 0.3), (0.55, 0.5, 0.3), (0.55, 0.8, 1.25), (0.275, 0.8, 1.25), (-0.275, 0.8, 1.25), (-0.55, 0.8, 1.25), (-0.55, 0.8, -0.0402287), (-0.469612, 1.20194, -0.0402287), (-0.469612, 1.20194, 0.201349), (0.448788, 0.8, 0.65), (0.275, 0.8, 0.65), (0.364405, 1.22191, 0.31247), (-0.275, 0.8, 0.65), (-0.448788, 0.8, 0.65), (-0.364405, 1.22191, 0.31247), (0.469612, 1.20194, -0.0402287), (0.55, 0.8, -0.0402287), (0.469612, 1.20194, 0.201349), (-0.4, 0.589778, 0.682354), (-0.5, 0.589778, 0.682354), (-0.5, 0.559808, 0.61), (-0.5, 0.087868, 0.547868), (-0.4, 0.087868, 0.547868), (-0.5, 0.15, 0.500192), (-0.4, 0.15, 0.500192), (-0.5, 0.6, 0.76), (-0.5, 0.589778, 0.837646), (-0.6, 0.555, 0.76), (-0.6, 0.546311, 0.825999), (-0.4, 0.222354, 1.04978), (-0.5, 0.222354, 1.04978), (-0.5, 0.3, 1.06), (-0.4, 0.0102223, 0.837646), (-0.4, 0, 0.76), (-0.5, 0.0102223, 0.837646), (-0.5, 0, 0.76), (-0.5, 0.0401924, 0.91), (-0.6, 0.0791635, 0.8875), (-0.6, 0.0536889, 0.825999), (-0.4, 0.512132, 0.547868), (-0.5, 0.512132, 0.547868), (-0.4, 0.0401924, 0.91), (-0.3, 0.365999, 0.513689), (-0.3, 0.4275, 0.539164), (-0.6, 0.546311, 0.694001), (-0.6, 0.520837, 0.6325), (-0.6, 0.045, 0.76), (-0.5, 0.087868, 0.972132), (-0.6, 0.119688, 0.940312), (-0.5, 0.15, 1.01981), (-0.6, 0.1725, 0.980837), (-0.5, 0.512132, 0.972132), (-0.6, 0.480312, 0.940312), (-0.5, 0.559808, 0.91), (-0.6, 0.520837, 0.8875), (-0.4, 0.087868, 0.972132), (-0.4, 0.15, 1.01981), (-0.5, 0.222354, 0.470222), (-0.4, 0.222354, 0.470222), (-0.6, 0.234001, 1.00631), (-0.6, 0.3, 1.015), (-0.6, 0.119688, 0.579688), (-0.6, 0.1725, 0.539164), (-0.4, 0.512132, 0.972132), (-0.4, 0.559808, 0.91), (-0.5, 0.377646, 1.04978), (-0.6, 0.365999, 1.00631), (-0.4, 0.0102223, 0.682354), (-0.5, 0.0102223, 0.682354), (-0.5, 0.0401924, 0.61), (-0.6, 0.0536889, 0.694001), (-0.6, 0.0791635, 0.6325), (-0.6, 0.3, 0.505), (-0.5, 0.3, 0.46), (-0.6, 0.365999, 0.513689), (-0.5, 0.377646, 0.470222), (-0.6, 0.234001, 0.513689), (-0.4, 0.0401924, 0.61), (-0.4, 0.45, 1.01981), (-0.5, 0.45, 1.01981), (-0.5, 0.45, 0.500192), (-0.6, 0.4275, 0.980837), (-0.6, 0.4275, 0.539164), (-0.6, 0.480312, 0.579688), (-0.3, 0.480312, 0.579688), (-0.3, 0.546311, 0.825999), (-0.3, 0.555, 0.76), (-0.3, 0.0791635, 0.8875), (-0.3, 0.0536889, 0.825999), (-0.3, 0.1725, 0.539164), (-0.3, 0.234001, 0.513689), (-0.3, 0.520837, 0.6325), (-0.3, 0.480312, 0.940312), (-0.3, 0.520837, 0.8875), (-0.3, 0.234001, 1.00631), (-0.3, 0.3, 1.015), (-0.3, 0.045, 0.76), (-0.3, 0.0536889, 0.694001), (-0.6, 0.3, 0.59512), (-0.6, 0.257326, 0.600738), (-0.6, 0.342674, 0.600738), (-0.6, 0.21756, 0.61721), (-0.6, 0.183412, 0.643412), (-0.6, 0.38244, 0.61721), (-0.6, 0.416588, 0.643412), (-0.6, 0.15721, 0.67756), (-0.6, 0.140738, 0.717326), (-0.6, 0.13512, 0.76), (-0.6, 0.44279, 0.67756), (-0.6, 0.459262, 0.717326), (-0.6, 0.140738, 0.802674), (-0.6, 0.15721, 0.84244), (-0.6, 0.46488, 0.76), (-0.6, 0.459262, 0.802674), (-0.6, 0.44279, 0.84244), (-0.6, 0.183412, 0.876588), (-0.6, 0.21756, 0.90279), (-0.6, 0.416588, 0.876588), (-0.6, 0.38244, 0.90279), (-0.6, 0.257326, 0.919262), (-0.6, 0.342674, 0.919262), (-0.6, 0.3, 0.92488), (-0.3, 0.0791635, 0.6325), (-0.3, 0.119688, 0.579688), (-0.3, 0.365999, 1.00631), (-0.3, 0.4275, 0.980837), (-0.3, 0.1725, 0.980837), (-0.3, 0.546311, 0.694001), (-0.3, 0.3, 0.505), (-0.3, 0.119688, 0.940312), (-0.5, 0.241915, 0.701915), (-0.5, 0.228861, 0.718928), (-0.6, 0.222554, 0.682554), (-0.6, 0.205148, 0.705237), (-0.5, 0.3, 0.677856), (-0.6, 0.3, 0.650474), (-0.5, 0.321261, 0.680655), (-0.6, 0.328347, 0.654207), (-0.5, 0.217856, 0.76), (-0.5, 0.220655, 0.78126), (-0.6, 0.190475, 0.76), (-0.6, 0.194207, 0.788347), (-0.5, 0.321261, 0.839345), (-0.5, 0.341072, 0.831139), (-0.6, 0.328347, 0.865793), (-0.6, 0.354763, 0.854852), (-0.6, 0.271653, 0.654207), (-0.5, 0.27874, 0.680655), (-0.5, 0.371139, 0.718928), (-0.5, 0.358085, 0.701915), (-0.6, 0.394852, 0.705237), (-0.6, 0.377446, 0.682554), (-0.6, 0.245237, 0.854852), (-0.5, 0.258928, 0.831139), (-0.6, 0.271653, 0.865793), (-0.5, 0.27874, 0.839345), (-0.5, 0.220655, 0.73874), (-0.6, 0.194207, 0.731653), (-0.6, 0.245237, 0.665148), (-0.5, 0.258928, 0.688861), (-0.5, 0.358085, 0.818085), (-0.6, 0.377446, 0.837446), (-0.5, 0.341072, 0.688861), (-0.6, 0.354763, 0.665148), (-0.5, 0.379345, 0.78126), (-0.5, 0.382144, 0.76), (-0.6, 0.405793, 0.788347), (-0.6, 0.409525, 0.76), (-0.5, 0.371139, 0.801072), (-0.6, 0.394852, 0.814763), (-0.5, 0.228861, 0.801072), (-0.5, 0.241915, 0.818085), (-0.6, 0.205148, 0.814763), (-0.6, 0.222554, 0.837446), (-0.5, 0.379345, 0.73874), (-0.5, 0.3, 0.842144), (-0.6, 0.3, 0.869525), (-0.6, 0.405793, 0.731653), (-0.6, 0.3, 0.92488), (-0.6, 0.257326, 0.919262), (-0.6, 0.342674, 0.919262), (-0.6, 0.38244, 0.90279), (-0.6, 0.21756, 0.90279), (-0.6, 0.183412, 0.876588), (-0.6, 0.416588, 0.876588), (-0.6, 0.3, 0.869525), (-0.6, 0.328347, 0.865793), (-0.6, 0.271653, 0.865793), (-0.6, 0.44279, 0.84244), (-0.6, 0.354763, 0.854852), (-0.6, 0.377446, 0.837446), (-0.6, 0.15721, 0.84244), (-0.6, 0.245237, 0.854852), (-0.6, 0.222554, 0.837446), (-0.6, 0.459262, 0.802674), (-0.6, 0.394852, 0.814763), (-0.6, 0.405793, 0.788347), (-0.6, 0.46488, 0.76), (-0.6, 0.409525, 0.76), (-0.6, 0.140738, 0.802674), (-0.6, 0.205148, 0.814763), (-0.6, 0.194207, 0.788347), (-0.6, 0.459262, 0.717326), (-0.6, 0.405793, 0.731653), (-0.6, 0.394852, 0.705237), (-0.6, 0.13512, 0.76), (-0.6, 0.190475, 0.76), (-0.6, 0.194207, 0.731653), (-0.6, 0.140738, 0.717326), (-0.6, 0.205148, 0.705237), (-0.6, 0.44279, 0.67756), (-0.6, 0.377446, 0.682554), (-0.6, 0.354763, 0.665148), (-0.6, 0.15721, 0.67756), (-0.6, 0.222554, 0.682554), (-0.6, 0.245237, 0.665148), (-0.6, 0.416588, 0.643412), (-0.6, 0.183412, 0.643412), (-0.6, 0.328347, 0.654207), (-0.6, 0.271653, 0.654207), (-0.6, 0.3, 0.650474), (-0.6, 0.38244, 0.61721), (-0.6, 0.21756, 0.61721), (-0.6, 0.342674, 0.600738), (-0.6, 0.257326, 0.600738), (-0.6, 0.3, 0.59512), (0.5, 0.589778, 0.837646), (0.4, 0.559808, 0.91), (0.5, 0.559808, 0.91), (0.5, 0.087868, 0.972132), (0.4, 0.087868, 0.972132), (0.5, 0.15, 1.01981), (0.4, 0.15, 1.01981), (0.5, 0.6, 0.76), (0.5, 0.589778, 0.682354), (0.6, 0.555, 0.76), (0.6, 0.546311, 0.694001), (0.4, 0.222354, 0.470222), (0.5, 0.222354, 0.470222), (0.5, 0.3, 0.46), (0.4, 0.0102223, 0.682354), (0.4, 0, 0.76), (0.5, 0.0102223, 0.682354), (0.5, 0, 0.76), (0.5, 0.0401924, 0.61), (0.6, 0.0791635, 0.6325), (0.6, 0.0536889, 0.694001), (0.4, 0.512132, 0.972132), (0.5, 0.512132, 0.972132), (0.4, 0.0401924, 0.61), (0.3, 0.365999, 1.00631), (0.3, 0.4275, 0.980837), (0.4, 0.45, 1.01981), (0.6, 0.546311, 0.825999), (0.6, 0.520837, 0.8875), (0.6, 0.045, 0.76), (0.5, 0.087868, 0.547868), (0.6, 0.119688, 0.579688), (0.5, 0.15, 0.500192), (0.6, 0.1725, 0.539164), (0.5, 0.512132, 0.547868), (0.6, 0.480312, 0.579688), (0.5, 0.559808, 0.61), (0.6, 0.520837, 0.6325), (0.4, 0.087868, 0.547868), (0.4, 0.15, 0.500192), (0.5, 0.222354, 1.04978), (0.4, 0.222354, 1.04978), (0.6, 0.234001, 0.513689), (0.6, 0.3, 0.505), (0.6, 0.119688, 0.940312), (0.6, 0.1725, 0.980837), (0.4, 0.512132, 0.547868), (0.4, 0.589778, 0.682354), (0.5, 0.377646, 0.470222), (0.6, 0.365999, 0.513689), (0.4, 0.0102223, 0.837646), (0.5, 0.0102223, 0.837646), (0.5, 0.0401924, 0.91), (0.6, 0.0536889, 0.825999), (0.6, 0.0791635, 0.8875), (0.6, 0.3, 1.015), (0.5, 0.3, 1.06), (0.6, 0.365999, 1.00631), (0.5, 0.377646, 1.04978), (0.6, 0.234001, 1.00631), (0.4, 0.0401924, 0.91), (0.5, 0.45, 0.500192), (0.5, 0.45, 1.01981), (0.6, 0.4275, 0.539164), (0.6, 0.4275, 0.980837), (0.6, 0.480312, 0.940312), (0.3, 0.480312, 0.940312), (0.3, 0.546311, 0.694001), (0.3, 0.555, 0.76), (0.3, 0.0791635, 0.6325), (0.3, 0.0536889, 0.694001), (0.3, 0.1725, 0.980837), (0.3, 0.234001, 1.00631), (0.3, 0.520837, 0.8875), (0.3, 0.480312, 0.579688), (0.3, 0.520837, 0.6325), (0.3, 0.234001, 0.513689), (0.3, 0.3, 0.505), (0.3, 0.045, 0.76), (0.3, 0.0536889, 0.825999), (0.6, 0.3, 0.92488), (0.6, 0.257326, 0.919262), (0.6, 0.342674, 0.919262), (0.6, 0.21756, 0.90279), (0.6, 0.183412, 0.876588), (0.6, 0.38244, 0.90279), (0.6, 0.416588, 0.876588), (0.6, 0.15721, 0.84244), (0.6, 0.140738, 0.802674), (0.6, 0.13512, 0.76), (0.6, 0.44279, 0.84244), (0.6, 0.459262, 0.802674), (0.6, 0.140738, 0.717326), (0.6, 0.15721, 0.67756), (0.6, 0.46488, 0.76), (0.6, 0.459262, 0.717326), (0.6, 0.44279, 0.67756), (0.6, 0.183412, 0.643412), (0.6, 0.21756, 0.61721), (0.6, 0.416588, 0.643412), (0.6, 0.38244, 0.61721), (0.6, 0.257326, 0.600738), (0.6, 0.342674, 0.600738), (0.6, 0.3, 0.59512), (0.3, 0.0791635, 0.8875), (0.3, 0.119688, 0.940312), (0.3, 0.365999, 0.513689), (0.3, 0.4275, 0.539164), (0.3, 0.1725, 0.539164), (0.3, 0.546311, 0.825999), (0.3, 0.3, 1.015), (0.3, 0.119688, 0.579688), (0.5, 0.241915, 0.818085), (0.5, 0.228861, 0.801072), (0.6, 0.222554, 0.837446), (0.6, 0.205148, 0.814763), (0.5, 0.3, 0.842144), (0.6, 0.3, 0.869525), (0.5, 0.321261, 0.839345), (0.6, 0.328347, 0.865793), (0.5, 0.217856, 0.76), (0.5, 0.220655, 0.73874), (0.6, 0.190475, 0.76), (0.6, 0.194207, 0.731653), (0.5, 0.321261, 0.680655), (0.5, 0.341072, 0.688861), (0.6, 0.328347, 0.654207), (0.6, 0.354763, 0.665148), (0.6, 0.271653, 0.865793), (0.5, 0.27874, 0.839345), (0.5, 0.371139, 0.801072), (0.5, 0.358085, 0.818085), (0.6, 0.394852, 0.814763), (0.6, 0.377446, 0.837446), (0.6, 0.245237, 0.665148), (0.5, 0.258928, 0.688861), (0.6, 0.271653, 0.654207), (0.5, 0.27874, 0.680655), (0.5, 0.220655, 0.78126), (0.6, 0.194207, 0.788347), (0.6, 0.245237, 0.854852), (0.5, 0.258928, 0.831139), (0.5, 0.358085, 0.701915), (0.6, 0.377446, 0.682554), (0.5, 0.341072, 0.831139), (0.6, 0.354763, 0.854852), (0.5, 0.379345, 0.73874), (0.5, 0.382144, 0.76), (0.6, 0.405793, 0.731653), (0.6, 0.409525, 0.76), (0.5, 0.371139, 0.718928), (0.6, 0.394852, 0.705237), (0.5, 0.228861, 0.718928), (0.5, 0.241915, 0.701915), (0.6, 0.205148, 0.705237), (0.6, 0.222554, 0.682554), (0.5, 0.379345, 0.78126), (0.5, 0.3, 0.677856), (0.6, 0.3, 0.650474), (0.6, 0.405793, 0.788347), (0.6, 0.3, 0.59512), (0.6, 0.257326, 0.600738), (0.6, 0.342674, 0.600738), (0.6, 0.38244, 0.61721), (0.6, 0.21756, 0.61721), (0.6, 0.183412, 0.643412), (0.6, 0.416588, 0.643412), (0.6, 0.3, 0.650474), (0.6, 0.328347, 0.654207), (0.6, 0.271653, 0.654207), (0.6, 0.44279, 0.67756), (0.6, 0.354763, 0.665148), (0.6, 0.377446, 0.682554), (0.6, 0.15721, 0.67756), (0.6, 0.245237, 0.665148), (0.6, 0.222554, 0.682554), (0.6, 0.459262, 0.717326), (0.6, 0.394852, 0.705237), (0.6, 0.405793, 0.731653), (0.6, 0.46488, 0.76), (0.6, 0.409525, 0.76), (0.6, 0.140738, 0.717326), (0.6, 0.205148, 0.705237), (0.6, 0.194207, 0.731653), (0.6, 0.459262, 0.802674), (0.6, 0.405793, 0.788347), (0.6, 0.394852, 0.814763), (0.6, 0.13512, 0.76), (0.6, 0.190475, 0.76), (0.6, 0.194207, 0.788347), (0.6, 0.140738, 0.802674), (0.6, 0.205148, 0.814763), (0.6, 0.44279, 0.84244), (0.6, 0.377446, 0.837446), (0.6, 0.354763, 0.854852), (0.6, 0.15721, 0.84244), (0.6, 0.222554, 0.837446), (0.6, 0.245237, 0.854852), (0.6, 0.416588, 0.876588), (0.6, 0.183412, 0.876588), (0.6, 0.328347, 0.865793), (0.6, 0.271653, 0.865793), (0.6, 0.3, 0.869525), (0.6, 0.38244, 0.90279), (0.6, 0.21756, 0.90279), (0.6, 0.342674, 0.919262), (0.6, 0.257326, 0.919262), (0.6, 0.3, 0.92488), (0.5, 0.589778, -0.682354), (0.4, 0.559808, -0.61), (0.5, 0.559808, -0.61), (0.5, 0.087868, -0.547868), (0.4, 0.087868, -0.547868), (0.5, 0.15, -0.500192), (0.4, 0.15, -0.500192), (0.5, 0.6, -0.76), (0.5, 0.589778, -0.837646), (0.6, 0.555, -0.76), (0.6, 0.546311, -0.825999), (0.4, 0.222354, -1.04978), (0.5, 0.222354, -1.04978), (0.5, 0.3, -1.06), (0.4, 0.0102223, -0.837646), (0.4, 0, -0.76), (0.5, 0.0102223, -0.837646), (0.5, 0, -0.76), (0.5, 0.0401924, -0.91), (0.6, 0.0791635, -0.8875), (0.6, 0.0536889, -0.825999), (0.5, 0.512132, -0.547868), (0.4, 0.0401924, -0.91), (0.3, 0.365999, -0.513689), (0.3, 0.4275, -0.539164), (0.4, 0.45, -0.500192), (0.6, 0.546311, -0.694001), (0.6, 0.520837, -0.6325), (0.6, 0.045, -0.76), (0.5, 0.087868, -0.972132), (0.6, 0.119688, -0.940312), (0.5, 0.15, -1.01981), (0.6, 0.1725, -0.980837), (0.5, 0.512132, -0.972132), (0.6, 0.480312, -0.940312), (0.5, 0.559808, -0.91), (0.6, 0.520837, -0.8875), (0.4, 0.087868, -0.972132), (0.4, 0.15, -1.01981), (0.5, 0.222354, -0.470222), (0.4, 0.222354, -0.470222), (0.6, 0.234001, -1.00631), (0.6, 0.3, -1.015), (0.6, 0.119688, -0.579688), (0.6, 0.1725, -0.539164), (0.4, 0.512132, -0.972132), (0.4, 0.559808, -0.91), (0.4, 0.589778, -0.837646), (0.5, 0.377646, -1.04978), (0.6, 0.365999, -1.00631), (0.4, 0.0102223, -0.682354), (0.5, 0.0102223, -0.682354), (0.5, 0.0401924, -0.61), (0.6, 0.0536889, -0.694001), (0.6, 0.0791635, -0.6325), (0.6, 0.3, -0.505), (0.5, 0.3, -0.46), (0.6, 0.365999, -0.513689), (0.5, 0.377646, -0.470222), (0.6, 0.234001, -0.513689), (0.4, 0.0401924, -0.61), (0.5, 0.45, -1.01981), (0.5, 0.45, -0.500192), (0.6, 0.4275, -0.980837), (0.6, 0.4275, -0.539164), (0.6, 0.480312, -0.579688), (0.4, 0.3, -0.46), (0.3, 0.480312, -0.579688), (0.3, 0.546311, -0.825999), (0.3, 0.555, -0.76), (0.3, 0.0791635, -0.8875), (0.3, 0.0536889, -0.825999), (0.3, 0.1725, -0.539164), (0.3, 0.234001, -0.513689), (0.3, 0.520837, -0.6325), (0.3, 0.480312, -0.940312), (0.3, 0.520837, -0.8875), (0.3, 0.234001, -1.00631), (0.3, 0.3, -1.015), (0.3, 0.045, -0.76), (0.3, 0.0536889, -0.694001), (0.6, 0.3, -0.59512), (0.6, 0.257326, -0.600738), (0.6, 0.342674, -0.600738), (0.6, 0.21756, -0.61721), (0.6, 0.183412, -0.643412), (0.6, 0.38244, -0.61721), (0.6, 0.416588, -0.643412), (0.6, 0.15721, -0.67756), (0.6, 0.140738, -0.717326), (0.6, 0.13512, -0.76), (0.6, 0.44279, -0.67756), (0.6, 0.459262, -0.717326), (0.6, 0.140738, -0.802674), (0.6, 0.15721, -0.84244), (0.6, 0.46488, -0.76), (0.6, 0.459262, -0.802674), (0.6, 0.44279, -0.84244), (0.6, 0.183412, -0.876588), (0.6, 0.21756, -0.90279), (0.6, 0.416588, -0.876588), (0.6, 0.38244, -0.90279), (0.6, 0.257326, -0.919262), (0.6, 0.342674, -0.919262), (0.6, 0.3, -0.92488), (0.3, 0.0791635, -0.6325), (0.3, 0.119688, -0.579688), (0.3, 0.365999, -1.00631), (0.3, 0.4275, -0.980837), (0.3, 0.1725, -0.980837), (0.3, 0.546311, -0.694001), (0.3, 0.3, -0.505), (0.3, 0.119688, -0.940312), (0.5, 0.241915, -0.701915), (0.5, 0.228861, -0.718928), (0.6, 0.222554, -0.682554), (0.6, 0.205148, -0.705237), (0.5, 0.3, -0.677856), (0.6, 0.3, -0.650474), (0.5, 0.321261, -0.680655), (0.6, 0.328347, -0.654207), (0.5, 0.217856, -0.76), (0.5, 0.220655, -0.78126), (0.6, 0.190475, -0.76), (0.6, 0.194207, -0.788347), (0.5, 0.321261, -0.839345), (0.5, 0.341072, -0.831139), (0.6, 0.328347, -0.865793), (0.6, 0.354763, -0.854852), (0.6, 0.271653, -0.654207), (0.5, 0.27874, -0.680655), (0.5, 0.371139, -0.718928), (0.5, 0.358085, -0.701915), (0.6, 0.394852, -0.705237), (0.6, 0.377446, -0.682554), (0.6, 0.245237, -0.854852), (0.5, 0.258928, -0.831139), (0.6, 0.271653, -0.865793), (0.5, 0.27874, -0.839345), (0.5, 0.220655, -0.73874), (0.6, 0.194207, -0.731653), (0.6, 0.245237, -0.665148), (0.5, 0.258928, -0.688861), (0.5, 0.358085, -0.818085), (0.6, 0.377446, -0.837446), (0.5, 0.341072, -0.688861), (0.6, 0.354763, -0.665148), (0.5, 0.379345, -0.78126), (0.5, 0.382144, -0.76), (0.6, 0.405793, -0.788347), (0.6, 0.409525, -0.76), (0.5, 0.371139, -0.801072), (0.6, 0.394852, -0.814763), (0.5, 0.228861, -0.801072), (0.5, 0.241915, -0.818085), (0.6, 0.205148, -0.814763), (0.6, 0.222554, -0.837446), (0.5, 0.379345, -0.73874), (0.5, 0.3, -0.842144), (0.6, 0.3, -0.869525), (0.6, 0.405793, -0.731653), (0.6, 0.3, -0.92488), (0.6, 0.257326, -0.919262), (0.6, 0.342674, -0.919262), (0.6, 0.38244, -0.90279), (0.6, 0.21756, -0.90279), (0.6, 0.183412, -0.876588), (0.6, 0.416588, -0.876588), (0.6, 0.3, -0.869525), (0.6, 0.328347, -0.865793), (0.6, 0.271653, -0.865793), (0.6, 0.44279, -0.84244), (0.6, 0.354763, -0.854852), (0.6, 0.377446, -0.837446), (0.6, 0.15721, -0.84244), (0.6, 0.245237, -0.854852), (0.6, 0.222554, -0.837446), (0.6, 0.459262, -0.802674), (0.6, 0.394852, -0.814763), (0.6, 0.405793, -0.788347), (0.6, 0.46488, -0.76), (0.6, 0.409525, -0.76), (0.6, 0.140738, -0.802674), (0.6, 0.205148, -0.814763), (0.6, 0.194207, -0.788347), (0.6, 0.459262, -0.717326), (0.6, 0.405793, -0.731653), (0.6, 0.394852, -0.705237), (0.6, 0.13512, -0.76), (0.6, 0.190475, -0.76), (0.6, 0.194207, -0.731653), (0.6, 0.140738, -0.717326), (0.6, 0.205148, -0.705237), (0.6, 0.44279, -0.67756), (0.6, 0.377446, -0.682554), (0.6, 0.354763, -0.665148), (0.6, 0.15721, -0.67756), (0.6, 0.222554, -0.682554), (0.6, 0.245237, -0.665148), (0.6, 0.416588, -0.643412), (0.6, 0.183412, -0.643412), (0.6, 0.328347, -0.654207), (0.6, 0.271653, -0.654207), (0.6, 0.3, -0.650474), (0.6, 0.38244, -0.61721), (0.6, 0.21756, -0.61721), (0.6, 0.342674, -0.600738), (0.6, 0.257326, -0.600738), (0.6, 0.3, -0.59512), (-0.4, 0.589778, -0.837646), (-0.5, 0.589778, -0.837646), (-0.4, 0.559808, -0.91), (-0.5, 0.559808, -0.91), (-0.5, 0.087868, -0.972132), (-0.4, 0.087868, -0.972132), (-0.5, 0.15, -1.01981), (-0.4, 0.15, -1.01981), (-0.5, 0.6, -0.76), (-0.5, 0.589778, -0.682354), (-0.6, 0.555, -0.76), (-0.6, 0.546311, -0.694001), (-0.4, 0.222354, -0.470222), (-0.5, 0.222354, -0.470222), (-0.4, 0.3, -0.46), (-0.5, 0.3, -0.46), (-0.4, 0.0102223, -0.682354), (-0.4, 0, -0.76), (-0.5, 0.0102223, -0.682354), (-0.5, 0, -0.76), (-0.5, 0.0401924, -0.61), (-0.6, 0.0791635, -0.6325), (-0.6, 0.0536889, -0.694001), (-0.4, 0.512132, -0.972132), (-0.5, 0.512132, -0.972132), (-0.4, 0.0401924, -0.61), (-0.3, 0.365999, -1.00631), (-0.3, 0.4275, -0.980837), (-0.6, 0.546311, -0.825999), (-0.6, 0.520837, -0.8875), (-0.6, 0.045, -0.76), (-0.5, 0.087868, -0.547868), (-0.6, 0.119688, -0.579688), (-0.5, 0.15, -0.500192), (-0.6, 0.1725, -0.539164), (-0.5, 0.512132, -0.547868), (-0.6, 0.480312, -0.579688), (-0.5, 0.559808, -0.61), (-0.6, 0.520837, -0.6325), (-0.4, 0.087868, -0.547868), (-0.4, 0.15, -0.500192), (-0.5, 0.222354, -1.04978), (-0.4, 0.222354, -1.04978), (-0.6, 0.234001, -0.513689), (-0.6, 0.3, -0.505), (-0.6, 0.119688, -0.940312), (-0.6, 0.1725, -0.980837), (-0.4, 0.559808, -0.61), (-0.5, 0.377646, -0.470222), (-0.6, 0.365999, -0.513689), (-0.4, 0.0102223, -0.837646), (-0.5, 0.0102223, -0.837646), (-0.5, 0.0401924, -0.91), (-0.6, 0.0536889, -0.825999), (-0.6, 0.0791635, -0.8875), (-0.6, 0.3, -1.015), (-0.5, 0.3, -1.06), (-0.6, 0.365999, -1.00631), (-0.5, 0.377646, -1.04978), (-0.6, 0.234001, -1.00631), (-0.4, 0.0401924, -0.91), (-0.4, 0.45, -0.500192), (-0.5, 0.45, -0.500192), (-0.5, 0.45, -1.01981), (-0.6, 0.4275, -0.539164), (-0.6, 0.4275, -0.980837), (-0.6, 0.480312, -0.940312), (-0.3, 0.480312, -0.940312), (-0.3, 0.546311, -0.694001), (-0.3, 0.555, -0.76), (-0.3, 0.0791635, -0.6325), (-0.3, 0.0536889, -0.694001), (-0.3, 0.1725, -0.980837), (-0.3, 0.234001, -1.00631), (-0.3, 0.520837, -0.8875), (-0.3, 0.480312, -0.579688), (-0.3, 0.520837, -0.6325), (-0.3, 0.234001, -0.513689), (-0.3, 0.3, -0.505), (-0.3, 0.045, -0.76), (-0.3, 0.0536889, -0.825999), (-0.6, 0.3, -0.92488), (-0.6, 0.257326, -0.919262), (-0.6, 0.342674, -0.919262), (-0.6, 0.21756, -0.90279), (-0.6, 0.183412, -0.876588), (-0.6, 0.38244, -0.90279), (-0.6, 0.416588, -0.876588), (-0.6, 0.15721, -0.84244), (-0.6, 0.140738, -0.802674), (-0.6, 0.13512, -0.76), (-0.6, 0.44279, -0.84244), (-0.6, 0.459262, -0.802674), (-0.6, 0.140738, -0.717326), (-0.6, 0.15721, -0.67756), (-0.6, 0.46488, -0.76), (-0.6, 0.459262, -0.717326), (-0.6, 0.44279, -0.67756), (-0.6, 0.183412, -0.643412), (-0.6, 0.21756, -0.61721), (-0.6, 0.416588, -0.643412), (-0.6, 0.38244, -0.61721), (-0.6, 0.257326, -0.600738), (-0.6, 0.342674, -0.600738), (-0.6, 0.3, -0.59512), (-0.3, 0.0791635, -0.8875), (-0.3, 0.119688, -0.940312), (-0.3, 0.365999, -0.513689), (-0.3, 0.4275, -0.539164), (-0.3, 0.1725, -0.539164), (-0.3, 0.546311, -0.825999), (-0.3, 0.3, -1.015), (-0.3, 0.119688, -0.579688), (-0.5, 0.241915, -0.818085), (-0.5, 0.228861, -0.801072), (-0.6, 0.222554, -0.837446), (-0.6, 0.205148, -0.814763), (-0.5, 0.3, -0.842144), (-0.6, 0.3, -0.869525), (-0.5, 0.321261, -0.839345), (-0.6, 0.328347, -0.865793), (-0.5, 0.217856, -0.76), (-0.5, 0.220655, -0.73874), (-0.6, 0.190475, -0.76), (-0.6, 0.194207, -0.731653), (-0.5, 0.321261, -0.680655), (-0.5, 0.341072, -0.688861), (-0.6, 0.328347, -0.654207), (-0.6, 0.354763, -0.665148), (-0.6, 0.271653, -0.865793), (-0.5, 0.27874, -0.839345), (-0.5, 0.371139, -0.801072), (-0.5, 0.358085, -0.818085), (-0.6, 0.394852, -0.814763), (-0.6, 0.377446, -0.837446), (-0.6, 0.245237, -0.665148), (-0.5, 0.258928, -0.688861), (-0.6, 0.271653, -0.654207), (-0.5, 0.27874, -0.680655), (-0.5, 0.220655, -0.78126), (-0.6, 0.194207, -0.788347), (-0.6, 0.245237, -0.854852), (-0.5, 0.258928, -0.831139), (-0.5, 0.358085, -0.701915), (-0.6, 0.377446, -0.682554), (-0.5, 0.341072, -0.831139), (-0.6, 0.354763, -0.854852), (-0.5, 0.379345, -0.73874), (-0.5, 0.382144, -0.76), (-0.6, 0.405793, -0.731653), (-0.6, 0.409525, -0.76), (-0.5, 0.371139, -0.718928), (-0.6, 0.394852, -0.705237), (-0.5, 0.228861, -0.718928), (-0.5, 0.241915, -0.701915), (-0.6, 0.205148, -0.705237), (-0.6, 0.222554, -0.682554), (-0.5, 0.379345, -0.78126), (-0.5, 0.3, -0.677856), (-0.6, 0.3, -0.650474), (-0.6, 0.405793, -0.788347), (-0.6, 0.3, -0.59512), (-0.6, 0.257326, -0.600738), (-0.6, 0.342674, -0.600738), (-0.6, 0.38244, -0.61721), (-0.6, 0.21756, -0.61721), (-0.6, 0.183412, -0.643412), (-0.6, 0.416588, -0.643412), (-0.6, 0.3, -0.650474), (-0.6, 0.328347, -0.654207), (-0.6, 0.271653, -0.654207), (-0.6, 0.44279, -0.67756), (-0.6, 0.354763, -0.665148), (-0.6, 0.377446, -0.682554), (-0.6, 0.15721, -0.67756), (-0.6, 0.245237, -0.665148), (-0.6, 0.222554, -0.682554), (-0.6, 0.459262, -0.717326), (-0.6, 0.394852, -0.705237), (-0.6, 0.405793, -0.731653), (-0.6, 0.46488, -0.76), (-0.6, 0.409525, -0.76), (-0.6, 0.140738, -0.717326), (-0.6, 0.205148, -0.705237), (-0.6, 0.194207, -0.731653), (-0.6, 0.459262, -0.802674), (-0.6, 0.405793, -0.788347), (-0.6, 0.394852, -0.814763), (-0.6, 0.13512, -0.76), (-0.6, 0.190475, -0.76), (-0.6, 0.194207, -0.788347), (-0.6, 0.140738, -0.802674), (-0.6, 0.205148, -0.814763), (-0.6, 0.44279, -0.84244), (-0.6, 0.377446, -0.837446), (-0.6, 0.354763, -0.854852), (-0.6, 0.15721, -0.84244), (-0.6, 0.222554, -0.837446), (-0.6, 0.245237, -0.854852), (-0.6, 0.416588, -0.876588), (-0.6, 0.183412, -0.876588), (-0.6, 0.328347, -0.865793), (-0.6, 0.271653, -0.865793), (-0.6, 0.3, -0.869525), (-0.6, 0.38244, -0.90279), (-0.6, 0.21756, -0.90279), (-0.6, 0.342674, -0.919262), (-0.6, 0.257326, -0.919262), (-0.6, 0.3, -0.92488)]
        normal3f[] normals = [(0, 0.258819, -0.965926), (0, 0.813241, -0.581927), (0, 0.75184, -0.659346), (0, 0.813241, -0.581927), (0, 0.258819, -0.965926), (0, 0.233891, -0.972263), (-1, 0, 0), (-1, 0, 0), (-1, 0, 0), (-1, 0, 0), (-1, 0, 0), (-1, 0, 0), (-1, 0, 0), (-1, 0, 0), (-1, 0, 0), (-1, 0, 0), (-1, 0, 0), (-1, 0, 0), (-1, 0, 0), (-1, 0, 0), (-1, 0, 0), (-1, 0, 0), (-1, 0, 0), (-1, 0, 0), (-1, 0, 0), (-1, 0, 0), (-1, 0, 0), (-1, 0, 0), (-1, 0, 0), (-1, 0, 0), (-1, 0, 0), (-1, 0, 0), (-1, 0, 0), (-1, 0, 0), (-1, 0, 0), (-1, 0, 0), (-1, 0, 0), (-1, 0, 0), (-1, 0, 0), (-1, 0, 0), (-1, 0, 0), (-1, 0, 0), (-1, 0, 0), (-1, 0, 0), (-1, 0, 0), (-1, 0, 0), (-1, 0, 0), (-1, 0, 0), (-1, 0, 0), (-1, 0, 0), (-1, 0, 0), (-1, 0, 0), (-1, 0, 0), (-1, 0, 0), (-1, 0, 0), (-1, 0, 0), (-1, 0, 0), (-1, 0, 0), (-1, 0, 0), (-1, 0, 0), (-1, 0, 0), (-1, 0, 0), (-1, 0, 0), (-1, 0, 0), (-1, 0, 0), (-1, 0, 0), (-1, 0, 0), (-1, 0, 0), (-1, 0, 0), (-1, 0, 0), (-1, 0, 0), (-1, 0, 0), (-1, 0, 0), (-1, 0, 0), (-1, 0, 0), (-1, 0, 0), (-1, 0, 0), (-1, 0, 0), (-1, 0, 0), (-1, 0, 0), (-1, 0, 0), (-1, 0, 0), (-1, 0, 0), (-1, 0, 0), (-1, 0, 0), (-1, 0, 0), (-1, 0, 0), (-1, 0, 0), (-1, 0, 0), (-1, 0, 0), (-1, 0, 0), (-1, 0, 0), (-1, 0, 0), (-1, 0, 0), (-1, 0, 0), (-1, 0, 0), (-1, 0, 0), (-1, 0, 0), (-1, 0, 0), (-1, 0, 0), (-1, 0, 0), (-1, 0, 0), (-1, 0, 0), (-1, 0, 0), (-1, 0, 0), (-1, 0, 0), (-1, 0, 0), (-1, 0, 0), (-1, 0, 0), (-1, 0, 0), (-1, 0, 0), (-1, 0, 0), (-1, 0, 0), (-1, 0, 0), (-1, 0, 0), (-1, 0, 0), (-1, 0, 0), (-1, 0, 0), (-1, 0, 0), (-1, 0, 0), (-1, 0, 0), (-1, 0, 0), (-1, 0, 0), (-1, 0, 0), (-1, 0, 0), (-1, 0, 0), (-1, 0, 0), (-1, 0, 0), (-1, 0, 0), (-1, 0, 0), (-1, 0, 0), (-1, 0, 0), (-1, 0, 0), (-1, 0, 0), (-1, 0, 0), (-1, 0, 0), (-1, 0, 0), (-1, 0, 0), (-1, 0, 0), (-1, 0, 0), (-1, 0, 0), (-1, 0, 0), (-1, 0, 0), (-1, 0, 0), (-1, 0, 0), (-1, 0, 0), (-1, 0, 0), (-1, 0, 0), (-1, 0, 0), (-1, 0, 0), (-1, 0, 0), (-1, 0, 0), (-1, 0, 0), (-1, 0, 0), (-1, 0, 0), (-1, 0, 0), (-1, 0, 0), (-1, 0, 0), (-1, 0, 0), (-1, 0, 0), (-1, 0, 0), (-1, 0, 0), (-1, 0, 0), (-1, 0, 0), (-1, 0, 0), (-1, 0, 0), (-1, 0, 0), (-1, 0, 0), (-1, 0, 0), (-1, 0, 0), (-1, 0, 0), (-1, 0, 0), (-1, 0, 0), (-1, 0, 0), (-1, 0, 0), (-1, 0, 0), (-1, 0, 0), (-1, 0, 0), (-1, 0, 0), (-1, 0, 0), (1, 0, 0), (1, 0, 0), (1, 0, 0), (1, 0, 0), (1, 0, 0), (1, 0, 0), (1, 0, 0), (1, 0, 0), (1, 0, 0), (1, 0, 0), (1, 0, 0), (1, 0, 0), (1, 0, 0), (1, 0, 0), (1, 0, 0), (1, 0, 0), (1, 0, 0), (1, 0, 0), (1, 0, 0), (1, 0, 0), (1, 0, 0), (1, 0, 0), (1, 0, 0), (1, 0, 0), (1, 0, 0), (1, 0, 0), (1, 0, 0), (1, 0, 0), (1, 0, 0), (1, 0, 0), (1, 0, 0), (1, 0, 0), (1, 0, 0), (1, 0, 0), (1, 0, 0), (1, 0, 0), (1, 0, 0), (1, 0, 0), (1, 0, 0), (1, 0, 0), (1, 0, 0), (1, 0, 0), (1, 0, 0), (1, 0, 0), (1, 0, 0), (1, 0, 0), (1, 0, 0), (1, 0, 0), (1, 0, 0), (1, 0, 0), (1, 0, 0), (1, 0, 0), (1, 0, 0), (1, 0, 0), (1, 0, 0), (1, 0, 0), (1, 0, 0), (1, 0, 0), (1, 0, 0), (1, 0, 0), (1, 0, 0), (1, 0, 0), (1, 0, 0), (1, 0, 0), (1, 0, 0), (1, 0, 0), (1, 0, 0), (1, 0, 0), (1, 0, 0), (1, 0, 0), (1, 0, 0), (1, 0, 0), (1, 0, 0), (1, 0, 0), (1, 0, 0), (1, 0, 0), (1, 0, 0), (1, 0, 0), (1, 0, 0), (1, 0, 0), (1, 0, 0), (1, 0, 0), (1, 0, 0), (1, 0, 0), (1, 0, 0), (1, 0, 0), (1, 0, 0), (1, 0, 0), (1, 0, 0), (1, 0, 0), (1, 0, 0), (1, 0, 0), (1, 0, 0), (1, 0, 0), (1, 0, 0), (1, 0, 0), (1, 0, 0), (1, 0, 0), (1, 0, 0), (1, 0, 0), (1, 0, 0), (1, 0, 0), (1, 0, 0), (1, 0, 0), (1, 0, 0), (1, 0, 0), (1, 0, 0), (1, 0, 0), (1, 0, 0), (1, 0, 0), (1, 0, 0), (1, 0, 0), (1, 0, 0), (1, 0, 0), (1, 0, 0), (1, 0, 0), (1, 0, 0), (1, 0, 0), (1, 0, 0), (1, 0, 0), (1, 0, 0), (1, 0, 0), (1, 0, 0), (1, 0, 0), (1, 0, 0), (1, 0, 0), (1, 0, 0), (1, 0, 0), (1, 0, 0), (1, 0, 0), (1, 0, 0), (1, 0, 0), (1, 0, 0), (1, 0, 0), (1, 0, 0), (1, 0, 0), (1, 0, 0), (1, 0, 0), (1, 0, 0), (1, 0, 0), (1, 0, 0), (1, 0, 0), (1, 0, 0), (1, 0, 0), (1, 0, 0), (1, 0, 0), (1, 0, 0), (1, 0, 0), (1, 0, 0), (1, 0, 0), (1, 0, 0), (1, 0, 0), (1, 0, 0), (1, 0, 0), (1, 0, 0), (1, 0, 0), (1, 0, 0), (1, 0, 0), (1, 0, 0), (1, 0, 0), (1, 0, 0), (1, 0, 0), (1, 0, 0), (1, 0, 0), (1, 0, 0), (1, 0, 0), (1, 0, 0), (1, 0, 0), (1, 0, 0), (1, 0, 0), (1, 0, 0), (1, 0, 0), (1, 0, 0), (1, 0, 0), (0.948683, -0.316228, 0), (0.948683, -0.316228, 0), (0.948683, -0.316228, 0), (0.948683, -0.316228, 0), (0.948683, -0.316228, 0), (0.948683, -0.316228, 0), (0.948683, -0.316228, 0), (0.948683, -0.316228, 0), (0.948683, -0.316228, 0), (0.948683, -0.316228, 0), (0.948683, -0.316228, 0), (0.948683, -0.316228, 0), (0.948683, -0.316228, 0), (0.948683, -0.316228, 0), (0.948683, -0.316228, 0), (0.948683, -0.316228, 0), (0.948683, -0.316228, 0), (0.948683, -0.316228, 0), (0.948683, -0.316228, 0), (0.948683, -0.316228, 0), (0.948683, -0.316228, 0), (0.948683, -0.316228, 0), (0.948683, -0.316228, 0), (0.948683, -0.316228, 0), (0.948683, -0.316228, 0), (0.948683, -0.316228, 0), (0.948683, -0.316228, 0), (0, 0.866025, 0.5), (0, 0.707107, 0.707107), (0, 0.866025, 0.5), (0, 0.707107, 0.707107), (0, 0.866025, 0.5), (0, 0.707107, 0.707107), (0, 0.965926, 0.258819), (0, 0.866025, 0.5), (0, 0.965926, 0.258819), (0, 0.866025, 0.5), (0, 0.965926, 0.258819), (0, 0.866025, 0.5), (0, 0.866025, -0.5), (0, 0.965926, -0.258819), (0, 0.866025, -0.5), (0, 0.965926, -0.258819), (0, 0.866025, -0.5), (0, 0.965926, -0.258819), (0, 0.965926, 0.258819), (0, 0.866025, 0.5), (0, 0.965926, 0.258819), (0, 0.866025, 0.5), (0, 0.965926, 0.258819), (0, 0.866025, 0.5), (0, 0.707107, -0.707107), (0, 0.866025, -0.5), (0, 0.707107, -0.707107), (0, 0.866025, -0.5), (0, 0.707107, -0.707107), (0, 0.866025, -0.5), (0, 0.233891, -0.972263), (0, 0.5, -0.866025), (0, 0.258819, -0.965926), (0, 0.5, -0.866025), (0, 0.233891, -0.972263), (0, 0.479903, -0.877321), (0, 0.5, 0.866025), (0, 0.608761, 0.793353), (0, 0.479903, 0.877321), (0, 0.608761, 0.793353), (0, 0.5, 0.866025), (0, 0.707107, 0.707107), (0, 0.608761, 0.793353), (0, 0.707107, 0.707107), (0, 0.707107, 0.707107), (0, 0.866025, 0.5), (0, 0.707107, 0.707107), (0, 0.866025, 0.5), (0, 0.707107, 0.707107), (0, 0.866025, 0.5), (0, 0.707107, 0.707107), (0, 0.707107, -0.707107), (0, 0.866025, -0.5), (0, 0.707107, -0.707107), (0, 0.866025, -0.5), (0, 0.707107, -0.707107), (0, 0.866025, -0.5), (0, 0.866025, 0.5), (0, 0.707107, 0.707107), (0, 0.866025, 0.5), (0, 0.707107, 0.707107), (0, 0.866025, 0.5), (0, 0.707107, 0.707107), (0, 0.965926, -0.258819), (0, 1, 0), (0, 0.965926, -0.258819), (0, 1, 0), (0, 0.965926, -0.258819), (0, 1, 0), (0, 1, 0), (0, 0.965926, 0.258819), (0, 1, 0), (0, 0.965926, 0.258819), (0, 1, 0), (0, 0.965926, 0.258819), (0, 0.866025, 0.5), (0, 0.707107, 0.707107), (0, 0.866025, 0.5), (0, 0.707107, 0.707107), (0, 0.866025, 0.5), (0, 0.707107, 0.707107), (0, 1, 0), (0, 0.965926, 0.258819), (0, 1, 0), (0, 0.965926, 0.258819), (0, 1, 0), (0, 0.965926, 0.258819), (0, 1, 0), (0, 0.965926, 0.258819), (0, 1, 0), (0, 0.965926, 0.258819), (0, 1, 0), (0, 0.965926, 0.258819), (0, 0.5, -0.866025), (0, 0.233891, -0.972263), (0, 0.258819, -0.965926), (0, 0.233891, -0.972263), (0, 0.5, -0.866025), (0, 0.479903, -0.877321), (0, 0.866025, -0.5), (0, 0.965926, -0.258819), (0, 0.866025, -0.5), (0, 0.965926, -0.258819), (0, 0.866025, -0.5), (0, 0.965926, -0.258819), (-0.948683, -0.316228, 0), (-0.948683, -0.316228, 0), (-0.948683, -0.316228, 0), (-0.948683, -0.316228, 0), (-0.948683, -0.316228, 0), (-0.948683, -0.316228, 0), (-0.948683, -0.316228, 0), (-0.948683, -0.316228, 0), (-0.948683, -0.316228, 0), (-0.948683, -0.316228, 0), (-0.948683, -0.316228, 0), (-0.948683, -0.316228, 0), (-0.948683, -0.316228, 0), (-0.948683, -0.316228, 0), (-0.948683, -0.316228, 0), (0, 0.479903, 0.877321), (0, 0.258819, 0.965926), (0, 0.233891, 0.972263), (0, 0.258819, 0.965926), (0, 0.479903, 0.877321), (0, 0.5, 0.866025), (-0.948683, -0.316228, 0), (-0.948683, -0.316228, 0), (-0.948683, -0.316228, 0), (-0.948683, -0.316228, 0), (-0.948683, -0.316228, 0), (-0.948683, -0.316228, 0), (-0.948683, -0.316228, 0), (-0.948683, -0.316228, 0), (-0.948683, -0.316228, 0), (-0.948683, -0.316228, 0), (-0.948683, -0.316228, 0), (-0.948683, -0.316228, 0), (-0.948683, -0.316228, 0), (-0.948683, -0.316228, 0), (-0.948683, -0.316228, 0), (-0.948683, -0.316228, 0), (-0.948683, -0.316228, 0), (-0.948683, -0.316228, 0), (-0.948683, -0.316228, 0), (-0.948683, -0.316228, 0), (-0.948683, -0.316228, 0), (-0.948683, -0.316228, 0), (-0.948683, -0.316228, 0), (-0.948683, -0.316228, 0), (0, 0.5, 0.866025), (0, 0.233891, 0.972263), (0, 0.258819, 0.965926), (0, 0.233891, 0.972263), (0, 0.5, 0.866025), (0, 0.479903, 0.877321), (0.948683, -0.316228, 0), (0.948683, -0.316228, 0), (0.948683, -0.316228, 0), (0.948683, -0.316228, 0), (0.948683, -0.316228, 0), (0.948683, -0.316228, 0), (0.948683, -0.316228, 0), (0.948683, -0.316228, 0), (0.948683, -0.316228, 0), (0.948683, -0.316228, 0), (0.948683, -0.316228, 0), (0.948683, -0.316228, 0), (0.948683, -0.316228, 0), (0.948683, -0.316228, 0), (0.948683, -0.316228, 0), (0.948683, -0.316228, 0), (0.948683, -0.316228, 0), (0.948683, -0.316228, 0), (0.948683, -0.316228, 0), (0.948683, -0.316228, 0), (0.948683, -0.316228, 0), (0.948683, -0.316228, 0), (0.948683, -0.316228, 0), (0.948683, -0.316228, 0), (0, 0.233891, 0.972263), (0, 0.5, 0.866025), (0, 0.258819, 0.965926), (0, 0.5, 0.866025), (0, 0.233891, 0.972263), (0, 0.479903, 0.877321), (0, 0.707107, -0.707107), (0, 0.866025, -0.5), (0, 0.707107, -0.707107), (0, 0.866025, -0.5), (0, 0.707107, -0.707107), (0, 0.866025, -0.5), (0, 0.965926, -0.258819), (0, 1, 0), (0, 0.965926, -0.258819), (0, 1, 0), (0, 0.965926, -0.258819), (0, 1, 0), (0, 0.5, -0.866025), (0, 0.233891, -0.972263), (0, 0.258819, -0.965926), (0, 0.233891, -0.972263), (0, 0.5, -0.866025), (0, 0.479903, -0.877321), (0, 0.258819, -0.965926), (0, 0.130526, -0.991445), (0, 0.130526, -0.991445), (0, 0.130526, -0.991445), (0, 0.258819, -0.965926), (0, 0.233891, -0.972263), (0, 0.258819, 0.965926), (0, 0.479903, 0.877321), (0, 0.233891, 0.972263), (0, 0.479903, 0.877321), (0, 0.258819, 0.965926), (0, 0.5, 0.866025), (0, 0.707107, -0.707107), (0, 0.479903, -0.877321), (0, 0.5, -0.866025), (0, 0.479903, -0.877321), (0, 0.707107, -0.707107), (0, 0.608761, -0.793353), (0, 0.608761, -0.793353), (0, 0.707107, -0.707107), (0, 0.707107, -0.707107), (0, 0.130526, 0.991445), (0, 0.233891, 0.972263), (0, 0.130526, 0.991445), (0, 0.233891, 0.972263), (0, 0.130526, 0.991445), (0, 0.258819, 0.965926), (0, 0.965926, -0.258819), (0, 1, 0), (0, 0.965926, -0.258819), (0, 1, 0), (0, 0.965926, -0.258819), (0, 1, 0), (0, 0.5, 0.866025), (0, 0.608761, 0.793353), (0, 0.479903, 0.877321), (0, 0.608761, 0.793353), (0, 0.5, 0.866025), (0, 0.707107, 0.707107), (0, 0.608761, 0.793353), (0, 0.707107, 0.707107), (0, 0.707107, 0.707107), (0, 0.608761, -0.793353), (0, 0.5, -0.866025), (0, 0.479903, -0.877321), (0, 0.5, -0.866025), (0, 0.608761, -0.793353), (0, 0.707107, -0.707107), (0, 0.707107, -0.707107), (0, 0.608761, -0.793353), (0, 0.707107, -0.707107), (0, 0.233891, -0.972263), (0, 0.130526, -0.991445), (0, 0.130526, -0.991445), (0, 0.130526, -0.991445), (0, 0.233891, -0.972263), (0, 0.258819, -0.965926), (0, 0.965926, 0.258819), (0, 0.866025, 0.5), (0, 0.965926, 0.258819), (0, 0.866025, 0.5), (0, 0.965926, 0.258819), (0, 0.866025, 0.5), (0, 0.608761, 0.793353), (0, 0.5, 0.866025), (0, 0.479903, 0.877321), (0, 0.5, 0.866025), (0, 0.608761, 0.793353), (0, 0.707107, 0.707107), (0, 0.707107, 0.707107), (0, 0.608761, 0.793353), (0, 0.707107, 0.707107), (0, 0.608761, 0.793353), (0, 0.5, 0.866025), (0, 0.479903, 0.877321), (0, 0.5, 0.866025), (0, 0.608761, 0.793353), (0, 0.707107, 0.707107), (0, 0.707107, 0.707107), (0, 0.608761, 0.793353), (0, 0.707107, 0.707107), (0, 0.965926, -0.258819), (0, 1, 0), (0, 0.965926, -0.258819), (0, 1, 0), (0, 0.965926, -0.258819), (0, 1, 0), (0, 1, 0), (0, 0.965926, 0.258819), (0, 1, 0), (0, 0.965926, 0.258819), (0, 1, 0), (0, 0.965926, 0.258819), (0, 0.233891, -0.972263), (0, 0.75184, -0.659346), (0, 0.813241, -0.581927), (0, 0.75184, -0.659346), (0, 0.233891, -0.972263), (0, 0.258819, -0.965926), (0, 1, 0), (0, 1, 0), (0, 1, 0), (0, 1, 0), (0, 1, 0), (0, 1, 0), (0, 0.866025, -0.5), (0, 0.965926, -0.258819), (0, 0.866025, -0.5), (0, 0.965926, -0.258819), (0, 0.866025, -0.5), (0, 0.965926, -0.258819), (0, 0.233891, -0.972263), (0, 0.5, -0.866025), (0, 0.258819, -0.965926), (0, 0.5, -0.866025), (0, 0.233891, -0.972263), (0, 0.479903, -0.877321), (0, 0.233891, 0.972263), (0, 0.130526, 0.991445), (0, 0.130526, 0.991445), (0, 0.130526, 0.991445), (0, 0.233891, 0.972263), (0, 0.258819, 0.965926), (0, 0.5, -0.866025), (0, 0.608761, -0.793353), (0, 0.479903, -0.877321), (0, 0.608761, -0.793353), (0, 0.5, -0.866025), (0, 0.707107, -0.707107), (0, 0.608761, -0.793353), (0, 0.707107, -0.707107), (0, 0.707107, -0.707107), (0, 0.866025, -0.5), (0, 0.965926, -0.258819), (0, 0.866025, -0.5), (0, 0.965926, -0.258819), (0, 0.866025, -0.5), (0, 0.965926, -0.258819), (0, 0.479903, -0.877321), (0, 0.707107, -0.707107), (0, 0.5, -0.866025), (0, 0.707107, -0.707107), (0, 0.479903, -0.877321), (0, 0.608761, -0.793353), (0, 0.707107, -0.707107), (0, 0.608761, -0.793353), (0, 0.707107, -0.707107), (0, 1, 0), (0, 1, 0), (0, 1, 0), (0, 1, 0), (0, 1, 0), (0, 1, 0), (0, 0.965926, 0.258819), (0, 0.866025, 0.5), (0, 0.965926, 0.258819), (0, 0.866025, 0.5), (0, 0.965926, 0.258819), (0, 0.866025, 0.5), (0, 0.233891, 0.972263), (0, 0.75184, 0.659346), (0, 0.813241, 0.581927), (0, 0.75184, 0.659346), (0, 0.233891, 0.972263), (0, 0.258819, 0.965926), (0, 0.707107, -0.707107), (0, 0.866025, -0.5), (0, 0.707107, -0.707107), (0, 0.866025, -0.5), (0, 0.707107, -0.707107), (0, 0.866025, -0.5), (-0.948683, -0.316228, 0), (-0.948683, -0.316228, 0), (-0.948683, -0.316228, 0), (-0.948683, -0.316228, 0), (-0.948683, -0.316228, 0), (-0.948683, -0.316228, 0), (-0.948683, -0.316228, 0), (-0.948683, -0.316228, 0), (-0.948683, -0.316228, 0), (-0.948683, -0.316228, 0), (-0.948683, -0.316228, 0), (-0.948683, -0.316228, 0), (0, 0.258819, 0.965926), (0, 0.813241, 0.581927), (0, 0.75184, 0.659346), (0, 0.813241, 0.581927), (0, 0.258819, 0.965926), (0, 0.233891, 0.972263), (0, 0.75184, -0.659346), (0, 1, 0), (0, 1, 0), (0, 0.75184, -0.659346), (0, 1, 0), (0, 1, 0), (0, 0.813241, -0.581927), (0, 1, 0), (0, 0.75184, -0.659346), (0, 1, 0), (0, 1, 0), (0, 0.813241, -0.581927), (0, 1, 0), (0, 1, 0), (0, 1, 0), (0, 1, 0), (0, 1, 0), (0, 1, 0), (0, 0.813241, -0.581927), (0, 1, 0), (0, 1, 0), (0, 0.813241, -0.581927), (0, 1, 0), (0, 1, 0), (0, 0.75184, -0.659346), (0, 1, 0), (0, 0.813241, -0.581927), (0, 1, 0), (0, 0.75184, -0.659346), (0, 1, 0), (0, -0.5547, -0.83205), (0, -0.5547, -0.83205), (0, -0.5547, -0.83205), (0, -0.5547, -0.83205), (0, -0.5547, -0.83205), (0, -0.5547, -0.83205), (0, -0.316228, 0.948683), (0, -0.316228, 0.948683), (0, -0.316228, 0.948683), (0, -0.316228, 0.948683), (0, -0.316228, 0.948683), (0, -0.316228, 0.948683), (0, -0.316228, 0.948683), (0, -0.316228, 0.948683), (0, -0.316228, 0.948683), (0, -0.316228, 0.948683), (0, -0.316228, 0.948683), (0, -0.316228, 0.948683), (-0.19509, 0, 0.980785), (-0.707107, 0, 0.707107), (-0.19509, 0, 0.980785), (-0.707107, 0, 0.707107), (-0.19509, 0, 0.980785), (-0.707107, 0, 0.707107), (0.707107, 0, 0.707107), (0.923879, 0, 0.382683), (0.923879, 0, 0.382683), (0.923879, 0, 0.382683), (0.707107, 0, 0.707107), (0.707107, 0, 0.707107), (0.19509, 0, 0.980785), (-0.19509, 0, 0.980785), (0.19509, 0, 0.980785), (-0.19509, 0, 0.980785), (0.19509, 0, 0.980785), (-0.19509, 0, 0.980785), (0.707107, 0, 0.707107), (0.19509, 0, 0.980785), (0.707107, 0, 0.707107), (0.19509, 0, 0.980785), (0.707107, 0, 0.707107), (0.19509, 0, 0.980785), (-0.707107, 0, 0.707107), (-0.923879, 0, 0.382683), (-0.923879, 0, 0.382683), (-0.923879, 0, 0.382683), (-0.707107, 0, 0.707107), (-0.707107, 0, 0.707107), (0, 0.75184, 0.659346), (0, 1, 0), (0, 0.813241, 0.581927), (0, 1, 0), (0, 0.75184, 0.659346), (0, 1, 0), (0, 1, 0), (0, 1, 0), (0, 1, 0), (0, 1, 0), (0, 1, 0), (0, 1, 0), (0, 1, 0), (0, 1, 0), (0, 1, 0), (0, 1, 0), (0, 0.75184, 0.659346), (0, 1, 0), (0, 1, 0), (0, 0.75184, 0.659346), (0, 1, 0), (0, 1, 0), (0, 1, 0), (0, 1, 0), (0, 1, 0), (0, 0.813241, 0.581927), (0, 1, 0), (0, 1, 0), (0, 0.813241, 0.581927), (0, 1, 0), (0, 1, 0), (0, 0.813241, 0.581927), (0, 1, 0), (0, 0.813241, 0.581927), (0, 1, 0), (0, 0.75184, 0.659346), (0.19509, 0, -0.980785), (0.707107, 0, -0.707107), (0.19509, 0, -0.980785), (0.707107, 0, -0.707107), (0.19509, 0, -0.980785), (0.707107, 0, -0.707107), (-0.923879, 0, -0.382683), (-0.707107, 0, -0.707107), (-0.707107, 0, -0.707107), (-0.707107, 0, -0.707107), (-0.923879, 0, -0.382683), (-0.923879, 0, -0.382683), (0.923879, 0, -0.382683), (0.707107, 0, -0.707107), (0.707107, 0, -0.707107), (0.707107, 0, -0.707107), (0.923879, 0, -0.382683), (0.923879, 0, -0.382683), (-0.19509, 0, -0.980785), (0.19509, 0, -0.980785), (-0.19509, 0, -0.980785), (0.19509, 0, -0.980785), (-0.19509, 0, -0.980785), (0.19509, 0, -0.980785), (-0.707107, 0, -0.707107), (-0.19509, 0, -0.980785), (-0.707107, 0, -0.707107), (-0.19509, 0, -0.980785), (-0.707107, 0, -0.707107), (-0.19509, 0, -0.980785), (0, -1, 0), (0, -1, 0), (0, -1, 0), (0, -1, 0), (0, -1, 0), (0, -1, 0), (0, -1, 0), (0, -1, 0), (0, -1, 0), (0, -1, 0), (0, -1, 0), (0, -1, 0), (0, -1, 0), (0, -1, 0), (0, -1, 0), (0, -1, 0), (0, -1, 0), (0, -1, 0), (0, -1, 0), (0, -1, 0), (0, -1, 0), (0, -1, 0), (0, -1, 0), (0, -1, 0), (0, -1, 0), (0, -1, 0), (0, -1, 0), (0, -1, 0), (0, -1, 0), (0, -1, 0), (0, -1, 0), (0, -1, 0), (0, -1, 0), (0, -1, 0), (0, -1, 0), (0, -1, 0), (0, -1, 0), (0, -1, 0), (0, -1, 0), (0, -1, 0), (0, -1, 0), (0, -1, 0), (0, -1, 0), (0, -1, 0), (0, -1, 0), (0, -1, 0), (0, -1, 0), (0, -1, 0), (0, -1, 0), (0, -1, 0), (0, -1, 0), (0, -1, 0), (0, -1, 0), (0, -1, 0), (0, -1, 0), (0, -1, 0), (0, -1, 0), (0, -1, 0), (0, -1, 0), (0, -1, 0), (0, -1, 0), (0, -1, 0), (0, -1, 0), (0, -1, 0), (0, -1, 0), (0, -1, 0), (0, -1, 0), (0, -1, 0), (0, -1, 0), (0, -1, 0), (0, -1, 0), (0, -1, 0), (0, -1, 0), (0, -1, 0), (0, -1, 0), (0, -1, 0), (0, -1, 0), (0, -1, 0), (0.382683, -0.923879, -3.66445e-15), (0.923879, -0.382683, -8.84677e-15), (0.382683, -0.923879, -3.66445e-15), (0.923879, -0.382683, -8.84677e-15), (0.382683, -0.923879, -3.66445e-15), (0.923879, -0.382683, -8.84677e-15), (-0.382683, -0.923879, 3.66445e-15), (0.382683, -0.923879, -3.66445e-15), (-0.382683, -0.923879, 3.66445e-15), (0.382683, -0.923879, -3.66445e-15), (-0.382683, -0.923879, 3.66445e-15), (0.382683, -0.923879, -3.66445e-15), (-0.923879, -0.382683, 8.84677e-15), (-0.382683, -0.923879, 3.66445e-15), (-0.923879, -0.382683, 8.84677e-15), (-0.382683, -0.923879, 3.66445e-15), (-0.923879, -0.382683, 8.84677e-15), (-0.382683, -0.923879, 3.66445e-15), (0.923879, 0.382683, -8.84677e-15), (0.382683, 0.923879, -3.66445e-15), (0.382683, 0.923879, -3.66445e-15), (0.382683, 0.923879, -3.66445e-15), (0.923879, 0.382683, -8.84677e-15), (0.923879, 0.382683, -8.84677e-15), (0.923879, -0.382683, -8.84677e-15), (0.923879, 0.382683, -8.84677e-15), (0.923879, -0.382683, -8.84677e-15), (0.923879, 0.382683, -8.84677e-15), (0.923879, -0.382683, -8.84677e-15), (0.923879, 0.382683, -8.84677e-15), (-9.57567e-15, 0, -1), (-9.57567e-15, 0, -1), (-9.57567e-15, 0, -1), (-9.57567e-15, 0, -1), (-9.57567e-15, 0, -1), (-9.57567e-15, 0, -1), (-9.57567e-15, 0, -1), (-9.57567e-15, 0, -1), (-9.57567e-15, 0, -1), (-9.57567e-15, 0, -1), (-9.57567e-15, 0, -1), (-9.57567e-15, 0, -1), (-9.57567e-15, 0, -1), (-9.57567e-15, 0, -1), (-9.57567e-15, 0, -1), (-9.57567e-15, 0, -1), (-9.57567e-15, 0, -1), (-9.57567e-15, 0, -1), (0.382683, 0.923879, -3.66445e-15), (-0.382683, 0.923879, 3.66445e-15), (-0.382683, 0.923879, 3.66445e-15), (-0.382683, 0.923879, 3.66445e-15), (0.382683, 0.923879, -3.66445e-15), (0.382683, 0.923879, -3.66445e-15), (-0.923879, 0.382683, 8.84677e-15), (-0.923879, -0.382683, 8.84677e-15), (-0.923879, 0.382683, 8.84677e-15), (-0.923879, -0.382683, 8.84677e-15), (-0.923879, 0.382683, 8.84677e-15), (-0.923879, -0.382683, 8.84677e-15), (-0.382683, 0.923879, 3.66445e-15), (-0.923879, 0.382683, 8.84677e-15), (-0.923879, 0.382683, 8.84677e-15), (-0.923879, 0.382683, 8.84677e-15), (-0.382683, 0.923879, 3.66445e-15), (-0.382683, 0.923879, 3.66445e-15), (-0.382683, -0.923879, 0), (-0.923879, -0.382683, 0), (-0.382683, -0.923879, 0), (-0.923879, -0.382683, 0), (-0.382683, -0.923879, 0), (-0.923879, -0.382683, 0), (0.382683, -0.923879, 0), (-0.382683, -0.923879, 0), (0.382683, -0.923879, 0), (-0.382683, -0.923879, 0), (0.382683, -0.923879, 0), (-0.382683, -0.923879, 0), (0.923879, -0.382683, 0), (0.382683, -0.923879, 0), (0.923879, -0.382683, 0), (0.382683, -0.923879, 0), (0.923879, -0.382683, 0), (0.382683, -0.923879, 0), (-0.923879, 0.382683, 0), (-0.382683, 0.923879, 0), (-0.382683, 0.923879, 0), (-0.382683, 0.923879, 0), (-0.923879, 0.382683, 0), (-0.923879, 0.382683, 0), (-0.923879, -0.382683, 0), (-0.923879, 0.382683, 0), (-0.923879, -0.382683, 0), (-0.923879, 0.382683, 0), (-0.923879, -0.382683, 0), (-0.923879, 0.382683, 0), (0, 0, 1), (0, 0, 1), (0, 0, 1), (0, 0, 1), (0, 0, 1), (0, 0, 1), (0, 0, 1), (0, 0, 1), (0, 0, 1), (0, 0, 1), (0, 0, 1), (0, 0, 1), (0, 0, 1), (0, 0, 1), (0, 0, 1), (0, 0, 1), (0, 0, 1), (0, 0, 1), (-0.382683, 0.923879, 0), (0.382683, 0.923879, 0), (0.382683, 0.923879, 0), (0.382683, 0.923879, 0), (-0.382683, 0.923879, 0), (-0.382683, 0.923879, 0), (0.923879, 0.382683, 0), (0.923879, -0.382683, 0), (0.923879, 0.382683, 0), (0.923879, -0.382683, 0), (0.923879, 0.382683, 0), (0.923879, -0.382683, 0), (0.382683, 0.923879, 0), (0.923879, 0.382683, 0), (0.923879, 0.382683, 0), (0.923879, 0.382683, 0), (0.382683, 0.923879, 0), (0.382683, 0.923879, 0), (0, -0.5, -0.866025), (0, -0.707107, -0.707107), (0, -0.5, -0.866025), (0, -0.707107, -0.707107), (0, -0.5, -0.866025), (0, -0.707107, -0.707107), (0, -0.866025, -0.5), (0, -0.965926, -0.258819), (0, -0.866025, -0.5), (0, -0.965926, -0.258819), (0, -0.866025, -0.5), (0, -0.965926, -0.258819), (0, -0.5, 0.866025), (0, -0.258819, 0.965926), (0, -0.258819, 0.965926), (0, -0.258819, 0.965926), (0, -0.5, 0.866025), (0, -0.5, 0.866025), (0, -0.866025, -0.5), (0, -0.965926, -0.258819), (0, -0.866025, -0.5), (0, -0.965926, -0.258819), (0, -0.866025, -0.5), (0, -0.965926, -0.258819), (0, -0.5, -0.866025), (0, -0.707107, -0.707107), (0, -0.5, -0.866025), (0, -0.707107, -0.707107), (0, -0.5, -0.866025), (0, -0.707107, -0.707107), (0, -0.0654031, -0.997859), (0, 0, -1), (0, 0, -1), (0, 0, -1), (0, -0.0654031, -0.997859), (0, -0.0654031, -0.997859), (0, -1, 0), (0, -0.965926, 0.258819), (0, -1, 0), (0, -0.965926, 0.258819), (0, -1, 0), (0, -0.965926, 0.258819), (0, -0.0654031, 0.997859), (0, 0, 1), (0, 0, 1), (0, 0, 1), (0, -0.0654031, 0.997859), (0, -0.0654031, 0.997859), (0, -0.0654031, 0.997859), (0, 0, 1), (0, 0, 1), (0, 0, 1), (0, -0.0654031, 0.997859), (0, -0.0654031, 0.997859), (0, -0.707107, -0.707107), (0, -0.866025, -0.5), (0, -0.707107, -0.707107), (0, -0.866025, -0.5), (0, -0.707107, -0.707107), (0, -0.866025, -0.5), (0, -0.866025, 0.5), (0, -0.707107, 0.707107), (0, -0.866025, 0.5), (0, -0.707107, 0.707107), (0, -0.866025, 0.5), (0, -0.707107, 0.707107), (0, -0.866025, 0.5), (0, -0.707107, 0.707107), (0, -0.866025, 0.5), (0, -0.707107, 0.707107), (0, -0.866025, 0.5), (0, -0.707107, 0.707107), (0, -0.965926, -0.258819), (0, -1, 0), (0, -0.965926, -0.258819), (0, -1, 0), (0, -0.965926, -0.258819), (0, -1, 0), (0, -0.965926, 0.258819), (0, -0.866025, 0.5), (0, -0.965926, 0.258819), (0, -0.866025, 0.5), (0, -0.965926, 0.258819), (0, -0.866025, 0.5), (0, -0.707107, 0.707107), (0, -0.5, 0.866025), (0, -0.5, 0.866025), (0, -0.5, 0.866025), (0, -0.707107, 0.707107), (0, -0.707107, 0.707107), (0, -0.707107, -0.707107), (0, -0.866025, -0.5), (0, -0.707107, -0.707107), (0, -0.866025, -0.5), (0, -0.707107, -0.707107), (0, -0.866025, -0.5), (0, -0.258819, 0.965926), (0, -0.0654031, 0.997859), (0, -0.0654031, 0.997859), (0, -0.0654031, 0.997859), (0, -0.258819, 0.965926), (0, -0.258819, 0.965926), (0, -0.258819, -0.965926), (0, -0.5, -0.866025), (0, -0.258819, -0.965926), (0, -0.5, -0.866025), (0, -0.258819, -0.965926), (0, -0.5, -0.866025), (0, -0.0654031, -0.997859), (0, -0.258819, -0.965926), (0, -0.0654031, -0.997859), (0, -0.258819, -0.965926), (0, -0.0654031, -0.997859), (0, -0.258819, -0.965926), (0, -0.258819, 0.965926), (0, -0.0654031, 0.997859), (0, -0.0654031, 0.997859), (0, -0.0654031, 0.997859), (0, -0.258819, 0.965926), (0, -0.258819, 0.965926), (0, -0.965926, 0.258819), (0, -0.866025, 0.5), (0, -0.965926, 0.258819), (0, -0.866025, 0.5), (0, -0.965926, 0.258819), (0, -0.866025, 0.5), (0, -0.5, 0.866025), (0, -0.258819, 0.965926), (0, -0.258819, 0.965926), (0, -0.258819, 0.965926), (0, -0.5, 0.866025), (0, -0.5, 0.866025), (0, -0.0654031, -0.997859), (0, -0.258819, -0.965926), (0, -0.0654031, -0.997859), (0, -0.258819, -0.965926), (0, -0.0654031, -0.997859), (0, -0.258819, -0.965926), (0, -0.707107, 0.707107), (0, -0.5, 0.866025), (0, -0.5, 0.866025), (0, -0.5, 0.866025), (0, -0.707107, 0.707107), (0, -0.707107, 0.707107), (0, -0.258819, -0.965926), (0, -0.5, -0.866025), (0, -0.258819, -0.965926), (0, -0.5, -0.866025), (0, -0.258819, -0.965926), (0, -0.5, -0.866025), (0, -0.965926, -0.258819), (0, -1, 0), (0, -0.965926, -0.258819), (0, -1, 0), (0, -0.965926, -0.258819), (0, -1, 0), (0, -0.0654031, -0.997859), (0, 0, -1), (0, 0, -1), (0, 0, -1), (0, -0.0654031, -0.997859), (0, -0.0654031, -0.997859), (0, -1, 0), (0, -0.965926, 0.258819), (0, -1, 0), (0, -0.965926, 0.258819), (0, -1, 0), (0, -0.965926, 0.258819), (0, -0.258819, -0.965926), (0, -0.0654031, -0.997859), (0, -0.0654031, -0.997859), (0, -0.0654031, -0.997859), (0, -0.258819, -0.965926), (0, -0.258819, -0.965926), (0, -0.0654031, 0.997859), (0, 0, 1), (0, 0, 1), (0, 0, 1), (0, -0.0654031, 0.997859), (0, -0.0654031, 0.997859), (0, -1, 0), (0, -0.965926, 0.258819), (0, -1, 0), (0, -0.965926, 0.258819), (0, -1, 0), (0, -0.965926, 0.258819), (0, -0.965926, 0.258819), (0, -0.866025, 0.5), (0, -0.965926, 0.258819), (0, -0.866025, 0.5), (0, -0.965926, 0.258819), (0, -0.866025, 0.5), (0, -0.707107, -0.707107), (0, -0.5, -0.866025), (0, -0.5, -0.866025), (0, -0.5, -0.866025), (0, -0.707107, -0.707107), (0, -0.707107, -0.707107), (0, -0.258819, 0.965926), (0, -0.0654031, 0.997859), (0, -0.0654031, 0.997859), (0, -0.0654031, 0.997859), (0, -0.258819, 0.965926), (0, -0.258819, 0.965926), (0, -0.707107, 0.707107), (0, -0.5, 0.866025), (0, -0.5, 0.866025), (0, -0.5, 0.866025), (0, -0.707107, 0.707107), (0, -0.707107, 0.707107), (0, -0.5, 0.866025), (0, -0.258819, 0.965926), (0, -0.258819, 0.965926), (0, -0.258819, 0.965926), (0, -0.5, 0.866025), (0, -0.5, 0.866025), (0, -0.866025, 0.5), (0, -0.707107, 0.707107), (0, -0.866025, 0.5), (0, -0.707107, 0.707107), (0, -0.866025, 0.5), (0, -0.707107, 0.707107), (0, -0.707107, -0.707107), (0, -0.866025, -0.5), (0, -0.707107, -0.707107), (0, -0.866025, -0.5), (0, -0.707107, -0.707107), (0, -0.866025, -0.5), (0, -0.965926, -0.258819), (0, -1, 0), (0, -0.965926, -0.258819), (0, -1, 0), (0, -0.965926, -0.258819), (0, -1, 0), (0, -0.5, -0.866025), (0, -0.258819, -0.965926), (0, -0.258819, -0.965926), (0, -0.258819, -0.965926), (0, -0.5, -0.866025), (0, -0.5, -0.866025), (0, -0.866025, -0.5), (0, -0.965926, -0.258819), (0, -0.866025, -0.5), (0, -0.965926, -0.258819), (0, -0.866025, -0.5), (0, -0.965926, -0.258819), (-1, 0, 0), (-1, 0, 0), (-1, 0, 0), (-1, 0, 0), (-1, 0, 0), (-1, 0, 0), (-1, 0, 0), (-1, 0, 0), (-1, 0, 0), (-1, 0, 0), (-1, 0, 0), (-1, 0, 0), (-1, 0, 0), (-1, 0, 0), (-1, 0, 0), (-1, 0, 0), (-1, 0, 0), (-1, 0, 0), (-1, 0, 0), (-1, 0, 0), (-1, 0, 0), (-1, 0, 0), (-1, 0, 0), (-1, 0, 0), (-1, 0, 0), (-1, 0, 0), (-1, 0, 0), (-1, 0, 0), (-1, 0, 0), (-1, 0, 0), (-1, 0, 0), (-1, 0, 0), (-1, 0, 0), (-1, 0, 0), (-1, 0, 0), (-1, 0, 0), (-1, 0, 0), (-1, 0, 0), (-1, 0, 0), (1, 0, 0), (1, 0, 0), (1, 0, 0), (1, 0, 0), (1, 0, 0), (1, 0, 0), (1, 0, 0), (1, 0, 0), (1, 0, 0), (1, 0, 0), (1, 0, 0), (1, 0, 0), (1, 0, 0), (1, 0, 0), (1, 0, 0), (1, 0, 0), (1, 0, 0), (1, 0, 0), (1, 0, 0), (1, 0, 0), (1, 0, 0), (1, 0, 0), (1, 0, 0), (1, 0, 0), (1, 0, 0), (1, 0, 0), (1, 0, 0), (1, 0, 0), (1, 0, 0), (1, 0, 0), (1, 0, 0), (1, 0, 0), (1, 0, 0), (1, 0, 0), (1, 0, 0), (1, 0, 0), (1, 0, 0), (1, 0, 0), (1, 0, 0), (0, -0.0654031, -0.997859), (0, 0, -1), (0, 0, -1), (0, 0, -1), (0, -0.0654031, -0.997859), (0, -0.0654031, -0.997859), (1, 0, 0), (1, 0, 0), (1, 0, 0), (1, 0, 0), (1, 0, 0), (1, 0, 0), (1, 0, 0), (1, 0, 0), (1, 0, 0), (1, 0, 0), (1, 0, 0), (1, 0, 0), (1, 0, 0), (1, 0, 0), (1, 0, 0), (1, 0, 0), (1, 0, 0), (1, 0, 0), (1, 0, 0), (1, 0, 0), (1, 0, 0), (1, 0, 0), (1, 0, 0), (1, 0, 0), (1, 0, 0), (1, 0, 0), (1, 0, 0), (1, 0, 0), (1, 0, 0), (1, 0, 0), (1, 0, 0), (1, 0, 0), (1, 0, 0), (1, 0, 0), (1, 0, 0), (1, 0, 0), (1, 0, 0), (1, 0, 0), (1, 0, 0), (-1, 0, 0), (-1, 0, 0), (-1, 0, 0), (-1, 0, 0), (-1, 0, 0), (-1, 0, 0), (-1, 0, 0), (-1, 0, 0), (-1, 0, 0), (-1, 0, 0), (-1, 0, 0), (-1, 0, 0), (-1, 0, 0), (-1, 0, 0), (-1, 0, 0), (-1, 0, 0), (-1, 0, 0), (-1, 0, 0), (-1, 0, 0), (-1, 0, 0), (-1, 0, 0), (-1, 0, 0), (-1, 0, 0), (-1, 0, 0), (-1, 0, 0), (-1, 0, 0), (-1, 0, 0), (-1, 0, 0), (-1, 0, 0), (-1, 0, 0), (-1, 0, 0), (-1, 0, 0), (-1, 0, 0), (-1, 0, 0), (-1, 0, 0), (-1, 0, 0), (-1, 0, 0), (-1, 0, 0), (-1, 0, 0), (0, -0.0654031, -0.997859), (0, 0, -1), (0, 0, -1), (0, 0, -1), (0, -0.0654031, -0.997859), (0, -0.0654031, -0.997859), (0, -0.258819, -0.965926), (0, -0.0654031, -0.997859), (0, -0.0654031, -0.997859), (0, -0.0654031, -0.997859), (0, -0.258819, -0.965926), (0, -0.258819, -0.965926), (0, -0.0654031, 0.997859), (0, 0, 1), (0, 0, 1), (0, 0, 1), (0, -0.0654031, 0.997859), (0, -0.0654031, 0.997859), (0, -1, 0), (0, -0.965926, 0.258819), (0, -1, 0), (0, -0.965926, 0.258819), (0, -1, 0), (0, -0.965926, 0.258819), (0, -0.965926, 0.258819), (0, -0.866025, 0.5), (0, -0.965926, 0.258819), (0, -0.866025, 0.5), (0, -0.965926, 0.258819), (0, -0.866025, 0.5), (0, -0.5, -0.866025), (0, -0.707107, -0.707107), (0, -0.5, -0.866025), (0, -0.707107, -0.707107), (0, -0.5, -0.866025), (0, -0.707107, -0.707107), (0, -0.258819, 0.965926), (0, -0.0654031, 0.997859), (0, -0.0654031, 0.997859), (0, -0.0654031, 0.997859), (0, -0.258819, 0.965926), (0, -0.258819, 0.965926), (0, -0.707107, 0.707107), (0, -0.5, 0.866025), (0, -0.5, 0.866025), (0, -0.5, 0.866025), (0, -0.707107, 0.707107), (0, -0.707107, 0.707107), (0, -0.5, 0.866025), (0, -0.258819, 0.965926), (0, -0.258819, 0.965926), (0, -0.258819, 0.965926), (0, -0.5, 0.866025), (0, -0.5, 0.866025), (0, -0.707107, -0.707107), (0, -0.866025, -0.5), (0, -0.707107, -0.707107), (0, -0.866025, -0.5), (0, -0.707107, -0.707107), (0, -0.866025, -0.5), (0, -0.965926, -0.258819), (0, -1, 0), (0, -0.965926, -0.258819), (0, -1, 0), (0, -0.965926, -0.258819), (0, -1, 0), (0, -0.866025, 0.5), (0, -0.707107, 0.707107), (0, -0.866025, 0.5), (0, -0.707107, 0.707107), (0, -0.866025, 0.5), (0, -0.707107, 0.707107), (0, -0.5, -0.866025), (0, -0.258819, -0.965926), (0, -0.258819, -0.965926), (0, -0.258819, -0.965926), (0, -0.5, -0.866025), (0, -0.5, -0.866025), (0, -0.866025, -0.5), (0, -0.965926, -0.258819), (0, -0.866025, -0.5), (0, -0.965926, -0.258819), (0, -0.866025, -0.5), (0, -0.965926, -0.258819), (-1, 0, 0), (-0.104561, 0.980987, 0.163498), (-0.666847, 0.735055, 0.122509), (0.666847, 0.735055, 0.122509), (0.104561, 0.980987, 0.163498), (1, 0, 0), (0, 0, 1), (0, 0, 1), (0, 0, 1), (0, 0, 1), (0, 0, 1), (0, 0, 1), (0, 1, 0), (0.707107, 0.707107, 0), (0.707107, 0.707107, 0), (0.707107, 0.707107, 0), (0, 1, 0), (0, 1, 0), (0, -1, 0), (0, -1, 0), (0, -1, 0), (0, -1, 0), (0, -1, 0), (0, -1, 0), (0, 0.980581, -0.196116), (0, 0.78985, -0.6133), (0, 0.980581, -0.196116), (0, 0.78985, -0.6133), (0, 0.980581, -0.196116), (0, 0.78985, -0.6133), (0, 0.78985, -0.6133), (0, 0.980581, -0.196116), (0, 0.980581, -0.196116), (0, 0.78985, -0.6133), (0, 0.980581, -0.196116), (0, 0.980581, -0.196116), (0, -1, 0), (0, -1, 0), (0, -1, 0), (0, -1, 0), (0, -1, 0), (0, -1, 0), (0, 1, 0), (0, 1, 0), (0, 1, 0), (0, 1, 0), (0, 1, 0), (0, 1, 0), (0, 1, 0), (0, 1, 0), (0, 1, 0), (-0.707107, 0.707107, 0), (0, 1, 0), (0, 1, 0), (0, 1, 0), (-0.707107, 0.707107, 0), (-0.707107, 0.707107, 0), (0, 0, -1), (0, 0, -1), (0, 0, -1), (0, 0, -1), (0, 0, -1), (0, 0, -1), (0, 0, -1), (0, 0, -1), (0, 0, -1), (0, 0, -1), (0, 0, -1), (0, 0, -1), (0, 0, -1), (0, 0, -1), (0, 0, -1), (0, 0, -1), (0, 0, -1), (0, 0, -1), (0, 0, 1), (0, 0, 1), (0, 0, 1), (0, 0, 1), (0, 0, 1), (0, 0, 1), (-1, 0, 0), (-0.707107, 0.707107, 0), (-1, 0, 0), (-0.707107, 0.707107, 0), (-1, 0, 0), (-0.707107, 0.707107, 0), (1, 0, 0), (1, 0, 0), (1, 0, 0), (1, 0, 0), (1, 0, 0), (1, 0, 0), (1, 0, 0), (1, 0, 0), (1, 0, 0), (1, 0, 0), (1, 0, 0), (1, 0, 0), (1, 0, 0), (1, 0, 0), (1, 0, 0), (1, 0, 0), (1, 0, 0), (1, 0, 0), (1, 0, 0), (1, 0, 0), (1, 0, 0), (1, 0, 0), (1, 0, 0), (1, 0, 0), (1, 0, 0), (1, 0, 0), (1, 0, 0), (1, 0, 0), (1, 0, 0), (1, 0, 0), (1, 0, 0), (1, 0, 0), (1, 0, 0), (1, 0, 0), (1, 0, 0), (1, 0, 0), (1, 0, 0), (1, 0, 0), (1, 0, 0), (1, 0, 0), (1, 0, 0), (1, 0, 0), (1, 0, 0), (1, 0, 0), (1, 0, 0), (1, 0, 0), (1, 0, 0), (1, 0, 0), (1, 0, 0), (1, 0, 0), (1, 0, 0), (1, 0, 0), (1, 0, 0), (1, 0, 0), (1, 0, 0), (1, 0, 0), (1, 0, 0), (1, 0, 0), (1, 0, 0), (1, 0, 0), (1, 0, 0), (1, 0, 0), (1, 0, 0), (1, 0, 0), (1, 0, 0), (1, 0, 0), (1, 0, 0), (1, 0, 0), (1, 0, 0), (1, 0, 0), (1, 0, 0), (1, 0, 0), (1, 0, 0), (1, 0, 0), (1, 0, 0), (1, 0, 0), (1, 0, 0), (1, 0, 0), (1, 0, 0), (1, 0, 0), (1, 0, 0), (1, 0, 0), (1, 0, 0), (1, 0, 0), (1, 0, 0), (1, 0, 0), (1, 0, 0), (1, 0, 0), (1, 0, 0), (1, 0, 0), (1, 0, 0), (1, 0, 0), (1, 0, 0), (1, 0, 0), (1, 0, 0), (1, 0, 0), (1, 0, 0), (1, 0, 0), (1, 0, 0), (1, 0, 0), (1, 0, 0), (1, 0, 0), (0.707107, 0.707107, 0), (1, 0, 0), (0.707107, 0.707107, 0), (1, 0, 0), (0.707107, 0.707107, 0), (1, 0, 0), (-1, 0, 0), (-1, 0, 0), (-1, 0, 0), (-1, 0, 0), (-1, 0, 0), (-1, 0, 0), (-1, 0, 0), (-1, 0, 0), (-1, 0, 0), (-1, 0, 0), (-1, 0, 0), (-1, 0, 0), (-1, 0, 0), (-1, 0, 0), (-1, 0, 0), (-1, 0, 0), (-1, 0, 0), (-1, 0, 0), (-1, 0, 0), (-1, 0, 0), (-1, 0, 0), (-1, 0, 0), (-1, 0, 0), (-1, 0, 0), (-1, 0, 0), (-1, 0, 0), (-1, 0, 0), (-1, 0, 0), (-1, 0, 0), (-1, 0, 0), (-1, 0, 0), (-1, 0, 0), (-1, 0, 0), (-1, 0, 0), (-1, 0, 0), (-1, 0, 0), (-1, 0, 0), (-1, 0, 0), (-1, 0, 0), (-1, 0, 0), (-1, 0, 0), (-1, 0, 0), (-1, 0, 0), (-1, 0, 0), (-1, 0, 0), (-1, 0, 0), (-1, 0, 0), (-1, 0, 0), (-1, 0, 0), (-1, 0, 0), (-1, 0, 0), (-1, 0, 0), (-1, 0, 0), (-1, 0, 0), (-1, 0, 0), (-1, 0, 0), (-1, 0, 0), (-1, 0, 0), (-1, 0, 0), (-1, 0, 0), (-1, 0, 0), (-1, 0, 0), (-1, 0, 0), (-1, 0, 0), (-1, 0, 0), (-1, 0, 0), (-1, 0, 0), (-1, 0, 0), (-1, 0, 0), (-1, 0, 0), (-1, 0, 0), (-1, 0, 0), (-1, 0, 0), (-1, 0, 0), (-1, 0, 0), (-1, 0, 0), (-1, 0, 0), (-1, 0, 0), (-1, 0, 0), (-1, 0, 0), (-1, 0, 0), (-1, 0, 0), (-1, 0, 0), (-1, 0, 0), (-1, 0, 0), (-1, 0, 0), (-1, 0, 0), (-1, 0, 0), (-1, 0, 0), (-1, 0, 0), (-1, 0, 0), (-1, 0, 0), (-1, 0, 0), (-1, 0, 0), (-1, 0, 0), (-1, 0, 0), (-1, 0, 0), (-1, 0, 0), (-1, 0, 0), (-1, 0, 0), (-1, 0, 0), (-1, 0, 0), (0, 1, 0), (0, 1, 0), (0, 1, 0), (0, 1, 0), (0, 1, 0), (0, 1, 0), (0, 1, 0), (0, 1, 0), (0, 1, 0), (0, 0, 1), (0, 0, 1), (0, 0, 1), (0, 0, 1), (0, 0, 1), (0, 0, 1), (0.104561, 0.980987, 0.163498), (-0.666847, 0.735055, 0.122509), (-0.104561, 0.980987, 0.163498), (-0.666847, 0.735055, 0.122509), (0.104561, 0.980987, 0.163498), (0.666847, 0.735055, 0.122509), (0, 0.771775, 0.635896), (0, 0.624695, 0.780869), (0, 0.624695, 0.780869), (0, 0.624695, 0.780869), (0, 0.771775, 0.635896), (0, 0.624695, 0.780869), (0, 0.624695, 0.780869), (0, 0.771775, 0.635896), (0, 0.624695, 0.780869), (0, 0.771775, 0.635896), (0, 0.624695, 0.780869), (0, 0.771775, 0.635896), (0, 0.624695, 0.780869), (0, 0.624695, 0.780869), (0, 0.771775, 0.635896), (0, 0.624695, 0.780869), (0, 0.624695, 0.780869), (0, 0.624695, 0.780869), (0, 0, 1), (0, 0, 1), (0, 0, 1), (0, 0, 1), (0, 0, 1), (0, 0, 1), (0, 0.605113, -0.796139), (0, 0.952912, -0.303247), (0, 0.605113, -0.796139), (0, 0.952912, -0.303247), (0, 0.605113, -0.796139), (0, 0.952912, -0.303247), (0, 0.973641, 0.228088), (0, 0.771775, 0.635896), (0, 0.771775, 0.635896), (0, 0.771775, 0.635896), (0, 0.973641, 0.228088), (0, 0.973641, 0.228088), (-0.980581, 0.196116, 0), (-0.980581, 0.196116, 0), (-0.980581, 0.196116, 0), (-0.980581, 0.196116, 0), (-0.980581, 0.196116, 0), (-0.980581, 0.196116, 0), (-0.980581, 0.196116, 0), (-0.980581, 0.196116, 0), (-0.980581, 0.196116, 0), (-0.980581, 0.196116, 0), (-0.980581, 0.196116, 0), (-0.980581, 0.196116, 0), (-0.980581, 0.196116, 0), (-0.980581, 0.196116, 0), (-0.980581, 0.196116, 0), (-0.980581, 0.196116, 0), (-0.980581, 0.196116, 0), (-0.980581, 0.196116, 0), (-0.980581, 0.196116, 0), (-0.980581, 0.196116, 0), (-0.980581, 0.196116, 0), (-0.980581, 0.196116, 0), (-0.980581, 0.196116, 0), (-0.980581, 0.196116, 0), (0.980581, 0.196116, 0), (0.980581, 0.196116, 0), (0.980581, 0.196116, 0), (0.980581, 0.196116, 0), (0.980581, 0.196116, 0), (0.980581, 0.196116, 0), (0.980581, 0.196116, 0), (0.980581, 0.196116, 0), (0.980581, 0.196116, 0), (0.980581, 0.196116, 0), (0.980581, 0.196116, 0), (0.980581, 0.196116, 0), (0.980581, 0.196116, 0), (0.980581, 0.196116, 0), (0.980581, 0.196116, 0), (0.980581, 0.196116, 0), (0.980581, 0.196116, 0), (0.980581, 0.196116, 0), (0.980581, 0.196116, 0), (0.980581, 0.196116, 0), (0.980581, 0.196116, 0), (0.980581, 0.196116, 0), (0.980581, 0.196116, 0), (0.980581, 0.196116, 0), (0, 1, 0), (0, 0.952912, -0.303247), (0, 1, 0), (0, 1, 0), (0, 0.952912, -0.303247), (0, 1, 0), (0, 1, 0), (0, 0.952912, -0.303247), (0, 0.952912, -0.303247), (0, 1, 0), (0, 0.952912, -0.303247), (0, 0.973641, 0.228088), (0, 0.952912, -0.303247), (0, 1, 0), (0, 0.973641, 0.228088), (0, 0.973641, 0.228088), (0, 1, 0), (0, 1, 0), (0, 0.973641, 0.228088), (0, 1, 0), (0, 0.973641, 0.228088), (0, 1, 0), (0, 0.973641, 0.228088), (0, 1, 0), (0, 0.371391, -0.928477), (0, 0.605113, -0.796139), (0, 0.371391, -0.928477), (0, 0.371391, -0.928477), (0, 0.605113, -0.796139), (0, 0.371391, -0.928477), (0, 0.371391, -0.928477), (0, 0.78985, -0.6133), (0, 0.605113, -0.796139), (0, 0.605113, -0.796139), (0, 0.371391, -0.928477), (0, 0.605113, -0.796139), (0, 0.78985, -0.6133), (0, 0.371391, -0.928477), (0, 0.78985, -0.6133), (0, 0.605113, -0.796139), (0, 0.371391, -0.928477), (0, 0.371391, -0.928477), (0, 0.78985, -0.6133), (0, 0.371391, -0.928477), (0, 0.605113, -0.796139), (0, 0.371391, -0.928477), (0, 0.78985, -0.6133), (0, 0.371391, -0.928477), (0, 0, -1), (0, 0, -1), (0, 0, -1), (0, 0, -1), (0, 0, -1), (0, 0, -1), (0, 0, -1), (0, 0, -1), (0, 0, -1), (0, 0, -1), (0, 0, -1), (0, 0, -1), (0, 0, 1), (0, 0, 1), (0, 0, 1), (0, 0, 1), (0, 0, 1), (0, 0, 1), (0.970143, 0.242536, 0), (0.970143, 0.242536, 0), (0.970143, 0.242536, 0), (0.970143, 0.242536, 0), (0.970143, 0.242536, 0), (0.970143, 0.242536, 0), (0, 0, -1), (0, 0, -1), (0, 0, -1), (0, 0, -1), (0, 0, -1), (0, 0, -1), (0, 1, 0), (0, 1, 0), (0, 1, 0), (0, 1, 0), (0, 1, 0), (0, 1, 0), (-0.970143, 0.242536, 0), (-0.970143, 0.242536, 0), (-0.970143, 0.242536, 0), (-0.970143, 0.242536, 0), (-0.970143, 0.242536, 0), (-0.970143, 0.242536, 0), (-1, 0, 0), (-1, 0, 0), (-1, 0, 0), (-1, 0, 0), (-1, 0, 0), (-1, 0, 0), (1, 0, 0), (1, 0, 0), (1, 0, 0), (1, 0, 0), (1, 0, 0), (1, 0, 0), (9.57567e-15, 0, 1), (9.57567e-15, 0, 1), (9.57567e-15, 0, 1), (9.57567e-15, 0, 1), (9.57567e-15, 0, 1), (9.57567e-15, 0, 1), (9.57567e-15, 0, 1), (9.57567e-15, 0, 1), (9.57567e-15, 0, 1), (9.57567e-15, 0, 1), (9.57567e-15, 0, 1), (9.57567e-15, 0, 1), (9.57567e-15, 0, 1), (9.57567e-15, 0, 1), (9.57567e-15, 0, 1), (9.57567e-15, 0, 1), (9.57567e-15, 0, 1), (9.57567e-15, 0, 1), (0, 0, -1), (0, 0, -1), (0, 0, -1), (0, 0, -1), (0, 0, -1), (0, 0, -1), (0, 0, -1), (0, 0, -1), (0, 0, -1), (0, 0, -1), (0, 0, -1), (0, 0, -1), (0, 0, -1), (0, 0, -1), (0, 0, -1), (0, 0, -1), (0, 0, -1), (0, 0, -1), (0, 0, 1), (0, 0, 1), (0, 0, 1), (0, 0, 1), (0, 0, 1), (0, 0, 1), (0, 0, 1), (0, 0, 1), (0, 0, 1), (0, 0, 1), (0, 0, 1), (0, 0, 1), (0, 0, 1), (0, -0.160182, 0.987088), (0, -0.160182, 0.987088), (0, -0.160182, 0.987088), (0, 0, 1), (0, 0, 1), (0, -0.160182, 0.987088), (0, -0.316228, 0.948683), (0, -0.316228, 0.948683), (0, -0.316228, 0.948683), (0, -0.160182, 0.987088), (0, -0.160182, 0.987088), (0, 0, -1), (0, 0, -1), (0, 0, -1), (0, 0, -1), (0, 0, -1), (0, 0, -1), (0, 0, -1), (0, 0, -1), (0, 0, -1), (0, 0, -1), (0, 0, -1), (0, 0, -1), (-0.980581, 0.196116, 0), (-0.980581, 0.196116, 0), (-0.980581, 0.196116, 0), (-0.980581, 0.196116, 0), (-0.980581, 0.196116, 0), (-0.980581, 0.196116, 0), (-0.980581, 0.196116, 0), (-0.980581, 0.196116, 0), (-0.980581, 0.196116, 0), (0, 0.624695, 0.780869), (0, 0.624695, 0.780869), (0, 0.624695, 0.780869), (0, 0.624695, 0.780869), (0, 0.624695, 0.780869), (0, 0.624695, 0.780869), (0, 0.624695, 0.780869), (0, 0.624695, 0.780869), (0, 0.624695, 0.780869), (0, 0.624695, 0.780869), (0, 0.624695, 0.780869), (0, 0.624695, 0.780869), (0, 0.371391, -0.928477), (0, 0.371391, -0.928477), (0, 0.371391, -0.928477), (0, 0.371391, -0.928477), (0, 0.371391, -0.928477), (0, 0.371391, -0.928477), (0.980581, 0.196116, 0), (0.980581, 0.196116, 0), (0.980581, 0.196116, 0), (0.980581, 0.196116, 0), (0.980581, 0.196116, 0), (0.980581, 0.196116, 0), (0.980581, 0.196116, 0), (0.980581, 0.196116, 0), (0.980581, 0.196116, 0), (0.206363, 0.847385, -0.489238), (-0.206363, 0.945135, -0.253248), (0.206363, 0.945135, -0.253248), (-0.206363, 0.945135, -0.253248), (0.206363, 0.847385, -0.489238), (-0.206363, 0.847385, -0.489238), (-0.206363, -0.489238, -0.847385), (0.206363, -0.691887, -0.691887), (-0.206363, -0.691887, -0.691887), (0.206363, -0.691887, -0.691887), (-0.206363, -0.489238, -0.847385), (0.206363, -0.489238, -0.847385), (-0.410365, 0.911922, 0), (-0.206363, 0.945135, 0.253248), (-0.206363, 0.978476, 0), (-0.206363, 0.945135, 0.253248), (-0.410365, 0.911922, 0), (-0.410365, 0.880849, 0.236023), (0.206363, 0, 0.978476), (-0.206363, -0.253248, 0.945135), (0.206363, -0.253248, 0.945135), (-0.206363, -0.253248, 0.945135), (0.206363, 0, 0.978476), (-0.206363, 0, 0.978476), (-0.206363, -0.945135, 0.253248), (0.206363, -0.978476, 0), (0.206363, -0.945135, 0.253248), (0.206363, -0.978476, 0), (-0.206363, -0.945135, 0.253248), (-0.206363, -0.978476, 0), (-0.410365, -0.789747, 0.455961), (-0.206363, -0.945135, 0.253248), (-0.206363, -0.847385, 0.489238), (-0.206363, -0.945135, 0.253248), (-0.410365, -0.789747, 0.455961), (-0.410365, -0.880849, 0.236023), (-0.206363, 0.691887, -0.691887), (0.206363, 0.847385, -0.489238), (0.206363, 0.691887, -0.691887), (0.206363, 0.847385, -0.489238), (-0.206363, 0.691887, -0.691887), (-0.206363, 0.847385, -0.489238), (0.206363, -0.847385, 0.489238), (-0.206363, -0.945135, 0.253248), (0.206363, -0.945135, 0.253248), (-0.206363, -0.945135, 0.253248), (0.206363, -0.847385, 0.489238), (-0.206363, -0.847385, 0.489238), (0.206363, 0.253248, -0.945135), (0.410365, 0.455961, -0.789747), (0.410365, 0.236023, -0.880849), (0.410365, 0.455961, -0.789747), (0.206363, 0.253248, -0.945135), (0.206363, 0.489238, -0.847385), (-0.206363, 0.847385, -0.489238), (-0.410365, 0.880849, -0.236023), (-0.206363, 0.945135, -0.253248), (-0.410365, 0.880849, -0.236023), (-0.206363, 0.847385, -0.489238), (-0.410365, 0.789747, -0.455961), (-0.206363, 0.945135, -0.253248), (0.206363, 0.978476, 0), (0.206363, 0.945135, -0.253248), (0.206363, 0.978476, 0), (-0.206363, 0.945135, -0.253248), (-0.206363, 0.978476, 0), (-0.410365, -0.880849, 0.236023), (-0.206363, -0.978476, 0), (-0.206363, -0.945135, 0.253248), (-0.206363, -0.978476, 0), (-0.410365, -0.880849, 0.236023), (-0.410365, -0.911922, 0), (-0.206363, -0.489238, 0.847385), (-0.410365, -0.644826, 0.644826), (-0.206363, -0.691887, 0.691887), (-0.410365, -0.644826, 0.644826), (-0.206363, -0.489238, 0.847385), (-0.410365, -0.455961, 0.789747), (-0.206363, 0.847385, 0.489238), (-0.410365, 0.644826, 0.644826), (-0.206363, 0.691887, 0.691887), (-0.410365, 0.644826, 0.644826), (-0.206363, 0.847385, 0.489238), (-0.410365, 0.789747, 0.455961), (0.206363, -0.489238, 0.847385), (-0.206363, -0.691887, 0.691887), (0.206363, -0.691887, 0.691887), (-0.206363, -0.691887, 0.691887), (0.206363, -0.489238, 0.847385), (-0.206363, -0.489238, 0.847385), (-0.206363, -0.253248, -0.945135), (0.206363, -0.489238, -0.847385), (-0.206363, -0.489238, -0.847385), (0.206363, -0.489238, -0.847385), (-0.206363, -0.253248, -0.945135), (0.206363, -0.253248, -0.945135), (-0.206363, 0.945135, -0.253248), (-0.410365, 0.911922, 0), (-0.206363, 0.978476, 0), (-0.410365, 0.911922, 0), (-0.206363, 0.945135, -0.253248), (-0.410365, 0.880849, -0.236023), (-0.206363, 0, 0.978476), (-0.410365, -0.236023, 0.880849), (-0.206363, -0.253248, 0.945135), (-0.410365, -0.236023, 0.880849), (-0.206363, 0, 0.978476), (-0.410365, 0, 0.911922), (-0.410365, -0.644826, -0.644826), (-0.206363, -0.489238, -0.847385), (-0.206363, -0.691887, -0.691887), (-0.206363, -0.489238, -0.847385), (-0.410365, -0.644826, -0.644826), (-0.410365, -0.455961, -0.789747), (0.206363, 0.847385, 0.489238), (-0.206363, 0.691887, 0.691887), (0.206363, 0.691887, 0.691887), (-0.206363, 0.691887, 0.691887), (0.206363, 0.847385, 0.489238), (-0.206363, 0.847385, 0.489238), (0.206363, 0.978476, 0), (-0.206363, 0.945135, 0.253248), (0.206363, 0.945135, 0.253248), (-0.206363, 0.945135, 0.253248), (0.206363, 0.978476, 0), (-0.206363, 0.978476, 0), (-0.206363, 0.253248, 0.945135), (-0.410365, 0, 0.911922), (-0.206363, 0, 0.978476), (-0.410365, 0, 0.911922), (-0.206363, 0.253248, 0.945135), (-0.410365, 0.236023, 0.880849), (-0.206363, -0.978476, 0), (0.206363, -0.945135, -0.253248), (0.206363, -0.978476, 0), (0.206363, -0.945135, -0.253248), (-0.206363, -0.978476, 0), (-0.206363, -0.945135, -0.253248), (-0.410365, -0.880849, -0.236023), (-0.206363, -0.847385, -0.489238), (-0.206363, -0.945135, -0.253248), (-0.206363, -0.847385, -0.489238), (-0.410365, -0.880849, -0.236023), (-0.410365, -0.789747, -0.455961), (-0.410365, -0.911922, 0), (-0.206363, -0.945135, -0.253248), (-0.206363, -0.978476, 0), (-0.206363, -0.945135, -0.253248), (-0.410365, -0.911922, 0), (-0.410365, -0.880849, -0.236023), (-0.410365, 0.236023, -0.880849), (-0.206363, 0, -0.978476), (-0.410365, 0, -0.911922), (-0.206363, 0, -0.978476), (-0.410365, 0.236023, -0.880849), (-0.206363, 0.253248, -0.945135), (-0.410365, -0.236023, -0.880849), (-0.206363, 0, -0.978476), (-0.206363, -0.253248, -0.945135), (-0.206363, 0, -0.978476), (-0.410365, -0.236023, -0.880849), (-0.410365, 0, -0.911922), (0.206363, 0.253248, 0.945135), (-0.206363, 0, 0.978476), (0.206363, 0, 0.978476), (-0.206363, 0, 0.978476), (0.206363, 0.253248, 0.945135), (-0.206363, 0.253248, 0.945135), (-0.206363, -0.847385, -0.489238), (0.206363, -0.691887, -0.691887), (0.206363, -0.847385, -0.489238), (0.206363, -0.691887, -0.691887), (-0.206363, -0.847385, -0.489238), (-0.206363, -0.691887, -0.691887), (0.206363, 0.691887, 0.691887), (-0.206363, 0.489238, 0.847385), (0.206363, 0.489238, 0.847385), (-0.206363, 0.489238, 0.847385), (0.206363, 0.691887, 0.691887), (-0.206363, 0.691887, 0.691887), (-0.206363, 0.945135, 0.253248), (0.206363, 0.847385, 0.489238), (0.206363, 0.945135, 0.253248), (0.206363, 0.847385, 0.489238), (-0.206363, 0.945135, 0.253248), (-0.206363, 0.847385, 0.489238), (-0.206363, 0.691887, -0.691887), (0.206363, 0.489238, -0.847385), (-0.206363, 0.489238, -0.847385), (0.206363, 0.489238, -0.847385), (-0.206363, 0.691887, -0.691887), (0.206363, 0.691887, -0.691887), (-0.206363, 0.253248, 0.945135), (-0.410365, 0.455961, 0.789747), (-0.410365, 0.236023, 0.880849), (-0.410365, 0.455961, 0.789747), (-0.206363, 0.253248, 0.945135), (-0.206363, 0.489238, 0.847385), (0.206363, -0.253248, 0.945135), (-0.206363, -0.489238, 0.847385), (0.206363, -0.489238, 0.847385), (-0.206363, -0.489238, 0.847385), (0.206363, -0.253248, 0.945135), (-0.206363, -0.253248, 0.945135), (-0.410365, 0.644826, -0.644826), (-0.206363, 0.489238, -0.847385), (-0.410365, 0.455961, -0.789747), (-0.206363, 0.489238, -0.847385), (-0.410365, 0.644826, -0.644826), (-0.206363, 0.691887, -0.691887), (-0.206363, -0.691887, 0.691887), (0.206363, -0.847385, 0.489238), (0.206363, -0.691887, 0.691887), (0.206363, -0.847385, 0.489238), (-0.206363, -0.691887, 0.691887), (-0.206363, -0.847385, 0.489238), (-0.410365, 0.880849, 0.236023), (-0.206363, 0.847385, 0.489238), (-0.206363, 0.945135, 0.253248), (-0.206363, 0.847385, 0.489238), (-0.410365, 0.880849, 0.236023), (-0.410365, 0.789747, 0.455961), (-0.206363, 0.253248, -0.945135), (0.206363, 0, -0.978476), (-0.206363, 0, -0.978476), (0.206363, 0, -0.978476), (-0.206363, 0.253248, -0.945135), (0.206363, 0.253248, -0.945135), (-0.410365, 0.455961, -0.789747), (-0.206363, 0.253248, -0.945135), (-0.410365, 0.236023, -0.880849), (-0.206363, 0.253248, -0.945135), (-0.410365, 0.455961, -0.789747), (-0.206363, 0.489238, -0.847385), (0.206363, 0.489238, -0.847385), (0.410365, 0.644826, -0.644826), (0.410365, 0.455961, -0.789747), (0.410365, 0.644826, -0.644826), (0.206363, 0.489238, -0.847385), (0.206363, 0.691887, -0.691887), (0.410365, 0.911922, 0), (0.206363, 0.945135, 0.253248), (0.410365, 0.880849, 0.236023), (0.206363, 0.945135, 0.253248), (0.410365, 0.911922, 0), (0.206363, 0.978476, 0), (-0.206363, 0, -0.978476), (0.206363, -0.253248, -0.945135), (-0.206363, -0.253248, -0.945135), (0.206363, -0.253248, -0.945135), (-0.206363, 0, -0.978476), (0.206363, 0, -0.978476), (0.206363, 0.489238, 0.847385), (-0.206363, 0.253248, 0.945135), (0.206363, 0.253248, 0.945135), (-0.206363, 0.253248, 0.945135), (0.206363, 0.489238, 0.847385), (-0.206363, 0.489238, 0.847385), (-0.206363, 0.489238, 0.847385), (-0.410365, 0.644826, 0.644826), (-0.410365, 0.455961, 0.789747), (-0.410365, 0.644826, 0.644826), (-0.206363, 0.489238, 0.847385), (-0.206363, 0.691887, 0.691887), (0.206363, -0.847385, 0.489238), (0.410365, -0.880849, 0.236023), (0.410365, -0.789747, 0.455961), (0.410365, -0.880849, 0.236023), (0.206363, -0.847385, 0.489238), (0.206363, -0.945135, 0.253248), (0.206363, -0.253248, -0.945135), (0.410365, -0.455961, -0.789747), (0.206363, -0.489238, -0.847385), (0.410365, -0.455961, -0.789747), (0.206363, -0.253248, -0.945135), (0.410365, -0.236023, -0.880849), (0.410365, 0.644826, -0.644826), (0.206363, 0.847385, -0.489238), (0.410365, 0.789747, -0.455961), (0.206363, 0.847385, -0.489238), (0.410365, 0.644826, -0.644826), (0.206363, 0.691887, -0.691887), (0.410365, 0.789747, 0.455961), (0.206363, 0.691887, 0.691887), (0.410365, 0.644826, 0.644826), (0.206363, 0.691887, 0.691887), (0.410365, 0.789747, 0.455961), (0.206363, 0.847385, 0.489238), (0.410365, -0.236023, 0.880849), (0.206363, 0, 0.978476), (0.206363, -0.253248, 0.945135), (0.206363, 0, 0.978476), (0.410365, -0.236023, 0.880849), (0.410365, 0, 0.911922), (0.206363, -0.978476, 0), (0.410365, -0.880849, -0.236023), (0.410365, -0.911922, 0), (0.410365, -0.880849, -0.236023), (0.206363, -0.978476, 0), (0.206363, -0.945135, -0.253248), (-0.410365, -0.644826, 0.644826), (-0.206363, -0.847385, 0.489238), (-0.206363, -0.691887, 0.691887), (-0.206363, -0.847385, 0.489238), (-0.410365, -0.644826, 0.644826), (-0.410365, -0.789747, 0.455961), (-1, 0, 0), (-1, 0, 0), (-1, 0, 0), (-1, 0, 0), (-1, 0, 0), (-1, 0, 0), (-1, 0, 0), (-1, 0, 0), (-1, 0, 0), (-1, 0, 0), (-1, 0, 0), (-1, 0, 0), (-1, 0, 0), (-1, 0, 0), (-1, 0, 0), (-1, 0, 0), (-1, 0, 0), (-1, 0, 0), (-1, 0, 0), (-1, 0, 0), (-1, 0, 0), (-1, 0, 0), (-1, 0, 0), (-1, 0, 0), (-1, 0, 0), (-1, 0, 0), (-1, 0, 0), (-1, 0, 0), (-1, 0, 0), (-1, 0, 0), (-1, 0, 0), (-1, 0, 0), (-1, 0, 0), (-1, 0, 0), (-1, 0, 0), (-1, 0, 0), (-1, 0, 0), (-1, 0, 0), (-1, 0, 0), (-1, 0, 0), (-1, 0, 0), (-1, 0, 0), (-1, 0, 0), (-1, 0, 0), (-1, 0, 0), (-1, 0, 0), (-1, 0, 0), (-1, 0, 0), (-1, 0, 0), (-1, 0, 0), (-1, 0, 0), (-1, 0, 0), (-1, 0, 0), (-1, 0, 0), (-1, 0, 0), (-1, 0, 0), (-1, 0, 0), (-1, 0, 0), (-1, 0, 0), (-1, 0, 0), (-1, 0, 0), (-1, 0, 0), (-1, 0, 0), (-1, 0, 0), (-1, 0, 0), (-1, 0, 0), (-1, 0, 0), (-1, 0, 0), (-1, 0, 0), (-1, 0, 0), (-1, 0, 0), (-1, 0, 0), (-1, 0, 0), (-1, 0, 0), (-1, 0, 0), (-1, 0, 0), (-1, 0, 0), (-1, 0, 0), (-1, 0, 0), (-1, 0, 0), (-1, 0, 0), (-1, 0, 0), (-1, 0, 0), (-1, 0, 0), (-1, 0, 0), (-1, 0, 0), (-1, 0, 0), (-1, 0, 0), (-1, 0, 0), (-1, 0, 0), (-1, 0, 0), (-1, 0, 0), (-1, 0, 0), (-1, 0, 0), (-1, 0, 0), (-1, 0, 0), (-1, 0, 0), (-1, 0, 0), (-1, 0, 0), (-1, 0, 0), (-1, 0, 0), (-1, 0, 0), (-1, 0, 0), (-1, 0, 0), (-1, 0, 0), (-1, 0, 0), (-1, 0, 0), (-1, 0, 0), (-1, 0, 0), (-1, 0, 0), (-1, 0, 0), (-1, 0, 0), (-1, 0, 0), (-1, 0, 0), (-1, 0, 0), (-1, 0, 0), (-1, 0, 0), (-1, 0, 0), (-1, 0, 0), (-1, 0, 0), (-1, 0, 0), (-1, 0, 0), (-1, 0, 0), (-1, 0, 0), (-1, 0, 0), (-1, 0, 0), (-1, 0, 0), (-1, 0, 0), (-1, 0, 0), (-1, 0, 0), (-1, 0, 0), (-1, 0, 0), (-1, 0, 0), (-1, 0, 0), (-1, 0, 0), (-1, 0, 0), (-1, 0, 0), (-1, 0, 0), (-1, 0, 0), (-1, 0, 0), (-1, 0, 0), (-1, 0, 0), (-1, 0, 0), (-1, 0, 0), (-0.410365, -0.455961, -0.789747), (-0.206363, -0.253248, -0.945135), (-0.206363, -0.489238, -0.847385), (-0.206363, -0.253248, -0.945135), (-0.410365, -0.455961, -0.789747), (-0.410365, -0.236023, -0.880849), (0.206363, -0.847385, -0.489238), (0.410365, -0.644826, -0.644826), (0.410365, -0.789747, -0.455961), (0.410365, -0.644826, -0.644826), (0.206363, -0.847385, -0.489238), (0.206363, -0.691887, -0.691887), (0.410365, 0.455961, 0.789747), (0.206363, 0.253248, 0.945135), (0.410365, 0.236023, 0.880849), (0.206363, 0.253248, 0.945135), (0.410365, 0.455961, 0.789747), (0.206363, 0.489238, 0.847385), (0.410365, -0.455961, 0.789747), (0.206363, -0.253248, 0.945135), (0.206363, -0.489238, 0.847385), (0.206363, -0.253248, 0.945135), (0.410365, -0.455961, 0.789747), (0.410365, -0.236023, 0.880849), (0.206363, -0.489238, -0.847385), (0.410365, -0.644826, -0.644826), (0.206363, -0.691887, -0.691887), (0.410365, -0.644826, -0.644826), (0.206363, -0.489238, -0.847385), (0.410365, -0.455961, -0.789747), (0.410365, 0.789747, -0.455961), (0.206363, 0.945135, -0.253248), (0.410365, 0.880849, -0.236023), (0.206363, 0.945135, -0.253248), (0.410365, 0.789747, -0.455961), (0.206363, 0.847385, -0.489238), (0.410365, 0.644826, 0.644826), (0.206363, 0.489238, 0.847385), (0.410365, 0.455961, 0.789747), (0.206363, 0.489238, 0.847385), (0.410365, 0.644826, 0.644826), (0.206363, 0.691887, 0.691887), (-0.410365, 0.644826, -0.644826), (-0.206363, 0.847385, -0.489238), (-0.206363, 0.691887, -0.691887), (-0.206363, 0.847385, -0.489238), (-0.410365, 0.644826, -0.644826), (-0.410365, 0.789747, -0.455961), (-0.410365, -0.789747, -0.455961), (-0.206363, -0.691887, -0.691887), (-0.206363, -0.847385, -0.489238), (-0.206363, -0.691887, -0.691887), (-0.410365, -0.789747, -0.455961), (-0.410365, -0.644826, -0.644826), (0.206363, 0.253248, -0.945135), (0.410365, 0, -0.911922), (0.206363, 0, -0.978476), (0.410365, 0, -0.911922), (0.206363, 0.253248, -0.945135), (0.410365, 0.236023, -0.880849), (0.206363, -0.945135, -0.253248), (0.410365, -0.789747, -0.455961), (0.410365, -0.880849, -0.236023), (0.410365, -0.789747, -0.455961), (0.206363, -0.945135, -0.253248), (0.206363, -0.847385, -0.489238), (-0.206363, -0.253248, 0.945135), (-0.410365, -0.455961, 0.789747), (-0.206363, -0.489238, 0.847385), (-0.410365, -0.455961, 0.789747), (-0.206363, -0.253248, 0.945135), (-0.410365, -0.236023, 0.880849), (0.410365, -0.644826, 0.644826), (0.206363, -0.489238, 0.847385), (0.206363, -0.691887, 0.691887), (0.206363, -0.489238, 0.847385), (0.410365, -0.644826, 0.644826), (0.410365, -0.455961, 0.789747), (0.410365, 0.880849, 0.236023), (0.206363, 0.847385, 0.489238), (0.410365, 0.789747, 0.455961), (0.206363, 0.847385, 0.489238), (0.410365, 0.880849, 0.236023), (0.206363, 0.945135, 0.253248), (0.206363, -0.945135, 0.253248), (0.410365, -0.911922, 0), (0.410365, -0.880849, 0.236023), (0.410365, -0.911922, 0), (0.206363, -0.945135, 0.253248), (0.206363, -0.978476, 0), (-0.206363, 0.489238, -0.847385), (0.206363, 0.253248, -0.945135), (-0.206363, 0.253248, -0.945135), (0.206363, 0.253248, -0.945135), (-0.206363, 0.489238, -0.847385), (0.206363, 0.489238, -0.847385), (1, 0, 0), (1, 0, 0), (1, 0, 0), (1, 0, 0), (1, 0, 0), (1, 0, 0), (1, 0, 0), (1, 0, 0), (1, 0, 0), (1, 0, 0), (1, 0, 0), (1, 0, 0), (1, 0, 0), (1, 0, 0), (1, 0, 0), (1, 0, 0), (1, 0, 0), (1, 0, 0), (1, 0, 0), (1, 0, 0), (1, 0, 0), (1, 0, 0), (1, 0, 0), (1, 0, 0), (1, 0, 0), (1, 0, 0), (1, 0, 0), (1, 0, 0), (1, 0, 0), (1, 0, 0), (1, 0, 0), (1, 0, 0), (1, 0, 0), (1, 0, 0), (1, 0, 0), (1, 0, 0), (1, 0, 0), (1, 0, 0), (1, 0, 0), (1, 0, 0), (1, 0, 0), (1, 0, 0), (1, 0, 0), (1, 0, 0), (1, 0, 0), (1, 0, 0), (1, 0, 0), (1, 0, 0), (1, 0, 0), (1, 0, 0), (1, 0, 0), (1, 0, 0), (1, 0, 0), (1, 0, 0), (1, 0, 0), (1, 0, 0), (1, 0, 0), (1, 0, 0), (1, 0, 0), (1, 0, 0), (1, 0, 0), (1, 0, 0), (1, 0, 0), (1, 0, 0), (1, 0, 0), (1, 0, 0), (0.410365, 0.236023, 0.880849), (0.206363, 0, 0.978476), (0.410365, 0, 0.911922), (0.206363, 0, 0.978476), (0.410365, 0.236023, 0.880849), (0.206363, 0.253248, 0.945135), (0.206363, 0, -0.978476), (0.410365, -0.236023, -0.880849), (0.206363, -0.253248, -0.945135), (0.410365, -0.236023, -0.880849), (0.206363, 0, -0.978476), (0.410365, 0, -0.911922), (-0.206363, -0.945135, -0.253248), (0.206363, -0.847385, -0.489238), (0.206363, -0.945135, -0.253248), (0.206363, -0.847385, -0.489238), (-0.206363, -0.945135, -0.253248), (-0.206363, -0.847385, -0.489238), (0.410365, 0.880849, -0.236023), (0.206363, 0.978476, 0), (0.410365, 0.911922, 0), (0.206363, 0.978476, 0), (0.410365, 0.880849, -0.236023), (0.206363, 0.945135, -0.253248), (0.206363, -0.691887, 0.691887), (0.410365, -0.789747, 0.455961), (0.410365, -0.644826, 0.644826), (0.410365, -0.789747, 0.455961), (0.206363, -0.691887, 0.691887), (0.206363, -0.847385, 0.489238), (-0.264093, 0.682003, 0.682003), (-0.264093, 0.835279, 0.482249), (-0.264093, 0.682003, 0.682003), (-0.264093, 0.835279, 0.482249), (-0.264093, 0.682003, 0.682003), (-0.264093, 0.835279, 0.482249), (-0.264092, -0.24963, 0.931633), (-0.264093, 0, 0.964497), (-0.264093, 0, 0.964497), (-0.264093, 0, 0.964497), (-0.264092, -0.24963, 0.931633), (-0.264092, -0.24963, 0.931633), (-0.264093, 0.964497, 0), (-0.264092, 0.931633, -0.24963), (-0.264093, 0.964497, 0), (-0.264092, 0.931633, -0.24963), (-0.264093, 0.964497, 0), (-0.264092, 0.931633, -0.24963), (-0.264092, -0.24963, -0.931633), (-0.264093, -0.482249, -0.835279), (-0.264092, -0.24963, -0.931633), (-0.264093, -0.482249, -0.835279), (-0.264092, -0.24963, -0.931633), (-0.264093, -0.482249, -0.835279), (-0.264092, 0.24963, 0.931633), (-0.264093, 0, 0.964497), (-0.264092, 0.24963, 0.931633), (-0.264093, 0, 0.964497), (-0.264092, 0.24963, 0.931633), (-0.264093, 0, 0.964497), (-0.264093, -0.835279, 0.482249), (-0.264093, -0.682003, 0.682003), (-0.264093, -0.835279, 0.482249), (-0.264093, -0.682003, 0.682003), (-0.264093, -0.835279, 0.482249), (-0.264093, -0.682003, 0.682003), (-0.264092, 0.24963, -0.931633), (-0.264093, 0.482249, -0.835279), (-0.264093, 0.482249, -0.835279), (-0.264093, 0.482249, -0.835279), (-0.264092, 0.24963, -0.931633), (-0.264092, 0.24963, -0.931633), (-0.264092, 0.931633, 0.24963), (-0.264093, 0.964497, 0), (-0.264093, 0.964497, 0), (-0.264093, 0.964497, 0), (-0.264092, 0.931633, 0.24963), (-0.264092, 0.931633, 0.24963), (-0.264093, 0.482249, 0.835279), (-0.264092, 0.24963, 0.931633), (-0.264093, 0.482249, 0.835279), (-0.264092, 0.24963, 0.931633), (-0.264093, 0.482249, 0.835279), (-0.264092, 0.24963, 0.931633), (-0.264093, -0.482249, -0.835279), (-0.264093, -0.682003, -0.682003), (-0.264093, -0.482249, -0.835279), (-0.264093, -0.682003, -0.682003), (-0.264093, -0.482249, -0.835279), (-0.264093, -0.682003, -0.682003), (-0.264093, -0.682003, 0.682003), (-0.264093, -0.482249, 0.835279), (-0.264093, -0.482249, 0.835279), (-0.264093, -0.482249, 0.835279), (-0.264093, -0.682003, 0.682003), (-0.264093, -0.682003, 0.682003), (-0.264092, -0.931633, -0.24963), (-0.264093, -0.964497, 0), (-0.264092, -0.931633, -0.24963), (-0.264093, -0.964497, 0), (-0.264092, -0.931633, -0.24963), (-0.264093, -0.964497, 0), (-0.264093, 0.682003, 0.682003), (-0.264093, 0.482249, 0.835279), (-0.264093, 0.682003, 0.682003), (-0.264093, 0.482249, 0.835279), (-0.264093, 0.682003, 0.682003), (-0.264093, 0.482249, 0.835279), (-0.264093, -0.682003, -0.682003), (-0.264093, -0.835279, -0.482249), (-0.264093, -0.682003, -0.682003), (-0.264093, -0.835279, -0.482249), (-0.264093, -0.682003, -0.682003), (-0.264093, -0.835279, -0.482249), (-0.264093, 0.835279, -0.482249), (-0.264093, 0.682003, -0.682003), (-0.264093, 0.835279, -0.482249), (-0.264093, 0.682003, -0.682003), (-0.264093, 0.835279, -0.482249), (-0.264093, 0.682003, -0.682003), (-0.264093, 0.482249, -0.835279), (-0.264093, 0.682003, -0.682003), (-0.264093, 0.682003, -0.682003), (-0.264093, 0.682003, -0.682003), (-0.264093, 0.482249, -0.835279), (-0.264093, 0.482249, -0.835279), (-0.264093, -0.835279, -0.482249), (-0.264092, -0.931633, -0.24963), (-0.264093, -0.835279, -0.482249), (-0.264092, -0.931633, -0.24963), (-0.264093, -0.835279, -0.482249), (-0.264092, -0.931633, -0.24963), (-1, 0, 0), (-1, 0, 0), (-1, 0, 0), (-1, 0, 0), (-1, 0, 0), (-1, 0, 0), (-1, 0, 0), (-1, 0, 0), (-1, 0, 0), (-1, 0, 0), (-1, 0, 0), (-1, 0, 0), (-1, 0, 0), (-1, 0, 0), (-1, 0, 0), (-1, 0, 0), (-1, 0, 0), (-1, 0, 0), (-1, 0, 0), (-1, 0, 0), (-1, 0, 0), (-1, 0, 0), (-1, 0, 0), (-1, 0, 0), (-1, 0, 0), (-1, 0, 0), (-1, 0, 0), (-1, 0, 0), (-1, 0, 0), (-1, 0, 0), (-1, 0, 0), (-1, 0, 0), (-1, 0, 0), (-1, 0, 0), (-1, 0, 0), (-1, 0, 0), (-1, 0, 0), (-1, 0, 0), (-1, 0, 0), (-1, 0, 0), (-1, 0, 0), (-1, 0, 0), (-1, 0, 0), (-1, 0, 0), (-1, 0, 0), (-1, 0, 0), (-1, 0, 0), (-1, 0, 0), (-1, 0, 0), (-1, 0, 0), (-1, 0, 0), (-1, 0, 0), (-1, 0, 0), (-1, 0, 0), (-1, 0, 0), (-1, 0, 0), (-1, 0, 0), (-1, 0, 0), (-1, 0, 0), (-1, 0, 0), (-1, 0, 0), (-1, 0, 0), (-1, 0, 0), (-1, 0, 0), (-1, 0, 0), (-1, 0, 0), (-0.264093, 0, -0.964497), (-0.264092, -0.24963, -0.931633), (-0.264093, 0, -0.964497), (-0.264092, -0.24963, -0.931633), (-0.264093, 0, -0.964497), (-0.264092, -0.24963, -0.931633), (-0.264092, -0.931633, 0.24963), (-0.264093, -0.835279, 0.482249), (-0.264092, -0.931633, 0.24963), (-0.264093, -0.835279, 0.482249), (-0.264092, -0.931633, 0.24963), (-0.264093, -0.835279, 0.482249), (-0.264093, 0, -0.964497), (-0.264092, 0.24963, -0.931633), (-0.264092, 0.24963, -0.931633), (-0.264092, 0.24963, -0.931633), (-0.264093, 0, -0.964497), (-0.264093, 0, -0.964497), (-0.264093, 0.835279, 0.482249), (-0.264092, 0.931633, 0.24963), (-0.264093, 0.835279, 0.482249), (-0.264092, 0.931633, 0.24963), (-0.264093, 0.835279, 0.482249), (-0.264092, 0.931633, 0.24963), (-0.264093, -0.964497, 0), (-0.264092, -0.931633, 0.24963), (-0.264093, -0.964497, 0), (-0.264092, -0.931633, 0.24963), (-0.264093, -0.964497, 0), (-0.264092, -0.931633, 0.24963), (-0.264092, 0.931633, -0.24963), (-0.264093, 0.835279, -0.482249), (-0.264092, 0.931633, -0.24963), (-0.264093, 0.835279, -0.482249), (-0.264092, 0.931633, -0.24963), (-0.264093, 0.835279, -0.482249), (-0.264093, -0.482249, 0.835279), (-0.264092, -0.24963, 0.931633), (-0.264092, -0.24963, 0.931633), (-0.264092, -0.24963, 0.931633), (-0.264093, -0.482249, 0.835279), (-0.264093, -0.482249, 0.835279), (-1, 0, -8.91084e-13), (-1, 0, -8.91084e-13), (-1, 0, -8.91084e-13), (-1, 0, -8.91084e-13), (-1, 0, -8.91084e-13), (-1, 0, -8.91084e-13), (-1, 0, -8.91084e-13), (-1, 0, -8.91084e-13), (-1, 0, -8.91084e-13), (-1, 0, -8.91084e-13), (-1, 0, -8.91084e-13), (-1, 0, -8.91084e-13), (-1, 0, -8.91084e-13), (-1, 0, -8.91084e-13), (-1, 0, -8.91084e-13), (-1, 0, -8.91084e-13), (-1, 0, -8.91084e-13), (-1, 0, -8.91084e-13), (-1, 0, -8.91084e-13), (-1, 0, -8.91084e-13), (-1, 0, -8.91084e-13), (-1, 0, -8.91084e-13), (-1, 0, -8.91084e-13), (-1, 0, -8.91084e-13), (-1, 0, -8.91084e-13), (-1, 0, -8.91084e-13), (-1, 0, -8.91084e-13), (-1, 0, -8.91084e-13), (-1, 0, -8.91084e-13), (-1, 0, -8.91084e-13), (-1, 0, -8.91084e-13), (-1, 0, -8.91084e-13), (-1, 0, -8.91084e-13), (-1, 0, -8.91084e-13), (-1, 0, -8.91084e-13), (-1, 0, -8.91084e-13), (-1, 0, -8.91084e-13), (-1, 0, -8.91084e-13), (-1, 0, -8.91084e-13), (-1, 0, -8.91084e-13), (-1, 0, -8.91084e-13), (-1, 0, -8.91084e-13), (-1, 0, -8.91084e-13), (-1, 0, -8.91084e-13), (-1, 0, -8.91084e-13), (-1, 0, -8.91084e-13), (-1, 0, -8.91084e-13), (-1, 0, -8.91084e-13), (-1, 0, -8.91084e-13), (-1, 0, -8.91084e-13), (-1, 0, -8.91084e-13), (-1, 0, -8.91084e-13), (-1, 0, -8.91084e-13), (-1, 0, -8.91084e-13), (-1, 0, -8.91084e-13), (-1, 0, -8.91084e-13), (-1, 0, -8.91084e-13), (-1, 0, -8.91084e-13), (-1, 0, -8.91084e-13), (-1, 0, -8.91084e-13), (-1, 0, -8.91084e-13), (-1, 0, -8.91084e-13), (-1, 0, -8.91084e-13), (-1, 0, -8.91084e-13), (-1, 0, -8.91084e-13), (-1, 0, -8.91084e-13), (-1, 0, -8.91084e-13), (-1, 0, -8.91084e-13), (-1, 0, -8.91084e-13), (-1, 0, -8.91084e-13), (-1, 0, -8.91084e-13), (-1, 0, -8.91084e-13), (-1, 0, -8.91084e-13), (-1, 0, -8.91084e-13), (-1, 0, -8.91084e-13), (-1, 0, -8.91084e-13), (-1, 0, -8.91084e-13), (-1, 0, -8.91084e-13), (-1, 0, -8.91084e-13), (-1, 0, -8.91084e-13), (-1, 0, -8.91084e-13), (-1, 0, -8.91084e-13), (-1, 0, -8.91084e-13), (-1, 0, -8.91084e-13), (-1, 0, -8.91084e-13), (-1, 0, -8.91084e-13), (-1, 0, -8.91084e-13), (-1, 0, -8.91084e-13), (-1, 0, -8.91084e-13), (-1, 0, -8.91084e-13), (-1, 0, -8.91084e-13), (-1, 0, -8.91084e-13), (-1, 0, -8.91084e-13), (-1, 0, -8.91084e-13), (-1, 0, -8.91084e-13), (-1, 0, -8.91084e-13), (-1, 0, -8.91084e-13), (-1, 0, -8.91084e-13), (-1, 0, -8.91084e-13), (-1, 0, -8.91084e-13), (-1, 0, -8.91084e-13), (-1, 0, -8.91084e-13), (-1, 0, -8.91084e-13), (-1, 0, -8.91084e-13), (-1, 0, -8.91084e-13), (-1, 0, -8.91084e-13), (-1, 0, -8.91084e-13), (-1, 0, -8.91084e-13), (-1, 0, -8.91084e-13), (-1, 0, -8.91084e-13), (-1, 0, -8.91084e-13), (-1, 0, -8.91084e-13), (-1, 0, -8.91084e-13), (-1, 0, -8.91084e-13), (-1, 0, -8.91084e-13), (-1, 0, -8.91084e-13), (-1, 0, -8.91084e-13), (-1, 0, -8.91084e-13), (-1, 0, -8.91084e-13), (-1, 0, -8.91084e-13), (-1, 0, -8.91084e-13), (-1, 0, -8.91084e-13), (-1, 0, -8.91084e-13), (-1, 0, -8.91084e-13), (-1, 0, -8.91084e-13), (-1, 0, -8.91084e-13), (-1, 0, -8.91084e-13), (-1, 0, -8.91084e-13), (-1, 0, -8.91084e-13), (-1, 0, -8.91084e-13), (-1, 0, -8.91084e-13), (-1, 0, -8.91084e-13), (-1, 0, -8.91084e-13), (-1, 0, -8.91084e-13), (-1, 0, -8.91084e-13), (-1, 0, -8.91084e-13), (-1, 0, -8.91084e-13), (-1, 0, -8.91084e-13), (-1, 0, -8.91084e-13), (-1, 0, -8.91084e-13), (-1, 0, -8.91084e-13), (-1, 0, -8.91084e-13), (-1, 0, -8.91084e-13), (-1, 0, -8.91084e-13), (-0.206363, 0.847385, 0.489238), (0.206363, 0.945135, 0.253248), (-0.206363, 0.945135, 0.253248), (0.206363, 0.945135, 0.253248), (-0.206363, 0.847385, 0.489238), (0.206363, 0.847385, 0.489238), (0.206363, -0.489238, 0.847385), (-0.206363, -0.691887, 0.691887), (0.206363, -0.691887, 0.691887), (-0.206363, -0.691887, 0.691887), (0.206363, -0.489238, 0.847385), (-0.206363, -0.489238, 0.847385), (0.410365, 0.911922, -3.65669e-13), (0.206363, 0.945135, -0.253248), (0.206363, 0.978476, -1.83887e-13), (0.206363, 0.945135, -0.253248), (0.410365, 0.911922, -3.65669e-13), (0.410365, 0.880849, -0.236023), (-0.206363, 0, -0.978476), (0.206363, -0.253248, -0.945135), (-0.206363, -0.253248, -0.945135), (0.206363, -0.253248, -0.945135), (-0.206363, 0, -0.978476), (0.206363, 0, -0.978476), (0.206363, -0.945135, -0.253248), (-0.206363, -0.978476, 1.83887e-13), (-0.206363, -0.945135, -0.253248), (-0.206363, -0.978476, 1.83887e-13), (0.206363, -0.945135, -0.253248), (0.206363, -0.978476, -1.83887e-13), (0.410365, -0.789747, -0.455961), (0.206363, -0.945135, -0.253248), (0.206363, -0.847385, -0.489238), (0.206363, -0.945135, -0.253248), (0.410365, -0.789747, -0.455961), (0.410365, -0.880849, -0.236023), (0.206363, 0.691887, 0.691887), (-0.206363, 0.847385, 0.489238), (-0.206363, 0.691887, 0.691887), (-0.206363, 0.847385, 0.489238), (0.206363, 0.691887, 0.691887), (0.206363, 0.847385, 0.489238), (-0.206363, -0.847385, -0.489238), (0.206363, -0.945135, -0.253248), (-0.206363, -0.945135, -0.253248), (0.206363, -0.945135, -0.253248), (-0.206363, -0.847385, -0.489238), (0.206363, -0.847385, -0.489238), (-0.206363, 0.253248, 0.945135), (-0.410365, 0.455961, 0.789747), (-0.410365, 0.236023, 0.880849), (-0.410365, 0.455961, 0.789747), (-0.206363, 0.253248, 0.945135), (-0.206363, 0.489238, 0.847385), (0.206363, 0.847385, 0.489238), (0.410365, 0.880849, 0.236023), (0.206363, 0.945135, 0.253248), (0.410365, 0.880849, 0.236023), (0.206363, 0.847385, 0.489238), (0.410365, 0.789747, 0.455961), (0.206363, 0.945135, 0.253248), (-0.206363, 0.978476, 1.83887e-13), (-0.206363, 0.945135, 0.253248), (-0.206363, 0.978476, 1.83887e-13), (0.206363, 0.945135, 0.253248), (0.206363, 0.978476, -1.83887e-13), (0.410365, -0.880849, -0.236023), (0.206363, -0.978476, -1.83887e-13), (0.206363, -0.945135, -0.253248), (0.206363, -0.978476, -1.83887e-13), (0.410365, -0.880849, -0.236023), (0.410365, -0.911922, -3.65669e-13), (0.206363, -0.489238, -0.847385), (0.410365, -0.644826, -0.644826), (0.206363, -0.691887, -0.691887), (0.410365, -0.644826, -0.644826), (0.206363, -0.489238, -0.847385), (0.410365, -0.455961, -0.789747), (0.206363, 0.847385, -0.489238), (0.410365, 0.644826, -0.644826), (0.206363, 0.691887, -0.691887), (0.410365, 0.644826, -0.644826), (0.206363, 0.847385, -0.489238), (0.410365, 0.789747, -0.455961), (-0.206363, -0.489238, -0.847385), (0.206363, -0.691887, -0.691887), (-0.206363, -0.691887, -0.691887), (0.206363, -0.691887, -0.691887), (-0.206363, -0.489238, -0.847385), (0.206363, -0.489238, -0.847385), (0.206363, -0.253248, 0.945135), (-0.206363, -0.489238, 0.847385), (0.206363, -0.489238, 0.847385), (-0.206363, -0.489238, 0.847385), (0.206363, -0.253248, 0.945135), (-0.206363, -0.253248, 0.945135), (0.206363, 0.945135, 0.253248), (0.410365, 0.911922, -3.65669e-13), (0.206363, 0.978476, -1.83887e-13), (0.410365, 0.911922, -3.65669e-13), (0.206363, 0.945135, 0.253248), (0.410365, 0.880849, 0.236023), (0.206363, 0, -0.978476), (0.410365, -0.236023, -0.880849), (0.206363, -0.253248, -0.945135), (0.410365, -0.236023, -0.880849), (0.206363, 0, -0.978476), (0.410365, 0, -0.911922), (0.410365, -0.644826, 0.644826), (0.206363, -0.489238, 0.847385), (0.206363, -0.691887, 0.691887), (0.206363, -0.489238, 0.847385), (0.410365, -0.644826, 0.644826), (0.410365, -0.455961, 0.789747), (-0.206363, 0.847385, -0.489238), (0.206363, 0.691887, -0.691887), (-0.206363, 0.691887, -0.691887), (0.206363, 0.691887, -0.691887), (-0.206363, 0.847385, -0.489238), (0.206363, 0.847385, -0.489238), (-0.206363, 0.978476, 1.83887e-13), (0.206363, 0.945135, -0.253248), (-0.206363, 0.945135, -0.253248), (0.206363, 0.945135, -0.253248), (-0.206363, 0.978476, 1.83887e-13), (0.206363, 0.978476, -1.83887e-13), (0.206363, 0.253248, -0.945135), (0.410365, 0, -0.911922), (0.206363, 0, -0.978476), (0.410365, 0, -0.911922), (0.206363, 0.253248, -0.945135), (0.410365, 0.236023, -0.880849), (0.206363, -0.978476, -1.83887e-13), (-0.206363, -0.945135, 0.253248), (-0.206363, -0.978476, 1.83887e-13), (-0.206363, -0.945135, 0.253248), (0.206363, -0.978476, -1.83887e-13), (0.206363, -0.945135, 0.253248), (0.410365, -0.880849, 0.236023), (0.206363, -0.847385, 0.489238), (0.206363, -0.945135, 0.253248), (0.206363, -0.847385, 0.489238), (0.410365, -0.880849, 0.236023), (0.410365, -0.789747, 0.455961), (0.410365, -0.911922, -3.65669e-13), (0.206363, -0.945135, 0.253248), (0.206363, -0.978476, -1.83887e-13), (0.206363, -0.945135, 0.253248), (0.410365, -0.911922, -3.65669e-13), (0.410365, -0.880849, 0.236023), (0.410365, 0.236023, 0.880849), (0.206363, 0, 0.978476), (0.410365, 0, 0.911922), (0.206363, 0, 0.978476), (0.410365, 0.236023, 0.880849), (0.206363, 0.253248, 0.945135), (0.410365, -0.236023, 0.880849), (0.206363, 0, 0.978476), (0.206363, -0.253248, 0.945135), (0.206363, 0, 0.978476), (0.410365, -0.236023, 0.880849), (0.410365, 0, 0.911922), (-0.206363, 0.253248, -0.945135), (0.206363, 0, -0.978476), (-0.206363, 0, -0.978476), (0.206363, 0, -0.978476), (-0.206363, 0.253248, -0.945135), (0.206363, 0.253248, -0.945135), (0.206363, -0.847385, 0.489238), (-0.206363, -0.691887, 0.691887), (-0.206363, -0.847385, 0.489238), (-0.206363, -0.691887, 0.691887), (0.206363, -0.847385, 0.489238), (0.206363, -0.691887, 0.691887), (-0.206363, 0.691887, -0.691887), (0.206363, 0.489238, -0.847385), (-0.206363, 0.489238, -0.847385), (0.206363, 0.489238, -0.847385), (-0.206363, 0.691887, -0.691887), (0.206363, 0.691887, -0.691887), (0.206363, 0.945135, -0.253248), (-0.206363, 0.847385, -0.489238), (-0.206363, 0.945135, -0.253248), (-0.206363, 0.847385, -0.489238), (0.206363, 0.945135, -0.253248), (0.206363, 0.847385, -0.489238), (0.206363, 0.691887, 0.691887), (-0.206363, 0.489238, 0.847385), (0.206363, 0.489238, 0.847385), (-0.206363, 0.489238, 0.847385), (0.206363, 0.691887, 0.691887), (-0.206363, 0.691887, 0.691887), (0.206363, 0.253248, -0.945135), (0.410365, 0.455961, -0.789747), (0.410365, 0.236023, -0.880849), (0.410365, 0.455961, -0.789747), (0.206363, 0.253248, -0.945135), (0.206363, 0.489238, -0.847385), (-0.206363, -0.253248, -0.945135), (0.206363, -0.489238, -0.847385), (-0.206363, -0.489238, -0.847385), (0.206363, -0.489238, -0.847385), (-0.206363, -0.253248, -0.945135), (0.206363, -0.253248, -0.945135), (0.410365, 0.644826, 0.644826), (0.206363, 0.489238, 0.847385), (0.410365, 0.455961, 0.789747), (0.206363, 0.489238, 0.847385), (0.410365, 0.644826, 0.644826), (0.206363, 0.691887, 0.691887), (0.206363, -0.691887, -0.691887), (-0.206363, -0.847385, -0.489238), (-0.206363, -0.691887, -0.691887), (-0.206363, -0.847385, -0.489238), (0.206363, -0.691887, -0.691887), (0.206363, -0.847385, -0.489238), (0.410365, 0.880849, -0.236023), (0.206363, 0.847385, -0.489238), (0.206363, 0.945135, -0.253248), (0.206363, 0.847385, -0.489238), (0.410365, 0.880849, -0.236023), (0.410365, 0.789747, -0.455961), (0.206363, 0.253248, 0.945135), (-0.206363, 0, 0.978476), (0.206363, 0, 0.978476), (-0.206363, 0, 0.978476), (0.206363, 0.253248, 0.945135), (-0.206363, 0.253248, 0.945135), (0.410365, 0.455961, 0.789747), (0.206363, 0.253248, 0.945135), (0.410365, 0.236023, 0.880849), (0.206363, 0.253248, 0.945135), (0.410365, 0.455961, 0.789747), (0.206363, 0.489238, 0.847385), (-0.206363, 0.489238, 0.847385), (-0.410365, 0.644826, 0.644826), (-0.410365, 0.455961, 0.789747), (-0.410365, 0.644826, 0.644826), (-0.206363, 0.489238, 0.847385), (-0.206363, 0.691887, 0.691887), (-0.410365, 0.911922, 3.65669e-13), (-0.206363, 0.945135, -0.253248), (-0.410365, 0.880849, -0.236023), (-0.206363, 0.945135, -0.253248), (-0.410365, 0.911922, 3.65669e-13), (-0.206363, 0.978476, 1.83887e-13), (0.206363, 0, 0.978476), (-0.206363, -0.253248, 0.945135), (0.206363, -0.253248, 0.945135), (-0.206363, -0.253248, 0.945135), (0.206363, 0, 0.978476), (-0.206363, 0, 0.978476), (-0.206363, 0.489238, -0.847385), (0.206363, 0.253248, -0.945135), (-0.206363, 0.253248, -0.945135), (0.206363, 0.253248, -0.945135), (-0.206363, 0.489238, -0.847385), (0.206363, 0.489238, -0.847385), (0.206363, 0.489238, -0.847385), (0.410365, 0.644826, -0.644826), (0.410365, 0.455961, -0.789747), (0.410365, 0.644826, -0.644826), (0.206363, 0.489238, -0.847385), (0.206363, 0.691887, -0.691887), (-0.206363, -0.847385, -0.489238), (-0.410365, -0.880849, -0.236023), (-0.410365, -0.789747, -0.455961), (-0.410365, -0.880849, -0.236023), (-0.206363, -0.847385, -0.489238), (-0.206363, -0.945135, -0.253248), (-0.206363, -0.253248, 0.945135), (-0.410365, -0.455961, 0.789747), (-0.206363, -0.489238, 0.847385), (-0.410365, -0.455961, 0.789747), (-0.206363, -0.253248, 0.945135), (-0.410365, -0.236023, 0.880849), (-0.410365, 0.644826, 0.644826), (-0.206363, 0.847385, 0.489238), (-0.410365, 0.789747, 0.455961), (-0.206363, 0.847385, 0.489238), (-0.410365, 0.644826, 0.644826), (-0.206363, 0.691887, 0.691887), (-0.410365, 0.789747, -0.455961), (-0.206363, 0.691887, -0.691887), (-0.410365, 0.644826, -0.644826), (-0.206363, 0.691887, -0.691887), (-0.410365, 0.789747, -0.455961), (-0.206363, 0.847385, -0.489238), (-0.410365, -0.236023, -0.880849), (-0.206363, 0, -0.978476), (-0.206363, -0.253248, -0.945135), (-0.206363, 0, -0.978476), (-0.410365, -0.236023, -0.880849), (-0.410365, 0, -0.911922), (-0.206363, -0.978476, 1.83887e-13), (-0.410365, -0.880849, 0.236023), (-0.410365, -0.911922, 3.65669e-13), (-0.410365, -0.880849, 0.236023), (-0.206363, -0.978476, 1.83887e-13), (-0.206363, -0.945135, 0.253248), (0.410365, -0.644826, -0.644826), (0.206363, -0.847385, -0.489238), (0.206363, -0.691887, -0.691887), (0.206363, -0.847385, -0.489238), (0.410365, -0.644826, -0.644826), (0.410365, -0.789747, -0.455961), (1, 0, -8.91084e-13), (1, 0, -8.91084e-13), (1, 0, -8.91084e-13), (1, 0, -8.91084e-13), (1, 0, -8.91084e-13), (1, 0, -8.91084e-13), (1, 0, -8.91084e-13), (1, 0, -8.91084e-13), (1, 0, -8.91084e-13), (1, 0, -8.91084e-13), (1, 0, -8.91084e-13), (1, 0, -8.91084e-13), (1, 0, -8.91084e-13), (1, 0, -8.91084e-13), (1, 0, -8.91084e-13), (1, 0, -8.91084e-13), (1, 0, -8.91084e-13), (1, 0, -8.91084e-13), (1, 0, -8.91084e-13), (1, 0, -8.91084e-13), (1, 0, -8.91084e-13), (1, 0, -8.91084e-13), (1, 0, -8.91084e-13), (1, 0, -8.91084e-13), (1, 0, -8.91084e-13), (1, 0, -8.91084e-13), (1, 0, -8.91084e-13), (1, 0, -8.91084e-13), (1, 0, -8.91084e-13), (1, 0, -8.91084e-13), (1, 0, -8.91084e-13), (1, 0, -8.91084e-13), (1, 0, -8.91084e-13), (1, 0, -8.91084e-13), (1, 0, -8.91084e-13), (1, 0, -8.91084e-13), (1, 0, -8.91084e-13), (1, 0, -8.91084e-13), (1, 0, -8.91084e-13), (1, 0, -8.91084e-13), (1, 0, -8.91084e-13), (1, 0, -8.91084e-13), (1, 0, -8.91084e-13), (1, 0, -8.91084e-13), (1, 0, -8.91084e-13), (1, 0, -8.91084e-13), (1, 0, -8.91084e-13), (1, 0, -8.91084e-13), (1, 0, -8.91084e-13), (1, 0, -8.91084e-13), (1, 0, -8.91084e-13), (1, 0, -8.91084e-13), (1, 0, -8.91084e-13), (1, 0, -8.91084e-13), (1, 0, -8.91084e-13), (1, 0, -8.91084e-13), (1, 0, -8.91084e-13), (1, 0, -8.91084e-13), (1, 0, -8.91084e-13), (1, 0, -8.91084e-13), (1, 0, -8.91084e-13), (1, 0, -8.91084e-13), (1, 0, -8.91084e-13), (1, 0, -8.91084e-13), (1, 0, -8.91084e-13), (1, 0, -8.91084e-13), (1, 0, -8.91084e-13), (1, 0, -8.91084e-13), (1, 0, -8.91084e-13), (1, 0, -8.91084e-13), (1, 0, -8.91084e-13), (1, 0, -8.91084e-13), (1, 0, -8.91084e-13), (1, 0, -8.91084e-13), (1, 0, -8.91084e-13), (1, 0, -8.91084e-13), (1, 0, -8.91084e-13), (1, 0, -8.91084e-13), (1, 0, -8.91084e-13), (1, 0, -8.91084e-13), (1, 0, -8.91084e-13), (1, 0, -8.91084e-13), (1, 0, -8.91084e-13), (1, 0, -8.91084e-13), (1, 0, -8.91084e-13), (1, 0, -8.91084e-13), (1, 0, -8.91084e-13), (1, 0, -8.91084e-13), (1, 0, -8.91084e-13), (1, 0, -8.91084e-13), (1, 0, -8.91084e-13), (1, 0, -8.91084e-13), (1, 0, -8.91084e-13), (1, 0, -8.91084e-13), (1, 0, -8.91084e-13), (1, 0, -8.91084e-13), (1, 0, -8.91084e-13), (1, 0, -8.91084e-13), (1, 0, -8.91084e-13), (1, 0, -8.91084e-13), (1, 0, -8.91084e-13), (1, 0, -8.91084e-13), (1, 0, -8.91084e-13), (1, 0, -8.91084e-13), (1, 0, -8.91084e-13), (1, 0, -8.91084e-13), (1, 0, -8.91084e-13), (1, 0, -8.91084e-13), (1, 0, -8.91084e-13), (1, 0, -8.91084e-13), (1, 0, -8.91084e-13), (1, 0, -8.91084e-13), (1, 0, -8.91084e-13), (1, 0, -8.91084e-13), (1, 0, -8.91084e-13), (1, 0, -8.91084e-13), (1, 0, -8.91084e-13), (1, 0, -8.91084e-13), (1, 0, -8.91084e-13), (1, 0, -8.91084e-13), (1, 0, -8.91084e-13), (1, 0, -8.91084e-13), (1, 0, -8.91084e-13), (1, 0, -8.91084e-13), (1, 0, -8.91084e-13), (1, 0, -8.91084e-13), (1, 0, -8.91084e-13), (1, 0, -8.91084e-13), (1, 0, -8.91084e-13), (1, 0, -8.91084e-13), (1, 0, -8.91084e-13), (1, 0, -8.91084e-13), (1, 0, -8.91084e-13), (1, 0, -8.91084e-13), (1, 0, -8.91084e-13), (1, 0, -8.91084e-13), (1, 0, -8.91084e-13), (1, 0, -8.91084e-13), (1, 0, -8.91084e-13), (1, 0, -8.91084e-13), (1, 0, -8.91084e-13), (1, 0, -8.91084e-13), (1, 0, -8.91084e-13), (1, 0, -8.91084e-13), (0.410365, -0.455961, 0.789747), (0.206363, -0.253248, 0.945135), (0.206363, -0.489238, 0.847385), (0.206363, -0.253248, 0.945135), (0.410365, -0.455961, 0.789747), (0.410365, -0.236023, 0.880849), (-0.206363, -0.847385, 0.489238), (-0.410365, -0.644826, 0.644826), (-0.410365, -0.789747, 0.455961), (-0.410365, -0.644826, 0.644826), (-0.206363, -0.847385, 0.489238), (-0.206363, -0.691887, 0.691887), (-0.410365, 0.455961, -0.789747), (-0.206363, 0.253248, -0.945135), (-0.410365, 0.236023, -0.880849), (-0.206363, 0.253248, -0.945135), (-0.410365, 0.455961, -0.789747), (-0.206363, 0.489238, -0.847385), (-0.410365, -0.455961, -0.789747), (-0.206363, -0.253248, -0.945135), (-0.206363, -0.489238, -0.847385), (-0.206363, -0.253248, -0.945135), (-0.410365, -0.455961, -0.789747), (-0.410365, -0.236023, -0.880849), (-0.206363, -0.489238, 0.847385), (-0.410365, -0.644826, 0.644826), (-0.206363, -0.691887, 0.691887), (-0.410365, -0.644826, 0.644826), (-0.206363, -0.489238, 0.847385), (-0.410365, -0.455961, 0.789747), (-0.410365, 0.789747, 0.455961), (-0.206363, 0.945135, 0.253248), (-0.410365, 0.880849, 0.236023), (-0.206363, 0.945135, 0.253248), (-0.410365, 0.789747, 0.455961), (-0.206363, 0.847385, 0.489238), (-0.410365, 0.644826, -0.644826), (-0.206363, 0.489238, -0.847385), (-0.410365, 0.455961, -0.789747), (-0.206363, 0.489238, -0.847385), (-0.410365, 0.644826, -0.644826), (-0.206363, 0.691887, -0.691887), (0.410365, 0.644826, 0.644826), (0.206363, 0.847385, 0.489238), (0.206363, 0.691887, 0.691887), (0.206363, 0.847385, 0.489238), (0.410365, 0.644826, 0.644826), (0.410365, 0.789747, 0.455961), (0.410365, -0.789747, 0.455961), (0.206363, -0.691887, 0.691887), (0.206363, -0.847385, 0.489238), (0.206363, -0.691887, 0.691887), (0.410365, -0.789747, 0.455961), (0.410365, -0.644826, 0.644826), (-0.206363, 0.253248, 0.945135), (-0.410365, 0, 0.911922), (-0.206363, 0, 0.978476), (-0.410365, 0, 0.911922), (-0.206363, 0.253248, 0.945135), (-0.410365, 0.236023, 0.880849), (-0.206363, -0.945135, 0.253248), (-0.410365, -0.789747, 0.455961), (-0.410365, -0.880849, 0.236023), (-0.410365, -0.789747, 0.455961), (-0.206363, -0.945135, 0.253248), (-0.206363, -0.847385, 0.489238), (0.206363, -0.253248, -0.945135), (0.410365, -0.455961, -0.789747), (0.206363, -0.489238, -0.847385), (0.410365, -0.455961, -0.789747), (0.206363, -0.253248, -0.945135), (0.410365, -0.236023, -0.880849), (-0.410365, -0.644826, -0.644826), (-0.206363, -0.489238, -0.847385), (-0.206363, -0.691887, -0.691887), (-0.206363, -0.489238, -0.847385), (-0.410365, -0.644826, -0.644826), (-0.410365, -0.455961, -0.789747), (-0.410365, 0.880849, -0.236023), (-0.206363, 0.847385, -0.489238), (-0.410365, 0.789747, -0.455961), (-0.206363, 0.847385, -0.489238), (-0.410365, 0.880849, -0.236023), (-0.206363, 0.945135, -0.253248), (-0.206363, -0.945135, -0.253248), (-0.410365, -0.911922, 3.65669e-13), (-0.410365, -0.880849, -0.236023), (-0.410365, -0.911922, 3.65669e-13), (-0.206363, -0.945135, -0.253248), (-0.206363, -0.978476, 1.83887e-13), (0.206363, 0.489238, 0.847385), (-0.206363, 0.253248, 0.945135), (0.206363, 0.253248, 0.945135), (-0.206363, 0.253248, 0.945135), (0.206363, 0.489238, 0.847385), (-0.206363, 0.489238, 0.847385), (-1, 0, 8.91084e-13), (-1, 0, 8.91084e-13), (-1, 0, 8.91084e-13), (-1, 0, 8.91084e-13), (-1, 0, 8.91084e-13), (-1, 0, 8.91084e-13), (-1, 0, 8.91084e-13), (-1, 0, 8.91084e-13), (-1, 0, 8.91084e-13), (-1, 0, 8.91084e-13), (-1, 0, 8.91084e-13), (-1, 0, 8.91084e-13), (-1, 0, 8.91084e-13), (-1, 0, 8.91084e-13), (-1, 0, 8.91084e-13), (-1, 0, 8.91084e-13), (-1, 0, 8.91084e-13), (-1, 0, 8.91084e-13), (-1, 0, 8.91084e-13), (-1, 0, 8.91084e-13), (-1, 0, 8.91084e-13), (-1, 0, 8.91084e-13), (-1, 0, 8.91084e-13), (-1, 0, 8.91084e-13), (-1, 0, 8.91084e-13), (-1, 0, 8.91084e-13), (-1, 0, 8.91084e-13), (-1, 0, 8.91084e-13), (-1, 0, 8.91084e-13), (-1, 0, 8.91084e-13), (-1, 0, 8.91084e-13), (-1, 0, 8.91084e-13), (-1, 0, 8.91084e-13), (-1, 0, 8.91084e-13), (-1, 0, 8.91084e-13), (-1, 0, 8.91084e-13), (-1, 0, 8.91084e-13), (-1, 0, 8.91084e-13), (-1, 0, 8.91084e-13), (-1, 0, 8.91084e-13), (-1, 0, 8.91084e-13), (-1, 0, 8.91084e-13), (-1, 0, 8.91084e-13), (-1, 0, 8.91084e-13), (-1, 0, 8.91084e-13), (-1, 0, 8.91084e-13), (-1, 0, 8.91084e-13), (-1, 0, 8.91084e-13), (-1, 0, 8.91084e-13), (-1, 0, 8.91084e-13), (-1, 0, 8.91084e-13), (-1, 0, 8.91084e-13), (-1, 0, 8.91084e-13), (-1, 0, 8.91084e-13), (-1, 0, 8.91084e-13), (-1, 0, 8.91084e-13), (-1, 0, 8.91084e-13), (-1, 0, 8.91084e-13), (-1, 0, 8.91084e-13), (-1, 0, 8.91084e-13), (-1, 0, 8.91084e-13), (-1, 0, 8.91084e-13), (-1, 0, 8.91084e-13), (-1, 0, 8.91084e-13), (-1, 0, 8.91084e-13), (-1, 0, 8.91084e-13), (-0.410365, 0.236023, -0.880849), (-0.206363, 0, -0.978476), (-0.410365, 0, -0.911922), (-0.206363, 0, -0.978476), (-0.410365, 0.236023, -0.880849), (-0.206363, 0.253248, -0.945135), (-0.206363, 0, 0.978476), (-0.410365, -0.236023, 0.880849), (-0.206363, -0.253248, 0.945135), (-0.410365, -0.236023, 0.880849), (-0.206363, 0, 0.978476), (-0.410365, 0, 0.911922), (0.206363, -0.945135, 0.253248), (-0.206363, -0.847385, 0.489238), (-0.206363, -0.945135, 0.253248), (-0.206363, -0.847385, 0.489238), (0.206363, -0.945135, 0.253248), (0.206363, -0.847385, 0.489238), (-0.410365, 0.880849, 0.236023), (-0.206363, 0.978476, 1.83887e-13), (-0.410365, 0.911922, 3.65669e-13), (-0.206363, 0.978476, 1.83887e-13), (-0.410365, 0.880849, 0.236023), (-0.206363, 0.945135, 0.253248), (-0.206363, -0.691887, -0.691887), (-0.410365, -0.789747, -0.455961), (-0.410365, -0.644826, -0.644826), (-0.410365, -0.789747, -0.455961), (-0.206363, -0.691887, -0.691887), (-0.206363, -0.847385, -0.489238), (0.264093, 0.682003, -0.682003), (0.264093, 0.835279, -0.482249), (0.264093, 0.682003, -0.682003), (0.264093, 0.835279, -0.482249), (0.264093, 0.682003, -0.682003), (0.264093, 0.835279, -0.482249), (0.264092, -0.24963, -0.931633), (0.264093, 0, -0.964497), (0.264093, 0, -0.964497), (0.264093, 0, -0.964497), (0.264092, -0.24963, -0.931633), (0.264092, -0.24963, -0.931633), (0.264093, 0.964497, -2.35329e-13), (0.264092, 0.931633, 0.24963), (0.264093, 0.964497, -2.35329e-13), (0.264092, 0.931633, 0.24963), (0.264093, 0.964497, -2.35329e-13), (0.264092, 0.931633, 0.24963), (0.264092, -0.24963, 0.931633), (0.264093, -0.482249, 0.835279), (0.264092, -0.24963, 0.931633), (0.264093, -0.482249, 0.835279), (0.264092, -0.24963, 0.931633), (0.264093, -0.482249, 0.835279), (0.264092, 0.24963, -0.931633), (0.264093, 0, -0.964497), (0.264092, 0.24963, -0.931633), (0.264093, 0, -0.964497), (0.264092, 0.24963, -0.931633), (0.264093, 0, -0.964497), (0.264093, -0.835279, -0.482249), (0.264093, -0.682003, -0.682003), (0.264093, -0.835279, -0.482249), (0.264093, -0.682003, -0.682003), (0.264093, -0.835279, -0.482249), (0.264093, -0.682003, -0.682003), (0.264092, 0.24963, 0.931633), (0.264093, 0.482249, 0.835279), (0.264093, 0.482249, 0.835279), (0.264093, 0.482249, 0.835279), (0.264092, 0.24963, 0.931633), (0.264092, 0.24963, 0.931633), (0.264092, 0.931633, -0.24963), (0.264093, 0.964497, -2.35329e-13), (0.264093, 0.964497, -2.35329e-13), (0.264093, 0.964497, -2.35329e-13), (0.264092, 0.931633, -0.24963), (0.264092, 0.931633, -0.24963), (0.264093, 0.482249, -0.835279), (0.264092, 0.24963, -0.931633), (0.264093, 0.482249, -0.835279), (0.264092, 0.24963, -0.931633), (0.264093, 0.482249, -0.835279), (0.264092, 0.24963, -0.931633), (0.264093, -0.482249, 0.835279), (0.264093, -0.682003, 0.682003), (0.264093, -0.482249, 0.835279), (0.264093, -0.682003, 0.682003), (0.264093, -0.482249, 0.835279), (0.264093, -0.682003, 0.682003), (0.264093, -0.682003, -0.682003), (0.264093, -0.482249, -0.835279), (0.264093, -0.482249, -0.835279), (0.264093, -0.482249, -0.835279), (0.264093, -0.682003, -0.682003), (0.264093, -0.682003, -0.682003), (0.264092, -0.931633, 0.24963), (0.264093, -0.964497, -2.35329e-13), (0.264092, -0.931633, 0.24963), (0.264093, -0.964497, -2.35329e-13), (0.264092, -0.931633, 0.24963), (0.264093, -0.964497, -2.35329e-13), (0.264093, 0.682003, -0.682003), (0.264093, 0.482249, -0.835279), (0.264093, 0.682003, -0.682003), (0.264093, 0.482249, -0.835279), (0.264093, 0.682003, -0.682003), (0.264093, 0.482249, -0.835279), (0.264093, -0.682003, 0.682003), (0.264093, -0.835279, 0.482249), (0.264093, -0.682003, 0.682003), (0.264093, -0.835279, 0.482249), (0.264093, -0.682003, 0.682003), (0.264093, -0.835279, 0.482249), (0.264093, 0.835279, 0.482249), (0.264093, 0.682003, 0.682003), (0.264093, 0.835279, 0.482249), (0.264093, 0.682003, 0.682003), (0.264093, 0.835279, 0.482249), (0.264093, 0.682003, 0.682003), (0.264093, 0.482249, 0.835279), (0.264093, 0.682003, 0.682003), (0.264093, 0.682003, 0.682003), (0.264093, 0.682003, 0.682003), (0.264093, 0.482249, 0.835279), (0.264093, 0.482249, 0.835279), (0.264093, -0.835279, 0.482249), (0.264092, -0.931633, 0.24963), (0.264093, -0.835279, 0.482249), (0.264092, -0.931633, 0.24963), (0.264093, -0.835279, 0.482249), (0.264092, -0.931633, 0.24963), (1, 0, -8.91084e-13), (1, 0, -8.91084e-13), (1, 0, -8.91084e-13), (1, 0, -8.91084e-13), (1, 0, -8.91084e-13), (1, 0, -8.91084e-13), (1, 0, -8.91084e-13), (1, 0, -8.91084e-13), (1, 0, -8.91084e-13), (1, 0, -8.91084e-13), (1, 0, -8.91084e-13), (1, 0, -8.91084e-13), (1, 0, -8.91084e-13), (1, 0, -8.91084e-13), (1, 0, -8.91084e-13), (1, 0, -8.91084e-13), (1, 0, -8.91084e-13), (1, 0, -8.91084e-13), (1, 0, -8.91084e-13), (1, 0, -8.91084e-13), (1, 0, -8.91084e-13), (1, 0, -8.91084e-13), (1, 0, -8.91084e-13), (1, 0, -8.91084e-13), (1, 0, -8.91084e-13), (1, 0, -8.91084e-13), (1, 0, -8.91084e-13), (1, 0, -8.91084e-13), (1, 0, -8.91084e-13), (1, 0, -8.91084e-13), (1, 0, -8.91084e-13), (1, 0, -8.91084e-13), (1, 0, -8.91084e-13), (1, 0, -8.91084e-13), (1, 0, -8.91084e-13), (1, 0, -8.91084e-13), (1, 0, -8.91084e-13), (1, 0, -8.91084e-13), (1, 0, -8.91084e-13), (1, 0, -8.91084e-13), (1, 0, -8.91084e-13), (1, 0, -8.91084e-13), (1, 0, -8.91084e-13), (1, 0, -8.91084e-13), (1, 0, -8.91084e-13), (1, 0, -8.91084e-13), (1, 0, -8.91084e-13), (1, 0, -8.91084e-13), (1, 0, -8.91084e-13), (1, 0, -8.91084e-13), (1, 0, -8.91084e-13), (1, 0, -8.91084e-13), (1, 0, -8.91084e-13), (1, 0, -8.91084e-13), (1, 0, -8.91084e-13), (1, 0, -8.91084e-13), (1, 0, -8.91084e-13), (1, 0, -8.91084e-13), (1, 0, -8.91084e-13), (1, 0, -8.91084e-13), (1, 0, -8.91084e-13), (1, 0, -8.91084e-13), (1, 0, -8.91084e-13), (1, 0, -8.91084e-13), (1, 0, -8.91084e-13), (1, 0, -8.91084e-13), (0.264093, 0, 0.964497), (0.264092, -0.24963, 0.931633), (0.264093, 0, 0.964497), (0.264092, -0.24963, 0.931633), (0.264093, 0, 0.964497), (0.264092, -0.24963, 0.931633), (0.264092, -0.931633, -0.24963), (0.264093, -0.835279, -0.482249), (0.264092, -0.931633, -0.24963), (0.264093, -0.835279, -0.482249), (0.264092, -0.931633, -0.24963), (0.264093, -0.835279, -0.482249), (0.264093, 0, 0.964497), (0.264092, 0.24963, 0.931633), (0.264092, 0.24963, 0.931633), (0.264092, 0.24963, 0.931633), (0.264093, 0, 0.964497), (0.264093, 0, 0.964497), (0.264093, 0.835279, -0.482249), (0.264092, 0.931633, -0.24963), (0.264093, 0.835279, -0.482249), (0.264092, 0.931633, -0.24963), (0.264093, 0.835279, -0.482249), (0.264092, 0.931633, -0.24963), (0.264093, -0.964497, -2.35329e-13), (0.264092, -0.931633, -0.24963), (0.264093, -0.964497, -2.35329e-13), (0.264092, -0.931633, -0.24963), (0.264093, -0.964497, -2.35329e-13), (0.264092, -0.931633, -0.24963), (0.264092, 0.931633, 0.24963), (0.264093, 0.835279, 0.482249), (0.264092, 0.931633, 0.24963), (0.264093, 0.835279, 0.482249), (0.264092, 0.931633, 0.24963), (0.264093, 0.835279, 0.482249), (0.264093, -0.482249, -0.835279), (0.264092, -0.24963, -0.931633), (0.264092, -0.24963, -0.931633), (0.264092, -0.24963, -0.931633), (0.264093, -0.482249, -0.835279), (0.264093, -0.482249, -0.835279), (1, 0, 0), (1, 0, 0), (1, 0, 0), (1, 0, 0), (1, 0, 0), (1, 0, 0), (1, 0, 0), (1, 0, 0), (1, 0, 0), (1, 0, 0), (1, 0, 0), (1, 0, 0), (1, 0, 0), (1, 0, 0), (1, 0, 0), (1, 0, 0), (1, 0, 0), (1, 0, 0), (1, 0, 0), (1, 0, 0), (1, 0, 0), (1, 0, 0), (1, 0, 0), (1, 0, 0), (1, 0, 0), (1, 0, 0), (1, 0, 0), (1, 0, 0), (1, 0, 0), (1, 0, 0), (1, 0, 0), (1, 0, 0), (1, 0, 0), (1, 0, 0), (1, 0, 0), (1, 0, 0), (1, 0, 0), (1, 0, 0), (1, 0, 0), (1, 0, 0), (1, 0, 0), (1, 0, 0), (1, 0, 0), (1, 0, 0), (1, 0, 0), (1, 0, 0), (1, 0, 0), (1, 0, 0), (1, 0, 0), (1, 0, 0), (1, 0, 0), (1, 0, 0), (1, 0, 0), (1, 0, 0), (1, 0, 0), (1, 0, 0), (1, 0, 0), (1, 0, 0), (1, 0, 0), (1, 0, 0), (1, 0, 0), (1, 0, 0), (1, 0, 0), (1, 0, 0), (1, 0, 0), (1, 0, 0), (1, 0, 0), (1, 0, 0), (1, 0, 0), (1, 0, 0), (1, 0, 0), (1, 0, 0), (1, 0, 0), (1, 0, 0), (1, 0, 0), (1, 0, 0), (1, 0, 0), (1, 0, 0), (1, 0, 0), (1, 0, 0), (1, 0, 0), (1, 0, 0), (1, 0, 0), (1, 0, 0), (1, 0, 0), (1, 0, 0), (1, 0, 0), (1, 0, 0), (1, 0, 0), (1, 0, 0), (1, 0, 0), (1, 0, 0), (1, 0, 0), (1, 0, 0), (1, 0, 0), (1, 0, 0), (1, 0, 0), (1, 0, 0), (1, 0, 0), (1, 0, 0), (1, 0, 0), (1, 0, 0), (1, 0, 0), (1, 0, 0), (1, 0, 0), (1, 0, 0), (1, 0, 0), (1, 0, 0), (1, 0, 0), (1, 0, 0), (1, 0, 0), (1, 0, 0), (1, 0, 0), (1, 0, 0), (1, 0, 0), (1, 0, 0), (1, 0, 0), (1, 0, 0), (1, 0, 0), (1, 0, 0), (1, 0, 0), (1, 0, 0), (1, 0, 0), (1, 0, 0), (1, 0, 0), (1, 0, 0), (1, 0, 0), (1, 0, 0), (1, 0, 0), (1, 0, 0), (1, 0, 0), (1, 0, 0), (1, 0, 0), (1, 0, 0), (1, 0, 0), (1, 0, 0), (1, 0, 0), (1, 0, 0), (1, 0, 0), (1, 0, 0), (1, 0, 0), (1, 0, 0), (1, 0, 0), (1, 0, 0), (-0.206363, 0.847385, 0.489238), (0.206363, 0.945135, 0.253248), (-0.206363, 0.945135, 0.253248), (0.206363, 0.945135, 0.253248), (-0.206363, 0.847385, 0.489238), (0.206363, 0.847385, 0.489238), (0.206363, -0.489238, 0.847385), (-0.206363, -0.691887, 0.691887), (0.206363, -0.691887, 0.691887), (-0.206363, -0.691887, 0.691887), (0.206363, -0.489238, 0.847385), (-0.206363, -0.489238, 0.847385), (0.410365, 0.911922, -3.65669e-13), (0.206363, 0.945135, -0.253248), (0.206363, 0.978476, -1.83887e-13), (0.206363, 0.945135, -0.253248), (0.410365, 0.911922, -3.65669e-13), (0.410365, 0.880849, -0.236023), (-0.206363, 0, -0.978476), (0.206363, -0.253248, -0.945135), (-0.206363, -0.253248, -0.945135), (0.206363, -0.253248, -0.945135), (-0.206363, 0, -0.978476), (0.206363, 0, -0.978476), (0.206363, -0.945135, -0.253248), (-0.206363, -0.978476, 1.83887e-13), (-0.206363, -0.945135, -0.253248), (-0.206363, -0.978476, 1.83887e-13), (0.206363, -0.945135, -0.253248), (0.206363, -0.978476, -1.83887e-13), (0.410365, -0.789747, -0.455961), (0.206363, -0.945135, -0.253248), (0.206363, -0.847385, -0.489238), (0.206363, -0.945135, -0.253248), (0.410365, -0.789747, -0.455961), (0.410365, -0.880849, -0.236023), (0.206363, 0.691887, 0.691887), (-0.206363, 0.847385, 0.489238), (-0.206363, 0.691887, 0.691887), (-0.206363, 0.847385, 0.489238), (0.206363, 0.691887, 0.691887), (0.206363, 0.847385, 0.489238), (-0.206363, -0.847385, -0.489238), (0.206363, -0.945135, -0.253248), (-0.206363, -0.945135, -0.253248), (0.206363, -0.945135, -0.253248), (-0.206363, -0.847385, -0.489238), (0.206363, -0.847385, -0.489238), (-0.206363, 0.253248, 0.945135), (-0.410365, 0.455961, 0.789747), (-0.410365, 0.236023, 0.880849), (-0.410365, 0.455961, 0.789747), (-0.206363, 0.253248, 0.945135), (-0.206363, 0.489238, 0.847385), (0.206363, 0.847385, 0.489238), (0.410365, 0.880849, 0.236023), (0.206363, 0.945135, 0.253248), (0.410365, 0.880849, 0.236023), (0.206363, 0.847385, 0.489238), (0.410365, 0.789747, 0.455961), (0.206363, 0.945135, 0.253248), (-0.206363, 0.978476, 1.83887e-13), (-0.206363, 0.945135, 0.253248), (-0.206363, 0.978476, 1.83887e-13), (0.206363, 0.945135, 0.253248), (0.206363, 0.978476, -1.83887e-13), (0.410365, -0.880849, -0.236023), (0.206363, -0.978476, -1.83887e-13), (0.206363, -0.945135, -0.253248), (0.206363, -0.978476, -1.83887e-13), (0.410365, -0.880849, -0.236023), (0.410365, -0.911922, -3.65669e-13), (0.206363, -0.489238, -0.847385), (0.410365, -0.644826, -0.644826), (0.206363, -0.691887, -0.691887), (0.410365, -0.644826, -0.644826), (0.206363, -0.489238, -0.847385), (0.410365, -0.455961, -0.789747), (0.206363, 0.847385, -0.489238), (0.410365, 0.644826, -0.644826), (0.206363, 0.691887, -0.691887), (0.410365, 0.644826, -0.644826), (0.206363, 0.847385, -0.489238), (0.410365, 0.789747, -0.455961), (-0.206363, -0.489238, -0.847385), (0.206363, -0.691887, -0.691887), (-0.206363, -0.691887, -0.691887), (0.206363, -0.691887, -0.691887), (-0.206363, -0.489238, -0.847385), (0.206363, -0.489238, -0.847385), (0.206363, -0.253248, 0.945135), (-0.206363, -0.489238, 0.847385), (0.206363, -0.489238, 0.847385), (-0.206363, -0.489238, 0.847385), (0.206363, -0.253248, 0.945135), (-0.206363, -0.253248, 0.945135), (0.206363, 0.945135, 0.253248), (0.410365, 0.911922, -3.65669e-13), (0.206363, 0.978476, -1.83887e-13), (0.410365, 0.911922, -3.65669e-13), (0.206363, 0.945135, 0.253248), (0.410365, 0.880849, 0.236023), (0.206363, 0, -0.978476), (0.410365, -0.236023, -0.880849), (0.206363, -0.253248, -0.945135), (0.410365, -0.236023, -0.880849), (0.206363, 0, -0.978476), (0.410365, 0, -0.911922), (0.410365, -0.644826, 0.644826), (0.206363, -0.489238, 0.847385), (0.206363, -0.691887, 0.691887), (0.206363, -0.489238, 0.847385), (0.410365, -0.644826, 0.644826), (0.410365, -0.455961, 0.789747), (-0.206363, 0.847385, -0.489238), (0.206363, 0.691887, -0.691887), (-0.206363, 0.691887, -0.691887), (0.206363, 0.691887, -0.691887), (-0.206363, 0.847385, -0.489238), (0.206363, 0.847385, -0.489238), (-0.206363, 0.978476, 1.83887e-13), (0.206363, 0.945135, -0.253248), (-0.206363, 0.945135, -0.253248), (0.206363, 0.945135, -0.253248), (-0.206363, 0.978476, 1.83887e-13), (0.206363, 0.978476, -1.83887e-13), (0.206363, 0.253248, -0.945135), (0.410365, 0, -0.911922), (0.206363, 0, -0.978476), (0.410365, 0, -0.911922), (0.206363, 0.253248, -0.945135), (0.410365, 0.236023, -0.880849), (0.206363, -0.978476, -1.83887e-13), (-0.206363, -0.945135, 0.253248), (-0.206363, -0.978476, 1.83887e-13), (-0.206363, -0.945135, 0.253248), (0.206363, -0.978476, -1.83887e-13), (0.206363, -0.945135, 0.253248), (0.410365, -0.880849, 0.236023), (0.206363, -0.847385, 0.489238), (0.206363, -0.945135, 0.253248), (0.206363, -0.847385, 0.489238), (0.410365, -0.880849, 0.236023), (0.410365, -0.789747, 0.455961), (0.410365, -0.911922, -3.65669e-13), (0.206363, -0.945135, 0.253248), (0.206363, -0.978476, -1.83887e-13), (0.206363, -0.945135, 0.253248), (0.410365, -0.911922, -3.65669e-13), (0.410365, -0.880849, 0.236023), (0.410365, 0.236023, 0.880849), (0.206363, 0, 0.978476), (0.410365, 0, 0.911922), (0.206363, 0, 0.978476), (0.410365, 0.236023, 0.880849), (0.206363, 0.253248, 0.945135), (0.410365, -0.236023, 0.880849), (0.206363, 0, 0.978476), (0.206363, -0.253248, 0.945135), (0.206363, 0, 0.978476), (0.410365, -0.236023, 0.880849), (0.410365, 0, 0.911922), (-0.206363, 0.253248, -0.945135), (0.206363, 0, -0.978476), (-0.206363, 0, -0.978476), (0.206363, 0, -0.978476), (-0.206363, 0.253248, -0.945135), (0.206363, 0.253248, -0.945135), (0.206363, -0.847385, 0.489238), (-0.206363, -0.691887, 0.691887), (-0.206363, -0.847385, 0.489238), (-0.206363, -0.691887, 0.691887), (0.206363, -0.847385, 0.489238), (0.206363, -0.691887, 0.691887), (-0.206363, 0.691887, -0.691887), (0.206363, 0.489238, -0.847385), (-0.206363, 0.489238, -0.847385), (0.206363, 0.489238, -0.847385), (-0.206363, 0.691887, -0.691887), (0.206363, 0.691887, -0.691887), (0.206363, 0.945135, -0.253248), (-0.206363, 0.847385, -0.489238), (-0.206363, 0.945135, -0.253248), (-0.206363, 0.847385, -0.489238), (0.206363, 0.945135, -0.253248), (0.206363, 0.847385, -0.489238), (0.206363, 0.691887, 0.691887), (-0.206363, 0.489238, 0.847385), (0.206363, 0.489238, 0.847385), (-0.206363, 0.489238, 0.847385), (0.206363, 0.691887, 0.691887), (-0.206363, 0.691887, 0.691887), (0.206363, 0.253248, -0.945135), (0.410365, 0.455961, -0.789747), (0.410365, 0.236023, -0.880849), (0.410365, 0.455961, -0.789747), (0.206363, 0.253248, -0.945135), (0.206363, 0.489238, -0.847385), (-0.206363, -0.253248, -0.945135), (0.206363, -0.489238, -0.847385), (-0.206363, -0.489238, -0.847385), (0.206363, -0.489238, -0.847385), (-0.206363, -0.253248, -0.945135), (0.206363, -0.253248, -0.945135), (0.410365, 0.644826, 0.644826), (0.206363, 0.489238, 0.847385), (0.410365, 0.455961, 0.789747), (0.206363, 0.489238, 0.847385), (0.410365, 0.644826, 0.644826), (0.206363, 0.691887, 0.691887), (0.206363, -0.691887, -0.691887), (-0.206363, -0.847385, -0.489238), (-0.206363, -0.691887, -0.691887), (-0.206363, -0.847385, -0.489238), (0.206363, -0.691887, -0.691887), (0.206363, -0.847385, -0.489238), (0.410365, 0.880849, -0.236023), (0.206363, 0.847385, -0.489238), (0.206363, 0.945135, -0.253248), (0.206363, 0.847385, -0.489238), (0.410365, 0.880849, -0.236023), (0.410365, 0.789747, -0.455961), (0.206363, 0.253248, 0.945135), (-0.206363, 0, 0.978476), (0.206363, 0, 0.978476), (-0.206363, 0, 0.978476), (0.206363, 0.253248, 0.945135), (-0.206363, 0.253248, 0.945135), (0.410365, 0.455961, 0.789747), (0.206363, 0.253248, 0.945135), (0.410365, 0.236023, 0.880849), (0.206363, 0.253248, 0.945135), (0.410365, 0.455961, 0.789747), (0.206363, 0.489238, 0.847385), (-0.206363, 0.489238, 0.847385), (-0.410365, 0.644826, 0.644826), (-0.410365, 0.455961, 0.789747), (-0.410365, 0.644826, 0.644826), (-0.206363, 0.489238, 0.847385), (-0.206363, 0.691887, 0.691887), (-0.410365, 0.911922, 3.65669e-13), (-0.206363, 0.945135, -0.253248), (-0.410365, 0.880849, -0.236023), (-0.206363, 0.945135, -0.253248), (-0.410365, 0.911922, 3.65669e-13), (-0.206363, 0.978476, 1.83887e-13), (0.206363, 0, 0.978476), (-0.206363, -0.253248, 0.945135), (0.206363, -0.253248, 0.945135), (-0.206363, -0.253248, 0.945135), (0.206363, 0, 0.978476), (-0.206363, 0, 0.978476), (-0.206363, 0.489238, -0.847385), (0.206363, 0.253248, -0.945135), (-0.206363, 0.253248, -0.945135), (0.206363, 0.253248, -0.945135), (-0.206363, 0.489238, -0.847385), (0.206363, 0.489238, -0.847385), (0.206363, 0.489238, -0.847385), (0.410365, 0.644826, -0.644826), (0.410365, 0.455961, -0.789747), (0.410365, 0.644826, -0.644826), (0.206363, 0.489238, -0.847385), (0.206363, 0.691887, -0.691887), (-0.206363, -0.847385, -0.489238), (-0.410365, -0.880849, -0.236023), (-0.410365, -0.789747, -0.455961), (-0.410365, -0.880849, -0.236023), (-0.206363, -0.847385, -0.489238), (-0.206363, -0.945135, -0.253248), (-0.206363, -0.253248, 0.945135), (-0.410365, -0.455961, 0.789747), (-0.206363, -0.489238, 0.847385), (-0.410365, -0.455961, 0.789747), (-0.206363, -0.253248, 0.945135), (-0.410365, -0.236023, 0.880849), (-0.410365, 0.644826, 0.644826), (-0.206363, 0.847385, 0.489238), (-0.410365, 0.789747, 0.455961), (-0.206363, 0.847385, 0.489238), (-0.410365, 0.644826, 0.644826), (-0.206363, 0.691887, 0.691887), (-0.410365, 0.789747, -0.455961), (-0.206363, 0.691887, -0.691887), (-0.410365, 0.644826, -0.644826), (-0.206363, 0.691887, -0.691887), (-0.410365, 0.789747, -0.455961), (-0.206363, 0.847385, -0.489238), (-0.410365, -0.236023, -0.880849), (-0.206363, 0, -0.978476), (-0.206363, -0.253248, -0.945135), (-0.206363, 0, -0.978476), (-0.410365, -0.236023, -0.880849), (-0.410365, 0, -0.911922), (-0.206363, -0.978476, 1.83887e-13), (-0.410365, -0.880849, 0.236023), (-0.410365, -0.911922, 3.65669e-13), (-0.410365, -0.880849, 0.236023), (-0.206363, -0.978476, 1.83887e-13), (-0.206363, -0.945135, 0.253248), (0.410365, -0.644826, -0.644826), (0.206363, -0.847385, -0.489238), (0.206363, -0.691887, -0.691887), (0.206363, -0.847385, -0.489238), (0.410365, -0.644826, -0.644826), (0.410365, -0.789747, -0.455961), (1, 0, -8.91084e-13), (1, 0, -8.91084e-13), (1, 0, -8.91084e-13), (1, 0, -8.91084e-13), (1, 0, -8.91084e-13), (1, 0, -8.91084e-13), (1, 0, -8.91084e-13), (1, 0, -8.91084e-13), (1, 0, -8.91084e-13), (1, 0, -8.91084e-13), (1, 0, -8.91084e-13), (1, 0, -8.91084e-13), (1, 0, -8.91084e-13), (1, 0, -8.91084e-13), (1, 0, -8.91084e-13), (1, 0, -8.91084e-13), (1, 0, -8.91084e-13), (1, 0, -8.91084e-13), (1, 0, -8.91084e-13), (1, 0, -8.91084e-13), (1, 0, -8.91084e-13), (1, 0, -8.91084e-13), (1, 0, -8.91084e-13), (1, 0, -8.91084e-13), (1, 0, -8.91084e-13), (1, 0, -8.91084e-13), (1, 0, -8.91084e-13), (1, 0, -8.91084e-13), (1, 0, -8.91084e-13), (1, 0, -8.91084e-13), (1, 0, -8.91084e-13), (1, 0, -8.91084e-13), (1, 0, -8.91084e-13), (1, 0, -8.91084e-13), (1, 0, -8.91084e-13), (1, 0, -8.91084e-13), (1, 0, -8.91084e-13), (1, 0, -8.91084e-13), (1, 0, -8.91084e-13), (1, 0, -8.91084e-13), (1, 0, -8.91084e-13), (1, 0, -8.91084e-13), (1, 0, -8.91084e-13), (1, 0, -8.91084e-13), (1, 0, -8.91084e-13), (1, 0, -8.91084e-13), (1, 0, -8.91084e-13), (1, 0, -8.91084e-13), (1, 0, -8.91084e-13), (1, 0, -8.91084e-13), (1, 0, -8.91084e-13), (1, 0, -8.91084e-13), (1, 0, -8.91084e-13), (1, 0, -8.91084e-13), (1, 0, -8.91084e-13), (1, 0, -8.91084e-13), (1, 0, -8.91084e-13), (1, 0, -8.91084e-13), (1, 0, -8.91084e-13), (1, 0, -8.91084e-13), (1, 0, -8.91084e-13), (1, 0, -8.91084e-13), (1, 0, -8.91084e-13), (1, 0, -8.91084e-13), (1, 0, -8.91084e-13), (1, 0, -8.91084e-13), (1, 0, -8.91084e-13), (1, 0, -8.91084e-13), (1, 0, -8.91084e-13), (1, 0, -8.91084e-13), (1, 0, -8.91084e-13), (1, 0, -8.91084e-13), (1, 0, -8.91084e-13), (1, 0, -8.91084e-13), (1, 0, -8.91084e-13), (1, 0, -8.91084e-13), (1, 0, -8.91084e-13), (1, 0, -8.91084e-13), (1, 0, -8.91084e-13), (1, 0, -8.91084e-13), (1, 0, -8.91084e-13), (1, 0, -8.91084e-13), (1, 0, -8.91084e-13), (1, 0, -8.91084e-13), (1, 0, -8.91084e-13), (1, 0, -8.91084e-13), (1, 0, -8.91084e-13), (1, 0, -8.91084e-13), (1, 0, -8.91084e-13), (1, 0, -8.91084e-13), (1, 0, -8.91084e-13), (1, 0, -8.91084e-13), (1, 0, -8.91084e-13), (1, 0, -8.91084e-13), (1, 0, -8.91084e-13), (1, 0, -8.91084e-13), (1, 0, -8.91084e-13), (1, 0, -8.91084e-13), (1, 0, -8.91084e-13), (1, 0, -8.91084e-13), (1, 0, -8.91084e-13), (1, 0, -8.91084e-13), (1, 0, -8.91084e-13), (1, 0, -8.91084e-13), (1, 0, -8.91084e-13), (1, 0, -8.91084e-13), (1, 0, -8.91084e-13), (1, 0, -8.91084e-13), (1, 0, -8.91084e-13), (1, 0, -8.91084e-13), (1, 0, -8.91084e-13), (1, 0, -8.91084e-13), (1, 0, -8.91084e-13), (1, 0, -8.91084e-13), (1, 0, -8.91084e-13), (1, 0, -8.91084e-13), (1, 0, -8.91084e-13), (1, 0, -8.91084e-13), (1, 0, -8.91084e-13), (1, 0, -8.91084e-13), (1, 0, -8.91084e-13), (1, 0, -8.91084e-13), (1, 0, -8.91084e-13), (1, 0, -8.91084e-13), (1, 0, -8.91084e-13), (1, 0, -8.91084e-13), (1, 0, -8.91084e-13), (1, 0, -8.91084e-13), (1, 0, -8.91084e-13), (1, 0, -8.91084e-13), (1, 0, -8.91084e-13), (1, 0, -8.91084e-13), (1, 0, -8.91084e-13), (1, 0, -8.91084e-13), (1, 0, -8.91084e-13), (1, 0, -8.91084e-13), (1, 0, -8.91084e-13), (1, 0, -8.91084e-13), (1, 0, -8.91084e-13), (1, 0, -8.91084e-13), (1, 0, -8.91084e-13), (1, 0, -8.91084e-13), (1, 0, -8.91084e-13), (1, 0, -8.91084e-13), (0.410365, -0.455961, 0.789747), (0.206363, -0.253248, 0.945135), (0.206363, -0.489238, 0.847385), (0.206363, -0.253248, 0.945135), (0.410365, -0.455961, 0.789747), (0.410365, -0.236023, 0.880849), (-0.206363, -0.847385, 0.489238), (-0.410365, -0.644826, 0.644826), (-0.410365, -0.789747, 0.455961), (-0.410365, -0.644826, 0.644826), (-0.206363, -0.847385, 0.489238), (-0.206363, -0.691887, 0.691887), (-0.410365, 0.455961, -0.789747), (-0.206363, 0.253248, -0.945135), (-0.410365, 0.236023, -0.880849), (-0.206363, 0.253248, -0.945135), (-0.410365, 0.455961, -0.789747), (-0.206363, 0.489238, -0.847385), (-0.410365, -0.455961, -0.789747), (-0.206363, -0.253248, -0.945135), (-0.206363, -0.489238, -0.847385), (-0.206363, -0.253248, -0.945135), (-0.410365, -0.455961, -0.789747), (-0.410365, -0.236023, -0.880849), (-0.206363, -0.489238, 0.847385), (-0.410365, -0.644826, 0.644826), (-0.206363, -0.691887, 0.691887), (-0.410365, -0.644826, 0.644826), (-0.206363, -0.489238, 0.847385), (-0.410365, -0.455961, 0.789747), (-0.410365, 0.789747, 0.455961), (-0.206363, 0.945135, 0.253248), (-0.410365, 0.880849, 0.236023), (-0.206363, 0.945135, 0.253248), (-0.410365, 0.789747, 0.455961), (-0.206363, 0.847385, 0.489238), (-0.410365, 0.644826, -0.644826), (-0.206363, 0.489238, -0.847385), (-0.410365, 0.455961, -0.789747), (-0.206363, 0.489238, -0.847385), (-0.410365, 0.644826, -0.644826), (-0.206363, 0.691887, -0.691887), (0.410365, 0.644826, 0.644826), (0.206363, 0.847385, 0.489238), (0.206363, 0.691887, 0.691887), (0.206363, 0.847385, 0.489238), (0.410365, 0.644826, 0.644826), (0.410365, 0.789747, 0.455961), (0.410365, -0.789747, 0.455961), (0.206363, -0.691887, 0.691887), (0.206363, -0.847385, 0.489238), (0.206363, -0.691887, 0.691887), (0.410365, -0.789747, 0.455961), (0.410365, -0.644826, 0.644826), (-0.206363, 0.253248, 0.945135), (-0.410365, 0, 0.911922), (-0.206363, 0, 0.978476), (-0.410365, 0, 0.911922), (-0.206363, 0.253248, 0.945135), (-0.410365, 0.236023, 0.880849), (-0.206363, -0.945135, 0.253248), (-0.410365, -0.789747, 0.455961), (-0.410365, -0.880849, 0.236023), (-0.410365, -0.789747, 0.455961), (-0.206363, -0.945135, 0.253248), (-0.206363, -0.847385, 0.489238), (0.206363, -0.253248, -0.945135), (0.410365, -0.455961, -0.789747), (0.206363, -0.489238, -0.847385), (0.410365, -0.455961, -0.789747), (0.206363, -0.253248, -0.945135), (0.410365, -0.236023, -0.880849), (-0.410365, -0.644826, -0.644826), (-0.206363, -0.489238, -0.847385), (-0.206363, -0.691887, -0.691887), (-0.206363, -0.489238, -0.847385), (-0.410365, -0.644826, -0.644826), (-0.410365, -0.455961, -0.789747), (-0.410365, 0.880849, -0.236023), (-0.206363, 0.847385, -0.489238), (-0.410365, 0.789747, -0.455961), (-0.206363, 0.847385, -0.489238), (-0.410365, 0.880849, -0.236023), (-0.206363, 0.945135, -0.253248), (-0.206363, -0.945135, -0.253248), (-0.410365, -0.911922, 3.65669e-13), (-0.410365, -0.880849, -0.236023), (-0.410365, -0.911922, 3.65669e-13), (-0.206363, -0.945135, -0.253248), (-0.206363, -0.978476, 1.83887e-13), (0.206363, 0.489238, 0.847385), (-0.206363, 0.253248, 0.945135), (0.206363, 0.253248, 0.945135), (-0.206363, 0.253248, 0.945135), (0.206363, 0.489238, 0.847385), (-0.206363, 0.489238, 0.847385), (-1, 0, 8.91084e-13), (-1, 0, 8.91084e-13), (-1, 0, 8.91084e-13), (-1, 0, 8.91084e-13), (-1, 0, 8.91084e-13), (-1, 0, 8.91084e-13), (-1, 0, 8.91084e-13), (-1, 0, 8.91084e-13), (-1, 0, 8.91084e-13), (-1, 0, 8.91084e-13), (-1, 0, 8.91084e-13), (-1, 0, 8.91084e-13), (-1, 0, 8.91084e-13), (-1, 0, 8.91084e-13), (-1, 0, 8.91084e-13), (-1, 0, 8.91084e-13), (-1, 0, 8.91084e-13), (-1, 0, 8.91084e-13), (-1, 0, 8.91084e-13), (-1, 0, 8.91084e-13), (-1, 0, 8.91084e-13), (-1, 0, 8.91084e-13), (-1, 0, 8.91084e-13), (-1, 0, 8.91084e-13), (-1, 0, 8.91084e-13), (-1, 0, 8.91084e-13), (-1, 0, 8.91084e-13), (-1, 0, 8.91084e-13), (-1, 0, 8.91084e-13), (-1, 0, 8.91084e-13), (-1, 0, 8.91084e-13), (-1, 0, 8.91084e-13), (-1, 0, 8.91084e-13), (-1, 0, 8.91084e-13), (-1, 0, 8.91084e-13), (-1, 0, 8.91084e-13), (-1, 0, 8.91084e-13), (-1, 0, 8.91084e-13), (-1, 0, 8.91084e-13), (-1, 0, 8.91084e-13), (-1, 0, 8.91084e-13), (-1, 0, 8.91084e-13), (-1, 0, 8.91084e-13), (-1, 0, 8.91084e-13), (-1, 0, 8.91084e-13), (-1, 0, 8.91084e-13), (-1, 0, 8.91084e-13), (-1, 0, 8.91084e-13), (-1, 0, 8.91084e-13), (-1, 0, 8.91084e-13), (-1, 0, 8.91084e-13), (-1, 0, 8.91084e-13), (-1, 0, 8.91084e-13), (-1, 0, 8.91084e-13), (-1, 0, 8.91084e-13), (-1, 0, 8.91084e-13), (-1, 0, 8.91084e-13), (-1, 0, 8.91084e-13), (-1, 0, 8.91084e-13), (-1, 0, 8.91084e-13), (-1, 0, 8.91084e-13), (-1, 0, 8.91084e-13), (-1, 0, 8.91084e-13), (-1, 0, 8.91084e-13), (-1, 0, 8.91084e-13), (-1, 0, 8.91084e-13), (-0.410365, 0.236023, -0.880849), (-0.206363, 0, -0.978476), (-0.410365, 0, -0.911922), (-0.206363, 0, -0.978476), (-0.410365, 0.236023, -0.880849), (-0.206363, 0.253248, -0.945135), (-0.206363, 0, 0.978476), (-0.410365, -0.236023, 0.880849), (-0.206363, -0.253248, 0.945135), (-0.410365, -0.236023, 0.880849), (-0.206363, 0, 0.978476), (-0.410365, 0, 0.911922), (0.206363, -0.945135, 0.253248), (-0.206363, -0.847385, 0.489238), (-0.206363, -0.945135, 0.253248), (-0.206363, -0.847385, 0.489238), (0.206363, -0.945135, 0.253248), (0.206363, -0.847385, 0.489238), (-0.410365, 0.880849, 0.236023), (-0.206363, 0.978476, 1.83887e-13), (-0.410365, 0.911922, 3.65669e-13), (-0.206363, 0.978476, 1.83887e-13), (-0.410365, 0.880849, 0.236023), (-0.206363, 0.945135, 0.253248), (-0.206363, -0.691887, -0.691887), (-0.410365, -0.789747, -0.455961), (-0.410365, -0.644826, -0.644826), (-0.410365, -0.789747, -0.455961), (-0.206363, -0.691887, -0.691887), (-0.206363, -0.847385, -0.489238), (0.264093, 0.682003, -0.682003), (0.264093, 0.835279, -0.482249), (0.264093, 0.682003, -0.682003), (0.264093, 0.835279, -0.482249), (0.264093, 0.682003, -0.682003), (0.264093, 0.835279, -0.482249), (0.264092, -0.24963, -0.931633), (0.264093, 0, -0.964497), (0.264093, 0, -0.964497), (0.264093, 0, -0.964497), (0.264092, -0.24963, -0.931633), (0.264092, -0.24963, -0.931633), (0.264093, 0.964497, -2.35329e-13), (0.264092, 0.931633, 0.24963), (0.264093, 0.964497, -2.35329e-13), (0.264092, 0.931633, 0.24963), (0.264093, 0.964497, -2.35329e-13), (0.264092, 0.931633, 0.24963), (0.264092, -0.24963, 0.931633), (0.264093, -0.482249, 0.835279), (0.264092, -0.24963, 0.931633), (0.264093, -0.482249, 0.835279), (0.264092, -0.24963, 0.931633), (0.264093, -0.482249, 0.835279), (0.264092, 0.24963, -0.931633), (0.264093, 0, -0.964497), (0.264092, 0.24963, -0.931633), (0.264093, 0, -0.964497), (0.264092, 0.24963, -0.931633), (0.264093, 0, -0.964497), (0.264093, -0.835279, -0.482249), (0.264093, -0.682003, -0.682003), (0.264093, -0.835279, -0.482249), (0.264093, -0.682003, -0.682003), (0.264093, -0.835279, -0.482249), (0.264093, -0.682003, -0.682003), (0.264092, 0.24963, 0.931633), (0.264093, 0.482249, 0.835279), (0.264093, 0.482249, 0.835279), (0.264093, 0.482249, 0.835279), (0.264092, 0.24963, 0.931633), (0.264092, 0.24963, 0.931633), (0.264092, 0.931633, -0.24963), (0.264093, 0.964497, -2.35329e-13), (0.264093, 0.964497, -2.35329e-13), (0.264093, 0.964497, -2.35329e-13), (0.264092, 0.931633, -0.24963), (0.264092, 0.931633, -0.24963), (0.264093, 0.482249, -0.835279), (0.264092, 0.24963, -0.931633), (0.264093, 0.482249, -0.835279), (0.264092, 0.24963, -0.931633), (0.264093, 0.482249, -0.835279), (0.264092, 0.24963, -0.931633), (0.264093, -0.482249, 0.835279), (0.264093, -0.682003, 0.682003), (0.264093, -0.482249, 0.835279), (0.264093, -0.682003, 0.682003), (0.264093, -0.482249, 0.835279), (0.264093, -0.682003, 0.682003), (0.264093, -0.682003, -0.682003), (0.264093, -0.482249, -0.835279), (0.264093, -0.482249, -0.835279), (0.264093, -0.482249, -0.835279), (0.264093, -0.682003, -0.682003), (0.264093, -0.682003, -0.682003), (0.264092, -0.931633, 0.24963), (0.264093, -0.964497, -2.35329e-13), (0.264092, -0.931633, 0.24963), (0.264093, -0.964497, -2.35329e-13), (0.264092, -0.931633, 0.24963), (0.264093, -0.964497, -2.35329e-13), (0.264093, 0.682003, -0.682003), (0.264093, 0.482249, -0.835279), (0.264093, 0.682003, -0.682003), (0.264093, 0.482249, -0.835279), (0.264093, 0.682003, -0.682003), (0.264093, 0.482249, -0.835279), (0.264093, -0.682003, 0.682003), (0.264093, -0.835279, 0.482249), (0.264093, -0.682003, 0.682003), (0.264093, -0.835279, 0.482249), (0.264093, -0.682003, 0.682003), (0.264093, -0.835279, 0.482249), (0.264093, 0.835279, 0.482249), (0.264093, 0.682003, 0.682003), (0.264093, 0.835279, 0.482249), (0.264093, 0.682003, 0.682003), (0.264093, 0.835279, 0.482249), (0.264093, 0.682003, 0.682003), (0.264093, 0.482249, 0.835279), (0.264093, 0.682003, 0.682003), (0.264093, 0.682003, 0.682003), (0.264093, 0.682003, 0.682003), (0.264093, 0.482249, 0.835279), (0.264093, 0.482249, 0.835279), (0.264093, -0.835279, 0.482249), (0.264092, -0.931633, 0.24963), (0.264093, -0.835279, 0.482249), (0.264092, -0.931633, 0.24963), (0.264093, -0.835279, 0.482249), (0.264092, -0.931633, 0.24963), (1, 0, -8.91084e-13), (1, 0, -8.91084e-13), (1, 0, -8.91084e-13), (1, 0, -8.91084e-13), (1, 0, -8.91084e-13), (1, 0, -8.91084e-13), (1, 0, -8.91084e-13), (1, 0, -8.91084e-13), (1, 0, -8.91084e-13), (1, 0, -8.91084e-13), (1, 0, -8.91084e-13), (1, 0, -8.91084e-13), (1, 0, -8.91084e-13), (1, 0, -8.91084e-13), (1, 0, -8.91084e-13), (1, 0, -8.91084e-13), (1, 0, -8.91084e-13), (1, 0, -8.91084e-13), (1, 0, -8.91084e-13), (1, 0, -8.91084e-13), (1, 0, -8.91084e-13), (1, 0, -8.91084e-13), (1, 0, -8.91084e-13), (1, 0, -8.91084e-13), (1, 0, -8.91084e-13), (1, 0, -8.91084e-13), (1, 0, -8.91084e-13), (1, 0, -8.91084e-13), (1, 0, -8.91084e-13), (1, 0, -8.91084e-13), (1, 0, -8.91084e-13), (1, 0, -8.91084e-13), (1, 0, -8.91084e-13), (1, 0, -8.91084e-13), (1, 0, -8.91084e-13), (1, 0, -8.91084e-13), (1, 0, -8.91084e-13), (1, 0, -8.91084e-13), (1, 0, -8.91084e-13), (1, 0, -8.91084e-13), (1, 0, -8.91084e-13), (1, 0, -8.91084e-13), (1, 0, -8.91084e-13), (1, 0, -8.91084e-13), (1, 0, -8.91084e-13), (1, 0, -8.91084e-13), (1, 0, -8.91084e-13), (1, 0, -8.91084e-13), (1, 0, -8.91084e-13), (1, 0, -8.91084e-13), (1, 0, -8.91084e-13), (1, 0, -8.91084e-13), (1, 0, -8.91084e-13), (1, 0, -8.91084e-13), (1, 0, -8.91084e-13), (1, 0, -8.91084e-13), (1, 0, -8.91084e-13), (1, 0, -8.91084e-13), (1, 0, -8.91084e-13), (1, 0, -8.91084e-13), (1, 0, -8.91084e-13), (1, 0, -8.91084e-13), (1, 0, -8.91084e-13), (1, 0, -8.91084e-13), (1, 0, -8.91084e-13), (1, 0, -8.91084e-13), (0.264093, 0, 0.964497), (0.264092, -0.24963, 0.931633), (0.264093, 0, 0.964497), (0.264092, -0.24963, 0.931633), (0.264093, 0, 0.964497), (0.264092, -0.24963, 0.931633), (0.264092, -0.931633, -0.24963), (0.264093, -0.835279, -0.482249), (0.264092, -0.931633, -0.24963), (0.264093, -0.835279, -0.482249), (0.264092, -0.931633, -0.24963), (0.264093, -0.835279, -0.482249), (0.264093, 0, 0.964497), (0.264092, 0.24963, 0.931633), (0.264092, 0.24963, 0.931633), (0.264092, 0.24963, 0.931633), (0.264093, 0, 0.964497), (0.264093, 0, 0.964497), (0.264093, 0.835279, -0.482249), (0.264092, 0.931633, -0.24963), (0.264093, 0.835279, -0.482249), (0.264092, 0.931633, -0.24963), (0.264093, 0.835279, -0.482249), (0.264092, 0.931633, -0.24963), (0.264093, -0.964497, -2.35329e-13), (0.264092, -0.931633, -0.24963), (0.264093, -0.964497, -2.35329e-13), (0.264092, -0.931633, -0.24963), (0.264093, -0.964497, -2.35329e-13), (0.264092, -0.931633, -0.24963), (0.264092, 0.931633, 0.24963), (0.264093, 0.835279, 0.482249), (0.264092, 0.931633, 0.24963), (0.264093, 0.835279, 0.482249), (0.264092, 0.931633, 0.24963), (0.264093, 0.835279, 0.482249), (0.264093, -0.482249, -0.835279), (0.264092, -0.24963, -0.931633), (0.264092, -0.24963, -0.931633), (0.264092, -0.24963, -0.931633), (0.264093, -0.482249, -0.835279), (0.264093, -0.482249, -0.835279), (1, 0, 0), (1, 0, 0), (1, 0, 0), (1, 0, 0), (1, 0, 0), (1, 0, 0), (1, 0, 0), (1, 0, 0), (1, 0, 0), (1, 0, 0), (1, 0, 0), (1, 0, 0), (1, 0, 0), (1, 0, 0), (1, 0, 0), (1, 0, 0), (1, 0, 0), (1, 0, 0), (1, 0, 0), (1, 0, 0), (1, 0, 0), (1, 0, 0), (1, 0, 0), (1, 0, 0), (1, 0, 0), (1, 0, 0), (1, 0, 0), (1, 0, 0), (1, 0, 0), (1, 0, 0), (1, 0, 0), (1, 0, 0), (1, 0, 0), (1, 0, 0), (1, 0, 0), (1, 0, 0), (1, 0, 0), (1, 0, 0), (1, 0, 0), (1, 0, 0), (1, 0, 0), (1, 0, 0), (1, 0, 0), (1, 0, 0), (1, 0, 0), (1, 0, 0), (1, 0, 0), (1, 0, 0), (1, 0, 0), (1, 0, 0), (1, 0, 0), (1, 0, 0), (1, 0, 0), (1, 0, 0), (1, 0, 0), (1, 0, 0), (1, 0, 0), (1, 0, 0), (1, 0, 0), (1, 0, 0), (1, 0, 0), (1, 0, 0), (1, 0, 0), (1, 0, 0), (1, 0, 0), (1, 0, 0), (1, 0, 0), (1, 0, 0), (1, 0, 0), (1, 0, 0), (1, 0, 0), (1, 0, 0), (1, 0, 0), (1, 0, 0), (1, 0, 0), (1, 0, 0), (1, 0, 0), (1, 0, 0), (1, 0, 0), (1, 0, 0), (1, 0, 0), (1, 0, 0), (1, 0, 0), (1, 0, 0), (1, 0, 0), (1, 0, 0), (1, 0, 0), (1, 0, 0), (1, 0, 0), (1, 0, 0), (1, 0, 0), (1, 0, 0), (1, 0, 0), (1, 0, 0), (1, 0, 0), (1, 0, 0), (1, 0, 0), (1, 0, 0), (1, 0, 0), (1, 0, 0), (1, 0, 0), (1, 0, 0), (1, 0, 0), (1, 0, 0), (1, 0, 0), (1, 0, 0), (1, 0, 0), (1, 0, 0), (1, 0, 0), (1, 0, 0), (1, 0, 0), (1, 0, 0), (1, 0, 0), (1, 0, 0), (1, 0, 0), (1, 0, 0), (1, 0, 0), (1, 0, 0), (1, 0, 0), (1, 0, 0), (1, 0, 0), (1, 0, 0), (1, 0, 0), (1, 0, 0), (1, 0, 0), (1, 0, 0), (1, 0, 0), (1, 0, 0), (1, 0, 0), (1, 0, 0), (1, 0, 0), (1, 0, 0), (1, 0, 0), (1, 0, 0), (1, 0, 0), (1, 0, 0), (1, 0, 0), (1, 0, 0), (1, 0, 0), (1, 0, 0), (1, 0, 0), (1, 0, 0), (1, 0, 0), (1, 0, 0), (0.206363, 0.847385, -0.489238), (-0.206363, 0.945135, -0.253248), (0.206363, 0.945135, -0.253248), (-0.206363, 0.945135, -0.253248), (0.206363, 0.847385, -0.489238), (-0.206363, 0.847385, -0.489238), (-0.206363, -0.489238, -0.847385), (0.206363, -0.691887, -0.691887), (-0.206363, -0.691887, -0.691887), (0.206363, -0.691887, -0.691887), (-0.206363, -0.489238, -0.847385), (0.206363, -0.489238, -0.847385), (-0.410365, 0.911922, 0), (-0.206363, 0.945135, 0.253248), (-0.206363, 0.978476, 0), (-0.206363, 0.945135, 0.253248), (-0.410365, 0.911922, 0), (-0.410365, 0.880849, 0.236023), (0.206363, 0, 0.978476), (-0.206363, -0.253248, 0.945135), (0.206363, -0.253248, 0.945135), (-0.206363, -0.253248, 0.945135), (0.206363, 0, 0.978476), (-0.206363, 0, 0.978476), (-0.206363, -0.945135, 0.253248), (0.206363, -0.978476, 0), (0.206363, -0.945135, 0.253248), (0.206363, -0.978476, 0), (-0.206363, -0.945135, 0.253248), (-0.206363, -0.978476, 0), (-0.410365, -0.789747, 0.455961), (-0.206363, -0.945135, 0.253248), (-0.206363, -0.847385, 0.489238), (-0.206363, -0.945135, 0.253248), (-0.410365, -0.789747, 0.455961), (-0.410365, -0.880849, 0.236023), (-0.206363, 0.691887, -0.691887), (0.206363, 0.847385, -0.489238), (0.206363, 0.691887, -0.691887), (0.206363, 0.847385, -0.489238), (-0.206363, 0.691887, -0.691887), (-0.206363, 0.847385, -0.489238), (0.206363, -0.847385, 0.489238), (-0.206363, -0.945135, 0.253248), (0.206363, -0.945135, 0.253248), (-0.206363, -0.945135, 0.253248), (0.206363, -0.847385, 0.489238), (-0.206363, -0.847385, 0.489238), (0.206363, 0.253248, -0.945135), (0.410365, 0.455961, -0.789747), (0.410365, 0.236023, -0.880849), (0.410365, 0.455961, -0.789747), (0.206363, 0.253248, -0.945135), (0.206363, 0.489238, -0.847385), (-0.206363, 0.847385, -0.489238), (-0.410365, 0.880849, -0.236023), (-0.206363, 0.945135, -0.253248), (-0.410365, 0.880849, -0.236023), (-0.206363, 0.847385, -0.489238), (-0.410365, 0.789747, -0.455961), (-0.206363, 0.945135, -0.253248), (0.206363, 0.978476, 0), (0.206363, 0.945135, -0.253248), (0.206363, 0.978476, 0), (-0.206363, 0.945135, -0.253248), (-0.206363, 0.978476, 0), (-0.410365, -0.880849, 0.236023), (-0.206363, -0.978476, 0), (-0.206363, -0.945135, 0.253248), (-0.206363, -0.978476, 0), (-0.410365, -0.880849, 0.236023), (-0.410365, -0.911922, 0), (-0.206363, -0.489238, 0.847385), (-0.410365, -0.644826, 0.644826), (-0.206363, -0.691887, 0.691887), (-0.410365, -0.644826, 0.644826), (-0.206363, -0.489238, 0.847385), (-0.410365, -0.455961, 0.789747), (-0.206363, 0.847385, 0.489238), (-0.410365, 0.644826, 0.644826), (-0.206363, 0.691887, 0.691887), (-0.410365, 0.644826, 0.644826), (-0.206363, 0.847385, 0.489238), (-0.410365, 0.789747, 0.455961), (0.206363, -0.489238, 0.847385), (-0.206363, -0.691887, 0.691887), (0.206363, -0.691887, 0.691887), (-0.206363, -0.691887, 0.691887), (0.206363, -0.489238, 0.847385), (-0.206363, -0.489238, 0.847385), (-0.206363, -0.253248, -0.945135), (0.206363, -0.489238, -0.847385), (-0.206363, -0.489238, -0.847385), (0.206363, -0.489238, -0.847385), (-0.206363, -0.253248, -0.945135), (0.206363, -0.253248, -0.945135), (-0.206363, 0.945135, -0.253248), (-0.410365, 0.911922, 0), (-0.206363, 0.978476, 0), (-0.410365, 0.911922, 0), (-0.206363, 0.945135, -0.253248), (-0.410365, 0.880849, -0.236023), (-0.206363, 0, 0.978476), (-0.410365, -0.236023, 0.880849), (-0.206363, -0.253248, 0.945135), (-0.410365, -0.236023, 0.880849), (-0.206363, 0, 0.978476), (-0.410365, 0, 0.911922), (-0.410365, -0.644826, -0.644826), (-0.206363, -0.489238, -0.847385), (-0.206363, -0.691887, -0.691887), (-0.206363, -0.489238, -0.847385), (-0.410365, -0.644826, -0.644826), (-0.410365, -0.455961, -0.789747), (0.206363, 0.847385, 0.489238), (-0.206363, 0.691887, 0.691887), (0.206363, 0.691887, 0.691887), (-0.206363, 0.691887, 0.691887), (0.206363, 0.847385, 0.489238), (-0.206363, 0.847385, 0.489238), (0.206363, 0.978476, 0), (-0.206363, 0.945135, 0.253248), (0.206363, 0.945135, 0.253248), (-0.206363, 0.945135, 0.253248), (0.206363, 0.978476, 0), (-0.206363, 0.978476, 0), (-0.206363, 0.253248, 0.945135), (-0.410365, 0, 0.911922), (-0.206363, 0, 0.978476), (-0.410365, 0, 0.911922), (-0.206363, 0.253248, 0.945135), (-0.410365, 0.236023, 0.880849), (-0.206363, -0.978476, 0), (0.206363, -0.945135, -0.253248), (0.206363, -0.978476, 0), (0.206363, -0.945135, -0.253248), (-0.206363, -0.978476, 0), (-0.206363, -0.945135, -0.253248), (-0.410365, -0.880849, -0.236023), (-0.206363, -0.847385, -0.489238), (-0.206363, -0.945135, -0.253248), (-0.206363, -0.847385, -0.489238), (-0.410365, -0.880849, -0.236023), (-0.410365, -0.789747, -0.455961), (-0.410365, -0.911922, 0), (-0.206363, -0.945135, -0.253248), (-0.206363, -0.978476, 0), (-0.206363, -0.945135, -0.253248), (-0.410365, -0.911922, 0), (-0.410365, -0.880849, -0.236023), (-0.410365, 0.236023, -0.880849), (-0.206363, 0, -0.978476), (-0.410365, 0, -0.911922), (-0.206363, 0, -0.978476), (-0.410365, 0.236023, -0.880849), (-0.206363, 0.253248, -0.945135), (-0.410365, -0.236023, -0.880849), (-0.206363, 0, -0.978476), (-0.206363, -0.253248, -0.945135), (-0.206363, 0, -0.978476), (-0.410365, -0.236023, -0.880849), (-0.410365, 0, -0.911922), (0.206363, 0.253248, 0.945135), (-0.206363, 0, 0.978476), (0.206363, 0, 0.978476), (-0.206363, 0, 0.978476), (0.206363, 0.253248, 0.945135), (-0.206363, 0.253248, 0.945135), (-0.206363, -0.847385, -0.489238), (0.206363, -0.691887, -0.691887), (0.206363, -0.847385, -0.489238), (0.206363, -0.691887, -0.691887), (-0.206363, -0.847385, -0.489238), (-0.206363, -0.691887, -0.691887), (0.206363, 0.691887, 0.691887), (-0.206363, 0.489238, 0.847385), (0.206363, 0.489238, 0.847385), (-0.206363, 0.489238, 0.847385), (0.206363, 0.691887, 0.691887), (-0.206363, 0.691887, 0.691887), (-0.206363, 0.945135, 0.253248), (0.206363, 0.847385, 0.489238), (0.206363, 0.945135, 0.253248), (0.206363, 0.847385, 0.489238), (-0.206363, 0.945135, 0.253248), (-0.206363, 0.847385, 0.489238), (-0.206363, 0.691887, -0.691887), (0.206363, 0.489238, -0.847385), (-0.206363, 0.489238, -0.847385), (0.206363, 0.489238, -0.847385), (-0.206363, 0.691887, -0.691887), (0.206363, 0.691887, -0.691887), (-0.206363, 0.253248, 0.945135), (-0.410365, 0.455961, 0.789747), (-0.410365, 0.236023, 0.880849), (-0.410365, 0.455961, 0.789747), (-0.206363, 0.253248, 0.945135), (-0.206363, 0.489238, 0.847385), (0.206363, -0.253248, 0.945135), (-0.206363, -0.489238, 0.847385), (0.206363, -0.489238, 0.847385), (-0.206363, -0.489238, 0.847385), (0.206363, -0.253248, 0.945135), (-0.206363, -0.253248, 0.945135), (-0.410365, 0.644826, -0.644826), (-0.206363, 0.489238, -0.847385), (-0.410365, 0.455961, -0.789747), (-0.206363, 0.489238, -0.847385), (-0.410365, 0.644826, -0.644826), (-0.206363, 0.691887, -0.691887), (-0.206363, -0.691887, 0.691887), (0.206363, -0.847385, 0.489238), (0.206363, -0.691887, 0.691887), (0.206363, -0.847385, 0.489238), (-0.206363, -0.691887, 0.691887), (-0.206363, -0.847385, 0.489238), (-0.410365, 0.880849, 0.236023), (-0.206363, 0.847385, 0.489238), (-0.206363, 0.945135, 0.253248), (-0.206363, 0.847385, 0.489238), (-0.410365, 0.880849, 0.236023), (-0.410365, 0.789747, 0.455961), (-0.206363, 0.253248, -0.945135), (0.206363, 0, -0.978476), (-0.206363, 0, -0.978476), (0.206363, 0, -0.978476), (-0.206363, 0.253248, -0.945135), (0.206363, 0.253248, -0.945135), (-0.410365, 0.455961, -0.789747), (-0.206363, 0.253248, -0.945135), (-0.410365, 0.236023, -0.880849), (-0.206363, 0.253248, -0.945135), (-0.410365, 0.455961, -0.789747), (-0.206363, 0.489238, -0.847385), (0.206363, 0.489238, -0.847385), (0.410365, 0.644826, -0.644826), (0.410365, 0.455961, -0.789747), (0.410365, 0.644826, -0.644826), (0.206363, 0.489238, -0.847385), (0.206363, 0.691887, -0.691887), (0.410365, 0.911922, 0), (0.206363, 0.945135, 0.253248), (0.410365, 0.880849, 0.236023), (0.206363, 0.945135, 0.253248), (0.410365, 0.911922, 0), (0.206363, 0.978476, 0), (-0.206363, 0, -0.978476), (0.206363, -0.253248, -0.945135), (-0.206363, -0.253248, -0.945135), (0.206363, -0.253248, -0.945135), (-0.206363, 0, -0.978476), (0.206363, 0, -0.978476), (0.206363, 0.489238, 0.847385), (-0.206363, 0.253248, 0.945135), (0.206363, 0.253248, 0.945135), (-0.206363, 0.253248, 0.945135), (0.206363, 0.489238, 0.847385), (-0.206363, 0.489238, 0.847385), (-0.206363, 0.489238, 0.847385), (-0.410365, 0.644826, 0.644826), (-0.410365, 0.455961, 0.789747), (-0.410365, 0.644826, 0.644826), (-0.206363, 0.489238, 0.847385), (-0.206363, 0.691887, 0.691887), (0.206363, -0.847385, 0.489238), (0.410365, -0.880849, 0.236023), (0.410365, -0.789747, 0.455961), (0.410365, -0.880849, 0.236023), (0.206363, -0.847385, 0.489238), (0.206363, -0.945135, 0.253248), (0.206363, -0.253248, -0.945135), (0.410365, -0.455961, -0.789747), (0.206363, -0.489238, -0.847385), (0.410365, -0.455961, -0.789747), (0.206363, -0.253248, -0.945135), (0.410365, -0.236023, -0.880849), (0.410365, 0.644826, -0.644826), (0.206363, 0.847385, -0.489238), (0.410365, 0.789747, -0.455961), (0.206363, 0.847385, -0.489238), (0.410365, 0.644826, -0.644826), (0.206363, 0.691887, -0.691887), (0.410365, 0.789747, 0.455961), (0.206363, 0.691887, 0.691887), (0.410365, 0.644826, 0.644826), (0.206363, 0.691887, 0.691887), (0.410365, 0.789747, 0.455961), (0.206363, 0.847385, 0.489238), (0.410365, -0.236023, 0.880849), (0.206363, 0, 0.978476), (0.206363, -0.253248, 0.945135), (0.206363, 0, 0.978476), (0.410365, -0.236023, 0.880849), (0.410365, 0, 0.911922), (0.206363, -0.978476, 0), (0.410365, -0.880849, -0.236023), (0.410365, -0.911922, 0), (0.410365, -0.880849, -0.236023), (0.206363, -0.978476, 0), (0.206363, -0.945135, -0.253248), (-0.410365, -0.644826, 0.644826), (-0.206363, -0.847385, 0.489238), (-0.206363, -0.691887, 0.691887), (-0.206363, -0.847385, 0.489238), (-0.410365, -0.644826, 0.644826), (-0.410365, -0.789747, 0.455961), (-1, 0, 0), (-1, 0, 0), (-1, 0, 0), (-1, 0, 0), (-1, 0, 0), (-1, 0, 0), (-1, 0, 0), (-1, 0, 0), (-1, 0, 0), (-1, 0, 0), (-1, 0, 0), (-1, 0, 0), (-1, 0, 0), (-1, 0, 0), (-1, 0, 0), (-1, 0, 0), (-1, 0, 0), (-1, 0, 0), (-1, 0, 0), (-1, 0, 0), (-1, 0, 0), (-1, 0, 0), (-1, 0, 0), (-1, 0, 0), (-1, 0, 0), (-1, 0, 0), (-1, 0, 0), (-1, 0, 0), (-1, 0, 0), (-1, 0, 0), (-1, 0, 0), (-1, 0, 0), (-1, 0, 0), (-1, 0, 0), (-1, 0, 0), (-1, 0, 0), (-1, 0, 0), (-1, 0, 0), (-1, 0, 0), (-1, 0, 0), (-1, 0, 0), (-1, 0, 0), (-1, 0, 0), (-1, 0, 0), (-1, 0, 0), (-1, 0, 0), (-1, 0, 0), (-1, 0, 0), (-1, 0, 0), (-1, 0, 0), (-1, 0, 0), (-1, 0, 0), (-1, 0, 0), (-1, 0, 0), (-1, 0, 0), (-1, 0, 0), (-1, 0, 0), (-1, 0, 0), (-1, 0, 0), (-1, 0, 0), (-1, 0, 0), (-1, 0, 0), (-1, 0, 0), (-1, 0, 0), (-1, 0, 0), (-1, 0, 0), (-1, 0, 0), (-1, 0, 0), (-1, 0, 0), (-1, 0, 0), (-1, 0, 0), (-1, 0, 0), (-1, 0, 0), (-1, 0, 0), (-1, 0, 0), (-1, 0, 0), (-1, 0, 0), (-1, 0, 0), (-1, 0, 0), (-1, 0, 0), (-1, 0, 0), (-1, 0, 0), (-1, 0, 0), (-1, 0, 0), (-1, 0, 0), (-1, 0, 0), (-1, 0, 0), (-1, 0, 0), (-1, 0, 0), (-1, 0, 0), (-1, 0, 0), (-1, 0, 0), (-1, 0, 0), (-1, 0, 0), (-1, 0, 0), (-1, 0, 0), (-1, 0, 0), (-1, 0, 0), (-1, 0, 0), (-1, 0, 0), (-1, 0, 0), (-1, 0, 0), (-1, 0, 0), (-1, 0, 0), (-1, 0, 0), (-1, 0, 0), (-1, 0, 0), (-1, 0, 0), (-1, 0, 0), (-1, 0, 0), (-1, 0, 0), (-1, 0, 0), (-1, 0, 0), (-1, 0, 0), (-1, 0, 0), (-1, 0, 0), (-1, 0, 0), (-1, 0, 0), (-1, 0, 0), (-1, 0, 0), (-1, 0, 0), (-1, 0, 0), (-1, 0, 0), (-1, 0, 0), (-1, 0, 0), (-1, 0, 0), (-1, 0, 0), (-1, 0, 0), (-1, 0, 0), (-1, 0, 0), (-1, 0, 0), (-1, 0, 0), (-1, 0, 0), (-1, 0, 0), (-1, 0, 0), (-1, 0, 0), (-1, 0, 0), (-1, 0, 0), (-1, 0, 0), (-1, 0, 0), (-1, 0, 0), (-1, 0, 0), (-1, 0, 0), (-1, 0, 0), (-0.410365, -0.455961, -0.789747), (-0.206363, -0.253248, -0.945135), (-0.206363, -0.489238, -0.847385), (-0.206363, -0.253248, -0.945135), (-0.410365, -0.455961, -0.789747), (-0.410365, -0.236023, -0.880849), (0.206363, -0.847385, -0.489238), (0.410365, -0.644826, -0.644826), (0.410365, -0.789747, -0.455961), (0.410365, -0.644826, -0.644826), (0.206363, -0.847385, -0.489238), (0.206363, -0.691887, -0.691887), (0.410365, 0.455961, 0.789747), (0.206363, 0.253248, 0.945135), (0.410365, 0.236023, 0.880849), (0.206363, 0.253248, 0.945135), (0.410365, 0.455961, 0.789747), (0.206363, 0.489238, 0.847385), (0.410365, -0.455961, 0.789747), (0.206363, -0.253248, 0.945135), (0.206363, -0.489238, 0.847385), (0.206363, -0.253248, 0.945135), (0.410365, -0.455961, 0.789747), (0.410365, -0.236023, 0.880849), (0.206363, -0.489238, -0.847385), (0.410365, -0.644826, -0.644826), (0.206363, -0.691887, -0.691887), (0.410365, -0.644826, -0.644826), (0.206363, -0.489238, -0.847385), (0.410365, -0.455961, -0.789747), (0.410365, 0.789747, -0.455961), (0.206363, 0.945135, -0.253248), (0.410365, 0.880849, -0.236023), (0.206363, 0.945135, -0.253248), (0.410365, 0.789747, -0.455961), (0.206363, 0.847385, -0.489238), (0.410365, 0.644826, 0.644826), (0.206363, 0.489238, 0.847385), (0.410365, 0.455961, 0.789747), (0.206363, 0.489238, 0.847385), (0.410365, 0.644826, 0.644826), (0.206363, 0.691887, 0.691887), (-0.410365, 0.644826, -0.644826), (-0.206363, 0.847385, -0.489238), (-0.206363, 0.691887, -0.691887), (-0.206363, 0.847385, -0.489238), (-0.410365, 0.644826, -0.644826), (-0.410365, 0.789747, -0.455961), (-0.410365, -0.789747, -0.455961), (-0.206363, -0.691887, -0.691887), (-0.206363, -0.847385, -0.489238), (-0.206363, -0.691887, -0.691887), (-0.410365, -0.789747, -0.455961), (-0.410365, -0.644826, -0.644826), (0.206363, 0.253248, -0.945135), (0.410365, 0, -0.911922), (0.206363, 0, -0.978476), (0.410365, 0, -0.911922), (0.206363, 0.253248, -0.945135), (0.410365, 0.236023, -0.880849), (0.206363, -0.945135, -0.253248), (0.410365, -0.789747, -0.455961), (0.410365, -0.880849, -0.236023), (0.410365, -0.789747, -0.455961), (0.206363, -0.945135, -0.253248), (0.206363, -0.847385, -0.489238), (-0.206363, -0.253248, 0.945135), (-0.410365, -0.455961, 0.789747), (-0.206363, -0.489238, 0.847385), (-0.410365, -0.455961, 0.789747), (-0.206363, -0.253248, 0.945135), (-0.410365, -0.236023, 0.880849), (0.410365, -0.644826, 0.644826), (0.206363, -0.489238, 0.847385), (0.206363, -0.691887, 0.691887), (0.206363, -0.489238, 0.847385), (0.410365, -0.644826, 0.644826), (0.410365, -0.455961, 0.789747), (0.410365, 0.880849, 0.236023), (0.206363, 0.847385, 0.489238), (0.410365, 0.789747, 0.455961), (0.206363, 0.847385, 0.489238), (0.410365, 0.880849, 0.236023), (0.206363, 0.945135, 0.253248), (0.206363, -0.945135, 0.253248), (0.410365, -0.911922, 0), (0.410365, -0.880849, 0.236023), (0.410365, -0.911922, 0), (0.206363, -0.945135, 0.253248), (0.206363, -0.978476, 0), (-0.206363, 0.489238, -0.847385), (0.206363, 0.253248, -0.945135), (-0.206363, 0.253248, -0.945135), (0.206363, 0.253248, -0.945135), (-0.206363, 0.489238, -0.847385), (0.206363, 0.489238, -0.847385), (1, 0, 0), (1, 0, 0), (1, 0, 0), (1, 0, 0), (1, 0, 0), (1, 0, 0), (1, 0, 0), (1, 0, 0), (1, 0, 0), (1, 0, 0), (1, 0, 0), (1, 0, 0), (1, 0, 0), (1, 0, 0), (1, 0, 0), (1, 0, 0), (1, 0, 0), (1, 0, 0), (1, 0, 0), (1, 0, 0), (1, 0, 0), (1, 0, 0), (1, 0, 0), (1, 0, 0), (1, 0, 0), (1, 0, 0), (1, 0, 0), (1, 0, 0), (1, 0, 0), (1, 0, 0), (1, 0, 0), (1, 0, 0), (1, 0, 0), (1, 0, 0), (1, 0, 0), (1, 0, 0), (1, 0, 0), (1, 0, 0), (1, 0, 0), (1, 0, 0), (1, 0, 0), (1, 0, 0), (1, 0, 0), (1, 0, 0), (1, 0, 0), (1, 0, 0), (1, 0, 0), (1, 0, 0), (1, 0, 0), (1, 0, 0), (1, 0, 0), (1, 0, 0), (1, 0, 0), (1, 0, 0), (1, 0, 0), (1, 0, 0), (1, 0, 0), (1, 0, 0), (1, 0, 0), (1, 0, 0), (1, 0, 0), (1, 0, 0), (1, 0, 0), (1, 0, 0), (1, 0, 0), (1, 0, 0), (0.410365, 0.236023, 0.880849), (0.206363, 0, 0.978476), (0.410365, 0, 0.911922), (0.206363, 0, 0.978476), (0.410365, 0.236023, 0.880849), (0.206363, 0.253248, 0.945135), (0.206363, 0, -0.978476), (0.410365, -0.236023, -0.880849), (0.206363, -0.253248, -0.945135), (0.410365, -0.236023, -0.880849), (0.206363, 0, -0.978476), (0.410365, 0, -0.911922), (-0.206363, -0.945135, -0.253248), (0.206363, -0.847385, -0.489238), (0.206363, -0.945135, -0.253248), (0.206363, -0.847385, -0.489238), (-0.206363, -0.945135, -0.253248), (-0.206363, -0.847385, -0.489238), (0.410365, 0.880849, -0.236023), (0.206363, 0.978476, 0), (0.410365, 0.911922, 0), (0.206363, 0.978476, 0), (0.410365, 0.880849, -0.236023), (0.206363, 0.945135, -0.253248), (0.206363, -0.691887, 0.691887), (0.410365, -0.789747, 0.455961), (0.410365, -0.644826, 0.644826), (0.410365, -0.789747, 0.455961), (0.206363, -0.691887, 0.691887), (0.206363, -0.847385, 0.489238), (-0.264093, 0.682003, 0.682003), (-0.264093, 0.835279, 0.482249), (-0.264093, 0.682003, 0.682003), (-0.264093, 0.835279, 0.482249), (-0.264093, 0.682003, 0.682003), (-0.264093, 0.835279, 0.482249), (-0.264092, -0.24963, 0.931633), (-0.264093, 0, 0.964497), (-0.264093, 0, 0.964497), (-0.264093, 0, 0.964497), (-0.264092, -0.24963, 0.931633), (-0.264092, -0.24963, 0.931633), (-0.264093, 0.964497, 0), (-0.264092, 0.931633, -0.24963), (-0.264093, 0.964497, 0), (-0.264092, 0.931633, -0.24963), (-0.264093, 0.964497, 0), (-0.264092, 0.931633, -0.24963), (-0.264092, -0.24963, -0.931633), (-0.264093, -0.482249, -0.835279), (-0.264092, -0.24963, -0.931633), (-0.264093, -0.482249, -0.835279), (-0.264092, -0.24963, -0.931633), (-0.264093, -0.482249, -0.835279), (-0.264092, 0.24963, 0.931633), (-0.264093, 0, 0.964497), (-0.264092, 0.24963, 0.931633), (-0.264093, 0, 0.964497), (-0.264092, 0.24963, 0.931633), (-0.264093, 0, 0.964497), (-0.264093, -0.835279, 0.482249), (-0.264093, -0.682003, 0.682003), (-0.264093, -0.835279, 0.482249), (-0.264093, -0.682003, 0.682003), (-0.264093, -0.835279, 0.482249), (-0.264093, -0.682003, 0.682003), (-0.264092, 0.24963, -0.931633), (-0.264093, 0.482249, -0.835279), (-0.264093, 0.482249, -0.835279), (-0.264093, 0.482249, -0.835279), (-0.264092, 0.24963, -0.931633), (-0.264092, 0.24963, -0.931633), (-0.264092, 0.931633, 0.24963), (-0.264093, 0.964497, 0), (-0.264093, 0.964497, 0), (-0.264093, 0.964497, 0), (-0.264092, 0.931633, 0.24963), (-0.264092, 0.931633, 0.24963), (-0.264093, 0.482249, 0.835279), (-0.264092, 0.24963, 0.931633), (-0.264093, 0.482249, 0.835279), (-0.264092, 0.24963, 0.931633), (-0.264093, 0.482249, 0.835279), (-0.264092, 0.24963, 0.931633), (-0.264093, -0.482249, -0.835279), (-0.264093, -0.682003, -0.682003), (-0.264093, -0.482249, -0.835279), (-0.264093, -0.682003, -0.682003), (-0.264093, -0.482249, -0.835279), (-0.264093, -0.682003, -0.682003), (-0.264093, -0.682003, 0.682003), (-0.264093, -0.482249, 0.835279), (-0.264093, -0.482249, 0.835279), (-0.264093, -0.482249, 0.835279), (-0.264093, -0.682003, 0.682003), (-0.264093, -0.682003, 0.682003), (-0.264092, -0.931633, -0.24963), (-0.264093, -0.964497, 0), (-0.264092, -0.931633, -0.24963), (-0.264093, -0.964497, 0), (-0.264092, -0.931633, -0.24963), (-0.264093, -0.964497, 0), (-0.264093, 0.682003, 0.682003), (-0.264093, 0.482249, 0.835279), (-0.264093, 0.682003, 0.682003), (-0.264093, 0.482249, 0.835279), (-0.264093, 0.682003, 0.682003), (-0.264093, 0.482249, 0.835279), (-0.264093, -0.682003, -0.682003), (-0.264093, -0.835279, -0.482249), (-0.264093, -0.682003, -0.682003), (-0.264093, -0.835279, -0.482249), (-0.264093, -0.682003, -0.682003), (-0.264093, -0.835279, -0.482249), (-0.264093, 0.835279, -0.482249), (-0.264093, 0.682003, -0.682003), (-0.264093, 0.835279, -0.482249), (-0.264093, 0.682003, -0.682003), (-0.264093, 0.835279, -0.482249), (-0.264093, 0.682003, -0.682003), (-0.264093, 0.482249, -0.835279), (-0.264093, 0.682003, -0.682003), (-0.264093, 0.682003, -0.682003), (-0.264093, 0.682003, -0.682003), (-0.264093, 0.482249, -0.835279), (-0.264093, 0.482249, -0.835279), (-0.264093, -0.835279, -0.482249), (-0.264092, -0.931633, -0.24963), (-0.264093, -0.835279, -0.482249), (-0.264092, -0.931633, -0.24963), (-0.264093, -0.835279, -0.482249), (-0.264092, -0.931633, -0.24963), (-1, 0, 0), (-1, 0, 0), (-1, 0, 0), (-1, 0, 0), (-1, 0, 0), (-1, 0, 0), (-1, 0, 0), (-1, 0, 0), (-1, 0, 0), (-1, 0, 0), (-1, 0, 0), (-1, 0, 0), (-1, 0, 0), (-1, 0, 0), (-1, 0, 0), (-1, 0, 0), (-1, 0, 0), (-1, 0, 0), (-1, 0, 0), (-1, 0, 0), (-1, 0, 0), (-1, 0, 0), (-1, 0, 0), (-1, 0, 0), (-1, 0, 0), (-1, 0, 0), (-1, 0, 0), (-1, 0, 0), (-1, 0, 0), (-1, 0, 0), (-1, 0, 0), (-1, 0, 0), (-1, 0, 0), (-1, 0, 0), (-1, 0, 0), (-1, 0, 0), (-1, 0, 0), (-1, 0, 0), (-1, 0, 0), (-1, 0, 0), (-1, 0, 0), (-1, 0, 0), (-1, 0, 0), (-1, 0, 0), (-1, 0, 0), (-1, 0, 0), (-1, 0, 0), (-1, 0, 0), (-1, 0, 0), (-1, 0, 0), (-1, 0, 0), (-1, 0, 0), (-1, 0, 0), (-1, 0, 0), (-1, 0, 0), (-1, 0, 0), (-1, 0, 0), (-1, 0, 0), (-1, 0, 0), (-1, 0, 0), (-1, 0, 0), (-1, 0, 0), (-1, 0, 0), (-1, 0, 0), (-1, 0, 0), (-1, 0, 0), (-0.264093, 0, -0.964497), (-0.264092, -0.24963, -0.931633), (-0.264093, 0, -0.964497), (-0.264092, -0.24963, -0.931633), (-0.264093, 0, -0.964497), (-0.264092, -0.24963, -0.931633), (-0.264092, -0.931633, 0.24963), (-0.264093, -0.835279, 0.482249), (-0.264092, -0.931633, 0.24963), (-0.264093, -0.835279, 0.482249), (-0.264092, -0.931633, 0.24963), (-0.264093, -0.835279, 0.482249), (-0.264093, 0, -0.964497), (-0.264092, 0.24963, -0.931633), (-0.264092, 0.24963, -0.931633), (-0.264092, 0.24963, -0.931633), (-0.264093, 0, -0.964497), (-0.264093, 0, -0.964497), (-0.264093, 0.835279, 0.482249), (-0.264092, 0.931633, 0.24963), (-0.264093, 0.835279, 0.482249), (-0.264092, 0.931633, 0.24963), (-0.264093, 0.835279, 0.482249), (-0.264092, 0.931633, 0.24963), (-0.264093, -0.964497, 0), (-0.264092, -0.931633, 0.24963), (-0.264093, -0.964497, 0), (-0.264092, -0.931633, 0.24963), (-0.264093, -0.964497, 0), (-0.264092, -0.931633, 0.24963), (-0.264092, 0.931633, -0.24963), (-0.264093, 0.835279, -0.482249), (-0.264092, 0.931633, -0.24963), (-0.264093, 0.835279, -0.482249), (-0.264092, 0.931633, -0.24963), (-0.264093, 0.835279, -0.482249), (-0.264093, -0.482249, 0.835279), (-0.264092, -0.24963, 0.931633), (-0.264092, -0.24963, 0.931633), (-0.264092, -0.24963, 0.931633), (-0.264093, -0.482249, 0.835279), (-0.264093, -0.482249, 0.835279), (-1, 0, -8.91084e-13), (-1, 0, -8.91084e-13), (-1, 0, -8.91084e-13), (-1, 0, -8.91084e-13), (-1, 0, -8.91084e-13), (-1, 0, -8.91084e-13), (-1, 0, -8.91084e-13), (-1, 0, -8.91084e-13), (-1, 0, -8.91084e-13), (-1, 0, -8.91084e-13), (-1, 0, -8.91084e-13), (-1, 0, -8.91084e-13), (-1, 0, -8.91084e-13), (-1, 0, -8.91084e-13), (-1, 0, -8.91084e-13), (-1, 0, -8.91084e-13), (-1, 0, -8.91084e-13), (-1, 0, -8.91084e-13), (-1, 0, -8.91084e-13), (-1, 0, -8.91084e-13), (-1, 0, -8.91084e-13), (-1, 0, -8.91084e-13), (-1, 0, -8.91084e-13), (-1, 0, -8.91084e-13), (-1, 0, -8.91084e-13), (-1, 0, -8.91084e-13), (-1, 0, -8.91084e-13), (-1, 0, -8.91084e-13), (-1, 0, -8.91084e-13), (-1, 0, -8.91084e-13), (-1, 0, -8.91084e-13), (-1, 0, -8.91084e-13), (-1, 0, -8.91084e-13), (-1, 0, -8.91084e-13), (-1, 0, -8.91084e-13), (-1, 0, -8.91084e-13), (-1, 0, -8.91084e-13), (-1, 0, -8.91084e-13), (-1, 0, -8.91084e-13), (-1, 0, -8.91084e-13), (-1, 0, -8.91084e-13), (-1, 0, -8.91084e-13), (-1, 0, -8.91084e-13), (-1, 0, -8.91084e-13), (-1, 0, -8.91084e-13), (-1, 0, -8.91084e-13), (-1, 0, -8.91084e-13), (-1, 0, -8.91084e-13), (-1, 0, -8.91084e-13), (-1, 0, -8.91084e-13), (-1, 0, -8.91084e-13), (-1, 0, -8.91084e-13), (-1, 0, -8.91084e-13), (-1, 0, -8.91084e-13), (-1, 0, -8.91084e-13), (-1, 0, -8.91084e-13), (-1, 0, -8.91084e-13), (-1, 0, -8.91084e-13), (-1, 0, -8.91084e-13), (-1, 0, -8.91084e-13), (-1, 0, -8.91084e-13), (-1, 0, -8.91084e-13), (-1, 0, -8.91084e-13), (-1, 0, -8.91084e-13), (-1, 0, -8.91084e-13), (-1, 0, -8.91084e-13), (-1, 0, -8.91084e-13), (-1, 0, -8.91084e-13), (-1, 0, -8.91084e-13), (-1, 0, -8.91084e-13), (-1, 0, -8.91084e-13), (-1, 0, -8.91084e-13), (-1, 0, -8.91084e-13), (-1, 0, -8.91084e-13), (-1, 0, -8.91084e-13), (-1, 0, -8.91084e-13), (-1, 0, -8.91084e-13), (-1, 0, -8.91084e-13), (-1, 0, -8.91084e-13), (-1, 0, -8.91084e-13), (-1, 0, -8.91084e-13), (-1, 0, -8.91084e-13), (-1, 0, -8.91084e-13), (-1, 0, -8.91084e-13), (-1, 0, -8.91084e-13), (-1, 0, -8.91084e-13), (-1, 0, -8.91084e-13), (-1, 0, -8.91084e-13), (-1, 0, -8.91084e-13), (-1, 0, -8.91084e-13), (-1, 0, -8.91084e-13), (-1, 0, -8.91084e-13), (-1, 0, -8.91084e-13), (-1, 0, -8.91084e-13), (-1, 0, -8.91084e-13), (-1, 0, -8.91084e-13), (-1, 0, -8.91084e-13), (-1, 0, -8.91084e-13), (-1, 0, -8.91084e-13), (-1, 0, -8.91084e-13), (-1, 0, -8.91084e-13), (-1, 0, -8.91084e-13), (-1, 0, -8.91084e-13), (-1, 0, -8.91084e-13), (-1, 0, -8.91084e-13), (-1, 0, -8.91084e-13), (-1, 0, -8.91084e-13), (-1, 0, -8.91084e-13), (-1, 0, -8.91084e-13), (-1, 0, -8.91084e-13), (-1, 0, -8.91084e-13), (-1, 0, -8.91084e-13), (-1, 0, -8.91084e-13), (-1, 0, -8.91084e-13), (-1, 0, -8.91084e-13), (-1, 0, -8.91084e-13), (-1, 0, -8.91084e-13), (-1, 0, -8.91084e-13), (-1, 0, -8.91084e-13), (-1, 0, -8.91084e-13), (-1, 0, -8.91084e-13), (-1, 0, -8.91084e-13), (-1, 0, -8.91084e-13), (-1, 0, -8.91084e-13), (-1, 0, -8.91084e-13), (-1, 0, -8.91084e-13), (-1, 0, -8.91084e-13), (-1, 0, -8.91084e-13), (-1, 0, -8.91084e-13), (-1, 0, -8.91084e-13), (-1, 0, -8.91084e-13), (-1, 0, -8.91084e-13), (-1, 0, -8.91084e-13), (-1, 0, -8.91084e-13), (-1, 0, -8.91084e-13), (-1, 0, -8.91084e-13), (-1, 0, -8.91084e-13), (-1, 0, -8.91084e-13), (-1, 0, -8.91084e-13), (-1, 0, -8.91084e-13), (-1, 0, -8.91084e-13), (-1, 0, -8.91084e-13), (-1, 0, -8.91084e-13), (-1, 0, -8.91084e-13)] (interpolation = "faceVarying")
        texCoord2f[] primvars:st = [(0.46875, 0.312176), (0.46875, 0.312037), (0.46875, 0.312037), (0.46875, 0.312037), (0.46875, 0.312176), (0.46875, 0.312176), (0.46875, 0.282407), (0.46875, 0.312037), (0.46875, 0.282407), (0.46875, 0.312037), (0.46875, 0.282407), (0.46875, 0.312037), (0.46875, 0.312037), (0.46875, 0.282407), (0.46875, 0.312176), (0.46875, 0.312176), (0.46875, 0.282407), (0.46875, 0.326111), (0.46875, 0.326111), (0.46875, 0.282407), (0.46875, 0.297222), (0.46875, 0.326111), (0.46875, 0.297222), (0.46875, 0.338077), (0.46875, 0.338077), (0.46875, 0.297222), (0.46875, 0.308725), (0.46875, 0.338077), (0.46875, 0.308725), (0.46875, 0.319444), (0.46875, 0.338077), (0.46875, 0.319444), (0.46875, 0.347259), (0.46875, 0.347259), (0.46875, 0.319444), (0.46875, 0.328649), (0.46875, 0.347259), (0.46875, 0.328649), (0.46875, 0.335712), (0.46875, 0.347259), (0.46875, 0.335712), (0.46875, 0.353031), (0.46875, 0.353031), (0.46875, 0.335712), (0.46875, 0.340152), (0.46875, 0.353031), (0.46875, 0.340152), (0.46875, 0.355), (0.46875, 0.355), (0.46875, 0.340152), (0.46875, 0.341667), (0.46875, 0.355), (0.46875, 0.341667), (0.46875, 0.340152), (0.46875, 0.355), (0.46875, 0.340152), (0.46875, 0.353031), (0.46875, 0.353031), (0.46875, 0.340152), (0.46875, 0.335712), (0.46875, 0.353031), (0.46875, 0.335712), (0.46875, 0.347259), (0.46875, 0.347259), (0.46875, 0.335712), (0.46875, 0.328649), (0.46875, 0.347259), (0.46875, 0.328649), (0.46875, 0.338077), (0.46875, 0.338077), (0.46875, 0.328649), (0.46875, 0.319444), (0.46875, 0.338077), (0.46875, 0.319444), (0.46875, 0.308725), (0.46875, 0.338077), (0.46875, 0.308725), (0.46875, 0.326111), (0.46875, 0.326111), (0.46875, 0.308725), (0.46875, 0.297222), (0.46875, 0.326111), (0.46875, 0.297222), (0.46875, 0.282407), (0.46875, 0.326111), (0.46875, 0.282407), (0.46875, 0.297222), (0.46875, 0.326111), (0.46875, 0.297222), (0.46875, 0.312176), (0.46875, 0.297222), (0.46875, 0.282407), (0.46875, 0.282407), (0.46875, 0.297222), (0.46875, 0.282407), (0.46875, 0.297222), (0.46875, 0.297222), (0.46875, 0.282407), (0.46875, 0.312176), (0.46875, 0.312176), (0.46875, 0.282407), (0.46875, 0.326111), (0.46875, 0.326111), (0.46875, 0.282407), (0.46875, 0.297222), (0.46875, 0.326111), (0.46875, 0.297222), (0.46875, 0.338077), (0.46875, 0.338077), (0.46875, 0.297222), (0.46875, 0.308725), (0.46875, 0.338077), (0.46875, 0.308725), (0.46875, 0.319444), (0.46875, 0.338077), (0.46875, 0.319444), (0.46875, 0.347259), (0.46875, 0.347259), (0.46875, 0.319444), (0.46875, 0.328649), (0.46875, 0.347259), (0.46875, 0.328649), (0.46875, 0.335712), (0.46875, 0.347259), (0.46875, 0.335712), (0.46875, 0.353031), (0.46875, 0.353031), (0.46875, 0.335712), (0.46875, 0.340152), (0.46875, 0.353031), (0.46875, 0.340152), (0.46875, 0.355), (0.46875, 0.355), (0.46875, 0.340152), (0.46875, 0.341667), (0.46875, 0.355), (0.46875, 0.341667), (0.46875, 0.340152), (0.46875, 0.355), (0.46875, 0.340152), (0.46875, 0.353031), (0.46875, 0.353031), (0.46875, 0.340152), (0.46875, 0.335712), (0.46875, 0.353031), (0.46875, 0.335712), (0.46875, 0.347259), (0.46875, 0.347259), (0.46875, 0.335712), (0.46875, 0.328649), (0.46875, 0.347259), (0.46875, 0.328649), (0.46875, 0.338077), (0.46875, 0.338077), (0.46875, 0.328649), (0.46875, 0.319444), (0.46875, 0.338077), (0.46875, 0.319444), (0.46875, 0.308725), (0.46875, 0.338077), (0.46875, 0.308725), (0.46875, 0.326111), (0.46875, 0.326111), (0.46875, 0.308725), (0.46875, 0.297222), (0.46875, 0.326111), (0.46875, 0.297222), (0.46875, 0.282407), (0.46875, 0.326111), (0.46875, 0.282407), (0.46875, 0.282407), (0.46875, 0.326111), (0.46875, 0.282407), (0.46875, 0.312037), (0.46875, 0.326111), (0.46875, 0.312037), (0.46875, 0.312176), (0.46875, 0.312037), (0.46875, 0.282407), (0.46875, 0.312037), (0.46875, 0.312037), (0.46875, 0.326111), (0.46875, 0.312176), (0.46875, 0.282407), (0.46875, 0.326111), (0.46875, 0.312037), (0.46875, 0.282407), (0.46875, 0.312037), (0.46875, 0.312037), (0.46875, 0.282407), (0.46875, 0.326111), (0.46875, 0.282407), (0.46875, 0.297222), (0.46875, 0.326111), (0.46875, 0.282407), (0.46875, 0.308725), (0.46875, 0.326111), (0.46875, 0.297222), (0.46875, 0.308725), (0.46875, 0.338077), (0.46875, 0.326111), (0.46875, 0.319444), (0.46875, 0.338077), (0.46875, 0.308725), (0.46875, 0.328649), (0.46875, 0.338077), (0.46875, 0.319444), (0.46875, 0.328649), (0.46875, 0.347259), (0.46875, 0.338077), (0.46875, 0.335712), (0.46875, 0.347259), (0.46875, 0.328649), (0.46875, 0.335712), (0.46875, 0.353031), (0.46875, 0.347259), (0.46875, 0.340152), (0.46875, 0.353031), (0.46875, 0.335712), (0.46875, 0.341667), (0.46875, 0.353031), (0.46875, 0.340152), (0.46875, 0.341667), (0.46875, 0.355), (0.46875, 0.353031), (0.46875, 0.340152), (0.46875, 0.355), (0.46875, 0.341667), (0.46875, 0.340152), (0.46875, 0.353031), (0.46875, 0.355), (0.46875, 0.335712), (0.46875, 0.353031), (0.46875, 0.340152), (0.46875, 0.335712), (0.46875, 0.347259), (0.46875, 0.353031), (0.46875, 0.328649), (0.46875, 0.347259), (0.46875, 0.335712), (0.46875, 0.319444), (0.46875, 0.347259), (0.46875, 0.328649), (0.46875, 0.319444), (0.46875, 0.338077), (0.46875, 0.347259), (0.46875, 0.308725), (0.46875, 0.338077), (0.46875, 0.319444), (0.46875, 0.297222), (0.46875, 0.338077), (0.46875, 0.308725), (0.46875, 0.338077), (0.46875, 0.297222), (0.46875, 0.326111), (0.46875, 0.282407), (0.46875, 0.326111), (0.46875, 0.297222), (0.46875, 0.282407), (0.46875, 0.312176), (0.46875, 0.326111), (0.46875, 0.282407), (0.46875, 0.297222), (0.46875, 0.312176), (0.46875, 0.282407), (0.46875, 0.297222), (0.46875, 0.297222), (0.46875, 0.282407), (0.46875, 0.297222), (0.46875, 0.282407), (0.46875, 0.282407), (0.46875, 0.326111), (0.46875, 0.297222), (0.46875, 0.297222), (0.46875, 0.326111), (0.46875, 0.312176), (0.46875, 0.297222), (0.46875, 0.326111), (0.46875, 0.282407), (0.46875, 0.308725), (0.46875, 0.326111), (0.46875, 0.297222), (0.46875, 0.308725), (0.46875, 0.338077), (0.46875, 0.326111), (0.46875, 0.319444), (0.46875, 0.338077), (0.46875, 0.308725), (0.46875, 0.328649), (0.46875, 0.338077), (0.46875, 0.319444), (0.46875, 0.328649), (0.46875, 0.347259), (0.46875, 0.338077), (0.46875, 0.335712), (0.46875, 0.347259), (0.46875, 0.328649), (0.46875, 0.335712), (0.46875, 0.353031), (0.46875, 0.347259), (0.46875, 0.340152), (0.46875, 0.353031), (0.46875, 0.335712), (0.46875, 0.341667), (0.46875, 0.353031), (0.46875, 0.340152), (0.46875, 0.341667), (0.46875, 0.355), (0.46875, 0.353031), (0.46875, 0.340152), (0.46875, 0.355), (0.46875, 0.341667), (0.46875, 0.340152), (0.46875, 0.353031), (0.46875, 0.355), (0.46875, 0.335712), (0.46875, 0.353031), (0.46875, 0.340152), (0.46875, 0.335712), (0.46875, 0.347259), (0.46875, 0.353031), (0.46875, 0.328649), (0.46875, 0.347259), (0.46875, 0.335712), (0.46875, 0.319444), (0.46875, 0.347259), (0.46875, 0.328649), (0.46875, 0.319444), (0.46875, 0.338077), (0.46875, 0.347259), (0.46875, 0.308725), (0.46875, 0.338077), (0.46875, 0.319444), (0.46875, 0.297222), (0.46875, 0.338077), (0.46875, 0.308725), (0.46875, 0.338077), (0.46875, 0.297222), (0.46875, 0.326111), (0.46875, 0.282407), (0.46875, 0.326111), (0.46875, 0.297222), (0.46875, 0.282407), (0.46875, 0.312176), (0.46875, 0.326111), (0.46875, 0.282407), (0.46875, 0.312037), (0.46875, 0.312176), (0.46875, 0.282407), (0.46875, 0.312037), (0.46875, 0.282407), (0.46875, 0.312037), (0.46875, 0.282407), (0.46875, 0.312037), (0.46875, 0.326852), (0.46875, 0.326111), (0.46875, 0.326852), (0.46875, 0.326111), (0.46875, 0.326852), (0.46875, 0.312176), (0.46875, 0.312176), (0.46875, 0.326852), (0.46875, 0.312037), (0.46875, 0.312037), (0.46875, 0.326852), (0.46875, 0.312037), (0.46875, 0.326852), (0.46875, 0.312037), (0.46875, 0.326852), (0.46875, 0.312037), (0.46875, 0.326852), (0.46875, 0.312037), (0.46875, 0.312037), (0.46875, 0.326852), (0.46875, 0.312176), (0.46875, 0.312176), (0.46875, 0.326852), (0.46875, 0.326111), (0.46875, 0.326111), (0.46875, 0.326852), (0.46875, 0.326852), (0.46875, 0.347259), (0.46875, 0.338077), (0.46875, 0.347259), (0.46875, 0.338077), (0.46875, 0.347259), (0.46875, 0.338077), (0.46875, 0.353031), (0.46875, 0.347259), (0.46875, 0.353031), (0.46875, 0.347259), (0.46875, 0.353031), (0.46875, 0.347259), (0.46875, 0.347259), (0.46875, 0.353031), (0.46875, 0.347259), (0.46875, 0.353031), (0.46875, 0.347259), (0.46875, 0.353031), (0.46875, 0.353031), (0.46875, 0.347259), (0.46875, 0.353031), (0.46875, 0.347259), (0.46875, 0.353031), (0.46875, 0.347259), (0.46875, 0.338077), (0.46875, 0.347259), (0.46875, 0.338077), (0.46875, 0.347259), (0.46875, 0.338077), (0.46875, 0.347259), (0.46875, 0.312176), (0.46875, 0.326111), (0.46875, 0.312176), (0.46875, 0.326111), (0.46875, 0.312176), (0.46875, 0.326111), (0.46875, 0.326111), (0.46875, 0.326852), (0.46875, 0.326111), (0.46875, 0.326852), (0.46875, 0.326111), (0.46875, 0.338077), (0.46875, 0.326852), (0.46875, 0.338077), (0.46875, 0.338077), (0.46875, 0.347259), (0.46875, 0.338077), (0.46875, 0.347259), (0.46875, 0.338077), (0.46875, 0.347259), (0.46875, 0.338077), (0.46875, 0.338077), (0.46875, 0.347259), (0.46875, 0.338077), (0.46875, 0.347259), (0.46875, 0.338077), (0.46875, 0.347259), (0.46875, 0.347259), (0.46875, 0.338077), (0.46875, 0.347259), (0.46875, 0.338077), (0.46875, 0.347259), (0.46875, 0.338077), (0.46875, 0.353031), (0.46875, 0.355), (0.46875, 0.353031), (0.46875, 0.355), (0.46875, 0.353031), (0.46875, 0.355), (0.46875, 0.355), (0.46875, 0.353031), (0.46875, 0.355), (0.46875, 0.353031), (0.46875, 0.355), (0.46875, 0.353031), (0.46875, 0.347259), (0.46875, 0.338077), (0.46875, 0.347259), (0.46875, 0.338077), (0.46875, 0.347259), (0.46875, 0.338077), (0.46875, 0.355), (0.46875, 0.353031), (0.46875, 0.355), (0.46875, 0.353031), (0.46875, 0.355), (0.46875, 0.353031), (0.46875, 0.355), (0.46875, 0.353031), (0.46875, 0.355), (0.46875, 0.353031), (0.46875, 0.355), (0.46875, 0.353031), (0.46875, 0.326111), (0.46875, 0.312176), (0.46875, 0.312176), (0.46875, 0.312176), (0.46875, 0.326111), (0.46875, 0.326111), (0.46875, 0.347259), (0.46875, 0.353031), (0.46875, 0.347259), (0.46875, 0.353031), (0.46875, 0.347259), (0.46875, 0.353031), (0.46875, 0.312037), (0.46875, 0.326852), (0.46875, 0.326852), (0.46875, 0.326852), (0.46875, 0.312037), (0.46875, 0.312037), (0.46875, 0.326852), (0.46875, 0.312037), (0.46875, 0.312176), (0.46875, 0.326852), (0.46875, 0.312176), (0.46875, 0.326111), (0.46875, 0.326852), (0.46875, 0.326111), (0.46875, 0.326852), (0.46875, 0.326111), (0.46875, 0.312176), (0.46875, 0.312176), (0.46875, 0.312176), (0.46875, 0.326111), (0.46875, 0.326111), (0.46875, 0.326111), (0.46875, 0.326852), (0.46875, 0.326852), (0.46875, 0.326852), (0.46875, 0.326111), (0.46875, 0.312176), (0.46875, 0.326852), (0.46875, 0.312176), (0.46875, 0.297222), (0.46875, 0.326852), (0.46875, 0.297222), (0.46875, 0.297222), (0.46875, 0.326852), (0.46875, 0.297222), (0.46875, 0.326852), (0.46875, 0.326852), (0.46875, 0.297222), (0.46875, 0.312176), (0.46875, 0.326852), (0.46875, 0.312176), (0.46875, 0.326111), (0.46875, 0.326852), (0.46875, 0.326111), (0.46875, 0.326852), (0.46875, 0.326111), (0.46875, 0.312176), (0.46875, 0.312176), (0.46875, 0.312176), (0.46875, 0.326111), (0.46875, 0.326111), (0.46875, 0.326852), (0.46875, 0.326111), (0.46875, 0.326852), (0.46875, 0.326111), (0.46875, 0.326852), (0.46875, 0.312176), (0.46875, 0.312176), (0.46875, 0.326852), (0.46875, 0.297222), (0.46875, 0.297222), (0.46875, 0.326852), (0.46875, 0.297222), (0.46875, 0.297222), (0.46875, 0.326852), (0.46875, 0.326852), (0.46875, 0.297222), (0.46875, 0.326852), (0.46875, 0.312176), (0.46875, 0.312176), (0.46875, 0.326852), (0.46875, 0.326111), (0.46875, 0.326111), (0.46875, 0.326852), (0.46875, 0.326852), (0.46875, 0.312176), (0.46875, 0.326111), (0.46875, 0.312176), (0.46875, 0.326111), (0.46875, 0.312176), (0.46875, 0.326111), (0.46875, 0.338077), (0.46875, 0.347259), (0.46875, 0.338077), (0.46875, 0.347259), (0.46875, 0.338077), (0.46875, 0.347259), (0.46875, 0.353031), (0.46875, 0.355), (0.46875, 0.353031), (0.46875, 0.355), (0.46875, 0.353031), (0.46875, 0.355), (0.46875, 0.326111), (0.46875, 0.312176), (0.46875, 0.312176), (0.46875, 0.312176), (0.46875, 0.326111), (0.46875, 0.326111), (0.46875, 0.312176), (0.46875, 0.297222), (0.46875, 0.297222), (0.46875, 0.297222), (0.46875, 0.312176), (0.46875, 0.312176), (0.46875, 0.312176), (0.46875, 0.326111), (0.46875, 0.312176), (0.46875, 0.326111), (0.46875, 0.312176), (0.46875, 0.326111), (0.46875, 0.338077), (0.46875, 0.326111), (0.46875, 0.326111), (0.46875, 0.326111), (0.46875, 0.338077), (0.46875, 0.326852), (0.46875, 0.326852), (0.46875, 0.338077), (0.46875, 0.338077), (0.46875, 0.297222), (0.46875, 0.312176), (0.46875, 0.297222), (0.46875, 0.312176), (0.46875, 0.297222), (0.46875, 0.312176), (0.46875, 0.353031), (0.46875, 0.355), (0.46875, 0.353031), (0.46875, 0.355), (0.46875, 0.353031), (0.46875, 0.355), (0.46875, 0.326111), (0.46875, 0.326852), (0.46875, 0.326111), (0.46875, 0.326852), (0.46875, 0.326111), (0.46875, 0.338077), (0.46875, 0.326852), (0.46875, 0.338077), (0.46875, 0.338077), (0.46875, 0.326852), (0.46875, 0.326111), (0.46875, 0.326111), (0.46875, 0.326111), (0.46875, 0.326852), (0.46875, 0.338077), (0.46875, 0.338077), (0.46875, 0.326852), (0.46875, 0.338077), (0.46875, 0.312176), (0.46875, 0.297222), (0.46875, 0.297222), (0.46875, 0.297222), (0.46875, 0.312176), (0.46875, 0.312176), (0.46875, 0.353031), (0.46875, 0.347259), (0.46875, 0.353031), (0.46875, 0.347259), (0.46875, 0.353031), (0.46875, 0.347259), (0.46875, 0.326852), (0.46875, 0.326111), (0.46875, 0.326111), (0.46875, 0.326111), (0.46875, 0.326852), (0.46875, 0.338077), (0.46875, 0.338077), (0.46875, 0.326852), (0.46875, 0.338077), (0.46875, 0.326852), (0.46875, 0.326111), (0.46875, 0.326111), (0.46875, 0.326111), (0.46875, 0.326852), (0.46875, 0.338077), (0.46875, 0.338077), (0.46875, 0.326852), (0.46875, 0.338077), (0.46875, 0.353031), (0.46875, 0.355), (0.46875, 0.353031), (0.46875, 0.355), (0.46875, 0.353031), (0.46875, 0.355), (0.46875, 0.355), (0.46875, 0.353031), (0.46875, 0.355), (0.46875, 0.353031), (0.46875, 0.355), (0.46875, 0.353031), (0.46875, 0.312176), (0.46875, 0.312037), (0.46875, 0.312037), (0.46875, 0.312037), (0.46875, 0.312176), (0.46875, 0.312176), (0.46875, 0.297222), (0.46875, 0.297222), (0.46875, 0.297222), (0.46875, 0.297222), (0.46875, 0.297222), (0.46875, 0.297222), (0.46875, 0.347259), (0.46875, 0.353031), (0.46875, 0.347259), (0.46875, 0.353031), (0.46875, 0.347259), (0.46875, 0.353031), (0.46875, 0.312176), (0.46875, 0.326111), (0.46875, 0.312176), (0.46875, 0.326111), (0.46875, 0.312176), (0.46875, 0.326111), (0.46875, 0.312176), (0.46875, 0.297222), (0.46875, 0.297222), (0.46875, 0.297222), (0.46875, 0.312176), (0.46875, 0.312176), (0.46875, 0.326111), (0.46875, 0.326852), (0.46875, 0.326111), (0.46875, 0.326852), (0.46875, 0.326111), (0.46875, 0.338077), (0.46875, 0.326852), (0.46875, 0.338077), (0.46875, 0.338077), (0.46875, 0.347259), (0.46875, 0.353031), (0.46875, 0.347259), (0.46875, 0.353031), (0.46875, 0.347259), (0.46875, 0.353031), (0.46875, 0.326111), (0.46875, 0.338077), (0.46875, 0.326111), (0.46875, 0.338077), (0.46875, 0.326111), (0.46875, 0.326852), (0.46875, 0.338077), (0.46875, 0.326852), (0.46875, 0.338077), (0.46875, 0.297222), (0.46875, 0.297222), (0.46875, 0.297222), (0.46875, 0.297222), (0.46875, 0.297222), (0.46875, 0.297222), (0.46875, 0.353031), (0.46875, 0.347259), (0.46875, 0.353031), (0.46875, 0.347259), (0.46875, 0.353031), (0.46875, 0.347259), (0.46875, 0.312176), (0.46875, 0.312037), (0.46875, 0.312037), (0.46875, 0.312037), (0.46875, 0.312176), (0.46875, 0.312176), (0.46875, 0.338077), (0.46875, 0.347259), (0.46875, 0.338077), (0.46875, 0.347259), (0.46875, 0.338077), (0.46875, 0.347259), (0.46875, 0.326111), (0.46875, 0.326852), (0.46875, 0.326852), (0.46875, 0.326852), (0.46875, 0.326111), (0.46875, 0.312176), (0.46875, 0.326852), (0.46875, 0.312176), (0.46875, 0.312037), (0.46875, 0.326852), (0.46875, 0.312037), (0.46875, 0.312037), (0.46875, 0.312176), (0.46875, 0.312037), (0.46875, 0.312037), (0.46875, 0.312037), (0.46875, 0.312176), (0.46875, 0.312176), (0.46875, 0.312037), (0.46875, 0.312037), (0.46875, 0.312037), (0.46875, 0.312037), (0.46875, 0.312037), (0.46875, 0.312037), (0.46875, 0.312037), (0.46875, 0.312037), (0.46875, 0.312037), (0.46875, 0.312037), (0.46875, 0.312037), (0.46875, 0.312037), (0.46875, 0.312037), (0.46875, 0.312037), (0.46875, 0.312037), (0.46875, 0.312037), (0.46875, 0.312037), (0.46875, 0.312037), (0.46875, 0.312037), (0.46875, 0.312037), (0.46875, 0.312037), (0.46875, 0.312037), (0.46875, 0.312037), (0.46875, 0.312037), (0.46875, 0.312037), (0.46875, 0.312037), (0.46875, 0.312037), (0.46875, 0.312037), (0.46875, 0.312037), (0.46875, 0.312037), (0.46875, 0.326852), (0.46875, 0.312037), (0.46875, 0.312037), (0.46875, 0.312037), (0.46875, 0.326852), (0.46875, 0.326852), (0.46875, 0.326852), (0.46875, 0.312037), (0.46875, 0.312037), (0.46875, 0.312037), (0.46875, 0.326852), (0.46875, 0.326852), (0.46875, 0.326852), (0.46875, 0.312037), (0.46875, 0.312037), (0.46875, 0.312037), (0.46875, 0.326852), (0.46875, 0.326852), (0.46875, 0.312037), (0.46875, 0.282407), (0.46875, 0.282407), (0.46875, 0.282407), (0.46875, 0.312037), (0.46875, 0.312037), (0.46875, 0.312037), (0.46875, 0.282407), (0.46875, 0.312037), (0.46875, 0.282407), (0.46875, 0.312037), (0.46875, 0.282407), (0.46875, 0.312037), (0.46875, 0.282407), (0.46875, 0.282407), (0.46875, 0.282407), (0.46875, 0.312037), (0.46875, 0.312037), (0.46875, 0.312037), (0.46875, 0.282407), (0.46875, 0.282407), (0.46875, 0.282407), (0.46875, 0.312037), (0.46875, 0.312037), (0.46875, 0.282407), (0.46875, 0.312037), (0.46875, 0.282407), (0.46875, 0.312037), (0.46875, 0.282407), (0.46875, 0.312037), (0.46875, 0.312037), (0.46875, 0.312037), (0.46875, 0.312037), (0.46875, 0.312037), (0.46875, 0.312037), (0.46875, 0.312037), (0.46875, 0.312037), (0.46875, 0.312037), (0.46875, 0.312037), (0.46875, 0.312037), (0.46875, 0.312037), (0.46875, 0.312037), (0.46875, 0.312037), (0.46875, 0.312037), (0.46875, 0.312037), (0.46875, 0.312037), (0.46875, 0.312037), (0.46875, 0.312037), (0.46875, 0.312037), (0.46875, 0.312037), (0.46875, 0.312037), (0.46875, 0.312037), (0.46875, 0.312037), (0.46875, 0.312037), (0.46875, 0.312037), (0.46875, 0.312037), (0.46875, 0.312037), (0.46875, 0.312037), (0.46875, 0.312037), (0.46875, 0.312037), (0.46875, 0.312037), (0.46875, 0.312037), (0.46875, 0.312037), (0.46875, 0.312037), (0.46875, 0.312037), (0.46875, 0.312037), (0.46875, 0.312037), (0.46875, 0.282407), (0.46875, 0.282407), (0.46875, 0.282407), (0.46875, 0.312037), (0.46875, 0.312037), (0.46875, 0.282407), (0.46875, 0.312037), (0.46875, 0.282407), (0.46875, 0.312037), (0.46875, 0.282407), (0.46875, 0.312037), (0.46875, 0.312037), (0.46875, 0.282407), (0.46875, 0.312037), (0.46875, 0.282407), (0.46875, 0.312037), (0.46875, 0.282407), (0.46875, 0.312037), (0.46875, 0.282407), (0.46875, 0.282407), (0.46875, 0.282407), (0.46875, 0.312037), (0.46875, 0.312037), (0.46875, 0.312037), (0.46875, 0.282407), (0.46875, 0.282407), (0.46875, 0.282407), (0.46875, 0.312037), (0.46875, 0.312037), (0.46875, 0.282407), (0.46875, 0.282407), (0.46875, 0.282407), (0.46875, 0.282407), (0.46875, 0.282407), (0.46875, 0.282407), (0.46875, 0.282407), (0.46875, 0.282407), (0.46875, 0.282407), (0.46875, 0.282407), (0.46875, 0.282407), (0.46875, 0.282407), (0.46875, 0.282407), (0.46875, 0.282407), (0.46875, 0.282407), (0.46875, 0.282407), (0.46875, 0.282407), (0.46875, 0.282407), (0.46875, 0.282407), (0.46875, 0.282407), (0.46875, 0.282407), (0.46875, 0.282407), (0.46875, 0.282407), (0.46875, 0.282407), (0.46875, 0.282407), (0.46875, 0.282407), (0.46875, 0.282407), (0.46875, 0.282407), (0.46875, 0.282407), (0.46875, 0.282407), (0.46875, 0.282407), (0.46875, 0.282407), (0.46875, 0.282407), (0.46875, 0.282407), (0.46875, 0.282407), (0.46875, 0.282407), (0.46875, 0.282407), (0.46875, 0.282407), (0.46875, 0.282407), (0.46875, 0.282407), (0.46875, 0.282407), (0.46875, 0.282407), (0.46875, 0.282407), (0.46875, 0.282407), (0.46875, 0.282407), (0.46875, 0.282407), (0.46875, 0.282407), (0.46875, 0.282407), (0.46875, 0.282407), (0.46875, 0.282407), (0.46875, 0.282407), (0.46875, 0.282407), (0.46875, 0.282407), (0.46875, 0.282407), (0.46875, 0.282407), (0.46875, 0.282407), (0.46875, 0.282407), (0.46875, 0.282407), (0.46875, 0.282407), (0.46875, 0.282407), (0.46875, 0.282407), (0.46875, 0.282407), (0.46875, 0.282407), (0.46875, 0.282407), (0.46875, 0.282407), (0.46875, 0.282407), (0.46875, 0.282407), (0.46875, 0.282407), (0.46875, 0.282407), (0.46875, 0.282407), (0.46875, 0.282407), (0.46875, 0.282407), (0.46875, 0.282407), (0.46875, 0.282407), (0.46875, 0.282407), (0.46875, 0.282407), (0.46875, 0.282407), (0.46875, 0.282407), (0.46875, 0.275), (0.46875, 0.332143), (0.46875, 0.275), (0.46875, 0.332143), (0.46875, 0.275), (0.46875, 0.332143), (0.46875, 0.275), (0.46875, 0.275), (0.46875, 0.275), (0.46875, 0.275), (0.46875, 0.275), (0.46875, 0.275), (0.46875, 0.332143), (0.46875, 0.275), (0.46875, 0.332143), (0.46875, 0.275), (0.46875, 0.332143), (0.46875, 0.275), (0.46875, 0.417857), (0.46875, 0.475), (0.46875, 0.475), (0.46875, 0.475), (0.46875, 0.417857), (0.46875, 0.417857), (0.46875, 0.332143), (0.46875, 0.417857), (0.46875, 0.332143), (0.46875, 0.417857), (0.46875, 0.332143), (0.46875, 0.417857), (0.46875, 0.332143), (0.46875, 0.275), (0.46875, 0.275), (0.46875, 0.275), (0.46875, 0.332143), (0.46875, 0.332143), (0.46875, 0.332143), (0.46875, 0.332143), (0.46875, 0.417857), (0.46875, 0.332143), (0.46875, 0.417857), (0.46875, 0.417857), (0.46875, 0.417857), (0.46875, 0.417857), (0.46875, 0.475), (0.46875, 0.417857), (0.46875, 0.475), (0.46875, 0.475), (0.46875, 0.475), (0.46875, 0.475), (0.46875, 0.475), (0.46875, 0.475), (0.46875, 0.475), (0.46875, 0.475), (0.46875, 0.417857), (0.46875, 0.332143), (0.46875, 0.417857), (0.46875, 0.332143), (0.46875, 0.417857), (0.46875, 0.332143), (0.46875, 0.475), (0.46875, 0.417857), (0.46875, 0.417857), (0.46875, 0.417857), (0.46875, 0.475), (0.46875, 0.475), (0.46875, 0.275), (0.46875, 0.332143), (0.46875, 0.275), (0.46875, 0.332143), (0.46875, 0.275), (0.46875, 0.332143), (0.46875, 0.275), (0.46875, 0.275), (0.46875, 0.275), (0.46875, 0.275), (0.46875, 0.275), (0.46875, 0.275), (0.46875, 0.332143), (0.46875, 0.275), (0.46875, 0.332143), (0.46875, 0.275), (0.46875, 0.332143), (0.46875, 0.275), (0.46875, 0.417857), (0.46875, 0.475), (0.46875, 0.475), (0.46875, 0.475), (0.46875, 0.417857), (0.46875, 0.417857), (0.46875, 0.332143), (0.46875, 0.417857), (0.46875, 0.332143), (0.46875, 0.417857), (0.46875, 0.332143), (0.46875, 0.417857), (0.46875, 0.332143), (0.46875, 0.275), (0.46875, 0.275), (0.46875, 0.275), (0.46875, 0.332143), (0.46875, 0.332143), (0.46875, 0.332143), (0.46875, 0.332143), (0.46875, 0.417857), (0.46875, 0.332143), (0.46875, 0.417857), (0.46875, 0.417857), (0.46875, 0.417857), (0.46875, 0.417857), (0.46875, 0.475), (0.46875, 0.417857), (0.46875, 0.475), (0.46875, 0.475), (0.46875, 0.475), (0.46875, 0.475), (0.46875, 0.475), (0.46875, 0.475), (0.46875, 0.475), (0.46875, 0.475), (0.46875, 0.417857), (0.46875, 0.332143), (0.46875, 0.417857), (0.46875, 0.332143), (0.46875, 0.417857), (0.46875, 0.332143), (0.46875, 0.475), (0.46875, 0.417857), (0.46875, 0.417857), (0.46875, 0.417857), (0.46875, 0.475), (0.46875, 0.475), (0.34375, 0.319444), (0.34375, 0.328649), (0.34375, 0.319444), (0.34375, 0.328649), (0.34375, 0.319444), (0.34375, 0.328649), (0.34375, 0.335712), (0.34375, 0.340152), (0.34375, 0.335712), (0.34375, 0.340152), (0.34375, 0.335712), (0.34375, 0.340152), (0.34375, 0.319444), (0.34375, 0.308725), (0.34375, 0.308725), (0.34375, 0.308725), (0.34375, 0.319444), (0.34375, 0.319444), (0.34375, 0.335712), (0.34375, 0.340152), (0.34375, 0.335712), (0.34375, 0.340152), (0.34375, 0.335712), (0.34375, 0.340152), (0.34375, 0.319444), (0.34375, 0.328649), (0.34375, 0.319444), (0.34375, 0.328649), (0.34375, 0.319444), (0.34375, 0.328649), (0.34375, 0.297222), (0.34375, 0.282407), (0.34375, 0.282407), (0.34375, 0.282407), (0.34375, 0.297222), (0.34375, 0.297222), (0.34375, 0.341667), (0.34375, 0.340152), (0.34375, 0.341667), (0.34375, 0.340152), (0.34375, 0.341667), (0.34375, 0.340152), (0.34375, 0.297222), (0.34375, 0.282407), (0.34375, 0.282407), (0.34375, 0.282407), (0.34375, 0.297222), (0.34375, 0.297222), (0.34375, 0.297222), (0.34375, 0.282407), (0.34375, 0.282407), (0.34375, 0.282407), (0.34375, 0.297222), (0.34375, 0.297222), (0.34375, 0.328649), (0.34375, 0.335712), (0.34375, 0.328649), (0.34375, 0.335712), (0.34375, 0.328649), (0.34375, 0.335712), (0.34375, 0.335712), (0.34375, 0.328649), (0.34375, 0.335712), (0.34375, 0.328649), (0.34375, 0.335712), (0.34375, 0.328649), (0.34375, 0.335712), (0.34375, 0.328649), (0.34375, 0.335712), (0.34375, 0.328649), (0.34375, 0.335712), (0.34375, 0.328649), (0.34375, 0.340152), (0.34375, 0.341667), (0.34375, 0.340152), (0.34375, 0.341667), (0.34375, 0.340152), (0.34375, 0.341667), (0.34375, 0.340152), (0.34375, 0.335712), (0.34375, 0.340152), (0.34375, 0.335712), (0.34375, 0.340152), (0.34375, 0.335712), (0.34375, 0.328649), (0.34375, 0.319444), (0.34375, 0.319444), (0.34375, 0.319444), (0.34375, 0.328649), (0.34375, 0.328649), (0.34375, 0.328649), (0.34375, 0.335712), (0.34375, 0.328649), (0.34375, 0.335712), (0.34375, 0.328649), (0.34375, 0.335712), (0.34375, 0.308725), (0.34375, 0.297222), (0.34375, 0.297222), (0.34375, 0.297222), (0.34375, 0.308725), (0.34375, 0.308725), (0.34375, 0.308725), (0.34375, 0.319444), (0.34375, 0.308725), (0.34375, 0.319444), (0.34375, 0.308725), (0.34375, 0.319444), (0.34375, 0.297222), (0.34375, 0.308725), (0.34375, 0.297222), (0.34375, 0.308725), (0.34375, 0.297222), (0.34375, 0.308725), (0.34375, 0.308725), (0.34375, 0.297222), (0.34375, 0.297222), (0.34375, 0.297222), (0.34375, 0.308725), (0.34375, 0.308725), (0.34375, 0.340152), (0.34375, 0.335712), (0.34375, 0.340152), (0.34375, 0.335712), (0.34375, 0.340152), (0.34375, 0.335712), (0.34375, 0.319444), (0.34375, 0.308725), (0.34375, 0.308725), (0.34375, 0.308725), (0.34375, 0.319444), (0.34375, 0.319444), (0.34375, 0.297222), (0.34375, 0.308725), (0.34375, 0.297222), (0.34375, 0.308725), (0.34375, 0.297222), (0.34375, 0.308725), (0.34375, 0.328649), (0.34375, 0.319444), (0.34375, 0.319444), (0.34375, 0.319444), (0.34375, 0.328649), (0.34375, 0.328649), (0.34375, 0.308725), (0.34375, 0.319444), (0.34375, 0.308725), (0.34375, 0.319444), (0.34375, 0.308725), (0.34375, 0.319444), (0.34375, 0.340152), (0.34375, 0.341667), (0.34375, 0.340152), (0.34375, 0.341667), (0.34375, 0.340152), (0.34375, 0.341667), (0.34375, 0.297222), (0.34375, 0.282407), (0.34375, 0.282407), (0.34375, 0.282407), (0.34375, 0.297222), (0.34375, 0.297222), (0.34375, 0.341667), (0.34375, 0.340152), (0.34375, 0.341667), (0.34375, 0.340152), (0.34375, 0.341667), (0.34375, 0.340152), (0.34375, 0.308725), (0.34375, 0.297222), (0.34375, 0.297222), (0.34375, 0.297222), (0.34375, 0.308725), (0.34375, 0.308725), (0.34375, 0.297222), (0.34375, 0.282407), (0.34375, 0.282407), (0.34375, 0.282407), (0.34375, 0.297222), (0.34375, 0.297222), (0.34375, 0.341667), (0.34375, 0.340152), (0.34375, 0.341667), (0.34375, 0.340152), (0.34375, 0.341667), (0.34375, 0.340152), (0.34375, 0.340152), (0.34375, 0.335712), (0.34375, 0.340152), (0.34375, 0.335712), (0.34375, 0.340152), (0.34375, 0.335712), (0.34375, 0.328649), (0.34375, 0.319444), (0.34375, 0.319444), (0.34375, 0.319444), (0.34375, 0.328649), (0.34375, 0.328649), (0.34375, 0.308725), (0.34375, 0.297222), (0.34375, 0.297222), (0.34375, 0.297222), (0.34375, 0.308725), (0.34375, 0.308725), (0.34375, 0.328649), (0.34375, 0.319444), (0.34375, 0.319444), (0.34375, 0.319444), (0.34375, 0.328649), (0.34375, 0.328649), (0.34375, 0.319444), (0.34375, 0.308725), (0.34375, 0.308725), (0.34375, 0.308725), (0.34375, 0.319444), (0.34375, 0.319444), (0.34375, 0.335712), (0.34375, 0.328649), (0.34375, 0.335712), (0.34375, 0.328649), (0.34375, 0.335712), (0.34375, 0.328649), (0.34375, 0.328649), (0.34375, 0.335712), (0.34375, 0.328649), (0.34375, 0.335712), (0.34375, 0.328649), (0.34375, 0.335712), (0.34375, 0.340152), (0.34375, 0.341667), (0.34375, 0.340152), (0.34375, 0.341667), (0.34375, 0.340152), (0.34375, 0.341667), (0.34375, 0.319444), (0.34375, 0.308725), (0.34375, 0.308725), (0.34375, 0.308725), (0.34375, 0.319444), (0.34375, 0.319444), (0.34375, 0.335712), (0.34375, 0.340152), (0.34375, 0.335712), (0.34375, 0.340152), (0.34375, 0.335712), (0.34375, 0.340152), (0.34375, 0.282407), (0.34375, 0.297222), (0.34375, 0.282407), (0.34375, 0.297222), (0.34375, 0.282407), (0.34375, 0.308725), (0.34375, 0.308725), (0.34375, 0.282407), (0.34375, 0.319444), (0.34375, 0.319444), (0.34375, 0.282407), (0.34375, 0.328649), (0.34375, 0.328649), (0.34375, 0.282407), (0.34375, 0.335712), (0.34375, 0.335712), (0.34375, 0.282407), (0.34375, 0.340152), (0.34375, 0.340152), (0.34375, 0.282407), (0.34375, 0.341667), (0.34375, 0.341667), (0.34375, 0.282407), (0.34375, 0.340152), (0.34375, 0.340152), (0.34375, 0.282407), (0.34375, 0.335712), (0.34375, 0.335712), (0.34375, 0.282407), (0.34375, 0.328649), (0.34375, 0.328649), (0.34375, 0.282407), (0.34375, 0.319444), (0.34375, 0.319444), (0.34375, 0.282407), (0.34375, 0.308725), (0.34375, 0.308725), (0.34375, 0.282407), (0.34375, 0.297222), (0.34375, 0.308725), (0.34375, 0.282407), (0.34375, 0.297222), (0.34375, 0.282407), (0.34375, 0.308725), (0.34375, 0.282407), (0.34375, 0.282407), (0.34375, 0.308725), (0.34375, 0.319444), (0.34375, 0.282407), (0.34375, 0.319444), (0.34375, 0.328649), (0.34375, 0.282407), (0.34375, 0.328649), (0.34375, 0.335712), (0.34375, 0.282407), (0.34375, 0.335712), (0.34375, 0.340152), (0.34375, 0.282407), (0.34375, 0.340152), (0.34375, 0.341667), (0.34375, 0.282407), (0.34375, 0.341667), (0.34375, 0.340152), (0.34375, 0.282407), (0.34375, 0.340152), (0.34375, 0.335712), (0.34375, 0.282407), (0.34375, 0.335712), (0.34375, 0.328649), (0.34375, 0.282407), (0.34375, 0.328649), (0.34375, 0.319444), (0.34375, 0.282407), (0.34375, 0.319444), (0.34375, 0.308725), (0.34375, 0.282407), (0.34375, 0.308725), (0.34375, 0.297222), (0.34375, 0.297222), (0.34375, 0.282407), (0.34375, 0.282407), (0.34375, 0.282407), (0.34375, 0.297222), (0.34375, 0.297222), (0.34375, 0.308725), (0.34375, 0.282407), (0.34375, 0.297222), (0.34375, 0.282407), (0.34375, 0.308725), (0.34375, 0.282407), (0.34375, 0.282407), (0.34375, 0.308725), (0.34375, 0.319444), (0.34375, 0.282407), (0.34375, 0.319444), (0.34375, 0.328649), (0.34375, 0.282407), (0.34375, 0.328649), (0.34375, 0.335712), (0.34375, 0.282407), (0.34375, 0.335712), (0.34375, 0.340152), (0.34375, 0.282407), (0.34375, 0.340152), (0.34375, 0.341667), (0.34375, 0.282407), (0.34375, 0.341667), (0.34375, 0.340152), (0.34375, 0.282407), (0.34375, 0.340152), (0.34375, 0.335712), (0.34375, 0.282407), (0.34375, 0.335712), (0.34375, 0.328649), (0.34375, 0.282407), (0.34375, 0.328649), (0.34375, 0.319444), (0.34375, 0.282407), (0.34375, 0.319444), (0.34375, 0.308725), (0.34375, 0.282407), (0.34375, 0.308725), (0.34375, 0.297222), (0.34375, 0.282407), (0.34375, 0.297222), (0.34375, 0.282407), (0.34375, 0.297222), (0.34375, 0.282407), (0.34375, 0.308725), (0.34375, 0.308725), (0.34375, 0.282407), (0.34375, 0.319444), (0.34375, 0.319444), (0.34375, 0.282407), (0.34375, 0.328649), (0.34375, 0.328649), (0.34375, 0.282407), (0.34375, 0.335712), (0.34375, 0.335712), (0.34375, 0.282407), (0.34375, 0.340152), (0.34375, 0.340152), (0.34375, 0.282407), (0.34375, 0.341667), (0.34375, 0.341667), (0.34375, 0.282407), (0.34375, 0.340152), (0.34375, 0.340152), (0.34375, 0.282407), (0.34375, 0.335712), (0.34375, 0.335712), (0.34375, 0.282407), (0.34375, 0.328649), (0.34375, 0.328649), (0.34375, 0.282407), (0.34375, 0.319444), (0.34375, 0.319444), (0.34375, 0.282407), (0.34375, 0.308725), (0.34375, 0.308725), (0.34375, 0.282407), (0.34375, 0.297222), (0.34375, 0.297222), (0.34375, 0.282407), (0.34375, 0.282407), (0.34375, 0.282407), (0.34375, 0.297222), (0.34375, 0.297222), (0.34375, 0.308725), (0.34375, 0.297222), (0.34375, 0.297222), (0.34375, 0.297222), (0.34375, 0.308725), (0.34375, 0.308725), (0.34375, 0.297222), (0.34375, 0.282407), (0.34375, 0.282407), (0.34375, 0.282407), (0.34375, 0.297222), (0.34375, 0.297222), (0.34375, 0.341667), (0.34375, 0.340152), (0.34375, 0.341667), (0.34375, 0.340152), (0.34375, 0.341667), (0.34375, 0.340152), (0.34375, 0.340152), (0.34375, 0.335712), (0.34375, 0.340152), (0.34375, 0.335712), (0.34375, 0.340152), (0.34375, 0.335712), (0.34375, 0.319444), (0.34375, 0.328649), (0.34375, 0.319444), (0.34375, 0.328649), (0.34375, 0.319444), (0.34375, 0.328649), (0.34375, 0.308725), (0.34375, 0.297222), (0.34375, 0.297222), (0.34375, 0.297222), (0.34375, 0.308725), (0.34375, 0.308725), (0.34375, 0.328649), (0.34375, 0.319444), (0.34375, 0.319444), (0.34375, 0.319444), (0.34375, 0.328649), (0.34375, 0.328649), (0.34375, 0.319444), (0.34375, 0.308725), (0.34375, 0.308725), (0.34375, 0.308725), (0.34375, 0.319444), (0.34375, 0.319444), (0.34375, 0.328649), (0.34375, 0.335712), (0.34375, 0.328649), (0.34375, 0.335712), (0.34375, 0.328649), (0.34375, 0.335712), (0.34375, 0.340152), (0.34375, 0.341667), (0.34375, 0.340152), (0.34375, 0.341667), (0.34375, 0.340152), (0.34375, 0.341667), (0.34375, 0.335712), (0.34375, 0.328649), (0.34375, 0.335712), (0.34375, 0.328649), (0.34375, 0.335712), (0.34375, 0.328649), (0.34375, 0.319444), (0.34375, 0.308725), (0.34375, 0.308725), (0.34375, 0.308725), (0.34375, 0.319444), (0.34375, 0.319444), (0.34375, 0.335712), (0.34375, 0.340152), (0.34375, 0.335712), (0.34375, 0.340152), (0.34375, 0.335712), (0.34375, 0.340152), (0.59375, 0.621296), (0.59375, 0.621296), (0.59375, 0.606482), (0.59375, 0.606482), (0.59375, 0.621296), (0.59375, 0.621296), (0.59375, 0.621296), (0.59375, 0.606482), (0.59375, 0.606482), (0.59375, 0.606482), (0.59375, 0.621296), (0.59375, 0.621296), (0.59375, 0.621296), (0.59375, 0.621296), (0.59375, 0.621296), (0.59375, 0.621296), (0.59375, 0.621296), (0.59375, 0.621296), (0.59375, 0.606482), (0.59375, 0.606482), (0.59375, 0.606482), (0.59375, 0.606482), (0.59375, 0.606482), (0.59375, 0.606482), (0.59375, 0.606482), (0.59375, 0.621296), (0.59375, 0.606482), (0.59375, 0.621296), (0.59375, 0.606482), (0.59375, 0.621296), (0.59375, 0.621296), (0.59375, 0.606482), (0.59375, 0.606482), (0.59375, 0.621296), (0.59375, 0.606482), (0.59375, 0.606482), (0.59375, 0.606482), (0.59375, 0.606482), (0.59375, 0.606482), (0.59375, 0.606482), (0.59375, 0.606482), (0.59375, 0.606482), (0.59375, 0.621296), (0.59375, 0.621296), (0.59375, 0.621296), (0.59375, 0.621296), (0.59375, 0.621296), (0.59375, 0.621296), (0.59375, 0.621296), (0.59375, 0.621296), (0.59375, 0.621296), (0.59375, 0.621296), (0.59375, 0.621296), (0.59375, 0.621296), (0.59375, 0.621296), (0.59375, 0.621296), (0.59375, 0.621296), (0.59375, 0.591667), (0.59375, 0.606482), (0.59375, 0.606482), (0.59375, 0.606482), (0.59375, 0.591667), (0.59375, 0.591667), (0.59375, 0.591667), (0.59375, 0.591667), (0.59375, 0.591667), (0.59375, 0.591667), (0.59375, 0.591667), (0.59375, 0.591667), (0.59375, 0.576852), (0.59375, 0.591667), (0.59375, 0.591667), (0.59375, 0.591667), (0.59375, 0.576852), (0.59375, 0.576852), (0.59375, 0.621296), (0.59375, 0.606482), (0.59375, 0.606482), (0.59375, 0.606482), (0.59375, 0.621296), (0.59375, 0.621296), (0.59375, 0.606482), (0.59375, 0.621296), (0.59375, 0.606482), (0.59375, 0.621296), (0.59375, 0.606482), (0.59375, 0.621296), (0.59375, 0.621296), (0.59375, 0.606482), (0.59375, 0.621296), (0.59375, 0.606482), (0.59375, 0.621296), (0.59375, 0.597259), (0.59375, 0.597259), (0.59375, 0.621296), (0.59375, 0.603031), (0.59375, 0.603031), (0.59375, 0.621296), (0.59375, 0.621296), (0.59375, 0.588077), (0.59375, 0.606482), (0.59375, 0.597259), (0.59375, 0.576852), (0.59375, 0.606482), (0.59375, 0.588077), (0.59375, 0.576852), (0.59375, 0.606482), (0.59375, 0.606482), (0.59375, 0.576852), (0.59375, 0.606482), (0.59375, 0.576852), (0.59375, 0.576852), (0.59375, 0.621296), (0.59375, 0.606482), (0.59375, 0.599074), (0.59375, 0.621296), (0.59375, 0.576852), (0.59375, 0.603031), (0.59375, 0.621296), (0.59375, 0.605), (0.59375, 0.599074), (0.59375, 0.621296), (0.59375, 0.621296), (0.59375, 0.605), (0.59375, 0.621296), (0.59375, 0.603031), (0.59375, 0.603031), (0.59375, 0.621296), (0.59375, 0.597259), (0.59375, 0.597259), (0.59375, 0.621296), (0.59375, 0.588077), (0.59375, 0.588077), (0.59375, 0.621296), (0.59375, 0.576852), (0.59375, 0.576852), (0.59375, 0.621296), (0.59375, 0.576852), (0.59375, 0.576852), (0.59375, 0.621296), (0.59375, 0.606482), (0.59375, 0.599074), (0.59375, 0.621296), (0.59375, 0.599074), (0.59375, 0.588077), (0.59375, 0.621296), (0.59375, 0.599074), (0.59375, 0.588077), (0.59375, 0.599074), (0.59375, 0.576852), (0.59375, 0.576852), (0.59375, 0.576852), (0.59375, 0.599074), (0.59375, 0.597259), (0.59375, 0.621296), (0.59375, 0.588077), (0.59375, 0.603031), (0.59375, 0.621296), (0.59375, 0.597259), (0.59375, 0.605), (0.59375, 0.621296), (0.59375, 0.603031), (0.59375, 0.605), (0.59375, 0.621296), (0.59375, 0.621296), (0.59375, 0.603031), (0.59375, 0.621296), (0.59375, 0.605), (0.59375, 0.597259), (0.59375, 0.621296), (0.59375, 0.603031), (0.59375, 0.588077), (0.59375, 0.621296), (0.59375, 0.597259), (0.59375, 0.576852), (0.59375, 0.621296), (0.59375, 0.588077), (0.59375, 0.576852), (0.59375, 0.588077), (0.59375, 0.576852), (0.59375, 0.576852), (0.59375, 0.621296), (0.59375, 0.576852), (0.59375, 0.591667), (0.59375, 0.621296), (0.59375, 0.576852), (0.59375, 0.621296), (0.59375, 0.591667), (0.59375, 0.606482), (0.59375, 0.621296), (0.59375, 0.606482), (0.59375, 0.621296), (0.59375, 0.606482), (0.59375, 0.621296), (0.59375, 0.606482), (0.59375, 0.576852), (0.59375, 0.599074), (0.59375, 0.576852), (0.59375, 0.599074), (0.59375, 0.576852), (0.59375, 0.606482), (0.59375, 0.621296), (0.59375, 0.599074), (0.59375, 0.606482), (0.59375, 0.606482), (0.59375, 0.576852), (0.59375, 0.606482), (0.59375, 0.606482), (0.59375, 0.576852), (0.59375, 0.588077), (0.59375, 0.621296), (0.59375, 0.599074), (0.59375, 0.621296), (0.59375, 0.606482), (0.59375, 0.588077), (0.59375, 0.597259), (0.59375, 0.606482), (0.59375, 0.597259), (0.59375, 0.621296), (0.59375, 0.621296), (0.59375, 0.597259), (0.59375, 0.621296), (0.59375, 0.621296), (0.59375, 0.597259), (0.59375, 0.603031), (0.59375, 0.621296), (0.59375, 0.603031), (0.59375, 0.621296), (0.59375, 0.621296), (0.59375, 0.603031), (0.59375, 0.605), (0.59375, 0.621296), (0.59375, 0.605), (0.59375, 0.603031), (0.59375, 0.621296), (0.59375, 0.603031), (0.59375, 0.597259), (0.59375, 0.621296), (0.59375, 0.597259), (0.59375, 0.588077), (0.59375, 0.621296), (0.59375, 0.588077), (0.59375, 0.576852), (0.59375, 0.621296), (0.59375, 0.576852), (0.59375, 0.576852), (0.59375, 0.621296), (0.59375, 0.576852), (0.59375, 0.606482), (0.59375, 0.621296), (0.59375, 0.599074), (0.59375, 0.599074), (0.59375, 0.621296), (0.59375, 0.588077), (0.59375, 0.599074), (0.59375, 0.599074), (0.59375, 0.588077), (0.59375, 0.576852), (0.59375, 0.599074), (0.59375, 0.576852), (0.59375, 0.576852), (0.59375, 0.621296), (0.59375, 0.597259), (0.59375, 0.588077), (0.59375, 0.621296), (0.59375, 0.603031), (0.59375, 0.597259), (0.59375, 0.621296), (0.59375, 0.605), (0.59375, 0.603031), (0.59375, 0.621296), (0.59375, 0.605), (0.59375, 0.621296), (0.59375, 0.621296), (0.59375, 0.603031), (0.59375, 0.605), (0.59375, 0.621296), (0.59375, 0.597259), (0.59375, 0.603031), (0.59375, 0.621296), (0.59375, 0.588077), (0.59375, 0.597259), (0.59375, 0.621296), (0.59375, 0.576852), (0.59375, 0.588077), (0.59375, 0.588077), (0.59375, 0.576852), (0.59375, 0.576852), (0.59375, 0.606482), (0.59375, 0.576852), (0.59375, 0.621296), (0.59375, 0.591667), (0.59375, 0.576852), (0.59375, 0.606482), (0.59375, 0.576852), (0.59375, 0.591667), (0.59375, 0.576852), (0.59375, 0.621296), (0.59375, 0.621296), (0.59375, 0.621296), (0.59375, 0.621296), (0.59375, 0.621296), (0.59375, 0.621296), (0.59375, 0.621296), (0.59375, 0.621296), (0.59375, 0.621296), (0.59375, 0.606482), (0.59375, 0.576852), (0.59375, 0.576852), (0.59375, 0.576852), (0.59375, 0.606482), (0.59375, 0.606482), (0.59375, 0.621296), (0.59375, 0.606482), (0.59375, 0.621296), (0.59375, 0.606482), (0.59375, 0.621296), (0.59375, 0.606482), (0.59375, 0.687963), (0.59375, 0.621296), (0.59375, 0.621296), (0.59375, 0.621296), (0.59375, 0.687963), (0.59375, 0.683802), (0.59375, 0.683802), (0.59375, 0.687963), (0.59375, 0.683802), (0.59375, 0.687963), (0.59375, 0.683802), (0.59375, 0.687963), (0.59375, 0.621296), (0.59375, 0.683802), (0.59375, 0.687963), (0.59375, 0.683802), (0.59375, 0.621296), (0.59375, 0.621296), (0.59375, 0.606482), (0.59375, 0.576852), (0.59375, 0.576852), (0.59375, 0.576852), (0.59375, 0.606482), (0.59375, 0.606482), (0.59375, 0.687963), (0.59375, 0.69537), (0.59375, 0.687963), (0.59375, 0.69537), (0.59375, 0.687963), (0.59375, 0.69537), (0.59375, 0.69537), (0.59375, 0.687963), (0.59375, 0.687963), (0.59375, 0.687963), (0.59375, 0.69537), (0.59375, 0.69537), (0.59375, 0.621296), (0.59375, 0.687963), (0.59375, 0.621296), (0.59375, 0.687963), (0.59375, 0.621296), (0.59375, 0.69537), (0.59375, 0.69537), (0.59375, 0.621296), (0.59375, 0.680843), (0.59375, 0.69537), (0.59375, 0.680843), (0.59375, 0.69537), (0.59375, 0.69537), (0.59375, 0.680843), (0.59375, 0.680843), (0.59375, 0.69537), (0.59375, 0.680843), (0.59375, 0.687963), (0.59375, 0.687963), (0.59375, 0.680843), (0.59375, 0.621296), (0.59375, 0.687963), (0.59375, 0.621296), (0.59375, 0.621296), (0.59375, 0.621296), (0.59375, 0.687963), (0.59375, 0.621296), (0.59375, 0.680843), (0.59375, 0.687963), (0.59375, 0.621296), (0.59375, 0.680843), (0.59375, 0.69537), (0.59375, 0.687963), (0.59375, 0.680843), (0.59375, 0.69537), (0.59375, 0.680843), (0.59375, 0.69537), (0.59375, 0.680843), (0.59375, 0.69537), (0.59375, 0.621296), (0.59375, 0.69537), (0.59375, 0.680843), (0.59375, 0.621296), (0.59375, 0.687963), (0.59375, 0.69537), (0.59375, 0.687963), (0.59375, 0.621296), (0.59375, 0.621296), (0.59375, 0.69537), (0.59375, 0.69537), (0.59375, 0.69537), (0.59375, 0.69537), (0.59375, 0.69537), (0.59375, 0.69537), (0.59375, 0.69537), (0.59375, 0.69537), (0.59375, 0.69537), (0.59375, 0.69537), (0.59375, 0.69537), (0.59375, 0.69537), (0.59375, 0.69537), (0.59375, 0.69537), (0.59375, 0.69537), (0.59375, 0.69537), (0.59375, 0.69537), (0.59375, 0.69537), (0.59375, 0.69537), (0.59375, 0.69537), (0.59375, 0.69537), (0.59375, 0.69537), (0.59375, 0.69537), (0.59375, 0.69537), (0.59375, 0.635051), (0.59375, 0.687963), (0.59375, 0.681615), (0.59375, 0.681615), (0.59375, 0.687963), (0.59375, 0.681615), (0.59375, 0.635051), (0.59375, 0.621296), (0.59375, 0.687963), (0.59375, 0.687963), (0.59375, 0.681615), (0.59375, 0.687963), (0.59375, 0.621296), (0.59375, 0.635051), (0.59375, 0.621296), (0.59375, 0.687963), (0.59375, 0.635051), (0.59375, 0.681615), (0.59375, 0.621296), (0.59375, 0.635051), (0.59375, 0.687963), (0.59375, 0.635051), (0.59375, 0.621296), (0.59375, 0.635051), (0.84375, 0.371296), (0.84375, 0.356482), (0.84375, 0.356482), (0.84375, 0.356482), (0.84375, 0.371296), (0.84375, 0.371296), (0.84375, 0.371296), (0.84375, 0.356482), (0.84375, 0.356482), (0.84375, 0.356482), (0.84375, 0.371296), (0.84375, 0.371296), (0.84375, 0.475), (0.84375, 0.44537), (0.84375, 0.44537), (0.84375, 0.44537), (0.84375, 0.475), (0.84375, 0.475), (0.84375, 0.475), (0.84375, 0.44537), (0.84375, 0.475), (0.84375, 0.44537), (0.84375, 0.475), (0.84375, 0.44537), (0.84375, 0.475), (0.84375, 0.44537), (0.84375, 0.44537), (0.84375, 0.44537), (0.84375, 0.475), (0.84375, 0.475), (0.84375, 0.475), (0.84375, 0.475), (0.84375, 0.475), (0.84375, 0.475), (0.84375, 0.475), (0.84375, 0.475), (0.84375, 0.44537), (0.84375, 0.475), (0.84375, 0.44537), (0.84375, 0.475), (0.84375, 0.44537), (0.84375, 0.475), (0.84375, 0.275), (0.84375, 0.475), (0.84375, 0.275), (0.84375, 0.475), (0.84375, 0.275), (0.84375, 0.475), (0.84375, 0.475), (0.84375, 0.275), (0.84375, 0.475), (0.84375, 0.275), (0.84375, 0.475), (0.84375, 0.275), (0.84375, 0.332143), (0.84375, 0.275), (0.84375, 0.275), (0.84375, 0.275), (0.84375, 0.332143), (0.84375, 0.332143), (0.84375, 0.332143), (0.84375, 0.332143), (0.84375, 0.417857), (0.84375, 0.332143), (0.84375, 0.417857), (0.84375, 0.417857), (0.84375, 0.417857), (0.84375, 0.417857), (0.84375, 0.475), (0.84375, 0.417857), (0.84375, 0.475), (0.84375, 0.475), (0.84375, 0.332143), (0.84375, 0.275), (0.84375, 0.275), (0.84375, 0.275), (0.84375, 0.332143), (0.84375, 0.332143), (0.84375, 0.332143), (0.84375, 0.332143), (0.84375, 0.417857), (0.84375, 0.332143), (0.84375, 0.417857), (0.84375, 0.417857), (0.84375, 0.417857), (0.84375, 0.417857), (0.84375, 0.475), (0.84375, 0.417857), (0.84375, 0.475), (0.84375, 0.475), (0.21875, 0.225), (0.21875, 0.025), (0.21875, 0.025), (0.21875, 0.025), (0.21875, 0.225), (0.21875, 0.225), (0.21875, 0.225), (0.21875, 0.025), (0.21875, 0.025), (0.21875, 0.025), (0.21875, 0.225), (0.21875, 0.225), (0.71875, 0.475), (0.71875, 0.341667), (0.71875, 0.341667), (0.71875, 0.341667), (0.71875, 0.475), (0.71875, 0.475), (0.71875, 0.341667), (0.71875, 0.275), (0.71875, 0.275), (0.71875, 0.275), (0.71875, 0.341667), (0.71875, 0.341667), (0.34375, 0.225), (0.34375, 0.025), (0.34375, 0.025), (0.34375, 0.025), (0.34375, 0.225), (0.34375, 0.225), (0.34375, 0.225), (0.34375, 0.025), (0.34375, 0.025), (0.34375, 0.025), (0.34375, 0.225), (0.34375, 0.225), (0.09375, 0.025), (0.09375, 0.215533), (0.09375, 0.025), (0.09375, 0.215533), (0.09375, 0.025), (0.09375, 0.215533), (0.09375, 0.215533), (0.09375, 0.025), (0.09375, 0.025), (0.09375, 0.225), (0.09375, 0.025), (0.09375, 0.025), (0.09375, 0.025), (0.09375, 0.225), (0.09375, 0.025), (0.09375, 0.025), (0.09375, 0.225), (0.09375, 0.025), (0.09375, 0.025), (0.09375, 0.225), (0.09375, 0.225), (0.09375, 0.218003), (0.09375, 0.0690127), (0.09375, 0.0690127), (0.09375, 0.0690127), (0.09375, 0.218003), (0.09375, 0.218003), (0.09375, 0.215533), (0.09375, 0.025), (0.09375, 0.215533), (0.09375, 0.025), (0.09375, 0.215533), (0.09375, 0.025), (0.09375, 0.025), (0.09375, 0.215533), (0.09375, 0.025), (0.34375, 0.448205), (0.34375, 0.468185), (0.34375, 0.468185), (0.34375, 0.468185), (0.34375, 0.448205), (0.34375, 0.448205), (0.34375, 0.275), (0.34375, 0.275), (0.34375, 0.275), (0.34375, 0.275), (0.34375, 0.275), (0.34375, 0.275), (0.34375, 0.445), (0.34375, 0.468185), (0.34375, 0.475), (0.34375, 0.468185), (0.34375, 0.445), (0.34375, 0.439207), (0.34375, 0.275), (0.34375, 0.275), (0.34375, 0.275), (0.34375, 0.275), (0.34375, 0.275), (0.34375, 0.275), (0.34375, 0.275), (0.34375, 0.275), (0.34375, 0.275), (0.34375, 0.275), (0.34375, 0.275), (0.34375, 0.275), (0.34375, 0.275), (0.34375, 0.275), (0.34375, 0.275), (0.34375, 0.275), (0.34375, 0.275), (0.34375, 0.275), (0.34375, 0.416421), (0.34375, 0.448205), (0.34375, 0.416421), (0.34375, 0.448205), (0.34375, 0.416421), (0.34375, 0.448205), (0.34375, 0.275), (0.34375, 0.275), (0.34375, 0.275), (0.34375, 0.275), (0.34375, 0.275), (0.34375, 0.275), (0.34375, 0.326764), (0.34375, 0.36), (0.34375, 0.318999), (0.34375, 0.36), (0.34375, 0.326764), (0.34375, 0.375), (0.34375, 0.448205), (0.34375, 0.439207), (0.34375, 0.468185), (0.34375, 0.439207), (0.34375, 0.448205), (0.34375, 0.422224), (0.34375, 0.468185), (0.34375, 0.475), (0.34375, 0.468185), (0.34375, 0.475), (0.34375, 0.468185), (0.34375, 0.475), (0.34375, 0.275), (0.34375, 0.275), (0.34375, 0.275), (0.34375, 0.275), (0.34375, 0.275), (0.34375, 0.275), (0.34375, 0.275), (0.34375, 0.275), (0.34375, 0.275), (0.34375, 0.275), (0.34375, 0.275), (0.34375, 0.275), (0.34375, 0.448205), (0.34375, 0.395208), (0.34375, 0.416421), (0.34375, 0.395208), (0.34375, 0.448205), (0.34375, 0.422224), (0.34375, 0.275), (0.34375, 0.275), (0.34375, 0.275), (0.34375, 0.275), (0.34375, 0.275), (0.34375, 0.275), (0.34375, 0.275), (0.34375, 0.275), (0.34375, 0.275), (0.34375, 0.275), (0.34375, 0.275), (0.34375, 0.275), (0.34375, 0.468185), (0.34375, 0.445), (0.34375, 0.475), (0.34375, 0.445), (0.34375, 0.468185), (0.34375, 0.439207), (0.34375, 0.275), (0.34375, 0.275), (0.34375, 0.275), (0.34375, 0.275), (0.34375, 0.275), (0.34375, 0.275), (0.34375, 0.275), (0.34375, 0.275), (0.34375, 0.275), (0.34375, 0.275), (0.34375, 0.275), (0.34375, 0.275), (0.34375, 0.448205), (0.34375, 0.416421), (0.34375, 0.416421), (0.34375, 0.416421), (0.34375, 0.448205), (0.34375, 0.448205), (0.34375, 0.475), (0.34375, 0.468185), (0.34375, 0.468185), (0.34375, 0.468185), (0.34375, 0.475), (0.34375, 0.475), (0.34375, 0.326764), (0.34375, 0.275), (0.34375, 0.275), (0.34375, 0.275), (0.34375, 0.326764), (0.34375, 0.318999), (0.34375, 0.275), (0.34375, 0.275), (0.34375, 0.275), (0.34375, 0.275), (0.34375, 0.275), (0.34375, 0.275), (0.34375, 0.275), (0.34375, 0.275), (0.34375, 0.275), (0.34375, 0.275), (0.34375, 0.275), (0.34375, 0.275), (0.34375, 0.275), (0.34375, 0.275), (0.34375, 0.275), (0.34375, 0.275), (0.34375, 0.275), (0.34375, 0.275), (0.34375, 0.318999), (0.34375, 0.275), (0.34375, 0.275), (0.34375, 0.275), (0.34375, 0.318999), (0.34375, 0.326764), (0.34375, 0.275), (0.34375, 0.275), (0.34375, 0.275), (0.34375, 0.275), (0.34375, 0.275), (0.34375, 0.275), (0.34375, 0.326764), (0.34375, 0.275), (0.34375, 0.275), (0.34375, 0.275), (0.34375, 0.326764), (0.34375, 0.326764), (0.34375, 0.275), (0.34375, 0.275), (0.34375, 0.275), (0.34375, 0.275), (0.34375, 0.275), (0.34375, 0.275), (0.34375, 0.416421), (0.34375, 0.375), (0.34375, 0.375), (0.34375, 0.375), (0.34375, 0.416421), (0.34375, 0.416421), (0.34375, 0.468185), (0.34375, 0.448205), (0.34375, 0.468185), (0.34375, 0.448205), (0.34375, 0.468185), (0.34375, 0.448205), (0.34375, 0.416421), (0.34375, 0.375), (0.34375, 0.375), (0.34375, 0.375), (0.34375, 0.416421), (0.34375, 0.416421), (0.34375, 0.326764), (0.34375, 0.36), (0.34375, 0.318999), (0.34375, 0.36), (0.34375, 0.326764), (0.34375, 0.375), (0.34375, 0.275), (0.34375, 0.275), (0.34375, 0.275), (0.34375, 0.275), (0.34375, 0.275), (0.34375, 0.275), (0.34375, 0.395208), (0.34375, 0.375), (0.34375, 0.36), (0.34375, 0.375), (0.34375, 0.395208), (0.34375, 0.416421), (0.34375, 0.275), (0.34375, 0.275), (0.34375, 0.275), (0.34375, 0.275), (0.34375, 0.275), (0.34375, 0.275), (0.34375, 0.439207), (0.34375, 0.448205), (0.34375, 0.468185), (0.34375, 0.448205), (0.34375, 0.439207), (0.34375, 0.422224), (0.34375, 0.326764), (0.34375, 0.275), (0.34375, 0.275), (0.34375, 0.275), (0.34375, 0.326764), (0.34375, 0.326764), (0.34375, 0.36), (0.34375, 0.326764), (0.34375, 0.318999), (0.34375, 0.326764), (0.34375, 0.36), (0.34375, 0.375), (0.34375, 0.375), (0.34375, 0.395208), (0.34375, 0.36), (0.34375, 0.395208), (0.34375, 0.375), (0.34375, 0.416421), (0.34375, 0.445), (0.34375, 0.468185), (0.34375, 0.439207), (0.34375, 0.468185), (0.34375, 0.445), (0.34375, 0.475), (0.34375, 0.275), (0.34375, 0.275), (0.34375, 0.275), (0.34375, 0.275), (0.34375, 0.275), (0.34375, 0.275), (0.34375, 0.375), (0.34375, 0.326764), (0.34375, 0.326764), (0.34375, 0.326764), (0.34375, 0.375), (0.34375, 0.375), (0.34375, 0.375), (0.34375, 0.395208), (0.34375, 0.36), (0.34375, 0.395208), (0.34375, 0.375), (0.34375, 0.416421), (0.34375, 0.275), (0.34375, 0.275), (0.34375, 0.275), (0.34375, 0.275), (0.34375, 0.275), (0.34375, 0.275), (0.34375, 0.275), (0.34375, 0.275), (0.34375, 0.275), (0.34375, 0.275), (0.34375, 0.275), (0.34375, 0.275), (0.34375, 0.395208), (0.34375, 0.448205), (0.34375, 0.422224), (0.34375, 0.448205), (0.34375, 0.395208), (0.34375, 0.416421), (0.34375, 0.422224), (0.34375, 0.416421), (0.34375, 0.395208), (0.34375, 0.416421), (0.34375, 0.422224), (0.34375, 0.448205), (0.34375, 0.275), (0.34375, 0.275), (0.34375, 0.275), (0.34375, 0.275), (0.34375, 0.275), (0.34375, 0.275), (0.34375, 0.275), (0.34375, 0.275), (0.34375, 0.275), (0.34375, 0.275), (0.34375, 0.275), (0.34375, 0.275), (0.34375, 0.275), (0.34375, 0.275), (0.34375, 0.275), (0.34375, 0.275), (0.34375, 0.275), (0.34375, 0.275), (0.34375, 0.275), (0.34375, 0.318999), (0.34375, 0.275), (0.34375, 0.318999), (0.34375, 0.275), (0.34375, 0.275), (0.34375, 0.318999), (0.34375, 0.275), (0.34375, 0.36), (0.34375, 0.36), (0.34375, 0.275), (0.34375, 0.275), (0.34375, 0.36), (0.34375, 0.275), (0.34375, 0.395208), (0.34375, 0.395208), (0.34375, 0.275), (0.34375, 0.275), (0.34375, 0.275), (0.34375, 0.275), (0.34375, 0.275), (0.34375, 0.303449), (0.34375, 0.395208), (0.34375, 0.275), (0.34375, 0.275), (0.34375, 0.275), (0.34375, 0.275), (0.34375, 0.275), (0.34375, 0.275), (0.34375, 0.275), (0.34375, 0.275), (0.34375, 0.275), (0.34375, 0.275), (0.34375, 0.395208), (0.34375, 0.303449), (0.34375, 0.422224), (0.34375, 0.422224), (0.34375, 0.303449), (0.34375, 0.32996), (0.34375, 0.422224), (0.34375, 0.32996), (0.34375, 0.352725), (0.34375, 0.275), (0.34375, 0.275), (0.34375, 0.275), (0.34375, 0.275), (0.34375, 0.275), (0.34375, 0.275), (0.34375, 0.275), (0.34375, 0.275), (0.34375, 0.275), (0.34375, 0.275), (0.34375, 0.275), (0.34375, 0.275), (0.34375, 0.275), (0.34375, 0.275), (0.34375, 0.275), (0.34375, 0.422224), (0.34375, 0.352725), (0.34375, 0.439207), (0.34375, 0.439207), (0.34375, 0.352725), (0.34375, 0.370194), (0.34375, 0.439207), (0.34375, 0.370194), (0.34375, 0.381175), (0.34375, 0.275), (0.34375, 0.275), (0.34375, 0.275), (0.34375, 0.275), (0.34375, 0.275), (0.34375, 0.275), (0.34375, 0.275), (0.34375, 0.275), (0.34375, 0.275), (0.34375, 0.439207), (0.34375, 0.381175), (0.34375, 0.445), (0.34375, 0.445), (0.34375, 0.381175), (0.34375, 0.38492), (0.34375, 0.445), (0.34375, 0.38492), (0.34375, 0.381175), (0.34375, 0.445), (0.34375, 0.381175), (0.34375, 0.439207), (0.34375, 0.439207), (0.34375, 0.381175), (0.34375, 0.370194), (0.34375, 0.275), (0.34375, 0.275), (0.34375, 0.275), (0.34375, 0.275), (0.34375, 0.275), (0.34375, 0.275), (0.34375, 0.275), (0.34375, 0.275), (0.34375, 0.275), (0.34375, 0.439207), (0.34375, 0.370194), (0.34375, 0.422224), (0.34375, 0.422224), (0.34375, 0.370194), (0.34375, 0.352725), (0.34375, 0.422224), (0.34375, 0.352725), (0.34375, 0.32996), (0.34375, 0.275), (0.34375, 0.275), (0.34375, 0.275), (0.34375, 0.422224), (0.34375, 0.32996), (0.34375, 0.395208), (0.34375, 0.275), (0.34375, 0.275), (0.34375, 0.275), (0.34375, 0.395208), (0.34375, 0.32996), (0.34375, 0.303449), (0.34375, 0.275), (0.34375, 0.275), (0.34375, 0.275), (0.34375, 0.395208), (0.34375, 0.303449), (0.34375, 0.275), (0.34375, 0.395208), (0.34375, 0.275), (0.34375, 0.275), (0.34375, 0.395208), (0.34375, 0.275), (0.34375, 0.275), (0.34375, 0.395208), (0.34375, 0.275), (0.34375, 0.36), (0.34375, 0.36), (0.34375, 0.275), (0.34375, 0.275), (0.34375, 0.36), (0.34375, 0.275), (0.34375, 0.318999), (0.34375, 0.318999), (0.34375, 0.275), (0.34375, 0.275), (0.34375, 0.275), (0.34375, 0.275), (0.34375, 0.275), (0.34375, 0.275), (0.34375, 0.275), (0.34375, 0.275), (0.34375, 0.275), (0.34375, 0.275), (0.34375, 0.275), (0.34375, 0.275), (0.34375, 0.275), (0.34375, 0.275), (0.34375, 0.36), (0.34375, 0.326764), (0.34375, 0.318999), (0.34375, 0.326764), (0.34375, 0.36), (0.34375, 0.375), (0.34375, 0.275), (0.34375, 0.275), (0.34375, 0.275), (0.34375, 0.275), (0.34375, 0.275), (0.34375, 0.275), (0.34375, 0.275), (0.34375, 0.275), (0.34375, 0.275), (0.34375, 0.275), (0.34375, 0.275), (0.34375, 0.275), (0.34375, 0.422224), (0.34375, 0.468185), (0.34375, 0.439207), (0.34375, 0.468185), (0.34375, 0.422224), (0.34375, 0.448205), (0.34375, 0.395208), (0.34375, 0.375), (0.34375, 0.36), (0.34375, 0.375), (0.34375, 0.395208), (0.34375, 0.416421), (0.34375, 0.395208), (0.34375, 0.448205), (0.34375, 0.416421), (0.34375, 0.448205), (0.34375, 0.395208), (0.34375, 0.422224), (0.34375, 0.275), (0.34375, 0.275), (0.34375, 0.275), (0.34375, 0.275), (0.34375, 0.275), (0.34375, 0.275), (0.34375, 0.326764), (0.34375, 0.275), (0.34375, 0.275), (0.34375, 0.275), (0.34375, 0.326764), (0.34375, 0.318999), (0.34375, 0.275), (0.34375, 0.275), (0.34375, 0.275), (0.34375, 0.275), (0.34375, 0.275), (0.34375, 0.275), (0.34375, 0.275), (0.34375, 0.275), (0.34375, 0.275), (0.34375, 0.275), (0.34375, 0.275), (0.34375, 0.275), (0.34375, 0.275), (0.34375, 0.275), (0.34375, 0.275), (0.34375, 0.275), (0.34375, 0.275), (0.34375, 0.275), (0.34375, 0.439207), (0.34375, 0.448205), (0.34375, 0.422224), (0.34375, 0.448205), (0.34375, 0.439207), (0.34375, 0.468185), (0.34375, 0.275), (0.34375, 0.275), (0.34375, 0.275), (0.34375, 0.275), (0.34375, 0.275), (0.34375, 0.275), (0.34375, 0.375), (0.34375, 0.326764), (0.34375, 0.326764), (0.34375, 0.326764), (0.34375, 0.375), (0.34375, 0.375), (0.34375, 0.318999), (0.34375, 0.275), (0.34375, 0.275), (0.34375, 0.275), (0.34375, 0.318999), (0.34375, 0.36), (0.34375, 0.275), (0.34375, 0.36), (0.34375, 0.275), (0.34375, 0.275), (0.34375, 0.36), (0.34375, 0.395208), (0.34375, 0.275), (0.34375, 0.395208), (0.34375, 0.275), (0.34375, 0.275), (0.34375, 0.395208), (0.34375, 0.422224), (0.34375, 0.275), (0.34375, 0.422224), (0.34375, 0.275), (0.34375, 0.275), (0.34375, 0.422224), (0.34375, 0.439207), (0.34375, 0.275), (0.34375, 0.439207), (0.34375, 0.275), (0.34375, 0.275), (0.34375, 0.439207), (0.34375, 0.445), (0.34375, 0.275), (0.34375, 0.445), (0.34375, 0.275), (0.34375, 0.275), (0.34375, 0.445), (0.34375, 0.439207), (0.34375, 0.275), (0.34375, 0.439207), (0.34375, 0.275), (0.34375, 0.275), (0.34375, 0.439207), (0.34375, 0.422224), (0.34375, 0.275), (0.34375, 0.422224), (0.34375, 0.275), (0.34375, 0.275), (0.34375, 0.422224), (0.34375, 0.395208), (0.34375, 0.275), (0.34375, 0.395208), (0.34375, 0.275), (0.34375, 0.275), (0.34375, 0.395208), (0.34375, 0.36), (0.34375, 0.275), (0.34375, 0.36), (0.34375, 0.275), (0.34375, 0.275), (0.34375, 0.36), (0.34375, 0.318999), (0.34375, 0.275), (0.34375, 0.318999), (0.34375, 0.275), (0.34375, 0.275), (0.34375, 0.318999), (0.34375, 0.275), (0.34375, 0.318999), (0.34375, 0.275), (0.34375, 0.275), (0.34375, 0.275), (0.34375, 0.318999), (0.34375, 0.326764), (0.34375, 0.275), (0.34375, 0.275), (0.34375, 0.275), (0.34375, 0.275), (0.34375, 0.275), (0.34375, 0.275), (0.34375, 0.275), (0.34375, 0.275), (0.34375, 0.275), (0.34375, 0.275), (0.34375, 0.275), (0.34375, 0.275), (0.34375, 0.439207), (0.34375, 0.475), (0.34375, 0.445), (0.34375, 0.475), (0.34375, 0.439207), (0.34375, 0.468185), (0.34375, 0.275), (0.34375, 0.275), (0.34375, 0.275), (0.34375, 0.275), (0.34375, 0.275), (0.34375, 0.275), (0.46875, 0.275), (0.46875, 0.275), (0.46875, 0.275), (0.46875, 0.275), (0.46875, 0.275), (0.46875, 0.275), (0.46875, 0.289174), (0.46875, 0.275), (0.46875, 0.275), (0.46875, 0.275), (0.46875, 0.289174), (0.46875, 0.293898), (0.46875, 0.275), (0.46875, 0.275), (0.46875, 0.275), (0.46875, 0.275), (0.46875, 0.275), (0.46875, 0.275), (0.46875, 0.293898), (0.46875, 0.302381), (0.46875, 0.289174), (0.46875, 0.302381), (0.46875, 0.293898), (0.46875, 0.311509), (0.46875, 0.275), (0.46875, 0.275), (0.46875, 0.275), (0.46875, 0.275), (0.46875, 0.275), (0.46875, 0.275), (0.46875, 0.338234), (0.46875, 0.313723), (0.46875, 0.322426), (0.46875, 0.313723), (0.46875, 0.338234), (0.46875, 0.326631), (0.46875, 0.275), (0.46875, 0.275), (0.46875, 0.275), (0.46875, 0.275), (0.46875, 0.275), (0.46875, 0.275), (0.46875, 0.275), (0.46875, 0.275), (0.46875, 0.275), (0.46875, 0.275), (0.46875, 0.275), (0.46875, 0.275), (0.46875, 0.275), (0.46875, 0.275), (0.46875, 0.275), (0.46875, 0.275), (0.46875, 0.275), (0.46875, 0.275), (0.46875, 0.311509), (0.46875, 0.313723), (0.46875, 0.302381), (0.46875, 0.313723), (0.46875, 0.311509), (0.46875, 0.326631), (0.46875, 0.313723), (0.46875, 0.311509), (0.46875, 0.302381), (0.46875, 0.311509), (0.46875, 0.313723), (0.46875, 0.326631), (0.46875, 0.345529), (0.46875, 0.329763), (0.46875, 0.327897), (0.46875, 0.329763), (0.46875, 0.345529), (0.46875, 0.348017), (0.46875, 0.275), (0.46875, 0.275), (0.46875, 0.275), (0.46875, 0.275), (0.46875, 0.275), (0.46875, 0.275), (0.46875, 0.326631), (0.46875, 0.322426), (0.46875, 0.313723), (0.46875, 0.322426), (0.46875, 0.326631), (0.46875, 0.338234), (0.46875, 0.275), (0.46875, 0.275), (0.46875, 0.275), (0.46875, 0.275), (0.46875, 0.275), (0.46875, 0.275), (0.46875, 0.275), (0.46875, 0.275), (0.46875, 0.275), (0.46875, 0.275), (0.46875, 0.275), (0.46875, 0.275), (0.46875, 0.338234), (0.46875, 0.327897), (0.46875, 0.322426), (0.46875, 0.327897), (0.46875, 0.338234), (0.46875, 0.345529), (0.46875, 0.275), (0.46875, 0.289174), (0.46875, 0.275), (0.46875, 0.289174), (0.46875, 0.275), (0.46875, 0.275), (0.46875, 0.289174), (0.46875, 0.275), (0.46875, 0.302381), (0.46875, 0.302381), (0.46875, 0.275), (0.46875, 0.275), (0.46875, 0.302381), (0.46875, 0.275), (0.46875, 0.313723), (0.46875, 0.313723), (0.46875, 0.275), (0.46875, 0.275), (0.46875, 0.313723), (0.46875, 0.275), (0.46875, 0.322426), (0.46875, 0.322426), (0.46875, 0.275), (0.46875, 0.275), (0.46875, 0.322426), (0.46875, 0.275), (0.46875, 0.327897), (0.46875, 0.327897), (0.46875, 0.275), (0.46875, 0.275), (0.46875, 0.327897), (0.46875, 0.275), (0.46875, 0.329763), (0.46875, 0.329763), (0.46875, 0.275), (0.46875, 0.275), (0.46875, 0.329763), (0.46875, 0.275), (0.46875, 0.327897), (0.46875, 0.327897), (0.46875, 0.275), (0.46875, 0.275), (0.46875, 0.327897), (0.46875, 0.275), (0.46875, 0.322426), (0.46875, 0.322426), (0.46875, 0.275), (0.46875, 0.275), (0.46875, 0.322426), (0.46875, 0.275), (0.46875, 0.313723), (0.46875, 0.313723), (0.46875, 0.275), (0.46875, 0.275), (0.46875, 0.313723), (0.46875, 0.275), (0.46875, 0.302381), (0.46875, 0.302381), (0.46875, 0.275), (0.46875, 0.275), (0.46875, 0.302381), (0.46875, 0.275), (0.46875, 0.289174), (0.46875, 0.289174), (0.46875, 0.275), (0.46875, 0.275), (0.46875, 0.275), (0.46875, 0.289174), (0.46875, 0.275), (0.46875, 0.289174), (0.46875, 0.275), (0.46875, 0.293898), (0.46875, 0.345529), (0.46875, 0.322426), (0.46875, 0.327897), (0.46875, 0.322426), (0.46875, 0.345529), (0.46875, 0.338234), (0.46875, 0.275), (0.46875, 0.275), (0.46875, 0.275), (0.46875, 0.275), (0.46875, 0.275), (0.46875, 0.275), (0.46875, 0.275), (0.46875, 0.275), (0.46875, 0.275), (0.46875, 0.275), (0.46875, 0.275), (0.46875, 0.275), (0.46875, 0.348017), (0.46875, 0.327897), (0.46875, 0.329763), (0.46875, 0.327897), (0.46875, 0.348017), (0.46875, 0.345529), (0.46875, 0.275), (0.46875, 0.275), (0.46875, 0.275), (0.46875, 0.275), (0.46875, 0.275), (0.46875, 0.275), (0.46875, 0.302381), (0.46875, 0.293898), (0.46875, 0.289174), (0.46875, 0.293898), (0.46875, 0.302381), (0.46875, 0.311509), (0.46875, 0.400882), (0.46875, 0.349118), (0.46875, 0.375), (0.46875, 0.349118), (0.46875, 0.400882), (0.46875, 0.425), (0.46875, 0.349118), (0.46875, 0.425), (0.46875, 0.325), (0.46875, 0.325), (0.46875, 0.425), (0.46875, 0.304289), (0.46875, 0.304289), (0.46875, 0.425), (0.46875, 0.445711), (0.46875, 0.304289), (0.46875, 0.445711), (0.46875, 0.375), (0.46875, 0.445711), (0.46875, 0.392193), (0.46875, 0.375), (0.46875, 0.304289), (0.46875, 0.375), (0.46875, 0.357807), (0.46875, 0.392193), (0.46875, 0.445711), (0.46875, 0.461603), (0.46875, 0.392193), (0.46875, 0.461603), (0.46875, 0.408214), (0.46875, 0.408214), (0.46875, 0.461603), (0.46875, 0.421971), (0.46875, 0.304289), (0.46875, 0.357807), (0.46875, 0.288397), (0.46875, 0.288397), (0.46875, 0.357807), (0.46875, 0.341786), (0.46875, 0.288397), (0.46875, 0.341786), (0.46875, 0.328029), (0.46875, 0.421971), (0.46875, 0.461603), (0.46875, 0.471593), (0.46875, 0.421971), (0.46875, 0.471593), (0.46875, 0.432528), (0.46875, 0.432528), (0.46875, 0.471593), (0.46875, 0.439164), (0.46875, 0.439164), (0.46875, 0.471593), (0.46875, 0.475), (0.46875, 0.439164), (0.46875, 0.475), (0.46875, 0.441427), (0.46875, 0.288397), (0.46875, 0.328029), (0.46875, 0.278407), (0.46875, 0.278407), (0.46875, 0.328029), (0.46875, 0.317472), (0.46875, 0.278407), (0.46875, 0.317472), (0.46875, 0.310836), (0.46875, 0.441427), (0.46875, 0.475), (0.46875, 0.471593), (0.46875, 0.441427), (0.46875, 0.471593), (0.46875, 0.439164), (0.46875, 0.439164), (0.46875, 0.471593), (0.46875, 0.432528), (0.46875, 0.278407), (0.46875, 0.310836), (0.46875, 0.275), (0.46875, 0.275), (0.46875, 0.310836), (0.46875, 0.308573), (0.46875, 0.275), (0.46875, 0.308573), (0.46875, 0.310836), (0.46875, 0.275), (0.46875, 0.310836), (0.46875, 0.278407), (0.46875, 0.278407), (0.46875, 0.310836), (0.46875, 0.317472), (0.46875, 0.432528), (0.46875, 0.471593), (0.46875, 0.461603), (0.46875, 0.432528), (0.46875, 0.461603), (0.46875, 0.421971), (0.46875, 0.421971), (0.46875, 0.461603), (0.46875, 0.408214), (0.46875, 0.278407), (0.46875, 0.317472), (0.46875, 0.288397), (0.46875, 0.288397), (0.46875, 0.317472), (0.46875, 0.328029), (0.46875, 0.288397), (0.46875, 0.328029), (0.46875, 0.341786), (0.46875, 0.408214), (0.46875, 0.461603), (0.46875, 0.445711), (0.46875, 0.288397), (0.46875, 0.341786), (0.46875, 0.304289), (0.46875, 0.408214), (0.46875, 0.445711), (0.46875, 0.392193), (0.46875, 0.304289), (0.46875, 0.341786), (0.46875, 0.357807), (0.46875, 0.392193), (0.46875, 0.445711), (0.46875, 0.375), (0.46875, 0.304289), (0.46875, 0.357807), (0.46875, 0.375), (0.46875, 0.304289), (0.46875, 0.375), (0.46875, 0.445711), (0.46875, 0.304289), (0.46875, 0.445711), (0.46875, 0.425), (0.46875, 0.304289), (0.46875, 0.425), (0.46875, 0.325), (0.46875, 0.325), (0.46875, 0.425), (0.46875, 0.400882), (0.46875, 0.325), (0.46875, 0.400882), (0.46875, 0.349118), (0.46875, 0.349118), (0.46875, 0.400882), (0.46875, 0.375), (0.34375, 0.448205), (0.34375, 0.468185), (0.34375, 0.468185), (0.34375, 0.468185), (0.34375, 0.448205), (0.34375, 0.448205), (0.34375, 0.275), (0.34375, 0.275), (0.34375, 0.275), (0.34375, 0.275), (0.34375, 0.275), (0.34375, 0.275), (0.34375, 0.445), (0.34375, 0.468185), (0.34375, 0.475), (0.34375, 0.468185), (0.34375, 0.445), (0.34375, 0.439207), (0.34375, 0.275), (0.34375, 0.275), (0.34375, 0.275), (0.34375, 0.275), (0.34375, 0.275), (0.34375, 0.275), (0.34375, 0.275), (0.34375, 0.275), (0.34375, 0.275), (0.34375, 0.275), (0.34375, 0.275), (0.34375, 0.275), (0.34375, 0.275), (0.34375, 0.275), (0.34375, 0.275), (0.34375, 0.275), (0.34375, 0.275), (0.34375, 0.275), (0.34375, 0.416421), (0.34375, 0.448205), (0.34375, 0.416421), (0.34375, 0.448205), (0.34375, 0.416421), (0.34375, 0.448205), (0.34375, 0.275), (0.34375, 0.275), (0.34375, 0.275), (0.34375, 0.275), (0.34375, 0.275), (0.34375, 0.275), (0.34375, 0.326764), (0.34375, 0.36), (0.34375, 0.318999), (0.34375, 0.36), (0.34375, 0.326764), (0.34375, 0.375), (0.34375, 0.448205), (0.34375, 0.439207), (0.34375, 0.468185), (0.34375, 0.439207), (0.34375, 0.448205), (0.34375, 0.422224), (0.34375, 0.468185), (0.34375, 0.475), (0.34375, 0.468185), (0.34375, 0.475), (0.34375, 0.468185), (0.34375, 0.475), (0.34375, 0.275), (0.34375, 0.275), (0.34375, 0.275), (0.34375, 0.275), (0.34375, 0.275), (0.34375, 0.275), (0.34375, 0.275), (0.34375, 0.275), (0.34375, 0.275), (0.34375, 0.275), (0.34375, 0.275), (0.34375, 0.275), (0.34375, 0.448205), (0.34375, 0.395208), (0.34375, 0.416421), (0.34375, 0.395208), (0.34375, 0.448205), (0.34375, 0.422224), (0.34375, 0.275), (0.34375, 0.275), (0.34375, 0.275), (0.34375, 0.275), (0.34375, 0.275), (0.34375, 0.275), (0.34375, 0.275), (0.34375, 0.275), (0.34375, 0.275), (0.34375, 0.275), (0.34375, 0.275), (0.34375, 0.275), (0.34375, 0.468185), (0.34375, 0.445), (0.34375, 0.475), (0.34375, 0.445), (0.34375, 0.468185), (0.34375, 0.439207), (0.34375, 0.275), (0.34375, 0.275), (0.34375, 0.275), (0.34375, 0.275), (0.34375, 0.275), (0.34375, 0.275), (0.34375, 0.275), (0.34375, 0.275), (0.34375, 0.275), (0.34375, 0.275), (0.34375, 0.275), (0.34375, 0.275), (0.34375, 0.448205), (0.34375, 0.416421), (0.34375, 0.416421), (0.34375, 0.416421), (0.34375, 0.448205), (0.34375, 0.448205), (0.34375, 0.475), (0.34375, 0.468185), (0.34375, 0.468185), (0.34375, 0.468185), (0.34375, 0.475), (0.34375, 0.475), (0.34375, 0.326764), (0.34375, 0.275), (0.34375, 0.275), (0.34375, 0.275), (0.34375, 0.326764), (0.34375, 0.318999), (0.34375, 0.275), (0.34375, 0.275), (0.34375, 0.275), (0.34375, 0.275), (0.34375, 0.275), (0.34375, 0.275), (0.34375, 0.275), (0.34375, 0.275), (0.34375, 0.275), (0.34375, 0.275), (0.34375, 0.275), (0.34375, 0.275), (0.34375, 0.275), (0.34375, 0.275), (0.34375, 0.275), (0.34375, 0.275), (0.34375, 0.275), (0.34375, 0.275), (0.34375, 0.318999), (0.34375, 0.275), (0.34375, 0.275), (0.34375, 0.275), (0.34375, 0.318999), (0.34375, 0.326764), (0.34375, 0.275), (0.34375, 0.275), (0.34375, 0.275), (0.34375, 0.275), (0.34375, 0.275), (0.34375, 0.275), (0.34375, 0.326764), (0.34375, 0.275), (0.34375, 0.275), (0.34375, 0.275), (0.34375, 0.326764), (0.34375, 0.326764), (0.34375, 0.275), (0.34375, 0.275), (0.34375, 0.275), (0.34375, 0.275), (0.34375, 0.275), (0.34375, 0.275), (0.34375, 0.416421), (0.34375, 0.375), (0.34375, 0.375), (0.34375, 0.375), (0.34375, 0.416421), (0.34375, 0.416421), (0.34375, 0.468185), (0.34375, 0.448205), (0.34375, 0.468185), (0.34375, 0.448205), (0.34375, 0.468185), (0.34375, 0.448205), (0.34375, 0.416421), (0.34375, 0.375), (0.34375, 0.375), (0.34375, 0.375), (0.34375, 0.416421), (0.34375, 0.416421), (0.34375, 0.326764), (0.34375, 0.36), (0.34375, 0.318999), (0.34375, 0.36), (0.34375, 0.326764), (0.34375, 0.375), (0.34375, 0.275), (0.34375, 0.275), (0.34375, 0.275), (0.34375, 0.275), (0.34375, 0.275), (0.34375, 0.275), (0.34375, 0.395208), (0.34375, 0.375), (0.34375, 0.36), (0.34375, 0.375), (0.34375, 0.395208), (0.34375, 0.416421), (0.34375, 0.275), (0.34375, 0.275), (0.34375, 0.275), (0.34375, 0.275), (0.34375, 0.275), (0.34375, 0.275), (0.34375, 0.439207), (0.34375, 0.448205), (0.34375, 0.468185), (0.34375, 0.448205), (0.34375, 0.439207), (0.34375, 0.422224), (0.34375, 0.326764), (0.34375, 0.275), (0.34375, 0.275), (0.34375, 0.275), (0.34375, 0.326764), (0.34375, 0.326764), (0.34375, 0.36), (0.34375, 0.326764), (0.34375, 0.318999), (0.34375, 0.326764), (0.34375, 0.36), (0.34375, 0.375), (0.34375, 0.375), (0.34375, 0.395208), (0.34375, 0.36), (0.34375, 0.395208), (0.34375, 0.375), (0.34375, 0.416421), (0.34375, 0.445), (0.34375, 0.468185), (0.34375, 0.439207), (0.34375, 0.468185), (0.34375, 0.445), (0.34375, 0.475), (0.34375, 0.275), (0.34375, 0.275), (0.34375, 0.275), (0.34375, 0.275), (0.34375, 0.275), (0.34375, 0.275), (0.34375, 0.375), (0.34375, 0.326764), (0.34375, 0.326764), (0.34375, 0.326764), (0.34375, 0.375), (0.34375, 0.375), (0.34375, 0.375), (0.34375, 0.395208), (0.34375, 0.36), (0.34375, 0.395208), (0.34375, 0.375), (0.34375, 0.416421), (0.34375, 0.275), (0.34375, 0.275), (0.34375, 0.275), (0.34375, 0.275), (0.34375, 0.275), (0.34375, 0.275), (0.34375, 0.275), (0.34375, 0.275), (0.34375, 0.275), (0.34375, 0.275), (0.34375, 0.275), (0.34375, 0.275), (0.34375, 0.395208), (0.34375, 0.448205), (0.34375, 0.422224), (0.34375, 0.448205), (0.34375, 0.395208), (0.34375, 0.416421), (0.34375, 0.422224), (0.34375, 0.416421), (0.34375, 0.395208), (0.34375, 0.416421), (0.34375, 0.422224), (0.34375, 0.448205), (0.34375, 0.275), (0.34375, 0.275), (0.34375, 0.275), (0.34375, 0.275), (0.34375, 0.275), (0.34375, 0.275), (0.34375, 0.275), (0.34375, 0.275), (0.34375, 0.275), (0.34375, 0.275), (0.34375, 0.275), (0.34375, 0.275), (0.34375, 0.275), (0.34375, 0.275), (0.34375, 0.275), (0.34375, 0.275), (0.34375, 0.275), (0.34375, 0.275), (0.34375, 0.275), (0.34375, 0.318999), (0.34375, 0.275), (0.34375, 0.318999), (0.34375, 0.275), (0.34375, 0.275), (0.34375, 0.318999), (0.34375, 0.275), (0.34375, 0.36), (0.34375, 0.36), (0.34375, 0.275), (0.34375, 0.275), (0.34375, 0.36), (0.34375, 0.275), (0.34375, 0.395208), (0.34375, 0.395208), (0.34375, 0.275), (0.34375, 0.275), (0.34375, 0.275), (0.34375, 0.275), (0.34375, 0.275), (0.34375, 0.303449), (0.34375, 0.395208), (0.34375, 0.275), (0.34375, 0.275), (0.34375, 0.275), (0.34375, 0.275), (0.34375, 0.275), (0.34375, 0.275), (0.34375, 0.275), (0.34375, 0.275), (0.34375, 0.275), (0.34375, 0.275), (0.34375, 0.395208), (0.34375, 0.303449), (0.34375, 0.422224), (0.34375, 0.422224), (0.34375, 0.303449), (0.34375, 0.32996), (0.34375, 0.422224), (0.34375, 0.32996), (0.34375, 0.352725), (0.34375, 0.275), (0.34375, 0.275), (0.34375, 0.275), (0.34375, 0.275), (0.34375, 0.275), (0.34375, 0.275), (0.34375, 0.275), (0.34375, 0.275), (0.34375, 0.275), (0.34375, 0.275), (0.34375, 0.275), (0.34375, 0.275), (0.34375, 0.275), (0.34375, 0.275), (0.34375, 0.275), (0.34375, 0.422224), (0.34375, 0.352725), (0.34375, 0.439207), (0.34375, 0.439207), (0.34375, 0.352725), (0.34375, 0.370194), (0.34375, 0.439207), (0.34375, 0.370194), (0.34375, 0.381175), (0.34375, 0.275), (0.34375, 0.275), (0.34375, 0.275), (0.34375, 0.275), (0.34375, 0.275), (0.34375, 0.275), (0.34375, 0.275), (0.34375, 0.275), (0.34375, 0.275), (0.34375, 0.439207), (0.34375, 0.381175), (0.34375, 0.445), (0.34375, 0.445), (0.34375, 0.381175), (0.34375, 0.38492), (0.34375, 0.445), (0.34375, 0.38492), (0.34375, 0.381175), (0.34375, 0.445), (0.34375, 0.381175), (0.34375, 0.439207), (0.34375, 0.439207), (0.34375, 0.381175), (0.34375, 0.370194), (0.34375, 0.275), (0.34375, 0.275), (0.34375, 0.275), (0.34375, 0.275), (0.34375, 0.275), (0.34375, 0.275), (0.34375, 0.275), (0.34375, 0.275), (0.34375, 0.275), (0.34375, 0.439207), (0.34375, 0.370194), (0.34375, 0.422224), (0.34375, 0.422224), (0.34375, 0.370194), (0.34375, 0.352725), (0.34375, 0.422224), (0.34375, 0.352725), (0.34375, 0.32996), (0.34375, 0.275), (0.34375, 0.275), (0.34375, 0.275), (0.34375, 0.422224), (0.34375, 0.32996), (0.34375, 0.395208), (0.34375, 0.275), (0.34375, 0.275), (0.34375, 0.275), (0.34375, 0.395208), (0.34375, 0.32996), (0.34375, 0.303449), (0.34375, 0.275), (0.34375, 0.275), (0.34375, 0.275), (0.34375, 0.395208), (0.34375, 0.303449), (0.34375, 0.275), (0.34375, 0.395208), (0.34375, 0.275), (0.34375, 0.275), (0.34375, 0.395208), (0.34375, 0.275), (0.34375, 0.275), (0.34375, 0.395208), (0.34375, 0.275), (0.34375, 0.36), (0.34375, 0.36), (0.34375, 0.275), (0.34375, 0.275), (0.34375, 0.36), (0.34375, 0.275), (0.34375, 0.318999), (0.34375, 0.318999), (0.34375, 0.275), (0.34375, 0.275), (0.34375, 0.275), (0.34375, 0.275), (0.34375, 0.275), (0.34375, 0.275), (0.34375, 0.275), (0.34375, 0.275), (0.34375, 0.275), (0.34375, 0.275), (0.34375, 0.275), (0.34375, 0.275), (0.34375, 0.275), (0.34375, 0.275), (0.34375, 0.36), (0.34375, 0.326764), (0.34375, 0.318999), (0.34375, 0.326764), (0.34375, 0.36), (0.34375, 0.375), (0.34375, 0.275), (0.34375, 0.275), (0.34375, 0.275), (0.34375, 0.275), (0.34375, 0.275), (0.34375, 0.275), (0.34375, 0.275), (0.34375, 0.275), (0.34375, 0.275), (0.34375, 0.275), (0.34375, 0.275), (0.34375, 0.275), (0.34375, 0.422224), (0.34375, 0.468185), (0.34375, 0.439207), (0.34375, 0.468185), (0.34375, 0.422224), (0.34375, 0.448205), (0.34375, 0.395208), (0.34375, 0.375), (0.34375, 0.36), (0.34375, 0.375), (0.34375, 0.395208), (0.34375, 0.416421), (0.34375, 0.395208), (0.34375, 0.448205), (0.34375, 0.416421), (0.34375, 0.448205), (0.34375, 0.395208), (0.34375, 0.422224), (0.34375, 0.275), (0.34375, 0.275), (0.34375, 0.275), (0.34375, 0.275), (0.34375, 0.275), (0.34375, 0.275), (0.34375, 0.326764), (0.34375, 0.275), (0.34375, 0.275), (0.34375, 0.275), (0.34375, 0.326764), (0.34375, 0.318999), (0.34375, 0.275), (0.34375, 0.275), (0.34375, 0.275), (0.34375, 0.275), (0.34375, 0.275), (0.34375, 0.275), (0.34375, 0.275), (0.34375, 0.275), (0.34375, 0.275), (0.34375, 0.275), (0.34375, 0.275), (0.34375, 0.275), (0.34375, 0.275), (0.34375, 0.275), (0.34375, 0.275), (0.34375, 0.275), (0.34375, 0.275), (0.34375, 0.275), (0.34375, 0.439207), (0.34375, 0.448205), (0.34375, 0.422224), (0.34375, 0.448205), (0.34375, 0.439207), (0.34375, 0.468185), (0.34375, 0.275), (0.34375, 0.275), (0.34375, 0.275), (0.34375, 0.275), (0.34375, 0.275), (0.34375, 0.275), (0.34375, 0.375), (0.34375, 0.326764), (0.34375, 0.326764), (0.34375, 0.326764), (0.34375, 0.375), (0.34375, 0.375), (0.34375, 0.318999), (0.34375, 0.275), (0.34375, 0.275), (0.34375, 0.275), (0.34375, 0.318999), (0.34375, 0.36), (0.34375, 0.275), (0.34375, 0.36), (0.34375, 0.275), (0.34375, 0.275), (0.34375, 0.36), (0.34375, 0.395208), (0.34375, 0.275), (0.34375, 0.395208), (0.34375, 0.275), (0.34375, 0.275), (0.34375, 0.395208), (0.34375, 0.422224), (0.34375, 0.275), (0.34375, 0.422224), (0.34375, 0.275), (0.34375, 0.275), (0.34375, 0.422224), (0.34375, 0.439207), (0.34375, 0.275), (0.34375, 0.439207), (0.34375, 0.275), (0.34375, 0.275), (0.34375, 0.439207), (0.34375, 0.445), (0.34375, 0.275), (0.34375, 0.445), (0.34375, 0.275), (0.34375, 0.275), (0.34375, 0.445), (0.34375, 0.439207), (0.34375, 0.275), (0.34375, 0.439207), (0.34375, 0.275), (0.34375, 0.275), (0.34375, 0.439207), (0.34375, 0.422224), (0.34375, 0.275), (0.34375, 0.422224), (0.34375, 0.275), (0.34375, 0.275), (0.34375, 0.422224), (0.34375, 0.395208), (0.34375, 0.275), (0.34375, 0.395208), (0.34375, 0.275), (0.34375, 0.275), (0.34375, 0.395208), (0.34375, 0.36), (0.34375, 0.275), (0.34375, 0.36), (0.34375, 0.275), (0.34375, 0.275), (0.34375, 0.36), (0.34375, 0.318999), (0.34375, 0.275), (0.34375, 0.318999), (0.34375, 0.275), (0.34375, 0.275), (0.34375, 0.318999), (0.34375, 0.275), (0.34375, 0.318999), (0.34375, 0.275), (0.34375, 0.275), (0.34375, 0.275), (0.34375, 0.318999), (0.34375, 0.326764), (0.34375, 0.275), (0.34375, 0.275), (0.34375, 0.275), (0.34375, 0.275), (0.34375, 0.275), (0.34375, 0.275), (0.34375, 0.275), (0.34375, 0.275), (0.34375, 0.275), (0.34375, 0.275), (0.34375, 0.275), (0.34375, 0.275), (0.34375, 0.439207), (0.34375, 0.475), (0.34375, 0.445), (0.34375, 0.475), (0.34375, 0.439207), (0.34375, 0.468185), (0.34375, 0.275), (0.34375, 0.275), (0.34375, 0.275), (0.34375, 0.275), (0.34375, 0.275), (0.34375, 0.275), (0.46875, 0.275), (0.46875, 0.275), (0.46875, 0.275), (0.46875, 0.275), (0.46875, 0.275), (0.46875, 0.275), (0.46875, 0.289174), (0.46875, 0.275), (0.46875, 0.275), (0.46875, 0.275), (0.46875, 0.289174), (0.46875, 0.293898), (0.46875, 0.275), (0.46875, 0.275), (0.46875, 0.275), (0.46875, 0.275), (0.46875, 0.275), (0.46875, 0.275), (0.46875, 0.293898), (0.46875, 0.302381), (0.46875, 0.289174), (0.46875, 0.302381), (0.46875, 0.293898), (0.46875, 0.311509), (0.46875, 0.275), (0.46875, 0.275), (0.46875, 0.275), (0.46875, 0.275), (0.46875, 0.275), (0.46875, 0.275), (0.46875, 0.338234), (0.46875, 0.313723), (0.46875, 0.322426), (0.46875, 0.313723), (0.46875, 0.338234), (0.46875, 0.326631), (0.46875, 0.275), (0.46875, 0.275), (0.46875, 0.275), (0.46875, 0.275), (0.46875, 0.275), (0.46875, 0.275), (0.46875, 0.275), (0.46875, 0.275), (0.46875, 0.275), (0.46875, 0.275), (0.46875, 0.275), (0.46875, 0.275), (0.46875, 0.275), (0.46875, 0.275), (0.46875, 0.275), (0.46875, 0.275), (0.46875, 0.275), (0.46875, 0.275), (0.46875, 0.311509), (0.46875, 0.313723), (0.46875, 0.302381), (0.46875, 0.313723), (0.46875, 0.311509), (0.46875, 0.326631), (0.46875, 0.313723), (0.46875, 0.311509), (0.46875, 0.302381), (0.46875, 0.311509), (0.46875, 0.313723), (0.46875, 0.326631), (0.46875, 0.345529), (0.46875, 0.329763), (0.46875, 0.327897), (0.46875, 0.329763), (0.46875, 0.345529), (0.46875, 0.348017), (0.46875, 0.275), (0.46875, 0.275), (0.46875, 0.275), (0.46875, 0.275), (0.46875, 0.275), (0.46875, 0.275), (0.46875, 0.326631), (0.46875, 0.322426), (0.46875, 0.313723), (0.46875, 0.322426), (0.46875, 0.326631), (0.46875, 0.338234), (0.46875, 0.275), (0.46875, 0.275), (0.46875, 0.275), (0.46875, 0.275), (0.46875, 0.275), (0.46875, 0.275), (0.46875, 0.275), (0.46875, 0.275), (0.46875, 0.275), (0.46875, 0.275), (0.46875, 0.275), (0.46875, 0.275), (0.46875, 0.338234), (0.46875, 0.327897), (0.46875, 0.322426), (0.46875, 0.327897), (0.46875, 0.338234), (0.46875, 0.345529), (0.46875, 0.275), (0.46875, 0.289174), (0.46875, 0.275), (0.46875, 0.289174), (0.46875, 0.275), (0.46875, 0.275), (0.46875, 0.289174), (0.46875, 0.275), (0.46875, 0.302381), (0.46875, 0.302381), (0.46875, 0.275), (0.46875, 0.275), (0.46875, 0.302381), (0.46875, 0.275), (0.46875, 0.313723), (0.46875, 0.313723), (0.46875, 0.275), (0.46875, 0.275), (0.46875, 0.313723), (0.46875, 0.275), (0.46875, 0.322426), (0.46875, 0.322426), (0.46875, 0.275), (0.46875, 0.275), (0.46875, 0.322426), (0.46875, 0.275), (0.46875, 0.327897), (0.46875, 0.327897), (0.46875, 0.275), (0.46875, 0.275), (0.46875, 0.327897), (0.46875, 0.275), (0.46875, 0.329763), (0.46875, 0.329763), (0.46875, 0.275), (0.46875, 0.275), (0.46875, 0.329763), (0.46875, 0.275), (0.46875, 0.327897), (0.46875, 0.327897), (0.46875, 0.275), (0.46875, 0.275), (0.46875, 0.327897), (0.46875, 0.275), (0.46875, 0.322426), (0.46875, 0.322426), (0.46875, 0.275), (0.46875, 0.275), (0.46875, 0.322426), (0.46875, 0.275), (0.46875, 0.313723), (0.46875, 0.313723), (0.46875, 0.275), (0.46875, 0.275), (0.46875, 0.313723), (0.46875, 0.275), (0.46875, 0.302381), (0.46875, 0.302381), (0.46875, 0.275), (0.46875, 0.275), (0.46875, 0.302381), (0.46875, 0.275), (0.46875, 0.289174), (0.46875, 0.289174), (0.46875, 0.275), (0.46875, 0.275), (0.46875, 0.275), (0.46875, 0.289174), (0.46875, 0.275), (0.46875, 0.289174), (0.46875, 0.275), (0.46875, 0.293898), (0.46875, 0.345529), (0.46875, 0.322426), (0.46875, 0.327897), (0.46875, 0.322426), (0.46875, 0.345529), (0.46875, 0.338234), (0.46875, 0.275), (0.46875, 0.275), (0.46875, 0.275), (0.46875, 0.275), (0.46875, 0.275), (0.46875, 0.275), (0.46875, 0.275), (0.46875, 0.275), (0.46875, 0.275), (0.46875, 0.275), (0.46875, 0.275), (0.46875, 0.275), (0.46875, 0.348017), (0.46875, 0.327897), (0.46875, 0.329763), (0.46875, 0.327897), (0.46875, 0.348017), (0.46875, 0.345529), (0.46875, 0.275), (0.46875, 0.275), (0.46875, 0.275), (0.46875, 0.275), (0.46875, 0.275), (0.46875, 0.275), (0.46875, 0.302381), (0.46875, 0.293898), (0.46875, 0.289174), (0.46875, 0.293898), (0.46875, 0.302381), (0.46875, 0.311509), (0.46875, 0.400882), (0.46875, 0.349118), (0.46875, 0.375), (0.46875, 0.349118), (0.46875, 0.400882), (0.46875, 0.425), (0.46875, 0.349118), (0.46875, 0.425), (0.46875, 0.325), (0.46875, 0.325), (0.46875, 0.425), (0.46875, 0.304289), (0.46875, 0.304289), (0.46875, 0.425), (0.46875, 0.445711), (0.46875, 0.304289), (0.46875, 0.445711), (0.46875, 0.375), (0.46875, 0.445711), (0.46875, 0.392193), (0.46875, 0.375), (0.46875, 0.304289), (0.46875, 0.375), (0.46875, 0.357807), (0.46875, 0.392193), (0.46875, 0.445711), (0.46875, 0.461603), (0.46875, 0.392193), (0.46875, 0.461603), (0.46875, 0.408214), (0.46875, 0.408214), (0.46875, 0.461603), (0.46875, 0.421971), (0.46875, 0.304289), (0.46875, 0.357807), (0.46875, 0.288397), (0.46875, 0.288397), (0.46875, 0.357807), (0.46875, 0.341786), (0.46875, 0.288397), (0.46875, 0.341786), (0.46875, 0.328029), (0.46875, 0.421971), (0.46875, 0.461603), (0.46875, 0.471593), (0.46875, 0.421971), (0.46875, 0.471593), (0.46875, 0.432528), (0.46875, 0.432528), (0.46875, 0.471593), (0.46875, 0.439164), (0.46875, 0.439164), (0.46875, 0.471593), (0.46875, 0.475), (0.46875, 0.439164), (0.46875, 0.475), (0.46875, 0.441427), (0.46875, 0.288397), (0.46875, 0.328029), (0.46875, 0.278407), (0.46875, 0.278407), (0.46875, 0.328029), (0.46875, 0.317472), (0.46875, 0.278407), (0.46875, 0.317472), (0.46875, 0.310836), (0.46875, 0.441427), (0.46875, 0.475), (0.46875, 0.471593), (0.46875, 0.441427), (0.46875, 0.471593), (0.46875, 0.439164), (0.46875, 0.439164), (0.46875, 0.471593), (0.46875, 0.432528), (0.46875, 0.278407), (0.46875, 0.310836), (0.46875, 0.275), (0.46875, 0.275), (0.46875, 0.310836), (0.46875, 0.308573), (0.46875, 0.275), (0.46875, 0.308573), (0.46875, 0.310836), (0.46875, 0.275), (0.46875, 0.310836), (0.46875, 0.278407), (0.46875, 0.278407), (0.46875, 0.310836), (0.46875, 0.317472), (0.46875, 0.432528), (0.46875, 0.471593), (0.46875, 0.461603), (0.46875, 0.432528), (0.46875, 0.461603), (0.46875, 0.421971), (0.46875, 0.421971), (0.46875, 0.461603), (0.46875, 0.408214), (0.46875, 0.278407), (0.46875, 0.317472), (0.46875, 0.288397), (0.46875, 0.288397), (0.46875, 0.317472), (0.46875, 0.328029), (0.46875, 0.288397), (0.46875, 0.328029), (0.46875, 0.341786), (0.46875, 0.408214), (0.46875, 0.461603), (0.46875, 0.445711), (0.46875, 0.288397), (0.46875, 0.341786), (0.46875, 0.304289), (0.46875, 0.408214), (0.46875, 0.445711), (0.46875, 0.392193), (0.46875, 0.304289), (0.46875, 0.341786), (0.46875, 0.357807), (0.46875, 0.392193), (0.46875, 0.445711), (0.46875, 0.375), (0.46875, 0.304289), (0.46875, 0.357807), (0.46875, 0.375), (0.46875, 0.304289), (0.46875, 0.375), (0.46875, 0.445711), (0.46875, 0.304289), (0.46875, 0.445711), (0.46875, 0.425), (0.46875, 0.304289), (0.46875, 0.425), (0.46875, 0.325), (0.46875, 0.325), (0.46875, 0.425), (0.46875, 0.400882), (0.46875, 0.325), (0.46875, 0.400882), (0.46875, 0.349118), (0.46875, 0.349118), (0.46875, 0.400882), (0.46875, 0.375), (0.34375, 0.448205), (0.34375, 0.468185), (0.34375, 0.468185), (0.34375, 0.468185), (0.34375, 0.448205), (0.34375, 0.448205), (0.34375, 0.275), (0.34375, 0.275), (0.34375, 0.275), (0.34375, 0.275), (0.34375, 0.275), (0.34375, 0.275), (0.34375, 0.445), (0.34375, 0.468185), (0.34375, 0.475), (0.34375, 0.468185), (0.34375, 0.445), (0.34375, 0.439207), (0.34375, 0.275), (0.34375, 0.275), (0.34375, 0.275), (0.34375, 0.275), (0.34375, 0.275), (0.34375, 0.275), (0.34375, 0.275), (0.34375, 0.275), (0.34375, 0.275), (0.34375, 0.275), (0.34375, 0.275), (0.34375, 0.275), (0.34375, 0.275), (0.34375, 0.275), (0.34375, 0.275), (0.34375, 0.275), (0.34375, 0.275), (0.34375, 0.275), (0.34375, 0.416421), (0.34375, 0.448205), (0.34375, 0.416421), (0.34375, 0.448205), (0.34375, 0.416421), (0.34375, 0.448205), (0.34375, 0.275), (0.34375, 0.275), (0.34375, 0.275), (0.34375, 0.275), (0.34375, 0.275), (0.34375, 0.275), (0.34375, 0.326764), (0.34375, 0.36), (0.34375, 0.318999), (0.34375, 0.36), (0.34375, 0.326764), (0.34375, 0.375), (0.34375, 0.448205), (0.34375, 0.439207), (0.34375, 0.468185), (0.34375, 0.439207), (0.34375, 0.448205), (0.34375, 0.422224), (0.34375, 0.468185), (0.34375, 0.475), (0.34375, 0.468185), (0.34375, 0.475), (0.34375, 0.468185), (0.34375, 0.475), (0.34375, 0.275), (0.34375, 0.275), (0.34375, 0.275), (0.34375, 0.275), (0.34375, 0.275), (0.34375, 0.275), (0.34375, 0.275), (0.34375, 0.275), (0.34375, 0.275), (0.34375, 0.275), (0.34375, 0.275), (0.34375, 0.275), (0.34375, 0.448205), (0.34375, 0.395208), (0.34375, 0.416421), (0.34375, 0.395208), (0.34375, 0.448205), (0.34375, 0.422224), (0.34375, 0.275), (0.34375, 0.275), (0.34375, 0.275), (0.34375, 0.275), (0.34375, 0.275), (0.34375, 0.275), (0.34375, 0.275), (0.34375, 0.275), (0.34375, 0.275), (0.34375, 0.275), (0.34375, 0.275), (0.34375, 0.275), (0.34375, 0.468185), (0.34375, 0.445), (0.34375, 0.475), (0.34375, 0.445), (0.34375, 0.468185), (0.34375, 0.439207), (0.34375, 0.275), (0.34375, 0.275), (0.34375, 0.275), (0.34375, 0.275), (0.34375, 0.275), (0.34375, 0.275), (0.34375, 0.275), (0.34375, 0.275), (0.34375, 0.275), (0.34375, 0.275), (0.34375, 0.275), (0.34375, 0.275), (0.34375, 0.448205), (0.34375, 0.416421), (0.34375, 0.416421), (0.34375, 0.416421), (0.34375, 0.448205), (0.34375, 0.448205), (0.34375, 0.475), (0.34375, 0.468185), (0.34375, 0.468185), (0.34375, 0.468185), (0.34375, 0.475), (0.34375, 0.475), (0.34375, 0.326764), (0.34375, 0.275), (0.34375, 0.275), (0.34375, 0.275), (0.34375, 0.326764), (0.34375, 0.318999), (0.34375, 0.275), (0.34375, 0.275), (0.34375, 0.275), (0.34375, 0.275), (0.34375, 0.275), (0.34375, 0.275), (0.34375, 0.275), (0.34375, 0.275), (0.34375, 0.275), (0.34375, 0.275), (0.34375, 0.275), (0.34375, 0.275), (0.34375, 0.275), (0.34375, 0.275), (0.34375, 0.275), (0.34375, 0.275), (0.34375, 0.275), (0.34375, 0.275), (0.34375, 0.318999), (0.34375, 0.275), (0.34375, 0.275), (0.34375, 0.275), (0.34375, 0.318999), (0.34375, 0.326764), (0.34375, 0.275), (0.34375, 0.275), (0.34375, 0.275), (0.34375, 0.275), (0.34375, 0.275), (0.34375, 0.275), (0.34375, 0.326764), (0.34375, 0.275), (0.34375, 0.275), (0.34375, 0.275), (0.34375, 0.326764), (0.34375, 0.326764), (0.34375, 0.275), (0.34375, 0.275), (0.34375, 0.275), (0.34375, 0.275), (0.34375, 0.275), (0.34375, 0.275), (0.34375, 0.416421), (0.34375, 0.375), (0.34375, 0.375), (0.34375, 0.375), (0.34375, 0.416421), (0.34375, 0.416421), (0.34375, 0.468185), (0.34375, 0.448205), (0.34375, 0.468185), (0.34375, 0.448205), (0.34375, 0.468185), (0.34375, 0.448205), (0.34375, 0.416421), (0.34375, 0.375), (0.34375, 0.375), (0.34375, 0.375), (0.34375, 0.416421), (0.34375, 0.416421), (0.34375, 0.326764), (0.34375, 0.36), (0.34375, 0.318999), (0.34375, 0.36), (0.34375, 0.326764), (0.34375, 0.375), (0.34375, 0.275), (0.34375, 0.275), (0.34375, 0.275), (0.34375, 0.275), (0.34375, 0.275), (0.34375, 0.275), (0.34375, 0.395208), (0.34375, 0.375), (0.34375, 0.36), (0.34375, 0.375), (0.34375, 0.395208), (0.34375, 0.416421), (0.34375, 0.275), (0.34375, 0.275), (0.34375, 0.275), (0.34375, 0.275), (0.34375, 0.275), (0.34375, 0.275), (0.34375, 0.439207), (0.34375, 0.448205), (0.34375, 0.468185), (0.34375, 0.448205), (0.34375, 0.439207), (0.34375, 0.422224), (0.34375, 0.326764), (0.34375, 0.275), (0.34375, 0.275), (0.34375, 0.275), (0.34375, 0.326764), (0.34375, 0.326764), (0.34375, 0.36), (0.34375, 0.326764), (0.34375, 0.318999), (0.34375, 0.326764), (0.34375, 0.36), (0.34375, 0.375), (0.34375, 0.375), (0.34375, 0.395208), (0.34375, 0.36), (0.34375, 0.395208), (0.34375, 0.375), (0.34375, 0.416421), (0.34375, 0.445), (0.34375, 0.468185), (0.34375, 0.439207), (0.34375, 0.468185), (0.34375, 0.445), (0.34375, 0.475), (0.34375, 0.275), (0.34375, 0.275), (0.34375, 0.275), (0.34375, 0.275), (0.34375, 0.275), (0.34375, 0.275), (0.34375, 0.375), (0.34375, 0.326764), (0.34375, 0.326764), (0.34375, 0.326764), (0.34375, 0.375), (0.34375, 0.375), (0.34375, 0.375), (0.34375, 0.395208), (0.34375, 0.36), (0.34375, 0.395208), (0.34375, 0.375), (0.34375, 0.416421), (0.34375, 0.275), (0.34375, 0.275), (0.34375, 0.275), (0.34375, 0.275), (0.34375, 0.275), (0.34375, 0.275), (0.34375, 0.275), (0.34375, 0.275), (0.34375, 0.275), (0.34375, 0.275), (0.34375, 0.275), (0.34375, 0.275), (0.34375, 0.395208), (0.34375, 0.448205), (0.34375, 0.422224), (0.34375, 0.448205), (0.34375, 0.395208), (0.34375, 0.416421), (0.34375, 0.422224), (0.34375, 0.416421), (0.34375, 0.395208), (0.34375, 0.416421), (0.34375, 0.422224), (0.34375, 0.448205), (0.34375, 0.275), (0.34375, 0.275), (0.34375, 0.275), (0.34375, 0.275), (0.34375, 0.275), (0.34375, 0.275), (0.34375, 0.275), (0.34375, 0.275), (0.34375, 0.275), (0.34375, 0.275), (0.34375, 0.275), (0.34375, 0.275), (0.34375, 0.275), (0.34375, 0.275), (0.34375, 0.275), (0.34375, 0.275), (0.34375, 0.275), (0.34375, 0.275), (0.34375, 0.275), (0.34375, 0.318999), (0.34375, 0.275), (0.34375, 0.318999), (0.34375, 0.275), (0.34375, 0.275), (0.34375, 0.318999), (0.34375, 0.275), (0.34375, 0.36), (0.34375, 0.36), (0.34375, 0.275), (0.34375, 0.275), (0.34375, 0.36), (0.34375, 0.275), (0.34375, 0.395208), (0.34375, 0.395208), (0.34375, 0.275), (0.34375, 0.275), (0.34375, 0.275), (0.34375, 0.275), (0.34375, 0.275), (0.34375, 0.303449), (0.34375, 0.395208), (0.34375, 0.275), (0.34375, 0.275), (0.34375, 0.275), (0.34375, 0.275), (0.34375, 0.275), (0.34375, 0.275), (0.34375, 0.275), (0.34375, 0.275), (0.34375, 0.275), (0.34375, 0.275), (0.34375, 0.395208), (0.34375, 0.303449), (0.34375, 0.422224), (0.34375, 0.422224), (0.34375, 0.303449), (0.34375, 0.32996), (0.34375, 0.422224), (0.34375, 0.32996), (0.34375, 0.352725), (0.34375, 0.275), (0.34375, 0.275), (0.34375, 0.275), (0.34375, 0.275), (0.34375, 0.275), (0.34375, 0.275), (0.34375, 0.275), (0.34375, 0.275), (0.34375, 0.275), (0.34375, 0.275), (0.34375, 0.275), (0.34375, 0.275), (0.34375, 0.275), (0.34375, 0.275), (0.34375, 0.275), (0.34375, 0.422224), (0.34375, 0.352725), (0.34375, 0.439207), (0.34375, 0.439207), (0.34375, 0.352725), (0.34375, 0.370194), (0.34375, 0.439207), (0.34375, 0.370194), (0.34375, 0.381175), (0.34375, 0.275), (0.34375, 0.275), (0.34375, 0.275), (0.34375, 0.275), (0.34375, 0.275), (0.34375, 0.275), (0.34375, 0.275), (0.34375, 0.275), (0.34375, 0.275), (0.34375, 0.439207), (0.34375, 0.381175), (0.34375, 0.445), (0.34375, 0.445), (0.34375, 0.381175), (0.34375, 0.38492), (0.34375, 0.445), (0.34375, 0.38492), (0.34375, 0.381175), (0.34375, 0.445), (0.34375, 0.381175), (0.34375, 0.439207), (0.34375, 0.439207), (0.34375, 0.381175), (0.34375, 0.370194), (0.34375, 0.275), (0.34375, 0.275), (0.34375, 0.275), (0.34375, 0.275), (0.34375, 0.275), (0.34375, 0.275), (0.34375, 0.275), (0.34375, 0.275), (0.34375, 0.275), (0.34375, 0.439207), (0.34375, 0.370194), (0.34375, 0.422224), (0.34375, 0.422224), (0.34375, 0.370194), (0.34375, 0.352725), (0.34375, 0.422224), (0.34375, 0.352725), (0.34375, 0.32996), (0.34375, 0.275), (0.34375, 0.275), (0.34375, 0.275), (0.34375, 0.422224), (0.34375, 0.32996), (0.34375, 0.395208), (0.34375, 0.275), (0.34375, 0.275), (0.34375, 0.275), (0.34375, 0.395208), (0.34375, 0.32996), (0.34375, 0.303449), (0.34375, 0.275), (0.34375, 0.275), (0.34375, 0.275), (0.34375, 0.395208), (0.34375, 0.303449), (0.34375, 0.275), (0.34375, 0.395208), (0.34375, 0.275), (0.34375, 0.275), (0.34375, 0.395208), (0.34375, 0.275), (0.34375, 0.275), (0.34375, 0.395208), (0.34375, 0.275), (0.34375, 0.36), (0.34375, 0.36), (0.34375, 0.275), (0.34375, 0.275), (0.34375, 0.36), (0.34375, 0.275), (0.34375, 0.318999), (0.34375, 0.318999), (0.34375, 0.275), (0.34375, 0.275), (0.34375, 0.275), (0.34375, 0.275), (0.34375, 0.275), (0.34375, 0.275), (0.34375, 0.275), (0.34375, 0.275), (0.34375, 0.275), (0.34375, 0.275), (0.34375, 0.275), (0.34375, 0.275), (0.34375, 0.275), (0.34375, 0.275), (0.34375, 0.36), (0.34375, 0.326764), (0.34375, 0.318999), (0.34375, 0.326764), (0.34375, 0.36), (0.34375, 0.375), (0.34375, 0.275), (0.34375, 0.275), (0.34375, 0.275), (0.34375, 0.275), (0.34375, 0.275), (0.34375, 0.275), (0.34375, 0.275), (0.34375, 0.275), (0.34375, 0.275), (0.34375, 0.275), (0.34375, 0.275), (0.34375, 0.275), (0.34375, 0.422224), (0.34375, 0.468185), (0.34375, 0.439207), (0.34375, 0.468185), (0.34375, 0.422224), (0.34375, 0.448205), (0.34375, 0.395208), (0.34375, 0.375), (0.34375, 0.36), (0.34375, 0.375), (0.34375, 0.395208), (0.34375, 0.416421), (0.34375, 0.395208), (0.34375, 0.448205), (0.34375, 0.416421), (0.34375, 0.448205), (0.34375, 0.395208), (0.34375, 0.422224), (0.34375, 0.275), (0.34375, 0.275), (0.34375, 0.275), (0.34375, 0.275), (0.34375, 0.275), (0.34375, 0.275), (0.34375, 0.326764), (0.34375, 0.275), (0.34375, 0.275), (0.34375, 0.275), (0.34375, 0.326764), (0.34375, 0.318999), (0.34375, 0.275), (0.34375, 0.275), (0.34375, 0.275), (0.34375, 0.275), (0.34375, 0.275), (0.34375, 0.275), (0.34375, 0.275), (0.34375, 0.275), (0.34375, 0.275), (0.34375, 0.275), (0.34375, 0.275), (0.34375, 0.275), (0.34375, 0.275), (0.34375, 0.275), (0.34375, 0.275), (0.34375, 0.275), (0.34375, 0.275), (0.34375, 0.275), (0.34375, 0.439207), (0.34375, 0.448205), (0.34375, 0.422224), (0.34375, 0.448205), (0.34375, 0.439207), (0.34375, 0.468185), (0.34375, 0.275), (0.34375, 0.275), (0.34375, 0.275), (0.34375, 0.275), (0.34375, 0.275), (0.34375, 0.275), (0.34375, 0.375), (0.34375, 0.326764), (0.34375, 0.326764), (0.34375, 0.326764), (0.34375, 0.375), (0.34375, 0.375), (0.34375, 0.318999), (0.34375, 0.275), (0.34375, 0.275), (0.34375, 0.275), (0.34375, 0.318999), (0.34375, 0.36), (0.34375, 0.275), (0.34375, 0.36), (0.34375, 0.275), (0.34375, 0.275), (0.34375, 0.36), (0.34375, 0.395208), (0.34375, 0.275), (0.34375, 0.395208), (0.34375, 0.275), (0.34375, 0.275), (0.34375, 0.395208), (0.34375, 0.422224), (0.34375, 0.275), (0.34375, 0.422224), (0.34375, 0.275), (0.34375, 0.275), (0.34375, 0.422224), (0.34375, 0.439207), (0.34375, 0.275), (0.34375, 0.439207), (0.34375, 0.275), (0.34375, 0.275), (0.34375, 0.439207), (0.34375, 0.445), (0.34375, 0.275), (0.34375, 0.445), (0.34375, 0.275), (0.34375, 0.275), (0.34375, 0.445), (0.34375, 0.439207), (0.34375, 0.275), (0.34375, 0.439207), (0.34375, 0.275), (0.34375, 0.275), (0.34375, 0.439207), (0.34375, 0.422224), (0.34375, 0.275), (0.34375, 0.422224), (0.34375, 0.275), (0.34375, 0.275), (0.34375, 0.422224), (0.34375, 0.395208), (0.34375, 0.275), (0.34375, 0.395208), (0.34375, 0.275), (0.34375, 0.275), (0.34375, 0.395208), (0.34375, 0.36), (0.34375, 0.275), (0.34375, 0.36), (0.34375, 0.275), (0.34375, 0.275), (0.34375, 0.36), (0.34375, 0.318999), (0.34375, 0.275), (0.34375, 0.318999), (0.34375, 0.275), (0.34375, 0.275), (0.34375, 0.318999), (0.34375, 0.275), (0.34375, 0.318999), (0.34375, 0.275), (0.34375, 0.275), (0.34375, 0.275), (0.34375, 0.318999), (0.34375, 0.326764), (0.34375, 0.275), (0.34375, 0.275), (0.34375, 0.275), (0.34375, 0.275), (0.34375, 0.275), (0.34375, 0.275), (0.34375, 0.275), (0.34375, 0.275), (0.34375, 0.275), (0.34375, 0.275), (0.34375, 0.275), (0.34375, 0.275), (0.34375, 0.439207), (0.34375, 0.475), (0.34375, 0.445), (0.34375, 0.475), (0.34375, 0.439207), (0.34375, 0.468185), (0.34375, 0.275), (0.34375, 0.275), (0.34375, 0.275), (0.34375, 0.275), (0.34375, 0.275), (0.34375, 0.275), (0.46875, 0.275), (0.46875, 0.275), (0.46875, 0.275), (0.46875, 0.275), (0.46875, 0.275), (0.46875, 0.275), (0.46875, 0.289174), (0.46875, 0.275), (0.46875, 0.275), (0.46875, 0.275), (0.46875, 0.289174), (0.46875, 0.293898), (0.46875, 0.275), (0.46875, 0.275), (0.46875, 0.275), (0.46875, 0.275), (0.46875, 0.275), (0.46875, 0.275), (0.46875, 0.293898), (0.46875, 0.302381), (0.46875, 0.289174), (0.46875, 0.302381), (0.46875, 0.293898), (0.46875, 0.311509), (0.46875, 0.275), (0.46875, 0.275), (0.46875, 0.275), (0.46875, 0.275), (0.46875, 0.275), (0.46875, 0.275), (0.46875, 0.338234), (0.46875, 0.313723), (0.46875, 0.322426), (0.46875, 0.313723), (0.46875, 0.338234), (0.46875, 0.326631), (0.46875, 0.275), (0.46875, 0.275), (0.46875, 0.275), (0.46875, 0.275), (0.46875, 0.275), (0.46875, 0.275), (0.46875, 0.275), (0.46875, 0.275), (0.46875, 0.275), (0.46875, 0.275), (0.46875, 0.275), (0.46875, 0.275), (0.46875, 0.275), (0.46875, 0.275), (0.46875, 0.275), (0.46875, 0.275), (0.46875, 0.275), (0.46875, 0.275), (0.46875, 0.311509), (0.46875, 0.313723), (0.46875, 0.302381), (0.46875, 0.313723), (0.46875, 0.311509), (0.46875, 0.326631), (0.46875, 0.313723), (0.46875, 0.311509), (0.46875, 0.302381), (0.46875, 0.311509), (0.46875, 0.313723), (0.46875, 0.326631), (0.46875, 0.345529), (0.46875, 0.329763), (0.46875, 0.327897), (0.46875, 0.329763), (0.46875, 0.345529), (0.46875, 0.348017), (0.46875, 0.275), (0.46875, 0.275), (0.46875, 0.275), (0.46875, 0.275), (0.46875, 0.275), (0.46875, 0.275), (0.46875, 0.326631), (0.46875, 0.322426), (0.46875, 0.313723), (0.46875, 0.322426), (0.46875, 0.326631), (0.46875, 0.338234), (0.46875, 0.275), (0.46875, 0.275), (0.46875, 0.275), (0.46875, 0.275), (0.46875, 0.275), (0.46875, 0.275), (0.46875, 0.275), (0.46875, 0.275), (0.46875, 0.275), (0.46875, 0.275), (0.46875, 0.275), (0.46875, 0.275), (0.46875, 0.338234), (0.46875, 0.327897), (0.46875, 0.322426), (0.46875, 0.327897), (0.46875, 0.338234), (0.46875, 0.345529), (0.46875, 0.275), (0.46875, 0.289174), (0.46875, 0.275), (0.46875, 0.289174), (0.46875, 0.275), (0.46875, 0.275), (0.46875, 0.289174), (0.46875, 0.275), (0.46875, 0.302381), (0.46875, 0.302381), (0.46875, 0.275), (0.46875, 0.275), (0.46875, 0.302381), (0.46875, 0.275), (0.46875, 0.313723), (0.46875, 0.313723), (0.46875, 0.275), (0.46875, 0.275), (0.46875, 0.313723), (0.46875, 0.275), (0.46875, 0.322426), (0.46875, 0.322426), (0.46875, 0.275), (0.46875, 0.275), (0.46875, 0.322426), (0.46875, 0.275), (0.46875, 0.327897), (0.46875, 0.327897), (0.46875, 0.275), (0.46875, 0.275), (0.46875, 0.327897), (0.46875, 0.275), (0.46875, 0.329763), (0.46875, 0.329763), (0.46875, 0.275), (0.46875, 0.275), (0.46875, 0.329763), (0.46875, 0.275), (0.46875, 0.327897), (0.46875, 0.327897), (0.46875, 0.275), (0.46875, 0.275), (0.46875, 0.327897), (0.46875, 0.275), (0.46875, 0.322426), (0.46875, 0.322426), (0.46875, 0.275), (0.46875, 0.275), (0.46875, 0.322426), (0.46875, 0.275), (0.46875, 0.313723), (0.46875, 0.313723), (0.46875, 0.275), (0.46875, 0.275), (0.46875, 0.313723), (0.46875, 0.275), (0.46875, 0.302381), (0.46875, 0.302381), (0.46875, 0.275), (0.46875, 0.275), (0.46875, 0.302381), (0.46875, 0.275), (0.46875, 0.289174), (0.46875, 0.289174), (0.46875, 0.275), (0.46875, 0.275), (0.46875, 0.275), (0.46875, 0.289174), (0.46875, 0.275), (0.46875, 0.289174), (0.46875, 0.275), (0.46875, 0.293898), (0.46875, 0.345529), (0.46875, 0.322426), (0.46875, 0.327897), (0.46875, 0.322426), (0.46875, 0.345529), (0.46875, 0.338234), (0.46875, 0.275), (0.46875, 0.275), (0.46875, 0.275), (0.46875, 0.275), (0.46875, 0.275), (0.46875, 0.275), (0.46875, 0.275), (0.46875, 0.275), (0.46875, 0.275), (0.46875, 0.275), (0.46875, 0.275), (0.46875, 0.275), (0.46875, 0.348017), (0.46875, 0.327897), (0.46875, 0.329763), (0.46875, 0.327897), (0.46875, 0.348017), (0.46875, 0.345529), (0.46875, 0.275), (0.46875, 0.275), (0.46875, 0.275), (0.46875, 0.275), (0.46875, 0.275), (0.46875, 0.275), (0.46875, 0.302381), (0.46875, 0.293898), (0.46875, 0.289174), (0.46875, 0.293898), (0.46875, 0.302381), (0.46875, 0.311509), (0.46875, 0.400882), (0.46875, 0.349118), (0.46875, 0.375), (0.46875, 0.349118), (0.46875, 0.400882), (0.46875, 0.425), (0.46875, 0.349118), (0.46875, 0.425), (0.46875, 0.325), (0.46875, 0.325), (0.46875, 0.425), (0.46875, 0.304289), (0.46875, 0.304289), (0.46875, 0.425), (0.46875, 0.445711), (0.46875, 0.304289), (0.46875, 0.445711), (0.46875, 0.375), (0.46875, 0.445711), (0.46875, 0.392193), (0.46875, 0.375), (0.46875, 0.304289), (0.46875, 0.375), (0.46875, 0.357807), (0.46875, 0.392193), (0.46875, 0.445711), (0.46875, 0.461603), (0.46875, 0.392193), (0.46875, 0.461603), (0.46875, 0.408214), (0.46875, 0.408214), (0.46875, 0.461603), (0.46875, 0.421971), (0.46875, 0.304289), (0.46875, 0.357807), (0.46875, 0.288397), (0.46875, 0.288397), (0.46875, 0.357807), (0.46875, 0.341786), (0.46875, 0.288397), (0.46875, 0.341786), (0.46875, 0.328029), (0.46875, 0.421971), (0.46875, 0.461603), (0.46875, 0.471593), (0.46875, 0.421971), (0.46875, 0.471593), (0.46875, 0.432528), (0.46875, 0.432528), (0.46875, 0.471593), (0.46875, 0.439164), (0.46875, 0.439164), (0.46875, 0.471593), (0.46875, 0.475), (0.46875, 0.439164), (0.46875, 0.475), (0.46875, 0.441427), (0.46875, 0.288397), (0.46875, 0.328029), (0.46875, 0.278407), (0.46875, 0.278407), (0.46875, 0.328029), (0.46875, 0.317472), (0.46875, 0.278407), (0.46875, 0.317472), (0.46875, 0.310836), (0.46875, 0.441427), (0.46875, 0.475), (0.46875, 0.471593), (0.46875, 0.441427), (0.46875, 0.471593), (0.46875, 0.439164), (0.46875, 0.439164), (0.46875, 0.471593), (0.46875, 0.432528), (0.46875, 0.278407), (0.46875, 0.310836), (0.46875, 0.275), (0.46875, 0.275), (0.46875, 0.310836), (0.46875, 0.308573), (0.46875, 0.275), (0.46875, 0.308573), (0.46875, 0.310836), (0.46875, 0.275), (0.46875, 0.310836), (0.46875, 0.278407), (0.46875, 0.278407), (0.46875, 0.310836), (0.46875, 0.317472), (0.46875, 0.432528), (0.46875, 0.471593), (0.46875, 0.461603), (0.46875, 0.432528), (0.46875, 0.461603), (0.46875, 0.421971), (0.46875, 0.421971), (0.46875, 0.461603), (0.46875, 0.408214), (0.46875, 0.278407), (0.46875, 0.317472), (0.46875, 0.288397), (0.46875, 0.288397), (0.46875, 0.317472), (0.46875, 0.328029), (0.46875, 0.288397), (0.46875, 0.328029), (0.46875, 0.341786), (0.46875, 0.408214), (0.46875, 0.461603), (0.46875, 0.445711), (0.46875, 0.288397), (0.46875, 0.341786), (0.46875, 0.304289), (0.46875, 0.408214), (0.46875, 0.445711), (0.46875, 0.392193), (0.46875, 0.304289), (0.46875, 0.341786), (0.46875, 0.357807), (0.46875, 0.392193), (0.46875, 0.445711), (0.46875, 0.375), (0.46875, 0.304289), (0.46875, 0.357807), (0.46875, 0.375), (0.46875, 0.304289), (0.46875, 0.375), (0.46875, 0.445711), (0.46875, 0.304289), (0.46875, 0.445711), (0.46875, 0.425), (0.46875, 0.304289), (0.46875, 0.425), (0.46875, 0.325), (0.46875, 0.325), (0.46875, 0.425), (0.46875, 0.400882), (0.46875, 0.325), (0.46875, 0.400882), (0.46875, 0.349118), (0.46875, 0.349118), (0.46875, 0.400882), (0.46875, 0.375), (0.34375, 0.448205), (0.34375, 0.468185), (0.34375, 0.468185), (0.34375, 0.468185), (0.34375, 0.448205), (0.34375, 0.448205), (0.34375, 0.275), (0.34375, 0.275), (0.34375, 0.275), (0.34375, 0.275), (0.34375, 0.275), (0.34375, 0.275), (0.34375, 0.445), (0.34375, 0.468185), (0.34375, 0.475), (0.34375, 0.468185), (0.34375, 0.445), (0.34375, 0.439207), (0.34375, 0.275), (0.34375, 0.275), (0.34375, 0.275), (0.34375, 0.275), (0.34375, 0.275), (0.34375, 0.275), (0.34375, 0.275), (0.34375, 0.275), (0.34375, 0.275), (0.34375, 0.275), (0.34375, 0.275), (0.34375, 0.275), (0.34375, 0.275), (0.34375, 0.275), (0.34375, 0.275), (0.34375, 0.275), (0.34375, 0.275), (0.34375, 0.275), (0.34375, 0.416421), (0.34375, 0.448205), (0.34375, 0.416421), (0.34375, 0.448205), (0.34375, 0.416421), (0.34375, 0.448205), (0.34375, 0.275), (0.34375, 0.275), (0.34375, 0.275), (0.34375, 0.275), (0.34375, 0.275), (0.34375, 0.275), (0.34375, 0.326764), (0.34375, 0.36), (0.34375, 0.318999), (0.34375, 0.36), (0.34375, 0.326764), (0.34375, 0.375), (0.34375, 0.448205), (0.34375, 0.439207), (0.34375, 0.468185), (0.34375, 0.439207), (0.34375, 0.448205), (0.34375, 0.422224), (0.34375, 0.468185), (0.34375, 0.475), (0.34375, 0.468185), (0.34375, 0.475), (0.34375, 0.468185), (0.34375, 0.475), (0.34375, 0.275), (0.34375, 0.275), (0.34375, 0.275), (0.34375, 0.275), (0.34375, 0.275), (0.34375, 0.275), (0.34375, 0.275), (0.34375, 0.275), (0.34375, 0.275), (0.34375, 0.275), (0.34375, 0.275), (0.34375, 0.275), (0.34375, 0.448205), (0.34375, 0.395208), (0.34375, 0.416421), (0.34375, 0.395208), (0.34375, 0.448205), (0.34375, 0.422224), (0.34375, 0.275), (0.34375, 0.275), (0.34375, 0.275), (0.34375, 0.275), (0.34375, 0.275), (0.34375, 0.275), (0.34375, 0.275), (0.34375, 0.275), (0.34375, 0.275), (0.34375, 0.275), (0.34375, 0.275), (0.34375, 0.275), (0.34375, 0.468185), (0.34375, 0.445), (0.34375, 0.475), (0.34375, 0.445), (0.34375, 0.468185), (0.34375, 0.439207), (0.34375, 0.275), (0.34375, 0.275), (0.34375, 0.275), (0.34375, 0.275), (0.34375, 0.275), (0.34375, 0.275), (0.34375, 0.275), (0.34375, 0.275), (0.34375, 0.275), (0.34375, 0.275), (0.34375, 0.275), (0.34375, 0.275), (0.34375, 0.448205), (0.34375, 0.416421), (0.34375, 0.416421), (0.34375, 0.416421), (0.34375, 0.448205), (0.34375, 0.448205), (0.34375, 0.475), (0.34375, 0.468185), (0.34375, 0.468185), (0.34375, 0.468185), (0.34375, 0.475), (0.34375, 0.475), (0.34375, 0.326764), (0.34375, 0.275), (0.34375, 0.275), (0.34375, 0.275), (0.34375, 0.326764), (0.34375, 0.318999), (0.34375, 0.275), (0.34375, 0.275), (0.34375, 0.275), (0.34375, 0.275), (0.34375, 0.275), (0.34375, 0.275), (0.34375, 0.275), (0.34375, 0.275), (0.34375, 0.275), (0.34375, 0.275), (0.34375, 0.275), (0.34375, 0.275), (0.34375, 0.275), (0.34375, 0.275), (0.34375, 0.275), (0.34375, 0.275), (0.34375, 0.275), (0.34375, 0.275), (0.34375, 0.318999), (0.34375, 0.275), (0.34375, 0.275), (0.34375, 0.275), (0.34375, 0.318999), (0.34375, 0.326764), (0.34375, 0.275), (0.34375, 0.275), (0.34375, 0.275), (0.34375, 0.275), (0.34375, 0.275), (0.34375, 0.275), (0.34375, 0.326764), (0.34375, 0.275), (0.34375, 0.275), (0.34375, 0.275), (0.34375, 0.326764), (0.34375, 0.326764), (0.34375, 0.275), (0.34375, 0.275), (0.34375, 0.275), (0.34375, 0.275), (0.34375, 0.275), (0.34375, 0.275), (0.34375, 0.416421), (0.34375, 0.375), (0.34375, 0.375), (0.34375, 0.375), (0.34375, 0.416421), (0.34375, 0.416421), (0.34375, 0.468185), (0.34375, 0.448205), (0.34375, 0.468185), (0.34375, 0.448205), (0.34375, 0.468185), (0.34375, 0.448205), (0.34375, 0.416421), (0.34375, 0.375), (0.34375, 0.375), (0.34375, 0.375), (0.34375, 0.416421), (0.34375, 0.416421), (0.34375, 0.326764), (0.34375, 0.36), (0.34375, 0.318999), (0.34375, 0.36), (0.34375, 0.326764), (0.34375, 0.375), (0.34375, 0.275), (0.34375, 0.275), (0.34375, 0.275), (0.34375, 0.275), (0.34375, 0.275), (0.34375, 0.275), (0.34375, 0.395208), (0.34375, 0.375), (0.34375, 0.36), (0.34375, 0.375), (0.34375, 0.395208), (0.34375, 0.416421), (0.34375, 0.275), (0.34375, 0.275), (0.34375, 0.275), (0.34375, 0.275), (0.34375, 0.275), (0.34375, 0.275), (0.34375, 0.439207), (0.34375, 0.448205), (0.34375, 0.468185), (0.34375, 0.448205), (0.34375, 0.439207), (0.34375, 0.422224), (0.34375, 0.326764), (0.34375, 0.275), (0.34375, 0.275), (0.34375, 0.275), (0.34375, 0.326764), (0.34375, 0.326764), (0.34375, 0.36), (0.34375, 0.326764), (0.34375, 0.318999), (0.34375, 0.326764), (0.34375, 0.36), (0.34375, 0.375), (0.34375, 0.375), (0.34375, 0.395208), (0.34375, 0.36), (0.34375, 0.395208), (0.34375, 0.375), (0.34375, 0.416421), (0.34375, 0.445), (0.34375, 0.468185), (0.34375, 0.439207), (0.34375, 0.468185), (0.34375, 0.445), (0.34375, 0.475), (0.34375, 0.275), (0.34375, 0.275), (0.34375, 0.275), (0.34375, 0.275), (0.34375, 0.275), (0.34375, 0.275), (0.34375, 0.375), (0.34375, 0.326764), (0.34375, 0.326764), (0.34375, 0.326764), (0.34375, 0.375), (0.34375, 0.375), (0.34375, 0.375), (0.34375, 0.395208), (0.34375, 0.36), (0.34375, 0.395208), (0.34375, 0.375), (0.34375, 0.416421), (0.34375, 0.275), (0.34375, 0.275), (0.34375, 0.275), (0.34375, 0.275), (0.34375, 0.275), (0.34375, 0.275), (0.34375, 0.275), (0.34375, 0.275), (0.34375, 0.275), (0.34375, 0.275), (0.34375, 0.275), (0.34375, 0.275), (0.34375, 0.395208), (0.34375, 0.448205), (0.34375, 0.422224), (0.34375, 0.448205), (0.34375, 0.395208), (0.34375, 0.416421), (0.34375, 0.422224), (0.34375, 0.416421), (0.34375, 0.395208), (0.34375, 0.416421), (0.34375, 0.422224), (0.34375, 0.448205), (0.34375, 0.275), (0.34375, 0.275), (0.34375, 0.275), (0.34375, 0.275), (0.34375, 0.275), (0.34375, 0.275), (0.34375, 0.275), (0.34375, 0.275), (0.34375, 0.275), (0.34375, 0.275), (0.34375, 0.275), (0.34375, 0.275), (0.34375, 0.275), (0.34375, 0.275), (0.34375, 0.275), (0.34375, 0.275), (0.34375, 0.275), (0.34375, 0.275), (0.34375, 0.275), (0.34375, 0.318999), (0.34375, 0.275), (0.34375, 0.318999), (0.34375, 0.275), (0.34375, 0.275), (0.34375, 0.318999), (0.34375, 0.275), (0.34375, 0.36), (0.34375, 0.36), (0.34375, 0.275), (0.34375, 0.275), (0.34375, 0.36), (0.34375, 0.275), (0.34375, 0.395208), (0.34375, 0.395208), (0.34375, 0.275), (0.34375, 0.275), (0.34375, 0.275), (0.34375, 0.275), (0.34375, 0.275), (0.34375, 0.303449), (0.34375, 0.395208), (0.34375, 0.275), (0.34375, 0.275), (0.34375, 0.275), (0.34375, 0.275), (0.34375, 0.275), (0.34375, 0.275), (0.34375, 0.275), (0.34375, 0.275), (0.34375, 0.275), (0.34375, 0.275), (0.34375, 0.395208), (0.34375, 0.303449), (0.34375, 0.422224), (0.34375, 0.422224), (0.34375, 0.303449), (0.34375, 0.32996), (0.34375, 0.422224), (0.34375, 0.32996), (0.34375, 0.352725), (0.34375, 0.275), (0.34375, 0.275), (0.34375, 0.275), (0.34375, 0.275), (0.34375, 0.275), (0.34375, 0.275), (0.34375, 0.275), (0.34375, 0.275), (0.34375, 0.275), (0.34375, 0.275), (0.34375, 0.275), (0.34375, 0.275), (0.34375, 0.275), (0.34375, 0.275), (0.34375, 0.275), (0.34375, 0.422224), (0.34375, 0.352725), (0.34375, 0.439207), (0.34375, 0.439207), (0.34375, 0.352725), (0.34375, 0.370194), (0.34375, 0.439207), (0.34375, 0.370194), (0.34375, 0.381175), (0.34375, 0.275), (0.34375, 0.275), (0.34375, 0.275), (0.34375, 0.275), (0.34375, 0.275), (0.34375, 0.275), (0.34375, 0.275), (0.34375, 0.275), (0.34375, 0.275), (0.34375, 0.439207), (0.34375, 0.381175), (0.34375, 0.445), (0.34375, 0.445), (0.34375, 0.381175), (0.34375, 0.38492), (0.34375, 0.445), (0.34375, 0.38492), (0.34375, 0.381175), (0.34375, 0.445), (0.34375, 0.381175), (0.34375, 0.439207), (0.34375, 0.439207), (0.34375, 0.381175), (0.34375, 0.370194), (0.34375, 0.275), (0.34375, 0.275), (0.34375, 0.275), (0.34375, 0.275), (0.34375, 0.275), (0.34375, 0.275), (0.34375, 0.275), (0.34375, 0.275), (0.34375, 0.275), (0.34375, 0.439207), (0.34375, 0.370194), (0.34375, 0.422224), (0.34375, 0.422224), (0.34375, 0.370194), (0.34375, 0.352725), (0.34375, 0.422224), (0.34375, 0.352725), (0.34375, 0.32996), (0.34375, 0.275), (0.34375, 0.275), (0.34375, 0.275), (0.34375, 0.422224), (0.34375, 0.32996), (0.34375, 0.395208), (0.34375, 0.275), (0.34375, 0.275), (0.34375, 0.275), (0.34375, 0.395208), (0.34375, 0.32996), (0.34375, 0.303449), (0.34375, 0.275), (0.34375, 0.275), (0.34375, 0.275), (0.34375, 0.395208), (0.34375, 0.303449), (0.34375, 0.275), (0.34375, 0.395208), (0.34375, 0.275), (0.34375, 0.275), (0.34375, 0.395208), (0.34375, 0.275), (0.34375, 0.275), (0.34375, 0.395208), (0.34375, 0.275), (0.34375, 0.36), (0.34375, 0.36), (0.34375, 0.275), (0.34375, 0.275), (0.34375, 0.36), (0.34375, 0.275), (0.34375, 0.318999), (0.34375, 0.318999), (0.34375, 0.275), (0.34375, 0.275), (0.34375, 0.275), (0.34375, 0.275), (0.34375, 0.275), (0.34375, 0.275), (0.34375, 0.275), (0.34375, 0.275), (0.34375, 0.275), (0.34375, 0.275), (0.34375, 0.275), (0.34375, 0.275), (0.34375, 0.275), (0.34375, 0.275), (0.34375, 0.36), (0.34375, 0.326764), (0.34375, 0.318999), (0.34375, 0.326764), (0.34375, 0.36), (0.34375, 0.375), (0.34375, 0.275), (0.34375, 0.275), (0.34375, 0.275), (0.34375, 0.275), (0.34375, 0.275), (0.34375, 0.275), (0.34375, 0.275), (0.34375, 0.275), (0.34375, 0.275), (0.34375, 0.275), (0.34375, 0.275), (0.34375, 0.275), (0.34375, 0.422224), (0.34375, 0.468185), (0.34375, 0.439207), (0.34375, 0.468185), (0.34375, 0.422224), (0.34375, 0.448205), (0.34375, 0.395208), (0.34375, 0.375), (0.34375, 0.36), (0.34375, 0.375), (0.34375, 0.395208), (0.34375, 0.416421), (0.34375, 0.395208), (0.34375, 0.448205), (0.34375, 0.416421), (0.34375, 0.448205), (0.34375, 0.395208), (0.34375, 0.422224), (0.34375, 0.275), (0.34375, 0.275), (0.34375, 0.275), (0.34375, 0.275), (0.34375, 0.275), (0.34375, 0.275), (0.34375, 0.326764), (0.34375, 0.275), (0.34375, 0.275), (0.34375, 0.275), (0.34375, 0.326764), (0.34375, 0.318999), (0.34375, 0.275), (0.34375, 0.275), (0.34375, 0.275), (0.34375, 0.275), (0.34375, 0.275), (0.34375, 0.275), (0.34375, 0.275), (0.34375, 0.275), (0.34375, 0.275), (0.34375, 0.275), (0.34375, 0.275), (0.34375, 0.275), (0.34375, 0.275), (0.34375, 0.275), (0.34375, 0.275), (0.34375, 0.275), (0.34375, 0.275), (0.34375, 0.275), (0.34375, 0.439207), (0.34375, 0.448205), (0.34375, 0.422224), (0.34375, 0.448205), (0.34375, 0.439207), (0.34375, 0.468185), (0.34375, 0.275), (0.34375, 0.275), (0.34375, 0.275), (0.34375, 0.275), (0.34375, 0.275), (0.34375, 0.275), (0.34375, 0.375), (0.34375, 0.326764), (0.34375, 0.326764), (0.34375, 0.326764), (0.34375, 0.375), (0.34375, 0.375), (0.34375, 0.318999), (0.34375, 0.275), (0.34375, 0.275), (0.34375, 0.275), (0.34375, 0.318999), (0.34375, 0.36), (0.34375, 0.275), (0.34375, 0.36), (0.34375, 0.275), (0.34375, 0.275), (0.34375, 0.36), (0.34375, 0.395208), (0.34375, 0.275), (0.34375, 0.395208), (0.34375, 0.275), (0.34375, 0.275), (0.34375, 0.395208), (0.34375, 0.422224), (0.34375, 0.275), (0.34375, 0.422224), (0.34375, 0.275), (0.34375, 0.275), (0.34375, 0.422224), (0.34375, 0.439207), (0.34375, 0.275), (0.34375, 0.439207), (0.34375, 0.275), (0.34375, 0.275), (0.34375, 0.439207), (0.34375, 0.445), (0.34375, 0.275), (0.34375, 0.445), (0.34375, 0.275), (0.34375, 0.275), (0.34375, 0.445), (0.34375, 0.439207), (0.34375, 0.275), (0.34375, 0.439207), (0.34375, 0.275), (0.34375, 0.275), (0.34375, 0.439207), (0.34375, 0.422224), (0.34375, 0.275), (0.34375, 0.422224), (0.34375, 0.275), (0.34375, 0.275), (0.34375, 0.422224), (0.34375, 0.395208), (0.34375, 0.275), (0.34375, 0.395208), (0.34375, 0.275), (0.34375, 0.275), (0.34375, 0.395208), (0.34375, 0.36), (0.34375, 0.275), (0.34375, 0.36), (0.34375, 0.275), (0.34375, 0.275), (0.34375, 0.36), (0.34375, 0.318999), (0.34375, 0.275), (0.34375, 0.318999), (0.34375, 0.275), (0.34375, 0.275), (0.34375, 0.318999), (0.34375, 0.275), (0.34375, 0.318999), (0.34375, 0.275), (0.34375, 0.275), (0.34375, 0.275), (0.34375, 0.318999), (0.34375, 0.326764), (0.34375, 0.275), (0.34375, 0.275), (0.34375, 0.275), (0.34375, 0.275), (0.34375, 0.275), (0.34375, 0.275), (0.34375, 0.275), (0.34375, 0.275), (0.34375, 0.275), (0.34375, 0.275), (0.34375, 0.275), (0.34375, 0.275), (0.34375, 0.439207), (0.34375, 0.475), (0.34375, 0.445), (0.34375, 0.475), (0.34375, 0.439207), (0.34375, 0.468185), (0.34375, 0.275), (0.34375, 0.275), (0.34375, 0.275), (0.34375, 0.275), (0.34375, 0.275), (0.34375, 0.275), (0.46875, 0.275), (0.46875, 0.275), (0.46875, 0.275), (0.46875, 0.275), (0.46875, 0.275), (0.46875, 0.275), (0.46875, 0.289174), (0.46875, 0.275), (0.46875, 0.275), (0.46875, 0.275), (0.46875, 0.289174), (0.46875, 0.293898), (0.46875, 0.275), (0.46875, 0.275), (0.46875, 0.275), (0.46875, 0.275), (0.46875, 0.275), (0.46875, 0.275), (0.46875, 0.293898), (0.46875, 0.302381), (0.46875, 0.289174), (0.46875, 0.302381), (0.46875, 0.293898), (0.46875, 0.311509), (0.46875, 0.275), (0.46875, 0.275), (0.46875, 0.275), (0.46875, 0.275), (0.46875, 0.275), (0.46875, 0.275), (0.46875, 0.338234), (0.46875, 0.313723), (0.46875, 0.322426), (0.46875, 0.313723), (0.46875, 0.338234), (0.46875, 0.326631), (0.46875, 0.275), (0.46875, 0.275), (0.46875, 0.275), (0.46875, 0.275), (0.46875, 0.275), (0.46875, 0.275), (0.46875, 0.275), (0.46875, 0.275), (0.46875, 0.275), (0.46875, 0.275), (0.46875, 0.275), (0.46875, 0.275), (0.46875, 0.275), (0.46875, 0.275), (0.46875, 0.275), (0.46875, 0.275), (0.46875, 0.275), (0.46875, 0.275), (0.46875, 0.311509), (0.46875, 0.313723), (0.46875, 0.302381), (0.46875, 0.313723), (0.46875, 0.311509), (0.46875, 0.326631), (0.46875, 0.313723), (0.46875, 0.311509), (0.46875, 0.302381), (0.46875, 0.311509), (0.46875, 0.313723), (0.46875, 0.326631), (0.46875, 0.345529), (0.46875, 0.329763), (0.46875, 0.327897), (0.46875, 0.329763), (0.46875, 0.345529), (0.46875, 0.348017), (0.46875, 0.275), (0.46875, 0.275), (0.46875, 0.275), (0.46875, 0.275), (0.46875, 0.275), (0.46875, 0.275), (0.46875, 0.326631), (0.46875, 0.322426), (0.46875, 0.313723), (0.46875, 0.322426), (0.46875, 0.326631), (0.46875, 0.338234), (0.46875, 0.275), (0.46875, 0.275), (0.46875, 0.275), (0.46875, 0.275), (0.46875, 0.275), (0.46875, 0.275), (0.46875, 0.275), (0.46875, 0.275), (0.46875, 0.275), (0.46875, 0.275), (0.46875, 0.275), (0.46875, 0.275), (0.46875, 0.338234), (0.46875, 0.327897), (0.46875, 0.322426), (0.46875, 0.327897), (0.46875, 0.338234), (0.46875, 0.345529), (0.46875, 0.275), (0.46875, 0.289174), (0.46875, 0.275), (0.46875, 0.289174), (0.46875, 0.275), (0.46875, 0.275), (0.46875, 0.289174), (0.46875, 0.275), (0.46875, 0.302381), (0.46875, 0.302381), (0.46875, 0.275), (0.46875, 0.275), (0.46875, 0.302381), (0.46875, 0.275), (0.46875, 0.313723), (0.46875, 0.313723), (0.46875, 0.275), (0.46875, 0.275), (0.46875, 0.313723), (0.46875, 0.275), (0.46875, 0.322426), (0.46875, 0.322426), (0.46875, 0.275), (0.46875, 0.275), (0.46875, 0.322426), (0.46875, 0.275), (0.46875, 0.327897), (0.46875, 0.327897), (0.46875, 0.275), (0.46875, 0.275), (0.46875, 0.327897), (0.46875, 0.275), (0.46875, 0.329763), (0.46875, 0.329763), (0.46875, 0.275), (0.46875, 0.275), (0.46875, 0.329763), (0.46875, 0.275), (0.46875, 0.327897), (0.46875, 0.327897), (0.46875, 0.275), (0.46875, 0.275), (0.46875, 0.327897), (0.46875, 0.275), (0.46875, 0.322426), (0.46875, 0.322426), (0.46875, 0.275), (0.46875, 0.275), (0.46875, 0.322426), (0.46875, 0.275), (0.46875, 0.313723), (0.46875, 0.313723), (0.46875, 0.275), (0.46875, 0.275), (0.46875, 0.313723), (0.46875, 0.275), (0.46875, 0.302381), (0.46875, 0.302381), (0.46875, 0.275), (0.46875, 0.275), (0.46875, 0.302381), (0.46875, 0.275), (0.46875, 0.289174), (0.46875, 0.289174), (0.46875, 0.275), (0.46875, 0.275), (0.46875, 0.275), (0.46875, 0.289174), (0.46875, 0.275), (0.46875, 0.289174), (0.46875, 0.275), (0.46875, 0.293898), (0.46875, 0.345529), (0.46875, 0.322426), (0.46875, 0.327897), (0.46875, 0.322426), (0.46875, 0.345529), (0.46875, 0.338234), (0.46875, 0.275), (0.46875, 0.275), (0.46875, 0.275), (0.46875, 0.275), (0.46875, 0.275), (0.46875, 0.275), (0.46875, 0.275), (0.46875, 0.275), (0.46875, 0.275), (0.46875, 0.275), (0.46875, 0.275), (0.46875, 0.275), (0.46875, 0.348017), (0.46875, 0.327897), (0.46875, 0.329763), (0.46875, 0.327897), (0.46875, 0.348017), (0.46875, 0.345529), (0.46875, 0.275), (0.46875, 0.275), (0.46875, 0.275), (0.46875, 0.275), (0.46875, 0.275), (0.46875, 0.275), (0.46875, 0.302381), (0.46875, 0.293898), (0.46875, 0.289174), (0.46875, 0.293898), (0.46875, 0.302381), (0.46875, 0.311509), (0.46875, 0.400882), (0.46875, 0.349118), (0.46875, 0.375), (0.46875, 0.349118), (0.46875, 0.400882), (0.46875, 0.425), (0.46875, 0.349118), (0.46875, 0.425), (0.46875, 0.325), (0.46875, 0.325), (0.46875, 0.425), (0.46875, 0.304289), (0.46875, 0.304289), (0.46875, 0.425), (0.46875, 0.445711), (0.46875, 0.304289), (0.46875, 0.445711), (0.46875, 0.375), (0.46875, 0.445711), (0.46875, 0.392193), (0.46875, 0.375), (0.46875, 0.304289), (0.46875, 0.375), (0.46875, 0.357807), (0.46875, 0.392193), (0.46875, 0.445711), (0.46875, 0.461603), (0.46875, 0.392193), (0.46875, 0.461603), (0.46875, 0.408214), (0.46875, 0.408214), (0.46875, 0.461603), (0.46875, 0.421971), (0.46875, 0.304289), (0.46875, 0.357807), (0.46875, 0.288397), (0.46875, 0.288397), (0.46875, 0.357807), (0.46875, 0.341786), (0.46875, 0.288397), (0.46875, 0.341786), (0.46875, 0.328029), (0.46875, 0.421971), (0.46875, 0.461603), (0.46875, 0.471593), (0.46875, 0.421971), (0.46875, 0.471593), (0.46875, 0.432528), (0.46875, 0.432528), (0.46875, 0.471593), (0.46875, 0.439164), (0.46875, 0.439164), (0.46875, 0.471593), (0.46875, 0.475), (0.46875, 0.439164), (0.46875, 0.475), (0.46875, 0.441427), (0.46875, 0.288397), (0.46875, 0.328029), (0.46875, 0.278407), (0.46875, 0.278407), (0.46875, 0.328029), (0.46875, 0.317472), (0.46875, 0.278407), (0.46875, 0.317472), (0.46875, 0.310836), (0.46875, 0.441427), (0.46875, 0.475), (0.46875, 0.471593), (0.46875, 0.441427), (0.46875, 0.471593), (0.46875, 0.439164), (0.46875, 0.439164), (0.46875, 0.471593), (0.46875, 0.432528), (0.46875, 0.278407), (0.46875, 0.310836), (0.46875, 0.275), (0.46875, 0.275), (0.46875, 0.310836), (0.46875, 0.308573), (0.46875, 0.275), (0.46875, 0.308573), (0.46875, 0.310836), (0.46875, 0.275), (0.46875, 0.310836), (0.46875, 0.278407), (0.46875, 0.278407), (0.46875, 0.310836), (0.46875, 0.317472), (0.46875, 0.432528), (0.46875, 0.471593), (0.46875, 0.461603), (0.46875, 0.432528), (0.46875, 0.461603), (0.46875, 0.421971), (0.46875, 0.421971), (0.46875, 0.461603), (0.46875, 0.408214), (0.46875, 0.278407), (0.46875, 0.317472), (0.46875, 0.288397), (0.46875, 0.288397), (0.46875, 0.317472), (0.46875, 0.328029), (0.46875, 0.288397), (0.46875, 0.328029), (0.46875, 0.341786), (0.46875, 0.408214), (0.46875, 0.461603), (0.46875, 0.445711), (0.46875, 0.288397), (0.46875, 0.341786), (0.46875, 0.304289), (0.46875, 0.408214), (0.46875, 0.445711), (0.46875, 0.392193), (0.46875, 0.304289), (0.46875, 0.341786), (0.46875, 0.357807), (0.46875, 0.392193), (0.46875, 0.445711), (0.46875, 0.375), (0.46875, 0.304289), (0.46875, 0.357807), (0.46875, 0.375), (0.46875, 0.304289), (0.46875, 0.375), (0.46875, 0.445711), (0.46875, 0.304289), (0.46875, 0.445711), (0.46875, 0.425), (0.46875, 0.304289), (0.46875, 0.425), (0.46875, 0.325), (0.46875, 0.325), (0.46875, 0.425), (0.46875, 0.400882), (0.46875, 0.325), (0.46875, 0.400882), (0.46875, 0.349118), (0.46875, 0.349118), (0.46875, 0.400882), (0.46875, 0.375)] (interpolation = "faceVarying")
        uniform token subdivisionScheme = "none"
        rel material:binding = </Vehicle/Materials/colormap>
    }
    def Scope "Materials" {
        def Material "colormap" {
            token outputs:surface.connect = </Vehicle/Materials/colormap/surface.outputs:surface>
            def Shader "surface" {
                uniform token info:id = "UsdPreviewSurface"
                float inputs:roughness = 0.7
                float inputs:metallic = 0
                color3f inputs:diffuseColor.connect = </Vehicle/Materials/colormap/texture.outputs:rgb>
                token outputs:surface
            }
            def Shader "stReader" {
                uniform token info:id = "UsdPrimvarReader_float2"
                token inputs:varname = "st"
                float2 outputs:result
            }
            def Shader "texture" {
                uniform token info:id = "UsdUVTexture"
                asset inputs:file = @kenney-car-colormap.png@
                float2 inputs:st.connect = </Vehicle/Materials/colormap/stReader.outputs:result>
                token inputs:wrapS = "repeat"
                token inputs:wrapT = "repeat"
                float3 outputs:rgb
            }
        }
    }
}
