#usda 1.0
(
    defaultPrim = "Vehicle"
    metersPerUnit = 1
    upAxis = "Y"
)
def Xform "Vehicle" {
    def Mesh "mesh_colormap" {
        int[] faceVertexCounts = [3, 3, 3, 3, 3, 3, 3, 3, 3, 3, 3, 3, 3, 3, 3, 3, 3, 3, 3, 3, 3, 3, 3, 3, 3, 3, 3, 3, 3, 3, 3, 3, 3, 3, 3, 3, 3, 3, 3, 3, 3, 3, 3, 3, 3, 3, 3, 3, 3, 3, 3, 3, 3, 3, 3, 3, 3, 3, 3, 3, 3, 3, 3, 3, 3, 3, 3, 3, 3, 3, 3, 3, 3, 3, 3, 3, 3, 3, 3, 3, 3, 3, 3, 3, 3, 3, 3, 3, 3, 3, 3, 3, 3, 3, 3, 3, 3, 3, 3, 3, 3, 3, 3, 3, 3, 3, 3, 3, 3, 3, 3, 3, 3, 3, 3, 3, 3, 3, 3, 3, 3, 3, 3, 3, 3, 3, 3, 3, 3, 3, 3, 3, 3, 3, 3, 3, 3, 3, 3, 3, 3, 3, 3, 3, 3, 3, 3, 3, 3, 3, 3, 3, 3, 3, 3, 3, 3, 3, 3, 3, 3, 3, 3, 3, 3, 3, 3, 3, 3, 3, 3, 3, 3, 3, 3, 3, 3, 3, 3, 3, 3, 3, 3, 3, 3, 3, 3, 3, 3, 3, 3, 3, 3, 3, 3, 3, 3, 3, 3, 3, 3, 3, 3, 3, 3, 3, 3, 3, 3, 3, 3, 3, 3, 3, 3, 3, 3, 3, 3, 3, 3, 3, 3, 3, 3, 3, 3, 3, 3, 3, 3, 3, 3, 3, 3, 3, 3, 3, 3, 3, 3, 3, 3, 3, 3, 3, 3, 3, 3, 3, 3, 3, 3, 3, 3, 3, 3, 3, 3, 3, 3, 3, 3, 3, 3, 3, 3, 3, 3, 3, 3, 3, 3, 3, 3, 3, 3, 3, 3, 3, 3, 3, 3, 3, 3, 3, 3, 3, 3, 3, 3, 3, 3, 3, 3, 3, 3, 3, 3, 3, 3, 3, 3, 3, 3, 3, 3, 3, 3, 3, 3, 3, 3, 3, 3, 3, 3, 3, 3, 3, 3, 3, 3, 3, 3, 3, 3, 3, 3, 3, 3, 3, 3, 3, 3, 3, 3, 3, 3, 3, 3, 3, 3, 3, 3, 3, 3, 3, 3, 3, 3, 3, 3, 3, 3, 3, 3, 3, 3, 3, 3, 3, 3, 3, 3, 3, 3, 3, 3, 3, 3, 3, 3, 3, 3, 3, 3, 3, 3, 3, 3, 3, 3, 3, 3, 3, 3, 3, 3, 3, 3, 3, 3, 3, 3, 3, 3, 3, 3, 3, 3, 3, 3, 3, 3, 3, 3, 3, 3, 3, 3, 3, 3, 3, 3, 3, 3, 3, 3, 3, 3, 3, 3, 3, 3, 3, 3, 3, 3, 3, 3, 3, 3, 3, 3, 3, 3, 3, 3, 3, 3, 3, 3, 3, 3, 3, 3, 3, 3, 3, 3, 3, 3, 3, 3, 3, 3, 3, 3, 3, 3, 3, 3, 3, 3, 3, 3, 3, 3, 3, 3, 3, 3, 3, 3, 3, 3, 3, 3, 3, 3, 3, 3, 3, 3, 3, 3, 3, 3, 3, 3, 3, 3, 3, 3, 3, 3, 3, 3, 3, 3, 3, 3, 3, 3, 3, 3, 3, 3, 3, 3, 3, 3, 3, 3, 3, 3, 3, 3, 3, 3, 3, 3, 3, 3, 3, 3, 3, 3, 3, 3, 3, 3, 3, 3, 3, 3, 3, 3, 3, 3, 3, 3, 3, 3, 3, 3, 3, 3, 3, 3, 3, 3, 3, 3, 3, 3, 3, 3, 3, 3, 3, 3, 3, 3, 3, 3, 3, 3, 3, 3, 3, 3, 3, 3, 3, 3, 3, 3, 3, 3, 3, 3, 3, 3, 3, 3, 3, 3, 3, 3, 3, 3, 3, 3, 3, 3, 3, 3, 3, 3, 3, 3, 3, 3, 3, 3, 3, 3, 3, 3, 3, 3, 3, 3, 3, 3, 3, 3, 3, 3, 3, 3, 3, 3, 3, 3, 3, 3, 3, 3, 3, 3, 3, 3, 3, 3, 3, 3, 3, 3, 3, 3, 3, 3, 3, 3, 3, 3, 3, 3, 3, 3, 3, 3, 3, 3, 3, 3, 3, 3, 3, 3, 3, 3, 3, 3, 3, 3, 3, 3, 3, 3, 3, 3, 3, 3, 3, 3, 3, 3, 3, 3, 3, 3, 3, 3, 3, 3, 3, 3, 3, 3, 3, 3, 3, 3, 3, 3, 3, 3, 3, 3, 3, 3, 3, 3, 3, 3, 3, 3, 3, 3, 3, 3, 3, 3, 3, 3, 3, 3, 3, 3, 3, 3, 3, 3, 3, 3, 3, 3, 3, 3, 3, 3, 3, 3, 3, 3, 3, 3, 3, 3, 3, 3, 3, 3, 3, 3, 3, 3, 3, 3, 3, 3, 3, 3, 3, 3, 3, 3, 3, 3, 3, 3, 3, 3, 3, 3, 3, 3, 3, 3, 3, 3, 3, 3, 3, 3, 3, 3, 3, 3, 3, 3, 3, 3, 3, 3, 3, 3, 3, 3, 3, 3, 3, 3, 3, 3, 3, 3, 3, 3, 3, 3, 3, 3, 3, 3, 3, 3, 3, 3, 3, 3, 3, 3, 3, 3, 3, 3, 3, 3, 3, 3, 3, 3, 3, 3, 3, 3, 3, 3, 3, 3, 3, 3, 3, 3, 3, 3, 3, 3, 3, 3, 3, 3, 3, 3, 3, 3, 3, 3, 3, 3, 3, 3, 3, 3, 3, 3, 3, 3, 3, 3, 3, 3, 3, 3, 3, 3, 3, 3, 3, 3, 3, 3, 3, 3, 3, 3, 3, 3, 3, 3, 3, 3, 3, 3, 3, 3, 3, 3, 3, 3, 3, 3, 3, 3, 3, 3, 3, 3, 3, 3, 3, 3, 3, 3, 3, 3, 3, 3, 3, 3, 3, 3, 3, 3, 3, 3, 3, 3, 3, 3, 3, 3, 3, 3, 3, 3, 3, 3, 3, 3, 3, 3, 3, 3, 3, 3, 3]
        int[] faceVertexIndices = [2, 1, 0, 1, 2, 3, 6, 5, 4, 5, 6, 7, 10, 9, 8, 9, 10, 11, 9, 12, 8, 12, 9, 13, 6, 13, 9, 13, 6, 4, 8, 15, 14, 15, 8, 12, 10, 14, 16, 14, 10, 8, 14, 1, 3, 1, 14, 15, 0, 7, 2, 7, 0, 5, 17, 7, 6, 7, 17, 18, 12, 1, 15, 1, 12, 0, 0, 12, 13, 0, 13, 4, 0, 4, 5, 11, 6, 9, 6, 11, 17, 7, 19, 2, 19, 7, 18, 16, 3, 20, 3, 16, 14, 23, 22, 21, 22, 23, 24, 25, 24, 23, 24, 25, 26, 27, 21, 22, 21, 27, 28, 29, 28, 27, 28, 29, 30, 30, 29, 31, 32, 26, 25, 26, 32, 33, 33, 32, 34, 36, 32, 35, 32, 36, 34, 38, 35, 37, 35, 38, 36, 31, 37, 30, 37, 31, 38, 24, 27, 22, 27, 24, 29, 29, 24, 39, 39, 24, 40, 40, 24, 33, 33, 24, 26, 43, 42, 41, 42, 43, 44, 45, 43, 41, 43, 45, 46, 48, 45, 47, 45, 48, 46, 48, 42, 44, 42, 48, 47, 51, 50, 49, 50, 51, 52, 53, 51, 49, 51, 53, 54, 56, 53, 55, 53, 56, 54, 56, 50, 52, 50, 56, 55, 59, 58, 57, 58, 59, 60, 62, 58, 61, 58, 62, 57, 63, 62, 61, 62, 63, 64, 62, 59, 57, 59, 62, 64, 19, 3, 2, 3, 19, 20, 20, 19, 65, 65, 19, 66, 65, 66, 67, 67, 66, 68, 69, 20, 65, 20, 69, 70, 70, 69, 71, 70, 71, 72, 75, 74, 73, 74, 75, 76, 76, 77, 74, 77, 76, 78, 78, 79, 77, 79, 78, 80, 79, 82, 81, 82, 79, 80, 85, 84, 83, 84, 85, 86, 86, 85, 87, 90, 89, 88, 89, 90, 91, 91, 90, 92, 67, 87, 85, 87, 67, 68, 85, 65, 67, 65, 85, 83, 69, 91, 71, 91, 69, 89, 72, 91, 92, 91, 72, 71, 90, 72, 92, 90, 70, 72, 70, 90, 82, 82, 93, 70, 93, 82, 94, 94, 82, 80, 94, 80, 95, 95, 80, 78, 95, 78, 96, 96, 78, 76, 96, 76, 75, 96, 75, 97, 97, 75, 86, 86, 66, 97, 86, 68, 66, 68, 86, 87, 96, 18, 17, 18, 96, 97, 18, 66, 19, 66, 18, 97, 95, 17, 11, 17, 95, 96, 93, 10, 16, 10, 93, 94, 75, 84, 86, 84, 75, 73, 94, 11, 10, 11, 94, 95, 93, 20, 70, 20, 93, 16, 81, 90, 88, 90, 81, 82, 100, 99, 98, 99, 100, 101, 101, 102, 99, 102, 101, 103, 106, 105, 104, 105, 106, 107, 106, 98, 107, 98, 106, 100, 104, 109, 108, 109, 104, 105, 102, 111, 110, 111, 102, 103, 110, 113, 112, 113, 110, 111, 116, 115, 114, 115, 116, 117, 108, 115, 117, 115, 108, 109, 112, 116, 114, 116, 112, 113, 117, 104, 108, 104, 117, 106, 106, 117, 116, 106, 116, 100, 100, 116, 101, 101, 116, 103, 103, 116, 111, 111, 116, 113, 107, 109, 105, 109, 107, 115, 115, 107, 114, 114, 107, 98, 114, 98, 99, 114, 99, 102, 114, 102, 110, 114, 110, 112, 8, 3, 14, 3, 8, 2, 2, 8, 9, 2, 9, 6, 2, 6, 7, 118, 84, 73, 74, 118, 73, 119, 84, 118, 120, 84, 119, 74, 121, 118, 84, 120, 83, 121, 83, 120, 77, 121, 74, 121, 77, 83, 77, 65, 83, 77, 69, 65, 77, 89, 69, 77, 122, 89, 79, 122, 77, 123, 89, 122, 124, 89, 123, 89, 124, 88, 79, 125, 122, 125, 88, 124, 81, 125, 79, 125, 81, 88, 128, 127, 126, 127, 128, 129, 127, 129, 130, 130, 131, 127, 130, 129, 132, 131, 130, 133, 132, 129, 134, 131, 133, 135, 134, 129, 136, 134, 136, 137, 131, 135, 138, 138, 135, 139, 138, 139, 140, 138, 140, 141, 141, 140, 142, 137, 136, 143, 137, 143, 144, 144, 143, 145, 141, 142, 146, 145, 143, 147, 146, 142, 148, 145, 147, 148, 146, 148, 147, 146, 147, 149, 150, 146, 149, 146, 150, 151, 126, 152, 128, 152, 126, 153, 138, 155, 154, 155, 138, 141, 156, 151, 150, 157, 151, 156, 156, 158, 157, 159, 151, 157, 159, 155, 151, 160, 155, 159, 161, 158, 156, 161, 162, 158, 161, 163, 162, 164, 163, 161, 164, 165, 163, 166, 165, 164, 166, 167, 165, 160, 154, 155, 168, 154, 160, 169, 154, 168, 169, 170, 154, 171, 170, 169, 152, 167, 166, 171, 172, 170, 152, 173, 167, 172, 171, 173, 152, 172, 173, 172, 152, 153, 127, 170, 172, 170, 127, 131, 126, 172, 153, 172, 126, 127, 147, 161, 156, 161, 147, 143, 136, 166, 164, 166, 136, 129, 128, 166, 129, 166, 128, 152, 131, 154, 170, 154, 131, 138, 156, 149, 147, 149, 156, 150, 143, 164, 161, 164, 143, 136, 155, 146, 151, 146, 155, 141, 176, 175, 174, 175, 176, 177, 175, 177, 178, 178, 179, 175, 178, 177, 180, 179, 178, 181, 180, 177, 182, 179, 181, 183, 182, 177, 184, 182, 184, 185, 179, 183, 186, 186, 183, 187, 186, 187, 188, 186, 188, 189, 189, 188, 190, 185, 184, 191, 185, 191, 192, 192, 191, 193, 189, 190, 194, 193, 191, 195, 194, 190, 196, 193, 195, 196, 194, 196, 195, 194, 195, 197, 198, 194, 197, 194, 198, 199, 174, 200, 176, 200, 174, 201, 186, 203, 202, 203, 186, 189, 204, 199, 198, 205, 199, 204, 204, 206, 205, 207, 199, 205, 207, 203, 199, 208, 203, 207, 209, 206, 204, 209, 210, 206, 209, 211, 210, 212, 211, 209, 212, 213, 211, 214, 213, 212, 214, 215, 213, 208, 202, 203, 216, 202, 208, 217, 202, 216, 217, 218, 202, 219, 218, 217, 200, 215, 214, 219, 220, 218, 200, 221, 215, 220, 219, 221, 200, 220, 221, 220, 200, 201, 175, 218, 220, 218, 175, 179, 174, 220, 201, 220, 174, 175, 195, 209, 204, 209, 195, 191, 184, 214, 212, 214, 184, 177, 176, 214, 177, 214, 176, 200, 179, 202, 218, 202, 179, 186, 204, 197, 195, 197, 204, 198, 191, 212, 209, 212, 191, 184, 203, 194, 199, 194, 203, 189, 169, 223, 222, 223, 169, 168, 163, 225, 224, 225, 163, 165, 134, 227, 226, 227, 134, 137, 228, 130, 132, 130, 228, 229, 231, 159, 230, 159, 231, 160, 168, 231, 223, 231, 168, 160, 228, 232, 229, 232, 228, 226, 232, 226, 233, 233, 226, 227, 233, 227, 234, 234, 227, 235, 234, 235, 236, 236, 235, 237, 236, 237, 238, 238, 237, 239, 144, 237, 235, 237, 144, 145, 137, 235, 227, 235, 137, 144, 173, 241, 240, 241, 173, 171, 232, 130, 229, 130, 232, 133, 171, 222, 241, 222, 171, 169, 167, 225, 165, 225, 167, 242, 140, 234, 236, 234, 140, 139, 173, 242, 167, 242, 173, 240, 158, 244, 243, 244, 158, 162, 148, 237, 145, 237, 148, 239, 135, 232, 233, 232, 135, 133, 245, 159, 157, 159, 245, 230, 139, 233, 234, 233, 139, 135, 142, 239, 148, 239, 142, 238, 226, 132, 134, 132, 226, 228, 162, 224, 244, 224, 162, 163, 243, 157, 158, 157, 243, 245, 142, 236, 238, 236, 142, 140, 217, 247, 246, 247, 217, 216, 211, 249, 248, 249, 211, 213, 182, 251, 250, 251, 182, 185, 252, 178, 180, 178, 252, 253, 255, 207, 254, 207, 255, 208, 216, 255, 247, 255, 216, 208, 252, 256, 253, 256, 252, 250, 256, 250, 257, 257, 250, 251, 257, 251, 258, 258, 251, 259, 258, 259, 260, 260, 259, 261, 260, 261, 262, 262, 261, 263, 192, 261, 259, 261, 192, 193, 185, 259, 251, 259, 185, 192, 221, 265, 264, 265, 221, 219, 256, 178, 253, 178, 256, 181, 219, 246, 265, 246, 219, 217, 215, 249, 213, 249, 215, 266, 188, 258, 260, 258, 188, 187, 221, 266, 215, 266, 221, 264, 206, 268, 267, 268, 206, 210, 196, 261, 193, 261, 196, 263, 183, 256, 257, 256, 183, 181, 269, 207, 205, 207, 269, 254, 187, 257, 258, 257, 187, 183, 190, 263, 196, 263, 190, 262, 250, 180, 182, 180, 250, 252, 210, 248, 268, 248, 210, 211, 267, 205, 206, 205, 267, 269, 190, 260, 262, 260, 190, 188, 272, 271, 270, 271, 272, 273, 273, 274, 271, 274, 273, 275, 275, 276, 274, 276, 275, 277, 2, 1, 0, 1, 2, 3, 6, 5, 4, 5, 6, 7, 10, 9, 8, 9, 10, 11, 9, 12, 8, 12, 9, 13, 6, 13, 9, 13, 6, 4, 8, 15, 14, 15, 8, 12, 10, 14, 16, 14, 10, 8, 14, 1, 3, 1, 14, 15, 0, 7, 2, 7, 0, 5, 17, 7, 6, 7, 17, 18, 12, 1, 15, 1, 12, 0, 0, 12, 13, 0, 13, 4, 0, 4, 5, 11, 6, 9, 6, 11, 17, 7, 19, 2, 19, 7, 18, 16, 3, 20, 3, 16, 14, 23, 22, 21, 22, 23, 24, 25, 24, 23, 24, 25, 26, 27, 21, 22, 21, 27, 28, 29, 28, 27, 28, 29, 30, 30, 29, 31, 32, 26, 25, 26, 32, 33, 33, 32, 34, 36, 32, 35, 32, 36, 34, 38, 35, 37, 35, 38, 36, 31, 37, 30, 37, 31, 38, 24, 27, 22, 27, 24, 29, 29, 24, 39, 39, 24, 40, 40, 24, 33, 33, 24, 26, 43, 42, 41, 42, 43, 44, 45, 43, 41, 43, 45, 46, 48, 45, 47, 45, 48, 46, 48, 42, 44, 42, 48, 47, 51, 50, 49, 50, 51, 52, 53, 51, 49, 51, 53, 54, 56, 53, 55, 53, 56, 54, 56, 50, 52, 50, 56, 55, 59, 58, 57, 58, 59, 60, 62, 58, 61, 58, 62, 57, 63, 62, 61, 62, 63, 64, 62, 59, 57, 59, 62, 64, 19, 3, 2, 3, 19, 20, 20, 19, 65, 65, 19, 66, 65, 66, 67, 67, 66, 68, 69, 20, 65, 20, 69, 70, 70, 69, 71, 70, 71, 72, 75, 74, 73, 74, 75, 76, 76, 77, 74, 77, 76, 78, 78, 79, 77, 79, 78, 80, 79, 82, 81, 82, 79, 80, 85, 84, 83, 84, 85, 86, 86, 85, 87, 90, 89, 88, 89, 90, 91, 91, 90, 92, 67, 87, 85, 87, 67, 68, 85, 65, 67, 65, 85, 83, 69, 91, 71, 91, 69, 89, 72, 91, 92, 91, 72, 71, 90, 72, 92, 90, 70, 72, 70, 90, 82, 82, 93, 70, 93, 82, 94, 94, 82, 80, 94, 80, 95, 95, 80, 78, 95, 78, 96, 96, 78, 76, 96, 76, 75, 96, 75, 97, 97, 75, 86, 86, 66, 97, 86, 68, 66, 68, 86, 87, 96, 18, 17, 18, 96, 97, 18, 66, 19, 66, 18, 97, 95, 17, 11, 17, 95, 96, 93, 10, 16, 10, 93, 94, 75, 84, 86, 84, 75, 73, 94, 11, 10, 11, 94, 95, 93, 20, 70, 20, 93, 16, 81, 90, 88, 90, 81, 82, 100, 99, 98, 99, 100, 101, 101, 102, 99, 102, 101, 103, 106, 105, 104, 105, 106, 107, 106, 98, 107, 98, 106, 100, 104, 109, 108, 109, 104, 105, 102, 111, 110, 111, 102, 103, 110, 113, 112, 113, 110, 111, 116, 115, 114, 115, 116, 117, 108, 115, 117, 115, 108, 109, 112, 116, 114, 116, 112, 113, 117, 104, 108, 104, 117, 106, 106, 117, 116, 106, 116, 100, 100, 116, 101, 101, 116, 103, 103, 116, 111, 111, 116, 113, 107, 109, 105, 109, 107, 115, 115, 107, 114, 114, 107, 98, 114, 98, 99, 114, 99, 102, 114, 102, 110, 114, 110, 112, 8, 3, 14, 3, 8, 2, 2, 8, 9, 2, 9, 6, 2, 6, 7, 118, 84, 73, 74, 118, 73, 119, 84, 118, 120, 84, 119, 74, 121, 118, 84, 120, 83, 121, 83, 120, 77, 121, 74, 121, 77, 83, 77, 65, 83, 77, 69, 65, 77, 89, 69, 77, 122, 89, 79, 122, 77, 123, 89, 122, 124, 89, 123, 89, 124, 88, 79, 125, 122, 125, 88, 124, 81, 125, 79, 125, 81, 88, 128, 127, 126, 127, 128, 129, 127, 129, 130, 130, 131, 127, 130, 129, 132, 131, 130, 133, 132, 129, 134, 131, 133, 135, 134, 129, 136, 134, 136, 137, 131, 135, 138, 138, 135, 139, 138, 139, 140, 138, 140, 141, 141, 140, 142, 137, 136, 143, 137, 143, 144, 144, 143, 145, 141, 142, 146, 145, 143, 147, 146, 142, 148, 145, 147, 148, 146, 148, 147, 146, 147, 149, 150, 146, 149, 146, 150, 151, 126, 152, 128, 152, 126, 153, 138, 155, 154, 155, 138, 141, 156, 151, 150, 157, 151, 156, 156, 158, 157, 159, 151, 157, 159, 155, 151, 160, 155, 159, 161, 158, 156, 161, 162, 158, 161, 163, 162, 164, 163, 161, 164, 165, 163, 166, 165, 164, 166, 167, 165, 160, 154, 155, 168, 154, 160, 169, 154, 168, 169, 170, 154, 171, 170, 169, 152, 167, 166, 171, 172, 170, 152, 173, 167, 172, 171, 173, 152, 172, 173, 172, 152, 153, 127, 170, 172, 170, 127, 131, 126, 172, 153, 172, 126, 127, 147, 161, 156, 161, 147, 143, 136, 166, 164, 166, 136, 129, 128, 166, 129, 166, 128, 152, 131, 154, 170, 154, 131, 138, 156, 149, 147, 149, 156, 150, 143, 164, 161, 164, 143, 136, 155, 146, 151, 146, 155, 141, 176, 175, 174, 175, 176, 177, 175, 177, 178, 178, 179, 175, 178, 177, 180, 179, 178, 181, 180, 177, 182, 179, 181, 183, 182, 177, 184, 182, 184, 185, 179, 183, 186, 186, 183, 187, 186, 187, 188, 186, 188, 189, 189, 188, 190, 185, 184, 191, 185, 191, 192, 192, 191, 193, 189, 190, 194, 193, 191, 195, 194, 190, 196, 193, 195, 196, 194, 196, 195, 194, 195, 197, 198, 194, 197, 194, 198, 199, 174, 200, 176, 200, 174, 201, 186, 203, 202, 203, 186, 189, 204, 199, 198, 205, 199, 204, 204, 206, 205, 207, 199, 205, 207, 203, 199, 208, 203, 207, 209, 206, 204, 209, 210, 206, 209, 211, 210, 212, 211, 209, 212, 213, 211, 214, 213, 212, 214, 215, 213, 208, 202, 203, 216, 202, 208, 217, 202, 216, 217, 218, 202, 219, 218, 217, 200, 215, 214, 219, 220, 218, 200, 221, 215, 220, 219, 221, 200, 220, 221, 220, 200, 201, 175, 218, 220, 218, 175, 179, 174, 220, 201, 220, 174, 175, 195, 209, 204, 209, 195, 191, 184, 214, 212, 214, 184, 177, 176, 214, 177, 214, 176, 200, 179, 202, 218, 202, 179, 186, 204, 197, 195, 197, 204, 198, 191, 212, 209, 212, 191, 184, 203, 194, 199, 194, 203, 189, 169, 223, 222, 223, 169, 168, 163, 225, 224, 225, 163, 165, 134, 227, 226, 227, 134, 137, 228, 130, 132, 130, 228, 229, 231, 159, 230, 159, 231, 160, 168, 231, 223, 231, 168, 160, 228, 232, 229, 232, 228, 226, 232, 226, 233, 233, 226, 227, 233, 227, 234, 234, 227, 235, 234, 235, 236, 236, 235, 237, 236, 237, 238, 238, 237, 239, 144, 237, 235, 237, 144, 145, 137, 235, 227, 235, 137, 144, 173, 241, 240, 241, 173, 171, 232, 130, 229, 130, 232, 133, 171, 222, 241, 222, 171, 169, 167, 225, 165, 225, 167, 242, 140, 234, 236, 234, 140, 139, 173, 242, 167, 242, 173, 240, 158, 244, 243, 244, 158, 162, 148, 237, 145, 237, 148, 239, 135, 232, 233, 232, 135, 133, 245, 159, 157, 159, 245, 230, 139, 233, 234, 233, 139, 135, 142, 239, 148, 239, 142, 238, 226, 132, 134, 132, 226, 228, 162, 224, 244, 224, 162, 163, 243, 157, 158, 157, 243, 245, 142, 236, 238, 236, 142, 140, 217, 247, 246, 247, 217, 216, 211, 249, 248, 249, 211, 213, 182, 251, 250, 251, 182, 185, 252, 178, 180, 178, 252, 253, 255, 207, 254, 207, 255, 208, 216, 255, 247, 255, 216, 208, 252, 256, 253, 256, 252, 250, 256, 250, 257, 257, 250, 251, 257, 251, 258, 258, 251, 259, 258, 259, 260, 260, 259, 261, 260, 261, 262, 262, 261, 263, 192, 261, 259, 261, 192, 193, 185, 259, 251, 259, 185, 192, 221, 265, 264, 265, 221, 219, 256, 178, 253, 178, 256, 181, 219, 246, 265, 246, 219, 217, 215, 249, 213, 249, 215, 266, 188, 258, 260, 258, 188, 187, 221, 266, 215, 266, 221, 264, 206, 268, 267, 268, 206, 210, 196, 261, 193, 261, 196, 263, 183, 256, 257, 256, 183, 181, 269, 207, 205, 207, 269, 254, 187, 257, 258, 257, 187, 183, 190, 263, 196, 263, 190, 262, 250, 180, 182, 180, 250, 252, 210, 248, 268, 248, 210, 211, 267, 205, 206, 205, 267, 269, 190, 260, 262, 260, 190, 188, 272, 271, 270, 271, 272, 273, 273, 274, 271, 274, 273, 275, 275, 276, 274, 276, 275, 277]
        point3f[] points = [(-0.408, 9.02389e-17, -1.535), (0.408, 9.02389e-17, -1.535), (-0.68, 0.3, -1.735), (0.68, 0.3, -1.735), (-0.2232, 9.02389e-17, 0.821), (-0.408, 9.02389e-17, 0.665), (-0.372, 0.3, 1.285), (-0.68, 0.3, 1.025), (0.372, 0.3, 1.285), (4.67799e-13, 0.3, 1.385), (0.48825, 0.7, 1.60375), (5.94855e-13, 0.7, 1.735), (0.2232, 9.02389e-17, 0.821), (2.88765e-13, 9.02389e-17, 0.881), (0.68, 0.3, 1.025), (0.408, 0, 0.665), (0.8925, 0.7, 1.2625), (-0.48825, 0.7, 1.60375), (-0.8925, 0.7, 1.2625), (-0.8925, 0.7, -1.735), (0.8925, 0.7, -1.735), (0.5925, 0.8, -1.435), (0.5925, 1.5, -1.435), (-0.5925, 0.8, -1.435), (-0.5925, 1.5, -1.435), (-0.5925, 0.8, -0.248313), (-0.5925, 1.5, -0.248313), (0.5925, 1.5, -0.248313), (0.5925, 0.8, -0.248313), (0.533921, 1.5, -0.106892), (0.533921, 0.8, -0.106892), (0.533921, 1.15, -0.106892), (-0.533921, 0.8, -0.106892), (-0.533921, 1.5, -0.106892), (-0.533921, 1.15, -0.106892), (-0.3925, 0.8, -0.0483133), (-0.3925, 1.15, -0.0483133), (0.3925, 0.8, -0.0483133), (0.3925, 1.15, -0.0483133), (0.3925, 1.5, -0.0483133), (-0.3925, 1.5, -0.0483133), (-0.532282, 0.8, 0.751687), (-0.332282, 0.8, 0.751687), (-0.532282, 1.5, 0.751687), (-0.332282, 1.5, 0.751687), (-0.532282, 0.8, 0.951687), (-0.532282, 1.5, 0.951687), (-0.332282, 0.8, 0.951687), (-0.332282, 1.5, 0.951687), (0.332282, 0.8, 0.751687), (0.532282, 0.8, 0.751687), (0.332282, 1.5, 0.751687), (0.532282, 1.5, 0.751687), (0.332282, 0.8, 0.951687), (0.332282, 1.5, 0.951687), (0.532282, 0.8, 0.951687), (0.532282, 1.5, 0.951687), (-0.2, 0.95, 0.351687), (-0.2, 0.8, 0.351687), (-0.2, 1, -0.0483133), (-0.2, 0.8, -0.0483133), (0.2, 0.8, 0.351687), (0.2, 0.95, 0.351687), (0.2, 0.8, -0.0483133), (0.2, 1, -0.0483133), (-0.2925, 0.8, -1.735), (-0.8925, 1, -1.735), (-0.2925, 0.9, -1.735), (-0.4925, 1, -1.735), (0.2925, 0.8, -1.735), (0.8925, 1, -1.735), (0.2925, 0.9, -1.735), (0.4925, 1, -1.735), (-0.6925, 0.8, 1.1696), (-0.393293, 0.8, 1.42218), (-0.6925, 1, 1.1696), (-0.393293, 1, 1.42218), (5.19776e-13, 0.8, 1.5279), (5.19776e-13, 1, 1.5279), (0.393293, 0.8, 1.42218), (0.393293, 1, 1.42218), (0.6925, 0.8, 1.1696), (0.6925, 1, 1.1696), (-0.2925, 0.8, -1.535), (-0.6925, 0.8, -1.535), (-0.2925, 0.9, -1.535), (-0.6925, 1, -1.535), (-0.4925, 1, -1.535), (0.6925, 0.8, -1.535), (0.2925, 0.8, -1.535), (0.6925, 1, -1.535), (0.2925, 0.9, -1.535), (0.4925, 1, -1.535), (0.8925, 1, 1.2625), (0.48825, 1, 1.60375), (5.94855e-13, 1, 1.735), (-0.48825, 1, 1.60375), (-0.8925, 1, 1.2625), (0.432283, 1.5, 1.05169), (-0.432283, 1.5, 1.05169), (0.432283, 1.7, 1.05169), (-0.432283, 1.7, 1.05169), (-0.686995, 1.5, 0.946182), (-0.686995, 1.7, 0.946182), (0.7925, 1.7, 0.691469), (0.7925, 1.5, 0.691469), (0.686995, 1.7, 0.946182), (0.686995, 1.5, 0.946182), (0.7925, 1.7, -1.535), (0.7925, 1.5, -1.535), (-0.7925, 1.5, 0.691469), (-0.7925, 1.7, 0.691469), (-0.7925, 1.5, -1.535), (-0.7925, 1.7, -1.535), (-0.6925, 1.5, -1.635), (0.6925, 1.5, -1.635), (-0.6925, 1.7, -1.635), (0.6925, 1.7, -1.635), (-0.532282, 0.8, 0.951687), (-0.532282, 0.8, 0.751687), (-0.332282, 0.8, 0.751687), (-0.332282, 0.8, 0.951687), (0.332282, 0.8, 0.951687), (0.332282, 0.8, 0.751687), (0.532282, 0.8, 0.751687), (0.532282, 0.8, 0.951687), (0.34031, 2.237, -0.873313), (0.294717, 2.237, -0.703158), (0.294717, 2.237, -1.04347), (0.170155, 2.237, -1.16803), (0.217822, 2.237, -0.873313), (0.170155, 2.237, -0.578596), (0.18864, 2.237, -0.982224), (0.18864, 2.237, -0.764402), (0.108911, 2.237, -1.06195), (0.108911, 2.237, -0.684674), (1.285e-13, 2.237, -1.21362), (8.37417e-14, 2.237, -1.09114), (-1.21281e-13, 2.237, -0.533003), (-7.65226e-14, 2.237, -0.655491), (-0.108911, 2.237, -0.684674), (-0.170155, 2.237, -0.578596), (-0.18864, 2.237, -0.764402), (-0.170155, 2.237, -1.16803), (-0.108911, 2.237, -1.06195), (-0.18864, 2.237, -0.982224), (-0.294717, 2.237, -0.703158), (-0.294717, 2.237, -1.04347), (-0.217822, 2.237, -0.873313), (-0.34031, 2.237, -0.873313), (-0.318047, 1.9265, -0.873313), (-0.275437, 1.9265, -0.71429), (0.275437, 1.9265, -1.03234), (0.318047, 1.9265, -0.873313), (-1.12618e-13, 1.9265, -0.555266), (-0.159023, 1.9265, -0.597877), (-0.275437, 1.9265, -1.03234), (-0.261, 1.9265, -0.873313), (-0.226033, 1.9265, -1.00381), (-0.226033, 1.9265, -0.742813), (-0.1305, 1.9265, -0.647281), (-0.159023, 1.9265, -1.14875), (-0.1305, 1.9265, -1.09935), (9.96238e-14, 1.9265, -1.13431), (1.19837e-13, 1.9265, -1.19136), (0.1305, 1.9265, -1.09935), (0.159023, 1.9265, -1.14875), (0.226033, 1.9265, -1.00381), (-8.80732e-14, 1.9265, -0.612313), (0.1305, 1.9265, -0.647281), (0.159023, 1.9265, -0.597877), (0.226033, 1.9265, -0.742813), (0.275437, 1.9265, -0.71429), (0.261, 1.9265, -0.873313), (0.255233, 2.10275, 0.126687), (0.221038, 2.10275, 0.254303), (0.221038, 2.10275, -0.000929549), (0.127616, 2.10275, -0.0943511), (0.163367, 2.10275, 0.126687), (0.127616, 2.10275, 0.347725), (0.14148, 2.10275, 0.0450033), (0.14148, 2.10275, 0.20837), (0.0816834, 2.10275, -0.0147931), (0.0816834, 2.10275, 0.268166), (9.818e-14, 2.10275, -0.128546), (6.4972e-14, 2.10275, -0.03668), (-8.9517e-14, 2.10275, 0.381919), (-5.63091e-14, 2.10275, 0.290054), (-0.0816834, 2.10275, 0.268166), (-0.127616, 2.10275, 0.347725), (-0.14148, 2.10275, 0.20837), (-0.127616, 2.10275, -0.0943511), (-0.0816834, 2.10275, -0.0147931), (-0.14148, 2.10275, 0.0450033), (-0.221038, 2.10275, 0.254303), (-0.221038, 2.10275, -0.000929549), (-0.163367, 2.10275, 0.126687), (-0.255233, 2.10275, 0.126687), (-0.238535, 1.86987, 0.126687), (-0.206577, 1.86987, 0.245954), (0.206577, 1.86987, 0.00741918), (0.238535, 1.86987, 0.126687), (-8.22979e-14, 1.86987, 0.365222), (-0.119268, 1.86987, 0.333264), (-0.206577, 1.86987, 0.00741918), (-0.19575, 1.86987, 0.126687), (-0.169524, 1.86987, 0.0288117), (-0.169524, 1.86987, 0.224562), (-0.097875, 1.86987, 0.296211), (-0.119268, 1.86987, -0.0798907), (-0.097875, 1.86987, -0.0428377), (7.65226e-14, 1.86987, -0.0690633), (9.09608e-14, 1.86987, -0.111848), (0.097875, 1.86987, -0.0428377), (0.119268, 1.86987, -0.0798907), (0.169524, 1.86987, 0.0288117), (-6.4972e-14, 1.86987, 0.322437), (0.097875, 1.86987, 0.296211), (0.119268, 1.86987, 0.333264), (0.169524, 1.86987, 0.224562), (0.206577, 1.86987, 0.245954), (0.19575, 1.86987, 0.126687), (0.1125, 1.7, -0.678458), (-5.77529e-14, 1.7, -0.648313), (1.03955e-13, 1.7, -1.09831), (0.1125, 1.7, -1.06817), (0.100198, 1.937, -1.04686), (6.4972e-14, 1.937, -1.07371), (0.173548, 1.937, -0.973511), (0.200397, 1.937, -0.873313), (-0.194856, 1.7, -0.760813), (-0.1125, 1.7, -0.678458), (0.173548, 1.937, -0.773115), (0.100198, 1.937, -0.699765), (-8.37417e-14, 1.937, -0.672917), (-0.100198, 1.937, -1.04686), (-0.100198, 1.937, -0.699765), (-0.173548, 1.937, -0.973511), (-0.173548, 1.937, -0.773115), (-0.200397, 1.937, -0.873313), (0.225, 1.7, -0.873313), (0.194856, 1.7, -0.760813), (0.194856, 1.7, -0.985813), (-0.194856, 1.7, -0.985813), (-0.1125, 1.7, -1.06817), (-0.225, 1.7, -0.873313), (0.084375, 1.7, 0.272828), (-4.18709e-14, 1.7, 0.295437), (7.94103e-14, 1.7, -0.0420633), (0.084375, 1.7, -0.0194551), (0.0751487, 1.87775, -0.00347465), (5.05338e-14, 1.87775, -0.0236107), (0.130161, 1.87775, 0.051538), (0.150297, 1.87775, 0.126687), (-0.146142, 1.7, 0.211062), (-0.084375, 1.7, 0.272828), (0.130161, 1.87775, 0.201836), (0.0751487, 1.87775, 0.256848), (-6.20844e-14, 1.87775, 0.276984), (-0.0751487, 1.87775, -0.00347465), (-0.0751487, 1.87775, 0.256848), (-0.130161, 1.87775, 0.051538), (-0.130161, 1.87775, 0.201836), (-0.150297, 1.87775, 0.126687), (0.16875, 1.7, 0.126687), (0.146142, 1.7, 0.211062), (0.146142, 1.7, 0.0423117), (-0.146142, 1.7, 0.0423117), (-0.084375, 1.7, -0.0194551), (-0.16875, 1.7, 0.126687), (0.533921, 1.15, -0.106892), (0.3925, 1.15, -0.0483133), (0.533921, 1.5, -0.106892), (0.3925, 1.5, -0.0483133), (-0.3925, 1.15, -0.0483133), (-0.3925, 1.5, -0.0483133), (-0.533921, 1.15, -0.106892), (-0.533921, 1.5, -0.106892)]
        normal3f[] normals = [(0, -0.5547, -0.83205), (0, -0.5547, -0.83205), (0, -0.5547, -0.83205), (0, -0.5547, -0.83205), (0, -0.5547, -0.83205), (0, -0.5547, -0.83205), (-0.236947, -0.848734, 0.472764), (-0.614369, -0.768993, 0.176638), (-0.257795, -0.846977, 0.464942), (-0.614369, -0.768993, 0.176638), (-0.236947, -0.848734, 0.472764), (-0.509689, -0.810035, 0.289931), (0.347397, -0.644064, 0.68154), (0, -0.658505, 0.752577), (0.364175, -0.642844, 0.67389), (0, -0.658505, 0.752577), (0.347397, -0.644064, 0.68154), (0, -0.658505, 0.752577), (0, -0.859293, 0.511484), (0.257795, -0.846977, 0.464942), (0.236947, -0.848734, 0.472764), (0.257795, -0.846977, 0.464942), (0, -0.859293, 0.511484), (0, -0.859293, 0.511484), (-0.236947, -0.848734, 0.472764), (0, -0.859293, 0.511484), (0, -0.859293, 0.511484), (0, -0.859293, 0.511484), (-0.236947, -0.848734, 0.472764), (-0.257795, -0.846977, 0.464942), (0.236947, -0.848734, 0.472764), (0.614369, -0.768993, 0.176638), (0.509689, -0.810035, 0.289931), (0.614369, -0.768993, 0.176638), (0.236947, -0.848734, 0.472764), (0.257795, -0.846977, 0.464942), (0.347397, -0.644064, 0.68154), (0.769315, -0.574561, 0.279347), (0.706938, -0.598928, 0.376197), (0.769315, -0.574561, 0.279347), (0.347397, -0.644064, 0.68154), (0.364175, -0.642844, 0.67389), (0.509689, -0.810035, 0.289931), (0.740833, -0.671689, 0), (0.740833, -0.671689, 0), (0.740833, -0.671689, 0), (0.509689, -0.810035, 0.289931), (0.614369, -0.768993, 0.176638), (-0.740833, -0.671689, 0), (-0.509689, -0.810035, 0.289931), (-0.740833, -0.671689, 0), (-0.509689, -0.810035, 0.289931), (-0.740833, -0.671689, 0), (-0.614369, -0.768993, 0.176638), (-0.347397, -0.644064, 0.68154), (-0.769315, -0.574561, 0.279347), (-0.364175, -0.642844, 0.67389), (-0.769315, -0.574561, 0.279347), (-0.347397, -0.644064, 0.68154), (-0.706938, -0.598928, 0.376197), (0, -1, 0), (0, -1, 0), (0, -1, 0), (0, -1, 0), (0, -1, 0), (0, -1, 0), (0, -1, 0), (0, -1, 0), (0, -1, 0), (0, -1, 0), (0, -1, 0), (0, -1, 0), (0, -1, 0), (0, -1, 0), (0, -1, 0), (0, -0.658505, 0.752577), (-0.364175, -0.642844, 0.67389), (0, -0.658505, 0.752577), (-0.364175, -0.642844, 0.67389), (0, -0.658505, 0.752577), (-0.347397, -0.644064, 0.68154), (-0.769315, -0.574561, 0.279347), (-0.883116, -0.469155, 0), (-0.883116, -0.469155, 0), (-0.883116, -0.469155, 0), (-0.769315, -0.574561, 0.279347), (-0.706938, -0.598928, 0.376197), (0.706938, -0.598928, 0.376197), (0.883116, -0.469155, 0), (0.883116, -0.469155, 0), (0.883116, -0.469155, 0), (0.706938, -0.598928, 0.376197), (0.769315, -0.574561, 0.279347), (0, 0, -1), (0, 0, -1), (0, 0, -1), (0, 0, -1), (0, 0, -1), (0, 0, -1), (-0.980785, 0, 0.19509), (-1, 0, 0), (-1, 0, 0), (-1, 0, 0), (-0.980785, 0, 0.19509), (-0.980785, 0, 0.19509), (0.980785, 0, 0.19509), (1, 0, 0), (1, 0, 0), (1, 0, 0), (0.980785, 0, 0.19509), (0.980785, 0, 0.19509), (0.923879, 0, 0.382683), (0.980785, 0, 0.19509), (0.980785, 0, 0.19509), (0.980785, 0, 0.19509), (0.923879, 0, 0.382683), (0.923879, 0, 0.382683), (0.923879, 0, 0.382683), (0.923879, 0, 0.382683), (0.923879, 0, 0.382683), (-0.923879, 0, 0.382683), (-0.980785, 0, 0.19509), (-0.980785, 0, 0.19509), (-0.980785, 0, 0.19509), (-0.923879, 0, 0.382683), (-0.923879, 0, 0.382683), (-0.923879, 0, 0.382683), (-0.923879, 0, 0.382683), (-0.923879, 0, 0.382683), (-0.19509, 0, 0.980785), (-0.382683, 0, 0.923879), (-0.19509, 0, 0.980785), (-0.382683, 0, 0.923879), (-0.19509, 0, 0.980785), (-0.382683, 0, 0.923879), (0.19509, 0, 0.980785), (-0.19509, 0, 0.980785), (0.19509, 0, 0.980785), (-0.19509, 0, 0.980785), (0.19509, 0, 0.980785), (-0.19509, 0, 0.980785), (0.382683, 0, 0.923879), (0.19509, 0, 0.980785), (0.382683, 0, 0.923879), (0.19509, 0, 0.980785), (0.382683, 0, 0.923879), (0.19509, 0, 0.980785), (0, 1, 0), (0, 1, 0), (0, 1, 0), (0, 1, 0), (0, 1, 0), (0, 1, 0), (0, 1, 0), (0, 1, 0), (0, 1, 0), (0, 1, 0), (0, 1, 0), (0, 1, 0), (0, 1, 0), (0, 1, 0), (0, 1, 0), (0, 1, 0), (0, 1, 0), (0, 1, 0), (0, 0, -1), (0, 0, -1), (0, 0, -1), (0, 0, -1), (0, 0, -1), (0, 0, -1), (-1, 0, 0), (-1, 0, 0), (-1, 0, 0), (-1, 0, 0), (-1, 0, 0), (-1, 0, 0), (0, 0, 1), (0, 0, 1), (0, 0, 1), (0, 0, 1), (0, 0, 1), (0, 0, 1), (1, 0, 0), (1, 0, 0), (1, 0, 0), (1, 0, 0), (1, 0, 0), (1, 0, 0), (0, 0, -1), (0, 0, -1), (0, 0, -1), (0, 0, -1), (0, 0, -1), (0, 0, -1), (-1, 0, 0), (-1, 0, 0), (-1, 0, 0), (-1, 0, 0), (-1, 0, 0), (-1, 0, 0), (0, 0, 1), (0, 0, 1), (0, 0, 1), (0, 0, 1), (0, 0, 1), (0, 0, 1), (1, 0, 0), (1, 0, 0), (1, 0, 0), (1, 0, 0), (1, 0, 0), (1, 0, 0), (-1, 0, -2.88936e-14), (-1, 0, -2.88936e-14), (-1, 0, -2.88936e-14), (-1, 0, -2.88936e-14), (-1, 0, -2.88936e-14), (-1, 0, -2.88936e-14), (-2.16609e-14, 0.661802, 0.749678), (-2.88936e-14, 0, 1), (-2.88936e-14, 0, 1), (-2.88936e-14, 0, 1), (-2.16609e-14, 0.661802, 0.749678), (-2.16609e-14, 0.661802, 0.749678), (1, 0, 2.88936e-14), (1, 0, 2.88936e-14), (1, 0, 2.88936e-14), (1, 0, 2.88936e-14), (1, 0, 2.88936e-14), (1, 0, 2.88936e-14), (-2.16609e-14, 0.661802, 0.749678), (-3.5838e-15, 0.992278, 0.124035), (-2.16609e-14, 0.661802, 0.749678), (-3.5838e-15, 0.992278, 0.124035), (-2.16609e-14, 0.661802, 0.749678), (-3.5838e-15, 0.992278, 0.124035), (0, 0, -1), (0, 0, -1), (0, 0, -1), (0, 0, -1), (0, 0, -1), (0, 0, -1), (0, 0, -1), (0, 0, -1), (0, 0, -1), (0, 0, -1), (0, 0, -1), (0, 0, -1), (0, 0, -1), (0, 0, -1), (0, 0, -1), (0, 0, -1), (0, 0, -1), (0, 0, -1), (0, 0, -1), (0, 0, -1), (0, 0, -1), (0, 0, -1), (0, 0, -1), (0, 0, -1), (0, 0, -1), (0, 0, -1), (0, 0, -1), (0, 0, -1), (0, 0, -1), (0, 0, -1), (0.645052, 0, -0.764139), (0.645052, 0, -0.764139), (0.645052, 0, -0.764139), (0.645052, 0, -0.764139), (0.645052, 0, -0.764139), (0.645052, 0, -0.764139), (0.259601, 0, -0.965716), (0.259601, 0, -0.965716), (0.259601, 0, -0.965716), (0.259601, 0, -0.965716), (0.259601, 0, -0.965716), (0.259601, 0, -0.965716), (-0.259601, 0, -0.965716), (-0.259601, 0, -0.965716), (-0.259601, 0, -0.965716), (-0.259601, 0, -0.965716), (-0.259601, 0, -0.965716), (-0.259601, 0, -0.965716), (-0.645052, 0, -0.764139), (-0.645052, 0, -0.764139), (-0.645052, 0, -0.764139), (-0.645052, 0, -0.764139), (-0.645052, 0, -0.764139), (-0.645052, 0, -0.764139), (0, 0, 1), (0, 0, 1), (0, 0, 1), (0, 0, 1), (0, 0, 1), (0, 0, 1), (0, 0, 1), (0, 0, 1), (0, 0, 1), (0, 0, 1), (0, 0, 1), (0, 0, 1), (0, 0, 1), (0, 0, 1), (0, 0, 1), (0, 0, 1), (0, 0, 1), (0, 0, 1), (0.447214, 0.894427, 0), (0.447214, 0.894427, 0), (0.447214, 0.894427, 0), (0.447214, 0.894427, 0), (0.447214, 0.894427, 0), (0.447214, 0.894427, 0), (1, 0, 0), (1, 0, 0), (1, 0, 0), (1, 0, 0), (1, 0, 0), (1, 0, 0), (-1, 0, 0), (-1, 0, 0), (-1, 0, 0), (-1, 0, 0), (-1, 0, 0), (-1, 0, 0), (-0.447214, 0.894427, 0), (-0.447214, 0.894427, 0), (-0.447214, 0.894427, 0), (-0.447214, 0.894427, 0), (-0.447214, 0.894427, 0), (-0.447214, 0.894427, 0), (0, 1, 0), (0, 1, 0), (0, 1, 0), (0, 1, 0), (0, 1, 0), (0, 1, 0), (0, 1, 0), (0, 1, 0), (0, 1, 0), (0, 1, 0), (0, 1, 0), (0, 1, 0), (0, 1, 0), (0, 1, 0), (0, 1, 0), (0, 1, 0), (0, 1, 0), (0, 1, 0), (0, 1, 0), (0, 1, 0), (0, 1, 0), (0, 1, 0), (0, 1, 0), (0, 1, 0), (0, 1, 0), (0, 1, 0), (0, 1, 0), (0, 1, 0), (0, 1, 0), (0, 1, 0), (0, 1, 0), (0, 1, 0), (0, 1, 0), (0, 1, 0), (0, 1, 0), (0, 1, 0), (0, 1, 0), (0, 1, 0), (0, 1, 0), (0, 1, 0), (0, 1, 0), (0, 1, 0), (0, 1, 0), (0, 1, 0), (0, 1, 0), (0, 1, 0), (0, 1, 0), (0, 1, 0), (-0.46342, 0, 0.886139), (-0.906932, 0, 0.421277), (-0.46342, 0, 0.886139), (-0.906932, 0, 0.421277), (-0.46342, 0, 0.886139), (-0.906932, 0, 0.421277), (-0.906932, 0, 0.421277), (-1, 0, 0), (-1, 0, 0), (-1, 0, 0), (-0.906932, 0, 0.421277), (-0.906932, 0, 0.421277), (0, 0, 1), (-0.46342, 0, 0.886139), (0, 0, 1), (-0.46342, 0, 0.886139), (0, 0, 1), (-0.46342, 0, 0.886139), (0.906932, 0, 0.421277), (0.46342, 0, 0.886139), (0.906932, 0, 0.421277), (0.46342, 0, 0.886139), (0.906932, 0, 0.421277), (0.46342, 0, 0.886139), (1, 0, 0), (1, 0, 0), (1, 0, 0), (1, 0, 0), (1, 0, 0), (1, 0, 0), (0.46342, 0, 0.886139), (0, 0, 1), (0.46342, 0, 0.886139), (0, 0, 1), (0.46342, 0, 0.886139), (0, 0, 1), (0.906932, 0, 0.421277), (1, 0, 0), (1, 0, 0), (1, 0, 0), (0.906932, 0, 0.421277), (0.906932, 0, 0.421277), (-1, 0, 0), (-1, 0, 0), (-1, 0, 0), (-1, 0, 0), (-1, 0, 0), (-1, 0, 0), (0.19509, 0, 0.980785), (-0.19509, 0, 0.980785), (0.19509, 0, 0.980785), (-0.19509, 0, 0.980785), (0.19509, 0, 0.980785), (-0.19509, 0, 0.980785), (-0.19509, 0, 0.980785), (-0.707107, 0, 0.707107), (-0.19509, 0, 0.980785), (-0.707107, 0, 0.707107), (-0.19509, 0, 0.980785), (-0.707107, 0, 0.707107), (0.707107, 0, 0.707107), (0.980785, 0, 0.19509), (0.980785, 0, 0.19509), (0.980785, 0, 0.19509), (0.707107, 0, 0.707107), (0.707107, 0, 0.707107), (0.707107, 0, 0.707107), (0.19509, 0, 0.980785), (0.707107, 0, 0.707107), (0.19509, 0, 0.980785), (0.707107, 0, 0.707107), (0.19509, 0, 0.980785), (0.980785, 0, 0.19509), (0.923879, 0, -0.382683), (0.923879, 0, -0.382683), (0.923879, 0, -0.382683), (0.980785, 0, 0.19509), (0.980785, 0, 0.19509), (-0.707107, 0, 0.707107), (-0.980785, 0, 0.19509), (-0.980785, 0, 0.19509), (-0.980785, 0, 0.19509), (-0.707107, 0, 0.707107), (-0.707107, 0, 0.707107), (-0.980785, 0, 0.19509), (-0.923879, 0, -0.382683), (-0.923879, 0, -0.382683), (-0.923879, 0, -0.382683), (-0.980785, 0, 0.19509), (-0.980785, 0, 0.19509), (-0.382683, 0, -0.923879), (0.382683, 0, -0.923879), (-0.382683, 0, -0.923879), (0.382683, 0, -0.923879), (-0.382683, 0, -0.923879), (0.382683, 0, -0.923879), (0.923879, 0, -0.382683), (0.382683, 0, -0.923879), (0.382683, 0, -0.923879), (0.382683, 0, -0.923879), (0.923879, 0, -0.382683), (0.923879, 0, -0.382683), (-0.923879, 0, -0.382683), (-0.382683, 0, -0.923879), (-0.382683, 0, -0.923879), (-0.382683, 0, -0.923879), (-0.923879, 0, -0.382683), (-0.923879, 0, -0.382683), (0, 1, 0), (0, 1, 0), (0, 1, 0), (0, 1, 0), (0, 1, 0), (0, 1, 0), (0, 1, 0), (0, 1, 0), (0, 1, 0), (0, 1, 0), (0, 1, 0), (0, 1, 0), (0, 1, 0), (0, 1, 0), (0, 1, 0), (0, 1, 0), (0, 1, 0), (0, 1, 0), (0, 1, 0), (0, 1, 0), (0, 1, 0), (0, 1, 0), (0, 1, 0), (0, 1, 0), (0, -1, 0), (0, -1, 0), (0, -1, 0), (0, -1, 0), (0, -1, 0), (0, -1, 0), (0, -1, 0), (0, -1, 0), (0, -1, 0), (0, -1, 0), (0, -1, 0), (0, -1, 0), (0, -1, 0), (0, -1, 0), (0, -1, 0), (0, -1, 0), (0, -1, 0), (0, -1, 0), (0, -1, 0), (0, -1, 0), (0, -1, 0), (0, -1, 0), (0, -1, 0), (0, -1, 0), (0, -1, 0), (0, -1, 0), (0, -1, 0), (0, -1, 0), (0, -1, 0), (0, -1, 0), (0, -1, 0), (0, -1, 0), (0, -1, 0), (0, -1, 0), (0, -1, 0), (0, -1, 0), (0, -1, 0), (0, -1, 0), (0, -1, 0), (0, 1, 0), (0, 1, 0), (0, 1, 0), (0, 1, 0), (0, 1, 0), (0, 1, 0), (0, 1, 0), (0, 1, 0), (0, 1, 0), (0, 1, 0), (0, 1, 0), (0, 1, 0), (0, 1, 0), (0, 1, 0), (0, 1, 0), (0, 1, 0), (0, 1, 0), (0, 1, 0), (0, 1, 0), (0, 1, 0), (0, 1, 0), (0, 1, 0), (0, 1, 0), (0, 1, 0), (0, 1, 0), (0, 1, 0), (0, 1, 0), (0, 1, 0), (0, 1, 0), (0, 1, 0), (0, 1, 0), (0, 1, 0), (0, 1, 0), (0, 1, 0), (0, 1, 0), (0, 1, 0), (0, 1, 0), (0, 1, 0), (0, 1, 0), (0, 1, 0), (0, 1, 0), (0, 1, 0), (0, 1, 0), (0, 1, 0), (0, 1, 0), (0, 1, 0), (0, 1, 0), (0, 1, 0), (0, 1, 0), (0, 1, 0), (0, 1, 0), (0, 1, 0), (0, 1, 0), (0, 1, 0), (0, 1, 0), (0, 1, 0), (0, 1, 0), (0, 1, 0), (0, 1, 0), (0, 1, 0), (0, 1, 0), (0, 1, 0), (0, 1, 0), (0, 1, 0), (0, 1, 0), (0, 1, 0), (0, 1, 0), (0, 1, 0), (0, 1, 0), (0, 1, 0), (0, 1, 0), (0, 1, 0), (0, 1, 0), (0, 1, 0), (0, 1, 0), (0, 1, 0), (0, 1, 0), (0, 1, 0), (0, 1, 0), (0, 1, 0), (0, 1, 0), (0, 1, 0), (0, 1, 0), (0, 1, 0), (0, 1, 0), (0, 1, 0), (0, 1, 0), (0, 1, 0), (0, 1, 0), (0, 1, 0), (0, 1, 0), (0, 1, 0), (0, 1, 0), (0, 1, 0), (0, 1, 0), (0, 1, 0), (0, 1, 0), (0, 1, 0), (0, 1, 0), (0, 1, 0), (0, 1, 0), (0, 1, 0), (0, 1, 0), (0, 1, 0), (0, 1, 0), (0, 1, 0), (0, 1, 0), (0, 1, 0), (0, 1, 0), (0, 1, 0), (0, 1, 0), (0, 1, 0), (0, 1, 0), (0, 1, 0), (0, 1, 0), (0, 1, 0), (0, 1, 0), (0, 1, 0), (0, 1, 0), (0, 1, 0), (0, 1, 0), (0, 1, 0), (0, 1, 0), (0, 1, 0), (0, 1, 0), (0, 1, 0), (0, 1, 0), (0, 1, 0), (0, 1, 0), (0, 1, 0), (0, 1, 0), (0, 1, 0), (0, 1, 0), (0, 1, 0), (0, 1, 0), (-0.997439, -0.0715178, 0), (-0.863808, -0.0715178, 0.49872), (-0.997439, -0.0715178, 0), (-0.863808, -0.0715178, 0.49872), (-0.997439, -0.0715178, 0), (-0.863808, -0.0715178, 0.49872), (0.997439, -0.0715178, 0), (0.863808, -0.0715178, -0.49872), (0.863808, -0.0715178, -0.49872), (0.863808, -0.0715178, -0.49872), (0.997439, -0.0715178, 0), (0.997439, -0.0715178, 0), (0, -0.0715178, 0.997439), (-0.49872, -0.0715178, 0.863808), (0, -0.0715178, 0.997439), (-0.49872, -0.0715178, 0.863808), (0, -0.0715178, 0.997439), (-0.49872, -0.0715178, 0.863808), (0, -1, 0), (0, -1, 0), (0, -1, 0), (0, -1, 0), (0, -1, 0), (0, -1, 0), (0, -1, 0), (0, -1, 0), (0, -1, 0), (0, -1, 0), (0, -1, 0), (0, -1, 0), (0, -1, 0), (0, -1, 0), (0, -1, 0), (0, -1, 0), (0, -1, 0), (0, -1, 0), (0, -1, 0), (0, -1, 0), (0, -1, 0), (0, -1, 0), (0, -1, 0), (0, -1, 0), (0, -1, 0), (0, -1, 0), (0, -1, 0), (0, -1, 0), (0, -1, 0), (0, -1, 0), (0, -1, 0), (0, -1, 0), (0, -1, 0), (0, -1, 0), (0, -1, 0), (0, -1, 0), (0, -1, 0), (0, -1, 0), (0, -1, 0), (0, -1, 0), (0, -1, 0), (0, -1, 0), (0, -1, 0), (0, -1, 0), (0, -1, 0), (0, -1, 0), (0, -1, 0), (0, -1, 0), (0, -1, 0), (0, -1, 0), (0, -1, 0), (0, -1, 0), (0, -1, 0), (0, -1, 0), (0, -1, 0), (0, -1, 0), (0, -1, 0), (0, -1, 0), (0, -1, 0), (0, -1, 0), (0, -1, 0), (0, -1, 0), (0, -1, 0), (0, -1, 0), (0, -1, 0), (0, -1, 0), (0, -1, 0), (0, -1, 0), (0, -1, 0), (0, -1, 0), (0, -1, 0), (0, -1, 0), (0.863808, -0.0715178, 0.49872), (0.49872, -0.0715178, 0.863808), (0.863808, -0.0715178, 0.49872), (0.49872, -0.0715178, 0.863808), (0.863808, -0.0715178, 0.49872), (0.49872, -0.0715178, 0.863808), (0.997439, -0.0715178, 0), (0.863808, -0.0715178, 0.49872), (0.997439, -0.0715178, 0), (0.863808, -0.0715178, 0.49872), (0.997439, -0.0715178, 0), (0.863808, -0.0715178, 0.49872), (-0.863808, -0.0715178, -0.49872), (-0.49872, -0.0715178, -0.863808), (-0.863808, -0.0715178, -0.49872), (-0.49872, -0.0715178, -0.863808), (-0.863808, -0.0715178, -0.49872), (-0.49872, -0.0715178, -0.863808), (0, -0.0715178, -0.997439), (0.49872, -0.0715178, -0.863808), (0, -0.0715178, -0.997439), (0.49872, -0.0715178, -0.863808), (0, -0.0715178, -0.997439), (0.49872, -0.0715178, -0.863808), (0.863808, -0.0715178, -0.49872), (0.49872, -0.0715178, -0.863808), (0.49872, -0.0715178, -0.863808), (0.49872, -0.0715178, -0.863808), (0.863808, -0.0715178, -0.49872), (0.863808, -0.0715178, -0.49872), (0.49872, -0.0715178, 0.863808), (0, -0.0715178, 0.997439), (0.49872, -0.0715178, 0.863808), (0, -0.0715178, 0.997439), (0.49872, -0.0715178, 0.863808), (0, -0.0715178, 0.997439), (-0.863808, -0.0715178, -0.49872), (-0.997439, -0.0715178, 0), (-0.863808, -0.0715178, -0.49872), (-0.997439, -0.0715178, 0), (-0.863808, -0.0715178, -0.49872), (-0.997439, -0.0715178, 0), (-0.49872, -0.0715178, -0.863808), (0, -0.0715178, -0.997439), (-0.49872, -0.0715178, -0.863808), (0, -0.0715178, -0.997439), (-0.49872, -0.0715178, -0.863808), (0, -0.0715178, -0.997439), (-0.49872, -0.0715178, 0.863808), (-0.863808, -0.0715178, 0.49872), (-0.863808, -0.0715178, 0.49872), (-0.863808, -0.0715178, 0.49872), (-0.49872, -0.0715178, 0.863808), (-0.49872, -0.0715178, 0.863808), (0, 1, 0), (0, 1, 0), (0, 1, 0), (0, 1, 0), (0, 1, 0), (0, 1, 0), (0, 1, 0), (0, 1, 0), (0, 1, 0), (0, 1, 0), (0, 1, 0), (0, 1, 0), (0, 1, 0), (0, 1, 0), (0, 1, 0), (0, 1, 0), (0, 1, 0), (0, 1, 0), (0, 1, 0), (0, 1, 0), (0, 1, 0), (0, 1, 0), (0, 1, 0), (0, 1, 0), (0, 1, 0), (0, 1, 0), (0, 1, 0), (0, 1, 0), (0, 1, 0), (0, 1, 0), (0, 1, 0), (0, 1, 0), (0, 1, 0), (0, 1, 0), (0, 1, 0), (0, 1, 0), (0, 1, 0), (0, 1, 0), (0, 1, 0), (0, 1, 0), (0, 1, 0), (0, 1, 0), (0, 1, 0), (0, 1, 0), (0, 1, 0), (0, 1, 0), (0, 1, 0), (0, 1, 0), (0, 1, 0), (0, 1, 0), (0, 1, 0), (0, 1, 0), (0, 1, 0), (0, 1, 0), (0, 1, 0), (0, 1, 0), (0, 1, 0), (0, 1, 0), (0, 1, 0), (0, 1, 0), (0, 1, 0), (0, 1, 0), (0, 1, 0), (0, 1, 0), (0, 1, 0), (0, 1, 0), (0, 1, 0), (0, 1, 0), (0, 1, 0), (0, 1, 0), (0, 1, 0), (0, 1, 0), (-0.997439, -0.0715178, 0), (-0.863808, -0.0715178, 0.49872), (-0.997439, -0.0715178, 0), (-0.863808, -0.0715178, 0.49872), (-0.997439, -0.0715178, 0), (-0.863808, -0.0715178, 0.49872), (0.997439, -0.0715178, 0), (0.863808, -0.0715178, -0.49872), (0.863808, -0.0715178, -0.49872), (0.863808, -0.0715178, -0.49872), (0.997439, -0.0715178, 0), (0.997439, -0.0715178, 0), (0, -0.0715178, 0.997439), (-0.49872, -0.0715178, 0.863808), (0, -0.0715178, 0.997439), (-0.49872, -0.0715178, 0.863808), (0, -0.0715178, 0.997439), (-0.49872, -0.0715178, 0.863808), (0, -1, 0), (0, -1, 0), (0, -1, 0), (0, -1, 0), (0, -1, 0), (0, -1, 0), (0, -1, 0), (0, -1, 0), (0, -1, 0), (0, -1, 0), (0, -1, 0), (0, -1, 0), (0, -1, 0), (0, -1, 0), (0, -1, 0), (0, -1, 0), (0, -1, 0), (0, -1, 0), (0, -1, 0), (0, -1, 0), (0, -1, 0), (0, -1, 0), (0, -1, 0), (0, -1, 0), (0, -1, 0), (0, -1, 0), (0, -1, 0), (0, -1, 0), (0, -1, 0), (0, -1, 0), (0, -1, 0), (0, -1, 0), (0, -1, 0), (0, -1, 0), (0, -1, 0), (0, -1, 0), (0, -1, 0), (0, -1, 0), (0, -1, 0), (0, -1, 0), (0, -1, 0), (0, -1, 0), (0, -1, 0), (0, -1, 0), (0, -1, 0), (0, -1, 0), (0, -1, 0), (0, -1, 0), (0, -1, 0), (0, -1, 0), (0, -1, 0), (0, -1, 0), (0, -1, 0), (0, -1, 0), (0, -1, 0), (0, -1, 0), (0, -1, 0), (0, -1, 0), (0, -1, 0), (0, -1, 0), (0, -1, 0), (0, -1, 0), (0, -1, 0), (0, -1, 0), (0, -1, 0), (0, -1, 0), (0, -1, 0), (0, -1, 0), (0, -1, 0), (0, -1, 0), (0, -1, 0), (0, -1, 0), (0.863808, -0.0715178, 0.49872), (0.49872, -0.0715178, 0.863808), (0.863808, -0.0715178, 0.49872), (0.49872, -0.0715178, 0.863808), (0.863808, -0.0715178, 0.49872), (0.49872, -0.0715178, 0.863808), (0.997439, -0.0715178, 0), (0.863808, -0.0715178, 0.49872), (0.997439, -0.0715178, 0), (0.863808, -0.0715178, 0.49872), (0.997439, -0.0715178, 0), (0.863808, -0.0715178, 0.49872), (-0.863808, -0.0715178, -0.49872), (-0.49872, -0.0715178, -0.863808), (-0.863808, -0.0715178, -0.49872), (-0.49872, -0.0715178, -0.863808), (-0.863808, -0.0715178, -0.49872), (-0.49872, -0.0715178, -0.863808), (0, -0.0715178, -0.997439), (0.49872, -0.0715178, -0.863808), (0, -0.0715178, -0.997439), (0.49872, -0.0715178, -0.863808), (0, -0.0715178, -0.997439), (0.49872, -0.0715178, -0.863808), (0.863808, -0.0715178, -0.49872), (0.49872, -0.0715178, -0.863808), (0.49872, -0.0715178, -0.863808), (0.49872, -0.0715178, -0.863808), (0.863808, -0.0715178, -0.49872), (0.863808, -0.0715178, -0.49872), (0.49872, -0.0715178, 0.863808), (0, -0.0715178, 0.997439), (0.49872, -0.0715178, 0.863808), (0, -0.0715178, 0.997439), (0.49872, -0.0715178, 0.863808), (0, -0.0715178, 0.997439), (-0.863808, -0.0715178, -0.49872), (-0.997439, -0.0715178, 0), (-0.863808, -0.0715178, -0.49872), (-0.997439, -0.0715178, 0), (-0.863808, -0.0715178, -0.49872), (-0.997439, -0.0715178, 0), (-0.49872, -0.0715178, -0.863808), (0, -0.0715178, -0.997439), (-0.49872, -0.0715178, -0.863808), (0, -0.0715178, -0.997439), (-0.49872, -0.0715178, -0.863808), (0, -0.0715178, -0.997439), (-0.49872, -0.0715178, 0.863808), (-0.863808, -0.0715178, 0.49872), (-0.863808, -0.0715178, 0.49872), (-0.863808, -0.0715178, 0.49872), (-0.49872, -0.0715178, 0.863808), (-0.49872, -0.0715178, 0.863808), (0.493802, -0.15697, 0.85529), (0, -0.15697, 0.987603), (0.493802, -0.15697, 0.85529), (0, -0.15697, 0.987603), (0.493802, -0.15697, 0.85529), (0, -0.15697, 0.987603), (0, -0.15697, -0.987603), (0.493802, -0.15697, -0.85529), (0, -0.15697, -0.987603), (0.493802, -0.15697, -0.85529), (0, -0.15697, -0.987603), (0.493802, -0.15697, -0.85529), (-0.499159, 0.0579882, 0.864568), (0, 0.0579882, 0.998317), (-0.499159, 0.0579882, 0.864568), (0, 0.0579882, 0.998317), (-0.499159, 0.0579882, 0.864568), (0, 0.0579882, 0.998317), (-0.864568, 0.0579882, 0.499159), (-0.998317, 0.0579882, 0), (-0.864568, 0.0579882, 0.499159), (-0.998317, 0.0579882, 0), (-0.864568, 0.0579882, 0.499159), (-0.998317, 0.0579882, 0), (-0.493802, -0.15697, 0.85529), (-0.85529, -0.15697, 0.493802), (-0.85529, -0.15697, 0.493802), (-0.85529, -0.15697, 0.493802), (-0.493802, -0.15697, 0.85529), (-0.493802, -0.15697, 0.85529), (0, -0.15697, 0.987603), (-0.493802, -0.15697, 0.85529), (0, -0.15697, 0.987603), (-0.493802, -0.15697, 0.85529), (0, -0.15697, 0.987603), (-0.493802, -0.15697, 0.85529), (0, 1, 0), (0, 1, 0), (0, 1, 0), (0, 1, 0), (0, 1, 0), (0, 1, 0), (0, 1, 0), (0, 1, 0), (0, 1, 0), (0, 1, 0), (0, 1, 0), (0, 1, 0), (0, 1, 0), (0, 1, 0), (0, 1, 0), (0, 1, 0), (0, 1, 0), (0, 1, 0), (0, 1, 0), (0, 1, 0), (0, 1, 0), (0, 1, 0), (0, 1, 0), (0, 1, 0), (0, 1, 0), (0, 1, 0), (0, 1, 0), (0, 1, 0), (0, 1, 0), (0, 1, 0), (0.499159, 0.0579882, 0.864568), (0.864568, 0.0579882, 0.499159), (0.499159, 0.0579882, 0.864568), (0.864568, 0.0579882, 0.499159), (0.499159, 0.0579882, 0.864568), (0.864568, 0.0579882, 0.499159), (0, 0.0579882, 0.998317), (0.499159, 0.0579882, 0.864568), (0, 0.0579882, 0.998317), (0.499159, 0.0579882, 0.864568), (0, 0.0579882, 0.998317), (0.499159, 0.0579882, 0.864568), (0.987603, -0.15697, 0), (0.85529, -0.15697, 0.493802), (0.987603, -0.15697, 0), (0.85529, -0.15697, 0.493802), (0.987603, -0.15697, 0), (0.85529, -0.15697, 0.493802), (-0.864568, 0.0579882, -0.499159), (-0.998317, 0.0579882, 0), (-0.998317, 0.0579882, 0), (-0.998317, 0.0579882, 0), (-0.864568, 0.0579882, -0.499159), (-0.864568, 0.0579882, -0.499159), (0.85529, -0.15697, 0.493802), (0.493802, -0.15697, 0.85529), (0.85529, -0.15697, 0.493802), (0.493802, -0.15697, 0.85529), (0.85529, -0.15697, 0.493802), (0.493802, -0.15697, 0.85529), (0.85529, -0.15697, -0.493802), (0.493802, -0.15697, -0.85529), (0.493802, -0.15697, -0.85529), (0.493802, -0.15697, -0.85529), (0.85529, -0.15697, -0.493802), (0.85529, -0.15697, -0.493802), (0.499159, 0.0579882, -0.864568), (0, 0.0579882, -0.998317), (0.499159, 0.0579882, -0.864568), (0, 0.0579882, -0.998317), (0.499159, 0.0579882, -0.864568), (0, 0.0579882, -0.998317), (0.987603, -0.15697, 0), (0.85529, -0.15697, -0.493802), (0.85529, -0.15697, -0.493802), (0.85529, -0.15697, -0.493802), (0.987603, -0.15697, 0), (0.987603, -0.15697, 0), (-0.85529, -0.15697, -0.493802), (-0.493802, -0.15697, -0.85529), (-0.85529, -0.15697, -0.493802), (-0.493802, -0.15697, -0.85529), (-0.85529, -0.15697, -0.493802), (-0.493802, -0.15697, -0.85529), (0.998317, 0.0579882, 0), (0.864568, 0.0579882, 0.499159), (0.864568, 0.0579882, 0.499159), (0.864568, 0.0579882, 0.499159), (0.998317, 0.0579882, 0), (0.998317, 0.0579882, 0), (-0.499159, 0.0579882, -0.864568), (-0.864568, 0.0579882, -0.499159), (-0.499159, 0.0579882, -0.864568), (-0.864568, 0.0579882, -0.499159), (-0.499159, 0.0579882, -0.864568), (-0.864568, 0.0579882, -0.499159), (-0.987603, -0.15697, 0), (-0.85529, -0.15697, 0.493802), (-0.987603, -0.15697, 0), (-0.85529, -0.15697, 0.493802), (-0.987603, -0.15697, 0), (-0.85529, -0.15697, 0.493802), (0, 0.0579882, -0.998317), (-0.499159, 0.0579882, -0.864568), (0, 0.0579882, -0.998317), (-0.499159, 0.0579882, -0.864568), (0, 0.0579882, -0.998317), (-0.499159, 0.0579882, -0.864568), (0.864568, 0.0579882, -0.499159), (0.998317, 0.0579882, 0), (0.998317, 0.0579882, 0), (0.998317, 0.0579882, 0), (0.864568, 0.0579882, -0.499159), (0.864568, 0.0579882, -0.499159), (-0.499159, 0.0579882, 0.864568), (-0.864568, 0.0579882, 0.499159), (-0.499159, 0.0579882, 0.864568), (-0.864568, 0.0579882, 0.499159), (-0.499159, 0.0579882, 0.864568), (-0.864568, 0.0579882, 0.499159), (-0.493802, -0.15697, -0.85529), (0, -0.15697, -0.987603), (-0.493802, -0.15697, -0.85529), (0, -0.15697, -0.987603), (-0.493802, -0.15697, -0.85529), (0, -0.15697, -0.987603), (-0.85529, -0.15697, -0.493802), (-0.987603, -0.15697, 0), (-0.85529, -0.15697, -0.493802), (-0.987603, -0.15697, 0), (-0.85529, -0.15697, -0.493802), (-0.987603, -0.15697, 0), (0.864568, 0.0579882, -0.499159), (0.499159, 0.0579882, -0.864568), (0.864568, 0.0579882, -0.499159), (0.499159, 0.0579882, -0.864568), (0.864568, 0.0579882, -0.499159), (0.499159, 0.0579882, -0.864568), (0.493802, -0.15697, 0.85529), (0, -0.15697, 0.987603), (0.493802, -0.15697, 0.85529), (0, -0.15697, 0.987603), (0.493802, -0.15697, 0.85529), (0, -0.15697, 0.987603), (0, -0.15697, -0.987603), (0.493802, -0.15697, -0.85529), (0, -0.15697, -0.987603), (0.493802, -0.15697, -0.85529), (0, -0.15697, -0.987603), (0.493802, -0.15697, -0.85529), (-0.499159, 0.0579882, 0.864568), (0, 0.0579882, 0.998317), (-0.499159, 0.0579882, 0.864568), (0, 0.0579882, 0.998317), (-0.499159, 0.0579882, 0.864568), (0, 0.0579882, 0.998317), (-0.864568, 0.0579882, 0.499159), (-0.998317, 0.0579882, 0), (-0.864568, 0.0579882, 0.499159), (-0.998317, 0.0579882, 0), (-0.864568, 0.0579882, 0.499159), (-0.998317, 0.0579882, 0), (-0.493802, -0.15697, 0.85529), (-0.85529, -0.15697, 0.493802), (-0.85529, -0.15697, 0.493802), (-0.85529, -0.15697, 0.493802), (-0.493802, -0.15697, 0.85529), (-0.493802, -0.15697, 0.85529), (0, -0.15697, 0.987603), (-0.493802, -0.15697, 0.85529), (0, -0.15697, 0.987603), (-0.493802, -0.15697, 0.85529), (0, -0.15697, 0.987603), (-0.493802, -0.15697, 0.85529), (0, 1, 0), (0, 1, 0), (0, 1, 0), (0, 1, 0), (0, 1, 0), (0, 1, 0), (0, 1, 0), (0, 1, 0), (0, 1, 0), (0, 1, 0), (0, 1, 0), (0, 1, 0), (0, 1, 0), (0, 1, 0), (0, 1, 0), (0, 1, 0), (0, 1, 0), (0, 1, 0), (0, 1, 0), (0, 1, 0), (0, 1, 0), (0, 1, 0), (0, 1, 0), (0, 1, 0), (0, 1, 0), (0, 1, 0), (0, 1, 0), (0, 1, 0), (0, 1, 0), (0, 1, 0), (0.499159, 0.0579882, 0.864568), (0.864568, 0.0579882, 0.499159), (0.499159, 0.0579882, 0.864568), (0.864568, 0.0579882, 0.499159), (0.499159, 0.0579882, 0.864568), (0.864568, 0.0579882, 0.499159), (0, 0.0579882, 0.998317), (0.499159, 0.0579882, 0.864568), (0, 0.0579882, 0.998317), (0.499159, 0.0579882, 0.864568), (0, 0.0579882, 0.998317), (0.499159, 0.0579882, 0.864568), (0.987603, -0.15697, 0), (0.85529, -0.15697, 0.493802), (0.987603, -0.15697, 0), (0.85529, -0.15697, 0.493802), (0.987603, -0.15697, 0), (0.85529, -0.15697, 0.493802), (-0.864568, 0.0579882, -0.499159), (-0.998317, 0.0579882, 0), (-0.998317, 0.0579882, 0), (-0.998317, 0.0579882, 0), (-0.864568, 0.0579882, -0.499159), (-0.864568, 0.0579882, -0.499159), (0.85529, -0.15697, 0.493802), (0.493802, -0.15697, 0.85529), (0.85529, -0.15697, 0.493802), (0.493802, -0.15697, 0.85529), (0.85529, -0.15697, 0.493802), (0.493802, -0.15697, 0.85529), (0.85529, -0.15697, -0.493802), (0.493802, -0.15697, -0.85529), (0.493802, -0.15697, -0.85529), (0.493802, -0.15697, -0.85529), (0.85529, -0.15697, -0.493802), (0.85529, -0.15697, -0.493802), (0.499159, 0.0579882, -0.864568), (0, 0.0579882, -0.998317), (0.499159, 0.0579882, -0.864568), (0, 0.0579882, -0.998317), (0.499159, 0.0579882, -0.864568), (0, 0.0579882, -0.998317), (0.987603, -0.15697, 0), (0.85529, -0.15697, -0.493802), (0.85529, -0.15697, -0.493802), (0.85529, -0.15697, -0.493802), (0.987603, -0.15697, 0), (0.987603, -0.15697, 0), (-0.85529, -0.15697, -0.493802), (-0.493802, -0.15697, -0.85529), (-0.85529, -0.15697, -0.493802), (-0.493802, -0.15697, -0.85529), (-0.85529, -0.15697, -0.493802), (-0.493802, -0.15697, -0.85529), (0.998317, 0.0579882, 0), (0.864568, 0.0579882, 0.499159), (0.864568, 0.0579882, 0.499159), (0.864568, 0.0579882, 0.499159), (0.998317, 0.0579882, 0), (0.998317, 0.0579882, 0), (-0.499159, 0.0579882, -0.864568), (-0.864568, 0.0579882, -0.499159), (-0.499159, 0.0579882, -0.864568), (-0.864568, 0.0579882, -0.499159), (-0.499159, 0.0579882, -0.864568), (-0.864568, 0.0579882, -0.499159), (-0.987603, -0.15697, 0), (-0.85529, -0.15697, 0.493802), (-0.987603, -0.15697, 0), (-0.85529, -0.15697, 0.493802), (-0.987603, -0.15697, 0), (-0.85529, -0.15697, 0.493802), (0, 0.0579882, -0.998317), (-0.499159, 0.0579882, -0.864568), (0, 0.0579882, -0.998317), (-0.499159, 0.0579882, -0.864568), (0, 0.0579882, -0.998317), (-0.499159, 0.0579882, -0.864568), (0.864568, 0.0579882, -0.499159), (0.998317, 0.0579882, 0), (0.998317, 0.0579882, 0), (0.998317, 0.0579882, 0), (0.864568, 0.0579882, -0.499159), (0.864568, 0.0579882, -0.499159), (-0.499159, 0.0579882, 0.864568), (-0.864568, 0.0579882, 0.499159), (-0.499159, 0.0579882, 0.864568), (-0.864568, 0.0579882, 0.499159), (-0.499159, 0.0579882, 0.864568), (-0.864568, 0.0579882, 0.499159), (-0.493802, -0.15697, -0.85529), (0, -0.15697, -0.987603), (-0.493802, -0.15697, -0.85529), (0, -0.15697, -0.987603), (-0.493802, -0.15697, -0.85529), (0, -0.15697, -0.987603), (-0.85529, -0.15697, -0.493802), (-0.987603, -0.15697, 0), (-0.85529, -0.15697, -0.493802), (-0.987603, -0.15697, 0), (-0.85529, -0.15697, -0.493802), (-0.987603, -0.15697, 0), (0.864568, 0.0579882, -0.499159), (0.499159, 0.0579882, -0.864568), (0.864568, 0.0579882, -0.499159), (0.499159, 0.0579882, -0.864568), (0.864568, 0.0579882, -0.499159), (0.499159, 0.0579882, -0.864568), (0.382683, 0, 0.923879), (0.19509, 0, 0.980785), (0.382683, 0, 0.923879), (0.19509, 0, 0.980785), (0.382683, 0, 0.923879), (0.19509, 0, 0.980785), (0.19509, 0, 0.980785), (-0.19509, 0, 0.980785), (0.19509, 0, 0.980785), (-0.19509, 0, 0.980785), (0.19509, 0, 0.980785), (-0.19509, 0, 0.980785), (-0.19509, 0, 0.980785), (-0.382683, 0, 0.923879), (-0.19509, 0, 0.980785), (-0.382683, 0, 0.923879), (-0.19509, 0, 0.980785), (-0.382683, 0, 0.923879), (0, -0.5547, -0.83205), (0, -0.5547, -0.83205), (0, -0.5547, -0.83205), (0, -0.5547, -0.83205), (0, -0.5547, -0.83205), (0, -0.5547, -0.83205), (-0.236947, -0.848734, 0.472764), (-0.614369, -0.768993, 0.176638), (-0.257795, -0.846977, 0.464942), (-0.614369, -0.768993, 0.176638), (-0.236947, -0.848734, 0.472764), (-0.509689, -0.810035, 0.289931), (0.347397, -0.644064, 0.68154), (0, -0.658505, 0.752577), (0.364175, -0.642844, 0.67389), (0, -0.658505, 0.752577), (0.347397, -0.644064, 0.68154), (0, -0.658505, 0.752577), (0, -0.859293, 0.511484), (0.257795, -0.846977, 0.464942), (0.236947, -0.848734, 0.472764), (0.257795, -0.846977, 0.464942), (0, -0.859293, 0.511484), (0, -0.859293, 0.511484), (-0.236947, -0.848734, 0.472764), (0, -0.859293, 0.511484), (0, -0.859293, 0.511484), (0, -0.859293, 0.511484), (-0.236947, -0.848734, 0.472764), (-0.257795, -0.846977, 0.464942), (0.236947, -0.848734, 0.472764), (0.614369, -0.768993, 0.176638), (0.509689, -0.810035, 0.289931), (0.614369, -0.768993, 0.176638), (0.236947, -0.848734, 0.472764), (0.257795, -0.846977, 0.464942), (0.347397, -0.644064, 0.68154), (0.769315, -0.574561, 0.279347), (0.706938, -0.598928, 0.376197), (0.769315, -0.574561, 0.279347), (0.347397, -0.644064, 0.68154), (0.364175, -0.642844, 0.67389), (0.509689, -0.810035, 0.289931), (0.740833, -0.671689, 0), (0.740833, -0.671689, 0), (0.740833, -0.671689, 0), (0.509689, -0.810035, 0.289931), (0.614369, -0.768993, 0.176638), (-0.740833, -0.671689, 0), (-0.509689, -0.810035, 0.289931), (-0.740833, -0.671689, 0), (-0.509689, -0.810035, 0.289931), (-0.740833, -0.671689, 0), (-0.614369, -0.768993, 0.176638), (-0.347397, -0.644064, 0.68154), (-0.769315, -0.574561, 0.279347), (-0.364175, -0.642844, 0.67389), (-0.769315, -0.574561, 0.279347), (-0.347397, -0.644064, 0.68154), (-0.706938, -0.598928, 0.376197), (0, -1, 0), (0, -1, 0), (0, -1, 0), (0, -1, 0), (0, -1, 0), (0, -1, 0), (0, -1, 0), (0, -1, 0), (0, -1, 0), (0, -1, 0), (0, -1, 0), (0, -1, 0), (0, -1, 0), (0, -1, 0), (0, -1, 0), (0, -0.658505, 0.752577), (-0.364175, -0.642844, 0.67389), (0, -0.658505, 0.752577), (-0.364175, -0.642844, 0.67389), (0, -0.658505, 0.752577), (-0.347397, -0.644064, 0.68154), (-0.769315, -0.574561, 0.279347), (-0.883116, -0.469155, 0), (-0.883116, -0.469155, 0), (-0.883116, -0.469155, 0), (-0.769315, -0.574561, 0.279347), (-0.706938, -0.598928, 0.376197), (0.706938, -0.598928, 0.376197), (0.883116, -0.469155, 0), (0.883116, -0.469155, 0), (0.883116, -0.469155, 0), (0.706938, -0.598928, 0.376197), (0.769315, -0.574561, 0.279347), (0, 0, -1), (0, 0, -1), (0, 0, -1), (0, 0, -1), (0, 0, -1), (0, 0, -1), (-0.980785, 0, 0.19509), (-1, 0, 0), (-1, 0, 0), (-1, 0, 0), (-0.980785, 0, 0.19509), (-0.980785, 0, 0.19509), (0.980785, 0, 0.19509), (1, 0, 0), (1, 0, 0), (1, 0, 0), (0.980785, 0, 0.19509), (0.980785, 0, 0.19509), (0.923879, 0, 0.382683), (0.980785, 0, 0.19509), (0.980785, 0, 0.19509), (0.980785, 0, 0.19509), (0.923879, 0, 0.382683), (0.923879, 0, 0.382683), (0.923879, 0, 0.382683), (0.923879, 0, 0.382683), (0.923879, 0, 0.382683), (-0.923879, 0, 0.382683), (-0.980785, 0, 0.19509), (-0.980785, 0, 0.19509), (-0.980785, 0, 0.19509), (-0.923879, 0, 0.382683), (-0.923879, 0, 0.382683), (-0.923879, 0, 0.382683), (-0.923879, 0, 0.382683), (-0.923879, 0, 0.382683), (-0.19509, 0, 0.980785), (-0.382683, 0, 0.923879), (-0.19509, 0, 0.980785), (-0.382683, 0, 0.923879), (-0.19509, 0, 0.980785), (-0.382683, 0, 0.923879), (0.19509, 0, 0.980785), (-0.19509, 0, 0.980785), (0.19509, 0, 0.980785), (-0.19509, 0, 0.980785), (0.19509, 0, 0.980785), (-0.19509, 0, 0.980785), (0.382683, 0, 0.923879), (0.19509, 0, 0.980785), (0.382683, 0, 0.923879), (0.19509, 0, 0.980785), (0.382683, 0, 0.923879), (0.19509, 0, 0.980785), (0, 1, 0), (0, 1, 0), (0, 1, 0), (0, 1, 0), (0, 1, 0), (0, 1, 0), (0, 1, 0), (0, 1, 0), (0, 1, 0), (0, 1, 0), (0, 1, 0), (0, 1, 0), (0, 1, 0), (0, 1, 0), (0, 1, 0), (0, 1, 0), (0, 1, 0), (0, 1, 0), (0, 0, -1), (0, 0, -1), (0, 0, -1), (0, 0, -1), (0, 0, -1), (0, 0, -1), (-1, 0, 0), (-1, 0, 0), (-1, 0, 0), (-1, 0, 0), (-1, 0, 0), (-1, 0, 0), (0, 0, 1), (0, 0, 1), (0, 0, 1), (0, 0, 1), (0, 0, 1), (0, 0, 1), (1, 0, 0), (1, 0, 0), (1, 0, 0), (1, 0, 0), (1, 0, 0), (1, 0, 0), (0, 0, -1), (0, 0, -1), (0, 0, -1), (0, 0, -1), (0, 0, -1), (0, 0, -1), (-1, 0, 0), (-1, 0, 0), (-1, 0, 0), (-1, 0, 0), (-1, 0, 0), (-1, 0, 0), (0, 0, 1), (0, 0, 1), (0, 0, 1), (0, 0, 1), (0, 0, 1), (0, 0, 1), (1, 0, 0), (1, 0, 0), (1, 0, 0), (1, 0, 0), (1, 0, 0), (1, 0, 0), (-1, 0, -2.88936e-14), (-1, 0, -2.88936e-14), (-1, 0, -2.88936e-14), (-1, 0, -2.88936e-14), (-1, 0, -2.88936e-14), (-1, 0, -2.88936e-14), (-2.16609e-14, 0.661802, 0.749678), (-2.88936e-14, 0, 1), (-2.88936e-14, 0, 1), (-2.88936e-14, 0, 1), (-2.16609e-14, 0.661802, 0.749678), (-2.16609e-14, 0.661802, 0.749678), (1, 0, 2.88936e-14), (1, 0, 2.88936e-14), (1, 0, 2.88936e-14), (1, 0, 2.88936e-14), (1, 0, 2.88936e-14), (1, 0, 2.88936e-14), (-2.16609e-14, 0.661802, 0.749678), (-3.5838e-15, 0.992278, 0.124035), (-2.16609e-14, 0.661802, 0.749678), (-3.5838e-15, 0.992278, 0.124035), (-2.16609e-14, 0.661802, 0.749678), (-3.5838e-15, 0.992278, 0.124035), (0, 0, -1), (0, 0, -1), (0, 0, -1), (0, 0, -1), (0, 0, -1), (0, 0, -1), (0, 0, -1), (0, 0, -1), (0, 0, -1), (0, 0, -1), (0, 0, -1), (0, 0, -1), (0, 0, -1), (0, 0, -1), (0, 0, -1), (0, 0, -1), (0, 0, -1), (0, 0, -1), (0, 0, -1), (0, 0, -1), (0, 0, -1), (0, 0, -1), (0, 0, -1), (0, 0, -1), (0, 0, -1), (0, 0, -1), (0, 0, -1), (0, 0, -1), (0, 0, -1), (0, 0, -1), (0.645052, 0, -0.764139), (0.645052, 0, -0.764139), (0.645052, 0, -0.764139), (0.645052, 0, -0.764139), (0.645052, 0, -0.764139), (0.645052, 0, -0.764139), (0.259601, 0, -0.965716), (0.259601, 0, -0.965716), (0.259601, 0, -0.965716), (0.259601, 0, -0.965716), (0.259601, 0, -0.965716), (0.259601, 0, -0.965716), (-0.259601, 0, -0.965716), (-0.259601, 0, -0.965716), (-0.259601, 0, -0.965716), (-0.259601, 0, -0.965716), (-0.259601, 0, -0.965716), (-0.259601, 0, -0.965716), (-0.645052, 0, -0.764139), (-0.645052, 0, -0.764139), (-0.645052, 0, -0.764139), (-0.645052, 0, -0.764139), (-0.645052, 0, -0.764139), (-0.645052, 0, -0.764139), (0, 0, 1), (0, 0, 1), (0, 0, 1), (0, 0, 1), (0, 0, 1), (0, 0, 1), (0, 0, 1), (0, 0, 1), (0, 0, 1), (0, 0, 1), (0, 0, 1), (0, 0, 1), (0, 0, 1), (0, 0, 1), (0, 0, 1), (0, 0, 1), (0, 0, 1), (0, 0, 1), (0.447214, 0.894427, 0), (0.447214, 0.894427, 0), (0.447214, 0.894427, 0), (0.447214, 0.894427, 0), (0.447214, 0.894427, 0), (0.447214, 0.894427, 0), (1, 0, 0), (1, 0, 0), (1, 0, 0), (1, 0, 0), (1, 0, 0), (1, 0, 0), (-1, 0, 0), (-1, 0, 0), (-1, 0, 0), (-1, 0, 0), (-1, 0, 0), (-1, 0, 0), (-0.447214, 0.894427, 0), (-0.447214, 0.894427, 0), (-0.447214, 0.894427, 0), (-0.447214, 0.894427, 0), (-0.447214, 0.894427, 0), (-0.447214, 0.894427, 0), (0, 1, 0), (0, 1, 0), (0, 1, 0), (0, 1, 0), (0, 1, 0), (0, 1, 0), (0, 1, 0), (0, 1, 0), (0, 1, 0), (0, 1, 0), (0, 1, 0), (0, 1, 0), (0, 1, 0), (0, 1, 0), (0, 1, 0), (0, 1, 0), (0, 1, 0), (0, 1, 0), (0, 1, 0), (0, 1, 0), (0, 1, 0), (0, 1, 0), (0, 1, 0), (0, 1, 0), (0, 1, 0), (0, 1, 0), (0, 1, 0), (0, 1, 0), (0, 1, 0), (0, 1, 0), (0, 1, 0), (0, 1, 0), (0, 1, 0), (0, 1, 0), (0, 1, 0), (0, 1, 0), (0, 1, 0), (0, 1, 0), (0, 1, 0), (0, 1, 0), (0, 1, 0), (0, 1, 0), (0, 1, 0), (0, 1, 0), (0, 1, 0), (0, 1, 0), (0, 1, 0), (0, 1, 0), (-0.46342, 0, 0.886139), (-0.906932, 0, 0.421277), (-0.46342, 0, 0.886139), (-0.906932, 0, 0.421277), (-0.46342, 0, 0.886139), (-0.906932, 0, 0.421277), (-0.906932, 0, 0.421277), (-1, 0, 0), (-1, 0, 0), (-1, 0, 0), (-0.906932, 0, 0.421277), (-0.906932, 0, 0.421277), (0, 0, 1), (-0.46342, 0, 0.886139), (0, 0, 1), (-0.46342, 0, 0.886139), (0, 0, 1), (-0.46342, 0, 0.886139), (0.906932, 0, 0.421277), (0.46342, 0, 0.886139), (0.906932, 0, 0.421277), (0.46342, 0, 0.886139), (0.906932, 0, 0.421277), (0.46342, 0, 0.886139), (1, 0, 0), (1, 0, 0), (1, 0, 0), (1, 0, 0), (1, 0, 0), (1, 0, 0), (0.46342, 0, 0.886139), (0, 0, 1), (0.46342, 0, 0.886139), (0, 0, 1), (0.46342, 0, 0.886139), (0, 0, 1), (0.906932, 0, 0.421277), (1, 0, 0), (1, 0, 0), (1, 0, 0), (0.906932, 0, 0.421277), (0.906932, 0, 0.421277), (-1, 0, 0), (-1, 0, 0), (-1, 0, 0), (-1, 0, 0), (-1, 0, 0), (-1, 0, 0), (0.19509, 0, 0.980785), (-0.19509, 0, 0.980785), (0.19509, 0, 0.980785), (-0.19509, 0, 0.980785), (0.19509, 0, 0.980785), (-0.19509, 0, 0.980785), (-0.19509, 0, 0.980785), (-0.707107, 0, 0.707107), (-0.19509, 0, 0.980785), (-0.707107, 0, 0.707107), (-0.19509, 0, 0.980785), (-0.707107, 0, 0.707107), (0.707107, 0, 0.707107), (0.980785, 0, 0.19509), (0.980785, 0, 0.19509), (0.980785, 0, 0.19509), (0.707107, 0, 0.707107), (0.707107, 0, 0.707107), (0.707107, 0, 0.707107), (0.19509, 0, 0.980785), (0.707107, 0, 0.707107), (0.19509, 0, 0.980785), (0.707107, 0, 0.707107), (0.19509, 0, 0.980785), (0.980785, 0, 0.19509), (0.923879, 0, -0.382683), (0.923879, 0, -0.382683), (0.923879, 0, -0.382683), (0.980785, 0, 0.19509), (0.980785, 0, 0.19509), (-0.707107, 0, 0.707107), (-0.980785, 0, 0.19509), (-0.980785, 0, 0.19509), (-0.980785, 0, 0.19509), (-0.707107, 0, 0.707107), (-0.707107, 0, 0.707107), (-0.980785, 0, 0.19509), (-0.923879, 0, -0.382683), (-0.923879, 0, -0.382683), (-0.923879, 0, -0.382683), (-0.980785, 0, 0.19509), (-0.980785, 0, 0.19509), (-0.382683, 0, -0.923879), (0.382683, 0, -0.923879), (-0.382683, 0, -0.923879), (0.382683, 0, -0.923879), (-0.382683, 0, -0.923879), (0.382683, 0, -0.923879), (0.923879, 0, -0.382683), (0.382683, 0, -0.923879), (0.382683, 0, -0.923879), (0.382683, 0, -0.923879), (0.923879, 0, -0.382683), (0.923879, 0, -0.382683), (-0.923879, 0, -0.382683), (-0.382683, 0, -0.923879), (-0.382683, 0, -0.923879), (-0.382683, 0, -0.923879), (-0.923879, 0, -0.382683), (-0.923879, 0, -0.382683), (0, 1, 0), (0, 1, 0), (0, 1, 0), (0, 1, 0), (0, 1, 0), (0, 1, 0), (0, 1, 0), (0, 1, 0), (0, 1, 0), (0, 1, 0), (0, 1, 0), (0, 1, 0), (0, 1, 0), (0, 1, 0), (0, 1, 0), (0, 1, 0), (0, 1, 0), (0, 1, 0), (0, 1, 0), (0, 1, 0), (0, 1, 0), (0, 1, 0), (0, 1, 0), (0, 1, 0), (0, -1, 0), (0, -1, 0), (0, -1, 0), (0, -1, 0), (0, -1, 0), (0, -1, 0), (0, -1, 0), (0, -1, 0), (0, -1, 0), (0, -1, 0), (0, -1, 0), (0, -1, 0), (0, -1, 0), (0, -1, 0), (0, -1, 0), (0, -1, 0), (0, -1, 0), (0, -1, 0), (0, -1, 0), (0, -1, 0), (0, -1, 0), (0, -1, 0), (0, -1, 0), (0, -1, 0), (0, -1, 0), (0, -1, 0), (0, -1, 0), (0, -1, 0), (0, -1, 0), (0, -1, 0), (0, -1, 0), (0, -1, 0), (0, -1, 0), (0, -1, 0), (0, -1, 0), (0, -1, 0), (0, -1, 0), (0, -1, 0), (0, -1, 0), (0, 1, 0), (0, 1, 0), (0, 1, 0), (0, 1, 0), (0, 1, 0), (0, 1, 0), (0, 1, 0), (0, 1, 0), (0, 1, 0), (0, 1, 0), (0, 1, 0), (0, 1, 0), (0, 1, 0), (0, 1, 0), (0, 1, 0), (0, 1, 0), (0, 1, 0), (0, 1, 0), (0, 1, 0), (0, 1, 0), (0, 1, 0), (0, 1, 0), (0, 1, 0), (0, 1, 0), (0, 1, 0), (0, 1, 0), (0, 1, 0), (0, 1, 0), (0, 1, 0), (0, 1, 0), (0, 1, 0), (0, 1, 0), (0, 1, 0), (0, 1, 0), (0, 1, 0), (0, 1, 0), (0, 1, 0), (0, 1, 0), (0, 1, 0), (0, 1, 0), (0, 1, 0), (0, 1, 0), (0, 1, 0), (0, 1, 0), (0, 1, 0), (0, 1, 0), (0, 1, 0), (0, 1, 0), (0, 1, 0), (0, 1, 0), (0, 1, 0), (0, 1, 0), (0, 1, 0), (0, 1, 0), (0, 1, 0), (0, 1, 0), (0, 1, 0), (0, 1, 0), (0, 1, 0), (0, 1, 0), (0, 1, 0), (0, 1, 0), (0, 1, 0), (0, 1, 0), (0, 1, 0), (0, 1, 0), (0, 1, 0), (0, 1, 0), (0, 1, 0), (0, 1, 0), (0, 1, 0), (0, 1, 0), (0, 1, 0), (0, 1, 0), (0, 1, 0), (0, 1, 0), (0, 1, 0), (0, 1, 0), (0, 1, 0), (0, 1, 0), (0, 1, 0), (0, 1, 0), (0, 1, 0), (0, 1, 0), (0, 1, 0), (0, 1, 0), (0, 1, 0), (0, 1, 0), (0, 1, 0), (0, 1, 0), (0, 1, 0), (0, 1, 0), (0, 1, 0), (0, 1, 0), (0, 1, 0), (0, 1, 0), (0, 1, 0), (0, 1, 0), (0, 1, 0), (0, 1, 0), (0, 1, 0), (0, 1, 0), (0, 1, 0), (0, 1, 0), (0, 1, 0), (0, 1, 0), (0, 1, 0), (0, 1, 0), (0, 1, 0), (0, 1, 0), (0, 1, 0), (0, 1, 0), (0, 1, 0), (0, 1, 0), (0, 1, 0), (0, 1, 0), (0, 1, 0), (0, 1, 0), (0, 1, 0), (0, 1, 0), (0, 1, 0), (0, 1, 0), (0, 1, 0), (0, 1, 0), (0, 1, 0), (0, 1, 0), (0, 1, 0), (0, 1, 0), (0, 1, 0), (0, 1, 0), (0, 1, 0), (0, 1, 0), (0, 1, 0), (0, 1, 0), (0, 1, 0), (-0.997439, -0.0715178, 0), (-0.863808, -0.0715178, 0.49872), (-0.997439, -0.0715178, 0), (-0.863808, -0.0715178, 0.49872), (-0.997439, -0.0715178, 0), (-0.863808, -0.0715178, 0.49872), (0.997439, -0.0715178, 0), (0.863808, -0.0715178, -0.49872), (0.863808, -0.0715178, -0.49872), (0.863808, -0.0715178, -0.49872), (0.997439, -0.0715178, 0), (0.997439, -0.0715178, 0), (0, -0.0715178, 0.997439), (-0.49872, -0.0715178, 0.863808), (0, -0.0715178, 0.997439), (-0.49872, -0.0715178, 0.863808), (0, -0.0715178, 0.997439), (-0.49872, -0.0715178, 0.863808), (0, -1, 0), (0, -1, 0), (0, -1, 0), (0, -1, 0), (0, -1, 0), (0, -1, 0), (0, -1, 0), (0, -1, 0), (0, -1, 0), (0, -1, 0), (0, -1, 0), (0, -1, 0), (0, -1, 0), (0, -1, 0), (0, -1, 0), (0, -1, 0), (0, -1, 0), (0, -1, 0), (0, -1, 0), (0, -1, 0), (0, -1, 0), (0, -1, 0), (0, -1, 0), (0, -1, 0), (0, -1, 0), (0, -1, 0), (0, -1, 0), (0, -1, 0), (0, -1, 0), (0, -1, 0), (0, -1, 0), (0, -1, 0), (0, -1, 0), (0, -1, 0), (0, -1, 0), (0, -1, 0), (0, -1, 0), (0, -1, 0), (0, -1, 0), (0, -1, 0), (0, -1, 0), (0, -1, 0), (0, -1, 0), (0, -1, 0), (0, -1, 0), (0, -1, 0), (0, -1, 0), (0, -1, 0), (0, -1, 0), (0, -1, 0), (0, -1, 0), (0, -1, 0), (0, -1, 0), (0, -1, 0), (0, -1, 0), (0, -1, 0), (0, -1, 0), (0, -1, 0), (0, -1, 0), (0, -1, 0), (0, -1, 0), (0, -1, 0), (0, -1, 0), (0, -1, 0), (0, -1, 0), (0, -1, 0), (0, -1, 0), (0, -1, 0), (0, -1, 0), (0, -1, 0), (0, -1, 0), (0, -1, 0), (0.863808, -0.0715178, 0.49872), (0.49872, -0.0715178, 0.863808), (0.863808, -0.0715178, 0.49872), (0.49872, -0.0715178, 0.863808), (0.863808, -0.0715178, 0.49872), (0.49872, -0.0715178, 0.863808), (0.997439, -0.0715178, 0), (0.863808, -0.0715178, 0.49872), (0.997439, -0.0715178, 0), (0.863808, -0.0715178, 0.49872), (0.997439, -0.0715178, 0), (0.863808, -0.0715178, 0.49872), (-0.863808, -0.0715178, -0.49872), (-0.49872, -0.0715178, -0.863808), (-0.863808, -0.0715178, -0.49872), (-0.49872, -0.0715178, -0.863808), (-0.863808, -0.0715178, -0.49872), (-0.49872, -0.0715178, -0.863808), (0, -0.0715178, -0.997439), (0.49872, -0.0715178, -0.863808), (0, -0.0715178, -0.997439), (0.49872, -0.0715178, -0.863808), (0, -0.0715178, -0.997439), (0.49872, -0.0715178, -0.863808), (0.863808, -0.0715178, -0.49872), (0.49872, -0.0715178, -0.863808), (0.49872, -0.0715178, -0.863808), (0.49872, -0.0715178, -0.863808), (0.863808, -0.0715178, -0.49872), (0.863808, -0.0715178, -0.49872), (0.49872, -0.0715178, 0.863808), (0, -0.0715178, 0.997439), (0.49872, -0.0715178, 0.863808), (0, -0.0715178, 0.997439), (0.49872, -0.0715178, 0.863808), (0, -0.0715178, 0.997439), (-0.863808, -0.0715178, -0.49872), (-0.997439, -0.0715178, 0), (-0.863808, -0.0715178, -0.49872), (-0.997439, -0.0715178, 0), (-0.863808, -0.0715178, -0.49872), (-0.997439, -0.0715178, 0), (-0.49872, -0.0715178, -0.863808), (0, -0.0715178, -0.997439), (-0.49872, -0.0715178, -0.863808), (0, -0.0715178, -0.997439), (-0.49872, -0.0715178, -0.863808), (0, -0.0715178, -0.997439), (-0.49872, -0.0715178, 0.863808), (-0.863808, -0.0715178, 0.49872), (-0.863808, -0.0715178, 0.49872), (-0.863808, -0.0715178, 0.49872), (-0.49872, -0.0715178, 0.863808), (-0.49872, -0.0715178, 0.863808), (0, 1, 0), (0, 1, 0), (0, 1, 0), (0, 1, 0), (0, 1, 0), (0, 1, 0), (0, 1, 0), (0, 1, 0), (0, 1, 0), (0, 1, 0), (0, 1, 0), (0, 1, 0), (0, 1, 0), (0, 1, 0), (0, 1, 0), (0, 1, 0), (0, 1, 0), (0, 1, 0), (0, 1, 0), (0, 1, 0), (0, 1, 0), (0, 1, 0), (0, 1, 0), (0, 1, 0), (0, 1, 0), (0, 1, 0), (0, 1, 0), (0, 1, 0), (0, 1, 0), (0, 1, 0), (0, 1, 0), (0, 1, 0), (0, 1, 0), (0, 1, 0), (0, 1, 0), (0, 1, 0), (0, 1, 0), (0, 1, 0), (0, 1, 0), (0, 1, 0), (0, 1, 0), (0, 1, 0), (0, 1, 0), (0, 1, 0), (0, 1, 0), (0, 1, 0), (0, 1, 0), (0, 1, 0), (0, 1, 0), (0, 1, 0), (0, 1, 0), (0, 1, 0), (0, 1, 0), (0, 1, 0), (0, 1, 0), (0, 1, 0), (0, 1, 0), (0, 1, 0), (0, 1, 0), (0, 1, 0), (0, 1, 0), (0, 1, 0), (0, 1, 0), (0, 1, 0), (0, 1, 0), (0, 1, 0), (0, 1, 0), (0, 1, 0), (0, 1, 0), (0, 1, 0), (0, 1, 0), (0, 1, 0), (-0.997439, -0.0715178, 0), (-0.863808, -0.0715178, 0.49872), (-0.997439, -0.0715178, 0), (-0.863808, -0.0715178, 0.49872), (-0.997439, -0.0715178, 0), (-0.863808, -0.0715178, 0.49872), (0.997439, -0.0715178, 0), (0.863808, -0.0715178, -0.49872), (0.863808, -0.0715178, -0.49872), (0.863808, -0.0715178, -0.49872), (0.997439, -0.0715178, 0), (0.997439, -0.0715178, 0), (0, -0.0715178, 0.997439), (-0.49872, -0.0715178, 0.863808), (0, -0.0715178, 0.997439), (-0.49872, -0.0715178, 0.863808), (0, -0.0715178, 0.997439), (-0.49872, -0.0715178, 0.863808), (0, -1, 0), (0, -1, 0), (0, -1, 0), (0, -1, 0), (0, -1, 0), (0, -1, 0), (0, -1, 0), (0, -1, 0), (0, -1, 0), (0, -1, 0), (0, -1, 0), (0, -1, 0), (0, -1, 0), (0, -1, 0), (0, -1, 0), (0, -1, 0), (0, -1, 0), (0, -1, 0), (0, -1, 0), (0, -1, 0), (0, -1, 0), (0, -1, 0), (0, -1, 0), (0, -1, 0), (0, -1, 0), (0, -1, 0), (0, -1, 0), (0, -1, 0), (0, -1, 0), (0, -1, 0), (0, -1, 0), (0, -1, 0), (0, -1, 0), (0, -1, 0), (0, -1, 0), (0, -1, 0), (0, -1, 0), (0, -1, 0), (0, -1, 0), (0, -1, 0), (0, -1, 0), (0, -1, 0), (0, -1, 0), (0, -1, 0), (0, -1, 0), (0, -1, 0), (0, -1, 0), (0, -1, 0), (0, -1, 0), (0, -1, 0), (0, -1, 0), (0, -1, 0), (0, -1, 0), (0, -1, 0), (0, -1, 0), (0, -1, 0), (0, -1, 0), (0, -1, 0), (0, -1, 0), (0, -1, 0), (0, -1, 0), (0, -1, 0), (0, -1, 0), (0, -1, 0), (0, -1, 0), (0, -1, 0), (0, -1, 0), (0, -1, 0), (0, -1, 0), (0, -1, 0), (0, -1, 0), (0, -1, 0), (0.863808, -0.0715178, 0.49872), (0.49872, -0.0715178, 0.863808), (0.863808, -0.0715178, 0.49872), (0.49872, -0.0715178, 0.863808), (0.863808, -0.0715178, 0.49872), (0.49872, -0.0715178, 0.863808), (0.997439, -0.0715178, 0), (0.863808, -0.0715178, 0.49872), (0.997439, -0.0715178, 0), (0.863808, -0.0715178, 0.49872), (0.997439, -0.0715178, 0), (0.863808, -0.0715178, 0.49872), (-0.863808, -0.0715178, -0.49872), (-0.49872, -0.0715178, -0.863808), (-0.863808, -0.0715178, -0.49872), (-0.49872, -0.0715178, -0.863808), (-0.863808, -0.0715178, -0.49872), (-0.49872, -0.0715178, -0.863808), (0, -0.0715178, -0.997439), (0.49872, -0.0715178, -0.863808), (0, -0.0715178, -0.997439), (0.49872, -0.0715178, -0.863808), (0, -0.0715178, -0.997439), (0.49872, -0.0715178, -0.863808), (0.863808, -0.0715178, -0.49872), (0.49872, -0.0715178, -0.863808), (0.49872, -0.0715178, -0.863808), (0.49872, -0.0715178, -0.863808), (0.863808, -0.0715178, -0.49872), (0.863808, -0.0715178, -0.49872), (0.49872, -0.0715178, 0.863808), (0, -0.0715178, 0.997439), (0.49872, -0.0715178, 0.863808), (0, -0.0715178, 0.997439), (0.49872, -0.0715178, 0.863808), (0, -0.0715178, 0.997439), (-0.863808, -0.0715178, -0.49872), (-0.997439, -0.0715178, 0), (-0.863808, -0.0715178, -0.49872), (-0.997439, -0.0715178, 0), (-0.863808, -0.0715178, -0.49872), (-0.997439, -0.0715178, 0), (-0.49872, -0.0715178, -0.863808), (0, -0.0715178, -0.997439), (-0.49872, -0.0715178, -0.863808), (0, -0.0715178, -0.997439), (-0.49872, -0.0715178, -0.863808), (0, -0.0715178, -0.997439), (-0.49872, -0.0715178, 0.863808), (-0.863808, -0.0715178, 0.49872), (-0.863808, -0.0715178, 0.49872), (-0.863808, -0.0715178, 0.49872), (-0.49872, -0.0715178, 0.863808), (-0.49872, -0.0715178, 0.863808), (0.493802, -0.15697, 0.85529), (0, -0.15697, 0.987603), (0.493802, -0.15697, 0.85529), (0, -0.15697, 0.987603), (0.493802, -0.15697, 0.85529), (0, -0.15697, 0.987603), (0, -0.15697, -0.987603), (0.493802, -0.15697, -0.85529), (0, -0.15697, -0.987603), (0.493802, -0.15697, -0.85529), (0, -0.15697, -0.987603), (0.493802, -0.15697, -0.85529), (-0.499159, 0.0579882, 0.864568), (0, 0.0579882, 0.998317), (-0.499159, 0.0579882, 0.864568), (0, 0.0579882, 0.998317), (-0.499159, 0.0579882, 0.864568), (0, 0.0579882, 0.998317), (-0.864568, 0.0579882, 0.499159), (-0.998317, 0.0579882, 0), (-0.864568, 0.0579882, 0.499159), (-0.998317, 0.0579882, 0), (-0.864568, 0.0579882, 0.499159), (-0.998317, 0.0579882, 0), (-0.493802, -0.15697, 0.85529), (-0.85529, -0.15697, 0.493802), (-0.85529, -0.15697, 0.493802), (-0.85529, -0.15697, 0.493802), (-0.493802, -0.15697, 0.85529), (-0.493802, -0.15697, 0.85529), (0, -0.15697, 0.987603), (-0.493802, -0.15697, 0.85529), (0, -0.15697, 0.987603), (-0.493802, -0.15697, 0.85529), (0, -0.15697, 0.987603), (-0.493802, -0.15697, 0.85529), (0, 1, 0), (0, 1, 0), (0, 1, 0), (0, 1, 0), (0, 1, 0), (0, 1, 0), (0, 1, 0), (0, 1, 0), (0, 1, 0), (0, 1, 0), (0, 1, 0), (0, 1, 0), (0, 1, 0), (0, 1, 0), (0, 1, 0), (0, 1, 0), (0, 1, 0), (0, 1, 0), (0, 1, 0), (0, 1, 0), (0, 1, 0), (0, 1, 0), (0, 1, 0), (0, 1, 0), (0, 1, 0), (0, 1, 0), (0, 1, 0), (0, 1, 0), (0, 1, 0), (0, 1, 0), (0.499159, 0.0579882, 0.864568), (0.864568, 0.0579882, 0.499159), (0.499159, 0.0579882, 0.864568), (0.864568, 0.0579882, 0.499159), (0.499159, 0.0579882, 0.864568), (0.864568, 0.0579882, 0.499159), (0, 0.0579882, 0.998317), (0.499159, 0.0579882, 0.864568), (0, 0.0579882, 0.998317), (0.499159, 0.0579882, 0.864568), (0, 0.0579882, 0.998317), (0.499159, 0.0579882, 0.864568), (0.987603, -0.15697, 0), (0.85529, -0.15697, 0.493802), (0.987603, -0.15697, 0), (0.85529, -0.15697, 0.493802), (0.987603, -0.15697, 0), (0.85529, -0.15697, 0.493802), (-0.864568, 0.0579882, -0.499159), (-0.998317, 0.0579882, 0), (-0.998317, 0.0579882, 0), (-0.998317, 0.0579882, 0), (-0.864568, 0.0579882, -0.499159), (-0.864568, 0.0579882, -0.499159), (0.85529, -0.15697, 0.493802), (0.493802, -0.15697, 0.85529), (0.85529, -0.15697, 0.493802), (0.493802, -0.15697, 0.85529), (0.85529, -0.15697, 0.493802), (0.493802, -0.15697, 0.85529), (0.85529, -0.15697, -0.493802), (0.493802, -0.15697, -0.85529), (0.493802, -0.15697, -0.85529), (0.493802, -0.15697, -0.85529), (0.85529, -0.15697, -0.493802), (0.85529, -0.15697, -0.493802), (0.499159, 0.0579882, -0.864568), (0, 0.0579882, -0.998317), (0.499159, 0.0579882, -0.864568), (0, 0.0579882, -0.998317), (0.499159, 0.0579882, -0.864568), (0, 0.0579882, -0.998317), (0.987603, -0.15697, 0), (0.85529, -0.15697, -0.493802), (0.85529, -0.15697, -0.493802), (0.85529, -0.15697, -0.493802), (0.987603, -0.15697, 0), (0.987603, -0.15697, 0), (-0.85529, -0.15697, -0.493802), (-0.493802, -0.15697, -0.85529), (-0.85529, -0.15697, -0.493802), (-0.493802, -0.15697, -0.85529), (-0.85529, -0.15697, -0.493802), (-0.493802, -0.15697, -0.85529), (0.998317, 0.0579882, 0), (0.864568, 0.0579882, 0.499159), (0.864568, 0.0579882, 0.499159), (0.864568, 0.0579882, 0.499159), (0.998317, 0.0579882, 0), (0.998317, 0.0579882, 0), (-0.499159, 0.0579882, -0.864568), (-0.864568, 0.0579882, -0.499159), (-0.499159, 0.0579882, -0.864568), (-0.864568, 0.0579882, -0.499159), (-0.499159, 0.0579882, -0.864568), (-0.864568, 0.0579882, -0.499159), (-0.987603, -0.15697, 0), (-0.85529, -0.15697, 0.493802), (-0.987603, -0.15697, 0), (-0.85529, -0.15697, 0.493802), (-0.987603, -0.15697, 0), (-0.85529, -0.15697, 0.493802), (0, 0.0579882, -0.998317), (-0.499159, 0.0579882, -0.864568), (0, 0.0579882, -0.998317), (-0.499159, 0.0579882, -0.864568), (0, 0.0579882, -0.998317), (-0.499159, 0.0579882, -0.864568), (0.864568, 0.0579882, -0.499159), (0.998317, 0.0579882, 0), (0.998317, 0.0579882, 0), (0.998317, 0.0579882, 0), (0.864568, 0.0579882, -0.499159), (0.864568, 0.0579882, -0.499159), (-0.499159, 0.0579882, 0.864568), (-0.864568, 0.0579882, 0.499159), (-0.499159, 0.0579882, 0.864568), (-0.864568, 0.0579882, 0.499159), (-0.499159, 0.0579882, 0.864568), (-0.864568, 0.0579882, 0.499159), (-0.493802, -0.15697, -0.85529), (0, -0.15697, -0.987603), (-0.493802, -0.15697, -0.85529), (0, -0.15697, -0.987603), (-0.493802, -0.15697, -0.85529), (0, -0.15697, -0.987603), (-0.85529, -0.15697, -0.493802), (-0.987603, -0.15697, 0), (-0.85529, -0.15697, -0.493802), (-0.987603, -0.15697, 0), (-0.85529, -0.15697, -0.493802), (-0.987603, -0.15697, 0), (0.864568, 0.0579882, -0.499159), (0.499159, 0.0579882, -0.864568), (0.864568, 0.0579882, -0.499159), (0.499159, 0.0579882, -0.864568), (0.864568, 0.0579882, -0.499159), (0.499159, 0.0579882, -0.864568), (0.493802, -0.15697, 0.85529), (0, -0.15697, 0.987603), (0.493802, -0.15697, 0.85529), (0, -0.15697, 0.987603), (0.493802, -0.15697, 0.85529), (0, -0.15697, 0.987603), (0, -0.15697, -0.987603), (0.493802, -0.15697, -0.85529), (0, -0.15697, -0.987603), (0.493802, -0.15697, -0.85529), (0, -0.15697, -0.987603), (0.493802, -0.15697, -0.85529), (-0.499159, 0.0579882, 0.864568), (0, 0.0579882, 0.998317), (-0.499159, 0.0579882, 0.864568), (0, 0.0579882, 0.998317), (-0.499159, 0.0579882, 0.864568), (0, 0.0579882, 0.998317), (-0.864568, 0.0579882, 0.499159), (-0.998317, 0.0579882, 0), (-0.864568, 0.0579882, 0.499159), (-0.998317, 0.0579882, 0), (-0.864568, 0.0579882, 0.499159), (-0.998317, 0.0579882, 0), (-0.493802, -0.15697, 0.85529), (-0.85529, -0.15697, 0.493802), (-0.85529, -0.15697, 0.493802), (-0.85529, -0.15697, 0.493802), (-0.493802, -0.15697, 0.85529), (-0.493802, -0.15697, 0.85529), (0, -0.15697, 0.987603), (-0.493802, -0.15697, 0.85529), (0, -0.15697, 0.987603), (-0.493802, -0.15697, 0.85529), (0, -0.15697, 0.987603), (-0.493802, -0.15697, 0.85529), (0, 1, 0), (0, 1, 0), (0, 1, 0), (0, 1, 0), (0, 1, 0), (0, 1, 0), (0, 1, 0), (0, 1, 0), (0, 1, 0), (0, 1, 0), (0, 1, 0), (0, 1, 0), (0, 1, 0), (0, 1, 0), (0, 1, 0), (0, 1, 0), (0, 1, 0), (0, 1, 0), (0, 1, 0), (0, 1, 0), (0, 1, 0), (0, 1, 0), (0, 1, 0), (0, 1, 0), (0, 1, 0), (0, 1, 0), (0, 1, 0), (0, 1, 0), (0, 1, 0), (0, 1, 0), (0.499159, 0.0579882, 0.864568), (0.864568, 0.0579882, 0.499159), (0.499159, 0.0579882, 0.864568), (0.864568, 0.0579882, 0.499159), (0.499159, 0.0579882, 0.864568), (0.864568, 0.0579882, 0.499159), (0, 0.0579882, 0.998317), (0.499159, 0.0579882, 0.864568), (0, 0.0579882, 0.998317), (0.499159, 0.0579882, 0.864568), (0, 0.0579882, 0.998317), (0.499159, 0.0579882, 0.864568), (0.987603, -0.15697, 0), (0.85529, -0.15697, 0.493802), (0.987603, -0.15697, 0), (0.85529, -0.15697, 0.493802), (0.987603, -0.15697, 0), (0.85529, -0.15697, 0.493802), (-0.864568, 0.0579882, -0.499159), (-0.998317, 0.0579882, 0), (-0.998317, 0.0579882, 0), (-0.998317, 0.0579882, 0), (-0.864568, 0.0579882, -0.499159), (-0.864568, 0.0579882, -0.499159), (0.85529, -0.15697, 0.493802), (0.493802, -0.15697, 0.85529), (0.85529, -0.15697, 0.493802), (0.493802, -0.15697, 0.85529), (0.85529, -0.15697, 0.493802), (0.493802, -0.15697, 0.85529), (0.85529, -0.15697, -0.493802), (0.493802, -0.15697, -0.85529), (0.493802, -0.15697, -0.85529), (0.493802, -0.15697, -0.85529), (0.85529, -0.15697, -0.493802), (0.85529, -0.15697, -0.493802), (0.499159, 0.0579882, -0.864568), (0, 0.0579882, -0.998317), (0.499159, 0.0579882, -0.864568), (0, 0.0579882, -0.998317), (0.499159, 0.0579882, -0.864568), (0, 0.0579882, -0.998317), (0.987603, -0.15697, 0), (0.85529, -0.15697, -0.493802), (0.85529, -0.15697, -0.493802), (0.85529, -0.15697, -0.493802), (0.987603, -0.15697, 0), (0.987603, -0.15697, 0), (-0.85529, -0.15697, -0.493802), (-0.493802, -0.15697, -0.85529), (-0.85529, -0.15697, -0.493802), (-0.493802, -0.15697, -0.85529), (-0.85529, -0.15697, -0.493802), (-0.493802, -0.15697, -0.85529), (0.998317, 0.0579882, 0), (0.864568, 0.0579882, 0.499159), (0.864568, 0.0579882, 0.499159), (0.864568, 0.0579882, 0.499159), (0.998317, 0.0579882, 0), (0.998317, 0.0579882, 0), (-0.499159, 0.0579882, -0.864568), (-0.864568, 0.0579882, -0.499159), (-0.499159, 0.0579882, -0.864568), (-0.864568, 0.0579882, -0.499159), (-0.499159, 0.0579882, -0.864568), (-0.864568, 0.0579882, -0.499159), (-0.987603, -0.15697, 0), (-0.85529, -0.15697, 0.493802), (-0.987603, -0.15697, 0), (-0.85529, -0.15697, 0.493802), (-0.987603, -0.15697, 0), (-0.85529, -0.15697, 0.493802), (0, 0.0579882, -0.998317), (-0.499159, 0.0579882, -0.864568), (0, 0.0579882, -0.998317), (-0.499159, 0.0579882, -0.864568), (0, 0.0579882, -0.998317), (-0.499159, 0.0579882, -0.864568), (0.864568, 0.0579882, -0.499159), (0.998317, 0.0579882, 0), (0.998317, 0.0579882, 0), (0.998317, 0.0579882, 0), (0.864568, 0.0579882, -0.499159), (0.864568, 0.0579882, -0.499159), (-0.499159, 0.0579882, 0.864568), (-0.864568, 0.0579882, 0.499159), (-0.499159, 0.0579882, 0.864568), (-0.864568, 0.0579882, 0.499159), (-0.499159, 0.0579882, 0.864568), (-0.864568, 0.0579882, 0.499159), (-0.493802, -0.15697, -0.85529), (0, -0.15697, -0.987603), (-0.493802, -0.15697, -0.85529), (0, -0.15697, -0.987603), (-0.493802, -0.15697, -0.85529), (0, -0.15697, -0.987603), (-0.85529, -0.15697, -0.493802), (-0.987603, -0.15697, 0), (-0.85529, -0.15697, -0.493802), (-0.987603, -0.15697, 0), (-0.85529, -0.15697, -0.493802), (-0.987603, -0.15697, 0), (0.864568, 0.0579882, -0.499159), (0.499159, 0.0579882, -0.864568), (0.864568, 0.0579882, -0.499159), (0.499159, 0.0579882, -0.864568), (0.864568, 0.0579882, -0.499159), (0.499159, 0.0579882, -0.864568), (0.382683, 0, 0.923879), (0.19509, 0, 0.980785), (0.382683, 0, 0.923879), (0.19509, 0, 0.980785), (0.382683, 0, 0.923879), (0.19509, 0, 0.980785), (0.19509, 0, 0.980785), (-0.19509, 0, 0.980785), (0.19509, 0, 0.980785), (-0.19509, 0, 0.980785), (0.19509, 0, 0.980785), (-0.19509, 0, 0.980785), (-0.19509, 0, 0.980785), (-0.382683, 0, 0.923879), (-0.19509, 0, 0.980785), (-0.382683, 0, 0.923879), (-0.19509, 0, 0.980785), (-0.382683, 0, 0.923879)] (interpolation = "faceVarying")
        texCoord2f[] primvars:st = [(0.71875, 0.085), (0.71875, 0.025), (0.71875, 0.025), (0.71875, 0.025), (0.71875, 0.085), (0.71875, 0.085), (0.71875, 0.085), (0.71875, 0.025), (0.71875, 0.025), (0.71875, 0.025), (0.71875, 0.085), (0.71875, 0.085), (0.71875, 0.165), (0.71875, 0.085), (0.71875, 0.085), (0.71875, 0.085), (0.71875, 0.165), (0.71875, 0.165), (0.71875, 0.085), (0.71875, 0.025), (0.71875, 0.085), (0.71875, 0.025), (0.71875, 0.085), (0.71875, 0.025), (0.71875, 0.085), (0.71875, 0.025), (0.71875, 0.085), (0.71875, 0.025), (0.71875, 0.085), (0.71875, 0.025), (0.71875, 0.085), (0.71875, 0.025), (0.71875, 0.085), (0.71875, 0.025), (0.71875, 0.085), (0.71875, 0.025), (0.71875, 0.165), (0.71875, 0.085), (0.71875, 0.165), (0.71875, 0.085), (0.71875, 0.165), (0.71875, 0.085), (0.71875, 0.085), (0.71875, 0.025), (0.71875, 0.085), (0.71875, 0.025), (0.71875, 0.085), (0.71875, 0.025), (0.71875, 0.025), (0.71875, 0.085), (0.71875, 0.085), (0.71875, 0.085), (0.71875, 0.025), (0.71875, 0.025), (0.71875, 0.165), (0.71875, 0.085), (0.71875, 0.085), (0.71875, 0.085), (0.71875, 0.165), (0.71875, 0.165), (0.71875, 0.025), (0.71875, 0.025), (0.71875, 0.025), (0.71875, 0.025), (0.71875, 0.025), (0.71875, 0.025), (0.71875, 0.025), (0.71875, 0.025), (0.71875, 0.025), (0.71875, 0.025), (0.71875, 0.025), (0.71875, 0.025), (0.71875, 0.025), (0.71875, 0.025), (0.71875, 0.025), (0.71875, 0.165), (0.71875, 0.085), (0.71875, 0.085), (0.71875, 0.085), (0.71875, 0.165), (0.71875, 0.165), (0.71875, 0.085), (0.71875, 0.165), (0.71875, 0.085), (0.71875, 0.165), (0.71875, 0.085), (0.71875, 0.165), (0.71875, 0.165), (0.71875, 0.085), (0.71875, 0.165), (0.71875, 0.085), (0.71875, 0.165), (0.71875, 0.085), (0.71875, 0.025), (0.71875, 0.225), (0.71875, 0.025), (0.71875, 0.225), (0.71875, 0.025), (0.71875, 0.225), (0.71875, 0.025), (0.71875, 0.225), (0.71875, 0.025), (0.71875, 0.225), (0.71875, 0.025), (0.71875, 0.225), (0.71875, 0.225), (0.71875, 0.025), (0.71875, 0.225), (0.71875, 0.025), (0.71875, 0.225), (0.71875, 0.025), (0.71875, 0.225), (0.71875, 0.025), (0.71875, 0.225), (0.71875, 0.025), (0.71875, 0.225), (0.71875, 0.025), (0.71875, 0.025), (0.71875, 0.225), (0.71875, 0.125), (0.71875, 0.025), (0.71875, 0.225), (0.71875, 0.025), (0.71875, 0.225), (0.71875, 0.025), (0.71875, 0.225), (0.71875, 0.225), (0.71875, 0.025), (0.71875, 0.125), (0.71875, 0.125), (0.71875, 0.025), (0.71875, 0.025), (0.71875, 0.025), (0.71875, 0.125), (0.71875, 0.125), (0.71875, 0.125), (0.71875, 0.025), (0.71875, 0.025), (0.71875, 0.025), (0.71875, 0.125), (0.71875, 0.125), (0.71875, 0.125), (0.71875, 0.025), (0.71875, 0.025), (0.71875, 0.025), (0.71875, 0.125), (0.71875, 0.125), (0.71875, 0.225), (0.71875, 0.225), (0.71875, 0.225), (0.71875, 0.225), (0.71875, 0.225), (0.71875, 0.225), (0.71875, 0.225), (0.71875, 0.225), (0.71875, 0.225), (0.71875, 0.225), (0.71875, 0.225), (0.71875, 0.225), (0.71875, 0.225), (0.71875, 0.225), (0.71875, 0.225), (0.71875, 0.225), (0.71875, 0.225), (0.71875, 0.225), (0.71875, 0.225), (0.71875, 0.025), (0.71875, 0.025), (0.71875, 0.025), (0.71875, 0.225), (0.71875, 0.225), (0.71875, 0.025), (0.71875, 0.225), (0.71875, 0.025), (0.71875, 0.225), (0.71875, 0.025), (0.71875, 0.225), (0.71875, 0.225), (0.71875, 0.025), (0.71875, 0.025), (0.71875, 0.025), (0.71875, 0.225), (0.71875, 0.225), (0.71875, 0.225), (0.71875, 0.025), (0.71875, 0.225), (0.71875, 0.025), (0.71875, 0.225), (0.71875, 0.025), (0.71875, 0.225), (0.71875, 0.025), (0.71875, 0.025), (0.71875, 0.025), (0.71875, 0.225), (0.71875, 0.225), (0.71875, 0.025), (0.71875, 0.225), (0.71875, 0.025), (0.71875, 0.225), (0.71875, 0.025), (0.71875, 0.225), (0.71875, 0.225), (0.71875, 0.025), (0.71875, 0.025), (0.71875, 0.025), (0.71875, 0.225), (0.71875, 0.225), (0.71875, 0.225), (0.71875, 0.025), (0.71875, 0.225), (0.71875, 0.025), (0.71875, 0.225), (0.71875, 0.025), (0.71875, 0.225), (0.71875, 0.025), (0.71875, 0.175), (0.71875, 0.025), (0.71875, 0.225), (0.71875, 0.025), (0.71875, 0.175), (0.71875, 0.025), (0.71875, 0.025), (0.71875, 0.025), (0.71875, 0.175), (0.71875, 0.175), (0.71875, 0.025), (0.71875, 0.175), (0.71875, 0.025), (0.71875, 0.175), (0.71875, 0.025), (0.71875, 0.225), (0.71875, 0.175), (0.71875, 0.225), (0.71875, 0.175), (0.71875, 0.225), (0.71875, 0.175), (0.71875, 0.225), (0.71875, 0.415), (0.71875, 0.335), (0.71875, 0.335), (0.71875, 0.335), (0.71875, 0.415), (0.71875, 0.415), (0.71875, 0.415), (0.71875, 0.415), (0.71875, 0.435), (0.71875, 0.435), (0.71875, 0.415), (0.71875, 0.475), (0.71875, 0.435), (0.71875, 0.475), (0.71875, 0.455), (0.71875, 0.455), (0.71875, 0.475), (0.71875, 0.475), (0.71875, 0.435), (0.71875, 0.415), (0.71875, 0.435), (0.71875, 0.415), (0.71875, 0.435), (0.71875, 0.475), (0.71875, 0.475), (0.71875, 0.435), (0.71875, 0.455), (0.71875, 0.475), (0.71875, 0.455), (0.71875, 0.475), (0.71875, 0.475), (0.71875, 0.435), (0.71875, 0.435), (0.71875, 0.435), (0.71875, 0.475), (0.71875, 0.475), (0.71875, 0.475), (0.71875, 0.435), (0.71875, 0.435), (0.71875, 0.435), (0.71875, 0.475), (0.71875, 0.475), (0.71875, 0.475), (0.71875, 0.435), (0.71875, 0.435), (0.71875, 0.435), (0.71875, 0.475), (0.71875, 0.475), (0.71875, 0.435), (0.71875, 0.475), (0.71875, 0.435), (0.71875, 0.475), (0.71875, 0.435), (0.71875, 0.475), (0.71875, 0.455), (0.71875, 0.435), (0.71875, 0.435), (0.71875, 0.435), (0.71875, 0.455), (0.71875, 0.475), (0.71875, 0.475), (0.71875, 0.455), (0.71875, 0.475), (0.71875, 0.475), (0.71875, 0.435), (0.71875, 0.435), (0.71875, 0.435), (0.71875, 0.475), (0.71875, 0.455), (0.71875, 0.455), (0.71875, 0.475), (0.71875, 0.475), (0.71875, 0.455), (0.71875, 0.475), (0.71875, 0.455), (0.71875, 0.475), (0.71875, 0.455), (0.71875, 0.475), (0.71875, 0.455), (0.71875, 0.435), (0.71875, 0.455), (0.71875, 0.435), (0.71875, 0.455), (0.71875, 0.435), (0.71875, 0.435), (0.71875, 0.455), (0.71875, 0.455), (0.71875, 0.455), (0.71875, 0.435), (0.71875, 0.435), (0.71875, 0.475), (0.71875, 0.455), (0.71875, 0.475), (0.71875, 0.455), (0.71875, 0.475), (0.71875, 0.455), (0.71875, 0.475), (0.71875, 0.475), (0.71875, 0.475), (0.71875, 0.475), (0.71875, 0.475), (0.71875, 0.475), (0.71875, 0.475), (0.71875, 0.475), (0.71875, 0.475), (0.71875, 0.475), (0.71875, 0.475), (0.71875, 0.475), (0.71875, 0.475), (0.71875, 0.475), (0.71875, 0.475), (0.71875, 0.475), (0.71875, 0.475), (0.71875, 0.475), (0.71875, 0.475), (0.71875, 0.475), (0.71875, 0.475), (0.71875, 0.475), (0.71875, 0.475), (0.71875, 0.475), (0.71875, 0.475), (0.71875, 0.475), (0.71875, 0.475), (0.71875, 0.475), (0.71875, 0.475), (0.71875, 0.475), (0.71875, 0.475), (0.71875, 0.475), (0.71875, 0.475), (0.71875, 0.475), (0.71875, 0.475), (0.71875, 0.475), (0.71875, 0.475), (0.71875, 0.475), (0.71875, 0.475), (0.71875, 0.475), (0.71875, 0.475), (0.71875, 0.475), (0.71875, 0.475), (0.71875, 0.475), (0.71875, 0.475), (0.71875, 0.475), (0.71875, 0.475), (0.71875, 0.475), (0.71875, 0.475), (0.71875, 0.415), (0.71875, 0.415), (0.71875, 0.415), (0.71875, 0.475), (0.71875, 0.475), (0.71875, 0.415), (0.71875, 0.475), (0.71875, 0.415), (0.71875, 0.475), (0.71875, 0.415), (0.71875, 0.475), (0.71875, 0.475), (0.71875, 0.415), (0.71875, 0.415), (0.71875, 0.415), (0.71875, 0.475), (0.71875, 0.475), (0.71875, 0.475), (0.71875, 0.415), (0.71875, 0.415), (0.71875, 0.415), (0.71875, 0.475), (0.71875, 0.475), (0.71875, 0.475), (0.71875, 0.435), (0.71875, 0.475), (0.71875, 0.435), (0.71875, 0.475), (0.71875, 0.435), (0.71875, 0.475), (0.71875, 0.415), (0.71875, 0.415), (0.71875, 0.415), (0.71875, 0.475), (0.71875, 0.475), (0.71875, 0.475), (0.71875, 0.415), (0.71875, 0.475), (0.71875, 0.415), (0.71875, 0.475), (0.71875, 0.415), (0.71875, 0.435), (0.71875, 0.475), (0.71875, 0.435), (0.71875, 0.475), (0.71875, 0.435), (0.71875, 0.475), (0.71875, 0.475), (0.71875, 0.275), (0.71875, 0.275), (0.71875, 0.275), (0.71875, 0.475), (0.71875, 0.475), (0.71875, 0.475), (0.71875, 0.275), (0.71875, 0.275), (0.71875, 0.275), (0.71875, 0.475), (0.71875, 0.475), (0.71875, 0.475), (0.71875, 0.275), (0.71875, 0.475), (0.71875, 0.275), (0.71875, 0.475), (0.71875, 0.275), (0.71875, 0.475), (0.71875, 0.275), (0.71875, 0.275), (0.71875, 0.275), (0.71875, 0.475), (0.71875, 0.475), (0.71875, 0.475), (0.71875, 0.275), (0.71875, 0.475), (0.71875, 0.275), (0.71875, 0.475), (0.71875, 0.275), (0.71875, 0.275), (0.71875, 0.475), (0.71875, 0.275), (0.71875, 0.475), (0.71875, 0.275), (0.71875, 0.475), (0.71875, 0.275), (0.71875, 0.475), (0.71875, 0.275), (0.71875, 0.475), (0.71875, 0.275), (0.71875, 0.475), (0.71875, 0.475), (0.71875, 0.275), (0.71875, 0.275), (0.71875, 0.275), (0.71875, 0.475), (0.71875, 0.475), (0.71875, 0.475), (0.71875, 0.275), (0.71875, 0.475), (0.71875, 0.275), (0.71875, 0.475), (0.71875, 0.275), (0.71875, 0.275), (0.71875, 0.475), (0.71875, 0.275), (0.71875, 0.475), (0.71875, 0.275), (0.71875, 0.475), (0.71875, 0.475), (0.71875, 0.475), (0.71875, 0.475), (0.71875, 0.475), (0.71875, 0.475), (0.71875, 0.475), (0.71875, 0.475), (0.71875, 0.475), (0.71875, 0.475), (0.71875, 0.475), (0.71875, 0.475), (0.71875, 0.475), (0.71875, 0.475), (0.71875, 0.475), (0.71875, 0.475), (0.71875, 0.475), (0.71875, 0.475), (0.71875, 0.475), (0.71875, 0.475), (0.71875, 0.475), (0.71875, 0.475), (0.71875, 0.475), (0.71875, 0.475), (0.71875, 0.475), (0.71875, 0.275), (0.71875, 0.275), (0.71875, 0.275), (0.71875, 0.275), (0.71875, 0.275), (0.71875, 0.275), (0.71875, 0.275), (0.71875, 0.275), (0.71875, 0.275), (0.71875, 0.275), (0.71875, 0.275), (0.71875, 0.275), (0.71875, 0.275), (0.71875, 0.275), (0.71875, 0.275), (0.71875, 0.275), (0.71875, 0.275), (0.71875, 0.275), (0.71875, 0.275), (0.71875, 0.275), (0.71875, 0.275), (0.71875, 0.275), (0.71875, 0.275), (0.71875, 0.275), (0.71875, 0.085), (0.71875, 0.085), (0.71875, 0.085), (0.71875, 0.085), (0.71875, 0.085), (0.71875, 0.085), (0.71875, 0.085), (0.71875, 0.085), (0.71875, 0.085), (0.71875, 0.085), (0.71875, 0.085), (0.71875, 0.085), (0.71875, 0.085), (0.71875, 0.085), (0.71875, 0.085), (0.34375, 0.185), (0.34375, 0.185), (0.34375, 0.185), (0.34375, 0.185), (0.34375, 0.185), (0.34375, 0.185), (0.34375, 0.185), (0.34375, 0.185), (0.34375, 0.185), (0.34375, 0.185), (0.34375, 0.185), (0.34375, 0.185), (0.34375, 0.185), (0.34375, 0.185), (0.34375, 0.185), (0.34375, 0.185), (0.34375, 0.185), (0.34375, 0.185), (0.34375, 0.185), (0.34375, 0.185), (0.34375, 0.185), (0.34375, 0.185), (0.34375, 0.185), (0.34375, 0.185), (0.34375, 0.185), (0.34375, 0.185), (0.34375, 0.185), (0.34375, 0.185), (0.34375, 0.185), (0.34375, 0.185), (0.34375, 0.185), (0.34375, 0.185), (0.34375, 0.185), (0.34375, 0.185), (0.34375, 0.185), (0.34375, 0.185), (0.34375, 0.185), (0.34375, 0.185), (0.34375, 0.185), (0.34375, 0.185), (0.34375, 0.185), (0.34375, 0.185), (0.34375, 0.185), (0.34375, 0.185), (0.34375, 0.185), (0.34375, 0.185), (0.34375, 0.185), (0.34375, 0.185), (0.34375, 0.185), (0.34375, 0.185), (0.34375, 0.185), (0.34375, 0.185), (0.34375, 0.185), (0.34375, 0.185), (0.34375, 0.185), (0.34375, 0.185), (0.34375, 0.185), (0.34375, 0.185), (0.34375, 0.185), (0.34375, 0.185), (0.34375, 0.185), (0.34375, 0.185), (0.34375, 0.185), (0.34375, 0.225), (0.34375, 0.225), (0.34375, 0.225), (0.34375, 0.225), (0.34375, 0.225), (0.34375, 0.225), (0.34375, 0.225), (0.34375, 0.225), (0.34375, 0.225), (0.34375, 0.225), (0.34375, 0.225), (0.34375, 0.225), (0.34375, 0.225), (0.34375, 0.225), (0.34375, 0.225), (0.34375, 0.225), (0.34375, 0.225), (0.34375, 0.225), (0.34375, 0.225), (0.34375, 0.225), (0.34375, 0.225), (0.34375, 0.225), (0.34375, 0.225), (0.34375, 0.225), (0.34375, 0.225), (0.34375, 0.225), (0.34375, 0.225), (0.34375, 0.225), (0.34375, 0.225), (0.34375, 0.225), (0.34375, 0.225), (0.34375, 0.225), (0.34375, 0.225), (0.34375, 0.225), (0.34375, 0.225), (0.34375, 0.225), (0.34375, 0.225), (0.34375, 0.225), (0.34375, 0.225), (0.34375, 0.225), (0.34375, 0.225), (0.34375, 0.225), (0.34375, 0.225), (0.34375, 0.225), (0.34375, 0.225), (0.34375, 0.225), (0.34375, 0.225), (0.34375, 0.225), (0.34375, 0.225), (0.34375, 0.225), (0.34375, 0.225), (0.34375, 0.225), (0.34375, 0.225), (0.34375, 0.225), (0.34375, 0.225), (0.34375, 0.225), (0.34375, 0.225), (0.34375, 0.225), (0.34375, 0.225), (0.34375, 0.225), (0.34375, 0.225), (0.34375, 0.225), (0.34375, 0.225), (0.34375, 0.225), (0.34375, 0.225), (0.34375, 0.225), (0.34375, 0.225), (0.34375, 0.225), (0.34375, 0.225), (0.34375, 0.225), (0.34375, 0.225), (0.34375, 0.225), (0.34375, 0.109357), (0.34375, 0.225), (0.34375, 0.225), (0.34375, 0.225), (0.34375, 0.109357), (0.34375, 0.109357), (0.34375, 0.225), (0.34375, 0.109357), (0.34375, 0.225), (0.34375, 0.109357), (0.34375, 0.225), (0.34375, 0.109357), (0.34375, 0.225), (0.34375, 0.109357), (0.34375, 0.109357), (0.34375, 0.109357), (0.34375, 0.225), (0.34375, 0.225), (0.34375, 0.109357), (0.34375, 0.109357), (0.34375, 0.109357), (0.34375, 0.109357), (0.34375, 0.109357), (0.34375, 0.109357), (0.34375, 0.109357), (0.34375, 0.109357), (0.34375, 0.109357), (0.34375, 0.109357), (0.34375, 0.109357), (0.34375, 0.109357), (0.34375, 0.109357), (0.34375, 0.109357), (0.34375, 0.109357), (0.34375, 0.109357), (0.34375, 0.109357), (0.34375, 0.109357), (0.34375, 0.109357), (0.34375, 0.109357), (0.34375, 0.109357), (0.34375, 0.109357), (0.34375, 0.109357), (0.34375, 0.109357), (0.34375, 0.109357), (0.34375, 0.109357), (0.34375, 0.109357), (0.34375, 0.109357), (0.34375, 0.109357), (0.34375, 0.109357), (0.34375, 0.109357), (0.34375, 0.109357), (0.34375, 0.109357), (0.34375, 0.109357), (0.34375, 0.109357), (0.34375, 0.109357), (0.34375, 0.109357), (0.34375, 0.109357), (0.34375, 0.109357), (0.34375, 0.109357), (0.34375, 0.109357), (0.34375, 0.109357), (0.34375, 0.109357), (0.34375, 0.109357), (0.34375, 0.109357), (0.34375, 0.109357), (0.34375, 0.109357), (0.34375, 0.109357), (0.34375, 0.109357), (0.34375, 0.109357), (0.34375, 0.109357), (0.34375, 0.109357), (0.34375, 0.109357), (0.34375, 0.109357), (0.34375, 0.109357), (0.34375, 0.109357), (0.34375, 0.109357), (0.34375, 0.109357), (0.34375, 0.109357), (0.34375, 0.109357), (0.34375, 0.109357), (0.34375, 0.109357), (0.34375, 0.109357), (0.34375, 0.109357), (0.34375, 0.109357), (0.34375, 0.109357), (0.34375, 0.109357), (0.34375, 0.109357), (0.34375, 0.109357), (0.34375, 0.109357), (0.34375, 0.109357), (0.34375, 0.109357), (0.34375, 0.225), (0.34375, 0.109357), (0.34375, 0.109357), (0.34375, 0.109357), (0.34375, 0.225), (0.34375, 0.225), (0.34375, 0.225), (0.34375, 0.109357), (0.34375, 0.109357), (0.34375, 0.109357), (0.34375, 0.225), (0.34375, 0.225), (0.34375, 0.225), (0.34375, 0.109357), (0.34375, 0.109357), (0.34375, 0.109357), (0.34375, 0.225), (0.34375, 0.225), (0.34375, 0.225), (0.34375, 0.109357), (0.34375, 0.109357), (0.34375, 0.109357), (0.34375, 0.225), (0.34375, 0.225), (0.34375, 0.225), (0.34375, 0.109357), (0.34375, 0.225), (0.34375, 0.109357), (0.34375, 0.225), (0.34375, 0.109357), (0.34375, 0.225), (0.34375, 0.109357), (0.34375, 0.109357), (0.34375, 0.109357), (0.34375, 0.225), (0.34375, 0.225), (0.34375, 0.109357), (0.34375, 0.225), (0.34375, 0.225), (0.34375, 0.225), (0.34375, 0.109357), (0.34375, 0.109357), (0.34375, 0.225), (0.34375, 0.109357), (0.34375, 0.109357), (0.34375, 0.109357), (0.34375, 0.225), (0.34375, 0.225), (0.34375, 0.109357), (0.34375, 0.225), (0.34375, 0.109357), (0.34375, 0.225), (0.34375, 0.109357), (0.34375, 0.225), (0.34375, 0.225), (0.34375, 0.225), (0.34375, 0.225), (0.34375, 0.225), (0.34375, 0.225), (0.34375, 0.225), (0.34375, 0.225), (0.34375, 0.225), (0.34375, 0.225), (0.34375, 0.225), (0.34375, 0.225), (0.34375, 0.225), (0.34375, 0.225), (0.34375, 0.225), (0.34375, 0.225), (0.34375, 0.225), (0.34375, 0.225), (0.34375, 0.225), (0.34375, 0.225), (0.34375, 0.225), (0.34375, 0.225), (0.34375, 0.225), (0.34375, 0.225), (0.34375, 0.225), (0.34375, 0.225), (0.34375, 0.225), (0.34375, 0.225), (0.34375, 0.225), (0.34375, 0.225), (0.34375, 0.225), (0.34375, 0.225), (0.34375, 0.225), (0.34375, 0.225), (0.34375, 0.225), (0.34375, 0.225), (0.34375, 0.225), (0.34375, 0.225), (0.34375, 0.225), (0.34375, 0.225), (0.34375, 0.225), (0.34375, 0.225), (0.34375, 0.225), (0.34375, 0.225), (0.34375, 0.225), (0.34375, 0.225), (0.34375, 0.225), (0.34375, 0.225), (0.34375, 0.225), (0.34375, 0.225), (0.34375, 0.225), (0.34375, 0.225), (0.34375, 0.225), (0.34375, 0.225), (0.34375, 0.225), (0.34375, 0.225), (0.34375, 0.225), (0.34375, 0.225), (0.34375, 0.225), (0.34375, 0.225), (0.34375, 0.225), (0.34375, 0.225), (0.34375, 0.225), (0.34375, 0.225), (0.34375, 0.225), (0.34375, 0.225), (0.34375, 0.225), (0.34375, 0.225), (0.34375, 0.225), (0.34375, 0.225), (0.34375, 0.225), (0.34375, 0.225), (0.34375, 0.225), (0.34375, 0.109357), (0.34375, 0.225), (0.34375, 0.225), (0.34375, 0.225), (0.34375, 0.109357), (0.34375, 0.109357), (0.34375, 0.225), (0.34375, 0.109357), (0.34375, 0.225), (0.34375, 0.109357), (0.34375, 0.225), (0.34375, 0.109357), (0.34375, 0.225), (0.34375, 0.109357), (0.34375, 0.109357), (0.34375, 0.109357), (0.34375, 0.225), (0.34375, 0.225), (0.34375, 0.109357), (0.34375, 0.109357), (0.34375, 0.109357), (0.34375, 0.109357), (0.34375, 0.109357), (0.34375, 0.109357), (0.34375, 0.109357), (0.34375, 0.109357), (0.34375, 0.109357), (0.34375, 0.109357), (0.34375, 0.109357), (0.34375, 0.109357), (0.34375, 0.109357), (0.34375, 0.109357), (0.34375, 0.109357), (0.34375, 0.109357), (0.34375, 0.109357), (0.34375, 0.109357), (0.34375, 0.109357), (0.34375, 0.109357), (0.34375, 0.109357), (0.34375, 0.109357), (0.34375, 0.109357), (0.34375, 0.109357), (0.34375, 0.109357), (0.34375, 0.109357), (0.34375, 0.109357), (0.34375, 0.109357), (0.34375, 0.109357), (0.34375, 0.109357), (0.34375, 0.109357), (0.34375, 0.109357), (0.34375, 0.109357), (0.34375, 0.109357), (0.34375, 0.109357), (0.34375, 0.109357), (0.34375, 0.109357), (0.34375, 0.109357), (0.34375, 0.109357), (0.34375, 0.109357), (0.34375, 0.109357), (0.34375, 0.109357), (0.34375, 0.109357), (0.34375, 0.109357), (0.34375, 0.109357), (0.34375, 0.109357), (0.34375, 0.109357), (0.34375, 0.109357), (0.34375, 0.109357), (0.34375, 0.109357), (0.34375, 0.109357), (0.34375, 0.109357), (0.34375, 0.109357), (0.34375, 0.109357), (0.34375, 0.109357), (0.34375, 0.109357), (0.34375, 0.109357), (0.34375, 0.109357), (0.34375, 0.109357), (0.34375, 0.109357), (0.34375, 0.109357), (0.34375, 0.109357), (0.34375, 0.109357), (0.34375, 0.109357), (0.34375, 0.109357), (0.34375, 0.109357), (0.34375, 0.109357), (0.34375, 0.109357), (0.34375, 0.109357), (0.34375, 0.109357), (0.34375, 0.109357), (0.34375, 0.109357), (0.34375, 0.225), (0.34375, 0.109357), (0.34375, 0.109357), (0.34375, 0.109357), (0.34375, 0.225), (0.34375, 0.225), (0.34375, 0.225), (0.34375, 0.109357), (0.34375, 0.109357), (0.34375, 0.109357), (0.34375, 0.225), (0.34375, 0.225), (0.34375, 0.225), (0.34375, 0.109357), (0.34375, 0.109357), (0.34375, 0.109357), (0.34375, 0.225), (0.34375, 0.225), (0.34375, 0.225), (0.34375, 0.109357), (0.34375, 0.109357), (0.34375, 0.109357), (0.34375, 0.225), (0.34375, 0.225), (0.34375, 0.225), (0.34375, 0.109357), (0.34375, 0.225), (0.34375, 0.109357), (0.34375, 0.225), (0.34375, 0.109357), (0.34375, 0.225), (0.34375, 0.109357), (0.34375, 0.109357), (0.34375, 0.109357), (0.34375, 0.225), (0.34375, 0.225), (0.34375, 0.109357), (0.34375, 0.225), (0.34375, 0.225), (0.34375, 0.225), (0.34375, 0.109357), (0.34375, 0.109357), (0.34375, 0.225), (0.34375, 0.109357), (0.34375, 0.109357), (0.34375, 0.109357), (0.34375, 0.225), (0.34375, 0.225), (0.34375, 0.109357), (0.34375, 0.225), (0.34375, 0.109357), (0.34375, 0.225), (0.34375, 0.109357), (0.34375, 0.225), (0.46875, 0.109357), (0.46875, 0.025), (0.46875, 0.025), (0.46875, 0.025), (0.46875, 0.109357), (0.46875, 0.109357), (0.46875, 0.109357), (0.46875, 0.025), (0.46875, 0.025), (0.46875, 0.025), (0.46875, 0.109357), (0.46875, 0.109357), (0.46875, 0.225), (0.46875, 0.113268), (0.46875, 0.113268), (0.46875, 0.113268), (0.46875, 0.225), (0.46875, 0.225), (0.46875, 0.113268), (0.46875, 0.225), (0.46875, 0.225), (0.46875, 0.225), (0.46875, 0.113268), (0.46875, 0.113268), (0.46875, 0.025), (0.46875, 0.109357), (0.46875, 0.025), (0.46875, 0.109357), (0.46875, 0.025), (0.46875, 0.109357), (0.46875, 0.109357), (0.46875, 0.025), (0.46875, 0.025), (0.46875, 0.025), (0.46875, 0.109357), (0.46875, 0.109357), (0.46875, 0.113268), (0.46875, 0.113268), (0.46875, 0.113268), (0.46875, 0.113268), (0.46875, 0.113268), (0.46875, 0.113268), (0.46875, 0.113268), (0.46875, 0.113268), (0.46875, 0.113268), (0.46875, 0.113268), (0.46875, 0.113268), (0.46875, 0.113268), (0.46875, 0.113268), (0.46875, 0.113268), (0.46875, 0.113268), (0.46875, 0.113268), (0.46875, 0.113268), (0.46875, 0.113268), (0.46875, 0.113268), (0.46875, 0.113268), (0.46875, 0.113268), (0.46875, 0.113268), (0.46875, 0.113268), (0.46875, 0.113268), (0.46875, 0.113268), (0.46875, 0.113268), (0.46875, 0.113268), (0.46875, 0.113268), (0.46875, 0.113268), (0.46875, 0.113268), (0.46875, 0.225), (0.46875, 0.113268), (0.46875, 0.113268), (0.46875, 0.113268), (0.46875, 0.225), (0.46875, 0.225), (0.46875, 0.225), (0.46875, 0.113268), (0.46875, 0.113268), (0.46875, 0.113268), (0.46875, 0.225), (0.46875, 0.225), (0.46875, 0.109357), (0.46875, 0.025), (0.46875, 0.025), (0.46875, 0.025), (0.46875, 0.109357), (0.46875, 0.109357), (0.46875, 0.113268), (0.46875, 0.225), (0.46875, 0.113268), (0.46875, 0.225), (0.46875, 0.113268), (0.46875, 0.225), (0.46875, 0.109357), (0.46875, 0.025), (0.46875, 0.025), (0.46875, 0.025), (0.46875, 0.109357), (0.46875, 0.109357), (0.46875, 0.109357), (0.46875, 0.025), (0.46875, 0.109357), (0.46875, 0.025), (0.46875, 0.109357), (0.46875, 0.025), (0.46875, 0.225), (0.46875, 0.113268), (0.46875, 0.113268), (0.46875, 0.113268), (0.46875, 0.225), (0.46875, 0.225), (0.46875, 0.109357), (0.46875, 0.025), (0.46875, 0.109357), (0.46875, 0.025), (0.46875, 0.109357), (0.46875, 0.025), (0.46875, 0.109357), (0.46875, 0.025), (0.46875, 0.025), (0.46875, 0.025), (0.46875, 0.109357), (0.46875, 0.109357), (0.46875, 0.225), (0.46875, 0.113268), (0.46875, 0.225), (0.46875, 0.113268), (0.46875, 0.225), (0.46875, 0.113268), (0.46875, 0.225), (0.46875, 0.113268), (0.46875, 0.113268), (0.46875, 0.113268), (0.46875, 0.225), (0.46875, 0.225), (0.46875, 0.025), (0.46875, 0.109357), (0.46875, 0.109357), (0.46875, 0.109357), (0.46875, 0.025), (0.46875, 0.025), (0.46875, 0.225), (0.46875, 0.113268), (0.46875, 0.113268), (0.46875, 0.113268), (0.46875, 0.225), (0.46875, 0.225), (0.46875, 0.225), (0.46875, 0.113268), (0.46875, 0.225), (0.46875, 0.113268), (0.46875, 0.225), (0.46875, 0.113268), (0.46875, 0.113268), (0.46875, 0.225), (0.46875, 0.225), (0.46875, 0.225), (0.46875, 0.113268), (0.46875, 0.113268), (0.46875, 0.109357), (0.46875, 0.025), (0.46875, 0.025), (0.46875, 0.025), (0.46875, 0.109357), (0.46875, 0.109357), (0.46875, 0.025), (0.46875, 0.109357), (0.46875, 0.109357), (0.46875, 0.109357), (0.46875, 0.025), (0.46875, 0.025), (0.46875, 0.225), (0.46875, 0.113268), (0.46875, 0.113268), (0.46875, 0.113268), (0.46875, 0.225), (0.46875, 0.225), (0.46875, 0.109357), (0.46875, 0.025), (0.46875, 0.025), (0.46875, 0.025), (0.46875, 0.109357), (0.46875, 0.109357), (0.46875, 0.109357), (0.46875, 0.025), (0.46875, 0.025), (0.46875, 0.025), (0.46875, 0.109357), (0.46875, 0.109357), (0.46875, 0.225), (0.46875, 0.113268), (0.46875, 0.113268), (0.46875, 0.113268), (0.46875, 0.225), (0.46875, 0.225), (0.46875, 0.113268), (0.46875, 0.225), (0.46875, 0.225), (0.46875, 0.225), (0.46875, 0.113268), (0.46875, 0.113268), (0.46875, 0.025), (0.46875, 0.109357), (0.46875, 0.025), (0.46875, 0.109357), (0.46875, 0.025), (0.46875, 0.109357), (0.46875, 0.109357), (0.46875, 0.025), (0.46875, 0.025), (0.46875, 0.025), (0.46875, 0.109357), (0.46875, 0.109357), (0.46875, 0.113268), (0.46875, 0.113268), (0.46875, 0.113268), (0.46875, 0.113268), (0.46875, 0.113268), (0.46875, 0.113268), (0.46875, 0.113268), (0.46875, 0.113268), (0.46875, 0.113268), (0.46875, 0.113268), (0.46875, 0.113268), (0.46875, 0.113268), (0.46875, 0.113268), (0.46875, 0.113268), (0.46875, 0.113268), (0.46875, 0.113268), (0.46875, 0.113268), (0.46875, 0.113268), (0.46875, 0.113268), (0.46875, 0.113268), (0.46875, 0.113268), (0.46875, 0.113268), (0.46875, 0.113268), (0.46875, 0.113268), (0.46875, 0.113268), (0.46875, 0.113268), (0.46875, 0.113268), (0.46875, 0.113268), (0.46875, 0.113268), (0.46875, 0.113268), (0.46875, 0.225), (0.46875, 0.113268), (0.46875, 0.113268), (0.46875, 0.113268), (0.46875, 0.225), (0.46875, 0.225), (0.46875, 0.225), (0.46875, 0.113268), (0.46875, 0.113268), (0.46875, 0.113268), (0.46875, 0.225), (0.46875, 0.225), (0.46875, 0.109357), (0.46875, 0.025), (0.46875, 0.025), (0.46875, 0.025), (0.46875, 0.109357), (0.46875, 0.109357), (0.46875, 0.113268), (0.46875, 0.225), (0.46875, 0.113268), (0.46875, 0.225), (0.46875, 0.113268), (0.46875, 0.225), (0.46875, 0.109357), (0.46875, 0.025), (0.46875, 0.025), (0.46875, 0.025), (0.46875, 0.109357), (0.46875, 0.109357), (0.46875, 0.109357), (0.46875, 0.025), (0.46875, 0.109357), (0.46875, 0.025), (0.46875, 0.109357), (0.46875, 0.025), (0.46875, 0.225), (0.46875, 0.113268), (0.46875, 0.113268), (0.46875, 0.113268), (0.46875, 0.225), (0.46875, 0.225), (0.46875, 0.109357), (0.46875, 0.025), (0.46875, 0.109357), (0.46875, 0.025), (0.46875, 0.109357), (0.46875, 0.025), (0.46875, 0.109357), (0.46875, 0.025), (0.46875, 0.025), (0.46875, 0.025), (0.46875, 0.109357), (0.46875, 0.109357), (0.46875, 0.225), (0.46875, 0.113268), (0.46875, 0.225), (0.46875, 0.113268), (0.46875, 0.225), (0.46875, 0.113268), (0.46875, 0.225), (0.46875, 0.113268), (0.46875, 0.113268), (0.46875, 0.113268), (0.46875, 0.225), (0.46875, 0.225), (0.46875, 0.025), (0.46875, 0.109357), (0.46875, 0.109357), (0.46875, 0.109357), (0.46875, 0.025), (0.46875, 0.025), (0.46875, 0.225), (0.46875, 0.113268), (0.46875, 0.113268), (0.46875, 0.113268), (0.46875, 0.225), (0.46875, 0.225), (0.46875, 0.225), (0.46875, 0.113268), (0.46875, 0.225), (0.46875, 0.113268), (0.46875, 0.225), (0.46875, 0.113268), (0.46875, 0.113268), (0.46875, 0.225), (0.46875, 0.225), (0.46875, 0.225), (0.46875, 0.113268), (0.46875, 0.113268), (0.46875, 0.109357), (0.46875, 0.025), (0.46875, 0.025), (0.46875, 0.025), (0.46875, 0.109357), (0.46875, 0.109357), (0.46875, 0.025), (0.46875, 0.109357), (0.46875, 0.109357), (0.46875, 0.109357), (0.46875, 0.025), (0.46875, 0.025), (0.46875, 0.225), (0.46875, 0.113268), (0.46875, 0.113268), (0.46875, 0.113268), (0.46875, 0.225), (0.46875, 0.225), (0.09375, 0.225), (0.09375, 0.025), (0.09375, 0.025), (0.09375, 0.025), (0.09375, 0.225), (0.09375, 0.225), (0.09375, 0.225), (0.09375, 0.025), (0.09375, 0.025), (0.09375, 0.025), (0.09375, 0.225), (0.09375, 0.225), (0.09375, 0.225), (0.09375, 0.025), (0.09375, 0.025), (0.09375, 0.025), (0.09375, 0.225), (0.09375, 0.225), (0.71875, 0.085), (0.71875, 0.025), (0.71875, 0.025), (0.71875, 0.025), (0.71875, 0.085), (0.71875, 0.085), (0.71875, 0.085), (0.71875, 0.025), (0.71875, 0.025), (0.71875, 0.025), (0.71875, 0.085), (0.71875, 0.085), (0.71875, 0.165), (0.71875, 0.085), (0.71875, 0.085), (0.71875, 0.085), (0.71875, 0.165), (0.71875, 0.165), (0.71875, 0.085), (0.71875, 0.025), (0.71875, 0.085), (0.71875, 0.025), (0.71875, 0.085), (0.71875, 0.025), (0.71875, 0.085), (0.71875, 0.025), (0.71875, 0.085), (0.71875, 0.025), (0.71875, 0.085), (0.71875, 0.025), (0.71875, 0.085), (0.71875, 0.025), (0.71875, 0.085), (0.71875, 0.025), (0.71875, 0.085), (0.71875, 0.025), (0.71875, 0.165), (0.71875, 0.085), (0.71875, 0.165), (0.71875, 0.085), (0.71875, 0.165), (0.71875, 0.085), (0.71875, 0.085), (0.71875, 0.025), (0.71875, 0.085), (0.71875, 0.025), (0.71875, 0.085), (0.71875, 0.025), (0.71875, 0.025), (0.71875, 0.085), (0.71875, 0.085), (0.71875, 0.085), (0.71875, 0.025), (0.71875, 0.025), (0.71875, 0.165), (0.71875, 0.085), (0.71875, 0.085), (0.71875, 0.085), (0.71875, 0.165), (0.71875, 0.165), (0.71875, 0.025), (0.71875, 0.025), (0.71875, 0.025), (0.71875, 0.025), (0.71875, 0.025), (0.71875, 0.025), (0.71875, 0.025), (0.71875, 0.025), (0.71875, 0.025), (0.71875, 0.025), (0.71875, 0.025), (0.71875, 0.025), (0.71875, 0.025), (0.71875, 0.025), (0.71875, 0.025), (0.71875, 0.165), (0.71875, 0.085), (0.71875, 0.085), (0.71875, 0.085), (0.71875, 0.165), (0.71875, 0.165), (0.71875, 0.085), (0.71875, 0.165), (0.71875, 0.085), (0.71875, 0.165), (0.71875, 0.085), (0.71875, 0.165), (0.71875, 0.165), (0.71875, 0.085), (0.71875, 0.165), (0.71875, 0.085), (0.71875, 0.165), (0.71875, 0.085), (0.71875, 0.025), (0.71875, 0.225), (0.71875, 0.025), (0.71875, 0.225), (0.71875, 0.025), (0.71875, 0.225), (0.71875, 0.025), (0.71875, 0.225), (0.71875, 0.025), (0.71875, 0.225), (0.71875, 0.025), (0.71875, 0.225), (0.71875, 0.225), (0.71875, 0.025), (0.71875, 0.225), (0.71875, 0.025), (0.71875, 0.225), (0.71875, 0.025), (0.71875, 0.225), (0.71875, 0.025), (0.71875, 0.225), (0.71875, 0.025), (0.71875, 0.225), (0.71875, 0.025), (0.71875, 0.025), (0.71875, 0.225), (0.71875, 0.125), (0.71875, 0.025), (0.71875, 0.225), (0.71875, 0.025), (0.71875, 0.225), (0.71875, 0.025), (0.71875, 0.225), (0.71875, 0.225), (0.71875, 0.025), (0.71875, 0.125), (0.71875, 0.125), (0.71875, 0.025), (0.71875, 0.025), (0.71875, 0.025), (0.71875, 0.125), (0.71875, 0.125), (0.71875, 0.125), (0.71875, 0.025), (0.71875, 0.025), (0.71875, 0.025), (0.71875, 0.125), (0.71875, 0.125), (0.71875, 0.125), (0.71875, 0.025), (0.71875, 0.025), (0.71875, 0.025), (0.71875, 0.125), (0.71875, 0.125), (0.71875, 0.225), (0.71875, 0.225), (0.71875, 0.225), (0.71875, 0.225), (0.71875, 0.225), (0.71875, 0.225), (0.71875, 0.225), (0.71875, 0.225), (0.71875, 0.225), (0.71875, 0.225), (0.71875, 0.225), (0.71875, 0.225), (0.71875, 0.225), (0.71875, 0.225), (0.71875, 0.225), (0.71875, 0.225), (0.71875, 0.225), (0.71875, 0.225), (0.71875, 0.225), (0.71875, 0.025), (0.71875, 0.025), (0.71875, 0.025), (0.71875, 0.225), (0.71875, 0.225), (0.71875, 0.025), (0.71875, 0.225), (0.71875, 0.025), (0.71875, 0.225), (0.71875, 0.025), (0.71875, 0.225), (0.71875, 0.225), (0.71875, 0.025), (0.71875, 0.025), (0.71875, 0.025), (0.71875, 0.225), (0.71875, 0.225), (0.71875, 0.225), (0.71875, 0.025), (0.71875, 0.225), (0.71875, 0.025), (0.71875, 0.225), (0.71875, 0.025), (0.71875, 0.225), (0.71875, 0.025), (0.71875, 0.025), (0.71875, 0.025), (0.71875, 0.225), (0.71875, 0.225), (0.71875, 0.025), (0.71875, 0.225), (0.71875, 0.025), (0.71875, 0.225), (0.71875, 0.025), (0.71875, 0.225), (0.71875, 0.225), (0.71875, 0.025), (0.71875, 0.025), (0.71875, 0.025), (0.71875, 0.225), (0.71875, 0.225), (0.71875, 0.225), (0.71875, 0.025), (0.71875, 0.225), (0.71875, 0.025), (0.71875, 0.225), (0.71875, 0.025), (0.71875, 0.225), (0.71875, 0.025), (0.71875, 0.175), (0.71875, 0.025), (0.71875, 0.225), (0.71875, 0.025), (0.71875, 0.175), (0.71875, 0.025), (0.71875, 0.025), (0.71875, 0.025), (0.71875, 0.175), (0.71875, 0.175), (0.71875, 0.025), (0.71875, 0.175), (0.71875, 0.025), (0.71875, 0.175), (0.71875, 0.025), (0.71875, 0.225), (0.71875, 0.175), (0.71875, 0.225), (0.71875, 0.175), (0.71875, 0.225), (0.71875, 0.175), (0.71875, 0.225), (0.71875, 0.415), (0.71875, 0.335), (0.71875, 0.335), (0.71875, 0.335), (0.71875, 0.415), (0.71875, 0.415), (0.71875, 0.415), (0.71875, 0.415), (0.71875, 0.435), (0.71875, 0.435), (0.71875, 0.415), (0.71875, 0.475), (0.71875, 0.435), (0.71875, 0.475), (0.71875, 0.455), (0.71875, 0.455), (0.71875, 0.475), (0.71875, 0.475), (0.71875, 0.435), (0.71875, 0.415), (0.71875, 0.435), (0.71875, 0.415), (0.71875, 0.435), (0.71875, 0.475), (0.71875, 0.475), (0.71875, 0.435), (0.71875, 0.455), (0.71875, 0.475), (0.71875, 0.455), (0.71875, 0.475), (0.71875, 0.475), (0.71875, 0.435), (0.71875, 0.435), (0.71875, 0.435), (0.71875, 0.475), (0.71875, 0.475), (0.71875, 0.475), (0.71875, 0.435), (0.71875, 0.435), (0.71875, 0.435), (0.71875, 0.475), (0.71875, 0.475), (0.71875, 0.475), (0.71875, 0.435), (0.71875, 0.435), (0.71875, 0.435), (0.71875, 0.475), (0.71875, 0.475), (0.71875, 0.435), (0.71875, 0.475), (0.71875, 0.435), (0.71875, 0.475), (0.71875, 0.435), (0.71875, 0.475), (0.71875, 0.455), (0.71875, 0.435), (0.71875, 0.435), (0.71875, 0.435), (0.71875, 0.455), (0.71875, 0.475), (0.71875, 0.475), (0.71875, 0.455), (0.71875, 0.475), (0.71875, 0.475), (0.71875, 0.435), (0.71875, 0.435), (0.71875, 0.435), (0.71875, 0.475), (0.71875, 0.455), (0.71875, 0.455), (0.71875, 0.475), (0.71875, 0.475), (0.71875, 0.455), (0.71875, 0.475), (0.71875, 0.455), (0.71875, 0.475), (0.71875, 0.455), (0.71875, 0.475), (0.71875, 0.455), (0.71875, 0.435), (0.71875, 0.455), (0.71875, 0.435), (0.71875, 0.455), (0.71875, 0.435), (0.71875, 0.435), (0.71875, 0.455), (0.71875, 0.455), (0.71875, 0.455), (0.71875, 0.435), (0.71875, 0.435), (0.71875, 0.475), (0.71875, 0.455), (0.71875, 0.475), (0.71875, 0.455), (0.71875, 0.475), (0.71875, 0.455), (0.71875, 0.475), (0.71875, 0.475), (0.71875, 0.475), (0.71875, 0.475), (0.71875, 0.475), (0.71875, 0.475), (0.71875, 0.475), (0.71875, 0.475), (0.71875, 0.475), (0.71875, 0.475), (0.71875, 0.475), (0.71875, 0.475), (0.71875, 0.475), (0.71875, 0.475), (0.71875, 0.475), (0.71875, 0.475), (0.71875, 0.475), (0.71875, 0.475), (0.71875, 0.475), (0.71875, 0.475), (0.71875, 0.475), (0.71875, 0.475), (0.71875, 0.475), (0.71875, 0.475), (0.71875, 0.475), (0.71875, 0.475), (0.71875, 0.475), (0.71875, 0.475), (0.71875, 0.475), (0.71875, 0.475), (0.71875, 0.475), (0.71875, 0.475), (0.71875, 0.475), (0.71875, 0.475), (0.71875, 0.475), (0.71875, 0.475), (0.71875, 0.475), (0.71875, 0.475), (0.71875, 0.475), (0.71875, 0.475), (0.71875, 0.475), (0.71875, 0.475), (0.71875, 0.475), (0.71875, 0.475), (0.71875, 0.475), (0.71875, 0.475), (0.71875, 0.475), (0.71875, 0.475), (0.71875, 0.475), (0.71875, 0.415), (0.71875, 0.415), (0.71875, 0.415), (0.71875, 0.475), (0.71875, 0.475), (0.71875, 0.415), (0.71875, 0.475), (0.71875, 0.415), (0.71875, 0.475), (0.71875, 0.415), (0.71875, 0.475), (0.71875, 0.475), (0.71875, 0.415), (0.71875, 0.415), (0.71875, 0.415), (0.71875, 0.475), (0.71875, 0.475), (0.71875, 0.475), (0.71875, 0.415), (0.71875, 0.415), (0.71875, 0.415), (0.71875, 0.475), (0.71875, 0.475), (0.71875, 0.475), (0.71875, 0.435), (0.71875, 0.475), (0.71875, 0.435), (0.71875, 0.475), (0.71875, 0.435), (0.71875, 0.475), (0.71875, 0.415), (0.71875, 0.415), (0.71875, 0.415), (0.71875, 0.475), (0.71875, 0.475), (0.71875, 0.475), (0.71875, 0.415), (0.71875, 0.475), (0.71875, 0.415), (0.71875, 0.475), (0.71875, 0.415), (0.71875, 0.435), (0.71875, 0.475), (0.71875, 0.435), (0.71875, 0.475), (0.71875, 0.435), (0.71875, 0.475), (0.71875, 0.475), (0.71875, 0.275), (0.71875, 0.275), (0.71875, 0.275), (0.71875, 0.475), (0.71875, 0.475), (0.71875, 0.475), (0.71875, 0.275), (0.71875, 0.275), (0.71875, 0.275), (0.71875, 0.475), (0.71875, 0.475), (0.71875, 0.475), (0.71875, 0.275), (0.71875, 0.475), (0.71875, 0.275), (0.71875, 0.475), (0.71875, 0.275), (0.71875, 0.475), (0.71875, 0.275), (0.71875, 0.275), (0.71875, 0.275), (0.71875, 0.475), (0.71875, 0.475), (0.71875, 0.475), (0.71875, 0.275), (0.71875, 0.475), (0.71875, 0.275), (0.71875, 0.475), (0.71875, 0.275), (0.71875, 0.275), (0.71875, 0.475), (0.71875, 0.275), (0.71875, 0.475), (0.71875, 0.275), (0.71875, 0.475), (0.71875, 0.275), (0.71875, 0.475), (0.71875, 0.275), (0.71875, 0.475), (0.71875, 0.275), (0.71875, 0.475), (0.71875, 0.475), (0.71875, 0.275), (0.71875, 0.275), (0.71875, 0.275), (0.71875, 0.475), (0.71875, 0.475), (0.71875, 0.475), (0.71875, 0.275), (0.71875, 0.475), (0.71875, 0.275), (0.71875, 0.475), (0.71875, 0.275), (0.71875, 0.275), (0.71875, 0.475), (0.71875, 0.275), (0.71875, 0.475), (0.71875, 0.275), (0.71875, 0.475), (0.71875, 0.475), (0.71875, 0.475), (0.71875, 0.475), (0.71875, 0.475), (0.71875, 0.475), (0.71875, 0.475), (0.71875, 0.475), (0.71875, 0.475), (0.71875, 0.475), (0.71875, 0.475), (0.71875, 0.475), (0.71875, 0.475), (0.71875, 0.475), (0.71875, 0.475), (0.71875, 0.475), (0.71875, 0.475), (0.71875, 0.475), (0.71875, 0.475), (0.71875, 0.475), (0.71875, 0.475), (0.71875, 0.475), (0.71875, 0.475), (0.71875, 0.475), (0.71875, 0.475), (0.71875, 0.275), (0.71875, 0.275), (0.71875, 0.275), (0.71875, 0.275), (0.71875, 0.275), (0.71875, 0.275), (0.71875, 0.275), (0.71875, 0.275), (0.71875, 0.275), (0.71875, 0.275), (0.71875, 0.275), (0.71875, 0.275), (0.71875, 0.275), (0.71875, 0.275), (0.71875, 0.275), (0.71875, 0.275), (0.71875, 0.275), (0.71875, 0.275), (0.71875, 0.275), (0.71875, 0.275), (0.71875, 0.275), (0.71875, 0.275), (0.71875, 0.275), (0.71875, 0.275), (0.71875, 0.085), (0.71875, 0.085), (0.71875, 0.085), (0.71875, 0.085), (0.71875, 0.085), (0.71875, 0.085), (0.71875, 0.085), (0.71875, 0.085), (0.71875, 0.085), (0.71875, 0.085), (0.71875, 0.085), (0.71875, 0.085), (0.71875, 0.085), (0.71875, 0.085), (0.71875, 0.085), (0.34375, 0.185), (0.34375, 0.185), (0.34375, 0.185), (0.34375, 0.185), (0.34375, 0.185), (0.34375, 0.185), (0.34375, 0.185), (0.34375, 0.185), (0.34375, 0.185), (0.34375, 0.185), (0.34375, 0.185), (0.34375, 0.185), (0.34375, 0.185), (0.34375, 0.185), (0.34375, 0.185), (0.34375, 0.185), (0.34375, 0.185), (0.34375, 0.185), (0.34375, 0.185), (0.34375, 0.185), (0.34375, 0.185), (0.34375, 0.185), (0.34375, 0.185), (0.34375, 0.185), (0.34375, 0.185), (0.34375, 0.185), (0.34375, 0.185), (0.34375, 0.185), (0.34375, 0.185), (0.34375, 0.185), (0.34375, 0.185), (0.34375, 0.185), (0.34375, 0.185), (0.34375, 0.185), (0.34375, 0.185), (0.34375, 0.185), (0.34375, 0.185), (0.34375, 0.185), (0.34375, 0.185), (0.34375, 0.185), (0.34375, 0.185), (0.34375, 0.185), (0.34375, 0.185), (0.34375, 0.185), (0.34375, 0.185), (0.34375, 0.185), (0.34375, 0.185), (0.34375, 0.185), (0.34375, 0.185), (0.34375, 0.185), (0.34375, 0.185), (0.34375, 0.185), (0.34375, 0.185), (0.34375, 0.185), (0.34375, 0.185), (0.34375, 0.185), (0.34375, 0.185), (0.34375, 0.185), (0.34375, 0.185), (0.34375, 0.185), (0.34375, 0.185), (0.34375, 0.185), (0.34375, 0.185), (0.34375, 0.225), (0.34375, 0.225), (0.34375, 0.225), (0.34375, 0.225), (0.34375, 0.225), (0.34375, 0.225), (0.34375, 0.225), (0.34375, 0.225), (0.34375, 0.225), (0.34375, 0.225), (0.34375, 0.225), (0.34375, 0.225), (0.34375, 0.225), (0.34375, 0.225), (0.34375, 0.225), (0.34375, 0.225), (0.34375, 0.225), (0.34375, 0.225), (0.34375, 0.225), (0.34375, 0.225), (0.34375, 0.225), (0.34375, 0.225), (0.34375, 0.225), (0.34375, 0.225), (0.34375, 0.225), (0.34375, 0.225), (0.34375, 0.225), (0.34375, 0.225), (0.34375, 0.225), (0.34375, 0.225), (0.34375, 0.225), (0.34375, 0.225), (0.34375, 0.225), (0.34375, 0.225), (0.34375, 0.225), (0.34375, 0.225), (0.34375, 0.225), (0.34375, 0.225), (0.34375, 0.225), (0.34375, 0.225), (0.34375, 0.225), (0.34375, 0.225), (0.34375, 0.225), (0.34375, 0.225), (0.34375, 0.225), (0.34375, 0.225), (0.34375, 0.225), (0.34375, 0.225), (0.34375, 0.225), (0.34375, 0.225), (0.34375, 0.225), (0.34375, 0.225), (0.34375, 0.225), (0.34375, 0.225), (0.34375, 0.225), (0.34375, 0.225), (0.34375, 0.225), (0.34375, 0.225), (0.34375, 0.225), (0.34375, 0.225), (0.34375, 0.225), (0.34375, 0.225), (0.34375, 0.225), (0.34375, 0.225), (0.34375, 0.225), (0.34375, 0.225), (0.34375, 0.225), (0.34375, 0.225), (0.34375, 0.225), (0.34375, 0.225), (0.34375, 0.225), (0.34375, 0.225), (0.34375, 0.109357), (0.34375, 0.225), (0.34375, 0.225), (0.34375, 0.225), (0.34375, 0.109357), (0.34375, 0.109357), (0.34375, 0.225), (0.34375, 0.109357), (0.34375, 0.225), (0.34375, 0.109357), (0.34375, 0.225), (0.34375, 0.109357), (0.34375, 0.225), (0.34375, 0.109357), (0.34375, 0.109357), (0.34375, 0.109357), (0.34375, 0.225), (0.34375, 0.225), (0.34375, 0.109357), (0.34375, 0.109357), (0.34375, 0.109357), (0.34375, 0.109357), (0.34375, 0.109357), (0.34375, 0.109357), (0.34375, 0.109357), (0.34375, 0.109357), (0.34375, 0.109357), (0.34375, 0.109357), (0.34375, 0.109357), (0.34375, 0.109357), (0.34375, 0.109357), (0.34375, 0.109357), (0.34375, 0.109357), (0.34375, 0.109357), (0.34375, 0.109357), (0.34375, 0.109357), (0.34375, 0.109357), (0.34375, 0.109357), (0.34375, 0.109357), (0.34375, 0.109357), (0.34375, 0.109357), (0.34375, 0.109357), (0.34375, 0.109357), (0.34375, 0.109357), (0.34375, 0.109357), (0.34375, 0.109357), (0.34375, 0.109357), (0.34375, 0.109357), (0.34375, 0.109357), (0.34375, 0.109357), (0.34375, 0.109357), (0.34375, 0.109357), (0.34375, 0.109357), (0.34375, 0.109357), (0.34375, 0.109357), (0.34375, 0.109357), (0.34375, 0.109357), (0.34375, 0.109357), (0.34375, 0.109357), (0.34375, 0.109357), (0.34375, 0.109357), (0.34375, 0.109357), (0.34375, 0.109357), (0.34375, 0.109357), (0.34375, 0.109357), (0.34375, 0.109357), (0.34375, 0.109357), (0.34375, 0.109357), (0.34375, 0.109357), (0.34375, 0.109357), (0.34375, 0.109357), (0.34375, 0.109357), (0.34375, 0.109357), (0.34375, 0.109357), (0.34375, 0.109357), (0.34375, 0.109357), (0.34375, 0.109357), (0.34375, 0.109357), (0.34375, 0.109357), (0.34375, 0.109357), (0.34375, 0.109357), (0.34375, 0.109357), (0.34375, 0.109357), (0.34375, 0.109357), (0.34375, 0.109357), (0.34375, 0.109357), (0.34375, 0.109357), (0.34375, 0.109357), (0.34375, 0.109357), (0.34375, 0.109357), (0.34375, 0.225), (0.34375, 0.109357), (0.34375, 0.109357), (0.34375, 0.109357), (0.34375, 0.225), (0.34375, 0.225), (0.34375, 0.225), (0.34375, 0.109357), (0.34375, 0.109357), (0.34375, 0.109357), (0.34375, 0.225), (0.34375, 0.225), (0.34375, 0.225), (0.34375, 0.109357), (0.34375, 0.109357), (0.34375, 0.109357), (0.34375, 0.225), (0.34375, 0.225), (0.34375, 0.225), (0.34375, 0.109357), (0.34375, 0.109357), (0.34375, 0.109357), (0.34375, 0.225), (0.34375, 0.225), (0.34375, 0.225), (0.34375, 0.109357), (0.34375, 0.225), (0.34375, 0.109357), (0.34375, 0.225), (0.34375, 0.109357), (0.34375, 0.225), (0.34375, 0.109357), (0.34375, 0.109357), (0.34375, 0.109357), (0.34375, 0.225), (0.34375, 0.225), (0.34375, 0.109357), (0.34375, 0.225), (0.34375, 0.225), (0.34375, 0.225), (0.34375, 0.109357), (0.34375, 0.109357), (0.34375, 0.225), (0.34375, 0.109357), (0.34375, 0.109357), (0.34375, 0.109357), (0.34375, 0.225), (0.34375, 0.225), (0.34375, 0.109357), (0.34375, 0.225), (0.34375, 0.109357), (0.34375, 0.225), (0.34375, 0.109357), (0.34375, 0.225), (0.34375, 0.225), (0.34375, 0.225), (0.34375, 0.225), (0.34375, 0.225), (0.34375, 0.225), (0.34375, 0.225), (0.34375, 0.225), (0.34375, 0.225), (0.34375, 0.225), (0.34375, 0.225), (0.34375, 0.225), (0.34375, 0.225), (0.34375, 0.225), (0.34375, 0.225), (0.34375, 0.225), (0.34375, 0.225), (0.34375, 0.225), (0.34375, 0.225), (0.34375, 0.225), (0.34375, 0.225), (0.34375, 0.225), (0.34375, 0.225), (0.34375, 0.225), (0.34375, 0.225), (0.34375, 0.225), (0.34375, 0.225), (0.34375, 0.225), (0.34375, 0.225), (0.34375, 0.225), (0.34375, 0.225), (0.34375, 0.225), (0.34375, 0.225), (0.34375, 0.225), (0.34375, 0.225), (0.34375, 0.225), (0.34375, 0.225), (0.34375, 0.225), (0.34375, 0.225), (0.34375, 0.225), (0.34375, 0.225), (0.34375, 0.225), (0.34375, 0.225), (0.34375, 0.225), (0.34375, 0.225), (0.34375, 0.225), (0.34375, 0.225), (0.34375, 0.225), (0.34375, 0.225), (0.34375, 0.225), (0.34375, 0.225), (0.34375, 0.225), (0.34375, 0.225), (0.34375, 0.225), (0.34375, 0.225), (0.34375, 0.225), (0.34375, 0.225), (0.34375, 0.225), (0.34375, 0.225), (0.34375, 0.225), (0.34375, 0.225), (0.34375, 0.225), (0.34375, 0.225), (0.34375, 0.225), (0.34375, 0.225), (0.34375, 0.225), (0.34375, 0.225), (0.34375, 0.225), (0.34375, 0.225), (0.34375, 0.225), (0.34375, 0.225), (0.34375, 0.225), (0.34375, 0.225), (0.34375, 0.109357), (0.34375, 0.225), (0.34375, 0.225), (0.34375, 0.225), (0.34375, 0.109357), (0.34375, 0.109357), (0.34375, 0.225), (0.34375, 0.109357), (0.34375, 0.225), (0.34375, 0.109357), (0.34375, 0.225), (0.34375, 0.109357), (0.34375, 0.225), (0.34375, 0.109357), (0.34375, 0.109357), (0.34375, 0.109357), (0.34375, 0.225), (0.34375, 0.225), (0.34375, 0.109357), (0.34375, 0.109357), (0.34375, 0.109357), (0.34375, 0.109357), (0.34375, 0.109357), (0.34375, 0.109357), (0.34375, 0.109357), (0.34375, 0.109357), (0.34375, 0.109357), (0.34375, 0.109357), (0.34375, 0.109357), (0.34375, 0.109357), (0.34375, 0.109357), (0.34375, 0.109357), (0.34375, 0.109357), (0.34375, 0.109357), (0.34375, 0.109357), (0.34375, 0.109357), (0.34375, 0.109357), (0.34375, 0.109357), (0.34375, 0.109357), (0.34375, 0.109357), (0.34375, 0.109357), (0.34375, 0.109357), (0.34375, 0.109357), (0.34375, 0.109357), (0.34375, 0.109357), (0.34375, 0.109357), (0.34375, 0.109357), (0.34375, 0.109357), (0.34375, 0.109357), (0.34375, 0.109357), (0.34375, 0.109357), (0.34375, 0.109357), (0.34375, 0.109357), (0.34375, 0.109357), (0.34375, 0.109357), (0.34375, 0.109357), (0.34375, 0.109357), (0.34375, 0.109357), (0.34375, 0.109357), (0.34375, 0.109357), (0.34375, 0.109357), (0.34375, 0.109357), (0.34375, 0.109357), (0.34375, 0.109357), (0.34375, 0.109357), (0.34375, 0.109357), (0.34375, 0.109357), (0.34375, 0.109357), (0.34375, 0.109357), (0.34375, 0.109357), (0.34375, 0.109357), (0.34375, 0.109357), (0.34375, 0.109357), (0.34375, 0.109357), (0.34375, 0.109357), (0.34375, 0.109357), (0.34375, 0.109357), (0.34375, 0.109357), (0.34375, 0.109357), (0.34375, 0.109357), (0.34375, 0.109357), (0.34375, 0.109357), (0.34375, 0.109357), (0.34375, 0.109357), (0.34375, 0.109357), (0.34375, 0.109357), (0.34375, 0.109357), (0.34375, 0.109357), (0.34375, 0.109357), (0.34375, 0.109357), (0.34375, 0.225), (0.34375, 0.109357), (0.34375, 0.109357), (0.34375, 0.109357), (0.34375, 0.225), (0.34375, 0.225), (0.34375, 0.225), (0.34375, 0.109357), (0.34375, 0.109357), (0.34375, 0.109357), (0.34375, 0.225), (0.34375, 0.225), (0.34375, 0.225), (0.34375, 0.109357), (0.34375, 0.109357), (0.34375, 0.109357), (0.34375, 0.225), (0.34375, 0.225), (0.34375, 0.225), (0.34375, 0.109357), (0.34375, 0.109357), (0.34375, 0.109357), (0.34375, 0.225), (0.34375, 0.225), (0.34375, 0.225), (0.34375, 0.109357), (0.34375, 0.225), (0.34375, 0.109357), (0.34375, 0.225), (0.34375, 0.109357), (0.34375, 0.225), (0.34375, 0.109357), (0.34375, 0.109357), (0.34375, 0.109357), (0.34375, 0.225), (0.34375, 0.225), (0.34375, 0.109357), (0.34375, 0.225), (0.34375, 0.225), (0.34375, 0.225), (0.34375, 0.109357), (0.34375, 0.109357), (0.34375, 0.225), (0.34375, 0.109357), (0.34375, 0.109357), (0.34375, 0.109357), (0.34375, 0.225), (0.34375, 0.225), (0.34375, 0.109357), (0.34375, 0.225), (0.34375, 0.109357), (0.34375, 0.225), (0.34375, 0.109357), (0.34375, 0.225), (0.46875, 0.109357), (0.46875, 0.025), (0.46875, 0.025), (0.46875, 0.025), (0.46875, 0.109357), (0.46875, 0.109357), (0.46875, 0.109357), (0.46875, 0.025), (0.46875, 0.025), (0.46875, 0.025), (0.46875, 0.109357), (0.46875, 0.109357), (0.46875, 0.225), (0.46875, 0.113268), (0.46875, 0.113268), (0.46875, 0.113268), (0.46875, 0.225), (0.46875, 0.225), (0.46875, 0.113268), (0.46875, 0.225), (0.46875, 0.225), (0.46875, 0.225), (0.46875, 0.113268), (0.46875, 0.113268), (0.46875, 0.025), (0.46875, 0.109357), (0.46875, 0.025), (0.46875, 0.109357), (0.46875, 0.025), (0.46875, 0.109357), (0.46875, 0.109357), (0.46875, 0.025), (0.46875, 0.025), (0.46875, 0.025), (0.46875, 0.109357), (0.46875, 0.109357), (0.46875, 0.113268), (0.46875, 0.113268), (0.46875, 0.113268), (0.46875, 0.113268), (0.46875, 0.113268), (0.46875, 0.113268), (0.46875, 0.113268), (0.46875, 0.113268), (0.46875, 0.113268), (0.46875, 0.113268), (0.46875, 0.113268), (0.46875, 0.113268), (0.46875, 0.113268), (0.46875, 0.113268), (0.46875, 0.113268), (0.46875, 0.113268), (0.46875, 0.113268), (0.46875, 0.113268), (0.46875, 0.113268), (0.46875, 0.113268), (0.46875, 0.113268), (0.46875, 0.113268), (0.46875, 0.113268), (0.46875, 0.113268), (0.46875, 0.113268), (0.46875, 0.113268), (0.46875, 0.113268), (0.46875, 0.113268), (0.46875, 0.113268), (0.46875, 0.113268), (0.46875, 0.225), (0.46875, 0.113268), (0.46875, 0.113268), (0.46875, 0.113268), (0.46875, 0.225), (0.46875, 0.225), (0.46875, 0.225), (0.46875, 0.113268), (0.46875, 0.113268), (0.46875, 0.113268), (0.46875, 0.225), (0.46875, 0.225), (0.46875, 0.109357), (0.46875, 0.025), (0.46875, 0.025), (0.46875, 0.025), (0.46875, 0.109357), (0.46875, 0.109357), (0.46875, 0.113268), (0.46875, 0.225), (0.46875, 0.113268), (0.46875, 0.225), (0.46875, 0.113268), (0.46875, 0.225), (0.46875, 0.109357), (0.46875, 0.025), (0.46875, 0.025), (0.46875, 0.025), (0.46875, 0.109357), (0.46875, 0.109357), (0.46875, 0.109357), (0.46875, 0.025), (0.46875, 0.109357), (0.46875, 0.025), (0.46875, 0.109357), (0.46875, 0.025), (0.46875, 0.225), (0.46875, 0.113268), (0.46875, 0.113268), (0.46875, 0.113268), (0.46875, 0.225), (0.46875, 0.225), (0.46875, 0.109357), (0.46875, 0.025), (0.46875, 0.109357), (0.46875, 0.025), (0.46875, 0.109357), (0.46875, 0.025), (0.46875, 0.109357), (0.46875, 0.025), (0.46875, 0.025), (0.46875, 0.025), (0.46875, 0.109357), (0.46875, 0.109357), (0.46875, 0.225), (0.46875, 0.113268), (0.46875, 0.225), (0.46875, 0.113268), (0.46875, 0.225), (0.46875, 0.113268), (0.46875, 0.225), (0.46875, 0.113268), (0.46875, 0.113268), (0.46875, 0.113268), (0.46875, 0.225), (0.46875, 0.225), (0.46875, 0.025), (0.46875, 0.109357), (0.46875, 0.109357), (0.46875, 0.109357), (0.46875, 0.025), (0.46875, 0.025), (0.46875, 0.225), (0.46875, 0.113268), (0.46875, 0.113268), (0.46875, 0.113268), (0.46875, 0.225), (0.46875, 0.225), (0.46875, 0.225), (0.46875, 0.113268), (0.46875, 0.225), (0.46875, 0.113268), (0.46875, 0.225), (0.46875, 0.113268), (0.46875, 0.113268), (0.46875, 0.225), (0.46875, 0.225), (0.46875, 0.225), (0.46875, 0.113268), (0.46875, 0.113268), (0.46875, 0.109357), (0.46875, 0.025), (0.46875, 0.025), (0.46875, 0.025), (0.46875, 0.109357), (0.46875, 0.109357), (0.46875, 0.025), (0.46875, 0.109357), (0.46875, 0.109357), (0.46875, 0.109357), (0.46875, 0.025), (0.46875, 0.025), (0.46875, 0.225), (0.46875, 0.113268), (0.46875, 0.113268), (0.46875, 0.113268), (0.46875, 0.225), (0.46875, 0.225), (0.46875, 0.109357), (0.46875, 0.025), (0.46875, 0.025), (0.46875, 0.025), (0.46875, 0.109357), (0.46875, 0.109357), (0.46875, 0.109357), (0.46875, 0.025), (0.46875, 0.025), (0.46875, 0.025), (0.46875, 0.109357), (0.46875, 0.109357), (0.46875, 0.225), (0.46875, 0.113268), (0.46875, 0.113268), (0.46875, 0.113268), (0.46875, 0.225), (0.46875, 0.225), (0.46875, 0.113268), (0.46875, 0.225), (0.46875, 0.225), (0.46875, 0.225), (0.46875, 0.113268), (0.46875, 0.113268), (0.46875, 0.025), (0.46875, 0.109357), (0.46875, 0.025), (0.46875, 0.109357), (0.46875, 0.025), (0.46875, 0.109357), (0.46875, 0.109357), (0.46875, 0.025), (0.46875, 0.025), (0.46875, 0.025), (0.46875, 0.109357), (0.46875, 0.109357), (0.46875, 0.113268), (0.46875, 0.113268), (0.46875, 0.113268), (0.46875, 0.113268), (0.46875, 0.113268), (0.46875, 0.113268), (0.46875, 0.113268), (0.46875, 0.113268), (0.46875, 0.113268), (0.46875, 0.113268), (0.46875, 0.113268), (0.46875, 0.113268), (0.46875, 0.113268), (0.46875, 0.113268), (0.46875, 0.113268), (0.46875, 0.113268), (0.46875, 0.113268), (0.46875, 0.113268), (0.46875, 0.113268), (0.46875, 0.113268), (0.46875, 0.113268), (0.46875, 0.113268), (0.46875, 0.113268), (0.46875, 0.113268), (0.46875, 0.113268), (0.46875, 0.113268), (0.46875, 0.113268), (0.46875, 0.113268), (0.46875, 0.113268), (0.46875, 0.113268), (0.46875, 0.225), (0.46875, 0.113268), (0.46875, 0.113268), (0.46875, 0.113268), (0.46875, 0.225), (0.46875, 0.225), (0.46875, 0.225), (0.46875, 0.113268), (0.46875, 0.113268), (0.46875, 0.113268), (0.46875, 0.225), (0.46875, 0.225), (0.46875, 0.109357), (0.46875, 0.025), (0.46875, 0.025), (0.46875, 0.025), (0.46875, 0.109357), (0.46875, 0.109357), (0.46875, 0.113268), (0.46875, 0.225), (0.46875, 0.113268), (0.46875, 0.225), (0.46875, 0.113268), (0.46875, 0.225), (0.46875, 0.109357), (0.46875, 0.025), (0.46875, 0.025), (0.46875, 0.025), (0.46875, 0.109357), (0.46875, 0.109357), (0.46875, 0.109357), (0.46875, 0.025), (0.46875, 0.109357), (0.46875, 0.025), (0.46875, 0.109357), (0.46875, 0.025), (0.46875, 0.225), (0.46875, 0.113268), (0.46875, 0.113268), (0.46875, 0.113268), (0.46875, 0.225), (0.46875, 0.225), (0.46875, 0.109357), (0.46875, 0.025), (0.46875, 0.109357), (0.46875, 0.025), (0.46875, 0.109357), (0.46875, 0.025), (0.46875, 0.109357), (0.46875, 0.025), (0.46875, 0.025), (0.46875, 0.025), (0.46875, 0.109357), (0.46875, 0.109357), (0.46875, 0.225), (0.46875, 0.113268), (0.46875, 0.225), (0.46875, 0.113268), (0.46875, 0.225), (0.46875, 0.113268), (0.46875, 0.225), (0.46875, 0.113268), (0.46875, 0.113268), (0.46875, 0.113268), (0.46875, 0.225), (0.46875, 0.225), (0.46875, 0.025), (0.46875, 0.109357), (0.46875, 0.109357), (0.46875, 0.109357), (0.46875, 0.025), (0.46875, 0.025), (0.46875, 0.225), (0.46875, 0.113268), (0.46875, 0.113268), (0.46875, 0.113268), (0.46875, 0.225), (0.46875, 0.225), (0.46875, 0.225), (0.46875, 0.113268), (0.46875, 0.225), (0.46875, 0.113268), (0.46875, 0.225), (0.46875, 0.113268), (0.46875, 0.113268), (0.46875, 0.225), (0.46875, 0.225), (0.46875, 0.225), (0.46875, 0.113268), (0.46875, 0.113268), (0.46875, 0.109357), (0.46875, 0.025), (0.46875, 0.025), (0.46875, 0.025), (0.46875, 0.109357), (0.46875, 0.109357), (0.46875, 0.025), (0.46875, 0.109357), (0.46875, 0.109357), (0.46875, 0.109357), (0.46875, 0.025), (0.46875, 0.025), (0.46875, 0.225), (0.46875, 0.113268), (0.46875, 0.113268), (0.46875, 0.113268), (0.46875, 0.225), (0.46875, 0.225), (0.09375, 0.225), (0.09375, 0.025), (0.09375, 0.025), (0.09375, 0.025), (0.09375, 0.225), (0.09375, 0.225), (0.09375, 0.225), (0.09375, 0.025), (0.09375, 0.025), (0.09375, 0.025), (0.09375, 0.225), (0.09375, 0.225), (0.09375, 0.225), (0.09375, 0.025), (0.09375, 0.025), (0.09375, 0.025), (0.09375, 0.225), (0.09375, 0.225)] (interpolation = "faceVarying")
        uniform token subdivisionScheme = "none"
        rel material:binding = </Vehicle/Materials/colormap>
    }
    def Scope "Materials" {
        def Material "colormap" {
            token outputs:surface.connect = </Vehicle/Materials/colormap/surface.outputs:surface>
            def Shader "surface" {
                uniform token info:id = "UsdPreviewSurface"
                float inputs:roughness = 0.7
                float inputs:metallic = 0
                color3f inputs:diffuseColor.connect = </Vehicle/Materials/colormap/texture.outputs:rgb>
                token outputs:surface
            }
            def Shader "stReader" {
                uniform token info:id = "UsdPrimvarReader_float2"
                token inputs:varname = "st"
                float2 outputs:result
            }
            def Shader "texture" {
                uniform token info:id = "UsdUVTexture"
                asset inputs:file = @kenney-water-colormap.png@
                float2 inputs:st.connect = </Vehicle/Materials/colormap/stReader.outputs:result>
                token inputs:wrapS = "repeat"
                token inputs:wrapT = "repeat"
                float3 outputs:rgb
            }
        }
    }
}
