#usda 1.0
(
    defaultPrim = "Vehicle"
    metersPerUnit = 1
    upAxis = "Y"
)
def Xform "Vehicle" {
    def Mesh "mesh_colormap" {
        int[] faceVertexCounts = [3, 3, 3, 3, 3, 3, 3, 3, 3, 3, 3, 3, 3, 3, 3, 3, 3, 3, 3, 3, 3, 3, 3, 3, 3, 3, 3, 3, 3, 3, 3, 3, 3, 3, 3, 3, 3, 3, 3, 3, 3, 3, 3, 3, 3, 3, 3, 3, 3, 3, 3, 3, 3, 3, 3, 3, 3, 3, 3, 3, 3, 3, 3, 3, 3, 3, 3, 3, 3, 3, 3, 3, 3, 3, 3, 3, 3, 3, 3, 3, 3, 3, 3, 3, 3, 3, 3, 3, 3, 3, 3, 3, 3, 3, 3, 3, 3, 3, 3, 3, 3, 3, 3, 3, 3, 3, 3, 3, 3, 3, 3, 3, 3, 3, 3, 3, 3, 3, 3, 3, 3, 3, 3, 3, 3, 3, 3, 3, 3, 3, 3, 3, 3, 3, 3, 3, 3, 3, 3, 3, 3, 3, 3, 3, 3, 3, 3, 3, 3, 3, 3, 3, 3, 3, 3, 3, 3, 3, 3, 3, 3, 3, 3, 3, 3, 3, 3, 3, 3, 3, 3, 3, 3, 3, 3, 3, 3, 3, 3, 3, 3, 3, 3, 3, 3, 3, 3, 3, 3, 3, 3, 3, 3, 3, 3, 3, 3, 3, 3, 3, 3, 3, 3, 3, 3, 3, 3, 3, 3, 3, 3, 3, 3, 3, 3, 3, 3, 3, 3, 3, 3, 3, 3, 3, 3, 3, 3, 3, 3, 3, 3, 3, 3, 3, 3, 3, 3, 3, 3, 3, 3, 3, 3, 3, 3, 3, 3, 3, 3, 3, 3, 3, 3, 3, 3, 3, 3, 3, 3, 3, 3, 3, 3, 3, 3, 3, 3, 3, 3, 3, 3, 3, 3, 3, 3, 3, 3, 3, 3, 3, 3, 3, 3, 3, 3, 3, 3, 3, 3, 3, 3, 3, 3, 3, 3, 3, 3, 3, 3, 3, 3, 3, 3, 3, 3, 3, 3, 3, 3, 3, 3, 3, 3, 3, 3, 3, 3, 3, 3, 3, 3, 3, 3, 3, 3, 3, 3, 3, 3, 3, 3, 3, 3, 3, 3, 3, 3, 3, 3, 3, 3, 3, 3, 3, 3, 3, 3, 3, 3, 3, 3, 3, 3, 3, 3, 3, 3, 3, 3, 3, 3, 3, 3, 3, 3, 3, 3, 3, 3, 3, 3, 3, 3, 3, 3, 3, 3, 3, 3, 3, 3, 3, 3, 3, 3, 3, 3, 3, 3, 3, 3, 3, 3, 3, 3, 3, 3, 3, 3, 3, 3, 3, 3, 3, 3, 3, 3, 3, 3, 3, 3, 3, 3, 3, 3, 3, 3, 3, 3, 3, 3, 3, 3, 3, 3, 3, 3, 3, 3, 3, 3, 3, 3, 3, 3, 3, 3, 3, 3, 3, 3, 3, 3, 3, 3, 3, 3, 3, 3, 3, 3, 3, 3, 3, 3, 3, 3, 3, 3, 3, 3, 3, 3, 3, 3, 3, 3, 3, 3, 3, 3, 3, 3, 3, 3, 3, 3, 3, 3, 3, 3, 3, 3, 3, 3, 3, 3, 3, 3, 3, 3, 3, 3, 3, 3, 3, 3, 3, 3, 3, 3, 3, 3, 3, 3, 3, 3, 3, 3, 3, 3, 3, 3, 3, 3, 3, 3, 3, 3, 3, 3, 3, 3, 3, 3, 3, 3, 3, 3, 3, 3, 3, 3, 3, 3, 3, 3, 3, 3, 3, 3, 3, 3, 3, 3, 3, 3, 3, 3, 3, 3, 3, 3, 3, 3, 3, 3, 3, 3, 3, 3, 3, 3, 3, 3, 3, 3, 3, 3, 3, 3, 3, 3, 3, 3, 3, 3, 3, 3, 3, 3, 3, 3, 3, 3, 3, 3, 3, 3, 3, 3, 3, 3, 3, 3, 3, 3, 3, 3, 3, 3, 3, 3, 3, 3, 3, 3, 3, 3, 3, 3, 3, 3, 3, 3, 3, 3, 3, 3, 3, 3, 3, 3, 3, 3, 3, 3, 3, 3, 3, 3, 3, 3, 3, 3, 3, 3, 3, 3, 3, 3, 3, 3, 3, 3, 3, 3, 3, 3, 3, 3, 3, 3, 3, 3, 3, 3, 3, 3, 3, 3, 3, 3, 3, 3, 3, 3, 3, 3, 3, 3, 3, 3, 3, 3, 3, 3, 3, 3, 3, 3, 3, 3, 3, 3, 3, 3, 3, 3, 3, 3, 3, 3, 3, 3, 3, 3, 3, 3, 3, 3, 3, 3, 3, 3, 3, 3, 3, 3, 3, 3, 3, 3, 3, 3, 3, 3, 3, 3, 3, 3, 3, 3, 3, 3, 3, 3, 3, 3, 3, 3, 3, 3, 3, 3, 3, 3, 3, 3, 3, 3, 3, 3, 3, 3, 3, 3, 3, 3, 3, 3, 3, 3, 3, 3, 3, 3, 3, 3, 3, 3, 3, 3, 3, 3, 3, 3, 3, 3, 3, 3, 3, 3, 3, 3, 3, 3, 3, 3, 3, 3, 3, 3, 3, 3, 3, 3, 3, 3, 3, 3, 3, 3, 3, 3, 3, 3, 3, 3, 3, 3, 3, 3, 3, 3, 3, 3, 3, 3, 3, 3, 3, 3, 3, 3, 3, 3, 3, 3, 3, 3, 3, 3, 3, 3, 3, 3, 3, 3, 3, 3, 3, 3, 3, 3, 3, 3, 3, 3, 3, 3, 3, 3, 3, 3, 3, 3, 3, 3, 3, 3, 3, 3, 3, 3, 3, 3, 3, 3, 3, 3, 3, 3, 3, 3, 3, 3, 3, 3, 3, 3, 3, 3, 3, 3, 3, 3, 3, 3, 3, 3, 3, 3, 3, 3, 3, 3, 3, 3, 3, 3, 3, 3, 3, 3, 3, 3, 3, 3, 3, 3, 3, 3, 3, 3, 3, 3, 3, 3, 3, 3, 3, 3, 3, 3, 3, 3, 3, 3, 3, 3, 3, 3, 3, 3, 3, 3, 3, 3, 3, 3, 3, 3, 3, 3, 3, 3, 3, 3, 3, 3, 3, 3, 3, 3, 3, 3, 3, 3, 3, 3, 3, 3, 3, 3, 3, 3, 3, 3, 3, 3, 3, 3, 3, 3, 3, 3, 3, 3, 3, 3, 3, 3, 3, 3, 3, 3, 3, 3, 3, 3, 3, 3, 3, 3, 3, 3, 3, 3, 3, 3, 3, 3, 3, 3, 3, 3, 3, 3, 3, 3, 3, 3, 3, 3, 3, 3, 3, 3, 3, 3, 3, 3, 3, 3, 3, 3, 3, 3, 3, 3, 3, 3, 3, 3, 3, 3, 3, 3, 3, 3, 3, 3, 3, 3, 3, 3, 3, 3, 3, 3, 3, 3, 3, 3, 3, 3, 3, 3, 3, 3, 3, 3, 3, 3, 3, 3, 3, 3, 3, 3, 3, 3, 3, 3, 3, 3, 3, 3, 3, 3, 3, 3, 3, 3, 3, 3, 3, 3, 3, 3, 3, 3, 3, 3, 3, 3, 3, 3, 3, 3, 3, 3, 3, 3, 3, 3, 3, 3, 3, 3, 3, 3, 3, 3, 3, 3, 3, 3, 3, 3, 3, 3, 3, 3, 3, 3, 3, 3, 3, 3, 3, 3, 3, 3, 3, 3, 3, 3, 3, 3, 3, 3, 3, 3, 3, 3, 3, 3, 3, 3, 3, 3, 3, 3, 3, 3, 3, 3, 3, 3, 3, 3, 3, 3, 3, 3, 3, 3, 3, 3, 3, 3, 3, 3, 3, 3, 3, 3, 3, 3, 3, 3, 3, 3, 3, 3, 3, 3, 3, 3, 3, 3, 3, 3, 3, 3, 3, 3, 3, 3, 3, 3, 3, 3, 3, 3, 3, 3, 3, 3, 3, 3, 3, 3, 3, 3, 3, 3, 3, 3, 3, 3, 3, 3, 3, 3, 3, 3, 3, 3, 3, 3, 3, 3, 3, 3, 3, 3, 3, 3, 3, 3, 3, 3, 3, 3, 3, 3, 3, 3, 3, 3, 3, 3, 3, 3, 3, 3, 3, 3, 3, 3, 3, 3, 3, 3, 3, 3, 3, 3, 3, 3, 3, 3, 3, 3, 3, 3, 3, 3, 3, 3, 3, 3, 3, 3, 3, 3, 3, 3, 3, 3, 3, 3, 3, 3, 3, 3, 3, 3, 3, 3, 3, 3, 3, 3, 3, 3, 3, 3, 3, 3, 3, 3, 3, 3, 3, 3, 3, 3, 3, 3, 3, 3, 3, 3, 3, 3, 3, 3, 3, 3, 3, 3, 3, 3, 3, 3, 3, 3, 3, 3, 3, 3, 3, 3, 3, 3, 3, 3, 3, 3, 3, 3, 3, 3, 3, 3, 3, 3, 3, 3, 3, 3, 3, 3, 3, 3, 3, 3, 3, 3, 3, 3, 3, 3, 3, 3, 3, 3, 3, 3, 3, 3, 3, 3, 3, 3, 3, 3, 3, 3, 3, 3, 3, 3, 3, 3, 3, 3, 3, 3, 3, 3, 3, 3, 3, 3, 3, 3, 3, 3, 3, 3, 3, 3, 3, 3, 3, 3, 3, 3, 3, 3, 3, 3, 3, 3, 3, 3, 3, 3, 3, 3, 3, 3, 3, 3, 3, 3, 3, 3, 3, 3, 3, 3, 3, 3, 3, 3, 3, 3, 3, 3, 3, 3, 3, 3, 3, 3, 3, 3, 3, 3, 3, 3, 3, 3, 3, 3, 3, 3, 3, 3, 3, 3, 3, 3, 3, 3, 3, 3, 3, 3, 3, 3, 3, 3, 3, 3, 3, 3, 3, 3, 3, 3, 3, 3, 3, 3, 3, 3, 3, 3, 3, 3, 3, 3, 3, 3, 3, 3, 3, 3, 3, 3, 3, 3, 3, 3, 3, 3, 3, 3, 3, 3, 3, 3, 3, 3, 3, 3, 3, 3, 3, 3, 3, 3, 3, 3, 3, 3, 3, 3, 3, 3, 3, 3, 3, 3, 3, 3, 3, 3, 3, 3, 3, 3, 3, 3, 3, 3, 3, 3, 3, 3, 3, 3, 3, 3, 3, 3, 3, 3, 3, 3, 3, 3, 3, 3, 3, 3, 3, 3, 3, 3, 3, 3, 3, 3, 3, 3, 3, 3, 3, 3, 3, 3, 3, 3, 3, 3, 3, 3, 3, 3, 3, 3, 3, 3, 3, 3, 3, 3, 3, 3, 3, 3, 3, 3, 3, 3, 3, 3, 3, 3, 3, 3, 3, 3, 3, 3, 3, 3, 3, 3, 3, 3, 3, 3, 3, 3, 3, 3, 3, 3, 3, 3, 3, 3, 3, 3, 3, 3, 3, 3, 3, 3, 3, 3, 3, 3, 3, 3, 3, 3, 3, 3, 3, 3, 3, 3, 3, 3, 3, 3, 3, 3, 3, 3, 3, 3, 3, 3, 3, 3, 3, 3, 3, 3, 3, 3, 3, 3, 3, 3, 3, 3, 3, 3, 3, 3, 3, 3, 3, 3, 3, 3, 3, 3, 3, 3, 3, 3, 3, 3, 3, 3, 3, 3, 3, 3, 3, 3, 3, 3, 3, 3, 3, 3, 3, 3, 3, 3, 3, 3, 3, 3, 3, 3, 3, 3, 3, 3, 3, 3, 3, 3, 3, 3, 3, 3, 3, 3, 3, 3, 3, 3, 3, 3, 3, 3, 3, 3, 3, 3, 3, 3, 3, 3, 3, 3, 3, 3, 3, 3, 3, 3, 3, 3, 3, 3, 3, 3, 3, 3, 3, 3, 3, 3, 3, 3, 3, 3, 3, 3, 3, 3, 3, 3, 3, 3, 3, 3, 3, 3, 3, 3, 3, 3, 3, 3, 3, 3, 3, 3, 3, 3, 3, 3, 3, 3, 3, 3, 3, 3, 3, 3, 3, 3, 3, 3, 3, 3, 3, 3, 3, 3, 3, 3, 3, 3, 3, 3, 3, 3, 3, 3, 3, 3, 3, 3, 3, 3, 3, 3, 3, 3, 3, 3, 3, 3, 3, 3, 3, 3, 3, 3, 3, 3, 3, 3, 3, 3, 3, 3, 3, 3, 3, 3, 3, 3, 3, 3, 3, 3, 3, 3, 3, 3, 3, 3, 3, 3, 3, 3, 3, 3, 3, 3, 3, 3, 3, 3, 3, 3, 3, 3, 3, 3, 3, 3, 3, 3, 3, 3, 3, 3, 3, 3, 3, 3, 3, 3, 3, 3, 3, 3, 3, 3, 3, 3, 3, 3, 3, 3, 3, 3, 3, 3, 3, 3, 3, 3, 3, 3, 3, 3, 3, 3, 3, 3, 3, 3, 3, 3, 3, 3, 3, 3, 3, 3, 3, 3, 3, 3, 3, 3, 3, 3, 3, 3, 3, 3, 3, 3, 3, 3, 3, 3, 3, 3, 3, 3, 3, 3, 3, 3, 3, 3, 3, 3, 3, 3, 3, 3, 3, 3, 3, 3, 3, 3, 3, 3, 3, 3, 3, 3, 3, 3, 3, 3, 3, 3, 3, 3, 3, 3, 3, 3, 3, 3, 3, 3, 3, 3, 3, 3, 3, 3, 3, 3, 3, 3, 3, 3, 3, 3, 3, 3, 3, 3, 3, 3, 3, 3, 3, 3, 3, 3, 3, 3, 3, 3, 3, 3, 3, 3, 3, 3, 3, 3, 3, 3, 3, 3, 3, 3, 3, 3, 3, 3, 3, 3, 3, 3, 3, 3, 3, 3, 3, 3, 3, 3, 3, 3, 3, 3, 3, 3, 3, 3, 3, 3, 3, 3, 3, 3, 3, 3, 3, 3, 3, 3, 3, 3, 3, 3, 3, 3, 3, 3, 3, 3, 3, 3, 3, 3, 3, 3, 3, 3, 3, 3, 3, 3, 3, 3, 3, 3, 3, 3, 3, 3, 3, 3, 3, 3, 3, 3, 3, 3, 3, 3, 3, 3, 3, 3, 3, 3, 3, 3, 3, 3, 3, 3, 3, 3, 3, 3, 3, 3, 3, 3, 3, 3, 3, 3, 3, 3, 3, 3, 3, 3, 3, 3, 3, 3, 3, 3, 3, 3, 3, 3, 3, 3, 3, 3, 3, 3, 3, 3, 3, 3, 3, 3, 3, 3, 3, 3, 3, 3, 3, 3, 3, 3, 3, 3, 3, 3, 3, 3, 3, 3, 3, 3, 3, 3, 3, 3, 3, 3, 3, 3, 3, 3, 3, 3, 3, 3, 3, 3, 3, 3, 3, 3, 3, 3, 3, 3, 3, 3, 3, 3, 3, 3, 3, 3, 3, 3, 3, 3, 3, 3, 3, 3, 3, 3, 3, 3, 3, 3, 3, 3, 3, 3, 3, 3, 3, 3, 3, 3, 3, 3, 3, 3, 3, 3, 3, 3, 3, 3, 3, 3, 3, 3, 3, 3, 3, 3, 3, 3, 3, 3, 3, 3, 3, 3, 3, 3, 3, 3, 3, 3, 3, 3, 3, 3, 3, 3, 3, 3, 3, 3, 3, 3, 3, 3, 3, 3, 3, 3, 3, 3, 3, 3, 3, 3, 3, 3, 3, 3, 3, 3, 3, 3, 3, 3, 3, 3, 3, 3, 3, 3, 3, 3, 3, 3, 3, 3, 3, 3, 3, 3, 3, 3, 3, 3, 3, 3, 3, 3, 3, 3, 3, 3, 3, 3, 3, 3, 3, 3, 3, 3, 3, 3, 3, 3, 3, 3, 3, 3, 3, 3, 3, 3, 3, 3, 3, 3, 3, 3, 3, 3, 3, 3, 3, 3, 3, 3, 3, 3, 3, 3, 3, 3, 3, 3, 3, 3, 3, 3, 3, 3, 3, 3, 3, 3, 3, 3, 3, 3, 3, 3, 3, 3, 3, 3, 3, 3, 3, 3, 3, 3, 3, 3, 3, 3, 3, 3, 3, 3, 3, 3, 3, 3, 3, 3, 3, 3, 3, 3, 3, 3, 3, 3, 3, 3, 3, 3, 3, 3, 3, 3, 3, 3, 3, 3, 3, 3, 3, 3, 3, 3, 3, 3, 3, 3, 3, 3, 3, 3, 3, 3, 3, 3, 3, 3, 3, 3, 3, 3, 3, 3, 3, 3, 3, 3, 3, 3, 3, 3, 3, 3, 3, 3, 3, 3, 3, 3, 3, 3, 3, 3, 3, 3, 3, 3, 3, 3, 3, 3, 3, 3, 3, 3, 3, 3, 3, 3, 3, 3, 3, 3, 3, 3, 3, 3, 3, 3, 3, 3, 3, 3, 3, 3, 3, 3, 3, 3, 3, 3, 3, 3, 3, 3, 3, 3, 3, 3, 3, 3, 3, 3, 3, 3, 3, 3, 3, 3, 3, 3, 3, 3, 3, 3, 3, 3, 3, 3, 3, 3, 3, 3, 3, 3, 3, 3, 3, 3, 3, 3, 3, 3, 3, 3, 3, 3, 3, 3, 3, 3, 3, 3, 3, 3, 3, 3, 3, 3, 3, 3, 3, 3, 3, 3, 3, 3, 3, 3, 3, 3, 3, 3, 3, 3, 3, 3, 3, 3, 3, 3, 3, 3, 3, 3, 3, 3, 3, 3, 3, 3, 3, 3, 3, 3, 3, 3, 3, 3, 3, 3, 3, 3, 3, 3, 3, 3, 3, 3, 3, 3, 3, 3, 3, 3, 3, 3, 3, 3, 3, 3, 3, 3, 3, 3, 3, 3, 3, 3, 3, 3, 3, 3, 3, 3, 3, 3, 3, 3, 3, 3, 3, 3, 3, 3, 3, 3, 3, 3, 3, 3, 3, 3, 3, 3, 3, 3, 3, 3, 3, 3, 3, 3, 3, 3, 3, 3, 3, 3, 3, 3, 3, 3, 3, 3, 3, 3, 3, 3, 3, 3, 3, 3, 3, 3, 3, 3, 3, 3, 3, 3, 3, 3, 3, 3, 3, 3, 3, 3, 3, 3, 3, 3, 3, 3, 3, 3, 3, 3, 3, 3, 3, 3, 3, 3, 3, 3, 3, 3, 3, 3, 3, 3, 3, 3, 3, 3, 3, 3, 3, 3, 3, 3, 3, 3, 3, 3, 3, 3, 3, 3, 3, 3, 3, 3, 3, 3, 3, 3, 3, 3, 3, 3, 3, 3, 3, 3, 3, 3, 3, 3, 3, 3, 3, 3, 3, 3, 3, 3, 3, 3, 3, 3, 3, 3, 3, 3, 3, 3, 3, 3, 3, 3, 3, 3, 3, 3, 3, 3, 3, 3, 3, 3, 3, 3, 3, 3, 3, 3, 3, 3, 3, 3, 3, 3, 3, 3, 3, 3, 3, 3, 3, 3, 3, 3, 3, 3, 3, 3, 3, 3, 3, 3, 3, 3, 3, 3, 3, 3, 3, 3, 3, 3, 3, 3, 3, 3, 3, 3, 3, 3, 3, 3, 3, 3, 3, 3, 3, 3, 3, 3, 3, 3, 3, 3, 3, 3, 3, 3, 3, 3, 3, 3, 3, 3, 3, 3, 3, 3, 3, 3, 3, 3, 3, 3, 3, 3, 3, 3, 3, 3, 3, 3, 3, 3, 3, 3, 3, 3, 3, 3, 3, 3, 3, 3, 3, 3, 3, 3, 3, 3, 3, 3, 3, 3, 3, 3, 3, 3, 3, 3, 3, 3, 3, 3, 3, 3, 3, 3, 3, 3, 3, 3, 3, 3, 3, 3, 3, 3, 3, 3, 3, 3, 3, 3, 3, 3, 3, 3, 3, 3, 3, 3, 3, 3, 3, 3, 3, 3, 3, 3, 3, 3, 3, 3, 3, 3, 3, 3, 3, 3, 3, 3, 3, 3, 3, 3, 3, 3, 3, 3, 3, 3, 3, 3, 3, 3, 3, 3, 3, 3, 3, 3, 3, 3, 3, 3, 3, 3, 3, 3, 3, 3, 3, 3, 3, 3, 3, 3, 3, 3, 3, 3, 3, 3, 3, 3, 3, 3, 3, 3, 3, 3, 3, 3, 3, 3, 3, 3, 3, 3, 3, 3, 3, 3, 3, 3, 3, 3, 3, 3, 3, 3, 3, 3, 3, 3, 3, 3, 3, 3, 3, 3, 3, 3, 3, 3, 3, 3, 3, 3, 3, 3, 3, 3, 3, 3, 3, 3, 3, 3, 3, 3, 3, 3, 3, 3, 3, 3, 3, 3, 3, 3, 3, 3, 3, 3, 3, 3, 3, 3, 3, 3, 3, 3, 3, 3, 3, 3, 3, 3, 3, 3, 3, 3, 3, 3, 3, 3, 3, 3, 3, 3, 3, 3, 3, 3, 3, 3, 3, 3, 3, 3, 3, 3, 3, 3, 3, 3, 3, 3, 3, 3, 3, 3, 3, 3, 3, 3, 3, 3, 3, 3, 3, 3, 3, 3, 3, 3, 3, 3, 3, 3, 3, 3, 3, 3, 3, 3, 3, 3, 3, 3, 3, 3, 3, 3, 3, 3, 3, 3, 3, 3, 3, 3, 3, 3, 3, 3, 3, 3, 3, 3, 3, 3, 3, 3, 3, 3, 3, 3, 3, 3, 3, 3, 3, 3, 3, 3, 3, 3, 3, 3, 3, 3, 3, 3, 3, 3, 3, 3, 3, 3, 3, 3, 3, 3, 3, 3, 3, 3, 3, 3, 3, 3, 3, 3, 3, 3, 3, 3, 3, 3, 3, 3, 3, 3, 3, 3, 3, 3, 3, 3, 3, 3, 3, 3, 3, 3, 3, 3, 3, 3, 3, 3, 3, 3, 3, 3, 3, 3, 3, 3, 3, 3, 3, 3, 3, 3, 3, 3, 3, 3, 3]
        int[] faceVertexIndices = [3, 1, 18, 18, 1, 17, 17, 1, 22, 22, 1, 24, 24, 1, 7, 5, 7, 1, 23, 9, 25, 8, 25, 9, 10, 25, 11, 21, 11, 25, 23, 25, 14, 10, 14, 25, 25, 8, 21, 6, 21, 8, 23, 24, 9, 7, 9, 24, 24, 23, 22, 14, 22, 23, 17, 22, 15, 14, 15, 22, 5, 1, 6, 1, 0, 6, 6, 0, 21, 0, 20, 21, 21, 20, 11, 13, 11, 20, 2, 19, 0, 20, 0, 19, 16, 4, 18, 3, 18, 4, 16, 19, 4, 2, 4, 19, 19, 12, 20, 13, 20, 12, 16, 15, 19, 12, 19, 15, 18, 17, 16, 15, 16, 17, 15, 14, 12, 10, 12, 14, 13, 12, 11, 10, 11, 12, 9, 7, 8, 8, 7, 6, 5, 6, 7, 4, 2, 3, 3, 2, 1, 0, 1, 2, 28, 27, 26, 27, 28, 29, 32, 31, 30, 33, 31, 32, 34, 31, 33, 35, 31, 34, 35, 36, 31, 37, 36, 35, 36, 37, 38, 39, 38, 37, 40, 38, 39, 41, 38, 40, 27, 38, 41, 38, 27, 29, 42, 40, 39, 40, 42, 43, 43, 42, 44, 46, 26, 45, 26, 46, 28, 47, 36, 38, 36, 47, 48, 49, 37, 35, 37, 49, 50, 51, 48, 47, 48, 51, 52, 53, 34, 33, 34, 53, 54, 54, 53, 55, 51, 28, 46, 28, 51, 47, 52, 56, 48, 56, 52, 57, 48, 31, 36, 31, 48, 56, 47, 29, 28, 29, 47, 38, 59, 49, 58, 57, 49, 59, 52, 49, 57, 52, 50, 49, 51, 50, 52, 51, 60, 50, 46, 60, 51, 60, 46, 45, 26, 41, 61, 41, 26, 27, 62, 60, 45, 60, 62, 63, 63, 44, 42, 44, 63, 62, 43, 41, 40, 41, 43, 61, 45, 61, 62, 61, 45, 26, 44, 61, 43, 61, 44, 62, 37, 42, 39, 42, 37, 63, 63, 37, 60, 60, 37, 50, 31, 64, 30, 64, 31, 56, 56, 59, 64, 59, 56, 57, 55, 65, 54, 65, 55, 66, 30, 67, 32, 67, 30, 64, 64, 66, 67, 66, 64, 59, 67, 33, 32, 33, 67, 53, 67, 55, 53, 55, 67, 66, 66, 58, 65, 58, 66, 59, 65, 34, 54, 34, 65, 35, 35, 65, 58, 35, 58, 49, 70, 69, 68, 69, 70, 71, 74, 73, 72, 73, 74, 71, 73, 71, 75, 75, 71, 70, 75, 70, 76, 76, 70, 77, 77, 70, 78, 78, 70, 79, 82, 81, 80, 81, 82, 69, 69, 82, 83, 69, 83, 68, 68, 83, 84, 68, 84, 85, 68, 85, 86, 68, 86, 87, 75, 82, 73, 82, 75, 83, 75, 84, 83, 84, 75, 76, 76, 85, 84, 85, 76, 77, 73, 80, 72, 80, 73, 82, 71, 81, 69, 81, 71, 74, 72, 81, 74, 81, 72, 80, 87, 70, 68, 70, 87, 79, 77, 86, 85, 86, 77, 78, 86, 79, 87, 79, 86, 78, 90, 89, 88, 89, 90, 91, 91, 90, 92, 95, 94, 93, 94, 95, 96, 96, 95, 97, 100, 99, 98, 99, 100, 101, 102, 100, 98, 100, 102, 103, 105, 104, 103, 104, 105, 106, 103, 107, 100, 107, 103, 104, 100, 108, 101, 108, 100, 107, 107, 92, 90, 92, 107, 104, 92, 106, 91, 106, 92, 104, 107, 88, 108, 88, 107, 90, 108, 99, 101, 99, 108, 109, 109, 108, 88, 109, 88, 94, 94, 88, 89, 94, 89, 93, 110, 103, 102, 103, 110, 105, 111, 110, 102, 110, 111, 112, 112, 97, 95, 97, 112, 111, 96, 109, 94, 109, 96, 113, 113, 102, 98, 102, 113, 111, 113, 99, 109, 99, 113, 98, 97, 113, 96, 113, 97, 111, 89, 95, 93, 95, 89, 112, 112, 89, 110, 110, 89, 105, 105, 89, 106, 106, 89, 91, 116, 115, 114, 115, 116, 117, 120, 119, 118, 119, 120, 121, 124, 123, 122, 123, 124, 125, 123, 126, 122, 126, 123, 127, 118, 128, 120, 128, 118, 129, 125, 117, 116, 117, 125, 124, 121, 127, 119, 127, 121, 126, 128, 114, 115, 114, 128, 129, 124, 115, 117, 115, 124, 130, 130, 124, 131, 132, 115, 130, 131, 124, 122, 131, 122, 133, 115, 132, 128, 128, 132, 134, 128, 134, 135, 133, 122, 126, 128, 135, 120, 133, 126, 136, 120, 135, 137, 136, 126, 137, 120, 137, 126, 120, 126, 121, 140, 139, 138, 139, 140, 141, 141, 140, 142, 141, 142, 143, 141, 143, 144, 144, 143, 145, 141, 132, 139, 132, 141, 134, 135, 141, 144, 141, 135, 134, 130, 139, 132, 139, 130, 138, 131, 138, 130, 138, 131, 140, 144, 137, 135, 137, 144, 145, 133, 143, 142, 143, 133, 136, 131, 142, 140, 142, 131, 133, 145, 136, 137, 136, 145, 143, 148, 147, 146, 147, 148, 149, 152, 151, 150, 151, 152, 153, 156, 155, 154, 155, 156, 157, 155, 158, 154, 158, 155, 159, 150, 160, 152, 160, 150, 161, 148, 156, 149, 156, 148, 157, 158, 151, 153, 151, 158, 159, 160, 146, 147, 146, 160, 161, 164, 163, 162, 163, 164, 165, 163, 165, 166, 166, 165, 167, 166, 167, 168, 168, 167, 169, 156, 147, 149, 147, 156, 170, 170, 156, 171, 172, 147, 170, 171, 156, 154, 171, 154, 173, 147, 172, 160, 160, 172, 174, 160, 174, 175, 173, 154, 158, 160, 175, 152, 173, 158, 176, 152, 175, 177, 176, 158, 177, 152, 177, 158, 152, 158, 153, 175, 166, 168, 166, 175, 174, 171, 162, 170, 162, 171, 164, 170, 163, 172, 163, 170, 162, 168, 177, 175, 177, 168, 169, 165, 176, 167, 176, 165, 173, 167, 177, 169, 177, 167, 176, 171, 165, 164, 165, 171, 173, 166, 172, 163, 172, 166, 174, 180, 179, 178, 179, 180, 181, 179, 182, 178, 182, 179, 183, 184, 182, 183, 182, 184, 185, 184, 180, 185, 180, 184, 181, 179, 184, 183, 184, 179, 181, 180, 182, 185, 182, 180, 178, 188, 187, 186, 187, 188, 189, 187, 190, 186, 190, 187, 191, 192, 190, 191, 190, 192, 193, 192, 188, 193, 188, 192, 189, 187, 192, 191, 192, 187, 189, 188, 190, 193, 190, 188, 186, 196, 195, 194, 195, 196, 197, 197, 198, 195, 198, 197, 199, 200, 197, 196, 197, 200, 199, 198, 194, 195, 194, 198, 201, 200, 194, 201, 194, 200, 196, 198, 200, 201, 200, 198, 199, 204, 203, 202, 203, 204, 205, 203, 206, 202, 206, 203, 207, 210, 209, 208, 209, 210, 211, 212, 206, 207, 206, 212, 213, 215, 208, 214, 208, 215, 210, 215, 213, 212, 213, 215, 214, 216, 205, 204, 205, 216, 217, 211, 216, 209, 216, 211, 217, 203, 212, 207, 212, 203, 215, 215, 203, 210, 210, 203, 211, 211, 203, 217, 217, 203, 205, 214, 206, 213, 206, 214, 202, 202, 214, 208, 202, 208, 209, 202, 209, 216, 202, 216, 204, 220, 219, 218, 219, 220, 221, 224, 223, 222, 223, 224, 225, 224, 219, 221, 219, 224, 222, 220, 224, 221, 224, 220, 225, 223, 220, 218, 220, 223, 225, 222, 218, 219, 218, 222, 223, 228, 227, 226, 227, 228, 229, 232, 231, 230, 231, 232, 233, 227, 231, 226, 231, 227, 230, 227, 232, 230, 232, 227, 234, 235, 234, 227, 234, 235, 236, 235, 227, 229, 235, 229, 237, 236, 239, 238, 239, 236, 235, 239, 237, 240, 237, 239, 235, 236, 241, 234, 241, 236, 238, 234, 233, 232, 233, 234, 241, 240, 229, 228, 229, 240, 237, 239, 241, 238, 241, 239, 233, 226, 233, 239, 233, 226, 231, 226, 239, 240, 226, 240, 228, 244, 243, 242, 243, 244, 245, 248, 247, 246, 247, 248, 249, 243, 247, 242, 247, 243, 246, 243, 248, 246, 248, 243, 250, 251, 250, 243, 250, 251, 252, 251, 243, 245, 251, 245, 253, 252, 255, 254, 255, 252, 251, 255, 253, 256, 253, 255, 251, 252, 257, 250, 257, 252, 254, 250, 249, 248, 249, 250, 257, 256, 245, 244, 245, 256, 253, 255, 257, 254, 257, 255, 249, 242, 249, 255, 249, 242, 247, 242, 255, 256, 242, 256, 244, 260, 259, 258, 259, 260, 261, 260, 262, 261, 262, 260, 263, 263, 260, 264, 264, 260, 265, 267, 262, 266, 267, 261, 262, 261, 267, 259, 268, 259, 267, 259, 268, 269, 269, 268, 270, 267, 271, 268, 271, 267, 272, 270, 273, 269, 273, 270, 274, 271, 270, 268, 270, 271, 274, 262, 275, 266, 275, 262, 263, 275, 267, 266, 267, 275, 272, 273, 259, 269, 259, 273, 258, 258, 273, 276, 258, 276, 277, 265, 278, 264, 278, 265, 279, 278, 281, 280, 281, 278, 279, 282, 277, 276, 277, 282, 283, 284, 283, 282, 283, 284, 285, 283, 258, 277, 258, 283, 260, 260, 283, 285, 260, 285, 281, 260, 281, 279, 260, 279, 265, 264, 275, 263, 275, 264, 274, 271, 275, 274, 275, 271, 272, 274, 264, 273, 273, 264, 276, 276, 264, 278, 276, 278, 282, 282, 278, 280, 282, 280, 284, 288, 287, 286, 287, 288, 289, 287, 289, 290, 290, 289, 291, 290, 291, 292, 292, 291, 293, 296, 295, 294, 295, 296, 297, 295, 297, 298, 298, 297, 299, 298, 299, 300, 300, 299, 301, 303, 293, 302, 293, 303, 292, 302, 291, 304, 291, 302, 293, 290, 303, 305, 303, 290, 292, 289, 307, 306, 307, 289, 288, 304, 289, 306, 289, 304, 291, 308, 290, 305, 290, 308, 287, 288, 309, 307, 309, 288, 286, 286, 308, 309, 308, 286, 287, 305, 127, 123, 127, 305, 303, 307, 116, 114, 116, 307, 309, 306, 114, 129, 114, 306, 307, 119, 304, 118, 304, 119, 302, 127, 302, 119, 302, 127, 303, 125, 305, 123, 305, 125, 308, 118, 306, 129, 306, 118, 304, 308, 116, 309, 116, 308, 125, 311, 301, 310, 301, 311, 300, 310, 299, 312, 299, 310, 301, 298, 311, 313, 311, 298, 300, 297, 315, 314, 315, 297, 296, 312, 297, 314, 297, 312, 299, 316, 298, 313, 298, 316, 295, 296, 317, 315, 317, 296, 294, 294, 316, 317, 316, 294, 295, 313, 159, 155, 159, 313, 311, 315, 148, 146, 148, 315, 317, 314, 146, 161, 146, 314, 315, 151, 312, 150, 312, 151, 310, 159, 310, 151, 310, 159, 311, 157, 313, 155, 313, 157, 316, 312, 161, 150, 161, 312, 314, 316, 148, 317, 148, 316, 157, 280, 285, 284, 285, 280, 281, 3, 1, 18, 18, 1, 17, 17, 1, 22, 22, 1, 24, 24, 1, 7, 5, 7, 1, 23, 9, 25, 8, 25, 9, 10, 25, 11, 21, 11, 25, 23, 25, 14, 10, 14, 25, 25, 8, 21, 6, 21, 8, 23, 24, 9, 7, 9, 24, 24, 23, 22, 14, 22, 23, 17, 22, 15, 14, 15, 22, 5, 1, 6, 1, 0, 6, 6, 0, 21, 0, 20, 21, 21, 20, 11, 13, 11, 20, 2, 19, 0, 20, 0, 19, 16, 4, 18, 3, 18, 4, 16, 19, 4, 2, 4, 19, 19, 12, 20, 13, 20, 12, 16, 15, 19, 12, 19, 15, 18, 17, 16, 15, 16, 17, 15, 14, 12, 10, 12, 14, 13, 12, 11, 10, 11, 12, 9, 7, 8, 8, 7, 6, 5, 6, 7, 4, 2, 3, 3, 2, 1, 0, 1, 2, 28, 27, 26, 27, 28, 29, 32, 31, 30, 33, 31, 32, 34, 31, 33, 35, 31, 34, 35, 36, 31, 37, 36, 35, 36, 37, 38, 39, 38, 37, 40, 38, 39, 41, 38, 40, 27, 38, 41, 38, 27, 29, 42, 40, 39, 40, 42, 43, 43, 42, 44, 46, 26, 45, 26, 46, 28, 47, 36, 38, 36, 47, 48, 49, 37, 35, 37, 49, 50, 51, 48, 47, 48, 51, 52, 53, 34, 33, 34, 53, 54, 54, 53, 55, 51, 28, 46, 28, 51, 47, 52, 56, 48, 56, 52, 57, 48, 31, 36, 31, 48, 56, 47, 29, 28, 29, 47, 38, 59, 49, 58, 57, 49, 59, 52, 49, 57, 52, 50, 49, 51, 50, 52, 51, 60, 50, 46, 60, 51, 60, 46, 45, 26, 41, 61, 41, 26, 27, 62, 60, 45, 60, 62, 63, 63, 44, 42, 44, 63, 62, 43, 41, 40, 41, 43, 61, 45, 61, 62, 61, 45, 26, 44, 61, 43, 61, 44, 62, 37, 42, 39, 42, 37, 63, 63, 37, 60, 60, 37, 50, 31, 64, 30, 64, 31, 56, 56, 59, 64, 59, 56, 57, 55, 65, 54, 65, 55, 66, 30, 67, 32, 67, 30, 64, 64, 66, 67, 66, 64, 59, 67, 33, 32, 33, 67, 53, 67, 55, 53, 55, 67, 66, 66, 58, 65, 58, 66, 59, 65, 34, 54, 34, 65, 35, 35, 65, 58, 35, 58, 49, 70, 69, 68, 69, 70, 71, 74, 73, 72, 73, 74, 71, 73, 71, 75, 75, 71, 70, 75, 70, 76, 76, 70, 77, 77, 70, 78, 78, 70, 79, 82, 81, 80, 81, 82, 69, 69, 82, 83, 69, 83, 68, 68, 83, 84, 68, 84, 85, 68, 85, 86, 68, 86, 87, 75, 82, 73, 82, 75, 83, 75, 84, 83, 84, 75, 76, 76, 85, 84, 85, 76, 77, 73, 80, 72, 80, 73, 82, 71, 81, 69, 81, 71, 74, 72, 81, 74, 81, 72, 80, 87, 70, 68, 70, 87, 79, 77, 86, 85, 86, 77, 78, 86, 79, 87, 79, 86, 78, 90, 89, 88, 89, 90, 91, 91, 90, 92, 95, 94, 93, 94, 95, 96, 96, 95, 97, 100, 99, 98, 99, 100, 101, 102, 100, 98, 100, 102, 103, 105, 104, 103, 104, 105, 106, 103, 107, 100, 107, 103, 104, 100, 108, 101, 108, 100, 107, 107, 92, 90, 92, 107, 104, 92, 106, 91, 106, 92, 104, 107, 88, 108, 88, 107, 90, 108, 99, 101, 99, 108, 109, 109, 108, 88, 109, 88, 94, 94, 88, 89, 94, 89, 93, 110, 103, 102, 103, 110, 105, 111, 110, 102, 110, 111, 112, 112, 97, 95, 97, 112, 111, 96, 109, 94, 109, 96, 113, 113, 102, 98, 102, 113, 111, 113, 99, 109, 99, 113, 98, 97, 113, 96, 113, 97, 111, 89, 95, 93, 95, 89, 112, 112, 89, 110, 110, 89, 105, 105, 89, 106, 106, 89, 91, 116, 115, 114, 115, 116, 117, 120, 119, 118, 119, 120, 121, 124, 123, 122, 123, 124, 125, 123, 126, 122, 126, 123, 127, 118, 128, 120, 128, 118, 129, 125, 117, 116, 117, 125, 124, 121, 127, 119, 127, 121, 126, 128, 114, 115, 114, 128, 129, 124, 115, 117, 115, 124, 130, 130, 124, 131, 132, 115, 130, 131, 124, 122, 131, 122, 133, 115, 132, 128, 128, 132, 134, 128, 134, 135, 133, 122, 126, 128, 135, 120, 133, 126, 136, 120, 135, 137, 136, 126, 137, 120, 137, 126, 120, 126, 121, 140, 139, 138, 139, 140, 141, 141, 140, 142, 141, 142, 143, 141, 143, 144, 144, 143, 145, 141, 132, 139, 132, 141, 134, 135, 141, 144, 141, 135, 134, 130, 139, 132, 139, 130, 138, 131, 138, 130, 138, 131, 140, 144, 137, 135, 137, 144, 145, 133, 143, 142, 143, 133, 136, 131, 142, 140, 142, 131, 133, 145, 136, 137, 136, 145, 143, 148, 147, 146, 147, 148, 149, 152, 151, 150, 151, 152, 153, 156, 155, 154, 155, 156, 157, 155, 158, 154, 158, 155, 159, 150, 160, 152, 160, 150, 161, 148, 156, 149, 156, 148, 157, 158, 151, 153, 151, 158, 159, 160, 146, 147, 146, 160, 161, 164, 163, 162, 163, 164, 165, 163, 165, 166, 166, 165, 167, 166, 167, 168, 168, 167, 169, 156, 147, 149, 147, 156, 170, 170, 156, 171, 172, 147, 170, 171, 156, 154, 171, 154, 173, 147, 172, 160, 160, 172, 174, 160, 174, 175, 173, 154, 158, 160, 175, 152, 173, 158, 176, 152, 175, 177, 176, 158, 177, 152, 177, 158, 152, 158, 153, 175, 166, 168, 166, 175, 174, 171, 162, 170, 162, 171, 164, 170, 163, 172, 163, 170, 162, 168, 177, 175, 177, 168, 169, 165, 176, 167, 176, 165, 173, 167, 177, 169, 177, 167, 176, 171, 165, 164, 165, 171, 173, 166, 172, 163, 172, 166, 174, 180, 179, 178, 179, 180, 181, 179, 182, 178, 182, 179, 183, 184, 182, 183, 182, 184, 185, 184, 180, 185, 180, 184, 181, 179, 184, 183, 184, 179, 181, 180, 182, 185, 182, 180, 178, 188, 187, 186, 187, 188, 189, 187, 190, 186, 190, 187, 191, 192, 190, 191, 190, 192, 193, 192, 188, 193, 188, 192, 189, 187, 192, 191, 192, 187, 189, 188, 190, 193, 190, 188, 186, 196, 195, 194, 195, 196, 197, 197, 198, 195, 198, 197, 199, 200, 197, 196, 197, 200, 199, 198, 194, 195, 194, 198, 201, 200, 194, 201, 194, 200, 196, 198, 200, 201, 200, 198, 199, 204, 203, 202, 203, 204, 205, 203, 206, 202, 206, 203, 207, 210, 209, 208, 209, 210, 211, 212, 206, 207, 206, 212, 213, 215, 208, 214, 208, 215, 210, 215, 213, 212, 213, 215, 214, 216, 205, 204, 205, 216, 217, 211, 216, 209, 216, 211, 217, 203, 212, 207, 212, 203, 215, 215, 203, 210, 210, 203, 211, 211, 203, 217, 217, 203, 205, 214, 206, 213, 206, 214, 202, 202, 214, 208, 202, 208, 209, 202, 209, 216, 202, 216, 204, 220, 219, 218, 219, 220, 221, 224, 223, 222, 223, 224, 225, 224, 219, 221, 219, 224, 222, 220, 224, 221, 224, 220, 225, 223, 220, 218, 220, 223, 225, 222, 218, 219, 218, 222, 223, 228, 227, 226, 227, 228, 229, 232, 231, 230, 231, 232, 233, 227, 231, 226, 231, 227, 230, 227, 232, 230, 232, 227, 234, 235, 234, 227, 234, 235, 236, 235, 227, 229, 235, 229, 237, 236, 239, 238, 239, 236, 235, 239, 237, 240, 237, 239, 235, 236, 241, 234, 241, 236, 238, 234, 233, 232, 233, 234, 241, 240, 229, 228, 229, 240, 237, 239, 241, 238, 241, 239, 233, 226, 233, 239, 233, 226, 231, 226, 239, 240, 226, 240, 228, 244, 243, 242, 243, 244, 245, 248, 247, 246, 247, 248, 249, 243, 247, 242, 247, 243, 246, 243, 248, 246, 248, 243, 250, 251, 250, 243, 250, 251, 252, 251, 243, 245, 251, 245, 253, 252, 255, 254, 255, 252, 251, 255, 253, 256, 253, 255, 251, 252, 257, 250, 257, 252, 254, 250, 249, 248, 249, 250, 257, 256, 245, 244, 245, 256, 253, 255, 257, 254, 257, 255, 249, 242, 249, 255, 249, 242, 247, 242, 255, 256, 242, 256, 244, 260, 259, 258, 259, 260, 261, 260, 262, 261, 262, 260, 263, 263, 260, 264, 264, 260, 265, 267, 262, 266, 267, 261, 262, 261, 267, 259, 268, 259, 267, 259, 268, 269, 269, 268, 270, 267, 271, 268, 271, 267, 272, 270, 273, 269, 273, 270, 274, 271, 270, 268, 270, 271, 274, 262, 275, 266, 275, 262, 263, 275, 267, 266, 267, 275, 272, 273, 259, 269, 259, 273, 258, 258, 273, 276, 258, 276, 277, 265, 278, 264, 278, 265, 279, 278, 281, 280, 281, 278, 279, 282, 277, 276, 277, 282, 283, 284, 283, 282, 283, 284, 285, 283, 258, 277, 258, 283, 260, 260, 283, 285, 260, 285, 281, 260, 281, 279, 260, 279, 265, 264, 275, 263, 275, 264, 274, 271, 275, 274, 275, 271, 272, 274, 264, 273, 273, 264, 276, 276, 264, 278, 276, 278, 282, 282, 278, 280, 282, 280, 284, 288, 287, 286, 287, 288, 289, 287, 289, 290, 290, 289, 291, 290, 291, 292, 292, 291, 293, 296, 295, 294, 295, 296, 297, 295, 297, 298, 298, 297, 299, 298, 299, 300, 300, 299, 301, 303, 293, 302, 293, 303, 292, 302, 291, 304, 291, 302, 293, 290, 303, 305, 303, 290, 292, 289, 307, 306, 307, 289, 288, 304, 289, 306, 289, 304, 291, 308, 290, 305, 290, 308, 287, 288, 309, 307, 309, 288, 286, 286, 308, 309, 308, 286, 287, 305, 127, 123, 127, 305, 303, 307, 116, 114, 116, 307, 309, 306, 114, 129, 114, 306, 307, 119, 304, 118, 304, 119, 302, 127, 302, 119, 302, 127, 303, 125, 305, 123, 305, 125, 308, 118, 306, 129, 306, 118, 304, 308, 116, 309, 116, 308, 125, 311, 301, 310, 301, 311, 300, 310, 299, 312, 299, 310, 301, 298, 311, 313, 311, 298, 300, 297, 315, 314, 315, 297, 296, 312, 297, 314, 297, 312, 299, 316, 298, 313, 298, 316, 295, 296, 317, 315, 317, 296, 294, 294, 316, 317, 316, 294, 295, 313, 159, 155, 159, 313, 311, 315, 148, 146, 148, 315, 317, 314, 146, 161, 146, 314, 315, 151, 312, 150, 312, 151, 310, 159, 310, 151, 310, 159, 311, 157, 313, 155, 313, 157, 316, 312, 161, 150, 161, 312, 314, 316, 148, 317, 148, 316, 157, 280, 285, 284, 285, 280, 281, 334, 407, 344, 409, 344, 407, 387, 393, 342, 395, 342, 393, 327, 403, 336, 405, 336, 403, 336, 405, 334, 407, 334, 405, 326, 394, 327, 403, 327, 394, 398, 331, 399, 380, 399, 331, 344, 409, 324, 411, 324, 409, 390, 333, 398, 331, 398, 333, 399, 380, 400, 389, 400, 380, 389, 355, 400, 401, 400, 355, 355, 354, 401, 402, 401, 354, 412, 410, 338, 388, 338, 410, 354, 379, 402, 404, 402, 379, 379, 364, 404, 406, 404, 364, 322, 413, 370, 397, 370, 413, 364, 363, 406, 408, 406, 363, 396, 412, 339, 338, 339, 412, 324, 411, 322, 413, 322, 411, 363, 388, 408, 410, 408, 388, 397, 413, 396, 396, 413, 412, 413, 411, 412, 412, 411, 410, 411, 409, 410, 410, 409, 408, 409, 407, 408, 408, 407, 406, 407, 405, 406, 406, 405, 404, 405, 403, 404, 404, 403, 402, 403, 394, 402, 402, 394, 401, 394, 395, 401, 401, 395, 400, 395, 393, 400, 400, 393, 399, 393, 392, 399, 399, 392, 398, 392, 391, 398, 390, 398, 391, 397, 396, 370, 339, 370, 396, 342, 395, 326, 394, 326, 395, 387, 372, 393, 392, 393, 372, 372, 371, 392, 391, 392, 371, 391, 371, 390, 333, 390, 371, 318, 338, 384, 388, 384, 338, 380, 374, 389, 382, 389, 374, 387, 378, 372, 360, 372, 378, 382, 356, 389, 355, 389, 356, 335, 334, 345, 344, 345, 334, 329, 327, 337, 336, 337, 327, 377, 378, 381, 343, 381, 378, 365, 384, 363, 388, 363, 384, 358, 357, 332, 353, 332, 357, 319, 318, 385, 384, 385, 318, 378, 387, 343, 342, 343, 387, 383, 367, 382, 356, 382, 367, 371, 358, 333, 332, 333, 358, 348, 366, 379, 364, 379, 366, 376, 386, 366, 365, 366, 386, 386, 385, 365, 384, 365, 385, 345, 325, 369, 341, 369, 325, 375, 383, 374, 382, 374, 383, 381, 343, 373, 328, 373, 343, 331, 330, 380, 374, 380, 330, 323, 322, 361, 370, 361, 322, 348, 379, 346, 354, 346, 379, 378, 377, 360, 359, 360, 377, 349, 376, 348, 366, 348, 376, 352, 375, 330, 374, 330, 375, 350, 373, 329, 328, 329, 373, 372, 360, 371, 358, 371, 360, 361, 370, 320, 339, 320, 370, 351, 337, 368, 335, 368, 337, 362, 361, 321, 320, 321, 361, 369, 368, 345, 335, 345, 368, 367, 347, 356, 346, 356, 347, 366, 365, 364, 363, 364, 365, 340, 323, 362, 361, 362, 323, 360, 359, 358, 357, 358, 359, 356, 346, 355, 354, 355, 346, 353, 352, 332, 330, 332, 352, 351, 350, 337, 329, 337, 350, 349, 348, 347, 346, 347, 348, 345, 344, 325, 324, 325, 344, 343, 342, 328, 326, 328, 342, 325, 323, 341, 340, 341, 323, 320, 339, 318, 338, 318, 339, 337, 336, 335, 334, 335, 336, 333, 332, 331, 330, 331, 332, 329, 328, 327, 326, 327, 328, 325, 324, 323, 322, 323, 324, 321, 320, 319, 318, 319, 320, 459, 449, 428, 427, 428, 449, 439, 456, 437, 450, 437, 456, 422, 424, 442, 447, 442, 424, 452, 455, 433, 434, 433, 455, 460, 429, 461, 431, 461, 429, 444, 458, 438, 440, 438, 458, 421, 461, 420, 431, 420, 461, 460, 459, 429, 428, 429, 459, 440, 458, 441, 457, 441, 458, 441, 457, 439, 456, 439, 457, 455, 445, 434, 436, 434, 445, 454, 430, 417, 416, 417, 430, 454, 453, 430, 432, 430, 453, 453, 452, 432, 433, 432, 452, 451, 426, 443, 423, 443, 426, 415, 414, 451, 426, 451, 414, 437, 450, 435, 448, 435, 450, 425, 427, 446, 449, 446, 427, 419, 418, 448, 435, 448, 418, 424, 425, 447, 446, 447, 425, 445, 444, 436, 438, 436, 444, 443, 423, 442, 422, 442, 423, 441, 439, 440, 440, 439, 438, 439, 437, 438, 438, 437, 436, 437, 435, 436, 436, 435, 434, 435, 418, 434, 434, 418, 433, 418, 420, 433, 433, 420, 432, 420, 431, 432, 432, 431, 430, 431, 429, 430, 430, 429, 416, 429, 428, 416, 416, 428, 414, 428, 427, 414, 414, 427, 426, 427, 425, 426, 426, 425, 423, 425, 424, 423, 422, 423, 424, 421, 420, 419, 418, 419, 420, 417, 416, 415, 414, 415, 416, 509, 507, 508, 508, 507, 506, 507, 505, 506, 506, 505, 501, 505, 500, 501, 500, 504, 501, 504, 503, 501, 504, 500, 502, 503, 499, 501, 502, 500, 496, 501, 499, 497, 500, 494, 496, 499, 498, 497, 498, 493, 497, 497, 493, 492, 496, 494, 495, 495, 494, 488, 494, 486, 488, 493, 491, 492, 492, 491, 489, 491, 490, 489, 490, 485, 489, 489, 485, 483, 488, 486, 487, 487, 486, 482, 486, 481, 482, 485, 484, 483, 484, 477, 483, 483, 477, 475, 482, 481, 480, 481, 478, 480, 480, 478, 479, 479, 478, 474, 478, 472, 474, 477, 476, 475, 476, 471, 475, 475, 471, 467, 474, 472, 473, 473, 472, 470, 472, 468, 470, 471, 469, 467, 469, 470, 468, 469, 468, 467, 468, 465, 467, 467, 465, 466, 466, 465, 463, 465, 464, 463, 462, 463, 464, 362, 321, 340, 340, 321, 341, 321, 319, 341, 341, 319, 369, 319, 385, 369, 385, 533, 369, 533, 532, 369, 533, 385, 531, 532, 530, 369, 531, 385, 528, 369, 530, 368, 385, 386, 528, 530, 529, 368, 529, 526, 368, 368, 526, 351, 528, 386, 527, 527, 386, 523, 386, 376, 523, 526, 525, 351, 351, 525, 350, 525, 524, 350, 524, 521, 350, 350, 521, 373, 523, 376, 522, 522, 376, 519, 376, 349, 519, 521, 520, 373, 520, 516, 373, 373, 516, 381, 519, 349, 518, 349, 347, 518, 518, 347, 517, 517, 347, 514, 347, 367, 514, 516, 515, 381, 515, 512, 381, 381, 512, 377, 514, 367, 513, 513, 367, 511, 367, 383, 511, 510, 377, 512, 511, 383, 510, 510, 383, 377, 377, 383, 359, 383, 375, 359, 359, 375, 357, 375, 352, 357, 353, 357, 352, 536, 535, 534, 535, 536, 537, 540, 539, 538, 539, 540, 541, 544, 543, 542, 543, 544, 545, 548, 547, 546, 547, 548, 549, 552, 551, 550, 551, 552, 553, 555, 534, 554, 534, 555, 536, 539, 557, 556, 557, 539, 541, 558, 544, 542, 544, 558, 559, 560, 541, 540, 541, 560, 561, 564, 563, 562, 563, 564, 565, 566, 553, 545, 553, 566, 567, 568, 548, 546, 548, 568, 569, 562, 571, 570, 571, 562, 572, 575, 574, 573, 574, 575, 576, 539, 578, 577, 578, 539, 556, 581, 580, 579, 580, 581, 582, 563, 572, 562, 572, 563, 583, 584, 561, 551, 561, 584, 585, 577, 537, 536, 537, 577, 578, 553, 584, 551, 584, 553, 567, 586, 536, 555, 536, 586, 577, 576, 587, 574, 587, 576, 588, 589, 545, 544, 545, 589, 566, 591, 546, 590, 546, 591, 568, 592, 564, 582, 564, 592, 565, 593, 576, 575, 576, 593, 594, 595, 562, 570, 562, 595, 564, 538, 577, 586, 577, 538, 539, 546, 596, 590, 596, 546, 547, 559, 589, 544, 589, 559, 597, 599, 590, 598, 590, 599, 591, 541, 585, 557, 585, 541, 561, 601, 581, 600, 581, 601, 602, 602, 582, 581, 582, 602, 592, 582, 595, 580, 595, 582, 564, 574, 549, 548, 549, 574, 587, 583, 598, 572, 598, 583, 599, 603, 559, 558, 559, 603, 594, 534, 601, 600, 601, 534, 535, 573, 548, 569, 548, 573, 574, 600, 579, 604, 579, 600, 581, 594, 597, 559, 597, 594, 593, 543, 553, 552, 553, 543, 545, 550, 561, 560, 561, 550, 551, 572, 605, 571, 605, 572, 598, 594, 588, 576, 588, 594, 603, 590, 605, 598, 605, 590, 596, 554, 600, 604, 600, 554, 534, 587, 606, 549, 606, 587, 607, 587, 608, 607, 608, 587, 588, 588, 609, 608, 609, 588, 603, 611, 542, 610, 542, 611, 558, 612, 586, 555, 586, 612, 613, 607, 614, 606, 614, 607, 608, 614, 608, 615, 615, 608, 609, 615, 609, 616, 616, 609, 611, 616, 611, 617, 617, 611, 610, 617, 610, 618, 618, 610, 619, 618, 619, 620, 620, 619, 621, 620, 621, 622, 622, 621, 623, 622, 623, 624, 624, 623, 625, 624, 625, 626, 626, 625, 627, 626, 627, 628, 628, 627, 629, 628, 629, 612, 612, 629, 613, 604, 624, 626, 624, 604, 579, 627, 538, 629, 538, 627, 540, 628, 555, 554, 555, 628, 612, 579, 622, 624, 622, 579, 580, 629, 586, 613, 586, 629, 538, 580, 620, 622, 620, 580, 595, 595, 618, 620, 618, 595, 570, 626, 554, 604, 554, 626, 628, 570, 617, 618, 617, 570, 571, 571, 616, 617, 616, 571, 605, 596, 616, 605, 616, 596, 615, 549, 614, 547, 614, 549, 606, 625, 540, 627, 540, 625, 560, 547, 615, 596, 615, 547, 614, 610, 543, 619, 543, 610, 542, 621, 550, 623, 550, 621, 552, 619, 552, 621, 552, 619, 543, 609, 558, 611, 558, 609, 603, 623, 560, 625, 560, 623, 550, 632, 631, 630, 631, 632, 633, 636, 635, 634, 635, 636, 637, 640, 639, 638, 639, 640, 641, 639, 641, 642, 642, 641, 643, 642, 643, 630, 630, 643, 644, 630, 644, 632, 632, 644, 645, 632, 645, 646, 646, 645, 647, 646, 647, 648, 648, 647, 636, 648, 636, 649, 649, 636, 634, 649, 634, 650, 650, 634, 651, 650, 651, 652, 652, 651, 653, 652, 653, 654, 654, 653, 655, 654, 655, 656, 656, 655, 657, 639, 658, 638, 658, 639, 659, 660, 652, 654, 652, 660, 661, 641, 663, 662, 663, 641, 640, 634, 664, 651, 664, 634, 635, 643, 662, 665, 662, 643, 641, 666, 651, 664, 651, 666, 653, 630, 667, 642, 667, 630, 631, 642, 659, 639, 659, 642, 667, 668, 648, 649, 648, 668, 669, 669, 646, 648, 646, 669, 670, 646, 633, 632, 633, 646, 670, 661, 650, 652, 650, 661, 671, 673, 655, 672, 655, 673, 657, 674, 657, 673, 657, 674, 656, 675, 645, 644, 645, 675, 676, 677, 636, 647, 636, 677, 637, 674, 654, 656, 654, 674, 660, 645, 677, 647, 677, 645, 676, 671, 649, 650, 649, 671, 668, 640, 658, 663, 658, 640, 638, 672, 653, 666, 653, 672, 655, 665, 644, 643, 644, 665, 675, 680, 679, 678, 679, 680, 681, 679, 681, 682, 682, 681, 683, 683, 681, 684, 683, 684, 685, 684, 686, 685, 683, 685, 687, 686, 684, 688, 686, 688, 689, 689, 688, 690, 683, 687, 691, 691, 687, 692, 691, 692, 693, 690, 688, 694, 690, 694, 695, 695, 694, 696, 696, 694, 697, 696, 697, 698, 691, 693, 699, 699, 693, 700, 699, 700, 701, 698, 697, 702, 698, 702, 703, 703, 702, 704, 699, 701, 705, 705, 701, 706, 705, 706, 707, 705, 707, 708, 708, 707, 709, 704, 702, 710, 704, 710, 711, 711, 710, 712, 708, 709, 713, 713, 709, 714, 713, 714, 715, 712, 710, 716, 713, 715, 717, 712, 716, 718, 717, 715, 719, 718, 716, 720, 717, 719, 720, 717, 720, 716, 717, 716, 721, 717, 721, 722, 722, 721, 723, 722, 723, 724, 724, 723, 725, 568, 573, 569, 573, 568, 591, 573, 591, 575, 575, 591, 599, 575, 599, 593, 593, 599, 726, 726, 599, 727, 728, 593, 726, 727, 599, 583, 727, 583, 729, 729, 583, 730, 593, 728, 597, 597, 728, 731, 597, 731, 732, 730, 583, 563, 730, 563, 733, 733, 563, 734, 734, 563, 565, 734, 565, 735, 597, 732, 589, 589, 732, 736, 589, 736, 737, 735, 565, 592, 735, 592, 738, 738, 592, 739, 589, 737, 566, 566, 737, 740, 566, 740, 741, 566, 741, 567, 567, 741, 742, 739, 592, 602, 739, 602, 743, 743, 602, 744, 567, 742, 584, 584, 742, 745, 584, 745, 746, 744, 602, 601, 584, 746, 585, 744, 601, 747, 585, 746, 748, 747, 601, 749, 585, 748, 749, 585, 749, 601, 585, 601, 535, 585, 535, 557, 557, 535, 537, 557, 537, 556, 556, 537, 578, 766, 839, 776, 841, 776, 839, 819, 825, 774, 827, 774, 825, 759, 835, 768, 837, 768, 835, 768, 837, 766, 839, 766, 837, 758, 826, 759, 835, 759, 826, 830, 763, 831, 812, 831, 763, 776, 841, 756, 843, 756, 841, 822, 765, 830, 763, 830, 765, 831, 812, 832, 821, 832, 812, 821, 787, 832, 833, 832, 787, 787, 786, 833, 834, 833, 786, 844, 842, 770, 820, 770, 842, 786, 811, 834, 836, 834, 811, 811, 796, 836, 838, 836, 796, 754, 845, 802, 829, 802, 845, 796, 795, 838, 840, 838, 795, 828, 844, 771, 770, 771, 844, 756, 843, 754, 845, 754, 843, 795, 820, 840, 842, 840, 820, 829, 845, 828, 828, 845, 844, 845, 843, 844, 844, 843, 842, 843, 841, 842, 842, 841, 840, 841, 839, 840, 840, 839, 838, 839, 837, 838, 838, 837, 836, 837, 835, 836, 836, 835, 834, 835, 826, 834, 834, 826, 833, 826, 827, 833, 833, 827, 832, 827, 825, 832, 832, 825, 831, 825, 824, 831, 831, 824, 830, 824, 823, 830, 822, 830, 823, 829, 828, 802, 771, 802, 828, 774, 827, 758, 826, 758, 827, 819, 804, 825, 824, 825, 804, 804, 803, 824, 823, 824, 803, 823, 803, 822, 765, 822, 803, 750, 770, 816, 820, 816, 770, 812, 806, 821, 814, 821, 806, 819, 810, 804, 792, 804, 810, 814, 788, 821, 787, 821, 788, 767, 766, 777, 776, 777, 766, 761, 759, 769, 768, 769, 759, 809, 810, 813, 775, 813, 810, 797, 816, 795, 820, 795, 816, 790, 789, 764, 785, 764, 789, 751, 750, 817, 816, 817, 750, 810, 819, 775, 774, 775, 819, 815, 799, 814, 788, 814, 799, 803, 790, 765, 764, 765, 790, 780, 798, 811, 796, 811, 798, 808, 818, 798, 797, 798, 818, 818, 817, 797, 816, 797, 817, 777, 757, 801, 773, 801, 757, 807, 815, 806, 814, 806, 815, 813, 775, 805, 760, 805, 775, 763, 762, 812, 806, 812, 762, 755, 754, 793, 802, 793, 754, 780, 811, 778, 786, 778, 811, 810, 809, 792, 791, 792, 809, 781, 808, 780, 798, 780, 808, 784, 807, 762, 806, 762, 807, 782, 805, 761, 760, 761, 805, 804, 792, 803, 790, 803, 792, 793, 802, 752, 771, 752, 802, 783, 769, 800, 767, 800, 769, 794, 793, 753, 752, 753, 793, 801, 800, 777, 767, 777, 800, 799, 779, 788, 778, 788, 779, 798, 797, 796, 795, 796, 797, 772, 755, 794, 793, 794, 755, 792, 791, 790, 789, 790, 791, 788, 778, 787, 786, 787, 778, 785, 784, 764, 762, 764, 784, 783, 782, 769, 761, 769, 782, 781, 780, 779, 778, 779, 780, 777, 776, 757, 756, 757, 776, 775, 774, 760, 758, 760, 774, 757, 755, 773, 772, 773, 755, 752, 771, 750, 770, 750, 771, 769, 768, 767, 766, 767, 768, 765, 764, 763, 762, 763, 764, 761, 760, 759, 758, 759, 760, 757, 756, 755, 754, 755, 756, 753, 752, 751, 750, 751, 752, 891, 881, 860, 859, 860, 881, 871, 888, 869, 882, 869, 888, 854, 856, 874, 879, 874, 856, 884, 887, 865, 866, 865, 887, 892, 861, 893, 863, 893, 861, 876, 890, 870, 872, 870, 890, 853, 893, 852, 863, 852, 893, 892, 891, 861, 860, 861, 891, 872, 890, 873, 889, 873, 890, 873, 889, 871, 888, 871, 889, 887, 877, 866, 868, 866, 877, 886, 862, 849, 848, 849, 862, 886, 885, 862, 864, 862, 885, 885, 884, 864, 865, 864, 884, 883, 858, 875, 855, 875, 858, 847, 846, 883, 858, 883, 846, 869, 882, 867, 880, 867, 882, 857, 859, 878, 881, 878, 859, 851, 850, 880, 867, 880, 850, 856, 857, 879, 878, 879, 857, 877, 876, 868, 870, 868, 876, 875, 855, 874, 854, 874, 855, 873, 871, 872, 872, 871, 870, 871, 869, 870, 870, 869, 868, 869, 867, 868, 868, 867, 866, 867, 850, 866, 866, 850, 865, 850, 852, 865, 865, 852, 864, 852, 863, 864, 864, 863, 862, 863, 861, 862, 862, 861, 848, 861, 860, 848, 848, 860, 846, 860, 859, 846, 846, 859, 858, 859, 857, 858, 858, 857, 855, 857, 856, 855, 854, 855, 856, 853, 852, 851, 850, 851, 852, 849, 848, 847, 846, 847, 848, 941, 939, 940, 940, 939, 938, 939, 937, 938, 938, 937, 933, 937, 932, 933, 932, 936, 933, 936, 935, 933, 936, 932, 934, 935, 931, 933, 934, 932, 928, 933, 931, 929, 932, 926, 928, 931, 930, 929, 930, 925, 929, 929, 925, 924, 928, 926, 927, 927, 926, 920, 926, 918, 920, 925, 923, 924, 924, 923, 921, 923, 922, 921, 922, 917, 921, 921, 917, 915, 920, 918, 919, 919, 918, 914, 918, 913, 914, 917, 916, 915, 916, 909, 915, 915, 909, 907, 914, 913, 912, 913, 910, 912, 912, 910, 911, 911, 910, 906, 910, 904, 906, 909, 908, 907, 908, 903, 907, 907, 903, 899, 906, 904, 905, 905, 904, 902, 904, 900, 902, 903, 901, 899, 901, 902, 900, 901, 900, 899, 900, 897, 899, 899, 897, 898, 898, 897, 895, 897, 896, 895, 894, 895, 896, 794, 753, 772, 772, 753, 773, 753, 751, 773, 773, 751, 801, 751, 817, 801, 817, 965, 801, 965, 964, 801, 965, 817, 963, 964, 962, 801, 963, 817, 960, 801, 962, 800, 817, 818, 960, 962, 961, 800, 961, 958, 800, 800, 958, 783, 960, 818, 959, 959, 818, 955, 818, 808, 955, 958, 957, 783, 783, 957, 782, 957, 956, 782, 956, 953, 782, 782, 953, 805, 955, 808, 954, 954, 808, 951, 808, 781, 951, 953, 952, 805, 952, 948, 805, 805, 948, 813, 951, 781, 950, 781, 779, 950, 950, 779, 949, 949, 779, 946, 779, 799, 946, 948, 947, 813, 947, 944, 813, 813, 944, 809, 946, 799, 945, 945, 799, 943, 799, 815, 943, 942, 809, 944, 943, 815, 942, 942, 815, 809, 809, 815, 791, 815, 807, 791, 791, 807, 789, 807, 784, 789, 785, 789, 784, 968, 967, 966, 967, 968, 969, 972, 971, 970, 971, 972, 973, 976, 975, 974, 975, 976, 977, 980, 979, 978, 979, 980, 981, 984, 983, 982, 983, 984, 985, 987, 966, 986, 966, 987, 968, 971, 989, 988, 989, 971, 973, 990, 976, 974, 976, 990, 991, 992, 973, 972, 973, 992, 993, 996, 995, 994, 995, 996, 997, 998, 985, 977, 985, 998, 999, 1000, 980, 978, 980, 1000, 1001, 994, 1003, 1002, 1003, 994, 1004, 1007, 1006, 1005, 1006, 1007, 1008, 971, 1010, 1009, 1010, 971, 988, 1013, 1012, 1011, 1012, 1013, 1014, 995, 1004, 994, 1004, 995, 1015, 1016, 993, 983, 993, 1016, 1017, 1009, 969, 968, 969, 1009, 1010, 985, 1016, 983, 1016, 985, 999, 1018, 968, 987, 968, 1018, 1009, 1008, 1019, 1006, 1019, 1008, 1020, 1021, 977, 976, 977, 1021, 998, 1023, 978, 1022, 978, 1023, 1000, 1024, 996, 1014, 996, 1024, 997, 1025, 1008, 1007, 1008, 1025, 1026, 1027, 994, 1002, 994, 1027, 996, 970, 1009, 1018, 1009, 970, 971, 978, 1028, 1022, 1028, 978, 979, 991, 1021, 976, 1021, 991, 1029, 1031, 1022, 1030, 1022, 1031, 1023, 973, 1017, 989, 1017, 973, 993, 1033, 1013, 1032, 1013, 1033, 1034, 1034, 1014, 1013, 1014, 1034, 1024, 1014, 1027, 1012, 1027, 1014, 996, 1006, 981, 980, 981, 1006, 1019, 1015, 1030, 1004, 1030, 1015, 1031, 1035, 991, 990, 991, 1035, 1026, 966, 1033, 1032, 1033, 966, 967, 1005, 980, 1001, 980, 1005, 1006, 1032, 1011, 1036, 1011, 1032, 1013, 1026, 1029, 991, 1029, 1026, 1025, 975, 985, 984, 985, 975, 977, 982, 993, 992, 993, 982, 983, 1004, 1037, 1003, 1037, 1004, 1030, 1026, 1020, 1008, 1020, 1026, 1035, 1022, 1037, 1030, 1037, 1022, 1028, 986, 1032, 1036, 1032, 986, 966, 1019, 1038, 981, 1038, 1019, 1039, 1019, 1040, 1039, 1040, 1019, 1020, 1020, 1041, 1040, 1041, 1020, 1035, 1043, 974, 1042, 974, 1043, 990, 1044, 1018, 987, 1018, 1044, 1045, 1039, 1046, 1038, 1046, 1039, 1040, 1046, 1040, 1047, 1047, 1040, 1041, 1047, 1041, 1048, 1048, 1041, 1043, 1048, 1043, 1049, 1049, 1043, 1042, 1049, 1042, 1050, 1050, 1042, 1051, 1050, 1051, 1052, 1052, 1051, 1053, 1052, 1053, 1054, 1054, 1053, 1055, 1054, 1055, 1056, 1056, 1055, 1057, 1056, 1057, 1058, 1058, 1057, 1059, 1058, 1059, 1060, 1060, 1059, 1061, 1060, 1061, 1044, 1044, 1061, 1045, 1036, 1056, 1058, 1056, 1036, 1011, 1059, 970, 1061, 970, 1059, 972, 1060, 987, 986, 987, 1060, 1044, 1011, 1054, 1056, 1054, 1011, 1012, 1061, 1018, 1045, 1018, 1061, 970, 1012, 1052, 1054, 1052, 1012, 1027, 1027, 1050, 1052, 1050, 1027, 1002, 1058, 986, 1036, 986, 1058, 1060, 1002, 1049, 1050, 1049, 1002, 1003, 1003, 1048, 1049, 1048, 1003, 1037, 1028, 1048, 1037, 1048, 1028, 1047, 981, 1046, 979, 1046, 981, 1038, 1057, 972, 1059, 972, 1057, 992, 979, 1047, 1028, 1047, 979, 1046, 1042, 975, 1051, 975, 1042, 974, 1053, 982, 1055, 982, 1053, 984, 1051, 984, 1053, 984, 1051, 975, 1041, 990, 1043, 990, 1041, 1035, 1055, 992, 1057, 992, 1055, 982, 1064, 1063, 1062, 1063, 1064, 1065, 1068, 1067, 1066, 1067, 1068, 1069, 1072, 1071, 1070, 1071, 1072, 1073, 1071, 1073, 1074, 1074, 1073, 1075, 1074, 1075, 1062, 1062, 1075, 1076, 1062, 1076, 1064, 1064, 1076, 1077, 1064, 1077, 1078, 1078, 1077, 1079, 1078, 1079, 1080, 1080, 1079, 1068, 1080, 1068, 1081, 1081, 1068, 1066, 1081, 1066, 1082, 1082, 1066, 1083, 1082, 1083, 1084, 1084, 1083, 1085, 1084, 1085, 1086, 1086, 1085, 1087, 1086, 1087, 1088, 1088, 1087, 1089, 1071, 1090, 1070, 1090, 1071, 1091, 1092, 1084, 1086, 1084, 1092, 1093, 1073, 1095, 1094, 1095, 1073, 1072, 1066, 1096, 1083, 1096, 1066, 1067, 1075, 1094, 1097, 1094, 1075, 1073, 1098, 1083, 1096, 1083, 1098, 1085, 1062, 1099, 1074, 1099, 1062, 1063, 1074, 1091, 1071, 1091, 1074, 1099, 1100, 1080, 1081, 1080, 1100, 1101, 1101, 1078, 1080, 1078, 1101, 1102, 1078, 1065, 1064, 1065, 1078, 1102, 1093, 1082, 1084, 1082, 1093, 1103, 1105, 1087, 1104, 1087, 1105, 1089, 1106, 1089, 1105, 1089, 1106, 1088, 1107, 1077, 1076, 1077, 1107, 1108, 1109, 1068, 1079, 1068, 1109, 1069, 1106, 1086, 1088, 1086, 1106, 1092, 1077, 1109, 1079, 1109, 1077, 1108, 1103, 1081, 1082, 1081, 1103, 1100, 1072, 1090, 1095, 1090, 1072, 1070, 1104, 1085, 1098, 1085, 1104, 1087, 1097, 1076, 1075, 1076, 1097, 1107, 1112, 1111, 1110, 1111, 1112, 1113, 1111, 1113, 1114, 1114, 1113, 1115, 1115, 1113, 1116, 1115, 1116, 1117, 1116, 1118, 1117, 1115, 1117, 1119, 1118, 1116, 1120, 1118, 1120, 1121, 1121, 1120, 1122, 1115, 1119, 1123, 1123, 1119, 1124, 1123, 1124, 1125, 1122, 1120, 1126, 1122, 1126, 1127, 1127, 1126, 1128, 1128, 1126, 1129, 1128, 1129, 1130, 1123, 1125, 1131, 1131, 1125, 1132, 1131, 1132, 1133, 1130, 1129, 1134, 1130, 1134, 1135, 1135, 1134, 1136, 1131, 1133, 1137, 1137, 1133, 1138, 1137, 1138, 1139, 1137, 1139, 1140, 1140, 1139, 1141, 1136, 1134, 1142, 1136, 1142, 1143, 1143, 1142, 1144, 1140, 1141, 1145, 1145, 1141, 1146, 1145, 1146, 1147, 1144, 1142, 1148, 1145, 1147, 1149, 1144, 1148, 1150, 1149, 1147, 1151, 1150, 1148, 1152, 1149, 1151, 1152, 1149, 1152, 1148, 1149, 1148, 1153, 1149, 1153, 1154, 1154, 1153, 1155, 1154, 1155, 1156, 1156, 1155, 1157, 1000, 1005, 1001, 1005, 1000, 1023, 1005, 1023, 1007, 1007, 1023, 1031, 1007, 1031, 1025, 1025, 1031, 1158, 1158, 1031, 1159, 1160, 1025, 1158, 1159, 1031, 1015, 1159, 1015, 1161, 1161, 1015, 1162, 1025, 1160, 1029, 1029, 1160, 1163, 1029, 1163, 1164, 1162, 1015, 995, 1162, 995, 1165, 1165, 995, 1166, 1166, 995, 997, 1166, 997, 1167, 1029, 1164, 1021, 1021, 1164, 1168, 1021, 1168, 1169, 1167, 997, 1024, 1167, 1024, 1170, 1170, 1024, 1171, 1021, 1169, 998, 998, 1169, 1172, 998, 1172, 1173, 998, 1173, 999, 999, 1173, 1174, 1171, 1024, 1034, 1171, 1034, 1175, 1175, 1034, 1176, 999, 1174, 1016, 1016, 1174, 1177, 1016, 1177, 1178, 1176, 1034, 1033, 1016, 1178, 1017, 1176, 1033, 1179, 1017, 1178, 1180, 1179, 1033, 1181, 1017, 1180, 1181, 1017, 1181, 1033, 1017, 1033, 967, 1017, 967, 989, 989, 967, 969, 989, 969, 988, 988, 969, 1010, 1184, 1183, 1182, 1185, 1183, 1184, 1184, 1182, 1186, 1186, 1182, 1187, 1188, 1185, 1184, 1189, 1185, 1188, 1186, 1187, 1190, 1187, 1191, 1190, 1190, 1191, 1192, 1191, 1193, 1192, 1194, 1186, 1190, 1192, 1194, 1190, 1195, 1184, 1186, 1186, 1194, 1195, 1196, 1188, 1184, 1184, 1195, 1196, 1197, 1189, 1188, 1197, 1198, 1189, 1192, 1193, 1199, 1193, 1200, 1199, 1201, 1195, 1194, 1194, 1192, 1202, 1202, 1201, 1194, 1203, 1196, 1195, 1195, 1201, 1203, 1204, 1192, 1199, 1192, 1204, 1202, 1188, 1196, 1205, 1188, 1206, 1197, 1206, 1188, 1205, 1196, 1203, 1207, 1207, 1205, 1196, 1200, 1208, 1199, 1199, 1209, 1204, 1209, 1199, 1208, 1200, 1210, 1208, 1211, 1210, 1200, 1212, 1208, 1210, 1208, 1212, 1209, 1213, 1210, 1211, 1213, 1212, 1210, 1214, 1213, 1211, 1215, 1213, 1214, 1216, 1215, 1214, 1212, 1213, 1217, 1215, 1217, 1213, 1218, 1215, 1216, 1218, 1216, 1219, 1220, 1218, 1219, 1220, 1219, 1221, 1222, 1220, 1221, 1217, 1215, 1223, 1218, 1223, 1215, 1224, 1212, 1217, 1223, 1224, 1217, 1223, 1218, 1225, 1220, 1225, 1218, 1226, 1220, 1222, 1227, 1226, 1222, 1212, 1224, 1228, 1228, 1209, 1212, 1224, 1223, 1229, 1225, 1229, 1223, 1230, 1226, 1227, 1230, 1227, 1198, 1231, 1230, 1198, 1231, 1198, 1197, 1232, 1226, 1230, 1231, 1232, 1230, 1197, 1233, 1231, 1232, 1231, 1233, 1233, 1197, 1206, 1209, 1228, 1234, 1234, 1204, 1209, 1226, 1232, 1235, 1235, 1220, 1226, 1225, 1220, 1236, 1220, 1235, 1236, 1232, 1237, 1235, 1237, 1236, 1235, 1233, 1238, 1232, 1237, 1232, 1238, 1206, 1239, 1233, 1238, 1233, 1239, 1236, 1240, 1225, 1229, 1225, 1240, 1236, 1237, 1241, 1240, 1236, 1241, 1238, 1242, 1237, 1242, 1241, 1237, 1239, 1206, 1243, 1205, 1243, 1206, 1239, 1244, 1238, 1242, 1238, 1244, 1243, 1205, 1245, 1205, 1207, 1245, 1240, 1246, 1229, 1241, 1247, 1240, 1246, 1240, 1247, 1241, 1242, 1248, 1247, 1241, 1248, 1244, 1249, 1242, 1249, 1248, 1242, 1250, 1229, 1246, 1229, 1250, 1224, 1250, 1228, 1224, 1228, 1250, 1251, 1251, 1234, 1228, 1246, 1252, 1250, 1252, 1251, 1250, 1247, 1253, 1246, 1252, 1246, 1253, 1248, 1254, 1247, 1253, 1247, 1254, 1248, 1249, 1255, 1254, 1248, 1255, 1249, 1244, 1256, 1257, 1256, 1244, 1244, 1239, 1257, 1239, 1258, 1257, 1258, 1239, 1243, 1243, 1259, 1258, 1259, 1243, 1245, 1245, 1260, 1259, 1260, 1245, 1207, 1207, 1261, 1260, 1261, 1207, 1203, 1203, 1262, 1261, 1262, 1203, 1201, 1263, 1262, 1201, 1201, 1202, 1263, 1202, 1264, 1263, 1264, 1202, 1204, 1204, 1234, 1264, 1262, 1263, 1265, 1264, 1265, 1263, 1266, 1261, 1262, 1265, 1266, 1262, 1267, 1260, 1261, 1261, 1266, 1267, 1268, 1259, 1260, 1260, 1267, 1268, 1234, 1269, 1264, 1265, 1264, 1269, 1266, 1265, 1270, 1269, 1270, 1265, 1269, 1234, 1271, 1234, 1251, 1271, 1259, 1268, 1272, 1272, 1258, 1259, 1270, 1269, 1273, 1271, 1273, 1269, 1274, 1271, 1251, 1251, 1252, 1274, 1258, 1272, 1275, 1275, 1257, 1258, 1273, 1271, 1276, 1271, 1274, 1276, 1277, 1273, 1276, 1274, 1277, 1276, 1278, 1270, 1273, 1273, 1277, 1278, 1279, 1278, 1277, 1277, 1274, 1280, 1252, 1280, 1274, 1279, 1277, 1280, 1270, 1278, 1281, 1279, 1281, 1278, 1281, 1266, 1270, 1280, 1252, 1282, 1279, 1280, 1282, 1253, 1282, 1252, 1266, 1281, 1283, 1279, 1283, 1281, 1283, 1267, 1266, 1282, 1253, 1284, 1279, 1282, 1284, 1254, 1284, 1253, 1285, 1283, 1279, 1267, 1283, 1285, 1286, 1279, 1284, 1284, 1254, 1286, 1287, 1285, 1279, 1287, 1267, 1285, 1267, 1287, 1268, 1254, 1288, 1286, 1288, 1279, 1286, 1288, 1254, 1255, 1289, 1268, 1287, 1289, 1287, 1279, 1268, 1289, 1272, 1255, 1290, 1288, 1290, 1279, 1288, 1290, 1255, 1249, 1291, 1272, 1289, 1291, 1289, 1279, 1272, 1291, 1275, 1249, 1292, 1290, 1292, 1279, 1290, 1292, 1249, 1256, 1293, 1291, 1279, 1293, 1279, 1292, 1293, 1275, 1291, 1256, 1293, 1292, 1275, 1293, 1294, 1293, 1256, 1294, 1257, 1275, 1294, 1256, 1257, 1294, 1297, 1296, 1295, 1299, 1295, 1298, 1295, 1301, 1300, 1302, 1301, 1295, 1295, 1304, 1303, 1305, 1297, 1295, 1307, 1295, 1306, 1295, 1309, 1308, 1298, 1295, 1310, 1295, 1308, 1310, 1306, 1295, 1311, 1296, 1302, 1295, 1307, 1305, 1295, 1295, 1300, 1304, 1311, 1295, 1299, 1295, 1303, 1309, 1312, 1307, 1306, 1307, 1312, 1313, 1301, 1315, 1314, 1315, 1301, 1302, 1316, 1306, 1311, 1306, 1316, 1312, 1305, 1317, 1297, 1317, 1305, 1318, 1320, 1310, 1319, 1310, 1320, 1298, 1322, 1303, 1321, 1303, 1322, 1309, 1300, 1314, 1323, 1314, 1300, 1301, 1303, 1324, 1321, 1324, 1303, 1304, 1307, 1318, 1305, 1318, 1307, 1313, 1304, 1323, 1324, 1323, 1304, 1300, 1297, 1325, 1296, 1325, 1297, 1317, 1320, 1299, 1298, 1299, 1320, 1326, 1326, 1311, 1299, 1311, 1326, 1316, 1296, 1315, 1302, 1315, 1296, 1325, 1319, 1308, 1327, 1308, 1319, 1310, 1327, 1309, 1322, 1309, 1327, 1308, 1320, 1183, 1326, 1183, 1320, 1182, 1326, 1185, 1316, 1185, 1326, 1183, 1221, 1315, 1325, 1315, 1221, 1219, 1216, 1323, 1314, 1323, 1216, 1214, 1327, 1193, 1191, 1193, 1327, 1322, 1323, 1211, 1324, 1211, 1323, 1214, 1189, 1316, 1185, 1316, 1189, 1312, 1219, 1314, 1315, 1314, 1219, 1216, 1198, 1318, 1313, 1318, 1198, 1227, 1227, 1317, 1318, 1317, 1227, 1222, 1222, 1325, 1317, 1325, 1222, 1221, 1319, 1182, 1320, 1182, 1319, 1187, 1322, 1200, 1193, 1200, 1322, 1321, 1324, 1200, 1321, 1200, 1324, 1211, 1198, 1312, 1189, 1312, 1198, 1313, 1327, 1187, 1319, 1187, 1327, 1191, 1330, 1329, 1328, 1329, 1330, 1331, 1331, 1330, 1332, 1332, 1330, 1333, 1333, 1330, 1334, 1333, 1334, 1335, 1333, 1335, 1336, 1336, 1335, 1337, 1340, 1339, 1338, 1339, 1340, 1341, 1339, 1341, 1342, 1339, 1342, 1343, 1339, 1343, 1344, 1344, 1343, 1345, 1345, 1343, 1346, 1345, 1346, 1347, 1339, 1328, 1338, 1328, 1339, 1330, 1350, 1349, 1348, 1353, 1352, 1351, 1356, 1355, 1354, 1353, 1357, 1352, 1356, 1354, 1358, 1349, 1359, 1348, 1349, 1360, 1359, 1362, 1359, 1361, 1363, 1356, 1358, 1361, 1359, 1364, 1365, 1356, 1363, 1350, 1348, 1366, 1369, 1368, 1367, 1372, 1371, 1370, 1373, 1371, 1372, 1355, 1375, 1374, 1364, 1360, 1376, 1378, 1377, 1353, 1381, 1380, 1379, 1381, 1383, 1382, 1386, 1385, 1384, 1389, 1388, 1387, 1391, 1390, 1383, 1393, 1374, 1392, 1369, 1378, 1353, 1353, 1377, 1357, 1394, 1353, 1351, 1373, 1372, 1395, 1396, 1350, 1366, 1398, 1390, 1397, 1379, 1380, 1399, 1371, 1401, 1400, 1390, 1373, 1395, 1389, 1396, 1402, 1405, 1404, 1403, 1378, 1406, 1377, 1407, 1359, 1362, 1390, 1395, 1383, 1393, 1354, 1374, 1390, 1391, 1397, 1397, 1391, 1381, 1400, 1363, 1408, 1404, 1364, 1376, 1369, 1367, 1378, 1351, 1388, 1389, 1400, 1408, 1409, 1404, 1376, 1410, 1411, 1389, 1402, 1348, 1359, 1407, 1367, 1406, 1378, 1396, 1387, 1350, 1404, 1410, 1403, 1405, 1403, 1406, 1367, 1405, 1406, 1412, 1394, 1351, 1394, 1369, 1353, 1371, 1400, 1409, 1371, 1409, 1370, 1391, 1383, 1381, 1400, 1401, 1413, 1380, 1386, 1384, 1351, 1352, 1388, 1397, 1381, 1379, 1364, 1359, 1360, 1389, 1387, 1396, 1354, 1355, 1374, 1415, 1414, 1404, 1384, 1416, 1399, 1380, 1384, 1399, 1411, 1351, 1389, 1415, 1404, 1405, 1384, 1375, 1416, 1402, 1366, 1417, 1373, 1418, 1401, 1402, 1396, 1366, 1373, 1401, 1371, 1417, 1348, 1407, 1366, 1348, 1417, 1384, 1392, 1374, 1384, 1385, 1392, 1411, 1412, 1351, 1400, 1365, 1363, 1413, 1365, 1400, 1363, 1358, 1419, 1363, 1419, 1408, 1418, 1373, 1398, 1367, 1368, 1405, 1384, 1374, 1375, 1368, 1415, 1405, 1358, 1354, 1419, 1419, 1354, 1393, 1380, 1382, 1386, 1381, 1382, 1380, 1390, 1398, 1373, 1361, 1364, 1404, 1361, 1404, 1414, 1399, 1421, 1420, 1421, 1399, 1416, 1393, 1408, 1419, 1408, 1393, 1409, 1409, 1393, 1392, 1409, 1392, 1370, 1370, 1392, 1385, 1370, 1385, 1372, 1372, 1385, 1386, 1372, 1386, 1395, 1395, 1386, 1382, 1395, 1382, 1383, 1422, 1398, 1397, 1398, 1422, 1423, 1401, 1425, 1424, 1425, 1401, 1418, 1356, 1426, 1355, 1426, 1356, 1427, 1365, 1427, 1356, 1427, 1365, 1428, 1387, 1349, 1350, 1349, 1387, 1360, 1360, 1387, 1388, 1360, 1388, 1376, 1376, 1388, 1352, 1376, 1352, 1410, 1410, 1352, 1357, 1410, 1357, 1403, 1403, 1357, 1377, 1403, 1377, 1406, 1413, 1428, 1365, 1428, 1413, 1429, 1430, 1397, 1379, 1397, 1430, 1422, 1423, 1418, 1398, 1418, 1423, 1425, 1416, 1431, 1421, 1431, 1416, 1375, 1355, 1431, 1375, 1431, 1355, 1426, 1429, 1401, 1424, 1401, 1429, 1413, 1420, 1379, 1399, 1379, 1420, 1430, 1412, 1425, 1394, 1425, 1412, 1424, 1411, 1424, 1412, 1424, 1411, 1429, 1420, 1361, 1414, 1361, 1420, 1421, 1427, 1407, 1426, 1407, 1427, 1417, 1414, 1430, 1420, 1430, 1414, 1415, 1428, 1417, 1427, 1417, 1428, 1402, 1426, 1362, 1431, 1362, 1426, 1407, 1369, 1425, 1423, 1425, 1369, 1394, 1421, 1362, 1361, 1362, 1421, 1431, 1415, 1422, 1430, 1422, 1415, 1368, 1429, 1402, 1428, 1402, 1429, 1411, 1368, 1423, 1422, 1423, 1368, 1369, 1434, 1433, 1432, 1433, 1434, 1435, 1438, 1437, 1436, 1437, 1438, 1439, 1442, 1441, 1440, 1441, 1442, 1443, 1433, 1444, 1432, 1444, 1433, 1445, 1448, 1447, 1446, 1447, 1448, 1449, 1449, 1448, 1450, 1449, 1450, 1451, 1451, 1450, 1452, 1451, 1452, 1453, 1453, 1452, 1454, 1453, 1454, 1455, 1455, 1454, 1456, 1455, 1456, 1457, 1446, 1459, 1458, 1459, 1446, 1447, 1461, 1459, 1460, 1459, 1461, 1458, 1462, 1457, 1456, 1457, 1462, 1463, 1443, 1464, 1441, 1464, 1443, 1465, 1466, 1439, 1438, 1439, 1466, 1467, 1449, 1436, 1468, 1436, 1449, 1451, 1455, 1438, 1453, 1438, 1455, 1466, 1471, 1470, 1469, 1470, 1471, 1472, 1457, 1466, 1455, 1466, 1457, 1463, 1466, 1473, 1467, 1473, 1466, 1463, 1464, 1454, 1452, 1454, 1464, 1474, 1436, 1475, 1468, 1475, 1436, 1437, 1464, 1450, 1441, 1450, 1464, 1452, 1435, 1445, 1433, 1445, 1435, 1476, 1445, 1476, 1477, 1477, 1476, 1478, 1477, 1478, 1479, 1479, 1478, 1480, 1479, 1480, 1481, 1481, 1480, 1482, 1481, 1482, 1469, 1469, 1482, 1471, 1460, 1468, 1475, 1468, 1460, 1459, 1451, 1438, 1436, 1438, 1451, 1453, 1474, 1483, 1462, 1483, 1474, 1484, 1485, 1435, 1434, 1435, 1485, 1476, 1445, 1486, 1444, 1486, 1445, 1477, 1488, 1478, 1487, 1478, 1488, 1480, 1447, 1468, 1459, 1468, 1447, 1449, 1440, 1446, 1458, 1446, 1440, 1448, 1487, 1476, 1485, 1476, 1487, 1478, 1488, 1482, 1480, 1482, 1488, 1489, 1489, 1471, 1482, 1471, 1489, 1472, 1477, 1490, 1486, 1490, 1477, 1479, 1481, 1490, 1479, 1490, 1481, 1491, 1469, 1491, 1481, 1491, 1469, 1470, 1461, 1440, 1458, 1440, 1461, 1442, 1463, 1483, 1473, 1483, 1463, 1462, 1490, 1484, 1465, 1484, 1490, 1491, 1439, 1487, 1437, 1487, 1439, 1488, 1434, 1461, 1460, 1461, 1434, 1432, 1437, 1485, 1475, 1485, 1437, 1487, 1467, 1488, 1439, 1488, 1467, 1489, 1483, 1472, 1473, 1472, 1483, 1470, 1485, 1460, 1475, 1460, 1485, 1434, 1465, 1474, 1464, 1474, 1465, 1484, 1486, 1465, 1443, 1465, 1486, 1490, 1444, 1461, 1432, 1461, 1444, 1442, 1441, 1448, 1440, 1448, 1441, 1450, 1473, 1489, 1467, 1489, 1473, 1472, 1474, 1456, 1454, 1456, 1474, 1462, 1483, 1491, 1470, 1491, 1483, 1484, 1444, 1443, 1442, 1443, 1444, 1486, 1494, 1493, 1492, 1493, 1494, 1495, 1498, 1497, 1496, 1497, 1498, 1499, 1502, 1501, 1500, 1501, 1502, 1503, 1500, 1495, 1494, 1495, 1500, 1501, 1506, 1505, 1504, 1505, 1506, 1507, 1505, 1507, 1502, 1502, 1507, 1508, 1502, 1508, 1503, 1503, 1508, 1509, 1503, 1509, 1496, 1496, 1509, 1510, 1496, 1510, 1498, 1498, 1510, 1511, 1514, 1513, 1512, 1513, 1514, 1515, 1492, 1517, 1516, 1517, 1492, 1493, 1520, 1519, 1518, 1519, 1520, 1521, 1501, 1522, 1495, 1522, 1501, 1497, 1524, 1523, 1521, 1523, 1524, 1525, 1524, 1520, 1526, 1520, 1524, 1521, 1529, 1528, 1527, 1528, 1529, 1530, 1515, 1531, 1513, 1531, 1515, 1532, 1533, 1509, 1508, 1509, 1533, 1534, 1537, 1536, 1535, 1536, 1537, 1538, 1528, 1523, 1525, 1523, 1528, 1530, 1520, 1539, 1538, 1539, 1520, 1518, 1495, 1529, 1493, 1529, 1495, 1522, 1540, 1515, 1514, 1515, 1540, 1541, 1493, 1527, 1517, 1527, 1493, 1529, 1500, 1540, 1542, 1540, 1500, 1494, 1544, 1543, 1519, 1543, 1544, 1545, 1544, 1499, 1545, 1499, 1544, 1546, 1496, 1501, 1503, 1501, 1496, 1497, 1541, 1532, 1515, 1532, 1541, 1547, 1549, 1512, 1548, 1512, 1549, 1550, 1492, 1547, 1541, 1547, 1492, 1516, 1539, 1549, 1548, 1549, 1539, 1533, 1534, 1510, 1509, 1510, 1534, 1543, 1529, 1546, 1530, 1546, 1529, 1522, 1505, 1500, 1542, 1500, 1505, 1502, 1533, 1507, 1549, 1507, 1533, 1508, 1550, 1514, 1512, 1514, 1550, 1551, 1504, 1542, 1551, 1542, 1504, 1505, 1519, 1534, 1518, 1534, 1519, 1543, 1526, 1538, 1537, 1538, 1526, 1520, 1550, 1504, 1551, 1504, 1550, 1506, 1549, 1506, 1550, 1506, 1549, 1507, 1536, 1512, 1513, 1512, 1536, 1548, 1521, 1544, 1519, 1544, 1521, 1523, 1530, 1544, 1523, 1544, 1530, 1546, 1511, 1499, 1498, 1499, 1511, 1545, 1531, 1536, 1513, 1536, 1531, 1535, 1497, 1546, 1522, 1546, 1497, 1499, 1547, 1531, 1532, 1531, 1547, 1516, 1531, 1516, 1535, 1535, 1516, 1517, 1535, 1517, 1537, 1537, 1517, 1527, 1537, 1527, 1526, 1526, 1527, 1528, 1526, 1528, 1524, 1524, 1528, 1525, 1543, 1511, 1510, 1511, 1543, 1545, 1518, 1533, 1539, 1533, 1518, 1534, 1542, 1514, 1551, 1514, 1542, 1540, 1540, 1492, 1541, 1492, 1540, 1494, 1538, 1548, 1536, 1548, 1538, 1539, 1599, 1598, 1608, 1596, 1608, 1598, 1554, 1600, 1552, 1601, 1552, 1600, 1600, 1602, 1574, 1611, 1574, 1602, 1594, 1578, 1593, 1599, 1593, 1578, 1605, 1603, 1571, 1570, 1571, 1603, 1585, 1588, 1584, 1584, 1588, 1586, 1588, 1587, 1586, 1586, 1587, 1597, 1587, 1577, 1597, 1597, 1577, 1595, 1577, 1576, 1595, 1595, 1576, 1591, 1576, 1607, 1591, 1592, 1591, 1607, 1559, 1557, 1606, 1582, 1606, 1557, 1595, 1591, 1596, 1573, 1596, 1591, 1605, 1571, 1559, 1558, 1559, 1571, 1606, 1590, 1604, 1583, 1604, 1590, 1583, 1581, 1604, 1579, 1604, 1581, 1608, 1596, 1572, 1573, 1572, 1596, 1567, 1609, 1566, 1610, 1566, 1609, 1566, 1610, 1564, 1611, 1564, 1610, 1580, 1586, 1598, 1597, 1598, 1586, 1603, 1579, 1594, 1578, 1594, 1579, 1565, 1564, 1602, 1611, 1602, 1564, 1611, 1610, 1574, 1572, 1574, 1610, 1568, 1593, 1567, 1609, 1567, 1593, 1562, 1565, 1560, 1602, 1560, 1565, 1582, 1589, 1606, 1590, 1606, 1589, 1603, 1594, 1570, 1569, 1570, 1594, 1593, 1599, 1609, 1608, 1609, 1599, 1576, 1552, 1607, 1601, 1607, 1552, 1610, 1609, 1572, 1608, 1572, 1609, 1607, 1601, 1592, 1575, 1592, 1601, 1557, 1556, 1561, 1563, 1561, 1556, 1606, 1604, 1559, 1605, 1559, 1604, 1605, 1604, 1603, 1579, 1603, 1604, 1554, 1560, 1600, 1602, 1600, 1560, 1589, 1553, 1587, 1577, 1587, 1553, 1601, 1600, 1575, 1574, 1575, 1600, 1582, 1555, 1589, 1553, 1589, 1555, 1578, 1580, 1599, 1598, 1599, 1580, 1590, 1588, 1583, 1585, 1583, 1588, 1598, 1597, 1596, 1595, 1596, 1597, 1594, 1593, 1569, 1568, 1569, 1593, 1592, 1575, 1591, 1573, 1591, 1575, 1590, 1589, 1588, 1587, 1588, 1589, 1581, 1584, 1580, 1586, 1580, 1584, 1585, 1584, 1583, 1581, 1583, 1584, 1557, 1561, 1582, 1555, 1582, 1561, 1581, 1580, 1579, 1578, 1579, 1580, 1553, 1552, 1577, 1576, 1577, 1552, 1575, 1574, 1573, 1572, 1573, 1574, 1571, 1570, 1558, 1558, 1570, 1556, 1570, 1569, 1556, 1556, 1569, 1563, 1569, 1568, 1563, 1563, 1568, 1562, 1568, 1567, 1562, 1562, 1567, 1565, 1567, 1566, 1565, 1564, 1565, 1566, 1561, 1560, 1555, 1554, 1555, 1560, 1563, 1562, 1561, 1560, 1561, 1562, 1559, 1558, 1557, 1556, 1557, 1558, 1555, 1554, 1553, 1552, 1553, 1554]
        point3f[] points = [(-0.423672, 0.13519, 0.0947643), (-0.29835, 0.13519, 0.0947643), (-0.423672, 0.197589, 0.0947643), (-0.29835, 0.316452, 0.0947643), (-0.349382, 0.316452, 0.0947643), (-0.29835, 0.13519, -0.131638), (-0.423672, 0.13519, -0.131638), (-0.29835, 0.316452, -0.131638), (-0.423672, 0.197589, -0.131638), (-0.349382, 0.316452, -0.131638), (-0.466172, 0.209777, -0.0891385), (-0.466172, 0.13519, -0.0891385), (-0.466172, 0.209777, 0.0522643), (-0.466172, 0.13519, 0.0522643), (-0.372937, 0.358952, -0.0891385), (-0.372937, 0.358952, 0.0522643), (-0.366038, 0.346504, 0.0823163), (-0.29835, 0.358952, 0.0522643), (-0.29835, 0.346504, 0.0823163), (-0.453724, 0.206207, 0.0823163), (-0.453724, 0.13519, 0.0823163), (-0.453724, 0.13519, -0.119191), (-0.29835, 0.358952, -0.0891385), (-0.366038, 0.346504, -0.119191), (-0.29835, 0.346504, -0.119191), (-0.453724, 0.206207, -0.119191), (0.466172, 0.209777, 0.589483), (0.466172, 0.13519, 0.589483), (0.466172, 0.209777, 0.615557), (0.466172, 0.13519, 0.615557), (-0.466172, 0.13519, 0.589483), (-0.466172, 0.13519, 0.615557), (-0.453724, 0.13519, 0.559431), (-0.423672, 0.13519, 0.546983), (-0.29835, 0.13519, 0.546983), (-0.29835, 0.13519, 0.615557), (-0.29835, 0.13519, 0.783378), (0.29835, 0.13519, 0.615557), (0.29835, 0.13519, 0.783378), (0.29835, 0.13519, 0.546983), (0.423672, 0.13519, 0.546983), (0.453724, 0.13519, 0.559431), (0.29835, 0.316452, 0.546983), (0.423672, 0.197589, 0.546983), (0.349382, 0.316452, 0.546983), (0.372937, 0.358952, 0.589483), (0.372937, 0.358952, 0.615557), (0.29835, 0.209777, 0.783378), (-0.29835, 0.209777, 0.783378), (-0.29835, 0.358952, 0.615557), (0.29835, 0.358952, 0.615557), (0.29835, 0.358952, 0.690144), (-0.29835, 0.358952, 0.690144), (-0.423672, 0.197589, 0.546983), (-0.29835, 0.316452, 0.546983), (-0.349382, 0.316452, 0.546983), (-0.466172, 0.209777, 0.615557), (-0.372937, 0.358952, 0.615557), (-0.29835, 0.358952, 0.589483), (-0.372937, 0.358952, 0.589483), (0.29835, 0.358952, 0.589483), (0.453724, 0.206207, 0.559431), (0.366038, 0.346504, 0.559431), (0.29835, 0.346504, 0.559431), (-0.466172, 0.209777, 0.589483), (-0.29835, 0.346504, 0.559431), (-0.366038, 0.346504, 0.559431), (-0.453724, 0.206207, 0.559431), (0.149175, 0.260695, -0.27083), (0.149175, 0.194691, -0.517157), (-0.149175, 0.260695, -0.27083), (-0.149175, 0.194691, -0.517157), (-0.149175, 0.226716, -0.561848), (-0.149175, 0.299637, -0.566627), (-0.149175, 0.199426, -0.547584), (-0.149175, 0.40987, -0.529208), (-0.149175, 0.497392, -0.452454), (-0.149175, 0.529713, -0.386912), (-0.149175, 0.531006, -0.356146), (-0.149175, 0.507023, -0.336833), (0.149175, 0.226716, -0.561848), (0.149175, 0.199426, -0.547584), (0.149175, 0.299637, -0.566627), (0.149175, 0.40987, -0.529208), (0.149175, 0.497392, -0.452454), (0.149175, 0.529713, -0.386912), (0.149175, 0.531006, -0.356146), (0.149175, 0.507023, -0.336833), (0.423672, 0.13519, 0.0947643), (0.29835, 0.13519, 0.0947643), (0.423672, 0.197589, 0.0947643), (0.29835, 0.316452, 0.0947643), (0.349382, 0.316452, 0.0947643), (0.29835, 0.13519, -0.131638), (0.423672, 0.13519, -0.131638), (0.29835, 0.316452, -0.131638), (0.423672, 0.197589, -0.131638), (0.349382, 0.316452, -0.131638), (0.466172, 0.209777, -0.0891385), (0.466172, 0.13519, -0.0891385), (0.466172, 0.209777, 0.0522643), (0.466172, 0.13519, 0.0522643), (0.372937, 0.358952, -0.0891385), (0.372937, 0.358952, 0.0522643), (0.366038, 0.346504, 0.0823163), (0.29835, 0.358952, 0.0522643), (0.29835, 0.346504, 0.0823163), (0.453724, 0.206207, 0.0823163), (0.453724, 0.13519, 0.0823163), (0.453724, 0.13519, -0.119191), (0.29835, 0.358952, -0.0891385), (0.366038, 0.346504, -0.119191), (0.29835, 0.346504, -0.119191), (0.453724, 0.206207, -0.119191), (0.292092, 0.503283, -0.528638), (0.271545, 0.326681, -0.322978), (0.320395, 0.5516, -0.480322), (0.291338, 0.360469, -0.289191), (0.155433, 0.503283, -0.528638), (0.12713, 0.5516, -0.480322), (0.17598, 0.326681, -0.322978), (0.156188, 0.360469, -0.289191), (0.223763, 0.408251, -0.241408), (0.223763, 0.619929, -0.411992), (0.271545, 0.394256, -0.255403), (0.292092, 0.599916, -0.432006), (0.17598, 0.394256, -0.255403), (0.155433, 0.599916, -0.432006), (0.223763, 0.312686, -0.336974), (0.223763, 0.48327, -0.548651), (0.26223, 0.360469, -0.289191), (0.250963, 0.379702, -0.269957), (0.250963, 0.341235, -0.308424), (0.223763, 0.387669, -0.261991), (0.223763, 0.333268, -0.316391), (0.196562, 0.341235, -0.308424), (0.196562, 0.379702, -0.269957), (0.185295, 0.360469, -0.289191), (0.254536, 0.199602, -0.128324), (0.245523, 0.184215, -0.143711), (0.245523, 0.214989, -0.112937), (0.223763, 0.177842, -0.150084), (0.223763, 0.221362, -0.106564), (0.202002, 0.214989, -0.112937), (0.202002, 0.184215, -0.143711), (0.192989, 0.199602, -0.128324), (-0.155433, 0.503283, -0.528638), (-0.17598, 0.326681, -0.322978), (-0.12713, 0.5516, -0.480322), (-0.156188, 0.360469, -0.289191), (-0.292092, 0.503283, -0.528638), (-0.320395, 0.5516, -0.480322), (-0.271545, 0.326681, -0.322978), (-0.291338, 0.360469, -0.289191), (-0.223763, 0.408251, -0.241408), (-0.223763, 0.619929, -0.411992), (-0.17598, 0.394256, -0.255403), (-0.155433, 0.599916, -0.432006), (-0.271545, 0.394256, -0.255403), (-0.292092, 0.599916, -0.432006), (-0.223763, 0.312686, -0.336974), (-0.223763, 0.48327, -0.548651), (-0.192989, 0.199602, -0.128324), (-0.202002, 0.184215, -0.143711), (-0.202002, 0.214989, -0.112937), (-0.223763, 0.221362, -0.106564), (-0.223763, 0.177842, -0.150084), (-0.245523, 0.214989, -0.112937), (-0.245523, 0.184215, -0.143711), (-0.254536, 0.199602, -0.128324), (-0.185295, 0.360469, -0.289191), (-0.196562, 0.379702, -0.269957), (-0.196562, 0.341235, -0.308424), (-0.223763, 0.387669, -0.261991), (-0.223763, 0.333268, -0.316391), (-0.250963, 0.341235, -0.308424), (-0.250963, 0.379702, -0.269957), (-0.26223, 0.360469, -0.289191), (-0.277372, 0.172484, -0.397901), (-0.277372, 0.247071, -0.397901), (-0.277372, 0.172484, -0.323313), (-0.277372, 0.247071, -0.323313), (0.277372, 0.172484, -0.397901), (0.277372, 0.247071, -0.397901), (0.277372, 0.247071, -0.323313), (0.277372, 0.172484, -0.323313), (-0.277372, 0.172484, 0.286439), (-0.277372, 0.247071, 0.286439), (-0.277372, 0.172484, 0.361027), (-0.277372, 0.247071, 0.361027), (0.277372, 0.172484, 0.286439), (0.277372, 0.247071, 0.286439), (0.277372, 0.247071, 0.361027), (0.277372, 0.172484, 0.361027), (0.223763, 0.209777, -0.174139), (0.149175, 0.209777, -0.174139), (0.223763, 0.209777, 0.615557), (0.149175, 0.209777, 0.615557), (0.149175, 0.284365, -0.174139), (0.149175, 0.284365, 0.615557), (0.223763, 0.284365, 0.615557), (0.223763, 0.284365, -0.174139), (-0.29835, 0.172484, -0.216639), (-0.29835, 0.247071, -0.216639), (-0.29835, 0.172484, 0.0947643), (-0.29835, 0.247071, 0.0947643), (0.29835, 0.172484, -0.216639), (0.29835, 0.247071, -0.216639), (0.25585, 0.172484, 0.137264), (-0.25585, 0.172484, 0.137264), (0.25585, 0.247071, 0.137264), (-0.25585, 0.247071, 0.137264), (0.29835, 0.247071, 0.0947643), (0.29835, 0.172484, 0.0947643), (0.285902, 0.172484, 0.124816), (0.285902, 0.247071, 0.124816), (-0.285902, 0.172484, 0.124816), (-0.285902, 0.247071, 0.124816), (-0.223763, 0.209777, -0.174139), (-0.149175, 0.209777, -0.174139), (-0.223763, 0.284365, -0.174139), (-0.149175, 0.284365, -0.174139), (-0.149175, 0.209777, 0.615557), (-0.223763, 0.209777, 0.615557), (-0.149175, 0.284365, 0.615557), (-0.223763, 0.284365, 0.615557), (0.29835, 0.081302, 0.783378), (0.21335, 0.081302, 0.783378), (0.29835, 0.154914, 0.825878), (0.21335, 0.154914, 0.825878), (0.21335, 0.123802, 0.709766), (0.29835, 0.123802, 0.709766), (0.21335, 0.17769, 0.740878), (0.29835, 0.17769, 0.740878), (0.21335, 0.217139, 0.740878), (0.21335, 0.313526, 0.783378), (0.21335, 0.271026, 0.709766), (0.21335, 0.239914, 0.825878), (0.29835, 0.271026, 0.709766), (0.29835, 0.313526, 0.783378), (0.29835, 0.239914, 0.825878), (0.29835, 0.217139, 0.740878), (-0.21335, 0.081302, 0.783378), (-0.29835, 0.081302, 0.783378), (-0.21335, 0.154914, 0.825878), (-0.29835, 0.154914, 0.825878), (-0.29835, 0.123802, 0.709766), (-0.21335, 0.123802, 0.709766), (-0.29835, 0.17769, 0.740878), (-0.21335, 0.17769, 0.740878), (-0.29835, 0.217139, 0.740878), (-0.29835, 0.313526, 0.783378), (-0.29835, 0.271026, 0.709766), (-0.29835, 0.239914, 0.825878), (-0.21335, 0.271026, 0.709766), (-0.21335, 0.313526, 0.783378), (-0.21335, 0.239914, 0.825878), (-0.21335, 0.217139, 0.740878), (0.223763, 0.284365, 0.576882), (0.223763, 0.284365, -0.318168), (-0.223763, 0.284365, 0.576882), (-0.223763, 0.284365, -0.318168), (-0.223763, 0.43354, -0.318168), (-0.223763, 0.392664, 0.30817), (-0.223763, 0.458964, 0.35237), (-0.223763, 0.287917, 0.580433), (-0.149175, 0.43354, -0.318168), (-0.149175, 0.358952, -0.318168), (0.149175, 0.358952, -0.318168), (0.223763, 0.43354, -0.318168), (0.149175, 0.43354, -0.318168), (0.149175, 0.318077, 0.258445), (-0.149175, 0.318077, 0.258445), (0.223763, 0.392664, 0.30817), (0.149175, 0.392664, 0.30817), (-0.149175, 0.392664, 0.30817), (0.223763, 0.458964, 0.35237), (0.223763, 0.287917, 0.580433), (-0.194634, 0.517566, 0.391437), (-0.194634, 0.338146, 0.630663), (-0.124313, 0.541839, 0.40762), (-0.124313, 0.358952, 0.651469), (0.194634, 0.517566, 0.391437), (0.194634, 0.338146, 0.630663), (0.124313, 0.541839, 0.40762), (0.124313, 0.358952, 0.651469), (0.294304, 0.623274, -0.551996), (0.273643, 0.658544, -0.516725), (0.273643, 0.588003, -0.587267), (0.223763, 0.573393, -0.601876), (0.223763, 0.673154, -0.502116), (0.173882, 0.588003, -0.587267), (0.173882, 0.658544, -0.516725), (0.153221, 0.623274, -0.551996), (-0.153221, 0.623274, -0.551996), (-0.173882, 0.658544, -0.516725), (-0.173882, 0.588003, -0.587267), (-0.223763, 0.573393, -0.601876), (-0.223763, 0.673154, -0.502116), (-0.273643, 0.588003, -0.587267), (-0.273643, 0.658544, -0.516725), (-0.294304, 0.623274, -0.551996), (0.12713, 0.599382, -0.528104), (0.155433, 0.647698, -0.479788), (0.155433, 0.551066, -0.576421), (0.223763, 0.667712, -0.459775), (0.223763, 0.531053, -0.596434), (0.292092, 0.551066, -0.576421), (0.292092, 0.647698, -0.479788), (0.320395, 0.599382, -0.528104), (-0.320395, 0.599382, -0.528104), (-0.292092, 0.647698, -0.479788), (-0.292092, 0.551066, -0.576421), (-0.223763, 0.667712, -0.459775), (-0.223763, 0.531053, -0.596434), (-0.155433, 0.551066, -0.576421), (-0.155433, 0.647698, -0.479788), (-0.12713, 0.599382, -0.528104), (-0.417224, 0.104889, 0.142061), (-0.48715, 0.120622, 0.169311), (-0.417224, 0.155483, 0.121104), (-0.48715, 0.163627, 0.151498), (-0.347298, 0.264072, 0.121104), (-0.417224, 0.264072, 0.121104), (-0.347298, 0.314666, 0.142061), (-0.417224, 0.314666, 0.142061), (-0.347298, 0.412407, 0.378027), (-0.347298, 0.419555, 0.323733), (-0.417224, 0.412407, 0.378027), (-0.417224, 0.419555, 0.323733), (-0.417224, 0.155483, 0.526362), (-0.347298, 0.155483, 0.526362), (-0.417224, 0.209777, 0.53351), (-0.347298, 0.209777, 0.53351), (-0.347298, 0.39145, 0.218844), (-0.417224, 0.39145, 0.218844), (-0.347298, 0.412407, 0.269439), (-0.417224, 0.412407, 0.269439), (-0.347298, 0.104889, 0.142061), (-0.347298, 0.155483, 0.121104), (-0.48715, 0.255928, 0.151498), (-0.48715, 0.298933, 0.169311), (-0.347298, 0.39145, 0.428622), (-0.417224, 0.39145, 0.428622), (-0.347298, 0.358112, 0.175398), (-0.417224, 0.358112, 0.175398), (-0.417224, 0.00714798, 0.378027), (-0.48715, 0.0375424, 0.369883), (-0.417224, 0, 0.323733), (-0.48715, 0.0314666, 0.323733), (-0.48715, 0.388088, 0.323733), (-0.48715, 0.382012, 0.277583), (-0.48715, 0.163627, 0.495968), (-0.48715, 0.209777, 0.502044), (-0.347298, 0.00714798, 0.378027), (-0.347298, 0.0281048, 0.428622), (-0.417224, 0.0281048, 0.428622), (-0.48715, 0.255928, 0.495968), (-0.417224, 0.264072, 0.526362), (-0.48715, 0.298933, 0.478155), (-0.417224, 0.314666, 0.505405), (-0.417224, 0.209777, 0.113956), (-0.48715, 0.209777, 0.145422), (-0.347298, 0.0281048, 0.218844), (-0.347298, 0.00714798, 0.269439), (-0.417224, 0.0281048, 0.218844), (-0.417224, 0.00714798, 0.269439), (-0.48715, 0.0553557, 0.412888), (-0.48715, 0.364199, 0.234578), (-0.48715, 0.335862, 0.197648), (-0.347298, 0.209777, 0.113956), (-0.347298, 0.264072, 0.526362), (-0.347298, 0.314666, 0.505405), (-0.48715, 0.382012, 0.369883), (-0.417224, 0.104889, 0.505405), (-0.48715, 0.120622, 0.478155), (-0.48715, 0.0375424, 0.277583), (-0.48715, 0.335862, 0.449818), (-0.417224, 0.358112, 0.472068), (-0.347298, 0, 0.323733), (-0.347298, 0.104889, 0.505405), (-0.48715, 0.364199, 0.412888), (-0.417224, 0.0614424, 0.472068), (-0.48715, 0.0836926, 0.449818), (-0.417224, 0.0614424, 0.175398), (-0.48715, 0.0836926, 0.197648), (-0.48715, 0.0553557, 0.234578), (-0.347298, 0.358112, 0.472068), (-0.347298, 0.0614424, 0.175398), (-0.347298, 0.0614424, 0.472068), (-0.277372, 0.209777, 0.502044), (-0.277372, 0.255928, 0.495968), (-0.277372, 0.298933, 0.478155), (-0.277372, 0.335862, 0.449818), (-0.277372, 0.382012, 0.369883), (-0.277372, 0.364199, 0.412888), (-0.277372, 0.163627, 0.151498), (-0.277372, 0.209777, 0.145422), (-0.277372, 0.163627, 0.495968), (-0.277372, 0.120622, 0.478155), (-0.277372, 0.0836926, 0.449818), (-0.277372, 0.0553557, 0.412888), (-0.277372, 0.0375424, 0.369883), (-0.277372, 0.388088, 0.323733), (-0.277372, 0.0314666, 0.323733), (-0.277372, 0.382012, 0.277583), (-0.277372, 0.0375424, 0.277583), (-0.277372, 0.364199, 0.234578), (-0.277372, 0.0553557, 0.234578), (-0.277372, 0.335862, 0.197648), (-0.277372, 0.0836926, 0.197648), (-0.277372, 0.298933, 0.169311), (-0.277372, 0.120622, 0.169311), (-0.277372, 0.255928, 0.151498), (-0.417224, 0.250393, 0.364349), (-0.48715, 0.263932, 0.377888), (-0.417224, 0.259522, 0.352453), (-0.48715, 0.276103, 0.362026), (-0.417224, 0.160033, 0.295013), (-0.48715, 0.143452, 0.28544), (-0.417224, 0.154295, 0.308866), (-0.48715, 0.1358, 0.303911), (-0.417224, 0.209777, 0.381173), (-0.417224, 0.224644, 0.379216), (-0.417224, 0.194911, 0.379216), (-0.417224, 0.181057, 0.373477), (-0.417224, 0.238497, 0.373477), (-0.417224, 0.169161, 0.364349), (-0.417224, 0.160033, 0.352453), (-0.417224, 0.154295, 0.3386), (-0.417224, 0.26526, 0.3386), (-0.417224, 0.152337, 0.323733), (-0.417224, 0.267217, 0.323733), (-0.417224, 0.26526, 0.308866), (-0.417224, 0.259522, 0.295013), (-0.417224, 0.169161, 0.283117), (-0.417224, 0.250393, 0.283117), (-0.417224, 0.181057, 0.273989), (-0.417224, 0.238497, 0.273989), (-0.417224, 0.194911, 0.26825), (-0.417224, 0.224644, 0.26825), (-0.417224, 0.209777, 0.266293), (-0.48715, 0.209777, 0.400319), (-0.48715, 0.229599, 0.39771), (-0.48715, 0.248071, 0.257407), (-0.48715, 0.263932, 0.269578), (-0.48715, 0.171484, 0.390059), (-0.48715, 0.189955, 0.39771), (-0.48715, 0.155622, 0.269578), (-0.48715, 0.155622, 0.377888), (-0.48715, 0.171484, 0.257407), (-0.48715, 0.248071, 0.390059), (-0.48715, 0.283754, 0.303911), (-0.48715, 0.286364, 0.323733), (-0.48715, 0.283754, 0.343555), (-0.48715, 0.276103, 0.28544), (-0.48715, 0.189955, 0.249756), (-0.48715, 0.209777, 0.247146), (-0.48715, 0.229599, 0.249756), (-0.48715, 0.143452, 0.362026), (-0.48715, 0.1358, 0.343555), (-0.48715, 0.133191, 0.323733), (-0.48715, 0.209777, 0.208439), (-0.48715, 0.179937, 0.212368), (-0.48715, 0.239618, 0.212368), (-0.48715, 0.267424, 0.223886), (-0.48715, 0.152131, 0.223886), (-0.48715, 0.128252, 0.242208), (-0.48715, 0.291302, 0.242208), (-0.48715, 0.209777, 0.247146), (-0.48715, 0.229599, 0.249756), (-0.48715, 0.189955, 0.249756), (-0.48715, 0.309625, 0.266086), (-0.48715, 0.248071, 0.257407), (-0.48715, 0.263932, 0.269578), (-0.48715, 0.10993, 0.266086), (-0.48715, 0.171484, 0.257407), (-0.48715, 0.155622, 0.269578), (-0.48715, 0.321143, 0.293893), (-0.48715, 0.276103, 0.28544), (-0.48715, 0.283754, 0.303911), (-0.48715, 0.325071, 0.323733), (-0.48715, 0.286364, 0.323733), (-0.48715, 0.0984121, 0.293893), (-0.48715, 0.143452, 0.28544), (-0.48715, 0.1358, 0.303911), (-0.48715, 0.321143, 0.353573), (-0.48715, 0.283754, 0.343555), (-0.48715, 0.276103, 0.362026), (-0.48715, 0.0944836, 0.323733), (-0.48715, 0.133191, 0.323733), (-0.48715, 0.1358, 0.343555), (-0.48715, 0.0984121, 0.353573), (-0.48715, 0.143452, 0.362026), (-0.48715, 0.309625, 0.38138), (-0.48715, 0.263932, 0.377888), (-0.48715, 0.248071, 0.390059), (-0.48715, 0.10993, 0.38138), (-0.48715, 0.155622, 0.377888), (-0.48715, 0.171484, 0.390059), (-0.48715, 0.291302, 0.405258), (-0.48715, 0.128252, 0.405258), (-0.48715, 0.229599, 0.39771), (-0.48715, 0.189955, 0.39771), (-0.48715, 0.209777, 0.400319), (-0.48715, 0.267424, 0.42358), (-0.48715, 0.152131, 0.42358), (-0.48715, 0.239618, 0.435098), (-0.48715, 0.179937, 0.435098), (-0.48715, 0.209777, 0.439027), (-0.48715, 0.209777, 0.439027), (-0.48715, 0.179937, 0.435098), (-0.48715, 0.239618, 0.435098), (-0.48715, 0.152131, 0.42358), (-0.48715, 0.128252, 0.405258), (-0.48715, 0.267424, 0.42358), (-0.48715, 0.291302, 0.405258), (-0.48715, 0.10993, 0.38138), (-0.48715, 0.0984121, 0.353573), (-0.48715, 0.0944836, 0.323733), (-0.48715, 0.309625, 0.38138), (-0.48715, 0.321143, 0.353573), (-0.48715, 0.0984121, 0.293893), (-0.48715, 0.10993, 0.266086), (-0.48715, 0.325071, 0.323733), (-0.48715, 0.321143, 0.293893), (-0.48715, 0.309625, 0.266086), (-0.48715, 0.128252, 0.242208), (-0.48715, 0.152131, 0.223886), (-0.48715, 0.291302, 0.242208), (-0.48715, 0.267424, 0.223886), (-0.48715, 0.179937, 0.212368), (-0.48715, 0.239618, 0.212368), (-0.48715, 0.209777, 0.208439), (0.417224, 0.104889, 0.142061), (0.48715, 0.120622, 0.169311), (0.417224, 0.155483, 0.121104), (0.48715, 0.163627, 0.151498), (0.347298, 0.264072, 0.121104), (0.417224, 0.264072, 0.121104), (0.347298, 0.314666, 0.142061), (0.417224, 0.314666, 0.142061), (0.347298, 0.412407, 0.378027), (0.347298, 0.419555, 0.323733), (0.417224, 0.412407, 0.378027), (0.417224, 0.419555, 0.323733), (0.417224, 0.155483, 0.526362), (0.347298, 0.155483, 0.526362), (0.417224, 0.209777, 0.53351), (0.347298, 0.209777, 0.53351), (0.347298, 0.39145, 0.218844), (0.417224, 0.39145, 0.218844), (0.347298, 0.412407, 0.269439), (0.417224, 0.412407, 0.269439), (0.347298, 0.104889, 0.142061), (0.347298, 0.155483, 0.121104), (0.48715, 0.255928, 0.151498), (0.48715, 0.298933, 0.169311), (0.347298, 0.39145, 0.428622), (0.417224, 0.39145, 0.428622), (0.347298, 0.358112, 0.175398), (0.417224, 0.358112, 0.175398), (0.417224, 0.00714798, 0.378027), (0.48715, 0.0375424, 0.369883), (0.417224, 0, 0.323733), (0.48715, 0.0314666, 0.323733), (0.48715, 0.388088, 0.323733), (0.48715, 0.382012, 0.277583), (0.48715, 0.163627, 0.495968), (0.48715, 0.209777, 0.502044), (0.347298, 0.00714798, 0.378027), (0.347298, 0.0281048, 0.428622), (0.417224, 0.0281048, 0.428622), (0.48715, 0.255928, 0.495968), (0.417224, 0.264072, 0.526362), (0.48715, 0.298933, 0.478155), (0.417224, 0.314666, 0.505405), (0.417224, 0.209777, 0.113956), (0.48715, 0.209777, 0.145422), (0.347298, 0.0281048, 0.218844), (0.347298, 0.00714798, 0.269439), (0.417224, 0.0281048, 0.218844), (0.417224, 0.00714798, 0.269439), (0.48715, 0.0553557, 0.412888), (0.48715, 0.364199, 0.234578), (0.48715, 0.335862, 0.197648), (0.347298, 0.209777, 0.113956), (0.347298, 0.264072, 0.526362), (0.347298, 0.314666, 0.505405), (0.48715, 0.382012, 0.369883), (0.417224, 0.104889, 0.505405), (0.48715, 0.120622, 0.478155), (0.48715, 0.0375424, 0.277583), (0.48715, 0.335862, 0.449818), (0.417224, 0.358112, 0.472068), (0.347298, 0, 0.323733), (0.347298, 0.104889, 0.505405), (0.48715, 0.364199, 0.412888), (0.417224, 0.0614424, 0.472068), (0.48715, 0.0836926, 0.449818), (0.417224, 0.0614424, 0.175398), (0.48715, 0.0836926, 0.197648), (0.48715, 0.0553557, 0.234578), (0.347298, 0.358112, 0.472068), (0.347298, 0.0614424, 0.175398), (0.347298, 0.0614424, 0.472068), (0.277372, 0.209777, 0.502044), (0.277372, 0.255928, 0.495968), (0.277372, 0.298933, 0.478155), (0.277372, 0.335862, 0.449818), (0.277372, 0.382012, 0.369883), (0.277372, 0.364199, 0.412888), (0.277372, 0.163627, 0.151498), (0.277372, 0.209777, 0.145422), (0.277372, 0.163627, 0.495968), (0.277372, 0.120622, 0.478155), (0.277372, 0.0836926, 0.449818), (0.277372, 0.0553557, 0.412888), (0.277372, 0.0375424, 0.369883), (0.277372, 0.388088, 0.323733), (0.277372, 0.0314666, 0.323733), (0.277372, 0.382012, 0.277583), (0.277372, 0.0375424, 0.277583), (0.277372, 0.364199, 0.234578), (0.277372, 0.0553557, 0.234578), (0.277372, 0.335862, 0.197648), (0.277372, 0.0836926, 0.197648), (0.277372, 0.298933, 0.169311), (0.277372, 0.120622, 0.169311), (0.277372, 0.255928, 0.151498), (0.417224, 0.250393, 0.364349), (0.48715, 0.263932, 0.377888), (0.417224, 0.259522, 0.352453), (0.48715, 0.276103, 0.362026), (0.417224, 0.160033, 0.295013), (0.48715, 0.143452, 0.28544), (0.417224, 0.154295, 0.308866), (0.48715, 0.1358, 0.303911), (0.417224, 0.209777, 0.381173), (0.417224, 0.224644, 0.379216), (0.417224, 0.194911, 0.379216), (0.417224, 0.181057, 0.373477), (0.417224, 0.238497, 0.373477), (0.417224, 0.169161, 0.364349), (0.417224, 0.160033, 0.352453), (0.417224, 0.154295, 0.3386), (0.417224, 0.26526, 0.3386), (0.417224, 0.152337, 0.323733), (0.417224, 0.267217, 0.323733), (0.417224, 0.26526, 0.308866), (0.417224, 0.259522, 0.295013), (0.417224, 0.169161, 0.283117), (0.417224, 0.250393, 0.283117), (0.417224, 0.181057, 0.273989), (0.417224, 0.238497, 0.273989), (0.417224, 0.194911, 0.26825), (0.417224, 0.224644, 0.26825), (0.417224, 0.209777, 0.266293), (0.48715, 0.209777, 0.400319), (0.48715, 0.229599, 0.39771), (0.48715, 0.248071, 0.257407), (0.48715, 0.263932, 0.269578), (0.48715, 0.171484, 0.390059), (0.48715, 0.189955, 0.39771), (0.48715, 0.155622, 0.269578), (0.48715, 0.155622, 0.377888), (0.48715, 0.171484, 0.257407), (0.48715, 0.248071, 0.390059), (0.48715, 0.283754, 0.303911), (0.48715, 0.286364, 0.323733), (0.48715, 0.283754, 0.343555), (0.48715, 0.276103, 0.28544), (0.48715, 0.189955, 0.249756), (0.48715, 0.209777, 0.247146), (0.48715, 0.229599, 0.249756), (0.48715, 0.143452, 0.362026), (0.48715, 0.1358, 0.343555), (0.48715, 0.133191, 0.323733), (0.48715, 0.209777, 0.208439), (0.48715, 0.179937, 0.212368), (0.48715, 0.239618, 0.212368), (0.48715, 0.267424, 0.223886), (0.48715, 0.152131, 0.223886), (0.48715, 0.128252, 0.242208), (0.48715, 0.291302, 0.242208), (0.48715, 0.209777, 0.247146), (0.48715, 0.229599, 0.249756), (0.48715, 0.189955, 0.249756), (0.48715, 0.309625, 0.266086), (0.48715, 0.248071, 0.257407), (0.48715, 0.263932, 0.269578), (0.48715, 0.10993, 0.266086), (0.48715, 0.171484, 0.257407), (0.48715, 0.155622, 0.269578), (0.48715, 0.321143, 0.293893), (0.48715, 0.276103, 0.28544), (0.48715, 0.283754, 0.303911), (0.48715, 0.325071, 0.323733), (0.48715, 0.286364, 0.323733), (0.48715, 0.0984121, 0.293893), (0.48715, 0.143452, 0.28544), (0.48715, 0.1358, 0.303911), (0.48715, 0.321143, 0.353573), (0.48715, 0.283754, 0.343555), (0.48715, 0.276103, 0.362026), (0.48715, 0.0944836, 0.323733), (0.48715, 0.133191, 0.323733), (0.48715, 0.1358, 0.343555), (0.48715, 0.0984121, 0.353573), (0.48715, 0.143452, 0.362026), (0.48715, 0.309625, 0.38138), (0.48715, 0.263932, 0.377888), (0.48715, 0.248071, 0.390059), (0.48715, 0.10993, 0.38138), (0.48715, 0.155622, 0.377888), (0.48715, 0.171484, 0.390059), (0.48715, 0.291302, 0.405258), (0.48715, 0.128252, 0.405258), (0.48715, 0.229599, 0.39771), (0.48715, 0.189955, 0.39771), (0.48715, 0.209777, 0.400319), (0.48715, 0.267424, 0.42358), (0.48715, 0.152131, 0.42358), (0.48715, 0.239618, 0.435098), (0.48715, 0.179937, 0.435098), (0.48715, 0.209777, 0.439027), (0.48715, 0.209777, 0.439027), (0.48715, 0.179937, 0.435098), (0.48715, 0.239618, 0.435098), (0.48715, 0.152131, 0.42358), (0.48715, 0.128252, 0.405258), (0.48715, 0.267424, 0.42358), (0.48715, 0.291302, 0.405258), (0.48715, 0.10993, 0.38138), (0.48715, 0.0984121, 0.353573), (0.48715, 0.0944836, 0.323733), (0.48715, 0.309625, 0.38138), (0.48715, 0.321143, 0.353573), (0.48715, 0.0984121, 0.293893), (0.48715, 0.10993, 0.266086), (0.48715, 0.325071, 0.323733), (0.48715, 0.321143, 0.293893), (0.48715, 0.309625, 0.266086), (0.48715, 0.128252, 0.242208), (0.48715, 0.152131, 0.223886), (0.48715, 0.291302, 0.242208), (0.48715, 0.267424, 0.223886), (0.48715, 0.179937, 0.212368), (0.48715, 0.239618, 0.212368), (0.48715, 0.209777, 0.208439), (-0.417224, 0.104889, -0.54228), (-0.48715, 0.120622, -0.515029), (-0.417224, 0.155483, -0.563237), (-0.48715, 0.163627, -0.532842), (-0.347298, 0.264072, -0.563237), (-0.417224, 0.264072, -0.563237), (-0.347298, 0.314666, -0.54228), (-0.417224, 0.314666, -0.54228), (-0.347298, 0.412407, -0.306313), (-0.347298, 0.419555, -0.360607), (-0.417224, 0.412407, -0.306313), (-0.417224, 0.419555, -0.360607), (-0.417224, 0.155483, -0.157978), (-0.347298, 0.155483, -0.157978), (-0.417224, 0.209777, -0.15083), (-0.347298, 0.209777, -0.15083), (-0.347298, 0.39145, -0.465496), (-0.417224, 0.39145, -0.465496), (-0.347298, 0.412407, -0.414902), (-0.417224, 0.412407, -0.414902), (-0.347298, 0.104889, -0.54228), (-0.347298, 0.155483, -0.563237), (-0.48715, 0.255928, -0.532842), (-0.48715, 0.298933, -0.515029), (-0.347298, 0.39145, -0.255719), (-0.417224, 0.39145, -0.255719), (-0.347298, 0.358112, -0.508942), (-0.417224, 0.358112, -0.508942), (-0.417224, 0.00714798, -0.306313), (-0.48715, 0.0375424, -0.314457), (-0.417224, 0, -0.360607), (-0.48715, 0.0314666, -0.360607), (-0.48715, 0.388088, -0.360607), (-0.48715, 0.382012, -0.406757), (-0.48715, 0.163627, -0.188372), (-0.48715, 0.209777, -0.182297), (-0.347298, 0.00714798, -0.306313), (-0.347298, 0.0281048, -0.255719), (-0.417224, 0.0281048, -0.255719), (-0.48715, 0.255928, -0.188372), (-0.417224, 0.264072, -0.157978), (-0.48715, 0.298933, -0.206186), (-0.417224, 0.314666, -0.178935), (-0.417224, 0.209777, -0.570385), (-0.48715, 0.209777, -0.538918), (-0.347298, 0.0281048, -0.465496), (-0.347298, 0.00714798, -0.414902), (-0.417224, 0.0281048, -0.465496), (-0.417224, 0.00714798, -0.414902), (-0.48715, 0.0553557, -0.271452), (-0.48715, 0.364199, -0.449763), (-0.48715, 0.335862, -0.486692), (-0.347298, 0.209777, -0.570385), (-0.347298, 0.264072, -0.157978), (-0.347298, 0.314666, -0.178935), (-0.48715, 0.382012, -0.314457), (-0.417224, 0.104889, -0.178935), (-0.48715, 0.120622, -0.206186), (-0.48715, 0.0375424, -0.406757), (-0.48715, 0.335862, -0.234523), (-0.417224, 0.358112, -0.212272), (-0.347298, 0, -0.360607), (-0.347298, 0.104889, -0.178935), (-0.48715, 0.364199, -0.271452), (-0.417224, 0.0614424, -0.212272), (-0.48715, 0.0836926, -0.234523), (-0.417224, 0.0614424, -0.508942), (-0.48715, 0.0836926, -0.486692), (-0.48715, 0.0553557, -0.449763), (-0.347298, 0.358112, -0.212272), (-0.347298, 0.0614424, -0.508942), (-0.347298, 0.0614424, -0.212272), (-0.277372, 0.209777, -0.182297), (-0.277372, 0.255928, -0.188372), (-0.277372, 0.298933, -0.206186), (-0.277372, 0.335862, -0.234523), (-0.277372, 0.382012, -0.314457), (-0.277372, 0.364199, -0.271452), (-0.277372, 0.163627, -0.532842), (-0.277372, 0.209777, -0.538918), (-0.277372, 0.163627, -0.188372), (-0.277372, 0.120622, -0.206186), (-0.277372, 0.0836926, -0.234523), (-0.277372, 0.0553557, -0.271452), (-0.277372, 0.0375424, -0.314457), (-0.277372, 0.388088, -0.360607), (-0.277372, 0.0314666, -0.360607), (-0.277372, 0.382012, -0.406757), (-0.277372, 0.0375424, -0.406757), (-0.277372, 0.364199, -0.449763), (-0.277372, 0.0553557, -0.449763), (-0.277372, 0.335862, -0.486692), (-0.277372, 0.0836926, -0.486692), (-0.277372, 0.298933, -0.515029), (-0.277372, 0.120622, -0.515029), (-0.277372, 0.255928, -0.532842), (-0.417224, 0.250393, -0.319991), (-0.48715, 0.263932, -0.306453), (-0.417224, 0.259522, -0.331887), (-0.48715, 0.276103, -0.322314), (-0.417224, 0.160033, -0.389327), (-0.48715, 0.143452, -0.398901), (-0.417224, 0.154295, -0.375474), (-0.48715, 0.1358, -0.380429), (-0.417224, 0.209777, -0.303167), (-0.417224, 0.224644, -0.305125), (-0.417224, 0.194911, -0.305125), (-0.417224, 0.181057, -0.310863), (-0.417224, 0.238497, -0.310863), (-0.417224, 0.169161, -0.319991), (-0.417224, 0.160033, -0.331887), (-0.417224, 0.154295, -0.345741), (-0.417224, 0.26526, -0.345741), (-0.417224, 0.152337, -0.360607), (-0.417224, 0.267217, -0.360607), (-0.417224, 0.26526, -0.375474), (-0.417224, 0.259522, -0.389327), (-0.417224, 0.169161, -0.401223), (-0.417224, 0.250393, -0.401223), (-0.417224, 0.181057, -0.410352), (-0.417224, 0.238497, -0.410352), (-0.417224, 0.194911, -0.41609), (-0.417224, 0.224644, -0.41609), (-0.417224, 0.209777, -0.418047), (-0.48715, 0.209777, -0.284021), (-0.48715, 0.229599, -0.28663), (-0.48715, 0.248071, -0.426933), (-0.48715, 0.263932, -0.414762), (-0.48715, 0.171484, -0.294281), (-0.48715, 0.189955, -0.28663), (-0.48715, 0.155622, -0.414762), (-0.48715, 0.155622, -0.306453), (-0.48715, 0.171484, -0.426933), (-0.48715, 0.248071, -0.294281), (-0.48715, 0.283754, -0.380429), (-0.48715, 0.286364, -0.360607), (-0.48715, 0.283754, -0.340785), (-0.48715, 0.276103, -0.398901), (-0.48715, 0.189955, -0.434584), (-0.48715, 0.209777, -0.437194), (-0.48715, 0.229599, -0.434584), (-0.48715, 0.143452, -0.322314), (-0.48715, 0.1358, -0.340785), (-0.48715, 0.133191, -0.360607), (-0.48715, 0.209777, -0.475901), (-0.48715, 0.179937, -0.471973), (-0.48715, 0.239618, -0.471973), (-0.48715, 0.267424, -0.460455), (-0.48715, 0.152131, -0.460455), (-0.48715, 0.128252, -0.442132), (-0.48715, 0.291302, -0.442132), (-0.48715, 0.209777, -0.437194), (-0.48715, 0.229599, -0.434584), (-0.48715, 0.189955, -0.434584), (-0.48715, 0.309625, -0.418254), (-0.48715, 0.248071, -0.426933), (-0.48715, 0.263932, -0.414762), (-0.48715, 0.10993, -0.418254), (-0.48715, 0.171484, -0.426933), (-0.48715, 0.155622, -0.414762), (-0.48715, 0.321143, -0.390448), (-0.48715, 0.276103, -0.398901), (-0.48715, 0.283754, -0.380429), (-0.48715, 0.325071, -0.360607), (-0.48715, 0.286364, -0.360607), (-0.48715, 0.0984121, -0.390448), (-0.48715, 0.143452, -0.398901), (-0.48715, 0.1358, -0.380429), (-0.48715, 0.321143, -0.330767), (-0.48715, 0.283754, -0.340785), (-0.48715, 0.276103, -0.322314), (-0.48715, 0.0944836, -0.360607), (-0.48715, 0.133191, -0.360607), (-0.48715, 0.1358, -0.340785), (-0.48715, 0.0984121, -0.330767), (-0.48715, 0.143452, -0.322314), (-0.48715, 0.309625, -0.30296), (-0.48715, 0.263932, -0.306453), (-0.48715, 0.248071, -0.294281), (-0.48715, 0.10993, -0.30296), (-0.48715, 0.155622, -0.306453), (-0.48715, 0.171484, -0.294281), (-0.48715, 0.291302, -0.279082), (-0.48715, 0.128252, -0.279082), (-0.48715, 0.229599, -0.28663), (-0.48715, 0.189955, -0.28663), (-0.48715, 0.209777, -0.284021), (-0.48715, 0.267424, -0.26076), (-0.48715, 0.152131, -0.26076), (-0.48715, 0.239618, -0.249242), (-0.48715, 0.179937, -0.249242), (-0.48715, 0.209777, -0.245313), (-0.48715, 0.209777, -0.245313), (-0.48715, 0.179937, -0.249242), (-0.48715, 0.239618, -0.249242), (-0.48715, 0.152131, -0.26076), (-0.48715, 0.128252, -0.279082), (-0.48715, 0.267424, -0.26076), (-0.48715, 0.291302, -0.279082), (-0.48715, 0.10993, -0.30296), (-0.48715, 0.0984121, -0.330767), (-0.48715, 0.0944836, -0.360607), (-0.48715, 0.309625, -0.30296), (-0.48715, 0.321143, -0.330767), (-0.48715, 0.0984121, -0.390448), (-0.48715, 0.10993, -0.418254), (-0.48715, 0.325071, -0.360607), (-0.48715, 0.321143, -0.390448), (-0.48715, 0.309625, -0.418254), (-0.48715, 0.128252, -0.442132), (-0.48715, 0.152131, -0.460455), (-0.48715, 0.291302, -0.442132), (-0.48715, 0.267424, -0.460455), (-0.48715, 0.179937, -0.471973), (-0.48715, 0.239618, -0.471973), (-0.48715, 0.209777, -0.475901), (0.417224, 0.104889, -0.54228), (0.48715, 0.120622, -0.515029), (0.417224, 0.155483, -0.563237), (0.48715, 0.163627, -0.532842), (0.347298, 0.264072, -0.563237), (0.417224, 0.264072, -0.563237), (0.347298, 0.314666, -0.54228), (0.417224, 0.314666, -0.54228), (0.347298, 0.412407, -0.306313), (0.347298, 0.419555, -0.360607), (0.417224, 0.412407, -0.306313), (0.417224, 0.419555, -0.360607), (0.417224, 0.155483, -0.157978), (0.347298, 0.155483, -0.157978), (0.417224, 0.209777, -0.15083), (0.347298, 0.209777, -0.15083), (0.347298, 0.39145, -0.465496), (0.417224, 0.39145, -0.465496), (0.347298, 0.412407, -0.414902), (0.417224, 0.412407, -0.414902), (0.347298, 0.104889, -0.54228), (0.347298, 0.155483, -0.563237), (0.48715, 0.255928, -0.532842), (0.48715, 0.298933, -0.515029), (0.347298, 0.39145, -0.255719), (0.417224, 0.39145, -0.255719), (0.347298, 0.358112, -0.508942), (0.417224, 0.358112, -0.508942), (0.417224, 0.00714798, -0.306313), (0.48715, 0.0375424, -0.314457), (0.417224, 0, -0.360607), (0.48715, 0.0314666, -0.360607), (0.48715, 0.388088, -0.360607), (0.48715, 0.382012, -0.406757), (0.48715, 0.163627, -0.188372), (0.48715, 0.209777, -0.182297), (0.347298, 0.00714798, -0.306313), (0.347298, 0.0281048, -0.255719), (0.417224, 0.0281048, -0.255719), (0.48715, 0.255928, -0.188372), (0.417224, 0.264072, -0.157978), (0.48715, 0.298933, -0.206186), (0.417224, 0.314666, -0.178935), (0.417224, 0.209777, -0.570385), (0.48715, 0.209777, -0.538918), (0.347298, 0.0281048, -0.465496), (0.347298, 0.00714798, -0.414902), (0.417224, 0.0281048, -0.465496), (0.417224, 0.00714798, -0.414902), (0.48715, 0.0553557, -0.271452), (0.48715, 0.364199, -0.449763), (0.48715, 0.335862, -0.486692), (0.347298, 0.209777, -0.570385), (0.347298, 0.264072, -0.157978), (0.347298, 0.314666, -0.178935), (0.48715, 0.382012, -0.314457), (0.417224, 0.104889, -0.178935), (0.48715, 0.120622, -0.206186), (0.48715, 0.0375424, -0.406757), (0.48715, 0.335862, -0.234523), (0.417224, 0.358112, -0.212272), (0.347298, 0, -0.360607), (0.347298, 0.104889, -0.178935), (0.48715, 0.364199, -0.271452), (0.417224, 0.0614424, -0.212272), (0.48715, 0.0836926, -0.234523), (0.417224, 0.0614424, -0.508942), (0.48715, 0.0836926, -0.486692), (0.48715, 0.0553557, -0.449763), (0.347298, 0.358112, -0.212272), (0.347298, 0.0614424, -0.508942), (0.347298, 0.0614424, -0.212272), (0.277372, 0.209777, -0.182297), (0.277372, 0.255928, -0.188372), (0.277372, 0.298933, -0.206186), (0.277372, 0.335862, -0.234523), (0.277372, 0.382012, -0.314457), (0.277372, 0.364199, -0.271452), (0.277372, 0.163627, -0.532842), (0.277372, 0.209777, -0.538918), (0.277372, 0.163627, -0.188372), (0.277372, 0.120622, -0.206186), (0.277372, 0.0836926, -0.234523), (0.277372, 0.0553557, -0.271452), (0.277372, 0.0375424, -0.314457), (0.277372, 0.388088, -0.360607), (0.277372, 0.0314666, -0.360607), (0.277372, 0.382012, -0.406757), (0.277372, 0.0375424, -0.406757), (0.277372, 0.364199, -0.449763), (0.277372, 0.0553557, -0.449763), (0.277372, 0.335862, -0.486692), (0.277372, 0.0836926, -0.486692), (0.277372, 0.298933, -0.515029), (0.277372, 0.120622, -0.515029), (0.277372, 0.255928, -0.532842), (0.417224, 0.250393, -0.319991), (0.48715, 0.263932, -0.306453), (0.417224, 0.259522, -0.331887), (0.48715, 0.276103, -0.322314), (0.417224, 0.160033, -0.389327), (0.48715, 0.143452, -0.398901), (0.417224, 0.154295, -0.375474), (0.48715, 0.1358, -0.380429), (0.417224, 0.209777, -0.303167), (0.417224, 0.224644, -0.305125), (0.417224, 0.194911, -0.305125), (0.417224, 0.181057, -0.310863), (0.417224, 0.238497, -0.310863), (0.417224, 0.169161, -0.319991), (0.417224, 0.160033, -0.331887), (0.417224, 0.154295, -0.345741), (0.417224, 0.26526, -0.345741), (0.417224, 0.152337, -0.360607), (0.417224, 0.267217, -0.360607), (0.417224, 0.26526, -0.375474), (0.417224, 0.259522, -0.389327), (0.417224, 0.169161, -0.401223), (0.417224, 0.250393, -0.401223), (0.417224, 0.181057, -0.410352), (0.417224, 0.238497, -0.410352), (0.417224, 0.194911, -0.41609), (0.417224, 0.224644, -0.41609), (0.417224, 0.209777, -0.418047), (0.48715, 0.209777, -0.284021), (0.48715, 0.229599, -0.28663), (0.48715, 0.248071, -0.426933), (0.48715, 0.263932, -0.414762), (0.48715, 0.171484, -0.294281), (0.48715, 0.189955, -0.28663), (0.48715, 0.155622, -0.414762), (0.48715, 0.155622, -0.306453), (0.48715, 0.171484, -0.426933), (0.48715, 0.248071, -0.294281), (0.48715, 0.283754, -0.380429), (0.48715, 0.286364, -0.360607), (0.48715, 0.283754, -0.340785), (0.48715, 0.276103, -0.398901), (0.48715, 0.189955, -0.434584), (0.48715, 0.209777, -0.437194), (0.48715, 0.229599, -0.434584), (0.48715, 0.143452, -0.322314), (0.48715, 0.1358, -0.340785), (0.48715, 0.133191, -0.360607), (0.48715, 0.209777, -0.475901), (0.48715, 0.179937, -0.471973), (0.48715, 0.239618, -0.471973), (0.48715, 0.267424, -0.460455), (0.48715, 0.152131, -0.460455), (0.48715, 0.128252, -0.442132), (0.48715, 0.291302, -0.442132), (0.48715, 0.209777, -0.437194), (0.48715, 0.229599, -0.434584), (0.48715, 0.189955, -0.434584), (0.48715, 0.309625, -0.418254), (0.48715, 0.248071, -0.426933), (0.48715, 0.263932, -0.414762), (0.48715, 0.10993, -0.418254), (0.48715, 0.171484, -0.426933), (0.48715, 0.155622, -0.414762), (0.48715, 0.321143, -0.390448), (0.48715, 0.276103, -0.398901), (0.48715, 0.283754, -0.380429), (0.48715, 0.325071, -0.360607), (0.48715, 0.286364, -0.360607), (0.48715, 0.0984121, -0.390448), (0.48715, 0.143452, -0.398901), (0.48715, 0.1358, -0.380429), (0.48715, 0.321143, -0.330767), (0.48715, 0.283754, -0.340785), (0.48715, 0.276103, -0.322314), (0.48715, 0.0944836, -0.360607), (0.48715, 0.133191, -0.360607), (0.48715, 0.1358, -0.340785), (0.48715, 0.0984121, -0.330767), (0.48715, 0.143452, -0.322314), (0.48715, 0.309625, -0.30296), (0.48715, 0.263932, -0.306453), (0.48715, 0.248071, -0.294281), (0.48715, 0.10993, -0.30296), (0.48715, 0.155622, -0.306453), (0.48715, 0.171484, -0.294281), (0.48715, 0.291302, -0.279082), (0.48715, 0.128252, -0.279082), (0.48715, 0.229599, -0.28663), (0.48715, 0.189955, -0.28663), (0.48715, 0.209777, -0.284021), (0.48715, 0.267424, -0.26076), (0.48715, 0.152131, -0.26076), (0.48715, 0.239618, -0.249242), (0.48715, 0.179937, -0.249242), (0.48715, 0.209777, -0.245313), (0.48715, 0.209777, -0.245313), (0.48715, 0.179937, -0.249242), (0.48715, 0.239618, -0.249242), (0.48715, 0.152131, -0.26076), (0.48715, 0.128252, -0.279082), (0.48715, 0.267424, -0.26076), (0.48715, 0.291302, -0.279082), (0.48715, 0.10993, -0.30296), (0.48715, 0.0984121, -0.330767), (0.48715, 0.0944836, -0.360607), (0.48715, 0.309625, -0.30296), (0.48715, 0.321143, -0.330767), (0.48715, 0.0984121, -0.390448), (0.48715, 0.10993, -0.418254), (0.48715, 0.325071, -0.360607), (0.48715, 0.321143, -0.390448), (0.48715, 0.309625, -0.418254), (0.48715, 0.128252, -0.442132), (0.48715, 0.152131, -0.460455), (0.48715, 0.291302, -0.442132), (0.48715, 0.267424, -0.460455), (0.48715, 0.179937, -0.471973), (0.48715, 0.239618, -0.471973), (0.48715, 0.209777, -0.475901), (0.353688, 0.903871, 0.216605), (0.326765, 1.03321, 0.194032), (0.367937, 1.06564, 0.192109), (0.250095, 1.14285, 0.174896), (0.398252, 0.915506, 0.218312), (0.326765, 0.774535, 0.239177), (0.281607, 1.19292, 0.169895), (0.135351, 1.21611, 0.16211), (0.367937, 0.765371, 0.244514), (0.250095, 0.66489, 0.258314), (0.281607, 0.638093, 0.266728), (0.135351, 0.591628, 0.2711), (0.40897, 0.72618, 0.118814), (0.442666, 0.893058, 0.0896887), (0.40897, 1.05994, 0.0605638), (0.152404, 1.27796, 0.155053), (2.88764e-15, 1.24184, 0.15762), (0.152404, 0.553048, 0.281571), (2.88764e-15, 0.565902, 0.27559), (0.40897, 0.697461, -0.0457344), (0.313012, 0.584707, 0.143505), (0.442666, 0.86434, -0.0748593), (0.169401, 0.490178, 0.160003), (0.313012, 1.20141, 0.0358729), (0.169401, 1.29594, 0.0193749), (0.40897, 1.03122, -0.103984), (1.73259e-14, 0.523185, 0.286783), (2.39314e-13, 0.456984, 0.165796), (-0.152404, 0.553048, 0.281571), (-0.135351, 0.591628, 0.2711), (-0.169401, 0.490178, 0.160003), (-0.281607, 0.638093, 0.266728), (-0.250095, 0.66489, 0.258314), (-0.367937, 0.765371, 0.244514), (-0.326765, 0.774535, 0.239177), (-0.313012, 0.584707, 0.143505), (-0.398252, 0.915506, 0.218312), (-0.353688, 0.903871, 0.216605), (-0.367937, 1.06564, 0.192109), (-0.326765, 1.03321, 0.194032), (-0.250095, 1.14285, 0.174896), (-0.40897, 0.72618, 0.118814), (-0.313012, 0.555989, -0.0210435), (-0.442666, 0.893058, 0.0896887), (-0.281607, 1.19292, 0.169895), (-0.135351, 1.21611, 0.16211), (-0.169401, 0.46146, -0.00454552), (-0.40897, 0.697461, -0.0457344), (-0.152404, 1.27796, 0.155053), (1.73259e-14, 1.30783, 0.14984), (-0.169401, 1.29594, 0.0193749), (2.39314e-13, 1.32913, 0.0135816), (5.22664e-13, 0.428266, 0.00124779), (-0.313012, 1.20141, 0.0358729), (-0.40897, 1.05994, 0.0605638), (-0.313012, 1.17269, -0.128675), (-0.169401, 1.26722, -0.145173), (5.22664e-13, 1.30041, -0.150967), (-0.442666, 0.86434, -0.0748593), (-0.40897, 1.03122, -0.103984), (-0.275258, 1.10851, -0.276809), (0.169401, 1.26722, -0.145173), (-0.148969, 1.19164, -0.291317), (0.313012, 1.17269, -0.128675), (-0.359642, 0.690603, -0.203872), (-0.389274, 0.837353, -0.229484), (-0.359642, 0.984104, -0.255096), (-0.204304, 1.01662, -0.390661), (-0.275258, 0.566194, -0.182159), (-0.148969, 0.483067, -0.167651), (-0.204304, 0.614092, -0.320409), (-0.266936, 0.706432, -0.336525), (-0.28893, 0.815354, -0.355535), (-0.266936, 0.924276, -0.374545), (-0.110569, 1.07831, -0.401429), (7.91576e-13, 1.22083, -0.296411), (0.148969, 1.19164, -0.291317), (0.275258, 1.10851, -0.276809), (0.359642, 0.984104, -0.255096), (0.389274, 0.837353, -0.229484), (0.359642, 0.690603, -0.203872), (0.313012, 0.555989, -0.0210435), (0.169401, 0.46146, -0.00454552), (0.275258, 0.566194, -0.182159), (0.266936, 0.706432, -0.336525), (0.28893, 0.815354, -0.355535), (0.266936, 0.924276, -0.374545), (0.148969, 0.483067, -0.167651), (0.204304, 0.614092, -0.320409), (7.91576e-13, 0.453876, -0.162556), (0.204304, 1.01662, -0.390661), (0.110569, 0.552393, -0.309641), (-0.110569, 0.552393, -0.309641), (0.110569, 1.07831, -0.401429), (1.00995e-12, 0.530727, -0.30586), (1.15073e-12, 0.649548, -0.411377), (0.0588323, 0.661076, -0.413389), (1.20126e-12, 0.796008, -0.466383), (-0.0588323, 0.661076, -0.413389), (0.108708, 0.693906, -0.419119), (-0.108708, 0.693906, -0.419119), (0.142034, 0.743039, -0.427694), (-0.142034, 0.743039, -0.427694), (0.153736, 0.800995, -0.437809), (-0.153736, 0.800995, -0.437809), (0.142034, 0.858951, -0.447924), (-0.142034, 0.858951, -0.447924), (0.108708, 0.908084, -0.456499), (-0.108708, 0.908084, -0.456499), (0.0588323, 0.940914, -0.462229), (-0.0588323, 0.940914, -0.462229), (1.15073e-12, 0.952442, -0.464241), (1.00995e-12, 1.09998, -0.40521), (5.01007e-13, 0.848752, -0.099211), (-0.134932, 0.909464, -0.0666731), (-0.103273, 0.95474, -0.074575), (0.146049, 0.856057, -0.0573521), (0.134932, 0.909464, -0.0666731), (-0.103273, 0.757375, -0.0401293), (-0.134932, 0.802651, -0.0480312), (-0.146049, 0.856057, -0.0573521), (4.36034e-13, 0.716499, -0.0329953), (-0.0558907, 0.727122, -0.0348494), (-0.0558907, 0.984992, -0.0798549), (0.0558907, 0.984992, -0.0798549), (4.36034e-13, 0.995616, -0.081709), (0.103273, 0.757375, -0.0401293), (0.0558907, 0.727122, -0.0348494), (0.134932, 0.802651, -0.0480312), (0.103273, 0.95474, -0.074575), (0.10504, 1.11941, 0.0208841), (2.48338e-13, 1.13938, 0.0173996), (-0.253589, 0.776721, 0.0806931), (-0.274483, 0.877093, 0.0631755), (0.194089, 1.06256, 0.030807), (-0.194089, 1.06256, 0.030807), (-0.10504, 1.11941, 0.0208841), (0.253589, 0.776721, 0.0806931), (0.274483, 0.877093, 0.0631755), (2.48338e-13, 0.614809, 0.108951), (0.10504, 0.634774, 0.105467), (-0.194089, 0.69163, 0.0955439), (-0.10504, 0.634774, 0.105467), (-0.253589, 0.977464, 0.0456578), (0.253589, 0.977464, 0.0456578), (0.194089, 0.69163, 0.0955439), (-0.0182472, 0.667486, 0.239645), (-0.0343065, 0.673914, 0.235342), (-0.0113696, 0.695851, 0.241488), (-0.0483711, 0.684196, 0.231573), (-0.0545094, 0.691589, 0.229929), (-0.0545094, 0.701216, 0.229929), (-0.0209653, 0.699692, 0.238917), (-0.0293691, 0.705835, 0.236665), (-0.0403579, 0.710963, 0.23372), (-0.0327221, 0.709874, 0.235766), (0.0159283, 0.667486, 0.239645), (0.00905075, 0.695851, 0.241488), (0.0319877, 0.673914, 0.235342), (0.0460522, 0.684196, 0.231573), (0.0521905, 0.691589, 0.229929), (0.0521905, 0.701216, 0.229929), (0.0186465, 0.699692, 0.238917), (0.0270503, 0.705835, 0.236665), (0.0380391, 0.710963, 0.23372), (0.0304033, 0.709874, 0.235766), (0.114492, 0.763591, 0.141853), (0.143993, 0.778504, 0.157512), (0.142218, 0.795989, 0.15369), (0.132628, 0.860784, 0.188496), (0.155466, 0.830958, 0.182222), (0.143099, 0.852103, 0.215425), (-0.114498, 0.763591, 0.141853), (-0.0742503, 0.758176, 0.144281), (-0.072069, 0.795989, 0.135559), (0.16209, 0.826273, 0.196488), (-0.111692, 0.795989, 0.134637), (0.122157, 0.739874, 0.161566), (0.148842, 0.765705, 0.167956), (0.0883441, 0.720364, 0.200661), (0.0802034, 0.730496, 0.16811), (-0.114498, 0.828387, 0.141853), (0.132628, 0.731193, 0.188496), (-0.0742503, 0.833801, 0.144281), (0.111686, 0.795989, 0.134637), (0.15357, 0.795989, 0.242354), (0.104625, 0.795989, 0.265764), (0.102444, 0.833801, 0.257042), (-0.155472, 0.830958, 0.182222), (-0.132634, 0.860784, 0.188496), (-0.162096, 0.826273, 0.196488), (-0.143105, 0.852103, 0.215425), (-0.122163, 0.739874, 0.161566), (-0.0802096, 0.730496, 0.16811), (0.155466, 0.76102, 0.182222), (0.166939, 0.813473, 0.206931), (0.150765, 0.828387, 0.235139), (-0.10245, 0.758176, 0.257042), (-0.143105, 0.739874, 0.215425), (-0.150771, 0.763591, 0.235139), (-0.166945, 0.778504, 0.206931), (-0.16872, 0.795989, 0.210754), (-0.132634, 0.731193, 0.188496), (-0.155472, 0.76102, 0.182222), (-0.162096, 0.765705, 0.196488), (0.143993, 0.813473, 0.157512), (0.148842, 0.826273, 0.167956), (0.122157, 0.852103, 0.161566), (-0.150771, 0.828387, 0.235139), (-0.153577, 0.795989, 0.242354), (-0.148848, 0.765705, 0.167956), (-0.143999, 0.778504, 0.157512), (0.0964847, 0.861482, 0.233212), (-0.166945, 0.813473, 0.206931), (0.114492, 0.828387, 0.141853), (-0.104632, 0.795989, 0.265764), (-0.10245, 0.833801, 0.257042), (-0.0964909, 0.730496, 0.233212), (-0.122163, 0.852103, 0.161566), (-0.0883503, 0.871614, 0.200661), (0.0742441, 0.833801, 0.144281), (0.166939, 0.778504, 0.206931), (0.143099, 0.739874, 0.215425), (0.150765, 0.763591, 0.235139), (0.168714, 0.795989, 0.210754), (0.0742441, 0.758176, 0.144281), (-0.143999, 0.813473, 0.157512), (-0.148848, 0.826273, 0.167956), (0.16209, 0.765705, 0.196488), (0.0802034, 0.861482, 0.16811), (0.0883441, 0.871614, 0.200661), (-0.0802096, 0.861482, 0.16811), (0.0964847, 0.730496, 0.233212), (0.102444, 0.758176, 0.257042), (-0.0883503, 0.720364, 0.200661), (0.0720628, 0.795989, 0.135559), (-0.0964909, 0.861482, 0.233212), (-0.142224, 0.795989, 0.15369), (-3.09944e-06, 0.730496, 0.25972), (-3.09944e-06, 0.720364, 0.224932), (-3.09944e-06, 0.795989, 0.294507), (-3.09944e-06, 0.833801, 0.285186), (-3.09944e-06, 0.871614, 0.224932), (-3.09944e-06, 0.861482, 0.25972), (-3.09944e-06, 0.758176, 0.164679), (-3.09944e-06, 0.795989, 0.155357), (-3.09944e-06, 0.833801, 0.164679), (-3.09944e-06, 0.861482, 0.190145), (-3.09944e-06, 0.758176, 0.285186), (-3.09944e-06, 0.730496, 0.190145), (-0.0641163, 0.45811, -0.251995), (-0.0426087, 0.382318, -0.171724), (0.0641213, 0.45811, -0.251994), (0.0426119, 0.382318, -0.171723), (0.200876, 1.00986, -0.0665222), (0.24595, 0.918471, -0.0785992), (0.200875, 1.00986, 0.0411268), (0.245949, 0.918471, 0.0532049), (-0.14705, 1.00986, -0.159753), (-0.200875, 1.00986, -0.0665268), (-0.180046, 0.918471, -0.19275), (-0.245949, 0.918471, -0.0786048), (-0.175174, 0.45811, -0.187878), (-0.116412, 0.382318, -0.129115), (-0.0269113, 1.06924, -0.113138), (0.0269132, 1.06924, -0.113138), (-0.073525, 1.06924, -0.0862264), (0.0735263, 1.06924, -0.0862248), (-0.100438, 1.06924, -0.0396134), (0.100438, 1.06924, -0.0396111), (-0.100438, 1.06924, 0.0142111), (0.100437, 1.06924, 0.0142134), (-0.0735267, 1.06924, 0.0608248), (0.0735246, 1.06924, 0.0608265), (-0.0269136, 1.06924, 0.0877376), (0.0269109, 1.06924, 0.0877382), (-0.0538225, 1.00986, -0.213576), (0.0538266, 1.00986, -0.213575), (0.0659046, 0.918471, -0.258649), (-0.0658995, 0.918471, -0.258651), (-0.053827, 1.00986, 0.188175), (0.053822, 1.00986, 0.188176), (-0.200877, 1.00986, 0.0411222), (-0.245951, 0.918471, 0.0531993), (0.147049, 1.00986, 0.134353), (0.180045, 0.918471, 0.16735), (0.147053, 1.00986, -0.15975), (-0.0426124, 0.382318, 0.146323), (-0.0641218, 0.45811, 0.226594), (0.0426083, 0.382318, 0.146324), (0.0641158, 0.45811, 0.226595), (0.065899, 0.918471, 0.233251), (-0.147053, 1.00986, 0.13435), (0.18005, 0.918471, -0.192746), (0.116415, 0.382318, -0.129112), (-0.159024, 0.382318, -0.0553122), (0.159024, 0.382318, -0.0553085), (-0.159025, 0.382318, 0.0299085), (0.159023, 0.382318, 0.0299121), (-0.116415, 0.382318, 0.103712), (0.116412, 0.382318, 0.103715), (-0.0659051, 0.918471, 0.233249), (-0.18005, 0.918471, 0.167346), (0.175178, 0.45811, -0.187874), (-0.239294, 0.45811, -0.0768215), (0.239295, 0.45811, -0.0768161), (0.239294, 0.45811, 0.0514215), (0.175174, 0.45811, 0.162478), (-0.239295, 0.45811, 0.051416), (-0.175178, 0.45811, 0.162474), (0.0420015, 0.434571, 0.0260373), (0.0270285, 0.484812, 0.0422273), (0.0755423, 0.358985, 0.275208), (0.0579271, 0.418092, 0.294255), (0.15745, 0.424542, 0.364941), (0.111149, 0.452159, 0.349599), (0.173334, 0.441588, 0.366282), (0.143673, 0.48706, 0.352343), (0.112941, 0.36299, 0.325773), (0.0999007, 0.406746, 0.339874), (0.158325, 0.380993, 0.353305), (0.151956, 0.402363, 0.360192), (0.197103, 0.361834, 0.340581), (0.174849, 0.366158, 0.346127), (0.219122, 0.369179, 0.338153), (0.235006, 0.386224, 0.339493), (0.2405, 0.408403, 0.344243), (0.234131, 0.429774, 0.351129), (0.217606, 0.444608, 0.358307), (0.195353, 0.448933, 0.363853), (0.243699, 0.326307, 0.233298), (0.184935, 0.406795, -0.00958592), (0.182798, 0.305993, 0.240014), (0.133168, 0.389528, -0.00387711), (0.0747981, 0.478867, -0.0346037), (0.0673117, 0.503987, -0.0265086), (0.285213, 0.493906, 0.269189), (0.239507, 0.534937, 0.289043), (0.220222, 0.549254, 0.0209217), (0.181372, 0.58413, 0.0377971), (0.0731224, 0.479437, 0.307392), (0.129055, 0.594297, 0.0508361), (0.144483, 0.553646, -0.0287237), (0.118325, 0.558729, -0.0222042), (0.163908, 0.536208, -0.0371614), (0.0737697, 0.530059, -0.0209253), (0.0924417, 0.550096, -0.0193498), (0.0399446, 0.536955, 0.0533938), (0.0772887, 0.577029, 0.0565449), (0.146265, 0.464979, -0.0524152), (0.120382, 0.456345, -0.0495608), (0.281197, 0.419114, 0.307218), (0.268156, 0.46287, 0.321318), (0.164937, 0.485016, -0.0508397), (0.222279, 0.446869, -0.00643486), (0.171395, 0.511088, -0.0452564), (0.235195, 0.499013, 0.00473171), (0.302828, 0.434799, 0.250142), (0.121248, 0.317954, 0.255354), (0.0808515, 0.399695, 0.00916187), (0.146776, 0.332616, 0.311076), (0.234321, 0.493244, 0.336015), (0.177958, 0.546898, 0.304383), (0.188757, 0.502099, 0.347371), (0.117057, 0.526583, 0.311099), (0.0942231, 0.461428, -0.0430413), (0.287633, 0.373454, 0.237005), (0.269948, 0.373701, 0.297493), (0.237424, 0.3388, 0.294749), (0.19234, 0.323762, 0.299721), (-0.0420079, 0.434571, 0.0260344), (-0.027035, 0.484812, 0.0422244), (-0.0755488, 0.358985, 0.275205), (-0.0579335, 0.418092, 0.294252), (-0.157456, 0.424542, 0.364939), (-0.111156, 0.452159, 0.349596), (-0.173341, 0.441588, 0.366279), (-0.14368, 0.48706, 0.35234), (-0.112947, 0.36299, 0.325771), (-0.0999071, 0.406746, 0.339871), (-0.158331, 0.380993, 0.353302), (-0.151962, 0.402363, 0.360189), (-0.197109, 0.361834, 0.340578), (-0.174856, 0.366158, 0.346124), (-0.219128, 0.369179, 0.33815), (-0.235012, 0.386224, 0.33949), (-0.240506, 0.408403, 0.34424), (-0.234137, 0.429774, 0.351127), (-0.217613, 0.444608, 0.358304), (-0.195359, 0.448933, 0.363851), (-0.243705, 0.326307, 0.233295), (-0.184941, 0.406795, -0.00958878), (-0.182804, 0.305993, 0.240011), (-0.133175, 0.389528, -0.00387997), (-0.0748046, 0.478867, -0.0346065), (-0.0673181, 0.503987, -0.0265115), (-0.28522, 0.493906, 0.269187), (-0.239514, 0.534937, 0.28904), (-0.220228, 0.549254, 0.0209189), (-0.181378, 0.58413, 0.0377943), (-0.0731288, 0.479437, 0.307389), (-0.129061, 0.594297, 0.0508333), (-0.14449, 0.553646, -0.0287266), (-0.118331, 0.558729, -0.0222071), (-0.163915, 0.536208, -0.0371643), (-0.0737761, 0.530059, -0.0209282), (-0.0924482, 0.550096, -0.0193527), (-0.039951, 0.536955, 0.053391), (-0.0772952, 0.577029, 0.0565421), (-0.146271, 0.464979, -0.0524181), (-0.120388, 0.456345, -0.0495637), (-0.281203, 0.419114, 0.307215), (-0.268163, 0.46287, 0.321315), (-0.164943, 0.485016, -0.0508426), (-0.222285, 0.446869, -0.00643773), (-0.171401, 0.511088, -0.0452593), (-0.235201, 0.499013, 0.00472885), (-0.302835, 0.434799, 0.25014), (-0.121255, 0.317954, 0.255351), (-0.0808579, 0.399695, 0.00915901), (-0.146783, 0.332616, 0.311074), (-0.234328, 0.493244, 0.336012), (-0.177964, 0.546898, 0.30438), (-0.188764, 0.502099, 0.347368), (-0.117063, 0.526583, 0.311096), (-0.0942295, 0.461428, -0.0430442), (-0.28764, 0.373454, 0.237002), (-0.269954, 0.373701, 0.29749), (-0.23743, 0.3388, 0.294746), (-0.192347, 0.323762, 0.299718)]
        normal3f[] normals = [(1, 0, 0), (1, 0, 0), (1, 0, 0), (1, 0, 0), (1, 0, 0), (1, 0, 0), (1, 0, 0), (1, 0, 0), (1, 0, 0), (1, 0, 0), (1, 0, 0), (1, 0, 0), (1, 0, 0), (1, 0, 0), (1, 0, 0), (1, 0, 0), (1, 0, 0), (1, 0, 0), (-0.376065, 0.609155, -0.698216), (-0.0633497, 0.195429, -0.97867), (-0.791853, 0.215431, -0.571452), (-0.239846, 0.0826529, -0.967286), (-0.791853, 0.215431, -0.571452), (-0.0633497, 0.195429, -0.97867), (-0.968566, 0.193512, -0.156311), (-0.791853, 0.215431, -0.571452), (-0.986444, 0, -0.164096), (-0.786028, 0, -0.618191), (-0.986444, 0, -0.164096), (-0.791853, 0.215431, -0.571452), (-0.376065, 0.609155, -0.698216), (-0.791853, 0.215431, -0.571452), (-0.61822, 0.75818, -0.207285), (-0.968566, 0.193512, -0.156311), (-0.61822, 0.75818, -0.207285), (-0.791853, 0.215431, -0.571452), (-0.791853, 0.215431, -0.571452), (-0.239846, 0.0826529, -0.967286), (-0.786028, 0, -0.618191), (-0.201644, 0, -0.979459), (-0.786028, 0, -0.618191), (-0.239846, 0.0826529, -0.967286), (-0.376065, 0.609155, -0.698216), (0, 0.707107, -0.707107), (-0.0633497, 0.195429, -0.97867), (0, 0.19509, -0.980785), (-0.0633497, 0.195429, -0.97867), (0, 0.707107, -0.707107), (0, 0.707107, -0.707107), (-0.376065, 0.609155, -0.698216), (0, 0.980785, -0.19509), (-0.61822, 0.75818, -0.207285), (0, 0.980785, -0.19509), (-0.376065, 0.609155, -0.698216), (0, 0.980785, 0.19509), (0, 0.980785, -0.19509), (-0.61822, 0.75818, 0.207285), (-0.61822, 0.75818, -0.207285), (-0.61822, 0.75818, 0.207285), (0, 0.980785, -0.19509), (0, -1, 0), (0, -1, 0), (0, -1, 0), (0, -1, 0), (0, -1, 0), (0, -1, 0), (0, -1, 0), (0, -1, 0), (0, -1, 0), (0, -1, 0), (0, -1, 0), (0, -1, 0), (0, -1, 0), (0, -1, 0), (0, -1, 0), (0, -1, 0), (0, -1, 0), (0, -1, 0), (-0.239846, 0.0826529, 0.967286), (-0.791853, 0.215431, 0.571452), (-0.201644, 0, 0.979459), (-0.786028, 0, 0.618191), (-0.201644, 0, 0.979459), (-0.791853, 0.215431, 0.571452), (-0.376065, 0.609155, 0.698216), (-0.0633497, 0.195429, 0.97867), (0, 0.707107, 0.707107), (0, 0.19509, 0.980785), (0, 0.707107, 0.707107), (-0.0633497, 0.195429, 0.97867), (-0.376065, 0.609155, 0.698216), (-0.791853, 0.215431, 0.571452), (-0.0633497, 0.195429, 0.97867), (-0.239846, 0.0826529, 0.967286), (-0.0633497, 0.195429, 0.97867), (-0.791853, 0.215431, 0.571452), (-0.791853, 0.215431, 0.571452), (-0.968566, 0.193512, 0.156311), (-0.786028, 0, 0.618191), (-0.986444, 0, 0.164096), (-0.786028, 0, 0.618191), (-0.968566, 0.193512, 0.156311), (-0.376065, 0.609155, 0.698216), (-0.61822, 0.75818, 0.207285), (-0.791853, 0.215431, 0.571452), (-0.968566, 0.193512, 0.156311), (-0.791853, 0.215431, 0.571452), (-0.61822, 0.75818, 0.207285), (0, 0.707107, 0.707107), (0, 0.980785, 0.19509), (-0.376065, 0.609155, 0.698216), (-0.61822, 0.75818, 0.207285), (-0.376065, 0.609155, 0.698216), (0, 0.980785, 0.19509), (-0.61822, 0.75818, 0.207285), (-0.61822, 0.75818, -0.207285), (-0.968566, 0.193512, 0.156311), (-0.968566, 0.193512, -0.156311), (-0.968566, 0.193512, 0.156311), (-0.61822, 0.75818, -0.207285), (-0.986444, 0, 0.164096), (-0.968566, 0.193512, 0.156311), (-0.986444, 0, -0.164096), (-0.968566, 0.193512, -0.156311), (-0.986444, 0, -0.164096), (-0.968566, 0.193512, 0.156311), (-0.0633497, 0.195429, -0.97867), (0, 0.19509, -0.980785), (-0.239846, 0.0826529, -0.967286), (-0.239846, 0.0826529, -0.967286), (0, 0.19509, -0.980785), (-0.201644, 0, -0.979459), (0, 0, -1), (-0.201644, 0, -0.979459), (0, 0.19509, -0.980785), (-0.0633497, 0.195429, 0.97867), (-0.239846, 0.0826529, 0.967286), (0, 0.19509, 0.980785), (0, 0.19509, 0.980785), (-0.239846, 0.0826529, 0.967286), (0, 0, 1), (-0.201644, 0, 0.979459), (0, 0, 1), (-0.239846, 0.0826529, 0.967286), (0.901796, 0.247506, 0.354266), (0.980785, 0, -0.19509), (0.942729, 0.270371, -0.19535), (0.980785, 0, -0.19509), (0.901796, 0.247506, 0.354266), (0.923879, 0, 0.382683), (0, -1, 0), (0, -1, 0), (0, -1, 0), (0, -1, 0), (0, -1, 0), (0, -1, 0), (0, -1, 0), (0, -1, 0), (0, -1, 0), (0, -1, 0), (0, -1, 0), (0, -1, 0), (0, -1, 0), (0, -1, 0), (0, -1, 0), (0, -1, 0), (0, -1, 0), (0, -1, 0), (0, -1, 0), (0, -1, 0), (0, -1, 0), (0, -1, 0), (0, -1, 0), (0, -1, 0), (0, -1, 0), (0, -1, 0), (0, -1, 0), (0, -1, 0), (0, -1, 0), (0, -1, 0), (0, -1, 0), (0, -1, 0), (0, -1, 0), (0, -1, 0), (0, -1, 0), (0, -1, 0), (0, 0.19509, -0.980785), (0.19509, 0, -0.980785), (0, 0, -1), (0.19509, 0, -0.980785), (0, 0.19509, -0.980785), (0.211649, 0.0607, -0.975459), (0.211649, 0.0607, -0.975459), (0, 0.19509, -0.980785), (0.10941, 0.197403, -0.974198), (0.528101, 0.809304, 0.25717), (0.942729, 0.270371, -0.19535), (0.474361, 0.855865, -0.206098), (0.942729, 0.270371, -0.19535), (0.528101, 0.809304, 0.25717), (0.901796, 0.247506, 0.354266), (0.354266, 0.247506, 0.901796), (-0.382683, 0, 0.923879), (0.382683, 0, 0.923879), (-0.382683, 0, 0.923879), (0.354266, 0.247506, 0.901796), (-0.354266, 0.247506, 0.901796), (0, 0, -1), (0, 0, -1), (0, 0, -1), (0, 0, -1), (0, 0, -1), (0, 0, -1), (0.25717, 0.809304, 0.528101), (-0.354266, 0.247506, 0.901796), (0.354266, 0.247506, 0.901796), (-0.354266, 0.247506, 0.901796), (0.25717, 0.809304, 0.528101), (-0.25717, 0.809304, 0.528101), (-0.211649, 0.0607, -0.975459), (0, 0, -1), (-0.19509, 0, -0.980785), (0, 0, -1), (-0.211649, 0.0607, -0.975459), (0, 0.19509, -0.980785), (0, 0.19509, -0.980785), (-0.211649, 0.0607, -0.975459), (-0.10941, 0.197403, -0.974198), (0.25717, 0.809304, 0.528101), (0.901796, 0.247506, 0.354266), (0.528101, 0.809304, 0.25717), (0.901796, 0.247506, 0.354266), (0.25717, 0.809304, 0.528101), (0.354266, 0.247506, 0.901796), (-0.25717, 0.809304, 0.528101), (-0.901796, 0.247506, 0.354266), (-0.354266, 0.247506, 0.901796), (-0.901796, 0.247506, 0.354266), (-0.25717, 0.809304, 0.528101), (-0.528101, 0.809304, 0.25717), (-0.354266, 0.247506, 0.901796), (-0.923879, 0, 0.382683), (-0.382683, 0, 0.923879), (-0.923879, 0, 0.382683), (-0.354266, 0.247506, 0.901796), (-0.901796, 0.247506, 0.354266), (0.354266, 0.247506, 0.901796), (0.923879, 0, 0.382683), (0.901796, 0.247506, 0.354266), (0.923879, 0, 0.382683), (0.354266, 0.247506, 0.901796), (0.382683, 0, 0.923879), (-0.474361, 0.855865, -0.206098), (0, 1, 0), (0, 0.980785, -0.19509), (-0.528101, 0.809304, 0.25717), (0, 1, 0), (-0.474361, 0.855865, -0.206098), (-0.25717, 0.809304, 0.528101), (0, 1, 0), (-0.528101, 0.809304, 0.25717), (-0.25717, 0.809304, 0.528101), (0, 1, 0), (0, 1, 0), (0.25717, 0.809304, 0.528101), (0, 1, 0), (-0.25717, 0.809304, 0.528101), (0.25717, 0.809304, 0.528101), (0, 0.980785, -0.19509), (0, 1, 0), (0.528101, 0.809304, 0.25717), (0, 0.980785, -0.19509), (0.25717, 0.809304, 0.528101), (0, 0.980785, -0.19509), (0.528101, 0.809304, 0.25717), (0.474361, 0.855865, -0.206098), (0.942729, 0.270371, -0.19535), (0.707107, 0, -0.707107), (0.700615, 0.200934, -0.684664), (0.707107, 0, -0.707107), (0.942729, 0.270371, -0.19535), (0.980785, 0, -0.19509), (0.353423, 0.637662, -0.684456), (0, 0.980785, -0.19509), (0.474361, 0.855865, -0.206098), (0, 0.980785, -0.19509), (0.353423, 0.637662, -0.684456), (0, 0.707107, -0.707107), (0, 0.707107, -0.707107), (0.10941, 0.197403, -0.974198), (0, 0.19509, -0.980785), (0.10941, 0.197403, -0.974198), (0, 0.707107, -0.707107), (0.353423, 0.637662, -0.684456), (0.211649, 0.0607, -0.975459), (0.707107, 0, -0.707107), (0.19509, 0, -0.980785), (0.707107, 0, -0.707107), (0.211649, 0.0607, -0.975459), (0.700615, 0.200934, -0.684664), (0.474361, 0.855865, -0.206098), (0.700615, 0.200934, -0.684664), (0.353423, 0.637662, -0.684456), (0.700615, 0.200934, -0.684664), (0.474361, 0.855865, -0.206098), (0.942729, 0.270371, -0.19535), (0.10941, 0.197403, -0.974198), (0.700615, 0.200934, -0.684664), (0.211649, 0.0607, -0.975459), (0.700615, 0.200934, -0.684664), (0.10941, 0.197403, -0.974198), (0.353423, 0.637662, -0.684456), (-1, 0, 0), (-1, 0, 0), (-1, 0, 0), (-1, 0, 0), (-1, 0, 0), (-1, 0, 0), (-1, 0, 0), (-1, 0, 0), (-1, 0, 0), (-1, 0, 0), (-1, 0, 0), (-1, 0, 0), (-0.923879, 0, 0.382683), (-0.942729, 0.270371, -0.19535), (-0.980785, 0, -0.19509), (-0.942729, 0.270371, -0.19535), (-0.923879, 0, 0.382683), (-0.901796, 0.247506, 0.354266), (-0.901796, 0.247506, 0.354266), (-0.474361, 0.855865, -0.206098), (-0.942729, 0.270371, -0.19535), (-0.474361, 0.855865, -0.206098), (-0.901796, 0.247506, 0.354266), (-0.528101, 0.809304, 0.25717), (-0.10941, 0.197403, -0.974198), (0, 0.707107, -0.707107), (0, 0.19509, -0.980785), (0, 0.707107, -0.707107), (-0.10941, 0.197403, -0.974198), (-0.353423, 0.637662, -0.684456), (-0.980785, 0, -0.19509), (-0.700615, 0.200934, -0.684664), (-0.707107, 0, -0.707107), (-0.700615, 0.200934, -0.684664), (-0.980785, 0, -0.19509), (-0.942729, 0.270371, -0.19535), (-0.942729, 0.270371, -0.19535), (-0.353423, 0.637662, -0.684456), (-0.700615, 0.200934, -0.684664), (-0.353423, 0.637662, -0.684456), (-0.942729, 0.270371, -0.19535), (-0.474361, 0.855865, -0.206098), (-0.700615, 0.200934, -0.684664), (-0.19509, 0, -0.980785), (-0.707107, 0, -0.707107), (-0.19509, 0, -0.980785), (-0.700615, 0.200934, -0.684664), (-0.211649, 0.0607, -0.975459), (-0.700615, 0.200934, -0.684664), (-0.10941, 0.197403, -0.974198), (-0.211649, 0.0607, -0.975459), (-0.10941, 0.197403, -0.974198), (-0.700615, 0.200934, -0.684664), (-0.353423, 0.637662, -0.684456), (-0.353423, 0.637662, -0.684456), (0, 0.980785, -0.19509), (0, 0.707107, -0.707107), (0, 0.980785, -0.19509), (-0.353423, 0.637662, -0.684456), (-0.474361, 0.855865, -0.206098), (1, 0, 0), (1, 0, 0), (1, 0, 0), (1, 0, 0), (1, 0, 0), (1, 0, 0), (1, 0, 0), (1, 0, 0), (1, 0, 0), (1, 0, 0), (1, 0, 0), (1, 0, 0), (0, -0.965926, 0.258819), (0, -0.998557, 0.0536956), (0, -0.965926, 0.258819), (0, -0.998557, 0.0536956), (0, -0.965926, 0.258819), (0, -0.998557, 0.0536956), (-1, 0, 0), (-1, 0, 0), (-1, 0, 0), (-1, 0, 0), (-1, 0, 0), (-1, 0, 0), (-1, 0, 0), (-1, 0, 0), (-1, 0, 0), (-1, 0, 0), (-1, 0, 0), (-1, 0, 0), (-1, 0, 0), (-1, 0, 0), (-1, 0, 0), (-1, 0, 0), (-1, 0, 0), (-1, 0, 0), (-1, 0, 0), (-1, 0, 0), (-1, 0, 0), (-1, 0, 0), (-1, 0, 0), (-1, 0, 0), (1, 0, 0), (1, 0, 0), (1, 0, 0), (1, 0, 0), (1, 0, 0), (1, 0, 0), (1, 0, 0), (1, 0, 0), (1, 0, 0), (1, 0, 0), (1, 0, 0), (1, 0, 0), (1, 0, 0), (1, 0, 0), (1, 0, 0), (1, 0, 0), (1, 0, 0), (1, 0, 0), (1, 0, 0), (1, 0, 0), (1, 0, 0), (1, 0, 0), (1, 0, 0), (1, 0, 0), (0, 0.5, -0.866025), (0, 0.130526, -0.991445), (0, 0.130526, -0.991445), (0, 0.130526, -0.991445), (0, 0.5, -0.866025), (0, 0.5, -0.866025), (0, 0.5, -0.866025), (0, 0.793353, -0.608761), (0, 0.5, -0.866025), (0, 0.793353, -0.608761), (0, 0.5, -0.866025), (0, 0.793353, -0.608761), (0, 0.793353, -0.608761), (0, 0.968895, -0.247473), (0, 0.793353, -0.608761), (0, 0.968895, -0.247473), (0, 0.793353, -0.608761), (0, 0.968895, -0.247473), (0, 0.130526, -0.991445), (0, -0.27013, -0.962824), (0, -0.27013, -0.962824), (0, -0.27013, -0.962824), (0, 0.130526, -0.991445), (0, 0.130526, -0.991445), (0, -0.998557, 0.0536956), (0, -0.812847, -0.582478), (0, -0.998557, 0.0536956), (0, -0.812847, -0.582478), (0, -0.998557, 0.0536956), (0, -0.812847, -0.582478), (0, -0.27013, -0.962824), (0, -0.812847, -0.582478), (0, -0.812847, -0.582478), (0, -0.812847, -0.582478), (0, -0.27013, -0.962824), (0, -0.27013, -0.962824), (0, 0.452777, 0.891624), (0, 0.258819, 0.965926), (0, 0.258819, 0.965926), (0, 0.258819, 0.965926), (0, 0.452777, 0.891624), (0, 0.452777, 0.891624), (0, 0.968895, -0.247473), (0, 0.910864, 0.412707), (0, 0.968895, -0.247473), (0, 0.910864, 0.412707), (0, 0.968895, -0.247473), (0, 0.910864, 0.412707), (0, 0.910864, 0.412707), (0, 0.452777, 0.891624), (0, 0.452777, 0.891624), (0, 0.452777, 0.891624), (0, 0.910864, 0.412707), (0, 0.910864, 0.412707), (0.239846, 0.0826529, 0.967286), (0, 0, 1), (0.201644, 0, 0.979459), (0, 0, 1), (0.239846, 0.0826529, 0.967286), (0, 0.19509, 0.980785), (0, 0.19509, 0.980785), (0.239846, 0.0826529, 0.967286), (0.0633497, 0.195429, 0.97867), (0, 0.19509, -0.980785), (0.201644, 0, -0.979459), (0, 0, -1), (0.201644, 0, -0.979459), (0, 0.19509, -0.980785), (0.239846, 0.0826529, -0.967286), (0.239846, 0.0826529, -0.967286), (0, 0.19509, -0.980785), (0.0633497, 0.195429, -0.97867), (0.968566, 0.193512, 0.156311), (0.986444, 0, -0.164096), (0.968566, 0.193512, -0.156311), (0.986444, 0, -0.164096), (0.968566, 0.193512, 0.156311), (0.986444, 0, 0.164096), (0.61822, 0.75818, -0.207285), (0.968566, 0.193512, 0.156311), (0.968566, 0.193512, -0.156311), (0.968566, 0.193512, 0.156311), (0.61822, 0.75818, -0.207285), (0.61822, 0.75818, 0.207285), (0, 0.980785, 0.19509), (0.376065, 0.609155, 0.698216), (0.61822, 0.75818, 0.207285), (0.376065, 0.609155, 0.698216), (0, 0.980785, 0.19509), (0, 0.707107, 0.707107), (0.61822, 0.75818, 0.207285), (0.791853, 0.215431, 0.571452), (0.968566, 0.193512, 0.156311), (0.791853, 0.215431, 0.571452), (0.61822, 0.75818, 0.207285), (0.376065, 0.609155, 0.698216), (0.968566, 0.193512, 0.156311), (0.786028, 0, 0.618191), (0.986444, 0, 0.164096), (0.786028, 0, 0.618191), (0.968566, 0.193512, 0.156311), (0.791853, 0.215431, 0.571452), (0.791853, 0.215431, 0.571452), (0.0633497, 0.195429, 0.97867), (0.239846, 0.0826529, 0.967286), (0.0633497, 0.195429, 0.97867), (0.791853, 0.215431, 0.571452), (0.376065, 0.609155, 0.698216), (0.0633497, 0.195429, 0.97867), (0, 0.707107, 0.707107), (0, 0.19509, 0.980785), (0, 0.707107, 0.707107), (0.0633497, 0.195429, 0.97867), (0.376065, 0.609155, 0.698216), (0.791853, 0.215431, 0.571452), (0.201644, 0, 0.979459), (0.786028, 0, 0.618191), (0.201644, 0, 0.979459), (0.791853, 0.215431, 0.571452), (0.239846, 0.0826529, 0.967286), (0, -1, 0), (0, -1, 0), (0, -1, 0), (0, -1, 0), (0, -1, 0), (0, -1, 0), (0, -1, 0), (0, -1, 0), (0, -1, 0), (0, -1, 0), (0, -1, 0), (0, -1, 0), (0, -1, 0), (0, -1, 0), (0, -1, 0), (0, -1, 0), (0, -1, 0), (0, -1, 0), (0, 0.980785, -0.19509), (0.61822, 0.75818, 0.207285), (0.61822, 0.75818, -0.207285), (0.61822, 0.75818, 0.207285), (0, 0.980785, -0.19509), (0, 0.980785, 0.19509), (0.376065, 0.609155, -0.698216), (0, 0.980785, -0.19509), (0.61822, 0.75818, -0.207285), (0, 0.980785, -0.19509), (0.376065, 0.609155, -0.698216), (0, 0.707107, -0.707107), (0, 0.707107, -0.707107), (0.0633497, 0.195429, -0.97867), (0, 0.19509, -0.980785), (0.0633497, 0.195429, -0.97867), (0, 0.707107, -0.707107), (0.376065, 0.609155, -0.698216), (0.239846, 0.0826529, -0.967286), (0.786028, 0, -0.618191), (0.201644, 0, -0.979459), (0.786028, 0, -0.618191), (0.239846, 0.0826529, -0.967286), (0.791853, 0.215431, -0.571452), (0.791853, 0.215431, -0.571452), (0.61822, 0.75818, -0.207285), (0.968566, 0.193512, -0.156311), (0.61822, 0.75818, -0.207285), (0.791853, 0.215431, -0.571452), (0.376065, 0.609155, -0.698216), (0.791853, 0.215431, -0.571452), (0.986444, 0, -0.164096), (0.786028, 0, -0.618191), (0.986444, 0, -0.164096), (0.791853, 0.215431, -0.571452), (0.968566, 0.193512, -0.156311), (0.0633497, 0.195429, -0.97867), (0.791853, 0.215431, -0.571452), (0.239846, 0.0826529, -0.967286), (0.791853, 0.215431, -0.571452), (0.0633497, 0.195429, -0.97867), (0.376065, 0.609155, -0.698216), (-1, 0, 0), (-1, 0, 0), (-1, 0, 0), (-1, 0, 0), (-1, 0, 0), (-1, 0, 0), (-1, 0, 0), (-1, 0, 0), (-1, 0, 0), (-1, 0, 0), (-1, 0, 0), (-1, 0, 0), (-1, 0, 0), (-1, 0, 0), (-1, 0, 0), (-1, 0, 0), (-1, 0, 0), (-1, 0, 0), (0.994271, -0.0755785, 0.0755785), (0.703056, -0.572714, -0.421557), (0.703056, -0.572714, -0.421557), (0.703056, -0.572714, -0.421557), (0.994271, -0.0755785, 0.0755785), (0.994271, -0.0755785, 0.0755785), (-0.703056, -0.572714, -0.421557), (-0.994271, -0.0755785, 0.0755785), (-0.703056, -0.572714, -0.421557), (-0.994271, -0.0755785, 0.0755785), (-0.703056, -0.572714, -0.421557), (-0.994271, -0.0755785, 0.0755785), (0.703056, 0.421557, 0.572714), (0, 0.627478, 0.778635), (0, 0.627478, 0.778635), (0, 0.627478, 0.778635), (0.703056, 0.421557, 0.572714), (0.703056, 0.421557, 0.572714), (0, 0.627478, 0.778635), (-0.703056, 0.421557, 0.572714), (0, 0.627478, 0.778635), (-0.703056, 0.421557, 0.572714), (0, 0.627478, 0.778635), (-0.703056, 0.421557, 0.572714), (-0.703056, -0.572714, -0.421557), (0, -0.778635, -0.627478), (-0.703056, -0.572714, -0.421557), (0, -0.778635, -0.627478), (-0.703056, -0.572714, -0.421557), (0, -0.778635, -0.627478), (0.703056, 0.421557, 0.572714), (0.994271, -0.0755785, 0.0755785), (0.994271, -0.0755785, 0.0755785), (0.994271, -0.0755785, 0.0755785), (0.703056, 0.421557, 0.572714), (0.703056, 0.421557, 0.572714), (-0.994271, -0.0755785, 0.0755785), (-0.703056, 0.421557, 0.572714), (-0.994271, -0.0755785, 0.0755785), (-0.703056, 0.421557, 0.572714), (-0.994271, -0.0755785, 0.0755785), (-0.703056, 0.421557, 0.572714), (0, -0.778635, -0.627478), (0.703056, -0.572714, -0.421557), (0.703056, -0.572714, -0.421557), (0.703056, -0.572714, -0.421557), (0, -0.778635, -0.627478), (0, -0.778635, -0.627478), (0, -0.707107, 0.707107), (0, -0.707107, 0.707107), (0, -0.707107, 0.707107), (0, -0.707107, 0.707107), (0, -0.707107, 0.707107), (0, -0.707107, 0.707107), (0, -0.707107, 0.707107), (0, -0.707107, 0.707107), (0, -0.707107, 0.707107), (0, -0.707107, 0.707107), (0, -0.707107, 0.707107), (0, -0.707107, 0.707107), (0, -0.707107, 0.707107), (0, -0.707107, 0.707107), (0, -0.707107, 0.707107), (0, -0.707107, 0.707107), (0, -0.707107, 0.707107), (0, -0.707107, 0.707107), (0, -0.707107, 0.707107), (0, -0.707107, 0.707107), (0, -0.707107, 0.707107), (0, -0.707107, 0.707107), (0, -0.707107, 0.707107), (0, -0.707107, 0.707107), (0, -0.707107, 0.707107), (0, -0.707107, 0.707107), (0, -0.707107, 0.707107), (0, -0.707107, 0.707107), (0, -0.707107, 0.707107), (0, -0.707107, 0.707107), (0, -0.707107, 0.707107), (0, -0.707107, 0.707107), (0, -0.707107, 0.707107), (0, -0.707107, 0.707107), (0, -0.707107, 0.707107), (0, -0.707107, 0.707107), (0, -0.707107, 0.707107), (0, -0.707107, 0.707107), (0, -0.707107, 0.707107), (0, -0.707107, 0.707107), (0, -0.707107, 0.707107), (0, -0.707107, 0.707107), (0, -0.707107, 0.707107), (0, -0.707107, 0.707107), (0, -0.707107, 0.707107), (0, -0.707107, 0.707107), (0, -0.707107, 0.707107), (0, -0.707107, 0.707107), (0, -0.707107, 0.707107), (0, -0.707107, 0.707107), (0, -0.707107, 0.707107), (0, -0.707107, 0.707107), (0, -0.707107, 0.707107), (0, -0.707107, 0.707107), (0, -0.707107, 0.707107), (0, -0.707107, 0.707107), (0, -0.707107, 0.707107), (0, -0.707107, 0.707107), (0, -0.707107, 0.707107), (0, -0.707107, 0.707107), (0, -0.707107, 0.707107), (0, -0.707107, 0.707107), (0, -0.707107, 0.707107), (0, -0.707107, 0.707107), (0, -0.707107, 0.707107), (0, -0.707107, 0.707107), (0, -0.730602, -0.682804), (0.706703, -0.523613, -0.475816), (0.706703, -0.523613, -0.475816), (0.706703, -0.523613, -0.475816), (0, -0.730602, -0.682804), (0, -0.730602, -0.682804), (-0.706703, -0.523613, -0.475816), (0, -0.730602, -0.682804), (-0.706703, -0.523613, -0.475816), (0, -0.730602, -0.682804), (-0.706703, -0.523613, -0.475816), (0, -0.730602, -0.682804), (0.999429, -0.0238987, 0.0238987), (0.706703, -0.523613, -0.475816), (0.706703, -0.523613, -0.475816), (0.706703, -0.523613, -0.475816), (0.999429, -0.0238987, 0.0238987), (0.999429, -0.0238987, 0.0238987), (0.706703, 0.475816, 0.523613), (0.999429, -0.0238987, 0.0238987), (0.999429, -0.0238987, 0.0238987), (0.999429, -0.0238987, 0.0238987), (0.706703, 0.475816, 0.523613), (0.706703, 0.475816, 0.523613), (-0.706703, -0.523613, -0.475816), (-0.999429, -0.0238987, 0.0238987), (-0.706703, -0.523613, -0.475816), (-0.999429, -0.0238987, 0.0238987), (-0.706703, -0.523613, -0.475816), (-0.999429, -0.0238987, 0.0238987), (0, 0.682804, 0.730601), (-0.706703, 0.475816, 0.523613), (0, 0.682804, 0.730601), (-0.706703, 0.475816, 0.523613), (0, 0.682804, 0.730601), (-0.706703, 0.475816, 0.523613), (0.706703, 0.475816, 0.523613), (0, 0.682804, 0.730601), (0.706703, 0.475816, 0.523613), (0, 0.682804, 0.730601), (0.706703, 0.475816, 0.523613), (0, 0.682804, 0.730601), (-0.999429, -0.0238987, 0.0238987), (-0.706703, 0.475816, 0.523613), (-0.999429, -0.0238987, 0.0238987), (-0.706703, 0.475816, 0.523613), (-0.999429, -0.0238987, 0.0238987), (-0.706703, 0.475816, 0.523613), (0.994271, -0.0755785, 0.0755785), (0.703056, -0.572714, -0.421557), (0.703056, -0.572714, -0.421557), (0.703056, -0.572714, -0.421557), (0.994271, -0.0755785, 0.0755785), (0.994271, -0.0755785, 0.0755785), (-0.703056, -0.572714, -0.421557), (-0.994271, -0.0755785, 0.0755785), (-0.703056, -0.572714, -0.421557), (-0.994271, -0.0755785, 0.0755785), (-0.703056, -0.572714, -0.421557), (-0.994271, -0.0755785, 0.0755785), (0.703056, 0.421557, 0.572714), (0, 0.627478, 0.778635), (0, 0.627478, 0.778635), (0, 0.627478, 0.778635), (0.703056, 0.421557, 0.572714), (0.703056, 0.421557, 0.572714), (0, 0.627478, 0.778635), (-0.703056, 0.421557, 0.572714), (0, 0.627478, 0.778635), (-0.703056, 0.421557, 0.572714), (0, 0.627478, 0.778635), (-0.703056, 0.421557, 0.572714), (-0.703056, -0.572714, -0.421557), (0, -0.778635, -0.627478), (-0.703056, -0.572714, -0.421557), (0, -0.778635, -0.627478), (-0.703056, -0.572714, -0.421557), (0, -0.778635, -0.627478), (0.994271, -0.0755785, 0.0755785), (0.703056, 0.421557, 0.572714), (0.994271, -0.0755785, 0.0755785), (0.703056, 0.421557, 0.572714), (0.994271, -0.0755785, 0.0755785), (0.703056, 0.421557, 0.572714), (-0.703056, 0.421557, 0.572714), (-0.994271, -0.0755785, 0.0755785), (-0.994271, -0.0755785, 0.0755785), (-0.994271, -0.0755785, 0.0755785), (-0.703056, 0.421557, 0.572714), (-0.703056, 0.421557, 0.572714), (0, -0.778635, -0.627478), (0.703056, -0.572714, -0.421557), (0.703056, -0.572714, -0.421557), (0.703056, -0.572714, -0.421557), (0, -0.778635, -0.627478), (0, -0.778635, -0.627478), (0, -0.707107, 0.707107), (0, -0.707107, 0.707107), (0, -0.707107, 0.707107), (0, -0.707107, 0.707107), (0, -0.707107, 0.707107), (0, -0.707107, 0.707107), (0, -0.707107, 0.707107), (0, -0.707107, 0.707107), (0, -0.707107, 0.707107), (0, -0.707107, 0.707107), (0, -0.707107, 0.707107), (0, -0.707107, 0.707107), (0, -0.707107, 0.707107), (0, -0.707107, 0.707107), (0, -0.707107, 0.707107), (0, -0.707107, 0.707107), (0, -0.707107, 0.707107), (0, -0.707107, 0.707107), (0, -0.707107, 0.707107), (0, -0.707107, 0.707107), (0, -0.707107, 0.707107), (0, -0.707107, 0.707107), (0, -0.707107, 0.707107), (0, -0.707107, 0.707107), (0, -0.707107, 0.707107), (0, -0.707107, 0.707107), (0, -0.707107, 0.707107), (0, -0.707107, 0.707107), (0, -0.707107, 0.707107), (0, -0.707107, 0.707107), (0, -0.707107, 0.707107), (0, -0.707107, 0.707107), (0, -0.707107, 0.707107), (0, -0.707107, 0.707107), (0, -0.707107, 0.707107), (0, -0.707107, 0.707107), (0, -0.707107, 0.707107), (0, -0.707107, 0.707107), (0, -0.707107, 0.707107), (0, -0.707107, 0.707107), (0, -0.707107, 0.707107), (0, -0.707107, 0.707107), (0, -0.707107, 0.707107), (0, -0.707107, 0.707107), (0, -0.707107, 0.707107), (0, -0.707107, 0.707107), (0, -0.707107, 0.707107), (0, -0.707107, 0.707107), (0, -0.707107, 0.707107), (0, -0.707107, 0.707107), (0, -0.707107, 0.707107), (0, -0.707107, 0.707107), (0, -0.707107, 0.707107), (0, -0.707107, 0.707107), (0, -0.707107, 0.707107), (0, -0.707107, 0.707107), (0, -0.707107, 0.707107), (0, -0.707107, 0.707107), (0, -0.707107, 0.707107), (0, -0.707107, 0.707107), (0, -0.707107, 0.707107), (0, -0.707107, 0.707107), (0, -0.707107, 0.707107), (0, -0.707107, 0.707107), (0, -0.707107, 0.707107), (0, -0.707107, 0.707107), (-0.706703, -0.523613, -0.475816), (0, -0.730602, -0.682804), (-0.706703, -0.523613, -0.475816), (0, -0.730602, -0.682804), (-0.706703, -0.523613, -0.475816), (0, -0.730602, -0.682804), (0.706703, 0.475816, 0.523613), (0.999429, -0.0238987, 0.0238987), (0.999429, -0.0238987, 0.0238987), (0.999429, -0.0238987, 0.0238987), (0.706703, 0.475816, 0.523613), (0.706703, 0.475816, 0.523613), (0.999429, -0.0238987, 0.0238987), (0.706703, -0.523613, -0.475816), (0.706703, -0.523613, -0.475816), (0.706703, -0.523613, -0.475816), (0.999429, -0.0238987, 0.0238987), (0.999429, -0.0238987, 0.0238987), (-0.706703, -0.523613, -0.475816), (-0.999429, -0.0238987, 0.0238987), (-0.706703, -0.523613, -0.475816), (-0.999429, -0.0238987, 0.0238987), (-0.706703, -0.523613, -0.475816), (-0.999429, -0.0238987, 0.0238987), (0, 0.682804, 0.730601), (-0.706703, 0.475816, 0.523613), (-0.706703, 0.475816, 0.523613), (-0.706703, 0.475816, 0.523613), (0, 0.682804, 0.730601), (0, 0.682804, 0.730601), (-0.706703, 0.475816, 0.523613), (-0.999429, -0.0238987, 0.0238987), (-0.999429, -0.0238987, 0.0238987), (-0.999429, -0.0238987, 0.0238987), (-0.706703, 0.475816, 0.523613), (-0.706703, 0.475816, 0.523613), (0.706703, 0.475816, 0.523613), (0, 0.682804, 0.730601), (0.706703, 0.475816, 0.523613), (0, 0.682804, 0.730601), (0.706703, 0.475816, 0.523613), (0, 0.682804, 0.730601), (0, -0.730602, -0.682804), (0.706703, -0.523613, -0.475816), (0.706703, -0.523613, -0.475816), (0.706703, -0.523613, -0.475816), (0, -0.730602, -0.682804), (0, -0.730602, -0.682804), (-1, 0, 0), (-1, 0, 0), (-1, 0, 0), (-1, 0, 0), (-1, 0, 0), (-1, 0, 0), (0, 0.707107, -0.707107), (0, -0.707107, -0.707107), (0, -0.707107, -0.707107), (0, -0.707107, -0.707107), (0, 0.707107, -0.707107), (0, 0.707107, -0.707107), (1, 0, 0), (1, 0, 0), (1, 0, 0), (1, 0, 0), (1, 0, 0), (1, 0, 0), (0, 0.707107, 0.707107), (0, -0.707107, 0.707107), (0, -0.707107, 0.707107), (0, -0.707107, 0.707107), (0, 0.707107, 0.707107), (0, 0.707107, 0.707107), (0, 0.707107, -0.707107), (0, 0.707107, 0.707107), (0, 0.707107, -0.707107), (0, 0.707107, 0.707107), (0, 0.707107, -0.707107), (0, 0.707107, 0.707107), (0, -0.707107, 0.707107), (0, -0.707107, -0.707107), (0, -0.707107, 0.707107), (0, -0.707107, -0.707107), (0, -0.707107, 0.707107), (0, -0.707107, -0.707107), (-1, 0, 0), (-1, 0, 0), (-1, 0, 0), (-1, 0, 0), (-1, 0, 0), (-1, 0, 0), (0, 0.707107, -0.707107), (0, -0.707107, -0.707107), (0, -0.707107, -0.707107), (0, -0.707107, -0.707107), (0, 0.707107, -0.707107), (0, 0.707107, -0.707107), (1, 0, 0), (1, 0, 0), (1, 0, 0), (1, 0, 0), (1, 0, 0), (1, 0, 0), (0, 0.707107, 0.707107), (0, -0.707107, 0.707107), (0, -0.707107, 0.707107), (0, -0.707107, 0.707107), (0, 0.707107, 0.707107), (0, 0.707107, 0.707107), (0, 0.707107, -0.707107), (0, 0.707107, 0.707107), (0, 0.707107, -0.707107), (0, 0.707107, 0.707107), (0, 0.707107, -0.707107), (0, 0.707107, 0.707107), (0, -0.707107, 0.707107), (0, -0.707107, -0.707107), (0, -0.707107, 0.707107), (0, -0.707107, -0.707107), (0, -0.707107, 0.707107), (0, -0.707107, -0.707107), (0, -1, 0), (0, -1, 0), (0, -1, 0), (0, -1, 0), (0, -1, 0), (0, -1, 0), (-1, 0, 0), (-1, 0, 0), (-1, 0, 0), (-1, 0, 0), (-1, 0, 0), (-1, 0, 0), (0, 0, 1), (0, 0, 1), (0, 0, 1), (0, 0, 1), (0, 0, 1), (0, 0, 1), (0, 0, -1), (0, 0, -1), (0, 0, -1), (0, 0, -1), (0, 0, -1), (0, 0, -1), (1, 0, 0), (1, 0, 0), (1, 0, 0), (1, 0, 0), (1, 0, 0), (1, 0, 0), (0, 1, 0), (0, 1, 0), (0, 1, 0), (0, 1, 0), (0, 1, 0), (0, 1, 0), (-0.980785, 0, 0.19509), (-1, 0, 0), (-1, 0, 0), (-1, 0, 0), (-0.980785, 0, 0.19509), (-0.980785, 0, 0.19509), (0, 0, -1), (0, 0, -1), (0, 0, -1), (0, 0, -1), (0, 0, -1), (0, 0, -1), (0.19509, 0, 0.980785), (-0.19509, 0, 0.980785), (0.19509, 0, 0.980785), (-0.19509, 0, 0.980785), (0.19509, 0, 0.980785), (-0.19509, 0, 0.980785), (0.980785, 0, 0.19509), (1, 0, 0), (1, 0, 0), (1, 0, 0), (0.980785, 0, 0.19509), (0.980785, 0, 0.19509), (0.707107, 0, 0.707107), (0.19509, 0, 0.980785), (0.707107, 0, 0.707107), (0.19509, 0, 0.980785), (0.707107, 0, 0.707107), (0.19509, 0, 0.980785), (0.707107, 0, 0.707107), (0.980785, 0, 0.19509), (0.980785, 0, 0.19509), (0.980785, 0, 0.19509), (0.707107, 0, 0.707107), (0.707107, 0, 0.707107), (-0.707107, 0, 0.707107), (-0.980785, 0, 0.19509), (-0.980785, 0, 0.19509), (-0.980785, 0, 0.19509), (-0.707107, 0, 0.707107), (-0.707107, 0, 0.707107), (-0.19509, 0, 0.980785), (-0.707107, 0, 0.707107), (-0.19509, 0, 0.980785), (-0.707107, 0, 0.707107), (-0.19509, 0, 0.980785), (-0.707107, 0, 0.707107), (0, 1, 0), (0, 1, 0), (0, 1, 0), (0, 1, 0), (0, 1, 0), (0, 1, 0), (0, 1, 0), (0, 1, 0), (0, 1, 0), (0, 1, 0), (0, 1, 0), (0, 1, 0), (0, 1, 0), (0, 1, 0), (0, 1, 0), (0, 1, 0), (0, 1, 0), (0, 1, 0), (0, -1, 0), (0, -1, 0), (0, -1, 0), (0, -1, 0), (0, -1, 0), (0, -1, 0), (0, -1, 0), (0, -1, 0), (0, -1, 0), (0, -1, 0), (0, -1, 0), (0, -1, 0), (0, -1, 0), (0, -1, 0), (0, -1, 0), (0, -1, 0), (0, -1, 0), (0, -1, 0), (0, 0, -1), (0, 0, -1), (0, 0, -1), (0, 0, -1), (0, 0, -1), (0, 0, -1), (0, 0, 1), (0, 0, 1), (0, 0, 1), (0, 0, 1), (0, 0, 1), (0, 0, 1), (1, 0, 0), (1, 0, 0), (1, 0, 0), (1, 0, 0), (1, 0, 0), (1, 0, 0), (0, 1, 0), (0, 1, 0), (0, 1, 0), (0, 1, 0), (0, 1, 0), (0, 1, 0), (-1, 0, 0), (-1, 0, 0), (-1, 0, 0), (-1, 0, 0), (-1, 0, 0), (-1, 0, 0), (0, -1, 0), (0, -1, 0), (0, -1, 0), (0, -1, 0), (0, -1, 0), (0, -1, 0), (0, -0.258819, 0.965926), (0, -0.5, 0.866025), (0, -0.5, 0.866025), (0, -0.5, 0.866025), (0, -0.258819, 0.965926), (0, -0.258819, 0.965926), (0, 0.258819, -0.965926), (0, 0.5, -0.866025), (0, 0.5, -0.866025), (0, 0.5, -0.866025), (0, 0.258819, -0.965926), (0, 0.258819, -0.965926), (0, -0.866025, -0.5), (0, -0.866025, -0.5), (0, -0.866025, -0.5), (0, -0.866025, -0.5), (0, -0.866025, -0.5), (0, -0.866025, -0.5), (-1, 0, 0), (-1, 0, 0), (-1, 0, 0), (-1, 0, 0), (-1, 0, 0), (-1, 0, 0), (-1, 0, 0), (-1, 0, 0), (-1, 0, 0), (-1, 0, 0), (-1, 0, 0), (-1, 0, 0), (-1, 0, 0), (-1, 0, 0), (-1, 0, 0), (-1, 0, 0), (-1, 0, 0), (-1, 0, 0), (0, 0.866025, -0.5), (0, 0.866025, -0.5), (0, 0.866025, -0.5), (0, 0.866025, -0.5), (0, 0.866025, -0.5), (0, 0.866025, -0.5), (0, 0.5, 0.866025), (0, 0.258819, 0.965926), (0, 0.258819, 0.965926), (0, 0.258819, 0.965926), (0, 0.5, 0.866025), (0, 0.5, 0.866025), (0, -0.5, -0.866025), (0, -0.258819, -0.965926), (0, -0.258819, -0.965926), (0, -0.258819, -0.965926), (0, -0.5, -0.866025), (0, -0.5, -0.866025), (0, -0.258819, -0.965926), (0, 0.258819, -0.965926), (0, 0.258819, -0.965926), (0, 0.258819, -0.965926), (0, -0.258819, -0.965926), (0, -0.258819, -0.965926), (0, 0.258819, 0.965926), (0, -0.258819, 0.965926), (0, -0.258819, 0.965926), (0, -0.258819, 0.965926), (0, 0.258819, 0.965926), (0, 0.258819, 0.965926), (1, 0, 0), (1, 0, 0), (1, 0, 0), (1, 0, 0), (1, 0, 0), (1, 0, 0), (1, 0, 0), (1, 0, 0), (1, 0, 0), (1, 0, 0), (1, 0, 0), (1, 0, 0), (1, 0, 0), (1, 0, 0), (1, 0, 0), (1, 0, 0), (1, 0, 0), (1, 0, 0), (0, -0.258819, 0.965926), (0, -0.5, 0.866025), (0, -0.5, 0.866025), (0, -0.5, 0.866025), (0, -0.258819, 0.965926), (0, -0.258819, 0.965926), (0, 0.258819, -0.965926), (0, 0.5, -0.866025), (0, 0.5, -0.866025), (0, 0.5, -0.866025), (0, 0.258819, -0.965926), (0, 0.258819, -0.965926), (0, -0.866025, -0.5), (0, -0.866025, -0.5), (0, -0.866025, -0.5), (0, -0.866025, -0.5), (0, -0.866025, -0.5), (0, -0.866025, -0.5), (-1, 0, 0), (-1, 0, 0), (-1, 0, 0), (-1, 0, 0), (-1, 0, 0), (-1, 0, 0), (-1, 0, 0), (-1, 0, 0), (-1, 0, 0), (-1, 0, 0), (-1, 0, 0), (-1, 0, 0), (-1, 0, 0), (-1, 0, 0), (-1, 0, 0), (-1, 0, 0), (-1, 0, 0), (-1, 0, 0), (0, 0.866025, -0.5), (0, 0.866025, -0.5), (0, 0.866025, -0.5), (0, 0.866025, -0.5), (0, 0.866025, -0.5), (0, 0.866025, -0.5), (0, 0.5, 0.866025), (0, 0.258819, 0.965926), (0, 0.258819, 0.965926), (0, 0.258819, 0.965926), (0, 0.5, 0.866025), (0, 0.5, 0.866025), (0, -0.5, -0.866025), (0, -0.258819, -0.965926), (0, -0.258819, -0.965926), (0, -0.258819, -0.965926), (0, -0.5, -0.866025), (0, -0.5, -0.866025), (0, -0.258819, -0.965926), (0, 0.258819, -0.965926), (0, 0.258819, -0.965926), (0, 0.258819, -0.965926), (0, -0.258819, -0.965926), (0, -0.258819, -0.965926), (0, 0.258819, 0.965926), (0, -0.258819, 0.965926), (0, -0.258819, 0.965926), (0, -0.258819, 0.965926), (0, 0.258819, 0.965926), (0, 0.258819, 0.965926), (1, 0, 0), (1, 0, 0), (1, 0, 0), (1, 0, 0), (1, 0, 0), (1, 0, 0), (1, 0, 0), (1, 0, 0), (1, 0, 0), (1, 0, 0), (1, 0, 0), (1, 0, 0), (1, 0, 0), (1, 0, 0), (1, 0, 0), (1, 0, 0), (1, 0, 0), (1, 0, 0), (0, -1, 0), (0, -1, 0), (0, -1, 0), (0, -1, 0), (0, -1, 0), (0, -1, 0), (-1, 0, 0), (-1, 0, 0), (-1, 0, 0), (-1, 0, 0), (-1, 0, 0), (-1, 0, 0), (-1, 0, 0), (-1, 0, 0), (-0.979442, 0.161381, 0.121035), (-0.979442, 0.161381, 0.121035), (-1, 0, 0), (-0.977253, 0.169661, 0.127246), (0, 0, -1), (0, 0, -1), (0, 0, -1), (0, 0, -1), (0, 0, -1), (0, 0, -1), (0, 0, -1), (0, 0, -1), (0, 0, -1), (0, 0, -1), (0, 0, -1), (0, 0, -1), (0, 0, -1), (0, 0, -1), (0, 0, -1), (0, 0, -1), (0, 0, -1), (0, 0, -1), (0, 0.997497, 0.0707114), (0, 0.997497, 0.0707114), (0, 0.997497, 0.0707114), (0, 0.997497, 0.0707114), (0, 0.997497, 0.0707114), (0, 0.997497, 0.0707114), (0, 0.997877, 0.0651224), (0, 0.997877, 0.0651224), (0, 0.997877, 0.0651224), (0, 0.997877, 0.0651224), (0, 0.997877, 0.0651224), (0, 0.997877, 0.0651224), (-1, 0, 0), (-1, 0, 0), (-1, 0, 0), (-1, 0, 0), (-1, 0, 0), (-1, 0, 0), (0, 0.997877, 0.0651224), (0, 0.997877, 0.0651224), (0, 0.997877, 0.0651224), (0, 0.997877, 0.0651224), (0, 0.997877, 0.0651224), (0, 0.997877, 0.0651224), (1, 0, 0), (1, 0, 0), (1, 0, 0), (1, 0, 0), (1, 0, 0), (1, 0, 0), (1, 0, 0), (1, 0, 0), (1, 0, 0), (1, 0, 0), (1, 0, 0), (1, 0, 0), (1, 0, 0), (1, 0, 0), (0.979442, 0.161381, 0.121035), (1, 0, 0), (0.979442, 0.161381, 0.121035), (0.977253, 0.169661, 0.127246), (-0.977253, 0.169661, 0.127246), (-0.700246, 0.571121, 0.428341), (-0.979442, 0.161381, 0.121035), (-0.700246, 0.571121, 0.428341), (-0.977253, 0.169661, 0.127246), (-0.68913, 0.57971, 0.434782), (-0.700246, 0.571121, 0.428341), (-0.152921, 0.114918, 0.981534), (-0.193761, 0.784839, 0.588629), (-0.152921, 0.114918, 0.981534), (-0.700246, 0.571121, 0.428341), (-0.68913, 0.57971, 0.434782), (0.700246, 0.571121, 0.428341), (0.977253, 0.169661, 0.127246), (0.979442, 0.161381, 0.121035), (0.977253, 0.169661, 0.127246), (0.700246, 0.571121, 0.428341), (0.68913, 0.57971, 0.434782), (0.193761, 0.784839, 0.588629), (0.68913, 0.57971, 0.434782), (0.700246, 0.571121, 0.428341), (0.68913, 0.57971, 0.434782), (0.193761, 0.784839, 0.588629), (0.152921, 0.114918, 0.981534), (0, -0.707107, 0.707107), (0, -0.707107, 0.707107), (0, -0.707107, 0.707107), (0, -0.707107, 0.707107), (0, -0.707107, 0.707107), (0, -0.707107, 0.707107), (0, -0.707107, 0.707107), (0, -0.707107, 0.707107), (0.152921, 0.114918, 0.981534), (0, -0.707107, 0.707107), (0.152921, 0.114918, 0.981534), (-0.152921, 0.114918, 0.981534), (0, -0.707107, 0.707107), (-0.152921, 0.114918, 0.981534), (0, -0.707107, 0.707107), (0, -0.707107, 0.707107), (0, -0.707107, 0.707107), (0, -0.707107, 0.707107), (0, 0.5547, -0.83205), (0, 0.5547, -0.83205), (0, 0.5547, -0.83205), (0, 0.5547, -0.83205), (0, 0.5547, -0.83205), (0, 0.5547, -0.83205), (0, 0.5547, -0.83205), (0, 0.5547, -0.83205), (0, 0.5547, -0.83205), (0, 0.5547, -0.83205), (0, 0.5547, -0.83205), (0, 0.5547, -0.83205), (0, 0.5547, -0.83205), (0, 0.5547, -0.83205), (0, 0.5547, -0.83205), (0, 0.5547, -0.83205), (0, 0.5547, -0.83205), (0, 0.5547, -0.83205), (0, 0.5547, -0.83205), (0, 0.5547, -0.83205), (0, 0.5547, -0.83205), (0, 0.5547, -0.83205), (0, 0.5547, -0.83205), (0, 0.5547, -0.83205), (0, 0.5547, -0.83205), (0, 0.5547, -0.83205), (0, 0.5547, -0.83205), (0, 0.5547, -0.83205), (0, 0.5547, -0.83205), (0, 0.5547, -0.83205), (0, 0.707107, -0.707107), (0, 0.707107, -0.707107), (0, 0.707107, -0.707107), (0, 0.707107, -0.707107), (0, 0.707107, -0.707107), (0, 0.707107, -0.707107), (0, 0.707107, -0.707107), (0, 0.707107, -0.707107), (0, 0.707107, -0.707107), (0, 0.707107, -0.707107), (0, 0.707107, -0.707107), (0, 0.707107, -0.707107), (0, 0.707107, -0.707107), (0, 0.707107, -0.707107), (0, 0.707107, -0.707107), (0, 0.707107, -0.707107), (0, 0.707107, -0.707107), (0, 0.707107, -0.707107), (0, 0.707107, -0.707107), (0, 0.707107, -0.707107), (0, 0.707107, -0.707107), (0, 0.707107, -0.707107), (0, 0.707107, -0.707107), (0, 0.707107, -0.707107), (0, 0.707107, -0.707107), (0, 0.707107, -0.707107), (0, 0.707107, -0.707107), (0, 0.707107, -0.707107), (0, 0.707107, -0.707107), (0, 0.707107, -0.707107), (0, 0.707107, -0.707107), (0, 0.707107, -0.707107), (0, 0.707107, -0.707107), (0, 0.707107, -0.707107), (0, 0.707107, -0.707107), (0, 0.707107, -0.707107), (-0.674294, 0.6897, 0.263895), (-0.791487, 0.432174, -0.432174), (-0.953596, 0.212902, -0.212902), (-0.791487, 0.432174, -0.432174), (-0.674294, 0.6897, 0.263895), (-0.559666, 0.827917, -0.0364305), (-0.953596, 0.212902, -0.212902), (-0.559666, 0.0364304, -0.827917), (-0.674294, -0.263896, -0.6897), (-0.559666, 0.0364304, -0.827917), (-0.953596, 0.212902, -0.212902), (-0.791487, 0.432174, -0.432174), (0, 0.991839, 0.127492), (-0.674294, 0.6897, 0.263895), (0, 0.887197, 0.461391), (-0.674294, 0.6897, 0.263895), (0, 0.991839, 0.127492), (-0.559666, 0.827917, -0.0364305), (0, -0.127492, -0.99184), (0.674294, -0.263896, -0.6897), (0, -0.461392, -0.887196), (0.674294, -0.263896, -0.6897), (0, -0.127492, -0.99184), (0.559666, 0.0364304, -0.827917), (-0.674294, -0.263896, -0.6897), (0, -0.127492, -0.99184), (0, -0.461392, -0.887196), (0, -0.127492, -0.99184), (-0.674294, -0.263896, -0.6897), (-0.559666, 0.0364304, -0.827917), (0.674294, 0.6897, 0.263895), (0, 0.991839, 0.127492), (0, 0.887197, 0.461391), (0, 0.991839, 0.127492), (0.674294, 0.6897, 0.263895), (0.559666, 0.827917, -0.0364305), (0.559666, 0.0364304, -0.827917), (0.953596, 0.212902, -0.212902), (0.674294, -0.263896, -0.6897), (0.953596, 0.212902, -0.212902), (0.559666, 0.0364304, -0.827917), (0.791487, 0.432174, -0.432174), (0.791487, 0.432174, -0.432174), (0.674294, 0.6897, 0.263895), (0.953596, 0.212902, -0.212902), (0.674294, 0.6897, 0.263895), (0.791487, 0.432174, -0.432174), (0.559666, 0.827917, -0.0364305), (0, 0.887197, 0.461391), (-0.707107, 0.5, 0.5), (0, 0.707107, 0.707107), (-0.707107, 0.5, 0.5), (0, 0.887197, 0.461391), (-0.674294, 0.6897, 0.263895), (0.674294, -0.263896, -0.6897), (1, 0, 0), (0.707107, -0.5, -0.5), (1, 0, 0), (0.674294, -0.263896, -0.6897), (0.953596, 0.212902, -0.212902), (0, -0.461392, -0.887196), (0.707107, -0.5, -0.5), (0, -0.707107, -0.707107), (0.707107, -0.5, -0.5), (0, -0.461392, -0.887196), (0.674294, -0.263896, -0.6897), (-1, 0, 0), (-0.674294, -0.263896, -0.6897), (-0.707107, -0.5, -0.5), (-0.674294, -0.263896, -0.6897), (-1, 0, 0), (-0.953596, 0.212902, -0.212902), (-0.707107, 0.5, 0.5), (-0.953596, 0.212902, -0.212902), (-1, 0, 0), (-0.953596, 0.212902, -0.212902), (-0.707107, 0.5, 0.5), (-0.674294, 0.6897, 0.263895), (0.707107, 0.5, 0.5), (0, 0.887197, 0.461391), (0, 0.707107, 0.707107), (0, 0.887197, 0.461391), (0.707107, 0.5, 0.5), (0.674294, 0.6897, 0.263895), (-0.707107, -0.5, -0.5), (0, -0.461392, -0.887196), (0, -0.707107, -0.707107), (0, -0.461392, -0.887196), (-0.707107, -0.5, -0.5), (-0.674294, -0.263896, -0.6897), (0.674294, 0.6897, 0.263895), (1, 0, 0), (0.953596, 0.212902, -0.212902), (1, 0, 0), (0.674294, 0.6897, 0.263895), (0.707107, 0.5, 0.5), (-0.674294, 0.6897, 0.263895), (-0.791487, 0.432174, -0.432174), (-0.953596, 0.212902, -0.212902), (-0.791487, 0.432174, -0.432174), (-0.674294, 0.6897, 0.263895), (-0.559666, 0.827917, -0.0364305), (-0.953596, 0.212902, -0.212902), (-0.559666, 0.0364304, -0.827917), (-0.674294, -0.263896, -0.6897), (-0.559666, 0.0364304, -0.827917), (-0.953596, 0.212902, -0.212902), (-0.791487, 0.432174, -0.432174), (0, 0.991839, 0.127492), (-0.674294, 0.6897, 0.263895), (0, 0.887197, 0.461391), (-0.674294, 0.6897, 0.263895), (0, 0.991839, 0.127492), (-0.559666, 0.827917, -0.0364305), (0, -0.127492, -0.99184), (0.674294, -0.263896, -0.6897), (0, -0.461392, -0.887196), (0.674294, -0.263896, -0.6897), (0, -0.127492, -0.99184), (0.559666, 0.0364304, -0.827917), (-0.674294, -0.263896, -0.6897), (0, -0.127492, -0.99184), (0, -0.461392, -0.887196), (0, -0.127492, -0.99184), (-0.674294, -0.263896, -0.6897), (-0.559666, 0.0364304, -0.827917), (0.674294, 0.6897, 0.263895), (0, 0.991839, 0.127492), (0, 0.887197, 0.461391), (0, 0.991839, 0.127492), (0.674294, 0.6897, 0.263895), (0.559666, 0.827917, -0.0364305), (0.559666, 0.0364304, -0.827917), (0.953596, 0.212902, -0.212902), (0.674294, -0.263896, -0.6897), (0.953596, 0.212902, -0.212902), (0.559666, 0.0364304, -0.827917), (0.791487, 0.432174, -0.432174), (0.791487, 0.432174, -0.432174), (0.674294, 0.6897, 0.263895), (0.953596, 0.212902, -0.212902), (0.674294, 0.6897, 0.263895), (0.791487, 0.432174, -0.432174), (0.559666, 0.827917, -0.0364305), (0, 0.887197, 0.461391), (-0.707107, 0.5, 0.5), (0, 0.707107, 0.707107), (-0.707107, 0.5, 0.5), (0, 0.887197, 0.461391), (-0.674294, 0.6897, 0.263895), (0.674294, -0.263896, -0.6897), (1, 0, 0), (0.707107, -0.5, -0.5), (1, 0, 0), (0.674294, -0.263896, -0.6897), (0.953596, 0.212902, -0.212902), (0, -0.461392, -0.887196), (0.707107, -0.5, -0.5), (0, -0.707107, -0.707107), (0.707107, -0.5, -0.5), (0, -0.461392, -0.887196), (0.674294, -0.263896, -0.6897), (-1, 0, 0), (-0.674294, -0.263896, -0.6897), (-0.707107, -0.5, -0.5), (-0.674294, -0.263896, -0.6897), (-1, 0, 0), (-0.953596, 0.212902, -0.212902), (-0.707107, 0.5, 0.5), (-0.953596, 0.212902, -0.212902), (-1, 0, 0), (-0.953596, 0.212902, -0.212902), (-0.707107, 0.5, 0.5), (-0.674294, 0.6897, 0.263895), (0.707107, 0.5, 0.5), (0, 0.887197, 0.461391), (0, 0.707107, 0.707107), (0, 0.887197, 0.461391), (0.707107, 0.5, 0.5), (0.674294, 0.6897, 0.263895), (-0.674294, -0.263896, -0.6897), (0, -0.707107, -0.707107), (-0.707107, -0.5, -0.5), (0, -0.707107, -0.707107), (-0.674294, -0.263896, -0.6897), (0, -0.461392, -0.887196), (0.674294, 0.6897, 0.263895), (1, 0, 0), (0.953596, 0.212902, -0.212902), (1, 0, 0), (0.674294, 0.6897, 0.263895), (0.707107, 0.5, 0.5), (-0.193761, 0.784839, 0.588629), (0.152921, 0.114918, 0.981534), (0.193761, 0.784839, 0.588629), (0.152921, 0.114918, 0.981534), (-0.193761, 0.784839, 0.588629), (-0.152921, 0.114918, 0.981534), (1, 0, 0), (1, 0, 0), (1, 0, 0), (1, 0, 0), (1, 0, 0), (1, 0, 0), (1, 0, 0), (1, 0, 0), (1, 0, 0), (1, 0, 0), (1, 0, 0), (1, 0, 0), (1, 0, 0), (1, 0, 0), (1, 0, 0), (1, 0, 0), (1, 0, 0), (1, 0, 0), (-0.376065, 0.609155, -0.698216), (-0.0633497, 0.195429, -0.97867), (-0.791853, 0.215431, -0.571452), (-0.239846, 0.0826529, -0.967286), (-0.791853, 0.215431, -0.571452), (-0.0633497, 0.195429, -0.97867), (-0.968566, 0.193512, -0.156311), (-0.791853, 0.215431, -0.571452), (-0.986444, 0, -0.164096), (-0.786028, 0, -0.618191), (-0.986444, 0, -0.164096), (-0.791853, 0.215431, -0.571452), (-0.376065, 0.609155, -0.698216), (-0.791853, 0.215431, -0.571452), (-0.61822, 0.75818, -0.207285), (-0.968566, 0.193512, -0.156311), (-0.61822, 0.75818, -0.207285), (-0.791853, 0.215431, -0.571452), (-0.791853, 0.215431, -0.571452), (-0.239846, 0.0826529, -0.967286), (-0.786028, 0, -0.618191), (-0.201644, 0, -0.979459), (-0.786028, 0, -0.618191), (-0.239846, 0.0826529, -0.967286), (-0.376065, 0.609155, -0.698216), (0, 0.707107, -0.707107), (-0.0633497, 0.195429, -0.97867), (0, 0.19509, -0.980785), (-0.0633497, 0.195429, -0.97867), (0, 0.707107, -0.707107), (0, 0.707107, -0.707107), (-0.376065, 0.609155, -0.698216), (0, 0.980785, -0.19509), (-0.61822, 0.75818, -0.207285), (0, 0.980785, -0.19509), (-0.376065, 0.609155, -0.698216), (0, 0.980785, 0.19509), (0, 0.980785, -0.19509), (-0.61822, 0.75818, 0.207285), (-0.61822, 0.75818, -0.207285), (-0.61822, 0.75818, 0.207285), (0, 0.980785, -0.19509), (0, -1, 0), (0, -1, 0), (0, -1, 0), (0, -1, 0), (0, -1, 0), (0, -1, 0), (0, -1, 0), (0, -1, 0), (0, -1, 0), (0, -1, 0), (0, -1, 0), (0, -1, 0), (0, -1, 0), (0, -1, 0), (0, -1, 0), (0, -1, 0), (0, -1, 0), (0, -1, 0), (-0.239846, 0.0826529, 0.967286), (-0.791853, 0.215431, 0.571452), (-0.201644, 0, 0.979459), (-0.786028, 0, 0.618191), (-0.201644, 0, 0.979459), (-0.791853, 0.215431, 0.571452), (-0.376065, 0.609155, 0.698216), (-0.0633497, 0.195429, 0.97867), (0, 0.707107, 0.707107), (0, 0.19509, 0.980785), (0, 0.707107, 0.707107), (-0.0633497, 0.195429, 0.97867), (-0.376065, 0.609155, 0.698216), (-0.791853, 0.215431, 0.571452), (-0.0633497, 0.195429, 0.97867), (-0.239846, 0.0826529, 0.967286), (-0.0633497, 0.195429, 0.97867), (-0.791853, 0.215431, 0.571452), (-0.791853, 0.215431, 0.571452), (-0.968566, 0.193512, 0.156311), (-0.786028, 0, 0.618191), (-0.986444, 0, 0.164096), (-0.786028, 0, 0.618191), (-0.968566, 0.193512, 0.156311), (-0.376065, 0.609155, 0.698216), (-0.61822, 0.75818, 0.207285), (-0.791853, 0.215431, 0.571452), (-0.968566, 0.193512, 0.156311), (-0.791853, 0.215431, 0.571452), (-0.61822, 0.75818, 0.207285), (0, 0.707107, 0.707107), (0, 0.980785, 0.19509), (-0.376065, 0.609155, 0.698216), (-0.61822, 0.75818, 0.207285), (-0.376065, 0.609155, 0.698216), (0, 0.980785, 0.19509), (-0.61822, 0.75818, 0.207285), (-0.61822, 0.75818, -0.207285), (-0.968566, 0.193512, 0.156311), (-0.968566, 0.193512, -0.156311), (-0.968566, 0.193512, 0.156311), (-0.61822, 0.75818, -0.207285), (-0.986444, 0, 0.164096), (-0.968566, 0.193512, 0.156311), (-0.986444, 0, -0.164096), (-0.968566, 0.193512, -0.156311), (-0.986444, 0, -0.164096), (-0.968566, 0.193512, 0.156311), (-0.0633497, 0.195429, -0.97867), (0, 0.19509, -0.980785), (-0.239846, 0.0826529, -0.967286), (-0.239846, 0.0826529, -0.967286), (0, 0.19509, -0.980785), (-0.201644, 0, -0.979459), (0, 0, -1), (-0.201644, 0, -0.979459), (0, 0.19509, -0.980785), (-0.0633497, 0.195429, 0.97867), (-0.239846, 0.0826529, 0.967286), (0, 0.19509, 0.980785), (0, 0.19509, 0.980785), (-0.239846, 0.0826529, 0.967286), (0, 0, 1), (-0.201644, 0, 0.979459), (0, 0, 1), (-0.239846, 0.0826529, 0.967286), (0.901796, 0.247506, 0.354266), (0.980785, 0, -0.19509), (0.942729, 0.270371, -0.19535), (0.980785, 0, -0.19509), (0.901796, 0.247506, 0.354266), (0.923879, 0, 0.382683), (0, -1, 0), (0, -1, 0), (0, -1, 0), (0, -1, 0), (0, -1, 0), (0, -1, 0), (0, -1, 0), (0, -1, 0), (0, -1, 0), (0, -1, 0), (0, -1, 0), (0, -1, 0), (0, -1, 0), (0, -1, 0), (0, -1, 0), (0, -1, 0), (0, -1, 0), (0, -1, 0), (0, -1, 0), (0, -1, 0), (0, -1, 0), (0, -1, 0), (0, -1, 0), (0, -1, 0), (0, -1, 0), (0, -1, 0), (0, -1, 0), (0, -1, 0), (0, -1, 0), (0, -1, 0), (0, -1, 0), (0, -1, 0), (0, -1, 0), (0, -1, 0), (0, -1, 0), (0, -1, 0), (0, 0.19509, -0.980785), (0.19509, 0, -0.980785), (0, 0, -1), (0.19509, 0, -0.980785), (0, 0.19509, -0.980785), (0.211649, 0.0607, -0.975459), (0.211649, 0.0607, -0.975459), (0, 0.19509, -0.980785), (0.10941, 0.197403, -0.974198), (0.528101, 0.809304, 0.25717), (0.942729, 0.270371, -0.19535), (0.474361, 0.855865, -0.206098), (0.942729, 0.270371, -0.19535), (0.528101, 0.809304, 0.25717), (0.901796, 0.247506, 0.354266), (0.354266, 0.247506, 0.901796), (-0.382683, 0, 0.923879), (0.382683, 0, 0.923879), (-0.382683, 0, 0.923879), (0.354266, 0.247506, 0.901796), (-0.354266, 0.247506, 0.901796), (0, 0, -1), (0, 0, -1), (0, 0, -1), (0, 0, -1), (0, 0, -1), (0, 0, -1), (0.25717, 0.809304, 0.528101), (-0.354266, 0.247506, 0.901796), (0.354266, 0.247506, 0.901796), (-0.354266, 0.247506, 0.901796), (0.25717, 0.809304, 0.528101), (-0.25717, 0.809304, 0.528101), (-0.211649, 0.0607, -0.975459), (0, 0, -1), (-0.19509, 0, -0.980785), (0, 0, -1), (-0.211649, 0.0607, -0.975459), (0, 0.19509, -0.980785), (0, 0.19509, -0.980785), (-0.211649, 0.0607, -0.975459), (-0.10941, 0.197403, -0.974198), (0.25717, 0.809304, 0.528101), (0.901796, 0.247506, 0.354266), (0.528101, 0.809304, 0.25717), (0.901796, 0.247506, 0.354266), (0.25717, 0.809304, 0.528101), (0.354266, 0.247506, 0.901796), (-0.25717, 0.809304, 0.528101), (-0.901796, 0.247506, 0.354266), (-0.354266, 0.247506, 0.901796), (-0.901796, 0.247506, 0.354266), (-0.25717, 0.809304, 0.528101), (-0.528101, 0.809304, 0.25717), (-0.354266, 0.247506, 0.901796), (-0.923879, 0, 0.382683), (-0.382683, 0, 0.923879), (-0.923879, 0, 0.382683), (-0.354266, 0.247506, 0.901796), (-0.901796, 0.247506, 0.354266), (0.354266, 0.247506, 0.901796), (0.923879, 0, 0.382683), (0.901796, 0.247506, 0.354266), (0.923879, 0, 0.382683), (0.354266, 0.247506, 0.901796), (0.382683, 0, 0.923879), (-0.474361, 0.855865, -0.206098), (0, 1, 0), (0, 0.980785, -0.19509), (-0.528101, 0.809304, 0.25717), (0, 1, 0), (-0.474361, 0.855865, -0.206098), (-0.25717, 0.809304, 0.528101), (0, 1, 0), (-0.528101, 0.809304, 0.25717), (-0.25717, 0.809304, 0.528101), (0, 1, 0), (0, 1, 0), (0.25717, 0.809304, 0.528101), (0, 1, 0), (-0.25717, 0.809304, 0.528101), (0.25717, 0.809304, 0.528101), (0, 0.980785, -0.19509), (0, 1, 0), (0.528101, 0.809304, 0.25717), (0, 0.980785, -0.19509), (0.25717, 0.809304, 0.528101), (0, 0.980785, -0.19509), (0.528101, 0.809304, 0.25717), (0.474361, 0.855865, -0.206098), (0.942729, 0.270371, -0.19535), (0.707107, 0, -0.707107), (0.700615, 0.200934, -0.684664), (0.707107, 0, -0.707107), (0.942729, 0.270371, -0.19535), (0.980785, 0, -0.19509), (0.353423, 0.637662, -0.684456), (0, 0.980785, -0.19509), (0.474361, 0.855865, -0.206098), (0, 0.980785, -0.19509), (0.353423, 0.637662, -0.684456), (0, 0.707107, -0.707107), (0, 0.707107, -0.707107), (0.10941, 0.197403, -0.974198), (0, 0.19509, -0.980785), (0.10941, 0.197403, -0.974198), (0, 0.707107, -0.707107), (0.353423, 0.637662, -0.684456), (0.211649, 0.0607, -0.975459), (0.707107, 0, -0.707107), (0.19509, 0, -0.980785), (0.707107, 0, -0.707107), (0.211649, 0.0607, -0.975459), (0.700615, 0.200934, -0.684664), (0.474361, 0.855865, -0.206098), (0.700615, 0.200934, -0.684664), (0.353423, 0.637662, -0.684456), (0.700615, 0.200934, -0.684664), (0.474361, 0.855865, -0.206098), (0.942729, 0.270371, -0.19535), (0.10941, 0.197403, -0.974198), (0.700615, 0.200934, -0.684664), (0.211649, 0.0607, -0.975459), (0.700615, 0.200934, -0.684664), (0.10941, 0.197403, -0.974198), (0.353423, 0.637662, -0.684456), (-1, 0, 0), (-1, 0, 0), (-1, 0, 0), (-1, 0, 0), (-1, 0, 0), (-1, 0, 0), (-1, 0, 0), (-1, 0, 0), (-1, 0, 0), (-1, 0, 0), (-1, 0, 0), (-1, 0, 0), (-0.923879, 0, 0.382683), (-0.942729, 0.270371, -0.19535), (-0.980785, 0, -0.19509), (-0.942729, 0.270371, -0.19535), (-0.923879, 0, 0.382683), (-0.901796, 0.247506, 0.354266), (-0.901796, 0.247506, 0.354266), (-0.474361, 0.855865, -0.206098), (-0.942729, 0.270371, -0.19535), (-0.474361, 0.855865, -0.206098), (-0.901796, 0.247506, 0.354266), (-0.528101, 0.809304, 0.25717), (-0.10941, 0.197403, -0.974198), (0, 0.707107, -0.707107), (0, 0.19509, -0.980785), (0, 0.707107, -0.707107), (-0.10941, 0.197403, -0.974198), (-0.353423, 0.637662, -0.684456), (-0.980785, 0, -0.19509), (-0.700615, 0.200934, -0.684664), (-0.707107, 0, -0.707107), (-0.700615, 0.200934, -0.684664), (-0.980785, 0, -0.19509), (-0.942729, 0.270371, -0.19535), (-0.942729, 0.270371, -0.19535), (-0.353423, 0.637662, -0.684456), (-0.700615, 0.200934, -0.684664), (-0.353423, 0.637662, -0.684456), (-0.942729, 0.270371, -0.19535), (-0.474361, 0.855865, -0.206098), (-0.700615, 0.200934, -0.684664), (-0.19509, 0, -0.980785), (-0.707107, 0, -0.707107), (-0.19509, 0, -0.980785), (-0.700615, 0.200934, -0.684664), (-0.211649, 0.0607, -0.975459), (-0.700615, 0.200934, -0.684664), (-0.10941, 0.197403, -0.974198), (-0.211649, 0.0607, -0.975459), (-0.10941, 0.197403, -0.974198), (-0.700615, 0.200934, -0.684664), (-0.353423, 0.637662, -0.684456), (-0.353423, 0.637662, -0.684456), (0, 0.980785, -0.19509), (0, 0.707107, -0.707107), (0, 0.980785, -0.19509), (-0.353423, 0.637662, -0.684456), (-0.474361, 0.855865, -0.206098), (1, 0, 0), (1, 0, 0), (1, 0, 0), (1, 0, 0), (1, 0, 0), (1, 0, 0), (1, 0, 0), (1, 0, 0), (1, 0, 0), (1, 0, 0), (1, 0, 0), (1, 0, 0), (0, -0.965926, 0.258819), (0, -0.998557, 0.0536956), (0, -0.965926, 0.258819), (0, -0.998557, 0.0536956), (0, -0.965926, 0.258819), (0, -0.998557, 0.0536956), (-1, 0, 0), (-1, 0, 0), (-1, 0, 0), (-1, 0, 0), (-1, 0, 0), (-1, 0, 0), (-1, 0, 0), (-1, 0, 0), (-1, 0, 0), (-1, 0, 0), (-1, 0, 0), (-1, 0, 0), (-1, 0, 0), (-1, 0, 0), (-1, 0, 0), (-1, 0, 0), (-1, 0, 0), (-1, 0, 0), (-1, 0, 0), (-1, 0, 0), (-1, 0, 0), (-1, 0, 0), (-1, 0, 0), (-1, 0, 0), (1, 0, 0), (1, 0, 0), (1, 0, 0), (1, 0, 0), (1, 0, 0), (1, 0, 0), (1, 0, 0), (1, 0, 0), (1, 0, 0), (1, 0, 0), (1, 0, 0), (1, 0, 0), (1, 0, 0), (1, 0, 0), (1, 0, 0), (1, 0, 0), (1, 0, 0), (1, 0, 0), (1, 0, 0), (1, 0, 0), (1, 0, 0), (1, 0, 0), (1, 0, 0), (1, 0, 0), (0, 0.5, -0.866025), (0, 0.130526, -0.991445), (0, 0.130526, -0.991445), (0, 0.130526, -0.991445), (0, 0.5, -0.866025), (0, 0.5, -0.866025), (0, 0.5, -0.866025), (0, 0.793353, -0.608761), (0, 0.5, -0.866025), (0, 0.793353, -0.608761), (0, 0.5, -0.866025), (0, 0.793353, -0.608761), (0, 0.793353, -0.608761), (0, 0.968895, -0.247473), (0, 0.793353, -0.608761), (0, 0.968895, -0.247473), (0, 0.793353, -0.608761), (0, 0.968895, -0.247473), (0, 0.130526, -0.991445), (0, -0.27013, -0.962824), (0, -0.27013, -0.962824), (0, -0.27013, -0.962824), (0, 0.130526, -0.991445), (0, 0.130526, -0.991445), (0, -0.998557, 0.0536956), (0, -0.812847, -0.582478), (0, -0.998557, 0.0536956), (0, -0.812847, -0.582478), (0, -0.998557, 0.0536956), (0, -0.812847, -0.582478), (0, -0.27013, -0.962824), (0, -0.812847, -0.582478), (0, -0.812847, -0.582478), (0, -0.812847, -0.582478), (0, -0.27013, -0.962824), (0, -0.27013, -0.962824), (0, 0.452777, 0.891624), (0, 0.258819, 0.965926), (0, 0.258819, 0.965926), (0, 0.258819, 0.965926), (0, 0.452777, 0.891624), (0, 0.452777, 0.891624), (0, 0.968895, -0.247473), (0, 0.910864, 0.412707), (0, 0.968895, -0.247473), (0, 0.910864, 0.412707), (0, 0.968895, -0.247473), (0, 0.910864, 0.412707), (0, 0.910864, 0.412707), (0, 0.452777, 0.891624), (0, 0.452777, 0.891624), (0, 0.452777, 0.891624), (0, 0.910864, 0.412707), (0, 0.910864, 0.412707), (0.239846, 0.0826529, 0.967286), (0, 0, 1), (0.201644, 0, 0.979459), (0, 0, 1), (0.239846, 0.0826529, 0.967286), (0, 0.19509, 0.980785), (0, 0.19509, 0.980785), (0.239846, 0.0826529, 0.967286), (0.0633497, 0.195429, 0.97867), (0, 0.19509, -0.980785), (0.201644, 0, -0.979459), (0, 0, -1), (0.201644, 0, -0.979459), (0, 0.19509, -0.980785), (0.239846, 0.0826529, -0.967286), (0.239846, 0.0826529, -0.967286), (0, 0.19509, -0.980785), (0.0633497, 0.195429, -0.97867), (0.968566, 0.193512, 0.156311), (0.986444, 0, -0.164096), (0.968566, 0.193512, -0.156311), (0.986444, 0, -0.164096), (0.968566, 0.193512, 0.156311), (0.986444, 0, 0.164096), (0.61822, 0.75818, -0.207285), (0.968566, 0.193512, 0.156311), (0.968566, 0.193512, -0.156311), (0.968566, 0.193512, 0.156311), (0.61822, 0.75818, -0.207285), (0.61822, 0.75818, 0.207285), (0, 0.980785, 0.19509), (0.376065, 0.609155, 0.698216), (0.61822, 0.75818, 0.207285), (0.376065, 0.609155, 0.698216), (0, 0.980785, 0.19509), (0, 0.707107, 0.707107), (0.61822, 0.75818, 0.207285), (0.791853, 0.215431, 0.571452), (0.968566, 0.193512, 0.156311), (0.791853, 0.215431, 0.571452), (0.61822, 0.75818, 0.207285), (0.376065, 0.609155, 0.698216), (0.968566, 0.193512, 0.156311), (0.786028, 0, 0.618191), (0.986444, 0, 0.164096), (0.786028, 0, 0.618191), (0.968566, 0.193512, 0.156311), (0.791853, 0.215431, 0.571452), (0.791853, 0.215431, 0.571452), (0.0633497, 0.195429, 0.97867), (0.239846, 0.0826529, 0.967286), (0.0633497, 0.195429, 0.97867), (0.791853, 0.215431, 0.571452), (0.376065, 0.609155, 0.698216), (0.0633497, 0.195429, 0.97867), (0, 0.707107, 0.707107), (0, 0.19509, 0.980785), (0, 0.707107, 0.707107), (0.0633497, 0.195429, 0.97867), (0.376065, 0.609155, 0.698216), (0.791853, 0.215431, 0.571452), (0.201644, 0, 0.979459), (0.786028, 0, 0.618191), (0.201644, 0, 0.979459), (0.791853, 0.215431, 0.571452), (0.239846, 0.0826529, 0.967286), (0, -1, 0), (0, -1, 0), (0, -1, 0), (0, -1, 0), (0, -1, 0), (0, -1, 0), (0, -1, 0), (0, -1, 0), (0, -1, 0), (0, -1, 0), (0, -1, 0), (0, -1, 0), (0, -1, 0), (0, -1, 0), (0, -1, 0), (0, -1, 0), (0, -1, 0), (0, -1, 0), (0, 0.980785, -0.19509), (0.61822, 0.75818, 0.207285), (0.61822, 0.75818, -0.207285), (0.61822, 0.75818, 0.207285), (0, 0.980785, -0.19509), (0, 0.980785, 0.19509), (0.376065, 0.609155, -0.698216), (0, 0.980785, -0.19509), (0.61822, 0.75818, -0.207285), (0, 0.980785, -0.19509), (0.376065, 0.609155, -0.698216), (0, 0.707107, -0.707107), (0, 0.707107, -0.707107), (0.0633497, 0.195429, -0.97867), (0, 0.19509, -0.980785), (0.0633497, 0.195429, -0.97867), (0, 0.707107, -0.707107), (0.376065, 0.609155, -0.698216), (0.239846, 0.0826529, -0.967286), (0.786028, 0, -0.618191), (0.201644, 0, -0.979459), (0.786028, 0, -0.618191), (0.239846, 0.0826529, -0.967286), (0.791853, 0.215431, -0.571452), (0.791853, 0.215431, -0.571452), (0.61822, 0.75818, -0.207285), (0.968566, 0.193512, -0.156311), (0.61822, 0.75818, -0.207285), (0.791853, 0.215431, -0.571452), (0.376065, 0.609155, -0.698216), (0.791853, 0.215431, -0.571452), (0.986444, 0, -0.164096), (0.786028, 0, -0.618191), (0.986444, 0, -0.164096), (0.791853, 0.215431, -0.571452), (0.968566, 0.193512, -0.156311), (0.0633497, 0.195429, -0.97867), (0.791853, 0.215431, -0.571452), (0.239846, 0.0826529, -0.967286), (0.791853, 0.215431, -0.571452), (0.0633497, 0.195429, -0.97867), (0.376065, 0.609155, -0.698216), (-1, 0, 0), (-1, 0, 0), (-1, 0, 0), (-1, 0, 0), (-1, 0, 0), (-1, 0, 0), (-1, 0, 0), (-1, 0, 0), (-1, 0, 0), (-1, 0, 0), (-1, 0, 0), (-1, 0, 0), (-1, 0, 0), (-1, 0, 0), (-1, 0, 0), (-1, 0, 0), (-1, 0, 0), (-1, 0, 0), (0.994271, -0.0755785, 0.0755785), (0.703056, -0.572714, -0.421557), (0.703056, -0.572714, -0.421557), (0.703056, -0.572714, -0.421557), (0.994271, -0.0755785, 0.0755785), (0.994271, -0.0755785, 0.0755785), (-0.703056, -0.572714, -0.421557), (-0.994271, -0.0755785, 0.0755785), (-0.703056, -0.572714, -0.421557), (-0.994271, -0.0755785, 0.0755785), (-0.703056, -0.572714, -0.421557), (-0.994271, -0.0755785, 0.0755785), (0.703056, 0.421557, 0.572714), (0, 0.627478, 0.778635), (0, 0.627478, 0.778635), (0, 0.627478, 0.778635), (0.703056, 0.421557, 0.572714), (0.703056, 0.421557, 0.572714), (0, 0.627478, 0.778635), (-0.703056, 0.421557, 0.572714), (0, 0.627478, 0.778635), (-0.703056, 0.421557, 0.572714), (0, 0.627478, 0.778635), (-0.703056, 0.421557, 0.572714), (-0.703056, -0.572714, -0.421557), (0, -0.778635, -0.627478), (-0.703056, -0.572714, -0.421557), (0, -0.778635, -0.627478), (-0.703056, -0.572714, -0.421557), (0, -0.778635, -0.627478), (0.703056, 0.421557, 0.572714), (0.994271, -0.0755785, 0.0755785), (0.994271, -0.0755785, 0.0755785), (0.994271, -0.0755785, 0.0755785), (0.703056, 0.421557, 0.572714), (0.703056, 0.421557, 0.572714), (-0.994271, -0.0755785, 0.0755785), (-0.703056, 0.421557, 0.572714), (-0.994271, -0.0755785, 0.0755785), (-0.703056, 0.421557, 0.572714), (-0.994271, -0.0755785, 0.0755785), (-0.703056, 0.421557, 0.572714), (0, -0.778635, -0.627478), (0.703056, -0.572714, -0.421557), (0.703056, -0.572714, -0.421557), (0.703056, -0.572714, -0.421557), (0, -0.778635, -0.627478), (0, -0.778635, -0.627478), (0, -0.707107, 0.707107), (0, -0.707107, 0.707107), (0, -0.707107, 0.707107), (0, -0.707107, 0.707107), (0, -0.707107, 0.707107), (0, -0.707107, 0.707107), (0, -0.707107, 0.707107), (0, -0.707107, 0.707107), (0, -0.707107, 0.707107), (0, -0.707107, 0.707107), (0, -0.707107, 0.707107), (0, -0.707107, 0.707107), (0, -0.707107, 0.707107), (0, -0.707107, 0.707107), (0, -0.707107, 0.707107), (0, -0.707107, 0.707107), (0, -0.707107, 0.707107), (0, -0.707107, 0.707107), (0, -0.707107, 0.707107), (0, -0.707107, 0.707107), (0, -0.707107, 0.707107), (0, -0.707107, 0.707107), (0, -0.707107, 0.707107), (0, -0.707107, 0.707107), (0, -0.707107, 0.707107), (0, -0.707107, 0.707107), (0, -0.707107, 0.707107), (0, -0.707107, 0.707107), (0, -0.707107, 0.707107), (0, -0.707107, 0.707107), (0, -0.707107, 0.707107), (0, -0.707107, 0.707107), (0, -0.707107, 0.707107), (0, -0.707107, 0.707107), (0, -0.707107, 0.707107), (0, -0.707107, 0.707107), (0, -0.707107, 0.707107), (0, -0.707107, 0.707107), (0, -0.707107, 0.707107), (0, -0.707107, 0.707107), (0, -0.707107, 0.707107), (0, -0.707107, 0.707107), (0, -0.707107, 0.707107), (0, -0.707107, 0.707107), (0, -0.707107, 0.707107), (0, -0.707107, 0.707107), (0, -0.707107, 0.707107), (0, -0.707107, 0.707107), (0, -0.707107, 0.707107), (0, -0.707107, 0.707107), (0, -0.707107, 0.707107), (0, -0.707107, 0.707107), (0, -0.707107, 0.707107), (0, -0.707107, 0.707107), (0, -0.707107, 0.707107), (0, -0.707107, 0.707107), (0, -0.707107, 0.707107), (0, -0.707107, 0.707107), (0, -0.707107, 0.707107), (0, -0.707107, 0.707107), (0, -0.707107, 0.707107), (0, -0.707107, 0.707107), (0, -0.707107, 0.707107), (0, -0.707107, 0.707107), (0, -0.707107, 0.707107), (0, -0.707107, 0.707107), (0, -0.730602, -0.682804), (0.706703, -0.523613, -0.475816), (0.706703, -0.523613, -0.475816), (0.706703, -0.523613, -0.475816), (0, -0.730602, -0.682804), (0, -0.730602, -0.682804), (-0.706703, -0.523613, -0.475816), (0, -0.730602, -0.682804), (-0.706703, -0.523613, -0.475816), (0, -0.730602, -0.682804), (-0.706703, -0.523613, -0.475816), (0, -0.730602, -0.682804), (0.999429, -0.0238987, 0.0238987), (0.706703, -0.523613, -0.475816), (0.706703, -0.523613, -0.475816), (0.706703, -0.523613, -0.475816), (0.999429, -0.0238987, 0.0238987), (0.999429, -0.0238987, 0.0238987), (0.706703, 0.475816, 0.523613), (0.999429, -0.0238987, 0.0238987), (0.999429, -0.0238987, 0.0238987), (0.999429, -0.0238987, 0.0238987), (0.706703, 0.475816, 0.523613), (0.706703, 0.475816, 0.523613), (-0.706703, -0.523613, -0.475816), (-0.999429, -0.0238987, 0.0238987), (-0.706703, -0.523613, -0.475816), (-0.999429, -0.0238987, 0.0238987), (-0.706703, -0.523613, -0.475816), (-0.999429, -0.0238987, 0.0238987), (0, 0.682804, 0.730601), (-0.706703, 0.475816, 0.523613), (0, 0.682804, 0.730601), (-0.706703, 0.475816, 0.523613), (0, 0.682804, 0.730601), (-0.706703, 0.475816, 0.523613), (0.706703, 0.475816, 0.523613), (0, 0.682804, 0.730601), (0.706703, 0.475816, 0.523613), (0, 0.682804, 0.730601), (0.706703, 0.475816, 0.523613), (0, 0.682804, 0.730601), (-0.999429, -0.0238987, 0.0238987), (-0.706703, 0.475816, 0.523613), (-0.999429, -0.0238987, 0.0238987), (-0.706703, 0.475816, 0.523613), (-0.999429, -0.0238987, 0.0238987), (-0.706703, 0.475816, 0.523613), (0.994271, -0.0755785, 0.0755785), (0.703056, -0.572714, -0.421557), (0.703056, -0.572714, -0.421557), (0.703056, -0.572714, -0.421557), (0.994271, -0.0755785, 0.0755785), (0.994271, -0.0755785, 0.0755785), (-0.703056, -0.572714, -0.421557), (-0.994271, -0.0755785, 0.0755785), (-0.703056, -0.572714, -0.421557), (-0.994271, -0.0755785, 0.0755785), (-0.703056, -0.572714, -0.421557), (-0.994271, -0.0755785, 0.0755785), (0.703056, 0.421557, 0.572714), (0, 0.627478, 0.778635), (0, 0.627478, 0.778635), (0, 0.627478, 0.778635), (0.703056, 0.421557, 0.572714), (0.703056, 0.421557, 0.572714), (0, 0.627478, 0.778635), (-0.703056, 0.421557, 0.572714), (0, 0.627478, 0.778635), (-0.703056, 0.421557, 0.572714), (0, 0.627478, 0.778635), (-0.703056, 0.421557, 0.572714), (-0.703056, -0.572714, -0.421557), (0, -0.778635, -0.627478), (-0.703056, -0.572714, -0.421557), (0, -0.778635, -0.627478), (-0.703056, -0.572714, -0.421557), (0, -0.778635, -0.627478), (0.994271, -0.0755785, 0.0755785), (0.703056, 0.421557, 0.572714), (0.994271, -0.0755785, 0.0755785), (0.703056, 0.421557, 0.572714), (0.994271, -0.0755785, 0.0755785), (0.703056, 0.421557, 0.572714), (-0.703056, 0.421557, 0.572714), (-0.994271, -0.0755785, 0.0755785), (-0.994271, -0.0755785, 0.0755785), (-0.994271, -0.0755785, 0.0755785), (-0.703056, 0.421557, 0.572714), (-0.703056, 0.421557, 0.572714), (0, -0.778635, -0.627478), (0.703056, -0.572714, -0.421557), (0.703056, -0.572714, -0.421557), (0.703056, -0.572714, -0.421557), (0, -0.778635, -0.627478), (0, -0.778635, -0.627478), (0, -0.707107, 0.707107), (0, -0.707107, 0.707107), (0, -0.707107, 0.707107), (0, -0.707107, 0.707107), (0, -0.707107, 0.707107), (0, -0.707107, 0.707107), (0, -0.707107, 0.707107), (0, -0.707107, 0.707107), (0, -0.707107, 0.707107), (0, -0.707107, 0.707107), (0, -0.707107, 0.707107), (0, -0.707107, 0.707107), (0, -0.707107, 0.707107), (0, -0.707107, 0.707107), (0, -0.707107, 0.707107), (0, -0.707107, 0.707107), (0, -0.707107, 0.707107), (0, -0.707107, 0.707107), (0, -0.707107, 0.707107), (0, -0.707107, 0.707107), (0, -0.707107, 0.707107), (0, -0.707107, 0.707107), (0, -0.707107, 0.707107), (0, -0.707107, 0.707107), (0, -0.707107, 0.707107), (0, -0.707107, 0.707107), (0, -0.707107, 0.707107), (0, -0.707107, 0.707107), (0, -0.707107, 0.707107), (0, -0.707107, 0.707107), (0, -0.707107, 0.707107), (0, -0.707107, 0.707107), (0, -0.707107, 0.707107), (0, -0.707107, 0.707107), (0, -0.707107, 0.707107), (0, -0.707107, 0.707107), (0, -0.707107, 0.707107), (0, -0.707107, 0.707107), (0, -0.707107, 0.707107), (0, -0.707107, 0.707107), (0, -0.707107, 0.707107), (0, -0.707107, 0.707107), (0, -0.707107, 0.707107), (0, -0.707107, 0.707107), (0, -0.707107, 0.707107), (0, -0.707107, 0.707107), (0, -0.707107, 0.707107), (0, -0.707107, 0.707107), (0, -0.707107, 0.707107), (0, -0.707107, 0.707107), (0, -0.707107, 0.707107), (0, -0.707107, 0.707107), (0, -0.707107, 0.707107), (0, -0.707107, 0.707107), (0, -0.707107, 0.707107), (0, -0.707107, 0.707107), (0, -0.707107, 0.707107), (0, -0.707107, 0.707107), (0, -0.707107, 0.707107), (0, -0.707107, 0.707107), (0, -0.707107, 0.707107), (0, -0.707107, 0.707107), (0, -0.707107, 0.707107), (0, -0.707107, 0.707107), (0, -0.707107, 0.707107), (0, -0.707107, 0.707107), (-0.706703, -0.523613, -0.475816), (0, -0.730602, -0.682804), (-0.706703, -0.523613, -0.475816), (0, -0.730602, -0.682804), (-0.706703, -0.523613, -0.475816), (0, -0.730602, -0.682804), (0.706703, 0.475816, 0.523613), (0.999429, -0.0238987, 0.0238987), (0.999429, -0.0238987, 0.0238987), (0.999429, -0.0238987, 0.0238987), (0.706703, 0.475816, 0.523613), (0.706703, 0.475816, 0.523613), (0.999429, -0.0238987, 0.0238987), (0.706703, -0.523613, -0.475816), (0.706703, -0.523613, -0.475816), (0.706703, -0.523613, -0.475816), (0.999429, -0.0238987, 0.0238987), (0.999429, -0.0238987, 0.0238987), (-0.706703, -0.523613, -0.475816), (-0.999429, -0.0238987, 0.0238987), (-0.706703, -0.523613, -0.475816), (-0.999429, -0.0238987, 0.0238987), (-0.706703, -0.523613, -0.475816), (-0.999429, -0.0238987, 0.0238987), (0, 0.682804, 0.730601), (-0.706703, 0.475816, 0.523613), (-0.706703, 0.475816, 0.523613), (-0.706703, 0.475816, 0.523613), (0, 0.682804, 0.730601), (0, 0.682804, 0.730601), (-0.706703, 0.475816, 0.523613), (-0.999429, -0.0238987, 0.0238987), (-0.999429, -0.0238987, 0.0238987), (-0.999429, -0.0238987, 0.0238987), (-0.706703, 0.475816, 0.523613), (-0.706703, 0.475816, 0.523613), (0.706703, 0.475816, 0.523613), (0, 0.682804, 0.730601), (0.706703, 0.475816, 0.523613), (0, 0.682804, 0.730601), (0.706703, 0.475816, 0.523613), (0, 0.682804, 0.730601), (0, -0.730602, -0.682804), (0.706703, -0.523613, -0.475816), (0.706703, -0.523613, -0.475816), (0.706703, -0.523613, -0.475816), (0, -0.730602, -0.682804), (0, -0.730602, -0.682804), (-1, 0, 0), (-1, 0, 0), (-1, 0, 0), (-1, 0, 0), (-1, 0, 0), (-1, 0, 0), (0, 0.707107, -0.707107), (0, -0.707107, -0.707107), (0, -0.707107, -0.707107), (0, -0.707107, -0.707107), (0, 0.707107, -0.707107), (0, 0.707107, -0.707107), (1, 0, 0), (1, 0, 0), (1, 0, 0), (1, 0, 0), (1, 0, 0), (1, 0, 0), (0, 0.707107, 0.707107), (0, -0.707107, 0.707107), (0, -0.707107, 0.707107), (0, -0.707107, 0.707107), (0, 0.707107, 0.707107), (0, 0.707107, 0.707107), (0, 0.707107, -0.707107), (0, 0.707107, 0.707107), (0, 0.707107, -0.707107), (0, 0.707107, 0.707107), (0, 0.707107, -0.707107), (0, 0.707107, 0.707107), (0, -0.707107, 0.707107), (0, -0.707107, -0.707107), (0, -0.707107, 0.707107), (0, -0.707107, -0.707107), (0, -0.707107, 0.707107), (0, -0.707107, -0.707107), (-1, 0, 0), (-1, 0, 0), (-1, 0, 0), (-1, 0, 0), (-1, 0, 0), (-1, 0, 0), (0, 0.707107, -0.707107), (0, -0.707107, -0.707107), (0, -0.707107, -0.707107), (0, -0.707107, -0.707107), (0, 0.707107, -0.707107), (0, 0.707107, -0.707107), (1, 0, 0), (1, 0, 0), (1, 0, 0), (1, 0, 0), (1, 0, 0), (1, 0, 0), (0, 0.707107, 0.707107), (0, -0.707107, 0.707107), (0, -0.707107, 0.707107), (0, -0.707107, 0.707107), (0, 0.707107, 0.707107), (0, 0.707107, 0.707107), (0, 0.707107, -0.707107), (0, 0.707107, 0.707107), (0, 0.707107, -0.707107), (0, 0.707107, 0.707107), (0, 0.707107, -0.707107), (0, 0.707107, 0.707107), (0, -0.707107, 0.707107), (0, -0.707107, -0.707107), (0, -0.707107, 0.707107), (0, -0.707107, -0.707107), (0, -0.707107, 0.707107), (0, -0.707107, -0.707107), (0, -1, 0), (0, -1, 0), (0, -1, 0), (0, -1, 0), (0, -1, 0), (0, -1, 0), (-1, 0, 0), (-1, 0, 0), (-1, 0, 0), (-1, 0, 0), (-1, 0, 0), (-1, 0, 0), (0, 0, 1), (0, 0, 1), (0, 0, 1), (0, 0, 1), (0, 0, 1), (0, 0, 1), (0, 0, -1), (0, 0, -1), (0, 0, -1), (0, 0, -1), (0, 0, -1), (0, 0, -1), (1, 0, 0), (1, 0, 0), (1, 0, 0), (1, 0, 0), (1, 0, 0), (1, 0, 0), (0, 1, 0), (0, 1, 0), (0, 1, 0), (0, 1, 0), (0, 1, 0), (0, 1, 0), (-0.980785, 0, 0.19509), (-1, 0, 0), (-1, 0, 0), (-1, 0, 0), (-0.980785, 0, 0.19509), (-0.980785, 0, 0.19509), (0, 0, -1), (0, 0, -1), (0, 0, -1), (0, 0, -1), (0, 0, -1), (0, 0, -1), (0.19509, 0, 0.980785), (-0.19509, 0, 0.980785), (0.19509, 0, 0.980785), (-0.19509, 0, 0.980785), (0.19509, 0, 0.980785), (-0.19509, 0, 0.980785), (0.980785, 0, 0.19509), (1, 0, 0), (1, 0, 0), (1, 0, 0), (0.980785, 0, 0.19509), (0.980785, 0, 0.19509), (0.707107, 0, 0.707107), (0.19509, 0, 0.980785), (0.707107, 0, 0.707107), (0.19509, 0, 0.980785), (0.707107, 0, 0.707107), (0.19509, 0, 0.980785), (0.707107, 0, 0.707107), (0.980785, 0, 0.19509), (0.980785, 0, 0.19509), (0.980785, 0, 0.19509), (0.707107, 0, 0.707107), (0.707107, 0, 0.707107), (-0.707107, 0, 0.707107), (-0.980785, 0, 0.19509), (-0.980785, 0, 0.19509), (-0.980785, 0, 0.19509), (-0.707107, 0, 0.707107), (-0.707107, 0, 0.707107), (-0.19509, 0, 0.980785), (-0.707107, 0, 0.707107), (-0.19509, 0, 0.980785), (-0.707107, 0, 0.707107), (-0.19509, 0, 0.980785), (-0.707107, 0, 0.707107), (0, 1, 0), (0, 1, 0), (0, 1, 0), (0, 1, 0), (0, 1, 0), (0, 1, 0), (0, 1, 0), (0, 1, 0), (0, 1, 0), (0, 1, 0), (0, 1, 0), (0, 1, 0), (0, 1, 0), (0, 1, 0), (0, 1, 0), (0, 1, 0), (0, 1, 0), (0, 1, 0), (0, -1, 0), (0, -1, 0), (0, -1, 0), (0, -1, 0), (0, -1, 0), (0, -1, 0), (0, -1, 0), (0, -1, 0), (0, -1, 0), (0, -1, 0), (0, -1, 0), (0, -1, 0), (0, -1, 0), (0, -1, 0), (0, -1, 0), (0, -1, 0), (0, -1, 0), (0, -1, 0), (0, 0, -1), (0, 0, -1), (0, 0, -1), (0, 0, -1), (0, 0, -1), (0, 0, -1), (0, 0, 1), (0, 0, 1), (0, 0, 1), (0, 0, 1), (0, 0, 1), (0, 0, 1), (1, 0, 0), (1, 0, 0), (1, 0, 0), (1, 0, 0), (1, 0, 0), (1, 0, 0), (0, 1, 0), (0, 1, 0), (0, 1, 0), (0, 1, 0), (0, 1, 0), (0, 1, 0), (-1, 0, 0), (-1, 0, 0), (-1, 0, 0), (-1, 0, 0), (-1, 0, 0), (-1, 0, 0), (0, -1, 0), (0, -1, 0), (0, -1, 0), (0, -1, 0), (0, -1, 0), (0, -1, 0), (0, -0.258819, 0.965926), (0, -0.5, 0.866025), (0, -0.5, 0.866025), (0, -0.5, 0.866025), (0, -0.258819, 0.965926), (0, -0.258819, 0.965926), (0, 0.258819, -0.965926), (0, 0.5, -0.866025), (0, 0.5, -0.866025), (0, 0.5, -0.866025), (0, 0.258819, -0.965926), (0, 0.258819, -0.965926), (0, -0.866025, -0.5), (0, -0.866025, -0.5), (0, -0.866025, -0.5), (0, -0.866025, -0.5), (0, -0.866025, -0.5), (0, -0.866025, -0.5), (-1, 0, 0), (-1, 0, 0), (-1, 0, 0), (-1, 0, 0), (-1, 0, 0), (-1, 0, 0), (-1, 0, 0), (-1, 0, 0), (-1, 0, 0), (-1, 0, 0), (-1, 0, 0), (-1, 0, 0), (-1, 0, 0), (-1, 0, 0), (-1, 0, 0), (-1, 0, 0), (-1, 0, 0), (-1, 0, 0), (0, 0.866025, -0.5), (0, 0.866025, -0.5), (0, 0.866025, -0.5), (0, 0.866025, -0.5), (0, 0.866025, -0.5), (0, 0.866025, -0.5), (0, 0.5, 0.866025), (0, 0.258819, 0.965926), (0, 0.258819, 0.965926), (0, 0.258819, 0.965926), (0, 0.5, 0.866025), (0, 0.5, 0.866025), (0, -0.5, -0.866025), (0, -0.258819, -0.965926), (0, -0.258819, -0.965926), (0, -0.258819, -0.965926), (0, -0.5, -0.866025), (0, -0.5, -0.866025), (0, -0.258819, -0.965926), (0, 0.258819, -0.965926), (0, 0.258819, -0.965926), (0, 0.258819, -0.965926), (0, -0.258819, -0.965926), (0, -0.258819, -0.965926), (0, 0.258819, 0.965926), (0, -0.258819, 0.965926), (0, -0.258819, 0.965926), (0, -0.258819, 0.965926), (0, 0.258819, 0.965926), (0, 0.258819, 0.965926), (1, 0, 0), (1, 0, 0), (1, 0, 0), (1, 0, 0), (1, 0, 0), (1, 0, 0), (1, 0, 0), (1, 0, 0), (1, 0, 0), (1, 0, 0), (1, 0, 0), (1, 0, 0), (1, 0, 0), (1, 0, 0), (1, 0, 0), (1, 0, 0), (1, 0, 0), (1, 0, 0), (0, -0.258819, 0.965926), (0, -0.5, 0.866025), (0, -0.5, 0.866025), (0, -0.5, 0.866025), (0, -0.258819, 0.965926), (0, -0.258819, 0.965926), (0, 0.258819, -0.965926), (0, 0.5, -0.866025), (0, 0.5, -0.866025), (0, 0.5, -0.866025), (0, 0.258819, -0.965926), (0, 0.258819, -0.965926), (0, -0.866025, -0.5), (0, -0.866025, -0.5), (0, -0.866025, -0.5), (0, -0.866025, -0.5), (0, -0.866025, -0.5), (0, -0.866025, -0.5), (-1, 0, 0), (-1, 0, 0), (-1, 0, 0), (-1, 0, 0), (-1, 0, 0), (-1, 0, 0), (-1, 0, 0), (-1, 0, 0), (-1, 0, 0), (-1, 0, 0), (-1, 0, 0), (-1, 0, 0), (-1, 0, 0), (-1, 0, 0), (-1, 0, 0), (-1, 0, 0), (-1, 0, 0), (-1, 0, 0), (0, 0.866025, -0.5), (0, 0.866025, -0.5), (0, 0.866025, -0.5), (0, 0.866025, -0.5), (0, 0.866025, -0.5), (0, 0.866025, -0.5), (0, 0.5, 0.866025), (0, 0.258819, 0.965926), (0, 0.258819, 0.965926), (0, 0.258819, 0.965926), (0, 0.5, 0.866025), (0, 0.5, 0.866025), (0, -0.5, -0.866025), (0, -0.258819, -0.965926), (0, -0.258819, -0.965926), (0, -0.258819, -0.965926), (0, -0.5, -0.866025), (0, -0.5, -0.866025), (0, -0.258819, -0.965926), (0, 0.258819, -0.965926), (0, 0.258819, -0.965926), (0, 0.258819, -0.965926), (0, -0.258819, -0.965926), (0, -0.258819, -0.965926), (0, 0.258819, 0.965926), (0, -0.258819, 0.965926), (0, -0.258819, 0.965926), (0, -0.258819, 0.965926), (0, 0.258819, 0.965926), (0, 0.258819, 0.965926), (1, 0, 0), (1, 0, 0), (1, 0, 0), (1, 0, 0), (1, 0, 0), (1, 0, 0), (1, 0, 0), (1, 0, 0), (1, 0, 0), (1, 0, 0), (1, 0, 0), (1, 0, 0), (1, 0, 0), (1, 0, 0), (1, 0, 0), (1, 0, 0), (1, 0, 0), (1, 0, 0), (0, -1, 0), (0, -1, 0), (0, -1, 0), (0, -1, 0), (0, -1, 0), (0, -1, 0), (-1, 0, 0), (-1, 0, 0), (-1, 0, 0), (-1, 0, 0), (-1, 0, 0), (-1, 0, 0), (-1, 0, 0), (-1, 0, 0), (-0.979442, 0.161381, 0.121035), (-0.979442, 0.161381, 0.121035), (-1, 0, 0), (-0.977253, 0.169661, 0.127246), (0, 0, -1), (0, 0, -1), (0, 0, -1), (0, 0, -1), (0, 0, -1), (0, 0, -1), (0, 0, -1), (0, 0, -1), (0, 0, -1), (0, 0, -1), (0, 0, -1), (0, 0, -1), (0, 0, -1), (0, 0, -1), (0, 0, -1), (0, 0, -1), (0, 0, -1), (0, 0, -1), (0, 0.997497, 0.0707114), (0, 0.997497, 0.0707114), (0, 0.997497, 0.0707114), (0, 0.997497, 0.0707114), (0, 0.997497, 0.0707114), (0, 0.997497, 0.0707114), (0, 0.997877, 0.0651224), (0, 0.997877, 0.0651224), (0, 0.997877, 0.0651224), (0, 0.997877, 0.0651224), (0, 0.997877, 0.0651224), (0, 0.997877, 0.0651224), (-1, 0, 0), (-1, 0, 0), (-1, 0, 0), (-1, 0, 0), (-1, 0, 0), (-1, 0, 0), (0, 0.997877, 0.0651224), (0, 0.997877, 0.0651224), (0, 0.997877, 0.0651224), (0, 0.997877, 0.0651224), (0, 0.997877, 0.0651224), (0, 0.997877, 0.0651224), (1, 0, 0), (1, 0, 0), (1, 0, 0), (1, 0, 0), (1, 0, 0), (1, 0, 0), (1, 0, 0), (1, 0, 0), (1, 0, 0), (1, 0, 0), (1, 0, 0), (1, 0, 0), (1, 0, 0), (1, 0, 0), (0.979442, 0.161381, 0.121035), (1, 0, 0), (0.979442, 0.161381, 0.121035), (0.977253, 0.169661, 0.127246), (-0.977253, 0.169661, 0.127246), (-0.700246, 0.571121, 0.428341), (-0.979442, 0.161381, 0.121035), (-0.700246, 0.571121, 0.428341), (-0.977253, 0.169661, 0.127246), (-0.68913, 0.57971, 0.434782), (-0.700246, 0.571121, 0.428341), (-0.152921, 0.114918, 0.981534), (-0.193761, 0.784839, 0.588629), (-0.152921, 0.114918, 0.981534), (-0.700246, 0.571121, 0.428341), (-0.68913, 0.57971, 0.434782), (0.700246, 0.571121, 0.428341), (0.977253, 0.169661, 0.127246), (0.979442, 0.161381, 0.121035), (0.977253, 0.169661, 0.127246), (0.700246, 0.571121, 0.428341), (0.68913, 0.57971, 0.434782), (0.193761, 0.784839, 0.588629), (0.68913, 0.57971, 0.434782), (0.700246, 0.571121, 0.428341), (0.68913, 0.57971, 0.434782), (0.193761, 0.784839, 0.588629), (0.152921, 0.114918, 0.981534), (0, -0.707107, 0.707107), (0, -0.707107, 0.707107), (0, -0.707107, 0.707107), (0, -0.707107, 0.707107), (0, -0.707107, 0.707107), (0, -0.707107, 0.707107), (0, -0.707107, 0.707107), (0, -0.707107, 0.707107), (0.152921, 0.114918, 0.981534), (0, -0.707107, 0.707107), (0.152921, 0.114918, 0.981534), (-0.152921, 0.114918, 0.981534), (0, -0.707107, 0.707107), (-0.152921, 0.114918, 0.981534), (0, -0.707107, 0.707107), (0, -0.707107, 0.707107), (0, -0.707107, 0.707107), (0, -0.707107, 0.707107), (0, 0.5547, -0.83205), (0, 0.5547, -0.83205), (0, 0.5547, -0.83205), (0, 0.5547, -0.83205), (0, 0.5547, -0.83205), (0, 0.5547, -0.83205), (0, 0.5547, -0.83205), (0, 0.5547, -0.83205), (0, 0.5547, -0.83205), (0, 0.5547, -0.83205), (0, 0.5547, -0.83205), (0, 0.5547, -0.83205), (0, 0.5547, -0.83205), (0, 0.5547, -0.83205), (0, 0.5547, -0.83205), (0, 0.5547, -0.83205), (0, 0.5547, -0.83205), (0, 0.5547, -0.83205), (0, 0.5547, -0.83205), (0, 0.5547, -0.83205), (0, 0.5547, -0.83205), (0, 0.5547, -0.83205), (0, 0.5547, -0.83205), (0, 0.5547, -0.83205), (0, 0.5547, -0.83205), (0, 0.5547, -0.83205), (0, 0.5547, -0.83205), (0, 0.5547, -0.83205), (0, 0.5547, -0.83205), (0, 0.5547, -0.83205), (0, 0.707107, -0.707107), (0, 0.707107, -0.707107), (0, 0.707107, -0.707107), (0, 0.707107, -0.707107), (0, 0.707107, -0.707107), (0, 0.707107, -0.707107), (0, 0.707107, -0.707107), (0, 0.707107, -0.707107), (0, 0.707107, -0.707107), (0, 0.707107, -0.707107), (0, 0.707107, -0.707107), (0, 0.707107, -0.707107), (0, 0.707107, -0.707107), (0, 0.707107, -0.707107), (0, 0.707107, -0.707107), (0, 0.707107, -0.707107), (0, 0.707107, -0.707107), (0, 0.707107, -0.707107), (0, 0.707107, -0.707107), (0, 0.707107, -0.707107), (0, 0.707107, -0.707107), (0, 0.707107, -0.707107), (0, 0.707107, -0.707107), (0, 0.707107, -0.707107), (0, 0.707107, -0.707107), (0, 0.707107, -0.707107), (0, 0.707107, -0.707107), (0, 0.707107, -0.707107), (0, 0.707107, -0.707107), (0, 0.707107, -0.707107), (0, 0.707107, -0.707107), (0, 0.707107, -0.707107), (0, 0.707107, -0.707107), (0, 0.707107, -0.707107), (0, 0.707107, -0.707107), (0, 0.707107, -0.707107), (-0.674294, 0.6897, 0.263895), (-0.791487, 0.432174, -0.432174), (-0.953596, 0.212902, -0.212902), (-0.791487, 0.432174, -0.432174), (-0.674294, 0.6897, 0.263895), (-0.559666, 0.827917, -0.0364305), (-0.953596, 0.212902, -0.212902), (-0.559666, 0.0364304, -0.827917), (-0.674294, -0.263896, -0.6897), (-0.559666, 0.0364304, -0.827917), (-0.953596, 0.212902, -0.212902), (-0.791487, 0.432174, -0.432174), (0, 0.991839, 0.127492), (-0.674294, 0.6897, 0.263895), (0, 0.887197, 0.461391), (-0.674294, 0.6897, 0.263895), (0, 0.991839, 0.127492), (-0.559666, 0.827917, -0.0364305), (0, -0.127492, -0.99184), (0.674294, -0.263896, -0.6897), (0, -0.461392, -0.887196), (0.674294, -0.263896, -0.6897), (0, -0.127492, -0.99184), (0.559666, 0.0364304, -0.827917), (-0.674294, -0.263896, -0.6897), (0, -0.127492, -0.99184), (0, -0.461392, -0.887196), (0, -0.127492, -0.99184), (-0.674294, -0.263896, -0.6897), (-0.559666, 0.0364304, -0.827917), (0.674294, 0.6897, 0.263895), (0, 0.991839, 0.127492), (0, 0.887197, 0.461391), (0, 0.991839, 0.127492), (0.674294, 0.6897, 0.263895), (0.559666, 0.827917, -0.0364305), (0.559666, 0.0364304, -0.827917), (0.953596, 0.212902, -0.212902), (0.674294, -0.263896, -0.6897), (0.953596, 0.212902, -0.212902), (0.559666, 0.0364304, -0.827917), (0.791487, 0.432174, -0.432174), (0.791487, 0.432174, -0.432174), (0.674294, 0.6897, 0.263895), (0.953596, 0.212902, -0.212902), (0.674294, 0.6897, 0.263895), (0.791487, 0.432174, -0.432174), (0.559666, 0.827917, -0.0364305), (0, 0.887197, 0.461391), (-0.707107, 0.5, 0.5), (0, 0.707107, 0.707107), (-0.707107, 0.5, 0.5), (0, 0.887197, 0.461391), (-0.674294, 0.6897, 0.263895), (0.674294, -0.263896, -0.6897), (1, 0, 0), (0.707107, -0.5, -0.5), (1, 0, 0), (0.674294, -0.263896, -0.6897), (0.953596, 0.212902, -0.212902), (0, -0.461392, -0.887196), (0.707107, -0.5, -0.5), (0, -0.707107, -0.707107), (0.707107, -0.5, -0.5), (0, -0.461392, -0.887196), (0.674294, -0.263896, -0.6897), (-1, 0, 0), (-0.674294, -0.263896, -0.6897), (-0.707107, -0.5, -0.5), (-0.674294, -0.263896, -0.6897), (-1, 0, 0), (-0.953596, 0.212902, -0.212902), (-0.707107, 0.5, 0.5), (-0.953596, 0.212902, -0.212902), (-1, 0, 0), (-0.953596, 0.212902, -0.212902), (-0.707107, 0.5, 0.5), (-0.674294, 0.6897, 0.263895), (0.707107, 0.5, 0.5), (0, 0.887197, 0.461391), (0, 0.707107, 0.707107), (0, 0.887197, 0.461391), (0.707107, 0.5, 0.5), (0.674294, 0.6897, 0.263895), (-0.707107, -0.5, -0.5), (0, -0.461392, -0.887196), (0, -0.707107, -0.707107), (0, -0.461392, -0.887196), (-0.707107, -0.5, -0.5), (-0.674294, -0.263896, -0.6897), (0.674294, 0.6897, 0.263895), (1, 0, 0), (0.953596, 0.212902, -0.212902), (1, 0, 0), (0.674294, 0.6897, 0.263895), (0.707107, 0.5, 0.5), (-0.674294, 0.6897, 0.263895), (-0.791487, 0.432174, -0.432174), (-0.953596, 0.212902, -0.212902), (-0.791487, 0.432174, -0.432174), (-0.674294, 0.6897, 0.263895), (-0.559666, 0.827917, -0.0364305), (-0.953596, 0.212902, -0.212902), (-0.559666, 0.0364304, -0.827917), (-0.674294, -0.263896, -0.6897), (-0.559666, 0.0364304, -0.827917), (-0.953596, 0.212902, -0.212902), (-0.791487, 0.432174, -0.432174), (0, 0.991839, 0.127492), (-0.674294, 0.6897, 0.263895), (0, 0.887197, 0.461391), (-0.674294, 0.6897, 0.263895), (0, 0.991839, 0.127492), (-0.559666, 0.827917, -0.0364305), (0, -0.127492, -0.99184), (0.674294, -0.263896, -0.6897), (0, -0.461392, -0.887196), (0.674294, -0.263896, -0.6897), (0, -0.127492, -0.99184), (0.559666, 0.0364304, -0.827917), (-0.674294, -0.263896, -0.6897), (0, -0.127492, -0.99184), (0, -0.461392, -0.887196), (0, -0.127492, -0.99184), (-0.674294, -0.263896, -0.6897), (-0.559666, 0.0364304, -0.827917), (0.674294, 0.6897, 0.263895), (0, 0.991839, 0.127492), (0, 0.887197, 0.461391), (0, 0.991839, 0.127492), (0.674294, 0.6897, 0.263895), (0.559666, 0.827917, -0.0364305), (0.559666, 0.0364304, -0.827917), (0.953596, 0.212902, -0.212902), (0.674294, -0.263896, -0.6897), (0.953596, 0.212902, -0.212902), (0.559666, 0.0364304, -0.827917), (0.791487, 0.432174, -0.432174), (0.791487, 0.432174, -0.432174), (0.674294, 0.6897, 0.263895), (0.953596, 0.212902, -0.212902), (0.674294, 0.6897, 0.263895), (0.791487, 0.432174, -0.432174), (0.559666, 0.827917, -0.0364305), (0, 0.887197, 0.461391), (-0.707107, 0.5, 0.5), (0, 0.707107, 0.707107), (-0.707107, 0.5, 0.5), (0, 0.887197, 0.461391), (-0.674294, 0.6897, 0.263895), (0.674294, -0.263896, -0.6897), (1, 0, 0), (0.707107, -0.5, -0.5), (1, 0, 0), (0.674294, -0.263896, -0.6897), (0.953596, 0.212902, -0.212902), (0, -0.461392, -0.887196), (0.707107, -0.5, -0.5), (0, -0.707107, -0.707107), (0.707107, -0.5, -0.5), (0, -0.461392, -0.887196), (0.674294, -0.263896, -0.6897), (-1, 0, 0), (-0.674294, -0.263896, -0.6897), (-0.707107, -0.5, -0.5), (-0.674294, -0.263896, -0.6897), (-1, 0, 0), (-0.953596, 0.212902, -0.212902), (-0.707107, 0.5, 0.5), (-0.953596, 0.212902, -0.212902), (-1, 0, 0), (-0.953596, 0.212902, -0.212902), (-0.707107, 0.5, 0.5), (-0.674294, 0.6897, 0.263895), (0.707107, 0.5, 0.5), (0, 0.887197, 0.461391), (0, 0.707107, 0.707107), (0, 0.887197, 0.461391), (0.707107, 0.5, 0.5), (0.674294, 0.6897, 0.263895), (-0.674294, -0.263896, -0.6897), (0, -0.707107, -0.707107), (-0.707107, -0.5, -0.5), (0, -0.707107, -0.707107), (-0.674294, -0.263896, -0.6897), (0, -0.461392, -0.887196), (0.674294, 0.6897, 0.263895), (1, 0, 0), (0.953596, 0.212902, -0.212902), (1, 0, 0), (0.674294, 0.6897, 0.263895), (0.707107, 0.5, 0.5), (-0.193761, 0.784839, 0.588629), (0.152921, 0.114918, 0.981534), (0.193761, 0.784839, 0.588629), (0.152921, 0.114918, 0.981534), (-0.193761, 0.784839, 0.588629), (-0.152921, 0.114918, 0.981534), (0.206363, 0.847385, -0.489238), (0.410365, 0.789747, -0.455961), (0.206363, 0.691887, -0.691887), (0.410365, 0.644826, -0.644826), (0.206363, 0.691887, -0.691887), (0.410365, 0.789747, -0.455961), (0.206363, 0.691887, 0.691887), (0.410365, 0.644826, 0.644826), (0.206363, 0.847385, 0.489238), (0.410365, 0.789747, 0.455961), (0.206363, 0.847385, 0.489238), (0.410365, 0.644826, 0.644826), (0.206363, 0.978476, 1.83887e-13), (0.410365, 0.911922, 3.65669e-13), (0.206363, 0.945135, -0.253248), (0.410365, 0.880849, -0.236023), (0.206363, 0.945135, -0.253248), (0.410365, 0.911922, 3.65669e-13), (0.206363, 0.945135, -0.253248), (0.410365, 0.880849, -0.236023), (0.206363, 0.847385, -0.489238), (0.410365, 0.789747, -0.455961), (0.206363, 0.847385, -0.489238), (0.410365, 0.880849, -0.236023), (0.206363, 0.945135, 0.253248), (0.410365, 0.880849, 0.236023), (0.206363, 0.978476, 1.83887e-13), (0.410365, 0.911922, 3.65669e-13), (0.206363, 0.978476, 1.83887e-13), (0.410365, 0.880849, 0.236023), (0.410365, -0.236023, 0.880849), (0.206363, -0.253248, 0.945135), (0.410365, -0.455961, 0.789747), (0.206363, -0.489238, 0.847385), (0.410365, -0.455961, 0.789747), (0.206363, -0.253248, 0.945135), (0.206363, 0.691887, -0.691887), (0.410365, 0.644826, -0.644826), (0.206363, 0.489238, -0.847385), (0.410365, 0.455961, -0.789747), (0.206363, 0.489238, -0.847385), (0.410365, 0.644826, -0.644826), (0.410365, 0, 0.911922), (0.206363, 0, 0.978476), (0.410365, -0.236023, 0.880849), (0.206363, -0.253248, 0.945135), (0.410365, -0.236023, 0.880849), (0.206363, 0, 0.978476), (0.410365, -0.455961, 0.789747), (0.206363, -0.489238, 0.847385), (0.410365, -0.644826, 0.644826), (0.206363, -0.691887, 0.691887), (0.410365, -0.644826, 0.644826), (0.206363, -0.489238, 0.847385), (0.206363, -0.691887, 0.691887), (0.206363, -0.847385, 0.489238), (0.410365, -0.644826, 0.644826), (0.410365, -0.789747, 0.455961), (0.410365, -0.644826, 0.644826), (0.206363, -0.847385, 0.489238), (0.206363, -0.847385, 0.489238), (0.206363, -0.945135, 0.253248), (0.410365, -0.789747, 0.455961), (0.410365, -0.880849, 0.236023), (0.410365, -0.789747, 0.455961), (0.206363, -0.945135, 0.253248), (0.410365, -0.455961, -0.789747), (0.410365, -0.644826, -0.644826), (0.206363, -0.489238, -0.847385), (0.206363, -0.691887, -0.691887), (0.206363, -0.489238, -0.847385), (0.410365, -0.644826, -0.644826), (0.206363, -0.945135, 0.253248), (0.206363, -0.978476, 1.83887e-13), (0.410365, -0.880849, 0.236023), (0.410365, -0.911922, 3.65669e-13), (0.410365, -0.880849, 0.236023), (0.206363, -0.978476, 1.83887e-13), (0.206363, -0.978476, 1.83887e-13), (0.206363, -0.945135, -0.253248), (0.410365, -0.911922, 3.65669e-13), (0.410365, -0.880849, -0.236023), (0.410365, -0.911922, 3.65669e-13), (0.206363, -0.945135, -0.253248), (0.206363, 0.253248, -0.945135), (0.410365, 0.236023, -0.880849), (0.206363, 0, -0.978476), (0.410365, 0, -0.911922), (0.206363, 0, -0.978476), (0.410365, 0.236023, -0.880849), (0.206363, -0.945135, -0.253248), (0.206363, -0.847385, -0.489238), (0.410365, -0.880849, -0.236023), (0.410365, -0.789747, -0.455961), (0.410365, -0.880849, -0.236023), (0.206363, -0.847385, -0.489238), (0.410365, -0.236023, -0.880849), (0.410365, -0.455961, -0.789747), (0.206363, -0.253248, -0.945135), (0.206363, -0.489238, -0.847385), (0.206363, -0.253248, -0.945135), (0.410365, -0.455961, -0.789747), (0.206363, 0.489238, -0.847385), (0.410365, 0.455961, -0.789747), (0.206363, 0.253248, -0.945135), (0.410365, 0.236023, -0.880849), (0.206363, 0.253248, -0.945135), (0.410365, 0.455961, -0.789747), (0.206363, -0.847385, -0.489238), (0.206363, -0.691887, -0.691887), (0.410365, -0.789747, -0.455961), (0.410365, -0.644826, -0.644826), (0.410365, -0.789747, -0.455961), (0.206363, -0.691887, -0.691887), (1, 0, 8.91084e-13), (1, 0, 8.91084e-13), (1, 0, 8.91084e-13), (1, 0, 8.91084e-13), (1, 0, 8.91084e-13), (1, 0, 8.91084e-13), (1, 0, 8.91084e-13), (1, 0, 8.91084e-13), (1, 0, 8.91084e-13), (1, 0, 8.91084e-13), (1, 0, 8.91084e-13), (1, 0, 8.91084e-13), (1, 0, 8.91084e-13), (1, 0, 8.91084e-13), (1, 0, 8.91084e-13), (1, 0, 8.91084e-13), (1, 0, 8.91084e-13), (1, 0, 8.91084e-13), (1, 0, 8.91084e-13), (1, 0, 8.91084e-13), (1, 0, 8.91084e-13), (1, 0, 8.91084e-13), (1, 0, 8.91084e-13), (1, 0, 8.91084e-13), (1, 0, 8.91084e-13), (1, 0, 8.91084e-13), (1, 0, 8.91084e-13), (1, 0, 8.91084e-13), (1, 0, 8.91084e-13), (1, 0, 8.91084e-13), (1, 0, 8.91084e-13), (1, 0, 8.91084e-13), (1, 0, 8.91084e-13), (1, 0, 8.91084e-13), (1, 0, 8.91084e-13), (1, 0, 8.91084e-13), (1, 0, 8.91084e-13), (1, 0, 8.91084e-13), (1, 0, 8.91084e-13), (1, 0, 8.91084e-13), (1, 0, 8.91084e-13), (1, 0, 8.91084e-13), (1, 0, 8.91084e-13), (1, 0, 8.91084e-13), (1, 0, 8.91084e-13), (1, 0, 8.91084e-13), (1, 0, 8.91084e-13), (1, 0, 8.91084e-13), (1, 0, 8.91084e-13), (1, 0, 8.91084e-13), (1, 0, 8.91084e-13), (1, 0, 8.91084e-13), (1, 0, 8.91084e-13), (1, 0, 8.91084e-13), (1, 0, 8.91084e-13), (1, 0, 8.91084e-13), (1, 0, 8.91084e-13), (1, 0, 8.91084e-13), (1, 0, 8.91084e-13), (1, 0, 8.91084e-13), (1, 0, 8.91084e-13), (1, 0, 8.91084e-13), (1, 0, 8.91084e-13), (1, 0, 8.91084e-13), (1, 0, 8.91084e-13), (1, 0, 8.91084e-13), (0.410365, 0, -0.911922), (0.410365, -0.236023, -0.880849), (0.206363, 0, -0.978476), (0.206363, -0.253248, -0.945135), (0.206363, 0, -0.978476), (0.410365, -0.236023, -0.880849), (0.206363, 0.847385, 0.489238), (0.410365, 0.789747, 0.455961), (0.206363, 0.945135, 0.253248), (0.410365, 0.880849, 0.236023), (0.206363, 0.945135, 0.253248), (0.410365, 0.789747, 0.455961), (0.206363, 0.691887, 0.691887), (0.206363, 0.489238, 0.847385), (0.410365, 0.644826, 0.644826), (0.410365, 0.455961, 0.789747), (0.410365, 0.644826, 0.644826), (0.206363, 0.489238, 0.847385), (0.206363, 0.489238, 0.847385), (0.206363, 0.253248, 0.945135), (0.410365, 0.455961, 0.789747), (0.410365, 0.236023, 0.880849), (0.410365, 0.455961, 0.789747), (0.206363, 0.253248, 0.945135), (0.410365, 0.236023, 0.880849), (0.206363, 0.253248, 0.945135), (0.410365, 0, 0.911922), (0.206363, 0, 0.978476), (0.410365, 0, 0.911922), (0.206363, 0.253248, 0.945135), (-0.206363, -0.489238, -0.847385), (0.206363, -0.489238, -0.847385), (-0.206363, -0.691887, -0.691887), (0.206363, -0.691887, -0.691887), (-0.206363, -0.691887, -0.691887), (0.206363, -0.489238, -0.847385), (0.206363, -0.489238, 0.847385), (-0.206363, -0.489238, 0.847385), (0.206363, -0.691887, 0.691887), (-0.206363, -0.691887, 0.691887), (0.206363, -0.691887, 0.691887), (-0.206363, -0.489238, 0.847385), (0.206363, 0.691887, 0.691887), (-0.206363, 0.691887, 0.691887), (0.206363, 0.489238, 0.847385), (-0.206363, 0.489238, 0.847385), (0.206363, 0.489238, 0.847385), (-0.206363, 0.691887, 0.691887), (-0.206363, -0.691887, 0.691887), (-0.206363, -0.847385, 0.489238), (0.206363, -0.691887, 0.691887), (0.206363, -0.847385, 0.489238), (0.206363, -0.691887, 0.691887), (-0.206363, -0.847385, 0.489238), (-0.206363, 0.847385, -0.489238), (0.206363, 0.847385, -0.489238), (-0.206363, 0.691887, -0.691887), (0.206363, 0.691887, -0.691887), (-0.206363, 0.691887, -0.691887), (0.206363, 0.847385, -0.489238), (-0.206363, 0.978476, -1.83887e-13), (0.206363, 0.978476, 1.83887e-13), (-0.206363, 0.945135, -0.253248), (0.206363, 0.945135, -0.253248), (-0.206363, 0.945135, -0.253248), (0.206363, 0.978476, 1.83887e-13), (-0.410365, 0.644826, 0.644826), (-0.206363, 0.691887, 0.691887), (-0.410365, 0.789747, 0.455961), (-0.206363, 0.847385, 0.489238), (-0.410365, 0.789747, 0.455961), (-0.206363, 0.691887, 0.691887), (-0.206363, -0.847385, -0.489238), (-0.206363, -0.691887, -0.691887), (0.206363, -0.847385, -0.489238), (0.206363, -0.691887, -0.691887), (0.206363, -0.847385, -0.489238), (-0.206363, -0.691887, -0.691887), (-0.206363, 0.253248, 0.945135), (-0.410365, 0.236023, 0.880849), (-0.206363, 0, 0.978476), (-0.410365, 0, 0.911922), (-0.206363, 0, 0.978476), (-0.410365, 0.236023, 0.880849), (-0.410365, -0.455961, -0.789747), (-0.206363, -0.489238, -0.847385), (-0.410365, -0.644826, -0.644826), (-0.206363, -0.691887, -0.691887), (-0.410365, -0.644826, -0.644826), (-0.206363, -0.489238, -0.847385), (-0.206363, 0.691887, 0.691887), (0.206363, 0.691887, 0.691887), (-0.206363, 0.847385, 0.489238), (0.206363, 0.847385, 0.489238), (-0.206363, 0.847385, 0.489238), (0.206363, 0.691887, 0.691887), (-0.410365, -0.644826, 0.644826), (-0.410365, -0.789747, 0.455961), (-0.206363, -0.691887, 0.691887), (-0.206363, -0.847385, 0.489238), (-0.206363, -0.691887, 0.691887), (-0.410365, -0.789747, 0.455961), (0.206363, 0.253248, 0.945135), (-0.206363, 0.253248, 0.945135), (0.206363, 0, 0.978476), (-0.206363, 0, 0.978476), (0.206363, 0, 0.978476), (-0.206363, 0.253248, 0.945135), (-0.206363, -0.978476, -1.83887e-13), (-0.206363, -0.945135, -0.253248), (0.206363, -0.978476, 1.83887e-13), (0.206363, -0.945135, -0.253248), (0.206363, -0.978476, 1.83887e-13), (-0.206363, -0.945135, -0.253248), (-0.410365, -0.880849, -0.236023), (-0.410365, -0.789747, -0.455961), (-0.206363, -0.945135, -0.253248), (-0.206363, -0.847385, -0.489238), (-0.206363, -0.945135, -0.253248), (-0.410365, -0.789747, -0.455961), (-0.410365, -0.789747, -0.455961), (-0.410365, -0.644826, -0.644826), (-0.206363, -0.847385, -0.489238), (-0.206363, -0.691887, -0.691887), (-0.206363, -0.847385, -0.489238), (-0.410365, -0.644826, -0.644826), (-0.206363, 0.691887, -0.691887), (-0.206363, 0.489238, -0.847385), (-0.410365, 0.644826, -0.644826), (-0.410365, 0.455961, -0.789747), (-0.410365, 0.644826, -0.644826), (-0.206363, 0.489238, -0.847385), (-0.410365, -0.455961, 0.789747), (-0.410365, -0.644826, 0.644826), (-0.206363, -0.489238, 0.847385), (-0.206363, -0.691887, 0.691887), (-0.206363, -0.489238, 0.847385), (-0.410365, -0.644826, 0.644826), (-0.410365, 0.789747, 0.455961), (-0.206363, 0.847385, 0.489238), (-0.410365, 0.880849, 0.236023), (-0.206363, 0.945135, 0.253248), (-0.410365, 0.880849, 0.236023), (-0.206363, 0.847385, 0.489238), (0.206363, -0.253248, 0.945135), (-0.206363, -0.253248, 0.945135), (0.206363, -0.489238, 0.847385), (-0.206363, -0.489238, 0.847385), (0.206363, -0.489238, 0.847385), (-0.206363, -0.253248, 0.945135), (-0.206363, 0.253248, -0.945135), (0.206363, 0.253248, -0.945135), (-0.206363, 0, -0.978476), (0.206363, 0, -0.978476), (-0.206363, 0, -0.978476), (0.206363, 0.253248, -0.945135), (-0.206363, -0.978476, -1.83887e-13), (0.206363, -0.978476, 1.83887e-13), (-0.206363, -0.945135, 0.253248), (0.206363, -0.945135, 0.253248), (-0.206363, -0.945135, 0.253248), (0.206363, -0.978476, 1.83887e-13), (-0.206363, 0.691887, 0.691887), (-0.410365, 0.644826, 0.644826), (-0.206363, 0.489238, 0.847385), (-0.410365, 0.455961, 0.789747), (-0.206363, 0.489238, 0.847385), (-0.410365, 0.644826, 0.644826), (-0.410365, -0.911922, -3.65669e-13), (-0.410365, -0.880849, -0.236023), (-0.206363, -0.978476, -1.83887e-13), (-0.206363, -0.945135, -0.253248), (-0.206363, -0.978476, -1.83887e-13), (-0.410365, -0.880849, -0.236023), (-0.410365, -0.236023, 0.880849), (-0.410365, -0.455961, 0.789747), (-0.206363, -0.253248, 0.945135), (-0.206363, -0.489238, 0.847385), (-0.206363, -0.253248, 0.945135), (-0.410365, -0.455961, 0.789747), (-0.410365, 0.911922, -3.65669e-13), (-0.410365, 0.880849, 0.236023), (-0.206363, 0.978476, -1.83887e-13), (-0.206363, 0.945135, 0.253248), (-0.206363, 0.978476, -1.83887e-13), (-0.410365, 0.880849, 0.236023), (0.206363, 0.489238, 0.847385), (-0.206363, 0.489238, 0.847385), (0.206363, 0.253248, 0.945135), (-0.206363, 0.253248, 0.945135), (0.206363, 0.253248, 0.945135), (-0.206363, 0.489238, 0.847385), (-0.206363, 0, -0.978476), (0.206363, 0, -0.978476), (-0.206363, -0.253248, -0.945135), (0.206363, -0.253248, -0.945135), (-0.206363, -0.253248, -0.945135), (0.206363, 0, -0.978476), (-0.410365, 0.880849, -0.236023), (-0.206363, 0.945135, -0.253248), (-0.410365, 0.789747, -0.455961), (-0.206363, 0.847385, -0.489238), (-0.410365, 0.789747, -0.455961), (-0.206363, 0.945135, -0.253248), (-0.410365, 0, -0.911922), (-0.206363, 0, -0.978476), (-0.410365, -0.236023, -0.880849), (-0.206363, -0.253248, -0.945135), (-0.410365, -0.236023, -0.880849), (-0.206363, 0, -0.978476), (-0.410365, 0.644826, -0.644826), (-0.410365, 0.789747, -0.455961), (-0.206363, 0.691887, -0.691887), (-0.206363, 0.847385, -0.489238), (-0.206363, 0.691887, -0.691887), (-0.410365, 0.789747, -0.455961), (-0.410365, -0.789747, 0.455961), (-0.410365, -0.880849, 0.236023), (-0.206363, -0.847385, 0.489238), (-0.206363, -0.945135, 0.253248), (-0.206363, -0.847385, 0.489238), (-0.410365, -0.880849, 0.236023), (-0.206363, -0.945135, -0.253248), (-0.206363, -0.847385, -0.489238), (0.206363, -0.945135, -0.253248), (0.206363, -0.847385, -0.489238), (0.206363, -0.945135, -0.253248), (-0.206363, -0.847385, -0.489238), (-0.410365, 0.236023, -0.880849), (-0.206363, 0.253248, -0.945135), (-0.410365, 0, -0.911922), (-0.206363, 0, -0.978476), (-0.410365, 0, -0.911922), (-0.206363, 0.253248, -0.945135), (-0.206363, 0.489238, 0.847385), (-0.410365, 0.455961, 0.789747), (-0.206363, 0.253248, 0.945135), (-0.410365, 0.236023, 0.880849), (-0.206363, 0.253248, 0.945135), (-0.410365, 0.455961, 0.789747), (-0.206363, -0.847385, 0.489238), (-0.206363, -0.945135, 0.253248), (0.206363, -0.847385, 0.489238), (0.206363, -0.945135, 0.253248), (0.206363, -0.847385, 0.489238), (-0.206363, -0.945135, 0.253248), (-0.410365, 0, 0.911922), (-0.410365, -0.236023, 0.880849), (-0.206363, 0, 0.978476), (-0.206363, -0.253248, 0.945135), (-0.206363, 0, 0.978476), (-0.410365, -0.236023, 0.880849), (-0.410365, 0.880849, -0.236023), (-0.410365, 0.911922, -3.65669e-13), (-0.206363, 0.945135, -0.253248), (-0.206363, 0.978476, -1.83887e-13), (-0.206363, 0.945135, -0.253248), (-0.410365, 0.911922, -3.65669e-13), (-0.410365, -0.911922, -3.65669e-13), (-0.206363, -0.978476, -1.83887e-13), (-0.410365, -0.880849, 0.236023), (-0.206363, -0.945135, 0.253248), (-0.410365, -0.880849, 0.236023), (-0.206363, -0.978476, -1.83887e-13), (-0.206363, 0.691887, -0.691887), (0.206363, 0.691887, -0.691887), (-0.206363, 0.489238, -0.847385), (0.206363, 0.489238, -0.847385), (-0.206363, 0.489238, -0.847385), (0.206363, 0.691887, -0.691887), (-0.206363, 0.847385, 0.489238), (0.206363, 0.847385, 0.489238), (-0.206363, 0.945135, 0.253248), (0.206363, 0.945135, 0.253248), (-0.206363, 0.945135, 0.253248), (0.206363, 0.847385, 0.489238), (-0.206363, 0.489238, -0.847385), (-0.206363, 0.253248, -0.945135), (-0.410365, 0.455961, -0.789747), (-0.410365, 0.236023, -0.880849), (-0.410365, 0.455961, -0.789747), (-0.206363, 0.253248, -0.945135), (-0.206363, -0.253248, -0.945135), (0.206363, -0.253248, -0.945135), (-0.206363, -0.489238, -0.847385), (0.206363, -0.489238, -0.847385), (-0.206363, -0.489238, -0.847385), (0.206363, -0.253248, -0.945135), (-0.206363, 0.945135, -0.253248), (0.206363, 0.945135, -0.253248), (-0.206363, 0.847385, -0.489238), (0.206363, 0.847385, -0.489238), (-0.206363, 0.847385, -0.489238), (0.206363, 0.945135, -0.253248), (0.206363, 0, 0.978476), (-0.206363, 0, 0.978476), (0.206363, -0.253248, 0.945135), (-0.206363, -0.253248, 0.945135), (0.206363, -0.253248, 0.945135), (-0.206363, 0, 0.978476), (-0.206363, 0.978476, -1.83887e-13), (-0.206363, 0.945135, 0.253248), (0.206363, 0.978476, 1.83887e-13), (0.206363, 0.945135, 0.253248), (0.206363, 0.978476, 1.83887e-13), (-0.206363, 0.945135, 0.253248), (-0.206363, 0.489238, -0.847385), (0.206363, 0.489238, -0.847385), (-0.206363, 0.253248, -0.945135), (0.206363, 0.253248, -0.945135), (-0.206363, 0.253248, -0.945135), (0.206363, 0.489238, -0.847385), (-0.410365, -0.236023, -0.880849), (-0.206363, -0.253248, -0.945135), (-0.410365, -0.455961, -0.789747), (-0.206363, -0.489238, -0.847385), (-0.410365, -0.455961, -0.789747), (-0.206363, -0.253248, -0.945135), (-0.264093, 0.835279, -0.482249), (-0.264093, 0.682003, -0.682003), (-0.264093, 0.835279, -0.482249), (-0.264093, 0.682003, -0.682003), (-0.264093, 0.835279, -0.482249), (-0.264093, 0.682003, -0.682003), (-0.264092, 0.24963, 0.931633), (-0.264092, 0.24963, 0.931633), (-0.264093, 0.482249, 0.835279), (-0.264093, 0.482249, 0.835279), (-0.264093, 0.482249, 0.835279), (-0.264092, 0.24963, 0.931633), (-0.264093, 0, -0.964497), (-0.264092, 0.24963, -0.931633), (-0.264093, 0, -0.964497), (-0.264092, 0.24963, -0.931633), (-0.264093, 0, -0.964497), (-0.264092, 0.24963, -0.931633), (-0.264092, -0.931633, 0.24963), (-0.264093, -0.835279, 0.482249), (-0.264092, -0.931633, 0.24963), (-0.264093, -0.835279, 0.482249), (-0.264092, -0.931633, 0.24963), (-0.264093, -0.835279, 0.482249), (-0.264092, 0.931633, -0.24963), (-0.264092, 0.931633, -0.24963), (-0.264093, 0.964497, -2.35329e-13), (-0.264093, 0.964497, -2.35329e-13), (-0.264093, 0.964497, -2.35329e-13), (-0.264092, 0.931633, -0.24963), (-0.264093, -0.482249, 0.835279), (-0.264092, -0.24963, 0.931633), (-0.264093, -0.482249, 0.835279), (-0.264092, -0.24963, 0.931633), (-0.264093, -0.482249, 0.835279), (-0.264092, -0.24963, 0.931633), (-0.264092, 0.931633, 0.24963), (-0.264093, 0.964497, -2.35329e-13), (-0.264092, 0.931633, 0.24963), (-0.264093, 0.964497, -2.35329e-13), (-0.264092, 0.931633, 0.24963), (-0.264093, 0.964497, -2.35329e-13), (-0.264092, 0.931633, -0.24963), (-0.264093, 0.835279, -0.482249), (-0.264092, 0.931633, -0.24963), (-0.264093, 0.835279, -0.482249), (-0.264092, 0.931633, -0.24963), (-0.264093, 0.835279, -0.482249), (-0.264092, -0.24963, 0.931633), (-0.264092, -0.24963, 0.931633), (-0.264093, 0, 0.964497), (-0.264093, 0, 0.964497), (-0.264093, 0, 0.964497), (-0.264092, -0.24963, 0.931633), (-0.264093, 0, 0.964497), (-0.264093, 0, 0.964497), (-0.264092, 0.24963, 0.931633), (-0.264092, 0.24963, 0.931633), (-0.264092, 0.24963, 0.931633), (-0.264093, 0, 0.964497), (-0.264093, -0.835279, 0.482249), (-0.264093, -0.682003, 0.682003), (-0.264093, -0.835279, 0.482249), (-0.264093, -0.682003, 0.682003), (-0.264093, -0.835279, 0.482249), (-0.264093, -0.682003, 0.682003), (-0.264092, -0.931633, -0.24963), (-0.264092, -0.931633, -0.24963), (-0.264093, -0.835279, -0.482249), (-0.264093, -0.835279, -0.482249), (-0.264093, -0.835279, -0.482249), (-0.264092, -0.931633, -0.24963), (-0.264092, -0.931633, -0.24963), (-0.264093, -0.964497, -2.35329e-13), (-0.264092, -0.931633, -0.24963), (-0.264093, -0.964497, -2.35329e-13), (-0.264092, -0.931633, -0.24963), (-0.264093, -0.964497, -2.35329e-13), (-0.264093, -0.964497, -2.35329e-13), (-0.264092, -0.931633, 0.24963), (-0.264093, -0.964497, -2.35329e-13), (-0.264092, -0.931633, 0.24963), (-0.264093, -0.964497, -2.35329e-13), (-0.264092, -0.931633, 0.24963), (-0.264093, -0.482249, -0.835279), (-0.264093, -0.482249, -0.835279), (-0.264092, -0.24963, -0.931633), (-0.264092, -0.24963, -0.931633), (-0.264092, -0.24963, -0.931633), (-0.264093, -0.482249, -0.835279), (-0.264093, -0.682003, -0.682003), (-0.264093, -0.682003, -0.682003), (-0.264093, -0.482249, -0.835279), (-0.264093, -0.482249, -0.835279), (-0.264093, -0.482249, -0.835279), (-0.264093, -0.682003, -0.682003), (-0.264093, 0.482249, 0.835279), (-0.264093, 0.482249, 0.835279), (-0.264093, 0.682003, 0.682003), (-0.264093, 0.682003, 0.682003), (-0.264093, 0.682003, 0.682003), (-0.264093, 0.482249, 0.835279), (-0.264093, 0.482249, -0.835279), (-0.264093, 0.682003, -0.682003), (-0.264093, 0.482249, -0.835279), (-0.264093, 0.682003, -0.682003), (-0.264093, 0.482249, -0.835279), (-0.264093, 0.682003, -0.682003), (-0.264093, 0.835279, 0.482249), (-0.264093, 0.835279, 0.482249), (-0.264093, 0.682003, 0.682003), (-0.264093, 0.682003, 0.682003), (-0.264093, 0.682003, 0.682003), (-0.264093, 0.835279, 0.482249), (-0.264092, 0.24963, -0.931633), (-0.264093, 0.482249, -0.835279), (-0.264092, 0.24963, -0.931633), (-0.264093, 0.482249, -0.835279), (-0.264092, 0.24963, -0.931633), (-0.264093, 0.482249, -0.835279), (-0.264093, -0.682003, 0.682003), (-0.264093, -0.482249, 0.835279), (-0.264093, -0.682003, 0.682003), (-0.264093, -0.482249, 0.835279), (-0.264093, -0.682003, 0.682003), (-0.264093, -0.482249, 0.835279), (-0.264092, -0.24963, -0.931633), (-0.264092, -0.24963, -0.931633), (-0.264093, 0, -0.964497), (-0.264093, 0, -0.964497), (-0.264093, 0, -0.964497), (-0.264092, -0.24963, -0.931633), (-1, 0, -8.91084e-13), (-1, 0, -8.91084e-13), (-1, 0, -8.91084e-13), (-1, 0, -8.91084e-13), (-1, 0, -8.91084e-13), (-1, 0, -8.91084e-13), (-1, 0, -8.91084e-13), (-1, 0, -8.91084e-13), (-1, 0, -8.91084e-13), (-1, 0, -8.91084e-13), (-1, 0, -8.91084e-13), (-1, 0, -8.91084e-13), (-1, 0, -8.91084e-13), (-1, 0, -8.91084e-13), (-1, 0, -8.91084e-13), (-1, 0, -8.91084e-13), (-1, 0, -8.91084e-13), (-1, 0, -8.91084e-13), (-1, 0, -8.91084e-13), (-1, 0, -8.91084e-13), (-1, 0, -8.91084e-13), (-1, 0, -8.91084e-13), (-1, 0, -8.91084e-13), (-1, 0, -8.91084e-13), (-1, 0, -8.91084e-13), (-1, 0, -8.91084e-13), (-1, 0, -8.91084e-13), (-1, 0, -8.91084e-13), (-1, 0, -8.91084e-13), (-1, 0, -8.91084e-13), (-1, 0, -8.91084e-13), (-1, 0, -8.91084e-13), (-1, 0, -8.91084e-13), (-1, 0, -8.91084e-13), (-1, 0, -8.91084e-13), (-1, 0, -8.91084e-13), (-1, 0, -8.91084e-13), (-1, 0, -8.91084e-13), (-1, 0, -8.91084e-13), (-1, 0, -8.91084e-13), (-1, 0, -8.91084e-13), (-1, 0, -8.91084e-13), (-1, 0, -8.91084e-13), (-1, 0, -8.91084e-13), (-1, 0, -8.91084e-13), (-1, 0, -8.91084e-13), (-1, 0, -8.91084e-13), (-1, 0, -8.91084e-13), (-1, 0, -8.91084e-13), (-1, 0, -8.91084e-13), (-1, 0, -8.91084e-13), (-1, 0, -8.91084e-13), (-1, 0, -8.91084e-13), (-1, 0, -8.91084e-13), (-1, 0, -8.91084e-13), (-1, 0, -8.91084e-13), (-1, 0, -8.91084e-13), (-1, 0, -8.91084e-13), (-1, 0, -8.91084e-13), (-1, 0, -8.91084e-13), (-1, 0, -8.91084e-13), (-1, 0, -8.91084e-13), (-1, 0, -8.91084e-13), (-1, 0, -8.91084e-13), (-1, 0, -8.91084e-13), (-1, 0, -8.91084e-13), (-0.264092, 0.931633, 0.24963), (-0.264092, 0.931633, 0.24963), (-0.264093, 0.835279, 0.482249), (-0.264093, 0.835279, 0.482249), (-0.264093, 0.835279, 0.482249), (-0.264092, 0.931633, 0.24963), (-0.264093, -0.835279, -0.482249), (-0.264093, -0.835279, -0.482249), (-0.264093, -0.682003, -0.682003), (-0.264093, -0.682003, -0.682003), (-0.264093, -0.682003, -0.682003), (-0.264093, -0.835279, -0.482249), (-1, 0, 0), (-1, 0, 0), (-1, 0, 0), (-1, 0, 0), (-1, 0, 0), (-1, 0, 0), (-1, 0, 0), (-1, 0, 0), (-1, 0, 0), (-1, 0, 0), (-1, 0, 0), (-1, 0, 0), (-1, 0, 0), (-1, 0, 0), (-1, 0, 0), (-1, 0, 0), (-1, 0, 0), (-1, 0, 0), (-1, 0, 0), (-1, 0, 0), (-1, 0, 0), (-1, 0, 0), (-1, 0, 0), (-1, 0, 0), (-1, 0, 0), (-1, 0, 0), (-1, 0, 0), (-1, 0, 0), (-1, 0, 0), (-1, 0, 0), (-1, 0, 0), (-1, 0, 0), (-1, 0, 0), (-1, 0, 0), (-1, 0, 0), (-1, 0, 0), (-1, 0, 0), (-1, 0, 0), (-1, 0, 0), (-1, 0, 0), (-1, 0, 0), (-1, 0, 0), (-1, 0, 0), (-1, 0, 0), (-1, 0, 0), (-1, 0, 0), (-1, 0, 0), (-1, 0, 0), (-1, 0, 0), (-1, 0, 0), (-1, 0, 0), (-1, 0, 0), (-1, 0, 0), (-1, 0, 0), (-1, 0, 0), (-1, 0, 0), (-1, 0, 0), (-1, 0, 0), (-1, 0, 0), (-1, 0, 0), (-1, 0, 0), (-1, 0, 0), (-1, 0, 0), (-1, 0, 0), (-1, 0, 0), (-1, 0, 0), (-1, 0, 0), (-1, 0, 0), (-1, 0, 0), (-1, 0, 0), (-1, 0, 0), (-1, 0, 0), (-1, 0, 0), (-1, 0, 0), (-1, 0, 0), (-1, 0, 0), (-1, 0, 0), (-1, 0, 0), (-1, 0, 0), (-1, 0, 0), (-1, 0, 0), (-1, 0, 0), (-1, 0, 0), (-1, 0, 0), (-1, 0, 0), (-1, 0, 0), (-1, 0, 0), (-1, 0, 0), (-1, 0, 0), (-1, 0, 0), (-1, 0, 0), (-1, 0, 0), (-1, 0, 0), (-1, 0, 0), (-1, 0, 0), (-1, 0, 0), (-1, 0, 0), (-1, 0, 0), (-1, 0, 0), (-1, 0, 0), (-1, 0, 0), (-1, 0, 0), (-1, 0, 0), (-1, 0, 0), (-1, 0, 0), (-1, 0, 0), (-1, 0, 0), (-1, 0, 0), (-1, 0, 0), (-1, 0, 0), (-1, 0, 0), (-1, 0, 0), (-1, 0, 0), (-1, 0, 0), (-1, 0, 0), (-1, 0, 0), (-1, 0, 0), (-1, 0, 0), (-1, 0, 0), (-1, 0, 0), (-1, 0, 0), (-1, 0, 0), (-1, 0, 0), (-1, 0, 0), (-1, 0, 0), (-1, 0, 0), (-1, 0, 0), (-1, 0, 0), (-1, 0, 0), (-1, 0, 0), (-1, 0, 0), (-1, 0, 0), (-1, 0, 0), (-1, 0, 0), (-1, 0, 0), (-1, 0, 0), (-1, 0, 0), (-1, 0, 0), (-1, 0, 0), (-1, 0, 0), (-1, 0, 0), (-1, 0, 0), (-1, 0, 0), (-1, 0, 0), (-1, 0, -8.91084e-13), (-1, 0, -8.91084e-13), (-1, 0, -8.91084e-13), (-1, 0, -8.91084e-13), (-1, 0, -8.91084e-13), (-1, 0, -8.91084e-13), (-1, 0, -8.91084e-13), (-1, 0, -8.91084e-13), (-1, 0, -8.91084e-13), (-1, 0, -8.91084e-13), (-1, 0, -8.91084e-13), (-1, 0, -8.91084e-13), (-1, 0, -8.91084e-13), (-1, 0, -8.91084e-13), (-1, 0, -8.91084e-13), (-1, 0, -8.91084e-13), (-1, 0, -8.91084e-13), (-1, 0, -8.91084e-13), (-1, 0, -8.91084e-13), (-1, 0, -8.91084e-13), (-1, 0, -8.91084e-13), (-1, 0, -8.91084e-13), (-1, 0, -8.91084e-13), (-1, 0, -8.91084e-13), (-1, 0, -8.91084e-13), (-1, 0, -8.91084e-13), (-1, 0, -8.91084e-13), (-1, 0, -8.91084e-13), (-1, 0, -8.91084e-13), (-1, 0, -8.91084e-13), (-1, 0, -8.91084e-13), (-1, 0, -8.91084e-13), (-1, 0, -8.91084e-13), (-1, 0, -8.91084e-13), (-1, 0, -8.91084e-13), (-1, 0, -8.91084e-13), (-1, 0, -8.91084e-13), (-1, 0, -8.91084e-13), (-1, 0, -8.91084e-13), (-1, 0, -8.91084e-13), (-1, 0, -8.91084e-13), (-1, 0, -8.91084e-13), (-1, 0, -8.91084e-13), (-1, 0, -8.91084e-13), (-1, 0, -8.91084e-13), (-1, 0, -8.91084e-13), (-1, 0, -8.91084e-13), (-1, 0, -8.91084e-13), (-1, 0, -8.91084e-13), (-1, 0, -8.91084e-13), (-1, 0, -8.91084e-13), (-1, 0, -8.91084e-13), (-1, 0, -8.91084e-13), (-1, 0, -8.91084e-13), (-1, 0, -8.91084e-13), (-1, 0, -8.91084e-13), (-1, 0, -8.91084e-13), (-1, 0, -8.91084e-13), (-1, 0, -8.91084e-13), (-1, 0, -8.91084e-13), (-1, 0, -8.91084e-13), (-1, 0, -8.91084e-13), (-1, 0, -8.91084e-13), (-1, 0, -8.91084e-13), (-1, 0, -8.91084e-13), (-1, 0, -8.91084e-13), (-1, 0, -8.91084e-13), (-1, 0, -8.91084e-13), (-1, 0, -8.91084e-13), (-1, 0, -8.91084e-13), (-1, 0, -8.91084e-13), (-1, 0, -8.91084e-13), (-1, 0, -8.91084e-13), (-1, 0, -8.91084e-13), (-1, 0, -8.91084e-13), (-1, 0, -8.91084e-13), (-1, 0, -8.91084e-13), (-1, 0, -8.91084e-13), (-1, 0, -8.91084e-13), (-1, 0, -8.91084e-13), (-1, 0, -8.91084e-13), (-1, 0, -8.91084e-13), (-1, 0, -8.91084e-13), (-1, 0, -8.91084e-13), (-1, 0, -8.91084e-13), (-1, 0, -8.91084e-13), (-1, 0, -8.91084e-13), (-1, 0, -8.91084e-13), (-1, 0, -8.91084e-13), (-1, 0, -8.91084e-13), (-1, 0, -8.91084e-13), (-1, 0, -8.91084e-13), (-1, 0, -8.91084e-13), (-1, 0, -8.91084e-13), (-1, 0, -8.91084e-13), (-1, 0, -8.91084e-13), (-1, 0, -8.91084e-13), (-1, 0, -8.91084e-13), (-1, 0, -8.91084e-13), (-1, 0, -8.91084e-13), (-1, 0, -8.91084e-13), (-1, 0, -8.91084e-13), (-1, 0, -8.91084e-13), (-1, 0, -8.91084e-13), (-1, 0, -8.91084e-13), (-1, 0, -8.91084e-13), (-1, 0, -8.91084e-13), (-1, 0, -8.91084e-13), (-1, 0, -8.91084e-13), (-1, 0, -8.91084e-13), (-1, 0, -8.91084e-13), (-1, 0, -8.91084e-13), (-1, 0, -8.91084e-13), (-1, 0, -8.91084e-13), (-1, 0, -8.91084e-13), (-1, 0, -8.91084e-13), (-1, 0, -8.91084e-13), (-1, 0, -8.91084e-13), (-1, 0, -8.91084e-13), (-1, 0, -8.91084e-13), (-1, 0, -8.91084e-13), (-1, 0, -8.91084e-13), (-1, 0, -8.91084e-13), (-1, 0, -8.91084e-13), (-1, 0, -8.91084e-13), (-1, 0, -8.91084e-13), (-1, 0, -8.91084e-13), (-1, 0, -8.91084e-13), (-1, 0, -8.91084e-13), (-1, 0, -8.91084e-13), (-1, 0, -8.91084e-13), (-1, 0, -8.91084e-13), (-1, 0, -8.91084e-13), (-1, 0, -8.91084e-13), (-1, 0, -8.91084e-13), (-1, 0, -8.91084e-13), (-1, 0, -8.91084e-13), (-1, 0, -8.91084e-13), (-1, 0, -8.91084e-13), (-1, 0, -8.91084e-13), (-1, 0, -8.91084e-13), (-1, 0, -8.91084e-13), (-1, 0, -8.91084e-13), (-1, 0, -8.91084e-13), (0.206363, -0.253248, -0.945135), (0.410365, -0.455961, -0.789747), (0.206363, -0.489238, -0.847385), (0.410365, -0.455961, -0.789747), (0.206363, -0.253248, -0.945135), (0.410365, -0.236023, -0.880849), (-0.206363, 0.489238, -0.847385), (0.206363, 0.253248, -0.945135), (-0.206363, 0.253248, -0.945135), (0.206363, 0.253248, -0.945135), (-0.206363, 0.489238, -0.847385), (0.206363, 0.489238, -0.847385), (0.206363, 0.945135, 0.253248), (-0.206363, 0.978476, 1.83887e-13), (-0.206363, 0.945135, 0.253248), (-0.206363, 0.978476, 1.83887e-13), (0.206363, 0.945135, 0.253248), (0.206363, 0.978476, -1.83887e-13), (0.206363, 0, 0.978476), (-0.206363, -0.253248, 0.945135), (0.206363, -0.253248, 0.945135), (-0.206363, -0.253248, 0.945135), (0.206363, 0, 0.978476), (-0.206363, 0, 0.978476), (-0.206363, 0.945135, -0.253248), (0.206363, 0.847385, -0.489238), (-0.206363, 0.847385, -0.489238), (0.206363, 0.847385, -0.489238), (-0.206363, 0.945135, -0.253248), (0.206363, 0.945135, -0.253248), (-0.206363, -0.253248, -0.945135), (0.206363, -0.489238, -0.847385), (-0.206363, -0.489238, -0.847385), (0.206363, -0.489238, -0.847385), (-0.206363, -0.253248, -0.945135), (0.206363, -0.253248, -0.945135), (0.206363, 0.253248, -0.945135), (0.410365, 0.455961, -0.789747), (0.410365, 0.236023, -0.880849), (0.410365, 0.455961, -0.789747), (0.206363, 0.253248, -0.945135), (0.206363, 0.489238, -0.847385), (-0.206363, 0.847385, 0.489238), (0.206363, 0.945135, 0.253248), (-0.206363, 0.945135, 0.253248), (0.206363, 0.945135, 0.253248), (-0.206363, 0.847385, 0.489238), (0.206363, 0.847385, 0.489238), (-0.206363, 0.691887, -0.691887), (0.206363, 0.489238, -0.847385), (-0.206363, 0.489238, -0.847385), (0.206363, 0.489238, -0.847385), (-0.206363, 0.691887, -0.691887), (0.206363, 0.691887, -0.691887), (0.206363, -0.978476, -1.83887e-13), (0.410365, -0.880849, 0.236023), (0.206363, -0.945135, 0.253248), (0.410365, -0.880849, 0.236023), (0.206363, -0.978476, -1.83887e-13), (0.410365, -0.911922, -3.65669e-13), (0.410365, 0.911922, -3.65669e-13), (0.206363, 0.945135, -0.253248), (0.206363, 0.978476, -1.83887e-13), (0.206363, 0.945135, -0.253248), (0.410365, 0.911922, -3.65669e-13), (0.410365, 0.880849, -0.236023), (0.410365, -0.236023, 0.880849), (0.206363, 0, 0.978476), (0.206363, -0.253248, 0.945135), (0.206363, 0, 0.978476), (0.410365, -0.236023, 0.880849), (0.410365, 0, 0.911922), (0.206363, -0.945135, 0.253248), (-0.206363, -0.847385, 0.489238), (-0.206363, -0.945135, 0.253248), (-0.206363, -0.847385, 0.489238), (0.206363, -0.945135, 0.253248), (0.206363, -0.847385, 0.489238), (0.410365, 0.455961, 0.789747), (0.206363, 0.253248, 0.945135), (0.410365, 0.236023, 0.880849), (0.206363, 0.253248, 0.945135), (0.410365, 0.455961, 0.789747), (0.206363, 0.489238, 0.847385), (0.206363, 0.253248, -0.945135), (0.410365, 0, -0.911922), (0.206363, 0, -0.978476), (0.410365, 0, -0.911922), (0.206363, 0.253248, -0.945135), (0.410365, 0.236023, -0.880849), (0.206363, -0.847385, -0.489238), (-0.206363, -0.945135, -0.253248), (-0.206363, -0.847385, -0.489238), (-0.206363, -0.945135, -0.253248), (0.206363, -0.847385, -0.489238), (0.206363, -0.945135, -0.253248), (0.410365, -0.880849, 0.236023), (0.206363, -0.847385, 0.489238), (0.206363, -0.945135, 0.253248), (0.206363, -0.847385, 0.489238), (0.410365, -0.880849, 0.236023), (0.410365, -0.789747, 0.455961), (0.410365, 0.789747, -0.455961), (0.206363, 0.691887, -0.691887), (0.206363, 0.847385, -0.489238), (0.206363, 0.691887, -0.691887), (0.410365, 0.789747, -0.455961), (0.410365, 0.644826, -0.644826), (0.206363, 0, -0.978476), (0.410365, -0.236023, -0.880849), (0.206363, -0.253248, -0.945135), (0.410365, -0.236023, -0.880849), (0.206363, 0, -0.978476), (0.410365, 0, -0.911922), (0.206363, 0.945135, -0.253248), (0.410365, 0.789747, -0.455961), (0.206363, 0.847385, -0.489238), (0.410365, 0.789747, -0.455961), (0.206363, 0.945135, -0.253248), (0.410365, 0.880849, -0.236023), (-0.206363, 0, -0.978476), (0.206363, -0.253248, -0.945135), (-0.206363, -0.253248, -0.945135), (0.206363, -0.253248, -0.945135), (-0.206363, 0, -0.978476), (0.206363, 0, -0.978476), (0.206363, 0.489238, 0.847385), (-0.206363, 0.253248, 0.945135), (0.206363, 0.253248, 0.945135), (-0.206363, 0.253248, 0.945135), (0.206363, 0.489238, 0.847385), (-0.206363, 0.489238, 0.847385), (0.410365, 0.880849, 0.236023), (0.206363, 0.978476, -1.83887e-13), (0.206363, 0.945135, 0.253248), (0.206363, 0.978476, -1.83887e-13), (0.410365, 0.880849, 0.236023), (0.410365, 0.911922, -3.65669e-13), (0.410365, -0.455961, 0.789747), (0.206363, -0.253248, 0.945135), (0.206363, -0.489238, 0.847385), (0.206363, -0.253248, 0.945135), (0.410365, -0.455961, 0.789747), (0.410365, -0.236023, 0.880849), (0.410365, -0.880849, -0.236023), (0.206363, -0.978476, -1.83887e-13), (0.206363, -0.945135, -0.253248), (0.206363, -0.978476, -1.83887e-13), (0.410365, -0.880849, -0.236023), (0.410365, -0.911922, -3.65669e-13), (0.410365, 0.644826, 0.644826), (0.206363, 0.489238, 0.847385), (0.410365, 0.455961, 0.789747), (0.206363, 0.489238, 0.847385), (0.410365, 0.644826, 0.644826), (0.206363, 0.691887, 0.691887), (-0.206363, -0.978476, 1.83887e-13), (0.206363, -0.945135, 0.253248), (-0.206363, -0.945135, 0.253248), (0.206363, -0.945135, 0.253248), (-0.206363, -0.978476, 1.83887e-13), (0.206363, -0.978476, -1.83887e-13), (-0.206363, 0.253248, -0.945135), (0.206363, 0, -0.978476), (-0.206363, 0, -0.978476), (0.206363, 0, -0.978476), (-0.206363, 0.253248, -0.945135), (0.206363, 0.253248, -0.945135), (0.206363, -0.253248, 0.945135), (-0.206363, -0.489238, 0.847385), (0.206363, -0.489238, 0.847385), (-0.206363, -0.489238, 0.847385), (0.206363, -0.253248, 0.945135), (-0.206363, -0.253248, 0.945135), (0.206363, 0.847385, 0.489238), (0.410365, 0.880849, 0.236023), (0.206363, 0.945135, 0.253248), (0.410365, 0.880849, 0.236023), (0.206363, 0.847385, 0.489238), (0.410365, 0.789747, 0.455961), (0.410365, -0.644826, 0.644826), (0.206363, -0.489238, 0.847385), (0.206363, -0.691887, 0.691887), (0.206363, -0.489238, 0.847385), (0.410365, -0.644826, 0.644826), (0.410365, -0.455961, 0.789747), (0.206363, 0.489238, -0.847385), (0.410365, 0.644826, -0.644826), (0.410365, 0.455961, -0.789747), (0.410365, 0.644826, -0.644826), (0.206363, 0.489238, -0.847385), (0.206363, 0.691887, -0.691887), (0.410365, -0.644826, -0.644826), (0.206363, -0.847385, -0.489238), (0.206363, -0.691887, -0.691887), (0.206363, -0.847385, -0.489238), (0.410365, -0.644826, -0.644826), (0.410365, -0.789747, -0.455961), (0.410365, -0.789747, -0.455961), (0.206363, -0.945135, -0.253248), (0.206363, -0.847385, -0.489238), (0.206363, -0.945135, -0.253248), (0.410365, -0.789747, -0.455961), (0.410365, -0.880849, -0.236023), (0.206363, -0.945135, -0.253248), (-0.206363, -0.978476, 1.83887e-13), (-0.206363, -0.945135, -0.253248), (-0.206363, -0.978476, 1.83887e-13), (0.206363, -0.945135, -0.253248), (0.206363, -0.978476, -1.83887e-13), (0.206363, 0.253248, 0.945135), (-0.206363, 0, 0.978476), (0.206363, 0, 0.978476), (-0.206363, 0, 0.978476), (0.206363, 0.253248, 0.945135), (-0.206363, 0.253248, 0.945135), (0.410365, -0.789747, 0.455961), (0.206363, -0.691887, 0.691887), (0.206363, -0.847385, 0.489238), (0.206363, -0.691887, 0.691887), (0.410365, -0.789747, 0.455961), (0.410365, -0.644826, 0.644826), (-0.206363, 0.691887, 0.691887), (0.206363, 0.847385, 0.489238), (-0.206363, 0.847385, 0.489238), (0.206363, 0.847385, 0.489238), (-0.206363, 0.691887, 0.691887), (0.206363, 0.691887, 0.691887), (0.206363, -0.489238, -0.847385), (0.410365, -0.644826, -0.644826), (0.206363, -0.691887, -0.691887), (0.410365, -0.644826, -0.644826), (0.206363, -0.489238, -0.847385), (0.410365, -0.455961, -0.789747), (0.410365, 0.236023, 0.880849), (0.206363, 0, 0.978476), (0.410365, 0, 0.911922), (0.206363, 0, 0.978476), (0.410365, 0.236023, 0.880849), (0.206363, 0.253248, 0.945135), (0.206363, -0.691887, -0.691887), (-0.206363, -0.847385, -0.489238), (-0.206363, -0.691887, -0.691887), (-0.206363, -0.847385, -0.489238), (0.206363, -0.691887, -0.691887), (0.206363, -0.847385, -0.489238), (0.206363, 0.691887, 0.691887), (0.410365, 0.789747, 0.455961), (0.206363, 0.847385, 0.489238), (0.410365, 0.789747, 0.455961), (0.206363, 0.691887, 0.691887), (0.410365, 0.644826, 0.644826), (-0.206363, 0.978476, 1.83887e-13), (0.206363, 0.945135, -0.253248), (-0.206363, 0.945135, -0.253248), (0.206363, 0.945135, -0.253248), (-0.206363, 0.978476, 1.83887e-13), (0.206363, 0.978476, -1.83887e-13), (-0.206363, 0.847385, -0.489238), (0.206363, 0.691887, -0.691887), (-0.206363, 0.691887, -0.691887), (0.206363, 0.691887, -0.691887), (-0.206363, 0.847385, -0.489238), (0.206363, 0.847385, -0.489238), (0.206363, -0.847385, 0.489238), (-0.206363, -0.691887, 0.691887), (-0.206363, -0.847385, 0.489238), (-0.206363, -0.691887, 0.691887), (0.206363, -0.847385, 0.489238), (0.206363, -0.691887, 0.691887), (0.206363, 0.691887, 0.691887), (-0.206363, 0.489238, 0.847385), (0.206363, 0.489238, 0.847385), (-0.206363, 0.489238, 0.847385), (0.206363, 0.691887, 0.691887), (-0.206363, 0.691887, 0.691887), (0.206363, -0.489238, 0.847385), (-0.206363, -0.691887, 0.691887), (0.206363, -0.691887, 0.691887), (-0.206363, -0.691887, 0.691887), (0.206363, -0.489238, 0.847385), (-0.206363, -0.489238, 0.847385), (-0.206363, -0.489238, -0.847385), (0.206363, -0.691887, -0.691887), (-0.206363, -0.691887, -0.691887), (0.206363, -0.691887, -0.691887), (-0.206363, -0.489238, -0.847385), (0.206363, -0.489238, -0.847385), (-0.206363, 0.253248, 0.945135), (-0.410365, 0, 0.911922), (-0.206363, 0, 0.978476), (-0.410365, 0, 0.911922), (-0.206363, 0.253248, 0.945135), (-0.410365, 0.236023, 0.880849), (-0.206363, 0.253248, 0.945135), (-0.410365, 0.455961, 0.789747), (-0.410365, 0.236023, 0.880849), (-0.410365, 0.455961, 0.789747), (-0.206363, 0.253248, 0.945135), (-0.206363, 0.489238, 0.847385), (-0.206363, 0.489238, 0.847385), (-0.410365, 0.644826, 0.644826), (-0.410365, 0.455961, 0.789747), (-0.410365, 0.644826, 0.644826), (-0.206363, 0.489238, 0.847385), (-0.206363, 0.691887, 0.691887), (-0.410365, 0.789747, 0.455961), (-0.206363, 0.945135, 0.253248), (-0.410365, 0.880849, 0.236023), (-0.206363, 0.945135, 0.253248), (-0.410365, 0.789747, 0.455961), (-0.206363, 0.847385, 0.489238), (-0.410365, -0.236023, -0.880849), (-0.206363, 0, -0.978476), (-0.206363, -0.253248, -0.945135), (-0.206363, 0, -0.978476), (-0.410365, -0.236023, -0.880849), (-0.410365, 0, -0.911922), (-1, 0, 8.91084e-13), (-1, 0, 8.91084e-13), (-1, 0, 8.91084e-13), (-1, 0, 8.91084e-13), (-1, 0, 8.91084e-13), (-1, 0, 8.91084e-13), (-1, 0, 8.91084e-13), (-1, 0, 8.91084e-13), (-1, 0, 8.91084e-13), (-1, 0, 8.91084e-13), (-1, 0, 8.91084e-13), (-1, 0, 8.91084e-13), (-1, 0, 8.91084e-13), (-1, 0, 8.91084e-13), (-1, 0, 8.91084e-13), (-1, 0, 8.91084e-13), (-1, 0, 8.91084e-13), (-1, 0, 8.91084e-13), (-1, 0, 8.91084e-13), (-1, 0, 8.91084e-13), (-1, 0, 8.91084e-13), (-1, 0, 8.91084e-13), (-1, 0, 8.91084e-13), (-1, 0, 8.91084e-13), (-1, 0, 8.91084e-13), (-1, 0, 8.91084e-13), (-1, 0, 8.91084e-13), (-1, 0, 8.91084e-13), (-1, 0, 8.91084e-13), (-1, 0, 8.91084e-13), (-1, 0, 8.91084e-13), (-1, 0, 8.91084e-13), (-1, 0, 8.91084e-13), (-1, 0, 8.91084e-13), (-1, 0, 8.91084e-13), (-1, 0, 8.91084e-13), (-1, 0, 8.91084e-13), (-1, 0, 8.91084e-13), (-1, 0, 8.91084e-13), (-1, 0, 8.91084e-13), (-1, 0, 8.91084e-13), (-1, 0, 8.91084e-13), (-1, 0, 8.91084e-13), (-1, 0, 8.91084e-13), (-1, 0, 8.91084e-13), (-1, 0, 8.91084e-13), (-1, 0, 8.91084e-13), (-1, 0, 8.91084e-13), (-1, 0, 8.91084e-13), (-1, 0, 8.91084e-13), (-1, 0, 8.91084e-13), (-1, 0, 8.91084e-13), (-1, 0, 8.91084e-13), (-1, 0, 8.91084e-13), (-1, 0, 8.91084e-13), (-1, 0, 8.91084e-13), (-1, 0, 8.91084e-13), (-1, 0, 8.91084e-13), (-1, 0, 8.91084e-13), (-1, 0, 8.91084e-13), (-1, 0, 8.91084e-13), (-1, 0, 8.91084e-13), (-1, 0, 8.91084e-13), (-1, 0, 8.91084e-13), (-1, 0, 8.91084e-13), (-1, 0, 8.91084e-13), (-0.206363, -0.691887, -0.691887), (-0.410365, -0.789747, -0.455961), (-0.410365, -0.644826, -0.644826), (-0.410365, -0.789747, -0.455961), (-0.206363, -0.691887, -0.691887), (-0.206363, -0.847385, -0.489238), (-0.410365, 0.455961, -0.789747), (-0.206363, 0.253248, -0.945135), (-0.410365, 0.236023, -0.880849), (-0.206363, 0.253248, -0.945135), (-0.410365, 0.455961, -0.789747), (-0.206363, 0.489238, -0.847385), (-0.410365, -0.455961, -0.789747), (-0.206363, -0.253248, -0.945135), (-0.206363, -0.489238, -0.847385), (-0.206363, -0.253248, -0.945135), (-0.410365, -0.455961, -0.789747), (-0.410365, -0.236023, -0.880849), (-0.206363, -0.847385, -0.489238), (-0.410365, -0.880849, -0.236023), (-0.410365, -0.789747, -0.455961), (-0.410365, -0.880849, -0.236023), (-0.206363, -0.847385, -0.489238), (-0.206363, -0.945135, -0.253248), (-0.410365, 0.236023, -0.880849), (-0.206363, 0, -0.978476), (-0.410365, 0, -0.911922), (-0.206363, 0, -0.978476), (-0.410365, 0.236023, -0.880849), (-0.206363, 0.253248, -0.945135), (-0.206363, -0.945135, -0.253248), (-0.410365, -0.911922, 3.65669e-13), (-0.410365, -0.880849, -0.236023), (-0.410365, -0.911922, 3.65669e-13), (-0.206363, -0.945135, -0.253248), (-0.206363, -0.978476, 1.83887e-13), (-0.206363, -0.978476, 1.83887e-13), (-0.410365, -0.880849, 0.236023), (-0.410365, -0.911922, 3.65669e-13), (-0.410365, -0.880849, 0.236023), (-0.206363, -0.978476, 1.83887e-13), (-0.206363, -0.945135, 0.253248), (-0.410365, -0.644826, -0.644826), (-0.206363, -0.489238, -0.847385), (-0.206363, -0.691887, -0.691887), (-0.206363, -0.489238, -0.847385), (-0.410365, -0.644826, -0.644826), (-0.410365, -0.455961, -0.789747), (-0.206363, -0.945135, 0.253248), (-0.410365, -0.789747, 0.455961), (-0.410365, -0.880849, 0.236023), (-0.410365, -0.789747, 0.455961), (-0.206363, -0.945135, 0.253248), (-0.206363, -0.847385, 0.489238), (-0.206363, -0.847385, 0.489238), (-0.410365, -0.644826, 0.644826), (-0.410365, -0.789747, 0.455961), (-0.410365, -0.644826, 0.644826), (-0.206363, -0.847385, 0.489238), (-0.206363, -0.691887, 0.691887), (-0.206363, -0.489238, 0.847385), (-0.410365, -0.644826, 0.644826), (-0.206363, -0.691887, 0.691887), (-0.410365, -0.644826, 0.644826), (-0.206363, -0.489238, 0.847385), (-0.410365, -0.455961, 0.789747), (-0.206363, 0, 0.978476), (-0.410365, -0.236023, 0.880849), (-0.206363, -0.253248, 0.945135), (-0.410365, -0.236023, 0.880849), (-0.206363, 0, 0.978476), (-0.410365, 0, 0.911922), (-0.410365, 0.644826, -0.644826), (-0.206363, 0.489238, -0.847385), (-0.410365, 0.455961, -0.789747), (-0.206363, 0.489238, -0.847385), (-0.410365, 0.644826, -0.644826), (-0.206363, 0.691887, -0.691887), (-0.206363, -0.253248, 0.945135), (-0.410365, -0.455961, 0.789747), (-0.206363, -0.489238, 0.847385), (-0.410365, -0.455961, 0.789747), (-0.206363, -0.253248, 0.945135), (-0.410365, -0.236023, 0.880849), (-0.410365, 0.880849, 0.236023), (-0.206363, 0.978476, 1.83887e-13), (-0.410365, 0.911922, 3.65669e-13), (-0.206363, 0.978476, 1.83887e-13), (-0.410365, 0.880849, 0.236023), (-0.206363, 0.945135, 0.253248), (-0.410365, 0.880849, -0.236023), (-0.206363, 0.847385, -0.489238), (-0.410365, 0.789747, -0.455961), (-0.206363, 0.847385, -0.489238), (-0.410365, 0.880849, -0.236023), (-0.206363, 0.945135, -0.253248), (-0.410365, 0.911922, 3.65669e-13), (-0.206363, 0.945135, -0.253248), (-0.410365, 0.880849, -0.236023), (-0.206363, 0.945135, -0.253248), (-0.410365, 0.911922, 3.65669e-13), (-0.206363, 0.978476, 1.83887e-13), (-0.410365, 0.644826, 0.644826), (-0.206363, 0.847385, 0.489238), (-0.410365, 0.789747, 0.455961), (-0.206363, 0.847385, 0.489238), (-0.410365, 0.644826, 0.644826), (-0.206363, 0.691887, 0.691887), (-0.410365, 0.789747, -0.455961), (-0.206363, 0.691887, -0.691887), (-0.410365, 0.644826, -0.644826), (-0.206363, 0.691887, -0.691887), (-0.410365, 0.789747, -0.455961), (-0.206363, 0.847385, -0.489238), (0.264093, -0.835279, -0.482249), (0.264093, -0.682003, -0.682003), (0.264093, -0.682003, -0.682003), (0.264093, -0.682003, -0.682003), (0.264093, -0.835279, -0.482249), (0.264093, -0.835279, -0.482249), (0.264092, 0.931633, 0.24963), (0.264093, 0.835279, 0.482249), (0.264093, 0.835279, 0.482249), (0.264093, 0.835279, 0.482249), (0.264092, 0.931633, 0.24963), (0.264092, 0.931633, 0.24963), (1, 0, -8.91084e-13), (1, 0, -8.91084e-13), (1, 0, -8.91084e-13), (1, 0, -8.91084e-13), (1, 0, -8.91084e-13), (1, 0, -8.91084e-13), (1, 0, -8.91084e-13), (1, 0, -8.91084e-13), (1, 0, -8.91084e-13), (1, 0, -8.91084e-13), (1, 0, -8.91084e-13), (1, 0, -8.91084e-13), (1, 0, -8.91084e-13), (1, 0, -8.91084e-13), (1, 0, -8.91084e-13), (1, 0, -8.91084e-13), (1, 0, -8.91084e-13), (1, 0, -8.91084e-13), (1, 0, -8.91084e-13), (1, 0, -8.91084e-13), (1, 0, -8.91084e-13), (1, 0, -8.91084e-13), (1, 0, -8.91084e-13), (1, 0, -8.91084e-13), (1, 0, -8.91084e-13), (1, 0, -8.91084e-13), (1, 0, -8.91084e-13), (1, 0, -8.91084e-13), (1, 0, -8.91084e-13), (1, 0, -8.91084e-13), (1, 0, -8.91084e-13), (1, 0, -8.91084e-13), (1, 0, -8.91084e-13), (1, 0, -8.91084e-13), (1, 0, -8.91084e-13), (1, 0, -8.91084e-13), (1, 0, -8.91084e-13), (1, 0, -8.91084e-13), (1, 0, -8.91084e-13), (1, 0, -8.91084e-13), (1, 0, -8.91084e-13), (1, 0, -8.91084e-13), (1, 0, -8.91084e-13), (1, 0, -8.91084e-13), (1, 0, -8.91084e-13), (1, 0, -8.91084e-13), (1, 0, -8.91084e-13), (1, 0, -8.91084e-13), (1, 0, -8.91084e-13), (1, 0, -8.91084e-13), (1, 0, -8.91084e-13), (1, 0, -8.91084e-13), (1, 0, -8.91084e-13), (1, 0, -8.91084e-13), (1, 0, -8.91084e-13), (1, 0, -8.91084e-13), (1, 0, -8.91084e-13), (1, 0, -8.91084e-13), (1, 0, -8.91084e-13), (1, 0, -8.91084e-13), (1, 0, -8.91084e-13), (1, 0, -8.91084e-13), (1, 0, -8.91084e-13), (1, 0, -8.91084e-13), (1, 0, -8.91084e-13), (1, 0, -8.91084e-13), (0.264092, -0.24963, -0.931633), (0.264093, 0, -0.964497), (0.264093, 0, -0.964497), (0.264093, 0, -0.964497), (0.264092, -0.24963, -0.931633), (0.264092, -0.24963, -0.931633), (0.264093, -0.482249, 0.835279), (0.264093, -0.682003, 0.682003), (0.264093, -0.482249, 0.835279), (0.264093, -0.682003, 0.682003), (0.264093, -0.482249, 0.835279), (0.264093, -0.682003, 0.682003), (0.264093, 0.482249, -0.835279), (0.264092, 0.24963, -0.931633), (0.264093, 0.482249, -0.835279), (0.264092, 0.24963, -0.931633), (0.264093, 0.482249, -0.835279), (0.264092, 0.24963, -0.931633), (0.264093, 0.835279, 0.482249), (0.264093, 0.682003, 0.682003), (0.264093, 0.682003, 0.682003), (0.264093, 0.682003, 0.682003), (0.264093, 0.835279, 0.482249), (0.264093, 0.835279, 0.482249), (0.264093, 0.682003, -0.682003), (0.264093, 0.482249, -0.835279), (0.264093, 0.682003, -0.682003), (0.264093, 0.482249, -0.835279), (0.264093, 0.682003, -0.682003), (0.264093, 0.482249, -0.835279), (0.264093, 0.482249, 0.835279), (0.264093, 0.682003, 0.682003), (0.264093, 0.682003, 0.682003), (0.264093, 0.682003, 0.682003), (0.264093, 0.482249, 0.835279), (0.264093, 0.482249, 0.835279), (0.264093, -0.682003, -0.682003), (0.264093, -0.482249, -0.835279), (0.264093, -0.482249, -0.835279), (0.264093, -0.482249, -0.835279), (0.264093, -0.682003, -0.682003), (0.264093, -0.682003, -0.682003), (0.264093, -0.482249, -0.835279), (0.264092, -0.24963, -0.931633), (0.264092, -0.24963, -0.931633), (0.264092, -0.24963, -0.931633), (0.264093, -0.482249, -0.835279), (0.264093, -0.482249, -0.835279), (0.264092, -0.931633, 0.24963), (0.264093, -0.964497, -2.35329e-13), (0.264092, -0.931633, 0.24963), (0.264093, -0.964497, -2.35329e-13), (0.264092, -0.931633, 0.24963), (0.264093, -0.964497, -2.35329e-13), (0.264093, -0.964497, -2.35329e-13), (0.264092, -0.931633, -0.24963), (0.264093, -0.964497, -2.35329e-13), (0.264092, -0.931633, -0.24963), (0.264093, -0.964497, -2.35329e-13), (0.264092, -0.931633, -0.24963), (0.264092, -0.931633, -0.24963), (0.264093, -0.835279, -0.482249), (0.264093, -0.835279, -0.482249), (0.264093, -0.835279, -0.482249), (0.264092, -0.931633, -0.24963), (0.264092, -0.931633, -0.24963), (0.264093, -0.682003, 0.682003), (0.264093, -0.835279, 0.482249), (0.264093, -0.682003, 0.682003), (0.264093, -0.835279, 0.482249), (0.264093, -0.682003, 0.682003), (0.264093, -0.835279, 0.482249), (0.264093, 0, 0.964497), (0.264092, 0.24963, 0.931633), (0.264092, 0.24963, 0.931633), (0.264092, 0.24963, 0.931633), (0.264093, 0, 0.964497), (0.264093, 0, 0.964497), (0.264092, -0.24963, 0.931633), (0.264093, 0, 0.964497), (0.264093, 0, 0.964497), (0.264093, 0, 0.964497), (0.264092, -0.24963, 0.931633), (0.264092, -0.24963, 0.931633), (0.264093, 0.835279, -0.482249), (0.264092, 0.931633, -0.24963), (0.264093, 0.835279, -0.482249), (0.264092, 0.931633, -0.24963), (0.264093, 0.835279, -0.482249), (0.264092, 0.931633, -0.24963), (0.264093, 0.964497, -2.35329e-13), (0.264092, 0.931633, 0.24963), (0.264093, 0.964497, -2.35329e-13), (0.264092, 0.931633, 0.24963), (0.264093, 0.964497, -2.35329e-13), (0.264092, 0.931633, 0.24963), (0.264092, -0.24963, 0.931633), (0.264093, -0.482249, 0.835279), (0.264092, -0.24963, 0.931633), (0.264093, -0.482249, 0.835279), (0.264092, -0.24963, 0.931633), (0.264093, -0.482249, 0.835279), (0.264092, 0.931633, -0.24963), (0.264093, 0.964497, -2.35329e-13), (0.264093, 0.964497, -2.35329e-13), (0.264093, 0.964497, -2.35329e-13), (0.264092, 0.931633, -0.24963), (0.264092, 0.931633, -0.24963), (0.264093, -0.835279, 0.482249), (0.264092, -0.931633, 0.24963), (0.264093, -0.835279, 0.482249), (0.264092, -0.931633, 0.24963), (0.264093, -0.835279, 0.482249), (0.264092, -0.931633, 0.24963), (0.264092, 0.24963, -0.931633), (0.264093, 0, -0.964497), (0.264092, 0.24963, -0.931633), (0.264093, 0, -0.964497), (0.264092, 0.24963, -0.931633), (0.264093, 0, -0.964497), (0.264092, 0.24963, 0.931633), (0.264093, 0.482249, 0.835279), (0.264093, 0.482249, 0.835279), (0.264093, 0.482249, 0.835279), (0.264092, 0.24963, 0.931633), (0.264092, 0.24963, 0.931633), (0.264093, 0.682003, -0.682003), (0.264093, 0.835279, -0.482249), (0.264093, 0.682003, -0.682003), (0.264093, 0.835279, -0.482249), (0.264093, 0.682003, -0.682003), (0.264093, 0.835279, -0.482249), (1, 0, 0), (1, 0, 0), (1, 0, 0), (1, 0, 0), (1, 0, 0), (1, 0, 0), (1, 0, 0), (1, 0, 0), (1, 0, 0), (1, 0, 0), (1, 0, 0), (1, 0, 0), (1, 0, 0), (1, 0, 0), (1, 0, 0), (1, 0, 0), (1, 0, 0), (1, 0, 0), (1, 0, 0), (1, 0, 0), (1, 0, 0), (1, 0, 0), (1, 0, 0), (1, 0, 0), (1, 0, 0), (1, 0, 0), (1, 0, 0), (1, 0, 0), (1, 0, 0), (1, 0, 0), (1, 0, 0), (1, 0, 0), (1, 0, 0), (1, 0, 0), (1, 0, 0), (1, 0, 0), (1, 0, 0), (1, 0, 0), (1, 0, 0), (1, 0, 0), (1, 0, 0), (1, 0, 0), (1, 0, 0), (1, 0, 0), (1, 0, 0), (1, 0, 0), (1, 0, 0), (1, 0, 0), (1, 0, 0), (1, 0, 0), (1, 0, 0), (1, 0, 0), (1, 0, 0), (1, 0, 0), (1, 0, 0), (1, 0, 0), (1, 0, 0), (1, 0, 0), (1, 0, 0), (1, 0, 0), (1, 0, 0), (1, 0, 0), (1, 0, 0), (1, 0, 0), (1, 0, 0), (1, 0, 0), (1, 0, 0), (1, 0, 0), (1, 0, 0), (1, 0, 0), (1, 0, 0), (1, 0, 0), (1, 0, 0), (1, 0, 0), (1, 0, 0), (1, 0, 0), (1, 0, 0), (1, 0, 0), (1, 0, 0), (1, 0, 0), (1, 0, 0), (1, 0, 0), (1, 0, 0), (1, 0, 0), (1, 0, 0), (1, 0, 0), (1, 0, 0), (1, 0, 0), (1, 0, 0), (1, 0, 0), (1, 0, 0), (1, 0, 0), (1, 0, 0), (1, 0, 0), (1, 0, 0), (1, 0, 0), (1, 0, 0), (1, 0, 0), (1, 0, 0), (1, 0, 0), (1, 0, 0), (1, 0, 0), (1, 0, 0), (1, 0, 0), (1, 0, 0), (1, 0, 0), (1, 0, 0), (1, 0, 0), (1, 0, 0), (1, 0, 0), (1, 0, 0), (1, 0, 0), (1, 0, 0), (1, 0, 0), (1, 0, 0), (1, 0, 0), (1, 0, 0), (1, 0, 0), (1, 0, 0), (1, 0, 0), (1, 0, 0), (1, 0, 0), (1, 0, 0), (1, 0, 0), (1, 0, 0), (1, 0, 0), (1, 0, 0), (1, 0, 0), (1, 0, 0), (1, 0, 0), (1, 0, 0), (1, 0, 0), (1, 0, 0), (1, 0, 0), (1, 0, 0), (1, 0, 0), (1, 0, 0), (1, 0, 0), (1, 0, 0), (1, 0, 0), (1, 0, 0), (1, 0, 0), (1, 0, 0), (1, 0, 0), (1, 0, -8.91084e-13), (1, 0, -8.91084e-13), (1, 0, -8.91084e-13), (1, 0, -8.91084e-13), (1, 0, -8.91084e-13), (1, 0, -8.91084e-13), (1, 0, -8.91084e-13), (1, 0, -8.91084e-13), (1, 0, -8.91084e-13), (1, 0, -8.91084e-13), (1, 0, -8.91084e-13), (1, 0, -8.91084e-13), (1, 0, -8.91084e-13), (1, 0, -8.91084e-13), (1, 0, -8.91084e-13), (1, 0, -8.91084e-13), (1, 0, -8.91084e-13), (1, 0, -8.91084e-13), (1, 0, -8.91084e-13), (1, 0, -8.91084e-13), (1, 0, -8.91084e-13), (1, 0, -8.91084e-13), (1, 0, -8.91084e-13), (1, 0, -8.91084e-13), (1, 0, -8.91084e-13), (1, 0, -8.91084e-13), (1, 0, -8.91084e-13), (1, 0, -8.91084e-13), (1, 0, -8.91084e-13), (1, 0, -8.91084e-13), (1, 0, -8.91084e-13), (1, 0, -8.91084e-13), (1, 0, -8.91084e-13), (1, 0, -8.91084e-13), (1, 0, -8.91084e-13), (1, 0, -8.91084e-13), (1, 0, -8.91084e-13), (1, 0, -8.91084e-13), (1, 0, -8.91084e-13), (1, 0, -8.91084e-13), (1, 0, -8.91084e-13), (1, 0, -8.91084e-13), (1, 0, -8.91084e-13), (1, 0, -8.91084e-13), (1, 0, -8.91084e-13), (1, 0, -8.91084e-13), (1, 0, -8.91084e-13), (1, 0, -8.91084e-13), (1, 0, -8.91084e-13), (1, 0, -8.91084e-13), (1, 0, -8.91084e-13), (1, 0, -8.91084e-13), (1, 0, -8.91084e-13), (1, 0, -8.91084e-13), (1, 0, -8.91084e-13), (1, 0, -8.91084e-13), (1, 0, -8.91084e-13), (1, 0, -8.91084e-13), (1, 0, -8.91084e-13), (1, 0, -8.91084e-13), (1, 0, -8.91084e-13), (1, 0, -8.91084e-13), (1, 0, -8.91084e-13), (1, 0, -8.91084e-13), (1, 0, -8.91084e-13), (1, 0, -8.91084e-13), (1, 0, -8.91084e-13), (1, 0, -8.91084e-13), (1, 0, -8.91084e-13), (1, 0, -8.91084e-13), (1, 0, -8.91084e-13), (1, 0, -8.91084e-13), (1, 0, -8.91084e-13), (1, 0, -8.91084e-13), (1, 0, -8.91084e-13), (1, 0, -8.91084e-13), (1, 0, -8.91084e-13), (1, 0, -8.91084e-13), (1, 0, -8.91084e-13), (1, 0, -8.91084e-13), (1, 0, -8.91084e-13), (1, 0, -8.91084e-13), (1, 0, -8.91084e-13), (1, 0, -8.91084e-13), (1, 0, -8.91084e-13), (1, 0, -8.91084e-13), (1, 0, -8.91084e-13), (1, 0, -8.91084e-13), (1, 0, -8.91084e-13), (1, 0, -8.91084e-13), (1, 0, -8.91084e-13), (1, 0, -8.91084e-13), (1, 0, -8.91084e-13), (1, 0, -8.91084e-13), (1, 0, -8.91084e-13), (1, 0, -8.91084e-13), (1, 0, -8.91084e-13), (1, 0, -8.91084e-13), (1, 0, -8.91084e-13), (1, 0, -8.91084e-13), (1, 0, -8.91084e-13), (1, 0, -8.91084e-13), (1, 0, -8.91084e-13), (1, 0, -8.91084e-13), (1, 0, -8.91084e-13), (1, 0, -8.91084e-13), (1, 0, -8.91084e-13), (1, 0, -8.91084e-13), (1, 0, -8.91084e-13), (1, 0, -8.91084e-13), (1, 0, -8.91084e-13), (1, 0, -8.91084e-13), (1, 0, -8.91084e-13), (1, 0, -8.91084e-13), (1, 0, -8.91084e-13), (1, 0, -8.91084e-13), (1, 0, -8.91084e-13), (1, 0, -8.91084e-13), (1, 0, -8.91084e-13), (1, 0, -8.91084e-13), (1, 0, -8.91084e-13), (1, 0, -8.91084e-13), (1, 0, -8.91084e-13), (1, 0, -8.91084e-13), (1, 0, -8.91084e-13), (1, 0, -8.91084e-13), (1, 0, -8.91084e-13), (1, 0, -8.91084e-13), (1, 0, -8.91084e-13), (1, 0, -8.91084e-13), (1, 0, -8.91084e-13), (1, 0, -8.91084e-13), (1, 0, -8.91084e-13), (1, 0, -8.91084e-13), (1, 0, -8.91084e-13), (1, 0, -8.91084e-13), (1, 0, -8.91084e-13), (1, 0, -8.91084e-13), (1, 0, -8.91084e-13), (1, 0, -8.91084e-13), (1, 0, -8.91084e-13), (1, 0, -8.91084e-13), (1, 0, -8.91084e-13), (1, 0, -8.91084e-13), (0.206363, 0.847385, -0.489238), (0.410365, 0.789747, -0.455961), (0.206363, 0.691887, -0.691887), (0.410365, 0.644826, -0.644826), (0.206363, 0.691887, -0.691887), (0.410365, 0.789747, -0.455961), (0.206363, 0.691887, 0.691887), (0.410365, 0.644826, 0.644826), (0.206363, 0.847385, 0.489238), (0.410365, 0.789747, 0.455961), (0.206363, 0.847385, 0.489238), (0.410365, 0.644826, 0.644826), (0.206363, 0.978476, 1.83887e-13), (0.410365, 0.911922, 3.65669e-13), (0.206363, 0.945135, -0.253248), (0.410365, 0.880849, -0.236023), (0.206363, 0.945135, -0.253248), (0.410365, 0.911922, 3.65669e-13), (0.206363, 0.945135, -0.253248), (0.410365, 0.880849, -0.236023), (0.206363, 0.847385, -0.489238), (0.410365, 0.789747, -0.455961), (0.206363, 0.847385, -0.489238), (0.410365, 0.880849, -0.236023), (0.206363, 0.945135, 0.253248), (0.410365, 0.880849, 0.236023), (0.206363, 0.978476, 1.83887e-13), (0.410365, 0.911922, 3.65669e-13), (0.206363, 0.978476, 1.83887e-13), (0.410365, 0.880849, 0.236023), (0.410365, -0.236023, 0.880849), (0.206363, -0.253248, 0.945135), (0.410365, -0.455961, 0.789747), (0.206363, -0.489238, 0.847385), (0.410365, -0.455961, 0.789747), (0.206363, -0.253248, 0.945135), (0.206363, 0.691887, -0.691887), (0.410365, 0.644826, -0.644826), (0.206363, 0.489238, -0.847385), (0.410365, 0.455961, -0.789747), (0.206363, 0.489238, -0.847385), (0.410365, 0.644826, -0.644826), (0.410365, 0, 0.911922), (0.206363, 0, 0.978476), (0.410365, -0.236023, 0.880849), (0.206363, -0.253248, 0.945135), (0.410365, -0.236023, 0.880849), (0.206363, 0, 0.978476), (0.410365, -0.455961, 0.789747), (0.206363, -0.489238, 0.847385), (0.410365, -0.644826, 0.644826), (0.206363, -0.691887, 0.691887), (0.410365, -0.644826, 0.644826), (0.206363, -0.489238, 0.847385), (0.206363, -0.691887, 0.691887), (0.206363, -0.847385, 0.489238), (0.410365, -0.644826, 0.644826), (0.410365, -0.789747, 0.455961), (0.410365, -0.644826, 0.644826), (0.206363, -0.847385, 0.489238), (0.206363, -0.847385, 0.489238), (0.206363, -0.945135, 0.253248), (0.410365, -0.789747, 0.455961), (0.410365, -0.880849, 0.236023), (0.410365, -0.789747, 0.455961), (0.206363, -0.945135, 0.253248), (0.410365, -0.455961, -0.789747), (0.410365, -0.644826, -0.644826), (0.206363, -0.489238, -0.847385), (0.206363, -0.691887, -0.691887), (0.206363, -0.489238, -0.847385), (0.410365, -0.644826, -0.644826), (0.206363, -0.945135, 0.253248), (0.206363, -0.978476, 1.83887e-13), (0.410365, -0.880849, 0.236023), (0.410365, -0.911922, 3.65669e-13), (0.410365, -0.880849, 0.236023), (0.206363, -0.978476, 1.83887e-13), (0.206363, -0.978476, 1.83887e-13), (0.206363, -0.945135, -0.253248), (0.410365, -0.911922, 3.65669e-13), (0.410365, -0.880849, -0.236023), (0.410365, -0.911922, 3.65669e-13), (0.206363, -0.945135, -0.253248), (0.206363, 0.253248, -0.945135), (0.410365, 0.236023, -0.880849), (0.206363, 0, -0.978476), (0.410365, 0, -0.911922), (0.206363, 0, -0.978476), (0.410365, 0.236023, -0.880849), (0.206363, -0.945135, -0.253248), (0.206363, -0.847385, -0.489238), (0.410365, -0.880849, -0.236023), (0.410365, -0.789747, -0.455961), (0.410365, -0.880849, -0.236023), (0.206363, -0.847385, -0.489238), (0.410365, -0.236023, -0.880849), (0.410365, -0.455961, -0.789747), (0.206363, -0.253248, -0.945135), (0.206363, -0.489238, -0.847385), (0.206363, -0.253248, -0.945135), (0.410365, -0.455961, -0.789747), (0.206363, 0.489238, -0.847385), (0.410365, 0.455961, -0.789747), (0.206363, 0.253248, -0.945135), (0.410365, 0.236023, -0.880849), (0.206363, 0.253248, -0.945135), (0.410365, 0.455961, -0.789747), (0.206363, -0.847385, -0.489238), (0.206363, -0.691887, -0.691887), (0.410365, -0.789747, -0.455961), (0.410365, -0.644826, -0.644826), (0.410365, -0.789747, -0.455961), (0.206363, -0.691887, -0.691887), (1, 0, 8.91084e-13), (1, 0, 8.91084e-13), (1, 0, 8.91084e-13), (1, 0, 8.91084e-13), (1, 0, 8.91084e-13), (1, 0, 8.91084e-13), (1, 0, 8.91084e-13), (1, 0, 8.91084e-13), (1, 0, 8.91084e-13), (1, 0, 8.91084e-13), (1, 0, 8.91084e-13), (1, 0, 8.91084e-13), (1, 0, 8.91084e-13), (1, 0, 8.91084e-13), (1, 0, 8.91084e-13), (1, 0, 8.91084e-13), (1, 0, 8.91084e-13), (1, 0, 8.91084e-13), (1, 0, 8.91084e-13), (1, 0, 8.91084e-13), (1, 0, 8.91084e-13), (1, 0, 8.91084e-13), (1, 0, 8.91084e-13), (1, 0, 8.91084e-13), (1, 0, 8.91084e-13), (1, 0, 8.91084e-13), (1, 0, 8.91084e-13), (1, 0, 8.91084e-13), (1, 0, 8.91084e-13), (1, 0, 8.91084e-13), (1, 0, 8.91084e-13), (1, 0, 8.91084e-13), (1, 0, 8.91084e-13), (1, 0, 8.91084e-13), (1, 0, 8.91084e-13), (1, 0, 8.91084e-13), (1, 0, 8.91084e-13), (1, 0, 8.91084e-13), (1, 0, 8.91084e-13), (1, 0, 8.91084e-13), (1, 0, 8.91084e-13), (1, 0, 8.91084e-13), (1, 0, 8.91084e-13), (1, 0, 8.91084e-13), (1, 0, 8.91084e-13), (1, 0, 8.91084e-13), (1, 0, 8.91084e-13), (1, 0, 8.91084e-13), (1, 0, 8.91084e-13), (1, 0, 8.91084e-13), (1, 0, 8.91084e-13), (1, 0, 8.91084e-13), (1, 0, 8.91084e-13), (1, 0, 8.91084e-13), (1, 0, 8.91084e-13), (1, 0, 8.91084e-13), (1, 0, 8.91084e-13), (1, 0, 8.91084e-13), (1, 0, 8.91084e-13), (1, 0, 8.91084e-13), (1, 0, 8.91084e-13), (1, 0, 8.91084e-13), (1, 0, 8.91084e-13), (1, 0, 8.91084e-13), (1, 0, 8.91084e-13), (1, 0, 8.91084e-13), (0.410365, 0, -0.911922), (0.410365, -0.236023, -0.880849), (0.206363, 0, -0.978476), (0.206363, -0.253248, -0.945135), (0.206363, 0, -0.978476), (0.410365, -0.236023, -0.880849), (0.206363, 0.847385, 0.489238), (0.410365, 0.789747, 0.455961), (0.206363, 0.945135, 0.253248), (0.410365, 0.880849, 0.236023), (0.206363, 0.945135, 0.253248), (0.410365, 0.789747, 0.455961), (0.206363, 0.691887, 0.691887), (0.206363, 0.489238, 0.847385), (0.410365, 0.644826, 0.644826), (0.410365, 0.455961, 0.789747), (0.410365, 0.644826, 0.644826), (0.206363, 0.489238, 0.847385), (0.206363, 0.489238, 0.847385), (0.206363, 0.253248, 0.945135), (0.410365, 0.455961, 0.789747), (0.410365, 0.236023, 0.880849), (0.410365, 0.455961, 0.789747), (0.206363, 0.253248, 0.945135), (0.410365, 0.236023, 0.880849), (0.206363, 0.253248, 0.945135), (0.410365, 0, 0.911922), (0.206363, 0, 0.978476), (0.410365, 0, 0.911922), (0.206363, 0.253248, 0.945135), (-0.206363, -0.489238, -0.847385), (0.206363, -0.489238, -0.847385), (-0.206363, -0.691887, -0.691887), (0.206363, -0.691887, -0.691887), (-0.206363, -0.691887, -0.691887), (0.206363, -0.489238, -0.847385), (0.206363, -0.489238, 0.847385), (-0.206363, -0.489238, 0.847385), (0.206363, -0.691887, 0.691887), (-0.206363, -0.691887, 0.691887), (0.206363, -0.691887, 0.691887), (-0.206363, -0.489238, 0.847385), (0.206363, 0.691887, 0.691887), (-0.206363, 0.691887, 0.691887), (0.206363, 0.489238, 0.847385), (-0.206363, 0.489238, 0.847385), (0.206363, 0.489238, 0.847385), (-0.206363, 0.691887, 0.691887), (-0.206363, -0.691887, 0.691887), (-0.206363, -0.847385, 0.489238), (0.206363, -0.691887, 0.691887), (0.206363, -0.847385, 0.489238), (0.206363, -0.691887, 0.691887), (-0.206363, -0.847385, 0.489238), (-0.206363, 0.847385, -0.489238), (0.206363, 0.847385, -0.489238), (-0.206363, 0.691887, -0.691887), (0.206363, 0.691887, -0.691887), (-0.206363, 0.691887, -0.691887), (0.206363, 0.847385, -0.489238), (-0.206363, 0.978476, -1.83887e-13), (0.206363, 0.978476, 1.83887e-13), (-0.206363, 0.945135, -0.253248), (0.206363, 0.945135, -0.253248), (-0.206363, 0.945135, -0.253248), (0.206363, 0.978476, 1.83887e-13), (-0.410365, 0.644826, 0.644826), (-0.206363, 0.691887, 0.691887), (-0.410365, 0.789747, 0.455961), (-0.206363, 0.847385, 0.489238), (-0.410365, 0.789747, 0.455961), (-0.206363, 0.691887, 0.691887), (-0.206363, -0.847385, -0.489238), (-0.206363, -0.691887, -0.691887), (0.206363, -0.847385, -0.489238), (0.206363, -0.691887, -0.691887), (0.206363, -0.847385, -0.489238), (-0.206363, -0.691887, -0.691887), (-0.206363, 0.253248, 0.945135), (-0.410365, 0.236023, 0.880849), (-0.206363, 0, 0.978476), (-0.410365, 0, 0.911922), (-0.206363, 0, 0.978476), (-0.410365, 0.236023, 0.880849), (-0.410365, -0.455961, -0.789747), (-0.206363, -0.489238, -0.847385), (-0.410365, -0.644826, -0.644826), (-0.206363, -0.691887, -0.691887), (-0.410365, -0.644826, -0.644826), (-0.206363, -0.489238, -0.847385), (-0.206363, 0.691887, 0.691887), (0.206363, 0.691887, 0.691887), (-0.206363, 0.847385, 0.489238), (0.206363, 0.847385, 0.489238), (-0.206363, 0.847385, 0.489238), (0.206363, 0.691887, 0.691887), (-0.410365, -0.644826, 0.644826), (-0.410365, -0.789747, 0.455961), (-0.206363, -0.691887, 0.691887), (-0.206363, -0.847385, 0.489238), (-0.206363, -0.691887, 0.691887), (-0.410365, -0.789747, 0.455961), (0.206363, 0.253248, 0.945135), (-0.206363, 0.253248, 0.945135), (0.206363, 0, 0.978476), (-0.206363, 0, 0.978476), (0.206363, 0, 0.978476), (-0.206363, 0.253248, 0.945135), (-0.206363, -0.978476, -1.83887e-13), (-0.206363, -0.945135, -0.253248), (0.206363, -0.978476, 1.83887e-13), (0.206363, -0.945135, -0.253248), (0.206363, -0.978476, 1.83887e-13), (-0.206363, -0.945135, -0.253248), (-0.410365, -0.880849, -0.236023), (-0.410365, -0.789747, -0.455961), (-0.206363, -0.945135, -0.253248), (-0.206363, -0.847385, -0.489238), (-0.206363, -0.945135, -0.253248), (-0.410365, -0.789747, -0.455961), (-0.410365, -0.789747, -0.455961), (-0.410365, -0.644826, -0.644826), (-0.206363, -0.847385, -0.489238), (-0.206363, -0.691887, -0.691887), (-0.206363, -0.847385, -0.489238), (-0.410365, -0.644826, -0.644826), (-0.206363, 0.691887, -0.691887), (-0.206363, 0.489238, -0.847385), (-0.410365, 0.644826, -0.644826), (-0.410365, 0.455961, -0.789747), (-0.410365, 0.644826, -0.644826), (-0.206363, 0.489238, -0.847385), (-0.410365, -0.455961, 0.789747), (-0.410365, -0.644826, 0.644826), (-0.206363, -0.489238, 0.847385), (-0.206363, -0.691887, 0.691887), (-0.206363, -0.489238, 0.847385), (-0.410365, -0.644826, 0.644826), (-0.410365, 0.789747, 0.455961), (-0.206363, 0.847385, 0.489238), (-0.410365, 0.880849, 0.236023), (-0.206363, 0.945135, 0.253248), (-0.410365, 0.880849, 0.236023), (-0.206363, 0.847385, 0.489238), (0.206363, -0.253248, 0.945135), (-0.206363, -0.253248, 0.945135), (0.206363, -0.489238, 0.847385), (-0.206363, -0.489238, 0.847385), (0.206363, -0.489238, 0.847385), (-0.206363, -0.253248, 0.945135), (-0.206363, 0.253248, -0.945135), (0.206363, 0.253248, -0.945135), (-0.206363, 0, -0.978476), (0.206363, 0, -0.978476), (-0.206363, 0, -0.978476), (0.206363, 0.253248, -0.945135), (-0.206363, -0.978476, -1.83887e-13), (0.206363, -0.978476, 1.83887e-13), (-0.206363, -0.945135, 0.253248), (0.206363, -0.945135, 0.253248), (-0.206363, -0.945135, 0.253248), (0.206363, -0.978476, 1.83887e-13), (-0.206363, 0.691887, 0.691887), (-0.410365, 0.644826, 0.644826), (-0.206363, 0.489238, 0.847385), (-0.410365, 0.455961, 0.789747), (-0.206363, 0.489238, 0.847385), (-0.410365, 0.644826, 0.644826), (-0.410365, -0.911922, -3.65669e-13), (-0.410365, -0.880849, -0.236023), (-0.206363, -0.978476, -1.83887e-13), (-0.206363, -0.945135, -0.253248), (-0.206363, -0.978476, -1.83887e-13), (-0.410365, -0.880849, -0.236023), (-0.410365, -0.236023, 0.880849), (-0.410365, -0.455961, 0.789747), (-0.206363, -0.253248, 0.945135), (-0.206363, -0.489238, 0.847385), (-0.206363, -0.253248, 0.945135), (-0.410365, -0.455961, 0.789747), (-0.410365, 0.911922, -3.65669e-13), (-0.410365, 0.880849, 0.236023), (-0.206363, 0.978476, -1.83887e-13), (-0.206363, 0.945135, 0.253248), (-0.206363, 0.978476, -1.83887e-13), (-0.410365, 0.880849, 0.236023), (0.206363, 0.489238, 0.847385), (-0.206363, 0.489238, 0.847385), (0.206363, 0.253248, 0.945135), (-0.206363, 0.253248, 0.945135), (0.206363, 0.253248, 0.945135), (-0.206363, 0.489238, 0.847385), (-0.206363, 0, -0.978476), (0.206363, 0, -0.978476), (-0.206363, -0.253248, -0.945135), (0.206363, -0.253248, -0.945135), (-0.206363, -0.253248, -0.945135), (0.206363, 0, -0.978476), (-0.410365, 0.880849, -0.236023), (-0.206363, 0.945135, -0.253248), (-0.410365, 0.789747, -0.455961), (-0.206363, 0.847385, -0.489238), (-0.410365, 0.789747, -0.455961), (-0.206363, 0.945135, -0.253248), (-0.410365, 0, -0.911922), (-0.206363, 0, -0.978476), (-0.410365, -0.236023, -0.880849), (-0.206363, -0.253248, -0.945135), (-0.410365, -0.236023, -0.880849), (-0.206363, 0, -0.978476), (-0.410365, 0.644826, -0.644826), (-0.410365, 0.789747, -0.455961), (-0.206363, 0.691887, -0.691887), (-0.206363, 0.847385, -0.489238), (-0.206363, 0.691887, -0.691887), (-0.410365, 0.789747, -0.455961), (-0.410365, -0.789747, 0.455961), (-0.410365, -0.880849, 0.236023), (-0.206363, -0.847385, 0.489238), (-0.206363, -0.945135, 0.253248), (-0.206363, -0.847385, 0.489238), (-0.410365, -0.880849, 0.236023), (-0.206363, -0.945135, -0.253248), (-0.206363, -0.847385, -0.489238), (0.206363, -0.945135, -0.253248), (0.206363, -0.847385, -0.489238), (0.206363, -0.945135, -0.253248), (-0.206363, -0.847385, -0.489238), (-0.410365, 0.236023, -0.880849), (-0.206363, 0.253248, -0.945135), (-0.410365, 0, -0.911922), (-0.206363, 0, -0.978476), (-0.410365, 0, -0.911922), (-0.206363, 0.253248, -0.945135), (-0.206363, 0.489238, 0.847385), (-0.410365, 0.455961, 0.789747), (-0.206363, 0.253248, 0.945135), (-0.410365, 0.236023, 0.880849), (-0.206363, 0.253248, 0.945135), (-0.410365, 0.455961, 0.789747), (-0.206363, -0.847385, 0.489238), (-0.206363, -0.945135, 0.253248), (0.206363, -0.847385, 0.489238), (0.206363, -0.945135, 0.253248), (0.206363, -0.847385, 0.489238), (-0.206363, -0.945135, 0.253248), (-0.410365, 0, 0.911922), (-0.410365, -0.236023, 0.880849), (-0.206363, 0, 0.978476), (-0.206363, -0.253248, 0.945135), (-0.206363, 0, 0.978476), (-0.410365, -0.236023, 0.880849), (-0.410365, 0.880849, -0.236023), (-0.410365, 0.911922, -3.65669e-13), (-0.206363, 0.945135, -0.253248), (-0.206363, 0.978476, -1.83887e-13), (-0.206363, 0.945135, -0.253248), (-0.410365, 0.911922, -3.65669e-13), (-0.410365, -0.911922, -3.65669e-13), (-0.206363, -0.978476, -1.83887e-13), (-0.410365, -0.880849, 0.236023), (-0.206363, -0.945135, 0.253248), (-0.410365, -0.880849, 0.236023), (-0.206363, -0.978476, -1.83887e-13), (-0.206363, 0.691887, -0.691887), (0.206363, 0.691887, -0.691887), (-0.206363, 0.489238, -0.847385), (0.206363, 0.489238, -0.847385), (-0.206363, 0.489238, -0.847385), (0.206363, 0.691887, -0.691887), (-0.206363, 0.847385, 0.489238), (0.206363, 0.847385, 0.489238), (-0.206363, 0.945135, 0.253248), (0.206363, 0.945135, 0.253248), (-0.206363, 0.945135, 0.253248), (0.206363, 0.847385, 0.489238), (-0.206363, 0.489238, -0.847385), (-0.206363, 0.253248, -0.945135), (-0.410365, 0.455961, -0.789747), (-0.410365, 0.236023, -0.880849), (-0.410365, 0.455961, -0.789747), (-0.206363, 0.253248, -0.945135), (-0.206363, -0.253248, -0.945135), (0.206363, -0.253248, -0.945135), (-0.206363, -0.489238, -0.847385), (0.206363, -0.489238, -0.847385), (-0.206363, -0.489238, -0.847385), (0.206363, -0.253248, -0.945135), (-0.206363, 0.945135, -0.253248), (0.206363, 0.945135, -0.253248), (-0.206363, 0.847385, -0.489238), (0.206363, 0.847385, -0.489238), (-0.206363, 0.847385, -0.489238), (0.206363, 0.945135, -0.253248), (0.206363, 0, 0.978476), (-0.206363, 0, 0.978476), (0.206363, -0.253248, 0.945135), (-0.206363, -0.253248, 0.945135), (0.206363, -0.253248, 0.945135), (-0.206363, 0, 0.978476), (-0.206363, 0.978476, -1.83887e-13), (-0.206363, 0.945135, 0.253248), (0.206363, 0.978476, 1.83887e-13), (0.206363, 0.945135, 0.253248), (0.206363, 0.978476, 1.83887e-13), (-0.206363, 0.945135, 0.253248), (-0.206363, 0.489238, -0.847385), (0.206363, 0.489238, -0.847385), (-0.206363, 0.253248, -0.945135), (0.206363, 0.253248, -0.945135), (-0.206363, 0.253248, -0.945135), (0.206363, 0.489238, -0.847385), (-0.410365, -0.236023, -0.880849), (-0.206363, -0.253248, -0.945135), (-0.410365, -0.455961, -0.789747), (-0.206363, -0.489238, -0.847385), (-0.410365, -0.455961, -0.789747), (-0.206363, -0.253248, -0.945135), (-0.264093, 0.835279, -0.482249), (-0.264093, 0.682003, -0.682003), (-0.264093, 0.835279, -0.482249), (-0.264093, 0.682003, -0.682003), (-0.264093, 0.835279, -0.482249), (-0.264093, 0.682003, -0.682003), (-0.264092, 0.24963, 0.931633), (-0.264092, 0.24963, 0.931633), (-0.264093, 0.482249, 0.835279), (-0.264093, 0.482249, 0.835279), (-0.264093, 0.482249, 0.835279), (-0.264092, 0.24963, 0.931633), (-0.264093, 0, -0.964497), (-0.264092, 0.24963, -0.931633), (-0.264093, 0, -0.964497), (-0.264092, 0.24963, -0.931633), (-0.264093, 0, -0.964497), (-0.264092, 0.24963, -0.931633), (-0.264092, -0.931633, 0.24963), (-0.264093, -0.835279, 0.482249), (-0.264092, -0.931633, 0.24963), (-0.264093, -0.835279, 0.482249), (-0.264092, -0.931633, 0.24963), (-0.264093, -0.835279, 0.482249), (-0.264092, 0.931633, -0.24963), (-0.264092, 0.931633, -0.24963), (-0.264093, 0.964497, -2.35329e-13), (-0.264093, 0.964497, -2.35329e-13), (-0.264093, 0.964497, -2.35329e-13), (-0.264092, 0.931633, -0.24963), (-0.264093, -0.482249, 0.835279), (-0.264092, -0.24963, 0.931633), (-0.264093, -0.482249, 0.835279), (-0.264092, -0.24963, 0.931633), (-0.264093, -0.482249, 0.835279), (-0.264092, -0.24963, 0.931633), (-0.264092, 0.931633, 0.24963), (-0.264093, 0.964497, -2.35329e-13), (-0.264092, 0.931633, 0.24963), (-0.264093, 0.964497, -2.35329e-13), (-0.264092, 0.931633, 0.24963), (-0.264093, 0.964497, -2.35329e-13), (-0.264092, 0.931633, -0.24963), (-0.264093, 0.835279, -0.482249), (-0.264092, 0.931633, -0.24963), (-0.264093, 0.835279, -0.482249), (-0.264092, 0.931633, -0.24963), (-0.264093, 0.835279, -0.482249), (-0.264092, -0.24963, 0.931633), (-0.264092, -0.24963, 0.931633), (-0.264093, 0, 0.964497), (-0.264093, 0, 0.964497), (-0.264093, 0, 0.964497), (-0.264092, -0.24963, 0.931633), (-0.264093, 0, 0.964497), (-0.264093, 0, 0.964497), (-0.264092, 0.24963, 0.931633), (-0.264092, 0.24963, 0.931633), (-0.264092, 0.24963, 0.931633), (-0.264093, 0, 0.964497), (-0.264093, -0.835279, 0.482249), (-0.264093, -0.682003, 0.682003), (-0.264093, -0.835279, 0.482249), (-0.264093, -0.682003, 0.682003), (-0.264093, -0.835279, 0.482249), (-0.264093, -0.682003, 0.682003), (-0.264092, -0.931633, -0.24963), (-0.264092, -0.931633, -0.24963), (-0.264093, -0.835279, -0.482249), (-0.264093, -0.835279, -0.482249), (-0.264093, -0.835279, -0.482249), (-0.264092, -0.931633, -0.24963), (-0.264092, -0.931633, -0.24963), (-0.264093, -0.964497, -2.35329e-13), (-0.264092, -0.931633, -0.24963), (-0.264093, -0.964497, -2.35329e-13), (-0.264092, -0.931633, -0.24963), (-0.264093, -0.964497, -2.35329e-13), (-0.264093, -0.964497, -2.35329e-13), (-0.264092, -0.931633, 0.24963), (-0.264093, -0.964497, -2.35329e-13), (-0.264092, -0.931633, 0.24963), (-0.264093, -0.964497, -2.35329e-13), (-0.264092, -0.931633, 0.24963), (-0.264093, -0.482249, -0.835279), (-0.264093, -0.482249, -0.835279), (-0.264092, -0.24963, -0.931633), (-0.264092, -0.24963, -0.931633), (-0.264092, -0.24963, -0.931633), (-0.264093, -0.482249, -0.835279), (-0.264093, -0.682003, -0.682003), (-0.264093, -0.682003, -0.682003), (-0.264093, -0.482249, -0.835279), (-0.264093, -0.482249, -0.835279), (-0.264093, -0.482249, -0.835279), (-0.264093, -0.682003, -0.682003), (-0.264093, 0.482249, 0.835279), (-0.264093, 0.482249, 0.835279), (-0.264093, 0.682003, 0.682003), (-0.264093, 0.682003, 0.682003), (-0.264093, 0.682003, 0.682003), (-0.264093, 0.482249, 0.835279), (-0.264093, 0.482249, -0.835279), (-0.264093, 0.682003, -0.682003), (-0.264093, 0.482249, -0.835279), (-0.264093, 0.682003, -0.682003), (-0.264093, 0.482249, -0.835279), (-0.264093, 0.682003, -0.682003), (-0.264093, 0.835279, 0.482249), (-0.264093, 0.835279, 0.482249), (-0.264093, 0.682003, 0.682003), (-0.264093, 0.682003, 0.682003), (-0.264093, 0.682003, 0.682003), (-0.264093, 0.835279, 0.482249), (-0.264092, 0.24963, -0.931633), (-0.264093, 0.482249, -0.835279), (-0.264092, 0.24963, -0.931633), (-0.264093, 0.482249, -0.835279), (-0.264092, 0.24963, -0.931633), (-0.264093, 0.482249, -0.835279), (-0.264093, -0.682003, 0.682003), (-0.264093, -0.482249, 0.835279), (-0.264093, -0.682003, 0.682003), (-0.264093, -0.482249, 0.835279), (-0.264093, -0.682003, 0.682003), (-0.264093, -0.482249, 0.835279), (-0.264092, -0.24963, -0.931633), (-0.264092, -0.24963, -0.931633), (-0.264093, 0, -0.964497), (-0.264093, 0, -0.964497), (-0.264093, 0, -0.964497), (-0.264092, -0.24963, -0.931633), (-1, 0, -8.91084e-13), (-1, 0, -8.91084e-13), (-1, 0, -8.91084e-13), (-1, 0, -8.91084e-13), (-1, 0, -8.91084e-13), (-1, 0, -8.91084e-13), (-1, 0, -8.91084e-13), (-1, 0, -8.91084e-13), (-1, 0, -8.91084e-13), (-1, 0, -8.91084e-13), (-1, 0, -8.91084e-13), (-1, 0, -8.91084e-13), (-1, 0, -8.91084e-13), (-1, 0, -8.91084e-13), (-1, 0, -8.91084e-13), (-1, 0, -8.91084e-13), (-1, 0, -8.91084e-13), (-1, 0, -8.91084e-13), (-1, 0, -8.91084e-13), (-1, 0, -8.91084e-13), (-1, 0, -8.91084e-13), (-1, 0, -8.91084e-13), (-1, 0, -8.91084e-13), (-1, 0, -8.91084e-13), (-1, 0, -8.91084e-13), (-1, 0, -8.91084e-13), (-1, 0, -8.91084e-13), (-1, 0, -8.91084e-13), (-1, 0, -8.91084e-13), (-1, 0, -8.91084e-13), (-1, 0, -8.91084e-13), (-1, 0, -8.91084e-13), (-1, 0, -8.91084e-13), (-1, 0, -8.91084e-13), (-1, 0, -8.91084e-13), (-1, 0, -8.91084e-13), (-1, 0, -8.91084e-13), (-1, 0, -8.91084e-13), (-1, 0, -8.91084e-13), (-1, 0, -8.91084e-13), (-1, 0, -8.91084e-13), (-1, 0, -8.91084e-13), (-1, 0, -8.91084e-13), (-1, 0, -8.91084e-13), (-1, 0, -8.91084e-13), (-1, 0, -8.91084e-13), (-1, 0, -8.91084e-13), (-1, 0, -8.91084e-13), (-1, 0, -8.91084e-13), (-1, 0, -8.91084e-13), (-1, 0, -8.91084e-13), (-1, 0, -8.91084e-13), (-1, 0, -8.91084e-13), (-1, 0, -8.91084e-13), (-1, 0, -8.91084e-13), (-1, 0, -8.91084e-13), (-1, 0, -8.91084e-13), (-1, 0, -8.91084e-13), (-1, 0, -8.91084e-13), (-1, 0, -8.91084e-13), (-1, 0, -8.91084e-13), (-1, 0, -8.91084e-13), (-1, 0, -8.91084e-13), (-1, 0, -8.91084e-13), (-1, 0, -8.91084e-13), (-1, 0, -8.91084e-13), (-0.264092, 0.931633, 0.24963), (-0.264092, 0.931633, 0.24963), (-0.264093, 0.835279, 0.482249), (-0.264093, 0.835279, 0.482249), (-0.264093, 0.835279, 0.482249), (-0.264092, 0.931633, 0.24963), (-0.264093, -0.835279, -0.482249), (-0.264093, -0.835279, -0.482249), (-0.264093, -0.682003, -0.682003), (-0.264093, -0.682003, -0.682003), (-0.264093, -0.682003, -0.682003), (-0.264093, -0.835279, -0.482249), (-1, 0, 0), (-1, 0, 0), (-1, 0, 0), (-1, 0, 0), (-1, 0, 0), (-1, 0, 0), (-1, 0, 0), (-1, 0, 0), (-1, 0, 0), (-1, 0, 0), (-1, 0, 0), (-1, 0, 0), (-1, 0, 0), (-1, 0, 0), (-1, 0, 0), (-1, 0, 0), (-1, 0, 0), (-1, 0, 0), (-1, 0, 0), (-1, 0, 0), (-1, 0, 0), (-1, 0, 0), (-1, 0, 0), (-1, 0, 0), (-1, 0, 0), (-1, 0, 0), (-1, 0, 0), (-1, 0, 0), (-1, 0, 0), (-1, 0, 0), (-1, 0, 0), (-1, 0, 0), (-1, 0, 0), (-1, 0, 0), (-1, 0, 0), (-1, 0, 0), (-1, 0, 0), (-1, 0, 0), (-1, 0, 0), (-1, 0, 0), (-1, 0, 0), (-1, 0, 0), (-1, 0, 0), (-1, 0, 0), (-1, 0, 0), (-1, 0, 0), (-1, 0, 0), (-1, 0, 0), (-1, 0, 0), (-1, 0, 0), (-1, 0, 0), (-1, 0, 0), (-1, 0, 0), (-1, 0, 0), (-1, 0, 0), (-1, 0, 0), (-1, 0, 0), (-1, 0, 0), (-1, 0, 0), (-1, 0, 0), (-1, 0, 0), (-1, 0, 0), (-1, 0, 0), (-1, 0, 0), (-1, 0, 0), (-1, 0, 0), (-1, 0, 0), (-1, 0, 0), (-1, 0, 0), (-1, 0, 0), (-1, 0, 0), (-1, 0, 0), (-1, 0, 0), (-1, 0, 0), (-1, 0, 0), (-1, 0, 0), (-1, 0, 0), (-1, 0, 0), (-1, 0, 0), (-1, 0, 0), (-1, 0, 0), (-1, 0, 0), (-1, 0, 0), (-1, 0, 0), (-1, 0, 0), (-1, 0, 0), (-1, 0, 0), (-1, 0, 0), (-1, 0, 0), (-1, 0, 0), (-1, 0, 0), (-1, 0, 0), (-1, 0, 0), (-1, 0, 0), (-1, 0, 0), (-1, 0, 0), (-1, 0, 0), (-1, 0, 0), (-1, 0, 0), (-1, 0, 0), (-1, 0, 0), (-1, 0, 0), (-1, 0, 0), (-1, 0, 0), (-1, 0, 0), (-1, 0, 0), (-1, 0, 0), (-1, 0, 0), (-1, 0, 0), (-1, 0, 0), (-1, 0, 0), (-1, 0, 0), (-1, 0, 0), (-1, 0, 0), (-1, 0, 0), (-1, 0, 0), (-1, 0, 0), (-1, 0, 0), (-1, 0, 0), (-1, 0, 0), (-1, 0, 0), (-1, 0, 0), (-1, 0, 0), (-1, 0, 0), (-1, 0, 0), (-1, 0, 0), (-1, 0, 0), (-1, 0, 0), (-1, 0, 0), (-1, 0, 0), (-1, 0, 0), (-1, 0, 0), (-1, 0, 0), (-1, 0, 0), (-1, 0, 0), (-1, 0, 0), (-1, 0, 0), (-1, 0, 0), (-1, 0, 0), (-1, 0, 0), (-1, 0, 0), (-1, 0, 0), (-1, 0, 0), (-1, 0, 0), (-1, 0, -8.91084e-13), (-1, 0, -8.91084e-13), (-1, 0, -8.91084e-13), (-1, 0, -8.91084e-13), (-1, 0, -8.91084e-13), (-1, 0, -8.91084e-13), (-1, 0, -8.91084e-13), (-1, 0, -8.91084e-13), (-1, 0, -8.91084e-13), (-1, 0, -8.91084e-13), (-1, 0, -8.91084e-13), (-1, 0, -8.91084e-13), (-1, 0, -8.91084e-13), (-1, 0, -8.91084e-13), (-1, 0, -8.91084e-13), (-1, 0, -8.91084e-13), (-1, 0, -8.91084e-13), (-1, 0, -8.91084e-13), (-1, 0, -8.91084e-13), (-1, 0, -8.91084e-13), (-1, 0, -8.91084e-13), (-1, 0, -8.91084e-13), (-1, 0, -8.91084e-13), (-1, 0, -8.91084e-13), (-1, 0, -8.91084e-13), (-1, 0, -8.91084e-13), (-1, 0, -8.91084e-13), (-1, 0, -8.91084e-13), (-1, 0, -8.91084e-13), (-1, 0, -8.91084e-13), (-1, 0, -8.91084e-13), (-1, 0, -8.91084e-13), (-1, 0, -8.91084e-13), (-1, 0, -8.91084e-13), (-1, 0, -8.91084e-13), (-1, 0, -8.91084e-13), (-1, 0, -8.91084e-13), (-1, 0, -8.91084e-13), (-1, 0, -8.91084e-13), (-1, 0, -8.91084e-13), (-1, 0, -8.91084e-13), (-1, 0, -8.91084e-13), (-1, 0, -8.91084e-13), (-1, 0, -8.91084e-13), (-1, 0, -8.91084e-13), (-1, 0, -8.91084e-13), (-1, 0, -8.91084e-13), (-1, 0, -8.91084e-13), (-1, 0, -8.91084e-13), (-1, 0, -8.91084e-13), (-1, 0, -8.91084e-13), (-1, 0, -8.91084e-13), (-1, 0, -8.91084e-13), (-1, 0, -8.91084e-13), (-1, 0, -8.91084e-13), (-1, 0, -8.91084e-13), (-1, 0, -8.91084e-13), (-1, 0, -8.91084e-13), (-1, 0, -8.91084e-13), (-1, 0, -8.91084e-13), (-1, 0, -8.91084e-13), (-1, 0, -8.91084e-13), (-1, 0, -8.91084e-13), (-1, 0, -8.91084e-13), (-1, 0, -8.91084e-13), (-1, 0, -8.91084e-13), (-1, 0, -8.91084e-13), (-1, 0, -8.91084e-13), (-1, 0, -8.91084e-13), (-1, 0, -8.91084e-13), (-1, 0, -8.91084e-13), (-1, 0, -8.91084e-13), (-1, 0, -8.91084e-13), (-1, 0, -8.91084e-13), (-1, 0, -8.91084e-13), (-1, 0, -8.91084e-13), (-1, 0, -8.91084e-13), (-1, 0, -8.91084e-13), (-1, 0, -8.91084e-13), (-1, 0, -8.91084e-13), (-1, 0, -8.91084e-13), (-1, 0, -8.91084e-13), (-1, 0, -8.91084e-13), (-1, 0, -8.91084e-13), (-1, 0, -8.91084e-13), (-1, 0, -8.91084e-13), (-1, 0, -8.91084e-13), (-1, 0, -8.91084e-13), (-1, 0, -8.91084e-13), (-1, 0, -8.91084e-13), (-1, 0, -8.91084e-13), (-1, 0, -8.91084e-13), (-1, 0, -8.91084e-13), (-1, 0, -8.91084e-13), (-1, 0, -8.91084e-13), (-1, 0, -8.91084e-13), (-1, 0, -8.91084e-13), (-1, 0, -8.91084e-13), (-1, 0, -8.91084e-13), (-1, 0, -8.91084e-13), (-1, 0, -8.91084e-13), (-1, 0, -8.91084e-13), (-1, 0, -8.91084e-13), (-1, 0, -8.91084e-13), (-1, 0, -8.91084e-13), (-1, 0, -8.91084e-13), (-1, 0, -8.91084e-13), (-1, 0, -8.91084e-13), (-1, 0, -8.91084e-13), (-1, 0, -8.91084e-13), (-1, 0, -8.91084e-13), (-1, 0, -8.91084e-13), (-1, 0, -8.91084e-13), (-1, 0, -8.91084e-13), (-1, 0, -8.91084e-13), (-1, 0, -8.91084e-13), (-1, 0, -8.91084e-13), (-1, 0, -8.91084e-13), (-1, 0, -8.91084e-13), (-1, 0, -8.91084e-13), (-1, 0, -8.91084e-13), (-1, 0, -8.91084e-13), (-1, 0, -8.91084e-13), (-1, 0, -8.91084e-13), (-1, 0, -8.91084e-13), (-1, 0, -8.91084e-13), (-1, 0, -8.91084e-13), (-1, 0, -8.91084e-13), (-1, 0, -8.91084e-13), (-1, 0, -8.91084e-13), (-1, 0, -8.91084e-13), (-1, 0, -8.91084e-13), (-1, 0, -8.91084e-13), (-1, 0, -8.91084e-13), (-1, 0, -8.91084e-13), (-1, 0, -8.91084e-13), (-1, 0, -8.91084e-13), (-1, 0, -8.91084e-13), (-1, 0, -8.91084e-13), (-1, 0, -8.91084e-13), (-1, 0, -8.91084e-13), (-1, 0, -8.91084e-13), (-1, 0, -8.91084e-13), (-1, 0, -8.91084e-13), (0.206363, -0.253248, -0.945135), (0.410365, -0.455961, -0.789747), (0.206363, -0.489238, -0.847385), (0.410365, -0.455961, -0.789747), (0.206363, -0.253248, -0.945135), (0.410365, -0.236023, -0.880849), (-0.206363, 0.489238, -0.847385), (0.206363, 0.253248, -0.945135), (-0.206363, 0.253248, -0.945135), (0.206363, 0.253248, -0.945135), (-0.206363, 0.489238, -0.847385), (0.206363, 0.489238, -0.847385), (0.206363, 0.945135, 0.253248), (-0.206363, 0.978476, 1.83887e-13), (-0.206363, 0.945135, 0.253248), (-0.206363, 0.978476, 1.83887e-13), (0.206363, 0.945135, 0.253248), (0.206363, 0.978476, -1.83887e-13), (0.206363, 0, 0.978476), (-0.206363, -0.253248, 0.945135), (0.206363, -0.253248, 0.945135), (-0.206363, -0.253248, 0.945135), (0.206363, 0, 0.978476), (-0.206363, 0, 0.978476), (-0.206363, 0.945135, -0.253248), (0.206363, 0.847385, -0.489238), (-0.206363, 0.847385, -0.489238), (0.206363, 0.847385, -0.489238), (-0.206363, 0.945135, -0.253248), (0.206363, 0.945135, -0.253248), (-0.206363, -0.253248, -0.945135), (0.206363, -0.489238, -0.847385), (-0.206363, -0.489238, -0.847385), (0.206363, -0.489238, -0.847385), (-0.206363, -0.253248, -0.945135), (0.206363, -0.253248, -0.945135), (0.206363, 0.253248, -0.945135), (0.410365, 0.455961, -0.789747), (0.410365, 0.236023, -0.880849), (0.410365, 0.455961, -0.789747), (0.206363, 0.253248, -0.945135), (0.206363, 0.489238, -0.847385), (-0.206363, 0.847385, 0.489238), (0.206363, 0.945135, 0.253248), (-0.206363, 0.945135, 0.253248), (0.206363, 0.945135, 0.253248), (-0.206363, 0.847385, 0.489238), (0.206363, 0.847385, 0.489238), (-0.206363, 0.691887, -0.691887), (0.206363, 0.489238, -0.847385), (-0.206363, 0.489238, -0.847385), (0.206363, 0.489238, -0.847385), (-0.206363, 0.691887, -0.691887), (0.206363, 0.691887, -0.691887), (0.206363, -0.978476, -1.83887e-13), (0.410365, -0.880849, 0.236023), (0.206363, -0.945135, 0.253248), (0.410365, -0.880849, 0.236023), (0.206363, -0.978476, -1.83887e-13), (0.410365, -0.911922, -3.65669e-13), (0.410365, 0.911922, -3.65669e-13), (0.206363, 0.945135, -0.253248), (0.206363, 0.978476, -1.83887e-13), (0.206363, 0.945135, -0.253248), (0.410365, 0.911922, -3.65669e-13), (0.410365, 0.880849, -0.236023), (0.410365, -0.236023, 0.880849), (0.206363, 0, 0.978476), (0.206363, -0.253248, 0.945135), (0.206363, 0, 0.978476), (0.410365, -0.236023, 0.880849), (0.410365, 0, 0.911922), (0.206363, -0.945135, 0.253248), (-0.206363, -0.847385, 0.489238), (-0.206363, -0.945135, 0.253248), (-0.206363, -0.847385, 0.489238), (0.206363, -0.945135, 0.253248), (0.206363, -0.847385, 0.489238), (0.410365, 0.455961, 0.789747), (0.206363, 0.253248, 0.945135), (0.410365, 0.236023, 0.880849), (0.206363, 0.253248, 0.945135), (0.410365, 0.455961, 0.789747), (0.206363, 0.489238, 0.847385), (0.206363, 0.253248, -0.945135), (0.410365, 0, -0.911922), (0.206363, 0, -0.978476), (0.410365, 0, -0.911922), (0.206363, 0.253248, -0.945135), (0.410365, 0.236023, -0.880849), (0.206363, -0.847385, -0.489238), (-0.206363, -0.945135, -0.253248), (-0.206363, -0.847385, -0.489238), (-0.206363, -0.945135, -0.253248), (0.206363, -0.847385, -0.489238), (0.206363, -0.945135, -0.253248), (0.410365, -0.880849, 0.236023), (0.206363, -0.847385, 0.489238), (0.206363, -0.945135, 0.253248), (0.206363, -0.847385, 0.489238), (0.410365, -0.880849, 0.236023), (0.410365, -0.789747, 0.455961), (0.410365, 0.789747, -0.455961), (0.206363, 0.691887, -0.691887), (0.206363, 0.847385, -0.489238), (0.206363, 0.691887, -0.691887), (0.410365, 0.789747, -0.455961), (0.410365, 0.644826, -0.644826), (0.206363, 0, -0.978476), (0.410365, -0.236023, -0.880849), (0.206363, -0.253248, -0.945135), (0.410365, -0.236023, -0.880849), (0.206363, 0, -0.978476), (0.410365, 0, -0.911922), (0.206363, 0.945135, -0.253248), (0.410365, 0.789747, -0.455961), (0.206363, 0.847385, -0.489238), (0.410365, 0.789747, -0.455961), (0.206363, 0.945135, -0.253248), (0.410365, 0.880849, -0.236023), (-0.206363, 0, -0.978476), (0.206363, -0.253248, -0.945135), (-0.206363, -0.253248, -0.945135), (0.206363, -0.253248, -0.945135), (-0.206363, 0, -0.978476), (0.206363, 0, -0.978476), (0.206363, 0.489238, 0.847385), (-0.206363, 0.253248, 0.945135), (0.206363, 0.253248, 0.945135), (-0.206363, 0.253248, 0.945135), (0.206363, 0.489238, 0.847385), (-0.206363, 0.489238, 0.847385), (0.410365, 0.880849, 0.236023), (0.206363, 0.978476, -1.83887e-13), (0.206363, 0.945135, 0.253248), (0.206363, 0.978476, -1.83887e-13), (0.410365, 0.880849, 0.236023), (0.410365, 0.911922, -3.65669e-13), (0.410365, -0.455961, 0.789747), (0.206363, -0.253248, 0.945135), (0.206363, -0.489238, 0.847385), (0.206363, -0.253248, 0.945135), (0.410365, -0.455961, 0.789747), (0.410365, -0.236023, 0.880849), (0.410365, -0.880849, -0.236023), (0.206363, -0.978476, -1.83887e-13), (0.206363, -0.945135, -0.253248), (0.206363, -0.978476, -1.83887e-13), (0.410365, -0.880849, -0.236023), (0.410365, -0.911922, -3.65669e-13), (0.410365, 0.644826, 0.644826), (0.206363, 0.489238, 0.847385), (0.410365, 0.455961, 0.789747), (0.206363, 0.489238, 0.847385), (0.410365, 0.644826, 0.644826), (0.206363, 0.691887, 0.691887), (-0.206363, -0.978476, 1.83887e-13), (0.206363, -0.945135, 0.253248), (-0.206363, -0.945135, 0.253248), (0.206363, -0.945135, 0.253248), (-0.206363, -0.978476, 1.83887e-13), (0.206363, -0.978476, -1.83887e-13), (-0.206363, 0.253248, -0.945135), (0.206363, 0, -0.978476), (-0.206363, 0, -0.978476), (0.206363, 0, -0.978476), (-0.206363, 0.253248, -0.945135), (0.206363, 0.253248, -0.945135), (0.206363, -0.253248, 0.945135), (-0.206363, -0.489238, 0.847385), (0.206363, -0.489238, 0.847385), (-0.206363, -0.489238, 0.847385), (0.206363, -0.253248, 0.945135), (-0.206363, -0.253248, 0.945135), (0.206363, 0.847385, 0.489238), (0.410365, 0.880849, 0.236023), (0.206363, 0.945135, 0.253248), (0.410365, 0.880849, 0.236023), (0.206363, 0.847385, 0.489238), (0.410365, 0.789747, 0.455961), (0.410365, -0.644826, 0.644826), (0.206363, -0.489238, 0.847385), (0.206363, -0.691887, 0.691887), (0.206363, -0.489238, 0.847385), (0.410365, -0.644826, 0.644826), (0.410365, -0.455961, 0.789747), (0.206363, 0.489238, -0.847385), (0.410365, 0.644826, -0.644826), (0.410365, 0.455961, -0.789747), (0.410365, 0.644826, -0.644826), (0.206363, 0.489238, -0.847385), (0.206363, 0.691887, -0.691887), (0.410365, -0.644826, -0.644826), (0.206363, -0.847385, -0.489238), (0.206363, -0.691887, -0.691887), (0.206363, -0.847385, -0.489238), (0.410365, -0.644826, -0.644826), (0.410365, -0.789747, -0.455961), (0.410365, -0.789747, -0.455961), (0.206363, -0.945135, -0.253248), (0.206363, -0.847385, -0.489238), (0.206363, -0.945135, -0.253248), (0.410365, -0.789747, -0.455961), (0.410365, -0.880849, -0.236023), (0.206363, -0.945135, -0.253248), (-0.206363, -0.978476, 1.83887e-13), (-0.206363, -0.945135, -0.253248), (-0.206363, -0.978476, 1.83887e-13), (0.206363, -0.945135, -0.253248), (0.206363, -0.978476, -1.83887e-13), (0.206363, 0.253248, 0.945135), (-0.206363, 0, 0.978476), (0.206363, 0, 0.978476), (-0.206363, 0, 0.978476), (0.206363, 0.253248, 0.945135), (-0.206363, 0.253248, 0.945135), (0.410365, -0.789747, 0.455961), (0.206363, -0.691887, 0.691887), (0.206363, -0.847385, 0.489238), (0.206363, -0.691887, 0.691887), (0.410365, -0.789747, 0.455961), (0.410365, -0.644826, 0.644826), (-0.206363, 0.691887, 0.691887), (0.206363, 0.847385, 0.489238), (-0.206363, 0.847385, 0.489238), (0.206363, 0.847385, 0.489238), (-0.206363, 0.691887, 0.691887), (0.206363, 0.691887, 0.691887), (0.206363, -0.489238, -0.847385), (0.410365, -0.644826, -0.644826), (0.206363, -0.691887, -0.691887), (0.410365, -0.644826, -0.644826), (0.206363, -0.489238, -0.847385), (0.410365, -0.455961, -0.789747), (0.410365, 0.236023, 0.880849), (0.206363, 0, 0.978476), (0.410365, 0, 0.911922), (0.206363, 0, 0.978476), (0.410365, 0.236023, 0.880849), (0.206363, 0.253248, 0.945135), (0.206363, -0.691887, -0.691887), (-0.206363, -0.847385, -0.489238), (-0.206363, -0.691887, -0.691887), (-0.206363, -0.847385, -0.489238), (0.206363, -0.691887, -0.691887), (0.206363, -0.847385, -0.489238), (0.206363, 0.691887, 0.691887), (0.410365, 0.789747, 0.455961), (0.206363, 0.847385, 0.489238), (0.410365, 0.789747, 0.455961), (0.206363, 0.691887, 0.691887), (0.410365, 0.644826, 0.644826), (-0.206363, 0.978476, 1.83887e-13), (0.206363, 0.945135, -0.253248), (-0.206363, 0.945135, -0.253248), (0.206363, 0.945135, -0.253248), (-0.206363, 0.978476, 1.83887e-13), (0.206363, 0.978476, -1.83887e-13), (-0.206363, 0.847385, -0.489238), (0.206363, 0.691887, -0.691887), (-0.206363, 0.691887, -0.691887), (0.206363, 0.691887, -0.691887), (-0.206363, 0.847385, -0.489238), (0.206363, 0.847385, -0.489238), (0.206363, -0.847385, 0.489238), (-0.206363, -0.691887, 0.691887), (-0.206363, -0.847385, 0.489238), (-0.206363, -0.691887, 0.691887), (0.206363, -0.847385, 0.489238), (0.206363, -0.691887, 0.691887), (0.206363, 0.691887, 0.691887), (-0.206363, 0.489238, 0.847385), (0.206363, 0.489238, 0.847385), (-0.206363, 0.489238, 0.847385), (0.206363, 0.691887, 0.691887), (-0.206363, 0.691887, 0.691887), (0.206363, -0.489238, 0.847385), (-0.206363, -0.691887, 0.691887), (0.206363, -0.691887, 0.691887), (-0.206363, -0.691887, 0.691887), (0.206363, -0.489238, 0.847385), (-0.206363, -0.489238, 0.847385), (-0.206363, -0.489238, -0.847385), (0.206363, -0.691887, -0.691887), (-0.206363, -0.691887, -0.691887), (0.206363, -0.691887, -0.691887), (-0.206363, -0.489238, -0.847385), (0.206363, -0.489238, -0.847385), (-0.206363, 0.253248, 0.945135), (-0.410365, 0, 0.911922), (-0.206363, 0, 0.978476), (-0.410365, 0, 0.911922), (-0.206363, 0.253248, 0.945135), (-0.410365, 0.236023, 0.880849), (-0.206363, 0.253248, 0.945135), (-0.410365, 0.455961, 0.789747), (-0.410365, 0.236023, 0.880849), (-0.410365, 0.455961, 0.789747), (-0.206363, 0.253248, 0.945135), (-0.206363, 0.489238, 0.847385), (-0.206363, 0.489238, 0.847385), (-0.410365, 0.644826, 0.644826), (-0.410365, 0.455961, 0.789747), (-0.410365, 0.644826, 0.644826), (-0.206363, 0.489238, 0.847385), (-0.206363, 0.691887, 0.691887), (-0.410365, 0.789747, 0.455961), (-0.206363, 0.945135, 0.253248), (-0.410365, 0.880849, 0.236023), (-0.206363, 0.945135, 0.253248), (-0.410365, 0.789747, 0.455961), (-0.206363, 0.847385, 0.489238), (-0.410365, -0.236023, -0.880849), (-0.206363, 0, -0.978476), (-0.206363, -0.253248, -0.945135), (-0.206363, 0, -0.978476), (-0.410365, -0.236023, -0.880849), (-0.410365, 0, -0.911922), (-1, 0, 8.91084e-13), (-1, 0, 8.91084e-13), (-1, 0, 8.91084e-13), (-1, 0, 8.91084e-13), (-1, 0, 8.91084e-13), (-1, 0, 8.91084e-13), (-1, 0, 8.91084e-13), (-1, 0, 8.91084e-13), (-1, 0, 8.91084e-13), (-1, 0, 8.91084e-13), (-1, 0, 8.91084e-13), (-1, 0, 8.91084e-13), (-1, 0, 8.91084e-13), (-1, 0, 8.91084e-13), (-1, 0, 8.91084e-13), (-1, 0, 8.91084e-13), (-1, 0, 8.91084e-13), (-1, 0, 8.91084e-13), (-1, 0, 8.91084e-13), (-1, 0, 8.91084e-13), (-1, 0, 8.91084e-13), (-1, 0, 8.91084e-13), (-1, 0, 8.91084e-13), (-1, 0, 8.91084e-13), (-1, 0, 8.91084e-13), (-1, 0, 8.91084e-13), (-1, 0, 8.91084e-13), (-1, 0, 8.91084e-13), (-1, 0, 8.91084e-13), (-1, 0, 8.91084e-13), (-1, 0, 8.91084e-13), (-1, 0, 8.91084e-13), (-1, 0, 8.91084e-13), (-1, 0, 8.91084e-13), (-1, 0, 8.91084e-13), (-1, 0, 8.91084e-13), (-1, 0, 8.91084e-13), (-1, 0, 8.91084e-13), (-1, 0, 8.91084e-13), (-1, 0, 8.91084e-13), (-1, 0, 8.91084e-13), (-1, 0, 8.91084e-13), (-1, 0, 8.91084e-13), (-1, 0, 8.91084e-13), (-1, 0, 8.91084e-13), (-1, 0, 8.91084e-13), (-1, 0, 8.91084e-13), (-1, 0, 8.91084e-13), (-1, 0, 8.91084e-13), (-1, 0, 8.91084e-13), (-1, 0, 8.91084e-13), (-1, 0, 8.91084e-13), (-1, 0, 8.91084e-13), (-1, 0, 8.91084e-13), (-1, 0, 8.91084e-13), (-1, 0, 8.91084e-13), (-1, 0, 8.91084e-13), (-1, 0, 8.91084e-13), (-1, 0, 8.91084e-13), (-1, 0, 8.91084e-13), (-1, 0, 8.91084e-13), (-1, 0, 8.91084e-13), (-1, 0, 8.91084e-13), (-1, 0, 8.91084e-13), (-1, 0, 8.91084e-13), (-1, 0, 8.91084e-13), (-0.206363, -0.691887, -0.691887), (-0.410365, -0.789747, -0.455961), (-0.410365, -0.644826, -0.644826), (-0.410365, -0.789747, -0.455961), (-0.206363, -0.691887, -0.691887), (-0.206363, -0.847385, -0.489238), (-0.410365, 0.455961, -0.789747), (-0.206363, 0.253248, -0.945135), (-0.410365, 0.236023, -0.880849), (-0.206363, 0.253248, -0.945135), (-0.410365, 0.455961, -0.789747), (-0.206363, 0.489238, -0.847385), (-0.410365, -0.455961, -0.789747), (-0.206363, -0.253248, -0.945135), (-0.206363, -0.489238, -0.847385), (-0.206363, -0.253248, -0.945135), (-0.410365, -0.455961, -0.789747), (-0.410365, -0.236023, -0.880849), (-0.206363, -0.847385, -0.489238), (-0.410365, -0.880849, -0.236023), (-0.410365, -0.789747, -0.455961), (-0.410365, -0.880849, -0.236023), (-0.206363, -0.847385, -0.489238), (-0.206363, -0.945135, -0.253248), (-0.410365, 0.236023, -0.880849), (-0.206363, 0, -0.978476), (-0.410365, 0, -0.911922), (-0.206363, 0, -0.978476), (-0.410365, 0.236023, -0.880849), (-0.206363, 0.253248, -0.945135), (-0.206363, -0.945135, -0.253248), (-0.410365, -0.911922, 3.65669e-13), (-0.410365, -0.880849, -0.236023), (-0.410365, -0.911922, 3.65669e-13), (-0.206363, -0.945135, -0.253248), (-0.206363, -0.978476, 1.83887e-13), (-0.206363, -0.978476, 1.83887e-13), (-0.410365, -0.880849, 0.236023), (-0.410365, -0.911922, 3.65669e-13), (-0.410365, -0.880849, 0.236023), (-0.206363, -0.978476, 1.83887e-13), (-0.206363, -0.945135, 0.253248), (-0.410365, -0.644826, -0.644826), (-0.206363, -0.489238, -0.847385), (-0.206363, -0.691887, -0.691887), (-0.206363, -0.489238, -0.847385), (-0.410365, -0.644826, -0.644826), (-0.410365, -0.455961, -0.789747), (-0.206363, -0.945135, 0.253248), (-0.410365, -0.789747, 0.455961), (-0.410365, -0.880849, 0.236023), (-0.410365, -0.789747, 0.455961), (-0.206363, -0.945135, 0.253248), (-0.206363, -0.847385, 0.489238), (-0.206363, -0.847385, 0.489238), (-0.410365, -0.644826, 0.644826), (-0.410365, -0.789747, 0.455961), (-0.410365, -0.644826, 0.644826), (-0.206363, -0.847385, 0.489238), (-0.206363, -0.691887, 0.691887), (-0.206363, -0.489238, 0.847385), (-0.410365, -0.644826, 0.644826), (-0.206363, -0.691887, 0.691887), (-0.410365, -0.644826, 0.644826), (-0.206363, -0.489238, 0.847385), (-0.410365, -0.455961, 0.789747), (-0.206363, 0, 0.978476), (-0.410365, -0.236023, 0.880849), (-0.206363, -0.253248, 0.945135), (-0.410365, -0.236023, 0.880849), (-0.206363, 0, 0.978476), (-0.410365, 0, 0.911922), (-0.410365, 0.644826, -0.644826), (-0.206363, 0.489238, -0.847385), (-0.410365, 0.455961, -0.789747), (-0.206363, 0.489238, -0.847385), (-0.410365, 0.644826, -0.644826), (-0.206363, 0.691887, -0.691887), (-0.206363, -0.253248, 0.945135), (-0.410365, -0.455961, 0.789747), (-0.206363, -0.489238, 0.847385), (-0.410365, -0.455961, 0.789747), (-0.206363, -0.253248, 0.945135), (-0.410365, -0.236023, 0.880849), (-0.410365, 0.880849, 0.236023), (-0.206363, 0.978476, 1.83887e-13), (-0.410365, 0.911922, 3.65669e-13), (-0.206363, 0.978476, 1.83887e-13), (-0.410365, 0.880849, 0.236023), (-0.206363, 0.945135, 0.253248), (-0.410365, 0.880849, -0.236023), (-0.206363, 0.847385, -0.489238), (-0.410365, 0.789747, -0.455961), (-0.206363, 0.847385, -0.489238), (-0.410365, 0.880849, -0.236023), (-0.206363, 0.945135, -0.253248), (-0.410365, 0.911922, 3.65669e-13), (-0.206363, 0.945135, -0.253248), (-0.410365, 0.880849, -0.236023), (-0.206363, 0.945135, -0.253248), (-0.410365, 0.911922, 3.65669e-13), (-0.206363, 0.978476, 1.83887e-13), (-0.410365, 0.644826, 0.644826), (-0.206363, 0.847385, 0.489238), (-0.410365, 0.789747, 0.455961), (-0.206363, 0.847385, 0.489238), (-0.410365, 0.644826, 0.644826), (-0.206363, 0.691887, 0.691887), (-0.410365, 0.789747, -0.455961), (-0.206363, 0.691887, -0.691887), (-0.410365, 0.644826, -0.644826), (-0.206363, 0.691887, -0.691887), (-0.410365, 0.789747, -0.455961), (-0.206363, 0.847385, -0.489238), (0.264093, -0.835279, -0.482249), (0.264093, -0.682003, -0.682003), (0.264093, -0.682003, -0.682003), (0.264093, -0.682003, -0.682003), (0.264093, -0.835279, -0.482249), (0.264093, -0.835279, -0.482249), (0.264092, 0.931633, 0.24963), (0.264093, 0.835279, 0.482249), (0.264093, 0.835279, 0.482249), (0.264093, 0.835279, 0.482249), (0.264092, 0.931633, 0.24963), (0.264092, 0.931633, 0.24963), (1, 0, -8.91084e-13), (1, 0, -8.91084e-13), (1, 0, -8.91084e-13), (1, 0, -8.91084e-13), (1, 0, -8.91084e-13), (1, 0, -8.91084e-13), (1, 0, -8.91084e-13), (1, 0, -8.91084e-13), (1, 0, -8.91084e-13), (1, 0, -8.91084e-13), (1, 0, -8.91084e-13), (1, 0, -8.91084e-13), (1, 0, -8.91084e-13), (1, 0, -8.91084e-13), (1, 0, -8.91084e-13), (1, 0, -8.91084e-13), (1, 0, -8.91084e-13), (1, 0, -8.91084e-13), (1, 0, -8.91084e-13), (1, 0, -8.91084e-13), (1, 0, -8.91084e-13), (1, 0, -8.91084e-13), (1, 0, -8.91084e-13), (1, 0, -8.91084e-13), (1, 0, -8.91084e-13), (1, 0, -8.91084e-13), (1, 0, -8.91084e-13), (1, 0, -8.91084e-13), (1, 0, -8.91084e-13), (1, 0, -8.91084e-13), (1, 0, -8.91084e-13), (1, 0, -8.91084e-13), (1, 0, -8.91084e-13), (1, 0, -8.91084e-13), (1, 0, -8.91084e-13), (1, 0, -8.91084e-13), (1, 0, -8.91084e-13), (1, 0, -8.91084e-13), (1, 0, -8.91084e-13), (1, 0, -8.91084e-13), (1, 0, -8.91084e-13), (1, 0, -8.91084e-13), (1, 0, -8.91084e-13), (1, 0, -8.91084e-13), (1, 0, -8.91084e-13), (1, 0, -8.91084e-13), (1, 0, -8.91084e-13), (1, 0, -8.91084e-13), (1, 0, -8.91084e-13), (1, 0, -8.91084e-13), (1, 0, -8.91084e-13), (1, 0, -8.91084e-13), (1, 0, -8.91084e-13), (1, 0, -8.91084e-13), (1, 0, -8.91084e-13), (1, 0, -8.91084e-13), (1, 0, -8.91084e-13), (1, 0, -8.91084e-13), (1, 0, -8.91084e-13), (1, 0, -8.91084e-13), (1, 0, -8.91084e-13), (1, 0, -8.91084e-13), (1, 0, -8.91084e-13), (1, 0, -8.91084e-13), (1, 0, -8.91084e-13), (1, 0, -8.91084e-13), (0.264092, -0.24963, -0.931633), (0.264093, 0, -0.964497), (0.264093, 0, -0.964497), (0.264093, 0, -0.964497), (0.264092, -0.24963, -0.931633), (0.264092, -0.24963, -0.931633), (0.264093, -0.482249, 0.835279), (0.264093, -0.682003, 0.682003), (0.264093, -0.482249, 0.835279), (0.264093, -0.682003, 0.682003), (0.264093, -0.482249, 0.835279), (0.264093, -0.682003, 0.682003), (0.264093, 0.482249, -0.835279), (0.264092, 0.24963, -0.931633), (0.264093, 0.482249, -0.835279), (0.264092, 0.24963, -0.931633), (0.264093, 0.482249, -0.835279), (0.264092, 0.24963, -0.931633), (0.264093, 0.835279, 0.482249), (0.264093, 0.682003, 0.682003), (0.264093, 0.682003, 0.682003), (0.264093, 0.682003, 0.682003), (0.264093, 0.835279, 0.482249), (0.264093, 0.835279, 0.482249), (0.264093, 0.682003, -0.682003), (0.264093, 0.482249, -0.835279), (0.264093, 0.682003, -0.682003), (0.264093, 0.482249, -0.835279), (0.264093, 0.682003, -0.682003), (0.264093, 0.482249, -0.835279), (0.264093, 0.482249, 0.835279), (0.264093, 0.682003, 0.682003), (0.264093, 0.682003, 0.682003), (0.264093, 0.682003, 0.682003), (0.264093, 0.482249, 0.835279), (0.264093, 0.482249, 0.835279), (0.264093, -0.682003, -0.682003), (0.264093, -0.482249, -0.835279), (0.264093, -0.482249, -0.835279), (0.264093, -0.482249, -0.835279), (0.264093, -0.682003, -0.682003), (0.264093, -0.682003, -0.682003), (0.264093, -0.482249, -0.835279), (0.264092, -0.24963, -0.931633), (0.264092, -0.24963, -0.931633), (0.264092, -0.24963, -0.931633), (0.264093, -0.482249, -0.835279), (0.264093, -0.482249, -0.835279), (0.264092, -0.931633, 0.24963), (0.264093, -0.964497, -2.35329e-13), (0.264092, -0.931633, 0.24963), (0.264093, -0.964497, -2.35329e-13), (0.264092, -0.931633, 0.24963), (0.264093, -0.964497, -2.35329e-13), (0.264093, -0.964497, -2.35329e-13), (0.264092, -0.931633, -0.24963), (0.264093, -0.964497, -2.35329e-13), (0.264092, -0.931633, -0.24963), (0.264093, -0.964497, -2.35329e-13), (0.264092, -0.931633, -0.24963), (0.264092, -0.931633, -0.24963), (0.264093, -0.835279, -0.482249), (0.264093, -0.835279, -0.482249), (0.264093, -0.835279, -0.482249), (0.264092, -0.931633, -0.24963), (0.264092, -0.931633, -0.24963), (0.264093, -0.682003, 0.682003), (0.264093, -0.835279, 0.482249), (0.264093, -0.682003, 0.682003), (0.264093, -0.835279, 0.482249), (0.264093, -0.682003, 0.682003), (0.264093, -0.835279, 0.482249), (0.264093, 0, 0.964497), (0.264092, 0.24963, 0.931633), (0.264092, 0.24963, 0.931633), (0.264092, 0.24963, 0.931633), (0.264093, 0, 0.964497), (0.264093, 0, 0.964497), (0.264092, -0.24963, 0.931633), (0.264093, 0, 0.964497), (0.264093, 0, 0.964497), (0.264093, 0, 0.964497), (0.264092, -0.24963, 0.931633), (0.264092, -0.24963, 0.931633), (0.264093, 0.835279, -0.482249), (0.264092, 0.931633, -0.24963), (0.264093, 0.835279, -0.482249), (0.264092, 0.931633, -0.24963), (0.264093, 0.835279, -0.482249), (0.264092, 0.931633, -0.24963), (0.264093, 0.964497, -2.35329e-13), (0.264092, 0.931633, 0.24963), (0.264093, 0.964497, -2.35329e-13), (0.264092, 0.931633, 0.24963), (0.264093, 0.964497, -2.35329e-13), (0.264092, 0.931633, 0.24963), (0.264092, -0.24963, 0.931633), (0.264093, -0.482249, 0.835279), (0.264092, -0.24963, 0.931633), (0.264093, -0.482249, 0.835279), (0.264092, -0.24963, 0.931633), (0.264093, -0.482249, 0.835279), (0.264092, 0.931633, -0.24963), (0.264093, 0.964497, -2.35329e-13), (0.264093, 0.964497, -2.35329e-13), (0.264093, 0.964497, -2.35329e-13), (0.264092, 0.931633, -0.24963), (0.264092, 0.931633, -0.24963), (0.264093, -0.835279, 0.482249), (0.264092, -0.931633, 0.24963), (0.264093, -0.835279, 0.482249), (0.264092, -0.931633, 0.24963), (0.264093, -0.835279, 0.482249), (0.264092, -0.931633, 0.24963), (0.264092, 0.24963, -0.931633), (0.264093, 0, -0.964497), (0.264092, 0.24963, -0.931633), (0.264093, 0, -0.964497), (0.264092, 0.24963, -0.931633), (0.264093, 0, -0.964497), (0.264092, 0.24963, 0.931633), (0.264093, 0.482249, 0.835279), (0.264093, 0.482249, 0.835279), (0.264093, 0.482249, 0.835279), (0.264092, 0.24963, 0.931633), (0.264092, 0.24963, 0.931633), (0.264093, 0.682003, -0.682003), (0.264093, 0.835279, -0.482249), (0.264093, 0.682003, -0.682003), (0.264093, 0.835279, -0.482249), (0.264093, 0.682003, -0.682003), (0.264093, 0.835279, -0.482249), (1, 0, 0), (1, 0, 0), (1, 0, 0), (1, 0, 0), (1, 0, 0), (1, 0, 0), (1, 0, 0), (1, 0, 0), (1, 0, 0), (1, 0, 0), (1, 0, 0), (1, 0, 0), (1, 0, 0), (1, 0, 0), (1, 0, 0), (1, 0, 0), (1, 0, 0), (1, 0, 0), (1, 0, 0), (1, 0, 0), (1, 0, 0), (1, 0, 0), (1, 0, 0), (1, 0, 0), (1, 0, 0), (1, 0, 0), (1, 0, 0), (1, 0, 0), (1, 0, 0), (1, 0, 0), (1, 0, 0), (1, 0, 0), (1, 0, 0), (1, 0, 0), (1, 0, 0), (1, 0, 0), (1, 0, 0), (1, 0, 0), (1, 0, 0), (1, 0, 0), (1, 0, 0), (1, 0, 0), (1, 0, 0), (1, 0, 0), (1, 0, 0), (1, 0, 0), (1, 0, 0), (1, 0, 0), (1, 0, 0), (1, 0, 0), (1, 0, 0), (1, 0, 0), (1, 0, 0), (1, 0, 0), (1, 0, 0), (1, 0, 0), (1, 0, 0), (1, 0, 0), (1, 0, 0), (1, 0, 0), (1, 0, 0), (1, 0, 0), (1, 0, 0), (1, 0, 0), (1, 0, 0), (1, 0, 0), (1, 0, 0), (1, 0, 0), (1, 0, 0), (1, 0, 0), (1, 0, 0), (1, 0, 0), (1, 0, 0), (1, 0, 0), (1, 0, 0), (1, 0, 0), (1, 0, 0), (1, 0, 0), (1, 0, 0), (1, 0, 0), (1, 0, 0), (1, 0, 0), (1, 0, 0), (1, 0, 0), (1, 0, 0), (1, 0, 0), (1, 0, 0), (1, 0, 0), (1, 0, 0), (1, 0, 0), (1, 0, 0), (1, 0, 0), (1, 0, 0), (1, 0, 0), (1, 0, 0), (1, 0, 0), (1, 0, 0), (1, 0, 0), (1, 0, 0), (1, 0, 0), (1, 0, 0), (1, 0, 0), (1, 0, 0), (1, 0, 0), (1, 0, 0), (1, 0, 0), (1, 0, 0), (1, 0, 0), (1, 0, 0), (1, 0, 0), (1, 0, 0), (1, 0, 0), (1, 0, 0), (1, 0, 0), (1, 0, 0), (1, 0, 0), (1, 0, 0), (1, 0, 0), (1, 0, 0), (1, 0, 0), (1, 0, 0), (1, 0, 0), (1, 0, 0), (1, 0, 0), (1, 0, 0), (1, 0, 0), (1, 0, 0), (1, 0, 0), (1, 0, 0), (1, 0, 0), (1, 0, 0), (1, 0, 0), (1, 0, 0), (1, 0, 0), (1, 0, 0), (1, 0, 0), (1, 0, 0), (1, 0, 0), (1, 0, 0), (1, 0, 0), (1, 0, 0), (1, 0, 0), (1, 0, 0), (1, 0, 0), (1, 0, -8.91084e-13), (1, 0, -8.91084e-13), (1, 0, -8.91084e-13), (1, 0, -8.91084e-13), (1, 0, -8.91084e-13), (1, 0, -8.91084e-13), (1, 0, -8.91084e-13), (1, 0, -8.91084e-13), (1, 0, -8.91084e-13), (1, 0, -8.91084e-13), (1, 0, -8.91084e-13), (1, 0, -8.91084e-13), (1, 0, -8.91084e-13), (1, 0, -8.91084e-13), (1, 0, -8.91084e-13), (1, 0, -8.91084e-13), (1, 0, -8.91084e-13), (1, 0, -8.91084e-13), (1, 0, -8.91084e-13), (1, 0, -8.91084e-13), (1, 0, -8.91084e-13), (1, 0, -8.91084e-13), (1, 0, -8.91084e-13), (1, 0, -8.91084e-13), (1, 0, -8.91084e-13), (1, 0, -8.91084e-13), (1, 0, -8.91084e-13), (1, 0, -8.91084e-13), (1, 0, -8.91084e-13), (1, 0, -8.91084e-13), (1, 0, -8.91084e-13), (1, 0, -8.91084e-13), (1, 0, -8.91084e-13), (1, 0, -8.91084e-13), (1, 0, -8.91084e-13), (1, 0, -8.91084e-13), (1, 0, -8.91084e-13), (1, 0, -8.91084e-13), (1, 0, -8.91084e-13), (1, 0, -8.91084e-13), (1, 0, -8.91084e-13), (1, 0, -8.91084e-13), (1, 0, -8.91084e-13), (1, 0, -8.91084e-13), (1, 0, -8.91084e-13), (1, 0, -8.91084e-13), (1, 0, -8.91084e-13), (1, 0, -8.91084e-13), (1, 0, -8.91084e-13), (1, 0, -8.91084e-13), (1, 0, -8.91084e-13), (1, 0, -8.91084e-13), (1, 0, -8.91084e-13), (1, 0, -8.91084e-13), (1, 0, -8.91084e-13), (1, 0, -8.91084e-13), (1, 0, -8.91084e-13), (1, 0, -8.91084e-13), (1, 0, -8.91084e-13), (1, 0, -8.91084e-13), (1, 0, -8.91084e-13), (1, 0, -8.91084e-13), (1, 0, -8.91084e-13), (1, 0, -8.91084e-13), (1, 0, -8.91084e-13), (1, 0, -8.91084e-13), (1, 0, -8.91084e-13), (1, 0, -8.91084e-13), (1, 0, -8.91084e-13), (1, 0, -8.91084e-13), (1, 0, -8.91084e-13), (1, 0, -8.91084e-13), (1, 0, -8.91084e-13), (1, 0, -8.91084e-13), (1, 0, -8.91084e-13), (1, 0, -8.91084e-13), (1, 0, -8.91084e-13), (1, 0, -8.91084e-13), (1, 0, -8.91084e-13), (1, 0, -8.91084e-13), (1, 0, -8.91084e-13), (1, 0, -8.91084e-13), (1, 0, -8.91084e-13), (1, 0, -8.91084e-13), (1, 0, -8.91084e-13), (1, 0, -8.91084e-13), (1, 0, -8.91084e-13), (1, 0, -8.91084e-13), (1, 0, -8.91084e-13), (1, 0, -8.91084e-13), (1, 0, -8.91084e-13), (1, 0, -8.91084e-13), (1, 0, -8.91084e-13), (1, 0, -8.91084e-13), (1, 0, -8.91084e-13), (1, 0, -8.91084e-13), (1, 0, -8.91084e-13), (1, 0, -8.91084e-13), (1, 0, -8.91084e-13), (1, 0, -8.91084e-13), (1, 0, -8.91084e-13), (1, 0, -8.91084e-13), (1, 0, -8.91084e-13), (1, 0, -8.91084e-13), (1, 0, -8.91084e-13), (1, 0, -8.91084e-13), (1, 0, -8.91084e-13), (1, 0, -8.91084e-13), (1, 0, -8.91084e-13), (1, 0, -8.91084e-13), (1, 0, -8.91084e-13), (1, 0, -8.91084e-13), (1, 0, -8.91084e-13), (1, 0, -8.91084e-13), (1, 0, -8.91084e-13), (1, 0, -8.91084e-13), (1, 0, -8.91084e-13), (1, 0, -8.91084e-13), (1, 0, -8.91084e-13), (1, 0, -8.91084e-13), (1, 0, -8.91084e-13), (1, 0, -8.91084e-13), (1, 0, -8.91084e-13), (1, 0, -8.91084e-13), (1, 0, -8.91084e-13), (1, 0, -8.91084e-13), (1, 0, -8.91084e-13), (1, 0, -8.91084e-13), (1, 0, -8.91084e-13), (1, 0, -8.91084e-13), (1, 0, -8.91084e-13), (1, 0, -8.91084e-13), (1, 0, -8.91084e-13), (1, 0, -8.91084e-13), (1, 0, -8.91084e-13), (1, 0, -8.91084e-13), (1, 0, -8.91084e-13), (1, 0, -8.91084e-13), (1, 0, -8.91084e-13), (1, 0, -8.91084e-13), (1, 0, -8.91084e-13), (1, 0, -8.91084e-13), (1, 0, -8.91084e-13), (1, 0, -8.91084e-13), (0.556106, 0.362703, 0.747792), (-0.0687646, 0.145808, 0.98692), (-0.0830515, 0.174671, 0.981118), (-0.0466162, 0.127958, 0.990684), (-0.0687646, 0.145808, 0.98692), (0.556106, 0.362703, 0.747792), (0.556106, 0.362703, 0.747792), (-0.0830515, 0.174671, 0.981118), (0.597844, 0.13669, 0.789873), (0.597844, 0.13669, 0.789873), (-0.0830515, 0.174671, 0.981118), (-0.0804132, 0.207197, 0.974989), (0.428179, 0.557312, 0.711383), (-0.0466162, 0.127958, 0.990684), (0.556106, 0.362703, 0.747792), (-0.0228919, 0.119312, 0.992593), (-0.0466162, 0.127958, 0.990684), (0.428179, 0.557312, 0.711383), (0.597844, 0.13669, 0.789873), (-0.0804132, 0.207197, 0.974989), (0.550333, -0.08714, 0.830385), (-0.0804132, 0.207197, 0.974989), (-0.0609379, 0.233612, 0.970418), (0.550333, -0.08714, 0.830385), (0.550333, -0.08714, 0.830385), (-0.0609379, 0.233612, 0.970418), (0.421349, -0.277141, 0.863514), (-0.0609379, 0.233612, 0.970418), (-0.03206, 0.248935, 0.96799), (0.421349, -0.277141, 0.863514), (0.911972, -0.344612, 0.222598), (0.597844, 0.13669, 0.789873), (0.550333, -0.08714, 0.830385), (0.421349, -0.277141, 0.863514), (0.911972, -0.344612, 0.222598), (0.550333, -0.08714, 0.830385), (0.987111, 0.0275147, 0.157652), (0.556106, 0.362703, 0.747792), (0.597844, 0.13669, 0.789873), (0.597844, 0.13669, 0.789873), (0.911972, -0.344612, 0.222598), (0.987111, 0.0275147, 0.157652), (0.911972, 0.399641, 0.0927055), (0.428179, 0.557312, 0.711383), (0.556106, 0.362703, 0.747792), (0.556106, 0.362703, 0.747792), (0.987111, 0.0275147, 0.157652), (0.911972, 0.399641, 0.0927055), (0.232546, 0.688478, 0.686964), (-0.0228919, 0.119312, 0.992593), (0.428179, 0.557312, 0.711383), (0.232546, 0.688478, 0.686964), (0, 0.116894, 0.993144), (-0.0228919, 0.119312, 0.992593), (0.421349, -0.277141, 0.863514), (-0.03206, 0.248935, 0.96799), (0.228428, -0.405222, 0.885221), (-0.03206, 0.248935, 0.96799), (0, 0.253738, 0.967273), (0.228428, -0.405222, 0.885221), (0.911972, -0.399641, -0.0927055), (0.987111, 0.0275147, 0.157652), (0.911972, -0.344612, 0.222598), (0.911972, -0.344612, 0.222598), (0.421349, -0.277141, 0.863514), (0.697993, -0.660085, 0.277657), (0.697993, -0.660085, 0.277657), (0.911972, -0.399641, -0.0927055), (0.911972, -0.344612, 0.222598), (0.987111, -0.0275147, -0.157652), (0.911972, 0.399641, 0.0927055), (0.987111, 0.0275147, 0.157652), (0.987111, 0.0275147, 0.157652), (0.911972, -0.399641, -0.0927055), (0.987111, -0.0275147, -0.157652), (0.377751, -0.870877, 0.314447), (0.421349, -0.277141, 0.863514), (0.228428, -0.405222, 0.885221), (0.421349, -0.277141, 0.863514), (0.377751, -0.870877, 0.314447), (0.697993, -0.660085, 0.277657), (0.428179, 0.557312, 0.711383), (0.911972, 0.399641, 0.0927055), (0.697993, 0.715114, 0.0376466), (0.428179, 0.557312, 0.711383), (0.377751, 0.925907, 0.000857383), (0.232546, 0.688478, 0.686964), (0.377751, 0.925907, 0.000857383), (0.428179, 0.557312, 0.711383), (0.697993, 0.715114, 0.0376466), (0.911972, 0.399641, 0.0927055), (0.987111, -0.0275147, -0.157652), (0.911972, 0.344612, -0.222598), (0.911972, 0.344612, -0.222598), (0.697993, 0.715114, 0.0376466), (0.911972, 0.399641, 0.0927055), (0, 0.253738, 0.967273), (0, -0.450458, 0.892798), (0.228428, -0.405222, 0.885221), (0.228428, -0.405222, 0.885221), (0, -0.944898, 0.327365), (0.377751, -0.870877, 0.314447), (0, -0.944898, 0.327365), (0.228428, -0.405222, 0.885221), (0, -0.450458, 0.892798), (0, 0.253738, 0.967273), (-0.228428, -0.405222, 0.885221), (0, -0.450458, 0.892798), (0.03206, 0.248935, 0.96799), (-0.228428, -0.405222, 0.885221), (0, 0.253738, 0.967273), (-0.377751, -0.870877, 0.314447), (0, -0.450458, 0.892798), (-0.228428, -0.405222, 0.885221), (0, -0.450458, 0.892798), (-0.377751, -0.870877, 0.314447), (0, -0.944898, 0.327365), (-0.421349, -0.277141, 0.863514), (-0.228428, -0.405222, 0.885221), (0.03206, 0.248935, 0.96799), (-0.421349, -0.277141, 0.863514), (-0.377751, -0.870877, 0.314447), (-0.228428, -0.405222, 0.885221), (0.0609379, 0.233612, 0.970418), (-0.421349, -0.277141, 0.863514), (0.03206, 0.248935, 0.96799), (-0.550333, -0.08714, 0.830385), (-0.421349, -0.277141, 0.863514), (0.0609379, 0.233612, 0.970418), (0.0804132, 0.207197, 0.974989), (-0.550333, -0.08714, 0.830385), (0.0609379, 0.233612, 0.970418), (-0.377751, -0.870877, 0.314447), (-0.421349, -0.277141, 0.863514), (-0.697993, -0.660085, 0.277657), (-0.550333, -0.08714, 0.830385), (-0.697993, -0.660085, 0.277657), (-0.421349, -0.277141, 0.863514), (-0.597844, 0.13669, 0.789873), (-0.550333, -0.08714, 0.830385), (0.0804132, 0.207197, 0.974989), (-0.597844, 0.13669, 0.789873), (0.0804132, 0.207197, 0.974989), (0.0830515, 0.174671, 0.981118), (-0.556106, 0.362703, 0.747792), (-0.597844, 0.13669, 0.789873), (0.0830515, 0.174671, 0.981118), (-0.556106, 0.362703, 0.747792), (0.0830515, 0.174671, 0.981118), (0.0687646, 0.145808, 0.98692), (0.0466162, 0.127958, 0.990684), (-0.556106, 0.362703, 0.747792), (0.0687646, 0.145808, 0.98692), (-0.697993, -0.660085, 0.277657), (-0.550333, -0.08714, 0.830385), (-0.911972, -0.344612, 0.222598), (-0.597844, 0.13669, 0.789873), (-0.911972, -0.344612, 0.222598), (-0.550333, -0.08714, 0.830385), (-0.697993, -0.715114, -0.0376466), (-0.377751, -0.870877, 0.314447), (-0.697993, -0.660085, 0.277657), (-0.911972, -0.344612, 0.222598), (-0.697993, -0.715114, -0.0376466), (-0.697993, -0.660085, 0.277657), (-0.911972, -0.344612, 0.222598), (-0.597844, 0.13669, 0.789873), (-0.987111, 0.0275147, 0.157652), (-0.556106, 0.362703, 0.747792), (-0.987111, 0.0275147, 0.157652), (-0.597844, 0.13669, 0.789873), (-0.428179, 0.557312, 0.711383), (-0.556106, 0.362703, 0.747792), (0.0466162, 0.127958, 0.990684), (0.0228919, 0.119312, 0.992593), (-0.428179, 0.557312, 0.711383), (0.0466162, 0.127958, 0.990684), (-0.377751, -0.870877, 0.314447), (-0.697993, -0.715114, -0.0376466), (-0.377751, -0.925907, -0.000857383), (-0.377751, -0.925907, -0.000857383), (0, -0.944898, 0.327365), (-0.377751, -0.870877, 0.314447), (-0.697993, -0.715114, -0.0376466), (-0.911972, -0.344612, 0.222598), (-0.911972, -0.399641, -0.0927055), (-0.987111, 0.0275147, 0.157652), (-0.911972, -0.399641, -0.0927055), (-0.911972, -0.344612, 0.222598), (-0.232546, 0.688478, 0.686964), (-0.428179, 0.557312, 0.711383), (0.0228919, 0.119312, 0.992593), (-0.232546, 0.688478, 0.686964), (0.0228919, 0.119312, 0.992593), (0, 0.116894, 0.993144), (0, 0.734701, 0.678391), (-0.232546, 0.688478, 0.686964), (0, 0.116894, 0.993144), (0, 0.734701, 0.678391), (0, 0.116894, 0.993144), (0.232546, 0.688478, 0.686964), (-0.377751, 0.925907, 0.000857383), (-0.428179, 0.557312, 0.711383), (-0.232546, 0.688478, 0.686964), (0, 0.734701, 0.678391), (-0.377751, 0.925907, 0.000857383), (-0.232546, 0.688478, 0.686964), (0.232546, 0.688478, 0.686964), (0, 0.999927, -0.0120613), (0, 0.734701, 0.678391), (-0.377751, 0.925907, 0.000857383), (0, 0.734701, 0.678391), (0, 0.999927, -0.0120613), (0, 0.999927, -0.0120613), (0.232546, 0.688478, 0.686964), (0.377751, 0.925907, 0.000857383), (0, -0.944898, 0.327365), (-0.377751, -0.925907, -0.000857383), (0, -0.999927, 0.0120613), (0, -0.999927, 0.0120613), (0.377751, -0.870877, 0.314447), (0, -0.944898, 0.327365), (-0.428179, 0.557312, 0.711383), (-0.377751, 0.925907, 0.000857383), (-0.697993, 0.715114, 0.0376466), (-0.697993, 0.715114, 0.0376466), (-0.556106, 0.362703, 0.747792), (-0.428179, 0.557312, 0.711383), (-0.987111, 0.0275147, 0.157652), (-0.556106, 0.362703, 0.747792), (-0.911972, 0.399641, 0.0927055), (-0.556106, 0.362703, 0.747792), (-0.697993, 0.715114, 0.0376466), (-0.911972, 0.399641, 0.0927055), (-0.377751, 0.925907, 0.000857383), (-0.697993, 0.660085, -0.277657), (-0.697993, 0.715114, 0.0376466), (-0.697993, 0.660085, -0.277657), (-0.911972, 0.399641, 0.0927055), (-0.697993, 0.715114, 0.0376466), (0, 0.999927, -0.0120613), (-0.377751, 0.870877, -0.314447), (-0.377751, 0.925907, 0.000857383), (-0.697993, 0.660085, -0.277657), (-0.377751, 0.925907, 0.000857383), (-0.377751, 0.870877, -0.314447), (0.377751, 0.925907, 0.000857383), (0, 0.944898, -0.327365), (0, 0.999927, -0.0120613), (-0.377751, 0.870877, -0.314447), (0, 0.999927, -0.0120613), (0, 0.944898, -0.327365), (-0.911972, 0.399641, 0.0927055), (-0.987111, -0.0275147, -0.157652), (-0.987111, 0.0275147, 0.157652), (-0.911972, -0.399641, -0.0927055), (-0.987111, 0.0275147, 0.157652), (-0.987111, -0.0275147, -0.157652), (-0.911972, 0.399641, 0.0927055), (-0.697993, 0.660085, -0.277657), (-0.911972, 0.344612, -0.222598), (-0.987111, -0.0275147, -0.157652), (-0.911972, 0.399641, 0.0927055), (-0.911972, 0.344612, -0.222598), (-0.377751, 0.870877, -0.314447), (-0.624972, 0.53524, -0.568268), (-0.697993, 0.660085, -0.277657), (-0.624972, 0.53524, -0.568268), (-0.911972, 0.344612, -0.222598), (-0.697993, 0.660085, -0.277657), (0, 0.944898, -0.327365), (0.377751, 0.925907, 0.000857383), (0.377751, 0.870877, -0.314447), (0.697993, 0.715114, 0.0376466), (0.377751, 0.870877, -0.314447), (0.377751, 0.925907, 0.000857383), (0, 0.944898, -0.327365), (-0.338232, 0.72398, -0.601208), (-0.377751, 0.870877, -0.314447), (-0.624972, 0.53524, -0.568268), (-0.377751, 0.870877, -0.314447), (-0.338232, 0.72398, -0.601208), (0.377751, 0.870877, -0.314447), (0.697993, 0.715114, 0.0376466), (0.697993, 0.660085, -0.277657), (0.697993, 0.715114, 0.0376466), (0.911972, 0.344612, -0.222598), (0.697993, 0.660085, -0.277657), (-0.987111, -0.0275147, -0.157652), (-0.816565, -0.413621, -0.402665), (-0.911972, -0.399641, -0.0927055), (-0.911972, 0.344612, -0.222598), (-0.883844, -0.0804254, -0.460817), (-0.987111, -0.0275147, -0.157652), (-0.816565, -0.413621, -0.402665), (-0.987111, -0.0275147, -0.157652), (-0.883844, -0.0804254, -0.460817), (-0.911972, 0.344612, -0.222598), (-0.624972, 0.53524, -0.568268), (-0.816565, 0.25277, -0.518969), (-0.883844, -0.0804254, -0.460817), (-0.911972, 0.344612, -0.222598), (-0.816565, 0.25277, -0.518969), (-0.338232, 0.72398, -0.601208), (-0.479664, 0.346198, -0.806269), (-0.624972, 0.53524, -0.568268), (-0.479664, 0.346198, -0.806269), (-0.816565, 0.25277, -0.518969), (-0.624972, 0.53524, -0.568268), (-0.624972, -0.696091, -0.353366), (-0.911972, -0.399641, -0.0927055), (-0.816565, -0.413621, -0.402665), (-0.911972, -0.399641, -0.0927055), (-0.624972, -0.696091, -0.353366), (-0.697993, -0.715114, -0.0376466), (-0.624972, -0.696091, -0.353366), (-0.377751, -0.925907, -0.000857383), (-0.697993, -0.715114, -0.0376466), (-0.377751, -0.925907, -0.000857383), (-0.624972, -0.696091, -0.353366), (-0.338232, -0.884831, -0.320425), (-0.338232, -0.884831, -0.320425), (0, -0.999927, 0.0120613), (-0.377751, -0.925907, -0.000857383), (-0.816565, -0.413621, -0.402665), (-0.479664, -0.598845, -0.641332), (-0.624972, -0.696091, -0.353366), (-0.479664, -0.598845, -0.641332), (-0.338232, -0.884831, -0.320425), (-0.624972, -0.696091, -0.353366), (-0.883844, -0.0804254, -0.460817), (-0.626711, -0.38205, -0.679169), (-0.816565, -0.413621, -0.402665), (-0.479664, -0.598845, -0.641332), (-0.816565, -0.413621, -0.402665), (-0.626711, -0.38205, -0.679169), (-0.816565, 0.25277, -0.518969), (-0.678348, -0.126323, -0.7238), (-0.883844, -0.0804254, -0.460817), (-0.626711, -0.38205, -0.679169), (-0.883844, -0.0804254, -0.460817), (-0.678348, -0.126323, -0.7238), (-0.816565, 0.25277, -0.518969), (-0.479664, 0.346198, -0.806269), (-0.626711, 0.129404, -0.768432), (-0.678348, -0.126323, -0.7238), (-0.816565, 0.25277, -0.518969), (-0.626711, 0.129404, -0.768432), (-0.479664, 0.346198, -0.806269), (-0.338232, 0.72398, -0.601208), (-0.259592, 0.491056, -0.83155), (0, 0.790257, -0.612775), (-0.259592, 0.491056, -0.83155), (-0.338232, 0.72398, -0.601208), (-0.338232, 0.72398, -0.601208), (0, 0.944898, -0.327365), (0, 0.790257, -0.612775), (0, 0.944898, -0.327365), (0.338232, 0.72398, -0.601208), (0, 0.790257, -0.612775), (0.338232, 0.72398, -0.601208), (0, 0.944898, -0.327365), (0.377751, 0.870877, -0.314447), (0.377751, 0.870877, -0.314447), (0.624972, 0.53524, -0.568268), (0.338232, 0.72398, -0.601208), (0.624972, 0.53524, -0.568268), (0.377751, 0.870877, -0.314447), (0.697993, 0.660085, -0.277657), (0.697993, 0.660085, -0.277657), (0.816565, 0.25277, -0.518969), (0.624972, 0.53524, -0.568268), (0.816565, 0.25277, -0.518969), (0.697993, 0.660085, -0.277657), (0.911972, 0.344612, -0.222598), (0.911972, 0.344612, -0.222598), (0.883844, -0.0804254, -0.460817), (0.816565, 0.25277, -0.518969), (0.883844, -0.0804254, -0.460817), (0.911972, 0.344612, -0.222598), (0.987111, -0.0275147, -0.157652), (0.987111, -0.0275147, -0.157652), (0.816565, -0.413621, -0.402665), (0.883844, -0.0804254, -0.460817), (0.816565, -0.413621, -0.402665), (0.987111, -0.0275147, -0.157652), (0.911972, -0.399641, -0.0927055), (0.697993, -0.715114, -0.0376466), (0.816565, -0.413621, -0.402665), (0.911972, -0.399641, -0.0927055), (0.911972, -0.399641, -0.0927055), (0.697993, -0.660085, 0.277657), (0.697993, -0.715114, -0.0376466), (0.697993, -0.660085, 0.277657), (0.377751, -0.925907, -0.000857383), (0.697993, -0.715114, -0.0376466), (0.377751, -0.925907, -0.000857383), (0.697993, -0.660085, 0.277657), (0.377751, -0.870877, 0.314447), (0.377751, -0.870877, 0.314447), (0, -0.999927, 0.0120613), (0.377751, -0.925907, -0.000857383), (0.816565, -0.413621, -0.402665), (0.697993, -0.715114, -0.0376466), (0.624972, -0.696091, -0.353366), (0.377751, -0.925907, -0.000857383), (0.624972, -0.696091, -0.353366), (0.697993, -0.715114, -0.0376466), (0.626711, -0.38205, -0.679169), (0.883844, -0.0804254, -0.460817), (0.816565, -0.413621, -0.402665), (0.624972, -0.696091, -0.353366), (0.626711, -0.38205, -0.679169), (0.816565, -0.413621, -0.402665), (0.678348, -0.126323, -0.7238), (0.816565, 0.25277, -0.518969), (0.883844, -0.0804254, -0.460817), (0.883844, -0.0804254, -0.460817), (0.626711, -0.38205, -0.679169), (0.678348, -0.126323, -0.7238), (0.626711, 0.129404, -0.768432), (0.624972, 0.53524, -0.568268), (0.816565, 0.25277, -0.518969), (0.816565, 0.25277, -0.518969), (0.678348, -0.126323, -0.7238), (0.626711, 0.129404, -0.768432), (0, -0.999927, 0.0120613), (0.338232, -0.884831, -0.320425), (0.377751, -0.925907, -0.000857383), (0.624972, -0.696091, -0.353366), (0.377751, -0.925907, -0.000857383), (0.338232, -0.884831, -0.320425), (0.626711, -0.38205, -0.679169), (0.624972, -0.696091, -0.353366), (0.479664, -0.598845, -0.641332), (0.338232, -0.884831, -0.320425), (0.479664, -0.598845, -0.641332), (0.624972, -0.696091, -0.353366), (0.338232, -0.884831, -0.320425), (0, -0.999927, 0.0120613), (0, -0.951108, -0.308858), (0, -0.999927, 0.0120613), (-0.338232, -0.884831, -0.320425), (0, -0.951108, -0.308858), (0.624972, 0.53524, -0.568268), (0.626711, 0.129404, -0.768432), (0.479664, 0.346198, -0.806269), (0.479664, 0.346198, -0.806269), (0.338232, 0.72398, -0.601208), (0.624972, 0.53524, -0.568268), (0.479664, -0.598845, -0.641332), (0.338232, -0.884831, -0.320425), (0.259592, -0.743703, -0.61605), (0, -0.951108, -0.308858), (0.259592, -0.743703, -0.61605), (0.338232, -0.884831, -0.320425), (-0.259592, -0.743703, -0.61605), (0, -0.951108, -0.308858), (-0.338232, -0.884831, -0.320425), (-0.338232, -0.884831, -0.320425), (-0.479664, -0.598845, -0.641332), (-0.259592, -0.743703, -0.61605), (0.338232, 0.72398, -0.601208), (0.479664, 0.346198, -0.806269), (0.259592, 0.491056, -0.83155), (0.259592, 0.491056, -0.83155), (0, 0.790257, -0.612775), (0.338232, 0.72398, -0.601208), (0.259592, -0.743703, -0.61605), (0, -0.951108, -0.308858), (0, -0.79457, -0.607173), (0, -0.951108, -0.308858), (-0.259592, -0.743703, -0.61605), (0, -0.79457, -0.607173), (0, -0.534314, -0.845286), (0.259592, -0.743703, -0.61605), (0, -0.79457, -0.607173), (-0.259592, -0.743703, -0.61605), (0, -0.534314, -0.845286), (0, -0.79457, -0.607173), (0.145813, -0.505742, -0.850272), (0.479664, -0.598845, -0.641332), (0.259592, -0.743703, -0.61605), (0.259592, -0.743703, -0.61605), (0, -0.534314, -0.845286), (0.145813, -0.505742, -0.850272), (0, -0.171929, -0.985109), (0.145813, -0.505742, -0.850272), (0, -0.534314, -0.845286), (0, -0.534314, -0.845286), (-0.259592, -0.743703, -0.61605), (-0.145813, -0.505742, -0.850272), (-0.479664, -0.598845, -0.641332), (-0.145813, -0.505742, -0.850272), (-0.259592, -0.743703, -0.61605), (0, -0.171929, -0.985109), (0, -0.534314, -0.845286), (-0.145813, -0.505742, -0.850272), (0.479664, -0.598845, -0.641332), (0.145813, -0.505742, -0.850272), (0.269428, -0.424375, -0.864473), (0, -0.171929, -0.985109), (0.269428, -0.424375, -0.864473), (0.145813, -0.505742, -0.850272), (0.269428, -0.424375, -0.864473), (0.626711, -0.38205, -0.679169), (0.479664, -0.598845, -0.641332), (-0.145813, -0.505742, -0.850272), (-0.479664, -0.598845, -0.641332), (-0.269428, -0.424375, -0.864473), (0, -0.171929, -0.985109), (-0.145813, -0.505742, -0.850272), (-0.269428, -0.424375, -0.864473), (-0.626711, -0.38205, -0.679169), (-0.269428, -0.424375, -0.864473), (-0.479664, -0.598845, -0.641332), (0.626711, -0.38205, -0.679169), (0.269428, -0.424375, -0.864473), (0.352025, -0.302602, -0.885726), (0, -0.171929, -0.985109), (0.352025, -0.302602, -0.885726), (0.269428, -0.424375, -0.864473), (0.352025, -0.302602, -0.885726), (0.678348, -0.126323, -0.7238), (0.626711, -0.38205, -0.679169), (-0.269428, -0.424375, -0.864473), (-0.626711, -0.38205, -0.679169), (-0.352025, -0.302602, -0.885726), (0, -0.171929, -0.985109), (-0.269428, -0.424375, -0.864473), (-0.352025, -0.302602, -0.885726), (-0.678348, -0.126323, -0.7238), (-0.352025, -0.302602, -0.885726), (-0.626711, -0.38205, -0.679169), (0.381029, -0.158959, -0.910796), (0.352025, -0.302602, -0.885726), (0, -0.171929, -0.985109), (0.678348, -0.126323, -0.7238), (0.352025, -0.302602, -0.885726), (0.381029, -0.158959, -0.910796), (-0.381029, -0.158959, -0.910796), (0, -0.171929, -0.985109), (-0.352025, -0.302602, -0.885726), (-0.352025, -0.302602, -0.885726), (-0.678348, -0.126323, -0.7238), (-0.381029, -0.158959, -0.910796), (0.352025, -0.0153172, -0.935865), (0.381029, -0.158959, -0.910796), (0, -0.171929, -0.985109), (0.352025, -0.0153172, -0.935865), (0.678348, -0.126323, -0.7238), (0.381029, -0.158959, -0.910796), (0.678348, -0.126323, -0.7238), (0.352025, -0.0153172, -0.935865), (0.626711, 0.129404, -0.768432), (-0.678348, -0.126323, -0.7238), (-0.352025, -0.0153172, -0.935865), (-0.381029, -0.158959, -0.910796), (-0.352025, -0.0153172, -0.935865), (0, -0.171929, -0.985109), (-0.381029, -0.158959, -0.910796), (-0.352025, -0.0153172, -0.935865), (-0.678348, -0.126323, -0.7238), (-0.626711, 0.129404, -0.768432), (0.269428, 0.106457, -0.957118), (0.626711, 0.129404, -0.768432), (0.352025, -0.0153172, -0.935865), (0.269428, 0.106457, -0.957118), (0.352025, -0.0153172, -0.935865), (0, -0.171929, -0.985109), (0.626711, 0.129404, -0.768432), (0.269428, 0.106457, -0.957118), (0.479664, 0.346198, -0.806269), (-0.626711, 0.129404, -0.768432), (-0.269428, 0.106457, -0.957118), (-0.352025, -0.0153172, -0.935865), (-0.269428, 0.106457, -0.957118), (0, -0.171929, -0.985109), (-0.352025, -0.0153172, -0.935865), (-0.269428, 0.106457, -0.957118), (-0.626711, 0.129404, -0.768432), (-0.479664, 0.346198, -0.806269), (0.145813, 0.187824, -0.971319), (0.479664, 0.346198, -0.806269), (0.269428, 0.106457, -0.957118), (0.145813, 0.187824, -0.971319), (0.269428, 0.106457, -0.957118), (0, -0.171929, -0.985109), (0.479664, 0.346198, -0.806269), (0.145813, 0.187824, -0.971319), (0.259592, 0.491056, -0.83155), (-0.479664, 0.346198, -0.806269), (-0.145813, 0.187824, -0.971319), (-0.269428, 0.106457, -0.957118), (-0.145813, 0.187824, -0.971319), (0, -0.171929, -0.985109), (-0.269428, 0.106457, -0.957118), (-0.145813, 0.187824, -0.971319), (-0.479664, 0.346198, -0.806269), (-0.259592, 0.491056, -0.83155), (0, 0.216396, -0.976306), (0.145813, 0.187824, -0.971319), (0, -0.171929, -0.985109), (0, 0.216396, -0.976306), (0, -0.171929, -0.985109), (-0.145813, 0.187824, -0.971319), (0, 0.216396, -0.976306), (0.259592, 0.491056, -0.83155), (0.145813, 0.187824, -0.971319), (-0.259592, 0.491056, -0.83155), (0, 0.216396, -0.976306), (-0.145813, 0.187824, -0.971319), (0.259592, 0.491056, -0.83155), (0, 0.216396, -0.976306), (0, 0.541923, -0.840428), (0, 0.216396, -0.976306), (-0.259592, 0.491056, -0.83155), (0, 0.541923, -0.840428), (0, 0.790257, -0.612775), (0.259592, 0.491056, -0.83155), (0, 0.541923, -0.840428), (-0.259592, 0.491056, -0.83155), (0, 0.790257, -0.612775), (0, 0.541923, -0.840428), (0.365692, -0.225372, 0.903038), (0.480233, -0.0555457, 0.87538), (0, 0.171929, 0.985109), (-0.480233, -0.0555457, 0.87538), (0, 0.171929, 0.985109), (-0.520912, 0.14676, 0.8409), (0, 0.171929, 0.985109), (0.480233, 0.348786, 0.804813), (0.365692, 0.517942, 0.773308), (0.520912, 0.14676, 0.8409), (0.480233, 0.348786, 0.804813), (0, 0.171929, 0.985109), (0, 0.171929, 0.985109), (0.196928, 0.629128, 0.751942), (0, 0.667737, 0.744398), (0.196928, -0.337223, 0.920597), (0.365692, -0.225372, 0.903038), (0, 0.171929, 0.985109), (0, -0.376105, 0.926577), (0, 0.171929, 0.985109), (-0.196928, -0.337223, 0.920597), (0, 0.171929, 0.985109), (-0.196928, 0.629128, 0.751942), (-0.365692, 0.517942, 0.773308), (-0.520912, 0.14676, 0.8409), (0, 0.171929, 0.985109), (-0.480233, 0.348786, 0.804813), (0, 0.171929, 0.985109), (-0.365692, 0.517942, 0.773308), (-0.480233, 0.348786, 0.804813), (-0.196928, -0.337223, 0.920597), (0, 0.171929, 0.985109), (-0.365692, -0.225372, 0.903038), (0.480233, -0.0555457, 0.87538), (0.520912, 0.14676, 0.8409), (0, 0.171929, 0.985109), (0, -0.376105, 0.926577), (0.196928, -0.337223, 0.920597), (0, 0.171929, 0.985109), (0, 0.171929, 0.985109), (0.365692, 0.517942, 0.773308), (0.196928, 0.629128, 0.751942), (-0.365692, -0.225372, 0.903038), (0, 0.171929, 0.985109), (-0.480233, -0.0555457, 0.87538), (0, 0.171929, 0.985109), (0, 0.667737, 0.744398), (-0.196928, 0.629128, 0.751942), (-0.304703, -0.646128, 0.699768), (0, -0.376105, 0.926577), (-0.196928, -0.337223, 0.920597), (0, -0.376105, 0.926577), (-0.304703, -0.646128, 0.699768), (0, -0.705573, 0.708637), (0.480233, 0.348786, 0.804813), (0.809523, 0.100938, 0.578346), (0.745747, 0.413732, 0.522194), (0.809523, 0.100938, 0.578346), (0.480233, 0.348786, 0.804813), (0.520912, 0.14676, 0.8409), (-0.566852, -0.474453, 0.673479), (-0.196928, -0.337223, 0.920597), (-0.365692, -0.225372, 0.903038), (-0.196928, -0.337223, 0.920597), (-0.566852, -0.474453, 0.673479), (-0.304703, -0.646128, 0.699768), (0.196928, -0.337223, 0.920597), (0.566852, -0.474453, 0.673479), (0.365692, -0.225372, 0.903038), (0.566852, -0.474453, 0.673479), (0.196928, -0.337223, 0.920597), (0.304703, -0.646128, 0.699768), (-0.809523, 0.100938, 0.578346), (-0.480233, 0.348786, 0.804813), (-0.745747, 0.413732, 0.522194), (-0.480233, 0.348786, 0.804813), (-0.809523, 0.100938, 0.578346), (-0.520912, 0.14676, 0.8409), (-0.304703, 0.844967, 0.43953), (0, 0.667737, 0.744398), (0, 0.903903, 0.427738), (0, 0.667737, 0.744398), (-0.304703, 0.844967, 0.43953), (-0.196928, 0.629128, 0.751942), (0.365692, 0.517942, 0.773308), (0.745747, 0.413732, 0.522194), (0.566852, 0.674537, 0.472948), (0.745747, 0.413732, 0.522194), (0.365692, 0.517942, 0.773308), (0.480233, 0.348786, 0.804813), (0, 0.667737, 0.744398), (0.304703, 0.844967, 0.43953), (0, 0.903903, 0.427738), (0.304703, 0.844967, 0.43953), (0, 0.667737, 0.744398), (0.196928, 0.629128, 0.751942), (0, -0.376105, 0.926577), (0.304703, -0.646128, 0.699768), (0.196928, -0.337223, 0.920597), (0.304703, -0.646128, 0.699768), (0, -0.376105, 0.926577), (0, -0.705573, 0.708637), (0.196928, 0.629128, 0.751942), (0.566852, 0.674537, 0.472948), (0.304703, 0.844967, 0.43953), (0.566852, 0.674537, 0.472948), (0.196928, 0.629128, 0.751942), (0.365692, 0.517942, 0.773308), (0.365692, -0.225372, 0.903038), (0.745747, -0.212386, 0.631469), (0.480233, -0.0555457, 0.87538), (0.745747, -0.212386, 0.631469), (0.365692, -0.225372, 0.903038), (0.566852, -0.474453, 0.673479), (-0.809523, 0.100938, 0.578346), (-0.480233, -0.0555457, 0.87538), (-0.520912, 0.14676, 0.8409), (-0.480233, -0.0555457, 0.87538), (-0.809523, 0.100938, 0.578346), (-0.745747, -0.212386, 0.631469), (-0.745747, -0.212386, 0.631469), (-0.365692, -0.225372, 0.903038), (-0.480233, -0.0555457, 0.87538), (-0.365692, -0.225372, 0.903038), (-0.745747, -0.212386, 0.631469), (-0.566852, -0.474453, 0.673479), (0.480233, -0.0555457, 0.87538), (0.809523, 0.100938, 0.578346), (0.520912, 0.14676, 0.8409), (0.809523, 0.100938, 0.578346), (0.480233, -0.0555457, 0.87538), (0.745747, -0.212386, 0.631469), (-0.745747, 0.413732, 0.522194), (-0.365692, 0.517942, 0.773308), (-0.566852, 0.674537, 0.472948), (-0.365692, 0.517942, 0.773308), (-0.745747, 0.413732, 0.522194), (-0.480233, 0.348786, 0.804813), (-0.566852, 0.674537, 0.472948), (-0.196928, 0.629128, 0.751942), (-0.304703, 0.844967, 0.43953), (-0.196928, 0.629128, 0.751942), (-0.566852, 0.674537, 0.472948), (-0.365692, 0.517942, 0.773308), (-0.809523, 0.100938, 0.578346), (-0.82119, -0.265931, 0.504903), (-0.745747, -0.212386, 0.631469), (-0.82119, -0.265931, 0.504903), (-0.809523, 0.100938, 0.578346), (-0.89136, 0.0779349, 0.446547), (-0.745747, -0.212386, 0.631469), (-0.624265, -0.553633, 0.551165), (-0.566852, -0.474453, 0.673479), (-0.624265, -0.553633, 0.551165), (-0.745747, -0.212386, 0.631469), (-0.82119, -0.265931, 0.504903), (0.82119, -0.265931, 0.504903), (0.809523, 0.100938, 0.578346), (0.745747, -0.212386, 0.631469), (0.809523, 0.100938, 0.578346), (0.82119, -0.265931, 0.504903), (0.89136, 0.0779349, 0.446547), (0.82119, 0.42124, 0.384973), (0.566852, 0.674537, 0.472948), (0.745747, 0.413732, 0.522194), (0.566852, 0.674537, 0.472948), (0.82119, 0.42124, 0.384973), (0.624265, 0.707603, 0.331045), (-0.566852, 0.674537, 0.472948), (-0.335582, 0.894794, 0.294498), (-0.624265, 0.707603, 0.331045), (-0.335582, 0.894794, 0.294498), (-0.566852, 0.674537, 0.472948), (-0.304703, 0.844967, 0.43953), (0.566852, 0.674537, 0.472948), (0.335582, 0.894794, 0.294498), (0.304703, 0.844967, 0.43953), (0.335582, 0.894794, 0.294498), (0.566852, 0.674537, 0.472948), (0.624265, 0.707603, 0.331045), (-0.335582, -0.742137, 0.580188), (-0.566852, -0.474453, 0.673479), (-0.624265, -0.553633, 0.551165), (-0.566852, -0.474453, 0.673479), (-0.335582, -0.742137, 0.580188), (-0.304703, -0.646128, 0.699768), (0.89136, 0.0779349, 0.446547), (0.745747, 0.413732, 0.522194), (0.809523, 0.100938, 0.578346), (0.745747, 0.413732, 0.522194), (0.89136, 0.0779349, 0.446547), (0.82119, 0.42124, 0.384973), (0, -0.807407, 0.589994), (0.304703, -0.646128, 0.699768), (0, -0.705573, 0.708637), (0.304703, -0.646128, 0.699768), (0, -0.807407, 0.589994), (0.335582, -0.742137, 0.580188), (0.335582, -0.742137, 0.580188), (0.566852, -0.474453, 0.673479), (0.304703, -0.646128, 0.699768), (0.566852, -0.474453, 0.673479), (0.335582, -0.742137, 0.580188), (0.624265, -0.553633, 0.551165), (0.624265, -0.553633, 0.551165), (0.745747, -0.212386, 0.631469), (0.566852, -0.474453, 0.673479), (0.745747, -0.212386, 0.631469), (0.624265, -0.553633, 0.551165), (0.82119, -0.265931, 0.504903), (-0.745747, 0.413732, 0.522194), (-0.89136, 0.0779349, 0.446547), (-0.809523, 0.100938, 0.578346), (-0.89136, 0.0779349, 0.446547), (-0.745747, 0.413732, 0.522194), (-0.82119, 0.42124, 0.384973), (-0.304703, 0.844967, 0.43953), (0, 0.959527, 0.281615), (-0.335582, 0.894794, 0.294498), (0, 0.959527, 0.281615), (-0.304703, 0.844967, 0.43953), (0, 0.903903, 0.427738), (0.304703, 0.844967, 0.43953), (0, 0.959527, 0.281615), (0, 0.903903, 0.427738), (0, 0.959527, 0.281615), (0.304703, 0.844967, 0.43953), (0.335582, 0.894794, 0.294498), (0, -0.807407, 0.589994), (-0.304703, -0.646128, 0.699768), (-0.335582, -0.742137, 0.580188), (-0.304703, -0.646128, 0.699768), (0, -0.807407, 0.589994), (0, -0.705573, 0.708637), (-0.566852, 0.674537, 0.472948), (-0.82119, 0.42124, 0.384973), (-0.745747, 0.413732, 0.522194), (-0.82119, 0.42124, 0.384973), (-0.566852, 0.674537, 0.472948), (-0.624265, 0.707603, 0.331045), (-0.126325, -0.0337812, 0.991414), (-0.258819, 0, 0.965926), (-0.135964, -0.0313663, 0.990217), (-0.258819, 0, 0.965926), (-0.126325, -0.0337812, 0.991414), (-0.258819, 0, 0.965926), (-0.258819, 0, 0.965926), (-0.126325, -0.0337812, 0.991414), (-0.258819, 0, 0.965926), (-0.258819, 0, 0.965926), (-0.126325, -0.0337812, 0.991414), (-0.258819, 0, 0.965926), (-0.258819, 0, 0.965926), (-0.126325, -0.0337812, 0.991414), (-0.258819, 0, 0.965926), (-0.258819, 0, 0.965926), (-0.258819, 0, 0.965926), (-0.258819, 0, 0.965926), (-0.258819, 0, 0.965926), (-0.258819, 0, 0.965926), (-0.258819, 0, 0.965926), (-0.258819, 0, 0.965926), (-0.258819, 0, 0.965926), (-0.258819, 0, 0.965926), (0.258819, 0, 0.965926), (0.126325, -0.0337812, 0.991414), (0.135964, -0.0313663, 0.990217), (0.126325, -0.0337812, 0.991414), (0.258819, 0, 0.965926), (0.258819, 0, 0.965926), (0.126325, -0.0337812, 0.991414), (0.258819, 0, 0.965926), (0.258819, 0, 0.965926), (0.126325, -0.0337812, 0.991414), (0.258819, 0, 0.965926), (0.258819, 0, 0.965926), (0.126325, -0.0337812, 0.991414), (0.258819, 0, 0.965926), (0.258819, 0, 0.965926), (0.258819, 0, 0.965926), (0.258819, 0, 0.965926), (0.258819, 0, 0.965926), (0.258819, 0, 0.965926), (0.258819, 0, 0.965926), (0.258819, 0, 0.965926), (0.258819, 0, 0.965926), (0.258819, 0, 0.965926), (0.258819, 0, 0.965926), (0.126325, -0.0337812, 0.991414), (-0.135964, -0.0313663, 0.990217), (0.135964, -0.0313663, 0.990217), (-0.135964, -0.0313663, 0.990217), (0.126325, -0.0337812, 0.991414), (-0.126325, -0.0337812, 0.991414), (0.719934, 0, -0.694043), (0.732396, -0.158146, -0.662258), (0.271019, -0.383109, -0.883049), (0.597916, 0.750022, 0.282778), (0.844212, 0.385079, -0.372855), (0.483065, 0.857993, -0.174629), (0.148442, 0, -0.988921), (0.119165, -0.458903, -0.880459), (-0.271019, -0.383109, -0.883049), (0.597916, 0.750022, 0.282778), (0.922007, 0.350361, -0.164774), (0.844212, 0.385079, -0.372855), (0.148442, 0, -0.988921), (-0.271019, -0.383109, -0.883049), (-0.240812, 0, -0.970572), (0.732396, -0.158146, -0.662258), (0.356331, -0.709192, -0.608338), (0.271019, -0.383109, -0.883049), (0.732396, -0.158146, -0.662258), (0.773388, -0.301419, -0.557689), (0.356331, -0.709192, -0.608338), (-0.0257129, -0.838379, -0.544481), (0.356331, -0.709192, -0.608338), (0.108673, -0.99356, -0.0320703), (-0.271019, 0.383109, -0.883049), (0.148442, 0, -0.988921), (-0.240812, 0, -0.970572), (0.108673, -0.99356, -0.0320703), (0.356331, -0.709192, -0.608338), (0.481271, -0.857671, -0.181048), (0.119165, 0.458903, -0.880459), (0.148442, 0, -0.988921), (-0.271019, 0.383109, -0.883049), (0.719934, 0, -0.694043), (0.271019, -0.383109, -0.883049), (0.239954, 0.00102069, -0.970784), (0.322971, 0.461243, 0.826405), (0.348694, -0.000421611, 0.937236), (0.693964, -0.000573799, 0.720009), (-0.925187, 0.343085, -0.162242), (-0.478036, 0.859213, -0.182301), (-0.843332, 0.37833, -0.381652), (-0.598324, 0.74773, 0.287937), (-0.478036, 0.859213, -0.182301), (-0.925187, 0.343085, -0.162242), (0.119165, -0.458903, -0.880459), (0.029236, -0.837327, -0.54592), (-0.358435, -0.705496, -0.611392), (0.481271, -0.857671, -0.181048), (0.773388, -0.301419, -0.557689), (0.844212, -0.385079, -0.372855), (0.670706, 0.423423, 0.608988), (0.979818, 0.199893, 0.000844953), (0.597916, 0.750022, 0.282778), (-0.670357, -0.423009, 0.60966), (-0.595698, -0.750175, 0.287022), (-0.323488, -0.460845, 0.826425), (-0.670357, -0.423009, 0.60966), (-0.998273, 0, 0.0587428), (-0.979818, -0.199893, 0.000844953), (-0.925187, -0.343085, -0.162242), (-0.843332, -0.37833, -0.381652), (-0.479834, -0.859547, -0.175894), (0.358435, 0.705496, -0.611392), (0.773388, 0.301419, -0.557689), (0.732396, 0.158146, -0.662258), (-0.693564, 0, 0.720395), (-0.670357, 0.423009, 0.60966), (-0.998273, 0, 0.0587428), (-0.732396, -0.158146, -0.662258), (-0.358435, -0.705496, -0.611392), (-0.773388, -0.301419, -0.557689), (0.322971, 0.461243, 0.826405), (0.670706, 0.423423, 0.608988), (0.597916, 0.750022, 0.282778), (0.597916, 0.750022, 0.282778), (0.979818, 0.199893, 0.000844953), (0.922007, 0.350361, -0.164774), (0.242193, 0.8387, 0.487775), (0.597916, 0.750022, 0.282778), (0.483065, 0.857993, -0.174629), (-0.598324, 0.74773, 0.287937), (-0.925187, 0.343085, -0.162242), (-0.979818, 0.199893, 0.000844951), (0.270054, 0.382443, -0.883634), (0.719934, 0, -0.694043), (0.239954, 0.00102069, -0.970784), (-0.323488, 0.460845, 0.826425), (-0.670357, 0.423009, 0.60966), (-0.349164, 0, 0.937062), (-0.323488, -0.460845, 0.826425), (-0.595698, -0.750175, 0.287022), (-0.242193, -0.8387, 0.487775), (-0.478036, 0.859213, -0.182301), (-0.108673, 0.99356, -0.0320703), (-0.356331, 0.709192, -0.608338), (-0.670357, 0.423009, 0.60966), (-0.598324, 0.74773, 0.287937), (-0.979818, 0.199893, 0.000844951), (0.358435, 0.705496, -0.611392), (0.270054, 0.382443, -0.883634), (-0.118523, 0.458259, -0.880881), (0.670357, -0.423009, 0.60966), (0.600544, -0.74757, 0.283701), (0.979818, -0.199893, 0.000844951), (0.670706, 0.423423, 0.608988), (0.998273, 0, 0.0587428), (0.979818, 0.199893, 0.000844953), (-0.119165, -0.458903, -0.880459), (0.356331, -0.709192, -0.608338), (-0.0257129, -0.838379, -0.544481), (-0.670357, 0.423009, 0.60966), (-0.979818, 0.199893, 0.000844951), (-0.998273, 0, 0.0587428), (-0.732396, -0.158146, -0.662258), (-0.271019, -0.383109, -0.883049), (-0.358435, -0.705496, -0.611392), (-0.670357, 0.423009, 0.60966), (-0.693564, 0, 0.720395), (-0.349164, 0, 0.937062), (-0.349164, 0, 0.937062), (-0.693564, 0, 0.720395), (-0.670357, -0.423009, 0.60966), (-0.356331, 0.709192, -0.608338), (-0.271019, 0.383109, -0.883049), (-0.732396, 0.158146, -0.662258), (0.600544, -0.74757, 0.283701), (0.481271, -0.857671, -0.181048), (0.844212, -0.385079, -0.372855), (0.322971, 0.461243, 0.826405), (0.693964, -0.000573799, 0.720009), (0.670706, 0.423423, 0.608988), (0.483065, 0.857993, -0.174629), (0.773388, 0.301419, -0.557689), (0.358435, 0.705496, -0.611392), (-0.356331, 0.709192, -0.608338), (-0.732396, 0.158146, -0.662258), (-0.773388, 0.301419, -0.557689), (0.600544, -0.74757, 0.283701), (0.844212, -0.385079, -0.372855), (0.922007, -0.350361, -0.164774), (-0.029236, 0.837327, -0.54592), (0.358435, 0.705496, -0.611392), (-0.118523, 0.458259, -0.880881), (0.271019, -0.383109, -0.883049), (0.356331, -0.709192, -0.608338), (-0.119165, -0.458903, -0.880459), (0.693964, -0.000573799, 0.720009), (0.998273, 0, 0.0587428), (0.670706, 0.423423, 0.608988), (0.270054, 0.382443, -0.883634), (0.732396, 0.158146, -0.662258), (0.719934, 0, -0.694043), (0.600544, -0.74757, 0.283701), (0.922007, -0.350361, -0.164774), (0.979818, -0.199893, 0.000844951), (0.670357, -0.423009, 0.60966), (0.979818, -0.199893, 0.000844951), (0.998273, 0, 0.0587428), (0.693964, -0.000573799, 0.720009), (0.670357, -0.423009, 0.60966), (0.998273, 0, 0.0587428), (0.109726, 0.993574, -0.0277638), (0.242193, 0.8387, 0.487775), (0.483065, 0.857993, -0.174629), (0.242193, 0.8387, 0.487775), (0.322971, 0.461243, 0.826405), (0.597916, 0.750022, 0.282778), (-0.478036, 0.859213, -0.182301), (-0.356331, 0.709192, -0.608338), (-0.773388, 0.301419, -0.557689), (-0.478036, 0.859213, -0.182301), (-0.773388, 0.301419, -0.557689), (-0.843332, 0.37833, -0.381652), (-0.693564, 0, 0.720395), (-0.998273, 0, 0.0587428), (-0.670357, -0.423009, 0.60966), (-0.356331, 0.709192, -0.608338), (-0.108673, 0.99356, -0.0320703), (0.0257129, 0.838379, -0.544481), (-0.595698, -0.750175, 0.287022), (-0.925187, -0.343085, -0.162242), (-0.479834, -0.859547, -0.175894), (0.483065, 0.857993, -0.174629), (0.844212, 0.385079, -0.372855), (0.773388, 0.301419, -0.557689), (-0.349164, 0, 0.937062), (-0.670357, -0.423009, 0.60966), (-0.323488, -0.460845, 0.826425), (0.481271, -0.857671, -0.181048), (0.356331, -0.709192, -0.608338), (0.773388, -0.301419, -0.557689), (0.358435, 0.705496, -0.611392), (0.732396, 0.158146, -0.662258), (0.270054, 0.382443, -0.883634), (-0.271019, -0.383109, -0.883049), (0.119165, -0.458903, -0.880459), (-0.358435, -0.705496, -0.611392), (0.323488, -0.460845, 0.826425), (0.240263, -0.837833, 0.490213), (0.600544, -0.74757, 0.283701), (-0.479834, -0.859547, -0.175894), (-0.109726, -0.993574, -0.0277638), (-0.242193, -0.8387, 0.487775), (-0.595698, -0.750175, 0.287022), (-0.479834, -0.859547, -0.175894), (-0.242193, -0.8387, 0.487775), (-0.029236, 0.837327, -0.54592), (0.483065, 0.857993, -0.174629), (0.358435, 0.705496, -0.611392), (0.323488, -0.460845, 0.826425), (0.600544, -0.74757, 0.283701), (0.670357, -0.423009, 0.60966), (-0.479834, -0.859547, -0.175894), (0.029236, -0.837327, -0.54592), (-0.109726, -0.993574, -0.0277638), (-0.118523, 0.458259, -0.880881), (0.239954, 0.00102069, -0.970784), (-0.147668, 0.000711586, -0.989037), (-0.598324, 0.74773, 0.287937), (-0.240263, 0.837833, 0.490213), (-0.108673, 0.99356, -0.0320703), (-0.118523, 0.458259, -0.880881), (0.270054, 0.382443, -0.883634), (0.239954, 0.00102069, -0.970784), (-0.598324, 0.74773, 0.287937), (-0.108673, 0.99356, -0.0320703), (-0.478036, 0.859213, -0.182301), (-0.147668, 0.000711586, -0.989037), (0.271019, -0.383109, -0.883049), (-0.119165, -0.458903, -0.880459), (0.239954, 0.00102069, -0.970784), (0.271019, -0.383109, -0.883049), (-0.147668, 0.000711586, -0.989037), (-0.479834, -0.859547, -0.175894), (-0.773388, -0.301419, -0.557689), (-0.358435, -0.705496, -0.611392), (-0.479834, -0.859547, -0.175894), (-0.843332, -0.37833, -0.381652), (-0.773388, -0.301419, -0.557689), (-0.029236, 0.837327, -0.54592), (0.109726, 0.993574, -0.0277638), (0.483065, 0.857993, -0.174629), (-0.356331, 0.709192, -0.608338), (0.119165, 0.458903, -0.880459), (-0.271019, 0.383109, -0.883049), (0.0257129, 0.838379, -0.544481), (0.119165, 0.458903, -0.880459), (-0.356331, 0.709192, -0.608338), (-0.271019, 0.383109, -0.883049), (-0.240812, 0, -0.970572), (-0.719934, 0, -0.694043), (-0.271019, 0.383109, -0.883049), (-0.719934, 0, -0.694043), (-0.732396, 0.158146, -0.662258), (-0.240263, 0.837833, 0.490213), (-0.598324, 0.74773, 0.287937), (-0.323488, 0.460845, 0.826425), (0.693964, -0.000573799, 0.720009), (0.348694, -0.000421611, 0.937236), (0.670357, -0.423009, 0.60966), (-0.479834, -0.859547, -0.175894), (-0.358435, -0.705496, -0.611392), (0.029236, -0.837327, -0.54592), (0.348694, -0.000421611, 0.937236), (0.323488, -0.460845, 0.826425), (0.670357, -0.423009, 0.60966), (-0.240812, 0, -0.970572), (-0.271019, -0.383109, -0.883049), (-0.719934, 0, -0.694043), (-0.719934, 0, -0.694043), (-0.271019, -0.383109, -0.883049), (-0.732396, -0.158146, -0.662258), (-0.595698, -0.750175, 0.287022), (-0.979818, -0.199893, 0.000844953), (-0.925187, -0.343085, -0.162242), (-0.670357, -0.423009, 0.60966), (-0.979818, -0.199893, 0.000844953), (-0.595698, -0.750175, 0.287022), (-0.670357, 0.423009, 0.60966), (-0.323488, 0.460845, 0.826425), (-0.598324, 0.74773, 0.287937), (0.108673, -0.99356, -0.0320703), (0.481271, -0.857671, -0.181048), (0.600544, -0.74757, 0.283701), (0.108673, -0.99356, -0.0320703), (0.600544, -0.74757, 0.283701), (0.240263, -0.837833, 0.490213), (-0.242193, -0.8387, 0.487775), (0, -0.998865, 0.0476278), (0, -0.829459, 0.558568), (0, -0.998865, 0.0476278), (-0.242193, -0.8387, 0.487775), (-0.109726, -0.993574, -0.0277638), (-0.732396, -0.158146, -0.662258), (-0.732396, 0.158146, -0.662258), (-0.719934, 0, -0.694043), (-0.732396, 0.158146, -0.662258), (-0.732396, -0.158146, -0.662258), (-0.773388, 0.301419, -0.557689), (-0.773388, 0.301419, -0.557689), (-0.732396, -0.158146, -0.662258), (-0.773388, -0.301419, -0.557689), (-0.773388, 0.301419, -0.557689), (-0.773388, -0.301419, -0.557689), (-0.843332, 0.37833, -0.381652), (-0.843332, 0.37833, -0.381652), (-0.773388, -0.301419, -0.557689), (-0.843332, -0.37833, -0.381652), (-0.843332, 0.37833, -0.381652), (-0.843332, -0.37833, -0.381652), (-0.925187, 0.343085, -0.162242), (-0.925187, 0.343085, -0.162242), (-0.843332, -0.37833, -0.381652), (-0.925187, -0.343085, -0.162242), (-0.925187, 0.343085, -0.162242), (-0.925187, -0.343085, -0.162242), (-0.979818, 0.199893, 0.000844951), (-0.979818, 0.199893, 0.000844951), (-0.925187, -0.343085, -0.162242), (-0.979818, -0.199893, 0.000844953), (-0.979818, 0.199893, 0.000844951), (-0.979818, -0.199893, 0.000844953), (-0.998273, 0, 0.0587428), (0, 0, 1), (-0.323488, 0.460845, 0.826425), (-0.349164, 0, 0.937062), (-0.323488, 0.460845, 0.826425), (0, 0, 1), (0, 0.456348, 0.889802), (-0.108673, 0.99356, -0.0320703), (0, 0.829459, 0.558568), (0, 0.998865, 0.0476278), (0, 0.829459, 0.558568), (-0.108673, 0.99356, -0.0320703), (-0.240263, 0.837833, 0.490213), (0.148442, 0, -0.988921), (0, -0.491432, -0.870916), (0.119165, -0.458903, -0.880459), (0, -0.491432, -0.870916), (0.148442, 0, -0.988921), (0, 0, -1), (0.119165, 0.458903, -0.880459), (0, 0, -1), (0.148442, 0, -0.988921), (0, 0, -1), (0.119165, 0.458903, -0.880459), (0, 0.491432, -0.870916), (0.732396, 0.158146, -0.662258), (0.732396, -0.158146, -0.662258), (0.719934, 0, -0.694043), (0.732396, -0.158146, -0.662258), (0.732396, 0.158146, -0.662258), (0.773388, -0.301419, -0.557689), (0.773388, -0.301419, -0.557689), (0.732396, 0.158146, -0.662258), (0.773388, 0.301419, -0.557689), (0.773388, -0.301419, -0.557689), (0.773388, 0.301419, -0.557689), (0.844212, -0.385079, -0.372855), (0.844212, -0.385079, -0.372855), (0.773388, 0.301419, -0.557689), (0.844212, 0.385079, -0.372855), (0.844212, -0.385079, -0.372855), (0.844212, 0.385079, -0.372855), (0.922007, -0.350361, -0.164774), (0.922007, -0.350361, -0.164774), (0.844212, 0.385079, -0.372855), (0.922007, 0.350361, -0.164774), (0.922007, -0.350361, -0.164774), (0.922007, 0.350361, -0.164774), (0.979818, -0.199893, 0.000844951), (0.979818, -0.199893, 0.000844951), (0.922007, 0.350361, -0.164774), (0.979818, 0.199893, 0.000844953), (0.979818, -0.199893, 0.000844951), (0.979818, 0.199893, 0.000844953), (0.998273, 0, 0.0587428), (0.0257129, 0.838379, -0.544481), (0, 0.491432, -0.870916), (0.119165, 0.458903, -0.880459), (0, 0.491432, -0.870916), (0.0257129, 0.838379, -0.544481), (0, 0.87028, -0.492557), (0, -0.456348, 0.889802), (-0.349164, 0, 0.937062), (-0.323488, -0.460845, 0.826425), (-0.349164, 0, 0.937062), (0, -0.456348, 0.889802), (0, 0, 1), (0, 0.456348, 0.889802), (-0.240263, 0.837833, 0.490213), (-0.323488, 0.460845, 0.826425), (-0.240263, 0.837833, 0.490213), (0, 0.456348, 0.889802), (0, 0.829459, 0.558568), (-0.109726, -0.993574, -0.0277638), (0, -0.87028, -0.492557), (0, -0.998865, 0.0476278), (0, -0.87028, -0.492557), (-0.109726, -0.993574, -0.0277638), (0.029236, -0.837327, -0.54592), (0.119165, -0.458903, -0.880459), (0, -0.87028, -0.492557), (0.029236, -0.837327, -0.54592), (0, -0.87028, -0.492557), (0.119165, -0.458903, -0.880459), (0, -0.491432, -0.870916), (0, 0.87028, -0.492557), (-0.108673, 0.99356, -0.0320703), (0, 0.998865, 0.0476278), (-0.108673, 0.99356, -0.0320703), (0, 0.87028, -0.492557), (0.0257129, 0.838379, -0.544481), (0, -0.829459, 0.558568), (-0.323488, -0.460845, 0.826425), (-0.242193, -0.8387, 0.487775), (-0.323488, -0.460845, 0.826425), (0, -0.829459, 0.558568), (0, -0.456348, 0.889802), (0.109726, 0.993574, -0.0277638), (0, 0.829459, 0.558568), (0.242193, 0.8387, 0.487775), (0, 0.829459, 0.558568), (0.109726, 0.993574, -0.0277638), (0, 0.998865, 0.0476278), (-0.029236, 0.837327, -0.54592), (0, 0.998865, 0.0476278), (0.109726, 0.993574, -0.0277638), (0, 0.998865, 0.0476278), (-0.029236, 0.837327, -0.54592), (0, 0.87028, -0.492557), (0, -0.829459, 0.558568), (0.108673, -0.99356, -0.0320703), (0.240263, -0.837833, 0.490213), (0.108673, -0.99356, -0.0320703), (0, -0.829459, 0.558568), (0, -0.998865, 0.0476278), (0, 0, -1), (-0.119165, -0.458903, -0.880459), (0, -0.491432, -0.870916), (-0.119165, -0.458903, -0.880459), (0, 0, -1), (-0.147668, 0.000711586, -0.989037), (0.240263, -0.837833, 0.490213), (0, -0.456348, 0.889802), (0, -0.829459, 0.558568), (0, -0.456348, 0.889802), (0.240263, -0.837833, 0.490213), (0.323488, -0.460845, 0.826425), (0, 0.491432, -0.870916), (-0.147668, 0.000711586, -0.989037), (0, 0, -1), (-0.147668, 0.000711586, -0.989037), (0, 0.491432, -0.870916), (-0.118523, 0.458259, -0.880881), (0, -0.491432, -0.870916), (-0.0257129, -0.838379, -0.544481), (0, -0.87028, -0.492557), (-0.0257129, -0.838379, -0.544481), (0, -0.491432, -0.870916), (-0.119165, -0.458903, -0.880459), (0.322971, 0.461243, 0.826405), (0, 0.829459, 0.558568), (0, 0.456348, 0.889802), (0, 0.829459, 0.558568), (0.322971, 0.461243, 0.826405), (0.242193, 0.8387, 0.487775), (0, -0.998865, 0.0476278), (-0.0257129, -0.838379, -0.544481), (0.108673, -0.99356, -0.0320703), (-0.0257129, -0.838379, -0.544481), (0, -0.998865, 0.0476278), (0, -0.87028, -0.492557), (0.323488, -0.460845, 0.826425), (0, 0, 1), (0, -0.456348, 0.889802), (0, 0, 1), (0.323488, -0.460845, 0.826425), (0.348694, -0.000421611, 0.937236), (0, 0.87028, -0.492557), (-0.118523, 0.458259, -0.880881), (0, 0.491432, -0.870916), (-0.118523, 0.458259, -0.880881), (0, 0.87028, -0.492557), (-0.029236, 0.837327, -0.54592), (0.348694, -0.000421611, 0.937236), (0, 0.456348, 0.889802), (0, 0, 1), (0, 0.456348, 0.889802), (0.348694, -0.000421611, 0.937236), (0.322971, 0.461243, 0.826405), (0.238556, -0.387978, -0.890261), (-0.106455, -0.911488, -0.397313), (-0.238535, -0.387978, -0.890266), (-0.106455, -0.911488, -0.397313), (0.238556, -0.387978, -0.890261), (0.106464, -0.911488, -0.397311), (0.719186, 0.667558, 0.192714), (0.942639, 0.218269, -0.252568), (0.71919, 0.667558, -0.192698), (0.942639, 0.218269, -0.252568), (0.719186, 0.667558, 0.192714), (0.942633, 0.218269, 0.252589), (-0.69005, 0.218269, -0.690065), (-0.719186, 0.667558, -0.192714), (-0.526476, 0.667558, -0.526488), (-0.719186, 0.667558, -0.192714), (-0.69005, 0.218269, -0.690065), (-0.942633, 0.218269, -0.252589), (-0.106455, -0.911488, -0.397313), (-0.651711, -0.387978, -0.651726), (-0.238535, -0.387978, -0.890266), (-0.651711, -0.387978, -0.651726), (-0.106455, -0.911488, -0.397313), (-0.290849, -0.911488, -0.290856), (-0.20896, 0.955338, -0.208964), (0.0764887, 0.955338, -0.285446), (-0.0764822, 0.955338, -0.285448), (0.0764887, 0.955338, -0.285446), (-0.20896, 0.955338, -0.208964), (0.208964, 0.955338, -0.20896), (0.208964, 0.955338, -0.20896), (-0.20896, 0.955338, -0.208964), (-0.285447, 0.955338, -0.0764886), (0.208964, 0.955338, -0.20896), (-0.285447, 0.955338, -0.0764886), (0.285448, 0.955338, -0.0764821), (0.285448, 0.955338, -0.0764821), (-0.285447, 0.955338, -0.0764886), (-0.285448, 0.955338, 0.0764823), (0.285448, 0.955338, -0.0764821), (-0.285448, 0.955338, 0.0764823), (0.285447, 0.955338, 0.0764888), (0.285447, 0.955338, 0.0764888), (-0.285448, 0.955338, 0.0764823), (-0.208964, 0.955338, 0.20896), (0.285447, 0.955338, 0.0764888), (-0.208964, 0.955338, 0.20896), (0.20896, 0.955338, 0.208965), (0.20896, 0.955338, 0.208965), (-0.208964, 0.955338, 0.20896), (-0.0764887, 0.955337, 0.285447), (0.20896, 0.955338, 0.208965), (-0.0764887, 0.955337, 0.285447), (0.0764822, 0.955337, 0.285449), (-0.0764822, 0.955338, -0.285448), (0.192714, 0.667558, -0.719186), (-0.192698, 0.667558, -0.71919), (0.192714, 0.667558, -0.719186), (-0.0764822, 0.955338, -0.285448), (0.0764887, 0.955338, -0.285446), (-0.252568, 0.218269, -0.942639), (0.192714, 0.667558, -0.719186), (0.252589, 0.218269, -0.942633), (0.192714, 0.667558, -0.719186), (-0.252568, 0.218269, -0.942639), (-0.192698, 0.667558, -0.71919), (-0.192714, 0.667558, 0.719186), (0.0764822, 0.955337, 0.285449), (-0.0764887, 0.955337, 0.285447), (0.0764822, 0.955337, 0.285449), (-0.192714, 0.667558, 0.719186), (0.192698, 0.667558, 0.71919), (-0.942633, 0.218269, -0.252589), (-0.71919, 0.667558, 0.192698), (-0.719186, 0.667558, -0.192714), (-0.71919, 0.667558, 0.192698), (-0.942633, 0.218269, -0.252589), (-0.942639, 0.218269, 0.252568), (0.526476, 0.667558, 0.526488), (0.942633, 0.218269, 0.252589), (0.719186, 0.667558, 0.192714), (0.942633, 0.218269, 0.252589), (0.526476, 0.667558, 0.526488), (0.69005, 0.218269, 0.690065), (0.208964, 0.955338, -0.20896), (0.71919, 0.667558, -0.192698), (0.526488, 0.667558, -0.526476), (0.71919, 0.667558, -0.192698), (0.208964, 0.955338, -0.20896), (0.285448, 0.955338, -0.0764821), (0.20896, 0.955338, 0.208965), (0.719186, 0.667558, 0.192714), (0.285447, 0.955338, 0.0764888), (0.719186, 0.667558, 0.192714), (0.20896, 0.955338, 0.208965), (0.526476, 0.667558, 0.526488), (0.106455, -0.911488, 0.397313), (-0.238556, -0.387978, 0.890261), (-0.106464, -0.911488, 0.397311), (-0.238556, -0.387978, 0.890261), (0.106455, -0.911488, 0.397313), (0.238535, -0.387978, 0.890266), (0.0764822, 0.955337, 0.285449), (0.526476, 0.667558, 0.526488), (0.20896, 0.955338, 0.208965), (0.526476, 0.667558, 0.526488), (0.0764822, 0.955337, 0.285449), (0.192698, 0.667558, 0.71919), (0.526476, 0.667558, 0.526488), (0.252568, 0.218269, 0.942639), (0.69005, 0.218269, 0.690065), (0.252568, 0.218269, 0.942639), (0.526476, 0.667558, 0.526488), (0.192698, 0.667558, 0.71919), (-0.71919, 0.667558, 0.192698), (-0.208964, 0.955338, 0.20896), (-0.285448, 0.955338, 0.0764823), (-0.208964, 0.955338, 0.20896), (-0.71919, 0.667558, 0.192698), (-0.526488, 0.667558, 0.526476), (0.71919, 0.667558, -0.192698), (0.690065, 0.218269, -0.69005), (0.526488, 0.667558, -0.526476), (0.690065, 0.218269, -0.69005), (0.71919, 0.667558, -0.192698), (0.942639, 0.218269, -0.252568), (-0.71919, 0.667558, 0.192698), (-0.285447, 0.955338, -0.0764886), (-0.719186, 0.667558, -0.192714), (-0.285447, 0.955338, -0.0764886), (-0.71919, 0.667558, 0.192698), (-0.285448, 0.955338, 0.0764823), (0.106464, -0.911488, -0.397311), (-0.290849, -0.911488, -0.290856), (-0.106455, -0.911488, -0.397313), (-0.290849, -0.911488, -0.290856), (0.106464, -0.911488, -0.397311), (0.290856, -0.911488, -0.290849), (-0.290849, -0.911488, -0.290856), (0.290856, -0.911488, -0.290849), (-0.397311, -0.911488, -0.106464), (-0.397311, -0.911488, -0.106464), (0.290856, -0.911488, -0.290849), (0.397313, -0.911488, -0.106455), (-0.397311, -0.911488, -0.106464), (0.397313, -0.911488, -0.106455), (-0.397313, -0.911488, 0.106455), (-0.397313, -0.911488, 0.106455), (0.397313, -0.911488, -0.106455), (0.397311, -0.911488, 0.106464), (-0.397313, -0.911488, 0.106455), (0.397311, -0.911488, 0.106464), (-0.290856, -0.911488, 0.290849), (-0.290856, -0.911488, 0.290849), (0.397311, -0.911488, 0.106464), (0.290849, -0.911488, 0.290856), (-0.290856, -0.911488, 0.290849), (0.290849, -0.911488, 0.290856), (-0.106464, -0.911488, 0.397311), (-0.106464, -0.911488, 0.397311), (0.290849, -0.911488, 0.290856), (0.106455, -0.911488, 0.397313), (0.252589, 0.218269, -0.942633), (0.526488, 0.667558, -0.526476), (0.690065, 0.218269, -0.69005), (0.526488, 0.667558, -0.526476), (0.252589, 0.218269, -0.942633), (0.192714, 0.667558, -0.719186), (0.285448, 0.955338, -0.0764821), (0.719186, 0.667558, 0.192714), (0.71919, 0.667558, -0.192698), (0.719186, 0.667558, 0.192714), (0.285448, 0.955338, -0.0764821), (0.285447, 0.955338, 0.0764888), (-0.526488, 0.667558, 0.526476), (-0.252589, 0.218269, 0.942633), (-0.192714, 0.667558, 0.719186), (-0.252589, 0.218269, 0.942633), (-0.526488, 0.667558, 0.526476), (-0.690065, 0.218269, 0.69005), (0.651725, -0.387978, -0.651711), (0.106464, -0.911488, -0.397311), (0.238556, -0.387978, -0.890261), (0.106464, -0.911488, -0.397311), (0.651725, -0.387978, -0.651711), (0.290856, -0.911488, -0.290849), (-0.290849, -0.911488, -0.290856), (-0.890261, -0.387978, -0.238556), (-0.651711, -0.387978, -0.651726), (-0.890261, -0.387978, -0.238556), (-0.290849, -0.911488, -0.290856), (-0.397311, -0.911488, -0.106464), (0.890261, -0.387978, 0.238556), (0.397313, -0.911488, -0.106455), (0.890266, -0.387978, -0.238535), (0.397313, -0.911488, -0.106455), (0.890261, -0.387978, 0.238556), (0.397311, -0.911488, 0.106464), (0.0764887, 0.955338, -0.285446), (0.526488, 0.667558, -0.526476), (0.192714, 0.667558, -0.719186), (0.526488, 0.667558, -0.526476), (0.0764887, 0.955338, -0.285446), (0.208964, 0.955338, -0.20896), (-0.526476, 0.667558, -0.526488), (-0.0764822, 0.955338, -0.285448), (-0.192698, 0.667558, -0.71919), (-0.0764822, 0.955338, -0.285448), (-0.526476, 0.667558, -0.526488), (-0.20896, 0.955338, -0.208964), (0.890266, -0.387978, -0.238535), (0.290856, -0.911488, -0.290849), (0.651725, -0.387978, -0.651711), (0.290856, -0.911488, -0.290849), (0.890266, -0.387978, -0.238535), (0.397313, -0.911488, -0.106455), (0.890261, -0.387978, 0.238556), (0.290849, -0.911488, 0.290856), (0.397311, -0.911488, 0.106464), (0.290849, -0.911488, 0.290856), (0.890261, -0.387978, 0.238556), (0.651711, -0.387978, 0.651725), (0.651711, -0.387978, 0.651725), (0.106455, -0.911488, 0.397313), (0.290849, -0.911488, 0.290856), (0.106455, -0.911488, 0.397313), (0.651711, -0.387978, 0.651725), (0.238535, -0.387978, 0.890266), (-0.397311, -0.911488, -0.106464), (-0.890266, -0.387978, 0.238535), (-0.890261, -0.387978, -0.238556), (-0.890266, -0.387978, 0.238535), (-0.397311, -0.911488, -0.106464), (-0.397313, -0.911488, 0.106455), (-0.290856, -0.911488, 0.290849), (-0.890266, -0.387978, 0.238535), (-0.397313, -0.911488, 0.106455), (-0.890266, -0.387978, 0.238535), (-0.290856, -0.911488, 0.290849), (-0.651725, -0.387978, 0.651711), (-0.106464, -0.911488, 0.397311), (-0.651725, -0.387978, 0.651711), (-0.290856, -0.911488, 0.290849), (-0.651725, -0.387978, 0.651711), (-0.106464, -0.911488, 0.397311), (-0.238556, -0.387978, 0.890261), (-0.252568, 0.218269, -0.942639), (-0.526476, 0.667558, -0.526488), (-0.192698, 0.667558, -0.71919), (-0.526476, 0.667558, -0.526488), (-0.252568, 0.218269, -0.942639), (-0.69005, 0.218269, -0.690065), (0.192698, 0.667558, 0.71919), (-0.252589, 0.218269, 0.942633), (0.252568, 0.218269, 0.942639), (-0.252589, 0.218269, 0.942633), (0.192698, 0.667558, 0.71919), (-0.192714, 0.667558, 0.719186), (-0.890266, -0.387978, 0.238535), (-0.690065, 0.218269, 0.69005), (-0.942639, 0.218269, 0.252568), (-0.690065, 0.218269, 0.69005), (-0.890266, -0.387978, 0.238535), (-0.651725, -0.387978, 0.651711), (0.942633, 0.218269, 0.252589), (0.890266, -0.387978, -0.238535), (0.942639, 0.218269, -0.252568), (0.890266, -0.387978, -0.238535), (0.942633, 0.218269, 0.252589), (0.890261, -0.387978, 0.238556), (0.238556, -0.387978, -0.890261), (-0.252568, 0.218269, -0.942639), (0.252589, 0.218269, -0.942633), (-0.252568, 0.218269, -0.942639), (0.238556, -0.387978, -0.890261), (-0.238535, -0.387978, -0.890266), (0.942639, 0.218269, -0.252568), (0.651725, -0.387978, -0.651711), (0.690065, 0.218269, -0.69005), (0.651725, -0.387978, -0.651711), (0.942639, 0.218269, -0.252568), (0.890266, -0.387978, -0.238535), (0.69005, 0.218269, 0.690065), (0.890261, -0.387978, 0.238556), (0.942633, 0.218269, 0.252589), (0.890261, -0.387978, 0.238556), (0.69005, 0.218269, 0.690065), (0.651711, -0.387978, 0.651725), (-0.252589, 0.218269, 0.942633), (0.238535, -0.387978, 0.890266), (0.252568, 0.218269, 0.942639), (0.238535, -0.387978, 0.890266), (-0.252589, 0.218269, 0.942633), (-0.238556, -0.387978, 0.890261), (0.651725, -0.387978, -0.651711), (0.252589, 0.218269, -0.942633), (0.690065, 0.218269, -0.69005), (0.252589, 0.218269, -0.942633), (0.651725, -0.387978, -0.651711), (0.238556, -0.387978, -0.890261), (-0.942639, 0.218269, 0.252568), (-0.526488, 0.667558, 0.526476), (-0.71919, 0.667558, 0.192698), (-0.526488, 0.667558, 0.526476), (-0.942639, 0.218269, 0.252568), (-0.690065, 0.218269, 0.69005), (-0.890261, -0.387978, -0.238556), (-0.942639, 0.218269, 0.252568), (-0.942633, 0.218269, -0.252589), (-0.942639, 0.218269, 0.252568), (-0.890261, -0.387978, -0.238556), (-0.890266, -0.387978, 0.238535), (-0.651711, -0.387978, -0.651726), (-0.252568, 0.218269, -0.942639), (-0.238535, -0.387978, -0.890266), (-0.252568, 0.218269, -0.942639), (-0.651711, -0.387978, -0.651726), (-0.69005, 0.218269, -0.690065), (-0.719186, 0.667558, -0.192714), (-0.20896, 0.955338, -0.208964), (-0.526476, 0.667558, -0.526488), (-0.20896, 0.955338, -0.208964), (-0.719186, 0.667558, -0.192714), (-0.285447, 0.955338, -0.0764886), (0.252568, 0.218269, 0.942639), (0.651711, -0.387978, 0.651725), (0.69005, 0.218269, 0.690065), (0.651711, -0.387978, 0.651725), (0.252568, 0.218269, 0.942639), (0.238535, -0.387978, 0.890266), (-0.526488, 0.667558, 0.526476), (-0.0764887, 0.955337, 0.285447), (-0.208964, 0.955338, 0.20896), (-0.0764887, 0.955337, 0.285447), (-0.526488, 0.667558, 0.526476), (-0.192714, 0.667558, 0.719186), (-0.252589, 0.218269, 0.942633), (-0.651725, -0.387978, 0.651711), (-0.238556, -0.387978, 0.890261), (-0.651725, -0.387978, 0.651711), (-0.252589, 0.218269, 0.942633), (-0.690065, 0.218269, 0.69005), (-0.651711, -0.387978, -0.651726), (-0.942633, 0.218269, -0.252589), (-0.69005, 0.218269, -0.690065), (-0.942633, 0.218269, -0.252589), (-0.651711, -0.387978, -0.651726), (-0.890261, -0.387978, -0.238556), (-0.778095, -0.582927, 0.234017), (-0.983675, 0.0277455, -0.177803), (-0.851934, -0.414303, -0.320252), (-0.983675, 0.0277455, -0.177803), (-0.778095, -0.582927, 0.234017), (-0.915842, -0.120725, 0.382961), (0.0143706, 0.0222578, 0.999649), (-0.504343, 0.142651, 0.851639), (-0.0992219, -0.0996389, 0.990065), (-0.504343, 0.142651, 0.851639), (0.0143706, 0.0222578, 0.999649), (-0.245477, 0.420441, 0.873482), (-0.0929651, -0.411069, 0.906852), (-0.593875, -0.218803, 0.774234), (-0.490084, -0.567068, 0.662006), (-0.593875, -0.218803, 0.774234), (-0.0929651, -0.411069, 0.906852), (-0.138509, -0.258248, 0.956098), (-0.490084, -0.567068, 0.662006), (-0.915842, -0.120725, 0.382961), (-0.778095, -0.582927, 0.234017), (-0.915842, -0.120725, 0.382961), (-0.490084, -0.567068, 0.662006), (-0.593875, -0.218803, 0.774234), (0.341805, -0.495557, 0.798494), (0.0252077, -0.517155, 0.855521), (0.184344, -0.54808, 0.815859), (0.0252077, -0.517155, 0.855521), (0.341805, -0.495557, 0.798494), (0.455397, -0.373661, 0.808079), (0.0252077, -0.517155, 0.855521), (0.455397, -0.373661, 0.808079), (-0.0929651, -0.411069, 0.906852), (-0.0929651, -0.411069, 0.906852), (0.455397, -0.373661, 0.808079), (0.494685, -0.215052, 0.842045), (-0.0929651, -0.411069, 0.906852), (0.494685, -0.215052, 0.842045), (-0.138509, -0.258248, 0.956098), (-0.138509, -0.258248, 0.956098), (0.494685, -0.215052, 0.842045), (0.44914, -0.0622304, 0.891292), (-0.138509, -0.258248, 0.956098), (0.44914, -0.0622304, 0.891292), (-0.0992219, -0.0996389, 0.990065), (-0.0992219, -0.0996389, 0.990065), (0.44914, -0.0622304, 0.891292), (0.330968, 0.0438557, 0.942623), (-0.0992219, -0.0996389, 0.990065), (0.330968, 0.0438557, 0.942623), (0.0143706, 0.0222578, 0.999649), (0.0143706, 0.0222578, 0.999649), (0.330968, 0.0438557, 0.942623), (0.171831, 0.0747804, 0.982284), (0.0606164, -0.997311, -0.0411868), (0.405672, -0.658692, -0.633685), (0.536849, -0.838458, -0.0937062), (0.405672, -0.658692, -0.633685), (0.0606164, -0.997311, -0.0411868), (-0.0497948, -0.810617, -0.583455), (-0.851934, -0.414303, -0.320252), (-0.631511, 0.188286, -0.752159), (-0.564488, -0.0366046, -0.824629), (-0.631511, 0.188286, -0.752159), (-0.851934, -0.414303, -0.320252), (-0.983675, 0.0277455, -0.177803), (0.716148, 0.59474, -0.365261), (0.504072, 0.792974, 0.342205), (0.861481, 0.472121, 0.186956), (0.504072, 0.792974, 0.342205), (0.716148, 0.59474, -0.365261), (0.374325, 0.901602, -0.216782), (-0.593875, -0.218803, 0.774234), (-0.797018, 0.35898, 0.48569), (-0.915842, -0.120725, 0.382961), (-0.797018, 0.35898, 0.48569), (-0.593875, -0.218803, 0.774234), (-0.504343, 0.142651, 0.851639), (0.0593665, 0.632857, -0.771989), (-0.0859912, 0.991055, -0.102057), (0.374325, 0.901602, -0.216782), (-0.0859912, 0.991055, -0.102057), (0.0593665, 0.632857, -0.771989), (-0.174817, 0.678366, -0.713624), (0.0593665, 0.632857, -0.771989), (0.716148, 0.59474, -0.365261), (0.233268, 0.476742, -0.847528), (0.716148, 0.59474, -0.365261), (0.0593665, 0.632857, -0.771989), (0.374325, 0.901602, -0.216782), (-0.870033, 0.486533, -0.0795527), (-0.406534, 0.601074, -0.68807), (-0.573696, 0.421693, -0.702175), (-0.406534, 0.601074, -0.68807), (-0.870033, 0.486533, -0.0795527), (-0.541458, 0.839129, -0.051828), (-0.0497948, -0.810617, -0.583455), (0.0753142, -0.160937, -0.984087), (0.405672, -0.658692, -0.633685), (0.0753142, -0.160937, -0.984087), (-0.0497948, -0.810617, -0.583455), (-0.156403, -0.238228, -0.958533), (0.849111, -0.120364, 0.514318), (0.44914, -0.0622304, 0.891292), (0.494685, -0.215052, 0.842045), (0.44914, -0.0622304, 0.891292), (0.849111, -0.120364, 0.514318), (0.74532, 0.227901, 0.626546), (0.300291, 0.251852, -0.919998), (0.734247, -0.306096, -0.60596), (0.242476, 0.0184453, -0.969982), (0.734247, -0.306096, -0.60596), (0.300291, 0.251852, -0.919998), (0.847889, 0.152692, -0.50771), (-0.406534, 0.601074, -0.68807), (-0.0859912, 0.991055, -0.102057), (-0.174817, 0.678366, -0.713624), (-0.0859912, 0.991055, -0.102057), (-0.406534, 0.601074, -0.68807), (-0.541458, 0.839129, -0.051828), (0.716148, 0.59474, -0.365261), (0.999228, 0.00991837, 0.038012), (0.847889, 0.152692, -0.50771), (0.999228, 0.00991837, 0.038012), (0.716148, 0.59474, -0.365261), (0.861481, 0.472121, 0.186956), (-0.915842, -0.120725, 0.382961), (-0.870033, 0.486533, -0.0795527), (-0.983675, 0.0277455, -0.177803), (-0.870033, 0.486533, -0.0795527), (-0.915842, -0.120725, 0.382961), (-0.797018, 0.35898, 0.48569), (-0.420686, -0.90378, 0.0787682), (-0.0497948, -0.810617, -0.583455), (0.0606164, -0.997311, -0.0411868), (-0.0497948, -0.810617, -0.583455), (-0.420686, -0.90378, 0.0787682), (-0.510111, -0.721165, -0.468731), (-0.983675, 0.0277455, -0.177803), (-0.573696, 0.421693, -0.702175), (-0.631511, 0.188286, -0.752159), (-0.573696, 0.421693, -0.702175), (-0.983675, 0.0277455, -0.177803), (-0.870033, 0.486533, -0.0795527), (-0.490084, -0.567068, 0.662006), (-0.420686, -0.90378, 0.0787682), (-0.22078, -0.808827, 0.545028), (-0.420686, -0.90378, 0.0787682), (-0.490084, -0.567068, 0.662006), (-0.778095, -0.582927, 0.234017), (0.0227697, 0.886505, 0.46216), (0.476016, 0.46966, 0.743524), (0.504072, 0.792974, 0.342205), (0.476016, 0.46966, 0.743524), (0.0227697, 0.886505, 0.46216), (0.113359, 0.540135, 0.833909), (0.0227697, 0.886505, 0.46216), (-0.245477, 0.420441, 0.873482), (0.113359, 0.540135, 0.833909), (-0.245477, 0.420441, 0.873482), (0.0227697, 0.886505, 0.46216), (-0.453463, 0.727652, 0.514679), (-0.0992219, -0.0996389, 0.990065), (-0.593875, -0.218803, 0.774234), (-0.138509, -0.258248, 0.956098), (-0.593875, -0.218803, 0.774234), (-0.0992219, -0.0996389, 0.990065), (-0.504343, 0.142651, 0.851639), (-0.510111, -0.721165, -0.468731), (-0.156403, -0.238228, -0.958533), (-0.0497948, -0.810617, -0.583455), (-0.156403, -0.238228, -0.958533), (-0.510111, -0.721165, -0.468731), (-0.390587, -0.192719, -0.900168), (0.759579, -0.481818, 0.436913), (0.536849, -0.838458, -0.0937062), (0.880405, -0.469787, -0.0647174), (0.536849, -0.838458, -0.0937062), (0.759579, -0.481818, 0.436913), (0.500713, -0.759608, 0.41507), (-0.851934, -0.414303, -0.320252), (-0.390587, -0.192719, -0.900168), (-0.510111, -0.721165, -0.468731), (-0.390587, -0.192719, -0.900168), (-0.851934, -0.414303, -0.320252), (-0.564488, -0.0366046, -0.824629), (0.999228, 0.00991837, 0.038012), (0.759579, -0.481818, 0.436913), (0.880405, -0.469787, -0.0647174), (0.759579, -0.481818, 0.436913), (0.999228, 0.00991837, 0.038012), (0.849111, -0.120364, 0.514318), (0.74532, 0.227901, 0.626546), (0.330968, 0.0438557, 0.942623), (0.44914, -0.0622304, 0.891292), (0.330968, 0.0438557, 0.942623), (0.74532, 0.227901, 0.626546), (0.476016, 0.46966, 0.743524), (-0.870033, 0.486533, -0.0795527), (-0.453463, 0.727652, 0.514679), (-0.541458, 0.839129, -0.051828), (-0.453463, 0.727652, 0.514679), (-0.870033, 0.486533, -0.0795527), (-0.797018, 0.35898, 0.48569), (0.0252077, -0.517155, 0.855521), (-0.490084, -0.567068, 0.662006), (-0.22078, -0.808827, 0.545028), (-0.490084, -0.567068, 0.662006), (0.0252077, -0.517155, 0.855521), (-0.0929651, -0.411069, 0.906852), (0.849111, -0.120364, 0.514318), (0.455397, -0.373661, 0.808079), (0.759579, -0.481818, 0.436913), (0.455397, -0.373661, 0.808079), (0.849111, -0.120364, 0.514318), (0.494685, -0.215052, 0.842045), (0.500713, -0.759608, 0.41507), (0.0606164, -0.997311, -0.0411868), (0.536849, -0.838458, -0.0937062), (0.0606164, -0.997311, -0.0411868), (0.500713, -0.759608, 0.41507), (0.141876, -0.879301, 0.454643), (0.184344, -0.54808, 0.815859), (-0.22078, -0.808827, 0.545028), (0.141876, -0.879301, 0.454643), (-0.22078, -0.808827, 0.545028), (0.184344, -0.54808, 0.815859), (0.0252077, -0.517155, 0.855521), (0.504072, 0.792974, 0.342205), (0.74532, 0.227901, 0.626546), (0.861481, 0.472121, 0.186956), (0.74532, 0.227901, 0.626546), (0.504072, 0.792974, 0.342205), (0.476016, 0.46966, 0.743524), (0.233268, 0.476742, -0.847528), (0.847889, 0.152692, -0.50771), (0.300291, 0.251852, -0.919998), (0.847889, 0.152692, -0.50771), (0.233268, 0.476742, -0.847528), (0.716148, 0.59474, -0.365261), (0.500713, -0.759608, 0.41507), (0.184344, -0.54808, 0.815859), (0.141876, -0.879301, 0.454643), (0.184344, -0.54808, 0.815859), (0.500713, -0.759608, 0.41507), (0.341805, -0.495557, 0.798494), (0.759579, -0.481818, 0.436913), (0.341805, -0.495557, 0.798494), (0.500713, -0.759608, 0.41507), (0.341805, -0.495557, 0.798494), (0.759579, -0.481818, 0.436913), (0.455397, -0.373661, 0.808079), (0.734247, -0.306096, -0.60596), (0.536849, -0.838458, -0.0937062), (0.405672, -0.658692, -0.633685), (0.536849, -0.838458, -0.0937062), (0.734247, -0.306096, -0.60596), (0.880405, -0.469787, -0.0647174), (0.374325, 0.901602, -0.216782), (0.0227697, 0.886505, 0.46216), (0.504072, 0.792974, 0.342205), (0.0227697, 0.886505, 0.46216), (0.374325, 0.901602, -0.216782), (-0.0859912, 0.991055, -0.102057), (-0.541458, 0.839129, -0.051828), (0.0227697, 0.886505, 0.46216), (-0.0859912, 0.991055, -0.102057), (0.0227697, 0.886505, 0.46216), (-0.541458, 0.839129, -0.051828), (-0.453463, 0.727652, 0.514679), (0.171831, 0.0747804, 0.982284), (-0.245477, 0.420441, 0.873482), (0.0143706, 0.0222578, 0.999649), (-0.245477, 0.420441, 0.873482), (0.171831, 0.0747804, 0.982284), (0.113359, 0.540135, 0.833909), (0.0753142, -0.160937, -0.984087), (0.734247, -0.306096, -0.60596), (0.405672, -0.658692, -0.633685), (0.734247, -0.306096, -0.60596), (0.0753142, -0.160937, -0.984087), (0.242476, 0.0184453, -0.969982), (-0.504343, 0.142651, 0.851639), (-0.453463, 0.727652, 0.514679), (-0.797018, 0.35898, 0.48569), (-0.453463, 0.727652, 0.514679), (-0.504343, 0.142651, 0.851639), (-0.245477, 0.420441, 0.873482), (-0.390587, -0.192719, -0.900168), (0.0753142, -0.160937, -0.984087), (-0.156403, -0.238228, -0.958533), (0.0753142, -0.160937, -0.984087), (-0.390587, -0.192719, -0.900168), (-0.564488, -0.0366046, -0.824629), (0.0753142, -0.160937, -0.984087), (-0.564488, -0.0366046, -0.824629), (0.242476, 0.0184453, -0.969982), (0.242476, 0.0184453, -0.969982), (-0.564488, -0.0366046, -0.824629), (-0.631511, 0.188286, -0.752159), (0.242476, 0.0184453, -0.969982), (-0.631511, 0.188286, -0.752159), (0.300291, 0.251852, -0.919998), (0.300291, 0.251852, -0.919998), (-0.631511, 0.188286, -0.752159), (-0.573696, 0.421693, -0.702175), (0.300291, 0.251852, -0.919998), (-0.573696, 0.421693, -0.702175), (0.233268, 0.476742, -0.847528), (0.233268, 0.476742, -0.847528), (-0.573696, 0.421693, -0.702175), (-0.406534, 0.601074, -0.68807), (0.233268, 0.476742, -0.847528), (-0.406534, 0.601074, -0.68807), (0.0593665, 0.632857, -0.771989), (0.0593665, 0.632857, -0.771989), (-0.406534, 0.601074, -0.68807), (-0.174817, 0.678366, -0.713624), (0.476016, 0.46966, 0.743524), (0.171831, 0.0747804, 0.982284), (0.330968, 0.0438557, 0.942623), (0.171831, 0.0747804, 0.982284), (0.476016, 0.46966, 0.743524), (0.113359, 0.540135, 0.833909), (0.861481, 0.472121, 0.186956), (0.849111, -0.120364, 0.514318), (0.999228, 0.00991837, 0.038012), (0.849111, -0.120364, 0.514318), (0.861481, 0.472121, 0.186956), (0.74532, 0.227901, 0.626546), (-0.22078, -0.808827, 0.545028), (0.0606164, -0.997311, -0.0411868), (0.141876, -0.879301, 0.454643), (0.0606164, -0.997311, -0.0411868), (-0.22078, -0.808827, 0.545028), (-0.420686, -0.90378, 0.0787682), (-0.420686, -0.90378, 0.0787682), (-0.851934, -0.414303, -0.320252), (-0.510111, -0.721165, -0.468731), (-0.851934, -0.414303, -0.320252), (-0.420686, -0.90378, 0.0787682), (-0.778095, -0.582927, 0.234017), (0.847889, 0.152692, -0.50771), (0.880405, -0.469787, -0.0647174), (0.734247, -0.306096, -0.60596), (0.880405, -0.469787, -0.0647174), (0.847889, 0.152692, -0.50771), (0.999228, 0.00991837, 0.038012), (-0.999228, 0.00991837, 0.038012), (-0.847889, 0.152692, -0.50771), (-0.880405, -0.469787, -0.0647174), (-0.734247, -0.306096, -0.60596), (-0.880405, -0.469787, -0.0647174), (-0.847889, 0.152692, -0.50771), (0.778095, -0.582927, 0.234017), (0.420686, -0.90378, 0.0787682), (0.851934, -0.414303, -0.320252), (0.510111, -0.721165, -0.468731), (0.851934, -0.414303, -0.320252), (0.420686, -0.90378, 0.0787682), (0.420686, -0.90378, 0.0787682), (0.22078, -0.808827, 0.545028), (-0.0606164, -0.997311, -0.0411868), (-0.141876, -0.879301, 0.454643), (-0.0606164, -0.997311, -0.0411868), (0.22078, -0.808827, 0.545028), (-0.74532, 0.227901, 0.626546), (-0.861481, 0.472121, 0.186956), (-0.849111, -0.120364, 0.514318), (-0.999228, 0.00991837, 0.038012), (-0.849111, -0.120364, 0.514318), (-0.861481, 0.472121, 0.186956), (-0.113359, 0.540135, 0.833909), (-0.476016, 0.46966, 0.743524), (-0.171831, 0.0747804, 0.982284), (-0.330968, 0.0438557, 0.942623), (-0.171831, 0.0747804, 0.982284), (-0.476016, 0.46966, 0.743524), (0.174817, 0.678366, -0.713624), (0.406534, 0.601074, -0.68807), (-0.0593665, 0.632857, -0.771989), (-0.0593665, 0.632857, -0.771989), (0.406534, 0.601074, -0.68807), (-0.233268, 0.476742, -0.847528), (0.406534, 0.601074, -0.68807), (0.573696, 0.421693, -0.702175), (-0.233268, 0.476742, -0.847528), (-0.233268, 0.476742, -0.847528), (0.573696, 0.421693, -0.702175), (-0.300291, 0.251852, -0.919998), (0.573696, 0.421693, -0.702175), (0.631511, 0.188286, -0.752159), (-0.300291, 0.251852, -0.919998), (-0.300291, 0.251852, -0.919998), (0.631511, 0.188286, -0.752159), (-0.242476, 0.0184453, -0.969982), (0.631511, 0.188286, -0.752159), (0.564488, -0.0366046, -0.824629), (-0.242476, 0.0184453, -0.969982), (-0.242476, 0.0184453, -0.969982), (0.564488, -0.0366046, -0.824629), (-0.0753142, -0.160937, -0.984087), (0.564488, -0.0366046, -0.824629), (0.390587, -0.192719, -0.900168), (-0.0753142, -0.160937, -0.984087), (0.156403, -0.238228, -0.958533), (-0.0753142, -0.160937, -0.984087), (0.390587, -0.192719, -0.900168), (0.245477, 0.420441, 0.873482), (0.504343, 0.142651, 0.851639), (0.453463, 0.727652, 0.514679), (0.797018, 0.35898, 0.48569), (0.453463, 0.727652, 0.514679), (0.504343, 0.142651, 0.851639), (-0.242476, 0.0184453, -0.969982), (-0.0753142, -0.160937, -0.984087), (-0.734247, -0.306096, -0.60596), (-0.405672, -0.658692, -0.633685), (-0.734247, -0.306096, -0.60596), (-0.0753142, -0.160937, -0.984087), (-0.113359, 0.540135, 0.833909), (-0.171831, 0.0747804, 0.982284), (0.245477, 0.420441, 0.873482), (-0.0143706, 0.0222578, 0.999649), (0.245477, 0.420441, 0.873482), (-0.171831, 0.0747804, 0.982284), (0.453463, 0.727652, 0.514679), (0.541458, 0.839129, -0.051828), (-0.0227697, 0.886505, 0.46216), (0.0859912, 0.991055, -0.102057), (-0.0227697, 0.886505, 0.46216), (0.541458, 0.839129, -0.051828), (0.0859912, 0.991055, -0.102057), (-0.374325, 0.901602, -0.216782), (-0.0227697, 0.886505, 0.46216), (-0.504072, 0.792974, 0.342205), (-0.0227697, 0.886505, 0.46216), (-0.374325, 0.901602, -0.216782), (-0.880405, -0.469787, -0.0647174), (-0.734247, -0.306096, -0.60596), (-0.536849, -0.838458, -0.0937062), (-0.405672, -0.658692, -0.633685), (-0.536849, -0.838458, -0.0937062), (-0.734247, -0.306096, -0.60596), (-0.455397, -0.373661, 0.808079), (-0.759579, -0.481818, 0.436913), (-0.341805, -0.495557, 0.798494), (-0.500713, -0.759608, 0.41507), (-0.341805, -0.495557, 0.798494), (-0.759579, -0.481818, 0.436913), (-0.341805, -0.495557, 0.798494), (-0.500713, -0.759608, 0.41507), (-0.184344, -0.54808, 0.815859), (-0.141876, -0.879301, 0.454643), (-0.184344, -0.54808, 0.815859), (-0.500713, -0.759608, 0.41507), (-0.716148, 0.59474, -0.365261), (-0.233268, 0.476742, -0.847528), (-0.847889, 0.152692, -0.50771), (-0.300291, 0.251852, -0.919998), (-0.847889, 0.152692, -0.50771), (-0.233268, 0.476742, -0.847528), (-0.476016, 0.46966, 0.743524), (-0.504072, 0.792974, 0.342205), (-0.74532, 0.227901, 0.626546), (-0.861481, 0.472121, 0.186956), (-0.74532, 0.227901, 0.626546), (-0.504072, 0.792974, 0.342205), (-0.0252077, -0.517155, 0.855521), (-0.184344, -0.54808, 0.815859), (0.22078, -0.808827, 0.545028), (-0.141876, -0.879301, 0.454643), (0.22078, -0.808827, 0.545028), (-0.184344, -0.54808, 0.815859), (-0.141876, -0.879301, 0.454643), (-0.500713, -0.759608, 0.41507), (-0.0606164, -0.997311, -0.0411868), (-0.536849, -0.838458, -0.0937062), (-0.0606164, -0.997311, -0.0411868), (-0.500713, -0.759608, 0.41507), (-0.494685, -0.215052, 0.842045), (-0.849111, -0.120364, 0.514318), (-0.455397, -0.373661, 0.808079), (-0.759579, -0.481818, 0.436913), (-0.455397, -0.373661, 0.808079), (-0.849111, -0.120364, 0.514318), (0.0929651, -0.411069, 0.906852), (-0.0252077, -0.517155, 0.855521), (0.490084, -0.567068, 0.662006), (0.22078, -0.808827, 0.545028), (0.490084, -0.567068, 0.662006), (-0.0252077, -0.517155, 0.855521), (0.797018, 0.35898, 0.48569), (0.870033, 0.486533, -0.0795527), (0.453463, 0.727652, 0.514679), (0.541458, 0.839129, -0.051828), (0.453463, 0.727652, 0.514679), (0.870033, 0.486533, -0.0795527), (-0.476016, 0.46966, 0.743524), (-0.74532, 0.227901, 0.626546), (-0.330968, 0.0438557, 0.942623), (-0.44914, -0.0622304, 0.891292), (-0.330968, 0.0438557, 0.942623), (-0.74532, 0.227901, 0.626546), (-0.849111, -0.120364, 0.514318), (-0.999228, 0.00991837, 0.038012), (-0.759579, -0.481818, 0.436913), (-0.880405, -0.469787, -0.0647174), (-0.759579, -0.481818, 0.436913), (-0.999228, 0.00991837, 0.038012), (0.564488, -0.0366046, -0.824629), (0.851934, -0.414303, -0.320252), (0.390587, -0.192719, -0.900168), (0.510111, -0.721165, -0.468731), (0.390587, -0.192719, -0.900168), (0.851934, -0.414303, -0.320252), (-0.500713, -0.759608, 0.41507), (-0.759579, -0.481818, 0.436913), (-0.536849, -0.838458, -0.0937062), (-0.880405, -0.469787, -0.0647174), (-0.536849, -0.838458, -0.0937062), (-0.759579, -0.481818, 0.436913), (0.390587, -0.192719, -0.900168), (0.510111, -0.721165, -0.468731), (0.156403, -0.238228, -0.958533), (0.0497948, -0.810617, -0.583455), (0.156403, -0.238228, -0.958533), (0.510111, -0.721165, -0.468731), (0.504343, 0.142651, 0.851639), (0.0992219, -0.0996389, 0.990065), (0.593875, -0.218803, 0.774234), (0.138509, -0.258248, 0.956098), (0.593875, -0.218803, 0.774234), (0.0992219, -0.0996389, 0.990065), (0.453463, 0.727652, 0.514679), (-0.0227697, 0.886505, 0.46216), (0.245477, 0.420441, 0.873482), (-0.113359, 0.540135, 0.833909), (0.245477, 0.420441, 0.873482), (-0.0227697, 0.886505, 0.46216), (-0.113359, 0.540135, 0.833909), (-0.0227697, 0.886505, 0.46216), (-0.476016, 0.46966, 0.743524), (-0.504072, 0.792974, 0.342205), (-0.476016, 0.46966, 0.743524), (-0.0227697, 0.886505, 0.46216), (0.778095, -0.582927, 0.234017), (0.490084, -0.567068, 0.662006), (0.420686, -0.90378, 0.0787682), (0.22078, -0.808827, 0.545028), (0.420686, -0.90378, 0.0787682), (0.490084, -0.567068, 0.662006), (0.870033, 0.486533, -0.0795527), (0.983675, 0.0277455, -0.177803), (0.573696, 0.421693, -0.702175), (0.631511, 0.188286, -0.752159), (0.573696, 0.421693, -0.702175), (0.983675, 0.0277455, -0.177803), (0.510111, -0.721165, -0.468731), (0.420686, -0.90378, 0.0787682), (0.0497948, -0.810617, -0.583455), (-0.0606164, -0.997311, -0.0411868), (0.0497948, -0.810617, -0.583455), (0.420686, -0.90378, 0.0787682), (0.797018, 0.35898, 0.48569), (0.915842, -0.120725, 0.382961), (0.870033, 0.486533, -0.0795527), (0.983675, 0.0277455, -0.177803), (0.870033, 0.486533, -0.0795527), (0.915842, -0.120725, 0.382961), (-0.861481, 0.472121, 0.186956), (-0.716148, 0.59474, -0.365261), (-0.999228, 0.00991837, 0.038012), (-0.847889, 0.152692, -0.50771), (-0.999228, 0.00991837, 0.038012), (-0.716148, 0.59474, -0.365261), (0.541458, 0.839129, -0.051828), (0.406534, 0.601074, -0.68807), (0.0859912, 0.991055, -0.102057), (0.174817, 0.678366, -0.713624), (0.0859912, 0.991055, -0.102057), (0.406534, 0.601074, -0.68807), (-0.847889, 0.152692, -0.50771), (-0.300291, 0.251852, -0.919998), (-0.734247, -0.306096, -0.60596), (-0.242476, 0.0184453, -0.969982), (-0.734247, -0.306096, -0.60596), (-0.300291, 0.251852, -0.919998), (-0.74532, 0.227901, 0.626546), (-0.849111, -0.120364, 0.514318), (-0.44914, -0.0622304, 0.891292), (-0.494685, -0.215052, 0.842045), (-0.44914, -0.0622304, 0.891292), (-0.849111, -0.120364, 0.514318), (0.156403, -0.238228, -0.958533), (0.0497948, -0.810617, -0.583455), (-0.0753142, -0.160937, -0.984087), (-0.405672, -0.658692, -0.633685), (-0.0753142, -0.160937, -0.984087), (0.0497948, -0.810617, -0.583455), (0.541458, 0.839129, -0.051828), (0.870033, 0.486533, -0.0795527), (0.406534, 0.601074, -0.68807), (0.573696, 0.421693, -0.702175), (0.406534, 0.601074, -0.68807), (0.870033, 0.486533, -0.0795527), (-0.374325, 0.901602, -0.216782), (-0.0593665, 0.632857, -0.771989), (-0.716148, 0.59474, -0.365261), (-0.233268, 0.476742, -0.847528), (-0.716148, 0.59474, -0.365261), (-0.0593665, 0.632857, -0.771989), (0.174817, 0.678366, -0.713624), (-0.0593665, 0.632857, -0.771989), (0.0859912, 0.991055, -0.102057), (-0.374325, 0.901602, -0.216782), (0.0859912, 0.991055, -0.102057), (-0.0593665, 0.632857, -0.771989), (0.504343, 0.142651, 0.851639), (0.593875, -0.218803, 0.774234), (0.797018, 0.35898, 0.48569), (0.915842, -0.120725, 0.382961), (0.797018, 0.35898, 0.48569), (0.593875, -0.218803, 0.774234), (-0.374325, 0.901602, -0.216782), (-0.716148, 0.59474, -0.365261), (-0.504072, 0.792974, 0.342205), (-0.861481, 0.472121, 0.186956), (-0.504072, 0.792974, 0.342205), (-0.716148, 0.59474, -0.365261), (0.983675, 0.0277455, -0.177803), (0.851934, -0.414303, -0.320252), (0.631511, 0.188286, -0.752159), (0.564488, -0.0366046, -0.824629), (0.631511, 0.188286, -0.752159), (0.851934, -0.414303, -0.320252), (0.0497948, -0.810617, -0.583455), (-0.0606164, -0.997311, -0.0411868), (-0.405672, -0.658692, -0.633685), (-0.536849, -0.838458, -0.0937062), (-0.405672, -0.658692, -0.633685), (-0.0606164, -0.997311, -0.0411868), (-0.171831, 0.0747804, 0.982284), (-0.330968, 0.0438557, 0.942623), (-0.0143706, 0.0222578, 0.999649), (-0.0143706, 0.0222578, 0.999649), (-0.330968, 0.0438557, 0.942623), (0.0992219, -0.0996389, 0.990065), (-0.330968, 0.0438557, 0.942623), (-0.44914, -0.0622304, 0.891292), (0.0992219, -0.0996389, 0.990065), (0.0992219, -0.0996389, 0.990065), (-0.44914, -0.0622304, 0.891292), (0.138509, -0.258248, 0.956098), (-0.44914, -0.0622304, 0.891292), (-0.494685, -0.215052, 0.842045), (0.138509, -0.258248, 0.956098), (0.138509, -0.258248, 0.956098), (-0.494685, -0.215052, 0.842045), (0.0929651, -0.411069, 0.906852), (-0.494685, -0.215052, 0.842045), (-0.455397, -0.373661, 0.808079), (0.0929651, -0.411069, 0.906852), (0.0929651, -0.411069, 0.906852), (-0.455397, -0.373661, 0.808079), (-0.0252077, -0.517155, 0.855521), (-0.455397, -0.373661, 0.808079), (-0.341805, -0.495557, 0.798494), (-0.0252077, -0.517155, 0.855521), (-0.184344, -0.54808, 0.815859), (-0.0252077, -0.517155, 0.855521), (-0.341805, -0.495557, 0.798494), (0.593875, -0.218803, 0.774234), (0.490084, -0.567068, 0.662006), (0.915842, -0.120725, 0.382961), (0.778095, -0.582927, 0.234017), (0.915842, -0.120725, 0.382961), (0.490084, -0.567068, 0.662006), (0.138509, -0.258248, 0.956098), (0.0929651, -0.411069, 0.906852), (0.593875, -0.218803, 0.774234), (0.490084, -0.567068, 0.662006), (0.593875, -0.218803, 0.774234), (0.0929651, -0.411069, 0.906852), (0.245477, 0.420441, 0.873482), (-0.0143706, 0.0222578, 0.999649), (0.504343, 0.142651, 0.851639), (0.0992219, -0.0996389, 0.990065), (0.504343, 0.142651, 0.851639), (-0.0143706, 0.0222578, 0.999649), (0.915842, -0.120725, 0.382961), (0.778095, -0.582927, 0.234017), (0.983675, 0.0277455, -0.177803), (0.851934, -0.414303, -0.320252), (0.983675, 0.0277455, -0.177803), (0.778095, -0.582927, 0.234017)] (interpolation = "faceVarying")
        texCoord2f[] primvars:st = [(0.71875, 0.437013), (0.71875, 0.275), (0.71875, 0.463874), (0.71875, 0.463874), (0.71875, 0.275), (0.71875, 0.475), (0.71875, 0.475), (0.71875, 0.275), (0.71875, 0.475), (0.71875, 0.475), (0.71875, 0.275), (0.71875, 0.463874), (0.71875, 0.463874), (0.71875, 0.275), (0.71875, 0.437013), (0.71875, 0.275), (0.71875, 0.437013), (0.71875, 0.275), (0.71875, 0.463874), (0.71875, 0.437013), (0.71875, 0.338476), (0.71875, 0.330772), (0.71875, 0.338476), (0.71875, 0.437013), (0.71875, 0.341667), (0.71875, 0.338476), (0.71875, 0.275), (0.71875, 0.275), (0.71875, 0.275), (0.71875, 0.338476), (0.71875, 0.463874), (0.71875, 0.338476), (0.71875, 0.475), (0.71875, 0.341667), (0.71875, 0.475), (0.71875, 0.338476), (0.71875, 0.338476), (0.71875, 0.330772), (0.71875, 0.275), (0.71875, 0.275), (0.71875, 0.275), (0.71875, 0.330772), (0.71875, 0.463874), (0.71875, 0.463874), (0.71875, 0.437013), (0.71875, 0.437013), (0.71875, 0.437013), (0.71875, 0.463874), (0.71875, 0.463874), (0.71875, 0.463874), (0.71875, 0.475), (0.71875, 0.475), (0.71875, 0.475), (0.71875, 0.463874), (0.71875, 0.475), (0.71875, 0.475), (0.71875, 0.475), (0.71875, 0.475), (0.71875, 0.475), (0.71875, 0.475), (0.71875, 0.275), (0.71875, 0.275), (0.71875, 0.275), (0.71875, 0.275), (0.71875, 0.275), (0.71875, 0.275), (0.71875, 0.275), (0.71875, 0.275), (0.71875, 0.275), (0.71875, 0.275), (0.71875, 0.275), (0.71875, 0.275), (0.71875, 0.275), (0.71875, 0.275), (0.71875, 0.275), (0.71875, 0.275), (0.71875, 0.275), (0.71875, 0.275), (0.71875, 0.330772), (0.71875, 0.338476), (0.71875, 0.275), (0.71875, 0.275), (0.71875, 0.275), (0.71875, 0.338476), (0.71875, 0.463874), (0.71875, 0.437013), (0.71875, 0.463874), (0.71875, 0.437013), (0.71875, 0.463874), (0.71875, 0.437013), (0.71875, 0.463874), (0.71875, 0.338476), (0.71875, 0.437013), (0.71875, 0.330772), (0.71875, 0.437013), (0.71875, 0.338476), (0.71875, 0.338476), (0.71875, 0.341667), (0.71875, 0.275), (0.71875, 0.275), (0.71875, 0.275), (0.71875, 0.341667), (0.71875, 0.463874), (0.71875, 0.475), (0.71875, 0.338476), (0.71875, 0.341667), (0.71875, 0.338476), (0.71875, 0.475), (0.71875, 0.463874), (0.71875, 0.475), (0.71875, 0.463874), (0.71875, 0.475), (0.71875, 0.463874), (0.71875, 0.475), (0.71875, 0.475), (0.71875, 0.475), (0.71875, 0.341667), (0.71875, 0.341667), (0.71875, 0.341667), (0.71875, 0.475), (0.71875, 0.275), (0.71875, 0.341667), (0.71875, 0.275), (0.71875, 0.341667), (0.71875, 0.275), (0.71875, 0.341667), (0.71875, 0.437013), (0.71875, 0.437013), (0.71875, 0.330772), (0.71875, 0.330772), (0.71875, 0.437013), (0.71875, 0.275), (0.71875, 0.275), (0.71875, 0.275), (0.71875, 0.437013), (0.71875, 0.437013), (0.71875, 0.330772), (0.71875, 0.437013), (0.71875, 0.437013), (0.71875, 0.330772), (0.71875, 0.275), (0.71875, 0.275), (0.71875, 0.275), (0.71875, 0.330772), (0.71875, 0.341667), (0.71875, 0.275), (0.71875, 0.341667), (0.71875, 0.275), (0.71875, 0.341667), (0.71875, 0.275), (0.71875, 0.275), (0.71875, 0.275), (0.71875, 0.275), (0.71875, 0.275), (0.71875, 0.275), (0.71875, 0.275), (0.71875, 0.275), (0.71875, 0.275), (0.71875, 0.275), (0.71875, 0.275), (0.71875, 0.275), (0.71875, 0.275), (0.71875, 0.275), (0.71875, 0.275), (0.71875, 0.275), (0.71875, 0.275), (0.71875, 0.275), (0.71875, 0.275), (0.71875, 0.275), (0.71875, 0.275), (0.71875, 0.275), (0.71875, 0.275), (0.71875, 0.275), (0.71875, 0.275), (0.71875, 0.275), (0.71875, 0.275), (0.71875, 0.275), (0.71875, 0.275), (0.71875, 0.275), (0.71875, 0.275), (0.71875, 0.275), (0.71875, 0.275), (0.71875, 0.275), (0.71875, 0.275), (0.71875, 0.275), (0.71875, 0.275), (0.71875, 0.437013), (0.71875, 0.275), (0.71875, 0.275), (0.71875, 0.275), (0.71875, 0.437013), (0.71875, 0.330772), (0.71875, 0.330772), (0.71875, 0.437013), (0.71875, 0.437013), (0.71875, 0.475), (0.71875, 0.341667), (0.71875, 0.475), (0.71875, 0.341667), (0.71875, 0.475), (0.71875, 0.341667), (0.71875, 0.341667), (0.71875, 0.275), (0.71875, 0.275), (0.71875, 0.275), (0.71875, 0.341667), (0.71875, 0.341667), (0.71875, 0.475), (0.71875, 0.275), (0.71875, 0.275), (0.71875, 0.275), (0.71875, 0.475), (0.71875, 0.475), (0.71875, 0.475), (0.71875, 0.341667), (0.71875, 0.341667), (0.71875, 0.341667), (0.71875, 0.475), (0.71875, 0.475), (0.71875, 0.330772), (0.71875, 0.275), (0.71875, 0.275), (0.71875, 0.275), (0.71875, 0.330772), (0.71875, 0.437013), (0.71875, 0.437013), (0.71875, 0.330772), (0.71875, 0.437013), (0.71875, 0.475), (0.71875, 0.341667), (0.71875, 0.475), (0.71875, 0.341667), (0.71875, 0.475), (0.71875, 0.341667), (0.71875, 0.475), (0.71875, 0.341667), (0.71875, 0.341667), (0.71875, 0.341667), (0.71875, 0.475), (0.71875, 0.475), (0.71875, 0.341667), (0.71875, 0.275), (0.71875, 0.275), (0.71875, 0.275), (0.71875, 0.341667), (0.71875, 0.341667), (0.71875, 0.341667), (0.71875, 0.275), (0.71875, 0.341667), (0.71875, 0.275), (0.71875, 0.341667), (0.71875, 0.275), (0.71875, 0.475), (0.71875, 0.475), (0.71875, 0.475), (0.71875, 0.475), (0.71875, 0.475), (0.71875, 0.475), (0.71875, 0.475), (0.71875, 0.475), (0.71875, 0.475), (0.71875, 0.475), (0.71875, 0.475), (0.71875, 0.475), (0.71875, 0.475), (0.71875, 0.475), (0.71875, 0.475), (0.71875, 0.475), (0.71875, 0.475), (0.71875, 0.475), (0.71875, 0.475), (0.71875, 0.475), (0.71875, 0.475), (0.71875, 0.475), (0.71875, 0.475), (0.71875, 0.475), (0.71875, 0.341667), (0.71875, 0.275), (0.71875, 0.338476), (0.71875, 0.275), (0.71875, 0.341667), (0.71875, 0.275), (0.71875, 0.463874), (0.71875, 0.475), (0.71875, 0.475), (0.71875, 0.475), (0.71875, 0.463874), (0.71875, 0.463874), (0.71875, 0.463874), (0.71875, 0.437013), (0.71875, 0.437013), (0.71875, 0.437013), (0.71875, 0.463874), (0.71875, 0.463874), (0.71875, 0.330772), (0.71875, 0.275), (0.71875, 0.275), (0.71875, 0.275), (0.71875, 0.330772), (0.71875, 0.338476), (0.71875, 0.475), (0.71875, 0.338476), (0.71875, 0.463874), (0.71875, 0.338476), (0.71875, 0.475), (0.71875, 0.341667), (0.71875, 0.437013), (0.71875, 0.338476), (0.71875, 0.330772), (0.71875, 0.338476), (0.71875, 0.437013), (0.71875, 0.463874), (0.71875, 0.275), (0.71875, 0.437013), (0.71875, 0.275), (0.71875, 0.437013), (0.71875, 0.275), (0.71875, 0.463874), (0.71875, 0.463874), (0.71875, 0.275), (0.71875, 0.475), (0.71875, 0.475), (0.71875, 0.275), (0.71875, 0.475), (0.71875, 0.275), (0.71875, 0.341667), (0.71875, 0.275), (0.71875, 0.341667), (0.71875, 0.275), (0.71875, 0.341667), (0.71875, 0.341667), (0.71875, 0.475), (0.71875, 0.341667), (0.71875, 0.475), (0.71875, 0.341667), (0.71875, 0.475), (0.71875, 0.437013), (0.71875, 0.463874), (0.71875, 0.437013), (0.71875, 0.463874), (0.71875, 0.437013), (0.71875, 0.463874), (0.71875, 0.275), (0.71875, 0.338476), (0.71875, 0.275), (0.71875, 0.338476), (0.71875, 0.275), (0.71875, 0.341667), (0.71875, 0.341667), (0.71875, 0.463874), (0.71875, 0.338476), (0.71875, 0.463874), (0.71875, 0.341667), (0.71875, 0.475), (0.71875, 0.338476), (0.71875, 0.275), (0.71875, 0.275), (0.71875, 0.275), (0.71875, 0.338476), (0.71875, 0.330772), (0.71875, 0.338476), (0.71875, 0.437013), (0.71875, 0.330772), (0.71875, 0.437013), (0.71875, 0.338476), (0.71875, 0.463874), (0.71875, 0.463874), (0.71875, 0.475), (0.71875, 0.463874), (0.71875, 0.475), (0.71875, 0.463874), (0.71875, 0.475), (0.71875, 0.463874), (0.71875, 0.275), (0.71875, 0.437013), (0.71875, 0.275), (0.71875, 0.463874), (0.71875, 0.275), (0.71875, 0.275), (0.71875, 0.463874), (0.71875, 0.475), (0.71875, 0.275), (0.71875, 0.475), (0.71875, 0.475), (0.71875, 0.275), (0.71875, 0.275), (0.71875, 0.275), (0.71875, 0.275), (0.71875, 0.275), (0.71875, 0.275), (0.71875, 0.283588), (0.71875, 0.353769), (0.71875, 0.304321), (0.71875, 0.353769), (0.71875, 0.283588), (0.71875, 0.275), (0.71875, 0.353769), (0.71875, 0.275), (0.71875, 0.420545), (0.71875, 0.420545), (0.71875, 0.275), (0.71875, 0.275), (0.71875, 0.420545), (0.71875, 0.275), (0.71875, 0.465164), (0.71875, 0.465164), (0.71875, 0.275), (0.71875, 0.475), (0.71875, 0.475), (0.71875, 0.275), (0.71875, 0.470368), (0.71875, 0.470368), (0.71875, 0.275), (0.71875, 0.450937), (0.71875, 0.353769), (0.71875, 0.283588), (0.71875, 0.304321), (0.71875, 0.283588), (0.71875, 0.353769), (0.71875, 0.275), (0.71875, 0.275), (0.71875, 0.353769), (0.71875, 0.420545), (0.71875, 0.275), (0.71875, 0.420545), (0.71875, 0.275), (0.71875, 0.275), (0.71875, 0.420545), (0.71875, 0.465164), (0.71875, 0.275), (0.71875, 0.465164), (0.71875, 0.475), (0.71875, 0.275), (0.71875, 0.475), (0.71875, 0.470368), (0.71875, 0.275), (0.71875, 0.470368), (0.71875, 0.450937), (0.71875, 0.420545), (0.71875, 0.353769), (0.71875, 0.353769), (0.71875, 0.353769), (0.71875, 0.420545), (0.71875, 0.420545), (0.71875, 0.420545), (0.71875, 0.465164), (0.71875, 0.420545), (0.71875, 0.465164), (0.71875, 0.420545), (0.71875, 0.465164), (0.71875, 0.465164), (0.71875, 0.475), (0.71875, 0.465164), (0.71875, 0.475), (0.71875, 0.465164), (0.71875, 0.475), (0.71875, 0.353769), (0.71875, 0.304321), (0.71875, 0.304321), (0.71875, 0.304321), (0.71875, 0.353769), (0.71875, 0.353769), (0.71875, 0.275), (0.71875, 0.283588), (0.71875, 0.275), (0.71875, 0.283588), (0.71875, 0.275), (0.71875, 0.283588), (0.71875, 0.304321), (0.71875, 0.283588), (0.71875, 0.283588), (0.71875, 0.283588), (0.71875, 0.304321), (0.71875, 0.304321), (0.71875, 0.450937), (0.71875, 0.275), (0.71875, 0.275), (0.71875, 0.275), (0.71875, 0.450937), (0.71875, 0.450937), (0.71875, 0.475), (0.71875, 0.470368), (0.71875, 0.475), (0.71875, 0.470368), (0.71875, 0.475), (0.71875, 0.470368), (0.71875, 0.470368), (0.71875, 0.450937), (0.71875, 0.450937), (0.71875, 0.450937), (0.71875, 0.470368), (0.71875, 0.470368), (0.71875, 0.330772), (0.71875, 0.275), (0.71875, 0.275), (0.71875, 0.275), (0.71875, 0.330772), (0.71875, 0.437013), (0.71875, 0.437013), (0.71875, 0.330772), (0.71875, 0.437013), (0.71875, 0.437013), (0.71875, 0.275), (0.71875, 0.275), (0.71875, 0.275), (0.71875, 0.437013), (0.71875, 0.330772), (0.71875, 0.330772), (0.71875, 0.437013), (0.71875, 0.437013), (0.71875, 0.341667), (0.71875, 0.275), (0.71875, 0.341667), (0.71875, 0.275), (0.71875, 0.341667), (0.71875, 0.275), (0.71875, 0.475), (0.71875, 0.341667), (0.71875, 0.341667), (0.71875, 0.341667), (0.71875, 0.475), (0.71875, 0.475), (0.71875, 0.475), (0.71875, 0.463874), (0.71875, 0.475), (0.71875, 0.463874), (0.71875, 0.475), (0.71875, 0.463874), (0.71875, 0.475), (0.71875, 0.338476), (0.71875, 0.341667), (0.71875, 0.338476), (0.71875, 0.475), (0.71875, 0.463874), (0.71875, 0.341667), (0.71875, 0.275), (0.71875, 0.275), (0.71875, 0.275), (0.71875, 0.341667), (0.71875, 0.338476), (0.71875, 0.338476), (0.71875, 0.437013), (0.71875, 0.330772), (0.71875, 0.437013), (0.71875, 0.338476), (0.71875, 0.463874), (0.71875, 0.437013), (0.71875, 0.463874), (0.71875, 0.437013), (0.71875, 0.463874), (0.71875, 0.437013), (0.71875, 0.463874), (0.71875, 0.338476), (0.71875, 0.275), (0.71875, 0.275), (0.71875, 0.275), (0.71875, 0.338476), (0.71875, 0.330772), (0.71875, 0.275), (0.71875, 0.275), (0.71875, 0.275), (0.71875, 0.275), (0.71875, 0.275), (0.71875, 0.275), (0.71875, 0.275), (0.71875, 0.275), (0.71875, 0.275), (0.71875, 0.275), (0.71875, 0.275), (0.71875, 0.275), (0.71875, 0.275), (0.71875, 0.275), (0.71875, 0.275), (0.71875, 0.275), (0.71875, 0.275), (0.71875, 0.275), (0.71875, 0.475), (0.71875, 0.475), (0.71875, 0.475), (0.71875, 0.475), (0.71875, 0.475), (0.71875, 0.475), (0.71875, 0.463874), (0.71875, 0.475), (0.71875, 0.475), (0.71875, 0.475), (0.71875, 0.463874), (0.71875, 0.463874), (0.71875, 0.463874), (0.71875, 0.437013), (0.71875, 0.437013), (0.71875, 0.437013), (0.71875, 0.463874), (0.71875, 0.463874), (0.71875, 0.330772), (0.71875, 0.275), (0.71875, 0.275), (0.71875, 0.275), (0.71875, 0.330772), (0.71875, 0.338476), (0.71875, 0.338476), (0.71875, 0.475), (0.71875, 0.341667), (0.71875, 0.475), (0.71875, 0.338476), (0.71875, 0.463874), (0.71875, 0.338476), (0.71875, 0.275), (0.71875, 0.275), (0.71875, 0.275), (0.71875, 0.338476), (0.71875, 0.341667), (0.71875, 0.437013), (0.71875, 0.338476), (0.71875, 0.330772), (0.71875, 0.338476), (0.71875, 0.437013), (0.71875, 0.463874), (0.71875, 0.275), (0.71875, 0.437013), (0.71875, 0.275), (0.71875, 0.437013), (0.71875, 0.275), (0.71875, 0.463874), (0.71875, 0.463874), (0.71875, 0.275), (0.71875, 0.475), (0.71875, 0.475), (0.71875, 0.275), (0.71875, 0.475), (0.71875, 0.475), (0.71875, 0.275), (0.71875, 0.463874), (0.71875, 0.463874), (0.71875, 0.275), (0.71875, 0.437013), (0.71875, 0.441165), (0.71875, 0.350939), (0.71875, 0.441165), (0.71875, 0.350939), (0.71875, 0.441165), (0.71875, 0.350939), (0.71875, 0.350939), (0.71875, 0.441165), (0.71875, 0.441165), (0.71875, 0.441165), (0.71875, 0.350939), (0.71875, 0.350939), (0.71875, 0.350939), (0.71875, 0.441165), (0.71875, 0.350939), (0.71875, 0.441165), (0.71875, 0.350939), (0.71875, 0.441165), (0.71875, 0.441165), (0.71875, 0.350939), (0.71875, 0.350939), (0.71875, 0.350939), (0.71875, 0.441165), (0.71875, 0.441165), (0.71875, 0.441165), (0.71875, 0.350939), (0.71875, 0.350939), (0.71875, 0.350939), (0.71875, 0.441165), (0.71875, 0.441165), (0.71875, 0.441165), (0.71875, 0.350939), (0.71875, 0.441165), (0.71875, 0.350939), (0.71875, 0.441165), (0.71875, 0.350939), (0.71875, 0.350939), (0.71875, 0.441165), (0.71875, 0.441165), (0.71875, 0.441165), (0.71875, 0.350939), (0.71875, 0.350939), (0.71875, 0.350939), (0.71875, 0.441165), (0.71875, 0.350939), (0.71875, 0.441165), (0.71875, 0.350939), (0.71875, 0.441165), (0.71875, 0.350939), (0.71875, 0.350939), (0.71875, 0.350939), (0.71875, 0.350939), (0.71875, 0.350939), (0.71875, 0.350939), (0.71875, 0.350939), (0.71875, 0.350939), (0.71875, 0.350939), (0.71875, 0.350939), (0.71875, 0.350939), (0.71875, 0.350939), (0.71875, 0.350939), (0.71875, 0.350939), (0.71875, 0.350939), (0.71875, 0.350939), (0.71875, 0.350939), (0.71875, 0.350939), (0.71875, 0.350939), (0.71875, 0.350939), (0.71875, 0.350939), (0.71875, 0.350939), (0.71875, 0.350939), (0.71875, 0.350939), (0.71875, 0.350939), (0.71875, 0.350939), (0.71875, 0.350939), (0.71875, 0.350939), (0.71875, 0.350939), (0.71875, 0.350939), (0.71875, 0.350939), (0.71875, 0.350939), (0.71875, 0.350939), (0.71875, 0.350939), (0.71875, 0.350939), (0.71875, 0.350939), (0.71875, 0.350939), (0.71875, 0.350939), (0.71875, 0.350939), (0.71875, 0.350939), (0.71875, 0.350939), (0.71875, 0.350939), (0.71875, 0.350939), (0.71875, 0.350939), (0.71875, 0.350939), (0.71875, 0.350939), (0.71875, 0.350939), (0.71875, 0.350939), (0.71875, 0.275), (0.71875, 0.275), (0.71875, 0.275), (0.71875, 0.275), (0.71875, 0.275), (0.71875, 0.275), (0.71875, 0.275), (0.71875, 0.275), (0.71875, 0.275), (0.71875, 0.275), (0.71875, 0.275), (0.71875, 0.275), (0.71875, 0.275), (0.71875, 0.275), (0.71875, 0.275), (0.71875, 0.275), (0.71875, 0.275), (0.71875, 0.275), (0.71875, 0.275), (0.71875, 0.350939), (0.71875, 0.275), (0.71875, 0.350939), (0.71875, 0.275), (0.71875, 0.350939), (0.71875, 0.350939), (0.71875, 0.275), (0.71875, 0.275), (0.71875, 0.275), (0.71875, 0.350939), (0.71875, 0.350939), (0.71875, 0.350939), (0.71875, 0.275), (0.71875, 0.350939), (0.71875, 0.275), (0.71875, 0.350939), (0.71875, 0.275), (0.71875, 0.350939), (0.71875, 0.275), (0.71875, 0.350939), (0.71875, 0.275), (0.71875, 0.350939), (0.71875, 0.275), (0.71875, 0.275), (0.71875, 0.350939), (0.71875, 0.350939), (0.71875, 0.350939), (0.71875, 0.275), (0.71875, 0.275), (0.71875, 0.350939), (0.71875, 0.275), (0.71875, 0.275), (0.71875, 0.275), (0.71875, 0.350939), (0.71875, 0.350939), (0.71875, 0.350939), (0.71875, 0.275), (0.71875, 0.275), (0.71875, 0.275), (0.71875, 0.350939), (0.71875, 0.350939), (0.71875, 0.275), (0.71875, 0.350939), (0.71875, 0.350939), (0.71875, 0.350939), (0.71875, 0.275), (0.71875, 0.275), (0.71875, 0.441165), (0.71875, 0.350939), (0.71875, 0.441165), (0.71875, 0.350939), (0.71875, 0.441165), (0.71875, 0.350939), (0.71875, 0.350939), (0.71875, 0.441165), (0.71875, 0.441165), (0.71875, 0.441165), (0.71875, 0.350939), (0.71875, 0.350939), (0.71875, 0.350939), (0.71875, 0.441165), (0.71875, 0.350939), (0.71875, 0.441165), (0.71875, 0.350939), (0.71875, 0.441165), (0.71875, 0.441165), (0.71875, 0.350939), (0.71875, 0.350939), (0.71875, 0.350939), (0.71875, 0.441165), (0.71875, 0.441165), (0.71875, 0.441165), (0.71875, 0.350939), (0.71875, 0.350939), (0.71875, 0.350939), (0.71875, 0.441165), (0.71875, 0.441165), (0.71875, 0.441165), (0.71875, 0.350939), (0.71875, 0.350939), (0.71875, 0.350939), (0.71875, 0.441165), (0.71875, 0.441165), (0.71875, 0.350939), (0.71875, 0.441165), (0.71875, 0.350939), (0.71875, 0.441165), (0.71875, 0.350939), (0.71875, 0.441165), (0.71875, 0.350939), (0.71875, 0.441165), (0.71875, 0.350939), (0.71875, 0.441165), (0.71875, 0.350939), (0.71875, 0.441165), (0.71875, 0.275), (0.71875, 0.275), (0.71875, 0.275), (0.71875, 0.275), (0.71875, 0.275), (0.71875, 0.275), (0.71875, 0.275), (0.71875, 0.275), (0.71875, 0.275), (0.71875, 0.275), (0.71875, 0.275), (0.71875, 0.275), (0.71875, 0.275), (0.71875, 0.275), (0.71875, 0.275), (0.71875, 0.275), (0.71875, 0.275), (0.71875, 0.275), (0.71875, 0.350939), (0.71875, 0.350939), (0.71875, 0.350939), (0.71875, 0.350939), (0.71875, 0.350939), (0.71875, 0.350939), (0.71875, 0.350939), (0.71875, 0.350939), (0.71875, 0.350939), (0.71875, 0.350939), (0.71875, 0.350939), (0.71875, 0.350939), (0.71875, 0.350939), (0.71875, 0.350939), (0.71875, 0.350939), (0.71875, 0.350939), (0.71875, 0.350939), (0.71875, 0.350939), (0.71875, 0.350939), (0.71875, 0.350939), (0.71875, 0.350939), (0.71875, 0.350939), (0.71875, 0.350939), (0.71875, 0.350939), (0.71875, 0.350939), (0.71875, 0.350939), (0.71875, 0.350939), (0.71875, 0.350939), (0.71875, 0.350939), (0.71875, 0.350939), (0.71875, 0.350939), (0.71875, 0.350939), (0.71875, 0.350939), (0.71875, 0.350939), (0.71875, 0.350939), (0.71875, 0.350939), (0.71875, 0.350939), (0.71875, 0.350939), (0.71875, 0.350939), (0.71875, 0.350939), (0.71875, 0.350939), (0.71875, 0.350939), (0.71875, 0.350939), (0.71875, 0.350939), (0.71875, 0.350939), (0.71875, 0.350939), (0.71875, 0.350939), (0.71875, 0.350939), (0.71875, 0.350939), (0.71875, 0.275), (0.71875, 0.275), (0.71875, 0.275), (0.71875, 0.350939), (0.71875, 0.350939), (0.71875, 0.350939), (0.71875, 0.275), (0.71875, 0.350939), (0.71875, 0.275), (0.71875, 0.350939), (0.71875, 0.275), (0.71875, 0.350939), (0.71875, 0.275), (0.71875, 0.350939), (0.71875, 0.275), (0.71875, 0.350939), (0.71875, 0.275), (0.71875, 0.275), (0.71875, 0.350939), (0.71875, 0.350939), (0.71875, 0.350939), (0.71875, 0.275), (0.71875, 0.275), (0.71875, 0.275), (0.71875, 0.350939), (0.71875, 0.275), (0.71875, 0.350939), (0.71875, 0.275), (0.71875, 0.350939), (0.71875, 0.275), (0.71875, 0.350939), (0.71875, 0.275), (0.71875, 0.350939), (0.71875, 0.275), (0.71875, 0.350939), (0.71875, 0.350939), (0.71875, 0.275), (0.71875, 0.275), (0.71875, 0.275), (0.71875, 0.350939), (0.71875, 0.350939), (0.71875, 0.275), (0.71875, 0.350939), (0.71875, 0.275), (0.71875, 0.350939), (0.71875, 0.275), (0.71875, 0.350939), (0.71875, 0.275), (0.71875, 0.475), (0.71875, 0.275), (0.71875, 0.475), (0.71875, 0.275), (0.71875, 0.475), (0.71875, 0.475), (0.71875, 0.275), (0.71875, 0.275), (0.71875, 0.275), (0.71875, 0.475), (0.71875, 0.475), (0.71875, 0.475), (0.71875, 0.275), (0.71875, 0.475), (0.71875, 0.275), (0.71875, 0.475), (0.71875, 0.275), (0.71875, 0.475), (0.71875, 0.275), (0.71875, 0.275), (0.71875, 0.275), (0.71875, 0.475), (0.71875, 0.475), (0.71875, 0.475), (0.71875, 0.475), (0.71875, 0.475), (0.71875, 0.475), (0.71875, 0.475), (0.71875, 0.475), (0.71875, 0.275), (0.71875, 0.275), (0.71875, 0.275), (0.71875, 0.275), (0.71875, 0.275), (0.71875, 0.275), (0.71875, 0.275), (0.71875, 0.475), (0.71875, 0.275), (0.71875, 0.475), (0.71875, 0.275), (0.71875, 0.475), (0.71875, 0.475), (0.71875, 0.275), (0.71875, 0.275), (0.71875, 0.275), (0.71875, 0.475), (0.71875, 0.475), (0.71875, 0.475), (0.71875, 0.275), (0.71875, 0.475), (0.71875, 0.275), (0.71875, 0.475), (0.71875, 0.275), (0.71875, 0.475), (0.71875, 0.275), (0.71875, 0.275), (0.71875, 0.275), (0.71875, 0.475), (0.71875, 0.475), (0.71875, 0.475), (0.71875, 0.475), (0.71875, 0.475), (0.71875, 0.475), (0.71875, 0.475), (0.71875, 0.475), (0.71875, 0.275), (0.71875, 0.275), (0.71875, 0.275), (0.71875, 0.275), (0.71875, 0.275), (0.71875, 0.275), (0.71875, 0.275), (0.71875, 0.275), (0.71875, 0.275), (0.71875, 0.275), (0.71875, 0.275), (0.71875, 0.275), (0.71875, 0.275), (0.71875, 0.475), (0.71875, 0.275), (0.71875, 0.475), (0.71875, 0.275), (0.71875, 0.475), (0.71875, 0.475), (0.71875, 0.275), (0.71875, 0.275), (0.71875, 0.275), (0.71875, 0.475), (0.71875, 0.475), (0.71875, 0.475), (0.71875, 0.275), (0.71875, 0.275), (0.71875, 0.275), (0.71875, 0.475), (0.71875, 0.475), (0.71875, 0.475), (0.71875, 0.275), (0.71875, 0.475), (0.71875, 0.275), (0.71875, 0.475), (0.71875, 0.275), (0.71875, 0.475), (0.71875, 0.475), (0.71875, 0.475), (0.71875, 0.475), (0.71875, 0.475), (0.71875, 0.475), (0.71875, 0.275), (0.71875, 0.475), (0.71875, 0.275), (0.71875, 0.475), (0.71875, 0.275), (0.71875, 0.475), (0.71875, 0.475), (0.71875, 0.275), (0.71875, 0.275), (0.71875, 0.275), (0.71875, 0.475), (0.71875, 0.475), (0.71875, 0.475), (0.71875, 0.275), (0.71875, 0.275), (0.71875, 0.275), (0.71875, 0.475), (0.71875, 0.475), (0.71875, 0.475), (0.71875, 0.275), (0.71875, 0.475), (0.71875, 0.275), (0.71875, 0.475), (0.71875, 0.275), (0.71875, 0.475), (0.71875, 0.275), (0.71875, 0.275), (0.71875, 0.275), (0.71875, 0.475), (0.71875, 0.475), (0.71875, 0.475), (0.71875, 0.275), (0.71875, 0.475), (0.71875, 0.275), (0.71875, 0.475), (0.71875, 0.275), (0.71875, 0.275), (0.71875, 0.475), (0.71875, 0.275), (0.71875, 0.475), (0.71875, 0.275), (0.71875, 0.475), (0.71875, 0.475), (0.71875, 0.275), (0.71875, 0.275), (0.71875, 0.275), (0.71875, 0.475), (0.71875, 0.475), (0.71875, 0.475), (0.71875, 0.475), (0.71875, 0.475), (0.71875, 0.475), (0.71875, 0.475), (0.71875, 0.475), (0.71875, 0.475), (0.71875, 0.475), (0.71875, 0.475), (0.71875, 0.475), (0.71875, 0.475), (0.71875, 0.475), (0.71875, 0.475), (0.71875, 0.475), (0.71875, 0.475), (0.71875, 0.475), (0.71875, 0.475), (0.71875, 0.475), (0.71875, 0.275), (0.71875, 0.275), (0.71875, 0.275), (0.71875, 0.275), (0.71875, 0.275), (0.71875, 0.275), (0.71875, 0.275), (0.71875, 0.275), (0.71875, 0.275), (0.71875, 0.275), (0.71875, 0.275), (0.71875, 0.275), (0.71875, 0.275), (0.71875, 0.275), (0.71875, 0.275), (0.71875, 0.275), (0.71875, 0.275), (0.71875, 0.275), (0.71875, 0.475), (0.71875, 0.275), (0.71875, 0.275), (0.71875, 0.275), (0.71875, 0.475), (0.71875, 0.475), (0.71875, 0.475), (0.71875, 0.275), (0.71875, 0.275), (0.71875, 0.275), (0.71875, 0.475), (0.71875, 0.475), (0.71875, 0.475), (0.71875, 0.275), (0.71875, 0.475), (0.71875, 0.275), (0.71875, 0.475), (0.71875, 0.275), (0.71875, 0.475), (0.71875, 0.475), (0.71875, 0.475), (0.71875, 0.475), (0.71875, 0.475), (0.71875, 0.475), (0.71875, 0.275), (0.71875, 0.475), (0.71875, 0.275), (0.71875, 0.475), (0.71875, 0.275), (0.71875, 0.475), (0.71875, 0.275), (0.71875, 0.275), (0.71875, 0.275), (0.71875, 0.275), (0.71875, 0.275), (0.71875, 0.275), (0.09375, 0.338397), (0.09375, 0.275), (0.09375, 0.275), (0.09375, 0.275), (0.09375, 0.338397), (0.09375, 0.338397), (0.09375, 0.358013), (0.09375, 0.311603), (0.09375, 0.311603), (0.09375, 0.311603), (0.09375, 0.358013), (0.09375, 0.358013), (0.09375, 0.275), (0.09375, 0.311603), (0.09375, 0.275), (0.09375, 0.311603), (0.09375, 0.275), (0.09375, 0.311603), (0.09375, 0.275), (0.09375, 0.358013), (0.09375, 0.311603), (0.09375, 0.358013), (0.09375, 0.275), (0.09375, 0.391987), (0.09375, 0.475), (0.09375, 0.391987), (0.09375, 0.275), (0.09375, 0.391987), (0.09375, 0.475), (0.09375, 0.438397), (0.09375, 0.475), (0.09375, 0.275), (0.09375, 0.338397), (0.09375, 0.475), (0.09375, 0.338397), (0.09375, 0.411603), (0.09375, 0.438397), (0.09375, 0.475), (0.09375, 0.438397), (0.09375, 0.475), (0.09375, 0.438397), (0.09375, 0.475), (0.09375, 0.475), (0.09375, 0.411603), (0.09375, 0.411603), (0.09375, 0.411603), (0.09375, 0.475), (0.09375, 0.475), (0.09375, 0.438397), (0.09375, 0.391987), (0.09375, 0.391987), (0.09375, 0.391987), (0.09375, 0.438397), (0.09375, 0.438397), (0.09375, 0.391987), (0.09375, 0.358013), (0.09375, 0.358013), (0.09375, 0.358013), (0.09375, 0.391987), (0.09375, 0.391987), (0.09375, 0.411603), (0.09375, 0.338397), (0.09375, 0.338397), (0.09375, 0.338397), (0.09375, 0.411603), (0.09375, 0.411603), (0.09375, 0.475), (0.09375, 0.391987), (0.09375, 0.438397), (0.09375, 0.391987), (0.09375, 0.475), (0.09375, 0.358013), (0.09375, 0.275), (0.09375, 0.358013), (0.09375, 0.475), (0.09375, 0.358013), (0.09375, 0.275), (0.09375, 0.311603), (0.09375, 0.275), (0.09375, 0.475), (0.09375, 0.411603), (0.09375, 0.275), (0.09375, 0.411603), (0.09375, 0.338397), (0.09375, 0.338397), (0.09375, 0.275), (0.09375, 0.275), (0.09375, 0.275), (0.09375, 0.338397), (0.09375, 0.338397), (0.09375, 0.358013), (0.09375, 0.311603), (0.09375, 0.311603), (0.09375, 0.311603), (0.09375, 0.358013), (0.09375, 0.358013), (0.09375, 0.275), (0.09375, 0.311603), (0.09375, 0.275), (0.09375, 0.311603), (0.09375, 0.275), (0.09375, 0.311603), (0.09375, 0.275), (0.09375, 0.358013), (0.09375, 0.311603), (0.09375, 0.358013), (0.09375, 0.275), (0.09375, 0.391987), (0.09375, 0.475), (0.09375, 0.391987), (0.09375, 0.275), (0.09375, 0.391987), (0.09375, 0.475), (0.09375, 0.438397), (0.09375, 0.475), (0.09375, 0.275), (0.09375, 0.338397), (0.09375, 0.475), (0.09375, 0.338397), (0.09375, 0.411603), (0.09375, 0.438397), (0.09375, 0.475), (0.09375, 0.438397), (0.09375, 0.475), (0.09375, 0.438397), (0.09375, 0.475), (0.09375, 0.475), (0.09375, 0.411603), (0.09375, 0.411603), (0.09375, 0.411603), (0.09375, 0.475), (0.09375, 0.475), (0.09375, 0.438397), (0.09375, 0.391987), (0.09375, 0.391987), (0.09375, 0.391987), (0.09375, 0.438397), (0.09375, 0.438397), (0.09375, 0.391987), (0.09375, 0.358013), (0.09375, 0.358013), (0.09375, 0.358013), (0.09375, 0.391987), (0.09375, 0.391987), (0.09375, 0.411603), (0.09375, 0.338397), (0.09375, 0.338397), (0.09375, 0.338397), (0.09375, 0.411603), (0.09375, 0.411603), (0.09375, 0.475), (0.09375, 0.391987), (0.09375, 0.438397), (0.09375, 0.391987), (0.09375, 0.475), (0.09375, 0.358013), (0.09375, 0.275), (0.09375, 0.358013), (0.09375, 0.475), (0.09375, 0.358013), (0.09375, 0.275), (0.09375, 0.311603), (0.09375, 0.275), (0.09375, 0.475), (0.09375, 0.411603), (0.09375, 0.275), (0.09375, 0.411603), (0.09375, 0.338397), (0.09375, 0.275), (0.09375, 0.275), (0.09375, 0.275), (0.09375, 0.275), (0.09375, 0.275), (0.09375, 0.275), (0.09375, 0.275), (0.09375, 0.32135), (0.09375, 0.275), (0.09375, 0.32135), (0.09375, 0.275), (0.09375, 0.30865), (0.09375, 0.30865), (0.09375, 0.275), (0.09375, 0.32925), (0.09375, 0.32925), (0.09375, 0.275), (0.09375, 0.276104), (0.09375, 0.298175), (0.09375, 0.32135), (0.09375, 0.32135), (0.09375, 0.298175), (0.09375, 0.275), (0.09375, 0.32135), (0.09375, 0.275), (0.09375, 0.298175), (0.09375, 0.275), (0.09375, 0.298175), (0.09375, 0.275), (0.09375, 0.298175), (0.09375, 0.275), (0.09375, 0.298175), (0.09375, 0.32135), (0.09375, 0.32135), (0.09375, 0.298175), (0.09375, 0.32135), (0.09375, 0.298175), (0.09375, 0.285475), (0.09375, 0.298175), (0.09375, 0.285475), (0.09375, 0.298175), (0.09375, 0.285475), (0.09375, 0.32135), (0.09375, 0.30865), (0.09375, 0.32135), (0.09375, 0.30865), (0.09375, 0.32135), (0.09375, 0.30865), (0.09375, 0.285475), (0.09375, 0.32135), (0.09375, 0.298175), (0.09375, 0.32135), (0.09375, 0.285475), (0.09375, 0.30865), (0.09375, 0.32135), (0.09375, 0.30865), (0.09375, 0.32135), (0.09375, 0.30865), (0.09375, 0.32135), (0.09375, 0.30865), (0.09375, 0.30865), (0.09375, 0.298175), (0.09375, 0.32135), (0.09375, 0.298175), (0.09375, 0.30865), (0.09375, 0.285475), (0.09375, 0.30865), (0.09375, 0.275), (0.09375, 0.32135), (0.09375, 0.275), (0.09375, 0.30865), (0.09375, 0.275), (0.09375, 0.275), (0.09375, 0.30865), (0.09375, 0.32925), (0.09375, 0.275), (0.09375, 0.32925), (0.09375, 0.276104), (0.09375, 0.276104), (0.09375, 0.347458), (0.09375, 0.32925), (0.09375, 0.347458), (0.09375, 0.276104), (0.09375, 0.29171), (0.09375, 0.347458), (0.09375, 0.298175), (0.09375, 0.355), (0.09375, 0.298175), (0.09375, 0.347458), (0.09375, 0.29171), (0.09375, 0.347458), (0.09375, 0.276104), (0.09375, 0.32925), (0.09375, 0.276104), (0.09375, 0.347458), (0.09375, 0.29171), (0.09375, 0.355), (0.09375, 0.29171), (0.09375, 0.347458), (0.09375, 0.29171), (0.09375, 0.355), (0.09375, 0.298175), (0.09375, 0.29171), (0.09375, 0.275), (0.09375, 0.276104), (0.09375, 0.275), (0.09375, 0.29171), (0.09375, 0.275), (0.09375, 0.275), (0.09375, 0.29171), (0.09375, 0.298175), (0.09375, 0.275), (0.09375, 0.298175), (0.09375, 0.298175), (0.09375, 0.275), (0.09375, 0.298175), (0.09375, 0.29171), (0.09375, 0.275), (0.09375, 0.29171), (0.09375, 0.276104), (0.09375, 0.32925), (0.09375, 0.30865), (0.09375, 0.30865), (0.09375, 0.30865), (0.09375, 0.32925), (0.09375, 0.30865), (0.09375, 0.285475), (0.09375, 0.30865), (0.09375, 0.30865), (0.09375, 0.30865), (0.09375, 0.285475), (0.09375, 0.285475), (0.09375, 0.30865), (0.09375, 0.32925), (0.09375, 0.30865), (0.09375, 0.30865), (0.09375, 0.32925), (0.09375, 0.32925), (0.09375, 0.32925), (0.09375, 0.32925), (0.09375, 0.347458), (0.09375, 0.32925), (0.09375, 0.347458), (0.09375, 0.347458), (0.09375, 0.347458), (0.09375, 0.347458), (0.09375, 0.355), (0.09375, 0.347458), (0.09375, 0.355), (0.09375, 0.355), (0.34375, 0.475), (0.34375, 0.475), (0.34375, 0.475), (0.34375, 0.475), (0.34375, 0.475), (0.34375, 0.475), (0.34375, 0.475), (0.34375, 0.475), (0.34375, 0.475), (0.34375, 0.475), (0.34375, 0.475), (0.34375, 0.475), (0.34375, 0.475), (0.34375, 0.475), (0.34375, 0.475), (0.34375, 0.475), (0.34375, 0.475), (0.34375, 0.475), (0.34375, 0.475), (0.34375, 0.475), (0.34375, 0.475), (0.34375, 0.475), (0.34375, 0.475), (0.34375, 0.475), (0.34375, 0.475), (0.34375, 0.475), (0.34375, 0.475), (0.34375, 0.475), (0.34375, 0.475), (0.34375, 0.475), (0.34375, 0.475), (0.34375, 0.475), (0.34375, 0.475), (0.34375, 0.475), (0.34375, 0.475), (0.34375, 0.475), (0.59375, 0.713722), (0.59375, 0.725), (0.59375, 0.713722), (0.59375, 0.725), (0.59375, 0.713722), (0.59375, 0.725), (0.59375, 0.713722), (0.59375, 0.725), (0.59375, 0.713722), (0.59375, 0.725), (0.59375, 0.713722), (0.59375, 0.725), (0.59375, 0.725), (0.59375, 0.713722), (0.59375, 0.713722), (0.59375, 0.713722), (0.59375, 0.725), (0.59375, 0.725), (0.59375, 0.725), (0.59375, 0.713722), (0.59375, 0.713722), (0.59375, 0.713722), (0.59375, 0.725), (0.59375, 0.725), (0.59375, 0.713722), (0.59375, 0.725), (0.59375, 0.713722), (0.59375, 0.725), (0.59375, 0.713722), (0.59375, 0.725), (0.59375, 0.713722), (0.59375, 0.725), (0.59375, 0.713722), (0.59375, 0.725), (0.59375, 0.713722), (0.59375, 0.725), (0.59375, 0.725), (0.59375, 0.713722), (0.59375, 0.713722), (0.59375, 0.713722), (0.59375, 0.725), (0.59375, 0.725), (0.59375, 0.725), (0.59375, 0.713722), (0.59375, 0.713722), (0.59375, 0.713722), (0.59375, 0.725), (0.59375, 0.725), (0.59375, 0.713722), (0.59375, 0.691165), (0.59375, 0.691165), (0.59375, 0.691165), (0.59375, 0.713722), (0.59375, 0.713722), (0.59375, 0.713722), (0.59375, 0.691165), (0.59375, 0.691165), (0.59375, 0.691165), (0.59375, 0.713722), (0.59375, 0.713722), (0.59375, 0.713722), (0.59375, 0.691165), (0.59375, 0.691165), (0.59375, 0.691165), (0.59375, 0.713722), (0.59375, 0.713722), (0.59375, 0.691165), (0.59375, 0.713722), (0.59375, 0.691165), (0.59375, 0.713722), (0.59375, 0.691165), (0.59375, 0.713722), (0.59375, 0.691165), (0.59375, 0.713722), (0.59375, 0.691165), (0.59375, 0.713722), (0.59375, 0.691165), (0.59375, 0.713722), (0.59375, 0.691165), (0.59375, 0.713722), (0.59375, 0.691165), (0.59375, 0.713722), (0.59375, 0.691165), (0.59375, 0.713722), (0.59375, 0.691165), (0.59375, 0.713722), (0.59375, 0.691165), (0.59375, 0.713722), (0.59375, 0.691165), (0.59375, 0.713722), (0.59375, 0.713722), (0.59375, 0.691165), (0.59375, 0.713722), (0.59375, 0.691165), (0.59375, 0.713722), (0.59375, 0.691165), (0.59375, 0.713722), (0.59375, 0.725), (0.59375, 0.713722), (0.59375, 0.725), (0.59375, 0.713722), (0.59375, 0.725), (0.59375, 0.713722), (0.59375, 0.725), (0.59375, 0.713722), (0.59375, 0.725), (0.59375, 0.713722), (0.59375, 0.725), (0.59375, 0.725), (0.59375, 0.713722), (0.59375, 0.713722), (0.59375, 0.713722), (0.59375, 0.725), (0.59375, 0.725), (0.59375, 0.725), (0.59375, 0.713722), (0.59375, 0.713722), (0.59375, 0.713722), (0.59375, 0.725), (0.59375, 0.725), (0.59375, 0.713722), (0.59375, 0.725), (0.59375, 0.713722), (0.59375, 0.725), (0.59375, 0.713722), (0.59375, 0.725), (0.59375, 0.713722), (0.59375, 0.725), (0.59375, 0.713722), (0.59375, 0.725), (0.59375, 0.713722), (0.59375, 0.725), (0.59375, 0.725), (0.59375, 0.713722), (0.59375, 0.713722), (0.59375, 0.713722), (0.59375, 0.725), (0.59375, 0.725), (0.59375, 0.725), (0.59375, 0.713722), (0.59375, 0.713722), (0.59375, 0.713722), (0.59375, 0.725), (0.59375, 0.725), (0.59375, 0.713722), (0.59375, 0.691165), (0.59375, 0.691165), (0.59375, 0.691165), (0.59375, 0.713722), (0.59375, 0.713722), (0.59375, 0.713722), (0.59375, 0.691165), (0.59375, 0.691165), (0.59375, 0.691165), (0.59375, 0.713722), (0.59375, 0.713722), (0.59375, 0.713722), (0.59375, 0.691165), (0.59375, 0.691165), (0.59375, 0.691165), (0.59375, 0.713722), (0.59375, 0.713722), (0.59375, 0.691165), (0.59375, 0.713722), (0.59375, 0.691165), (0.59375, 0.713722), (0.59375, 0.691165), (0.59375, 0.713722), (0.59375, 0.691165), (0.59375, 0.713722), (0.59375, 0.691165), (0.59375, 0.713722), (0.59375, 0.691165), (0.59375, 0.713722), (0.59375, 0.691165), (0.59375, 0.713722), (0.59375, 0.691165), (0.59375, 0.713722), (0.59375, 0.691165), (0.59375, 0.713722), (0.59375, 0.713722), (0.59375, 0.691165), (0.59375, 0.691165), (0.59375, 0.691165), (0.59375, 0.713722), (0.59375, 0.713722), (0.59375, 0.713722), (0.59375, 0.691165), (0.59375, 0.713722), (0.59375, 0.691165), (0.59375, 0.713722), (0.59375, 0.691165), (0.84375, 0.355), (0.84375, 0.298175), (0.84375, 0.355), (0.84375, 0.298175), (0.84375, 0.355), (0.84375, 0.298175), (0.71875, 0.437013), (0.71875, 0.275), (0.71875, 0.463874), (0.71875, 0.463874), (0.71875, 0.275), (0.71875, 0.475), (0.71875, 0.475), (0.71875, 0.275), (0.71875, 0.475), (0.71875, 0.475), (0.71875, 0.275), (0.71875, 0.463874), (0.71875, 0.463874), (0.71875, 0.275), (0.71875, 0.437013), (0.71875, 0.275), (0.71875, 0.437013), (0.71875, 0.275), (0.71875, 0.463874), (0.71875, 0.437013), (0.71875, 0.338476), (0.71875, 0.330772), (0.71875, 0.338476), (0.71875, 0.437013), (0.71875, 0.341667), (0.71875, 0.338476), (0.71875, 0.275), (0.71875, 0.275), (0.71875, 0.275), (0.71875, 0.338476), (0.71875, 0.463874), (0.71875, 0.338476), (0.71875, 0.475), (0.71875, 0.341667), (0.71875, 0.475), (0.71875, 0.338476), (0.71875, 0.338476), (0.71875, 0.330772), (0.71875, 0.275), (0.71875, 0.275), (0.71875, 0.275), (0.71875, 0.330772), (0.71875, 0.463874), (0.71875, 0.463874), (0.71875, 0.437013), (0.71875, 0.437013), (0.71875, 0.437013), (0.71875, 0.463874), (0.71875, 0.463874), (0.71875, 0.463874), (0.71875, 0.475), (0.71875, 0.475), (0.71875, 0.475), (0.71875, 0.463874), (0.71875, 0.475), (0.71875, 0.475), (0.71875, 0.475), (0.71875, 0.475), (0.71875, 0.475), (0.71875, 0.475), (0.71875, 0.275), (0.71875, 0.275), (0.71875, 0.275), (0.71875, 0.275), (0.71875, 0.275), (0.71875, 0.275), (0.71875, 0.275), (0.71875, 0.275), (0.71875, 0.275), (0.71875, 0.275), (0.71875, 0.275), (0.71875, 0.275), (0.71875, 0.275), (0.71875, 0.275), (0.71875, 0.275), (0.71875, 0.275), (0.71875, 0.275), (0.71875, 0.275), (0.71875, 0.330772), (0.71875, 0.338476), (0.71875, 0.275), (0.71875, 0.275), (0.71875, 0.275), (0.71875, 0.338476), (0.71875, 0.463874), (0.71875, 0.437013), (0.71875, 0.463874), (0.71875, 0.437013), (0.71875, 0.463874), (0.71875, 0.437013), (0.71875, 0.463874), (0.71875, 0.338476), (0.71875, 0.437013), (0.71875, 0.330772), (0.71875, 0.437013), (0.71875, 0.338476), (0.71875, 0.338476), (0.71875, 0.341667), (0.71875, 0.275), (0.71875, 0.275), (0.71875, 0.275), (0.71875, 0.341667), (0.71875, 0.463874), (0.71875, 0.475), (0.71875, 0.338476), (0.71875, 0.341667), (0.71875, 0.338476), (0.71875, 0.475), (0.71875, 0.463874), (0.71875, 0.475), (0.71875, 0.463874), (0.71875, 0.475), (0.71875, 0.463874), (0.71875, 0.475), (0.71875, 0.475), (0.71875, 0.475), (0.71875, 0.341667), (0.71875, 0.341667), (0.71875, 0.341667), (0.71875, 0.475), (0.71875, 0.275), (0.71875, 0.341667), (0.71875, 0.275), (0.71875, 0.341667), (0.71875, 0.275), (0.71875, 0.341667), (0.71875, 0.437013), (0.71875, 0.437013), (0.71875, 0.330772), (0.71875, 0.330772), (0.71875, 0.437013), (0.71875, 0.275), (0.71875, 0.275), (0.71875, 0.275), (0.71875, 0.437013), (0.71875, 0.437013), (0.71875, 0.330772), (0.71875, 0.437013), (0.71875, 0.437013), (0.71875, 0.330772), (0.71875, 0.275), (0.71875, 0.275), (0.71875, 0.275), (0.71875, 0.330772), (0.71875, 0.341667), (0.71875, 0.275), (0.71875, 0.341667), (0.71875, 0.275), (0.71875, 0.341667), (0.71875, 0.275), (0.71875, 0.275), (0.71875, 0.275), (0.71875, 0.275), (0.71875, 0.275), (0.71875, 0.275), (0.71875, 0.275), (0.71875, 0.275), (0.71875, 0.275), (0.71875, 0.275), (0.71875, 0.275), (0.71875, 0.275), (0.71875, 0.275), (0.71875, 0.275), (0.71875, 0.275), (0.71875, 0.275), (0.71875, 0.275), (0.71875, 0.275), (0.71875, 0.275), (0.71875, 0.275), (0.71875, 0.275), (0.71875, 0.275), (0.71875, 0.275), (0.71875, 0.275), (0.71875, 0.275), (0.71875, 0.275), (0.71875, 0.275), (0.71875, 0.275), (0.71875, 0.275), (0.71875, 0.275), (0.71875, 0.275), (0.71875, 0.275), (0.71875, 0.275), (0.71875, 0.275), (0.71875, 0.275), (0.71875, 0.275), (0.71875, 0.275), (0.71875, 0.437013), (0.71875, 0.275), (0.71875, 0.275), (0.71875, 0.275), (0.71875, 0.437013), (0.71875, 0.330772), (0.71875, 0.330772), (0.71875, 0.437013), (0.71875, 0.437013), (0.71875, 0.475), (0.71875, 0.341667), (0.71875, 0.475), (0.71875, 0.341667), (0.71875, 0.475), (0.71875, 0.341667), (0.71875, 0.341667), (0.71875, 0.275), (0.71875, 0.275), (0.71875, 0.275), (0.71875, 0.341667), (0.71875, 0.341667), (0.71875, 0.475), (0.71875, 0.275), (0.71875, 0.275), (0.71875, 0.275), (0.71875, 0.475), (0.71875, 0.475), (0.71875, 0.475), (0.71875, 0.341667), (0.71875, 0.341667), (0.71875, 0.341667), (0.71875, 0.475), (0.71875, 0.475), (0.71875, 0.330772), (0.71875, 0.275), (0.71875, 0.275), (0.71875, 0.275), (0.71875, 0.330772), (0.71875, 0.437013), (0.71875, 0.437013), (0.71875, 0.330772), (0.71875, 0.437013), (0.71875, 0.475), (0.71875, 0.341667), (0.71875, 0.475), (0.71875, 0.341667), (0.71875, 0.475), (0.71875, 0.341667), (0.71875, 0.475), (0.71875, 0.341667), (0.71875, 0.341667), (0.71875, 0.341667), (0.71875, 0.475), (0.71875, 0.475), (0.71875, 0.341667), (0.71875, 0.275), (0.71875, 0.275), (0.71875, 0.275), (0.71875, 0.341667), (0.71875, 0.341667), (0.71875, 0.341667), (0.71875, 0.275), (0.71875, 0.341667), (0.71875, 0.275), (0.71875, 0.341667), (0.71875, 0.275), (0.71875, 0.475), (0.71875, 0.475), (0.71875, 0.475), (0.71875, 0.475), (0.71875, 0.475), (0.71875, 0.475), (0.71875, 0.475), (0.71875, 0.475), (0.71875, 0.475), (0.71875, 0.475), (0.71875, 0.475), (0.71875, 0.475), (0.71875, 0.475), (0.71875, 0.475), (0.71875, 0.475), (0.71875, 0.475), (0.71875, 0.475), (0.71875, 0.475), (0.71875, 0.475), (0.71875, 0.475), (0.71875, 0.475), (0.71875, 0.475), (0.71875, 0.475), (0.71875, 0.475), (0.71875, 0.341667), (0.71875, 0.275), (0.71875, 0.338476), (0.71875, 0.275), (0.71875, 0.341667), (0.71875, 0.275), (0.71875, 0.463874), (0.71875, 0.475), (0.71875, 0.475), (0.71875, 0.475), (0.71875, 0.463874), (0.71875, 0.463874), (0.71875, 0.463874), (0.71875, 0.437013), (0.71875, 0.437013), (0.71875, 0.437013), (0.71875, 0.463874), (0.71875, 0.463874), (0.71875, 0.330772), (0.71875, 0.275), (0.71875, 0.275), (0.71875, 0.275), (0.71875, 0.330772), (0.71875, 0.338476), (0.71875, 0.475), (0.71875, 0.338476), (0.71875, 0.463874), (0.71875, 0.338476), (0.71875, 0.475), (0.71875, 0.341667), (0.71875, 0.437013), (0.71875, 0.338476), (0.71875, 0.330772), (0.71875, 0.338476), (0.71875, 0.437013), (0.71875, 0.463874), (0.71875, 0.275), (0.71875, 0.437013), (0.71875, 0.275), (0.71875, 0.437013), (0.71875, 0.275), (0.71875, 0.463874), (0.71875, 0.463874), (0.71875, 0.275), (0.71875, 0.475), (0.71875, 0.475), (0.71875, 0.275), (0.71875, 0.475), (0.71875, 0.275), (0.71875, 0.341667), (0.71875, 0.275), (0.71875, 0.341667), (0.71875, 0.275), (0.71875, 0.341667), (0.71875, 0.341667), (0.71875, 0.475), (0.71875, 0.341667), (0.71875, 0.475), (0.71875, 0.341667), (0.71875, 0.475), (0.71875, 0.437013), (0.71875, 0.463874), (0.71875, 0.437013), (0.71875, 0.463874), (0.71875, 0.437013), (0.71875, 0.463874), (0.71875, 0.275), (0.71875, 0.338476), (0.71875, 0.275), (0.71875, 0.338476), (0.71875, 0.275), (0.71875, 0.341667), (0.71875, 0.341667), (0.71875, 0.463874), (0.71875, 0.338476), (0.71875, 0.463874), (0.71875, 0.341667), (0.71875, 0.475), (0.71875, 0.338476), (0.71875, 0.275), (0.71875, 0.275), (0.71875, 0.275), (0.71875, 0.338476), (0.71875, 0.330772), (0.71875, 0.338476), (0.71875, 0.437013), (0.71875, 0.330772), (0.71875, 0.437013), (0.71875, 0.338476), (0.71875, 0.463874), (0.71875, 0.463874), (0.71875, 0.475), (0.71875, 0.463874), (0.71875, 0.475), (0.71875, 0.463874), (0.71875, 0.475), (0.71875, 0.463874), (0.71875, 0.275), (0.71875, 0.437013), (0.71875, 0.275), (0.71875, 0.463874), (0.71875, 0.275), (0.71875, 0.275), (0.71875, 0.463874), (0.71875, 0.475), (0.71875, 0.275), (0.71875, 0.475), (0.71875, 0.475), (0.71875, 0.275), (0.71875, 0.275), (0.71875, 0.275), (0.71875, 0.275), (0.71875, 0.275), (0.71875, 0.275), (0.71875, 0.283588), (0.71875, 0.353769), (0.71875, 0.304321), (0.71875, 0.353769), (0.71875, 0.283588), (0.71875, 0.275), (0.71875, 0.353769), (0.71875, 0.275), (0.71875, 0.420545), (0.71875, 0.420545), (0.71875, 0.275), (0.71875, 0.275), (0.71875, 0.420545), (0.71875, 0.275), (0.71875, 0.465164), (0.71875, 0.465164), (0.71875, 0.275), (0.71875, 0.475), (0.71875, 0.475), (0.71875, 0.275), (0.71875, 0.470368), (0.71875, 0.470368), (0.71875, 0.275), (0.71875, 0.450937), (0.71875, 0.353769), (0.71875, 0.283588), (0.71875, 0.304321), (0.71875, 0.283588), (0.71875, 0.353769), (0.71875, 0.275), (0.71875, 0.275), (0.71875, 0.353769), (0.71875, 0.420545), (0.71875, 0.275), (0.71875, 0.420545), (0.71875, 0.275), (0.71875, 0.275), (0.71875, 0.420545), (0.71875, 0.465164), (0.71875, 0.275), (0.71875, 0.465164), (0.71875, 0.475), (0.71875, 0.275), (0.71875, 0.475), (0.71875, 0.470368), (0.71875, 0.275), (0.71875, 0.470368), (0.71875, 0.450937), (0.71875, 0.420545), (0.71875, 0.353769), (0.71875, 0.353769), (0.71875, 0.353769), (0.71875, 0.420545), (0.71875, 0.420545), (0.71875, 0.420545), (0.71875, 0.465164), (0.71875, 0.420545), (0.71875, 0.465164), (0.71875, 0.420545), (0.71875, 0.465164), (0.71875, 0.465164), (0.71875, 0.475), (0.71875, 0.465164), (0.71875, 0.475), (0.71875, 0.465164), (0.71875, 0.475), (0.71875, 0.353769), (0.71875, 0.304321), (0.71875, 0.304321), (0.71875, 0.304321), (0.71875, 0.353769), (0.71875, 0.353769), (0.71875, 0.275), (0.71875, 0.283588), (0.71875, 0.275), (0.71875, 0.283588), (0.71875, 0.275), (0.71875, 0.283588), (0.71875, 0.304321), (0.71875, 0.283588), (0.71875, 0.283588), (0.71875, 0.283588), (0.71875, 0.304321), (0.71875, 0.304321), (0.71875, 0.450937), (0.71875, 0.275), (0.71875, 0.275), (0.71875, 0.275), (0.71875, 0.450937), (0.71875, 0.450937), (0.71875, 0.475), (0.71875, 0.470368), (0.71875, 0.475), (0.71875, 0.470368), (0.71875, 0.475), (0.71875, 0.470368), (0.71875, 0.470368), (0.71875, 0.450937), (0.71875, 0.450937), (0.71875, 0.450937), (0.71875, 0.470368), (0.71875, 0.470368), (0.71875, 0.330772), (0.71875, 0.275), (0.71875, 0.275), (0.71875, 0.275), (0.71875, 0.330772), (0.71875, 0.437013), (0.71875, 0.437013), (0.71875, 0.330772), (0.71875, 0.437013), (0.71875, 0.437013), (0.71875, 0.275), (0.71875, 0.275), (0.71875, 0.275), (0.71875, 0.437013), (0.71875, 0.330772), (0.71875, 0.330772), (0.71875, 0.437013), (0.71875, 0.437013), (0.71875, 0.341667), (0.71875, 0.275), (0.71875, 0.341667), (0.71875, 0.275), (0.71875, 0.341667), (0.71875, 0.275), (0.71875, 0.475), (0.71875, 0.341667), (0.71875, 0.341667), (0.71875, 0.341667), (0.71875, 0.475), (0.71875, 0.475), (0.71875, 0.475), (0.71875, 0.463874), (0.71875, 0.475), (0.71875, 0.463874), (0.71875, 0.475), (0.71875, 0.463874), (0.71875, 0.475), (0.71875, 0.338476), (0.71875, 0.341667), (0.71875, 0.338476), (0.71875, 0.475), (0.71875, 0.463874), (0.71875, 0.341667), (0.71875, 0.275), (0.71875, 0.275), (0.71875, 0.275), (0.71875, 0.341667), (0.71875, 0.338476), (0.71875, 0.338476), (0.71875, 0.437013), (0.71875, 0.330772), (0.71875, 0.437013), (0.71875, 0.338476), (0.71875, 0.463874), (0.71875, 0.437013), (0.71875, 0.463874), (0.71875, 0.437013), (0.71875, 0.463874), (0.71875, 0.437013), (0.71875, 0.463874), (0.71875, 0.338476), (0.71875, 0.275), (0.71875, 0.275), (0.71875, 0.275), (0.71875, 0.338476), (0.71875, 0.330772), (0.71875, 0.275), (0.71875, 0.275), (0.71875, 0.275), (0.71875, 0.275), (0.71875, 0.275), (0.71875, 0.275), (0.71875, 0.275), (0.71875, 0.275), (0.71875, 0.275), (0.71875, 0.275), (0.71875, 0.275), (0.71875, 0.275), (0.71875, 0.275), (0.71875, 0.275), (0.71875, 0.275), (0.71875, 0.275), (0.71875, 0.275), (0.71875, 0.275), (0.71875, 0.475), (0.71875, 0.475), (0.71875, 0.475), (0.71875, 0.475), (0.71875, 0.475), (0.71875, 0.475), (0.71875, 0.463874), (0.71875, 0.475), (0.71875, 0.475), (0.71875, 0.475), (0.71875, 0.463874), (0.71875, 0.463874), (0.71875, 0.463874), (0.71875, 0.437013), (0.71875, 0.437013), (0.71875, 0.437013), (0.71875, 0.463874), (0.71875, 0.463874), (0.71875, 0.330772), (0.71875, 0.275), (0.71875, 0.275), (0.71875, 0.275), (0.71875, 0.330772), (0.71875, 0.338476), (0.71875, 0.338476), (0.71875, 0.475), (0.71875, 0.341667), (0.71875, 0.475), (0.71875, 0.338476), (0.71875, 0.463874), (0.71875, 0.338476), (0.71875, 0.275), (0.71875, 0.275), (0.71875, 0.275), (0.71875, 0.338476), (0.71875, 0.341667), (0.71875, 0.437013), (0.71875, 0.338476), (0.71875, 0.330772), (0.71875, 0.338476), (0.71875, 0.437013), (0.71875, 0.463874), (0.71875, 0.275), (0.71875, 0.437013), (0.71875, 0.275), (0.71875, 0.437013), (0.71875, 0.275), (0.71875, 0.463874), (0.71875, 0.463874), (0.71875, 0.275), (0.71875, 0.475), (0.71875, 0.475), (0.71875, 0.275), (0.71875, 0.475), (0.71875, 0.475), (0.71875, 0.275), (0.71875, 0.463874), (0.71875, 0.463874), (0.71875, 0.275), (0.71875, 0.437013), (0.71875, 0.441165), (0.71875, 0.350939), (0.71875, 0.441165), (0.71875, 0.350939), (0.71875, 0.441165), (0.71875, 0.350939), (0.71875, 0.350939), (0.71875, 0.441165), (0.71875, 0.441165), (0.71875, 0.441165), (0.71875, 0.350939), (0.71875, 0.350939), (0.71875, 0.350939), (0.71875, 0.441165), (0.71875, 0.350939), (0.71875, 0.441165), (0.71875, 0.350939), (0.71875, 0.441165), (0.71875, 0.441165), (0.71875, 0.350939), (0.71875, 0.350939), (0.71875, 0.350939), (0.71875, 0.441165), (0.71875, 0.441165), (0.71875, 0.441165), (0.71875, 0.350939), (0.71875, 0.350939), (0.71875, 0.350939), (0.71875, 0.441165), (0.71875, 0.441165), (0.71875, 0.441165), (0.71875, 0.350939), (0.71875, 0.441165), (0.71875, 0.350939), (0.71875, 0.441165), (0.71875, 0.350939), (0.71875, 0.350939), (0.71875, 0.441165), (0.71875, 0.441165), (0.71875, 0.441165), (0.71875, 0.350939), (0.71875, 0.350939), (0.71875, 0.350939), (0.71875, 0.441165), (0.71875, 0.350939), (0.71875, 0.441165), (0.71875, 0.350939), (0.71875, 0.441165), (0.71875, 0.350939), (0.71875, 0.350939), (0.71875, 0.350939), (0.71875, 0.350939), (0.71875, 0.350939), (0.71875, 0.350939), (0.71875, 0.350939), (0.71875, 0.350939), (0.71875, 0.350939), (0.71875, 0.350939), (0.71875, 0.350939), (0.71875, 0.350939), (0.71875, 0.350939), (0.71875, 0.350939), (0.71875, 0.350939), (0.71875, 0.350939), (0.71875, 0.350939), (0.71875, 0.350939), (0.71875, 0.350939), (0.71875, 0.350939), (0.71875, 0.350939), (0.71875, 0.350939), (0.71875, 0.350939), (0.71875, 0.350939), (0.71875, 0.350939), (0.71875, 0.350939), (0.71875, 0.350939), (0.71875, 0.350939), (0.71875, 0.350939), (0.71875, 0.350939), (0.71875, 0.350939), (0.71875, 0.350939), (0.71875, 0.350939), (0.71875, 0.350939), (0.71875, 0.350939), (0.71875, 0.350939), (0.71875, 0.350939), (0.71875, 0.350939), (0.71875, 0.350939), (0.71875, 0.350939), (0.71875, 0.350939), (0.71875, 0.350939), (0.71875, 0.350939), (0.71875, 0.350939), (0.71875, 0.350939), (0.71875, 0.350939), (0.71875, 0.350939), (0.71875, 0.350939), (0.71875, 0.275), (0.71875, 0.275), (0.71875, 0.275), (0.71875, 0.275), (0.71875, 0.275), (0.71875, 0.275), (0.71875, 0.275), (0.71875, 0.275), (0.71875, 0.275), (0.71875, 0.275), (0.71875, 0.275), (0.71875, 0.275), (0.71875, 0.275), (0.71875, 0.275), (0.71875, 0.275), (0.71875, 0.275), (0.71875, 0.275), (0.71875, 0.275), (0.71875, 0.275), (0.71875, 0.350939), (0.71875, 0.275), (0.71875, 0.350939), (0.71875, 0.275), (0.71875, 0.350939), (0.71875, 0.350939), (0.71875, 0.275), (0.71875, 0.275), (0.71875, 0.275), (0.71875, 0.350939), (0.71875, 0.350939), (0.71875, 0.350939), (0.71875, 0.275), (0.71875, 0.350939), (0.71875, 0.275), (0.71875, 0.350939), (0.71875, 0.275), (0.71875, 0.350939), (0.71875, 0.275), (0.71875, 0.350939), (0.71875, 0.275), (0.71875, 0.350939), (0.71875, 0.275), (0.71875, 0.275), (0.71875, 0.350939), (0.71875, 0.350939), (0.71875, 0.350939), (0.71875, 0.275), (0.71875, 0.275), (0.71875, 0.350939), (0.71875, 0.275), (0.71875, 0.275), (0.71875, 0.275), (0.71875, 0.350939), (0.71875, 0.350939), (0.71875, 0.350939), (0.71875, 0.275), (0.71875, 0.275), (0.71875, 0.275), (0.71875, 0.350939), (0.71875, 0.350939), (0.71875, 0.275), (0.71875, 0.350939), (0.71875, 0.350939), (0.71875, 0.350939), (0.71875, 0.275), (0.71875, 0.275), (0.71875, 0.441165), (0.71875, 0.350939), (0.71875, 0.441165), (0.71875, 0.350939), (0.71875, 0.441165), (0.71875, 0.350939), (0.71875, 0.350939), (0.71875, 0.441165), (0.71875, 0.441165), (0.71875, 0.441165), (0.71875, 0.350939), (0.71875, 0.350939), (0.71875, 0.350939), (0.71875, 0.441165), (0.71875, 0.350939), (0.71875, 0.441165), (0.71875, 0.350939), (0.71875, 0.441165), (0.71875, 0.441165), (0.71875, 0.350939), (0.71875, 0.350939), (0.71875, 0.350939), (0.71875, 0.441165), (0.71875, 0.441165), (0.71875, 0.441165), (0.71875, 0.350939), (0.71875, 0.350939), (0.71875, 0.350939), (0.71875, 0.441165), (0.71875, 0.441165), (0.71875, 0.441165), (0.71875, 0.350939), (0.71875, 0.350939), (0.71875, 0.350939), (0.71875, 0.441165), (0.71875, 0.441165), (0.71875, 0.350939), (0.71875, 0.441165), (0.71875, 0.350939), (0.71875, 0.441165), (0.71875, 0.350939), (0.71875, 0.441165), (0.71875, 0.350939), (0.71875, 0.441165), (0.71875, 0.350939), (0.71875, 0.441165), (0.71875, 0.350939), (0.71875, 0.441165), (0.71875, 0.275), (0.71875, 0.275), (0.71875, 0.275), (0.71875, 0.275), (0.71875, 0.275), (0.71875, 0.275), (0.71875, 0.275), (0.71875, 0.275), (0.71875, 0.275), (0.71875, 0.275), (0.71875, 0.275), (0.71875, 0.275), (0.71875, 0.275), (0.71875, 0.275), (0.71875, 0.275), (0.71875, 0.275), (0.71875, 0.275), (0.71875, 0.275), (0.71875, 0.350939), (0.71875, 0.350939), (0.71875, 0.350939), (0.71875, 0.350939), (0.71875, 0.350939), (0.71875, 0.350939), (0.71875, 0.350939), (0.71875, 0.350939), (0.71875, 0.350939), (0.71875, 0.350939), (0.71875, 0.350939), (0.71875, 0.350939), (0.71875, 0.350939), (0.71875, 0.350939), (0.71875, 0.350939), (0.71875, 0.350939), (0.71875, 0.350939), (0.71875, 0.350939), (0.71875, 0.350939), (0.71875, 0.350939), (0.71875, 0.350939), (0.71875, 0.350939), (0.71875, 0.350939), (0.71875, 0.350939), (0.71875, 0.350939), (0.71875, 0.350939), (0.71875, 0.350939), (0.71875, 0.350939), (0.71875, 0.350939), (0.71875, 0.350939), (0.71875, 0.350939), (0.71875, 0.350939), (0.71875, 0.350939), (0.71875, 0.350939), (0.71875, 0.350939), (0.71875, 0.350939), (0.71875, 0.350939), (0.71875, 0.350939), (0.71875, 0.350939), (0.71875, 0.350939), (0.71875, 0.350939), (0.71875, 0.350939), (0.71875, 0.350939), (0.71875, 0.350939), (0.71875, 0.350939), (0.71875, 0.350939), (0.71875, 0.350939), (0.71875, 0.350939), (0.71875, 0.350939), (0.71875, 0.275), (0.71875, 0.275), (0.71875, 0.275), (0.71875, 0.350939), (0.71875, 0.350939), (0.71875, 0.350939), (0.71875, 0.275), (0.71875, 0.350939), (0.71875, 0.275), (0.71875, 0.350939), (0.71875, 0.275), (0.71875, 0.350939), (0.71875, 0.275), (0.71875, 0.350939), (0.71875, 0.275), (0.71875, 0.350939), (0.71875, 0.275), (0.71875, 0.275), (0.71875, 0.350939), (0.71875, 0.350939), (0.71875, 0.350939), (0.71875, 0.275), (0.71875, 0.275), (0.71875, 0.275), (0.71875, 0.350939), (0.71875, 0.275), (0.71875, 0.350939), (0.71875, 0.275), (0.71875, 0.350939), (0.71875, 0.275), (0.71875, 0.350939), (0.71875, 0.275), (0.71875, 0.350939), (0.71875, 0.275), (0.71875, 0.350939), (0.71875, 0.350939), (0.71875, 0.275), (0.71875, 0.275), (0.71875, 0.275), (0.71875, 0.350939), (0.71875, 0.350939), (0.71875, 0.275), (0.71875, 0.350939), (0.71875, 0.275), (0.71875, 0.350939), (0.71875, 0.275), (0.71875, 0.350939), (0.71875, 0.275), (0.71875, 0.475), (0.71875, 0.275), (0.71875, 0.475), (0.71875, 0.275), (0.71875, 0.475), (0.71875, 0.475), (0.71875, 0.275), (0.71875, 0.275), (0.71875, 0.275), (0.71875, 0.475), (0.71875, 0.475), (0.71875, 0.475), (0.71875, 0.275), (0.71875, 0.475), (0.71875, 0.275), (0.71875, 0.475), (0.71875, 0.275), (0.71875, 0.475), (0.71875, 0.275), (0.71875, 0.275), (0.71875, 0.275), (0.71875, 0.475), (0.71875, 0.475), (0.71875, 0.475), (0.71875, 0.475), (0.71875, 0.475), (0.71875, 0.475), (0.71875, 0.475), (0.71875, 0.475), (0.71875, 0.275), (0.71875, 0.275), (0.71875, 0.275), (0.71875, 0.275), (0.71875, 0.275), (0.71875, 0.275), (0.71875, 0.275), (0.71875, 0.475), (0.71875, 0.275), (0.71875, 0.475), (0.71875, 0.275), (0.71875, 0.475), (0.71875, 0.475), (0.71875, 0.275), (0.71875, 0.275), (0.71875, 0.275), (0.71875, 0.475), (0.71875, 0.475), (0.71875, 0.475), (0.71875, 0.275), (0.71875, 0.475), (0.71875, 0.275), (0.71875, 0.475), (0.71875, 0.275), (0.71875, 0.475), (0.71875, 0.275), (0.71875, 0.275), (0.71875, 0.275), (0.71875, 0.475), (0.71875, 0.475), (0.71875, 0.475), (0.71875, 0.475), (0.71875, 0.475), (0.71875, 0.475), (0.71875, 0.475), (0.71875, 0.475), (0.71875, 0.275), (0.71875, 0.275), (0.71875, 0.275), (0.71875, 0.275), (0.71875, 0.275), (0.71875, 0.275), (0.71875, 0.275), (0.71875, 0.275), (0.71875, 0.275), (0.71875, 0.275), (0.71875, 0.275), (0.71875, 0.275), (0.71875, 0.275), (0.71875, 0.475), (0.71875, 0.275), (0.71875, 0.475), (0.71875, 0.275), (0.71875, 0.475), (0.71875, 0.475), (0.71875, 0.275), (0.71875, 0.275), (0.71875, 0.275), (0.71875, 0.475), (0.71875, 0.475), (0.71875, 0.475), (0.71875, 0.275), (0.71875, 0.275), (0.71875, 0.275), (0.71875, 0.475), (0.71875, 0.475), (0.71875, 0.475), (0.71875, 0.275), (0.71875, 0.475), (0.71875, 0.275), (0.71875, 0.475), (0.71875, 0.275), (0.71875, 0.475), (0.71875, 0.475), (0.71875, 0.475), (0.71875, 0.475), (0.71875, 0.475), (0.71875, 0.475), (0.71875, 0.275), (0.71875, 0.475), (0.71875, 0.275), (0.71875, 0.475), (0.71875, 0.275), (0.71875, 0.475), (0.71875, 0.475), (0.71875, 0.275), (0.71875, 0.275), (0.71875, 0.275), (0.71875, 0.475), (0.71875, 0.475), (0.71875, 0.475), (0.71875, 0.275), (0.71875, 0.275), (0.71875, 0.275), (0.71875, 0.475), (0.71875, 0.475), (0.71875, 0.475), (0.71875, 0.275), (0.71875, 0.475), (0.71875, 0.275), (0.71875, 0.475), (0.71875, 0.275), (0.71875, 0.475), (0.71875, 0.275), (0.71875, 0.275), (0.71875, 0.275), (0.71875, 0.475), (0.71875, 0.475), (0.71875, 0.475), (0.71875, 0.275), (0.71875, 0.475), (0.71875, 0.275), (0.71875, 0.475), (0.71875, 0.275), (0.71875, 0.275), (0.71875, 0.475), (0.71875, 0.275), (0.71875, 0.475), (0.71875, 0.275), (0.71875, 0.475), (0.71875, 0.475), (0.71875, 0.275), (0.71875, 0.275), (0.71875, 0.275), (0.71875, 0.475), (0.71875, 0.475), (0.71875, 0.475), (0.71875, 0.475), (0.71875, 0.475), (0.71875, 0.475), (0.71875, 0.475), (0.71875, 0.475), (0.71875, 0.475), (0.71875, 0.475), (0.71875, 0.475), (0.71875, 0.475), (0.71875, 0.475), (0.71875, 0.475), (0.71875, 0.475), (0.71875, 0.475), (0.71875, 0.475), (0.71875, 0.475), (0.71875, 0.475), (0.71875, 0.475), (0.71875, 0.275), (0.71875, 0.275), (0.71875, 0.275), (0.71875, 0.275), (0.71875, 0.275), (0.71875, 0.275), (0.71875, 0.275), (0.71875, 0.275), (0.71875, 0.275), (0.71875, 0.275), (0.71875, 0.275), (0.71875, 0.275), (0.71875, 0.275), (0.71875, 0.275), (0.71875, 0.275), (0.71875, 0.275), (0.71875, 0.275), (0.71875, 0.275), (0.71875, 0.475), (0.71875, 0.275), (0.71875, 0.275), (0.71875, 0.275), (0.71875, 0.475), (0.71875, 0.475), (0.71875, 0.475), (0.71875, 0.275), (0.71875, 0.275), (0.71875, 0.275), (0.71875, 0.475), (0.71875, 0.475), (0.71875, 0.475), (0.71875, 0.275), (0.71875, 0.475), (0.71875, 0.275), (0.71875, 0.475), (0.71875, 0.275), (0.71875, 0.475), (0.71875, 0.475), (0.71875, 0.475), (0.71875, 0.475), (0.71875, 0.475), (0.71875, 0.475), (0.71875, 0.275), (0.71875, 0.475), (0.71875, 0.275), (0.71875, 0.475), (0.71875, 0.275), (0.71875, 0.475), (0.71875, 0.275), (0.71875, 0.275), (0.71875, 0.275), (0.71875, 0.275), (0.71875, 0.275), (0.71875, 0.275), (0.09375, 0.338397), (0.09375, 0.275), (0.09375, 0.275), (0.09375, 0.275), (0.09375, 0.338397), (0.09375, 0.338397), (0.09375, 0.358013), (0.09375, 0.311603), (0.09375, 0.311603), (0.09375, 0.311603), (0.09375, 0.358013), (0.09375, 0.358013), (0.09375, 0.275), (0.09375, 0.311603), (0.09375, 0.275), (0.09375, 0.311603), (0.09375, 0.275), (0.09375, 0.311603), (0.09375, 0.275), (0.09375, 0.358013), (0.09375, 0.311603), (0.09375, 0.358013), (0.09375, 0.275), (0.09375, 0.391987), (0.09375, 0.475), (0.09375, 0.391987), (0.09375, 0.275), (0.09375, 0.391987), (0.09375, 0.475), (0.09375, 0.438397), (0.09375, 0.475), (0.09375, 0.275), (0.09375, 0.338397), (0.09375, 0.475), (0.09375, 0.338397), (0.09375, 0.411603), (0.09375, 0.438397), (0.09375, 0.475), (0.09375, 0.438397), (0.09375, 0.475), (0.09375, 0.438397), (0.09375, 0.475), (0.09375, 0.475), (0.09375, 0.411603), (0.09375, 0.411603), (0.09375, 0.411603), (0.09375, 0.475), (0.09375, 0.475), (0.09375, 0.438397), (0.09375, 0.391987), (0.09375, 0.391987), (0.09375, 0.391987), (0.09375, 0.438397), (0.09375, 0.438397), (0.09375, 0.391987), (0.09375, 0.358013), (0.09375, 0.358013), (0.09375, 0.358013), (0.09375, 0.391987), (0.09375, 0.391987), (0.09375, 0.411603), (0.09375, 0.338397), (0.09375, 0.338397), (0.09375, 0.338397), (0.09375, 0.411603), (0.09375, 0.411603), (0.09375, 0.475), (0.09375, 0.391987), (0.09375, 0.438397), (0.09375, 0.391987), (0.09375, 0.475), (0.09375, 0.358013), (0.09375, 0.275), (0.09375, 0.358013), (0.09375, 0.475), (0.09375, 0.358013), (0.09375, 0.275), (0.09375, 0.311603), (0.09375, 0.275), (0.09375, 0.475), (0.09375, 0.411603), (0.09375, 0.275), (0.09375, 0.411603), (0.09375, 0.338397), (0.09375, 0.338397), (0.09375, 0.275), (0.09375, 0.275), (0.09375, 0.275), (0.09375, 0.338397), (0.09375, 0.338397), (0.09375, 0.358013), (0.09375, 0.311603), (0.09375, 0.311603), (0.09375, 0.311603), (0.09375, 0.358013), (0.09375, 0.358013), (0.09375, 0.275), (0.09375, 0.311603), (0.09375, 0.275), (0.09375, 0.311603), (0.09375, 0.275), (0.09375, 0.311603), (0.09375, 0.275), (0.09375, 0.358013), (0.09375, 0.311603), (0.09375, 0.358013), (0.09375, 0.275), (0.09375, 0.391987), (0.09375, 0.475), (0.09375, 0.391987), (0.09375, 0.275), (0.09375, 0.391987), (0.09375, 0.475), (0.09375, 0.438397), (0.09375, 0.475), (0.09375, 0.275), (0.09375, 0.338397), (0.09375, 0.475), (0.09375, 0.338397), (0.09375, 0.411603), (0.09375, 0.438397), (0.09375, 0.475), (0.09375, 0.438397), (0.09375, 0.475), (0.09375, 0.438397), (0.09375, 0.475), (0.09375, 0.475), (0.09375, 0.411603), (0.09375, 0.411603), (0.09375, 0.411603), (0.09375, 0.475), (0.09375, 0.475), (0.09375, 0.438397), (0.09375, 0.391987), (0.09375, 0.391987), (0.09375, 0.391987), (0.09375, 0.438397), (0.09375, 0.438397), (0.09375, 0.391987), (0.09375, 0.358013), (0.09375, 0.358013), (0.09375, 0.358013), (0.09375, 0.391987), (0.09375, 0.391987), (0.09375, 0.411603), (0.09375, 0.338397), (0.09375, 0.338397), (0.09375, 0.338397), (0.09375, 0.411603), (0.09375, 0.411603), (0.09375, 0.475), (0.09375, 0.391987), (0.09375, 0.438397), (0.09375, 0.391987), (0.09375, 0.475), (0.09375, 0.358013), (0.09375, 0.275), (0.09375, 0.358013), (0.09375, 0.475), (0.09375, 0.358013), (0.09375, 0.275), (0.09375, 0.311603), (0.09375, 0.275), (0.09375, 0.475), (0.09375, 0.411603), (0.09375, 0.275), (0.09375, 0.411603), (0.09375, 0.338397), (0.09375, 0.275), (0.09375, 0.275), (0.09375, 0.275), (0.09375, 0.275), (0.09375, 0.275), (0.09375, 0.275), (0.09375, 0.275), (0.09375, 0.32135), (0.09375, 0.275), (0.09375, 0.32135), (0.09375, 0.275), (0.09375, 0.30865), (0.09375, 0.30865), (0.09375, 0.275), (0.09375, 0.32925), (0.09375, 0.32925), (0.09375, 0.275), (0.09375, 0.276104), (0.09375, 0.298175), (0.09375, 0.32135), (0.09375, 0.32135), (0.09375, 0.298175), (0.09375, 0.275), (0.09375, 0.32135), (0.09375, 0.275), (0.09375, 0.298175), (0.09375, 0.275), (0.09375, 0.298175), (0.09375, 0.275), (0.09375, 0.298175), (0.09375, 0.275), (0.09375, 0.298175), (0.09375, 0.32135), (0.09375, 0.32135), (0.09375, 0.298175), (0.09375, 0.32135), (0.09375, 0.298175), (0.09375, 0.285475), (0.09375, 0.298175), (0.09375, 0.285475), (0.09375, 0.298175), (0.09375, 0.285475), (0.09375, 0.32135), (0.09375, 0.30865), (0.09375, 0.32135), (0.09375, 0.30865), (0.09375, 0.32135), (0.09375, 0.30865), (0.09375, 0.285475), (0.09375, 0.32135), (0.09375, 0.298175), (0.09375, 0.32135), (0.09375, 0.285475), (0.09375, 0.30865), (0.09375, 0.32135), (0.09375, 0.30865), (0.09375, 0.32135), (0.09375, 0.30865), (0.09375, 0.32135), (0.09375, 0.30865), (0.09375, 0.30865), (0.09375, 0.298175), (0.09375, 0.32135), (0.09375, 0.298175), (0.09375, 0.30865), (0.09375, 0.285475), (0.09375, 0.30865), (0.09375, 0.275), (0.09375, 0.32135), (0.09375, 0.275), (0.09375, 0.30865), (0.09375, 0.275), (0.09375, 0.275), (0.09375, 0.30865), (0.09375, 0.32925), (0.09375, 0.275), (0.09375, 0.32925), (0.09375, 0.276104), (0.09375, 0.276104), (0.09375, 0.347458), (0.09375, 0.32925), (0.09375, 0.347458), (0.09375, 0.276104), (0.09375, 0.29171), (0.09375, 0.347458), (0.09375, 0.298175), (0.09375, 0.355), (0.09375, 0.298175), (0.09375, 0.347458), (0.09375, 0.29171), (0.09375, 0.347458), (0.09375, 0.276104), (0.09375, 0.32925), (0.09375, 0.276104), (0.09375, 0.347458), (0.09375, 0.29171), (0.09375, 0.355), (0.09375, 0.29171), (0.09375, 0.347458), (0.09375, 0.29171), (0.09375, 0.355), (0.09375, 0.298175), (0.09375, 0.29171), (0.09375, 0.275), (0.09375, 0.276104), (0.09375, 0.275), (0.09375, 0.29171), (0.09375, 0.275), (0.09375, 0.275), (0.09375, 0.29171), (0.09375, 0.298175), (0.09375, 0.275), (0.09375, 0.298175), (0.09375, 0.298175), (0.09375, 0.275), (0.09375, 0.298175), (0.09375, 0.29171), (0.09375, 0.275), (0.09375, 0.29171), (0.09375, 0.276104), (0.09375, 0.32925), (0.09375, 0.30865), (0.09375, 0.30865), (0.09375, 0.30865), (0.09375, 0.32925), (0.09375, 0.30865), (0.09375, 0.285475), (0.09375, 0.30865), (0.09375, 0.30865), (0.09375, 0.30865), (0.09375, 0.285475), (0.09375, 0.285475), (0.09375, 0.30865), (0.09375, 0.32925), (0.09375, 0.30865), (0.09375, 0.30865), (0.09375, 0.32925), (0.09375, 0.32925), (0.09375, 0.32925), (0.09375, 0.32925), (0.09375, 0.347458), (0.09375, 0.32925), (0.09375, 0.347458), (0.09375, 0.347458), (0.09375, 0.347458), (0.09375, 0.347458), (0.09375, 0.355), (0.09375, 0.347458), (0.09375, 0.355), (0.09375, 0.355), (0.34375, 0.475), (0.34375, 0.475), (0.34375, 0.475), (0.34375, 0.475), (0.34375, 0.475), (0.34375, 0.475), (0.34375, 0.475), (0.34375, 0.475), (0.34375, 0.475), (0.34375, 0.475), (0.34375, 0.475), (0.34375, 0.475), (0.34375, 0.475), (0.34375, 0.475), (0.34375, 0.475), (0.34375, 0.475), (0.34375, 0.475), (0.34375, 0.475), (0.34375, 0.475), (0.34375, 0.475), (0.34375, 0.475), (0.34375, 0.475), (0.34375, 0.475), (0.34375, 0.475), (0.34375, 0.475), (0.34375, 0.475), (0.34375, 0.475), (0.34375, 0.475), (0.34375, 0.475), (0.34375, 0.475), (0.34375, 0.475), (0.34375, 0.475), (0.34375, 0.475), (0.34375, 0.475), (0.34375, 0.475), (0.34375, 0.475), (0.59375, 0.713722), (0.59375, 0.725), (0.59375, 0.713722), (0.59375, 0.725), (0.59375, 0.713722), (0.59375, 0.725), (0.59375, 0.713722), (0.59375, 0.725), (0.59375, 0.713722), (0.59375, 0.725), (0.59375, 0.713722), (0.59375, 0.725), (0.59375, 0.725), (0.59375, 0.713722), (0.59375, 0.713722), (0.59375, 0.713722), (0.59375, 0.725), (0.59375, 0.725), (0.59375, 0.725), (0.59375, 0.713722), (0.59375, 0.713722), (0.59375, 0.713722), (0.59375, 0.725), (0.59375, 0.725), (0.59375, 0.713722), (0.59375, 0.725), (0.59375, 0.713722), (0.59375, 0.725), (0.59375, 0.713722), (0.59375, 0.725), (0.59375, 0.713722), (0.59375, 0.725), (0.59375, 0.713722), (0.59375, 0.725), (0.59375, 0.713722), (0.59375, 0.725), (0.59375, 0.725), (0.59375, 0.713722), (0.59375, 0.713722), (0.59375, 0.713722), (0.59375, 0.725), (0.59375, 0.725), (0.59375, 0.725), (0.59375, 0.713722), (0.59375, 0.713722), (0.59375, 0.713722), (0.59375, 0.725), (0.59375, 0.725), (0.59375, 0.713722), (0.59375, 0.691165), (0.59375, 0.691165), (0.59375, 0.691165), (0.59375, 0.713722), (0.59375, 0.713722), (0.59375, 0.713722), (0.59375, 0.691165), (0.59375, 0.691165), (0.59375, 0.691165), (0.59375, 0.713722), (0.59375, 0.713722), (0.59375, 0.713722), (0.59375, 0.691165), (0.59375, 0.691165), (0.59375, 0.691165), (0.59375, 0.713722), (0.59375, 0.713722), (0.59375, 0.691165), (0.59375, 0.713722), (0.59375, 0.691165), (0.59375, 0.713722), (0.59375, 0.691165), (0.59375, 0.713722), (0.59375, 0.691165), (0.59375, 0.713722), (0.59375, 0.691165), (0.59375, 0.713722), (0.59375, 0.691165), (0.59375, 0.713722), (0.59375, 0.691165), (0.59375, 0.713722), (0.59375, 0.691165), (0.59375, 0.713722), (0.59375, 0.691165), (0.59375, 0.713722), (0.59375, 0.691165), (0.59375, 0.713722), (0.59375, 0.691165), (0.59375, 0.713722), (0.59375, 0.691165), (0.59375, 0.713722), (0.59375, 0.713722), (0.59375, 0.691165), (0.59375, 0.713722), (0.59375, 0.691165), (0.59375, 0.713722), (0.59375, 0.691165), (0.59375, 0.713722), (0.59375, 0.725), (0.59375, 0.713722), (0.59375, 0.725), (0.59375, 0.713722), (0.59375, 0.725), (0.59375, 0.713722), (0.59375, 0.725), (0.59375, 0.713722), (0.59375, 0.725), (0.59375, 0.713722), (0.59375, 0.725), (0.59375, 0.725), (0.59375, 0.713722), (0.59375, 0.713722), (0.59375, 0.713722), (0.59375, 0.725), (0.59375, 0.725), (0.59375, 0.725), (0.59375, 0.713722), (0.59375, 0.713722), (0.59375, 0.713722), (0.59375, 0.725), (0.59375, 0.725), (0.59375, 0.713722), (0.59375, 0.725), (0.59375, 0.713722), (0.59375, 0.725), (0.59375, 0.713722), (0.59375, 0.725), (0.59375, 0.713722), (0.59375, 0.725), (0.59375, 0.713722), (0.59375, 0.725), (0.59375, 0.713722), (0.59375, 0.725), (0.59375, 0.725), (0.59375, 0.713722), (0.59375, 0.713722), (0.59375, 0.713722), (0.59375, 0.725), (0.59375, 0.725), (0.59375, 0.725), (0.59375, 0.713722), (0.59375, 0.713722), (0.59375, 0.713722), (0.59375, 0.725), (0.59375, 0.725), (0.59375, 0.713722), (0.59375, 0.691165), (0.59375, 0.691165), (0.59375, 0.691165), (0.59375, 0.713722), (0.59375, 0.713722), (0.59375, 0.713722), (0.59375, 0.691165), (0.59375, 0.691165), (0.59375, 0.691165), (0.59375, 0.713722), (0.59375, 0.713722), (0.59375, 0.713722), (0.59375, 0.691165), (0.59375, 0.691165), (0.59375, 0.691165), (0.59375, 0.713722), (0.59375, 0.713722), (0.59375, 0.691165), (0.59375, 0.713722), (0.59375, 0.691165), (0.59375, 0.713722), (0.59375, 0.691165), (0.59375, 0.713722), (0.59375, 0.691165), (0.59375, 0.713722), (0.59375, 0.691165), (0.59375, 0.713722), (0.59375, 0.691165), (0.59375, 0.713722), (0.59375, 0.691165), (0.59375, 0.713722), (0.59375, 0.691165), (0.59375, 0.713722), (0.59375, 0.691165), (0.59375, 0.713722), (0.59375, 0.713722), (0.59375, 0.691165), (0.59375, 0.691165), (0.59375, 0.691165), (0.59375, 0.713722), (0.59375, 0.713722), (0.59375, 0.713722), (0.59375, 0.691165), (0.59375, 0.713722), (0.59375, 0.691165), (0.59375, 0.713722), (0.59375, 0.691165), (0.84375, 0.355), (0.84375, 0.298175), (0.84375, 0.355), (0.84375, 0.298175), (0.84375, 0.355), (0.84375, 0.298175), (0.34375, 0.448205), (0.34375, 0.422224), (0.34375, 0.416421), (0.34375, 0.395208), (0.34375, 0.416421), (0.34375, 0.422224), (0.34375, 0.416421), (0.34375, 0.395208), (0.34375, 0.448205), (0.34375, 0.422224), (0.34375, 0.448205), (0.34375, 0.395208), (0.34375, 0.475), (0.34375, 0.445), (0.34375, 0.468185), (0.34375, 0.439207), (0.34375, 0.468185), (0.34375, 0.445), (0.34375, 0.468185), (0.34375, 0.439207), (0.34375, 0.448205), (0.34375, 0.422224), (0.34375, 0.448205), (0.34375, 0.439207), (0.34375, 0.468185), (0.34375, 0.439207), (0.34375, 0.475), (0.34375, 0.445), (0.34375, 0.475), (0.34375, 0.439207), (0.34375, 0.275), (0.34375, 0.275), (0.34375, 0.275), (0.34375, 0.275), (0.34375, 0.275), (0.34375, 0.275), (0.34375, 0.416421), (0.34375, 0.395208), (0.34375, 0.375), (0.34375, 0.36), (0.34375, 0.375), (0.34375, 0.395208), (0.34375, 0.275), (0.34375, 0.275), (0.34375, 0.275), (0.34375, 0.275), (0.34375, 0.275), (0.34375, 0.275), (0.34375, 0.275), (0.34375, 0.275), (0.34375, 0.275), (0.34375, 0.275), (0.34375, 0.275), (0.34375, 0.275), (0.34375, 0.275), (0.34375, 0.275), (0.34375, 0.275), (0.34375, 0.275), (0.34375, 0.275), (0.34375, 0.275), (0.34375, 0.275), (0.34375, 0.275), (0.34375, 0.275), (0.34375, 0.275), (0.34375, 0.275), (0.34375, 0.275), (0.34375, 0.275), (0.34375, 0.275), (0.34375, 0.275), (0.34375, 0.275), (0.34375, 0.275), (0.34375, 0.275), (0.34375, 0.275), (0.34375, 0.275), (0.34375, 0.275), (0.34375, 0.275), (0.34375, 0.275), (0.34375, 0.275), (0.34375, 0.275), (0.34375, 0.275), (0.34375, 0.275), (0.34375, 0.275), (0.34375, 0.275), (0.34375, 0.275), (0.34375, 0.326764), (0.34375, 0.318999), (0.34375, 0.275), (0.34375, 0.275), (0.34375, 0.275), (0.34375, 0.318999), (0.34375, 0.275), (0.34375, 0.275), (0.34375, 0.275), (0.34375, 0.275), (0.34375, 0.275), (0.34375, 0.275), (0.34375, 0.275), (0.34375, 0.275), (0.34375, 0.275), (0.34375, 0.275), (0.34375, 0.275), (0.34375, 0.275), (0.34375, 0.375), (0.34375, 0.36), (0.34375, 0.326764), (0.34375, 0.318999), (0.34375, 0.326764), (0.34375, 0.36), (0.34375, 0.275), (0.34375, 0.275), (0.34375, 0.275), (0.34375, 0.275), (0.34375, 0.275), (0.34375, 0.275), (0.34375, 0.275), (0.34375, 0.318999), (0.34375, 0.275), (0.34375, 0.275), (0.34375, 0.318999), (0.34375, 0.275), (0.34375, 0.318999), (0.34375, 0.36), (0.34375, 0.275), (0.34375, 0.275), (0.34375, 0.36), (0.34375, 0.275), (0.34375, 0.36), (0.34375, 0.395208), (0.34375, 0.275), (0.34375, 0.275), (0.34375, 0.395208), (0.34375, 0.275), (0.34375, 0.395208), (0.34375, 0.422224), (0.34375, 0.275), (0.34375, 0.275), (0.34375, 0.422224), (0.34375, 0.275), (0.34375, 0.422224), (0.34375, 0.439207), (0.34375, 0.275), (0.34375, 0.275), (0.34375, 0.439207), (0.34375, 0.275), (0.34375, 0.439207), (0.34375, 0.445), (0.34375, 0.275), (0.34375, 0.275), (0.34375, 0.445), (0.34375, 0.275), (0.34375, 0.445), (0.34375, 0.439207), (0.34375, 0.275), (0.34375, 0.275), (0.34375, 0.439207), (0.34375, 0.275), (0.34375, 0.439207), (0.34375, 0.422224), (0.34375, 0.275), (0.34375, 0.275), (0.34375, 0.422224), (0.34375, 0.275), (0.34375, 0.422224), (0.34375, 0.395208), (0.34375, 0.275), (0.34375, 0.275), (0.34375, 0.395208), (0.34375, 0.275), (0.34375, 0.395208), (0.34375, 0.36), (0.34375, 0.275), (0.34375, 0.275), (0.34375, 0.36), (0.34375, 0.275), (0.34375, 0.36), (0.34375, 0.318999), (0.34375, 0.275), (0.34375, 0.275), (0.34375, 0.275), (0.34375, 0.318999), (0.34375, 0.275), (0.34375, 0.275), (0.34375, 0.275), (0.34375, 0.275), (0.34375, 0.275), (0.34375, 0.275), (0.34375, 0.448205), (0.34375, 0.422224), (0.34375, 0.468185), (0.34375, 0.439207), (0.34375, 0.468185), (0.34375, 0.422224), (0.34375, 0.416421), (0.34375, 0.375), (0.34375, 0.395208), (0.34375, 0.36), (0.34375, 0.395208), (0.34375, 0.375), (0.34375, 0.375), (0.34375, 0.326764), (0.34375, 0.36), (0.34375, 0.318999), (0.34375, 0.36), (0.34375, 0.326764), (0.34375, 0.318999), (0.34375, 0.326764), (0.34375, 0.275), (0.34375, 0.275), (0.34375, 0.275), (0.34375, 0.326764), (0.34375, 0.275), (0.34375, 0.275), (0.34375, 0.275), (0.34375, 0.275), (0.34375, 0.275), (0.34375, 0.275), (0.34375, 0.275), (0.34375, 0.275), (0.34375, 0.275), (0.34375, 0.275), (0.34375, 0.275), (0.34375, 0.275), (0.34375, 0.416421), (0.34375, 0.416421), (0.34375, 0.375), (0.34375, 0.375), (0.34375, 0.375), (0.34375, 0.416421), (0.34375, 0.275), (0.34375, 0.275), (0.34375, 0.275), (0.34375, 0.275), (0.34375, 0.275), (0.34375, 0.275), (0.34375, 0.448205), (0.34375, 0.448205), (0.34375, 0.416421), (0.34375, 0.416421), (0.34375, 0.416421), (0.34375, 0.448205), (0.34375, 0.475), (0.34375, 0.475), (0.34375, 0.468185), (0.34375, 0.468185), (0.34375, 0.468185), (0.34375, 0.475), (0.34375, 0.395208), (0.34375, 0.416421), (0.34375, 0.422224), (0.34375, 0.448205), (0.34375, 0.422224), (0.34375, 0.416421), (0.34375, 0.275), (0.34375, 0.275), (0.34375, 0.275), (0.34375, 0.275), (0.34375, 0.275), (0.34375, 0.275), (0.34375, 0.326764), (0.34375, 0.318999), (0.34375, 0.275), (0.34375, 0.275), (0.34375, 0.275), (0.34375, 0.318999), (0.34375, 0.275), (0.34375, 0.275), (0.34375, 0.275), (0.34375, 0.275), (0.34375, 0.275), (0.34375, 0.275), (0.34375, 0.416421), (0.34375, 0.416421), (0.34375, 0.448205), (0.34375, 0.448205), (0.34375, 0.448205), (0.34375, 0.416421), (0.34375, 0.275), (0.34375, 0.275), (0.34375, 0.275), (0.34375, 0.275), (0.34375, 0.275), (0.34375, 0.275), (0.34375, 0.326764), (0.34375, 0.326764), (0.34375, 0.275), (0.34375, 0.275), (0.34375, 0.275), (0.34375, 0.326764), (0.34375, 0.275), (0.34375, 0.275), (0.34375, 0.275), (0.34375, 0.275), (0.34375, 0.275), (0.34375, 0.275), (0.34375, 0.275), (0.34375, 0.275), (0.34375, 0.275), (0.34375, 0.275), (0.34375, 0.275), (0.34375, 0.275), (0.34375, 0.275), (0.34375, 0.275), (0.34375, 0.275), (0.34375, 0.275), (0.34375, 0.275), (0.34375, 0.275), (0.34375, 0.416421), (0.34375, 0.375), (0.34375, 0.395208), (0.34375, 0.36), (0.34375, 0.395208), (0.34375, 0.375), (0.34375, 0.275), (0.34375, 0.275), (0.34375, 0.275), (0.34375, 0.275), (0.34375, 0.275), (0.34375, 0.275), (0.34375, 0.422224), (0.34375, 0.448205), (0.34375, 0.439207), (0.34375, 0.468185), (0.34375, 0.439207), (0.34375, 0.448205), (0.34375, 0.275), (0.34375, 0.275), (0.34375, 0.275), (0.34375, 0.275), (0.34375, 0.275), (0.34375, 0.275), (0.34375, 0.326764), (0.34375, 0.326764), (0.34375, 0.275), (0.34375, 0.275), (0.34375, 0.275), (0.34375, 0.326764), (0.34375, 0.275), (0.34375, 0.275), (0.34375, 0.275), (0.34375, 0.275), (0.34375, 0.275), (0.34375, 0.275), (0.34375, 0.416421), (0.34375, 0.395208), (0.34375, 0.375), (0.34375, 0.36), (0.34375, 0.375), (0.34375, 0.395208), (0.34375, 0.275), (0.34375, 0.275), (0.34375, 0.275), (0.34375, 0.275), (0.34375, 0.275), (0.34375, 0.275), (0.34375, 0.275), (0.34375, 0.275), (0.34375, 0.275), (0.34375, 0.275), (0.34375, 0.275), (0.34375, 0.275), (0.34375, 0.445), (0.34375, 0.439207), (0.34375, 0.475), (0.34375, 0.468185), (0.34375, 0.475), (0.34375, 0.439207), (0.34375, 0.375), (0.34375, 0.375), (0.34375, 0.326764), (0.34375, 0.326764), (0.34375, 0.326764), (0.34375, 0.375), (0.34375, 0.275), (0.34375, 0.275), (0.34375, 0.275), (0.34375, 0.275), (0.34375, 0.275), (0.34375, 0.275), (0.34375, 0.439207), (0.34375, 0.468185), (0.34375, 0.422224), (0.34375, 0.448205), (0.34375, 0.422224), (0.34375, 0.468185), (0.34375, 0.275), (0.34375, 0.275), (0.34375, 0.275), (0.34375, 0.275), (0.34375, 0.275), (0.34375, 0.275), (0.34375, 0.395208), (0.34375, 0.422224), (0.34375, 0.416421), (0.34375, 0.448205), (0.34375, 0.416421), (0.34375, 0.422224), (0.34375, 0.275), (0.34375, 0.275), (0.34375, 0.275), (0.34375, 0.275), (0.34375, 0.275), (0.34375, 0.275), (0.34375, 0.275), (0.34375, 0.275), (0.34375, 0.275), (0.34375, 0.275), (0.34375, 0.275), (0.34375, 0.275), (0.34375, 0.318999), (0.34375, 0.326764), (0.34375, 0.275), (0.34375, 0.275), (0.34375, 0.275), (0.34375, 0.326764), (0.34375, 0.375), (0.34375, 0.36), (0.34375, 0.326764), (0.34375, 0.318999), (0.34375, 0.326764), (0.34375, 0.36), (0.34375, 0.275), (0.34375, 0.275), (0.34375, 0.275), (0.34375, 0.275), (0.34375, 0.275), (0.34375, 0.275), (0.34375, 0.275), (0.34375, 0.275), (0.34375, 0.275), (0.34375, 0.275), (0.34375, 0.275), (0.34375, 0.275), (0.34375, 0.439207), (0.34375, 0.445), (0.34375, 0.468185), (0.34375, 0.475), (0.34375, 0.468185), (0.34375, 0.445), (0.34375, 0.275), (0.34375, 0.275), (0.34375, 0.275), (0.34375, 0.275), (0.34375, 0.275), (0.34375, 0.275), (0.34375, 0.416421), (0.34375, 0.416421), (0.34375, 0.375), (0.34375, 0.375), (0.34375, 0.375), (0.34375, 0.416421), (0.34375, 0.448205), (0.34375, 0.448205), (0.34375, 0.468185), (0.34375, 0.468185), (0.34375, 0.468185), (0.34375, 0.448205), (0.34375, 0.375), (0.34375, 0.326764), (0.34375, 0.36), (0.34375, 0.318999), (0.34375, 0.36), (0.34375, 0.326764), (0.34375, 0.275), (0.34375, 0.275), (0.34375, 0.275), (0.34375, 0.275), (0.34375, 0.275), (0.34375, 0.275), (0.34375, 0.468185), (0.34375, 0.468185), (0.34375, 0.448205), (0.34375, 0.448205), (0.34375, 0.448205), (0.34375, 0.468185), (0.34375, 0.275), (0.34375, 0.275), (0.34375, 0.275), (0.34375, 0.275), (0.34375, 0.275), (0.34375, 0.275), (0.34375, 0.475), (0.34375, 0.468185), (0.34375, 0.475), (0.34375, 0.468185), (0.34375, 0.475), (0.34375, 0.468185), (0.34375, 0.375), (0.34375, 0.375), (0.34375, 0.326764), (0.34375, 0.326764), (0.34375, 0.326764), (0.34375, 0.375), (0.34375, 0.275), (0.34375, 0.275), (0.34375, 0.275), (0.34375, 0.275), (0.34375, 0.275), (0.34375, 0.275), (0.46875, 0.275), (0.46875, 0.275), (0.46875, 0.275), (0.46875, 0.275), (0.46875, 0.275), (0.46875, 0.275), (0.46875, 0.275), (0.46875, 0.275), (0.46875, 0.275), (0.46875, 0.275), (0.46875, 0.275), (0.46875, 0.275), (0.46875, 0.275), (0.46875, 0.275), (0.46875, 0.275), (0.46875, 0.275), (0.46875, 0.275), (0.46875, 0.275), (0.46875, 0.345529), (0.46875, 0.338234), (0.46875, 0.327897), (0.46875, 0.322426), (0.46875, 0.327897), (0.46875, 0.338234), (0.46875, 0.275), (0.46875, 0.275), (0.46875, 0.275), (0.46875, 0.275), (0.46875, 0.275), (0.46875, 0.275), (0.46875, 0.311509), (0.46875, 0.293898), (0.46875, 0.302381), (0.46875, 0.289174), (0.46875, 0.302381), (0.46875, 0.293898), (0.46875, 0.275), (0.46875, 0.275), (0.46875, 0.275), (0.46875, 0.275), (0.46875, 0.275), (0.46875, 0.275), (0.46875, 0.275), (0.46875, 0.275), (0.46875, 0.275), (0.46875, 0.275), (0.46875, 0.275), (0.46875, 0.275), (0.46875, 0.289174), (0.46875, 0.293898), (0.46875, 0.275), (0.46875, 0.275), (0.46875, 0.275), (0.46875, 0.293898), (0.46875, 0.275), (0.46875, 0.275), (0.46875, 0.275), (0.46875, 0.275), (0.46875, 0.275), (0.46875, 0.275), (0.46875, 0.338234), (0.46875, 0.326631), (0.46875, 0.322426), (0.46875, 0.313723), (0.46875, 0.322426), (0.46875, 0.326631), (0.46875, 0.345529), (0.46875, 0.327897), (0.46875, 0.338234), (0.46875, 0.322426), (0.46875, 0.338234), (0.46875, 0.327897), (0.46875, 0.345529), (0.46875, 0.348017), (0.46875, 0.327897), (0.46875, 0.329763), (0.46875, 0.327897), (0.46875, 0.348017), (0.46875, 0.348017), (0.46875, 0.345529), (0.46875, 0.329763), (0.46875, 0.327897), (0.46875, 0.329763), (0.46875, 0.345529), (0.46875, 0.311509), (0.46875, 0.302381), (0.46875, 0.293898), (0.46875, 0.289174), (0.46875, 0.293898), (0.46875, 0.302381), (0.46875, 0.326631), (0.46875, 0.313723), (0.46875, 0.311509), (0.46875, 0.302381), (0.46875, 0.311509), (0.46875, 0.313723), (0.46875, 0.275), (0.46875, 0.275), (0.46875, 0.275), (0.46875, 0.275), (0.46875, 0.275), (0.46875, 0.275), (0.46875, 0.275), (0.46875, 0.275), (0.46875, 0.275), (0.46875, 0.275), (0.46875, 0.275), (0.46875, 0.275), (0.46875, 0.275), (0.46875, 0.275), (0.46875, 0.275), (0.46875, 0.275), (0.46875, 0.275), (0.46875, 0.275), (0.46875, 0.275), (0.46875, 0.275), (0.46875, 0.275), (0.46875, 0.275), (0.46875, 0.275), (0.46875, 0.275), (0.46875, 0.326631), (0.46875, 0.311509), (0.46875, 0.313723), (0.46875, 0.302381), (0.46875, 0.313723), (0.46875, 0.311509), (0.46875, 0.293898), (0.46875, 0.289174), (0.46875, 0.275), (0.46875, 0.275), (0.46875, 0.275), (0.46875, 0.289174), (0.46875, 0.275), (0.46875, 0.275), (0.46875, 0.289174), (0.46875, 0.289174), (0.46875, 0.275), (0.46875, 0.302381), (0.46875, 0.275), (0.46875, 0.275), (0.46875, 0.302381), (0.46875, 0.302381), (0.46875, 0.275), (0.46875, 0.313723), (0.46875, 0.275), (0.46875, 0.275), (0.46875, 0.313723), (0.46875, 0.313723), (0.46875, 0.275), (0.46875, 0.322426), (0.46875, 0.275), (0.46875, 0.275), (0.46875, 0.322426), (0.46875, 0.322426), (0.46875, 0.275), (0.46875, 0.327897), (0.46875, 0.275), (0.46875, 0.275), (0.46875, 0.327897), (0.46875, 0.327897), (0.46875, 0.275), (0.46875, 0.329763), (0.46875, 0.275), (0.46875, 0.275), (0.46875, 0.329763), (0.46875, 0.329763), (0.46875, 0.275), (0.46875, 0.327897), (0.46875, 0.275), (0.46875, 0.275), (0.46875, 0.327897), (0.46875, 0.327897), (0.46875, 0.275), (0.46875, 0.322426), (0.46875, 0.275), (0.46875, 0.275), (0.46875, 0.322426), (0.46875, 0.322426), (0.46875, 0.275), (0.46875, 0.313723), (0.46875, 0.275), (0.46875, 0.275), (0.46875, 0.313723), (0.46875, 0.313723), (0.46875, 0.275), (0.46875, 0.302381), (0.46875, 0.275), (0.46875, 0.275), (0.46875, 0.302381), (0.46875, 0.302381), (0.46875, 0.275), (0.46875, 0.289174), (0.46875, 0.275), (0.46875, 0.275), (0.46875, 0.289174), (0.46875, 0.275), (0.46875, 0.289174), (0.46875, 0.275), (0.46875, 0.275), (0.46875, 0.275), (0.46875, 0.275), (0.46875, 0.275), (0.46875, 0.275), (0.46875, 0.275), (0.46875, 0.338234), (0.46875, 0.322426), (0.46875, 0.326631), (0.46875, 0.313723), (0.46875, 0.326631), (0.46875, 0.322426), (0.46875, 0.375), (0.46875, 0.400882), (0.46875, 0.349118), (0.46875, 0.349118), (0.46875, 0.400882), (0.46875, 0.325), (0.46875, 0.400882), (0.46875, 0.425), (0.46875, 0.325), (0.46875, 0.325), (0.46875, 0.425), (0.46875, 0.304289), (0.46875, 0.425), (0.46875, 0.445711), (0.46875, 0.304289), (0.46875, 0.445711), (0.46875, 0.375), (0.46875, 0.304289), (0.46875, 0.375), (0.46875, 0.357807), (0.46875, 0.304289), (0.46875, 0.375), (0.46875, 0.445711), (0.46875, 0.392193), (0.46875, 0.357807), (0.46875, 0.341786), (0.46875, 0.304289), (0.46875, 0.392193), (0.46875, 0.445711), (0.46875, 0.408214), (0.46875, 0.304289), (0.46875, 0.341786), (0.46875, 0.288397), (0.46875, 0.445711), (0.46875, 0.461603), (0.46875, 0.408214), (0.46875, 0.341786), (0.46875, 0.328029), (0.46875, 0.288397), (0.46875, 0.328029), (0.46875, 0.317472), (0.46875, 0.288397), (0.46875, 0.288397), (0.46875, 0.317472), (0.46875, 0.278407), (0.46875, 0.408214), (0.46875, 0.461603), (0.46875, 0.421971), (0.46875, 0.421971), (0.46875, 0.461603), (0.46875, 0.432528), (0.46875, 0.461603), (0.46875, 0.471593), (0.46875, 0.432528), (0.46875, 0.317472), (0.46875, 0.310836), (0.46875, 0.278407), (0.46875, 0.278407), (0.46875, 0.310836), (0.46875, 0.275), (0.46875, 0.310836), (0.46875, 0.308573), (0.46875, 0.275), (0.46875, 0.308573), (0.46875, 0.310836), (0.46875, 0.275), (0.46875, 0.275), (0.46875, 0.310836), (0.46875, 0.278407), (0.46875, 0.432528), (0.46875, 0.471593), (0.46875, 0.439164), (0.46875, 0.439164), (0.46875, 0.471593), (0.46875, 0.441427), (0.46875, 0.471593), (0.46875, 0.475), (0.46875, 0.441427), (0.46875, 0.310836), (0.46875, 0.317472), (0.46875, 0.278407), (0.46875, 0.317472), (0.46875, 0.328029), (0.46875, 0.278407), (0.46875, 0.278407), (0.46875, 0.328029), (0.46875, 0.288397), (0.46875, 0.441427), (0.46875, 0.475), (0.46875, 0.439164), (0.46875, 0.475), (0.46875, 0.471593), (0.46875, 0.439164), (0.46875, 0.439164), (0.46875, 0.471593), (0.46875, 0.432528), (0.46875, 0.432528), (0.46875, 0.471593), (0.46875, 0.421971), (0.46875, 0.471593), (0.46875, 0.461603), (0.46875, 0.421971), (0.46875, 0.328029), (0.46875, 0.341786), (0.46875, 0.288397), (0.46875, 0.341786), (0.46875, 0.357807), (0.46875, 0.288397), (0.46875, 0.288397), (0.46875, 0.357807), (0.46875, 0.304289), (0.46875, 0.421971), (0.46875, 0.461603), (0.46875, 0.408214), (0.46875, 0.408214), (0.46875, 0.461603), (0.46875, 0.392193), (0.46875, 0.461603), (0.46875, 0.445711), (0.46875, 0.392193), (0.46875, 0.357807), (0.46875, 0.375), (0.46875, 0.304289), (0.46875, 0.375), (0.46875, 0.392193), (0.46875, 0.445711), (0.46875, 0.375), (0.46875, 0.445711), (0.46875, 0.304289), (0.46875, 0.445711), (0.46875, 0.425), (0.46875, 0.304289), (0.46875, 0.304289), (0.46875, 0.425), (0.46875, 0.325), (0.46875, 0.325), (0.46875, 0.425), (0.46875, 0.349118), (0.46875, 0.425), (0.46875, 0.400882), (0.46875, 0.349118), (0.46875, 0.375), (0.46875, 0.349118), (0.46875, 0.400882), (0.59375, 0.525), (0.59375, 0.525), (0.59375, 0.568999), (0.59375, 0.568999), (0.59375, 0.525), (0.59375, 0.61), (0.59375, 0.525), (0.59375, 0.525), (0.59375, 0.61), (0.59375, 0.61), (0.59375, 0.525), (0.59375, 0.645208), (0.59375, 0.525), (0.59375, 0.525), (0.59375, 0.645208), (0.59375, 0.525), (0.59375, 0.525), (0.59375, 0.645208), (0.59375, 0.525), (0.59375, 0.553449), (0.59375, 0.645208), (0.59375, 0.525), (0.59375, 0.525), (0.59375, 0.525), (0.59375, 0.553449), (0.59375, 0.57996), (0.59375, 0.645208), (0.59375, 0.525), (0.59375, 0.525), (0.59375, 0.525), (0.59375, 0.645208), (0.59375, 0.57996), (0.59375, 0.672224), (0.59375, 0.525), (0.59375, 0.525), (0.59375, 0.525), (0.59375, 0.57996), (0.59375, 0.602725), (0.59375, 0.672224), (0.59375, 0.602725), (0.59375, 0.620194), (0.59375, 0.672224), (0.59375, 0.672224), (0.59375, 0.620194), (0.59375, 0.689207), (0.59375, 0.525), (0.59375, 0.525), (0.59375, 0.525), (0.59375, 0.525), (0.59375, 0.525), (0.59375, 0.525), (0.59375, 0.525), (0.59375, 0.525), (0.59375, 0.525), (0.59375, 0.620194), (0.59375, 0.631175), (0.59375, 0.689207), (0.59375, 0.689207), (0.59375, 0.631175), (0.59375, 0.695), (0.59375, 0.631175), (0.59375, 0.63492), (0.59375, 0.695), (0.59375, 0.63492), (0.59375, 0.631175), (0.59375, 0.695), (0.59375, 0.695), (0.59375, 0.631175), (0.59375, 0.689207), (0.59375, 0.525), (0.59375, 0.525), (0.59375, 0.525), (0.59375, 0.525), (0.59375, 0.525), (0.59375, 0.525), (0.59375, 0.525), (0.59375, 0.525), (0.59375, 0.525), (0.59375, 0.631175), (0.59375, 0.620194), (0.59375, 0.689207), (0.59375, 0.620194), (0.59375, 0.602725), (0.59375, 0.689207), (0.59375, 0.689207), (0.59375, 0.602725), (0.59375, 0.672224), (0.59375, 0.525), (0.59375, 0.525), (0.59375, 0.525), (0.59375, 0.525), (0.59375, 0.525), (0.59375, 0.525), (0.59375, 0.525), (0.59375, 0.525), (0.59375, 0.525), (0.59375, 0.525), (0.59375, 0.525), (0.59375, 0.525), (0.59375, 0.525), (0.59375, 0.525), (0.59375, 0.525), (0.59375, 0.602725), (0.59375, 0.57996), (0.59375, 0.672224), (0.59375, 0.57996), (0.59375, 0.553449), (0.59375, 0.672224), (0.59375, 0.672224), (0.59375, 0.553449), (0.59375, 0.645208), (0.59375, 0.525), (0.59375, 0.525), (0.59375, 0.525), (0.59375, 0.525), (0.59375, 0.525), (0.59375, 0.525), (0.59375, 0.525), (0.59375, 0.525), (0.59375, 0.525), (0.59375, 0.525), (0.59375, 0.645208), (0.59375, 0.553449), (0.59375, 0.525), (0.59375, 0.525), (0.59375, 0.525), (0.59375, 0.525), (0.59375, 0.525), (0.59375, 0.645208), (0.59375, 0.645208), (0.59375, 0.525), (0.59375, 0.61), (0.59375, 0.525), (0.59375, 0.525), (0.59375, 0.61), (0.59375, 0.61), (0.59375, 0.525), (0.59375, 0.568999), (0.59375, 0.525), (0.59375, 0.525), (0.59375, 0.568999), (0.59375, 0.525), (0.59375, 0.568999), (0.59375, 0.525), (0.34375, 0.275), (0.34375, 0.275), (0.34375, 0.275), (0.34375, 0.275), (0.34375, 0.275), (0.34375, 0.275), (0.34375, 0.375), (0.34375, 0.326764), (0.34375, 0.326764), (0.34375, 0.326764), (0.34375, 0.375), (0.34375, 0.375), (0.34375, 0.468185), (0.34375, 0.475), (0.34375, 0.468185), (0.34375, 0.475), (0.34375, 0.468185), (0.34375, 0.475), (0.34375, 0.275), (0.34375, 0.275), (0.34375, 0.275), (0.34375, 0.275), (0.34375, 0.275), (0.34375, 0.275), (0.34375, 0.468185), (0.34375, 0.448205), (0.34375, 0.448205), (0.34375, 0.448205), (0.34375, 0.468185), (0.34375, 0.468185), (0.34375, 0.275), (0.34375, 0.275), (0.34375, 0.275), (0.34375, 0.275), (0.34375, 0.275), (0.34375, 0.275), (0.34375, 0.326764), (0.34375, 0.36), (0.34375, 0.318999), (0.34375, 0.36), (0.34375, 0.326764), (0.34375, 0.375), (0.34375, 0.448205), (0.34375, 0.468185), (0.34375, 0.468185), (0.34375, 0.468185), (0.34375, 0.448205), (0.34375, 0.448205), (0.34375, 0.416421), (0.34375, 0.375), (0.34375, 0.375), (0.34375, 0.375), (0.34375, 0.416421), (0.34375, 0.416421), (0.34375, 0.275), (0.34375, 0.275), (0.34375, 0.275), (0.34375, 0.275), (0.34375, 0.275), (0.34375, 0.275), (0.34375, 0.445), (0.34375, 0.468185), (0.34375, 0.475), (0.34375, 0.468185), (0.34375, 0.445), (0.34375, 0.439207), (0.34375, 0.275), (0.34375, 0.275), (0.34375, 0.275), (0.34375, 0.275), (0.34375, 0.275), (0.34375, 0.275), (0.34375, 0.275), (0.34375, 0.275), (0.34375, 0.275), (0.34375, 0.275), (0.34375, 0.275), (0.34375, 0.275), (0.34375, 0.36), (0.34375, 0.326764), (0.34375, 0.318999), (0.34375, 0.326764), (0.34375, 0.36), (0.34375, 0.375), (0.34375, 0.326764), (0.34375, 0.275), (0.34375, 0.275), (0.34375, 0.275), (0.34375, 0.326764), (0.34375, 0.318999), (0.34375, 0.275), (0.34375, 0.275), (0.34375, 0.275), (0.34375, 0.275), (0.34375, 0.275), (0.34375, 0.275), (0.34375, 0.275), (0.34375, 0.275), (0.34375, 0.275), (0.34375, 0.275), (0.34375, 0.275), (0.34375, 0.275), (0.34375, 0.422224), (0.34375, 0.416421), (0.34375, 0.448205), (0.34375, 0.416421), (0.34375, 0.422224), (0.34375, 0.395208), (0.34375, 0.275), (0.34375, 0.275), (0.34375, 0.275), (0.34375, 0.275), (0.34375, 0.275), (0.34375, 0.275), (0.34375, 0.468185), (0.34375, 0.422224), (0.34375, 0.448205), (0.34375, 0.422224), (0.34375, 0.468185), (0.34375, 0.439207), (0.34375, 0.275), (0.34375, 0.275), (0.34375, 0.275), (0.34375, 0.275), (0.34375, 0.275), (0.34375, 0.275), (0.34375, 0.375), (0.34375, 0.326764), (0.34375, 0.326764), (0.34375, 0.326764), (0.34375, 0.375), (0.34375, 0.375), (0.34375, 0.439207), (0.34375, 0.475), (0.34375, 0.468185), (0.34375, 0.475), (0.34375, 0.439207), (0.34375, 0.445), (0.34375, 0.275), (0.34375, 0.275), (0.34375, 0.275), (0.34375, 0.275), (0.34375, 0.275), (0.34375, 0.275), (0.34375, 0.275), (0.34375, 0.275), (0.34375, 0.275), (0.34375, 0.275), (0.34375, 0.275), (0.34375, 0.275), (0.34375, 0.395208), (0.34375, 0.375), (0.34375, 0.36), (0.34375, 0.375), (0.34375, 0.395208), (0.34375, 0.416421), (0.34375, 0.275), (0.34375, 0.275), (0.34375, 0.275), (0.34375, 0.275), (0.34375, 0.275), (0.34375, 0.275), (0.34375, 0.326764), (0.34375, 0.275), (0.34375, 0.275), (0.34375, 0.275), (0.34375, 0.326764), (0.34375, 0.326764), (0.34375, 0.275), (0.34375, 0.275), (0.34375, 0.275), (0.34375, 0.275), (0.34375, 0.275), (0.34375, 0.275), (0.34375, 0.448205), (0.34375, 0.439207), (0.34375, 0.468185), (0.34375, 0.439207), (0.34375, 0.448205), (0.34375, 0.422224), (0.34375, 0.275), (0.34375, 0.275), (0.34375, 0.275), (0.34375, 0.275), (0.34375, 0.275), (0.34375, 0.275), (0.34375, 0.375), (0.34375, 0.395208), (0.34375, 0.36), (0.34375, 0.395208), (0.34375, 0.375), (0.34375, 0.416421), (0.34375, 0.275), (0.34375, 0.275), (0.34375, 0.275), (0.34375, 0.275), (0.34375, 0.275), (0.34375, 0.275), (0.34375, 0.275), (0.34375, 0.275), (0.34375, 0.275), (0.34375, 0.275), (0.34375, 0.275), (0.34375, 0.275), (0.34375, 0.275), (0.34375, 0.275), (0.34375, 0.275), (0.34375, 0.275), (0.34375, 0.275), (0.34375, 0.275), (0.34375, 0.326764), (0.34375, 0.275), (0.34375, 0.275), (0.34375, 0.275), (0.34375, 0.326764), (0.34375, 0.326764), (0.34375, 0.275), (0.34375, 0.275), (0.34375, 0.275), (0.34375, 0.275), (0.34375, 0.275), (0.34375, 0.275), (0.34375, 0.416421), (0.34375, 0.448205), (0.34375, 0.448205), (0.34375, 0.448205), (0.34375, 0.416421), (0.34375, 0.416421), (0.34375, 0.275), (0.34375, 0.275), (0.34375, 0.275), (0.34375, 0.275), (0.34375, 0.275), (0.34375, 0.275), (0.34375, 0.318999), (0.34375, 0.275), (0.34375, 0.275), (0.34375, 0.275), (0.34375, 0.318999), (0.34375, 0.326764), (0.34375, 0.275), (0.34375, 0.275), (0.34375, 0.275), (0.34375, 0.275), (0.34375, 0.275), (0.34375, 0.275), (0.34375, 0.416421), (0.34375, 0.422224), (0.34375, 0.448205), (0.34375, 0.422224), (0.34375, 0.416421), (0.34375, 0.395208), (0.34375, 0.475), (0.34375, 0.468185), (0.34375, 0.468185), (0.34375, 0.468185), (0.34375, 0.475), (0.34375, 0.475), (0.34375, 0.448205), (0.34375, 0.416421), (0.34375, 0.416421), (0.34375, 0.416421), (0.34375, 0.448205), (0.34375, 0.448205), (0.34375, 0.275), (0.34375, 0.275), (0.34375, 0.275), (0.34375, 0.275), (0.34375, 0.275), (0.34375, 0.275), (0.34375, 0.416421), (0.34375, 0.375), (0.34375, 0.375), (0.34375, 0.375), (0.34375, 0.416421), (0.34375, 0.416421), (0.34375, 0.275), (0.34375, 0.275), (0.34375, 0.275), (0.34375, 0.275), (0.34375, 0.275), (0.34375, 0.275), (0.34375, 0.275), (0.34375, 0.275), (0.34375, 0.275), (0.34375, 0.275), (0.34375, 0.275), (0.34375, 0.275), (0.34375, 0.326764), (0.34375, 0.275), (0.34375, 0.275), (0.34375, 0.275), (0.34375, 0.326764), (0.34375, 0.318999), (0.34375, 0.326764), (0.34375, 0.36), (0.34375, 0.318999), (0.34375, 0.36), (0.34375, 0.326764), (0.34375, 0.375), (0.34375, 0.375), (0.34375, 0.395208), (0.34375, 0.36), (0.34375, 0.395208), (0.34375, 0.375), (0.34375, 0.416421), (0.34375, 0.422224), (0.34375, 0.468185), (0.34375, 0.439207), (0.34375, 0.468185), (0.34375, 0.422224), (0.34375, 0.448205), (0.34375, 0.275), (0.34375, 0.275), (0.34375, 0.275), (0.34375, 0.275), (0.34375, 0.275), (0.34375, 0.275), (0.34375, 0.318999), (0.34375, 0.275), (0.34375, 0.275), (0.34375, 0.275), (0.34375, 0.318999), (0.34375, 0.36), (0.34375, 0.275), (0.34375, 0.36), (0.34375, 0.275), (0.34375, 0.275), (0.34375, 0.36), (0.34375, 0.395208), (0.34375, 0.275), (0.34375, 0.395208), (0.34375, 0.275), (0.34375, 0.275), (0.34375, 0.395208), (0.34375, 0.422224), (0.34375, 0.275), (0.34375, 0.422224), (0.34375, 0.275), (0.34375, 0.275), (0.34375, 0.422224), (0.34375, 0.439207), (0.34375, 0.275), (0.34375, 0.439207), (0.34375, 0.275), (0.34375, 0.275), (0.34375, 0.439207), (0.34375, 0.445), (0.34375, 0.275), (0.34375, 0.445), (0.34375, 0.275), (0.34375, 0.275), (0.34375, 0.445), (0.34375, 0.439207), (0.34375, 0.275), (0.34375, 0.439207), (0.34375, 0.275), (0.34375, 0.275), (0.34375, 0.439207), (0.34375, 0.422224), (0.34375, 0.275), (0.34375, 0.422224), (0.34375, 0.275), (0.34375, 0.275), (0.34375, 0.422224), (0.34375, 0.395208), (0.34375, 0.275), (0.34375, 0.395208), (0.34375, 0.275), (0.34375, 0.275), (0.34375, 0.395208), (0.34375, 0.36), (0.34375, 0.275), (0.34375, 0.36), (0.34375, 0.275), (0.34375, 0.275), (0.34375, 0.36), (0.34375, 0.318999), (0.34375, 0.275), (0.34375, 0.318999), (0.34375, 0.275), (0.34375, 0.275), (0.34375, 0.318999), (0.34375, 0.275), (0.34375, 0.275), (0.34375, 0.275), (0.34375, 0.275), (0.34375, 0.275), (0.34375, 0.275), (0.34375, 0.275), (0.34375, 0.36), (0.34375, 0.326764), (0.34375, 0.318999), (0.34375, 0.326764), (0.34375, 0.36), (0.34375, 0.375), (0.34375, 0.275), (0.34375, 0.275), (0.34375, 0.275), (0.34375, 0.275), (0.34375, 0.275), (0.34375, 0.275), (0.34375, 0.275), (0.34375, 0.275), (0.34375, 0.275), (0.34375, 0.275), (0.34375, 0.275), (0.34375, 0.275), (0.34375, 0.318999), (0.34375, 0.275), (0.34375, 0.275), (0.34375, 0.275), (0.34375, 0.318999), (0.34375, 0.326764), (0.34375, 0.275), (0.34375, 0.275), (0.34375, 0.275), (0.34375, 0.275), (0.34375, 0.275), (0.34375, 0.275), (0.34375, 0.275), (0.34375, 0.275), (0.34375, 0.275), (0.34375, 0.275), (0.34375, 0.275), (0.34375, 0.275), (0.34375, 0.275), (0.34375, 0.275), (0.34375, 0.275), (0.34375, 0.275), (0.34375, 0.275), (0.34375, 0.275), (0.34375, 0.275), (0.34375, 0.275), (0.34375, 0.275), (0.34375, 0.275), (0.34375, 0.275), (0.34375, 0.275), (0.34375, 0.275), (0.34375, 0.275), (0.34375, 0.275), (0.34375, 0.275), (0.34375, 0.275), (0.34375, 0.275), (0.34375, 0.275), (0.34375, 0.275), (0.34375, 0.275), (0.34375, 0.275), (0.34375, 0.275), (0.34375, 0.275), (0.34375, 0.275), (0.34375, 0.275), (0.34375, 0.275), (0.34375, 0.275), (0.34375, 0.275), (0.34375, 0.275), (0.34375, 0.395208), (0.34375, 0.375), (0.34375, 0.36), (0.34375, 0.375), (0.34375, 0.395208), (0.34375, 0.416421), (0.34375, 0.275), (0.34375, 0.275), (0.34375, 0.275), (0.34375, 0.275), (0.34375, 0.275), (0.34375, 0.275), (0.34375, 0.439207), (0.34375, 0.475), (0.34375, 0.445), (0.34375, 0.475), (0.34375, 0.439207), (0.34375, 0.468185), (0.34375, 0.439207), (0.34375, 0.448205), (0.34375, 0.422224), (0.34375, 0.448205), (0.34375, 0.439207), (0.34375, 0.468185), (0.34375, 0.445), (0.34375, 0.468185), (0.34375, 0.439207), (0.34375, 0.468185), (0.34375, 0.445), (0.34375, 0.475), (0.34375, 0.395208), (0.34375, 0.448205), (0.34375, 0.422224), (0.34375, 0.448205), (0.34375, 0.395208), (0.34375, 0.416421), (0.34375, 0.422224), (0.34375, 0.416421), (0.34375, 0.395208), (0.34375, 0.416421), (0.34375, 0.422224), (0.34375, 0.448205), (0.46875, 0.322426), (0.46875, 0.326631), (0.46875, 0.313723), (0.46875, 0.326631), (0.46875, 0.322426), (0.46875, 0.338234), (0.46875, 0.275), (0.46875, 0.275), (0.46875, 0.275), (0.46875, 0.275), (0.46875, 0.275), (0.46875, 0.275), (0.46875, 0.275), (0.46875, 0.289174), (0.46875, 0.275), (0.46875, 0.289174), (0.46875, 0.275), (0.46875, 0.275), (0.46875, 0.289174), (0.46875, 0.275), (0.46875, 0.302381), (0.46875, 0.302381), (0.46875, 0.275), (0.46875, 0.275), (0.46875, 0.302381), (0.46875, 0.275), (0.46875, 0.313723), (0.46875, 0.313723), (0.46875, 0.275), (0.46875, 0.275), (0.46875, 0.313723), (0.46875, 0.275), (0.46875, 0.322426), (0.46875, 0.322426), (0.46875, 0.275), (0.46875, 0.275), (0.46875, 0.322426), (0.46875, 0.275), (0.46875, 0.327897), (0.46875, 0.327897), (0.46875, 0.275), (0.46875, 0.275), (0.46875, 0.327897), (0.46875, 0.275), (0.46875, 0.329763), (0.46875, 0.329763), (0.46875, 0.275), (0.46875, 0.275), (0.46875, 0.329763), (0.46875, 0.275), (0.46875, 0.327897), (0.46875, 0.327897), (0.46875, 0.275), (0.46875, 0.275), (0.46875, 0.327897), (0.46875, 0.275), (0.46875, 0.322426), (0.46875, 0.322426), (0.46875, 0.275), (0.46875, 0.275), (0.46875, 0.322426), (0.46875, 0.275), (0.46875, 0.313723), (0.46875, 0.313723), (0.46875, 0.275), (0.46875, 0.275), (0.46875, 0.313723), (0.46875, 0.275), (0.46875, 0.302381), (0.46875, 0.302381), (0.46875, 0.275), (0.46875, 0.275), (0.46875, 0.302381), (0.46875, 0.275), (0.46875, 0.289174), (0.46875, 0.289174), (0.46875, 0.275), (0.46875, 0.275), (0.46875, 0.289174), (0.46875, 0.275), (0.46875, 0.275), (0.46875, 0.275), (0.46875, 0.289174), (0.46875, 0.293898), (0.46875, 0.311509), (0.46875, 0.313723), (0.46875, 0.302381), (0.46875, 0.313723), (0.46875, 0.311509), (0.46875, 0.326631), (0.46875, 0.275), (0.46875, 0.275), (0.46875, 0.275), (0.46875, 0.275), (0.46875, 0.275), (0.46875, 0.275), (0.46875, 0.275), (0.46875, 0.275), (0.46875, 0.275), (0.46875, 0.275), (0.46875, 0.275), (0.46875, 0.275), (0.46875, 0.275), (0.46875, 0.275), (0.46875, 0.275), (0.46875, 0.275), (0.46875, 0.275), (0.46875, 0.275), (0.46875, 0.275), (0.46875, 0.275), (0.46875, 0.275), (0.46875, 0.275), (0.46875, 0.275), (0.46875, 0.275), (0.46875, 0.313723), (0.46875, 0.311509), (0.46875, 0.302381), (0.46875, 0.311509), (0.46875, 0.313723), (0.46875, 0.326631), (0.46875, 0.302381), (0.46875, 0.293898), (0.46875, 0.289174), (0.46875, 0.293898), (0.46875, 0.302381), (0.46875, 0.311509), (0.46875, 0.345529), (0.46875, 0.329763), (0.46875, 0.327897), (0.46875, 0.329763), (0.46875, 0.345529), (0.46875, 0.348017), (0.46875, 0.348017), (0.46875, 0.327897), (0.46875, 0.329763), (0.46875, 0.327897), (0.46875, 0.348017), (0.46875, 0.345529), (0.46875, 0.327897), (0.46875, 0.338234), (0.46875, 0.322426), (0.46875, 0.338234), (0.46875, 0.327897), (0.46875, 0.345529), (0.46875, 0.326631), (0.46875, 0.322426), (0.46875, 0.313723), (0.46875, 0.322426), (0.46875, 0.326631), (0.46875, 0.338234), (0.46875, 0.275), (0.46875, 0.275), (0.46875, 0.275), (0.46875, 0.275), (0.46875, 0.275), (0.46875, 0.275), (0.46875, 0.293898), (0.46875, 0.275), (0.46875, 0.275), (0.46875, 0.275), (0.46875, 0.293898), (0.46875, 0.289174), (0.46875, 0.275), (0.46875, 0.275), (0.46875, 0.275), (0.46875, 0.275), (0.46875, 0.275), (0.46875, 0.275), (0.46875, 0.275), (0.46875, 0.275), (0.46875, 0.275), (0.46875, 0.275), (0.46875, 0.275), (0.46875, 0.275), (0.46875, 0.293898), (0.46875, 0.302381), (0.46875, 0.289174), (0.46875, 0.302381), (0.46875, 0.293898), (0.46875, 0.311509), (0.46875, 0.275), (0.46875, 0.275), (0.46875, 0.275), (0.46875, 0.275), (0.46875, 0.275), (0.46875, 0.275), (0.46875, 0.338234), (0.46875, 0.327897), (0.46875, 0.322426), (0.46875, 0.327897), (0.46875, 0.338234), (0.46875, 0.345529), (0.46875, 0.275), (0.46875, 0.275), (0.46875, 0.275), (0.46875, 0.275), (0.46875, 0.275), (0.46875, 0.275), (0.46875, 0.275), (0.46875, 0.275), (0.46875, 0.275), (0.46875, 0.275), (0.46875, 0.275), (0.46875, 0.275), (0.46875, 0.275), (0.46875, 0.275), (0.46875, 0.275), (0.46875, 0.275), (0.46875, 0.275), (0.46875, 0.275), (0.46875, 0.400882), (0.46875, 0.349118), (0.46875, 0.375), (0.46875, 0.349118), (0.46875, 0.400882), (0.46875, 0.425), (0.46875, 0.349118), (0.46875, 0.425), (0.46875, 0.325), (0.46875, 0.325), (0.46875, 0.425), (0.46875, 0.304289), (0.46875, 0.304289), (0.46875, 0.425), (0.46875, 0.445711), (0.46875, 0.304289), (0.46875, 0.445711), (0.46875, 0.375), (0.46875, 0.445711), (0.46875, 0.392193), (0.46875, 0.375), (0.46875, 0.304289), (0.46875, 0.375), (0.46875, 0.357807), (0.46875, 0.392193), (0.46875, 0.445711), (0.46875, 0.461603), (0.46875, 0.392193), (0.46875, 0.461603), (0.46875, 0.408214), (0.46875, 0.408214), (0.46875, 0.461603), (0.46875, 0.421971), (0.46875, 0.304289), (0.46875, 0.357807), (0.46875, 0.288397), (0.46875, 0.288397), (0.46875, 0.357807), (0.46875, 0.341786), (0.46875, 0.288397), (0.46875, 0.341786), (0.46875, 0.328029), (0.46875, 0.421971), (0.46875, 0.461603), (0.46875, 0.471593), (0.46875, 0.421971), (0.46875, 0.471593), (0.46875, 0.432528), (0.46875, 0.432528), (0.46875, 0.471593), (0.46875, 0.439164), (0.46875, 0.439164), (0.46875, 0.471593), (0.46875, 0.475), (0.46875, 0.439164), (0.46875, 0.475), (0.46875, 0.441427), (0.46875, 0.288397), (0.46875, 0.328029), (0.46875, 0.278407), (0.46875, 0.278407), (0.46875, 0.328029), (0.46875, 0.317472), (0.46875, 0.278407), (0.46875, 0.317472), (0.46875, 0.310836), (0.46875, 0.441427), (0.46875, 0.475), (0.46875, 0.471593), (0.46875, 0.441427), (0.46875, 0.471593), (0.46875, 0.439164), (0.46875, 0.439164), (0.46875, 0.471593), (0.46875, 0.432528), (0.46875, 0.278407), (0.46875, 0.310836), (0.46875, 0.275), (0.46875, 0.275), (0.46875, 0.310836), (0.46875, 0.308573), (0.46875, 0.275), (0.46875, 0.308573), (0.46875, 0.310836), (0.46875, 0.275), (0.46875, 0.310836), (0.46875, 0.278407), (0.46875, 0.278407), (0.46875, 0.310836), (0.46875, 0.317472), (0.46875, 0.432528), (0.46875, 0.471593), (0.46875, 0.461603), (0.46875, 0.432528), (0.46875, 0.461603), (0.46875, 0.421971), (0.46875, 0.421971), (0.46875, 0.461603), (0.46875, 0.408214), (0.46875, 0.278407), (0.46875, 0.317472), (0.46875, 0.288397), (0.46875, 0.288397), (0.46875, 0.317472), (0.46875, 0.328029), (0.46875, 0.288397), (0.46875, 0.328029), (0.46875, 0.341786), (0.46875, 0.408214), (0.46875, 0.461603), (0.46875, 0.445711), (0.46875, 0.288397), (0.46875, 0.341786), (0.46875, 0.304289), (0.46875, 0.408214), (0.46875, 0.445711), (0.46875, 0.392193), (0.46875, 0.304289), (0.46875, 0.341786), (0.46875, 0.357807), (0.46875, 0.392193), (0.46875, 0.445711), (0.46875, 0.375), (0.46875, 0.304289), (0.46875, 0.357807), (0.46875, 0.375), (0.46875, 0.304289), (0.46875, 0.375), (0.46875, 0.445711), (0.46875, 0.304289), (0.46875, 0.445711), (0.46875, 0.425), (0.46875, 0.304289), (0.46875, 0.425), (0.46875, 0.325), (0.46875, 0.325), (0.46875, 0.425), (0.46875, 0.400882), (0.46875, 0.325), (0.46875, 0.400882), (0.46875, 0.349118), (0.46875, 0.349118), (0.46875, 0.400882), (0.46875, 0.375), (0.59375, 0.525), (0.59375, 0.568999), (0.59375, 0.525), (0.59375, 0.568999), (0.59375, 0.525), (0.59375, 0.525), (0.59375, 0.568999), (0.59375, 0.525), (0.59375, 0.61), (0.59375, 0.61), (0.59375, 0.525), (0.59375, 0.525), (0.59375, 0.61), (0.59375, 0.525), (0.59375, 0.645208), (0.59375, 0.645208), (0.59375, 0.525), (0.59375, 0.525), (0.59375, 0.525), (0.59375, 0.525), (0.59375, 0.525), (0.59375, 0.553449), (0.59375, 0.645208), (0.59375, 0.525), (0.59375, 0.525), (0.59375, 0.525), (0.59375, 0.525), (0.59375, 0.525), (0.59375, 0.525), (0.59375, 0.525), (0.59375, 0.525), (0.59375, 0.525), (0.59375, 0.525), (0.59375, 0.645208), (0.59375, 0.553449), (0.59375, 0.672224), (0.59375, 0.672224), (0.59375, 0.553449), (0.59375, 0.57996), (0.59375, 0.672224), (0.59375, 0.57996), (0.59375, 0.602725), (0.59375, 0.525), (0.59375, 0.525), (0.59375, 0.525), (0.59375, 0.525), (0.59375, 0.525), (0.59375, 0.525), (0.59375, 0.525), (0.59375, 0.525), (0.59375, 0.525), (0.59375, 0.525), (0.59375, 0.525), (0.59375, 0.525), (0.59375, 0.525), (0.59375, 0.525), (0.59375, 0.525), (0.59375, 0.672224), (0.59375, 0.602725), (0.59375, 0.689207), (0.59375, 0.689207), (0.59375, 0.602725), (0.59375, 0.620194), (0.59375, 0.689207), (0.59375, 0.620194), (0.59375, 0.631175), (0.59375, 0.525), (0.59375, 0.525), (0.59375, 0.525), (0.59375, 0.525), (0.59375, 0.525), (0.59375, 0.525), (0.59375, 0.525), (0.59375, 0.525), (0.59375, 0.525), (0.59375, 0.689207), (0.59375, 0.631175), (0.59375, 0.695), (0.59375, 0.695), (0.59375, 0.631175), (0.59375, 0.63492), (0.59375, 0.695), (0.59375, 0.63492), (0.59375, 0.631175), (0.59375, 0.695), (0.59375, 0.631175), (0.59375, 0.689207), (0.59375, 0.689207), (0.59375, 0.631175), (0.59375, 0.620194), (0.59375, 0.525), (0.59375, 0.525), (0.59375, 0.525), (0.59375, 0.525), (0.59375, 0.525), (0.59375, 0.525), (0.59375, 0.525), (0.59375, 0.525), (0.59375, 0.525), (0.59375, 0.689207), (0.59375, 0.620194), (0.59375, 0.672224), (0.59375, 0.672224), (0.59375, 0.620194), (0.59375, 0.602725), (0.59375, 0.672224), (0.59375, 0.602725), (0.59375, 0.57996), (0.59375, 0.525), (0.59375, 0.525), (0.59375, 0.525), (0.59375, 0.672224), (0.59375, 0.57996), (0.59375, 0.645208), (0.59375, 0.525), (0.59375, 0.525), (0.59375, 0.525), (0.59375, 0.645208), (0.59375, 0.57996), (0.59375, 0.553449), (0.59375, 0.525), (0.59375, 0.525), (0.59375, 0.525), (0.59375, 0.645208), (0.59375, 0.553449), (0.59375, 0.525), (0.59375, 0.645208), (0.59375, 0.525), (0.59375, 0.525), (0.59375, 0.645208), (0.59375, 0.525), (0.59375, 0.525), (0.59375, 0.645208), (0.59375, 0.525), (0.59375, 0.61), (0.59375, 0.61), (0.59375, 0.525), (0.59375, 0.525), (0.59375, 0.61), (0.59375, 0.525), (0.59375, 0.568999), (0.59375, 0.568999), (0.59375, 0.525), (0.59375, 0.525), (0.34375, 0.448205), (0.34375, 0.422224), (0.34375, 0.416421), (0.34375, 0.395208), (0.34375, 0.416421), (0.34375, 0.422224), (0.34375, 0.416421), (0.34375, 0.395208), (0.34375, 0.448205), (0.34375, 0.422224), (0.34375, 0.448205), (0.34375, 0.395208), (0.34375, 0.475), (0.34375, 0.445), (0.34375, 0.468185), (0.34375, 0.439207), (0.34375, 0.468185), (0.34375, 0.445), (0.34375, 0.468185), (0.34375, 0.439207), (0.34375, 0.448205), (0.34375, 0.422224), (0.34375, 0.448205), (0.34375, 0.439207), (0.34375, 0.468185), (0.34375, 0.439207), (0.34375, 0.475), (0.34375, 0.445), (0.34375, 0.475), (0.34375, 0.439207), (0.34375, 0.275), (0.34375, 0.275), (0.34375, 0.275), (0.34375, 0.275), (0.34375, 0.275), (0.34375, 0.275), (0.34375, 0.416421), (0.34375, 0.395208), (0.34375, 0.375), (0.34375, 0.36), (0.34375, 0.375), (0.34375, 0.395208), (0.34375, 0.275), (0.34375, 0.275), (0.34375, 0.275), (0.34375, 0.275), (0.34375, 0.275), (0.34375, 0.275), (0.34375, 0.275), (0.34375, 0.275), (0.34375, 0.275), (0.34375, 0.275), (0.34375, 0.275), (0.34375, 0.275), (0.34375, 0.275), (0.34375, 0.275), (0.34375, 0.275), (0.34375, 0.275), (0.34375, 0.275), (0.34375, 0.275), (0.34375, 0.275), (0.34375, 0.275), (0.34375, 0.275), (0.34375, 0.275), (0.34375, 0.275), (0.34375, 0.275), (0.34375, 0.275), (0.34375, 0.275), (0.34375, 0.275), (0.34375, 0.275), (0.34375, 0.275), (0.34375, 0.275), (0.34375, 0.275), (0.34375, 0.275), (0.34375, 0.275), (0.34375, 0.275), (0.34375, 0.275), (0.34375, 0.275), (0.34375, 0.275), (0.34375, 0.275), (0.34375, 0.275), (0.34375, 0.275), (0.34375, 0.275), (0.34375, 0.275), (0.34375, 0.326764), (0.34375, 0.318999), (0.34375, 0.275), (0.34375, 0.275), (0.34375, 0.275), (0.34375, 0.318999), (0.34375, 0.275), (0.34375, 0.275), (0.34375, 0.275), (0.34375, 0.275), (0.34375, 0.275), (0.34375, 0.275), (0.34375, 0.275), (0.34375, 0.275), (0.34375, 0.275), (0.34375, 0.275), (0.34375, 0.275), (0.34375, 0.275), (0.34375, 0.375), (0.34375, 0.36), (0.34375, 0.326764), (0.34375, 0.318999), (0.34375, 0.326764), (0.34375, 0.36), (0.34375, 0.275), (0.34375, 0.275), (0.34375, 0.275), (0.34375, 0.275), (0.34375, 0.275), (0.34375, 0.275), (0.34375, 0.275), (0.34375, 0.318999), (0.34375, 0.275), (0.34375, 0.275), (0.34375, 0.318999), (0.34375, 0.275), (0.34375, 0.318999), (0.34375, 0.36), (0.34375, 0.275), (0.34375, 0.275), (0.34375, 0.36), (0.34375, 0.275), (0.34375, 0.36), (0.34375, 0.395208), (0.34375, 0.275), (0.34375, 0.275), (0.34375, 0.395208), (0.34375, 0.275), (0.34375, 0.395208), (0.34375, 0.422224), (0.34375, 0.275), (0.34375, 0.275), (0.34375, 0.422224), (0.34375, 0.275), (0.34375, 0.422224), (0.34375, 0.439207), (0.34375, 0.275), (0.34375, 0.275), (0.34375, 0.439207), (0.34375, 0.275), (0.34375, 0.439207), (0.34375, 0.445), (0.34375, 0.275), (0.34375, 0.275), (0.34375, 0.445), (0.34375, 0.275), (0.34375, 0.445), (0.34375, 0.439207), (0.34375, 0.275), (0.34375, 0.275), (0.34375, 0.439207), (0.34375, 0.275), (0.34375, 0.439207), (0.34375, 0.422224), (0.34375, 0.275), (0.34375, 0.275), (0.34375, 0.422224), (0.34375, 0.275), (0.34375, 0.422224), (0.34375, 0.395208), (0.34375, 0.275), (0.34375, 0.275), (0.34375, 0.395208), (0.34375, 0.275), (0.34375, 0.395208), (0.34375, 0.36), (0.34375, 0.275), (0.34375, 0.275), (0.34375, 0.36), (0.34375, 0.275), (0.34375, 0.36), (0.34375, 0.318999), (0.34375, 0.275), (0.34375, 0.275), (0.34375, 0.275), (0.34375, 0.318999), (0.34375, 0.275), (0.34375, 0.275), (0.34375, 0.275), (0.34375, 0.275), (0.34375, 0.275), (0.34375, 0.275), (0.34375, 0.448205), (0.34375, 0.422224), (0.34375, 0.468185), (0.34375, 0.439207), (0.34375, 0.468185), (0.34375, 0.422224), (0.34375, 0.416421), (0.34375, 0.375), (0.34375, 0.395208), (0.34375, 0.36), (0.34375, 0.395208), (0.34375, 0.375), (0.34375, 0.375), (0.34375, 0.326764), (0.34375, 0.36), (0.34375, 0.318999), (0.34375, 0.36), (0.34375, 0.326764), (0.34375, 0.318999), (0.34375, 0.326764), (0.34375, 0.275), (0.34375, 0.275), (0.34375, 0.275), (0.34375, 0.326764), (0.34375, 0.275), (0.34375, 0.275), (0.34375, 0.275), (0.34375, 0.275), (0.34375, 0.275), (0.34375, 0.275), (0.34375, 0.275), (0.34375, 0.275), (0.34375, 0.275), (0.34375, 0.275), (0.34375, 0.275), (0.34375, 0.275), (0.34375, 0.416421), (0.34375, 0.416421), (0.34375, 0.375), (0.34375, 0.375), (0.34375, 0.375), (0.34375, 0.416421), (0.34375, 0.275), (0.34375, 0.275), (0.34375, 0.275), (0.34375, 0.275), (0.34375, 0.275), (0.34375, 0.275), (0.34375, 0.448205), (0.34375, 0.448205), (0.34375, 0.416421), (0.34375, 0.416421), (0.34375, 0.416421), (0.34375, 0.448205), (0.34375, 0.475), (0.34375, 0.475), (0.34375, 0.468185), (0.34375, 0.468185), (0.34375, 0.468185), (0.34375, 0.475), (0.34375, 0.395208), (0.34375, 0.416421), (0.34375, 0.422224), (0.34375, 0.448205), (0.34375, 0.422224), (0.34375, 0.416421), (0.34375, 0.275), (0.34375, 0.275), (0.34375, 0.275), (0.34375, 0.275), (0.34375, 0.275), (0.34375, 0.275), (0.34375, 0.326764), (0.34375, 0.318999), (0.34375, 0.275), (0.34375, 0.275), (0.34375, 0.275), (0.34375, 0.318999), (0.34375, 0.275), (0.34375, 0.275), (0.34375, 0.275), (0.34375, 0.275), (0.34375, 0.275), (0.34375, 0.275), (0.34375, 0.416421), (0.34375, 0.416421), (0.34375, 0.448205), (0.34375, 0.448205), (0.34375, 0.448205), (0.34375, 0.416421), (0.34375, 0.275), (0.34375, 0.275), (0.34375, 0.275), (0.34375, 0.275), (0.34375, 0.275), (0.34375, 0.275), (0.34375, 0.326764), (0.34375, 0.326764), (0.34375, 0.275), (0.34375, 0.275), (0.34375, 0.275), (0.34375, 0.326764), (0.34375, 0.275), (0.34375, 0.275), (0.34375, 0.275), (0.34375, 0.275), (0.34375, 0.275), (0.34375, 0.275), (0.34375, 0.275), (0.34375, 0.275), (0.34375, 0.275), (0.34375, 0.275), (0.34375, 0.275), (0.34375, 0.275), (0.34375, 0.275), (0.34375, 0.275), (0.34375, 0.275), (0.34375, 0.275), (0.34375, 0.275), (0.34375, 0.275), (0.34375, 0.416421), (0.34375, 0.375), (0.34375, 0.395208), (0.34375, 0.36), (0.34375, 0.395208), (0.34375, 0.375), (0.34375, 0.275), (0.34375, 0.275), (0.34375, 0.275), (0.34375, 0.275), (0.34375, 0.275), (0.34375, 0.275), (0.34375, 0.422224), (0.34375, 0.448205), (0.34375, 0.439207), (0.34375, 0.468185), (0.34375, 0.439207), (0.34375, 0.448205), (0.34375, 0.275), (0.34375, 0.275), (0.34375, 0.275), (0.34375, 0.275), (0.34375, 0.275), (0.34375, 0.275), (0.34375, 0.326764), (0.34375, 0.326764), (0.34375, 0.275), (0.34375, 0.275), (0.34375, 0.275), (0.34375, 0.326764), (0.34375, 0.275), (0.34375, 0.275), (0.34375, 0.275), (0.34375, 0.275), (0.34375, 0.275), (0.34375, 0.275), (0.34375, 0.416421), (0.34375, 0.395208), (0.34375, 0.375), (0.34375, 0.36), (0.34375, 0.375), (0.34375, 0.395208), (0.34375, 0.275), (0.34375, 0.275), (0.34375, 0.275), (0.34375, 0.275), (0.34375, 0.275), (0.34375, 0.275), (0.34375, 0.275), (0.34375, 0.275), (0.34375, 0.275), (0.34375, 0.275), (0.34375, 0.275), (0.34375, 0.275), (0.34375, 0.445), (0.34375, 0.439207), (0.34375, 0.475), (0.34375, 0.468185), (0.34375, 0.475), (0.34375, 0.439207), (0.34375, 0.375), (0.34375, 0.375), (0.34375, 0.326764), (0.34375, 0.326764), (0.34375, 0.326764), (0.34375, 0.375), (0.34375, 0.275), (0.34375, 0.275), (0.34375, 0.275), (0.34375, 0.275), (0.34375, 0.275), (0.34375, 0.275), (0.34375, 0.439207), (0.34375, 0.468185), (0.34375, 0.422224), (0.34375, 0.448205), (0.34375, 0.422224), (0.34375, 0.468185), (0.34375, 0.275), (0.34375, 0.275), (0.34375, 0.275), (0.34375, 0.275), (0.34375, 0.275), (0.34375, 0.275), (0.34375, 0.395208), (0.34375, 0.422224), (0.34375, 0.416421), (0.34375, 0.448205), (0.34375, 0.416421), (0.34375, 0.422224), (0.34375, 0.275), (0.34375, 0.275), (0.34375, 0.275), (0.34375, 0.275), (0.34375, 0.275), (0.34375, 0.275), (0.34375, 0.275), (0.34375, 0.275), (0.34375, 0.275), (0.34375, 0.275), (0.34375, 0.275), (0.34375, 0.275), (0.34375, 0.318999), (0.34375, 0.326764), (0.34375, 0.275), (0.34375, 0.275), (0.34375, 0.275), (0.34375, 0.326764), (0.34375, 0.375), (0.34375, 0.36), (0.34375, 0.326764), (0.34375, 0.318999), (0.34375, 0.326764), (0.34375, 0.36), (0.34375, 0.275), (0.34375, 0.275), (0.34375, 0.275), (0.34375, 0.275), (0.34375, 0.275), (0.34375, 0.275), (0.34375, 0.275), (0.34375, 0.275), (0.34375, 0.275), (0.34375, 0.275), (0.34375, 0.275), (0.34375, 0.275), (0.34375, 0.439207), (0.34375, 0.445), (0.34375, 0.468185), (0.34375, 0.475), (0.34375, 0.468185), (0.34375, 0.445), (0.34375, 0.275), (0.34375, 0.275), (0.34375, 0.275), (0.34375, 0.275), (0.34375, 0.275), (0.34375, 0.275), (0.34375, 0.416421), (0.34375, 0.416421), (0.34375, 0.375), (0.34375, 0.375), (0.34375, 0.375), (0.34375, 0.416421), (0.34375, 0.448205), (0.34375, 0.448205), (0.34375, 0.468185), (0.34375, 0.468185), (0.34375, 0.468185), (0.34375, 0.448205), (0.34375, 0.375), (0.34375, 0.326764), (0.34375, 0.36), (0.34375, 0.318999), (0.34375, 0.36), (0.34375, 0.326764), (0.34375, 0.275), (0.34375, 0.275), (0.34375, 0.275), (0.34375, 0.275), (0.34375, 0.275), (0.34375, 0.275), (0.34375, 0.468185), (0.34375, 0.468185), (0.34375, 0.448205), (0.34375, 0.448205), (0.34375, 0.448205), (0.34375, 0.468185), (0.34375, 0.275), (0.34375, 0.275), (0.34375, 0.275), (0.34375, 0.275), (0.34375, 0.275), (0.34375, 0.275), (0.34375, 0.475), (0.34375, 0.468185), (0.34375, 0.475), (0.34375, 0.468185), (0.34375, 0.475), (0.34375, 0.468185), (0.34375, 0.375), (0.34375, 0.375), (0.34375, 0.326764), (0.34375, 0.326764), (0.34375, 0.326764), (0.34375, 0.375), (0.34375, 0.275), (0.34375, 0.275), (0.34375, 0.275), (0.34375, 0.275), (0.34375, 0.275), (0.34375, 0.275), (0.46875, 0.275), (0.46875, 0.275), (0.46875, 0.275), (0.46875, 0.275), (0.46875, 0.275), (0.46875, 0.275), (0.46875, 0.275), (0.46875, 0.275), (0.46875, 0.275), (0.46875, 0.275), (0.46875, 0.275), (0.46875, 0.275), (0.46875, 0.275), (0.46875, 0.275), (0.46875, 0.275), (0.46875, 0.275), (0.46875, 0.275), (0.46875, 0.275), (0.46875, 0.345529), (0.46875, 0.338234), (0.46875, 0.327897), (0.46875, 0.322426), (0.46875, 0.327897), (0.46875, 0.338234), (0.46875, 0.275), (0.46875, 0.275), (0.46875, 0.275), (0.46875, 0.275), (0.46875, 0.275), (0.46875, 0.275), (0.46875, 0.311509), (0.46875, 0.293898), (0.46875, 0.302381), (0.46875, 0.289174), (0.46875, 0.302381), (0.46875, 0.293898), (0.46875, 0.275), (0.46875, 0.275), (0.46875, 0.275), (0.46875, 0.275), (0.46875, 0.275), (0.46875, 0.275), (0.46875, 0.275), (0.46875, 0.275), (0.46875, 0.275), (0.46875, 0.275), (0.46875, 0.275), (0.46875, 0.275), (0.46875, 0.289174), (0.46875, 0.293898), (0.46875, 0.275), (0.46875, 0.275), (0.46875, 0.275), (0.46875, 0.293898), (0.46875, 0.275), (0.46875, 0.275), (0.46875, 0.275), (0.46875, 0.275), (0.46875, 0.275), (0.46875, 0.275), (0.46875, 0.338234), (0.46875, 0.326631), (0.46875, 0.322426), (0.46875, 0.313723), (0.46875, 0.322426), (0.46875, 0.326631), (0.46875, 0.345529), (0.46875, 0.327897), (0.46875, 0.338234), (0.46875, 0.322426), (0.46875, 0.338234), (0.46875, 0.327897), (0.46875, 0.345529), (0.46875, 0.348017), (0.46875, 0.327897), (0.46875, 0.329763), (0.46875, 0.327897), (0.46875, 0.348017), (0.46875, 0.348017), (0.46875, 0.345529), (0.46875, 0.329763), (0.46875, 0.327897), (0.46875, 0.329763), (0.46875, 0.345529), (0.46875, 0.311509), (0.46875, 0.302381), (0.46875, 0.293898), (0.46875, 0.289174), (0.46875, 0.293898), (0.46875, 0.302381), (0.46875, 0.326631), (0.46875, 0.313723), (0.46875, 0.311509), (0.46875, 0.302381), (0.46875, 0.311509), (0.46875, 0.313723), (0.46875, 0.275), (0.46875, 0.275), (0.46875, 0.275), (0.46875, 0.275), (0.46875, 0.275), (0.46875, 0.275), (0.46875, 0.275), (0.46875, 0.275), (0.46875, 0.275), (0.46875, 0.275), (0.46875, 0.275), (0.46875, 0.275), (0.46875, 0.275), (0.46875, 0.275), (0.46875, 0.275), (0.46875, 0.275), (0.46875, 0.275), (0.46875, 0.275), (0.46875, 0.275), (0.46875, 0.275), (0.46875, 0.275), (0.46875, 0.275), (0.46875, 0.275), (0.46875, 0.275), (0.46875, 0.326631), (0.46875, 0.311509), (0.46875, 0.313723), (0.46875, 0.302381), (0.46875, 0.313723), (0.46875, 0.311509), (0.46875, 0.293898), (0.46875, 0.289174), (0.46875, 0.275), (0.46875, 0.275), (0.46875, 0.275), (0.46875, 0.289174), (0.46875, 0.275), (0.46875, 0.275), (0.46875, 0.289174), (0.46875, 0.289174), (0.46875, 0.275), (0.46875, 0.302381), (0.46875, 0.275), (0.46875, 0.275), (0.46875, 0.302381), (0.46875, 0.302381), (0.46875, 0.275), (0.46875, 0.313723), (0.46875, 0.275), (0.46875, 0.275), (0.46875, 0.313723), (0.46875, 0.313723), (0.46875, 0.275), (0.46875, 0.322426), (0.46875, 0.275), (0.46875, 0.275), (0.46875, 0.322426), (0.46875, 0.322426), (0.46875, 0.275), (0.46875, 0.327897), (0.46875, 0.275), (0.46875, 0.275), (0.46875, 0.327897), (0.46875, 0.327897), (0.46875, 0.275), (0.46875, 0.329763), (0.46875, 0.275), (0.46875, 0.275), (0.46875, 0.329763), (0.46875, 0.329763), (0.46875, 0.275), (0.46875, 0.327897), (0.46875, 0.275), (0.46875, 0.275), (0.46875, 0.327897), (0.46875, 0.327897), (0.46875, 0.275), (0.46875, 0.322426), (0.46875, 0.275), (0.46875, 0.275), (0.46875, 0.322426), (0.46875, 0.322426), (0.46875, 0.275), (0.46875, 0.313723), (0.46875, 0.275), (0.46875, 0.275), (0.46875, 0.313723), (0.46875, 0.313723), (0.46875, 0.275), (0.46875, 0.302381), (0.46875, 0.275), (0.46875, 0.275), (0.46875, 0.302381), (0.46875, 0.302381), (0.46875, 0.275), (0.46875, 0.289174), (0.46875, 0.275), (0.46875, 0.275), (0.46875, 0.289174), (0.46875, 0.275), (0.46875, 0.289174), (0.46875, 0.275), (0.46875, 0.275), (0.46875, 0.275), (0.46875, 0.275), (0.46875, 0.275), (0.46875, 0.275), (0.46875, 0.275), (0.46875, 0.338234), (0.46875, 0.322426), (0.46875, 0.326631), (0.46875, 0.313723), (0.46875, 0.326631), (0.46875, 0.322426), (0.46875, 0.375), (0.46875, 0.400882), (0.46875, 0.349118), (0.46875, 0.349118), (0.46875, 0.400882), (0.46875, 0.325), (0.46875, 0.400882), (0.46875, 0.425), (0.46875, 0.325), (0.46875, 0.325), (0.46875, 0.425), (0.46875, 0.304289), (0.46875, 0.425), (0.46875, 0.445711), (0.46875, 0.304289), (0.46875, 0.445711), (0.46875, 0.375), (0.46875, 0.304289), (0.46875, 0.375), (0.46875, 0.357807), (0.46875, 0.304289), (0.46875, 0.375), (0.46875, 0.445711), (0.46875, 0.392193), (0.46875, 0.357807), (0.46875, 0.341786), (0.46875, 0.304289), (0.46875, 0.392193), (0.46875, 0.445711), (0.46875, 0.408214), (0.46875, 0.304289), (0.46875, 0.341786), (0.46875, 0.288397), (0.46875, 0.445711), (0.46875, 0.461603), (0.46875, 0.408214), (0.46875, 0.341786), (0.46875, 0.328029), (0.46875, 0.288397), (0.46875, 0.328029), (0.46875, 0.317472), (0.46875, 0.288397), (0.46875, 0.288397), (0.46875, 0.317472), (0.46875, 0.278407), (0.46875, 0.408214), (0.46875, 0.461603), (0.46875, 0.421971), (0.46875, 0.421971), (0.46875, 0.461603), (0.46875, 0.432528), (0.46875, 0.461603), (0.46875, 0.471593), (0.46875, 0.432528), (0.46875, 0.317472), (0.46875, 0.310836), (0.46875, 0.278407), (0.46875, 0.278407), (0.46875, 0.310836), (0.46875, 0.275), (0.46875, 0.310836), (0.46875, 0.308573), (0.46875, 0.275), (0.46875, 0.308573), (0.46875, 0.310836), (0.46875, 0.275), (0.46875, 0.275), (0.46875, 0.310836), (0.46875, 0.278407), (0.46875, 0.432528), (0.46875, 0.471593), (0.46875, 0.439164), (0.46875, 0.439164), (0.46875, 0.471593), (0.46875, 0.441427), (0.46875, 0.471593), (0.46875, 0.475), (0.46875, 0.441427), (0.46875, 0.310836), (0.46875, 0.317472), (0.46875, 0.278407), (0.46875, 0.317472), (0.46875, 0.328029), (0.46875, 0.278407), (0.46875, 0.278407), (0.46875, 0.328029), (0.46875, 0.288397), (0.46875, 0.441427), (0.46875, 0.475), (0.46875, 0.439164), (0.46875, 0.475), (0.46875, 0.471593), (0.46875, 0.439164), (0.46875, 0.439164), (0.46875, 0.471593), (0.46875, 0.432528), (0.46875, 0.432528), (0.46875, 0.471593), (0.46875, 0.421971), (0.46875, 0.471593), (0.46875, 0.461603), (0.46875, 0.421971), (0.46875, 0.328029), (0.46875, 0.341786), (0.46875, 0.288397), (0.46875, 0.341786), (0.46875, 0.357807), (0.46875, 0.288397), (0.46875, 0.288397), (0.46875, 0.357807), (0.46875, 0.304289), (0.46875, 0.421971), (0.46875, 0.461603), (0.46875, 0.408214), (0.46875, 0.408214), (0.46875, 0.461603), (0.46875, 0.392193), (0.46875, 0.461603), (0.46875, 0.445711), (0.46875, 0.392193), (0.46875, 0.357807), (0.46875, 0.375), (0.46875, 0.304289), (0.46875, 0.375), (0.46875, 0.392193), (0.46875, 0.445711), (0.46875, 0.375), (0.46875, 0.445711), (0.46875, 0.304289), (0.46875, 0.445711), (0.46875, 0.425), (0.46875, 0.304289), (0.46875, 0.304289), (0.46875, 0.425), (0.46875, 0.325), (0.46875, 0.325), (0.46875, 0.425), (0.46875, 0.349118), (0.46875, 0.425), (0.46875, 0.400882), (0.46875, 0.349118), (0.46875, 0.375), (0.46875, 0.349118), (0.46875, 0.400882), (0.59375, 0.525), (0.59375, 0.525), (0.59375, 0.568999), (0.59375, 0.568999), (0.59375, 0.525), (0.59375, 0.61), (0.59375, 0.525), (0.59375, 0.525), (0.59375, 0.61), (0.59375, 0.61), (0.59375, 0.525), (0.59375, 0.645208), (0.59375, 0.525), (0.59375, 0.525), (0.59375, 0.645208), (0.59375, 0.525), (0.59375, 0.525), (0.59375, 0.645208), (0.59375, 0.525), (0.59375, 0.553449), (0.59375, 0.645208), (0.59375, 0.525), (0.59375, 0.525), (0.59375, 0.525), (0.59375, 0.553449), (0.59375, 0.57996), (0.59375, 0.645208), (0.59375, 0.525), (0.59375, 0.525), (0.59375, 0.525), (0.59375, 0.645208), (0.59375, 0.57996), (0.59375, 0.672224), (0.59375, 0.525), (0.59375, 0.525), (0.59375, 0.525), (0.59375, 0.57996), (0.59375, 0.602725), (0.59375, 0.672224), (0.59375, 0.602725), (0.59375, 0.620194), (0.59375, 0.672224), (0.59375, 0.672224), (0.59375, 0.620194), (0.59375, 0.689207), (0.59375, 0.525), (0.59375, 0.525), (0.59375, 0.525), (0.59375, 0.525), (0.59375, 0.525), (0.59375, 0.525), (0.59375, 0.525), (0.59375, 0.525), (0.59375, 0.525), (0.59375, 0.620194), (0.59375, 0.631175), (0.59375, 0.689207), (0.59375, 0.689207), (0.59375, 0.631175), (0.59375, 0.695), (0.59375, 0.631175), (0.59375, 0.63492), (0.59375, 0.695), (0.59375, 0.63492), (0.59375, 0.631175), (0.59375, 0.695), (0.59375, 0.695), (0.59375, 0.631175), (0.59375, 0.689207), (0.59375, 0.525), (0.59375, 0.525), (0.59375, 0.525), (0.59375, 0.525), (0.59375, 0.525), (0.59375, 0.525), (0.59375, 0.525), (0.59375, 0.525), (0.59375, 0.525), (0.59375, 0.631175), (0.59375, 0.620194), (0.59375, 0.689207), (0.59375, 0.620194), (0.59375, 0.602725), (0.59375, 0.689207), (0.59375, 0.689207), (0.59375, 0.602725), (0.59375, 0.672224), (0.59375, 0.525), (0.59375, 0.525), (0.59375, 0.525), (0.59375, 0.525), (0.59375, 0.525), (0.59375, 0.525), (0.59375, 0.525), (0.59375, 0.525), (0.59375, 0.525), (0.59375, 0.525), (0.59375, 0.525), (0.59375, 0.525), (0.59375, 0.525), (0.59375, 0.525), (0.59375, 0.525), (0.59375, 0.602725), (0.59375, 0.57996), (0.59375, 0.672224), (0.59375, 0.57996), (0.59375, 0.553449), (0.59375, 0.672224), (0.59375, 0.672224), (0.59375, 0.553449), (0.59375, 0.645208), (0.59375, 0.525), (0.59375, 0.525), (0.59375, 0.525), (0.59375, 0.525), (0.59375, 0.525), (0.59375, 0.525), (0.59375, 0.525), (0.59375, 0.525), (0.59375, 0.525), (0.59375, 0.525), (0.59375, 0.645208), (0.59375, 0.553449), (0.59375, 0.525), (0.59375, 0.525), (0.59375, 0.525), (0.59375, 0.525), (0.59375, 0.525), (0.59375, 0.645208), (0.59375, 0.645208), (0.59375, 0.525), (0.59375, 0.61), (0.59375, 0.525), (0.59375, 0.525), (0.59375, 0.61), (0.59375, 0.61), (0.59375, 0.525), (0.59375, 0.568999), (0.59375, 0.525), (0.59375, 0.525), (0.59375, 0.568999), (0.59375, 0.525), (0.59375, 0.568999), (0.59375, 0.525), (0.34375, 0.275), (0.34375, 0.275), (0.34375, 0.275), (0.34375, 0.275), (0.34375, 0.275), (0.34375, 0.275), (0.34375, 0.375), (0.34375, 0.326764), (0.34375, 0.326764), (0.34375, 0.326764), (0.34375, 0.375), (0.34375, 0.375), (0.34375, 0.468185), (0.34375, 0.475), (0.34375, 0.468185), (0.34375, 0.475), (0.34375, 0.468185), (0.34375, 0.475), (0.34375, 0.275), (0.34375, 0.275), (0.34375, 0.275), (0.34375, 0.275), (0.34375, 0.275), (0.34375, 0.275), (0.34375, 0.468185), (0.34375, 0.448205), (0.34375, 0.448205), (0.34375, 0.448205), (0.34375, 0.468185), (0.34375, 0.468185), (0.34375, 0.275), (0.34375, 0.275), (0.34375, 0.275), (0.34375, 0.275), (0.34375, 0.275), (0.34375, 0.275), (0.34375, 0.326764), (0.34375, 0.36), (0.34375, 0.318999), (0.34375, 0.36), (0.34375, 0.326764), (0.34375, 0.375), (0.34375, 0.448205), (0.34375, 0.468185), (0.34375, 0.468185), (0.34375, 0.468185), (0.34375, 0.448205), (0.34375, 0.448205), (0.34375, 0.416421), (0.34375, 0.375), (0.34375, 0.375), (0.34375, 0.375), (0.34375, 0.416421), (0.34375, 0.416421), (0.34375, 0.275), (0.34375, 0.275), (0.34375, 0.275), (0.34375, 0.275), (0.34375, 0.275), (0.34375, 0.275), (0.34375, 0.445), (0.34375, 0.468185), (0.34375, 0.475), (0.34375, 0.468185), (0.34375, 0.445), (0.34375, 0.439207), (0.34375, 0.275), (0.34375, 0.275), (0.34375, 0.275), (0.34375, 0.275), (0.34375, 0.275), (0.34375, 0.275), (0.34375, 0.275), (0.34375, 0.275), (0.34375, 0.275), (0.34375, 0.275), (0.34375, 0.275), (0.34375, 0.275), (0.34375, 0.36), (0.34375, 0.326764), (0.34375, 0.318999), (0.34375, 0.326764), (0.34375, 0.36), (0.34375, 0.375), (0.34375, 0.326764), (0.34375, 0.275), (0.34375, 0.275), (0.34375, 0.275), (0.34375, 0.326764), (0.34375, 0.318999), (0.34375, 0.275), (0.34375, 0.275), (0.34375, 0.275), (0.34375, 0.275), (0.34375, 0.275), (0.34375, 0.275), (0.34375, 0.275), (0.34375, 0.275), (0.34375, 0.275), (0.34375, 0.275), (0.34375, 0.275), (0.34375, 0.275), (0.34375, 0.422224), (0.34375, 0.416421), (0.34375, 0.448205), (0.34375, 0.416421), (0.34375, 0.422224), (0.34375, 0.395208), (0.34375, 0.275), (0.34375, 0.275), (0.34375, 0.275), (0.34375, 0.275), (0.34375, 0.275), (0.34375, 0.275), (0.34375, 0.468185), (0.34375, 0.422224), (0.34375, 0.448205), (0.34375, 0.422224), (0.34375, 0.468185), (0.34375, 0.439207), (0.34375, 0.275), (0.34375, 0.275), (0.34375, 0.275), (0.34375, 0.275), (0.34375, 0.275), (0.34375, 0.275), (0.34375, 0.375), (0.34375, 0.326764), (0.34375, 0.326764), (0.34375, 0.326764), (0.34375, 0.375), (0.34375, 0.375), (0.34375, 0.439207), (0.34375, 0.475), (0.34375, 0.468185), (0.34375, 0.475), (0.34375, 0.439207), (0.34375, 0.445), (0.34375, 0.275), (0.34375, 0.275), (0.34375, 0.275), (0.34375, 0.275), (0.34375, 0.275), (0.34375, 0.275), (0.34375, 0.275), (0.34375, 0.275), (0.34375, 0.275), (0.34375, 0.275), (0.34375, 0.275), (0.34375, 0.275), (0.34375, 0.395208), (0.34375, 0.375), (0.34375, 0.36), (0.34375, 0.375), (0.34375, 0.395208), (0.34375, 0.416421), (0.34375, 0.275), (0.34375, 0.275), (0.34375, 0.275), (0.34375, 0.275), (0.34375, 0.275), (0.34375, 0.275), (0.34375, 0.326764), (0.34375, 0.275), (0.34375, 0.275), (0.34375, 0.275), (0.34375, 0.326764), (0.34375, 0.326764), (0.34375, 0.275), (0.34375, 0.275), (0.34375, 0.275), (0.34375, 0.275), (0.34375, 0.275), (0.34375, 0.275), (0.34375, 0.448205), (0.34375, 0.439207), (0.34375, 0.468185), (0.34375, 0.439207), (0.34375, 0.448205), (0.34375, 0.422224), (0.34375, 0.275), (0.34375, 0.275), (0.34375, 0.275), (0.34375, 0.275), (0.34375, 0.275), (0.34375, 0.275), (0.34375, 0.375), (0.34375, 0.395208), (0.34375, 0.36), (0.34375, 0.395208), (0.34375, 0.375), (0.34375, 0.416421), (0.34375, 0.275), (0.34375, 0.275), (0.34375, 0.275), (0.34375, 0.275), (0.34375, 0.275), (0.34375, 0.275), (0.34375, 0.275), (0.34375, 0.275), (0.34375, 0.275), (0.34375, 0.275), (0.34375, 0.275), (0.34375, 0.275), (0.34375, 0.275), (0.34375, 0.275), (0.34375, 0.275), (0.34375, 0.275), (0.34375, 0.275), (0.34375, 0.275), (0.34375, 0.326764), (0.34375, 0.275), (0.34375, 0.275), (0.34375, 0.275), (0.34375, 0.326764), (0.34375, 0.326764), (0.34375, 0.275), (0.34375, 0.275), (0.34375, 0.275), (0.34375, 0.275), (0.34375, 0.275), (0.34375, 0.275), (0.34375, 0.416421), (0.34375, 0.448205), (0.34375, 0.448205), (0.34375, 0.448205), (0.34375, 0.416421), (0.34375, 0.416421), (0.34375, 0.275), (0.34375, 0.275), (0.34375, 0.275), (0.34375, 0.275), (0.34375, 0.275), (0.34375, 0.275), (0.34375, 0.318999), (0.34375, 0.275), (0.34375, 0.275), (0.34375, 0.275), (0.34375, 0.318999), (0.34375, 0.326764), (0.34375, 0.275), (0.34375, 0.275), (0.34375, 0.275), (0.34375, 0.275), (0.34375, 0.275), (0.34375, 0.275), (0.34375, 0.416421), (0.34375, 0.422224), (0.34375, 0.448205), (0.34375, 0.422224), (0.34375, 0.416421), (0.34375, 0.395208), (0.34375, 0.475), (0.34375, 0.468185), (0.34375, 0.468185), (0.34375, 0.468185), (0.34375, 0.475), (0.34375, 0.475), (0.34375, 0.448205), (0.34375, 0.416421), (0.34375, 0.416421), (0.34375, 0.416421), (0.34375, 0.448205), (0.34375, 0.448205), (0.34375, 0.275), (0.34375, 0.275), (0.34375, 0.275), (0.34375, 0.275), (0.34375, 0.275), (0.34375, 0.275), (0.34375, 0.416421), (0.34375, 0.375), (0.34375, 0.375), (0.34375, 0.375), (0.34375, 0.416421), (0.34375, 0.416421), (0.34375, 0.275), (0.34375, 0.275), (0.34375, 0.275), (0.34375, 0.275), (0.34375, 0.275), (0.34375, 0.275), (0.34375, 0.275), (0.34375, 0.275), (0.34375, 0.275), (0.34375, 0.275), (0.34375, 0.275), (0.34375, 0.275), (0.34375, 0.326764), (0.34375, 0.275), (0.34375, 0.275), (0.34375, 0.275), (0.34375, 0.326764), (0.34375, 0.318999), (0.34375, 0.326764), (0.34375, 0.36), (0.34375, 0.318999), (0.34375, 0.36), (0.34375, 0.326764), (0.34375, 0.375), (0.34375, 0.375), (0.34375, 0.395208), (0.34375, 0.36), (0.34375, 0.395208), (0.34375, 0.375), (0.34375, 0.416421), (0.34375, 0.422224), (0.34375, 0.468185), (0.34375, 0.439207), (0.34375, 0.468185), (0.34375, 0.422224), (0.34375, 0.448205), (0.34375, 0.275), (0.34375, 0.275), (0.34375, 0.275), (0.34375, 0.275), (0.34375, 0.275), (0.34375, 0.275), (0.34375, 0.318999), (0.34375, 0.275), (0.34375, 0.275), (0.34375, 0.275), (0.34375, 0.318999), (0.34375, 0.36), (0.34375, 0.275), (0.34375, 0.36), (0.34375, 0.275), (0.34375, 0.275), (0.34375, 0.36), (0.34375, 0.395208), (0.34375, 0.275), (0.34375, 0.395208), (0.34375, 0.275), (0.34375, 0.275), (0.34375, 0.395208), (0.34375, 0.422224), (0.34375, 0.275), (0.34375, 0.422224), (0.34375, 0.275), (0.34375, 0.275), (0.34375, 0.422224), (0.34375, 0.439207), (0.34375, 0.275), (0.34375, 0.439207), (0.34375, 0.275), (0.34375, 0.275), (0.34375, 0.439207), (0.34375, 0.445), (0.34375, 0.275), (0.34375, 0.445), (0.34375, 0.275), (0.34375, 0.275), (0.34375, 0.445), (0.34375, 0.439207), (0.34375, 0.275), (0.34375, 0.439207), (0.34375, 0.275), (0.34375, 0.275), (0.34375, 0.439207), (0.34375, 0.422224), (0.34375, 0.275), (0.34375, 0.422224), (0.34375, 0.275), (0.34375, 0.275), (0.34375, 0.422224), (0.34375, 0.395208), (0.34375, 0.275), (0.34375, 0.395208), (0.34375, 0.275), (0.34375, 0.275), (0.34375, 0.395208), (0.34375, 0.36), (0.34375, 0.275), (0.34375, 0.36), (0.34375, 0.275), (0.34375, 0.275), (0.34375, 0.36), (0.34375, 0.318999), (0.34375, 0.275), (0.34375, 0.318999), (0.34375, 0.275), (0.34375, 0.275), (0.34375, 0.318999), (0.34375, 0.275), (0.34375, 0.275), (0.34375, 0.275), (0.34375, 0.275), (0.34375, 0.275), (0.34375, 0.275), (0.34375, 0.275), (0.34375, 0.36), (0.34375, 0.326764), (0.34375, 0.318999), (0.34375, 0.326764), (0.34375, 0.36), (0.34375, 0.375), (0.34375, 0.275), (0.34375, 0.275), (0.34375, 0.275), (0.34375, 0.275), (0.34375, 0.275), (0.34375, 0.275), (0.34375, 0.275), (0.34375, 0.275), (0.34375, 0.275), (0.34375, 0.275), (0.34375, 0.275), (0.34375, 0.275), (0.34375, 0.318999), (0.34375, 0.275), (0.34375, 0.275), (0.34375, 0.275), (0.34375, 0.318999), (0.34375, 0.326764), (0.34375, 0.275), (0.34375, 0.275), (0.34375, 0.275), (0.34375, 0.275), (0.34375, 0.275), (0.34375, 0.275), (0.34375, 0.275), (0.34375, 0.275), (0.34375, 0.275), (0.34375, 0.275), (0.34375, 0.275), (0.34375, 0.275), (0.34375, 0.275), (0.34375, 0.275), (0.34375, 0.275), (0.34375, 0.275), (0.34375, 0.275), (0.34375, 0.275), (0.34375, 0.275), (0.34375, 0.275), (0.34375, 0.275), (0.34375, 0.275), (0.34375, 0.275), (0.34375, 0.275), (0.34375, 0.275), (0.34375, 0.275), (0.34375, 0.275), (0.34375, 0.275), (0.34375, 0.275), (0.34375, 0.275), (0.34375, 0.275), (0.34375, 0.275), (0.34375, 0.275), (0.34375, 0.275), (0.34375, 0.275), (0.34375, 0.275), (0.34375, 0.275), (0.34375, 0.275), (0.34375, 0.275), (0.34375, 0.275), (0.34375, 0.275), (0.34375, 0.275), (0.34375, 0.395208), (0.34375, 0.375), (0.34375, 0.36), (0.34375, 0.375), (0.34375, 0.395208), (0.34375, 0.416421), (0.34375, 0.275), (0.34375, 0.275), (0.34375, 0.275), (0.34375, 0.275), (0.34375, 0.275), (0.34375, 0.275), (0.34375, 0.439207), (0.34375, 0.475), (0.34375, 0.445), (0.34375, 0.475), (0.34375, 0.439207), (0.34375, 0.468185), (0.34375, 0.439207), (0.34375, 0.448205), (0.34375, 0.422224), (0.34375, 0.448205), (0.34375, 0.439207), (0.34375, 0.468185), (0.34375, 0.445), (0.34375, 0.468185), (0.34375, 0.439207), (0.34375, 0.468185), (0.34375, 0.445), (0.34375, 0.475), (0.34375, 0.395208), (0.34375, 0.448205), (0.34375, 0.422224), (0.34375, 0.448205), (0.34375, 0.395208), (0.34375, 0.416421), (0.34375, 0.422224), (0.34375, 0.416421), (0.34375, 0.395208), (0.34375, 0.416421), (0.34375, 0.422224), (0.34375, 0.448205), (0.46875, 0.322426), (0.46875, 0.326631), (0.46875, 0.313723), (0.46875, 0.326631), (0.46875, 0.322426), (0.46875, 0.338234), (0.46875, 0.275), (0.46875, 0.275), (0.46875, 0.275), (0.46875, 0.275), (0.46875, 0.275), (0.46875, 0.275), (0.46875, 0.275), (0.46875, 0.289174), (0.46875, 0.275), (0.46875, 0.289174), (0.46875, 0.275), (0.46875, 0.275), (0.46875, 0.289174), (0.46875, 0.275), (0.46875, 0.302381), (0.46875, 0.302381), (0.46875, 0.275), (0.46875, 0.275), (0.46875, 0.302381), (0.46875, 0.275), (0.46875, 0.313723), (0.46875, 0.313723), (0.46875, 0.275), (0.46875, 0.275), (0.46875, 0.313723), (0.46875, 0.275), (0.46875, 0.322426), (0.46875, 0.322426), (0.46875, 0.275), (0.46875, 0.275), (0.46875, 0.322426), (0.46875, 0.275), (0.46875, 0.327897), (0.46875, 0.327897), (0.46875, 0.275), (0.46875, 0.275), (0.46875, 0.327897), (0.46875, 0.275), (0.46875, 0.329763), (0.46875, 0.329763), (0.46875, 0.275), (0.46875, 0.275), (0.46875, 0.329763), (0.46875, 0.275), (0.46875, 0.327897), (0.46875, 0.327897), (0.46875, 0.275), (0.46875, 0.275), (0.46875, 0.327897), (0.46875, 0.275), (0.46875, 0.322426), (0.46875, 0.322426), (0.46875, 0.275), (0.46875, 0.275), (0.46875, 0.322426), (0.46875, 0.275), (0.46875, 0.313723), (0.46875, 0.313723), (0.46875, 0.275), (0.46875, 0.275), (0.46875, 0.313723), (0.46875, 0.275), (0.46875, 0.302381), (0.46875, 0.302381), (0.46875, 0.275), (0.46875, 0.275), (0.46875, 0.302381), (0.46875, 0.275), (0.46875, 0.289174), (0.46875, 0.289174), (0.46875, 0.275), (0.46875, 0.275), (0.46875, 0.289174), (0.46875, 0.275), (0.46875, 0.275), (0.46875, 0.275), (0.46875, 0.289174), (0.46875, 0.293898), (0.46875, 0.311509), (0.46875, 0.313723), (0.46875, 0.302381), (0.46875, 0.313723), (0.46875, 0.311509), (0.46875, 0.326631), (0.46875, 0.275), (0.46875, 0.275), (0.46875, 0.275), (0.46875, 0.275), (0.46875, 0.275), (0.46875, 0.275), (0.46875, 0.275), (0.46875, 0.275), (0.46875, 0.275), (0.46875, 0.275), (0.46875, 0.275), (0.46875, 0.275), (0.46875, 0.275), (0.46875, 0.275), (0.46875, 0.275), (0.46875, 0.275), (0.46875, 0.275), (0.46875, 0.275), (0.46875, 0.275), (0.46875, 0.275), (0.46875, 0.275), (0.46875, 0.275), (0.46875, 0.275), (0.46875, 0.275), (0.46875, 0.313723), (0.46875, 0.311509), (0.46875, 0.302381), (0.46875, 0.311509), (0.46875, 0.313723), (0.46875, 0.326631), (0.46875, 0.302381), (0.46875, 0.293898), (0.46875, 0.289174), (0.46875, 0.293898), (0.46875, 0.302381), (0.46875, 0.311509), (0.46875, 0.345529), (0.46875, 0.329763), (0.46875, 0.327897), (0.46875, 0.329763), (0.46875, 0.345529), (0.46875, 0.348017), (0.46875, 0.348017), (0.46875, 0.327897), (0.46875, 0.329763), (0.46875, 0.327897), (0.46875, 0.348017), (0.46875, 0.345529), (0.46875, 0.327897), (0.46875, 0.338234), (0.46875, 0.322426), (0.46875, 0.338234), (0.46875, 0.327897), (0.46875, 0.345529), (0.46875, 0.326631), (0.46875, 0.322426), (0.46875, 0.313723), (0.46875, 0.322426), (0.46875, 0.326631), (0.46875, 0.338234), (0.46875, 0.275), (0.46875, 0.275), (0.46875, 0.275), (0.46875, 0.275), (0.46875, 0.275), (0.46875, 0.275), (0.46875, 0.293898), (0.46875, 0.275), (0.46875, 0.275), (0.46875, 0.275), (0.46875, 0.293898), (0.46875, 0.289174), (0.46875, 0.275), (0.46875, 0.275), (0.46875, 0.275), (0.46875, 0.275), (0.46875, 0.275), (0.46875, 0.275), (0.46875, 0.275), (0.46875, 0.275), (0.46875, 0.275), (0.46875, 0.275), (0.46875, 0.275), (0.46875, 0.275), (0.46875, 0.293898), (0.46875, 0.302381), (0.46875, 0.289174), (0.46875, 0.302381), (0.46875, 0.293898), (0.46875, 0.311509), (0.46875, 0.275), (0.46875, 0.275), (0.46875, 0.275), (0.46875, 0.275), (0.46875, 0.275), (0.46875, 0.275), (0.46875, 0.338234), (0.46875, 0.327897), (0.46875, 0.322426), (0.46875, 0.327897), (0.46875, 0.338234), (0.46875, 0.345529), (0.46875, 0.275), (0.46875, 0.275), (0.46875, 0.275), (0.46875, 0.275), (0.46875, 0.275), (0.46875, 0.275), (0.46875, 0.275), (0.46875, 0.275), (0.46875, 0.275), (0.46875, 0.275), (0.46875, 0.275), (0.46875, 0.275), (0.46875, 0.275), (0.46875, 0.275), (0.46875, 0.275), (0.46875, 0.275), (0.46875, 0.275), (0.46875, 0.275), (0.46875, 0.400882), (0.46875, 0.349118), (0.46875, 0.375), (0.46875, 0.349118), (0.46875, 0.400882), (0.46875, 0.425), (0.46875, 0.349118), (0.46875, 0.425), (0.46875, 0.325), (0.46875, 0.325), (0.46875, 0.425), (0.46875, 0.304289), (0.46875, 0.304289), (0.46875, 0.425), (0.46875, 0.445711), (0.46875, 0.304289), (0.46875, 0.445711), (0.46875, 0.375), (0.46875, 0.445711), (0.46875, 0.392193), (0.46875, 0.375), (0.46875, 0.304289), (0.46875, 0.375), (0.46875, 0.357807), (0.46875, 0.392193), (0.46875, 0.445711), (0.46875, 0.461603), (0.46875, 0.392193), (0.46875, 0.461603), (0.46875, 0.408214), (0.46875, 0.408214), (0.46875, 0.461603), (0.46875, 0.421971), (0.46875, 0.304289), (0.46875, 0.357807), (0.46875, 0.288397), (0.46875, 0.288397), (0.46875, 0.357807), (0.46875, 0.341786), (0.46875, 0.288397), (0.46875, 0.341786), (0.46875, 0.328029), (0.46875, 0.421971), (0.46875, 0.461603), (0.46875, 0.471593), (0.46875, 0.421971), (0.46875, 0.471593), (0.46875, 0.432528), (0.46875, 0.432528), (0.46875, 0.471593), (0.46875, 0.439164), (0.46875, 0.439164), (0.46875, 0.471593), (0.46875, 0.475), (0.46875, 0.439164), (0.46875, 0.475), (0.46875, 0.441427), (0.46875, 0.288397), (0.46875, 0.328029), (0.46875, 0.278407), (0.46875, 0.278407), (0.46875, 0.328029), (0.46875, 0.317472), (0.46875, 0.278407), (0.46875, 0.317472), (0.46875, 0.310836), (0.46875, 0.441427), (0.46875, 0.475), (0.46875, 0.471593), (0.46875, 0.441427), (0.46875, 0.471593), (0.46875, 0.439164), (0.46875, 0.439164), (0.46875, 0.471593), (0.46875, 0.432528), (0.46875, 0.278407), (0.46875, 0.310836), (0.46875, 0.275), (0.46875, 0.275), (0.46875, 0.310836), (0.46875, 0.308573), (0.46875, 0.275), (0.46875, 0.308573), (0.46875, 0.310836), (0.46875, 0.275), (0.46875, 0.310836), (0.46875, 0.278407), (0.46875, 0.278407), (0.46875, 0.310836), (0.46875, 0.317472), (0.46875, 0.432528), (0.46875, 0.471593), (0.46875, 0.461603), (0.46875, 0.432528), (0.46875, 0.461603), (0.46875, 0.421971), (0.46875, 0.421971), (0.46875, 0.461603), (0.46875, 0.408214), (0.46875, 0.278407), (0.46875, 0.317472), (0.46875, 0.288397), (0.46875, 0.288397), (0.46875, 0.317472), (0.46875, 0.328029), (0.46875, 0.288397), (0.46875, 0.328029), (0.46875, 0.341786), (0.46875, 0.408214), (0.46875, 0.461603), (0.46875, 0.445711), (0.46875, 0.288397), (0.46875, 0.341786), (0.46875, 0.304289), (0.46875, 0.408214), (0.46875, 0.445711), (0.46875, 0.392193), (0.46875, 0.304289), (0.46875, 0.341786), (0.46875, 0.357807), (0.46875, 0.392193), (0.46875, 0.445711), (0.46875, 0.375), (0.46875, 0.304289), (0.46875, 0.357807), (0.46875, 0.375), (0.46875, 0.304289), (0.46875, 0.375), (0.46875, 0.445711), (0.46875, 0.304289), (0.46875, 0.445711), (0.46875, 0.425), (0.46875, 0.304289), (0.46875, 0.425), (0.46875, 0.325), (0.46875, 0.325), (0.46875, 0.425), (0.46875, 0.400882), (0.46875, 0.325), (0.46875, 0.400882), (0.46875, 0.349118), (0.46875, 0.349118), (0.46875, 0.400882), (0.46875, 0.375), (0.59375, 0.525), (0.59375, 0.568999), (0.59375, 0.525), (0.59375, 0.568999), (0.59375, 0.525), (0.59375, 0.525), (0.59375, 0.568999), (0.59375, 0.525), (0.59375, 0.61), (0.59375, 0.61), (0.59375, 0.525), (0.59375, 0.525), (0.59375, 0.61), (0.59375, 0.525), (0.59375, 0.645208), (0.59375, 0.645208), (0.59375, 0.525), (0.59375, 0.525), (0.59375, 0.525), (0.59375, 0.525), (0.59375, 0.525), (0.59375, 0.553449), (0.59375, 0.645208), (0.59375, 0.525), (0.59375, 0.525), (0.59375, 0.525), (0.59375, 0.525), (0.59375, 0.525), (0.59375, 0.525), (0.59375, 0.525), (0.59375, 0.525), (0.59375, 0.525), (0.59375, 0.525), (0.59375, 0.645208), (0.59375, 0.553449), (0.59375, 0.672224), (0.59375, 0.672224), (0.59375, 0.553449), (0.59375, 0.57996), (0.59375, 0.672224), (0.59375, 0.57996), (0.59375, 0.602725), (0.59375, 0.525), (0.59375, 0.525), (0.59375, 0.525), (0.59375, 0.525), (0.59375, 0.525), (0.59375, 0.525), (0.59375, 0.525), (0.59375, 0.525), (0.59375, 0.525), (0.59375, 0.525), (0.59375, 0.525), (0.59375, 0.525), (0.59375, 0.525), (0.59375, 0.525), (0.59375, 0.525), (0.59375, 0.672224), (0.59375, 0.602725), (0.59375, 0.689207), (0.59375, 0.689207), (0.59375, 0.602725), (0.59375, 0.620194), (0.59375, 0.689207), (0.59375, 0.620194), (0.59375, 0.631175), (0.59375, 0.525), (0.59375, 0.525), (0.59375, 0.525), (0.59375, 0.525), (0.59375, 0.525), (0.59375, 0.525), (0.59375, 0.525), (0.59375, 0.525), (0.59375, 0.525), (0.59375, 0.689207), (0.59375, 0.631175), (0.59375, 0.695), (0.59375, 0.695), (0.59375, 0.631175), (0.59375, 0.63492), (0.59375, 0.695), (0.59375, 0.63492), (0.59375, 0.631175), (0.59375, 0.695), (0.59375, 0.631175), (0.59375, 0.689207), (0.59375, 0.689207), (0.59375, 0.631175), (0.59375, 0.620194), (0.59375, 0.525), (0.59375, 0.525), (0.59375, 0.525), (0.59375, 0.525), (0.59375, 0.525), (0.59375, 0.525), (0.59375, 0.525), (0.59375, 0.525), (0.59375, 0.525), (0.59375, 0.689207), (0.59375, 0.620194), (0.59375, 0.672224), (0.59375, 0.672224), (0.59375, 0.620194), (0.59375, 0.602725), (0.59375, 0.672224), (0.59375, 0.602725), (0.59375, 0.57996), (0.59375, 0.525), (0.59375, 0.525), (0.59375, 0.525), (0.59375, 0.672224), (0.59375, 0.57996), (0.59375, 0.645208), (0.59375, 0.525), (0.59375, 0.525), (0.59375, 0.525), (0.59375, 0.645208), (0.59375, 0.57996), (0.59375, 0.553449), (0.59375, 0.525), (0.59375, 0.525), (0.59375, 0.525), (0.59375, 0.645208), (0.59375, 0.553449), (0.59375, 0.525), (0.59375, 0.645208), (0.59375, 0.525), (0.59375, 0.525), (0.59375, 0.645208), (0.59375, 0.525), (0.59375, 0.525), (0.59375, 0.645208), (0.59375, 0.525), (0.59375, 0.61), (0.59375, 0.61), (0.59375, 0.525), (0.59375, 0.525), (0.59375, 0.61), (0.59375, 0.525), (0.59375, 0.568999), (0.59375, 0.568999), (0.59375, 0.525), (0.59375, 0.525), (0.84375, 0.409429), (0.84375, 0.402136), (0.84375, 0.372477), (0.84375, 0.427279), (0.84375, 0.402136), (0.84375, 0.409429), (0.84375, 0.409429), (0.84375, 0.372477), (0.84375, 0.375), (0.84375, 0.375), (0.84375, 0.372477), (0.84375, 0.342818), (0.84375, 0.438616), (0.84375, 0.427279), (0.84375, 0.409429), (0.84375, 0.44408), (0.84375, 0.427279), (0.84375, 0.438616), (0.84375, 0.375), (0.84375, 0.342818), (0.84375, 0.340571), (0.84375, 0.342818), (0.84375, 0.317674), (0.84375, 0.340571), (0.84375, 0.340571), (0.84375, 0.317674), (0.84375, 0.311384), (0.84375, 0.317674), (0.84375, 0.300874), (0.84375, 0.311384), (0.84375, 0.336732), (0.84375, 0.375), (0.84375, 0.340571), (0.84375, 0.311384), (0.84375, 0.336732), (0.84375, 0.340571), (0.84375, 0.375), (0.84375, 0.409429), (0.84375, 0.375), (0.84375, 0.375), (0.84375, 0.336732), (0.84375, 0.375), (0.84375, 0.413268), (0.84375, 0.438616), (0.84375, 0.409429), (0.84375, 0.409429), (0.84375, 0.375), (0.84375, 0.413268), (0.84375, 0.458118), (0.84375, 0.44408), (0.84375, 0.438616), (0.84375, 0.458118), (0.84375, 0.449979), (0.84375, 0.44408), (0.84375, 0.311384), (0.84375, 0.300874), (0.84375, 0.291882), (0.84375, 0.300874), (0.84375, 0.294974), (0.84375, 0.291882), (0.84375, 0.336732), (0.84375, 0.375), (0.84375, 0.336732), (0.84375, 0.336732), (0.84375, 0.311384), (0.84375, 0.304289), (0.84375, 0.304289), (0.84375, 0.336732), (0.84375, 0.336732), (0.84375, 0.375), (0.84375, 0.413268), (0.84375, 0.375), (0.84375, 0.375), (0.84375, 0.336732), (0.84375, 0.375), (0.84375, 0.282612), (0.84375, 0.311384), (0.84375, 0.291882), (0.84375, 0.311384), (0.84375, 0.282612), (0.84375, 0.304289), (0.84375, 0.438616), (0.84375, 0.413268), (0.84375, 0.445711), (0.84375, 0.438616), (0.84375, 0.467388), (0.84375, 0.458118), (0.84375, 0.467388), (0.84375, 0.438616), (0.84375, 0.445711), (0.84375, 0.413268), (0.84375, 0.375), (0.84375, 0.413268), (0.84375, 0.413268), (0.84375, 0.445711), (0.84375, 0.413268), (0.84375, 0.294974), (0.84375, 0.285033), (0.84375, 0.291882), (0.84375, 0.291882), (0.84375, 0.275), (0.84375, 0.282612), (0.84375, 0.275), (0.84375, 0.291882), (0.84375, 0.285033), (0.84375, 0.294974), (0.84375, 0.291882), (0.84375, 0.285033), (0.84375, 0.300874), (0.84375, 0.291882), (0.84375, 0.294974), (0.84375, 0.282612), (0.84375, 0.285033), (0.84375, 0.291882), (0.84375, 0.285033), (0.84375, 0.282612), (0.84375, 0.275), (0.84375, 0.311384), (0.84375, 0.291882), (0.84375, 0.300874), (0.84375, 0.311384), (0.84375, 0.282612), (0.84375, 0.291882), (0.84375, 0.317674), (0.84375, 0.311384), (0.84375, 0.300874), (0.84375, 0.340571), (0.84375, 0.311384), (0.84375, 0.317674), (0.84375, 0.342818), (0.84375, 0.340571), (0.84375, 0.317674), (0.84375, 0.282612), (0.84375, 0.311384), (0.84375, 0.304289), (0.84375, 0.340571), (0.84375, 0.304289), (0.84375, 0.311384), (0.84375, 0.375), (0.84375, 0.340571), (0.84375, 0.342818), (0.84375, 0.375), (0.84375, 0.342818), (0.84375, 0.372477), (0.84375, 0.409429), (0.84375, 0.375), (0.84375, 0.372477), (0.84375, 0.409429), (0.84375, 0.372477), (0.84375, 0.402136), (0.84375, 0.427279), (0.84375, 0.409429), (0.84375, 0.402136), (0.84375, 0.304289), (0.84375, 0.340571), (0.84375, 0.336732), (0.84375, 0.375), (0.84375, 0.336732), (0.84375, 0.340571), (0.84375, 0.304289), (0.84375, 0.282612), (0.84375, 0.304289), (0.84375, 0.336732), (0.84375, 0.304289), (0.84375, 0.304289), (0.84375, 0.336732), (0.84375, 0.375), (0.84375, 0.375), (0.84375, 0.409429), (0.84375, 0.375), (0.84375, 0.375), (0.84375, 0.438616), (0.84375, 0.409429), (0.84375, 0.427279), (0.84375, 0.44408), (0.84375, 0.438616), (0.84375, 0.427279), (0.84375, 0.282612), (0.84375, 0.304289), (0.84375, 0.282612), (0.84375, 0.282612), (0.84375, 0.275), (0.84375, 0.282612), (0.84375, 0.304289), (0.84375, 0.336732), (0.84375, 0.336732), (0.84375, 0.375), (0.84375, 0.336732), (0.84375, 0.336732), (0.84375, 0.458118), (0.84375, 0.438616), (0.84375, 0.44408), (0.84375, 0.458118), (0.84375, 0.44408), (0.84375, 0.449979), (0.84375, 0.464967), (0.84375, 0.458118), (0.84375, 0.449979), (0.84375, 0.464967), (0.84375, 0.449979), (0.84375, 0.458118), (0.84375, 0.467388), (0.84375, 0.438616), (0.84375, 0.458118), (0.84375, 0.464967), (0.84375, 0.467388), (0.84375, 0.458118), (0.84375, 0.458118), (0.84375, 0.475), (0.84375, 0.464967), (0.84375, 0.467388), (0.84375, 0.464967), (0.84375, 0.475), (0.84375, 0.475), (0.84375, 0.458118), (0.84375, 0.467388), (0.84375, 0.275), (0.84375, 0.282612), (0.84375, 0.275), (0.84375, 0.275), (0.84375, 0.282612), (0.84375, 0.275), (0.84375, 0.438616), (0.84375, 0.467388), (0.84375, 0.445711), (0.84375, 0.445711), (0.84375, 0.409429), (0.84375, 0.438616), (0.84375, 0.375), (0.84375, 0.409429), (0.84375, 0.413268), (0.84375, 0.409429), (0.84375, 0.445711), (0.84375, 0.413268), (0.84375, 0.467388), (0.84375, 0.445711), (0.84375, 0.445711), (0.84375, 0.445711), (0.84375, 0.413268), (0.84375, 0.445711), (0.84375, 0.475), (0.84375, 0.467388), (0.84375, 0.467388), (0.84375, 0.445711), (0.84375, 0.467388), (0.84375, 0.467388), (0.84375, 0.467388), (0.84375, 0.475), (0.84375, 0.475), (0.84375, 0.467388), (0.84375, 0.475), (0.84375, 0.475), (0.84375, 0.413268), (0.84375, 0.375), (0.84375, 0.375), (0.84375, 0.336732), (0.84375, 0.375), (0.84375, 0.375), (0.84375, 0.413268), (0.84375, 0.445711), (0.84375, 0.413268), (0.84375, 0.375), (0.84375, 0.413268), (0.84375, 0.413268), (0.84375, 0.467388), (0.84375, 0.437182), (0.84375, 0.445711), (0.84375, 0.437182), (0.84375, 0.413268), (0.84375, 0.445711), (0.84375, 0.475), (0.84375, 0.467388), (0.84375, 0.467388), (0.84375, 0.445711), (0.84375, 0.467388), (0.84375, 0.467388), (0.84375, 0.475), (0.84375, 0.456245), (0.84375, 0.467388), (0.84375, 0.437182), (0.84375, 0.467388), (0.84375, 0.456245), (0.84375, 0.467388), (0.84375, 0.445711), (0.84375, 0.445711), (0.84375, 0.445711), (0.84375, 0.413268), (0.84375, 0.445711), (0.84375, 0.375), (0.84375, 0.341347), (0.84375, 0.336732), (0.84375, 0.413268), (0.84375, 0.375), (0.84375, 0.375), (0.84375, 0.341347), (0.84375, 0.375), (0.84375, 0.375), (0.84375, 0.413268), (0.84375, 0.437182), (0.84375, 0.408653), (0.84375, 0.375), (0.84375, 0.413268), (0.84375, 0.408653), (0.84375, 0.456245), (0.84375, 0.421153), (0.84375, 0.437182), (0.84375, 0.421153), (0.84375, 0.408653), (0.84375, 0.437182), (0.84375, 0.312818), (0.84375, 0.336732), (0.84375, 0.341347), (0.84375, 0.336732), (0.84375, 0.312818), (0.84375, 0.304289), (0.84375, 0.312818), (0.84375, 0.282612), (0.84375, 0.304289), (0.84375, 0.282612), (0.84375, 0.312818), (0.84375, 0.293755), (0.84375, 0.293755), (0.84375, 0.275), (0.84375, 0.282612), (0.84375, 0.341347), (0.84375, 0.328847), (0.84375, 0.312818), (0.84375, 0.328847), (0.84375, 0.293755), (0.84375, 0.312818), (0.84375, 0.375), (0.84375, 0.350022), (0.84375, 0.341347), (0.84375, 0.328847), (0.84375, 0.341347), (0.84375, 0.350022), (0.84375, 0.408653), (0.84375, 0.375), (0.84375, 0.375), (0.84375, 0.350022), (0.84375, 0.375), (0.84375, 0.375), (0.84375, 0.408653), (0.84375, 0.421153), (0.84375, 0.399978), (0.84375, 0.375), (0.84375, 0.408653), (0.84375, 0.399978), (0.84375, 0.421153), (0.84375, 0.456245), (0.84375, 0.435302), (0.84375, 0.462938), (0.84375, 0.435302), (0.84375, 0.456245), (0.84375, 0.456245), (0.84375, 0.475), (0.84375, 0.462938), (0.84375, 0.475), (0.84375, 0.456245), (0.84375, 0.462938), (0.84375, 0.456245), (0.84375, 0.475), (0.84375, 0.467388), (0.84375, 0.467388), (0.84375, 0.437182), (0.84375, 0.456245), (0.84375, 0.437182), (0.84375, 0.467388), (0.84375, 0.445711), (0.84375, 0.445711), (0.84375, 0.408653), (0.84375, 0.437182), (0.84375, 0.408653), (0.84375, 0.445711), (0.84375, 0.413268), (0.84375, 0.413268), (0.84375, 0.375), (0.84375, 0.408653), (0.84375, 0.375), (0.84375, 0.413268), (0.84375, 0.375), (0.84375, 0.375), (0.84375, 0.341347), (0.84375, 0.375), (0.84375, 0.341347), (0.84375, 0.375), (0.84375, 0.336732), (0.84375, 0.304289), (0.84375, 0.341347), (0.84375, 0.336732), (0.84375, 0.336732), (0.84375, 0.304289), (0.84375, 0.304289), (0.84375, 0.304289), (0.84375, 0.282612), (0.84375, 0.304289), (0.84375, 0.282612), (0.84375, 0.304289), (0.84375, 0.282612), (0.84375, 0.282612), (0.84375, 0.275), (0.84375, 0.282612), (0.84375, 0.341347), (0.84375, 0.304289), (0.84375, 0.312818), (0.84375, 0.282612), (0.84375, 0.312818), (0.84375, 0.304289), (0.84375, 0.350022), (0.84375, 0.375), (0.84375, 0.341347), (0.84375, 0.312818), (0.84375, 0.350022), (0.84375, 0.341347), (0.84375, 0.375), (0.84375, 0.408653), (0.84375, 0.375), (0.84375, 0.375), (0.84375, 0.350022), (0.84375, 0.375), (0.84375, 0.399978), (0.84375, 0.437182), (0.84375, 0.408653), (0.84375, 0.408653), (0.84375, 0.375), (0.84375, 0.399978), (0.84375, 0.275), (0.84375, 0.293755), (0.84375, 0.282612), (0.84375, 0.312818), (0.84375, 0.282612), (0.84375, 0.293755), (0.84375, 0.350022), (0.84375, 0.312818), (0.84375, 0.328847), (0.84375, 0.293755), (0.84375, 0.328847), (0.84375, 0.312818), (0.84375, 0.293755), (0.84375, 0.275), (0.84375, 0.287062), (0.84375, 0.275), (0.84375, 0.293755), (0.84375, 0.287062), (0.84375, 0.437182), (0.84375, 0.399978), (0.84375, 0.421153), (0.84375, 0.421153), (0.84375, 0.456245), (0.84375, 0.437182), (0.84375, 0.328847), (0.84375, 0.293755), (0.84375, 0.314698), (0.84375, 0.287062), (0.84375, 0.314698), (0.84375, 0.293755), (0.84375, 0.314698), (0.84375, 0.287062), (0.84375, 0.293755), (0.84375, 0.293755), (0.84375, 0.328847), (0.84375, 0.314698), (0.84375, 0.456245), (0.84375, 0.421153), (0.84375, 0.435302), (0.84375, 0.435302), (0.84375, 0.462938), (0.84375, 0.456245), (0.84375, 0.314698), (0.84375, 0.287062), (0.84375, 0.30973), (0.84375, 0.287062), (0.84375, 0.314698), (0.84375, 0.30973), (0.84375, 0.34027), (0.84375, 0.314698), (0.84375, 0.30973), (0.84375, 0.314698), (0.84375, 0.34027), (0.84375, 0.30973), (0.84375, 0.342914), (0.84375, 0.328847), (0.84375, 0.314698), (0.84375, 0.314698), (0.84375, 0.34027), (0.84375, 0.342914), (0.84375, 0.375), (0.84375, 0.342914), (0.84375, 0.34027), (0.84375, 0.34027), (0.84375, 0.314698), (0.84375, 0.342914), (0.84375, 0.328847), (0.84375, 0.342914), (0.84375, 0.314698), (0.84375, 0.375), (0.84375, 0.34027), (0.84375, 0.342914), (0.84375, 0.328847), (0.84375, 0.342914), (0.84375, 0.350442), (0.84375, 0.375), (0.84375, 0.350442), (0.84375, 0.342914), (0.84375, 0.350442), (0.84375, 0.350022), (0.84375, 0.328847), (0.84375, 0.342914), (0.84375, 0.328847), (0.84375, 0.350442), (0.84375, 0.375), (0.84375, 0.342914), (0.84375, 0.350442), (0.84375, 0.350022), (0.84375, 0.350442), (0.84375, 0.328847), (0.84375, 0.350022), (0.84375, 0.350442), (0.84375, 0.36171), (0.84375, 0.375), (0.84375, 0.36171), (0.84375, 0.350442), (0.84375, 0.36171), (0.84375, 0.375), (0.84375, 0.350022), (0.84375, 0.350442), (0.84375, 0.350022), (0.84375, 0.36171), (0.84375, 0.375), (0.84375, 0.350442), (0.84375, 0.36171), (0.84375, 0.375), (0.84375, 0.36171), (0.84375, 0.350022), (0.84375, 0.375), (0.84375, 0.36171), (0.84375, 0.375), (0.84375, 0.375), (0.84375, 0.36171), (0.84375, 0.375), (0.84375, 0.375), (0.84375, 0.375), (0.84375, 0.36171), (0.84375, 0.36171), (0.84375, 0.375), (0.84375, 0.375), (0.84375, 0.38829), (0.84375, 0.375), (0.84375, 0.375), (0.84375, 0.38829), (0.84375, 0.375), (0.84375, 0.375), (0.84375, 0.375), (0.84375, 0.38829), (0.84375, 0.399978), (0.84375, 0.375), (0.84375, 0.38829), (0.84375, 0.375), (0.84375, 0.38829), (0.84375, 0.375), (0.84375, 0.375), (0.84375, 0.38829), (0.84375, 0.375), (0.84375, 0.399978), (0.84375, 0.399558), (0.84375, 0.399978), (0.84375, 0.38829), (0.84375, 0.399558), (0.84375, 0.38829), (0.84375, 0.375), (0.84375, 0.399978), (0.84375, 0.399558), (0.84375, 0.421153), (0.84375, 0.399978), (0.84375, 0.399558), (0.84375, 0.38829), (0.84375, 0.399558), (0.84375, 0.375), (0.84375, 0.38829), (0.84375, 0.399558), (0.84375, 0.399978), (0.84375, 0.421153), (0.84375, 0.407086), (0.84375, 0.421153), (0.84375, 0.399558), (0.84375, 0.407086), (0.84375, 0.399558), (0.84375, 0.375), (0.84375, 0.421153), (0.84375, 0.407086), (0.84375, 0.435302), (0.84375, 0.421153), (0.84375, 0.407086), (0.84375, 0.399558), (0.84375, 0.407086), (0.84375, 0.375), (0.84375, 0.399558), (0.84375, 0.407086), (0.84375, 0.421153), (0.84375, 0.435302), (0.84375, 0.40973), (0.84375, 0.407086), (0.84375, 0.375), (0.84375, 0.40973), (0.84375, 0.375), (0.84375, 0.407086), (0.84375, 0.40973), (0.84375, 0.435302), (0.84375, 0.407086), (0.84375, 0.435302), (0.84375, 0.40973), (0.84375, 0.407086), (0.84375, 0.435302), (0.84375, 0.40973), (0.84375, 0.44027), (0.84375, 0.40973), (0.84375, 0.435302), (0.84375, 0.44027), (0.84375, 0.462938), (0.84375, 0.435302), (0.84375, 0.44027), (0.84375, 0.435302), (0.84375, 0.462938), (0.84375, 0.44027), (0.34375, 0.395107), (0.34375, 0.384724), (0.34375, 0.372477), (0.34375, 0.384724), (0.34375, 0.372477), (0.34375, 0.372477), (0.34375, 0.372477), (0.34375, 0.36023), (0.34375, 0.349847), (0.34375, 0.372477), (0.34375, 0.36023), (0.34375, 0.372477), (0.34375, 0.372477), (0.34375, 0.34291), (0.34375, 0.340473), (0.34375, 0.402044), (0.34375, 0.395107), (0.34375, 0.372477), (0.34375, 0.40448), (0.34375, 0.372477), (0.34375, 0.402044), (0.34375, 0.372477), (0.34375, 0.34291), (0.34375, 0.349847), (0.34375, 0.372477), (0.34375, 0.372477), (0.34375, 0.36023), (0.34375, 0.372477), (0.34375, 0.349847), (0.34375, 0.36023), (0.34375, 0.402044), (0.34375, 0.372477), (0.34375, 0.395107), (0.34375, 0.384724), (0.34375, 0.372477), (0.34375, 0.372477), (0.34375, 0.40448), (0.34375, 0.402044), (0.34375, 0.372477), (0.34375, 0.372477), (0.34375, 0.349847), (0.34375, 0.34291), (0.34375, 0.395107), (0.34375, 0.372477), (0.34375, 0.384724), (0.34375, 0.372477), (0.34375, 0.340473), (0.34375, 0.34291), (0.34375, 0.428045), (0.34375, 0.40448), (0.34375, 0.402044), (0.34375, 0.40448), (0.34375, 0.428045), (0.34375, 0.432623), (0.34375, 0.36023), (0.34375, 0.372477), (0.34375, 0.34946), (0.34375, 0.372477), (0.34375, 0.36023), (0.34375, 0.372477), (0.34375, 0.415007), (0.34375, 0.402044), (0.34375, 0.395107), (0.34375, 0.402044), (0.34375, 0.415007), (0.34375, 0.428045), (0.34375, 0.402044), (0.34375, 0.415007), (0.34375, 0.395107), (0.34375, 0.415007), (0.34375, 0.402044), (0.34375, 0.428045), (0.34375, 0.372477), (0.34375, 0.36023), (0.34375, 0.34946), (0.34375, 0.36023), (0.34375, 0.372477), (0.34375, 0.372477), (0.34375, 0.316909), (0.34375, 0.340473), (0.34375, 0.31233), (0.34375, 0.340473), (0.34375, 0.316909), (0.34375, 0.34291), (0.34375, 0.349847), (0.34375, 0.34946), (0.34375, 0.329947), (0.34375, 0.34946), (0.34375, 0.349847), (0.34375, 0.36023), (0.34375, 0.340473), (0.34375, 0.316909), (0.34375, 0.31233), (0.34375, 0.316909), (0.34375, 0.340473), (0.34375, 0.34291), (0.34375, 0.40448), (0.34375, 0.428045), (0.34375, 0.402044), (0.34375, 0.428045), (0.34375, 0.40448), (0.34375, 0.432623), (0.34375, 0.34291), (0.34375, 0.329947), (0.34375, 0.316909), (0.34375, 0.329947), (0.34375, 0.34291), (0.34375, 0.349847), (0.34375, 0.395107), (0.34375, 0.395494), (0.34375, 0.384724), (0.34375, 0.395494), (0.34375, 0.395107), (0.34375, 0.415007), (0.34375, 0.372477), (0.34375, 0.384724), (0.34375, 0.372477), (0.34375, 0.384724), (0.34375, 0.372477), (0.34375, 0.395494), (0.34375, 0.395494), (0.34375, 0.395107), (0.34375, 0.384724), (0.34375, 0.395107), (0.34375, 0.395494), (0.34375, 0.415007), (0.34375, 0.384724), (0.34375, 0.372477), (0.34375, 0.372477), (0.34375, 0.372477), (0.34375, 0.384724), (0.34375, 0.395494), (0.34375, 0.34946), (0.34375, 0.349847), (0.34375, 0.329947), (0.34375, 0.349847), (0.34375, 0.34946), (0.34375, 0.36023), (0.34375, 0.329947), (0.34375, 0.34291), (0.34375, 0.316909), (0.34375, 0.34291), (0.34375, 0.329947), (0.34375, 0.349847), (0.34375, 0.372477), (0.34375, 0.402136), (0.34375, 0.395494), (0.34375, 0.402136), (0.34375, 0.372477), (0.34375, 0.372477), (0.34375, 0.395494), (0.34375, 0.427279), (0.34375, 0.415007), (0.34375, 0.427279), (0.34375, 0.395494), (0.34375, 0.402136), (0.34375, 0.402136), (0.34375, 0.372477), (0.34375, 0.395494), (0.34375, 0.372477), (0.34375, 0.402136), (0.34375, 0.372477), (0.34375, 0.342818), (0.34375, 0.329947), (0.34375, 0.34946), (0.34375, 0.329947), (0.34375, 0.342818), (0.34375, 0.317674), (0.34375, 0.329947), (0.34375, 0.300874), (0.34375, 0.317674), (0.34375, 0.300874), (0.34375, 0.329947), (0.34375, 0.316909), (0.34375, 0.329947), (0.34375, 0.300874), (0.34375, 0.316909), (0.34375, 0.300874), (0.34375, 0.329947), (0.34375, 0.317674), (0.34375, 0.44408), (0.34375, 0.415007), (0.34375, 0.427279), (0.34375, 0.415007), (0.34375, 0.44408), (0.34375, 0.428045), (0.34375, 0.372477), (0.34375, 0.34946), (0.34375, 0.372477), (0.34375, 0.34946), (0.34375, 0.372477), (0.34375, 0.342818), (0.34375, 0.449979), (0.34375, 0.428045), (0.34375, 0.432623), (0.34375, 0.428045), (0.34375, 0.449979), (0.34375, 0.44408), (0.34375, 0.44408), (0.34375, 0.415007), (0.34375, 0.428045), (0.34375, 0.415007), (0.34375, 0.44408), (0.34375, 0.427279), (0.34375, 0.427279), (0.34375, 0.395494), (0.34375, 0.415007), (0.34375, 0.395494), (0.34375, 0.427279), (0.34375, 0.402136), (0.34375, 0.34946), (0.34375, 0.372477), (0.34375, 0.372477), (0.34375, 0.372477), (0.34375, 0.34946), (0.34375, 0.342818), (0.34375, 0.316909), (0.34375, 0.294974), (0.34375, 0.300874), (0.34375, 0.294974), (0.34375, 0.316909), (0.34375, 0.31233), (0.34375, 0.316909), (0.34375, 0.294974), (0.34375, 0.31233), (0.34375, 0.294974), (0.34375, 0.316909), (0.34375, 0.300874), (0.34375, 0.449979), (0.34375, 0.428045), (0.34375, 0.44408), (0.34375, 0.428045), (0.34375, 0.449979), (0.34375, 0.432623), (0.34375, 0.329947), (0.34375, 0.342818), (0.34375, 0.34946), (0.34375, 0.342818), (0.34375, 0.329947), (0.34375, 0.317674), (0.34375, 0.401784), (0.34375, 0.295499), (0.34375, 0.275), (0.34375, 0.295499), (0.34375, 0.401784), (0.34375, 0.345315), (0.34375, 0.345315), (0.34375, 0.401784), (0.34375, 0.381136), (0.34375, 0.381136), (0.34375, 0.401784), (0.34375, 0.427777), (0.34375, 0.427777), (0.34375, 0.401784), (0.34375, 0.420392), (0.34375, 0.427777), (0.34375, 0.420392), (0.34375, 0.450158), (0.34375, 0.427777), (0.34375, 0.450158), (0.34375, 0.475), (0.34375, 0.475), (0.34375, 0.450158), (0.34375, 0.469725), (0.34375, 0.295499), (0.34375, 0.401784), (0.34375, 0.275), (0.34375, 0.401784), (0.34375, 0.295499), (0.34375, 0.345315), (0.34375, 0.401784), (0.34375, 0.345315), (0.34375, 0.381136), (0.34375, 0.401784), (0.34375, 0.381136), (0.34375, 0.427777), (0.34375, 0.401784), (0.34375, 0.427777), (0.34375, 0.420392), (0.34375, 0.420392), (0.34375, 0.427777), (0.34375, 0.450158), (0.34375, 0.450158), (0.34375, 0.427777), (0.34375, 0.475), (0.34375, 0.450158), (0.34375, 0.475), (0.34375, 0.469725), (0.34375, 0.401784), (0.34375, 0.275), (0.34375, 0.275), (0.34375, 0.275), (0.34375, 0.401784), (0.34375, 0.401784), (0.34375, 0.375), (0.34375, 0.35188), (0.34375, 0.33216), (0.34375, 0.449201), (0.34375, 0.42124), (0.34375, 0.46068), (0.34375, 0.375), (0.34375, 0.325), (0.34375, 0.33216), (0.34375, 0.449201), (0.34375, 0.415045), (0.34375, 0.42124), (0.34375, 0.375), (0.34375, 0.33216), (0.34375, 0.375), (0.34375, 0.35188), (0.34375, 0.300799), (0.34375, 0.33216), (0.34375, 0.35188), (0.34375, 0.334955), (0.34375, 0.300799), (0.34375, 0.288397), (0.34375, 0.300799), (0.34375, 0.275), (0.34375, 0.41784), (0.34375, 0.375), (0.34375, 0.375), (0.34375, 0.275), (0.34375, 0.300799), (0.34375, 0.28932), (0.34375, 0.425), (0.34375, 0.375), (0.34375, 0.41784), (0.34375, 0.375), (0.34375, 0.33216), (0.34375, 0.375), (0.34375, 0.425), (0.34375, 0.375), (0.34375, 0.375), (0.34375, 0.415045), (0.34375, 0.46068), (0.34375, 0.42124), (0.34375, 0.449201), (0.34375, 0.46068), (0.34375, 0.415045), (0.34375, 0.325), (0.34375, 0.288397), (0.34375, 0.300799), (0.34375, 0.28932), (0.34375, 0.334955), (0.34375, 0.32876), (0.34375, 0.41784), (0.34375, 0.39812), (0.34375, 0.449201), (0.34375, 0.33216), (0.34375, 0.300799), (0.34375, 0.325), (0.34375, 0.33216), (0.34375, 0.375), (0.34375, 0.35188), (0.34375, 0.334955), (0.34375, 0.32876), (0.34375, 0.28932), (0.34375, 0.449201), (0.34375, 0.415045), (0.34375, 0.39812), (0.34375, 0.375), (0.34375, 0.41784), (0.34375, 0.375), (0.34375, 0.35188), (0.34375, 0.300799), (0.34375, 0.334955), (0.34375, 0.425), (0.34375, 0.41784), (0.34375, 0.449201), (0.34375, 0.449201), (0.34375, 0.39812), (0.34375, 0.415045), (0.34375, 0.461603), (0.34375, 0.449201), (0.34375, 0.46068), (0.34375, 0.449201), (0.34375, 0.415045), (0.34375, 0.39812), (0.34375, 0.41784), (0.34375, 0.375), (0.34375, 0.375), (0.34375, 0.425), (0.34375, 0.41784), (0.34375, 0.375), (0.34375, 0.325), (0.34375, 0.300799), (0.34375, 0.288397), (0.34375, 0.46068), (0.34375, 0.475), (0.34375, 0.449201), (0.34375, 0.41784), (0.34375, 0.449201), (0.34375, 0.39812), (0.34375, 0.449201), (0.34375, 0.41784), (0.34375, 0.425), (0.34375, 0.33216), (0.34375, 0.300799), (0.34375, 0.35188), (0.34375, 0.41784), (0.34375, 0.375), (0.34375, 0.39812), (0.34375, 0.325), (0.34375, 0.300799), (0.34375, 0.288397), (0.34375, 0.41784), (0.34375, 0.39812), (0.34375, 0.375), (0.34375, 0.35188), (0.34375, 0.33216), (0.34375, 0.300799), (0.34375, 0.41784), (0.34375, 0.375), (0.34375, 0.375), (0.34375, 0.375), (0.34375, 0.375), (0.34375, 0.33216), (0.34375, 0.449201), (0.34375, 0.41784), (0.34375, 0.39812), (0.34375, 0.300799), (0.34375, 0.28932), (0.34375, 0.32876), (0.34375, 0.425), (0.34375, 0.375), (0.34375, 0.41784), (0.34375, 0.46068), (0.34375, 0.415045), (0.34375, 0.449201), (0.34375, 0.449201), (0.34375, 0.39812), (0.34375, 0.415045), (0.34375, 0.300799), (0.34375, 0.32876), (0.34375, 0.334955), (0.34375, 0.461603), (0.34375, 0.449201), (0.34375, 0.425), (0.34375, 0.33216), (0.34375, 0.300799), (0.34375, 0.325), (0.34375, 0.375), (0.34375, 0.375), (0.34375, 0.41784), (0.34375, 0.41784), (0.34375, 0.39812), (0.34375, 0.375), (0.34375, 0.300799), (0.34375, 0.334955), (0.34375, 0.35188), (0.34375, 0.33216), (0.34375, 0.35188), (0.34375, 0.375), (0.34375, 0.375), (0.34375, 0.33216), (0.34375, 0.375), (0.34375, 0.475), (0.34375, 0.461603), (0.34375, 0.46068), (0.34375, 0.461603), (0.34375, 0.425), (0.34375, 0.449201), (0.34375, 0.46068), (0.34375, 0.449201), (0.34375, 0.415045), (0.34375, 0.46068), (0.34375, 0.415045), (0.34375, 0.42124), (0.34375, 0.375), (0.34375, 0.375), (0.34375, 0.33216), (0.34375, 0.449201), (0.34375, 0.475), (0.34375, 0.461603), (0.34375, 0.300799), (0.34375, 0.334955), (0.34375, 0.28932), (0.34375, 0.46068), (0.34375, 0.42124), (0.34375, 0.415045), (0.34375, 0.375), (0.34375, 0.33216), (0.34375, 0.325), (0.34375, 0.28932), (0.34375, 0.300799), (0.34375, 0.334955), (0.34375, 0.449201), (0.34375, 0.39812), (0.34375, 0.41784), (0.34375, 0.33216), (0.34375, 0.325), (0.34375, 0.300799), (0.34375, 0.325), (0.34375, 0.288397), (0.34375, 0.300799), (0.34375, 0.28932), (0.34375, 0.275), (0.34375, 0.288397), (0.34375, 0.300799), (0.34375, 0.28932), (0.34375, 0.288397), (0.34375, 0.461603), (0.34375, 0.46068), (0.34375, 0.449201), (0.34375, 0.325), (0.34375, 0.300799), (0.34375, 0.33216), (0.34375, 0.28932), (0.34375, 0.288397), (0.34375, 0.275), (0.34375, 0.425), (0.34375, 0.375), (0.34375, 0.375), (0.34375, 0.449201), (0.34375, 0.461603), (0.34375, 0.475), (0.34375, 0.425), (0.34375, 0.41784), (0.34375, 0.375), (0.34375, 0.449201), (0.34375, 0.475), (0.34375, 0.46068), (0.34375, 0.375), (0.34375, 0.33216), (0.34375, 0.325), (0.34375, 0.375), (0.34375, 0.33216), (0.34375, 0.375), (0.34375, 0.28932), (0.34375, 0.334955), (0.34375, 0.300799), (0.34375, 0.28932), (0.34375, 0.32876), (0.34375, 0.334955), (0.34375, 0.461603), (0.34375, 0.475), (0.34375, 0.46068), (0.34375, 0.449201), (0.34375, 0.425), (0.34375, 0.41784), (0.34375, 0.461603), (0.34375, 0.425), (0.34375, 0.449201), (0.34375, 0.41784), (0.34375, 0.375), (0.34375, 0.375), (0.34375, 0.41784), (0.34375, 0.375), (0.34375, 0.39812), (0.34375, 0.461603), (0.34375, 0.449201), (0.34375, 0.425), (0.34375, 0.375), (0.34375, 0.375), (0.34375, 0.33216), (0.34375, 0.28932), (0.34375, 0.300799), (0.34375, 0.288397), (0.34375, 0.375), (0.34375, 0.325), (0.34375, 0.33216), (0.34375, 0.375), (0.34375, 0.33216), (0.34375, 0.375), (0.34375, 0.375), (0.34375, 0.33216), (0.34375, 0.35188), (0.34375, 0.300799), (0.34375, 0.35188), (0.34375, 0.334955), (0.34375, 0.33216), (0.34375, 0.35188), (0.34375, 0.300799), (0.34375, 0.41784), (0.34375, 0.425), (0.34375, 0.449201), (0.34375, 0.275), (0.34375, 0.28932), (0.34375, 0.300799), (0.34375, 0.275), (0.34375, 0.300799), (0.34375, 0.288397), (0.34375, 0.288397), (0.34375, 0.275), (0.34375, 0.288397), (0.34375, 0.275), (0.34375, 0.288397), (0.34375, 0.275), (0.34375, 0.35188), (0.34375, 0.39812), (0.34375, 0.375), (0.34375, 0.39812), (0.34375, 0.35188), (0.34375, 0.415045), (0.34375, 0.415045), (0.34375, 0.35188), (0.34375, 0.334955), (0.34375, 0.415045), (0.34375, 0.334955), (0.34375, 0.42124), (0.34375, 0.42124), (0.34375, 0.334955), (0.34375, 0.32876), (0.34375, 0.42124), (0.34375, 0.32876), (0.34375, 0.415045), (0.34375, 0.415045), (0.34375, 0.32876), (0.34375, 0.334955), (0.34375, 0.415045), (0.34375, 0.334955), (0.34375, 0.39812), (0.34375, 0.39812), (0.34375, 0.334955), (0.34375, 0.35188), (0.34375, 0.39812), (0.34375, 0.35188), (0.34375, 0.375), (0.34375, 0.375), (0.34375, 0.425), (0.34375, 0.375), (0.34375, 0.425), (0.34375, 0.375), (0.34375, 0.425), (0.34375, 0.475), (0.34375, 0.461603), (0.34375, 0.475), (0.34375, 0.461603), (0.34375, 0.475), (0.34375, 0.461603), (0.34375, 0.375), (0.34375, 0.325), (0.34375, 0.325), (0.34375, 0.325), (0.34375, 0.375), (0.34375, 0.375), (0.34375, 0.425), (0.34375, 0.375), (0.34375, 0.375), (0.34375, 0.375), (0.34375, 0.425), (0.34375, 0.425), (0.34375, 0.39812), (0.34375, 0.35188), (0.34375, 0.375), (0.34375, 0.35188), (0.34375, 0.39812), (0.34375, 0.334955), (0.34375, 0.334955), (0.34375, 0.39812), (0.34375, 0.415045), (0.34375, 0.334955), (0.34375, 0.415045), (0.34375, 0.32876), (0.34375, 0.32876), (0.34375, 0.415045), (0.34375, 0.42124), (0.34375, 0.32876), (0.34375, 0.42124), (0.34375, 0.334955), (0.34375, 0.334955), (0.34375, 0.42124), (0.34375, 0.415045), (0.34375, 0.334955), (0.34375, 0.415045), (0.34375, 0.35188), (0.34375, 0.35188), (0.34375, 0.415045), (0.34375, 0.39812), (0.34375, 0.35188), (0.34375, 0.39812), (0.34375, 0.375), (0.34375, 0.461603), (0.34375, 0.425), (0.34375, 0.425), (0.34375, 0.425), (0.34375, 0.461603), (0.34375, 0.461603), (0.34375, 0.325), (0.34375, 0.375), (0.34375, 0.325), (0.34375, 0.375), (0.34375, 0.325), (0.34375, 0.375), (0.34375, 0.425), (0.34375, 0.461603), (0.34375, 0.425), (0.34375, 0.461603), (0.34375, 0.425), (0.34375, 0.461603), (0.34375, 0.275), (0.34375, 0.288397), (0.34375, 0.275), (0.34375, 0.288397), (0.34375, 0.275), (0.34375, 0.288397), (0.34375, 0.325), (0.34375, 0.288397), (0.34375, 0.288397), (0.34375, 0.288397), (0.34375, 0.325), (0.34375, 0.325), (0.34375, 0.461603), (0.34375, 0.475), (0.34375, 0.475), (0.34375, 0.475), (0.34375, 0.461603), (0.34375, 0.461603), (0.34375, 0.288397), (0.34375, 0.325), (0.34375, 0.288397), (0.34375, 0.325), (0.34375, 0.288397), (0.34375, 0.325), (0.34375, 0.475), (0.34375, 0.461603), (0.34375, 0.461603), (0.34375, 0.461603), (0.34375, 0.475), (0.34375, 0.475), (0.34375, 0.461603), (0.34375, 0.475), (0.34375, 0.475), (0.34375, 0.475), (0.34375, 0.461603), (0.34375, 0.461603), (0.34375, 0.288397), (0.34375, 0.275), (0.34375, 0.288397), (0.34375, 0.275), (0.34375, 0.288397), (0.34375, 0.275), (0.34375, 0.375), (0.34375, 0.325), (0.34375, 0.325), (0.34375, 0.325), (0.34375, 0.375), (0.34375, 0.375), (0.34375, 0.288397), (0.34375, 0.325), (0.34375, 0.288397), (0.34375, 0.325), (0.34375, 0.288397), (0.34375, 0.325), (0.34375, 0.425), (0.34375, 0.375), (0.34375, 0.375), (0.34375, 0.375), (0.34375, 0.425), (0.34375, 0.425), (0.34375, 0.325), (0.34375, 0.288397), (0.34375, 0.288397), (0.34375, 0.288397), (0.34375, 0.325), (0.34375, 0.325), (0.34375, 0.425), (0.34375, 0.461603), (0.34375, 0.425), (0.34375, 0.461603), (0.34375, 0.425), (0.34375, 0.461603), (0.34375, 0.275), (0.34375, 0.288397), (0.34375, 0.275), (0.34375, 0.288397), (0.34375, 0.275), (0.34375, 0.288397), (0.34375, 0.325), (0.34375, 0.375), (0.34375, 0.325), (0.34375, 0.375), (0.34375, 0.325), (0.34375, 0.375), (0.34375, 0.461603), (0.34375, 0.425), (0.34375, 0.425), (0.34375, 0.425), (0.34375, 0.461603), (0.34375, 0.461603), (0.34375, 0.375), (0.34375, 0.425), (0.34375, 0.375), (0.34375, 0.425), (0.34375, 0.375), (0.34375, 0.425), (0.09375, 0.277707), (0.09375, 0.310343), (0.09375, 0.277706), (0.09375, 0.310343), (0.09375, 0.277707), (0.09375, 0.310343), (0.09375, 0.396885), (0.09375, 0.348206), (0.09375, 0.353117), (0.09375, 0.348206), (0.09375, 0.396885), (0.09375, 0.401796), (0.09375, 0.301794), (0.09375, 0.353115), (0.09375, 0.31521), (0.09375, 0.353115), (0.09375, 0.301794), (0.09375, 0.348204), (0.09375, 0.310343), (0.09375, 0.303775), (0.09375, 0.277706), (0.09375, 0.303775), (0.09375, 0.310343), (0.09375, 0.327667), (0.09375, 0.345105), (0.09375, 0.334164), (0.09375, 0.334163), (0.09375, 0.334164), (0.09375, 0.345105), (0.09375, 0.345106), (0.09375, 0.345106), (0.09375, 0.345105), (0.09375, 0.364057), (0.09375, 0.345106), (0.09375, 0.364057), (0.09375, 0.364058), (0.09375, 0.364058), (0.09375, 0.364057), (0.09375, 0.385942), (0.09375, 0.364058), (0.09375, 0.385942), (0.09375, 0.385943), (0.09375, 0.385943), (0.09375, 0.385942), (0.09375, 0.404894), (0.09375, 0.385943), (0.09375, 0.404894), (0.09375, 0.404895), (0.09375, 0.404895), (0.09375, 0.404894), (0.09375, 0.415836), (0.09375, 0.404895), (0.09375, 0.415836), (0.09375, 0.415837), (0.09375, 0.334163), (0.09375, 0.293327), (0.09375, 0.293326), (0.09375, 0.293327), (0.09375, 0.334163), (0.09375, 0.334164), (0.09375, 0.275), (0.09375, 0.293327), (0.09375, 0.275001), (0.09375, 0.293327), (0.09375, 0.275), (0.09375, 0.293326), (0.09375, 0.456673), (0.09375, 0.415837), (0.09375, 0.415836), (0.09375, 0.415837), (0.09375, 0.456673), (0.09375, 0.456674), (0.09375, 0.348204), (0.09375, 0.396883), (0.09375, 0.353115), (0.09375, 0.396883), (0.09375, 0.348204), (0.09375, 0.401794), (0.09375, 0.43479), (0.09375, 0.401796), (0.09375, 0.396885), (0.09375, 0.401796), (0.09375, 0.43479), (0.09375, 0.448206), (0.09375, 0.345106), (0.09375, 0.353117), (0.09375, 0.315212), (0.09375, 0.353117), (0.09375, 0.345106), (0.09375, 0.364058), (0.09375, 0.404895), (0.09375, 0.396885), (0.09375, 0.385943), (0.09375, 0.396885), (0.09375, 0.404895), (0.09375, 0.43479), (0.09375, 0.439657), (0.09375, 0.472293), (0.09375, 0.439657), (0.09375, 0.472293), (0.09375, 0.439657), (0.09375, 0.472294), (0.09375, 0.415837), (0.09375, 0.43479), (0.09375, 0.404895), (0.09375, 0.43479), (0.09375, 0.415837), (0.09375, 0.456674), (0.09375, 0.43479), (0.09375, 0.475), (0.09375, 0.448206), (0.09375, 0.475), (0.09375, 0.43479), (0.09375, 0.456674), (0.09375, 0.396883), (0.09375, 0.404894), (0.09375, 0.385942), (0.09375, 0.404894), (0.09375, 0.396883), (0.09375, 0.434788), (0.09375, 0.353117), (0.09375, 0.301796), (0.09375, 0.315212), (0.09375, 0.301796), (0.09375, 0.353117), (0.09375, 0.348206), (0.09375, 0.396883), (0.09375, 0.364057), (0.09375, 0.353115), (0.09375, 0.364057), (0.09375, 0.396883), (0.09375, 0.385942), (0.09375, 0.310343), (0.09375, 0.327667), (0.09375, 0.310343), (0.09375, 0.327667), (0.09375, 0.310343), (0.09375, 0.327668), (0.09375, 0.327667), (0.09375, 0.327668), (0.09375, 0.357675), (0.09375, 0.357675), (0.09375, 0.327668), (0.09375, 0.357676), (0.09375, 0.357675), (0.09375, 0.357676), (0.09375, 0.392324), (0.09375, 0.392324), (0.09375, 0.357676), (0.09375, 0.392325), (0.09375, 0.392324), (0.09375, 0.392325), (0.09375, 0.422332), (0.09375, 0.422332), (0.09375, 0.392325), (0.09375, 0.422333), (0.09375, 0.422332), (0.09375, 0.422333), (0.09375, 0.439657), (0.09375, 0.439657), (0.09375, 0.422333), (0.09375, 0.439657), (0.09375, 0.275001), (0.09375, 0.315212), (0.09375, 0.301796), (0.09375, 0.315212), (0.09375, 0.275001), (0.09375, 0.293327), (0.09375, 0.364058), (0.09375, 0.396885), (0.09375, 0.353117), (0.09375, 0.396885), (0.09375, 0.364058), (0.09375, 0.385943), (0.09375, 0.434788), (0.09375, 0.474999), (0.09375, 0.456673), (0.09375, 0.474999), (0.09375, 0.434788), (0.09375, 0.448204), (0.09375, 0.303777), (0.09375, 0.310343), (0.09375, 0.277707), (0.09375, 0.310343), (0.09375, 0.303777), (0.09375, 0.327668), (0.09375, 0.327667), (0.09375, 0.348929), (0.09375, 0.303775), (0.09375, 0.348929), (0.09375, 0.327667), (0.09375, 0.357675), (0.09375, 0.401071), (0.09375, 0.357676), (0.09375, 0.348931), (0.09375, 0.357676), (0.09375, 0.401071), (0.09375, 0.392325), (0.09375, 0.334164), (0.09375, 0.315212), (0.09375, 0.293327), (0.09375, 0.315212), (0.09375, 0.334164), (0.09375, 0.345106), (0.09375, 0.31521), (0.09375, 0.334163), (0.09375, 0.293326), (0.09375, 0.334163), (0.09375, 0.31521), (0.09375, 0.345105), (0.09375, 0.348931), (0.09375, 0.327668), (0.09375, 0.303777), (0.09375, 0.327668), (0.09375, 0.348931), (0.09375, 0.357676), (0.09375, 0.401071), (0.09375, 0.422333), (0.09375, 0.392325), (0.09375, 0.422333), (0.09375, 0.401071), (0.09375, 0.446225), (0.09375, 0.446225), (0.09375, 0.439657), (0.09375, 0.422333), (0.09375, 0.439657), (0.09375, 0.446225), (0.09375, 0.472294), (0.09375, 0.357675), (0.09375, 0.401069), (0.09375, 0.348929), (0.09375, 0.401069), (0.09375, 0.357675), (0.09375, 0.392324), (0.09375, 0.422332), (0.09375, 0.401069), (0.09375, 0.392324), (0.09375, 0.401069), (0.09375, 0.422332), (0.09375, 0.446223), (0.09375, 0.439657), (0.09375, 0.446223), (0.09375, 0.422332), (0.09375, 0.446223), (0.09375, 0.439657), (0.09375, 0.472293), (0.09375, 0.275), (0.09375, 0.31521), (0.09375, 0.293326), (0.09375, 0.31521), (0.09375, 0.275), (0.09375, 0.301794), (0.09375, 0.456674), (0.09375, 0.474999), (0.09375, 0.475), (0.09375, 0.474999), (0.09375, 0.456674), (0.09375, 0.456673), (0.09375, 0.401069), (0.09375, 0.448204), (0.09375, 0.401794), (0.09375, 0.448204), (0.09375, 0.401069), (0.09375, 0.446223), (0.09375, 0.401796), (0.09375, 0.348931), (0.09375, 0.348206), (0.09375, 0.348931), (0.09375, 0.401796), (0.09375, 0.401071), (0.09375, 0.277707), (0.09375, 0.275), (0.09375, 0.275001), (0.09375, 0.275), (0.09375, 0.277707), (0.09375, 0.277706), (0.09375, 0.348206), (0.09375, 0.303777), (0.09375, 0.301796), (0.09375, 0.303777), (0.09375, 0.348206), (0.09375, 0.348931), (0.09375, 0.448206), (0.09375, 0.401071), (0.09375, 0.401796), (0.09375, 0.401071), (0.09375, 0.448206), (0.09375, 0.446225), (0.09375, 0.474999), (0.09375, 0.472294), (0.09375, 0.475), (0.09375, 0.472294), (0.09375, 0.474999), (0.09375, 0.472293), (0.09375, 0.303777), (0.09375, 0.275001), (0.09375, 0.301796), (0.09375, 0.275001), (0.09375, 0.303777), (0.09375, 0.277707), (0.09375, 0.401794), (0.09375, 0.434788), (0.09375, 0.396883), (0.09375, 0.434788), (0.09375, 0.401794), (0.09375, 0.448204), (0.09375, 0.348929), (0.09375, 0.401794), (0.09375, 0.348204), (0.09375, 0.401794), (0.09375, 0.348929), (0.09375, 0.401069), (0.09375, 0.303775), (0.09375, 0.275), (0.09375, 0.277706), (0.09375, 0.275), (0.09375, 0.303775), (0.09375, 0.301794), (0.09375, 0.353115), (0.09375, 0.345105), (0.09375, 0.31521), (0.09375, 0.345105), (0.09375, 0.353115), (0.09375, 0.364057), (0.09375, 0.475), (0.09375, 0.446225), (0.09375, 0.448206), (0.09375, 0.446225), (0.09375, 0.475), (0.09375, 0.472294), (0.09375, 0.434788), (0.09375, 0.415836), (0.09375, 0.404894), (0.09375, 0.415836), (0.09375, 0.434788), (0.09375, 0.456673), (0.09375, 0.474999), (0.09375, 0.446223), (0.09375, 0.472293), (0.09375, 0.446223), (0.09375, 0.474999), (0.09375, 0.448204), (0.09375, 0.303775), (0.09375, 0.348204), (0.09375, 0.301794), (0.09375, 0.348204), (0.09375, 0.303775), (0.09375, 0.348929), (0.09375, 0.433764), (0.09375, 0.305591), (0.09375, 0.305591), (0.09375, 0.305591), (0.09375, 0.433764), (0.09375, 0.433764), (0.09375, 0.475), (0.09375, 0.460225), (0.09375, 0.475), (0.09375, 0.460225), (0.09375, 0.475), (0.09375, 0.460225), (0.09375, 0.475), (0.09375, 0.460225), (0.09375, 0.460225), (0.09375, 0.460225), (0.09375, 0.475), (0.09375, 0.475), (0.09375, 0.460225), (0.09375, 0.433764), (0.09375, 0.433764), (0.09375, 0.433764), (0.09375, 0.460225), (0.09375, 0.460225), (0.09375, 0.475), (0.09375, 0.475), (0.09375, 0.475), (0.09375, 0.475), (0.09375, 0.475), (0.09375, 0.475), (0.09375, 0.475), (0.09375, 0.475), (0.09375, 0.475), (0.09375, 0.475), (0.09375, 0.475), (0.09375, 0.475), (0.09375, 0.475), (0.09375, 0.475), (0.09375, 0.475), (0.09375, 0.475), (0.09375, 0.475), (0.09375, 0.475), (0.09375, 0.475), (0.09375, 0.475), (0.09375, 0.475), (0.09375, 0.475), (0.09375, 0.475), (0.09375, 0.475), (0.09375, 0.475), (0.09375, 0.475), (0.09375, 0.475), (0.09375, 0.475), (0.09375, 0.475), (0.09375, 0.475), (0.09375, 0.433764), (0.09375, 0.305591), (0.09375, 0.433764), (0.09375, 0.305591), (0.09375, 0.433764), (0.09375, 0.305591), (0.09375, 0.305591), (0.09375, 0.275), (0.09375, 0.275), (0.09375, 0.275), (0.09375, 0.305591), (0.09375, 0.305591), (0.09375, 0.305591), (0.09375, 0.433764), (0.09375, 0.433764), (0.09375, 0.433764), (0.09375, 0.305591), (0.09375, 0.305591), (0.09375, 0.460225), (0.09375, 0.433764), (0.09375, 0.433764), (0.09375, 0.433764), (0.09375, 0.460225), (0.09375, 0.460225), (0.09375, 0.275), (0.09375, 0.305591), (0.09375, 0.305591), (0.09375, 0.305591), (0.09375, 0.275), (0.09375, 0.275), (0.09375, 0.275), (0.09375, 0.305591), (0.09375, 0.275), (0.09375, 0.305591), (0.09375, 0.275), (0.09375, 0.305591), (0.09375, 0.305591), (0.09375, 0.275), (0.09375, 0.275), (0.09375, 0.275), (0.09375, 0.305591), (0.09375, 0.305591), (0.09375, 0.305591), (0.09375, 0.275), (0.09375, 0.305591), (0.09375, 0.275), (0.09375, 0.305591), (0.09375, 0.275), (0.09375, 0.460225), (0.09375, 0.475), (0.09375, 0.475), (0.09375, 0.475), (0.09375, 0.460225), (0.09375, 0.460225), (0.09375, 0.275), (0.09375, 0.305591), (0.09375, 0.275), (0.09375, 0.305591), (0.09375, 0.275), (0.09375, 0.305591), (0.09375, 0.275), (0.09375, 0.305591), (0.09375, 0.275), (0.09375, 0.305591), (0.09375, 0.275), (0.09375, 0.305591), (0.09375, 0.305591), (0.09375, 0.433764), (0.09375, 0.305591), (0.09375, 0.433764), (0.09375, 0.305591), (0.09375, 0.433764), (0.09375, 0.433764), (0.09375, 0.305591), (0.09375, 0.305591), (0.09375, 0.305591), (0.09375, 0.433764), (0.09375, 0.433764), (0.09375, 0.433764), (0.09375, 0.305591), (0.09375, 0.433764), (0.09375, 0.305591), (0.09375, 0.433764), (0.09375, 0.305591), (0.09375, 0.305591), (0.09375, 0.275), (0.09375, 0.275), (0.09375, 0.275), (0.09375, 0.305591), (0.09375, 0.305591), (0.09375, 0.460225), (0.09375, 0.433764), (0.09375, 0.460225), (0.09375, 0.433764), (0.09375, 0.460225), (0.09375, 0.433764), (0.09375, 0.433764), (0.09375, 0.460225), (0.09375, 0.433764), (0.09375, 0.460225), (0.09375, 0.433764), (0.09375, 0.460225), (0.09375, 0.433764), (0.09375, 0.460225), (0.09375, 0.460225), (0.09375, 0.460225), (0.09375, 0.433764), (0.09375, 0.433764), (0.09375, 0.475), (0.09375, 0.460225), (0.09375, 0.475), (0.09375, 0.460225), (0.09375, 0.475), (0.09375, 0.460225), (0.09375, 0.305591), (0.09375, 0.275), (0.09375, 0.305591), (0.09375, 0.275), (0.09375, 0.305591), (0.09375, 0.275), (0.09375, 0.460225), (0.09375, 0.433764), (0.09375, 0.433764), (0.09375, 0.433764), (0.09375, 0.460225), (0.09375, 0.460225), (0.09375, 0.305591), (0.09375, 0.275), (0.09375, 0.305591), (0.09375, 0.275), (0.09375, 0.305591), (0.09375, 0.275), (0.09375, 0.433764), (0.09375, 0.460225), (0.09375, 0.433764), (0.09375, 0.460225), (0.09375, 0.433764), (0.09375, 0.460225), (0.09375, 0.460225), (0.09375, 0.475), (0.09375, 0.475), (0.09375, 0.475), (0.09375, 0.460225), (0.09375, 0.460225), (0.09375, 0.305591), (0.09375, 0.433764), (0.09375, 0.305591), (0.09375, 0.433764), (0.09375, 0.305591), (0.09375, 0.433764), (0.09375, 0.475), (0.09375, 0.460225), (0.09375, 0.460225), (0.09375, 0.460225), (0.09375, 0.475), (0.09375, 0.475), (0.09375, 0.460225), (0.09375, 0.475), (0.09375, 0.460225), (0.09375, 0.475), (0.09375, 0.460225), (0.09375, 0.475), (0.09375, 0.460225), (0.09375, 0.433764), (0.09375, 0.433764), (0.09375, 0.433764), (0.09375, 0.460225), (0.09375, 0.460225), (0.09375, 0.475), (0.09375, 0.460225), (0.09375, 0.460225), (0.09375, 0.460225), (0.09375, 0.475), (0.09375, 0.475), (0.09375, 0.433764), (0.09375, 0.460225), (0.09375, 0.433764), (0.09375, 0.460225), (0.09375, 0.433764), (0.09375, 0.460225), (0.09375, 0.275), (0.09375, 0.305591), (0.09375, 0.275), (0.09375, 0.305591), (0.09375, 0.275), (0.09375, 0.305591), (0.09375, 0.460225), (0.09375, 0.475), (0.09375, 0.460225), (0.09375, 0.475), (0.09375, 0.460225), (0.09375, 0.475), (0.09375, 0.460225), (0.09375, 0.475), (0.09375, 0.460225), (0.09375, 0.475), (0.09375, 0.460225), (0.09375, 0.475), (0.09375, 0.305591), (0.09375, 0.433764), (0.09375, 0.305591), (0.09375, 0.433764), (0.09375, 0.305591), (0.09375, 0.433764), (0.09375, 0.305591), (0.09375, 0.433764), (0.09375, 0.433764), (0.09375, 0.433764), (0.09375, 0.305591), (0.09375, 0.305591), (0.09375, 0.305591), (0.09375, 0.433764), (0.09375, 0.305591), (0.09375, 0.433764), (0.09375, 0.305591), (0.09375, 0.433764), (0.09375, 0.475), (0.09375, 0.460225), (0.09375, 0.475), (0.09375, 0.460225), (0.09375, 0.475), (0.09375, 0.460225), (0.09375, 0.275), (0.09375, 0.305591), (0.09375, 0.305591), (0.09375, 0.305591), (0.09375, 0.275), (0.09375, 0.275), (0.09375, 0.460225), (0.09375, 0.433764), (0.09375, 0.433764), (0.09375, 0.433764), (0.09375, 0.460225), (0.09375, 0.460225), (0.09375, 0.275), (0.09375, 0.275), (0.09375, 0.275), (0.09375, 0.275), (0.09375, 0.275), (0.09375, 0.275), (0.09375, 0.275), (0.09375, 0.275), (0.09375, 0.275), (0.09375, 0.275), (0.09375, 0.275), (0.09375, 0.275), (0.09375, 0.275), (0.09375, 0.275), (0.09375, 0.275), (0.09375, 0.275), (0.09375, 0.275), (0.09375, 0.275), (0.09375, 0.275), (0.09375, 0.275), (0.09375, 0.275), (0.09375, 0.275), (0.09375, 0.275), (0.09375, 0.275), (0.09375, 0.275), (0.09375, 0.275), (0.09375, 0.275), (0.09375, 0.275), (0.09375, 0.275), (0.09375, 0.275), (0.09375, 0.460225), (0.09375, 0.475), (0.09375, 0.475), (0.09375, 0.475), (0.09375, 0.460225), (0.09375, 0.460225), (0.09375, 0.433764), (0.09375, 0.460225), (0.09375, 0.433764), (0.09375, 0.460225), (0.09375, 0.433764), (0.09375, 0.460225), (0.09375, 0.460225), (0.09375, 0.433764), (0.09375, 0.460225), (0.09375, 0.433764), (0.09375, 0.460225), (0.09375, 0.433764), (0.09375, 0.433764), (0.09375, 0.305591), (0.09375, 0.305591), (0.09375, 0.305591), (0.09375, 0.433764), (0.09375, 0.433764), (0.09375, 0.305591), (0.09375, 0.433764), (0.09375, 0.305591), (0.09375, 0.433764), (0.09375, 0.305591), (0.09375, 0.433764), (0.09375, 0.433764), (0.09375, 0.305591), (0.09375, 0.433764), (0.09375, 0.305591), (0.09375, 0.433764), (0.09375, 0.305591), (0.09375, 0.433764), (0.09375, 0.433764), (0.09375, 0.305591), (0.09375, 0.305591), (0.09375, 0.305591), (0.09375, 0.433764), (0.09375, 0.433764), (0.09375, 0.460225), (0.09375, 0.433764), (0.09375, 0.460225), (0.09375, 0.433764), (0.09375, 0.460225), (0.09375, 0.460225), (0.09375, 0.433764), (0.09375, 0.460225), (0.09375, 0.433764), (0.09375, 0.460225), (0.09375, 0.433764), (0.09375, 0.460225), (0.09375, 0.460225), (0.09375, 0.475), (0.09375, 0.475), (0.09375, 0.475), (0.09375, 0.460225), (0.09375, 0.275), (0.09375, 0.275), (0.09375, 0.275), (0.09375, 0.275), (0.09375, 0.275), (0.09375, 0.275), (0.09375, 0.275), (0.09375, 0.275), (0.09375, 0.275), (0.09375, 0.275), (0.09375, 0.275), (0.09375, 0.275), (0.09375, 0.275), (0.09375, 0.275), (0.09375, 0.275), (0.09375, 0.275), (0.09375, 0.275), (0.09375, 0.275), (0.09375, 0.275), (0.09375, 0.275), (0.09375, 0.275), (0.09375, 0.275), (0.09375, 0.275), (0.09375, 0.275), (0.09375, 0.275), (0.09375, 0.275), (0.09375, 0.275), (0.09375, 0.275), (0.09375, 0.275), (0.09375, 0.275), (0.09375, 0.460225), (0.09375, 0.460225), (0.09375, 0.433764), (0.09375, 0.433764), (0.09375, 0.433764), (0.09375, 0.460225), (0.09375, 0.275), (0.09375, 0.275), (0.09375, 0.305591), (0.09375, 0.305591), (0.09375, 0.305591), (0.09375, 0.275), (0.09375, 0.460225), (0.09375, 0.475), (0.09375, 0.460225), (0.09375, 0.475), (0.09375, 0.460225), (0.09375, 0.475), (0.09375, 0.433764), (0.09375, 0.305591), (0.09375, 0.433764), (0.09375, 0.305591), (0.09375, 0.433764), (0.09375, 0.305591), (0.09375, 0.305591), (0.09375, 0.305591), (0.09375, 0.433764), (0.09375, 0.433764), (0.09375, 0.433764), (0.09375, 0.305591), (0.09375, 0.433764), (0.09375, 0.305591), (0.09375, 0.433764), (0.09375, 0.305591), (0.09375, 0.433764), (0.09375, 0.305591), (0.09375, 0.475), (0.09375, 0.460225), (0.09375, 0.475), (0.09375, 0.460225), (0.09375, 0.475), (0.09375, 0.460225), (0.09375, 0.475), (0.09375, 0.460225), (0.09375, 0.475), (0.09375, 0.460225), (0.09375, 0.475), (0.09375, 0.460225), (0.09375, 0.305591), (0.09375, 0.275), (0.09375, 0.305591), (0.09375, 0.275), (0.09375, 0.305591), (0.09375, 0.275), (0.09375, 0.460225), (0.09375, 0.433764), (0.09375, 0.460225), (0.09375, 0.433764), (0.09375, 0.460225), (0.09375, 0.433764), (0.09375, 0.475), (0.09375, 0.475), (0.09375, 0.460225), (0.09375, 0.460225), (0.09375, 0.460225), (0.09375, 0.475), (0.09375, 0.460225), (0.09375, 0.460225), (0.09375, 0.433764), (0.09375, 0.433764), (0.09375, 0.433764), (0.09375, 0.460225), (0.09375, 0.475), (0.09375, 0.460225), (0.09375, 0.475), (0.09375, 0.460225), (0.09375, 0.475), (0.09375, 0.460225), (0.09375, 0.475), (0.09375, 0.475), (0.09375, 0.460225), (0.09375, 0.460225), (0.09375, 0.460225), (0.09375, 0.475), (0.09375, 0.433764), (0.09375, 0.305591), (0.09375, 0.433764), (0.09375, 0.305591), (0.09375, 0.433764), (0.09375, 0.305591), (0.09375, 0.460225), (0.09375, 0.460225), (0.09375, 0.475), (0.09375, 0.475), (0.09375, 0.475), (0.09375, 0.460225), (0.09375, 0.460225), (0.09375, 0.433764), (0.09375, 0.460225), (0.09375, 0.433764), (0.09375, 0.460225), (0.09375, 0.433764), (0.09375, 0.275), (0.09375, 0.305591), (0.09375, 0.275), (0.09375, 0.305591), (0.09375, 0.275), (0.09375, 0.305591), (0.09375, 0.460225), (0.09375, 0.460225), (0.09375, 0.433764), (0.09375, 0.433764), (0.09375, 0.433764), (0.09375, 0.460225), (0.09375, 0.275), (0.09375, 0.305591), (0.09375, 0.275), (0.09375, 0.305591), (0.09375, 0.275), (0.09375, 0.305591), (0.09375, 0.460225), (0.09375, 0.475), (0.09375, 0.460225), (0.09375, 0.475), (0.09375, 0.460225), (0.09375, 0.475), (0.09375, 0.433764), (0.09375, 0.433764), (0.09375, 0.460225), (0.09375, 0.460225), (0.09375, 0.460225), (0.09375, 0.433764), (0.09375, 0.460225), (0.09375, 0.433764), (0.09375, 0.460225), (0.09375, 0.433764), (0.09375, 0.460225), (0.09375, 0.433764), (0.09375, 0.433764), (0.09375, 0.460225), (0.09375, 0.433764), (0.09375, 0.460225), (0.09375, 0.433764), (0.09375, 0.460225), (0.09375, 0.305591), (0.09375, 0.305591), (0.09375, 0.275), (0.09375, 0.275), (0.09375, 0.275), (0.09375, 0.305591), (0.09375, 0.305591), (0.09375, 0.433764), (0.09375, 0.305591), (0.09375, 0.433764), (0.09375, 0.305591), (0.09375, 0.433764), (0.09375, 0.433764), (0.09375, 0.433764), (0.09375, 0.305591), (0.09375, 0.305591), (0.09375, 0.305591), (0.09375, 0.433764), (0.09375, 0.433764), (0.09375, 0.305591), (0.09375, 0.433764), (0.09375, 0.305591), (0.09375, 0.433764), (0.09375, 0.305591), (0.09375, 0.305591), (0.09375, 0.275), (0.09375, 0.305591), (0.09375, 0.275), (0.09375, 0.305591), (0.09375, 0.275), (0.09375, 0.305591), (0.09375, 0.275), (0.09375, 0.305591), (0.09375, 0.275), (0.09375, 0.305591), (0.09375, 0.275), (0.09375, 0.460225), (0.09375, 0.460225), (0.09375, 0.475), (0.09375, 0.475), (0.09375, 0.475), (0.09375, 0.460225), (0.09375, 0.275), (0.09375, 0.305591), (0.09375, 0.275), (0.09375, 0.305591), (0.09375, 0.275), (0.09375, 0.305591), (0.09375, 0.305591), (0.09375, 0.305591), (0.09375, 0.275), (0.09375, 0.275), (0.09375, 0.275), (0.09375, 0.305591), (0.09375, 0.305591), (0.09375, 0.275), (0.09375, 0.305591), (0.09375, 0.275), (0.09375, 0.305591), (0.09375, 0.275), (0.09375, 0.275), (0.09375, 0.275), (0.09375, 0.305591), (0.09375, 0.305591), (0.09375, 0.305591), (0.09375, 0.275), (0.09375, 0.460225), (0.09375, 0.460225), (0.09375, 0.433764), (0.09375, 0.433764), (0.09375, 0.433764), (0.09375, 0.460225), (0.09375, 0.305591), (0.09375, 0.305591), (0.09375, 0.433764), (0.09375, 0.433764), (0.09375, 0.433764), (0.09375, 0.305591), (0.09375, 0.305591), (0.09375, 0.305591), (0.09375, 0.275), (0.09375, 0.275), (0.09375, 0.275), (0.09375, 0.305591), (0.09375, 0.305591), (0.09375, 0.433764), (0.09375, 0.305591), (0.09375, 0.433764), (0.09375, 0.305591), (0.09375, 0.433764), (0.09375, 0.475), (0.09375, 0.475), (0.09375, 0.475), (0.09375, 0.475), (0.09375, 0.475), (0.09375, 0.475), (0.09375, 0.475), (0.09375, 0.475), (0.09375, 0.475), (0.09375, 0.475), (0.09375, 0.475), (0.09375, 0.475), (0.09375, 0.475), (0.09375, 0.475), (0.09375, 0.475), (0.09375, 0.475), (0.09375, 0.475), (0.09375, 0.475), (0.09375, 0.475), (0.09375, 0.475), (0.09375, 0.475), (0.09375, 0.475), (0.09375, 0.475), (0.09375, 0.475), (0.09375, 0.475), (0.09375, 0.475), (0.09375, 0.475), (0.09375, 0.475), (0.09375, 0.475), (0.09375, 0.475), (0.09375, 0.460225), (0.09375, 0.460225), (0.09375, 0.433764), (0.09375, 0.433764), (0.09375, 0.433764), (0.09375, 0.460225), (0.09375, 0.475), (0.09375, 0.475), (0.09375, 0.460225), (0.09375, 0.460225), (0.09375, 0.460225), (0.09375, 0.475), (0.09375, 0.460225), (0.09375, 0.475), (0.09375, 0.460225), (0.09375, 0.475), (0.09375, 0.460225), (0.09375, 0.475), (0.09375, 0.433764), (0.09375, 0.433764), (0.09375, 0.305591), (0.09375, 0.305591), (0.09375, 0.305591), (0.09375, 0.433764)] (interpolation = "faceVarying")
        uniform token subdivisionScheme = "none"
        rel material:binding = </Vehicle/Materials/colormap>
    }
    def Scope "Materials" {
        def Material "colormap" {
            token outputs:surface.connect = </Vehicle/Materials/colormap/surface.outputs:surface>
            def Shader "surface" {
                uniform token info:id = "UsdPreviewSurface"
                float inputs:roughness = 0.7
                float inputs:metallic = 0
                color3f inputs:diffuseColor.connect = </Vehicle/Materials/colormap/texture.outputs:rgb>
                token outputs:surface
            }
            def Shader "stReader" {
                uniform token info:id = "UsdPrimvarReader_float2"
                token inputs:varname = "st"
                float2 outputs:result
            }
            def Shader "texture" {
                uniform token info:id = "UsdUVTexture"
                asset inputs:file = @kenney-car-colormap.png@
                float2 inputs:st.connect = </Vehicle/Materials/colormap/stReader.outputs:result>
                token inputs:wrapS = "repeat"
                token inputs:wrapT = "repeat"
                float3 outputs:rgb
            }
        }
    }
}
