#usda 1.0
(
    defaultPrim = "Vehicle"
    metersPerUnit = 1
    upAxis = "Y"
)
def Xform "Vehicle" {
    def Mesh "mesh_colormap" {
        int[] faceVertexCounts = [3, 3, 3, 3, 3, 3, 3, 3, 3, 3, 3, 3, 3, 3, 3, 3, 3, 3, 3, 3, 3, 3, 3, 3, 3, 3, 3, 3, 3, 3, 3, 3, 3, 3, 3, 3, 3, 3, 3, 3, 3, 3, 3, 3, 3, 3, 3, 3, 3, 3, 3, 3, 3, 3, 3, 3, 3, 3, 3, 3, 3, 3, 3, 3, 3, 3, 3, 3, 3, 3, 3, 3, 3, 3, 3, 3, 3, 3, 3, 3, 3, 3, 3, 3, 3, 3, 3, 3, 3, 3, 3, 3, 3, 3, 3, 3, 3, 3, 3, 3, 3, 3, 3, 3, 3, 3, 3, 3, 3, 3, 3, 3, 3, 3, 3, 3, 3, 3, 3, 3, 3, 3, 3, 3, 3, 3, 3, 3, 3, 3, 3, 3, 3, 3, 3, 3, 3, 3, 3, 3, 3, 3, 3, 3, 3, 3, 3, 3, 3, 3, 3, 3, 3, 3, 3, 3, 3, 3, 3, 3, 3, 3, 3, 3, 3, 3, 3, 3, 3, 3, 3, 3, 3, 3, 3, 3, 3, 3, 3, 3, 3, 3, 3, 3, 3, 3, 3, 3, 3, 3, 3, 3, 3, 3, 3, 3, 3, 3, 3, 3, 3, 3, 3, 3, 3, 3, 3, 3, 3, 3, 3, 3, 3, 3, 3, 3, 3, 3, 3, 3, 3, 3, 3, 3, 3, 3, 3, 3, 3, 3, 3, 3, 3, 3, 3, 3, 3, 3, 3, 3, 3, 3, 3, 3, 3, 3, 3, 3, 3, 3, 3, 3, 3, 3, 3, 3, 3, 3, 3, 3, 3, 3, 3, 3, 3, 3, 3, 3, 3, 3, 3, 3, 3, 3, 3, 3, 3, 3, 3, 3, 3, 3, 3, 3, 3, 3, 3, 3, 3, 3, 3, 3, 3, 3, 3, 3, 3, 3, 3, 3, 3, 3, 3, 3, 3, 3, 3, 3, 3, 3, 3, 3, 3, 3, 3, 3, 3, 3, 3, 3, 3, 3, 3, 3, 3, 3, 3, 3, 3, 3, 3, 3, 3, 3, 3, 3, 3, 3, 3, 3, 3, 3, 3, 3, 3, 3, 3, 3, 3, 3, 3, 3, 3, 3, 3, 3, 3, 3, 3, 3, 3, 3, 3, 3, 3, 3, 3, 3, 3, 3, 3, 3, 3, 3, 3, 3, 3, 3, 3, 3, 3, 3, 3, 3, 3, 3, 3, 3, 3, 3, 3, 3, 3, 3, 3, 3, 3, 3, 3, 3, 3, 3, 3, 3, 3, 3, 3, 3, 3, 3, 3, 3, 3, 3, 3, 3, 3, 3, 3, 3, 3, 3, 3, 3, 3, 3, 3, 3, 3, 3, 3, 3, 3, 3, 3, 3, 3, 3, 3, 3, 3, 3, 3, 3, 3, 3, 3, 3, 3, 3, 3, 3, 3, 3, 3, 3, 3, 3, 3, 3, 3, 3, 3, 3, 3, 3, 3, 3, 3, 3, 3, 3, 3, 3, 3, 3, 3, 3, 3, 3, 3, 3, 3, 3, 3, 3, 3, 3, 3, 3, 3, 3, 3, 3, 3, 3, 3, 3, 3, 3, 3, 3, 3, 3, 3, 3, 3, 3, 3, 3, 3, 3, 3, 3, 3, 3, 3, 3, 3, 3, 3, 3, 3, 3, 3, 3, 3, 3, 3, 3, 3, 3, 3, 3, 3, 3, 3, 3, 3, 3, 3, 3, 3, 3, 3, 3, 3, 3, 3, 3, 3, 3, 3, 3, 3, 3, 3, 3, 3, 3, 3, 3, 3, 3, 3, 3, 3, 3, 3, 3, 3, 3, 3, 3, 3, 3, 3, 3, 3, 3, 3, 3, 3, 3, 3, 3, 3, 3, 3, 3, 3, 3, 3, 3, 3, 3, 3, 3, 3, 3, 3, 3, 3, 3, 3, 3, 3, 3, 3, 3, 3, 3, 3, 3, 3, 3, 3, 3, 3, 3, 3, 3, 3, 3, 3, 3, 3, 3, 3, 3, 3, 3, 3, 3, 3, 3, 3, 3, 3, 3, 3, 3, 3, 3, 3, 3, 3, 3, 3, 3, 3, 3, 3, 3, 3, 3, 3, 3, 3, 3, 3, 3, 3, 3, 3, 3, 3, 3, 3, 3, 3, 3, 3, 3, 3, 3, 3, 3, 3, 3, 3, 3, 3, 3, 3, 3, 3, 3, 3, 3, 3, 3, 3, 3, 3, 3, 3, 3, 3, 3, 3, 3, 3, 3, 3, 3, 3, 3, 3, 3, 3, 3, 3, 3, 3, 3, 3, 3, 3, 3, 3, 3, 3, 3, 3, 3, 3, 3, 3, 3, 3, 3, 3, 3, 3, 3, 3, 3, 3, 3, 3, 3, 3, 3, 3, 3, 3, 3, 3, 3, 3, 3, 3, 3, 3, 3, 3, 3, 3, 3, 3, 3, 3, 3, 3, 3, 3, 3, 3, 3, 3, 3, 3, 3, 3, 3, 3, 3, 3, 3, 3, 3, 3, 3, 3, 3, 3, 3, 3, 3, 3, 3, 3, 3, 3, 3, 3, 3, 3, 3, 3, 3, 3, 3, 3, 3, 3, 3, 3, 3, 3, 3, 3, 3, 3, 3, 3, 3, 3, 3, 3, 3, 3, 3, 3, 3, 3, 3, 3, 3, 3, 3, 3, 3, 3, 3, 3, 3, 3, 3, 3, 3, 3, 3, 3, 3, 3, 3, 3, 3, 3, 3, 3, 3, 3, 3, 3, 3, 3, 3, 3, 3, 3, 3, 3, 3, 3, 3, 3, 3, 3, 3, 3, 3, 3, 3, 3, 3, 3, 3, 3, 3, 3, 3, 3, 3, 3, 3, 3, 3, 3, 3, 3, 3, 3, 3, 3, 3, 3, 3, 3, 3, 3, 3, 3, 3, 3, 3, 3, 3, 3, 3, 3, 3, 3, 3, 3, 3, 3, 3, 3, 3, 3, 3, 3, 3, 3, 3, 3, 3, 3, 3, 3, 3, 3, 3, 3, 3, 3, 3, 3, 3, 3, 3, 3, 3, 3, 3, 3, 3, 3, 3, 3, 3, 3, 3, 3, 3, 3, 3, 3, 3, 3, 3, 3, 3, 3, 3, 3, 3, 3, 3, 3, 3, 3, 3, 3, 3, 3, 3, 3, 3, 3, 3, 3, 3, 3, 3, 3, 3, 3, 3, 3, 3, 3, 3, 3, 3, 3, 3, 3, 3, 3, 3, 3, 3, 3, 3, 3, 3, 3, 3, 3, 3, 3, 3, 3, 3, 3, 3, 3, 3, 3, 3, 3, 3, 3, 3, 3, 3, 3, 3, 3, 3, 3, 3, 3, 3, 3, 3, 3, 3, 3, 3, 3, 3, 3, 3, 3, 3, 3, 3, 3, 3, 3, 3, 3, 3, 3, 3, 3, 3, 3, 3, 3, 3, 3, 3, 3, 3, 3, 3, 3, 3, 3, 3, 3, 3, 3, 3, 3, 3, 3, 3, 3, 3, 3, 3, 3, 3, 3, 3, 3, 3, 3, 3, 3, 3, 3, 3, 3, 3, 3, 3, 3, 3, 3, 3, 3, 3, 3, 3, 3, 3, 3, 3, 3, 3, 3, 3, 3, 3, 3, 3, 3, 3, 3, 3, 3, 3, 3, 3, 3, 3, 3, 3, 3, 3, 3, 3, 3, 3, 3, 3, 3, 3, 3, 3, 3, 3, 3, 3, 3, 3, 3, 3, 3, 3, 3, 3, 3, 3, 3, 3, 3, 3, 3, 3, 3, 3, 3, 3, 3, 3, 3, 3]
        int[] faceVertexIndices = [2, 1, 0, 1, 2, 3, 5, 3, 4, 3, 5, 1, 7, 4, 6, 4, 7, 5, 8, 7, 6, 7, 8, 9, 10, 6, 4, 6, 10, 11, 12, 4, 3, 4, 12, 10, 13, 3, 2, 3, 13, 12, 14, 6, 11, 6, 14, 8, 15, 2, 0, 2, 15, 16, 8, 17, 9, 17, 8, 18, 16, 20, 19, 20, 16, 18, 15, 18, 16, 18, 15, 17, 20, 13, 19, 13, 20, 12, 12, 20, 10, 10, 20, 11, 11, 20, 14, 14, 18, 8, 18, 14, 20, 16, 13, 2, 13, 16, 19, 23, 22, 21, 22, 23, 24, 23, 25, 24, 25, 23, 26, 26, 27, 25, 27, 26, 28, 31, 30, 29, 30, 31, 32, 31, 33, 32, 26, 33, 31, 26, 31, 34, 26, 34, 28, 23, 33, 26, 33, 23, 21, 27, 34, 35, 34, 27, 28, 34, 29, 35, 29, 34, 31, 25, 22, 24, 22, 25, 36, 36, 25, 30, 30, 25, 29, 29, 25, 27, 29, 27, 35, 39, 38, 37, 38, 39, 40, 39, 41, 40, 41, 39, 42, 42, 43, 41, 43, 42, 44, 47, 46, 45, 46, 47, 48, 47, 49, 48, 42, 49, 47, 42, 47, 50, 42, 50, 44, 39, 49, 42, 49, 39, 37, 43, 50, 51, 50, 43, 44, 50, 45, 51, 45, 50, 47, 41, 38, 40, 38, 41, 52, 52, 41, 46, 46, 41, 45, 45, 41, 43, 45, 43, 51, 55, 54, 53, 54, 55, 56, 58, 55, 57, 55, 58, 56, 55, 59, 57, 59, 55, 53, 54, 59, 53, 59, 54, 60, 61, 0, 1, 0, 61, 62, 65, 64, 63, 65, 15, 64, 15, 65, 17, 66, 17, 65, 17, 66, 67, 67, 66, 68, 69, 1, 5, 1, 69, 61, 70, 5, 7, 5, 70, 69, 71, 7, 9, 7, 71, 70, 62, 15, 0, 15, 62, 64, 65, 73, 72, 73, 65, 63, 75, 68, 74, 68, 75, 67, 76, 67, 75, 67, 76, 71, 76, 70, 71, 77, 70, 76, 78, 70, 77, 78, 69, 70, 79, 69, 78, 79, 61, 69, 80, 61, 79, 80, 62, 61, 62, 80, 64, 81, 64, 80, 81, 63, 64, 63, 81, 73, 17, 71, 9, 71, 17, 67, 68, 82, 74, 82, 68, 66, 85, 84, 83, 84, 85, 86, 88, 85, 87, 85, 88, 86, 87, 83, 89, 83, 87, 85, 88, 89, 90, 89, 88, 87, 84, 88, 90, 88, 84, 86, 93, 92, 91, 92, 93, 94, 96, 93, 95, 93, 96, 94, 95, 91, 97, 91, 95, 93, 96, 97, 98, 97, 96, 95, 92, 96, 98, 96, 92, 94, 101, 100, 99, 100, 101, 102, 100, 104, 103, 104, 100, 105, 105, 100, 106, 106, 100, 102, 101, 108, 107, 99, 108, 101, 109, 108, 99, 108, 109, 110, 113, 112, 111, 112, 113, 114, 106, 115, 105, 115, 106, 116, 118, 108, 117, 108, 118, 107, 114, 108, 110, 108, 114, 119, 108, 119, 117, 119, 114, 120, 121, 119, 120, 120, 114, 113, 120, 113, 121, 121, 113, 122, 122, 113, 123, 123, 113, 104, 123, 124, 122, 105, 123, 104, 105, 124, 123, 124, 105, 115, 114, 109, 112, 109, 114, 110, 103, 113, 111, 113, 103, 104, 127, 126, 125, 126, 127, 128, 130, 126, 129, 126, 130, 125, 131, 128, 127, 128, 131, 132, 135, 134, 133, 134, 135, 136, 138, 134, 137, 134, 138, 133, 139, 136, 135, 136, 139, 140, 143, 142, 141, 142, 143, 144, 146, 142, 145, 142, 146, 141, 147, 144, 143, 144, 147, 148, 151, 150, 149, 150, 151, 152, 154, 150, 153, 150, 154, 149, 155, 152, 151, 152, 155, 156, 106, 157, 116, 157, 106, 158, 158, 159, 157, 160, 158, 106, 160, 159, 158, 160, 106, 102, 160, 161, 159, 160, 102, 162, 101, 162, 102, 101, 163, 162, 163, 101, 164, 164, 101, 107, 160, 165, 161, 164, 165, 160, 165, 164, 107, 161, 165, 166, 165, 107, 166, 166, 107, 118, 80, 168, 167, 168, 80, 79, 66, 65, 82, 65, 100, 82, 82, 100, 169, 72, 100, 65, 100, 170, 169, 72, 99, 100, 103, 170, 100, 171, 99, 72, 103, 172, 170, 111, 172, 103, 111, 173, 172, 112, 173, 111, 112, 168, 173, 99, 171, 109, 109, 168, 112, 167, 109, 171, 109, 167, 168, 176, 175, 174, 175, 176, 177, 178, 162, 163, 162, 178, 179, 179, 178, 175, 179, 175, 177, 172, 76, 170, 76, 172, 77, 78, 172, 173, 172, 78, 77, 162, 180, 160, 180, 162, 179, 178, 164, 181, 164, 178, 163, 79, 173, 168, 173, 79, 78, 75, 170, 76, 170, 75, 169, 73, 171, 72, 171, 73, 81, 75, 82, 169, 82, 75, 74, 180, 164, 160, 164, 180, 181, 181, 180, 176, 181, 176, 174, 171, 80, 167, 80, 171, 81, 180, 177, 176, 177, 180, 179, 181, 175, 178, 175, 181, 174, 184, 183, 182, 183, 184, 185, 183, 187, 186, 187, 183, 185, 189, 186, 188, 186, 189, 187, 187, 190, 189, 190, 187, 191, 191, 187, 184, 184, 187, 185, 190, 193, 192, 193, 190, 191, 191, 182, 193, 182, 191, 184, 190, 188, 189, 188, 190, 192, 193, 188, 192, 188, 193, 186, 186, 193, 182, 186, 182, 183, 196, 195, 194, 195, 196, 197, 200, 199, 198, 199, 200, 201, 204, 203, 202, 203, 204, 205, 203, 205, 206, 206, 200, 203, 206, 205, 207, 200, 206, 208, 207, 205, 209, 200, 208, 210, 209, 205, 211, 209, 211, 212, 200, 210, 201, 201, 210, 213, 201, 213, 214, 201, 214, 215, 215, 214, 216, 212, 211, 217, 212, 217, 218, 218, 217, 219, 215, 216, 220, 219, 217, 194, 220, 216, 221, 219, 194, 221, 220, 221, 194, 220, 194, 195, 202, 222, 204, 222, 202, 223, 225, 220, 224, 220, 225, 215, 217, 227, 226, 227, 217, 211, 202, 228, 223, 228, 202, 203, 196, 224, 197, 229, 224, 196, 196, 230, 229, 231, 224, 229, 231, 225, 224, 232, 225, 231, 226, 230, 196, 226, 233, 230, 226, 234, 233, 227, 234, 226, 227, 235, 234, 236, 235, 227, 236, 237, 235, 232, 199, 225, 238, 199, 232, 239, 199, 238, 239, 198, 199, 240, 198, 239, 222, 237, 236, 240, 228, 198, 222, 241, 237, 228, 240, 241, 222, 228, 241, 228, 222, 223, 194, 226, 196, 226, 194, 217, 201, 225, 199, 225, 201, 215, 204, 236, 205, 236, 204, 222, 203, 198, 228, 198, 203, 200, 211, 236, 227, 236, 211, 205, 197, 220, 195, 220, 197, 224, 244, 243, 242, 243, 244, 245, 248, 247, 246, 247, 248, 249, 252, 251, 250, 251, 252, 253, 251, 253, 254, 254, 248, 251, 254, 253, 255, 248, 254, 256, 255, 253, 257, 248, 256, 258, 257, 253, 259, 257, 259, 260, 248, 258, 249, 249, 258, 261, 249, 261, 262, 249, 262, 263, 263, 262, 264, 260, 259, 265, 260, 265, 266, 266, 265, 267, 263, 264, 268, 267, 265, 242, 268, 264, 269, 267, 242, 269, 268, 269, 242, 268, 242, 243, 250, 270, 252, 270, 250, 271, 273, 268, 272, 268, 273, 263, 265, 275, 274, 275, 265, 259, 250, 276, 271, 276, 250, 251, 244, 272, 245, 277, 272, 244, 244, 278, 277, 279, 272, 277, 279, 273, 272, 280, 273, 279, 274, 278, 244, 274, 281, 278, 274, 282, 281, 275, 282, 274, 275, 283, 282, 284, 283, 275, 284, 285, 283, 280, 247, 273, 286, 247, 280, 287, 247, 286, 287, 246, 247, 288, 246, 287, 270, 285, 284, 288, 276, 246, 270, 289, 285, 276, 288, 289, 270, 276, 289, 276, 270, 271, 242, 274, 244, 274, 242, 265, 249, 273, 247, 273, 249, 263, 252, 284, 253, 284, 252, 270, 251, 246, 276, 246, 251, 248, 259, 284, 275, 284, 259, 253, 245, 268, 243, 268, 245, 272, 292, 291, 290, 291, 292, 293, 296, 295, 294, 295, 296, 297, 300, 299, 298, 299, 300, 301, 290, 297, 296, 297, 290, 291, 299, 294, 302, 294, 299, 296, 297, 300, 298, 300, 297, 293, 293, 297, 291, 298, 302, 303, 302, 298, 299, 301, 296, 299, 296, 301, 292, 296, 292, 290, 294, 303, 302, 303, 294, 295, 303, 297, 298, 297, 303, 295, 300, 292, 301, 292, 300, 293, 115, 157, 124, 157, 115, 116, 118, 119, 166, 119, 118, 117, 159, 121, 122, 121, 159, 161, 161, 119, 121, 119, 161, 166, 124, 159, 122, 159, 124, 157, 218, 305, 304, 305, 218, 219, 238, 307, 306, 307, 238, 232, 210, 309, 308, 309, 210, 208, 307, 231, 310, 231, 307, 232, 241, 312, 311, 312, 241, 240, 240, 313, 312, 313, 240, 239, 234, 315, 314, 315, 234, 235, 239, 306, 313, 306, 239, 238, 209, 317, 316, 317, 209, 212, 318, 229, 230, 229, 318, 319, 221, 305, 219, 305, 221, 320, 321, 206, 207, 206, 321, 322, 212, 304, 317, 304, 212, 218, 213, 308, 323, 308, 213, 210, 309, 206, 322, 206, 309, 208, 216, 320, 221, 320, 216, 324, 316, 207, 209, 207, 316, 321, 216, 325, 324, 325, 216, 214, 321, 309, 322, 309, 321, 316, 309, 316, 308, 308, 316, 317, 308, 317, 323, 323, 317, 304, 323, 304, 325, 325, 304, 305, 325, 305, 324, 324, 305, 320, 214, 323, 325, 323, 214, 213, 233, 314, 326, 314, 233, 234, 237, 315, 235, 315, 237, 327, 241, 327, 237, 327, 241, 311, 319, 231, 229, 231, 319, 310, 230, 326, 318, 326, 230, 233, 266, 329, 328, 329, 266, 267, 286, 331, 330, 331, 286, 280, 258, 333, 332, 333, 258, 256, 331, 279, 334, 279, 331, 280, 289, 336, 335, 336, 289, 288, 288, 337, 336, 337, 288, 287, 282, 339, 338, 339, 282, 283, 287, 330, 337, 330, 287, 286, 257, 341, 340, 341, 257, 260, 342, 277, 278, 277, 342, 343, 269, 329, 267, 329, 269, 344, 345, 254, 255, 254, 345, 346, 260, 328, 341, 328, 260, 266, 261, 332, 347, 332, 261, 258, 333, 254, 346, 254, 333, 256, 264, 344, 269, 344, 264, 348, 340, 255, 257, 255, 340, 345, 264, 349, 348, 349, 264, 262, 345, 333, 346, 333, 345, 340, 333, 340, 332, 332, 340, 341, 332, 341, 347, 347, 341, 328, 347, 328, 349, 349, 328, 329, 349, 329, 348, 348, 329, 344, 262, 347, 349, 347, 262, 261, 281, 338, 350, 338, 281, 282, 285, 339, 283, 339, 285, 351, 289, 351, 285, 351, 289, 335, 343, 279, 277, 279, 343, 334, 278, 350, 342, 350, 278, 281, 2, 1, 0, 1, 2, 3, 5, 3, 4, 3, 5, 1, 7, 4, 6, 4, 7, 5, 8, 7, 6, 7, 8, 9, 10, 6, 4, 6, 10, 11, 12, 4, 3, 4, 12, 10, 13, 3, 2, 3, 13, 12, 14, 6, 11, 6, 14, 8, 15, 2, 0, 2, 15, 16, 8, 17, 9, 17, 8, 18, 16, 20, 19, 20, 16, 18, 15, 18, 16, 18, 15, 17, 20, 13, 19, 13, 20, 12, 12, 20, 10, 10, 20, 11, 11, 20, 14, 14, 18, 8, 18, 14, 20, 16, 13, 2, 13, 16, 19, 23, 22, 21, 22, 23, 24, 23, 25, 24, 25, 23, 26, 26, 27, 25, 27, 26, 28, 31, 30, 29, 30, 31, 32, 31, 33, 32, 26, 33, 31, 26, 31, 34, 26, 34, 28, 23, 33, 26, 33, 23, 21, 27, 34, 35, 34, 27, 28, 34, 29, 35, 29, 34, 31, 25, 22, 24, 22, 25, 36, 36, 25, 30, 30, 25, 29, 29, 25, 27, 29, 27, 35, 39, 38, 37, 38, 39, 40, 39, 41, 40, 41, 39, 42, 42, 43, 41, 43, 42, 44, 47, 46, 45, 46, 47, 48, 47, 49, 48, 42, 49, 47, 42, 47, 50, 42, 50, 44, 39, 49, 42, 49, 39, 37, 43, 50, 51, 50, 43, 44, 50, 45, 51, 45, 50, 47, 41, 38, 40, 38, 41, 52, 52, 41, 46, 46, 41, 45, 45, 41, 43, 45, 43, 51, 55, 54, 53, 54, 55, 56, 58, 55, 57, 55, 58, 56, 55, 59, 57, 59, 55, 53, 54, 59, 53, 59, 54, 60, 61, 0, 1, 0, 61, 62, 65, 64, 63, 65, 15, 64, 15, 65, 17, 66, 17, 65, 17, 66, 67, 67, 66, 68, 69, 1, 5, 1, 69, 61, 70, 5, 7, 5, 70, 69, 71, 7, 9, 7, 71, 70, 62, 15, 0, 15, 62, 64, 65, 73, 72, 73, 65, 63, 75, 68, 74, 68, 75, 67, 76, 67, 75, 67, 76, 71, 76, 70, 71, 77, 70, 76, 78, 70, 77, 78, 69, 70, 79, 69, 78, 79, 61, 69, 80, 61, 79, 80, 62, 61, 62, 80, 64, 81, 64, 80, 81, 63, 64, 63, 81, 73, 17, 71, 9, 71, 17, 67, 68, 82, 74, 82, 68, 66, 85, 84, 83, 84, 85, 86, 88, 85, 87, 85, 88, 86, 87, 83, 89, 83, 87, 85, 88, 89, 90, 89, 88, 87, 84, 88, 90, 88, 84, 86, 93, 92, 91, 92, 93, 94, 96, 93, 95, 93, 96, 94, 95, 91, 97, 91, 95, 93, 96, 97, 98, 97, 96, 95, 92, 96, 98, 96, 92, 94, 101, 100, 99, 100, 101, 102, 100, 104, 103, 104, 100, 105, 105, 100, 106, 106, 100, 102, 101, 108, 107, 99, 108, 101, 109, 108, 99, 108, 109, 110, 113, 112, 111, 112, 113, 114, 106, 115, 105, 115, 106, 116, 118, 108, 117, 108, 118, 107, 114, 108, 110, 108, 114, 119, 108, 119, 117, 119, 114, 120, 121, 119, 120, 120, 114, 113, 120, 113, 121, 121, 113, 122, 122, 113, 123, 123, 113, 104, 123, 124, 122, 105, 123, 104, 105, 124, 123, 124, 105, 115, 114, 109, 112, 109, 114, 110, 103, 113, 111, 113, 103, 104, 127, 126, 125, 126, 127, 128, 130, 126, 129, 126, 130, 125, 131, 128, 127, 128, 131, 132, 135, 134, 133, 134, 135, 136, 138, 134, 137, 134, 138, 133, 139, 136, 135, 136, 139, 140, 143, 142, 141, 142, 143, 144, 146, 142, 145, 142, 146, 141, 147, 144, 143, 144, 147, 148, 151, 150, 149, 150, 151, 152, 154, 150, 153, 150, 154, 149, 155, 152, 151, 152, 155, 156, 106, 157, 116, 157, 106, 158, 158, 159, 157, 160, 158, 106, 160, 159, 158, 160, 106, 102, 160, 161, 159, 160, 102, 162, 101, 162, 102, 101, 163, 162, 163, 101, 164, 164, 101, 107, 160, 165, 161, 164, 165, 160, 165, 164, 107, 161, 165, 166, 165, 107, 166, 166, 107, 118, 80, 168, 167, 168, 80, 79, 66, 65, 82, 65, 100, 82, 82, 100, 169, 72, 100, 65, 100, 170, 169, 72, 99, 100, 103, 170, 100, 171, 99, 72, 103, 172, 170, 111, 172, 103, 111, 173, 172, 112, 173, 111, 112, 168, 173, 99, 171, 109, 109, 168, 112, 167, 109, 171, 109, 167, 168, 176, 175, 174, 175, 176, 177, 178, 162, 163, 162, 178, 179, 179, 178, 175, 179, 175, 177, 172, 76, 170, 76, 172, 77, 78, 172, 173, 172, 78, 77, 162, 180, 160, 180, 162, 179, 178, 164, 181, 164, 178, 163, 79, 173, 168, 173, 79, 78, 75, 170, 76, 170, 75, 169, 73, 171, 72, 171, 73, 81, 75, 82, 169, 82, 75, 74, 180, 164, 160, 164, 180, 181, 181, 180, 176, 181, 176, 174, 171, 80, 167, 80, 171, 81, 180, 177, 176, 177, 180, 179, 181, 175, 178, 175, 181, 174, 184, 183, 182, 183, 184, 185, 183, 187, 186, 187, 183, 185, 189, 186, 188, 186, 189, 187, 187, 190, 189, 190, 187, 191, 191, 187, 184, 184, 187, 185, 190, 193, 192, 193, 190, 191, 191, 182, 193, 182, 191, 184, 190, 188, 189, 188, 190, 192, 193, 188, 192, 188, 193, 186, 186, 193, 182, 186, 182, 183, 196, 195, 194, 195, 196, 197, 200, 199, 198, 199, 200, 201, 204, 203, 202, 203, 204, 205, 203, 205, 206, 206, 200, 203, 206, 205, 207, 200, 206, 208, 207, 205, 209, 200, 208, 210, 209, 205, 211, 209, 211, 212, 200, 210, 201, 201, 210, 213, 201, 213, 214, 201, 214, 215, 215, 214, 216, 212, 211, 217, 212, 217, 218, 218, 217, 219, 215, 216, 220, 219, 217, 194, 220, 216, 221, 219, 194, 221, 220, 221, 194, 220, 194, 195, 202, 222, 204, 222, 202, 223, 225, 220, 224, 220, 225, 215, 217, 227, 226, 227, 217, 211, 202, 228, 223, 228, 202, 203, 196, 224, 197, 229, 224, 196, 196, 230, 229, 231, 224, 229, 231, 225, 224, 232, 225, 231, 226, 230, 196, 226, 233, 230, 226, 234, 233, 227, 234, 226, 227, 235, 234, 236, 235, 227, 236, 237, 235, 232, 199, 225, 238, 199, 232, 239, 199, 238, 239, 198, 199, 240, 198, 239, 222, 237, 236, 240, 228, 198, 222, 241, 237, 228, 240, 241, 222, 228, 241, 228, 222, 223, 194, 226, 196, 226, 194, 217, 201, 225, 199, 225, 201, 215, 204, 236, 205, 236, 204, 222, 203, 198, 228, 198, 203, 200, 211, 236, 227, 236, 211, 205, 197, 220, 195, 220, 197, 224, 244, 243, 242, 243, 244, 245, 248, 247, 246, 247, 248, 249, 252, 251, 250, 251, 252, 253, 251, 253, 254, 254, 248, 251, 254, 253, 255, 248, 254, 256, 255, 253, 257, 248, 256, 258, 257, 253, 259, 257, 259, 260, 248, 258, 249, 249, 258, 261, 249, 261, 262, 249, 262, 263, 263, 262, 264, 260, 259, 265, 260, 265, 266, 266, 265, 267, 263, 264, 268, 267, 265, 242, 268, 264, 269, 267, 242, 269, 268, 269, 242, 268, 242, 243, 250, 270, 252, 270, 250, 271, 273, 268, 272, 268, 273, 263, 265, 275, 274, 275, 265, 259, 250, 276, 271, 276, 250, 251, 244, 272, 245, 277, 272, 244, 244, 278, 277, 279, 272, 277, 279, 273, 272, 280, 273, 279, 274, 278, 244, 274, 281, 278, 274, 282, 281, 275, 282, 274, 275, 283, 282, 284, 283, 275, 284, 285, 283, 280, 247, 273, 286, 247, 280, 287, 247, 286, 287, 246, 247, 288, 246, 287, 270, 285, 284, 288, 276, 246, 270, 289, 285, 276, 288, 289, 270, 276, 289, 276, 270, 271, 242, 274, 244, 274, 242, 265, 249, 273, 247, 273, 249, 263, 252, 284, 253, 284, 252, 270, 251, 246, 276, 246, 251, 248, 259, 284, 275, 284, 259, 253, 245, 268, 243, 268, 245, 272, 292, 291, 290, 291, 292, 293, 296, 295, 294, 295, 296, 297, 300, 299, 298, 299, 300, 301, 290, 297, 296, 297, 290, 291, 299, 294, 302, 294, 299, 296, 297, 300, 298, 300, 297, 293, 293, 297, 291, 298, 302, 303, 302, 298, 299, 301, 296, 299, 296, 301, 292, 296, 292, 290, 294, 303, 302, 303, 294, 295, 303, 297, 298, 297, 303, 295, 300, 292, 301, 292, 300, 293, 115, 157, 124, 157, 115, 116, 118, 119, 166, 119, 118, 117, 159, 121, 122, 121, 159, 161, 161, 119, 121, 119, 161, 166, 124, 159, 122, 159, 124, 157, 218, 305, 304, 305, 218, 219, 238, 307, 306, 307, 238, 232, 210, 309, 308, 309, 210, 208, 307, 231, 310, 231, 307, 232, 241, 312, 311, 312, 241, 240, 240, 313, 312, 313, 240, 239, 234, 315, 314, 315, 234, 235, 239, 306, 313, 306, 239, 238, 209, 317, 316, 317, 209, 212, 318, 229, 230, 229, 318, 319, 221, 305, 219, 305, 221, 320, 321, 206, 207, 206, 321, 322, 212, 304, 317, 304, 212, 218, 213, 308, 323, 308, 213, 210, 309, 206, 322, 206, 309, 208, 216, 320, 221, 320, 216, 324, 316, 207, 209, 207, 316, 321, 216, 325, 324, 325, 216, 214, 321, 309, 322, 309, 321, 316, 309, 316, 308, 308, 316, 317, 308, 317, 323, 323, 317, 304, 323, 304, 325, 325, 304, 305, 325, 305, 324, 324, 305, 320, 214, 323, 325, 323, 214, 213, 233, 314, 326, 314, 233, 234, 237, 315, 235, 315, 237, 327, 241, 327, 237, 327, 241, 311, 319, 231, 229, 231, 319, 310, 230, 326, 318, 326, 230, 233, 266, 329, 328, 329, 266, 267, 286, 331, 330, 331, 286, 280, 258, 333, 332, 333, 258, 256, 331, 279, 334, 279, 331, 280, 289, 336, 335, 336, 289, 288, 288, 337, 336, 337, 288, 287, 282, 339, 338, 339, 282, 283, 287, 330, 337, 330, 287, 286, 257, 341, 340, 341, 257, 260, 342, 277, 278, 277, 342, 343, 269, 329, 267, 329, 269, 344, 345, 254, 255, 254, 345, 346, 260, 328, 341, 328, 260, 266, 261, 332, 347, 332, 261, 258, 333, 254, 346, 254, 333, 256, 264, 344, 269, 344, 264, 348, 340, 255, 257, 255, 340, 345, 264, 349, 348, 349, 264, 262, 345, 333, 346, 333, 345, 340, 333, 340, 332, 332, 340, 341, 332, 341, 347, 347, 341, 328, 347, 328, 349, 349, 328, 329, 349, 329, 348, 348, 329, 344, 262, 347, 349, 347, 262, 261, 281, 338, 350, 338, 281, 282, 285, 339, 283, 339, 285, 351, 289, 351, 285, 351, 289, 335, 343, 279, 277, 279, 343, 334, 278, 350, 342, 350, 278, 281]
        point3f[] points = [(-1.29484, 1.01556, 2.1218), (-0.708353, 1.01556, 2.61688), (-0.986544, 0.43524, 1.77723), (-0.539698, 0.43524, 2.15444), (8.19618e-13, 0.43524, 2.29952), (9.98994e-13, 1.01556, 2.8073), (0.539698, 0.43524, 2.15444), (0.708353, 1.01556, 2.61688), (0.986544, 0.43524, 1.77723), (1.29484, 1.01556, 2.1218), (5.62934e-13, 0, 1.56831), (0.323819, 0, 1.48127), (-0.323819, 0, 1.48127), (-0.591926, 0, 1.25494), (0.591926, 0, 1.25494), (-1.29484, 1.01556, -2.8073), (-0.986544, 0.43524, -2.7073), (1.29484, 1.01556, -2.8073), (0.986544, 0.43524, -2.7073), (-0.591926, 0, -2.3073), (0.591926, 0, -2.3073), (-1.23318, 1.1508, -0.542945), (-1.23318, 1.1508, -2.06222), (-1.34018, 1.1508, -0.542945), (-1.34018, 1.1508, -2.06222), (-1.44018, 1.5508, -2.06222), (-1.44018, 1.5508, -0.542945), (-1.34018, 1.6508, -2.06222), (-1.34018, 1.6508, -0.542945), (-1.0881, 1.5508, -2.06222), (-1.0881, 1.4508, -2.06222), (-1.0881, 1.5508, -0.542945), (-1.0881, 1.4508, -0.542945), (-1.23318, 1.4508, -0.542945), (-1.1881, 1.6508, -0.542945), (-1.1881, 1.6508, -2.06222), (-1.23318, 1.4508, -2.06222), (1.23318, 1.1508, -2.06222), (1.23318, 1.1508, -0.542945), (1.34018, 1.1508, -2.06222), (1.34018, 1.1508, -0.542945), (1.44018, 1.5508, -0.542945), (1.44018, 1.5508, -2.06222), (1.34018, 1.6508, -0.542945), (1.34018, 1.6508, -2.06222), (1.0881, 1.5508, -0.542945), (1.0881, 1.4508, -0.542945), (1.0881, 1.5508, -2.06222), (1.0881, 1.4508, -2.06222), (1.23318, 1.4508, -2.06222), (1.1881, 1.6508, -2.06222), (1.1881, 1.6508, -0.542945), (1.23318, 1.4508, -0.542945), (-0.404508, 1.33314, 1.89277), (-0.404508, 1.33314, 1.39277), (0.404508, 1.33314, 1.89277), (0.404508, 1.33314, 1.39277), (0.404508, 1.16064, 1.89277), (0.404508, 1.16064, 1.39277), (-0.404508, 1.16064, 1.89277), (-0.404508, 1.16064, 1.39277), (-0.674622, 1.4508, 2.52439), (-1.23318, 1.4508, 2.05288), (-0.790686, 1.4508, -2.8073), (-1.23318, 1.4508, -2.8073), (-0.590686, 1.16064, -2.8073), (0.590686, 1.16064, -2.8073), (1.23318, 1.4508, -2.8073), (0.790686, 1.4508, -2.8073), (9.42328e-13, 1.4508, 2.70574), (0.674622, 1.4508, 2.52439), (1.23318, 1.4508, 2.05288), (-0.590686, 1.16064, -2.66222), (-0.790686, 1.4508, -2.66222), (0.790686, 1.4508, -2.66222), (1.0881, 1.4508, -2.66222), (1.0881, 1.4508, 1.98549), (0.60574, 1.4508, 2.39268), (9.02842e-13, 1.4508, 2.55551), (-0.60574, 1.4508, 2.39268), (-1.0881, 1.4508, 1.98549), (-1.0881, 1.4508, -2.66222), (0.590686, 1.16064, -2.66222), (1.23318, 1.4508, 1.78549), (1.0881, 1.4508, 1.78549), (1.23318, 1.5758, 1.68549), (1.0881, 1.5758, 1.68549), (1.23318, 1.5758, 0.885491), (1.0881, 1.5758, 0.885491), (1.23318, 1.4508, 0.785491), (1.0881, 1.4508, 0.785491), (-1.0881, 1.4508, 1.78549), (-1.23318, 1.4508, 1.78549), (-1.0881, 1.5758, 1.68549), (-1.23318, 1.5758, 1.68549), (-1.0881, 1.5758, 0.885491), (-1.23318, 1.5758, 0.885491), (-1.0881, 1.4508, 0.785491), (-1.23318, 1.4508, 0.785491), (-0.79794, 1.16064, -1.79174), (0.79794, 1.16064, -1.79174), (-0.79794, 2.24802, -1.79174), (0.79794, 2.24802, -1.79174), (0.79794, 1.16064, 1.17577), (0.79794, 1.52334, 1.17577), (0.79794, 1.52334, 0.596642), (0.79794, 2.24802, 0.596642), (-0.79794, 2.24802, 0.596642), (-0.79794, 1.52334, 0.596642), (-0.79794, 1.16064, 1.17577), (-0.79794, 1.52334, 1.17577), (0.58094, 1.16064, 1.39277), (-0.58094, 1.16064, 1.39277), (0.58094, 1.52334, 1.39277), (-0.58094, 1.52334, 1.39277), (0.58094, 1.52334, 0.596642), (0.58094, 2.24802, 0.596642), (-0.58094, 1.52334, 0.596642), (-0.58094, 2.24802, 0.596642), (-0.58094, 1.52334, 1.07577), (-0.58094, 1.52334, 1.17577), (-0.48094, 1.52334, 1.17577), (0.48094, 1.52334, 1.17577), (0.58094, 1.52334, 1.17577), (0.58094, 1.52334, 1.07577), (0.89794, 2.24802, -0.170763), (0.89794, 1.16064, -0.170763), (0.89794, 2.24802, 0.0292367), (0.89794, 1.16064, 0.0292367), (0.79794, 1.16064, -0.270763), (0.79794, 2.24802, -0.270763), (0.79794, 2.24802, 0.129237), (0.79794, 1.16064, 0.129237), (-0.90206, 2.24802, 0.0292367), (-0.90206, 1.16064, 0.0292367), (-0.90206, 2.24802, -0.170763), (-0.90206, 1.16064, -0.170763), (-0.80206, 1.16064, 0.129237), (-0.80206, 2.24802, 0.129237), (-0.80206, 2.24802, -0.270763), (-0.80206, 1.16064, -0.270763), (-0.90206, 2.24802, -1.07076), (-0.90206, 1.16064, -1.07076), (-0.90206, 2.24802, -1.27076), (-0.90206, 1.16064, -1.27076), (-0.80206, 1.16064, -0.970763), (-0.80206, 2.24802, -0.970763), (-0.80206, 2.24802, -1.37076), (-0.80206, 1.16064, -1.37076), (0.89794, 2.24802, -1.27076), (0.89794, 1.16064, -1.27076), (0.89794, 2.24802, -1.07076), (0.89794, 1.16064, -1.07076), (0.79794, 1.16064, -1.37076), (0.79794, 2.24802, -1.37076), (0.79794, 2.24802, -0.970763), (0.79794, 1.16064, -0.970763), (0.58094, 2.24802, 1.07577), (0.58094, 2.24802, 1.17577), (0.48094, 2.24802, 1.17577), (0.94302, 2.24802, 1.39277), (-0.48094, 2.24802, 1.17577), (0.94302, 2.24802, -1.93682), (-0.94302, 2.24802, -1.93682), (-0.94302, 2.24802, 1.39277), (-0.58094, 2.24802, 1.17577), (-0.58094, 2.24802, 1.07577), (-1.0881, 1.16064, 1.98549), (-0.60574, 1.16064, 2.39268), (1.0881, 1.16064, -2.66222), (1.0881, 1.16064, 1.98549), (-1.0881, 1.16064, -2.66222), (0.60574, 1.16064, 2.39268), (9.02842e-13, 1.16064, 2.55551), (-0.825142, 2.61072, 1.39277), (-0.825142, 2.61072, -1.93682), (0.825142, 2.61072, 1.39277), (0.825142, 2.61072, -1.93682), (-0.94302, 2.52004, -1.93682), (0.94302, 2.52004, -1.93682), (0.94302, 2.52004, 1.39277), (-0.94302, 2.52004, 1.39277), (0.567051, 2.78322, -0.243744), (0.567051, 2.69697, -0.157494), (-0.567051, 2.78322, -0.243744), (-0.567051, 2.69697, -0.157494), (0.567051, 2.61072, -0.157494), (-0.567051, 2.61072, -0.157494), (0.567051, 2.61072, -1.68682), (-0.567051, 2.61072, -1.68682), (-0.567051, 2.69697, -1.68682), (-0.567051, 2.78322, -1.60057), (0.567051, 2.69697, -1.68682), (0.567051, 2.78322, -1.60057), (0.668775, 3.05464, 0.69251), (0.706465, 3.05464, 0.551848), (0.652837, 2.79796, 0.683307), (0.688061, 2.79796, 0.551848), (0.293683, 2.79796, 0.324154), (0.425142, 2.79796, 0.288929), (0.284481, 3.05464, 0.308215), (0.425142, 3.05464, 0.270525), (0.143819, 3.05464, 0.551848), (0.18151, 3.05464, 0.411187), (0.18151, 3.05464, 0.69251), (0.284481, 3.05464, 0.795481), (0.245076, 3.05464, 0.551848), (0.2692, 3.05464, 0.641881), (0.2692, 3.05464, 0.461815), (0.335109, 3.05464, 0.70779), (0.335109, 3.05464, 0.395906), (0.425142, 3.05464, 0.833171), (0.425142, 3.05464, 0.731915), (0.425142, 3.05464, 0.371781), (0.515176, 3.05464, 0.395906), (0.565804, 3.05464, 0.308215), (0.581085, 3.05464, 0.461815), (0.565804, 3.05464, 0.795481), (0.515176, 3.05464, 0.70779), (0.581085, 3.05464, 0.641881), (0.668775, 3.05464, 0.411187), (0.605209, 3.05464, 0.551848), (0.197448, 2.79796, 0.683307), (0.162224, 2.79796, 0.551848), (0.652837, 2.79796, 0.420389), (0.556602, 2.79796, 0.324154), (0.556602, 2.79796, 0.779542), (0.425142, 2.79796, 0.814767), (0.197448, 2.79796, 0.420389), (0.640903, 2.79796, 0.551848), (0.611996, 2.79796, 0.659728), (0.611996, 2.79796, 0.443968), (0.533022, 2.79796, 0.364994), (0.533022, 2.79796, 0.738702), (0.425142, 2.79796, 0.767608), (0.317263, 2.79796, 0.738702), (0.293683, 2.79796, 0.779542), (0.238289, 2.79796, 0.659728), (0.425142, 2.79796, 0.336088), (0.317263, 2.79796, 0.364994), (0.238289, 2.79796, 0.443968), (0.209382, 2.79796, 0.551848), (-0.18151, 3.05464, 0.69251), (-0.143819, 3.05464, 0.551848), (-0.197448, 2.79796, 0.683307), (-0.162224, 2.79796, 0.551848), (-0.556602, 2.79796, 0.324154), (-0.425142, 2.79796, 0.288929), (-0.565804, 3.05464, 0.308215), (-0.425142, 3.05464, 0.270525), (-0.706465, 3.05464, 0.551848), (-0.668775, 3.05464, 0.411187), (-0.668775, 3.05464, 0.69251), (-0.565804, 3.05464, 0.795481), (-0.605209, 3.05464, 0.551848), (-0.581085, 3.05464, 0.641881), (-0.581085, 3.05464, 0.461815), (-0.515176, 3.05464, 0.70779), (-0.515176, 3.05464, 0.395906), (-0.425142, 3.05464, 0.833171), (-0.425142, 3.05464, 0.731915), (-0.425142, 3.05464, 0.371781), (-0.335109, 3.05464, 0.395906), (-0.284481, 3.05464, 0.308215), (-0.2692, 3.05464, 0.461815), (-0.284481, 3.05464, 0.795481), (-0.335109, 3.05464, 0.70779), (-0.2692, 3.05464, 0.641881), (-0.18151, 3.05464, 0.411187), (-0.245076, 3.05464, 0.551848), (-0.652837, 2.79796, 0.683307), (-0.688061, 2.79796, 0.551848), (-0.197448, 2.79796, 0.420389), (-0.293683, 2.79796, 0.324154), (-0.293683, 2.79796, 0.779542), (-0.425142, 2.79796, 0.814767), (-0.652837, 2.79796, 0.420389), (-0.209382, 2.79796, 0.551848), (-0.238289, 2.79796, 0.659728), (-0.238289, 2.79796, 0.443968), (-0.317263, 2.79796, 0.364994), (-0.317263, 2.79796, 0.738702), (-0.425142, 2.79796, 0.767608), (-0.533022, 2.79796, 0.738702), (-0.556602, 2.79796, 0.779542), (-0.611996, 2.79796, 0.659728), (-0.425142, 2.79796, 0.336088), (-0.533022, 2.79796, 0.364994), (-0.611996, 2.79796, 0.443968), (-0.640903, 2.79796, 0.551848), (0.32643, 1.16064, -2.51714), (-0.32643, 1.16064, -2.51714), (0.18135, 1.4508, -2.51714), (-0.18135, 1.4508, -2.51714), (0.18135, 0.43524, -2.95238), (-0.18135, 0.43524, -2.95238), (0.32643, 1.16064, -2.8073), (-0.32643, 1.16064, -2.8073), (-0.32643, 1.16064, -3.31508), (0.32643, 1.16064, -3.31508), (-0.18135, 1.4508, -3.17), (0.18135, 1.4508, -3.17), (0.18135, 0.43524, -3.31508), (-0.18135, 0.43524, -3.31508), (0.507973, 2.80664, 0.695315), (0.568609, 2.80664, 0.634679), (0.425142, 2.61072, 0.365848), (0.518142, 2.61072, 0.390767), (0.342312, 2.80664, 0.408381), (0.281676, 2.80664, 0.469017), (0.586223, 2.61072, 0.458848), (0.239143, 2.61072, 0.551848), (0.264062, 2.61072, 0.458848), (0.332143, 2.61072, 0.390767), (0.425142, 2.61072, 0.737848), (0.332143, 2.61072, 0.712929), (0.342312, 2.80664, 0.695315), (0.425142, 2.80664, 0.717509), (0.586223, 2.61072, 0.644848), (0.611143, 2.61072, 0.551848), (0.590804, 2.80664, 0.551848), (0.281676, 2.80664, 0.634679), (0.259481, 2.80664, 0.551848), (0.425142, 2.80664, 0.386187), (0.568609, 2.80664, 0.469017), (0.507973, 2.80664, 0.408381), (0.518142, 2.61072, 0.712929), (0.264062, 2.61072, 0.644848), (-0.342312, 2.80664, 0.695315), (-0.281676, 2.80664, 0.634679), (-0.425142, 2.61072, 0.365848), (-0.332143, 2.61072, 0.390767), (-0.507973, 2.80664, 0.408381), (-0.568609, 2.80664, 0.469017), (-0.264062, 2.61072, 0.458848), (-0.611143, 2.61072, 0.551848), (-0.586223, 2.61072, 0.458848), (-0.518142, 2.61072, 0.390767), (-0.425142, 2.61072, 0.737848), (-0.518142, 2.61072, 0.712929), (-0.507973, 2.80664, 0.695315), (-0.425142, 2.80664, 0.717509), (-0.264062, 2.61072, 0.644848), (-0.239143, 2.61072, 0.551848), (-0.259481, 2.80664, 0.551848), (-0.568609, 2.80664, 0.634679), (-0.590804, 2.80664, 0.551848), (-0.425142, 2.80664, 0.386187), (-0.281676, 2.80664, 0.469017), (-0.342312, 2.80664, 0.408381), (-0.332143, 2.61072, 0.712929), (-0.586223, 2.61072, 0.644848)]
        normal3f[] normals = [(-0.769315, -0.574561, 0.279347), (-0.347397, -0.644064, 0.68154), (-0.706938, -0.598928, 0.376197), (-0.347397, -0.644064, 0.68154), (-0.769315, -0.574561, 0.279347), (-0.364175, -0.642844, 0.67389), (2.70131e-13, -0.658505, 0.752577), (-0.364175, -0.642844, 0.67389), (2.70131e-13, -0.658505, 0.752577), (-0.364175, -0.642844, 0.67389), (2.70131e-13, -0.658505, 0.752577), (-0.347397, -0.644064, 0.68154), (0.347397, -0.644064, 0.68154), (2.70131e-13, -0.658505, 0.752577), (0.364175, -0.642844, 0.67389), (2.70131e-13, -0.658505, 0.752577), (0.347397, -0.644064, 0.68154), (2.70131e-13, -0.658505, 0.752577), (0.769315, -0.574561, 0.279347), (0.347397, -0.644064, 0.68154), (0.364175, -0.642844, 0.67389), (0.347397, -0.644064, 0.68154), (0.769315, -0.574561, 0.279347), (0.706938, -0.598928, 0.376197), (1.83593e-13, -0.859293, 0.511484), (0.236947, -0.848734, 0.472764), (1.83593e-13, -0.859293, 0.511484), (0.236947, -0.848734, 0.472764), (1.83593e-13, -0.859293, 0.511484), (0.257795, -0.846977, 0.464942), (-0.257795, -0.846977, 0.464942), (1.83593e-13, -0.859293, 0.511484), (-0.236947, -0.848734, 0.472764), (1.83593e-13, -0.859293, 0.511484), (-0.257795, -0.846977, 0.464942), (1.83593e-13, -0.859293, 0.511484), (-0.614369, -0.768993, 0.176638), (-0.236947, -0.848734, 0.472764), (-0.509689, -0.810035, 0.289931), (-0.236947, -0.848734, 0.472764), (-0.614369, -0.768993, 0.176638), (-0.257795, -0.846977, 0.464942), (0.614369, -0.768993, 0.176638), (0.236947, -0.848734, 0.472764), (0.257795, -0.846977, 0.464942), (0.236947, -0.848734, 0.472764), (0.614369, -0.768993, 0.176638), (0.509689, -0.810035, 0.289931), (-0.883116, -0.469155, 3.16987e-13), (-0.769315, -0.574561, 0.279347), (-0.706938, -0.598928, 0.376197), (-0.769315, -0.574561, 0.279347), (-0.883116, -0.469155, 3.16987e-13), (-0.883116, -0.469155, 3.16987e-13), (0.769315, -0.574561, 0.279347), (0.883116, -0.469155, -3.16987e-13), (0.706938, -0.598928, 0.376197), (0.883116, -0.469155, -3.16987e-13), (0.769315, -0.574561, 0.279347), (0.883116, -0.469155, -3.16987e-13), (-2.64284e-13, -0.676671, -0.736286), (-2.64284e-13, -0.676671, -0.736286), (-2.64284e-13, -0.676671, -0.736286), (-2.64284e-13, -0.676671, -0.736286), (-2.64284e-13, -0.676671, -0.736286), (-2.64284e-13, -0.676671, -0.736286), (-3.53729e-13, -0.169816, -0.985476), (-3.53729e-13, -0.169816, -0.985476), (-3.53729e-13, -0.169816, -0.985476), (-3.53729e-13, -0.169816, -0.985476), (-3.53729e-13, -0.169816, -0.985476), (-3.53729e-13, -0.169816, -0.985476), (0, -1, 0), (0, -1, 0), (0, -1, 0), (0, -1, 0), (0, -1, 0), (0, -1, 0), (0, -1, 0), (0, -1, 0), (0, -1, 0), (0, -1, 0), (0, -1, 0), (0, -1, 0), (0, -1, 0), (0, -1, 0), (0, -1, 0), (0.614369, -0.768993, 0.176638), (0.740833, -0.671689, -2.65916e-13), (0.509689, -0.810035, 0.289931), (0.740833, -0.671689, -2.65916e-13), (0.614369, -0.768993, 0.176638), (0.740833, -0.671689, -2.65916e-13), (-0.740833, -0.671689, 2.65916e-13), (-0.614369, -0.768993, 0.176638), (-0.509689, -0.810035, 0.289931), (-0.614369, -0.768993, 0.176638), (-0.740833, -0.671689, 2.65916e-13), (-0.740833, -0.671689, 2.65916e-13), (0, -1, 0), (0, -1, 0), (0, -1, 0), (0, -1, 0), (0, -1, 0), (0, -1, 0), (-0.970143, -0.242536, 0), (-0.970143, -0.242536, 0), (-0.970143, -0.242536, 0), (-0.970143, -0.242536, 0), (-0.970143, -0.242536, 0), (-0.970143, -0.242536, 0), (-0.707107, 0.707107, 0), (-0.382683, 0.923879, 0), (-0.707107, 0.707107, 0), (-0.382683, 0.923879, 0), (-0.707107, 0.707107, 0), (-0.382683, 0.923879, 0), (1, 0, 0), (1, 0, 0), (1, 0, 0), (1, 0, 0), (1, 0, 0), (1, 0, 0), (0, 0, 1), (0, 0, 1), (0, 0, 1), (0, 0, 1), (0, 0, 1), (0, 0, 1), (0, 0, 1), (0, 0, 1), (0, 0, 1), (0, 0, 1), (0, 0, 1), (0, 0, 1), (0, 0, 1), (0, 0, 1), (0, 0, 1), (0, 0, 1), (0, 0, 1), (0, 0, 1), (-0.382683, 0.923879, 0), (0.382683, 0.923879, 0), (0.382683, 0.923879, 0), (0.382683, 0.923879, 0), (-0.382683, 0.923879, 0), (-0.382683, 0.923879, 0), (0.382683, 0.923879, 0), (0.707107, 0.707107, 0), (0.382683, 0.923879, 0), (0.707107, 0.707107, 0), (0.382683, 0.923879, 0), (0.707107, 0.707107, 0), (0, 0, -1), (0, 0, -1), (0, 0, -1), (0, 0, -1), (0, 0, -1), (0, 0, -1), (0, 0, -1), (0, 0, -1), (0, 0, -1), (0, 0, -1), (0, 0, -1), (0, 0, -1), (0, 0, -1), (0, 0, -1), (0, 0, -1), (0, 0, -1), (0, 0, -1), (0, 0, -1), (0, -1, 0), (0, -1, 0), (0, -1, 0), (0, -1, 0), (0, -1, 0), (0, -1, 0), (0.970143, -0.242536, -3.48225e-13), (0.970143, -0.242536, -3.48225e-13), (0.970143, -0.242536, -3.48225e-13), (0.970143, -0.242536, -3.48225e-13), (0.970143, -0.242536, -3.48225e-13), (0.970143, -0.242536, -3.48225e-13), (0.707107, 0.707107, -2.5381e-13), (0.382683, 0.923879, -1.37361e-13), (0.707107, 0.707107, -2.5381e-13), (0.382683, 0.923879, -1.37361e-13), (0.707107, 0.707107, -2.5381e-13), (0.382683, 0.923879, -1.37361e-13), (-1, 0, 3.58942e-13), (-1, 0, 3.58942e-13), (-1, 0, 3.58942e-13), (-1, 0, 3.58942e-13), (-1, 0, 3.58942e-13), (-1, 0, 3.58942e-13), (-3.58942e-13, 0, -1), (-3.58942e-13, 0, -1), (-3.58942e-13, 0, -1), (-3.58942e-13, 0, -1), (-3.58942e-13, 0, -1), (-3.58942e-13, 0, -1), (-3.58942e-13, 0, -1), (-3.58942e-13, 0, -1), (-3.58942e-13, 0, -1), (-3.58942e-13, 0, -1), (-3.58942e-13, 0, -1), (-3.58942e-13, 0, -1), (-3.58942e-13, 0, -1), (-3.58942e-13, 0, -1), (-3.58942e-13, 0, -1), (-3.58942e-13, 0, -1), (-3.58942e-13, 0, -1), (-3.58942e-13, 0, -1), (0.382683, 0.923879, -1.37361e-13), (-0.382683, 0.923879, 1.37361e-13), (-0.382683, 0.923879, 1.37361e-13), (-0.382683, 0.923879, 1.37361e-13), (0.382683, 0.923879, -1.37361e-13), (0.382683, 0.923879, -1.37361e-13), (-0.382683, 0.923879, 1.37361e-13), (-0.707107, 0.707107, 2.5381e-13), (-0.382683, 0.923879, 1.37361e-13), (-0.707107, 0.707107, 2.5381e-13), (-0.382683, 0.923879, 1.37361e-13), (-0.707107, 0.707107, 2.5381e-13), (3.58942e-13, 0, 1), (3.58942e-13, 0, 1), (3.58942e-13, 0, 1), (3.58942e-13, 0, 1), (3.58942e-13, 0, 1), (3.58942e-13, 0, 1), (3.58942e-13, 0, 1), (3.58942e-13, 0, 1), (3.58942e-13, 0, 1), (3.58942e-13, 0, 1), (3.58942e-13, 0, 1), (3.58942e-13, 0, 1), (3.58942e-13, 0, 1), (3.58942e-13, 0, 1), (3.58942e-13, 0, 1), (3.58942e-13, 0, 1), (3.58942e-13, 0, 1), (3.58942e-13, 0, 1), (2.5381e-13, 0.707107, 0.707107), (0, 1, 0), (2.5381e-13, 0.707107, 0.707107), (0, 1, 0), (2.5381e-13, 0.707107, 0.707107), (0, 1, 0), (1, 0, -3.58942e-13), (1, 0, -3.58942e-13), (1, 0, -3.58942e-13), (1, 0, -3.58942e-13), (1, 0, -3.58942e-13), (1, 0, -3.58942e-13), (2.5381e-13, 0.707107, 0.707107), (3.58942e-13, 0, 1), (3.58942e-13, 0, 1), (3.58942e-13, 0, 1), (2.5381e-13, 0.707107, 0.707107), (2.5381e-13, 0.707107, 0.707107), (-1, 0, 3.58942e-13), (-1, 0, 3.58942e-13), (-1, 0, 3.58942e-13), (-1, 0, 3.58942e-13), (-1, 0, 3.58942e-13), (-1, 0, 3.58942e-13), (-0.455843, 0.218669, 0.862781), (-0.881196, 0.193156, 0.431491), (-0.448846, 0.218892, 0.866386), (-0.881196, 0.193156, 0.431491), (-0.455843, 0.218669, 0.862781), (-0.900081, 0.189625, 0.392297), (-3.58942e-13, 0, -1), (-3.58942e-13, 0, -1), (-3.58942e-13, 0, -1), (-3.58942e-13, 0, -1), (-3.58942e-13, 0, -1), (-3.58942e-13, 0, -1), (-3.58942e-13, 0, -1), (-3.58942e-13, 0, -1), (-3.58942e-13, 0, -1), (-3.58942e-13, 0, -1), (-3.58942e-13, 0, -1), (-3.58942e-13, 0, -1), (-3.58942e-13, 0, -1), (-3.58942e-13, 0, -1), (-3.58942e-13, 0, -1), (-3.58942e-13, 0, -1), (-3.58942e-13, 0, -1), (-3.58942e-13, 0, -1), (3.49553e-13, 0.22723, 0.973841), (-0.448846, 0.218892, 0.866386), (3.49553e-13, 0.22723, 0.973841), (-0.448846, 0.218892, 0.866386), (3.49553e-13, 0.22723, 0.973841), (-0.455843, 0.218669, 0.862781), (0.455843, 0.218669, 0.862781), (3.49553e-13, 0.22723, 0.973841), (0.448846, 0.218892, 0.866386), (3.49553e-13, 0.22723, 0.973841), (0.455843, 0.218669, 0.862781), (3.49553e-13, 0.22723, 0.973841), (0.900081, 0.189625, 0.392297), (0.448846, 0.218892, 0.866386), (0.881196, 0.193156, 0.431491), (0.448846, 0.218892, 0.866386), (0.900081, 0.189625, 0.392297), (0.455843, 0.218669, 0.862781), (-0.900081, 0.189625, 0.392297), (-0.990114, 0.140266, 3.55394e-13), (-0.881196, 0.193156, 0.431491), (-0.990114, 0.140266, 3.55394e-13), (-0.900081, 0.189625, 0.392297), (-0.990114, 0.140266, 3.55394e-13), (0.823359, 0.567521, -2.95538e-13), (0.465016, 0.885302, -1.66914e-13), (0.823359, 0.567521, -2.95538e-13), (0.465016, 0.885302, -1.66914e-13), (0.823359, 0.567521, -2.95538e-13), (0.465016, 0.885302, -1.66914e-13), (0, 1, 0), (-0.465016, 0.885302, 1.66914e-13), (-0.465016, 0.885302, 1.66914e-13), (-0.465016, 0.885302, 1.66914e-13), (0, 1, 0), (0, 1, 0), (0, 1, 0), (0, 1, 0), (0, 1, 0), (0, 1, 0), (0, 1, 0), (0, 1, 0), (0, 1, 0), (0, 1, 0), (0, 1, 0), (0, 1, 0), (0, 1, 0), (0, 1, 0), (0, 1, 0), (0, 1, 0), (0, 1, 0), (0, 1, 0), (0, 1, 0), (0, 1, 0), (0, 1, 0), (0, 1, 0), (0, 1, 0), (0, 1, 0), (0, 1, 0), (0, 1, 0), (0, 1, 0), (0, 1, 0), (0, 1, 0), (0, 1, 0), (0, 1, 0), (0, 1, 0), (0, 1, 0), (0, 1, 0), (0, 1, 0), (0, 1, 0), (0, 1, 0), (0, 1, 0), (0, 1, 0), (0.465016, 0.885302, -1.66914e-13), (0, 1, 0), (0.465016, 0.885302, -1.66914e-13), (0, 1, 0), (0.465016, 0.885302, -1.66914e-13), (0.990114, 0.140266, -3.55394e-13), (0.900081, 0.189625, 0.392297), (0.881196, 0.193156, 0.431491), (0.900081, 0.189625, 0.392297), (0.990114, 0.140266, -3.55394e-13), (0.990114, 0.140266, -3.55394e-13), (-0.465016, 0.885302, 1.66914e-13), (-0.823359, 0.567521, 2.95538e-13), (-0.465016, 0.885302, 1.66914e-13), (-0.823359, 0.567521, 2.95538e-13), (-0.465016, 0.885302, 1.66914e-13), (-0.823359, 0.567521, 2.95538e-13), (0, 0.901303, 0.433189), (0, 0.624695, 0.780869), (0, 0.624695, 0.780869), (0, 0.624695, 0.780869), (0, 0.901303, 0.433189), (0, 0.901303, 0.433189), (0, 0.901303, -0.433189), (0, 0.901303, 0.433189), (0, 0.901303, -0.433189), (0, 0.901303, 0.433189), (0, 0.901303, -0.433189), (0, 0.901303, 0.433189), (1, 0, 0), (1, 0, 0), (1, 0, 0), (1, 0, 0), (1, 0, 0), (1, 0, 0), (0, 0.901303, -0.433189), (0, 0.624695, -0.780869), (0, 0.624695, -0.780869), (0, 0.624695, -0.780869), (0, 0.901303, -0.433189), (0, 0.901303, -0.433189), (-1, 0, 0), (-1, 0, 0), (-1, 0, 0), (-1, 0, 0), (-1, 0, 0), (-1, 0, 0), (0, 0.901303, 0.433189), (0, 0.624695, 0.780869), (0, 0.624695, 0.780869), (0, 0.624695, 0.780869), (0, 0.901303, 0.433189), (0, 0.901303, 0.433189), (0, 0.901303, -0.433189), (0, 0.901303, 0.433189), (0, 0.901303, -0.433189), (0, 0.901303, 0.433189), (0, 0.901303, -0.433189), (0, 0.901303, 0.433189), (1, 0, 0), (1, 0, 0), (1, 0, 0), (1, 0, 0), (1, 0, 0), (1, 0, 0), (0, 0.901303, -0.433189), (0, 0.624695, -0.780869), (0, 0.624695, -0.780869), (0, 0.624695, -0.780869), (0, 0.901303, -0.433189), (0, 0.901303, -0.433189), (-1, 0, 0), (-1, 0, 0), (-1, 0, 0), (-1, 0, 0), (-1, 0, 0), (-1, 0, 0), (-3.58942e-13, 0, -1), (-3.58942e-13, 0, -1), (-3.58942e-13, 0, -1), (-3.58942e-13, 0, -1), (-3.58942e-13, 0, -1), (-3.58942e-13, 0, -1), (1, 0, -3.58942e-13), (1, 0, -3.58942e-13), (1, 0, -3.58942e-13), (1, 0, -3.58942e-13), (1, 0, -3.58942e-13), (1, 0, -3.58942e-13), (1, 0, -3.58942e-13), (1, 0, -3.58942e-13), (1, 0, -3.58942e-13), (1, 0, -3.58942e-13), (1, 0, -3.58942e-13), (1, 0, -3.58942e-13), (-1, 0, 3.58942e-13), (-1, 0, 3.58942e-13), (-1, 0, 3.58942e-13), (-1, 0, 3.58942e-13), (-1, 0, 3.58942e-13), (-1, 0, 3.58942e-13), (-1, 0, 3.58942e-13), (-1, 0, 3.58942e-13), (-1, 0, 3.58942e-13), (-1, 0, 3.58942e-13), (-1, 0, 3.58942e-13), (-1, 0, 3.58942e-13), (0.382683, 0, 0.923879), (-0.382683, 0, 0.923879), (0.382683, 0, 0.923879), (-0.382683, 0, 0.923879), (0.382683, 0, 0.923879), (-0.382683, 0, 0.923879), (3.58942e-13, 0, 1), (3.58942e-13, 0, 1), (3.58942e-13, 0, 1), (3.58942e-13, 0, 1), (3.58942e-13, 0, 1), (3.58942e-13, 0, 1), (3.58942e-13, 0, 1), (3.58942e-13, 0, 1), (3.58942e-13, 0, 1), (3.58942e-13, 0, 1), (3.58942e-13, 0, 1), (3.58942e-13, 0, 1), (0, 1, 0), (0, 1, 0), (0, 1, 0), (0, 1, 0), (0, 1, 0), (0, 1, 0), (0, 1, 0), (0, 1, 0), (0, 1, 0), (0, 1, 0), (0, 1, 0), (0, 1, 0), (0, 1, 0), (0, 1, 0), (0, 1, 0), (0, 1, 0), (0, 1, 0), (0, 1, 0), (0, 1, 0), (0, 1, 0), (0, 1, 0), (0, 1, 0), (0, 1, 0), (0, 1, 0), (0, 1, 0), (0, 1, 0), (0, 1, 0), (0, 1, 0), (0, 1, 0), (0, 1, 0), (0, 1, 0), (0, 1, 0), (0, 1, 0), (0, 1, 0), (0, 1, 0), (0, 1, 0), (0, 1, 0), (0, 1, 0), (0, 1, 0), (0, 1, 0), (0, 1, 0), (0, 1, 0), (-0.382683, 0, 0.923879), (-0.707107, 0, 0.707107), (-0.382683, 0, 0.923879), (-0.707107, 0, 0.707107), (-0.382683, 0, 0.923879), (-0.707107, 0, 0.707107), (0.707107, 0, 0.707107), (0.382683, 0, 0.923879), (0.382683, 0, 0.923879), (0.382683, 0, 0.923879), (0.707107, 0, 0.707107), (0.707107, 0, 0.707107), (0.923879, 0, 0.382683), (0.923879, 0, -0.382683), (0.923879, 0, -0.382683), (0.923879, 0, -0.382683), (0.923879, 0, 0.382683), (0.923879, 0, 0.382683), (0.707107, 0, -0.707107), (0.923879, 0, -0.382683), (0.707107, 0, -0.707107), (0.923879, 0, -0.382683), (0.707107, 0, -0.707107), (0.923879, 0, -0.382683), (0.707107, 0, 0.707107), (0.923879, 0, 0.382683), (0.923879, 0, 0.382683), (0.923879, 0, 0.382683), (0.707107, 0, 0.707107), (0.707107, 0, 0.707107), (-0.923879, 0, -0.382683), (-0.923879, 0, 0.382683), (-0.923879, 0, 0.382683), (-0.923879, 0, 0.382683), (-0.923879, 0, -0.382683), (-0.923879, 0, -0.382683), (-0.707107, 0, 0.707107), (-0.923879, 0, 0.382683), (-0.707107, 0, 0.707107), (-0.923879, 0, 0.382683), (-0.707107, 0, 0.707107), (-0.923879, 0, 0.382683), (-0.707107, 0, -0.707107), (-0.923879, 0, -0.382683), (-0.923879, 0, -0.382683), (-0.923879, 0, -0.382683), (-0.707107, 0, -0.707107), (-0.707107, 0, -0.707107), (-0.923879, 0, -0.382683), (-0.923879, 0, 0.382683), (-0.923879, 0, 0.382683), (-0.923879, 0, 0.382683), (-0.923879, 0, -0.382683), (-0.923879, 0, -0.382683), (-0.707107, 0, 0.707107), (-0.923879, 0, 0.382683), (-0.707107, 0, 0.707107), (-0.923879, 0, 0.382683), (-0.707107, 0, 0.707107), (-0.923879, 0, 0.382683), (-0.707107, 0, -0.707107), (-0.923879, 0, -0.382683), (-0.923879, 0, -0.382683), (-0.923879, 0, -0.382683), (-0.707107, 0, -0.707107), (-0.707107, 0, -0.707107), (0.923879, 0, 0.382683), (0.923879, 0, -0.382683), (0.923879, 0, -0.382683), (0.923879, 0, -0.382683), (0.923879, 0, 0.382683), (0.923879, 0, 0.382683), (0.707107, 0, -0.707107), (0.923879, 0, -0.382683), (0.707107, 0, -0.707107), (0.923879, 0, -0.382683), (0.707107, 0, -0.707107), (0.923879, 0, -0.382683), (0.707107, 0, 0.707107), (0.923879, 0, 0.382683), (0.923879, 0, 0.382683), (0.923879, 0, 0.382683), (0.707107, 0, 0.707107), (0.707107, 0, 0.707107), (0, -1, 0), (0, -1, 0), (0, -1, 0), (0, -1, 0), (0, -1, 0), (0, -1, 0), (0, -1, 0), (0, -1, 0), (0, -1, 0), (0, -1, 0), (0, -1, 0), (0, -1, 0), (0, -1, 0), (0, -1, 0), (0, -1, 0), (0, -1, 0), (0, -1, 0), (0, -1, 0), (0, -1, 0), (0, -1, 0), (0, -1, 0), (0, -1, 0), (0, -1, 0), (0, -1, 0), (0, -1, 0), (0, -1, 0), (0, -1, 0), (0, -1, 0), (0, -1, 0), (0, -1, 0), (0, -1, 0), (0, -1, 0), (0, -1, 0), (0, -1, 0), (0, -1, 0), (0, -1, 0), (0, -1, 0), (0, -1, 0), (0, -1, 0), (0, -1, 0), (0, -1, 0), (0, -1, 0), (0, -1, 0), (0, -1, 0), (0, -1, 0), (0, -1, 0), (0, -1, 0), (0, -1, 0), (0, -1, 0), (0, -1, 0), (0, -1, 0), (0, -1, 0), (0, -1, 0), (0, -1, 0), (0.645052, 0, -0.764139), (0.46342, 0, -0.886139), (0.645052, 0, -0.764139), (0.46342, 0, -0.886139), (0.645052, 0, -0.764139), (0.46342, 0, -0.886139), (0, 1, 0), (0, 1, 0), (0, 1, 0), (0, 1, 0), (0, 1, 0), (0, 1, 0), (0, 1, 0), (0, 1, 0), (0, 1, 0), (0, 1, 0), (0, 1, 0), (0, 1, 0), (0, 1, 0), (0, 1, 0), (0, 1, 0), (0, 1, 0), (0, 1, 0), (0, 1, 0), (0, 1, 0), (0, 1, 0), (0, 1, 0), (0, 1, 0), (0, 1, 0), (0, 1, 0), (0, 1, 0), (0, 1, 0), (0, 1, 0), (0, 1, 0), (0, 1, 0), (0, 1, 0), (0, 1, 0), (0, 1, 0), (0, 1, 0), (0, 1, 0), (0, 1, 0), (0, 1, 0), (0, 1, 0), (0, 1, 0), (0, 1, 0), (0, 1, 0), (0, 1, 0), (0, 1, 0), (0, 1, 0), (0, 1, 0), (0, 1, 0), (0, 1, 0), (0, 1, 0), (0, 1, 0), (0, 1, 0), (0, 1, 0), (0, 1, 0), (0, 1, 0), (0, 1, 0), (0, 1, 0), (0, 1, 0), (0, 1, 0), (0, 1, 0), (-3.58942e-13, 0, -1), (-3.58942e-13, 0, -1), (-3.58942e-13, 0, -1), (-3.58942e-13, 0, -1), (-3.58942e-13, 0, -1), (-3.58942e-13, 0, -1), (-3.58942e-13, 0, -1), (-3.58942e-13, 0, -1), (-3.58942e-13, 0, -1), (-3.58942e-13, 0, -1), (-3.58942e-13, 0, -1), (-3.58942e-13, 0, -1), (-0.46342, 0, -0.886139), (-0.645052, 0, -0.764139), (-0.645052, 0, -0.764139), (-0.645052, 0, -0.764139), (-0.46342, 0, -0.886139), (-0.46342, 0, -0.886139), (-3.58942e-13, 0, -1), (-0.46342, 0, -0.886139), (-3.58942e-13, 0, -1), (-0.46342, 0, -0.886139), (-3.58942e-13, 0, -1), (-0.46342, 0, -0.886139), (1, 0, -3.58942e-13), (0.897137, 0.441752, -3.2202e-13), (1, 0, -3.58942e-13), (0.897137, 0.441752, -3.2202e-13), (1, 0, -3.58942e-13), (0.897137, 0.441752, -3.2202e-13), (-0.897137, 0.441752, 3.2202e-13), (-1, 0, 3.58942e-13), (-0.897137, 0.441752, 3.2202e-13), (-1, 0, 3.58942e-13), (-0.897137, 0.441752, 3.2202e-13), (-1, 0, 3.58942e-13), (0.46342, 0, -0.886139), (-3.58942e-13, 0, -1), (0.46342, 0, -0.886139), (-3.58942e-13, 0, -1), (0.46342, 0, -0.886139), (-3.58942e-13, 0, -1), (-1, 0, 3.58942e-13), (-1, 0, 3.58942e-13), (-1, 0, 3.58942e-13), (-1, 0, 3.58942e-13), (-1, 0, 3.58942e-13), (-1, 0, 3.58942e-13), (3.58942e-13, 0, 1), (3.58942e-13, 0, 1), (3.58942e-13, 0, 1), (3.58942e-13, 0, 1), (3.58942e-13, 0, 1), (3.58942e-13, 0, 1), (3.58942e-13, 0, 1), (3.58942e-13, 0, 1), (3.58942e-13, 0, 1), (3.58942e-13, 0, 1), (3.58942e-13, 0, 1), (3.58942e-13, 0, 1), (3.58942e-13, 0, 1), (3.58942e-13, 0, 1), (3.58942e-13, 0, 1), (3.58942e-13, 0, 1), (3.58942e-13, 0, 1), (3.58942e-13, 0, 1), (3.58942e-13, 0, 1), (3.58942e-13, 0, 1), (3.58942e-13, 0, 1), (3.58942e-13, 0, 1), (3.58942e-13, 0, 1), (3.58942e-13, 0, 1), (1, 0, -3.58942e-13), (1, 0, -3.58942e-13), (1, 0, -3.58942e-13), (1, 0, -3.58942e-13), (1, 0, -3.58942e-13), (1, 0, -3.58942e-13), (0.897137, 0.441752, -3.2202e-13), (0.609711, 0.792624, -2.18851e-13), (0.609711, 0.792624, -2.18851e-13), (0.609711, 0.792624, -2.18851e-13), (0.897137, 0.441752, -3.2202e-13), (0.897137, 0.441752, -3.2202e-13), (-0.897137, 0.441752, 3.2202e-13), (-0.609711, 0.792624, 2.18851e-13), (-0.897137, 0.441752, 3.2202e-13), (-0.609711, 0.792624, 2.18851e-13), (-0.897137, 0.441752, 3.2202e-13), (-0.609711, 0.792624, 2.18851e-13), (0, 0.923879, 0.382683), (0, 0.382683, 0.923879), (0, 0.923879, 0.382683), (0, 0.382683, 0.923879), (0, 0.923879, 0.382683), (0, 0.382683, 0.923879), (0, 0.382683, 0.923879), (0, 0, 1), (0, 0, 1), (0, 0, 1), (0, 0.382683, 0.923879), (0, 0.382683, 0.923879), (0, 1, 0), (0, 1, 0), (0, 1, 0), (0, 1, 0), (0, 1, 0), (0, 1, 0), (-1, 0, 0), (-1, 0, 0), (-1, 0, 0), (-1, 0, 0), (-1, 0, 0), (-1, 0, 0), (-1, 0, 0), (-1, 0, 0), (-1, 0, 0), (-1, 0, 0), (-1, 0, 0), (-1, 0, 0), (0, 0.382683, -0.923879), (0, 0.923879, -0.382683), (0, 0.382683, -0.923879), (0, 0.923879, -0.382683), (0, 0.382683, -0.923879), (0, 0.923879, -0.382683), (0, 0.923879, -0.382683), (0, 0.923879, 0.382683), (0, 0.923879, -0.382683), (0, 0.923879, 0.382683), (0, 0.923879, -0.382683), (0, 0.923879, 0.382683), (0, 0.382683, -0.923879), (0, 0, -1), (0, 0, -1), (0, 0, -1), (0, 0.382683, -0.923879), (0, 0.382683, -0.923879), (1, 0, 0), (1, 0, 0), (1, 0, 0), (1, 0, 0), (1, 0, 0), (1, 0, 0), (1, 0, 0), (1, 0, 0), (1, 0, 0), (1, 0, 0), (1, 0, 0), (1, 0, 0), (0.863808, -0.0715178, 0.49872), (0.997439, -0.0715178, -3.58023e-13), (0.863808, -0.0715178, 0.49872), (0.997439, -0.0715178, -3.58023e-13), (0.863808, -0.0715178, 0.49872), (0.997439, -0.0715178, -3.58023e-13), (-0.49872, -0.0715178, -0.863808), (-3.58023e-13, -0.0715178, -0.997439), (-0.49872, -0.0715178, -0.863808), (-3.58023e-13, -0.0715178, -0.997439), (-0.49872, -0.0715178, -0.863808), (-3.58023e-13, -0.0715178, -0.997439), (0, 1, 0), (0, 1, 0), (0, 1, 0), (0, 1, 0), (0, 1, 0), (0, 1, 0), (0, 1, 0), (0, 1, 0), (0, 1, 0), (0, 1, 0), (0, 1, 0), (0, 1, 0), (0, 1, 0), (0, 1, 0), (0, 1, 0), (0, 1, 0), (0, 1, 0), (0, 1, 0), (0, 1, 0), (0, 1, 0), (0, 1, 0), (0, 1, 0), (0, 1, 0), (0, 1, 0), (0, 1, 0), (0, 1, 0), (0, 1, 0), (0, 1, 0), (0, 1, 0), (0, 1, 0), (0, 1, 0), (0, 1, 0), (0, 1, 0), (0, 1, 0), (0, 1, 0), (0, 1, 0), (0, 1, 0), (0, 1, 0), (0, 1, 0), (0, 1, 0), (0, 1, 0), (0, 1, 0), (0, 1, 0), (0, 1, 0), (0, 1, 0), (0, 1, 0), (0, 1, 0), (0, 1, 0), (0, 1, 0), (0, 1, 0), (0, 1, 0), (0, 1, 0), (0, 1, 0), (0, 1, 0), (0, 1, 0), (0, 1, 0), (0, 1, 0), (0, 1, 0), (0, 1, 0), (0, 1, 0), (0, 1, 0), (0, 1, 0), (0, 1, 0), (0, 1, 0), (0, 1, 0), (0, 1, 0), (0, 1, 0), (0, 1, 0), (0, 1, 0), (0, 1, 0), (0, 1, 0), (0, 1, 0), (-0.997439, -0.0715178, 3.58023e-13), (-0.863808, -0.0715178, 0.49872), (-0.863808, -0.0715178, 0.49872), (-0.863808, -0.0715178, 0.49872), (-0.997439, -0.0715178, 3.58023e-13), (-0.997439, -0.0715178, 3.58023e-13), (0.49872, -0.0715178, -0.863808), (0.863808, -0.0715178, -0.49872), (0.863808, -0.0715178, -0.49872), (0.863808, -0.0715178, -0.49872), (0.49872, -0.0715178, -0.863808), (0.49872, -0.0715178, -0.863808), (0.49872, -0.0715178, 0.863808), (3.58023e-13, -0.0715178, 0.997439), (0.49872, -0.0715178, 0.863808), (3.58023e-13, -0.0715178, 0.997439), (0.49872, -0.0715178, 0.863808), (3.58023e-13, -0.0715178, 0.997439), (-0.997439, -0.0715178, 3.58023e-13), (-0.863808, -0.0715178, -0.49872), (-0.997439, -0.0715178, 3.58023e-13), (-0.863808, -0.0715178, -0.49872), (-0.997439, -0.0715178, 3.58023e-13), (-0.863808, -0.0715178, -0.49872), (0, -1, 0), (0, -1, 0), (0, -1, 0), (0, -1, 0), (0, -1, 0), (0, -1, 0), (0, -1, 0), (0, -1, 0), (0, -1, 0), (0, -1, 0), (0, -1, 0), (0, -1, 0), (0, -1, 0), (0, -1, 0), (0, -1, 0), (0, -1, 0), (0, -1, 0), (0, -1, 0), (0, -1, 0), (0, -1, 0), (0, -1, 0), (0, -1, 0), (0, -1, 0), (0, -1, 0), (0, -1, 0), (0, -1, 0), (0, -1, 0), (0, -1, 0), (0, -1, 0), (0, -1, 0), (0, -1, 0), (0, -1, 0), (0, -1, 0), (0, -1, 0), (0, -1, 0), (0, -1, 0), (0, -1, 0), (0, -1, 0), (0, -1, 0), (0, -1, 0), (0, -1, 0), (0, -1, 0), (0, -1, 0), (0, -1, 0), (0, -1, 0), (0, -1, 0), (0, -1, 0), (0, -1, 0), (0, -1, 0), (0, -1, 0), (0, -1, 0), (0, -1, 0), (0, -1, 0), (0, -1, 0), (0, -1, 0), (0, -1, 0), (0, -1, 0), (0, -1, 0), (0, -1, 0), (0, -1, 0), (0, -1, 0), (0, -1, 0), (0, -1, 0), (0, -1, 0), (0, -1, 0), (0, -1, 0), (0, -1, 0), (0, -1, 0), (0, -1, 0), (0, -1, 0), (0, -1, 0), (0, -1, 0), (0.863808, -0.0715178, 0.49872), (0.49872, -0.0715178, 0.863808), (0.863808, -0.0715178, 0.49872), (0.49872, -0.0715178, 0.863808), (0.863808, -0.0715178, 0.49872), (0.49872, -0.0715178, 0.863808), (-3.58023e-13, -0.0715178, -0.997439), (0.49872, -0.0715178, -0.863808), (-3.58023e-13, -0.0715178, -0.997439), (0.49872, -0.0715178, -0.863808), (-3.58023e-13, -0.0715178, -0.997439), (0.49872, -0.0715178, -0.863808), (-0.863808, -0.0715178, 0.49872), (-0.49872, -0.0715178, 0.863808), (-0.49872, -0.0715178, 0.863808), (-0.49872, -0.0715178, 0.863808), (-0.863808, -0.0715178, 0.49872), (-0.863808, -0.0715178, 0.49872), (-0.863808, -0.0715178, -0.49872), (-0.49872, -0.0715178, -0.863808), (-0.863808, -0.0715178, -0.49872), (-0.49872, -0.0715178, -0.863808), (-0.863808, -0.0715178, -0.49872), (-0.49872, -0.0715178, -0.863808), (3.58023e-13, -0.0715178, 0.997439), (-0.49872, -0.0715178, 0.863808), (3.58023e-13, -0.0715178, 0.997439), (-0.49872, -0.0715178, 0.863808), (3.58023e-13, -0.0715178, 0.997439), (-0.49872, -0.0715178, 0.863808), (0.997439, -0.0715178, -3.58023e-13), (0.863808, -0.0715178, -0.49872), (0.997439, -0.0715178, -3.58023e-13), (0.863808, -0.0715178, -0.49872), (0.997439, -0.0715178, -3.58023e-13), (0.863808, -0.0715178, -0.49872), (0.863808, -0.0715178, 0.49872), (0.997439, -0.0715178, -3.58023e-13), (0.863808, -0.0715178, 0.49872), (0.997439, -0.0715178, -3.58023e-13), (0.863808, -0.0715178, 0.49872), (0.997439, -0.0715178, -3.58023e-13), (-0.49872, -0.0715178, -0.863808), (-3.58023e-13, -0.0715178, -0.997439), (-0.49872, -0.0715178, -0.863808), (-3.58023e-13, -0.0715178, -0.997439), (-0.49872, -0.0715178, -0.863808), (-3.58023e-13, -0.0715178, -0.997439), (0, 1, 0), (0, 1, 0), (0, 1, 0), (0, 1, 0), (0, 1, 0), (0, 1, 0), (0, 1, 0), (0, 1, 0), (0, 1, 0), (0, 1, 0), (0, 1, 0), (0, 1, 0), (0, 1, 0), (0, 1, 0), (0, 1, 0), (0, 1, 0), (0, 1, 0), (0, 1, 0), (0, 1, 0), (0, 1, 0), (0, 1, 0), (0, 1, 0), (0, 1, 0), (0, 1, 0), (0, 1, 0), (0, 1, 0), (0, 1, 0), (0, 1, 0), (0, 1, 0), (0, 1, 0), (0, 1, 0), (0, 1, 0), (0, 1, 0), (0, 1, 0), (0, 1, 0), (0, 1, 0), (0, 1, 0), (0, 1, 0), (0, 1, 0), (0, 1, 0), (0, 1, 0), (0, 1, 0), (0, 1, 0), (0, 1, 0), (0, 1, 0), (0, 1, 0), (0, 1, 0), (0, 1, 0), (0, 1, 0), (0, 1, 0), (0, 1, 0), (0, 1, 0), (0, 1, 0), (0, 1, 0), (0, 1, 0), (0, 1, 0), (0, 1, 0), (0, 1, 0), (0, 1, 0), (0, 1, 0), (0, 1, 0), (0, 1, 0), (0, 1, 0), (0, 1, 0), (0, 1, 0), (0, 1, 0), (0, 1, 0), (0, 1, 0), (0, 1, 0), (0, 1, 0), (0, 1, 0), (0, 1, 0), (-0.997439, -0.0715178, 3.58023e-13), (-0.863808, -0.0715178, 0.49872), (-0.863808, -0.0715178, 0.49872), (-0.863808, -0.0715178, 0.49872), (-0.997439, -0.0715178, 3.58023e-13), (-0.997439, -0.0715178, 3.58023e-13), (0.49872, -0.0715178, -0.863808), (0.863808, -0.0715178, -0.49872), (0.863808, -0.0715178, -0.49872), (0.863808, -0.0715178, -0.49872), (0.49872, -0.0715178, -0.863808), (0.49872, -0.0715178, -0.863808), (0.49872, -0.0715178, 0.863808), (3.58023e-13, -0.0715178, 0.997439), (0.49872, -0.0715178, 0.863808), (3.58023e-13, -0.0715178, 0.997439), (0.49872, -0.0715178, 0.863808), (3.58023e-13, -0.0715178, 0.997439), (-0.997439, -0.0715178, 3.58023e-13), (-0.863808, -0.0715178, -0.49872), (-0.997439, -0.0715178, 3.58023e-13), (-0.863808, -0.0715178, -0.49872), (-0.997439, -0.0715178, 3.58023e-13), (-0.863808, -0.0715178, -0.49872), (0, -1, 0), (0, -1, 0), (0, -1, 0), (0, -1, 0), (0, -1, 0), (0, -1, 0), (0, -1, 0), (0, -1, 0), (0, -1, 0), (0, -1, 0), (0, -1, 0), (0, -1, 0), (0, -1, 0), (0, -1, 0), (0, -1, 0), (0, -1, 0), (0, -1, 0), (0, -1, 0), (0, -1, 0), (0, -1, 0), (0, -1, 0), (0, -1, 0), (0, -1, 0), (0, -1, 0), (0, -1, 0), (0, -1, 0), (0, -1, 0), (0, -1, 0), (0, -1, 0), (0, -1, 0), (0, -1, 0), (0, -1, 0), (0, -1, 0), (0, -1, 0), (0, -1, 0), (0, -1, 0), (0, -1, 0), (0, -1, 0), (0, -1, 0), (0, -1, 0), (0, -1, 0), (0, -1, 0), (0, -1, 0), (0, -1, 0), (0, -1, 0), (0, -1, 0), (0, -1, 0), (0, -1, 0), (0, -1, 0), (0, -1, 0), (0, -1, 0), (0, -1, 0), (0, -1, 0), (0, -1, 0), (0, -1, 0), (0, -1, 0), (0, -1, 0), (0, -1, 0), (0, -1, 0), (0, -1, 0), (0, -1, 0), (0, -1, 0), (0, -1, 0), (0, -1, 0), (0, -1, 0), (0, -1, 0), (0, -1, 0), (0, -1, 0), (0, -1, 0), (0, -1, 0), (0, -1, 0), (0, -1, 0), (0.863808, -0.0715178, 0.49872), (0.49872, -0.0715178, 0.863808), (0.863808, -0.0715178, 0.49872), (0.49872, -0.0715178, 0.863808), (0.863808, -0.0715178, 0.49872), (0.49872, -0.0715178, 0.863808), (-3.58023e-13, -0.0715178, -0.997439), (0.49872, -0.0715178, -0.863808), (-3.58023e-13, -0.0715178, -0.997439), (0.49872, -0.0715178, -0.863808), (-3.58023e-13, -0.0715178, -0.997439), (0.49872, -0.0715178, -0.863808), (-0.863808, -0.0715178, 0.49872), (-0.49872, -0.0715178, 0.863808), (-0.49872, -0.0715178, 0.863808), (-0.49872, -0.0715178, 0.863808), (-0.863808, -0.0715178, 0.49872), (-0.863808, -0.0715178, 0.49872), (-0.863808, -0.0715178, -0.49872), (-0.49872, -0.0715178, -0.863808), (-0.863808, -0.0715178, -0.49872), (-0.49872, -0.0715178, -0.863808), (-0.863808, -0.0715178, -0.49872), (-0.49872, -0.0715178, -0.863808), (3.58023e-13, -0.0715178, 0.997439), (-0.49872, -0.0715178, 0.863808), (3.58023e-13, -0.0715178, 0.997439), (-0.49872, -0.0715178, 0.863808), (3.58023e-13, -0.0715178, 0.997439), (-0.49872, -0.0715178, 0.863808), (0.997439, -0.0715178, -3.58023e-13), (0.863808, -0.0715178, -0.49872), (0.997439, -0.0715178, -3.58023e-13), (0.863808, -0.0715178, -0.49872), (0.997439, -0.0715178, -3.58023e-13), (0.863808, -0.0715178, -0.49872), (0, 0, 1), (0, 0, 1), (0, 0, 1), (0, 0, 1), (0, 0, 1), (0, 0, 1), (0, -0.196116, 0.980581), (0, -0.196116, 0.980581), (0, -0.196116, 0.980581), (0, -0.196116, 0.980581), (0, -0.196116, 0.980581), (0, -0.196116, 0.980581), (0, 0.447214, -0.894427), (0, 0.209393, -0.977832), (0, 0.209393, -0.977832), (0, 0.209393, -0.977832), (0, 0.447214, -0.894427), (0, 0.447214, -0.894427), (0, -1, 0), (0, -1, 0), (0, -1, 0), (0, -1, 0), (0, -1, 0), (0, -1, 0), (0.99679, 0.0800632, 0), (0.980581, -0.196116, 0), (0.980581, -0.196116, 0), (0.980581, -0.196116, 0), (0.99679, 0.0800632, 0), (0.964749, 0.263172, 0), (-0.964749, 0.263172, 0), (-0.894427, 0.447214, 0), (-0.99679, 0.0800632, 0), (-0.894427, 0.447214, 0), (-0.964749, 0.263172, 0), (-0.894427, 0.447214, 0), (-0.894427, 0.447214, 0), (-0.964749, 0.263172, 0), (-0.894427, 0.447214, 0), (0, 0.209393, -0.977832), (0, 0, -1), (0, 0, -1), (0, 0, -1), (0, 0.209393, -0.977832), (0, 0.209393, -0.977832), (0.894427, 0.447214, 0), (0.964749, 0.263172, 0), (0.99679, 0.0800632, 0), (0.964749, 0.263172, 0), (0.894427, 0.447214, 0), (0.894427, 0.447214, 0), (0.964749, 0.263172, 0), (0.894427, 0.447214, 0), (0.894427, 0.447214, 0), (0, -1, 0), (0, -1, 0), (0, -1, 0), (0, -1, 0), (0, -1, 0), (0, -1, 0), (-0.980581, -0.196116, 0), (-0.964749, 0.263172, 0), (-0.99679, 0.0800632, 0), (-0.964749, 0.263172, 0), (-0.980581, -0.196116, 0), (-0.980581, -0.196116, 0), (0, 1, 0), (0, 1, 0), (0, 1, 0), (0, 1, 0), (0, 1, 0), (0, 1, 0), (1, 0, -3.58942e-13), (0.923879, 0, 0.382683), (0.923879, 0, 0.382683), (0.923879, 0, 0.382683), (1, 0, -3.58942e-13), (1, 0, -3.58942e-13), (-1, 0, 3.58942e-13), (-0.923879, 0, 0.382683), (-0.923879, 0, 0.382683), (-0.923879, 0, 0.382683), (-1, 0, 3.58942e-13), (-1, 0, 3.58942e-13), (0.382683, 0, 0.923879), (-0.382683, 0, 0.923879), (0.382683, 0, 0.923879), (-0.382683, 0, 0.923879), (0.382683, 0, 0.923879), (-0.382683, 0, 0.923879), (-0.382683, 0, 0.923879), (-0.923879, 0, 0.382683), (-0.382683, 0, 0.923879), (-0.923879, 0, 0.382683), (-0.382683, 0, 0.923879), (-0.923879, 0, 0.382683), (0.923879, 0, 0.382683), (0.382683, 0, 0.923879), (0.382683, 0, 0.923879), (0.382683, 0, 0.923879), (0.923879, 0, 0.382683), (0.923879, 0, 0.382683), (-0.499159, 0.0579882, -0.864568), (-0.864568, 0.0579882, -0.499159), (-0.499159, 0.0579882, -0.864568), (-0.864568, 0.0579882, -0.499159), (-0.499159, 0.0579882, -0.864568), (-0.864568, 0.0579882, -0.499159), (-3.54492e-13, -0.15697, -0.987603), (0.493802, -0.15697, -0.85529), (-3.54492e-13, -0.15697, -0.987603), (0.493802, -0.15697, -0.85529), (-3.54492e-13, -0.15697, -0.987603), (0.493802, -0.15697, -0.85529), (0.499159, 0.0579882, 0.864568), (0.864568, 0.0579882, 0.499159), (0.499159, 0.0579882, 0.864568), (0.864568, 0.0579882, 0.499159), (0.499159, 0.0579882, 0.864568), (0.864568, 0.0579882, 0.499159), (0.493802, -0.15697, -0.85529), (0.85529, -0.15697, -0.493802), (0.85529, -0.15697, -0.493802), (0.85529, -0.15697, -0.493802), (0.493802, -0.15697, -0.85529), (0.493802, -0.15697, -0.85529), (-0.987603, -0.15697, 3.54492e-13), (-0.85529, -0.15697, -0.493802), (-0.987603, -0.15697, 3.54492e-13), (-0.85529, -0.15697, -0.493802), (-0.987603, -0.15697, 3.54492e-13), (-0.85529, -0.15697, -0.493802), (-0.85529, -0.15697, -0.493802), (-0.493802, -0.15697, -0.85529), (-0.85529, -0.15697, -0.493802), (-0.493802, -0.15697, -0.85529), (-0.85529, -0.15697, -0.493802), (-0.493802, -0.15697, -0.85529), (3.54492e-13, -0.15697, 0.987603), (-0.493802, -0.15697, 0.85529), (3.54492e-13, -0.15697, 0.987603), (-0.493802, -0.15697, 0.85529), (3.54492e-13, -0.15697, 0.987603), (-0.493802, -0.15697, 0.85529), (-0.493802, -0.15697, -0.85529), (-3.54492e-13, -0.15697, -0.987603), (-0.493802, -0.15697, -0.85529), (-3.54492e-13, -0.15697, -0.987603), (-0.493802, -0.15697, -0.85529), (-3.54492e-13, -0.15697, -0.987603), (0.499159, 0.0579882, -0.864568), (-3.58338e-13, 0.0579882, -0.998317), (0.499159, 0.0579882, -0.864568), (-3.58338e-13, 0.0579882, -0.998317), (0.499159, 0.0579882, -0.864568), (-3.58338e-13, 0.0579882, -0.998317), (0.85529, -0.15697, 0.493802), (0.987603, -0.15697, -3.54492e-13), (0.85529, -0.15697, 0.493802), (0.987603, -0.15697, -3.54492e-13), (0.85529, -0.15697, 0.493802), (0.987603, -0.15697, -3.54492e-13), (-0.998317, 0.0579882, 3.58338e-13), (-0.864568, 0.0579882, -0.499159), (-0.864568, 0.0579882, -0.499159), (-0.864568, 0.0579882, -0.499159), (-0.998317, 0.0579882, 3.58338e-13), (-0.998317, 0.0579882, 3.58338e-13), (0.864568, 0.0579882, -0.499159), (0.998317, 0.0579882, -3.58338e-13), (0.864568, 0.0579882, -0.499159), (0.998317, 0.0579882, -3.58338e-13), (0.864568, 0.0579882, -0.499159), (0.998317, 0.0579882, -3.58338e-13), (-3.58338e-13, 0.0579882, -0.998317), (-0.499159, 0.0579882, -0.864568), (-3.58338e-13, 0.0579882, -0.998317), (-0.499159, 0.0579882, -0.864568), (-3.58338e-13, 0.0579882, -0.998317), (-0.499159, 0.0579882, -0.864568), (3.58338e-13, 0.0579882, 0.998317), (0.499159, 0.0579882, 0.864568), (3.58338e-13, 0.0579882, 0.998317), (0.499159, 0.0579882, 0.864568), (3.58338e-13, 0.0579882, 0.998317), (0.499159, 0.0579882, 0.864568), (0.864568, 0.0579882, 0.499159), (0.998317, 0.0579882, -3.58338e-13), (0.998317, 0.0579882, -3.58338e-13), (0.998317, 0.0579882, -3.58338e-13), (0.864568, 0.0579882, 0.499159), (0.864568, 0.0579882, 0.499159), (-0.864568, 0.0579882, 0.499159), (-0.998317, 0.0579882, 3.58338e-13), (-0.998317, 0.0579882, 3.58338e-13), (-0.998317, 0.0579882, 3.58338e-13), (-0.864568, 0.0579882, 0.499159), (-0.864568, 0.0579882, 0.499159), (0.499159, 0.0579882, -0.864568), (0.864568, 0.0579882, -0.499159), (0.499159, 0.0579882, -0.864568), (0.864568, 0.0579882, -0.499159), (0.499159, 0.0579882, -0.864568), (0.864568, 0.0579882, -0.499159), (-0.864568, 0.0579882, 0.499159), (-0.499159, 0.0579882, 0.864568), (-0.864568, 0.0579882, 0.499159), (-0.499159, 0.0579882, 0.864568), (-0.864568, 0.0579882, 0.499159), (-0.499159, 0.0579882, 0.864568), (0, 1, 0), (0, 1, 0), (0, 1, 0), (0, 1, 0), (0, 1, 0), (0, 1, 0), (0, 1, 0), (0, 1, 0), (0, 1, 0), (0, 1, 0), (0, 1, 0), (0, 1, 0), (0, 1, 0), (0, 1, 0), (0, 1, 0), (0, 1, 0), (0, 1, 0), (0, 1, 0), (0, 1, 0), (0, 1, 0), (0, 1, 0), (0, 1, 0), (0, 1, 0), (0, 1, 0), (0, 1, 0), (0, 1, 0), (0, 1, 0), (0, 1, 0), (0, 1, 0), (0, 1, 0), (-0.499159, 0.0579882, 0.864568), (3.58338e-13, 0.0579882, 0.998317), (-0.499159, 0.0579882, 0.864568), (3.58338e-13, 0.0579882, 0.998317), (-0.499159, 0.0579882, 0.864568), (3.58338e-13, 0.0579882, 0.998317), (0.493802, -0.15697, 0.85529), (3.54492e-13, -0.15697, 0.987603), (0.493802, -0.15697, 0.85529), (3.54492e-13, -0.15697, 0.987603), (0.493802, -0.15697, 0.85529), (3.54492e-13, -0.15697, 0.987603), (-0.85529, -0.15697, 0.493802), (-0.493802, -0.15697, 0.85529), (-0.493802, -0.15697, 0.85529), (-0.493802, -0.15697, 0.85529), (-0.85529, -0.15697, 0.493802), (-0.85529, -0.15697, 0.493802), (-0.987603, -0.15697, 3.54492e-13), (-0.85529, -0.15697, 0.493802), (-0.85529, -0.15697, 0.493802), (-0.85529, -0.15697, 0.493802), (-0.987603, -0.15697, 3.54492e-13), (-0.987603, -0.15697, 3.54492e-13), (0.987603, -0.15697, -3.54492e-13), (0.85529, -0.15697, -0.493802), (0.987603, -0.15697, -3.54492e-13), (0.85529, -0.15697, -0.493802), (0.987603, -0.15697, -3.54492e-13), (0.85529, -0.15697, -0.493802), (0.85529, -0.15697, 0.493802), (0.493802, -0.15697, 0.85529), (0.85529, -0.15697, 0.493802), (0.493802, -0.15697, 0.85529), (0.85529, -0.15697, 0.493802), (0.493802, -0.15697, 0.85529), (-0.499159, 0.0579882, -0.864568), (-0.864568, 0.0579882, -0.499159), (-0.499159, 0.0579882, -0.864568), (-0.864568, 0.0579882, -0.499159), (-0.499159, 0.0579882, -0.864568), (-0.864568, 0.0579882, -0.499159), (-3.54492e-13, -0.15697, -0.987603), (0.493802, -0.15697, -0.85529), (-3.54492e-13, -0.15697, -0.987603), (0.493802, -0.15697, -0.85529), (-3.54492e-13, -0.15697, -0.987603), (0.493802, -0.15697, -0.85529), (0.499159, 0.0579882, 0.864568), (0.864568, 0.0579882, 0.499159), (0.499159, 0.0579882, 0.864568), (0.864568, 0.0579882, 0.499159), (0.499159, 0.0579882, 0.864568), (0.864568, 0.0579882, 0.499159), (0.493802, -0.15697, -0.85529), (0.85529, -0.15697, -0.493802), (0.85529, -0.15697, -0.493802), (0.85529, -0.15697, -0.493802), (0.493802, -0.15697, -0.85529), (0.493802, -0.15697, -0.85529), (-0.987603, -0.15697, 3.54492e-13), (-0.85529, -0.15697, -0.493802), (-0.987603, -0.15697, 3.54492e-13), (-0.85529, -0.15697, -0.493802), (-0.987603, -0.15697, 3.54492e-13), (-0.85529, -0.15697, -0.493802), (-0.85529, -0.15697, -0.493802), (-0.493802, -0.15697, -0.85529), (-0.85529, -0.15697, -0.493802), (-0.493802, -0.15697, -0.85529), (-0.85529, -0.15697, -0.493802), (-0.493802, -0.15697, -0.85529), (3.54492e-13, -0.15697, 0.987603), (-0.493802, -0.15697, 0.85529), (3.54492e-13, -0.15697, 0.987603), (-0.493802, -0.15697, 0.85529), (3.54492e-13, -0.15697, 0.987603), (-0.493802, -0.15697, 0.85529), (-0.493802, -0.15697, -0.85529), (-3.54492e-13, -0.15697, -0.987603), (-0.493802, -0.15697, -0.85529), (-3.54492e-13, -0.15697, -0.987603), (-0.493802, -0.15697, -0.85529), (-3.54492e-13, -0.15697, -0.987603), (0.499159, 0.0579882, -0.864568), (-3.58338e-13, 0.0579882, -0.998317), (0.499159, 0.0579882, -0.864568), (-3.58338e-13, 0.0579882, -0.998317), (0.499159, 0.0579882, -0.864568), (-3.58338e-13, 0.0579882, -0.998317), (0.85529, -0.15697, 0.493802), (0.987603, -0.15697, -3.54492e-13), (0.85529, -0.15697, 0.493802), (0.987603, -0.15697, -3.54492e-13), (0.85529, -0.15697, 0.493802), (0.987603, -0.15697, -3.54492e-13), (-0.998317, 0.0579882, 3.58338e-13), (-0.864568, 0.0579882, -0.499159), (-0.864568, 0.0579882, -0.499159), (-0.864568, 0.0579882, -0.499159), (-0.998317, 0.0579882, 3.58338e-13), (-0.998317, 0.0579882, 3.58338e-13), (0.864568, 0.0579882, -0.499159), (0.998317, 0.0579882, -3.58338e-13), (0.864568, 0.0579882, -0.499159), (0.998317, 0.0579882, -3.58338e-13), (0.864568, 0.0579882, -0.499159), (0.998317, 0.0579882, -3.58338e-13), (-3.58338e-13, 0.0579882, -0.998317), (-0.499159, 0.0579882, -0.864568), (-3.58338e-13, 0.0579882, -0.998317), (-0.499159, 0.0579882, -0.864568), (-3.58338e-13, 0.0579882, -0.998317), (-0.499159, 0.0579882, -0.864568), (3.58338e-13, 0.0579882, 0.998317), (0.499159, 0.0579882, 0.864568), (3.58338e-13, 0.0579882, 0.998317), (0.499159, 0.0579882, 0.864568), (3.58338e-13, 0.0579882, 0.998317), (0.499159, 0.0579882, 0.864568), (0.864568, 0.0579882, 0.499159), (0.998317, 0.0579882, -3.58338e-13), (0.998317, 0.0579882, -3.58338e-13), (0.998317, 0.0579882, -3.58338e-13), (0.864568, 0.0579882, 0.499159), (0.864568, 0.0579882, 0.499159), (-0.864568, 0.0579882, 0.499159), (-0.998317, 0.0579882, 3.58338e-13), (-0.998317, 0.0579882, 3.58338e-13), (-0.998317, 0.0579882, 3.58338e-13), (-0.864568, 0.0579882, 0.499159), (-0.864568, 0.0579882, 0.499159), (0.499159, 0.0579882, -0.864568), (0.864568, 0.0579882, -0.499159), (0.499159, 0.0579882, -0.864568), (0.864568, 0.0579882, -0.499159), (0.499159, 0.0579882, -0.864568), (0.864568, 0.0579882, -0.499159), (-0.864568, 0.0579882, 0.499159), (-0.499159, 0.0579882, 0.864568), (-0.864568, 0.0579882, 0.499159), (-0.499159, 0.0579882, 0.864568), (-0.864568, 0.0579882, 0.499159), (-0.499159, 0.0579882, 0.864568), (0, 1, 0), (0, 1, 0), (0, 1, 0), (0, 1, 0), (0, 1, 0), (0, 1, 0), (0, 1, 0), (0, 1, 0), (0, 1, 0), (0, 1, 0), (0, 1, 0), (0, 1, 0), (0, 1, 0), (0, 1, 0), (0, 1, 0), (0, 1, 0), (0, 1, 0), (0, 1, 0), (0, 1, 0), (0, 1, 0), (0, 1, 0), (0, 1, 0), (0, 1, 0), (0, 1, 0), (0, 1, 0), (0, 1, 0), (0, 1, 0), (0, 1, 0), (0, 1, 0), (0, 1, 0), (-0.499159, 0.0579882, 0.864568), (3.58338e-13, 0.0579882, 0.998317), (-0.499159, 0.0579882, 0.864568), (3.58338e-13, 0.0579882, 0.998317), (-0.499159, 0.0579882, 0.864568), (3.58338e-13, 0.0579882, 0.998317), (0.493802, -0.15697, 0.85529), (3.54492e-13, -0.15697, 0.987603), (0.493802, -0.15697, 0.85529), (3.54492e-13, -0.15697, 0.987603), (0.493802, -0.15697, 0.85529), (3.54492e-13, -0.15697, 0.987603), (-0.85529, -0.15697, 0.493802), (-0.493802, -0.15697, 0.85529), (-0.493802, -0.15697, 0.85529), (-0.493802, -0.15697, 0.85529), (-0.85529, -0.15697, 0.493802), (-0.85529, -0.15697, 0.493802), (-0.987603, -0.15697, 3.54492e-13), (-0.85529, -0.15697, 0.493802), (-0.85529, -0.15697, 0.493802), (-0.85529, -0.15697, 0.493802), (-0.987603, -0.15697, 3.54492e-13), (-0.987603, -0.15697, 3.54492e-13), (0.987603, -0.15697, -3.54492e-13), (0.85529, -0.15697, -0.493802), (0.987603, -0.15697, -3.54492e-13), (0.85529, -0.15697, -0.493802), (0.987603, -0.15697, -3.54492e-13), (0.85529, -0.15697, -0.493802), (0.85529, -0.15697, 0.493802), (0.493802, -0.15697, 0.85529), (0.85529, -0.15697, 0.493802), (0.493802, -0.15697, 0.85529), (0.85529, -0.15697, 0.493802), (0.493802, -0.15697, 0.85529), (-0.769315, -0.574561, 0.279347), (-0.347397, -0.644064, 0.68154), (-0.706938, -0.598928, 0.376197), (-0.347397, -0.644064, 0.68154), (-0.769315, -0.574561, 0.279347), (-0.364175, -0.642844, 0.67389), (2.70131e-13, -0.658505, 0.752577), (-0.364175, -0.642844, 0.67389), (2.70131e-13, -0.658505, 0.752577), (-0.364175, -0.642844, 0.67389), (2.70131e-13, -0.658505, 0.752577), (-0.347397, -0.644064, 0.68154), (0.347397, -0.644064, 0.68154), (2.70131e-13, -0.658505, 0.752577), (0.364175, -0.642844, 0.67389), (2.70131e-13, -0.658505, 0.752577), (0.347397, -0.644064, 0.68154), (2.70131e-13, -0.658505, 0.752577), (0.769315, -0.574561, 0.279347), (0.347397, -0.644064, 0.68154), (0.364175, -0.642844, 0.67389), (0.347397, -0.644064, 0.68154), (0.769315, -0.574561, 0.279347), (0.706938, -0.598928, 0.376197), (1.83593e-13, -0.859293, 0.511484), (0.236947, -0.848734, 0.472764), (1.83593e-13, -0.859293, 0.511484), (0.236947, -0.848734, 0.472764), (1.83593e-13, -0.859293, 0.511484), (0.257795, -0.846977, 0.464942), (-0.257795, -0.846977, 0.464942), (1.83593e-13, -0.859293, 0.511484), (-0.236947, -0.848734, 0.472764), (1.83593e-13, -0.859293, 0.511484), (-0.257795, -0.846977, 0.464942), (1.83593e-13, -0.859293, 0.511484), (-0.614369, -0.768993, 0.176638), (-0.236947, -0.848734, 0.472764), (-0.509689, -0.810035, 0.289931), (-0.236947, -0.848734, 0.472764), (-0.614369, -0.768993, 0.176638), (-0.257795, -0.846977, 0.464942), (0.614369, -0.768993, 0.176638), (0.236947, -0.848734, 0.472764), (0.257795, -0.846977, 0.464942), (0.236947, -0.848734, 0.472764), (0.614369, -0.768993, 0.176638), (0.509689, -0.810035, 0.289931), (-0.883116, -0.469155, 3.16987e-13), (-0.769315, -0.574561, 0.279347), (-0.706938, -0.598928, 0.376197), (-0.769315, -0.574561, 0.279347), (-0.883116, -0.469155, 3.16987e-13), (-0.883116, -0.469155, 3.16987e-13), (0.769315, -0.574561, 0.279347), (0.883116, -0.469155, -3.16987e-13), (0.706938, -0.598928, 0.376197), (0.883116, -0.469155, -3.16987e-13), (0.769315, -0.574561, 0.279347), (0.883116, -0.469155, -3.16987e-13), (-2.64284e-13, -0.676671, -0.736286), (-2.64284e-13, -0.676671, -0.736286), (-2.64284e-13, -0.676671, -0.736286), (-2.64284e-13, -0.676671, -0.736286), (-2.64284e-13, -0.676671, -0.736286), (-2.64284e-13, -0.676671, -0.736286), (-3.53729e-13, -0.169816, -0.985476), (-3.53729e-13, -0.169816, -0.985476), (-3.53729e-13, -0.169816, -0.985476), (-3.53729e-13, -0.169816, -0.985476), (-3.53729e-13, -0.169816, -0.985476), (-3.53729e-13, -0.169816, -0.985476), (0, -1, 0), (0, -1, 0), (0, -1, 0), (0, -1, 0), (0, -1, 0), (0, -1, 0), (0, -1, 0), (0, -1, 0), (0, -1, 0), (0, -1, 0), (0, -1, 0), (0, -1, 0), (0, -1, 0), (0, -1, 0), (0, -1, 0), (0.614369, -0.768993, 0.176638), (0.740833, -0.671689, -2.65916e-13), (0.509689, -0.810035, 0.289931), (0.740833, -0.671689, -2.65916e-13), (0.614369, -0.768993, 0.176638), (0.740833, -0.671689, -2.65916e-13), (-0.740833, -0.671689, 2.65916e-13), (-0.614369, -0.768993, 0.176638), (-0.509689, -0.810035, 0.289931), (-0.614369, -0.768993, 0.176638), (-0.740833, -0.671689, 2.65916e-13), (-0.740833, -0.671689, 2.65916e-13), (0, -1, 0), (0, -1, 0), (0, -1, 0), (0, -1, 0), (0, -1, 0), (0, -1, 0), (-0.970143, -0.242536, 0), (-0.970143, -0.242536, 0), (-0.970143, -0.242536, 0), (-0.970143, -0.242536, 0), (-0.970143, -0.242536, 0), (-0.970143, -0.242536, 0), (-0.707107, 0.707107, 0), (-0.382683, 0.923879, 0), (-0.707107, 0.707107, 0), (-0.382683, 0.923879, 0), (-0.707107, 0.707107, 0), (-0.382683, 0.923879, 0), (1, 0, 0), (1, 0, 0), (1, 0, 0), (1, 0, 0), (1, 0, 0), (1, 0, 0), (0, 0, 1), (0, 0, 1), (0, 0, 1), (0, 0, 1), (0, 0, 1), (0, 0, 1), (0, 0, 1), (0, 0, 1), (0, 0, 1), (0, 0, 1), (0, 0, 1), (0, 0, 1), (0, 0, 1), (0, 0, 1), (0, 0, 1), (0, 0, 1), (0, 0, 1), (0, 0, 1), (-0.382683, 0.923879, 0), (0.382683, 0.923879, 0), (0.382683, 0.923879, 0), (0.382683, 0.923879, 0), (-0.382683, 0.923879, 0), (-0.382683, 0.923879, 0), (0.382683, 0.923879, 0), (0.707107, 0.707107, 0), (0.382683, 0.923879, 0), (0.707107, 0.707107, 0), (0.382683, 0.923879, 0), (0.707107, 0.707107, 0), (0, 0, -1), (0, 0, -1), (0, 0, -1), (0, 0, -1), (0, 0, -1), (0, 0, -1), (0, 0, -1), (0, 0, -1), (0, 0, -1), (0, 0, -1), (0, 0, -1), (0, 0, -1), (0, 0, -1), (0, 0, -1), (0, 0, -1), (0, 0, -1), (0, 0, -1), (0, 0, -1), (0, -1, 0), (0, -1, 0), (0, -1, 0), (0, -1, 0), (0, -1, 0), (0, -1, 0), (0.970143, -0.242536, -3.48225e-13), (0.970143, -0.242536, -3.48225e-13), (0.970143, -0.242536, -3.48225e-13), (0.970143, -0.242536, -3.48225e-13), (0.970143, -0.242536, -3.48225e-13), (0.970143, -0.242536, -3.48225e-13), (0.707107, 0.707107, -2.5381e-13), (0.382683, 0.923879, -1.37361e-13), (0.707107, 0.707107, -2.5381e-13), (0.382683, 0.923879, -1.37361e-13), (0.707107, 0.707107, -2.5381e-13), (0.382683, 0.923879, -1.37361e-13), (-1, 0, 3.58942e-13), (-1, 0, 3.58942e-13), (-1, 0, 3.58942e-13), (-1, 0, 3.58942e-13), (-1, 0, 3.58942e-13), (-1, 0, 3.58942e-13), (-3.58942e-13, 0, -1), (-3.58942e-13, 0, -1), (-3.58942e-13, 0, -1), (-3.58942e-13, 0, -1), (-3.58942e-13, 0, -1), (-3.58942e-13, 0, -1), (-3.58942e-13, 0, -1), (-3.58942e-13, 0, -1), (-3.58942e-13, 0, -1), (-3.58942e-13, 0, -1), (-3.58942e-13, 0, -1), (-3.58942e-13, 0, -1), (-3.58942e-13, 0, -1), (-3.58942e-13, 0, -1), (-3.58942e-13, 0, -1), (-3.58942e-13, 0, -1), (-3.58942e-13, 0, -1), (-3.58942e-13, 0, -1), (0.382683, 0.923879, -1.37361e-13), (-0.382683, 0.923879, 1.37361e-13), (-0.382683, 0.923879, 1.37361e-13), (-0.382683, 0.923879, 1.37361e-13), (0.382683, 0.923879, -1.37361e-13), (0.382683, 0.923879, -1.37361e-13), (-0.382683, 0.923879, 1.37361e-13), (-0.707107, 0.707107, 2.5381e-13), (-0.382683, 0.923879, 1.37361e-13), (-0.707107, 0.707107, 2.5381e-13), (-0.382683, 0.923879, 1.37361e-13), (-0.707107, 0.707107, 2.5381e-13), (3.58942e-13, 0, 1), (3.58942e-13, 0, 1), (3.58942e-13, 0, 1), (3.58942e-13, 0, 1), (3.58942e-13, 0, 1), (3.58942e-13, 0, 1), (3.58942e-13, 0, 1), (3.58942e-13, 0, 1), (3.58942e-13, 0, 1), (3.58942e-13, 0, 1), (3.58942e-13, 0, 1), (3.58942e-13, 0, 1), (3.58942e-13, 0, 1), (3.58942e-13, 0, 1), (3.58942e-13, 0, 1), (3.58942e-13, 0, 1), (3.58942e-13, 0, 1), (3.58942e-13, 0, 1), (2.5381e-13, 0.707107, 0.707107), (0, 1, 0), (2.5381e-13, 0.707107, 0.707107), (0, 1, 0), (2.5381e-13, 0.707107, 0.707107), (0, 1, 0), (1, 0, -3.58942e-13), (1, 0, -3.58942e-13), (1, 0, -3.58942e-13), (1, 0, -3.58942e-13), (1, 0, -3.58942e-13), (1, 0, -3.58942e-13), (2.5381e-13, 0.707107, 0.707107), (3.58942e-13, 0, 1), (3.58942e-13, 0, 1), (3.58942e-13, 0, 1), (2.5381e-13, 0.707107, 0.707107), (2.5381e-13, 0.707107, 0.707107), (-1, 0, 3.58942e-13), (-1, 0, 3.58942e-13), (-1, 0, 3.58942e-13), (-1, 0, 3.58942e-13), (-1, 0, 3.58942e-13), (-1, 0, 3.58942e-13), (-0.455843, 0.218669, 0.862781), (-0.881196, 0.193156, 0.431491), (-0.448846, 0.218892, 0.866386), (-0.881196, 0.193156, 0.431491), (-0.455843, 0.218669, 0.862781), (-0.900081, 0.189625, 0.392297), (-3.58942e-13, 0, -1), (-3.58942e-13, 0, -1), (-3.58942e-13, 0, -1), (-3.58942e-13, 0, -1), (-3.58942e-13, 0, -1), (-3.58942e-13, 0, -1), (-3.58942e-13, 0, -1), (-3.58942e-13, 0, -1), (-3.58942e-13, 0, -1), (-3.58942e-13, 0, -1), (-3.58942e-13, 0, -1), (-3.58942e-13, 0, -1), (-3.58942e-13, 0, -1), (-3.58942e-13, 0, -1), (-3.58942e-13, 0, -1), (-3.58942e-13, 0, -1), (-3.58942e-13, 0, -1), (-3.58942e-13, 0, -1), (3.49553e-13, 0.22723, 0.973841), (-0.448846, 0.218892, 0.866386), (3.49553e-13, 0.22723, 0.973841), (-0.448846, 0.218892, 0.866386), (3.49553e-13, 0.22723, 0.973841), (-0.455843, 0.218669, 0.862781), (0.455843, 0.218669, 0.862781), (3.49553e-13, 0.22723, 0.973841), (0.448846, 0.218892, 0.866386), (3.49553e-13, 0.22723, 0.973841), (0.455843, 0.218669, 0.862781), (3.49553e-13, 0.22723, 0.973841), (0.900081, 0.189625, 0.392297), (0.448846, 0.218892, 0.866386), (0.881196, 0.193156, 0.431491), (0.448846, 0.218892, 0.866386), (0.900081, 0.189625, 0.392297), (0.455843, 0.218669, 0.862781), (-0.900081, 0.189625, 0.392297), (-0.990114, 0.140266, 3.55394e-13), (-0.881196, 0.193156, 0.431491), (-0.990114, 0.140266, 3.55394e-13), (-0.900081, 0.189625, 0.392297), (-0.990114, 0.140266, 3.55394e-13), (0.823359, 0.567521, -2.95538e-13), (0.465016, 0.885302, -1.66914e-13), (0.823359, 0.567521, -2.95538e-13), (0.465016, 0.885302, -1.66914e-13), (0.823359, 0.567521, -2.95538e-13), (0.465016, 0.885302, -1.66914e-13), (0, 1, 0), (-0.465016, 0.885302, 1.66914e-13), (-0.465016, 0.885302, 1.66914e-13), (-0.465016, 0.885302, 1.66914e-13), (0, 1, 0), (0, 1, 0), (0, 1, 0), (0, 1, 0), (0, 1, 0), (0, 1, 0), (0, 1, 0), (0, 1, 0), (0, 1, 0), (0, 1, 0), (0, 1, 0), (0, 1, 0), (0, 1, 0), (0, 1, 0), (0, 1, 0), (0, 1, 0), (0, 1, 0), (0, 1, 0), (0, 1, 0), (0, 1, 0), (0, 1, 0), (0, 1, 0), (0, 1, 0), (0, 1, 0), (0, 1, 0), (0, 1, 0), (0, 1, 0), (0, 1, 0), (0, 1, 0), (0, 1, 0), (0, 1, 0), (0, 1, 0), (0, 1, 0), (0, 1, 0), (0, 1, 0), (0, 1, 0), (0, 1, 0), (0, 1, 0), (0, 1, 0), (0.465016, 0.885302, -1.66914e-13), (0, 1, 0), (0.465016, 0.885302, -1.66914e-13), (0, 1, 0), (0.465016, 0.885302, -1.66914e-13), (0.990114, 0.140266, -3.55394e-13), (0.900081, 0.189625, 0.392297), (0.881196, 0.193156, 0.431491), (0.900081, 0.189625, 0.392297), (0.990114, 0.140266, -3.55394e-13), (0.990114, 0.140266, -3.55394e-13), (-0.465016, 0.885302, 1.66914e-13), (-0.823359, 0.567521, 2.95538e-13), (-0.465016, 0.885302, 1.66914e-13), (-0.823359, 0.567521, 2.95538e-13), (-0.465016, 0.885302, 1.66914e-13), (-0.823359, 0.567521, 2.95538e-13), (0, 0.901303, 0.433189), (0, 0.624695, 0.780869), (0, 0.624695, 0.780869), (0, 0.624695, 0.780869), (0, 0.901303, 0.433189), (0, 0.901303, 0.433189), (0, 0.901303, -0.433189), (0, 0.901303, 0.433189), (0, 0.901303, -0.433189), (0, 0.901303, 0.433189), (0, 0.901303, -0.433189), (0, 0.901303, 0.433189), (1, 0, 0), (1, 0, 0), (1, 0, 0), (1, 0, 0), (1, 0, 0), (1, 0, 0), (0, 0.901303, -0.433189), (0, 0.624695, -0.780869), (0, 0.624695, -0.780869), (0, 0.624695, -0.780869), (0, 0.901303, -0.433189), (0, 0.901303, -0.433189), (-1, 0, 0), (-1, 0, 0), (-1, 0, 0), (-1, 0, 0), (-1, 0, 0), (-1, 0, 0), (0, 0.901303, 0.433189), (0, 0.624695, 0.780869), (0, 0.624695, 0.780869), (0, 0.624695, 0.780869), (0, 0.901303, 0.433189), (0, 0.901303, 0.433189), (0, 0.901303, -0.433189), (0, 0.901303, 0.433189), (0, 0.901303, -0.433189), (0, 0.901303, 0.433189), (0, 0.901303, -0.433189), (0, 0.901303, 0.433189), (1, 0, 0), (1, 0, 0), (1, 0, 0), (1, 0, 0), (1, 0, 0), (1, 0, 0), (0, 0.901303, -0.433189), (0, 0.624695, -0.780869), (0, 0.624695, -0.780869), (0, 0.624695, -0.780869), (0, 0.901303, -0.433189), (0, 0.901303, -0.433189), (-1, 0, 0), (-1, 0, 0), (-1, 0, 0), (-1, 0, 0), (-1, 0, 0), (-1, 0, 0), (-3.58942e-13, 0, -1), (-3.58942e-13, 0, -1), (-3.58942e-13, 0, -1), (-3.58942e-13, 0, -1), (-3.58942e-13, 0, -1), (-3.58942e-13, 0, -1), (1, 0, -3.58942e-13), (1, 0, -3.58942e-13), (1, 0, -3.58942e-13), (1, 0, -3.58942e-13), (1, 0, -3.58942e-13), (1, 0, -3.58942e-13), (1, 0, -3.58942e-13), (1, 0, -3.58942e-13), (1, 0, -3.58942e-13), (1, 0, -3.58942e-13), (1, 0, -3.58942e-13), (1, 0, -3.58942e-13), (-1, 0, 3.58942e-13), (-1, 0, 3.58942e-13), (-1, 0, 3.58942e-13), (-1, 0, 3.58942e-13), (-1, 0, 3.58942e-13), (-1, 0, 3.58942e-13), (-1, 0, 3.58942e-13), (-1, 0, 3.58942e-13), (-1, 0, 3.58942e-13), (-1, 0, 3.58942e-13), (-1, 0, 3.58942e-13), (-1, 0, 3.58942e-13), (0.382683, 0, 0.923879), (-0.382683, 0, 0.923879), (0.382683, 0, 0.923879), (-0.382683, 0, 0.923879), (0.382683, 0, 0.923879), (-0.382683, 0, 0.923879), (3.58942e-13, 0, 1), (3.58942e-13, 0, 1), (3.58942e-13, 0, 1), (3.58942e-13, 0, 1), (3.58942e-13, 0, 1), (3.58942e-13, 0, 1), (3.58942e-13, 0, 1), (3.58942e-13, 0, 1), (3.58942e-13, 0, 1), (3.58942e-13, 0, 1), (3.58942e-13, 0, 1), (3.58942e-13, 0, 1), (0, 1, 0), (0, 1, 0), (0, 1, 0), (0, 1, 0), (0, 1, 0), (0, 1, 0), (0, 1, 0), (0, 1, 0), (0, 1, 0), (0, 1, 0), (0, 1, 0), (0, 1, 0), (0, 1, 0), (0, 1, 0), (0, 1, 0), (0, 1, 0), (0, 1, 0), (0, 1, 0), (0, 1, 0), (0, 1, 0), (0, 1, 0), (0, 1, 0), (0, 1, 0), (0, 1, 0), (0, 1, 0), (0, 1, 0), (0, 1, 0), (0, 1, 0), (0, 1, 0), (0, 1, 0), (0, 1, 0), (0, 1, 0), (0, 1, 0), (0, 1, 0), (0, 1, 0), (0, 1, 0), (0, 1, 0), (0, 1, 0), (0, 1, 0), (0, 1, 0), (0, 1, 0), (0, 1, 0), (-0.382683, 0, 0.923879), (-0.707107, 0, 0.707107), (-0.382683, 0, 0.923879), (-0.707107, 0, 0.707107), (-0.382683, 0, 0.923879), (-0.707107, 0, 0.707107), (0.707107, 0, 0.707107), (0.382683, 0, 0.923879), (0.382683, 0, 0.923879), (0.382683, 0, 0.923879), (0.707107, 0, 0.707107), (0.707107, 0, 0.707107), (0.923879, 0, 0.382683), (0.923879, 0, -0.382683), (0.923879, 0, -0.382683), (0.923879, 0, -0.382683), (0.923879, 0, 0.382683), (0.923879, 0, 0.382683), (0.707107, 0, -0.707107), (0.923879, 0, -0.382683), (0.707107, 0, -0.707107), (0.923879, 0, -0.382683), (0.707107, 0, -0.707107), (0.923879, 0, -0.382683), (0.707107, 0, 0.707107), (0.923879, 0, 0.382683), (0.923879, 0, 0.382683), (0.923879, 0, 0.382683), (0.707107, 0, 0.707107), (0.707107, 0, 0.707107), (-0.923879, 0, -0.382683), (-0.923879, 0, 0.382683), (-0.923879, 0, 0.382683), (-0.923879, 0, 0.382683), (-0.923879, 0, -0.382683), (-0.923879, 0, -0.382683), (-0.707107, 0, 0.707107), (-0.923879, 0, 0.382683), (-0.707107, 0, 0.707107), (-0.923879, 0, 0.382683), (-0.707107, 0, 0.707107), (-0.923879, 0, 0.382683), (-0.707107, 0, -0.707107), (-0.923879, 0, -0.382683), (-0.923879, 0, -0.382683), (-0.923879, 0, -0.382683), (-0.707107, 0, -0.707107), (-0.707107, 0, -0.707107), (-0.923879, 0, -0.382683), (-0.923879, 0, 0.382683), (-0.923879, 0, 0.382683), (-0.923879, 0, 0.382683), (-0.923879, 0, -0.382683), (-0.923879, 0, -0.382683), (-0.707107, 0, 0.707107), (-0.923879, 0, 0.382683), (-0.707107, 0, 0.707107), (-0.923879, 0, 0.382683), (-0.707107, 0, 0.707107), (-0.923879, 0, 0.382683), (-0.707107, 0, -0.707107), (-0.923879, 0, -0.382683), (-0.923879, 0, -0.382683), (-0.923879, 0, -0.382683), (-0.707107, 0, -0.707107), (-0.707107, 0, -0.707107), (0.923879, 0, 0.382683), (0.923879, 0, -0.382683), (0.923879, 0, -0.382683), (0.923879, 0, -0.382683), (0.923879, 0, 0.382683), (0.923879, 0, 0.382683), (0.707107, 0, -0.707107), (0.923879, 0, -0.382683), (0.707107, 0, -0.707107), (0.923879, 0, -0.382683), (0.707107, 0, -0.707107), (0.923879, 0, -0.382683), (0.707107, 0, 0.707107), (0.923879, 0, 0.382683), (0.923879, 0, 0.382683), (0.923879, 0, 0.382683), (0.707107, 0, 0.707107), (0.707107, 0, 0.707107), (0, -1, 0), (0, -1, 0), (0, -1, 0), (0, -1, 0), (0, -1, 0), (0, -1, 0), (0, -1, 0), (0, -1, 0), (0, -1, 0), (0, -1, 0), (0, -1, 0), (0, -1, 0), (0, -1, 0), (0, -1, 0), (0, -1, 0), (0, -1, 0), (0, -1, 0), (0, -1, 0), (0, -1, 0), (0, -1, 0), (0, -1, 0), (0, -1, 0), (0, -1, 0), (0, -1, 0), (0, -1, 0), (0, -1, 0), (0, -1, 0), (0, -1, 0), (0, -1, 0), (0, -1, 0), (0, -1, 0), (0, -1, 0), (0, -1, 0), (0, -1, 0), (0, -1, 0), (0, -1, 0), (0, -1, 0), (0, -1, 0), (0, -1, 0), (0, -1, 0), (0, -1, 0), (0, -1, 0), (0, -1, 0), (0, -1, 0), (0, -1, 0), (0, -1, 0), (0, -1, 0), (0, -1, 0), (0, -1, 0), (0, -1, 0), (0, -1, 0), (0, -1, 0), (0, -1, 0), (0, -1, 0), (0.645052, 0, -0.764139), (0.46342, 0, -0.886139), (0.645052, 0, -0.764139), (0.46342, 0, -0.886139), (0.645052, 0, -0.764139), (0.46342, 0, -0.886139), (0, 1, 0), (0, 1, 0), (0, 1, 0), (0, 1, 0), (0, 1, 0), (0, 1, 0), (0, 1, 0), (0, 1, 0), (0, 1, 0), (0, 1, 0), (0, 1, 0), (0, 1, 0), (0, 1, 0), (0, 1, 0), (0, 1, 0), (0, 1, 0), (0, 1, 0), (0, 1, 0), (0, 1, 0), (0, 1, 0), (0, 1, 0), (0, 1, 0), (0, 1, 0), (0, 1, 0), (0, 1, 0), (0, 1, 0), (0, 1, 0), (0, 1, 0), (0, 1, 0), (0, 1, 0), (0, 1, 0), (0, 1, 0), (0, 1, 0), (0, 1, 0), (0, 1, 0), (0, 1, 0), (0, 1, 0), (0, 1, 0), (0, 1, 0), (0, 1, 0), (0, 1, 0), (0, 1, 0), (0, 1, 0), (0, 1, 0), (0, 1, 0), (0, 1, 0), (0, 1, 0), (0, 1, 0), (0, 1, 0), (0, 1, 0), (0, 1, 0), (0, 1, 0), (0, 1, 0), (0, 1, 0), (0, 1, 0), (0, 1, 0), (0, 1, 0), (-3.58942e-13, 0, -1), (-3.58942e-13, 0, -1), (-3.58942e-13, 0, -1), (-3.58942e-13, 0, -1), (-3.58942e-13, 0, -1), (-3.58942e-13, 0, -1), (-3.58942e-13, 0, -1), (-3.58942e-13, 0, -1), (-3.58942e-13, 0, -1), (-3.58942e-13, 0, -1), (-3.58942e-13, 0, -1), (-3.58942e-13, 0, -1), (-0.46342, 0, -0.886139), (-0.645052, 0, -0.764139), (-0.645052, 0, -0.764139), (-0.645052, 0, -0.764139), (-0.46342, 0, -0.886139), (-0.46342, 0, -0.886139), (-3.58942e-13, 0, -1), (-0.46342, 0, -0.886139), (-3.58942e-13, 0, -1), (-0.46342, 0, -0.886139), (-3.58942e-13, 0, -1), (-0.46342, 0, -0.886139), (1, 0, -3.58942e-13), (0.897137, 0.441752, -3.2202e-13), (1, 0, -3.58942e-13), (0.897137, 0.441752, -3.2202e-13), (1, 0, -3.58942e-13), (0.897137, 0.441752, -3.2202e-13), (-0.897137, 0.441752, 3.2202e-13), (-1, 0, 3.58942e-13), (-0.897137, 0.441752, 3.2202e-13), (-1, 0, 3.58942e-13), (-0.897137, 0.441752, 3.2202e-13), (-1, 0, 3.58942e-13), (0.46342, 0, -0.886139), (-3.58942e-13, 0, -1), (0.46342, 0, -0.886139), (-3.58942e-13, 0, -1), (0.46342, 0, -0.886139), (-3.58942e-13, 0, -1), (-1, 0, 3.58942e-13), (-1, 0, 3.58942e-13), (-1, 0, 3.58942e-13), (-1, 0, 3.58942e-13), (-1, 0, 3.58942e-13), (-1, 0, 3.58942e-13), (3.58942e-13, 0, 1), (3.58942e-13, 0, 1), (3.58942e-13, 0, 1), (3.58942e-13, 0, 1), (3.58942e-13, 0, 1), (3.58942e-13, 0, 1), (3.58942e-13, 0, 1), (3.58942e-13, 0, 1), (3.58942e-13, 0, 1), (3.58942e-13, 0, 1), (3.58942e-13, 0, 1), (3.58942e-13, 0, 1), (3.58942e-13, 0, 1), (3.58942e-13, 0, 1), (3.58942e-13, 0, 1), (3.58942e-13, 0, 1), (3.58942e-13, 0, 1), (3.58942e-13, 0, 1), (3.58942e-13, 0, 1), (3.58942e-13, 0, 1), (3.58942e-13, 0, 1), (3.58942e-13, 0, 1), (3.58942e-13, 0, 1), (3.58942e-13, 0, 1), (1, 0, -3.58942e-13), (1, 0, -3.58942e-13), (1, 0, -3.58942e-13), (1, 0, -3.58942e-13), (1, 0, -3.58942e-13), (1, 0, -3.58942e-13), (0.897137, 0.441752, -3.2202e-13), (0.609711, 0.792624, -2.18851e-13), (0.609711, 0.792624, -2.18851e-13), (0.609711, 0.792624, -2.18851e-13), (0.897137, 0.441752, -3.2202e-13), (0.897137, 0.441752, -3.2202e-13), (-0.897137, 0.441752, 3.2202e-13), (-0.609711, 0.792624, 2.18851e-13), (-0.897137, 0.441752, 3.2202e-13), (-0.609711, 0.792624, 2.18851e-13), (-0.897137, 0.441752, 3.2202e-13), (-0.609711, 0.792624, 2.18851e-13), (0, 0.923879, 0.382683), (0, 0.382683, 0.923879), (0, 0.923879, 0.382683), (0, 0.382683, 0.923879), (0, 0.923879, 0.382683), (0, 0.382683, 0.923879), (0, 0.382683, 0.923879), (0, 0, 1), (0, 0, 1), (0, 0, 1), (0, 0.382683, 0.923879), (0, 0.382683, 0.923879), (0, 1, 0), (0, 1, 0), (0, 1, 0), (0, 1, 0), (0, 1, 0), (0, 1, 0), (-1, 0, 0), (-1, 0, 0), (-1, 0, 0), (-1, 0, 0), (-1, 0, 0), (-1, 0, 0), (-1, 0, 0), (-1, 0, 0), (-1, 0, 0), (-1, 0, 0), (-1, 0, 0), (-1, 0, 0), (0, 0.382683, -0.923879), (0, 0.923879, -0.382683), (0, 0.382683, -0.923879), (0, 0.923879, -0.382683), (0, 0.382683, -0.923879), (0, 0.923879, -0.382683), (0, 0.923879, -0.382683), (0, 0.923879, 0.382683), (0, 0.923879, -0.382683), (0, 0.923879, 0.382683), (0, 0.923879, -0.382683), (0, 0.923879, 0.382683), (0, 0.382683, -0.923879), (0, 0, -1), (0, 0, -1), (0, 0, -1), (0, 0.382683, -0.923879), (0, 0.382683, -0.923879), (1, 0, 0), (1, 0, 0), (1, 0, 0), (1, 0, 0), (1, 0, 0), (1, 0, 0), (1, 0, 0), (1, 0, 0), (1, 0, 0), (1, 0, 0), (1, 0, 0), (1, 0, 0), (0.863808, -0.0715178, 0.49872), (0.997439, -0.0715178, -3.58023e-13), (0.863808, -0.0715178, 0.49872), (0.997439, -0.0715178, -3.58023e-13), (0.863808, -0.0715178, 0.49872), (0.997439, -0.0715178, -3.58023e-13), (-0.49872, -0.0715178, -0.863808), (-3.58023e-13, -0.0715178, -0.997439), (-0.49872, -0.0715178, -0.863808), (-3.58023e-13, -0.0715178, -0.997439), (-0.49872, -0.0715178, -0.863808), (-3.58023e-13, -0.0715178, -0.997439), (0, 1, 0), (0, 1, 0), (0, 1, 0), (0, 1, 0), (0, 1, 0), (0, 1, 0), (0, 1, 0), (0, 1, 0), (0, 1, 0), (0, 1, 0), (0, 1, 0), (0, 1, 0), (0, 1, 0), (0, 1, 0), (0, 1, 0), (0, 1, 0), (0, 1, 0), (0, 1, 0), (0, 1, 0), (0, 1, 0), (0, 1, 0), (0, 1, 0), (0, 1, 0), (0, 1, 0), (0, 1, 0), (0, 1, 0), (0, 1, 0), (0, 1, 0), (0, 1, 0), (0, 1, 0), (0, 1, 0), (0, 1, 0), (0, 1, 0), (0, 1, 0), (0, 1, 0), (0, 1, 0), (0, 1, 0), (0, 1, 0), (0, 1, 0), (0, 1, 0), (0, 1, 0), (0, 1, 0), (0, 1, 0), (0, 1, 0), (0, 1, 0), (0, 1, 0), (0, 1, 0), (0, 1, 0), (0, 1, 0), (0, 1, 0), (0, 1, 0), (0, 1, 0), (0, 1, 0), (0, 1, 0), (0, 1, 0), (0, 1, 0), (0, 1, 0), (0, 1, 0), (0, 1, 0), (0, 1, 0), (0, 1, 0), (0, 1, 0), (0, 1, 0), (0, 1, 0), (0, 1, 0), (0, 1, 0), (0, 1, 0), (0, 1, 0), (0, 1, 0), (0, 1, 0), (0, 1, 0), (0, 1, 0), (-0.997439, -0.0715178, 3.58023e-13), (-0.863808, -0.0715178, 0.49872), (-0.863808, -0.0715178, 0.49872), (-0.863808, -0.0715178, 0.49872), (-0.997439, -0.0715178, 3.58023e-13), (-0.997439, -0.0715178, 3.58023e-13), (0.49872, -0.0715178, -0.863808), (0.863808, -0.0715178, -0.49872), (0.863808, -0.0715178, -0.49872), (0.863808, -0.0715178, -0.49872), (0.49872, -0.0715178, -0.863808), (0.49872, -0.0715178, -0.863808), (0.49872, -0.0715178, 0.863808), (3.58023e-13, -0.0715178, 0.997439), (0.49872, -0.0715178, 0.863808), (3.58023e-13, -0.0715178, 0.997439), (0.49872, -0.0715178, 0.863808), (3.58023e-13, -0.0715178, 0.997439), (-0.997439, -0.0715178, 3.58023e-13), (-0.863808, -0.0715178, -0.49872), (-0.997439, -0.0715178, 3.58023e-13), (-0.863808, -0.0715178, -0.49872), (-0.997439, -0.0715178, 3.58023e-13), (-0.863808, -0.0715178, -0.49872), (0, -1, 0), (0, -1, 0), (0, -1, 0), (0, -1, 0), (0, -1, 0), (0, -1, 0), (0, -1, 0), (0, -1, 0), (0, -1, 0), (0, -1, 0), (0, -1, 0), (0, -1, 0), (0, -1, 0), (0, -1, 0), (0, -1, 0), (0, -1, 0), (0, -1, 0), (0, -1, 0), (0, -1, 0), (0, -1, 0), (0, -1, 0), (0, -1, 0), (0, -1, 0), (0, -1, 0), (0, -1, 0), (0, -1, 0), (0, -1, 0), (0, -1, 0), (0, -1, 0), (0, -1, 0), (0, -1, 0), (0, -1, 0), (0, -1, 0), (0, -1, 0), (0, -1, 0), (0, -1, 0), (0, -1, 0), (0, -1, 0), (0, -1, 0), (0, -1, 0), (0, -1, 0), (0, -1, 0), (0, -1, 0), (0, -1, 0), (0, -1, 0), (0, -1, 0), (0, -1, 0), (0, -1, 0), (0, -1, 0), (0, -1, 0), (0, -1, 0), (0, -1, 0), (0, -1, 0), (0, -1, 0), (0, -1, 0), (0, -1, 0), (0, -1, 0), (0, -1, 0), (0, -1, 0), (0, -1, 0), (0, -1, 0), (0, -1, 0), (0, -1, 0), (0, -1, 0), (0, -1, 0), (0, -1, 0), (0, -1, 0), (0, -1, 0), (0, -1, 0), (0, -1, 0), (0, -1, 0), (0, -1, 0), (0.863808, -0.0715178, 0.49872), (0.49872, -0.0715178, 0.863808), (0.863808, -0.0715178, 0.49872), (0.49872, -0.0715178, 0.863808), (0.863808, -0.0715178, 0.49872), (0.49872, -0.0715178, 0.863808), (-3.58023e-13, -0.0715178, -0.997439), (0.49872, -0.0715178, -0.863808), (-3.58023e-13, -0.0715178, -0.997439), (0.49872, -0.0715178, -0.863808), (-3.58023e-13, -0.0715178, -0.997439), (0.49872, -0.0715178, -0.863808), (-0.863808, -0.0715178, 0.49872), (-0.49872, -0.0715178, 0.863808), (-0.49872, -0.0715178, 0.863808), (-0.49872, -0.0715178, 0.863808), (-0.863808, -0.0715178, 0.49872), (-0.863808, -0.0715178, 0.49872), (-0.863808, -0.0715178, -0.49872), (-0.49872, -0.0715178, -0.863808), (-0.863808, -0.0715178, -0.49872), (-0.49872, -0.0715178, -0.863808), (-0.863808, -0.0715178, -0.49872), (-0.49872, -0.0715178, -0.863808), (3.58023e-13, -0.0715178, 0.997439), (-0.49872, -0.0715178, 0.863808), (3.58023e-13, -0.0715178, 0.997439), (-0.49872, -0.0715178, 0.863808), (3.58023e-13, -0.0715178, 0.997439), (-0.49872, -0.0715178, 0.863808), (0.997439, -0.0715178, -3.58023e-13), (0.863808, -0.0715178, -0.49872), (0.997439, -0.0715178, -3.58023e-13), (0.863808, -0.0715178, -0.49872), (0.997439, -0.0715178, -3.58023e-13), (0.863808, -0.0715178, -0.49872), (0.863808, -0.0715178, 0.49872), (0.997439, -0.0715178, -3.58023e-13), (0.863808, -0.0715178, 0.49872), (0.997439, -0.0715178, -3.58023e-13), (0.863808, -0.0715178, 0.49872), (0.997439, -0.0715178, -3.58023e-13), (-0.49872, -0.0715178, -0.863808), (-3.58023e-13, -0.0715178, -0.997439), (-0.49872, -0.0715178, -0.863808), (-3.58023e-13, -0.0715178, -0.997439), (-0.49872, -0.0715178, -0.863808), (-3.58023e-13, -0.0715178, -0.997439), (0, 1, 0), (0, 1, 0), (0, 1, 0), (0, 1, 0), (0, 1, 0), (0, 1, 0), (0, 1, 0), (0, 1, 0), (0, 1, 0), (0, 1, 0), (0, 1, 0), (0, 1, 0), (0, 1, 0), (0, 1, 0), (0, 1, 0), (0, 1, 0), (0, 1, 0), (0, 1, 0), (0, 1, 0), (0, 1, 0), (0, 1, 0), (0, 1, 0), (0, 1, 0), (0, 1, 0), (0, 1, 0), (0, 1, 0), (0, 1, 0), (0, 1, 0), (0, 1, 0), (0, 1, 0), (0, 1, 0), (0, 1, 0), (0, 1, 0), (0, 1, 0), (0, 1, 0), (0, 1, 0), (0, 1, 0), (0, 1, 0), (0, 1, 0), (0, 1, 0), (0, 1, 0), (0, 1, 0), (0, 1, 0), (0, 1, 0), (0, 1, 0), (0, 1, 0), (0, 1, 0), (0, 1, 0), (0, 1, 0), (0, 1, 0), (0, 1, 0), (0, 1, 0), (0, 1, 0), (0, 1, 0), (0, 1, 0), (0, 1, 0), (0, 1, 0), (0, 1, 0), (0, 1, 0), (0, 1, 0), (0, 1, 0), (0, 1, 0), (0, 1, 0), (0, 1, 0), (0, 1, 0), (0, 1, 0), (0, 1, 0), (0, 1, 0), (0, 1, 0), (0, 1, 0), (0, 1, 0), (0, 1, 0), (-0.997439, -0.0715178, 3.58023e-13), (-0.863808, -0.0715178, 0.49872), (-0.863808, -0.0715178, 0.49872), (-0.863808, -0.0715178, 0.49872), (-0.997439, -0.0715178, 3.58023e-13), (-0.997439, -0.0715178, 3.58023e-13), (0.49872, -0.0715178, -0.863808), (0.863808, -0.0715178, -0.49872), (0.863808, -0.0715178, -0.49872), (0.863808, -0.0715178, -0.49872), (0.49872, -0.0715178, -0.863808), (0.49872, -0.0715178, -0.863808), (0.49872, -0.0715178, 0.863808), (3.58023e-13, -0.0715178, 0.997439), (0.49872, -0.0715178, 0.863808), (3.58023e-13, -0.0715178, 0.997439), (0.49872, -0.0715178, 0.863808), (3.58023e-13, -0.0715178, 0.997439), (-0.997439, -0.0715178, 3.58023e-13), (-0.863808, -0.0715178, -0.49872), (-0.997439, -0.0715178, 3.58023e-13), (-0.863808, -0.0715178, -0.49872), (-0.997439, -0.0715178, 3.58023e-13), (-0.863808, -0.0715178, -0.49872), (0, -1, 0), (0, -1, 0), (0, -1, 0), (0, -1, 0), (0, -1, 0), (0, -1, 0), (0, -1, 0), (0, -1, 0), (0, -1, 0), (0, -1, 0), (0, -1, 0), (0, -1, 0), (0, -1, 0), (0, -1, 0), (0, -1, 0), (0, -1, 0), (0, -1, 0), (0, -1, 0), (0, -1, 0), (0, -1, 0), (0, -1, 0), (0, -1, 0), (0, -1, 0), (0, -1, 0), (0, -1, 0), (0, -1, 0), (0, -1, 0), (0, -1, 0), (0, -1, 0), (0, -1, 0), (0, -1, 0), (0, -1, 0), (0, -1, 0), (0, -1, 0), (0, -1, 0), (0, -1, 0), (0, -1, 0), (0, -1, 0), (0, -1, 0), (0, -1, 0), (0, -1, 0), (0, -1, 0), (0, -1, 0), (0, -1, 0), (0, -1, 0), (0, -1, 0), (0, -1, 0), (0, -1, 0), (0, -1, 0), (0, -1, 0), (0, -1, 0), (0, -1, 0), (0, -1, 0), (0, -1, 0), (0, -1, 0), (0, -1, 0), (0, -1, 0), (0, -1, 0), (0, -1, 0), (0, -1, 0), (0, -1, 0), (0, -1, 0), (0, -1, 0), (0, -1, 0), (0, -1, 0), (0, -1, 0), (0, -1, 0), (0, -1, 0), (0, -1, 0), (0, -1, 0), (0, -1, 0), (0, -1, 0), (0.863808, -0.0715178, 0.49872), (0.49872, -0.0715178, 0.863808), (0.863808, -0.0715178, 0.49872), (0.49872, -0.0715178, 0.863808), (0.863808, -0.0715178, 0.49872), (0.49872, -0.0715178, 0.863808), (-3.58023e-13, -0.0715178, -0.997439), (0.49872, -0.0715178, -0.863808), (-3.58023e-13, -0.0715178, -0.997439), (0.49872, -0.0715178, -0.863808), (-3.58023e-13, -0.0715178, -0.997439), (0.49872, -0.0715178, -0.863808), (-0.863808, -0.0715178, 0.49872), (-0.49872, -0.0715178, 0.863808), (-0.49872, -0.0715178, 0.863808), (-0.49872, -0.0715178, 0.863808), (-0.863808, -0.0715178, 0.49872), (-0.863808, -0.0715178, 0.49872), (-0.863808, -0.0715178, -0.49872), (-0.49872, -0.0715178, -0.863808), (-0.863808, -0.0715178, -0.49872), (-0.49872, -0.0715178, -0.863808), (-0.863808, -0.0715178, -0.49872), (-0.49872, -0.0715178, -0.863808), (3.58023e-13, -0.0715178, 0.997439), (-0.49872, -0.0715178, 0.863808), (3.58023e-13, -0.0715178, 0.997439), (-0.49872, -0.0715178, 0.863808), (3.58023e-13, -0.0715178, 0.997439), (-0.49872, -0.0715178, 0.863808), (0.997439, -0.0715178, -3.58023e-13), (0.863808, -0.0715178, -0.49872), (0.997439, -0.0715178, -3.58023e-13), (0.863808, -0.0715178, -0.49872), (0.997439, -0.0715178, -3.58023e-13), (0.863808, -0.0715178, -0.49872), (0, 0, 1), (0, 0, 1), (0, 0, 1), (0, 0, 1), (0, 0, 1), (0, 0, 1), (0, -0.196116, 0.980581), (0, -0.196116, 0.980581), (0, -0.196116, 0.980581), (0, -0.196116, 0.980581), (0, -0.196116, 0.980581), (0, -0.196116, 0.980581), (0, 0.447214, -0.894427), (0, 0.209393, -0.977832), (0, 0.209393, -0.977832), (0, 0.209393, -0.977832), (0, 0.447214, -0.894427), (0, 0.447214, -0.894427), (0, -1, 0), (0, -1, 0), (0, -1, 0), (0, -1, 0), (0, -1, 0), (0, -1, 0), (0.99679, 0.0800632, 0), (0.980581, -0.196116, 0), (0.980581, -0.196116, 0), (0.980581, -0.196116, 0), (0.99679, 0.0800632, 0), (0.964749, 0.263172, 0), (-0.964749, 0.263172, 0), (-0.894427, 0.447214, 0), (-0.99679, 0.0800632, 0), (-0.894427, 0.447214, 0), (-0.964749, 0.263172, 0), (-0.894427, 0.447214, 0), (-0.894427, 0.447214, 0), (-0.964749, 0.263172, 0), (-0.894427, 0.447214, 0), (0, 0.209393, -0.977832), (0, 0, -1), (0, 0, -1), (0, 0, -1), (0, 0.209393, -0.977832), (0, 0.209393, -0.977832), (0.894427, 0.447214, 0), (0.964749, 0.263172, 0), (0.99679, 0.0800632, 0), (0.964749, 0.263172, 0), (0.894427, 0.447214, 0), (0.894427, 0.447214, 0), (0.964749, 0.263172, 0), (0.894427, 0.447214, 0), (0.894427, 0.447214, 0), (0, -1, 0), (0, -1, 0), (0, -1, 0), (0, -1, 0), (0, -1, 0), (0, -1, 0), (-0.980581, -0.196116, 0), (-0.964749, 0.263172, 0), (-0.99679, 0.0800632, 0), (-0.964749, 0.263172, 0), (-0.980581, -0.196116, 0), (-0.980581, -0.196116, 0), (0, 1, 0), (0, 1, 0), (0, 1, 0), (0, 1, 0), (0, 1, 0), (0, 1, 0), (1, 0, -3.58942e-13), (0.923879, 0, 0.382683), (0.923879, 0, 0.382683), (0.923879, 0, 0.382683), (1, 0, -3.58942e-13), (1, 0, -3.58942e-13), (-1, 0, 3.58942e-13), (-0.923879, 0, 0.382683), (-0.923879, 0, 0.382683), (-0.923879, 0, 0.382683), (-1, 0, 3.58942e-13), (-1, 0, 3.58942e-13), (0.382683, 0, 0.923879), (-0.382683, 0, 0.923879), (0.382683, 0, 0.923879), (-0.382683, 0, 0.923879), (0.382683, 0, 0.923879), (-0.382683, 0, 0.923879), (-0.382683, 0, 0.923879), (-0.923879, 0, 0.382683), (-0.382683, 0, 0.923879), (-0.923879, 0, 0.382683), (-0.382683, 0, 0.923879), (-0.923879, 0, 0.382683), (0.923879, 0, 0.382683), (0.382683, 0, 0.923879), (0.382683, 0, 0.923879), (0.382683, 0, 0.923879), (0.923879, 0, 0.382683), (0.923879, 0, 0.382683), (-0.499159, 0.0579882, -0.864568), (-0.864568, 0.0579882, -0.499159), (-0.499159, 0.0579882, -0.864568), (-0.864568, 0.0579882, -0.499159), (-0.499159, 0.0579882, -0.864568), (-0.864568, 0.0579882, -0.499159), (-3.54492e-13, -0.15697, -0.987603), (0.493802, -0.15697, -0.85529), (-3.54492e-13, -0.15697, -0.987603), (0.493802, -0.15697, -0.85529), (-3.54492e-13, -0.15697, -0.987603), (0.493802, -0.15697, -0.85529), (0.499159, 0.0579882, 0.864568), (0.864568, 0.0579882, 0.499159), (0.499159, 0.0579882, 0.864568), (0.864568, 0.0579882, 0.499159), (0.499159, 0.0579882, 0.864568), (0.864568, 0.0579882, 0.499159), (0.493802, -0.15697, -0.85529), (0.85529, -0.15697, -0.493802), (0.85529, -0.15697, -0.493802), (0.85529, -0.15697, -0.493802), (0.493802, -0.15697, -0.85529), (0.493802, -0.15697, -0.85529), (-0.987603, -0.15697, 3.54492e-13), (-0.85529, -0.15697, -0.493802), (-0.987603, -0.15697, 3.54492e-13), (-0.85529, -0.15697, -0.493802), (-0.987603, -0.15697, 3.54492e-13), (-0.85529, -0.15697, -0.493802), (-0.85529, -0.15697, -0.493802), (-0.493802, -0.15697, -0.85529), (-0.85529, -0.15697, -0.493802), (-0.493802, -0.15697, -0.85529), (-0.85529, -0.15697, -0.493802), (-0.493802, -0.15697, -0.85529), (3.54492e-13, -0.15697, 0.987603), (-0.493802, -0.15697, 0.85529), (3.54492e-13, -0.15697, 0.987603), (-0.493802, -0.15697, 0.85529), (3.54492e-13, -0.15697, 0.987603), (-0.493802, -0.15697, 0.85529), (-0.493802, -0.15697, -0.85529), (-3.54492e-13, -0.15697, -0.987603), (-0.493802, -0.15697, -0.85529), (-3.54492e-13, -0.15697, -0.987603), (-0.493802, -0.15697, -0.85529), (-3.54492e-13, -0.15697, -0.987603), (0.499159, 0.0579882, -0.864568), (-3.58338e-13, 0.0579882, -0.998317), (0.499159, 0.0579882, -0.864568), (-3.58338e-13, 0.0579882, -0.998317), (0.499159, 0.0579882, -0.864568), (-3.58338e-13, 0.0579882, -0.998317), (0.85529, -0.15697, 0.493802), (0.987603, -0.15697, -3.54492e-13), (0.85529, -0.15697, 0.493802), (0.987603, -0.15697, -3.54492e-13), (0.85529, -0.15697, 0.493802), (0.987603, -0.15697, -3.54492e-13), (-0.998317, 0.0579882, 3.58338e-13), (-0.864568, 0.0579882, -0.499159), (-0.864568, 0.0579882, -0.499159), (-0.864568, 0.0579882, -0.499159), (-0.998317, 0.0579882, 3.58338e-13), (-0.998317, 0.0579882, 3.58338e-13), (0.864568, 0.0579882, -0.499159), (0.998317, 0.0579882, -3.58338e-13), (0.864568, 0.0579882, -0.499159), (0.998317, 0.0579882, -3.58338e-13), (0.864568, 0.0579882, -0.499159), (0.998317, 0.0579882, -3.58338e-13), (-3.58338e-13, 0.0579882, -0.998317), (-0.499159, 0.0579882, -0.864568), (-3.58338e-13, 0.0579882, -0.998317), (-0.499159, 0.0579882, -0.864568), (-3.58338e-13, 0.0579882, -0.998317), (-0.499159, 0.0579882, -0.864568), (3.58338e-13, 0.0579882, 0.998317), (0.499159, 0.0579882, 0.864568), (3.58338e-13, 0.0579882, 0.998317), (0.499159, 0.0579882, 0.864568), (3.58338e-13, 0.0579882, 0.998317), (0.499159, 0.0579882, 0.864568), (0.864568, 0.0579882, 0.499159), (0.998317, 0.0579882, -3.58338e-13), (0.998317, 0.0579882, -3.58338e-13), (0.998317, 0.0579882, -3.58338e-13), (0.864568, 0.0579882, 0.499159), (0.864568, 0.0579882, 0.499159), (-0.864568, 0.0579882, 0.499159), (-0.998317, 0.0579882, 3.58338e-13), (-0.998317, 0.0579882, 3.58338e-13), (-0.998317, 0.0579882, 3.58338e-13), (-0.864568, 0.0579882, 0.499159), (-0.864568, 0.0579882, 0.499159), (0.499159, 0.0579882, -0.864568), (0.864568, 0.0579882, -0.499159), (0.499159, 0.0579882, -0.864568), (0.864568, 0.0579882, -0.499159), (0.499159, 0.0579882, -0.864568), (0.864568, 0.0579882, -0.499159), (-0.864568, 0.0579882, 0.499159), (-0.499159, 0.0579882, 0.864568), (-0.864568, 0.0579882, 0.499159), (-0.499159, 0.0579882, 0.864568), (-0.864568, 0.0579882, 0.499159), (-0.499159, 0.0579882, 0.864568), (0, 1, 0), (0, 1, 0), (0, 1, 0), (0, 1, 0), (0, 1, 0), (0, 1, 0), (0, 1, 0), (0, 1, 0), (0, 1, 0), (0, 1, 0), (0, 1, 0), (0, 1, 0), (0, 1, 0), (0, 1, 0), (0, 1, 0), (0, 1, 0), (0, 1, 0), (0, 1, 0), (0, 1, 0), (0, 1, 0), (0, 1, 0), (0, 1, 0), (0, 1, 0), (0, 1, 0), (0, 1, 0), (0, 1, 0), (0, 1, 0), (0, 1, 0), (0, 1, 0), (0, 1, 0), (-0.499159, 0.0579882, 0.864568), (3.58338e-13, 0.0579882, 0.998317), (-0.499159, 0.0579882, 0.864568), (3.58338e-13, 0.0579882, 0.998317), (-0.499159, 0.0579882, 0.864568), (3.58338e-13, 0.0579882, 0.998317), (0.493802, -0.15697, 0.85529), (3.54492e-13, -0.15697, 0.987603), (0.493802, -0.15697, 0.85529), (3.54492e-13, -0.15697, 0.987603), (0.493802, -0.15697, 0.85529), (3.54492e-13, -0.15697, 0.987603), (-0.85529, -0.15697, 0.493802), (-0.493802, -0.15697, 0.85529), (-0.493802, -0.15697, 0.85529), (-0.493802, -0.15697, 0.85529), (-0.85529, -0.15697, 0.493802), (-0.85529, -0.15697, 0.493802), (-0.987603, -0.15697, 3.54492e-13), (-0.85529, -0.15697, 0.493802), (-0.85529, -0.15697, 0.493802), (-0.85529, -0.15697, 0.493802), (-0.987603, -0.15697, 3.54492e-13), (-0.987603, -0.15697, 3.54492e-13), (0.987603, -0.15697, -3.54492e-13), (0.85529, -0.15697, -0.493802), (0.987603, -0.15697, -3.54492e-13), (0.85529, -0.15697, -0.493802), (0.987603, -0.15697, -3.54492e-13), (0.85529, -0.15697, -0.493802), (0.85529, -0.15697, 0.493802), (0.493802, -0.15697, 0.85529), (0.85529, -0.15697, 0.493802), (0.493802, -0.15697, 0.85529), (0.85529, -0.15697, 0.493802), (0.493802, -0.15697, 0.85529), (-0.499159, 0.0579882, -0.864568), (-0.864568, 0.0579882, -0.499159), (-0.499159, 0.0579882, -0.864568), (-0.864568, 0.0579882, -0.499159), (-0.499159, 0.0579882, -0.864568), (-0.864568, 0.0579882, -0.499159), (-3.54492e-13, -0.15697, -0.987603), (0.493802, -0.15697, -0.85529), (-3.54492e-13, -0.15697, -0.987603), (0.493802, -0.15697, -0.85529), (-3.54492e-13, -0.15697, -0.987603), (0.493802, -0.15697, -0.85529), (0.499159, 0.0579882, 0.864568), (0.864568, 0.0579882, 0.499159), (0.499159, 0.0579882, 0.864568), (0.864568, 0.0579882, 0.499159), (0.499159, 0.0579882, 0.864568), (0.864568, 0.0579882, 0.499159), (0.493802, -0.15697, -0.85529), (0.85529, -0.15697, -0.493802), (0.85529, -0.15697, -0.493802), (0.85529, -0.15697, -0.493802), (0.493802, -0.15697, -0.85529), (0.493802, -0.15697, -0.85529), (-0.987603, -0.15697, 3.54492e-13), (-0.85529, -0.15697, -0.493802), (-0.987603, -0.15697, 3.54492e-13), (-0.85529, -0.15697, -0.493802), (-0.987603, -0.15697, 3.54492e-13), (-0.85529, -0.15697, -0.493802), (-0.85529, -0.15697, -0.493802), (-0.493802, -0.15697, -0.85529), (-0.85529, -0.15697, -0.493802), (-0.493802, -0.15697, -0.85529), (-0.85529, -0.15697, -0.493802), (-0.493802, -0.15697, -0.85529), (3.54492e-13, -0.15697, 0.987603), (-0.493802, -0.15697, 0.85529), (3.54492e-13, -0.15697, 0.987603), (-0.493802, -0.15697, 0.85529), (3.54492e-13, -0.15697, 0.987603), (-0.493802, -0.15697, 0.85529), (-0.493802, -0.15697, -0.85529), (-3.54492e-13, -0.15697, -0.987603), (-0.493802, -0.15697, -0.85529), (-3.54492e-13, -0.15697, -0.987603), (-0.493802, -0.15697, -0.85529), (-3.54492e-13, -0.15697, -0.987603), (0.499159, 0.0579882, -0.864568), (-3.58338e-13, 0.0579882, -0.998317), (0.499159, 0.0579882, -0.864568), (-3.58338e-13, 0.0579882, -0.998317), (0.499159, 0.0579882, -0.864568), (-3.58338e-13, 0.0579882, -0.998317), (0.85529, -0.15697, 0.493802), (0.987603, -0.15697, -3.54492e-13), (0.85529, -0.15697, 0.493802), (0.987603, -0.15697, -3.54492e-13), (0.85529, -0.15697, 0.493802), (0.987603, -0.15697, -3.54492e-13), (-0.998317, 0.0579882, 3.58338e-13), (-0.864568, 0.0579882, -0.499159), (-0.864568, 0.0579882, -0.499159), (-0.864568, 0.0579882, -0.499159), (-0.998317, 0.0579882, 3.58338e-13), (-0.998317, 0.0579882, 3.58338e-13), (0.864568, 0.0579882, -0.499159), (0.998317, 0.0579882, -3.58338e-13), (0.864568, 0.0579882, -0.499159), (0.998317, 0.0579882, -3.58338e-13), (0.864568, 0.0579882, -0.499159), (0.998317, 0.0579882, -3.58338e-13), (-3.58338e-13, 0.0579882, -0.998317), (-0.499159, 0.0579882, -0.864568), (-3.58338e-13, 0.0579882, -0.998317), (-0.499159, 0.0579882, -0.864568), (-3.58338e-13, 0.0579882, -0.998317), (-0.499159, 0.0579882, -0.864568), (3.58338e-13, 0.0579882, 0.998317), (0.499159, 0.0579882, 0.864568), (3.58338e-13, 0.0579882, 0.998317), (0.499159, 0.0579882, 0.864568), (3.58338e-13, 0.0579882, 0.998317), (0.499159, 0.0579882, 0.864568), (0.864568, 0.0579882, 0.499159), (0.998317, 0.0579882, -3.58338e-13), (0.998317, 0.0579882, -3.58338e-13), (0.998317, 0.0579882, -3.58338e-13), (0.864568, 0.0579882, 0.499159), (0.864568, 0.0579882, 0.499159), (-0.864568, 0.0579882, 0.499159), (-0.998317, 0.0579882, 3.58338e-13), (-0.998317, 0.0579882, 3.58338e-13), (-0.998317, 0.0579882, 3.58338e-13), (-0.864568, 0.0579882, 0.499159), (-0.864568, 0.0579882, 0.499159), (0.499159, 0.0579882, -0.864568), (0.864568, 0.0579882, -0.499159), (0.499159, 0.0579882, -0.864568), (0.864568, 0.0579882, -0.499159), (0.499159, 0.0579882, -0.864568), (0.864568, 0.0579882, -0.499159), (-0.864568, 0.0579882, 0.499159), (-0.499159, 0.0579882, 0.864568), (-0.864568, 0.0579882, 0.499159), (-0.499159, 0.0579882, 0.864568), (-0.864568, 0.0579882, 0.499159), (-0.499159, 0.0579882, 0.864568), (0, 1, 0), (0, 1, 0), (0, 1, 0), (0, 1, 0), (0, 1, 0), (0, 1, 0), (0, 1, 0), (0, 1, 0), (0, 1, 0), (0, 1, 0), (0, 1, 0), (0, 1, 0), (0, 1, 0), (0, 1, 0), (0, 1, 0), (0, 1, 0), (0, 1, 0), (0, 1, 0), (0, 1, 0), (0, 1, 0), (0, 1, 0), (0, 1, 0), (0, 1, 0), (0, 1, 0), (0, 1, 0), (0, 1, 0), (0, 1, 0), (0, 1, 0), (0, 1, 0), (0, 1, 0), (-0.499159, 0.0579882, 0.864568), (3.58338e-13, 0.0579882, 0.998317), (-0.499159, 0.0579882, 0.864568), (3.58338e-13, 0.0579882, 0.998317), (-0.499159, 0.0579882, 0.864568), (3.58338e-13, 0.0579882, 0.998317), (0.493802, -0.15697, 0.85529), (3.54492e-13, -0.15697, 0.987603), (0.493802, -0.15697, 0.85529), (3.54492e-13, -0.15697, 0.987603), (0.493802, -0.15697, 0.85529), (3.54492e-13, -0.15697, 0.987603), (-0.85529, -0.15697, 0.493802), (-0.493802, -0.15697, 0.85529), (-0.493802, -0.15697, 0.85529), (-0.493802, -0.15697, 0.85529), (-0.85529, -0.15697, 0.493802), (-0.85529, -0.15697, 0.493802), (-0.987603, -0.15697, 3.54492e-13), (-0.85529, -0.15697, 0.493802), (-0.85529, -0.15697, 0.493802), (-0.85529, -0.15697, 0.493802), (-0.987603, -0.15697, 3.54492e-13), (-0.987603, -0.15697, 3.54492e-13), (0.987603, -0.15697, -3.54492e-13), (0.85529, -0.15697, -0.493802), (0.987603, -0.15697, -3.54492e-13), (0.85529, -0.15697, -0.493802), (0.987603, -0.15697, -3.54492e-13), (0.85529, -0.15697, -0.493802), (0.85529, -0.15697, 0.493802), (0.493802, -0.15697, 0.85529), (0.85529, -0.15697, 0.493802), (0.493802, -0.15697, 0.85529), (0.85529, -0.15697, 0.493802), (0.493802, -0.15697, 0.85529)] (interpolation = "faceVarying")
        texCoord2f[] primvars:st = [(0.46875, 0.0583425), (0.46875, 0.102799), (0.46875, 0.102799), (0.46875, 0.102799), (0.46875, 0.0583425), (0.46875, 0.0583425), (0.46875, 0.102799), (0.46875, 0.0583425), (0.46875, 0.0583425), (0.46875, 0.0583425), (0.46875, 0.102799), (0.46875, 0.102799), (0.46875, 0.102799), (0.46875, 0.0583425), (0.46875, 0.0583425), (0.46875, 0.0583425), (0.46875, 0.102799), (0.46875, 0.102799), (0.46875, 0.0583425), (0.46875, 0.102799), (0.46875, 0.0583425), (0.46875, 0.102799), (0.46875, 0.0583425), (0.46875, 0.102799), (0.46875, 0.025), (0.46875, 0.0583425), (0.46875, 0.0583425), (0.46875, 0.0583425), (0.46875, 0.025), (0.46875, 0.025), (0.46875, 0.025), (0.46875, 0.0583425), (0.46875, 0.0583425), (0.46875, 0.0583425), (0.46875, 0.025), (0.46875, 0.025), (0.46875, 0.025), (0.46875, 0.0583425), (0.46875, 0.0583425), (0.46875, 0.0583425), (0.46875, 0.025), (0.46875, 0.025), (0.46875, 0.025), (0.46875, 0.0583425), (0.46875, 0.025), (0.46875, 0.0583425), (0.46875, 0.025), (0.46875, 0.0583425), (0.46875, 0.102799), (0.46875, 0.0583425), (0.46875, 0.102799), (0.46875, 0.0583425), (0.46875, 0.102799), (0.46875, 0.0583425), (0.46875, 0.0583425), (0.46875, 0.102799), (0.46875, 0.102799), (0.46875, 0.102799), (0.46875, 0.0583425), (0.46875, 0.0583425), (0.46875, 0.0583425), (0.46875, 0.025), (0.46875, 0.025), (0.46875, 0.025), (0.46875, 0.0583425), (0.46875, 0.0583425), (0.46875, 0.102799), (0.46875, 0.0583425), (0.46875, 0.0583425), (0.46875, 0.0583425), (0.46875, 0.102799), (0.46875, 0.102799), (0.46875, 0.025), (0.46875, 0.025), (0.46875, 0.025), (0.46875, 0.025), (0.46875, 0.025), (0.46875, 0.025), (0.46875, 0.025), (0.46875, 0.025), (0.46875, 0.025), (0.46875, 0.025), (0.46875, 0.025), (0.46875, 0.025), (0.46875, 0.025), (0.46875, 0.025), (0.46875, 0.025), (0.46875, 0.025), (0.46875, 0.0583425), (0.46875, 0.0583425), (0.46875, 0.0583425), (0.46875, 0.025), (0.46875, 0.025), (0.46875, 0.0583425), (0.46875, 0.025), (0.46875, 0.0583425), (0.46875, 0.025), (0.46875, 0.0583425), (0.46875, 0.025), (0.46875, 0.025), (0.46875, 0.025), (0.46875, 0.025), (0.46875, 0.025), (0.46875, 0.025), (0.46875, 0.025), (0.46875, 0.025), (0.46875, 0.185), (0.46875, 0.025), (0.46875, 0.185), (0.46875, 0.025), (0.46875, 0.185), (0.46875, 0.185), (0.46875, 0.225), (0.46875, 0.185), (0.46875, 0.225), (0.46875, 0.185), (0.46875, 0.225), (0.46875, 0.185), (0.46875, 0.145), (0.46875, 0.185), (0.46875, 0.145), (0.46875, 0.185), (0.46875, 0.145), (0.46875, 0.185), (0.46875, 0.145), (0.46875, 0.145), (0.46875, 0.185), (0.46875, 0.145), (0.46875, 0.185), (0.46875, 0.185), (0.46875, 0.185), (0.46875, 0.225), (0.46875, 0.185), (0.46875, 0.225), (0.46875, 0.225), (0.46875, 0.025), (0.46875, 0.145), (0.46875, 0.185), (0.46875, 0.145), (0.46875, 0.025), (0.46875, 0.025), (0.46875, 0.225), (0.46875, 0.225), (0.46875, 0.225), (0.46875, 0.225), (0.46875, 0.225), (0.46875, 0.225), (0.46875, 0.225), (0.46875, 0.185), (0.46875, 0.225), (0.46875, 0.185), (0.46875, 0.225), (0.46875, 0.185), (0.46875, 0.185), (0.46875, 0.025), (0.46875, 0.025), (0.46875, 0.025), (0.46875, 0.185), (0.46875, 0.145), (0.46875, 0.145), (0.46875, 0.185), (0.46875, 0.145), (0.46875, 0.145), (0.46875, 0.185), (0.46875, 0.185), (0.46875, 0.185), (0.46875, 0.185), (0.46875, 0.225), (0.46875, 0.185), (0.46875, 0.225), (0.46875, 0.225), (0.46875, 0.025), (0.46875, 0.025), (0.46875, 0.025), (0.46875, 0.025), (0.46875, 0.025), (0.46875, 0.025), (0.46875, 0.025), (0.46875, 0.185), (0.46875, 0.025), (0.46875, 0.185), (0.46875, 0.025), (0.46875, 0.185), (0.46875, 0.185), (0.46875, 0.225), (0.46875, 0.185), (0.46875, 0.225), (0.46875, 0.185), (0.46875, 0.225), (0.46875, 0.185), (0.46875, 0.145), (0.46875, 0.185), (0.46875, 0.145), (0.46875, 0.185), (0.46875, 0.145), (0.46875, 0.185), (0.46875, 0.145), (0.46875, 0.145), (0.46875, 0.185), (0.46875, 0.145), (0.46875, 0.185), (0.46875, 0.185), (0.46875, 0.185), (0.46875, 0.225), (0.46875, 0.185), (0.46875, 0.225), (0.46875, 0.225), (0.46875, 0.025), (0.46875, 0.145), (0.46875, 0.185), (0.46875, 0.145), (0.46875, 0.025), (0.46875, 0.025), (0.46875, 0.225), (0.46875, 0.225), (0.46875, 0.225), (0.46875, 0.225), (0.46875, 0.225), (0.46875, 0.225), (0.46875, 0.225), (0.46875, 0.185), (0.46875, 0.225), (0.46875, 0.185), (0.46875, 0.225), (0.46875, 0.185), (0.46875, 0.185), (0.46875, 0.025), (0.46875, 0.025), (0.46875, 0.025), (0.46875, 0.185), (0.46875, 0.145), (0.46875, 0.145), (0.46875, 0.185), (0.46875, 0.145), (0.46875, 0.145), (0.46875, 0.185), (0.46875, 0.185), (0.46875, 0.185), (0.46875, 0.185), (0.46875, 0.225), (0.46875, 0.185), (0.46875, 0.225), (0.46875, 0.225), (0.46875, 0.225), (0.46875, 0.225), (0.46875, 0.225), (0.46875, 0.225), (0.46875, 0.225), (0.46875, 0.225), (0.46875, 0.025), (0.46875, 0.225), (0.46875, 0.025), (0.46875, 0.225), (0.46875, 0.025), (0.46875, 0.225), (0.46875, 0.225), (0.46875, 0.025), (0.46875, 0.025), (0.46875, 0.025), (0.46875, 0.225), (0.46875, 0.225), (0.46875, 0.225), (0.46875, 0.025), (0.46875, 0.225), (0.46875, 0.025), (0.46875, 0.225), (0.46875, 0.025), (0.46875, 0.386142), (0.46875, 0.352799), (0.46875, 0.352799), (0.46875, 0.352799), (0.46875, 0.386142), (0.46875, 0.386142), (0.46875, 0.363913), (0.46875, 0.386142), (0.46875, 0.386142), (0.46875, 0.363913), (0.46875, 0.352799), (0.46875, 0.386142), (0.46875, 0.352799), (0.46875, 0.363913), (0.46875, 0.352799), (0.46875, 0.363913), (0.46875, 0.352799), (0.46875, 0.363913), (0.46875, 0.352799), (0.46875, 0.363913), (0.46875, 0.386142), (0.46875, 0.386142), (0.46875, 0.363913), (0.46875, 0.386142), (0.46875, 0.386142), (0.46875, 0.352799), (0.46875, 0.352799), (0.46875, 0.352799), (0.46875, 0.386142), (0.46875, 0.386142), (0.46875, 0.386142), (0.46875, 0.352799), (0.46875, 0.352799), (0.46875, 0.352799), (0.46875, 0.386142), (0.46875, 0.386142), (0.46875, 0.386142), (0.46875, 0.352799), (0.46875, 0.352799), (0.46875, 0.352799), (0.46875, 0.386142), (0.46875, 0.386142), (0.46875, 0.386142), (0.46875, 0.352799), (0.46875, 0.352799), (0.46875, 0.352799), (0.46875, 0.386142), (0.46875, 0.386142), (0.46875, 0.363913), (0.46875, 0.386142), (0.46875, 0.363913), (0.46875, 0.386142), (0.46875, 0.363913), (0.46875, 0.386142), (0.46875, 0.386142), (0.46875, 0.386142), (0.46875, 0.386142), (0.46875, 0.386142), (0.46875, 0.386142), (0.46875, 0.386142), (0.46875, 0.386142), (0.46875, 0.386142), (0.46875, 0.386142), (0.46875, 0.386142), (0.46875, 0.386142), (0.46875, 0.386142), (0.46875, 0.386142), (0.46875, 0.386142), (0.46875, 0.386142), (0.46875, 0.386142), (0.46875, 0.386142), (0.46875, 0.386142), (0.46875, 0.386142), (0.46875, 0.386142), (0.46875, 0.386142), (0.46875, 0.386142), (0.46875, 0.386142), (0.46875, 0.386142), (0.46875, 0.386142), (0.46875, 0.386142), (0.46875, 0.386142), (0.46875, 0.386142), (0.46875, 0.386142), (0.46875, 0.386142), (0.46875, 0.386142), (0.46875, 0.386142), (0.46875, 0.386142), (0.46875, 0.386142), (0.46875, 0.386142), (0.46875, 0.386142), (0.46875, 0.386142), (0.46875, 0.386142), (0.46875, 0.386142), (0.46875, 0.386142), (0.46875, 0.386142), (0.46875, 0.386142), (0.46875, 0.386142), (0.46875, 0.386142), (0.46875, 0.386142), (0.46875, 0.386142), (0.46875, 0.386142), (0.46875, 0.386142), (0.46875, 0.352799), (0.46875, 0.386142), (0.46875, 0.352799), (0.46875, 0.386142), (0.46875, 0.352799), (0.46875, 0.386142), (0.46875, 0.386142), (0.46875, 0.363913), (0.46875, 0.386142), (0.46875, 0.363913), (0.46875, 0.386142), (0.46875, 0.363913), (0.46875, 0.425), (0.46875, 0.325), (0.46875, 0.325), (0.46875, 0.325), (0.46875, 0.425), (0.46875, 0.425), (0.46875, 0.425), (0.46875, 0.425), (0.46875, 0.425), (0.46875, 0.425), (0.46875, 0.425), (0.46875, 0.425), (0.46875, 0.425), (0.46875, 0.325), (0.46875, 0.325), (0.46875, 0.325), (0.46875, 0.425), (0.46875, 0.425), (0.46875, 0.425), (0.46875, 0.325), (0.46875, 0.325), (0.46875, 0.325), (0.46875, 0.425), (0.46875, 0.425), (0.46875, 0.325), (0.46875, 0.425), (0.46875, 0.325), (0.46875, 0.425), (0.46875, 0.325), (0.46875, 0.425), (0.46875, 0.425), (0.46875, 0.325), (0.46875, 0.325), (0.46875, 0.325), (0.46875, 0.425), (0.46875, 0.425), (0.46875, 0.425), (0.46875, 0.425), (0.46875, 0.425), (0.46875, 0.425), (0.46875, 0.425), (0.46875, 0.425), (0.46875, 0.425), (0.46875, 0.325), (0.46875, 0.325), (0.46875, 0.325), (0.46875, 0.425), (0.46875, 0.425), (0.46875, 0.425), (0.46875, 0.325), (0.46875, 0.325), (0.46875, 0.325), (0.46875, 0.425), (0.46875, 0.425), (0.46875, 0.325), (0.46875, 0.425), (0.46875, 0.325), (0.46875, 0.425), (0.46875, 0.325), (0.46875, 0.425), (0.59375, 0.197214), (0.59375, 0.113914), (0.59375, 0.113914), (0.59375, 0.113914), (0.59375, 0.197214), (0.59375, 0.197214), (0.59375, 0.113914), (0.59375, 0.141699), (0.59375, 0.113914), (0.59375, 0.141699), (0.59375, 0.113914), (0.59375, 0.141699), (0.59375, 0.141699), (0.59375, 0.113914), (0.59375, 0.197214), (0.59375, 0.197214), (0.59375, 0.113914), (0.59375, 0.197214), (0.59375, 0.197214), (0.59375, 0.141699), (0.59375, 0.197214), (0.59375, 0.113914), (0.59375, 0.141699), (0.59375, 0.197214), (0.59375, 0.113914), (0.59375, 0.141699), (0.59375, 0.113914), (0.59375, 0.141699), (0.59375, 0.113914), (0.59375, 0.141699), (0.59375, 0.141699), (0.59375, 0.113914), (0.59375, 0.113914), (0.59375, 0.113914), (0.59375, 0.141699), (0.59375, 0.141699), (0.59375, 0.197214), (0.59375, 0.141699), (0.59375, 0.141699), (0.59375, 0.141699), (0.59375, 0.197214), (0.59375, 0.197214), (0.59375, 0.197214), (0.59375, 0.141699), (0.59375, 0.141699), (0.59375, 0.141699), (0.59375, 0.197214), (0.59375, 0.197214), (0.59375, 0.141699), (0.59375, 0.141699), (0.59375, 0.141699), (0.59375, 0.141699), (0.59375, 0.141699), (0.59375, 0.141699), (0.59375, 0.141699), (0.59375, 0.141699), (0.59375, 0.141699), (0.59375, 0.141699), (0.59375, 0.141699), (0.59375, 0.141699), (0.59375, 0.141699), (0.59375, 0.141699), (0.59375, 0.141699), (0.59375, 0.141699), (0.59375, 0.141699), (0.59375, 0.141699), (0.59375, 0.141699), (0.59375, 0.141699), (0.59375, 0.141699), (0.59375, 0.141699), (0.59375, 0.141699), (0.59375, 0.141699), (0.59375, 0.141699), (0.59375, 0.141699), (0.59375, 0.141699), (0.59375, 0.141699), (0.59375, 0.141699), (0.59375, 0.141699), (0.59375, 0.141699), (0.59375, 0.141699), (0.59375, 0.141699), (0.59375, 0.141699), (0.59375, 0.141699), (0.59375, 0.141699), (0.59375, 0.141699), (0.59375, 0.141699), (0.59375, 0.141699), (0.59375, 0.141699), (0.59375, 0.141699), (0.59375, 0.141699), (0.59375, 0.141699), (0.59375, 0.113914), (0.59375, 0.113914), (0.59375, 0.113914), (0.59375, 0.141699), (0.59375, 0.141699), (0.59375, 0.113914), (0.59375, 0.141699), (0.59375, 0.113914), (0.59375, 0.141699), (0.59375, 0.113914), (0.59375, 0.141699), (0.59375, 0.025), (0.59375, 0.225), (0.59375, 0.025), (0.59375, 0.225), (0.59375, 0.025), (0.59375, 0.225), (0.59375, 0.025), (0.59375, 0.225), (0.59375, 0.225), (0.59375, 0.225), (0.59375, 0.025), (0.59375, 0.025), (0.59375, 0.025), (0.59375, 0.225), (0.59375, 0.025), (0.59375, 0.225), (0.59375, 0.025), (0.59375, 0.225), (0.59375, 0.025), (0.59375, 0.225), (0.59375, 0.025), (0.59375, 0.225), (0.59375, 0.025), (0.59375, 0.225), (0.59375, 0.025), (0.59375, 0.225), (0.59375, 0.225), (0.59375, 0.225), (0.59375, 0.025), (0.59375, 0.025), (0.59375, 0.025), (0.59375, 0.225), (0.59375, 0.025), (0.59375, 0.225), (0.59375, 0.025), (0.59375, 0.225), (0.59375, 0.025), (0.59375, 0.225), (0.59375, 0.025), (0.59375, 0.225), (0.59375, 0.025), (0.59375, 0.225), (0.59375, 0.025), (0.59375, 0.225), (0.59375, 0.225), (0.59375, 0.225), (0.59375, 0.025), (0.59375, 0.025), (0.59375, 0.025), (0.59375, 0.225), (0.59375, 0.025), (0.59375, 0.225), (0.59375, 0.025), (0.59375, 0.225), (0.59375, 0.025), (0.59375, 0.225), (0.59375, 0.025), (0.59375, 0.225), (0.59375, 0.025), (0.59375, 0.225), (0.59375, 0.025), (0.59375, 0.225), (0.59375, 0.225), (0.59375, 0.225), (0.59375, 0.025), (0.59375, 0.025), (0.59375, 0.025), (0.59375, 0.225), (0.59375, 0.025), (0.59375, 0.225), (0.59375, 0.025), (0.59375, 0.225), (0.34375, 0.197214), (0.34375, 0.197214), (0.34375, 0.197214), (0.34375, 0.197214), (0.34375, 0.197214), (0.34375, 0.197214), (0.34375, 0.197214), (0.34375, 0.197214), (0.34375, 0.197214), (0.34375, 0.197214), (0.34375, 0.197214), (0.34375, 0.197214), (0.34375, 0.197214), (0.34375, 0.197214), (0.34375, 0.197214), (0.34375, 0.197214), (0.34375, 0.197214), (0.34375, 0.197214), (0.34375, 0.197214), (0.34375, 0.197214), (0.34375, 0.197214), (0.34375, 0.197214), (0.34375, 0.197214), (0.34375, 0.197214), (0.34375, 0.197214), (0.34375, 0.197214), (0.34375, 0.197214), (0.34375, 0.197214), (0.34375, 0.197214), (0.34375, 0.197214), (0.34375, 0.197214), (0.34375, 0.197214), (0.34375, 0.197214), (0.34375, 0.197214), (0.34375, 0.197214), (0.34375, 0.197214), (0.34375, 0.197214), (0.34375, 0.197214), (0.34375, 0.197214), (0.34375, 0.197214), (0.34375, 0.197214), (0.34375, 0.197214), (0.34375, 0.197214), (0.34375, 0.197214), (0.34375, 0.197214), (0.34375, 0.197214), (0.34375, 0.197214), (0.34375, 0.197214), (0.34375, 0.197214), (0.34375, 0.197214), (0.34375, 0.197214), (0.34375, 0.197214), (0.34375, 0.197214), (0.34375, 0.197214), (0.34375, 0.136142), (0.34375, 0.113914), (0.34375, 0.113914), (0.34375, 0.113914), (0.34375, 0.136142), (0.34375, 0.136142), (0.34375, 0.113914), (0.34375, 0.113914), (0.34375, 0.113914), (0.34375, 0.113914), (0.34375, 0.113914), (0.34375, 0.113914), (0.34375, 0.113914), (0.34375, 0.113914), (0.34375, 0.113914), (0.34375, 0.113914), (0.34375, 0.113914), (0.34375, 0.113914), (0.34375, 0.113914), (0.34375, 0.113914), (0.34375, 0.113914), (0.34375, 0.113914), (0.34375, 0.113914), (0.34375, 0.113914), (0.34375, 0.113914), (0.34375, 0.113914), (0.34375, 0.113914), (0.34375, 0.113914), (0.34375, 0.113914), (0.34375, 0.113914), (0.34375, 0.113914), (0.34375, 0.113914), (0.34375, 0.113914), (0.34375, 0.113914), (0.34375, 0.113914), (0.34375, 0.113914), (0.34375, 0.113914), (0.34375, 0.113914), (0.34375, 0.113914), (0.34375, 0.113914), (0.34375, 0.113914), (0.34375, 0.113914), (0.34375, 0.113914), (0.34375, 0.113914), (0.34375, 0.113914), (0.34375, 0.113914), (0.34375, 0.113914), (0.34375, 0.113914), (0.34375, 0.113914), (0.34375, 0.113914), (0.34375, 0.113914), (0.34375, 0.113914), (0.34375, 0.113914), (0.34375, 0.113914), (0.34375, 0.113914), (0.34375, 0.113914), (0.34375, 0.113914), (0.34375, 0.225), (0.34375, 0.225), (0.34375, 0.225), (0.34375, 0.225), (0.34375, 0.225), (0.34375, 0.225), (0.34375, 0.218054), (0.34375, 0.197214), (0.34375, 0.197214), (0.34375, 0.197214), (0.34375, 0.218054), (0.34375, 0.218054), (0.34375, 0.218054), (0.34375, 0.218054), (0.34375, 0.225), (0.34375, 0.218054), (0.34375, 0.225), (0.34375, 0.225), (0.34375, 0.113914), (0.34375, 0.136142), (0.34375, 0.113914), (0.34375, 0.136142), (0.34375, 0.113914), (0.34375, 0.136142), (0.34375, 0.136142), (0.34375, 0.113914), (0.34375, 0.113914), (0.34375, 0.113914), (0.34375, 0.136142), (0.34375, 0.136142), (0.34375, 0.197214), (0.34375, 0.218054), (0.34375, 0.197214), (0.34375, 0.218054), (0.34375, 0.197214), (0.34375, 0.218054), (0.34375, 0.218054), (0.34375, 0.197214), (0.34375, 0.218054), (0.34375, 0.197214), (0.34375, 0.218054), (0.34375, 0.197214), (0.34375, 0.136142), (0.34375, 0.113914), (0.34375, 0.113914), (0.34375, 0.113914), (0.34375, 0.136142), (0.34375, 0.136142), (0.34375, 0.136142), (0.34375, 0.113914), (0.34375, 0.136142), (0.34375, 0.113914), (0.34375, 0.136142), (0.34375, 0.113914), (0.34375, 0.136142), (0.34375, 0.113914), (0.34375, 0.113914), (0.34375, 0.113914), (0.34375, 0.136142), (0.34375, 0.136142), (0.34375, 0.136142), (0.34375, 0.113914), (0.34375, 0.113914), (0.34375, 0.113914), (0.34375, 0.136142), (0.34375, 0.136142), (0.34375, 0.218054), (0.34375, 0.197214), (0.34375, 0.197214), (0.34375, 0.197214), (0.34375, 0.218054), (0.34375, 0.218054), (0.34375, 0.218054), (0.34375, 0.218054), (0.34375, 0.225), (0.34375, 0.218054), (0.34375, 0.225), (0.34375, 0.225), (0.34375, 0.113914), (0.34375, 0.136142), (0.34375, 0.113914), (0.34375, 0.136142), (0.34375, 0.113914), (0.34375, 0.136142), (0.34375, 0.218054), (0.34375, 0.225), (0.34375, 0.225), (0.34375, 0.225), (0.34375, 0.218054), (0.34375, 0.218054), (0.34375, 0.218054), (0.34375, 0.225), (0.34375, 0.218054), (0.34375, 0.225), (0.34375, 0.218054), (0.34375, 0.225), (0.34375, 0.225), (0.34375, 0.125), (0.34375, 0.225), (0.34375, 0.125), (0.34375, 0.225), (0.34375, 0.125), (0.34375, 0.125), (0.34375, 0.025), (0.34375, 0.025), (0.34375, 0.025), (0.34375, 0.125), (0.34375, 0.125), (0.34375, 0.025), (0.34375, 0.025), (0.34375, 0.025), (0.34375, 0.025), (0.34375, 0.025), (0.34375, 0.025), (0.34375, 0.025), (0.34375, 0.125), (0.34375, 0.025), (0.34375, 0.125), (0.34375, 0.025), (0.34375, 0.225), (0.34375, 0.225), (0.34375, 0.025), (0.34375, 0.225), (0.34375, 0.225), (0.34375, 0.025), (0.34375, 0.125), (0.34375, 0.125), (0.34375, 0.225), (0.34375, 0.125), (0.34375, 0.225), (0.34375, 0.125), (0.34375, 0.225), (0.34375, 0.225), (0.34375, 0.225), (0.34375, 0.225), (0.34375, 0.225), (0.34375, 0.225), (0.34375, 0.225), (0.34375, 0.125), (0.34375, 0.025), (0.34375, 0.025), (0.34375, 0.025), (0.34375, 0.125), (0.34375, 0.125), (0.34375, 0.225), (0.34375, 0.025), (0.34375, 0.125), (0.34375, 0.025), (0.34375, 0.225), (0.34375, 0.025), (0.34375, 0.025), (0.34375, 0.225), (0.34375, 0.225), (0.34375, 0.025), (0.34375, 0.225), (0.34375, 0.125), (0.34375, 0.109357), (0.34375, 0.225), (0.34375, 0.225), (0.34375, 0.225), (0.34375, 0.109357), (0.34375, 0.109357), (0.34375, 0.225), (0.34375, 0.109357), (0.34375, 0.109357), (0.34375, 0.109357), (0.34375, 0.225), (0.34375, 0.225), (0.34375, 0.225), (0.34375, 0.225), (0.34375, 0.225), (0.34375, 0.225), (0.34375, 0.225), (0.34375, 0.225), (0.34375, 0.225), (0.34375, 0.225), (0.34375, 0.225), (0.34375, 0.225), (0.34375, 0.225), (0.34375, 0.225), (0.34375, 0.225), (0.34375, 0.225), (0.34375, 0.225), (0.34375, 0.225), (0.34375, 0.225), (0.34375, 0.225), (0.34375, 0.225), (0.34375, 0.225), (0.34375, 0.225), (0.34375, 0.225), (0.34375, 0.225), (0.34375, 0.225), (0.34375, 0.225), (0.34375, 0.225), (0.34375, 0.225), (0.34375, 0.225), (0.34375, 0.225), (0.34375, 0.225), (0.34375, 0.225), (0.34375, 0.225), (0.34375, 0.225), (0.34375, 0.225), (0.34375, 0.225), (0.34375, 0.225), (0.34375, 0.225), (0.34375, 0.225), (0.34375, 0.225), (0.34375, 0.225), (0.34375, 0.225), (0.34375, 0.225), (0.34375, 0.225), (0.34375, 0.225), (0.34375, 0.225), (0.34375, 0.225), (0.34375, 0.225), (0.34375, 0.225), (0.34375, 0.225), (0.34375, 0.225), (0.34375, 0.225), (0.34375, 0.225), (0.34375, 0.225), (0.34375, 0.225), (0.34375, 0.225), (0.34375, 0.225), (0.34375, 0.225), (0.34375, 0.225), (0.34375, 0.225), (0.34375, 0.225), (0.34375, 0.225), (0.34375, 0.225), (0.34375, 0.225), (0.34375, 0.225), (0.34375, 0.225), (0.34375, 0.225), (0.34375, 0.225), (0.34375, 0.225), (0.34375, 0.225), (0.34375, 0.225), (0.34375, 0.225), (0.34375, 0.225), (0.34375, 0.225), (0.34375, 0.109357), (0.34375, 0.225), (0.34375, 0.109357), (0.34375, 0.225), (0.34375, 0.109357), (0.34375, 0.109357), (0.34375, 0.225), (0.34375, 0.109357), (0.34375, 0.225), (0.34375, 0.109357), (0.34375, 0.225), (0.34375, 0.225), (0.34375, 0.109357), (0.34375, 0.109357), (0.34375, 0.109357), (0.34375, 0.225), (0.34375, 0.225), (0.34375, 0.225), (0.34375, 0.109357), (0.34375, 0.109357), (0.34375, 0.109357), (0.34375, 0.225), (0.34375, 0.225), (0.34375, 0.109357), (0.34375, 0.109357), (0.34375, 0.109357), (0.34375, 0.109357), (0.34375, 0.109357), (0.34375, 0.109357), (0.34375, 0.109357), (0.34375, 0.109357), (0.34375, 0.109357), (0.34375, 0.109357), (0.34375, 0.109357), (0.34375, 0.109357), (0.34375, 0.109357), (0.34375, 0.109357), (0.34375, 0.109357), (0.34375, 0.109357), (0.34375, 0.109357), (0.34375, 0.109357), (0.34375, 0.109357), (0.34375, 0.109357), (0.34375, 0.109357), (0.34375, 0.109357), (0.34375, 0.109357), (0.34375, 0.109357), (0.34375, 0.109357), (0.34375, 0.109357), (0.34375, 0.109357), (0.34375, 0.109357), (0.34375, 0.109357), (0.34375, 0.109357), (0.34375, 0.109357), (0.34375, 0.109357), (0.34375, 0.109357), (0.34375, 0.109357), (0.34375, 0.109357), (0.34375, 0.109357), (0.34375, 0.109357), (0.34375, 0.109357), (0.34375, 0.109357), (0.34375, 0.109357), (0.34375, 0.109357), (0.34375, 0.109357), (0.34375, 0.109357), (0.34375, 0.109357), (0.34375, 0.109357), (0.34375, 0.109357), (0.34375, 0.109357), (0.34375, 0.109357), (0.34375, 0.109357), (0.34375, 0.109357), (0.34375, 0.109357), (0.34375, 0.109357), (0.34375, 0.109357), (0.34375, 0.109357), (0.34375, 0.109357), (0.34375, 0.109357), (0.34375, 0.109357), (0.34375, 0.109357), (0.34375, 0.109357), (0.34375, 0.109357), (0.34375, 0.109357), (0.34375, 0.109357), (0.34375, 0.109357), (0.34375, 0.109357), (0.34375, 0.109357), (0.34375, 0.109357), (0.34375, 0.109357), (0.34375, 0.109357), (0.34375, 0.109357), (0.34375, 0.109357), (0.34375, 0.109357), (0.34375, 0.109357), (0.34375, 0.225), (0.34375, 0.109357), (0.34375, 0.109357), (0.34375, 0.109357), (0.34375, 0.225), (0.34375, 0.225), (0.34375, 0.225), (0.34375, 0.109357), (0.34375, 0.109357), (0.34375, 0.109357), (0.34375, 0.225), (0.34375, 0.225), (0.34375, 0.225), (0.34375, 0.109357), (0.34375, 0.225), (0.34375, 0.109357), (0.34375, 0.225), (0.34375, 0.109357), (0.34375, 0.225), (0.34375, 0.109357), (0.34375, 0.109357), (0.34375, 0.109357), (0.34375, 0.225), (0.34375, 0.225), (0.34375, 0.225), (0.34375, 0.109357), (0.34375, 0.109357), (0.34375, 0.109357), (0.34375, 0.225), (0.34375, 0.225), (0.34375, 0.109357), (0.34375, 0.225), (0.34375, 0.225), (0.34375, 0.225), (0.34375, 0.109357), (0.34375, 0.109357), (0.34375, 0.109357), (0.34375, 0.225), (0.34375, 0.225), (0.34375, 0.225), (0.34375, 0.109357), (0.34375, 0.109357), (0.34375, 0.225), (0.34375, 0.109357), (0.34375, 0.109357), (0.34375, 0.109357), (0.34375, 0.225), (0.34375, 0.225), (0.34375, 0.225), (0.34375, 0.225), (0.34375, 0.225), (0.34375, 0.225), (0.34375, 0.225), (0.34375, 0.225), (0.34375, 0.225), (0.34375, 0.225), (0.34375, 0.225), (0.34375, 0.225), (0.34375, 0.225), (0.34375, 0.225), (0.34375, 0.225), (0.34375, 0.225), (0.34375, 0.225), (0.34375, 0.225), (0.34375, 0.225), (0.34375, 0.225), (0.34375, 0.225), (0.34375, 0.225), (0.34375, 0.225), (0.34375, 0.225), (0.34375, 0.225), (0.34375, 0.225), (0.34375, 0.225), (0.34375, 0.225), (0.34375, 0.225), (0.34375, 0.225), (0.34375, 0.225), (0.34375, 0.225), (0.34375, 0.225), (0.34375, 0.225), (0.34375, 0.225), (0.34375, 0.225), (0.34375, 0.225), (0.34375, 0.225), (0.34375, 0.225), (0.34375, 0.225), (0.34375, 0.225), (0.34375, 0.225), (0.34375, 0.225), (0.34375, 0.225), (0.34375, 0.225), (0.34375, 0.225), (0.34375, 0.225), (0.34375, 0.225), (0.34375, 0.225), (0.34375, 0.225), (0.34375, 0.225), (0.34375, 0.225), (0.34375, 0.225), (0.34375, 0.225), (0.34375, 0.225), (0.34375, 0.225), (0.34375, 0.225), (0.34375, 0.225), (0.34375, 0.225), (0.34375, 0.225), (0.34375, 0.225), (0.34375, 0.225), (0.34375, 0.225), (0.34375, 0.225), (0.34375, 0.225), (0.34375, 0.225), (0.34375, 0.225), (0.34375, 0.225), (0.34375, 0.225), (0.34375, 0.225), (0.34375, 0.225), (0.34375, 0.225), (0.34375, 0.225), (0.34375, 0.225), (0.34375, 0.225), (0.34375, 0.109357), (0.34375, 0.225), (0.34375, 0.109357), (0.34375, 0.225), (0.34375, 0.109357), (0.34375, 0.109357), (0.34375, 0.225), (0.34375, 0.109357), (0.34375, 0.225), (0.34375, 0.109357), (0.34375, 0.225), (0.34375, 0.225), (0.34375, 0.109357), (0.34375, 0.109357), (0.34375, 0.109357), (0.34375, 0.225), (0.34375, 0.225), (0.34375, 0.225), (0.34375, 0.109357), (0.34375, 0.109357), (0.34375, 0.109357), (0.34375, 0.225), (0.34375, 0.225), (0.34375, 0.109357), (0.34375, 0.109357), (0.34375, 0.109357), (0.34375, 0.109357), (0.34375, 0.109357), (0.34375, 0.109357), (0.34375, 0.109357), (0.34375, 0.109357), (0.34375, 0.109357), (0.34375, 0.109357), (0.34375, 0.109357), (0.34375, 0.109357), (0.34375, 0.109357), (0.34375, 0.109357), (0.34375, 0.109357), (0.34375, 0.109357), (0.34375, 0.109357), (0.34375, 0.109357), (0.34375, 0.109357), (0.34375, 0.109357), (0.34375, 0.109357), (0.34375, 0.109357), (0.34375, 0.109357), (0.34375, 0.109357), (0.34375, 0.109357), (0.34375, 0.109357), (0.34375, 0.109357), (0.34375, 0.109357), (0.34375, 0.109357), (0.34375, 0.109357), (0.34375, 0.109357), (0.34375, 0.109357), (0.34375, 0.109357), (0.34375, 0.109357), (0.34375, 0.109357), (0.34375, 0.109357), (0.34375, 0.109357), (0.34375, 0.109357), (0.34375, 0.109357), (0.34375, 0.109357), (0.34375, 0.109357), (0.34375, 0.109357), (0.34375, 0.109357), (0.34375, 0.109357), (0.34375, 0.109357), (0.34375, 0.109357), (0.34375, 0.109357), (0.34375, 0.109357), (0.34375, 0.109357), (0.34375, 0.109357), (0.34375, 0.109357), (0.34375, 0.109357), (0.34375, 0.109357), (0.34375, 0.109357), (0.34375, 0.109357), (0.34375, 0.109357), (0.34375, 0.109357), (0.34375, 0.109357), (0.34375, 0.109357), (0.34375, 0.109357), (0.34375, 0.109357), (0.34375, 0.109357), (0.34375, 0.109357), (0.34375, 0.109357), (0.34375, 0.109357), (0.34375, 0.109357), (0.34375, 0.109357), (0.34375, 0.109357), (0.34375, 0.109357), (0.34375, 0.109357), (0.34375, 0.109357), (0.34375, 0.109357), (0.34375, 0.225), (0.34375, 0.109357), (0.34375, 0.109357), (0.34375, 0.109357), (0.34375, 0.225), (0.34375, 0.225), (0.34375, 0.225), (0.34375, 0.109357), (0.34375, 0.109357), (0.34375, 0.109357), (0.34375, 0.225), (0.34375, 0.225), (0.34375, 0.225), (0.34375, 0.109357), (0.34375, 0.225), (0.34375, 0.109357), (0.34375, 0.225), (0.34375, 0.109357), (0.34375, 0.225), (0.34375, 0.109357), (0.34375, 0.109357), (0.34375, 0.109357), (0.34375, 0.225), (0.34375, 0.225), (0.34375, 0.225), (0.34375, 0.109357), (0.34375, 0.109357), (0.34375, 0.109357), (0.34375, 0.225), (0.34375, 0.225), (0.34375, 0.109357), (0.34375, 0.225), (0.34375, 0.225), (0.34375, 0.225), (0.34375, 0.109357), (0.34375, 0.109357), (0.34375, 0.225), (0.34375, 0.167857), (0.34375, 0.167857), (0.34375, 0.167857), (0.34375, 0.225), (0.34375, 0.225), (0.34375, 0.167857), (0.34375, 0.025), (0.34375, 0.025), (0.34375, 0.025), (0.34375, 0.167857), (0.34375, 0.167857), (0.34375, 0.225), (0.34375, 0.167857), (0.34375, 0.167857), (0.34375, 0.167857), (0.34375, 0.225), (0.34375, 0.225), (0.34375, 0.167857), (0.34375, 0.167857), (0.34375, 0.167857), (0.34375, 0.167857), (0.34375, 0.167857), (0.34375, 0.167857), (0.34375, 0.167857), (0.34375, 0.025), (0.34375, 0.025), (0.34375, 0.025), (0.34375, 0.167857), (0.34375, 0.167857), (0.34375, 0.167857), (0.34375, 0.225), (0.34375, 0.167857), (0.34375, 0.225), (0.34375, 0.167857), (0.34375, 0.225), (0.34375, 0.225), (0.34375, 0.167857), (0.34375, 0.167857), (0.34375, 0.167857), (0.34375, 0.025), (0.34375, 0.025), (0.34375, 0.025), (0.34375, 0.167857), (0.34375, 0.167857), (0.34375, 0.225), (0.34375, 0.167857), (0.34375, 0.167857), (0.34375, 0.167857), (0.34375, 0.225), (0.34375, 0.225), (0.34375, 0.167857), (0.34375, 0.225), (0.34375, 0.167857), (0.34375, 0.025), (0.34375, 0.025), (0.34375, 0.025), (0.34375, 0.025), (0.34375, 0.025), (0.34375, 0.025), (0.34375, 0.025), (0.34375, 0.167857), (0.34375, 0.167857), (0.34375, 0.167857), (0.34375, 0.025), (0.34375, 0.025), (0.34375, 0.225), (0.34375, 0.225), (0.34375, 0.225), (0.34375, 0.225), (0.34375, 0.225), (0.34375, 0.225), (0.09375, 0.141699), (0.09375, 0.197214), (0.09375, 0.141699), (0.09375, 0.197214), (0.09375, 0.141699), (0.09375, 0.197214), (0.09375, 0.197214), (0.09375, 0.141699), (0.09375, 0.197214), (0.09375, 0.141699), (0.09375, 0.197214), (0.09375, 0.141699), (0.09375, 0.197214), (0.09375, 0.141699), (0.09375, 0.141699), (0.09375, 0.141699), (0.09375, 0.197214), (0.09375, 0.197214), (0.09375, 0.197214), (0.09375, 0.141699), (0.09375, 0.141699), (0.09375, 0.141699), (0.09375, 0.197214), (0.09375, 0.197214), (0.09375, 0.141699), (0.09375, 0.197214), (0.09375, 0.141699), (0.09375, 0.197214), (0.09375, 0.141699), (0.09375, 0.197214), (0.21875, 0.225), (0.21875, 0.113268), (0.21875, 0.113268), (0.21875, 0.113268), (0.21875, 0.225), (0.21875, 0.225), (0.21875, 0.109357), (0.21875, 0.025), (0.21875, 0.025), (0.21875, 0.025), (0.21875, 0.109357), (0.21875, 0.109357), (0.21875, 0.225), (0.21875, 0.113268), (0.21875, 0.113268), (0.21875, 0.113268), (0.21875, 0.225), (0.21875, 0.225), (0.21875, 0.025), (0.21875, 0.109357), (0.21875, 0.025), (0.21875, 0.109357), (0.21875, 0.025), (0.21875, 0.109357), (0.21875, 0.109357), (0.21875, 0.025), (0.21875, 0.025), (0.21875, 0.025), (0.21875, 0.109357), (0.21875, 0.109357), (0.21875, 0.109357), (0.21875, 0.025), (0.21875, 0.025), (0.21875, 0.025), (0.21875, 0.109357), (0.21875, 0.109357), (0.21875, 0.109357), (0.21875, 0.025), (0.21875, 0.025), (0.21875, 0.025), (0.21875, 0.109357), (0.21875, 0.109357), (0.21875, 0.109357), (0.21875, 0.025), (0.21875, 0.025), (0.21875, 0.025), (0.21875, 0.109357), (0.21875, 0.109357), (0.21875, 0.225), (0.21875, 0.113268), (0.21875, 0.113268), (0.21875, 0.113268), (0.21875, 0.225), (0.21875, 0.225), (0.21875, 0.025), (0.21875, 0.109357), (0.21875, 0.109357), (0.21875, 0.109357), (0.21875, 0.025), (0.21875, 0.025), (0.21875, 0.225), (0.21875, 0.113268), (0.21875, 0.225), (0.21875, 0.113268), (0.21875, 0.225), (0.21875, 0.113268), (0.21875, 0.113268), (0.21875, 0.225), (0.21875, 0.225), (0.21875, 0.225), (0.21875, 0.113268), (0.21875, 0.113268), (0.21875, 0.225), (0.21875, 0.113268), (0.21875, 0.113268), (0.21875, 0.113268), (0.21875, 0.225), (0.21875, 0.225), (0.21875, 0.225), (0.21875, 0.113268), (0.21875, 0.113268), (0.21875, 0.113268), (0.21875, 0.225), (0.21875, 0.225), (0.21875, 0.113268), (0.21875, 0.225), (0.21875, 0.113268), (0.21875, 0.225), (0.21875, 0.113268), (0.21875, 0.225), (0.21875, 0.225), (0.21875, 0.113268), (0.21875, 0.225), (0.21875, 0.113268), (0.21875, 0.225), (0.21875, 0.113268), (0.21875, 0.113268), (0.21875, 0.225), (0.21875, 0.225), (0.21875, 0.225), (0.21875, 0.113268), (0.21875, 0.113268), (0.21875, 0.225), (0.21875, 0.113268), (0.21875, 0.113268), (0.21875, 0.113268), (0.21875, 0.225), (0.21875, 0.225), (0.21875, 0.113268), (0.21875, 0.113268), (0.21875, 0.113268), (0.21875, 0.113268), (0.21875, 0.113268), (0.21875, 0.113268), (0.21875, 0.113268), (0.21875, 0.113268), (0.21875, 0.113268), (0.21875, 0.113268), (0.21875, 0.113268), (0.21875, 0.113268), (0.21875, 0.113268), (0.21875, 0.113268), (0.21875, 0.113268), (0.21875, 0.113268), (0.21875, 0.113268), (0.21875, 0.113268), (0.21875, 0.113268), (0.21875, 0.113268), (0.21875, 0.113268), (0.21875, 0.113268), (0.21875, 0.113268), (0.21875, 0.113268), (0.21875, 0.113268), (0.21875, 0.113268), (0.21875, 0.113268), (0.21875, 0.113268), (0.21875, 0.113268), (0.21875, 0.113268), (0.21875, 0.225), (0.21875, 0.113268), (0.21875, 0.113268), (0.21875, 0.113268), (0.21875, 0.225), (0.21875, 0.225), (0.21875, 0.109357), (0.21875, 0.025), (0.21875, 0.025), (0.21875, 0.025), (0.21875, 0.109357), (0.21875, 0.109357), (0.21875, 0.109357), (0.21875, 0.025), (0.21875, 0.109357), (0.21875, 0.025), (0.21875, 0.109357), (0.21875, 0.025), (0.21875, 0.109357), (0.21875, 0.025), (0.21875, 0.109357), (0.21875, 0.025), (0.21875, 0.109357), (0.21875, 0.025), (0.21875, 0.025), (0.21875, 0.109357), (0.21875, 0.109357), (0.21875, 0.109357), (0.21875, 0.025), (0.21875, 0.025), (0.21875, 0.109357), (0.21875, 0.025), (0.21875, 0.025), (0.21875, 0.025), (0.21875, 0.109357), (0.21875, 0.109357), (0.21875, 0.225), (0.21875, 0.113268), (0.21875, 0.113268), (0.21875, 0.113268), (0.21875, 0.225), (0.21875, 0.225), (0.21875, 0.109357), (0.21875, 0.025), (0.21875, 0.025), (0.21875, 0.025), (0.21875, 0.109357), (0.21875, 0.109357), (0.21875, 0.225), (0.21875, 0.113268), (0.21875, 0.113268), (0.21875, 0.113268), (0.21875, 0.225), (0.21875, 0.225), (0.21875, 0.025), (0.21875, 0.109357), (0.21875, 0.025), (0.21875, 0.109357), (0.21875, 0.025), (0.21875, 0.109357), (0.21875, 0.109357), (0.21875, 0.025), (0.21875, 0.025), (0.21875, 0.025), (0.21875, 0.109357), (0.21875, 0.109357), (0.21875, 0.109357), (0.21875, 0.025), (0.21875, 0.025), (0.21875, 0.025), (0.21875, 0.109357), (0.21875, 0.109357), (0.21875, 0.109357), (0.21875, 0.025), (0.21875, 0.025), (0.21875, 0.025), (0.21875, 0.109357), (0.21875, 0.109357), (0.21875, 0.109357), (0.21875, 0.025), (0.21875, 0.025), (0.21875, 0.025), (0.21875, 0.109357), (0.21875, 0.109357), (0.21875, 0.225), (0.21875, 0.113268), (0.21875, 0.113268), (0.21875, 0.113268), (0.21875, 0.225), (0.21875, 0.225), (0.21875, 0.025), (0.21875, 0.109357), (0.21875, 0.109357), (0.21875, 0.109357), (0.21875, 0.025), (0.21875, 0.025), (0.21875, 0.225), (0.21875, 0.113268), (0.21875, 0.225), (0.21875, 0.113268), (0.21875, 0.225), (0.21875, 0.113268), (0.21875, 0.113268), (0.21875, 0.225), (0.21875, 0.225), (0.21875, 0.225), (0.21875, 0.113268), (0.21875, 0.113268), (0.21875, 0.225), (0.21875, 0.113268), (0.21875, 0.113268), (0.21875, 0.113268), (0.21875, 0.225), (0.21875, 0.225), (0.21875, 0.225), (0.21875, 0.113268), (0.21875, 0.113268), (0.21875, 0.113268), (0.21875, 0.225), (0.21875, 0.225), (0.21875, 0.113268), (0.21875, 0.225), (0.21875, 0.113268), (0.21875, 0.225), (0.21875, 0.113268), (0.21875, 0.225), (0.21875, 0.225), (0.21875, 0.113268), (0.21875, 0.225), (0.21875, 0.113268), (0.21875, 0.225), (0.21875, 0.113268), (0.21875, 0.113268), (0.21875, 0.225), (0.21875, 0.225), (0.21875, 0.225), (0.21875, 0.113268), (0.21875, 0.113268), (0.21875, 0.225), (0.21875, 0.113268), (0.21875, 0.113268), (0.21875, 0.113268), (0.21875, 0.225), (0.21875, 0.225), (0.21875, 0.113268), (0.21875, 0.113268), (0.21875, 0.113268), (0.21875, 0.113268), (0.21875, 0.113268), (0.21875, 0.113268), (0.21875, 0.113268), (0.21875, 0.113268), (0.21875, 0.113268), (0.21875, 0.113268), (0.21875, 0.113268), (0.21875, 0.113268), (0.21875, 0.113268), (0.21875, 0.113268), (0.21875, 0.113268), (0.21875, 0.113268), (0.21875, 0.113268), (0.21875, 0.113268), (0.21875, 0.113268), (0.21875, 0.113268), (0.21875, 0.113268), (0.21875, 0.113268), (0.21875, 0.113268), (0.21875, 0.113268), (0.21875, 0.113268), (0.21875, 0.113268), (0.21875, 0.113268), (0.21875, 0.113268), (0.21875, 0.113268), (0.21875, 0.113268), (0.21875, 0.225), (0.21875, 0.113268), (0.21875, 0.113268), (0.21875, 0.113268), (0.21875, 0.225), (0.21875, 0.225), (0.21875, 0.109357), (0.21875, 0.025), (0.21875, 0.025), (0.21875, 0.025), (0.21875, 0.109357), (0.21875, 0.109357), (0.21875, 0.109357), (0.21875, 0.025), (0.21875, 0.109357), (0.21875, 0.025), (0.21875, 0.109357), (0.21875, 0.025), (0.21875, 0.109357), (0.21875, 0.025), (0.21875, 0.109357), (0.21875, 0.025), (0.21875, 0.109357), (0.21875, 0.025), (0.21875, 0.025), (0.21875, 0.109357), (0.21875, 0.109357), (0.21875, 0.109357), (0.21875, 0.025), (0.21875, 0.025), (0.21875, 0.109357), (0.21875, 0.025), (0.21875, 0.025), (0.21875, 0.025), (0.21875, 0.109357), (0.21875, 0.109357), (0.46875, 0.0583425), (0.46875, 0.102799), (0.46875, 0.102799), (0.46875, 0.102799), (0.46875, 0.0583425), (0.46875, 0.0583425), (0.46875, 0.102799), (0.46875, 0.0583425), (0.46875, 0.0583425), (0.46875, 0.0583425), (0.46875, 0.102799), (0.46875, 0.102799), (0.46875, 0.102799), (0.46875, 0.0583425), (0.46875, 0.0583425), (0.46875, 0.0583425), (0.46875, 0.102799), (0.46875, 0.102799), (0.46875, 0.0583425), (0.46875, 0.102799), (0.46875, 0.0583425), (0.46875, 0.102799), (0.46875, 0.0583425), (0.46875, 0.102799), (0.46875, 0.025), (0.46875, 0.0583425), (0.46875, 0.0583425), (0.46875, 0.0583425), (0.46875, 0.025), (0.46875, 0.025), (0.46875, 0.025), (0.46875, 0.0583425), (0.46875, 0.0583425), (0.46875, 0.0583425), (0.46875, 0.025), (0.46875, 0.025), (0.46875, 0.025), (0.46875, 0.0583425), (0.46875, 0.0583425), (0.46875, 0.0583425), (0.46875, 0.025), (0.46875, 0.025), (0.46875, 0.025), (0.46875, 0.0583425), (0.46875, 0.025), (0.46875, 0.0583425), (0.46875, 0.025), (0.46875, 0.0583425), (0.46875, 0.102799), (0.46875, 0.0583425), (0.46875, 0.102799), (0.46875, 0.0583425), (0.46875, 0.102799), (0.46875, 0.0583425), (0.46875, 0.0583425), (0.46875, 0.102799), (0.46875, 0.102799), (0.46875, 0.102799), (0.46875, 0.0583425), (0.46875, 0.0583425), (0.46875, 0.0583425), (0.46875, 0.025), (0.46875, 0.025), (0.46875, 0.025), (0.46875, 0.0583425), (0.46875, 0.0583425), (0.46875, 0.102799), (0.46875, 0.0583425), (0.46875, 0.0583425), (0.46875, 0.0583425), (0.46875, 0.102799), (0.46875, 0.102799), (0.46875, 0.025), (0.46875, 0.025), (0.46875, 0.025), (0.46875, 0.025), (0.46875, 0.025), (0.46875, 0.025), (0.46875, 0.025), (0.46875, 0.025), (0.46875, 0.025), (0.46875, 0.025), (0.46875, 0.025), (0.46875, 0.025), (0.46875, 0.025), (0.46875, 0.025), (0.46875, 0.025), (0.46875, 0.025), (0.46875, 0.0583425), (0.46875, 0.0583425), (0.46875, 0.0583425), (0.46875, 0.025), (0.46875, 0.025), (0.46875, 0.0583425), (0.46875, 0.025), (0.46875, 0.0583425), (0.46875, 0.025), (0.46875, 0.0583425), (0.46875, 0.025), (0.46875, 0.025), (0.46875, 0.025), (0.46875, 0.025), (0.46875, 0.025), (0.46875, 0.025), (0.46875, 0.025), (0.46875, 0.025), (0.46875, 0.185), (0.46875, 0.025), (0.46875, 0.185), (0.46875, 0.025), (0.46875, 0.185), (0.46875, 0.185), (0.46875, 0.225), (0.46875, 0.185), (0.46875, 0.225), (0.46875, 0.185), (0.46875, 0.225), (0.46875, 0.185), (0.46875, 0.145), (0.46875, 0.185), (0.46875, 0.145), (0.46875, 0.185), (0.46875, 0.145), (0.46875, 0.185), (0.46875, 0.145), (0.46875, 0.145), (0.46875, 0.185), (0.46875, 0.145), (0.46875, 0.185), (0.46875, 0.185), (0.46875, 0.185), (0.46875, 0.225), (0.46875, 0.185), (0.46875, 0.225), (0.46875, 0.225), (0.46875, 0.025), (0.46875, 0.145), (0.46875, 0.185), (0.46875, 0.145), (0.46875, 0.025), (0.46875, 0.025), (0.46875, 0.225), (0.46875, 0.225), (0.46875, 0.225), (0.46875, 0.225), (0.46875, 0.225), (0.46875, 0.225), (0.46875, 0.225), (0.46875, 0.185), (0.46875, 0.225), (0.46875, 0.185), (0.46875, 0.225), (0.46875, 0.185), (0.46875, 0.185), (0.46875, 0.025), (0.46875, 0.025), (0.46875, 0.025), (0.46875, 0.185), (0.46875, 0.145), (0.46875, 0.145), (0.46875, 0.185), (0.46875, 0.145), (0.46875, 0.145), (0.46875, 0.185), (0.46875, 0.185), (0.46875, 0.185), (0.46875, 0.185), (0.46875, 0.225), (0.46875, 0.185), (0.46875, 0.225), (0.46875, 0.225), (0.46875, 0.025), (0.46875, 0.025), (0.46875, 0.025), (0.46875, 0.025), (0.46875, 0.025), (0.46875, 0.025), (0.46875, 0.025), (0.46875, 0.185), (0.46875, 0.025), (0.46875, 0.185), (0.46875, 0.025), (0.46875, 0.185), (0.46875, 0.185), (0.46875, 0.225), (0.46875, 0.185), (0.46875, 0.225), (0.46875, 0.185), (0.46875, 0.225), (0.46875, 0.185), (0.46875, 0.145), (0.46875, 0.185), (0.46875, 0.145), (0.46875, 0.185), (0.46875, 0.145), (0.46875, 0.185), (0.46875, 0.145), (0.46875, 0.145), (0.46875, 0.185), (0.46875, 0.145), (0.46875, 0.185), (0.46875, 0.185), (0.46875, 0.185), (0.46875, 0.225), (0.46875, 0.185), (0.46875, 0.225), (0.46875, 0.225), (0.46875, 0.025), (0.46875, 0.145), (0.46875, 0.185), (0.46875, 0.145), (0.46875, 0.025), (0.46875, 0.025), (0.46875, 0.225), (0.46875, 0.225), (0.46875, 0.225), (0.46875, 0.225), (0.46875, 0.225), (0.46875, 0.225), (0.46875, 0.225), (0.46875, 0.185), (0.46875, 0.225), (0.46875, 0.185), (0.46875, 0.225), (0.46875, 0.185), (0.46875, 0.185), (0.46875, 0.025), (0.46875, 0.025), (0.46875, 0.025), (0.46875, 0.185), (0.46875, 0.145), (0.46875, 0.145), (0.46875, 0.185), (0.46875, 0.145), (0.46875, 0.145), (0.46875, 0.185), (0.46875, 0.185), (0.46875, 0.185), (0.46875, 0.185), (0.46875, 0.225), (0.46875, 0.185), (0.46875, 0.225), (0.46875, 0.225), (0.46875, 0.225), (0.46875, 0.225), (0.46875, 0.225), (0.46875, 0.225), (0.46875, 0.225), (0.46875, 0.225), (0.46875, 0.025), (0.46875, 0.225), (0.46875, 0.025), (0.46875, 0.225), (0.46875, 0.025), (0.46875, 0.225), (0.46875, 0.225), (0.46875, 0.025), (0.46875, 0.025), (0.46875, 0.025), (0.46875, 0.225), (0.46875, 0.225), (0.46875, 0.225), (0.46875, 0.025), (0.46875, 0.225), (0.46875, 0.025), (0.46875, 0.225), (0.46875, 0.025), (0.46875, 0.386142), (0.46875, 0.352799), (0.46875, 0.352799), (0.46875, 0.352799), (0.46875, 0.386142), (0.46875, 0.386142), (0.46875, 0.363913), (0.46875, 0.386142), (0.46875, 0.386142), (0.46875, 0.363913), (0.46875, 0.352799), (0.46875, 0.386142), (0.46875, 0.352799), (0.46875, 0.363913), (0.46875, 0.352799), (0.46875, 0.363913), (0.46875, 0.352799), (0.46875, 0.363913), (0.46875, 0.352799), (0.46875, 0.363913), (0.46875, 0.386142), (0.46875, 0.386142), (0.46875, 0.363913), (0.46875, 0.386142), (0.46875, 0.386142), (0.46875, 0.352799), (0.46875, 0.352799), (0.46875, 0.352799), (0.46875, 0.386142), (0.46875, 0.386142), (0.46875, 0.386142), (0.46875, 0.352799), (0.46875, 0.352799), (0.46875, 0.352799), (0.46875, 0.386142), (0.46875, 0.386142), (0.46875, 0.386142), (0.46875, 0.352799), (0.46875, 0.352799), (0.46875, 0.352799), (0.46875, 0.386142), (0.46875, 0.386142), (0.46875, 0.386142), (0.46875, 0.352799), (0.46875, 0.352799), (0.46875, 0.352799), (0.46875, 0.386142), (0.46875, 0.386142), (0.46875, 0.363913), (0.46875, 0.386142), (0.46875, 0.363913), (0.46875, 0.386142), (0.46875, 0.363913), (0.46875, 0.386142), (0.46875, 0.386142), (0.46875, 0.386142), (0.46875, 0.386142), (0.46875, 0.386142), (0.46875, 0.386142), (0.46875, 0.386142), (0.46875, 0.386142), (0.46875, 0.386142), (0.46875, 0.386142), (0.46875, 0.386142), (0.46875, 0.386142), (0.46875, 0.386142), (0.46875, 0.386142), (0.46875, 0.386142), (0.46875, 0.386142), (0.46875, 0.386142), (0.46875, 0.386142), (0.46875, 0.386142), (0.46875, 0.386142), (0.46875, 0.386142), (0.46875, 0.386142), (0.46875, 0.386142), (0.46875, 0.386142), (0.46875, 0.386142), (0.46875, 0.386142), (0.46875, 0.386142), (0.46875, 0.386142), (0.46875, 0.386142), (0.46875, 0.386142), (0.46875, 0.386142), (0.46875, 0.386142), (0.46875, 0.386142), (0.46875, 0.386142), (0.46875, 0.386142), (0.46875, 0.386142), (0.46875, 0.386142), (0.46875, 0.386142), (0.46875, 0.386142), (0.46875, 0.386142), (0.46875, 0.386142), (0.46875, 0.386142), (0.46875, 0.386142), (0.46875, 0.386142), (0.46875, 0.386142), (0.46875, 0.386142), (0.46875, 0.386142), (0.46875, 0.386142), (0.46875, 0.386142), (0.46875, 0.352799), (0.46875, 0.386142), (0.46875, 0.352799), (0.46875, 0.386142), (0.46875, 0.352799), (0.46875, 0.386142), (0.46875, 0.386142), (0.46875, 0.363913), (0.46875, 0.386142), (0.46875, 0.363913), (0.46875, 0.386142), (0.46875, 0.363913), (0.46875, 0.425), (0.46875, 0.325), (0.46875, 0.325), (0.46875, 0.325), (0.46875, 0.425), (0.46875, 0.425), (0.46875, 0.425), (0.46875, 0.425), (0.46875, 0.425), (0.46875, 0.425), (0.46875, 0.425), (0.46875, 0.425), (0.46875, 0.425), (0.46875, 0.325), (0.46875, 0.325), (0.46875, 0.325), (0.46875, 0.425), (0.46875, 0.425), (0.46875, 0.425), (0.46875, 0.325), (0.46875, 0.325), (0.46875, 0.325), (0.46875, 0.425), (0.46875, 0.425), (0.46875, 0.325), (0.46875, 0.425), (0.46875, 0.325), (0.46875, 0.425), (0.46875, 0.325), (0.46875, 0.425), (0.46875, 0.425), (0.46875, 0.325), (0.46875, 0.325), (0.46875, 0.325), (0.46875, 0.425), (0.46875, 0.425), (0.46875, 0.425), (0.46875, 0.425), (0.46875, 0.425), (0.46875, 0.425), (0.46875, 0.425), (0.46875, 0.425), (0.46875, 0.425), (0.46875, 0.325), (0.46875, 0.325), (0.46875, 0.325), (0.46875, 0.425), (0.46875, 0.425), (0.46875, 0.425), (0.46875, 0.325), (0.46875, 0.325), (0.46875, 0.325), (0.46875, 0.425), (0.46875, 0.425), (0.46875, 0.325), (0.46875, 0.425), (0.46875, 0.325), (0.46875, 0.425), (0.46875, 0.325), (0.46875, 0.425), (0.59375, 0.197214), (0.59375, 0.113914), (0.59375, 0.113914), (0.59375, 0.113914), (0.59375, 0.197214), (0.59375, 0.197214), (0.59375, 0.113914), (0.59375, 0.141699), (0.59375, 0.113914), (0.59375, 0.141699), (0.59375, 0.113914), (0.59375, 0.141699), (0.59375, 0.141699), (0.59375, 0.113914), (0.59375, 0.197214), (0.59375, 0.197214), (0.59375, 0.113914), (0.59375, 0.197214), (0.59375, 0.197214), (0.59375, 0.141699), (0.59375, 0.197214), (0.59375, 0.113914), (0.59375, 0.141699), (0.59375, 0.197214), (0.59375, 0.113914), (0.59375, 0.141699), (0.59375, 0.113914), (0.59375, 0.141699), (0.59375, 0.113914), (0.59375, 0.141699), (0.59375, 0.141699), (0.59375, 0.113914), (0.59375, 0.113914), (0.59375, 0.113914), (0.59375, 0.141699), (0.59375, 0.141699), (0.59375, 0.197214), (0.59375, 0.141699), (0.59375, 0.141699), (0.59375, 0.141699), (0.59375, 0.197214), (0.59375, 0.197214), (0.59375, 0.197214), (0.59375, 0.141699), (0.59375, 0.141699), (0.59375, 0.141699), (0.59375, 0.197214), (0.59375, 0.197214), (0.59375, 0.141699), (0.59375, 0.141699), (0.59375, 0.141699), (0.59375, 0.141699), (0.59375, 0.141699), (0.59375, 0.141699), (0.59375, 0.141699), (0.59375, 0.141699), (0.59375, 0.141699), (0.59375, 0.141699), (0.59375, 0.141699), (0.59375, 0.141699), (0.59375, 0.141699), (0.59375, 0.141699), (0.59375, 0.141699), (0.59375, 0.141699), (0.59375, 0.141699), (0.59375, 0.141699), (0.59375, 0.141699), (0.59375, 0.141699), (0.59375, 0.141699), (0.59375, 0.141699), (0.59375, 0.141699), (0.59375, 0.141699), (0.59375, 0.141699), (0.59375, 0.141699), (0.59375, 0.141699), (0.59375, 0.141699), (0.59375, 0.141699), (0.59375, 0.141699), (0.59375, 0.141699), (0.59375, 0.141699), (0.59375, 0.141699), (0.59375, 0.141699), (0.59375, 0.141699), (0.59375, 0.141699), (0.59375, 0.141699), (0.59375, 0.141699), (0.59375, 0.141699), (0.59375, 0.141699), (0.59375, 0.141699), (0.59375, 0.141699), (0.59375, 0.141699), (0.59375, 0.113914), (0.59375, 0.113914), (0.59375, 0.113914), (0.59375, 0.141699), (0.59375, 0.141699), (0.59375, 0.113914), (0.59375, 0.141699), (0.59375, 0.113914), (0.59375, 0.141699), (0.59375, 0.113914), (0.59375, 0.141699), (0.59375, 0.025), (0.59375, 0.225), (0.59375, 0.025), (0.59375, 0.225), (0.59375, 0.025), (0.59375, 0.225), (0.59375, 0.025), (0.59375, 0.225), (0.59375, 0.225), (0.59375, 0.225), (0.59375, 0.025), (0.59375, 0.025), (0.59375, 0.025), (0.59375, 0.225), (0.59375, 0.025), (0.59375, 0.225), (0.59375, 0.025), (0.59375, 0.225), (0.59375, 0.025), (0.59375, 0.225), (0.59375, 0.025), (0.59375, 0.225), (0.59375, 0.025), (0.59375, 0.225), (0.59375, 0.025), (0.59375, 0.225), (0.59375, 0.225), (0.59375, 0.225), (0.59375, 0.025), (0.59375, 0.025), (0.59375, 0.025), (0.59375, 0.225), (0.59375, 0.025), (0.59375, 0.225), (0.59375, 0.025), (0.59375, 0.225), (0.59375, 0.025), (0.59375, 0.225), (0.59375, 0.025), (0.59375, 0.225), (0.59375, 0.025), (0.59375, 0.225), (0.59375, 0.025), (0.59375, 0.225), (0.59375, 0.225), (0.59375, 0.225), (0.59375, 0.025), (0.59375, 0.025), (0.59375, 0.025), (0.59375, 0.225), (0.59375, 0.025), (0.59375, 0.225), (0.59375, 0.025), (0.59375, 0.225), (0.59375, 0.025), (0.59375, 0.225), (0.59375, 0.025), (0.59375, 0.225), (0.59375, 0.025), (0.59375, 0.225), (0.59375, 0.025), (0.59375, 0.225), (0.59375, 0.225), (0.59375, 0.225), (0.59375, 0.025), (0.59375, 0.025), (0.59375, 0.025), (0.59375, 0.225), (0.59375, 0.025), (0.59375, 0.225), (0.59375, 0.025), (0.59375, 0.225), (0.34375, 0.197214), (0.34375, 0.197214), (0.34375, 0.197214), (0.34375, 0.197214), (0.34375, 0.197214), (0.34375, 0.197214), (0.34375, 0.197214), (0.34375, 0.197214), (0.34375, 0.197214), (0.34375, 0.197214), (0.34375, 0.197214), (0.34375, 0.197214), (0.34375, 0.197214), (0.34375, 0.197214), (0.34375, 0.197214), (0.34375, 0.197214), (0.34375, 0.197214), (0.34375, 0.197214), (0.34375, 0.197214), (0.34375, 0.197214), (0.34375, 0.197214), (0.34375, 0.197214), (0.34375, 0.197214), (0.34375, 0.197214), (0.34375, 0.197214), (0.34375, 0.197214), (0.34375, 0.197214), (0.34375, 0.197214), (0.34375, 0.197214), (0.34375, 0.197214), (0.34375, 0.197214), (0.34375, 0.197214), (0.34375, 0.197214), (0.34375, 0.197214), (0.34375, 0.197214), (0.34375, 0.197214), (0.34375, 0.197214), (0.34375, 0.197214), (0.34375, 0.197214), (0.34375, 0.197214), (0.34375, 0.197214), (0.34375, 0.197214), (0.34375, 0.197214), (0.34375, 0.197214), (0.34375, 0.197214), (0.34375, 0.197214), (0.34375, 0.197214), (0.34375, 0.197214), (0.34375, 0.197214), (0.34375, 0.197214), (0.34375, 0.197214), (0.34375, 0.197214), (0.34375, 0.197214), (0.34375, 0.197214), (0.34375, 0.136142), (0.34375, 0.113914), (0.34375, 0.113914), (0.34375, 0.113914), (0.34375, 0.136142), (0.34375, 0.136142), (0.34375, 0.113914), (0.34375, 0.113914), (0.34375, 0.113914), (0.34375, 0.113914), (0.34375, 0.113914), (0.34375, 0.113914), (0.34375, 0.113914), (0.34375, 0.113914), (0.34375, 0.113914), (0.34375, 0.113914), (0.34375, 0.113914), (0.34375, 0.113914), (0.34375, 0.113914), (0.34375, 0.113914), (0.34375, 0.113914), (0.34375, 0.113914), (0.34375, 0.113914), (0.34375, 0.113914), (0.34375, 0.113914), (0.34375, 0.113914), (0.34375, 0.113914), (0.34375, 0.113914), (0.34375, 0.113914), (0.34375, 0.113914), (0.34375, 0.113914), (0.34375, 0.113914), (0.34375, 0.113914), (0.34375, 0.113914), (0.34375, 0.113914), (0.34375, 0.113914), (0.34375, 0.113914), (0.34375, 0.113914), (0.34375, 0.113914), (0.34375, 0.113914), (0.34375, 0.113914), (0.34375, 0.113914), (0.34375, 0.113914), (0.34375, 0.113914), (0.34375, 0.113914), (0.34375, 0.113914), (0.34375, 0.113914), (0.34375, 0.113914), (0.34375, 0.113914), (0.34375, 0.113914), (0.34375, 0.113914), (0.34375, 0.113914), (0.34375, 0.113914), (0.34375, 0.113914), (0.34375, 0.113914), (0.34375, 0.113914), (0.34375, 0.113914), (0.34375, 0.225), (0.34375, 0.225), (0.34375, 0.225), (0.34375, 0.225), (0.34375, 0.225), (0.34375, 0.225), (0.34375, 0.218054), (0.34375, 0.197214), (0.34375, 0.197214), (0.34375, 0.197214), (0.34375, 0.218054), (0.34375, 0.218054), (0.34375, 0.218054), (0.34375, 0.218054), (0.34375, 0.225), (0.34375, 0.218054), (0.34375, 0.225), (0.34375, 0.225), (0.34375, 0.113914), (0.34375, 0.136142), (0.34375, 0.113914), (0.34375, 0.136142), (0.34375, 0.113914), (0.34375, 0.136142), (0.34375, 0.136142), (0.34375, 0.113914), (0.34375, 0.113914), (0.34375, 0.113914), (0.34375, 0.136142), (0.34375, 0.136142), (0.34375, 0.197214), (0.34375, 0.218054), (0.34375, 0.197214), (0.34375, 0.218054), (0.34375, 0.197214), (0.34375, 0.218054), (0.34375, 0.218054), (0.34375, 0.197214), (0.34375, 0.218054), (0.34375, 0.197214), (0.34375, 0.218054), (0.34375, 0.197214), (0.34375, 0.136142), (0.34375, 0.113914), (0.34375, 0.113914), (0.34375, 0.113914), (0.34375, 0.136142), (0.34375, 0.136142), (0.34375, 0.136142), (0.34375, 0.113914), (0.34375, 0.136142), (0.34375, 0.113914), (0.34375, 0.136142), (0.34375, 0.113914), (0.34375, 0.136142), (0.34375, 0.113914), (0.34375, 0.113914), (0.34375, 0.113914), (0.34375, 0.136142), (0.34375, 0.136142), (0.34375, 0.136142), (0.34375, 0.113914), (0.34375, 0.113914), (0.34375, 0.113914), (0.34375, 0.136142), (0.34375, 0.136142), (0.34375, 0.218054), (0.34375, 0.197214), (0.34375, 0.197214), (0.34375, 0.197214), (0.34375, 0.218054), (0.34375, 0.218054), (0.34375, 0.218054), (0.34375, 0.218054), (0.34375, 0.225), (0.34375, 0.218054), (0.34375, 0.225), (0.34375, 0.225), (0.34375, 0.113914), (0.34375, 0.136142), (0.34375, 0.113914), (0.34375, 0.136142), (0.34375, 0.113914), (0.34375, 0.136142), (0.34375, 0.218054), (0.34375, 0.225), (0.34375, 0.225), (0.34375, 0.225), (0.34375, 0.218054), (0.34375, 0.218054), (0.34375, 0.218054), (0.34375, 0.225), (0.34375, 0.218054), (0.34375, 0.225), (0.34375, 0.218054), (0.34375, 0.225), (0.34375, 0.225), (0.34375, 0.125), (0.34375, 0.225), (0.34375, 0.125), (0.34375, 0.225), (0.34375, 0.125), (0.34375, 0.125), (0.34375, 0.025), (0.34375, 0.025), (0.34375, 0.025), (0.34375, 0.125), (0.34375, 0.125), (0.34375, 0.025), (0.34375, 0.025), (0.34375, 0.025), (0.34375, 0.025), (0.34375, 0.025), (0.34375, 0.025), (0.34375, 0.025), (0.34375, 0.125), (0.34375, 0.025), (0.34375, 0.125), (0.34375, 0.025), (0.34375, 0.225), (0.34375, 0.225), (0.34375, 0.025), (0.34375, 0.225), (0.34375, 0.225), (0.34375, 0.025), (0.34375, 0.125), (0.34375, 0.125), (0.34375, 0.225), (0.34375, 0.125), (0.34375, 0.225), (0.34375, 0.125), (0.34375, 0.225), (0.34375, 0.225), (0.34375, 0.225), (0.34375, 0.225), (0.34375, 0.225), (0.34375, 0.225), (0.34375, 0.225), (0.34375, 0.125), (0.34375, 0.025), (0.34375, 0.025), (0.34375, 0.025), (0.34375, 0.125), (0.34375, 0.125), (0.34375, 0.225), (0.34375, 0.025), (0.34375, 0.125), (0.34375, 0.025), (0.34375, 0.225), (0.34375, 0.025), (0.34375, 0.025), (0.34375, 0.225), (0.34375, 0.225), (0.34375, 0.025), (0.34375, 0.225), (0.34375, 0.125), (0.34375, 0.109357), (0.34375, 0.225), (0.34375, 0.225), (0.34375, 0.225), (0.34375, 0.109357), (0.34375, 0.109357), (0.34375, 0.225), (0.34375, 0.109357), (0.34375, 0.109357), (0.34375, 0.109357), (0.34375, 0.225), (0.34375, 0.225), (0.34375, 0.225), (0.34375, 0.225), (0.34375, 0.225), (0.34375, 0.225), (0.34375, 0.225), (0.34375, 0.225), (0.34375, 0.225), (0.34375, 0.225), (0.34375, 0.225), (0.34375, 0.225), (0.34375, 0.225), (0.34375, 0.225), (0.34375, 0.225), (0.34375, 0.225), (0.34375, 0.225), (0.34375, 0.225), (0.34375, 0.225), (0.34375, 0.225), (0.34375, 0.225), (0.34375, 0.225), (0.34375, 0.225), (0.34375, 0.225), (0.34375, 0.225), (0.34375, 0.225), (0.34375, 0.225), (0.34375, 0.225), (0.34375, 0.225), (0.34375, 0.225), (0.34375, 0.225), (0.34375, 0.225), (0.34375, 0.225), (0.34375, 0.225), (0.34375, 0.225), (0.34375, 0.225), (0.34375, 0.225), (0.34375, 0.225), (0.34375, 0.225), (0.34375, 0.225), (0.34375, 0.225), (0.34375, 0.225), (0.34375, 0.225), (0.34375, 0.225), (0.34375, 0.225), (0.34375, 0.225), (0.34375, 0.225), (0.34375, 0.225), (0.34375, 0.225), (0.34375, 0.225), (0.34375, 0.225), (0.34375, 0.225), (0.34375, 0.225), (0.34375, 0.225), (0.34375, 0.225), (0.34375, 0.225), (0.34375, 0.225), (0.34375, 0.225), (0.34375, 0.225), (0.34375, 0.225), (0.34375, 0.225), (0.34375, 0.225), (0.34375, 0.225), (0.34375, 0.225), (0.34375, 0.225), (0.34375, 0.225), (0.34375, 0.225), (0.34375, 0.225), (0.34375, 0.225), (0.34375, 0.225), (0.34375, 0.225), (0.34375, 0.225), (0.34375, 0.225), (0.34375, 0.225), (0.34375, 0.225), (0.34375, 0.109357), (0.34375, 0.225), (0.34375, 0.109357), (0.34375, 0.225), (0.34375, 0.109357), (0.34375, 0.109357), (0.34375, 0.225), (0.34375, 0.109357), (0.34375, 0.225), (0.34375, 0.109357), (0.34375, 0.225), (0.34375, 0.225), (0.34375, 0.109357), (0.34375, 0.109357), (0.34375, 0.109357), (0.34375, 0.225), (0.34375, 0.225), (0.34375, 0.225), (0.34375, 0.109357), (0.34375, 0.109357), (0.34375, 0.109357), (0.34375, 0.225), (0.34375, 0.225), (0.34375, 0.109357), (0.34375, 0.109357), (0.34375, 0.109357), (0.34375, 0.109357), (0.34375, 0.109357), (0.34375, 0.109357), (0.34375, 0.109357), (0.34375, 0.109357), (0.34375, 0.109357), (0.34375, 0.109357), (0.34375, 0.109357), (0.34375, 0.109357), (0.34375, 0.109357), (0.34375, 0.109357), (0.34375, 0.109357), (0.34375, 0.109357), (0.34375, 0.109357), (0.34375, 0.109357), (0.34375, 0.109357), (0.34375, 0.109357), (0.34375, 0.109357), (0.34375, 0.109357), (0.34375, 0.109357), (0.34375, 0.109357), (0.34375, 0.109357), (0.34375, 0.109357), (0.34375, 0.109357), (0.34375, 0.109357), (0.34375, 0.109357), (0.34375, 0.109357), (0.34375, 0.109357), (0.34375, 0.109357), (0.34375, 0.109357), (0.34375, 0.109357), (0.34375, 0.109357), (0.34375, 0.109357), (0.34375, 0.109357), (0.34375, 0.109357), (0.34375, 0.109357), (0.34375, 0.109357), (0.34375, 0.109357), (0.34375, 0.109357), (0.34375, 0.109357), (0.34375, 0.109357), (0.34375, 0.109357), (0.34375, 0.109357), (0.34375, 0.109357), (0.34375, 0.109357), (0.34375, 0.109357), (0.34375, 0.109357), (0.34375, 0.109357), (0.34375, 0.109357), (0.34375, 0.109357), (0.34375, 0.109357), (0.34375, 0.109357), (0.34375, 0.109357), (0.34375, 0.109357), (0.34375, 0.109357), (0.34375, 0.109357), (0.34375, 0.109357), (0.34375, 0.109357), (0.34375, 0.109357), (0.34375, 0.109357), (0.34375, 0.109357), (0.34375, 0.109357), (0.34375, 0.109357), (0.34375, 0.109357), (0.34375, 0.109357), (0.34375, 0.109357), (0.34375, 0.109357), (0.34375, 0.109357), (0.34375, 0.109357), (0.34375, 0.225), (0.34375, 0.109357), (0.34375, 0.109357), (0.34375, 0.109357), (0.34375, 0.225), (0.34375, 0.225), (0.34375, 0.225), (0.34375, 0.109357), (0.34375, 0.109357), (0.34375, 0.109357), (0.34375, 0.225), (0.34375, 0.225), (0.34375, 0.225), (0.34375, 0.109357), (0.34375, 0.225), (0.34375, 0.109357), (0.34375, 0.225), (0.34375, 0.109357), (0.34375, 0.225), (0.34375, 0.109357), (0.34375, 0.109357), (0.34375, 0.109357), (0.34375, 0.225), (0.34375, 0.225), (0.34375, 0.225), (0.34375, 0.109357), (0.34375, 0.109357), (0.34375, 0.109357), (0.34375, 0.225), (0.34375, 0.225), (0.34375, 0.109357), (0.34375, 0.225), (0.34375, 0.225), (0.34375, 0.225), (0.34375, 0.109357), (0.34375, 0.109357), (0.34375, 0.109357), (0.34375, 0.225), (0.34375, 0.225), (0.34375, 0.225), (0.34375, 0.109357), (0.34375, 0.109357), (0.34375, 0.225), (0.34375, 0.109357), (0.34375, 0.109357), (0.34375, 0.109357), (0.34375, 0.225), (0.34375, 0.225), (0.34375, 0.225), (0.34375, 0.225), (0.34375, 0.225), (0.34375, 0.225), (0.34375, 0.225), (0.34375, 0.225), (0.34375, 0.225), (0.34375, 0.225), (0.34375, 0.225), (0.34375, 0.225), (0.34375, 0.225), (0.34375, 0.225), (0.34375, 0.225), (0.34375, 0.225), (0.34375, 0.225), (0.34375, 0.225), (0.34375, 0.225), (0.34375, 0.225), (0.34375, 0.225), (0.34375, 0.225), (0.34375, 0.225), (0.34375, 0.225), (0.34375, 0.225), (0.34375, 0.225), (0.34375, 0.225), (0.34375, 0.225), (0.34375, 0.225), (0.34375, 0.225), (0.34375, 0.225), (0.34375, 0.225), (0.34375, 0.225), (0.34375, 0.225), (0.34375, 0.225), (0.34375, 0.225), (0.34375, 0.225), (0.34375, 0.225), (0.34375, 0.225), (0.34375, 0.225), (0.34375, 0.225), (0.34375, 0.225), (0.34375, 0.225), (0.34375, 0.225), (0.34375, 0.225), (0.34375, 0.225), (0.34375, 0.225), (0.34375, 0.225), (0.34375, 0.225), (0.34375, 0.225), (0.34375, 0.225), (0.34375, 0.225), (0.34375, 0.225), (0.34375, 0.225), (0.34375, 0.225), (0.34375, 0.225), (0.34375, 0.225), (0.34375, 0.225), (0.34375, 0.225), (0.34375, 0.225), (0.34375, 0.225), (0.34375, 0.225), (0.34375, 0.225), (0.34375, 0.225), (0.34375, 0.225), (0.34375, 0.225), (0.34375, 0.225), (0.34375, 0.225), (0.34375, 0.225), (0.34375, 0.225), (0.34375, 0.225), (0.34375, 0.225), (0.34375, 0.225), (0.34375, 0.225), (0.34375, 0.225), (0.34375, 0.109357), (0.34375, 0.225), (0.34375, 0.109357), (0.34375, 0.225), (0.34375, 0.109357), (0.34375, 0.109357), (0.34375, 0.225), (0.34375, 0.109357), (0.34375, 0.225), (0.34375, 0.109357), (0.34375, 0.225), (0.34375, 0.225), (0.34375, 0.109357), (0.34375, 0.109357), (0.34375, 0.109357), (0.34375, 0.225), (0.34375, 0.225), (0.34375, 0.225), (0.34375, 0.109357), (0.34375, 0.109357), (0.34375, 0.109357), (0.34375, 0.225), (0.34375, 0.225), (0.34375, 0.109357), (0.34375, 0.109357), (0.34375, 0.109357), (0.34375, 0.109357), (0.34375, 0.109357), (0.34375, 0.109357), (0.34375, 0.109357), (0.34375, 0.109357), (0.34375, 0.109357), (0.34375, 0.109357), (0.34375, 0.109357), (0.34375, 0.109357), (0.34375, 0.109357), (0.34375, 0.109357), (0.34375, 0.109357), (0.34375, 0.109357), (0.34375, 0.109357), (0.34375, 0.109357), (0.34375, 0.109357), (0.34375, 0.109357), (0.34375, 0.109357), (0.34375, 0.109357), (0.34375, 0.109357), (0.34375, 0.109357), (0.34375, 0.109357), (0.34375, 0.109357), (0.34375, 0.109357), (0.34375, 0.109357), (0.34375, 0.109357), (0.34375, 0.109357), (0.34375, 0.109357), (0.34375, 0.109357), (0.34375, 0.109357), (0.34375, 0.109357), (0.34375, 0.109357), (0.34375, 0.109357), (0.34375, 0.109357), (0.34375, 0.109357), (0.34375, 0.109357), (0.34375, 0.109357), (0.34375, 0.109357), (0.34375, 0.109357), (0.34375, 0.109357), (0.34375, 0.109357), (0.34375, 0.109357), (0.34375, 0.109357), (0.34375, 0.109357), (0.34375, 0.109357), (0.34375, 0.109357), (0.34375, 0.109357), (0.34375, 0.109357), (0.34375, 0.109357), (0.34375, 0.109357), (0.34375, 0.109357), (0.34375, 0.109357), (0.34375, 0.109357), (0.34375, 0.109357), (0.34375, 0.109357), (0.34375, 0.109357), (0.34375, 0.109357), (0.34375, 0.109357), (0.34375, 0.109357), (0.34375, 0.109357), (0.34375, 0.109357), (0.34375, 0.109357), (0.34375, 0.109357), (0.34375, 0.109357), (0.34375, 0.109357), (0.34375, 0.109357), (0.34375, 0.109357), (0.34375, 0.109357), (0.34375, 0.109357), (0.34375, 0.225), (0.34375, 0.109357), (0.34375, 0.109357), (0.34375, 0.109357), (0.34375, 0.225), (0.34375, 0.225), (0.34375, 0.225), (0.34375, 0.109357), (0.34375, 0.109357), (0.34375, 0.109357), (0.34375, 0.225), (0.34375, 0.225), (0.34375, 0.225), (0.34375, 0.109357), (0.34375, 0.225), (0.34375, 0.109357), (0.34375, 0.225), (0.34375, 0.109357), (0.34375, 0.225), (0.34375, 0.109357), (0.34375, 0.109357), (0.34375, 0.109357), (0.34375, 0.225), (0.34375, 0.225), (0.34375, 0.225), (0.34375, 0.109357), (0.34375, 0.109357), (0.34375, 0.109357), (0.34375, 0.225), (0.34375, 0.225), (0.34375, 0.109357), (0.34375, 0.225), (0.34375, 0.225), (0.34375, 0.225), (0.34375, 0.109357), (0.34375, 0.109357), (0.34375, 0.225), (0.34375, 0.167857), (0.34375, 0.167857), (0.34375, 0.167857), (0.34375, 0.225), (0.34375, 0.225), (0.34375, 0.167857), (0.34375, 0.025), (0.34375, 0.025), (0.34375, 0.025), (0.34375, 0.167857), (0.34375, 0.167857), (0.34375, 0.225), (0.34375, 0.167857), (0.34375, 0.167857), (0.34375, 0.167857), (0.34375, 0.225), (0.34375, 0.225), (0.34375, 0.167857), (0.34375, 0.167857), (0.34375, 0.167857), (0.34375, 0.167857), (0.34375, 0.167857), (0.34375, 0.167857), (0.34375, 0.167857), (0.34375, 0.025), (0.34375, 0.025), (0.34375, 0.025), (0.34375, 0.167857), (0.34375, 0.167857), (0.34375, 0.167857), (0.34375, 0.225), (0.34375, 0.167857), (0.34375, 0.225), (0.34375, 0.167857), (0.34375, 0.225), (0.34375, 0.225), (0.34375, 0.167857), (0.34375, 0.167857), (0.34375, 0.167857), (0.34375, 0.025), (0.34375, 0.025), (0.34375, 0.025), (0.34375, 0.167857), (0.34375, 0.167857), (0.34375, 0.225), (0.34375, 0.167857), (0.34375, 0.167857), (0.34375, 0.167857), (0.34375, 0.225), (0.34375, 0.225), (0.34375, 0.167857), (0.34375, 0.225), (0.34375, 0.167857), (0.34375, 0.025), (0.34375, 0.025), (0.34375, 0.025), (0.34375, 0.025), (0.34375, 0.025), (0.34375, 0.025), (0.34375, 0.025), (0.34375, 0.167857), (0.34375, 0.167857), (0.34375, 0.167857), (0.34375, 0.025), (0.34375, 0.025), (0.34375, 0.225), (0.34375, 0.225), (0.34375, 0.225), (0.34375, 0.225), (0.34375, 0.225), (0.34375, 0.225), (0.09375, 0.141699), (0.09375, 0.197214), (0.09375, 0.141699), (0.09375, 0.197214), (0.09375, 0.141699), (0.09375, 0.197214), (0.09375, 0.197214), (0.09375, 0.141699), (0.09375, 0.197214), (0.09375, 0.141699), (0.09375, 0.197214), (0.09375, 0.141699), (0.09375, 0.197214), (0.09375, 0.141699), (0.09375, 0.141699), (0.09375, 0.141699), (0.09375, 0.197214), (0.09375, 0.197214), (0.09375, 0.197214), (0.09375, 0.141699), (0.09375, 0.141699), (0.09375, 0.141699), (0.09375, 0.197214), (0.09375, 0.197214), (0.09375, 0.141699), (0.09375, 0.197214), (0.09375, 0.141699), (0.09375, 0.197214), (0.09375, 0.141699), (0.09375, 0.197214), (0.21875, 0.225), (0.21875, 0.113268), (0.21875, 0.113268), (0.21875, 0.113268), (0.21875, 0.225), (0.21875, 0.225), (0.21875, 0.109357), (0.21875, 0.025), (0.21875, 0.025), (0.21875, 0.025), (0.21875, 0.109357), (0.21875, 0.109357), (0.21875, 0.225), (0.21875, 0.113268), (0.21875, 0.113268), (0.21875, 0.113268), (0.21875, 0.225), (0.21875, 0.225), (0.21875, 0.025), (0.21875, 0.109357), (0.21875, 0.025), (0.21875, 0.109357), (0.21875, 0.025), (0.21875, 0.109357), (0.21875, 0.109357), (0.21875, 0.025), (0.21875, 0.025), (0.21875, 0.025), (0.21875, 0.109357), (0.21875, 0.109357), (0.21875, 0.109357), (0.21875, 0.025), (0.21875, 0.025), (0.21875, 0.025), (0.21875, 0.109357), (0.21875, 0.109357), (0.21875, 0.109357), (0.21875, 0.025), (0.21875, 0.025), (0.21875, 0.025), (0.21875, 0.109357), (0.21875, 0.109357), (0.21875, 0.109357), (0.21875, 0.025), (0.21875, 0.025), (0.21875, 0.025), (0.21875, 0.109357), (0.21875, 0.109357), (0.21875, 0.225), (0.21875, 0.113268), (0.21875, 0.113268), (0.21875, 0.113268), (0.21875, 0.225), (0.21875, 0.225), (0.21875, 0.025), (0.21875, 0.109357), (0.21875, 0.109357), (0.21875, 0.109357), (0.21875, 0.025), (0.21875, 0.025), (0.21875, 0.225), (0.21875, 0.113268), (0.21875, 0.225), (0.21875, 0.113268), (0.21875, 0.225), (0.21875, 0.113268), (0.21875, 0.113268), (0.21875, 0.225), (0.21875, 0.225), (0.21875, 0.225), (0.21875, 0.113268), (0.21875, 0.113268), (0.21875, 0.225), (0.21875, 0.113268), (0.21875, 0.113268), (0.21875, 0.113268), (0.21875, 0.225), (0.21875, 0.225), (0.21875, 0.225), (0.21875, 0.113268), (0.21875, 0.113268), (0.21875, 0.113268), (0.21875, 0.225), (0.21875, 0.225), (0.21875, 0.113268), (0.21875, 0.225), (0.21875, 0.113268), (0.21875, 0.225), (0.21875, 0.113268), (0.21875, 0.225), (0.21875, 0.225), (0.21875, 0.113268), (0.21875, 0.225), (0.21875, 0.113268), (0.21875, 0.225), (0.21875, 0.113268), (0.21875, 0.113268), (0.21875, 0.225), (0.21875, 0.225), (0.21875, 0.225), (0.21875, 0.113268), (0.21875, 0.113268), (0.21875, 0.225), (0.21875, 0.113268), (0.21875, 0.113268), (0.21875, 0.113268), (0.21875, 0.225), (0.21875, 0.225), (0.21875, 0.113268), (0.21875, 0.113268), (0.21875, 0.113268), (0.21875, 0.113268), (0.21875, 0.113268), (0.21875, 0.113268), (0.21875, 0.113268), (0.21875, 0.113268), (0.21875, 0.113268), (0.21875, 0.113268), (0.21875, 0.113268), (0.21875, 0.113268), (0.21875, 0.113268), (0.21875, 0.113268), (0.21875, 0.113268), (0.21875, 0.113268), (0.21875, 0.113268), (0.21875, 0.113268), (0.21875, 0.113268), (0.21875, 0.113268), (0.21875, 0.113268), (0.21875, 0.113268), (0.21875, 0.113268), (0.21875, 0.113268), (0.21875, 0.113268), (0.21875, 0.113268), (0.21875, 0.113268), (0.21875, 0.113268), (0.21875, 0.113268), (0.21875, 0.113268), (0.21875, 0.225), (0.21875, 0.113268), (0.21875, 0.113268), (0.21875, 0.113268), (0.21875, 0.225), (0.21875, 0.225), (0.21875, 0.109357), (0.21875, 0.025), (0.21875, 0.025), (0.21875, 0.025), (0.21875, 0.109357), (0.21875, 0.109357), (0.21875, 0.109357), (0.21875, 0.025), (0.21875, 0.109357), (0.21875, 0.025), (0.21875, 0.109357), (0.21875, 0.025), (0.21875, 0.109357), (0.21875, 0.025), (0.21875, 0.109357), (0.21875, 0.025), (0.21875, 0.109357), (0.21875, 0.025), (0.21875, 0.025), (0.21875, 0.109357), (0.21875, 0.109357), (0.21875, 0.109357), (0.21875, 0.025), (0.21875, 0.025), (0.21875, 0.109357), (0.21875, 0.025), (0.21875, 0.025), (0.21875, 0.025), (0.21875, 0.109357), (0.21875, 0.109357), (0.21875, 0.225), (0.21875, 0.113268), (0.21875, 0.113268), (0.21875, 0.113268), (0.21875, 0.225), (0.21875, 0.225), (0.21875, 0.109357), (0.21875, 0.025), (0.21875, 0.025), (0.21875, 0.025), (0.21875, 0.109357), (0.21875, 0.109357), (0.21875, 0.225), (0.21875, 0.113268), (0.21875, 0.113268), (0.21875, 0.113268), (0.21875, 0.225), (0.21875, 0.225), (0.21875, 0.025), (0.21875, 0.109357), (0.21875, 0.025), (0.21875, 0.109357), (0.21875, 0.025), (0.21875, 0.109357), (0.21875, 0.109357), (0.21875, 0.025), (0.21875, 0.025), (0.21875, 0.025), (0.21875, 0.109357), (0.21875, 0.109357), (0.21875, 0.109357), (0.21875, 0.025), (0.21875, 0.025), (0.21875, 0.025), (0.21875, 0.109357), (0.21875, 0.109357), (0.21875, 0.109357), (0.21875, 0.025), (0.21875, 0.025), (0.21875, 0.025), (0.21875, 0.109357), (0.21875, 0.109357), (0.21875, 0.109357), (0.21875, 0.025), (0.21875, 0.025), (0.21875, 0.025), (0.21875, 0.109357), (0.21875, 0.109357), (0.21875, 0.225), (0.21875, 0.113268), (0.21875, 0.113268), (0.21875, 0.113268), (0.21875, 0.225), (0.21875, 0.225), (0.21875, 0.025), (0.21875, 0.109357), (0.21875, 0.109357), (0.21875, 0.109357), (0.21875, 0.025), (0.21875, 0.025), (0.21875, 0.225), (0.21875, 0.113268), (0.21875, 0.225), (0.21875, 0.113268), (0.21875, 0.225), (0.21875, 0.113268), (0.21875, 0.113268), (0.21875, 0.225), (0.21875, 0.225), (0.21875, 0.225), (0.21875, 0.113268), (0.21875, 0.113268), (0.21875, 0.225), (0.21875, 0.113268), (0.21875, 0.113268), (0.21875, 0.113268), (0.21875, 0.225), (0.21875, 0.225), (0.21875, 0.225), (0.21875, 0.113268), (0.21875, 0.113268), (0.21875, 0.113268), (0.21875, 0.225), (0.21875, 0.225), (0.21875, 0.113268), (0.21875, 0.225), (0.21875, 0.113268), (0.21875, 0.225), (0.21875, 0.113268), (0.21875, 0.225), (0.21875, 0.225), (0.21875, 0.113268), (0.21875, 0.225), (0.21875, 0.113268), (0.21875, 0.225), (0.21875, 0.113268), (0.21875, 0.113268), (0.21875, 0.225), (0.21875, 0.225), (0.21875, 0.225), (0.21875, 0.113268), (0.21875, 0.113268), (0.21875, 0.225), (0.21875, 0.113268), (0.21875, 0.113268), (0.21875, 0.113268), (0.21875, 0.225), (0.21875, 0.225), (0.21875, 0.113268), (0.21875, 0.113268), (0.21875, 0.113268), (0.21875, 0.113268), (0.21875, 0.113268), (0.21875, 0.113268), (0.21875, 0.113268), (0.21875, 0.113268), (0.21875, 0.113268), (0.21875, 0.113268), (0.21875, 0.113268), (0.21875, 0.113268), (0.21875, 0.113268), (0.21875, 0.113268), (0.21875, 0.113268), (0.21875, 0.113268), (0.21875, 0.113268), (0.21875, 0.113268), (0.21875, 0.113268), (0.21875, 0.113268), (0.21875, 0.113268), (0.21875, 0.113268), (0.21875, 0.113268), (0.21875, 0.113268), (0.21875, 0.113268), (0.21875, 0.113268), (0.21875, 0.113268), (0.21875, 0.113268), (0.21875, 0.113268), (0.21875, 0.113268), (0.21875, 0.225), (0.21875, 0.113268), (0.21875, 0.113268), (0.21875, 0.113268), (0.21875, 0.225), (0.21875, 0.225), (0.21875, 0.109357), (0.21875, 0.025), (0.21875, 0.025), (0.21875, 0.025), (0.21875, 0.109357), (0.21875, 0.109357), (0.21875, 0.109357), (0.21875, 0.025), (0.21875, 0.109357), (0.21875, 0.025), (0.21875, 0.109357), (0.21875, 0.025), (0.21875, 0.109357), (0.21875, 0.025), (0.21875, 0.109357), (0.21875, 0.025), (0.21875, 0.109357), (0.21875, 0.025), (0.21875, 0.025), (0.21875, 0.109357), (0.21875, 0.109357), (0.21875, 0.109357), (0.21875, 0.025), (0.21875, 0.025), (0.21875, 0.109357), (0.21875, 0.025), (0.21875, 0.025), (0.21875, 0.025), (0.21875, 0.109357), (0.21875, 0.109357)] (interpolation = "faceVarying")
        uniform token subdivisionScheme = "none"
        rel material:binding = </Vehicle/Materials/colormap>
    }
    def Scope "Materials" {
        def Material "colormap" {
            token outputs:surface.connect = </Vehicle/Materials/colormap/surface.outputs:surface>
            def Shader "surface" {
                uniform token info:id = "UsdPreviewSurface"
                float inputs:roughness = 0.7
                float inputs:metallic = 0
                color3f inputs:diffuseColor.connect = </Vehicle/Materials/colormap/texture.outputs:rgb>
                token outputs:surface
            }
            def Shader "stReader" {
                uniform token info:id = "UsdPrimvarReader_float2"
                token inputs:varname = "st"
                float2 outputs:result
            }
            def Shader "texture" {
                uniform token info:id = "UsdUVTexture"
                asset inputs:file = @kenney-water-colormap.png@
                float2 inputs:st.connect = </Vehicle/Materials/colormap/stReader.outputs:result>
                token inputs:wrapS = "repeat"
                token inputs:wrapT = "repeat"
                float3 outputs:rgb
            }
        }
    }
}
