#usda 1.0
(
    defaultPrim = "Vehicle"
    metersPerUnit = 1
    upAxis = "Y"
)
def Xform "Vehicle" {
    def Mesh "mesh_colormap" {
        int[] faceVertexCounts = [3, 3, 3, 3, 3, 3, 3, 3, 3, 3, 3, 3, 3, 3, 3, 3, 3, 3, 3, 3, 3, 3, 3, 3, 3, 3, 3, 3, 3, 3, 3, 3, 3, 3, 3, 3, 3, 3, 3, 3, 3, 3, 3, 3, 3, 3, 3, 3, 3, 3, 3, 3, 3, 3, 3, 3, 3, 3, 3, 3, 3, 3, 3, 3, 3, 3, 3, 3, 3, 3, 3, 3, 3, 3, 3, 3, 3, 3, 3, 3, 3, 3, 3, 3, 3, 3, 3, 3, 3, 3, 3, 3, 3, 3, 3, 3, 3, 3, 3, 3, 3, 3, 3, 3, 3, 3, 3, 3, 3, 3, 3, 3, 3, 3, 3, 3, 3, 3, 3, 3, 3, 3, 3, 3, 3, 3, 3, 3, 3, 3, 3, 3, 3, 3, 3, 3, 3, 3, 3, 3, 3, 3, 3, 3, 3, 3, 3, 3, 3, 3, 3, 3, 3, 3, 3, 3, 3, 3, 3, 3, 3, 3, 3, 3, 3, 3, 3, 3, 3, 3, 3, 3, 3, 3, 3, 3, 3, 3, 3, 3, 3, 3, 3, 3, 3, 3, 3, 3, 3, 3, 3, 3, 3, 3, 3, 3, 3, 3, 3, 3, 3, 3, 3, 3, 3, 3, 3, 3, 3, 3, 3, 3, 3, 3, 3, 3, 3, 3, 3, 3, 3, 3, 3, 3, 3, 3, 3, 3, 3, 3, 3, 3, 3, 3, 3, 3, 3, 3, 3, 3, 3, 3, 3, 3, 3, 3, 3, 3, 3, 3, 3, 3, 3, 3, 3, 3, 3, 3, 3, 3, 3, 3, 3, 3, 3, 3, 3, 3, 3, 3, 3, 3, 3, 3, 3, 3, 3, 3, 3, 3, 3, 3, 3, 3, 3, 3, 3, 3, 3, 3, 3, 3, 3, 3, 3, 3, 3, 3, 3, 3, 3, 3, 3, 3, 3, 3, 3, 3, 3, 3, 3, 3, 3, 3, 3, 3, 3, 3, 3, 3, 3, 3, 3, 3, 3, 3, 3, 3, 3, 3, 3, 3, 3, 3, 3, 3, 3, 3, 3, 3, 3, 3, 3, 3, 3, 3, 3, 3, 3, 3, 3, 3, 3, 3, 3, 3, 3, 3, 3, 3, 3, 3, 3, 3, 3, 3, 3, 3, 3, 3, 3, 3, 3, 3, 3, 3, 3, 3, 3, 3, 3, 3, 3, 3, 3, 3, 3, 3, 3, 3, 3, 3, 3, 3, 3, 3, 3, 3, 3, 3, 3, 3, 3, 3, 3, 3, 3, 3, 3, 3, 3, 3, 3, 3, 3, 3, 3, 3, 3, 3, 3, 3, 3, 3, 3, 3, 3, 3, 3, 3, 3, 3, 3, 3, 3, 3, 3, 3, 3, 3, 3, 3, 3, 3, 3, 3, 3, 3, 3, 3, 3, 3, 3, 3, 3, 3, 3, 3, 3, 3, 3, 3, 3, 3, 3, 3, 3, 3, 3, 3, 3, 3, 3, 3, 3, 3, 3, 3, 3, 3, 3, 3, 3, 3, 3, 3, 3, 3, 3, 3, 3, 3, 3, 3, 3, 3, 3, 3, 3, 3, 3, 3, 3, 3, 3, 3, 3, 3, 3, 3, 3, 3, 3, 3, 3, 3, 3, 3, 3, 3, 3, 3, 3, 3, 3, 3, 3, 3, 3, 3, 3, 3, 3, 3, 3, 3, 3, 3, 3, 3, 3, 3, 3, 3, 3, 3, 3, 3, 3, 3, 3, 3, 3, 3, 3, 3, 3, 3, 3, 3, 3, 3, 3, 3, 3, 3, 3, 3, 3, 3, 3, 3, 3, 3, 3, 3, 3, 3, 3, 3, 3, 3, 3, 3, 3, 3, 3, 3, 3, 3, 3, 3, 3, 3, 3, 3, 3, 3, 3, 3, 3, 3, 3, 3, 3, 3, 3, 3, 3, 3, 3, 3, 3, 3, 3, 3, 3, 3, 3, 3, 3, 3, 3, 3, 3, 3, 3, 3, 3, 3, 3, 3, 3, 3, 3, 3, 3, 3, 3, 3, 3, 3, 3, 3, 3, 3, 3, 3, 3, 3, 3, 3, 3, 3, 3, 3, 3, 3, 3, 3, 3, 3, 3, 3, 3, 3, 3, 3, 3, 3, 3, 3, 3, 3, 3, 3, 3, 3, 3, 3, 3, 3, 3, 3, 3, 3, 3, 3, 3, 3, 3, 3, 3, 3, 3, 3, 3, 3, 3, 3, 3, 3, 3, 3, 3, 3, 3, 3, 3, 3, 3, 3, 3, 3, 3, 3, 3, 3, 3, 3, 3, 3, 3, 3, 3, 3, 3, 3, 3, 3, 3, 3, 3, 3, 3, 3, 3, 3, 3, 3, 3, 3, 3, 3, 3, 3, 3, 3, 3, 3, 3, 3, 3, 3, 3, 3, 3, 3, 3, 3, 3, 3, 3, 3, 3, 3, 3, 3, 3, 3, 3, 3, 3, 3, 3, 3, 3, 3, 3, 3, 3, 3, 3, 3, 3, 3, 3, 3, 3, 3, 3, 3, 3, 3, 3, 3, 3, 3, 3, 3, 3, 3, 3, 3, 3, 3, 3, 3, 3, 3, 3, 3, 3, 3, 3, 3, 3, 3, 3, 3, 3, 3, 3, 3, 3, 3, 3, 3, 3, 3, 3, 3, 3, 3, 3, 3, 3, 3, 3, 3, 3, 3, 3, 3, 3, 3, 3, 3, 3, 3, 3, 3, 3, 3, 3, 3, 3, 3, 3, 3, 3, 3, 3, 3, 3, 3, 3, 3, 3, 3, 3, 3, 3, 3, 3, 3, 3, 3, 3, 3, 3, 3, 3, 3, 3, 3, 3, 3, 3, 3, 3, 3, 3, 3, 3, 3, 3, 3, 3, 3, 3, 3, 3, 3, 3, 3, 3, 3, 3, 3, 3, 3, 3, 3, 3, 3, 3, 3, 3, 3, 3, 3, 3, 3, 3, 3, 3, 3, 3, 3, 3, 3, 3, 3, 3, 3, 3, 3, 3, 3, 3, 3, 3, 3, 3, 3, 3, 3, 3, 3, 3, 3, 3, 3, 3, 3, 3, 3, 3, 3, 3, 3, 3, 3, 3, 3, 3, 3, 3, 3, 3, 3, 3, 3, 3, 3, 3, 3, 3, 3, 3, 3, 3, 3, 3, 3, 3, 3, 3, 3, 3, 3, 3, 3, 3, 3, 3, 3, 3, 3, 3, 3, 3, 3, 3, 3, 3, 3, 3, 3, 3, 3, 3, 3, 3, 3, 3, 3, 3, 3, 3, 3, 3, 3, 3, 3, 3, 3, 3, 3, 3, 3, 3, 3, 3, 3, 3, 3, 3, 3, 3, 3, 3, 3, 3, 3, 3, 3, 3, 3, 3, 3, 3, 3, 3, 3, 3, 3, 3, 3, 3, 3, 3, 3, 3, 3, 3, 3, 3, 3, 3, 3, 3, 3, 3, 3, 3, 3, 3, 3, 3, 3, 3, 3, 3, 3, 3, 3, 3, 3, 3, 3, 3, 3, 3, 3, 3, 3, 3, 3, 3, 3, 3, 3, 3, 3, 3, 3, 3, 3, 3, 3, 3, 3, 3, 3, 3, 3, 3, 3, 3, 3, 3, 3, 3, 3, 3, 3, 3, 3, 3, 3, 3, 3, 3, 3, 3, 3, 3, 3, 3, 3, 3, 3, 3, 3, 3, 3, 3, 3, 3, 3, 3, 3, 3, 3, 3, 3, 3, 3, 3, 3, 3, 3, 3, 3, 3, 3, 3, 3, 3, 3, 3, 3, 3, 3, 3, 3, 3, 3, 3, 3, 3, 3, 3, 3, 3, 3, 3, 3, 3, 3, 3, 3, 3, 3, 3, 3, 3, 3, 3, 3, 3, 3, 3, 3, 3, 3, 3, 3, 3, 3, 3, 3, 3, 3, 3, 3, 3, 3, 3, 3, 3, 3, 3, 3, 3, 3, 3, 3, 3, 3, 3, 3, 3, 3, 3, 3, 3, 3, 3, 3, 3, 3, 3, 3, 3, 3, 3, 3, 3, 3, 3, 3, 3, 3, 3, 3, 3, 3, 3, 3, 3, 3, 3, 3, 3, 3, 3, 3, 3, 3, 3, 3, 3, 3, 3, 3, 3, 3, 3, 3, 3, 3, 3, 3, 3, 3, 3, 3, 3, 3, 3, 3, 3, 3, 3, 3, 3, 3, 3, 3, 3, 3, 3, 3, 3, 3, 3, 3, 3, 3, 3, 3, 3, 3, 3, 3, 3, 3, 3, 3, 3, 3, 3, 3, 3, 3, 3, 3, 3, 3, 3, 3, 3, 3, 3, 3, 3, 3, 3, 3, 3, 3, 3, 3, 3, 3, 3, 3, 3, 3, 3, 3, 3, 3, 3, 3, 3, 3, 3, 3, 3, 3, 3, 3, 3, 3, 3, 3, 3, 3, 3, 3, 3, 3, 3, 3, 3, 3, 3, 3, 3, 3, 3, 3, 3, 3, 3, 3, 3, 3, 3, 3, 3, 3, 3, 3, 3, 3, 3, 3, 3, 3, 3, 3, 3, 3, 3, 3, 3, 3, 3, 3, 3, 3, 3, 3, 3, 3, 3, 3, 3, 3, 3, 3, 3, 3, 3, 3, 3, 3, 3, 3, 3, 3, 3, 3, 3, 3, 3, 3, 3, 3, 3, 3, 3, 3, 3, 3, 3, 3, 3, 3, 3, 3, 3, 3, 3, 3, 3, 3, 3, 3, 3, 3, 3, 3, 3, 3, 3, 3, 3, 3, 3, 3, 3, 3, 3, 3, 3, 3, 3, 3, 3, 3, 3, 3, 3, 3, 3, 3, 3, 3, 3, 3, 3, 3, 3, 3, 3, 3, 3, 3, 3, 3, 3, 3, 3, 3, 3, 3, 3, 3, 3, 3, 3, 3, 3, 3, 3, 3, 3, 3, 3, 3, 3, 3, 3, 3, 3, 3, 3, 3, 3, 3, 3, 3, 3, 3, 3, 3, 3, 3, 3, 3, 3, 3, 3, 3, 3, 3, 3, 3, 3, 3, 3, 3, 3, 3, 3, 3, 3, 3, 3, 3, 3, 3, 3, 3, 3, 3, 3, 3, 3, 3, 3, 3, 3, 3, 3, 3, 3, 3, 3, 3, 3, 3, 3, 3, 3, 3, 3, 3, 3, 3, 3, 3, 3, 3, 3, 3, 3, 3, 3, 3, 3, 3, 3, 3, 3, 3, 3, 3, 3, 3, 3, 3, 3, 3, 3, 3, 3, 3, 3, 3, 3, 3, 3, 3, 3, 3, 3, 3, 3, 3, 3, 3, 3, 3, 3, 3, 3, 3, 3, 3, 3, 3, 3, 3, 3, 3, 3, 3, 3, 3, 3, 3, 3, 3, 3, 3, 3, 3, 3, 3, 3, 3, 3, 3, 3, 3, 3, 3, 3, 3, 3, 3, 3, 3, 3, 3, 3, 3, 3, 3, 3, 3, 3, 3, 3, 3, 3, 3, 3, 3, 3, 3, 3, 3, 3, 3, 3, 3, 3, 3, 3, 3, 3, 3, 3, 3, 3, 3, 3, 3, 3, 3, 3, 3, 3, 3, 3, 3, 3, 3, 3, 3, 3, 3, 3, 3, 3, 3, 3, 3, 3, 3, 3, 3, 3, 3, 3, 3, 3, 3, 3, 3, 3, 3, 3, 3, 3, 3, 3, 3, 3, 3, 3, 3, 3, 3, 3, 3, 3, 3, 3, 3, 3, 3, 3, 3, 3, 3, 3, 3, 3, 3, 3, 3, 3, 3, 3, 3, 3, 3, 3, 3, 3, 3, 3, 3, 3, 3, 3, 3, 3, 3, 3, 3, 3, 3, 3, 3, 3, 3, 3, 3, 3, 3, 3, 3, 3, 3, 3, 3, 3, 3, 3, 3, 3, 3, 3, 3, 3, 3, 3, 3, 3, 3, 3, 3, 3, 3, 3, 3, 3, 3, 3, 3, 3, 3, 3, 3, 3, 3, 3, 3, 3, 3, 3, 3, 3, 3, 3, 3, 3, 3, 3, 3, 3, 3, 3, 3, 3, 3, 3, 3, 3, 3, 3, 3, 3, 3, 3, 3, 3, 3, 3, 3, 3, 3, 3, 3, 3, 3, 3, 3, 3, 3, 3, 3, 3, 3, 3, 3, 3, 3, 3, 3, 3, 3, 3, 3, 3, 3, 3, 3, 3, 3, 3, 3, 3, 3, 3, 3, 3, 3, 3, 3, 3, 3, 3, 3, 3, 3, 3, 3, 3, 3, 3, 3, 3, 3, 3, 3, 3, 3, 3, 3, 3, 3, 3, 3, 3, 3, 3, 3, 3, 3, 3, 3, 3, 3, 3, 3, 3, 3, 3, 3, 3, 3, 3, 3, 3, 3, 3, 3, 3, 3, 3, 3, 3, 3, 3, 3, 3, 3, 3, 3, 3, 3, 3, 3, 3, 3, 3, 3, 3, 3, 3, 3, 3, 3, 3, 3, 3, 3, 3, 3, 3, 3, 3, 3, 3, 3, 3, 3, 3, 3, 3, 3, 3, 3, 3, 3, 3, 3, 3, 3, 3, 3, 3, 3, 3, 3, 3, 3, 3, 3, 3, 3, 3, 3, 3, 3, 3, 3, 3, 3, 3, 3, 3, 3, 3, 3, 3, 3, 3, 3, 3, 3, 3, 3, 3, 3, 3, 3, 3, 3, 3, 3, 3, 3, 3, 3, 3, 3, 3, 3, 3, 3, 3, 3, 3, 3, 3, 3, 3, 3, 3, 3, 3, 3, 3, 3, 3, 3]
        int[] faceVertexIndices = [2, 1, 0, 1, 2, 3, 6, 5, 4, 5, 6, 7, 10, 9, 8, 9, 10, 11, 14, 13, 12, 13, 14, 3, 16, 8, 15, 8, 16, 10, 19, 18, 17, 18, 19, 20, 3, 21, 1, 21, 3, 14, 24, 23, 22, 23, 24, 25, 9, 26, 8, 26, 9, 27, 30, 29, 28, 29, 30, 31, 28, 33, 32, 33, 28, 29, 18, 11, 10, 11, 18, 34, 37, 36, 35, 36, 37, 38, 1, 40, 39, 40, 1, 21, 42, 41, 23, 41, 42, 43, 44, 38, 37, 38, 44, 32, 47, 46, 45, 46, 47, 48, 51, 50, 49, 50, 51, 39, 52, 43, 42, 43, 52, 53, 20, 34, 18, 34, 20, 54, 22, 41, 55, 41, 22, 23, 57, 55, 56, 55, 57, 22, 17, 10, 16, 10, 17, 18, 48, 56, 46, 56, 48, 57, 38, 33, 58, 33, 38, 32, 8, 59, 15, 59, 8, 26, 0, 39, 51, 39, 0, 1, 50, 31, 30, 31, 50, 60, 36, 58, 61, 58, 36, 38, 39, 60, 50, 60, 39, 40, 3, 62, 13, 62, 3, 2, 35, 20, 19, 20, 35, 36, 12, 7, 6, 7, 12, 13, 36, 54, 20, 54, 36, 61, 63, 32, 44, 32, 63, 28, 7, 64, 5, 64, 7, 65, 66, 22, 57, 22, 66, 24, 25, 42, 23, 42, 25, 67, 69, 51, 68, 51, 69, 0, 27, 47, 26, 47, 27, 70, 13, 65, 7, 65, 13, 62, 5, 53, 52, 53, 5, 64, 71, 5, 52, 5, 71, 4, 72, 57, 48, 57, 72, 66, 70, 48, 47, 48, 70, 72, 73, 28, 63, 28, 73, 30, 26, 45, 59, 45, 26, 47, 67, 52, 42, 52, 67, 71, 49, 30, 73, 30, 49, 50, 75, 44, 74, 44, 75, 63, 59, 77, 76, 77, 59, 45, 79, 73, 78, 73, 79, 49, 78, 63, 75, 63, 78, 73, 65, 81, 80, 81, 65, 62, 83, 19, 82, 19, 83, 35, 84, 17, 16, 17, 84, 85, 74, 37, 86, 37, 74, 44, 15, 76, 87, 76, 15, 59, 45, 88, 77, 88, 45, 46, 85, 19, 17, 19, 85, 82, 87, 16, 15, 16, 87, 84, 62, 89, 81, 89, 62, 2, 43, 90, 41, 90, 43, 91, 64, 92, 53, 92, 64, 93, 46, 94, 88, 94, 46, 56, 89, 0, 69, 0, 89, 2, 68, 49, 79, 49, 68, 51, 53, 91, 43, 91, 53, 92, 55, 90, 95, 90, 55, 41, 65, 93, 64, 93, 65, 80, 80, 92, 93, 92, 80, 91, 91, 80, 81, 91, 81, 89, 91, 89, 90, 90, 89, 69, 90, 69, 95, 95, 69, 68, 95, 68, 94, 94, 68, 79, 94, 79, 88, 88, 79, 78, 88, 78, 77, 77, 78, 75, 77, 75, 76, 76, 75, 74, 76, 74, 87, 87, 74, 86, 87, 86, 84, 84, 86, 83, 84, 83, 85, 85, 83, 82, 56, 95, 94, 95, 56, 55, 86, 35, 83, 35, 86, 37, 71, 6, 4, 6, 71, 67, 6, 67, 12, 12, 67, 25, 12, 25, 96, 96, 14, 12, 96, 25, 97, 14, 96, 98, 97, 25, 24, 14, 98, 21, 97, 24, 99, 99, 24, 100, 100, 24, 101, 101, 24, 66, 101, 66, 102, 102, 66, 72, 102, 72, 103, 21, 98, 104, 21, 104, 105, 21, 105, 106, 21, 106, 40, 40, 106, 107, 103, 72, 70, 103, 70, 108, 108, 70, 109, 109, 70, 27, 109, 27, 110, 40, 107, 60, 60, 107, 111, 60, 111, 112, 60, 112, 31, 31, 112, 113, 31, 113, 29, 29, 113, 114, 110, 27, 9, 29, 114, 33, 110, 9, 115, 115, 9, 116, 33, 114, 117, 33, 117, 118, 116, 9, 119, 33, 118, 119, 119, 9, 11, 33, 119, 58, 58, 119, 11, 58, 11, 34, 58, 34, 61, 61, 34, 54, 122, 121, 120, 121, 122, 123, 121, 123, 124, 124, 123, 125, 124, 125, 126, 126, 125, 127, 125, 128, 127, 126, 127, 129, 128, 125, 130, 128, 130, 131, 131, 130, 132, 126, 129, 133, 133, 129, 134, 133, 134, 135, 132, 130, 136, 132, 136, 137, 137, 136, 138, 138, 136, 139, 138, 139, 140, 133, 135, 141, 141, 135, 142, 141, 142, 143, 140, 139, 144, 140, 144, 145, 145, 144, 146, 141, 143, 147, 147, 143, 148, 147, 148, 149, 147, 149, 150, 150, 149, 151, 146, 144, 152, 146, 152, 153, 153, 152, 154, 150, 151, 155, 155, 151, 156, 155, 156, 157, 154, 152, 158, 155, 157, 159, 154, 158, 160, 159, 157, 161, 160, 158, 162, 159, 161, 162, 159, 162, 158, 159, 158, 163, 159, 163, 164, 164, 163, 165, 164, 165, 166, 166, 165, 167, 170, 169, 168, 169, 170, 171, 174, 173, 172, 173, 174, 175, 178, 177, 176, 177, 178, 179, 182, 181, 180, 181, 182, 183, 184, 174, 172, 174, 184, 185, 188, 187, 186, 187, 188, 189, 182, 190, 183, 190, 182, 191, 175, 192, 173, 192, 175, 193, 186, 195, 194, 195, 186, 187, 197, 184, 196, 184, 197, 185, 200, 199, 198, 199, 200, 201, 204, 203, 202, 203, 204, 205, 177, 197, 196, 197, 177, 179, 205, 168, 203, 168, 205, 170, 206, 189, 188, 189, 206, 207, 180, 209, 208, 209, 180, 181, 201, 186, 194, 186, 201, 200, 186, 200, 188, 188, 200, 176, 188, 176, 206, 206, 176, 177, 206, 177, 210, 210, 177, 196, 210, 196, 211, 211, 196, 184, 211, 184, 169, 169, 184, 172, 169, 172, 168, 168, 172, 173, 168, 173, 203, 203, 173, 192, 203, 192, 202, 202, 192, 209, 202, 209, 212, 212, 209, 181, 212, 181, 190, 190, 181, 183, 171, 211, 169, 211, 171, 213, 214, 206, 210, 206, 214, 207, 213, 210, 211, 210, 213, 214, 176, 198, 178, 198, 176, 200, 215, 202, 212, 202, 215, 204, 208, 192, 193, 192, 208, 209, 201, 195, 199, 195, 201, 194, 191, 212, 190, 212, 191, 215, 218, 217, 216, 217, 218, 219, 222, 221, 220, 221, 222, 216, 216, 222, 218, 218, 222, 223, 223, 222, 224, 223, 224, 225, 225, 224, 226, 225, 226, 227, 225, 227, 228, 228, 227, 229, 228, 229, 230, 228, 230, 231, 231, 230, 232, 231, 232, 233, 233, 232, 234, 233, 234, 235, 233, 235, 236, 236, 235, 237, 236, 237, 238, 238, 237, 239, 238, 239, 240, 240, 239, 241, 240, 241, 242, 240, 242, 243, 243, 242, 244, 243, 244, 245, 243, 245, 246, 243, 246, 247, 246, 245, 248, 246, 248, 249, 249, 248, 250, 250, 248, 251, 251, 248, 252, 251, 252, 253, 253, 252, 254, 253, 254, 255, 253, 255, 256, 256, 255, 257, 256, 257, 258, 256, 258, 259, 259, 258, 260, 259, 260, 261, 261, 260, 262, 261, 262, 263, 261, 263, 264, 264, 263, 265, 264, 265, 266, 266, 265, 267, 266, 267, 268, 268, 267, 269, 268, 269, 270, 268, 270, 271, 271, 270, 272, 271, 272, 273, 271, 273, 274, 271, 274, 275, 271, 275, 276, 275, 274, 277, 280, 279, 278, 281, 279, 280, 281, 280, 282, 283, 279, 281, 284, 279, 283, 285, 279, 284, 285, 286, 279, 287, 286, 285, 288, 286, 287, 288, 289, 286, 290, 289, 288, 290, 291, 289, 292, 291, 290, 293, 291, 292, 293, 294, 291, 295, 294, 293, 295, 296, 294, 297, 296, 295, 297, 298, 296, 299, 298, 297, 300, 298, 299, 300, 301, 298, 302, 301, 300, 303, 301, 302, 301, 303, 304, 305, 304, 303, 305, 306, 304, 305, 307, 306, 305, 308, 307, 309, 308, 305, 309, 310, 308, 308, 310, 311, 312, 310, 309, 313, 310, 312, 313, 314, 310, 315, 314, 313, 316, 314, 315, 316, 317, 314, 318, 317, 316, 318, 319, 317, 320, 319, 318, 321, 319, 320, 321, 322, 319, 323, 322, 321, 323, 324, 322, 325, 324, 323, 325, 326, 324, 327, 326, 325, 328, 326, 327, 328, 329, 326, 330, 329, 328, 331, 329, 330, 329, 331, 332, 333, 332, 331, 333, 334, 332, 333, 335, 334, 336, 335, 333, 335, 336, 337, 340, 339, 338, 339, 340, 341, 341, 340, 342, 342, 340, 343, 346, 345, 344, 345, 346, 347, 347, 346, 348, 348, 346, 349, 349, 346, 350, 266, 352, 351, 352, 266, 268, 236, 354, 353, 354, 236, 238, 355, 296, 298, 296, 355, 356, 357, 317, 319, 317, 357, 358, 359, 326, 329, 326, 359, 360, 361, 304, 306, 304, 361, 362, 310, 364, 363, 364, 310, 314, 364, 314, 365, 238, 366, 354, 366, 238, 240, 367, 298, 301, 298, 367, 355, 358, 314, 317, 314, 358, 365, 356, 294, 296, 294, 356, 368, 368, 291, 294, 291, 368, 369, 370, 286, 289, 286, 370, 371, 233, 353, 372, 353, 233, 236, 373, 319, 322, 319, 373, 357, 251, 374, 250, 374, 251, 375, 360, 324, 326, 324, 360, 376, 379, 378, 377, 378, 379, 217, 378, 217, 219, 378, 219, 380, 378, 380, 381, 383, 247, 382, 247, 383, 243, 383, 385, 384, 385, 383, 382, 385, 382, 386, 385, 386, 375, 375, 386, 374, 374, 386, 387, 279, 341, 278, 341, 279, 339, 388, 363, 364, 363, 388, 389, 389, 388, 390, 390, 388, 362, 390, 362, 361, 390, 361, 391, 392, 271, 276, 271, 392, 393, 253, 395, 394, 395, 253, 256, 231, 372, 396, 372, 231, 233, 223, 219, 218, 219, 223, 380, 250, 387, 249, 387, 250, 374, 311, 363, 389, 363, 311, 310, 225, 380, 223, 380, 225, 381, 381, 225, 397, 308, 389, 390, 389, 308, 311, 259, 399, 398, 399, 259, 261, 279, 338, 339, 338, 279, 286, 338, 286, 371, 388, 304, 362, 304, 388, 301, 301, 388, 367, 361, 307, 391, 307, 361, 306, 264, 351, 400, 351, 264, 266, 384, 243, 383, 243, 384, 240, 240, 384, 366, 401, 271, 393, 271, 401, 268, 268, 401, 352, 376, 322, 324, 322, 376, 373, 261, 400, 399, 400, 261, 264, 348, 335, 347, 335, 348, 334, 246, 387, 386, 387, 246, 249, 228, 396, 402, 396, 228, 231, 348, 332, 334, 332, 348, 349, 382, 246, 386, 246, 382, 247, 251, 385, 375, 385, 251, 253, 385, 253, 394, 256, 398, 395, 398, 256, 259, 349, 329, 332, 329, 349, 350, 329, 350, 359, 390, 307, 308, 307, 390, 391, 369, 289, 291, 289, 369, 370, 340, 403, 343, 403, 340, 404, 392, 275, 405, 275, 392, 276, 225, 402, 397, 402, 225, 228, 393, 404, 401, 404, 393, 392, 404, 392, 405, 404, 405, 403, 278, 342, 280, 342, 278, 341, 377, 345, 379, 345, 377, 344, 406, 281, 282, 281, 406, 407, 410, 409, 408, 409, 410, 411, 406, 408, 407, 408, 406, 410, 412, 277, 274, 277, 412, 413, 275, 403, 405, 403, 275, 411, 411, 343, 403, 411, 275, 413, 413, 275, 277, 410, 343, 411, 410, 342, 343, 406, 342, 410, 282, 342, 406, 342, 282, 280, 220, 415, 414, 415, 220, 221, 418, 417, 416, 417, 418, 419, 337, 421, 420, 421, 337, 336, 415, 416, 414, 416, 415, 418, 216, 415, 221, 216, 418, 415, 217, 418, 216, 379, 418, 217, 345, 418, 379, 418, 345, 419, 347, 419, 345, 347, 420, 419, 335, 420, 347, 420, 335, 337, 419, 421, 417, 421, 419, 420, 305, 422, 309, 422, 305, 423, 422, 423, 424, 416, 424, 423, 417, 424, 416, 421, 424, 417, 421, 333, 424, 333, 421, 336, 416, 423, 425, 416, 425, 222, 416, 222, 414, 414, 222, 220, 425, 423, 426, 423, 427, 426, 428, 426, 427, 426, 428, 245, 245, 428, 248, 423, 409, 427, 427, 409, 273, 429, 409, 423, 273, 409, 412, 273, 412, 274, 429, 408, 409, 429, 407, 408, 429, 281, 407, 281, 429, 283, 411, 412, 409, 412, 411, 413, 432, 431, 430, 431, 432, 433, 435, 430, 434, 430, 435, 432, 437, 434, 436, 434, 437, 435, 440, 439, 438, 439, 440, 441, 433, 440, 431, 440, 433, 441, 437, 432, 435, 432, 437, 433, 433, 437, 442, 433, 442, 441, 441, 442, 443, 441, 443, 439, 438, 443, 444, 443, 438, 439, 442, 436, 445, 436, 442, 437, 444, 442, 445, 442, 444, 443, 448, 447, 446, 447, 448, 449, 451, 446, 450, 446, 451, 448, 453, 450, 452, 450, 453, 451, 456, 455, 454, 455, 456, 457, 449, 456, 447, 456, 449, 457, 453, 448, 451, 448, 453, 449, 449, 453, 458, 449, 458, 457, 457, 458, 459, 457, 459, 455, 454, 459, 460, 459, 454, 455, 458, 452, 461, 452, 458, 453, 460, 458, 461, 458, 460, 459, 462, 316, 315, 316, 462, 463, 464, 320, 318, 320, 464, 465, 328, 466, 330, 466, 328, 467, 468, 292, 290, 292, 468, 469, 470, 288, 287, 288, 470, 471, 244, 426, 245, 426, 244, 472, 473, 323, 321, 323, 473, 474, 303, 423, 305, 423, 303, 475, 331, 424, 333, 424, 331, 476, 471, 290, 288, 290, 471, 468, 477, 299, 297, 299, 477, 478, 479, 327, 325, 327, 479, 480, 469, 293, 292, 293, 469, 481, 482, 297, 295, 297, 482, 477, 327, 467, 328, 467, 327, 480, 463, 318, 316, 318, 463, 464, 302, 475, 303, 475, 302, 483, 484, 315, 313, 315, 484, 462, 485, 313, 312, 313, 485, 484, 330, 476, 331, 476, 330, 466, 474, 325, 323, 325, 474, 479, 300, 483, 302, 483, 300, 486, 487, 285, 284, 285, 487, 488, 299, 486, 300, 486, 299, 478, 488, 287, 285, 287, 488, 470, 465, 321, 320, 321, 465, 473, 272, 427, 273, 427, 272, 489, 481, 295, 293, 295, 481, 482, 270, 489, 272, 489, 270, 490, 491, 248, 428, 248, 491, 252, 262, 493, 492, 493, 262, 260, 260, 494, 493, 494, 260, 258, 267, 495, 269, 495, 267, 496, 497, 252, 491, 252, 497, 254, 499, 255, 498, 255, 499, 257, 498, 254, 497, 254, 498, 255, 258, 499, 494, 499, 258, 257, 267, 500, 496, 500, 267, 265, 263, 492, 501, 492, 263, 262, 269, 490, 270, 490, 269, 495, 265, 501, 500, 501, 265, 263, 427, 491, 428, 491, 427, 497, 497, 427, 498, 498, 427, 499, 499, 427, 494, 494, 427, 493, 493, 427, 492, 492, 427, 501, 501, 427, 500, 500, 427, 496, 496, 427, 495, 495, 427, 490, 490, 427, 489, 483, 423, 475, 423, 483, 429, 429, 483, 486, 429, 486, 478, 429, 478, 477, 429, 477, 482, 429, 482, 481, 429, 481, 469, 429, 469, 468, 429, 468, 471, 429, 471, 470, 429, 470, 488, 429, 488, 487, 487, 283, 429, 283, 487, 284, 466, 424, 476, 424, 466, 422, 422, 466, 467, 422, 467, 480, 422, 480, 479, 422, 479, 474, 422, 474, 473, 422, 473, 465, 422, 465, 464, 422, 464, 463, 422, 463, 462, 422, 462, 484, 422, 484, 485, 426, 502, 425, 502, 426, 503, 503, 426, 504, 504, 426, 505, 505, 426, 506, 506, 426, 507, 507, 426, 508, 508, 426, 509, 509, 426, 510, 510, 426, 511, 511, 426, 512, 512, 426, 513, 513, 426, 472, 485, 309, 422, 309, 485, 312, 242, 472, 244, 472, 242, 513, 502, 222, 425, 222, 502, 224, 234, 507, 508, 507, 234, 232, 232, 506, 507, 506, 232, 230, 241, 511, 512, 511, 241, 239, 503, 224, 502, 224, 503, 226, 505, 227, 504, 227, 505, 229, 504, 226, 503, 226, 504, 227, 239, 510, 511, 510, 239, 237, 235, 508, 509, 508, 235, 234, 230, 505, 506, 505, 230, 229, 241, 513, 242, 513, 241, 512, 237, 509, 510, 509, 237, 235, 516, 515, 514, 515, 516, 517, 518, 404, 340, 404, 518, 519, 519, 518, 520, 519, 520, 521, 523, 516, 522, 516, 523, 517, 517, 523, 524, 378, 525, 377, 525, 378, 526, 526, 378, 381, 526, 381, 527, 527, 381, 397, 527, 397, 402, 527, 402, 396, 527, 396, 528, 528, 396, 372, 528, 372, 353, 528, 353, 354, 528, 354, 366, 528, 366, 384, 528, 384, 385, 528, 385, 529, 530, 528, 529, 529, 385, 531, 531, 385, 394, 531, 394, 395, 531, 395, 532, 532, 395, 533, 533, 395, 398, 533, 398, 534, 534, 398, 399, 534, 399, 400, 534, 400, 351, 534, 351, 352, 534, 352, 535, 535, 352, 401, 535, 401, 404, 535, 404, 519, 515, 536, 514, 536, 515, 537, 540, 539, 538, 539, 540, 541, 541, 540, 542, 541, 542, 543, 543, 542, 544, 544, 542, 533, 525, 344, 377, 344, 525, 545, 545, 525, 546, 545, 546, 547, 546, 548, 547, 549, 548, 546, 527, 548, 549, 527, 549, 526, 550, 548, 527, 548, 550, 551, 552, 529, 531, 529, 552, 553, 539, 554, 538, 554, 539, 534, 534, 539, 544, 534, 544, 533, 528, 555, 527, 555, 528, 556, 555, 556, 542, 542, 556, 557, 542, 557, 558, 542, 558, 533, 533, 558, 532, 559, 558, 530, 558, 559, 532, 532, 559, 560, 532, 552, 531, 552, 532, 560, 552, 559, 553, 559, 552, 560, 538, 515, 517, 515, 538, 355, 355, 538, 356, 367, 515, 355, 356, 538, 554, 388, 515, 367, 356, 554, 368, 368, 554, 369, 369, 554, 370, 370, 554, 371, 371, 554, 561, 371, 561, 338, 338, 561, 340, 340, 561, 518, 388, 537, 515, 388, 562, 537, 537, 562, 523, 364, 562, 388, 365, 562, 364, 358, 562, 365, 357, 562, 358, 373, 562, 357, 376, 562, 373, 376, 550, 562, 360, 550, 376, 359, 550, 360, 350, 550, 359, 350, 551, 550, 346, 551, 350, 344, 551, 346, 551, 344, 545, 516, 536, 522, 536, 516, 514, 524, 538, 517, 524, 540, 538, 563, 540, 524, 564, 540, 563, 540, 564, 565, 562, 565, 564, 565, 562, 550, 534, 561, 554, 561, 534, 566, 566, 534, 520, 520, 534, 567, 567, 534, 535, 521, 520, 567, 555, 540, 565, 540, 555, 542, 527, 568, 550, 568, 527, 555, 569, 550, 568, 568, 555, 570, 550, 569, 565, 570, 555, 571, 565, 569, 571, 565, 571, 555, 523, 536, 537, 536, 523, 522, 559, 529, 553, 529, 559, 530, 527, 562, 550, 562, 527, 523, 523, 527, 524, 524, 527, 517, 517, 527, 538, 538, 527, 539, 539, 527, 544, 544, 527, 533, 533, 527, 528, 533, 528, 530, 533, 530, 558, 533, 558, 532, 431, 434, 430, 434, 431, 436, 436, 431, 440, 436, 440, 445, 445, 440, 438, 445, 438, 444, 447, 450, 446, 450, 447, 452, 452, 447, 456, 452, 456, 461, 461, 456, 454, 461, 454, 460, 525, 549, 546, 549, 525, 526, 547, 551, 545, 551, 547, 548, 572, 544, 539, 544, 572, 573, 575, 562, 574, 562, 575, 523, 523, 575, 524, 576, 569, 568, 569, 576, 577, 530, 579, 578, 579, 530, 580, 580, 530, 558, 535, 521, 567, 521, 535, 519, 566, 518, 561, 518, 566, 520, 583, 582, 581, 582, 583, 584, 583, 586, 585, 586, 583, 581, 587, 583, 585, 583, 587, 584, 582, 586, 581, 586, 582, 588, 587, 586, 588, 586, 587, 585, 591, 590, 589, 590, 591, 592, 593, 590, 592, 590, 593, 594, 595, 591, 589, 591, 595, 596, 595, 590, 594, 590, 595, 589, 591, 593, 592, 593, 591, 596, 599, 598, 597, 598, 599, 600, 600, 599, 601, 598, 602, 597, 602, 598, 603, 605, 599, 604, 599, 605, 601, 600, 605, 606, 605, 600, 601, 606, 602, 603, 602, 606, 604, 604, 606, 605, 603, 600, 606, 600, 603, 598, 587, 599, 584, 584, 599, 582, 597, 582, 599, 597, 588, 582, 588, 593, 587, 597, 593, 588, 596, 587, 593, 596, 599, 587, 597, 594, 593, 602, 594, 597, 595, 599, 596, 594, 602, 595, 595, 604, 599, 604, 595, 602, 661, 641, 668, 668, 641, 665, 641, 618, 665, 618, 726, 665, 665, 726, 640, 618, 616, 726, 726, 725, 640, 726, 616, 723, 725, 724, 640, 724, 721, 640, 723, 616, 722, 722, 616, 717, 640, 721, 636, 616, 634, 717, 721, 720, 636, 636, 720, 638, 720, 719, 638, 638, 719, 667, 719, 718, 667, 718, 714, 667, 667, 714, 647, 717, 634, 716, 634, 677, 716, 716, 677, 715, 715, 677, 710, 677, 679, 710, 714, 713, 647, 647, 713, 628, 713, 712, 628, 712, 711, 628, 711, 705, 628, 710, 679, 709, 679, 673, 709, 709, 673, 708, 673, 631, 708, 708, 631, 707, 707, 631, 706, 706, 631, 704, 628, 705, 621, 631, 632, 704, 705, 703, 621, 704, 632, 703, 619, 621, 703, 703, 632, 619, 632, 674, 619, 619, 674, 613, 674, 678, 613, 611, 613, 678, 644, 693, 642, 690, 642, 693, 662, 663, 702, 701, 702, 663, 689, 690, 692, 692, 690, 691, 690, 693, 691, 691, 693, 694, 693, 681, 694, 694, 681, 683, 681, 682, 683, 683, 682, 684, 682, 685, 684, 684, 685, 695, 685, 686, 695, 695, 686, 701, 686, 675, 701, 701, 675, 702, 675, 676, 702, 702, 676, 697, 676, 696, 697, 697, 696, 698, 696, 688, 698, 688, 687, 698, 698, 687, 699, 700, 699, 687, 687, 672, 700, 671, 700, 672, 648, 662, 697, 702, 697, 662, 699, 660, 698, 650, 698, 660, 658, 675, 656, 686, 656, 675, 609, 696, 607, 676, 607, 696, 663, 653, 701, 695, 701, 653, 700, 671, 699, 660, 699, 671, 698, 650, 697, 648, 697, 650, 609, 669, 696, 688, 696, 669, 691, 694, 623, 622, 623, 694, 689, 692, 626, 624, 626, 692, 653, 652, 695, 684, 695, 652, 666, 622, 683, 694, 683, 622, 651, 681, 644, 693, 644, 681, 692, 691, 624, 623, 624, 691, 642, 690, 626, 689, 626, 690, 669, 672, 688, 687, 688, 672, 680, 685, 670, 682, 670, 685, 656, 686, 680, 685, 680, 686, 652, 666, 684, 683, 684, 666, 670, 682, 651, 681, 651, 682, 657, 656, 637, 680, 637, 656, 678, 674, 659, 649, 659, 674, 654, 633, 652, 666, 652, 633, 637, 680, 635, 670, 635, 680, 679, 677, 655, 654, 655, 677, 673, 679, 664, 655, 664, 679, 611, 678, 612, 659, 612, 678, 671, 612, 660, 659, 660, 612, 669, 620, 672, 614, 672, 620, 677, 634, 654, 633, 654, 634, 607, 676, 658, 675, 658, 676, 674, 632, 649, 630, 649, 632, 631, 673, 629, 664, 629, 673, 672, 614, 671, 612, 671, 614, 635, 670, 639, 651, 639, 670, 668, 643, 661, 627, 661, 643, 620, 619, 614, 613, 614, 619, 643, 642, 627, 626, 627, 642, 609, 610, 669, 620, 669, 610, 647, 646, 667, 657, 667, 646, 645, 643, 665, 668, 665, 643, 667, 657, 638, 637, 638, 657, 608, 607, 646, 658, 646, 607, 633, 615, 666, 622, 666, 615, 639, 645, 640, 665, 640, 645, 664, 655, 663, 653, 663, 655, 625, 624, 617, 623, 617, 624, 629, 664, 662, 663, 662, 664, 630, 629, 648, 662, 648, 629, 661, 627, 641, 625, 641, 627, 660, 659, 650, 649, 650, 659, 646, 658, 657, 656, 657, 658, 655, 654, 653, 652, 653, 654, 639, 651, 645, 644, 645, 651, 650, 649, 648, 630, 648, 649, 628, 608, 647, 646, 647, 608, 645, 644, 643, 642, 643, 644, 641, 625, 618, 617, 618, 625, 636, 635, 640, 639, 640, 635, 638, 637, 636, 635, 636, 637, 634, 616, 633, 615, 633, 616, 632, 631, 630, 629, 630, 631, 621, 610, 628, 608, 628, 610, 627, 626, 625, 624, 625, 626, 617, 623, 615, 622, 615, 623, 610, 621, 620, 619, 620, 621, 618, 617, 616, 615, 616, 617, 614, 613, 612, 611, 612, 613, 610, 609, 608, 607, 608, 609, 774, 772, 773, 773, 772, 771, 772, 770, 771, 771, 770, 766, 770, 765, 766, 765, 769, 766, 769, 768, 766, 769, 765, 767, 768, 764, 766, 767, 765, 761, 766, 764, 762, 765, 759, 761, 764, 763, 762, 763, 758, 762, 762, 758, 757, 761, 759, 760, 760, 759, 753, 759, 751, 753, 758, 756, 757, 757, 756, 754, 756, 755, 754, 755, 750, 754, 754, 750, 748, 753, 751, 752, 752, 751, 747, 751, 746, 747, 750, 749, 748, 749, 742, 748, 748, 742, 740, 747, 746, 745, 746, 743, 745, 745, 743, 744, 744, 743, 739, 743, 737, 739, 742, 741, 740, 741, 736, 740, 740, 736, 733, 739, 737, 738, 738, 737, 735, 737, 732, 735, 736, 734, 733, 734, 735, 732, 734, 732, 733, 733, 732, 731, 732, 730, 731, 731, 730, 728, 730, 729, 728, 727, 728, 729, 822, 798, 819, 797, 819, 798, 801, 808, 802, 806, 802, 808, 816, 815, 799, 800, 799, 815, 811, 822, 809, 819, 809, 822, 807, 783, 805, 785, 805, 783, 821, 820, 817, 818, 817, 820, 814, 821, 813, 817, 813, 821, 820, 778, 818, 776, 818, 778, 790, 788, 797, 797, 788, 819, 788, 816, 819, 819, 816, 809, 816, 799, 809, 809, 799, 810, 799, 780, 810, 810, 780, 775, 780, 779, 775, 775, 779, 776, 779, 791, 776, 776, 791, 818, 791, 803, 818, 818, 803, 817, 803, 784, 817, 817, 784, 813, 784, 783, 813, 813, 783, 795, 783, 807, 795, 795, 807, 793, 807, 808, 793, 801, 793, 808, 788, 787, 816, 815, 816, 787, 814, 813, 796, 795, 796, 813, 777, 812, 775, 810, 775, 812, 786, 784, 804, 803, 804, 784, 812, 811, 810, 809, 810, 811, 808, 807, 806, 805, 806, 807, 792, 804, 791, 803, 791, 804, 794, 793, 802, 801, 802, 793, 800, 782, 799, 780, 799, 782, 798, 789, 797, 790, 797, 789, 796, 795, 794, 793, 794, 795, 792, 791, 781, 779, 781, 791, 790, 789, 788, 787, 788, 789, 786, 785, 784, 783, 784, 785, 782, 781, 780, 779, 780, 781, 778, 777, 776, 775, 776, 777, 877, 857, 884, 884, 857, 881, 857, 834, 881, 834, 942, 881, 881, 942, 856, 834, 832, 942, 942, 941, 856, 942, 832, 939, 941, 940, 856, 940, 937, 856, 939, 832, 938, 938, 832, 933, 856, 937, 852, 832, 850, 933, 937, 936, 852, 852, 936, 854, 936, 935, 854, 854, 935, 883, 935, 934, 883, 934, 930, 883, 883, 930, 863, 933, 850, 932, 850, 893, 932, 932, 893, 931, 931, 893, 926, 893, 895, 926, 930, 929, 863, 863, 929, 844, 929, 928, 844, 928, 927, 844, 927, 921, 844, 926, 895, 925, 895, 889, 925, 925, 889, 924, 889, 847, 924, 924, 847, 923, 923, 847, 922, 922, 847, 920, 844, 921, 837, 847, 848, 920, 921, 919, 837, 920, 848, 919, 835, 837, 919, 919, 848, 835, 848, 890, 835, 835, 890, 829, 890, 894, 829, 827, 829, 894, 860, 909, 858, 906, 858, 909, 878, 879, 918, 917, 918, 879, 905, 906, 908, 908, 906, 907, 906, 909, 907, 907, 909, 910, 909, 897, 910, 910, 897, 899, 897, 898, 899, 899, 898, 900, 898, 901, 900, 900, 901, 911, 901, 902, 911, 911, 902, 917, 902, 891, 917, 917, 891, 918, 891, 892, 918, 918, 892, 913, 892, 912, 913, 913, 912, 914, 912, 904, 914, 904, 903, 914, 914, 903, 915, 916, 915, 903, 903, 888, 916, 887, 916, 888, 864, 878, 913, 918, 913, 878, 915, 876, 914, 866, 914, 876, 874, 891, 872, 902, 872, 891, 825, 912, 823, 892, 823, 912, 879, 869, 917, 911, 917, 869, 916, 887, 915, 876, 915, 887, 914, 866, 913, 864, 913, 866, 825, 885, 912, 904, 912, 885, 907, 910, 839, 838, 839, 910, 905, 908, 842, 840, 842, 908, 869, 868, 911, 900, 911, 868, 882, 838, 899, 910, 899, 838, 867, 897, 860, 909, 860, 897, 908, 907, 840, 839, 840, 907, 858, 906, 842, 905, 842, 906, 885, 888, 904, 903, 904, 888, 896, 901, 886, 898, 886, 901, 872, 902, 896, 901, 896, 902, 868, 882, 900, 899, 900, 882, 886, 898, 867, 897, 867, 898, 873, 872, 853, 896, 853, 872, 894, 890, 875, 865, 875, 890, 870, 849, 868, 882, 868, 849, 853, 896, 851, 886, 851, 896, 895, 893, 871, 870, 871, 893, 889, 895, 880, 871, 880, 895, 827, 894, 828, 875, 828, 894, 887, 828, 876, 875, 876, 828, 885, 836, 888, 830, 888, 836, 893, 850, 870, 849, 870, 850, 823, 892, 874, 891, 874, 892, 890, 848, 865, 846, 865, 848, 847, 889, 845, 880, 845, 889, 888, 830, 887, 828, 887, 830, 851, 886, 855, 867, 855, 886, 884, 859, 877, 843, 877, 859, 836, 835, 830, 829, 830, 835, 859, 858, 843, 842, 843, 858, 825, 826, 885, 836, 885, 826, 863, 862, 883, 873, 883, 862, 861, 859, 881, 884, 881, 859, 883, 873, 854, 853, 854, 873, 824, 823, 862, 874, 862, 823, 849, 831, 882, 838, 882, 831, 855, 861, 856, 881, 856, 861, 880, 871, 879, 869, 879, 871, 841, 840, 833, 839, 833, 840, 845, 880, 878, 879, 878, 880, 846, 845, 864, 878, 864, 845, 877, 843, 857, 841, 857, 843, 876, 875, 866, 865, 866, 875, 862, 874, 873, 872, 873, 874, 871, 870, 869, 868, 869, 870, 855, 867, 861, 860, 861, 867, 866, 865, 864, 846, 864, 865, 844, 824, 863, 862, 863, 824, 861, 860, 859, 858, 859, 860, 857, 841, 834, 833, 834, 841, 852, 851, 856, 855, 856, 851, 854, 853, 852, 851, 852, 853, 850, 832, 849, 831, 849, 832, 848, 847, 846, 845, 846, 847, 837, 826, 844, 824, 844, 826, 843, 842, 841, 840, 841, 842, 833, 839, 831, 838, 831, 839, 826, 837, 836, 835, 836, 837, 834, 833, 832, 831, 832, 833, 830, 829, 828, 827, 828, 829, 826, 825, 824, 823, 824, 825, 990, 988, 989, 989, 988, 987, 988, 986, 987, 987, 986, 982, 986, 981, 982, 981, 985, 982, 985, 984, 982, 985, 981, 983, 984, 980, 982, 983, 981, 977, 982, 980, 978, 981, 975, 977, 980, 979, 978, 979, 974, 978, 978, 974, 973, 977, 975, 976, 976, 975, 969, 975, 967, 969, 974, 972, 973, 973, 972, 970, 972, 971, 970, 971, 966, 970, 970, 966, 964, 969, 967, 968, 968, 967, 963, 967, 962, 963, 966, 965, 964, 965, 958, 964, 964, 958, 956, 963, 962, 961, 962, 959, 961, 961, 959, 960, 960, 959, 955, 959, 953, 955, 958, 957, 956, 957, 952, 956, 956, 952, 949, 955, 953, 954, 954, 953, 951, 953, 948, 951, 952, 950, 949, 950, 951, 948, 950, 948, 949, 949, 948, 947, 948, 946, 947, 947, 946, 944, 946, 945, 944, 943, 944, 945, 1038, 1014, 1035, 1013, 1035, 1014, 1017, 1024, 1018, 1022, 1018, 1024, 1032, 1031, 1015, 1016, 1015, 1031, 1027, 1038, 1025, 1035, 1025, 1038, 1023, 999, 1021, 1001, 1021, 999, 1037, 1036, 1033, 1034, 1033, 1036, 1030, 1037, 1029, 1033, 1029, 1037, 1036, 994, 1034, 992, 1034, 994, 1006, 1004, 1013, 1013, 1004, 1035, 1004, 1032, 1035, 1035, 1032, 1025, 1032, 1015, 1025, 1025, 1015, 1026, 1015, 996, 1026, 1026, 996, 991, 996, 995, 991, 991, 995, 992, 995, 1007, 992, 992, 1007, 1034, 1007, 1019, 1034, 1034, 1019, 1033, 1019, 1000, 1033, 1033, 1000, 1029, 1000, 999, 1029, 1029, 999, 1011, 999, 1023, 1011, 1011, 1023, 1009, 1023, 1024, 1009, 1017, 1009, 1024, 1004, 1003, 1032, 1031, 1032, 1003, 1030, 1029, 1012, 1011, 1012, 1029, 993, 1028, 991, 1026, 991, 1028, 1002, 1000, 1020, 1019, 1020, 1000, 1028, 1027, 1026, 1025, 1026, 1027, 1024, 1023, 1022, 1021, 1022, 1023, 1008, 1020, 1007, 1019, 1007, 1020, 1010, 1009, 1018, 1017, 1018, 1009, 1016, 998, 1015, 996, 1015, 998, 1014, 1005, 1013, 1006, 1013, 1005, 1012, 1011, 1010, 1009, 1010, 1011, 1008, 1007, 997, 995, 997, 1007, 1006, 1005, 1004, 1003, 1004, 1005, 1002, 1001, 1000, 999, 1000, 1001, 998, 997, 996, 995, 996, 997, 994, 993, 992, 991, 992, 993, 1041, 1040, 1039, 1040, 1041, 1042, 1045, 1044, 1043, 1044, 1045, 1046, 1049, 1048, 1047, 1048, 1049, 1050, 1053, 1052, 1051, 1052, 1053, 1042, 1055, 1047, 1054, 1047, 1055, 1049, 1058, 1057, 1056, 1057, 1058, 1059, 1042, 1060, 1040, 1060, 1042, 1053, 1063, 1062, 1061, 1062, 1063, 1064, 1048, 1065, 1047, 1065, 1048, 1066, 1069, 1068, 1067, 1068, 1069, 1070, 1067, 1072, 1071, 1072, 1067, 1068, 1057, 1050, 1049, 1050, 1057, 1073, 1076, 1075, 1074, 1075, 1076, 1077, 1040, 1079, 1078, 1079, 1040, 1060, 1081, 1080, 1062, 1080, 1081, 1082, 1083, 1077, 1076, 1077, 1083, 1071, 1086, 1085, 1084, 1085, 1086, 1087, 1090, 1089, 1088, 1089, 1090, 1078, 1091, 1082, 1081, 1082, 1091, 1092, 1059, 1073, 1057, 1073, 1059, 1093, 1061, 1080, 1094, 1080, 1061, 1062, 1096, 1094, 1095, 1094, 1096, 1061, 1056, 1049, 1055, 1049, 1056, 1057, 1087, 1095, 1085, 1095, 1087, 1096, 1077, 1072, 1097, 1072, 1077, 1071, 1047, 1098, 1054, 1098, 1047, 1065, 1039, 1078, 1090, 1078, 1039, 1040, 1089, 1070, 1069, 1070, 1089, 1099, 1075, 1097, 1100, 1097, 1075, 1077, 1078, 1099, 1089, 1099, 1078, 1079, 1042, 1101, 1052, 1101, 1042, 1041, 1074, 1059, 1058, 1059, 1074, 1075, 1051, 1046, 1045, 1046, 1051, 1052, 1075, 1093, 1059, 1093, 1075, 1100, 1102, 1071, 1083, 1071, 1102, 1067, 1046, 1103, 1044, 1103, 1046, 1104, 1105, 1061, 1096, 1061, 1105, 1063, 1064, 1081, 1062, 1081, 1064, 1106, 1108, 1090, 1107, 1090, 1108, 1039, 1066, 1086, 1065, 1086, 1066, 1109, 1052, 1104, 1046, 1104, 1052, 1101, 1044, 1092, 1091, 1092, 1044, 1103, 1110, 1044, 1091, 1044, 1110, 1043, 1111, 1096, 1087, 1096, 1111, 1105, 1109, 1087, 1086, 1087, 1109, 1111, 1112, 1067, 1102, 1067, 1112, 1069, 1065, 1084, 1098, 1084, 1065, 1086, 1106, 1091, 1081, 1091, 1106, 1110, 1088, 1069, 1112, 1069, 1088, 1089, 1114, 1083, 1113, 1083, 1114, 1102, 1098, 1116, 1115, 1116, 1098, 1084, 1118, 1112, 1117, 1112, 1118, 1088, 1117, 1102, 1114, 1102, 1117, 1112, 1104, 1120, 1119, 1120, 1104, 1101, 1122, 1058, 1121, 1058, 1122, 1074, 1123, 1056, 1055, 1056, 1123, 1124, 1113, 1076, 1125, 1076, 1113, 1083, 1054, 1115, 1126, 1115, 1054, 1098, 1084, 1127, 1116, 1127, 1084, 1085, 1124, 1058, 1056, 1058, 1124, 1121, 1126, 1055, 1054, 1055, 1126, 1123, 1101, 1128, 1120, 1128, 1101, 1041, 1082, 1129, 1080, 1129, 1082, 1130, 1103, 1131, 1092, 1131, 1103, 1132, 1085, 1133, 1127, 1133, 1085, 1095, 1128, 1039, 1108, 1039, 1128, 1041, 1107, 1088, 1118, 1088, 1107, 1090, 1092, 1130, 1082, 1130, 1092, 1131, 1094, 1129, 1134, 1129, 1094, 1080, 1104, 1132, 1103, 1132, 1104, 1119, 1119, 1131, 1132, 1131, 1119, 1130, 1130, 1119, 1120, 1130, 1120, 1128, 1130, 1128, 1129, 1129, 1128, 1108, 1129, 1108, 1134, 1134, 1108, 1107, 1134, 1107, 1133, 1133, 1107, 1118, 1133, 1118, 1127, 1127, 1118, 1117, 1127, 1117, 1116, 1116, 1117, 1114, 1116, 1114, 1115, 1115, 1114, 1113, 1115, 1113, 1126, 1126, 1113, 1125, 1126, 1125, 1123, 1123, 1125, 1122, 1123, 1122, 1124, 1124, 1122, 1121, 1095, 1134, 1133, 1134, 1095, 1094, 1125, 1074, 1122, 1074, 1125, 1076, 1110, 1045, 1043, 1045, 1110, 1106, 1045, 1106, 1051, 1051, 1106, 1064, 1051, 1064, 1135, 1135, 1053, 1051, 1135, 1064, 1136, 1053, 1135, 1137, 1136, 1064, 1063, 1053, 1137, 1060, 1136, 1063, 1138, 1138, 1063, 1139, 1139, 1063, 1140, 1140, 1063, 1105, 1140, 1105, 1141, 1141, 1105, 1111, 1141, 1111, 1142, 1060, 1137, 1143, 1060, 1143, 1144, 1060, 1144, 1145, 1060, 1145, 1079, 1079, 1145, 1146, 1142, 1111, 1109, 1142, 1109, 1147, 1147, 1109, 1148, 1148, 1109, 1066, 1148, 1066, 1149, 1079, 1146, 1099, 1099, 1146, 1150, 1099, 1150, 1151, 1099, 1151, 1070, 1070, 1151, 1152, 1070, 1152, 1068, 1068, 1152, 1153, 1149, 1066, 1048, 1068, 1153, 1072, 1149, 1048, 1154, 1154, 1048, 1155, 1072, 1153, 1156, 1072, 1156, 1157, 1155, 1048, 1158, 1072, 1157, 1158, 1158, 1048, 1050, 1072, 1158, 1097, 1097, 1158, 1050, 1097, 1050, 1073, 1097, 1073, 1100, 1100, 1073, 1093, 1161, 1160, 1159, 1160, 1161, 1162, 1160, 1162, 1163, 1163, 1162, 1164, 1163, 1164, 1165, 1165, 1164, 1166, 1164, 1167, 1166, 1165, 1166, 1168, 1167, 1164, 1169, 1167, 1169, 1170, 1170, 1169, 1171, 1165, 1168, 1172, 1172, 1168, 1173, 1172, 1173, 1174, 1171, 1169, 1175, 1171, 1175, 1176, 1176, 1175, 1177, 1177, 1175, 1178, 1177, 1178, 1179, 1172, 1174, 1180, 1180, 1174, 1181, 1180, 1181, 1182, 1179, 1178, 1183, 1179, 1183, 1184, 1184, 1183, 1185, 1180, 1182, 1186, 1186, 1182, 1187, 1186, 1187, 1188, 1186, 1188, 1189, 1189, 1188, 1190, 1185, 1183, 1191, 1185, 1191, 1192, 1192, 1191, 1193, 1189, 1190, 1194, 1194, 1190, 1195, 1194, 1195, 1196, 1193, 1191, 1197, 1194, 1196, 1198, 1193, 1197, 1199, 1198, 1196, 1200, 1199, 1197, 1201, 1198, 1200, 1201, 1198, 1201, 1197, 1198, 1197, 1202, 1198, 1202, 1203, 1203, 1202, 1204, 1203, 1204, 1205, 1205, 1204, 1206, 1209, 1208, 1207, 1208, 1209, 1210, 1213, 1212, 1211, 1212, 1213, 1214, 1217, 1216, 1215, 1216, 1217, 1218, 1221, 1220, 1219, 1220, 1221, 1222, 1223, 1213, 1211, 1213, 1223, 1224, 1227, 1226, 1225, 1226, 1227, 1228, 1221, 1229, 1222, 1229, 1221, 1230, 1214, 1231, 1212, 1231, 1214, 1232, 1225, 1234, 1233, 1234, 1225, 1226, 1236, 1223, 1235, 1223, 1236, 1224, 1239, 1238, 1237, 1238, 1239, 1240, 1243, 1242, 1241, 1242, 1243, 1244, 1216, 1236, 1235, 1236, 1216, 1218, 1244, 1207, 1242, 1207, 1244, 1209, 1245, 1228, 1227, 1228, 1245, 1246, 1219, 1248, 1247, 1248, 1219, 1220, 1240, 1225, 1233, 1225, 1240, 1239, 1225, 1239, 1227, 1227, 1239, 1215, 1227, 1215, 1245, 1245, 1215, 1216, 1245, 1216, 1249, 1249, 1216, 1235, 1249, 1235, 1250, 1250, 1235, 1223, 1250, 1223, 1208, 1208, 1223, 1211, 1208, 1211, 1207, 1207, 1211, 1212, 1207, 1212, 1242, 1242, 1212, 1231, 1242, 1231, 1241, 1241, 1231, 1248, 1241, 1248, 1251, 1251, 1248, 1220, 1251, 1220, 1229, 1229, 1220, 1222, 1210, 1250, 1208, 1250, 1210, 1252, 1253, 1245, 1249, 1245, 1253, 1246, 1252, 1249, 1250, 1249, 1252, 1253, 1215, 1237, 1217, 1237, 1215, 1239, 1254, 1241, 1251, 1241, 1254, 1243, 1247, 1231, 1232, 1231, 1247, 1248, 1240, 1234, 1238, 1234, 1240, 1233, 1230, 1251, 1229, 1251, 1230, 1254]
        point3f[] points = [(-0.35, 0.559808, -0.81), (-0.5, 0.559808, -0.81), (-0.35, 0.512132, -0.872132), (-0.5, 0.512132, -0.872132), (-0.6, 0.3, -0.915), (-0.5, 0.3, -0.96), (-0.6, 0.365999, -0.906311), (-0.5, 0.377646, -0.949778), (-0.5, 0.087868, -0.447868), (-0.6, 0.119688, -0.479688), (-0.5, 0.15, -0.400192), (-0.6, 0.1725, -0.439163), (-0.6, 0.4275, -0.880836), (-0.5, 0.45, -0.919808), (-0.6, 0.480312, -0.840312), (-0.35, 0.087868, -0.447868), (-0.35, 0.15, -0.400192), (-0.35, 0.222354, -0.370222), (-0.5, 0.222354, -0.370222), (-0.35, 0.3, -0.36), (-0.5, 0.3, -0.36), (-0.6, 0.520837, -0.7875), (-0.5, 0.0401924, -0.81), (-0.5, 0.087868, -0.872132), (-0.6, 0.0791635, -0.7875), (-0.6, 0.119688, -0.840312), (-0.5, 0.0401924, -0.51), (-0.6, 0.0791635, -0.5325), (-0.5, 0.559808, -0.51), (-0.6, 0.520837, -0.5325), (-0.5, 0.589778, -0.582354), (-0.6, 0.546311, -0.594001), (-0.5, 0.512132, -0.447868), (-0.6, 0.480312, -0.479688), (-0.6, 0.234001, -0.413689), (-0.35, 0.377646, -0.370222), (-0.5, 0.377646, -0.370222), (-0.35, 0.45, -0.400192), (-0.5, 0.45, -0.400192), (-0.5, 0.589778, -0.737646), (-0.6, 0.546311, -0.725999), (-0.35, 0.087868, -0.872132), (-0.5, 0.15, -0.919808), (-0.35, 0.15, -0.919808), (-0.35, 0.512132, -0.447868), (-0.35, 0.0102223, -0.582354), (-0.35, 0, -0.66), (-0.5, 0.0102223, -0.582354), (-0.5, 0, -0.66), (-0.35, 0.6, -0.66), (-0.5, 0.6, -0.66), (-0.35, 0.589778, -0.737646), (-0.5, 0.222354, -0.949778), (-0.35, 0.222354, -0.949778), (-0.6, 0.3, -0.405), (-0.35, 0.0401924, -0.81), (-0.35, 0.0102223, -0.737646), (-0.5, 0.0102223, -0.737646), (-0.6, 0.4275, -0.439163), (-0.35, 0.0401924, -0.51), (-0.6, 0.555, -0.66), (-0.6, 0.365999, -0.413689), (-0.35, 0.45, -0.919808), (-0.35, 0.559808, -0.51), (-0.35, 0.3, -0.96), (-0.35, 0.377646, -0.949778), (-0.6, 0.0536889, -0.725999), (-0.6, 0.1725, -0.880836), (-0.25, 0.546311, -0.725999), (-0.25, 0.520837, -0.7875), (-0.6, 0.0536889, -0.594001), (-0.6, 0.234001, -0.906311), (-0.6, 0.045, -0.66), (-0.35, 0.589778, -0.582354), (-0.25, 0.480312, -0.479688), (-0.25, 0.520837, -0.5325), (-0.25, 0.0791635, -0.5325), (-0.25, 0.0536889, -0.594001), (-0.25, 0.546311, -0.594001), (-0.25, 0.555, -0.66), (-0.25, 0.365999, -0.906311), (-0.25, 0.4275, -0.880836), (-0.25, 0.3, -0.405), (-0.25, 0.365999, -0.413689), (-0.25, 0.1725, -0.439163), (-0.25, 0.234001, -0.413689), (-0.25, 0.4275, -0.439163), (-0.25, 0.119688, -0.479688), (-0.25, 0.045, -0.66), (-0.25, 0.480312, -0.840312), (-0.25, 0.119688, -0.840312), (-0.25, 0.1725, -0.880836), (-0.25, 0.234001, -0.906311), (-0.25, 0.3, -0.915), (-0.25, 0.0536889, -0.725999), (-0.25, 0.0791635, -0.7875), (-0.6, 0.3, -0.841368), (-0.6, 0.253059, -0.835188), (-0.6, 0.346942, -0.835188), (-0.6, 0.209316, -0.817069), (-0.6, 0.171753, -0.788247), (-0.6, 0.14293, -0.750684), (-0.6, 0.124812, -0.706942), (-0.6, 0.118632, -0.66), (-0.6, 0.390684, -0.817069), (-0.6, 0.428247, -0.788247), (-0.6, 0.45707, -0.750684), (-0.6, 0.475188, -0.706942), (-0.6, 0.124812, -0.613058), (-0.6, 0.14293, -0.569316), (-0.6, 0.171753, -0.531753), (-0.6, 0.481368, -0.66), (-0.6, 0.475188, -0.613058), (-0.6, 0.45707, -0.569316), (-0.6, 0.428247, -0.531753), (-0.6, 0.209316, -0.50293), (-0.6, 0.253059, -0.484812), (-0.6, 0.390684, -0.50293), (-0.6, 0.346942, -0.484812), (-0.6, 0.3, -0.478632), (-0.6, 0.3, -0.478632), (-0.6, 0.253059, -0.484812), (-0.6, 0.346942, -0.484812), (-0.6, 0.390684, -0.50293), (-0.6, 0.209316, -0.50293), (-0.6, 0.428247, -0.531753), (-0.6, 0.171753, -0.531753), (-0.6, 0.3, -0.539522), (-0.6, 0.331182, -0.543627), (-0.6, 0.268818, -0.543627), (-0.6, 0.45707, -0.569316), (-0.6, 0.360239, -0.555663), (-0.6, 0.385191, -0.574809), (-0.6, 0.14293, -0.569316), (-0.6, 0.239761, -0.555663), (-0.6, 0.214809, -0.574809), (-0.6, 0.475188, -0.613058), (-0.6, 0.404337, -0.599761), (-0.6, 0.416373, -0.628818), (-0.6, 0.481368, -0.66), (-0.6, 0.420478, -0.66), (-0.6, 0.124812, -0.613058), (-0.6, 0.195663, -0.599761), (-0.6, 0.183627, -0.628818), (-0.6, 0.475188, -0.706942), (-0.6, 0.416373, -0.691182), (-0.6, 0.404337, -0.720239), (-0.6, 0.118632, -0.66), (-0.6, 0.179522, -0.66), (-0.6, 0.183627, -0.691182), (-0.6, 0.124812, -0.706942), (-0.6, 0.195663, -0.720239), (-0.6, 0.45707, -0.750684), (-0.6, 0.385191, -0.745191), (-0.6, 0.360239, -0.764337), (-0.6, 0.14293, -0.750684), (-0.6, 0.214809, -0.745191), (-0.6, 0.239761, -0.764337), (-0.6, 0.428247, -0.788247), (-0.6, 0.171753, -0.788247), (-0.6, 0.331182, -0.776373), (-0.6, 0.268818, -0.776373), (-0.6, 0.3, -0.780478), (-0.6, 0.390684, -0.817069), (-0.6, 0.209316, -0.817069), (-0.6, 0.346942, -0.835188), (-0.6, 0.253059, -0.835188), (-0.6, 0.3, -0.841368), (-0.55, 0.38728, -0.636614), (-0.55, 0.390358, -0.66), (-0.6, 0.416373, -0.628818), (-0.6, 0.420478, -0.66), (-0.55, 0.21272, -0.636614), (-0.55, 0.221747, -0.614821), (-0.6, 0.183627, -0.628818), (-0.6, 0.195663, -0.599761), (-0.55, 0.236107, -0.723893), (-0.55, 0.221747, -0.705179), (-0.6, 0.214809, -0.745191), (-0.6, 0.195663, -0.720239), (-0.6, 0.268818, -0.543627), (-0.55, 0.276614, -0.57272), (-0.6, 0.3, -0.539522), (-0.55, 0.3, -0.569642), (-0.55, 0.209642, -0.66), (-0.6, 0.179522, -0.66), (-0.55, 0.323387, -0.747279), (-0.6, 0.331182, -0.776373), (-0.55, 0.345179, -0.738253), (-0.6, 0.360239, -0.764337), (-0.55, 0.323387, -0.57272), (-0.6, 0.331182, -0.543627), (-0.55, 0.236107, -0.596107), (-0.6, 0.214809, -0.574809), (-0.55, 0.3, -0.750359), (-0.6, 0.3, -0.780478), (-0.55, 0.21272, -0.683386), (-0.6, 0.183627, -0.691182), (-0.6, 0.239761, -0.764337), (-0.6, 0.268818, -0.776373), (-0.55, 0.254821, -0.738253), (-0.55, 0.276614, -0.747279), (-0.55, 0.363893, -0.596107), (-0.55, 0.378253, -0.614821), (-0.6, 0.385191, -0.574809), (-0.6, 0.404337, -0.599761), (-0.55, 0.363893, -0.723893), (-0.6, 0.385191, -0.745191), (-0.6, 0.239761, -0.555663), (-0.55, 0.254821, -0.581747), (-0.55, 0.378253, -0.705179), (-0.55, 0.38728, -0.683386), (-0.55, 0.345179, -0.581747), (-0.6, 0.416373, -0.691182), (-0.6, 0.404337, -0.720239), (-0.6, 0.360239, -0.555663), (-0.65, 0.4, -1.03683), (-0.516667, 0.4, -1.03683), (-0.65, 0.400939, -1.03671), (-0.51698, 0.400939, -1.03671), (-0.65, 0.2, -1.15), (-0.65, 0.4, -1.15), (-0.65, 0.2, -0.96), (-0.65, 0.495, -0.99775), (-0.65, 0.3, -0.96), (-0.65, 0.575772, -0.935772), (-0.65, 0.377646, -0.949778), (-0.65, 0.45, -0.919808), (-0.65, 0.63775, -0.855), (-0.65, 0.512132, -0.872132), (-0.65, 0.559808, -0.81), (-0.65, 0.676711, -0.760939), (-0.65, 0.589778, -0.737646), (-0.65, 0.69, -0.66), (-0.65, 0.6, -0.66), (-0.65, 0.589778, -0.582354), (-0.65, 0.676711, -0.55906), (-0.65, 0.559808, -0.51), (-0.65, 0.63775, -0.465), (-0.65, 0.512132, -0.447868), (-0.65, 0.575772, -0.384228), (-0.65, 0.45, -0.400192), (-0.65, 0.377646, -0.370222), (-0.65, 0.495, -0.32225), (-0.65, 0.3, -0.36), (-0.65, 0.2, -0.36), (-0.65, 0.3, -0.27), (-0.65, 0.400939, -0.283289), (-0.65, 0.2, 0.36), (-0.65, 0.3, 0.27), (-0.65, 0.400939, 0.283289), (-0.65, 0.495, 0.32225), (-0.65, 0.3, 0.36), (-0.65, 0.575772, 0.384228), (-0.65, 0.377646, 0.370222), (-0.65, 0.45, 0.400192), (-0.65, 0.63775, 0.465), (-0.65, 0.512132, 0.447868), (-0.65, 0.559808, 0.51), (-0.65, 0.676711, 0.559061), (-0.65, 0.589778, 0.582354), (-0.65, 0.69, 0.66), (-0.65, 0.6, 0.66), (-0.65, 0.589778, 0.737646), (-0.65, 0.676711, 0.760939), (-0.65, 0.559808, 0.81), (-0.65, 0.63775, 0.855), (-0.65, 0.512132, 0.872132), (-0.65, 0.575772, 0.935772), (-0.65, 0.45, 0.919808), (-0.65, 0.377646, 0.949778), (-0.65, 0.495, 0.99775), (-0.65, 0.3, 0.96), (-0.65, 0.2, 0.96), (-0.65, 0.2, 1.1), (-0.65, 0.4, 1.03683), (-0.65, 0.400939, 1.03671), (-0.65, 0.4, 1.1), (0.65, 0.400939, 1.03671), (0.65, 0.495, 0.99775), (0.65, 0.4, 1.03683), (0.65, 0.2, 1.1), (0.65, 0.4, 1.1), (0.65, 0.2, 0.96), (0.65, 0.3, 0.96), (0.65, 0.377646, 0.949778), (0.65, 0.575772, 0.935772), (0.65, 0.45, 0.919808), (0.65, 0.512132, 0.872132), (0.65, 0.63775, 0.855), (0.65, 0.559808, 0.81), (0.65, 0.676711, 0.760939), (0.65, 0.589778, 0.737646), (0.65, 0.6, 0.66), (0.65, 0.69, 0.66), (0.65, 0.589778, 0.582354), (0.65, 0.676711, 0.559061), (0.65, 0.559808, 0.51), (0.65, 0.63775, 0.465), (0.65, 0.512132, 0.447868), (0.65, 0.45, 0.400192), (0.65, 0.575772, 0.384228), (0.65, 0.377646, 0.370222), (0.65, 0.3, 0.36), (0.65, 0.495, 0.32225), (0.65, 0.2, 0.36), (0.65, 0.400939, 0.283289), (0.65, 0.3, 0.27), (0.65, 0.3, -0.27), (0.65, 0.2, -0.36), (0.65, 0.495, -0.32225), (0.65, 0.400939, -0.283289), (0.65, 0.3, -0.36), (0.65, 0.377646, -0.370222), (0.65, 0.575772, -0.384228), (0.65, 0.45, -0.400192), (0.65, 0.512132, -0.447868), (0.65, 0.63775, -0.465), (0.65, 0.559808, -0.51), (0.65, 0.676711, -0.55906), (0.65, 0.589778, -0.582354), (0.65, 0.6, -0.66), (0.65, 0.69, -0.66), (0.65, 0.589778, -0.737646), (0.65, 0.676711, -0.760939), (0.65, 0.559808, -0.81), (0.65, 0.63775, -0.855), (0.65, 0.512132, -0.872132), (0.65, 0.45, -0.919808), (0.65, 0.575772, -0.935772), (0.65, 0.377646, -0.949778), (0.65, 0.3, -0.96), (0.65, 0.495, -0.99775), (0.65, 0.2, -0.96), (0.65, 0.400939, -1.03671), (0.65, 0.4, -1.03683), (0.65, 0.2, -1.15), (0.65, 0.4, -1.15), (0.55, 0.5, 0.993913), (0.548333, 0.495, 0.99775), (0.55, 0.5, 1.15), (0.51698, 0.400939, 1.03671), (0.516667, 0.4, 1.03683), (0.516667, 0.4, 1.11667), (0.55, 0.5, -1.25), (0.516667, 0.4, -1.18333), (0.55, 0.5, -1.15), (0.516667, 0.4, -1.03683), (0.51698, 0.400939, -1.03671), (0.548333, 0.495, -0.99775), (0.55, 0.5, -0.993913), (-0.55, 0.63775, 0.855), (-0.55, 0.575772, 0.935772), (-0.55, 0.676711, -0.55906), (-0.55, 0.63775, -0.465), (0.55, 0.63775, 0.465), (0.55, 0.676711, 0.559061), (0.55, 0.676711, -0.55906), (0.55, 0.63775, -0.465), (0.55, 0.575772, -0.935772), (0.55, 0.63775, -0.855), (0.51698, 0.400939, 0.283289), (0.548333, 0.495, 0.32225), (0.548333, 0.495, -0.32225), (0.55, 0.5, -0.326087), (0.55, 0.575772, -0.384228), (-0.55, 0.575772, -0.384228), (0.55, 0.575772, 0.384228), (0.55, 0.69, 0.66), (0.55, 0.676711, 0.760939), (0.55, 0.63775, 0.855), (0.55, 0.575772, 0.935772), (-0.55, 0.69, -0.66), (0.55, 0.69, -0.66), (-0.51698, 0.400939, 0.283289), (-0.548333, 0.495, 0.32225), (0.55, 0.676711, -0.760939), (-0.55, 0.5, -1.25), (-0.55, 0.5, -1.15), (-0.516667, 0.4, -1.18333), (-0.548333, 0.495, -0.99775), (-0.55, 0.5, -0.993913), (-0.51698, 0.400939, -0.283289), (-0.548333, 0.495, -0.32225), (-0.55, 0.5, -0.326087), (-0.55, 0.5, 0.326087), (-0.483333, 0.3, -0.27), (-0.483333, 0.3, 0.27), (0.55, 0.5, 0.326087), (0.51698, 0.400939, -0.283289), (0.483333, 0.3, -0.27), (0.483333, 0.3, 0.27), (-0.51698, 0.400939, 1.03671), (-0.548333, 0.495, 0.99775), (-0.55, 0.575772, 0.384228), (-0.55, 0.63775, 0.465), (-0.55, 0.676711, -0.760939), (-0.55, 0.575772, -0.935772), (-0.55, 0.676711, 0.559061), (-0.55, 0.69, 0.66), (-0.55, 0.676711, 0.760939), (-0.55, 0.5, 0.993913), (-0.55, 0.63775, -0.855), (-0.516667, 0.4, 1.11667), (-0.55, 0.5, 1.15), (-0.516667, 0.4, 1.03683), (0.620711, 0.4, 1.17071), (0.620711, 0.2, 1.17071), (0.55, 0.2, 1.2), (-0.55, 0.2, 1.2), (0.55, 0.4, 1.2), (-0.55, 0.4, 1.2), (-0.620711, 0.2, 1.17071), (-0.620711, 0.4, 1.17071), (-0.620711, 0.2, -1.22071), (-0.620711, 0.4, -1.22071), (-0.55, 0.2, -1.25), (0.55, 0.2, -1.25), (-0.55, 0.4, -1.25), (0.55, 0.4, -1.25), (0.620711, 0.4, -1.22071), (0.620711, 0.2, -1.22071), (0.4, 0.2, -0.36), (0.4, 0.2, 0.36), (0.4, 0.2, -0.96), (-0.4, 0.2, -0.96), (-0.4, 0.2, -0.36), (-0.4, 0.2, 0.96), (-0.4, 0.2, 0.36), (0.4, 0.2, 0.96), (0.125, 0.15, 1.25), (0.175, 0.2, 1.25), (0.125, 0.15, 1.2), (0.175, 0.2, 1.2), (-0.125, 0.15, 1.25), (-0.125, 0.15, 1.2), (-0.175, 0.2, 1.25), (-0.175, 0.2, 1.2), (0.125, 0.325, 1.25), (0.125, 0.325, 1.2), (0.175, 0.275, 1.25), (0.175, 0.275, 1.2), (-0.175, 0.275, 1.2), (-0.125, 0.325, 1.2), (-0.125, 0.325, 1.25), (-0.175, 0.275, 1.25), (-0.125, 0.15, -1.3), (-0.175, 0.2, -1.3), (-0.125, 0.15, -1.25), (-0.175, 0.2, -1.25), (0.125, 0.15, -1.3), (0.125, 0.15, -1.25), (0.175, 0.2, -1.3), (0.175, 0.2, -1.25), (-0.125, 0.325, -1.3), (-0.125, 0.325, -1.25), (-0.175, 0.275, -1.3), (-0.175, 0.275, -1.25), (0.175, 0.275, -1.25), (0.125, 0.325, -1.25), (0.125, 0.325, -1.3), (0.175, 0.275, -1.3), (0.4, 0.45, -0.400192), (0.4, 0.512132, -0.447868), (0.4, 0.559808, -0.51), (0.4, 0.589778, -0.582354), (0.4, 0.377646, -0.949778), (0.4, 0.45, -0.919808), (0.4, 0.559808, 0.81), (0.4, 0.589778, 0.737646), (0.4, 0.45, 0.919808), (0.4, 0.512132, 0.872132), (-0.4, 0.3, -0.36), (0.4, 0.6, -0.66), (0.4, 0.589778, -0.737646), (0.4, 0.3, 0.36), (0.4, 0.3, -0.96), (0.4, 0.559808, 0.51), (0.4, 0.512132, 0.447868), (0.4, 0.559808, -0.81), (0.4, 0.512132, -0.872132), (0.4, 0.6, 0.66), (0.4, 0.589778, 0.582354), (0.4, 0.377646, 0.370222), (0.4, 0.377646, -0.370222), (0.4, 0.3, -0.36), (0.4, 0.45, 0.400192), (0.4, 0.3, 0.96), (0.4, 0.377646, 0.949778), (-0.4, 0.3, 0.96), (-0.4, 0.377646, 0.949778), (-0.4, 0.3, 0.36), (-0.4, 0.6, 0.66), (-0.4, 0.589778, 0.582354), (-0.4, 0.559808, 0.51), (-0.4, 0.45, 0.919808), (-0.4, 0.512132, 0.872132), (-0.4, 0.377646, 0.370222), (-0.4, 0.45, 0.400192), (-0.4, 0.512132, 0.447868), (-0.4, 0.559808, 0.81), (-0.4, 0.589778, 0.737646), (-0.4, 0.3, -0.96), (-0.4, 0.377646, -0.949778), (-0.4, 0.45, -0.919808), (-0.4, 0.512132, -0.872132), (-0.4, 0.559808, -0.81), (-0.4, 0.589778, -0.737646), (-0.4, 0.6, -0.66), (-0.4, 0.589778, -0.582354), (-0.4, 0.559808, -0.51), (-0.4, 0.512132, -0.447868), (-0.4, 0.45, -0.400192), (-0.4, 0.377646, -0.370222), (0.65, 0.7, 0.422902), (0.55, 0.7, 0.422902), (0.65, 0.8, 0.422902), (0.55, 0.8, 0.422902), (0.55, 0.6, 1.15), (-0.55, 0.6, 1.15), (0.275, 0.6, 1.15), (-0.275, 0.6, 1.15), (0.65, 0.8, 0.322902), (0.55, 0.8, 0.322902), (0.55, 0.8, 0.388755), (-0.55, 0.6, -1.25), (-0.55, 0.7, -1.05), (-0.55, 0.8, -0.85), (-0.55, 0.8, -0.2), (-0.55, 0.7, 0.322902), (-0.55, 0.8, 0.322902), (-0.55, 0.7, 0.422902), (-0.55, 0.8, 0.422902), (-0.55, 0.8, 0.55), (-0.55, 0.75, 0.9), (-0.55, 0.675, 1.025), (0.65, 0.7, 0.322902), (0.55, 0.7, 0.322902), (0.55, 0.8, 0.55), (0.44802, 0.8, 0.55), (0.45, 1.1, 0.15), (0.36802, 1.04, 0.23), (-0.45, 1.1, 0.15), (-0.36802, 1.04, 0.23), (-0.44802, 0.8, 0.55), (0.55, 0.6, -1.25), (-0.4125, 0.6, -1.25), (0.4125, 0.6, -1.25), (0.4125, 0.7, -1.05), (-0.4125, 0.7, -1.05), (0.55, 0.8, -0.85), (0.55, 0.7, -1.05), (-0.65, 0.7, 0.422902), (-0.65, 0.7, 0.322902), (0.55, 0.75, 0.9), (-0.45, 1.1, -0.55), (-0.481623, 1.00513, -0.2), (-0.481623, 1.00513, 0.115246), (-0.55, 0.8, 0.388755), (-0.65, 0.8, 0.322902), (-0.65, 0.8, 0.422902), (0.55, 0.675, 1.025), (0.55, 0.8, -0.194629), (0.481623, 1.00513, 0.115246), (0.481623, 1.00513, -0.195891), (0.45, 1.1, -0.55), (0.275, 0.675, 1.025), (-0.275, 0.675, 1.025), (-0.423689, 0.870711, -0.779289), (0.423689, 0.870711, -0.779289), (-0.37083, 1.02929, -0.620711), (0.37083, 1.02929, -0.620711), (0.36802, 1.04, 0.23), (-0.36802, 1.04, 0.23), (0.481623, 1.00513, -0.195891), (0.481623, 1.00513, 0.115246), (-0.37083, 1.02929, -0.620711), (0.37083, 1.02929, -0.620711), (-0.55, 0.8, -0.2), (-0.481623, 1.00513, -0.2), (-0.481623, 1.00513, 0.115246), (-0.312628, 0.6, -1.12803), (-0.312628, 0.8, -1.12803), (-0.312628, 0.6, -1.00934), (-0.312628, 0.8, -1.00934), (-0.212755, 0.6, -1.00934), (-0.212755, 0.6, -1.12803), (-0.212755, 0.8, -1.00934), (-0.212755, 0.8, -1.12803), (0.312628, 0.6, -1.00934), (0.312628, 0.6, -1.12803), (0.212755, 0.6, -1.00934), (0.212755, 0.6, -1.12803), (0.212755, 0.8, -1.12803), (0.312628, 0.8, -1.12803), (0.312628, 0.8, -1.00934), (0.212755, 0.8, -1.00934), (-0.55, 0.8, -1.18737), (-0.55, 0.9, -1.18737), (-0.55, 0.8, -0.95), (-0.55, 0.9, -1.06869), (-0.55, 0.85, -0.95), (0.55, 0.8, -1.18737), (0.55, 0.9, -1.18737), (0.55, 0.8, -0.95), (0.55, 0.85, -0.95), (0.55, 0.9, -1.06869), (0.35, 0.559808, -0.81), (0.5, 0.559808, -0.81), (0.35, 0.512132, -0.872132), (0.5, 0.512132, -0.872132), (0.6, 0.3, -0.915), (0.5, 0.3, -0.96), (0.6, 0.365999, -0.906311), (0.5, 0.377646, -0.949778), (0.5, 0.087868, -0.447868), (0.6, 0.119688, -0.479688), (0.5, 0.15, -0.400192), (0.6, 0.1725, -0.439163), (0.6, 0.4275, -0.880836), (0.5, 0.45, -0.919808), (0.6, 0.480312, -0.840312), (0.35, 0.087868, -0.447868), (0.35, 0.15, -0.400192), (0.35, 0.222354, -0.370222), (0.5, 0.222354, -0.370222), (0.35, 0.3, -0.36), (0.5, 0.3, -0.36), (0.6, 0.520837, -0.7875), (0.5, 0.0401924, -0.81), (0.5, 0.087868, -0.872132), (0.6, 0.0791635, -0.7875), (0.6, 0.119688, -0.840312), (0.5, 0.0401924, -0.51), (0.6, 0.0791635, -0.5325), (0.5, 0.559808, -0.51), (0.6, 0.520837, -0.5325), (0.5, 0.589778, -0.582354), (0.6, 0.546311, -0.594001), (0.5, 0.512132, -0.447868), (0.6, 0.480312, -0.479688), (0.6, 0.234001, -0.413689), (0.35, 0.377646, -0.370222), (0.5, 0.377646, -0.370222), (0.35, 0.45, -0.400192), (0.5, 0.45, -0.400192), (0.5, 0.589778, -0.737646), (0.6, 0.546311, -0.725999), (0.35, 0.087868, -0.872132), (0.5, 0.15, -0.919808), (0.35, 0.15, -0.919808), (0.35, 0.512132, -0.447868), (0.35, 0.0102223, -0.582354), (0.35, 0, -0.66), (0.5, 0.0102223, -0.582354), (0.5, 0, -0.66), (0.35, 0.6, -0.66), (0.5, 0.6, -0.66), (0.35, 0.589778, -0.737646), (0.5, 0.222354, -0.949778), (0.35, 0.222354, -0.949778), (0.6, 0.3, -0.405), (0.35, 0.0401924, -0.81), (0.35, 0.0102223, -0.737646), (0.5, 0.0102223, -0.737646), (0.6, 0.4275, -0.439163), (0.35, 0.0401924, -0.51), (0.6, 0.555, -0.66), (0.6, 0.365999, -0.413689), (0.35, 0.45, -0.919808), (0.35, 0.559808, -0.51), (0.35, 0.3, -0.96), (0.35, 0.377646, -0.949778), (0.6, 0.0536889, -0.725999), (0.6, 0.1725, -0.880836), (0.25, 0.546311, -0.725999), (0.25, 0.520837, -0.7875), (0.6, 0.0536889, -0.594001), (0.6, 0.234001, -0.906311), (0.6, 0.045, -0.66), (0.35, 0.589778, -0.582354), (0.25, 0.480312, -0.479688), (0.25, 0.520837, -0.5325), (0.25, 0.0791635, -0.5325), (0.25, 0.0536889, -0.594001), (0.25, 0.546311, -0.594001), (0.25, 0.555, -0.66), (0.25, 0.365999, -0.906311), (0.25, 0.4275, -0.880836), (0.25, 0.3, -0.405), (0.25, 0.365999, -0.413689), (0.25, 0.1725, -0.439163), (0.25, 0.234001, -0.413689), (0.25, 0.4275, -0.439163), (0.25, 0.119688, -0.479688), (0.25, 0.045, -0.66), (0.25, 0.480312, -0.840312), (0.25, 0.119688, -0.840312), (0.25, 0.1725, -0.880836), (0.25, 0.234001, -0.906311), (0.25, 0.3, -0.915), (0.25, 0.0536889, -0.725999), (0.25, 0.0791635, -0.7875), (0.6, 0.3, -0.841368), (0.6, 0.253059, -0.835188), (0.6, 0.346942, -0.835188), (0.6, 0.209316, -0.817069), (0.6, 0.171753, -0.788247), (0.6, 0.14293, -0.750684), (0.6, 0.124812, -0.706942), (0.6, 0.118632, -0.66), (0.6, 0.390684, -0.817069), (0.6, 0.428247, -0.788247), (0.6, 0.45707, -0.750684), (0.6, 0.475188, -0.706942), (0.6, 0.124812, -0.613058), (0.6, 0.14293, -0.569316), (0.6, 0.171753, -0.531753), (0.6, 0.481368, -0.66), (0.6, 0.475188, -0.613058), (0.6, 0.45707, -0.569316), (0.6, 0.428247, -0.531753), (0.6, 0.209316, -0.50293), (0.6, 0.253059, -0.484812), (0.6, 0.390684, -0.50293), (0.6, 0.346942, -0.484812), (0.6, 0.3, -0.478632), (0.6, 0.3, -0.478632), (0.6, 0.253059, -0.484812), (0.6, 0.346942, -0.484812), (0.6, 0.390684, -0.50293), (0.6, 0.209316, -0.50293), (0.6, 0.428247, -0.531753), (0.6, 0.171753, -0.531753), (0.6, 0.3, -0.539522), (0.6, 0.331182, -0.543627), (0.6, 0.268818, -0.543627), (0.6, 0.45707, -0.569316), (0.6, 0.360239, -0.555663), (0.6, 0.385191, -0.574809), (0.6, 0.14293, -0.569316), (0.6, 0.239761, -0.555663), (0.6, 0.214809, -0.574809), (0.6, 0.475188, -0.613058), (0.6, 0.404337, -0.599761), (0.6, 0.416373, -0.628818), (0.6, 0.481368, -0.66), (0.6, 0.420478, -0.66), (0.6, 0.124812, -0.613058), (0.6, 0.195663, -0.599761), (0.6, 0.183627, -0.628818), (0.6, 0.475188, -0.706942), (0.6, 0.416373, -0.691182), (0.6, 0.404337, -0.720239), (0.6, 0.118632, -0.66), (0.6, 0.179522, -0.66), (0.6, 0.183627, -0.691182), (0.6, 0.124812, -0.706942), (0.6, 0.195663, -0.720239), (0.6, 0.45707, -0.750684), (0.6, 0.385191, -0.745191), (0.6, 0.360239, -0.764337), (0.6, 0.14293, -0.750684), (0.6, 0.214809, -0.745191), (0.6, 0.239761, -0.764337), (0.6, 0.428247, -0.788247), (0.6, 0.171753, -0.788247), (0.6, 0.331182, -0.776373), (0.6, 0.268818, -0.776373), (0.6, 0.3, -0.780478), (0.6, 0.390684, -0.817069), (0.6, 0.209316, -0.817069), (0.6, 0.346942, -0.835188), (0.6, 0.253059, -0.835188), (0.6, 0.3, -0.841368), (0.55, 0.38728, -0.636614), (0.55, 0.390358, -0.66), (0.6, 0.416373, -0.628818), (0.6, 0.420478, -0.66), (0.55, 0.21272, -0.636614), (0.55, 0.221747, -0.614821), (0.6, 0.183627, -0.628818), (0.6, 0.195663, -0.599761), (0.55, 0.236107, -0.723893), (0.55, 0.221747, -0.705179), (0.6, 0.214809, -0.745191), (0.6, 0.195663, -0.720239), (0.6, 0.268818, -0.543627), (0.55, 0.276614, -0.57272), (0.6, 0.3, -0.539522), (0.55, 0.3, -0.569642), (0.55, 0.209642, -0.66), (0.6, 0.179522, -0.66), (0.55, 0.323387, -0.747279), (0.6, 0.331182, -0.776373), (0.55, 0.345179, -0.738253), (0.6, 0.360239, -0.764337), (0.55, 0.323387, -0.57272), (0.6, 0.331182, -0.543627), (0.55, 0.236107, -0.596107), (0.6, 0.214809, -0.574809), (0.55, 0.3, -0.750359), (0.6, 0.3, -0.780478), (0.55, 0.21272, -0.683386), (0.6, 0.183627, -0.691182), (0.6, 0.239761, -0.764337), (0.6, 0.268818, -0.776373), (0.55, 0.254821, -0.738253), (0.55, 0.276614, -0.747279), (0.55, 0.363893, -0.596107), (0.55, 0.378253, -0.614821), (0.6, 0.385191, -0.574809), (0.6, 0.404337, -0.599761), (0.55, 0.363893, -0.723893), (0.6, 0.385191, -0.745191), (0.6, 0.239761, -0.555663), (0.55, 0.254821, -0.581747), (0.55, 0.378253, -0.705179), (0.55, 0.38728, -0.683386), (0.55, 0.345179, -0.581747), (0.6, 0.416373, -0.691182), (0.6, 0.404337, -0.720239), (0.6, 0.360239, -0.555663), (0.35, 0.559808, 0.51), (0.5, 0.559808, 0.51), (0.35, 0.512132, 0.447868), (0.5, 0.512132, 0.447868), (0.6, 0.3, 0.405), (0.5, 0.3, 0.36), (0.6, 0.365999, 0.413689), (0.5, 0.377646, 0.370222), (0.5, 0.087868, 0.872132), (0.6, 0.119688, 0.840312), (0.5, 0.15, 0.919808), (0.6, 0.1725, 0.880836), (0.6, 0.4275, 0.439163), (0.5, 0.45, 0.400192), (0.6, 0.480312, 0.479688), (0.35, 0.087868, 0.872132), (0.35, 0.15, 0.919808), (0.35, 0.222354, 0.949778), (0.5, 0.222354, 0.949778), (0.35, 0.3, 0.96), (0.5, 0.3, 0.96), (0.6, 0.520837, 0.5325), (0.5, 0.0401924, 0.51), (0.5, 0.087868, 0.447868), (0.6, 0.0791635, 0.5325), (0.6, 0.119688, 0.479688), (0.5, 0.0401924, 0.81), (0.6, 0.0791635, 0.7875), (0.5, 0.559808, 0.81), (0.6, 0.520837, 0.7875), (0.5, 0.589778, 0.737646), (0.6, 0.546311, 0.725999), (0.5, 0.512132, 0.872132), (0.6, 0.480312, 0.840312), (0.6, 0.234001, 0.906311), (0.35, 0.377646, 0.949778), (0.5, 0.377646, 0.949778), (0.35, 0.45, 0.919808), (0.5, 0.45, 0.919808), (0.5, 0.589778, 0.582354), (0.6, 0.546311, 0.594001), (0.35, 0.087868, 0.447868), (0.5, 0.15, 0.400192), (0.35, 0.15, 0.400192), (0.35, 0.512132, 0.872132), (0.35, 0.0102223, 0.737646), (0.35, 0, 0.66), (0.5, 0.0102223, 0.737646), (0.5, 0, 0.66), (0.35, 0.6, 0.66), (0.5, 0.6, 0.66), (0.35, 0.589778, 0.582354), (0.5, 0.222354, 0.370222), (0.35, 0.222354, 0.370222), (0.6, 0.3, 0.915), (0.35, 0.0401924, 0.51), (0.35, 0.0102223, 0.582354), (0.5, 0.0102223, 0.582354), (0.6, 0.4275, 0.880836), (0.35, 0.0401924, 0.81), (0.6, 0.555, 0.66), (0.6, 0.365999, 0.906311), (0.35, 0.45, 0.400192), (0.35, 0.559808, 0.81), (0.35, 0.3, 0.36), (0.35, 0.377646, 0.370222), (0.6, 0.0536889, 0.594001), (0.6, 0.1725, 0.439163), (0.25, 0.546311, 0.594001), (0.25, 0.520837, 0.5325), (0.6, 0.0536889, 0.725999), (0.6, 0.234001, 0.413689), (0.6, 0.045, 0.66), (0.35, 0.589778, 0.737646), (0.25, 0.480312, 0.840312), (0.25, 0.520837, 0.7875), (0.25, 0.0791635, 0.7875), (0.25, 0.0536889, 0.725999), (0.25, 0.546311, 0.725999), (0.25, 0.555, 0.66), (0.25, 0.365999, 0.413689), (0.25, 0.4275, 0.439163), (0.25, 0.3, 0.915), (0.25, 0.365999, 0.906311), (0.25, 0.1725, 0.880836), (0.25, 0.234001, 0.906311), (0.25, 0.4275, 0.880836), (0.25, 0.119688, 0.840312), (0.25, 0.045, 0.66), (0.25, 0.480312, 0.479688), (0.25, 0.119688, 0.479688), (0.25, 0.1725, 0.439163), (0.25, 0.234001, 0.413689), (0.25, 0.3, 0.405), (0.25, 0.0536889, 0.594001), (0.25, 0.0791635, 0.5325), (0.6, 0.3, 0.478632), (0.6, 0.253059, 0.484812), (0.6, 0.346942, 0.484812), (0.6, 0.209316, 0.50293), (0.6, 0.171753, 0.531753), (0.6, 0.14293, 0.569316), (0.6, 0.124812, 0.613058), (0.6, 0.118632, 0.66), (0.6, 0.390684, 0.50293), (0.6, 0.428247, 0.531753), (0.6, 0.45707, 0.569316), (0.6, 0.475188, 0.613058), (0.6, 0.124812, 0.706942), (0.6, 0.14293, 0.750684), (0.6, 0.171753, 0.788247), (0.6, 0.481368, 0.66), (0.6, 0.475188, 0.706942), (0.6, 0.45707, 0.750684), (0.6, 0.428247, 0.788247), (0.6, 0.209316, 0.817069), (0.6, 0.253059, 0.835188), (0.6, 0.390684, 0.817069), (0.6, 0.346942, 0.835188), (0.6, 0.3, 0.841368), (0.6, 0.3, 0.841368), (0.6, 0.253059, 0.835188), (0.6, 0.346942, 0.835188), (0.6, 0.390684, 0.817069), (0.6, 0.209316, 0.817069), (0.6, 0.428247, 0.788247), (0.6, 0.171753, 0.788247), (0.6, 0.3, 0.780478), (0.6, 0.331182, 0.776373), (0.6, 0.268818, 0.776373), (0.6, 0.45707, 0.750684), (0.6, 0.360239, 0.764337), (0.6, 0.385191, 0.745191), (0.6, 0.14293, 0.750684), (0.6, 0.239761, 0.764337), (0.6, 0.214809, 0.745191), (0.6, 0.475188, 0.706942), (0.6, 0.404337, 0.720239), (0.6, 0.416373, 0.691182), (0.6, 0.481368, 0.66), (0.6, 0.420478, 0.66), (0.6, 0.124812, 0.706942), (0.6, 0.195663, 0.720239), (0.6, 0.183627, 0.691182), (0.6, 0.475188, 0.613058), (0.6, 0.416373, 0.628818), (0.6, 0.404337, 0.599761), (0.6, 0.118632, 0.66), (0.6, 0.179522, 0.66), (0.6, 0.183627, 0.628818), (0.6, 0.124812, 0.613058), (0.6, 0.195663, 0.599761), (0.6, 0.45707, 0.569316), (0.6, 0.385191, 0.574809), (0.6, 0.360239, 0.555663), (0.6, 0.14293, 0.569316), (0.6, 0.214809, 0.574809), (0.6, 0.239761, 0.555663), (0.6, 0.428247, 0.531753), (0.6, 0.171753, 0.531753), (0.6, 0.331182, 0.543627), (0.6, 0.268818, 0.543627), (0.6, 0.3, 0.539522), (0.6, 0.390684, 0.50293), (0.6, 0.209316, 0.50293), (0.6, 0.346942, 0.484812), (0.6, 0.253059, 0.484812), (0.6, 0.3, 0.478632), (0.55, 0.38728, 0.683386), (0.55, 0.390358, 0.66), (0.6, 0.416373, 0.691182), (0.6, 0.420478, 0.66), (0.55, 0.21272, 0.683386), (0.55, 0.221747, 0.705179), (0.6, 0.183627, 0.691182), (0.6, 0.195663, 0.720239), (0.55, 0.236107, 0.596107), (0.55, 0.221747, 0.614821), (0.6, 0.214809, 0.574809), (0.6, 0.195663, 0.599761), (0.6, 0.268818, 0.776373), (0.55, 0.276614, 0.747279), (0.6, 0.3, 0.780478), (0.55, 0.3, 0.750359), (0.55, 0.209642, 0.66), (0.6, 0.179522, 0.66), (0.55, 0.323387, 0.57272), (0.6, 0.331182, 0.543627), (0.55, 0.345179, 0.581747), (0.6, 0.360239, 0.555663), (0.55, 0.323387, 0.747279), (0.6, 0.331182, 0.776373), (0.55, 0.236107, 0.723893), (0.6, 0.214809, 0.745191), (0.55, 0.3, 0.569642), (0.6, 0.3, 0.539522), (0.55, 0.21272, 0.636614), (0.6, 0.183627, 0.628818), (0.6, 0.239761, 0.555663), (0.6, 0.268818, 0.543627), (0.55, 0.254821, 0.581747), (0.55, 0.276614, 0.57272), (0.55, 0.363893, 0.723893), (0.55, 0.378253, 0.705179), (0.6, 0.385191, 0.745191), (0.6, 0.404337, 0.720239), (0.55, 0.363893, 0.596107), (0.6, 0.385191, 0.574809), (0.6, 0.239761, 0.764337), (0.55, 0.254821, 0.738253), (0.55, 0.378253, 0.614821), (0.55, 0.38728, 0.636614), (0.55, 0.345179, 0.738253), (0.6, 0.416373, 0.628818), (0.6, 0.404337, 0.599761), (0.6, 0.360239, 0.764337), (-0.35, 0.559808, 0.51), (-0.5, 0.559808, 0.51), (-0.35, 0.512132, 0.447868), (-0.5, 0.512132, 0.447868), (-0.6, 0.3, 0.405), (-0.5, 0.3, 0.36), (-0.6, 0.365999, 0.413689), (-0.5, 0.377646, 0.370222), (-0.5, 0.087868, 0.872132), (-0.6, 0.119688, 0.840312), (-0.5, 0.15, 0.919808), (-0.6, 0.1725, 0.880836), (-0.6, 0.4275, 0.439163), (-0.5, 0.45, 0.400192), (-0.6, 0.480312, 0.479688), (-0.35, 0.087868, 0.872132), (-0.35, 0.15, 0.919808), (-0.35, 0.222354, 0.949778), (-0.5, 0.222354, 0.949778), (-0.35, 0.3, 0.96), (-0.5, 0.3, 0.96), (-0.6, 0.520837, 0.5325), (-0.5, 0.0401924, 0.51), (-0.5, 0.087868, 0.447868), (-0.6, 0.0791635, 0.5325), (-0.6, 0.119688, 0.479688), (-0.5, 0.0401924, 0.81), (-0.6, 0.0791635, 0.7875), (-0.5, 0.559808, 0.81), (-0.6, 0.520837, 0.7875), (-0.5, 0.589778, 0.737646), (-0.6, 0.546311, 0.725999), (-0.5, 0.512132, 0.872132), (-0.6, 0.480312, 0.840312), (-0.6, 0.234001, 0.906311), (-0.35, 0.377646, 0.949778), (-0.5, 0.377646, 0.949778), (-0.35, 0.45, 0.919808), (-0.5, 0.45, 0.919808), (-0.5, 0.589778, 0.582354), (-0.6, 0.546311, 0.594001), (-0.35, 0.087868, 0.447868), (-0.5, 0.15, 0.400192), (-0.35, 0.15, 0.400192), (-0.35, 0.512132, 0.872132), (-0.35, 0.0102223, 0.737646), (-0.35, 0, 0.66), (-0.5, 0.0102223, 0.737646), (-0.5, 0, 0.66), (-0.35, 0.6, 0.66), (-0.5, 0.6, 0.66), (-0.35, 0.589778, 0.582354), (-0.5, 0.222354, 0.370222), (-0.35, 0.222354, 0.370222), (-0.6, 0.3, 0.915), (-0.35, 0.0401924, 0.51), (-0.35, 0.0102223, 0.582354), (-0.5, 0.0102223, 0.582354), (-0.6, 0.4275, 0.880836), (-0.35, 0.0401924, 0.81), (-0.6, 0.555, 0.66), (-0.6, 0.365999, 0.906311), (-0.35, 0.45, 0.400192), (-0.35, 0.559808, 0.81), (-0.35, 0.3, 0.36), (-0.35, 0.377646, 0.370222), (-0.6, 0.0536889, 0.594001), (-0.6, 0.1725, 0.439163), (-0.25, 0.546311, 0.594001), (-0.25, 0.520837, 0.5325), (-0.6, 0.0536889, 0.725999), (-0.6, 0.234001, 0.413689), (-0.6, 0.045, 0.66), (-0.35, 0.589778, 0.737646), (-0.25, 0.480312, 0.840312), (-0.25, 0.520837, 0.7875), (-0.25, 0.0791635, 0.7875), (-0.25, 0.0536889, 0.725999), (-0.25, 0.546311, 0.725999), (-0.25, 0.555, 0.66), (-0.25, 0.365999, 0.413689), (-0.25, 0.4275, 0.439163), (-0.25, 0.3, 0.915), (-0.25, 0.365999, 0.906311), (-0.25, 0.1725, 0.880836), (-0.25, 0.234001, 0.906311), (-0.25, 0.4275, 0.880836), (-0.25, 0.119688, 0.840312), (-0.25, 0.045, 0.66), (-0.25, 0.480312, 0.479688), (-0.25, 0.119688, 0.479688), (-0.25, 0.1725, 0.439163), (-0.25, 0.234001, 0.413689), (-0.25, 0.3, 0.405), (-0.25, 0.0536889, 0.594001), (-0.25, 0.0791635, 0.5325), (-0.6, 0.3, 0.478632), (-0.6, 0.253059, 0.484812), (-0.6, 0.346942, 0.484812), (-0.6, 0.209316, 0.50293), (-0.6, 0.171753, 0.531753), (-0.6, 0.14293, 0.569316), (-0.6, 0.124812, 0.613058), (-0.6, 0.118632, 0.66), (-0.6, 0.390684, 0.50293), (-0.6, 0.428247, 0.531753), (-0.6, 0.45707, 0.569316), (-0.6, 0.475188, 0.613058), (-0.6, 0.124812, 0.706942), (-0.6, 0.14293, 0.750684), (-0.6, 0.171753, 0.788247), (-0.6, 0.481368, 0.66), (-0.6, 0.475188, 0.706942), (-0.6, 0.45707, 0.750684), (-0.6, 0.428247, 0.788247), (-0.6, 0.209316, 0.817069), (-0.6, 0.253059, 0.835188), (-0.6, 0.390684, 0.817069), (-0.6, 0.346942, 0.835188), (-0.6, 0.3, 0.841368), (-0.6, 0.3, 0.841368), (-0.6, 0.253059, 0.835188), (-0.6, 0.346942, 0.835188), (-0.6, 0.390684, 0.817069), (-0.6, 0.209316, 0.817069), (-0.6, 0.428247, 0.788247), (-0.6, 0.171753, 0.788247), (-0.6, 0.3, 0.780478), (-0.6, 0.331182, 0.776373), (-0.6, 0.268818, 0.776373), (-0.6, 0.45707, 0.750684), (-0.6, 0.360239, 0.764337), (-0.6, 0.385191, 0.745191), (-0.6, 0.14293, 0.750684), (-0.6, 0.239761, 0.764337), (-0.6, 0.214809, 0.745191), (-0.6, 0.475188, 0.706942), (-0.6, 0.404337, 0.720239), (-0.6, 0.416373, 0.691182), (-0.6, 0.481368, 0.66), (-0.6, 0.420478, 0.66), (-0.6, 0.124812, 0.706942), (-0.6, 0.195663, 0.720239), (-0.6, 0.183627, 0.691182), (-0.6, 0.475188, 0.613058), (-0.6, 0.416373, 0.628818), (-0.6, 0.404337, 0.599761), (-0.6, 0.118632, 0.66), (-0.6, 0.179522, 0.66), (-0.6, 0.183627, 0.628818), (-0.6, 0.124812, 0.613058), (-0.6, 0.195663, 0.599761), (-0.6, 0.45707, 0.569316), (-0.6, 0.385191, 0.574809), (-0.6, 0.360239, 0.555663), (-0.6, 0.14293, 0.569316), (-0.6, 0.214809, 0.574809), (-0.6, 0.239761, 0.555663), (-0.6, 0.428247, 0.531753), (-0.6, 0.171753, 0.531753), (-0.6, 0.331182, 0.543627), (-0.6, 0.268818, 0.543627), (-0.6, 0.3, 0.539522), (-0.6, 0.390684, 0.50293), (-0.6, 0.209316, 0.50293), (-0.6, 0.346942, 0.484812), (-0.6, 0.253059, 0.484812), (-0.6, 0.3, 0.478632), (-0.55, 0.38728, 0.683386), (-0.55, 0.390358, 0.66), (-0.6, 0.416373, 0.691182), (-0.6, 0.420478, 0.66), (-0.55, 0.21272, 0.683386), (-0.55, 0.221747, 0.705179), (-0.6, 0.183627, 0.691182), (-0.6, 0.195663, 0.720239), (-0.55, 0.236107, 0.596107), (-0.55, 0.221747, 0.614821), (-0.6, 0.214809, 0.574809), (-0.6, 0.195663, 0.599761), (-0.6, 0.268818, 0.776373), (-0.55, 0.276614, 0.747279), (-0.6, 0.3, 0.780478), (-0.55, 0.3, 0.750359), (-0.55, 0.209642, 0.66), (-0.6, 0.179522, 0.66), (-0.55, 0.323387, 0.57272), (-0.6, 0.331182, 0.543627), (-0.55, 0.345179, 0.581747), (-0.6, 0.360239, 0.555663), (-0.55, 0.323387, 0.747279), (-0.6, 0.331182, 0.776373), (-0.55, 0.236107, 0.723893), (-0.6, 0.214809, 0.745191), (-0.55, 0.3, 0.569642), (-0.6, 0.3, 0.539522), (-0.55, 0.21272, 0.636614), (-0.6, 0.183627, 0.628818), (-0.6, 0.239761, 0.555663), (-0.6, 0.268818, 0.543627), (-0.55, 0.254821, 0.581747), (-0.55, 0.276614, 0.57272), (-0.55, 0.363893, 0.723893), (-0.55, 0.378253, 0.705179), (-0.6, 0.385191, 0.745191), (-0.6, 0.404337, 0.720239), (-0.55, 0.363893, 0.596107), (-0.6, 0.385191, 0.574809), (-0.6, 0.239761, 0.764337), (-0.55, 0.254821, 0.738253), (-0.55, 0.378253, 0.614821), (-0.55, 0.38728, 0.636614), (-0.55, 0.345179, 0.738253), (-0.6, 0.416373, 0.628818), (-0.6, 0.404337, 0.599761), (-0.6, 0.360239, 0.764337)]
        normal3f[] normals = [(0.206363, 0.691887, -0.691887), (-0.206363, 0.847385, -0.489238), (0.206363, 0.847385, -0.489238), (-0.206363, 0.847385, -0.489238), (0.206363, 0.691887, -0.691887), (-0.206363, 0.691887, -0.691887), (-0.410365, 0.236023, -0.880849), (-0.206363, 0, -0.978476), (-0.410365, 0, -0.911922), (-0.206363, 0, -0.978476), (-0.410365, 0.236023, -0.880849), (-0.206363, 0.253248, -0.945135), (-0.206363, -0.489238, 0.847385), (-0.410365, -0.644826, 0.644826), (-0.206363, -0.691887, 0.691887), (-0.410365, -0.644826, 0.644826), (-0.206363, -0.489238, 0.847385), (-0.410365, -0.455961, 0.789747), (-0.410365, 0.644826, -0.644826), (-0.206363, 0.489238, -0.847385), (-0.410365, 0.455961, -0.789747), (-0.206363, 0.489238, -0.847385), (-0.410365, 0.644826, -0.644826), (-0.206363, 0.691887, -0.691887), (0.206363, -0.489238, 0.847385), (-0.206363, -0.691887, 0.691887), (0.206363, -0.691887, 0.691887), (-0.206363, -0.691887, 0.691887), (0.206363, -0.489238, 0.847385), (-0.206363, -0.489238, 0.847385), (0.206363, 0, 0.978476), (-0.206363, -0.253248, 0.945135), (0.206363, -0.253248, 0.945135), (-0.206363, -0.253248, 0.945135), (0.206363, 0, 0.978476), (-0.206363, 0, 0.978476), (-0.206363, 0.691887, -0.691887), (-0.410365, 0.789747, -0.455961), (-0.206363, 0.847385, -0.489238), (-0.410365, 0.789747, -0.455961), (-0.206363, 0.691887, -0.691887), (-0.410365, 0.644826, -0.644826), (-0.410365, -0.789747, -0.455961), (-0.206363, -0.691887, -0.691887), (-0.206363, -0.847385, -0.489238), (-0.206363, -0.691887, -0.691887), (-0.410365, -0.789747, -0.455961), (-0.410365, -0.644826, -0.644826), (-0.410365, -0.644826, 0.644826), (-0.206363, -0.847385, 0.489238), (-0.206363, -0.691887, 0.691887), (-0.206363, -0.847385, 0.489238), (-0.410365, -0.644826, 0.644826), (-0.410365, -0.789747, 0.455961), (-0.206363, 0.945135, 0.253248), (-0.410365, 0.789747, 0.455961), (-0.206363, 0.847385, 0.489238), (-0.410365, 0.789747, 0.455961), (-0.206363, 0.945135, 0.253248), (-0.410365, 0.880849, 0.236023), (-0.206363, 0.847385, 0.489238), (-0.410365, 0.644826, 0.644826), (-0.206363, 0.691887, 0.691887), (-0.410365, 0.644826, 0.644826), (-0.206363, 0.847385, 0.489238), (-0.410365, 0.789747, 0.455961), (-0.206363, -0.253248, 0.945135), (-0.410365, -0.455961, 0.789747), (-0.206363, -0.489238, 0.847385), (-0.410365, -0.455961, 0.789747), (-0.206363, -0.253248, 0.945135), (-0.410365, -0.236023, 0.880849), (0.206363, 0.489238, 0.847385), (-0.206363, 0.253248, 0.945135), (0.206363, 0.253248, 0.945135), (-0.206363, 0.253248, 0.945135), (0.206363, 0.489238, 0.847385), (-0.206363, 0.489238, 0.847385), (-0.206363, 0.847385, -0.489238), (-0.410365, 0.880849, -0.236023), (-0.206363, 0.945135, -0.253248), (-0.410365, 0.880849, -0.236023), (-0.206363, 0.847385, -0.489238), (-0.410365, 0.789747, -0.455961), (-0.206363, -0.489238, -0.847385), (0.206363, -0.691887, -0.691887), (-0.206363, -0.691887, -0.691887), (0.206363, -0.691887, -0.691887), (-0.206363, -0.489238, -0.847385), (0.206363, -0.489238, -0.847385), (0.206363, 0.691887, 0.691887), (-0.206363, 0.489238, 0.847385), (0.206363, 0.489238, 0.847385), (-0.206363, 0.489238, 0.847385), (0.206363, 0.691887, 0.691887), (-0.206363, 0.691887, 0.691887), (-0.206363, -0.945135, 0.253248), (0.206363, -0.978476, 0), (0.206363, -0.945135, 0.253248), (0.206363, -0.978476, 0), (-0.206363, -0.945135, 0.253248), (-0.206363, -0.978476, 0), (0.206363, 0.945135, -0.253248), (-0.206363, 0.978476, 0), (0.206363, 0.978476, 0), (-0.206363, 0.978476, 0), (0.206363, 0.945135, -0.253248), (-0.206363, 0.945135, -0.253248), (-0.206363, -0.253248, -0.945135), (0.206363, -0.489238, -0.847385), (-0.206363, -0.489238, -0.847385), (0.206363, -0.489238, -0.847385), (-0.206363, -0.253248, -0.945135), (0.206363, -0.253248, -0.945135), (-0.206363, 0, 0.978476), (-0.410365, -0.236023, 0.880849), (-0.206363, -0.253248, 0.945135), (-0.410365, -0.236023, 0.880849), (-0.206363, 0, 0.978476), (-0.410365, 0, 0.911922), (-0.206363, -0.847385, -0.489238), (0.206363, -0.691887, -0.691887), (0.206363, -0.847385, -0.489238), (0.206363, -0.691887, -0.691887), (-0.206363, -0.847385, -0.489238), (-0.206363, -0.691887, -0.691887), (-0.206363, -0.945135, -0.253248), (0.206363, -0.847385, -0.489238), (0.206363, -0.945135, -0.253248), (0.206363, -0.847385, -0.489238), (-0.206363, -0.945135, -0.253248), (-0.206363, -0.847385, -0.489238), (0.206363, -0.253248, 0.945135), (-0.206363, -0.489238, 0.847385), (0.206363, -0.489238, 0.847385), (-0.206363, -0.489238, 0.847385), (0.206363, -0.253248, 0.945135), (-0.206363, -0.253248, 0.945135), (-0.206363, -0.978476, 0), (0.206363, -0.945135, -0.253248), (0.206363, -0.978476, 0), (0.206363, -0.945135, -0.253248), (-0.206363, -0.978476, 0), (-0.206363, -0.945135, -0.253248), (-0.206363, 0.489238, 0.847385), (-0.410365, 0.644826, 0.644826), (-0.410365, 0.455961, 0.789747), (-0.410365, 0.644826, 0.644826), (-0.206363, 0.489238, 0.847385), (-0.206363, 0.691887, 0.691887), (-0.206363, -0.691887, 0.691887), (0.206363, -0.847385, 0.489238), (0.206363, -0.691887, 0.691887), (0.206363, -0.847385, 0.489238), (-0.206363, -0.691887, 0.691887), (-0.206363, -0.847385, 0.489238), (0.206363, 0.847385, -0.489238), (-0.206363, 0.945135, -0.253248), (0.206363, 0.945135, -0.253248), (-0.206363, 0.945135, -0.253248), (0.206363, 0.847385, -0.489238), (-0.206363, 0.847385, -0.489238), (-0.206363, 0.978476, 0), (-0.410365, 0.880849, 0.236023), (-0.206363, 0.945135, 0.253248), (-0.410365, 0.880849, 0.236023), (-0.206363, 0.978476, 0), (-0.410365, 0.911922, 0), (-0.206363, 0.253248, 0.945135), (-0.410365, 0.455961, 0.789747), (-0.410365, 0.236023, 0.880849), (-0.410365, 0.455961, 0.789747), (-0.206363, 0.253248, 0.945135), (-0.206363, 0.489238, 0.847385), (-0.206363, 0.945135, -0.253248), (-0.410365, 0.911922, 0), (-0.206363, 0.978476, 0), (-0.410365, 0.911922, 0), (-0.206363, 0.945135, -0.253248), (-0.410365, 0.880849, -0.236023), (-0.206363, 0.691887, -0.691887), (0.206363, 0.489238, -0.847385), (-0.206363, 0.489238, -0.847385), (0.206363, 0.489238, -0.847385), (-0.206363, 0.691887, -0.691887), (0.206363, 0.691887, -0.691887), (0.206363, 0.253248, 0.945135), (-0.206363, 0, 0.978476), (0.206363, 0, 0.978476), (-0.206363, 0, 0.978476), (0.206363, 0.253248, 0.945135), (-0.206363, 0.253248, 0.945135), (-0.410365, 0.455961, -0.789747), (-0.206363, 0.253248, -0.945135), (-0.410365, 0.236023, -0.880849), (-0.206363, 0.253248, -0.945135), (-0.410365, 0.455961, -0.789747), (-0.206363, 0.489238, -0.847385), (-0.206363, 0.253248, 0.945135), (-0.410365, 0, 0.911922), (-0.206363, 0, 0.978476), (-0.410365, 0, 0.911922), (-0.206363, 0.253248, 0.945135), (-0.410365, 0.236023, 0.880849), (0.206363, 0.847385, 0.489238), (-0.206363, 0.691887, 0.691887), (0.206363, 0.691887, 0.691887), (-0.206363, 0.691887, 0.691887), (0.206363, 0.847385, 0.489238), (-0.206363, 0.847385, 0.489238), (-0.206363, 0.253248, -0.945135), (0.206363, 0, -0.978476), (-0.206363, 0, -0.978476), (0.206363, 0, -0.978476), (-0.206363, 0.253248, -0.945135), (0.206363, 0.253248, -0.945135), (-0.410365, -0.880849, -0.236023), (-0.206363, -0.847385, -0.489238), (-0.206363, -0.945135, -0.253248), (-0.206363, -0.847385, -0.489238), (-0.410365, -0.880849, -0.236023), (-0.410365, -0.789747, -0.455961), (-0.410365, -0.644826, -0.644826), (-0.206363, -0.489238, -0.847385), (-0.206363, -0.691887, -0.691887), (-0.206363, -0.489238, -0.847385), (-0.410365, -0.644826, -0.644826), (-0.410365, -0.455961, -0.789747), (0.410365, 0.789747, -0.455961), (0.206363, 0.945135, -0.253248), (0.410365, 0.880849, -0.236023), (0.206363, 0.945135, -0.253248), (0.410365, 0.789747, -0.455961), (0.206363, 0.847385, -0.489238), (-0.410365, -0.789747, 0.455961), (-0.206363, -0.945135, 0.253248), (-0.206363, -0.847385, 0.489238), (-0.206363, -0.945135, 0.253248), (-0.410365, -0.789747, 0.455961), (-0.410365, -0.880849, 0.236023), (-0.206363, 0.489238, -0.847385), (0.206363, 0.253248, -0.945135), (-0.206363, 0.253248, -0.945135), (0.206363, 0.253248, -0.945135), (-0.206363, 0.489238, -0.847385), (0.206363, 0.489238, -0.847385), (-0.206363, 0, -0.978476), (0.206363, -0.253248, -0.945135), (-0.206363, -0.253248, -0.945135), (0.206363, -0.253248, -0.945135), (-0.206363, 0, -0.978476), (0.206363, 0, -0.978476), (-0.410365, -0.236023, -0.880849), (-0.206363, 0, -0.978476), (-0.206363, -0.253248, -0.945135), (-0.206363, 0, -0.978476), (-0.410365, -0.236023, -0.880849), (-0.410365, 0, -0.911922), (-0.410365, -0.911922, 0), (-0.206363, -0.945135, -0.253248), (-0.206363, -0.978476, 0), (-0.206363, -0.945135, -0.253248), (-0.410365, -0.911922, 0), (-0.410365, -0.880849, -0.236023), (-0.410365, -0.880849, 0.236023), (-0.206363, -0.978476, 0), (-0.206363, -0.945135, 0.253248), (-0.206363, -0.978476, 0), (-0.410365, -0.880849, 0.236023), (-0.410365, -0.911922, 0), (0.206363, 0.945135, 0.253248), (-0.206363, 0.847385, 0.489238), (0.206363, 0.847385, 0.489238), (-0.206363, 0.847385, 0.489238), (0.206363, 0.945135, 0.253248), (-0.206363, 0.945135, 0.253248), (-0.206363, -0.847385, 0.489238), (0.206363, -0.945135, 0.253248), (0.206363, -0.847385, 0.489238), (0.206363, -0.945135, 0.253248), (-0.206363, -0.847385, 0.489238), (-0.206363, -0.945135, 0.253248), (-0.410365, -0.455961, -0.789747), (-0.206363, -0.253248, -0.945135), (-0.206363, -0.489238, -0.847385), (-0.206363, -0.253248, -0.945135), (-0.410365, -0.455961, -0.789747), (-0.410365, -0.236023, -0.880849), (0.206363, 0.978476, 0), (-0.206363, 0.945135, 0.253248), (0.206363, 0.945135, 0.253248), (-0.206363, 0.945135, 0.253248), (0.206363, 0.978476, 0), (-0.206363, 0.978476, 0), (0.410365, 0.789747, 0.455961), (0.206363, 0.691887, 0.691887), (0.410365, 0.644826, 0.644826), (0.206363, 0.691887, 0.691887), (0.410365, 0.789747, 0.455961), (0.206363, 0.847385, 0.489238), (0.206363, -0.847385, 0.489238), (0.410365, -0.880849, 0.236023), (0.410365, -0.789747, 0.455961), (0.410365, -0.880849, 0.236023), (0.206363, -0.847385, 0.489238), (0.206363, -0.945135, 0.253248), (0.410365, 0.911922, 0), (0.206363, 0.945135, 0.253248), (0.410365, 0.880849, 0.236023), (0.206363, 0.945135, 0.253248), (0.410365, 0.911922, 0), (0.206363, 0.978476, 0), (0.410365, 0.880849, 0.236023), (0.206363, 0.847385, 0.489238), (0.410365, 0.789747, 0.455961), (0.206363, 0.847385, 0.489238), (0.410365, 0.880849, 0.236023), (0.206363, 0.945135, 0.253248), (0.206363, 0.253248, -0.945135), (0.410365, 0.455961, -0.789747), (0.410365, 0.236023, -0.880849), (0.410365, 0.455961, -0.789747), (0.206363, 0.253248, -0.945135), (0.206363, 0.489238, -0.847385), (0.410365, 0.236023, 0.880849), (0.206363, 0, 0.978476), (0.410365, 0, 0.911922), (0.206363, 0, 0.978476), (0.410365, 0.236023, 0.880849), (0.206363, 0.253248, 0.945135), (0.410365, -0.455961, 0.789747), (0.206363, -0.253248, 0.945135), (0.206363, -0.489238, 0.847385), (0.206363, -0.253248, 0.945135), (0.410365, -0.455961, 0.789747), (0.410365, -0.236023, 0.880849), (0.410365, 0.644826, 0.644826), (0.206363, 0.489238, 0.847385), (0.410365, 0.455961, 0.789747), (0.206363, 0.489238, 0.847385), (0.410365, 0.644826, 0.644826), (0.206363, 0.691887, 0.691887), (0.206363, -0.691887, 0.691887), (0.410365, -0.789747, 0.455961), (0.410365, -0.644826, 0.644826), (0.410365, -0.789747, 0.455961), (0.206363, -0.691887, 0.691887), (0.206363, -0.847385, 0.489238), (0.206363, -0.945135, 0.253248), (0.410365, -0.911922, 0), (0.410365, -0.880849, 0.236023), (0.410365, -0.911922, 0), (0.206363, -0.945135, 0.253248), (0.206363, -0.978476, 0), (0.410365, -0.236023, 0.880849), (0.206363, 0, 0.978476), (0.206363, -0.253248, 0.945135), (0.206363, 0, 0.978476), (0.410365, -0.236023, 0.880849), (0.410365, 0, 0.911922), (0.410365, -0.644826, 0.644826), (0.206363, -0.489238, 0.847385), (0.206363, -0.691887, 0.691887), (0.206363, -0.489238, 0.847385), (0.410365, -0.644826, 0.644826), (0.410365, -0.455961, 0.789747), (0.206363, 0.489238, -0.847385), (0.410365, 0.644826, -0.644826), (0.410365, 0.455961, -0.789747), (0.410365, 0.644826, -0.644826), (0.206363, 0.489238, -0.847385), (0.206363, 0.691887, -0.691887), (0.206363, -0.489238, -0.847385), (0.410365, -0.644826, -0.644826), (0.206363, -0.691887, -0.691887), (0.410365, -0.644826, -0.644826), (0.206363, -0.489238, -0.847385), (0.410365, -0.455961, -0.789747), (0.206363, 0, -0.978476), (0.410365, -0.236023, -0.880849), (0.206363, -0.253248, -0.945135), (0.410365, -0.236023, -0.880849), (0.206363, 0, -0.978476), (0.410365, 0, -0.911922), (0.206363, -0.978476, 0), (0.410365, -0.880849, -0.236023), (0.410365, -0.911922, 0), (0.410365, -0.880849, -0.236023), (0.206363, -0.978476, 0), (0.206363, -0.945135, -0.253248), (0.410365, 0.644826, -0.644826), (0.206363, 0.847385, -0.489238), (0.410365, 0.789747, -0.455961), (0.206363, 0.847385, -0.489238), (0.410365, 0.644826, -0.644826), (0.206363, 0.691887, -0.691887), (0.410365, 0.880849, -0.236023), (0.206363, 0.978476, 0), (0.410365, 0.911922, 0), (0.206363, 0.978476, 0), (0.410365, 0.880849, -0.236023), (0.206363, 0.945135, -0.253248), (0.206363, -0.253248, -0.945135), (0.410365, -0.455961, -0.789747), (0.206363, -0.489238, -0.847385), (0.410365, -0.455961, -0.789747), (0.206363, -0.253248, -0.945135), (0.410365, -0.236023, -0.880849), (0.206363, -0.847385, -0.489238), (0.410365, -0.644826, -0.644826), (0.410365, -0.789747, -0.455961), (0.410365, -0.644826, -0.644826), (0.206363, -0.847385, -0.489238), (0.206363, -0.691887, -0.691887), (0.206363, 0.253248, -0.945135), (0.410365, 0, -0.911922), (0.206363, 0, -0.978476), (0.410365, 0, -0.911922), (0.206363, 0.253248, -0.945135), (0.410365, 0.236023, -0.880849), (1, 0, 0), (1, 0, 0), (1, 0, 0), (1, 0, 0), (1, 0, 0), (1, 0, 0), (1, 0, 0), (1, 0, 0), (1, 0, 0), (1, 0, 0), (1, 0, 0), (1, 0, 0), (1, 0, 0), (1, 0, 0), (1, 0, 0), (1, 0, 0), (1, 0, 0), (1, 0, 0), (1, 0, 0), (1, 0, 0), (1, 0, 0), (1, 0, 0), (1, 0, 0), (1, 0, 0), (1, 0, 0), (1, 0, 0), (1, 0, 0), (1, 0, 0), (1, 0, 0), (1, 0, 0), (1, 0, 0), (1, 0, 0), (1, 0, 0), (1, 0, 0), (1, 0, 0), (1, 0, 0), (1, 0, 0), (1, 0, 0), (1, 0, 0), (1, 0, 0), (1, 0, 0), (1, 0, 0), (1, 0, 0), (1, 0, 0), (1, 0, 0), (1, 0, 0), (1, 0, 0), (1, 0, 0), (1, 0, 0), (1, 0, 0), (1, 0, 0), (1, 0, 0), (1, 0, 0), (1, 0, 0), (1, 0, 0), (1, 0, 0), (1, 0, 0), (1, 0, 0), (1, 0, 0), (1, 0, 0), (1, 0, 0), (1, 0, 0), (1, 0, 0), (1, 0, 0), (1, 0, 0), (1, 0, 0), (0.206363, -0.945135, -0.253248), (0.410365, -0.789747, -0.455961), (0.410365, -0.880849, -0.236023), (0.410365, -0.789747, -0.455961), (0.206363, -0.945135, -0.253248), (0.206363, -0.847385, -0.489238), (0.410365, 0.455961, 0.789747), (0.206363, 0.253248, 0.945135), (0.410365, 0.236023, 0.880849), (0.206363, 0.253248, 0.945135), (0.410365, 0.455961, 0.789747), (0.206363, 0.489238, 0.847385), (-1, 0, 0), (-1, 0, 0), (-1, 0, 0), (-1, 0, 0), (-1, 0, 0), (-1, 0, 0), (-1, 0, 0), (-1, 0, 0), (-1, 0, 0), (-1, 0, 0), (-1, 0, 0), (-1, 0, 0), (-1, 0, 0), (-1, 0, 0), (-1, 0, 0), (-1, 0, 0), (-1, 0, 0), (-1, 0, 0), (-1, 0, 0), (-1, 0, 0), (-1, 0, 0), (-1, 0, 0), (-1, 0, 0), (-1, 0, 0), (-1, 0, 0), (-1, 0, 0), (-1, 0, 0), (-1, 0, 0), (-1, 0, 0), (-1, 0, 0), (-1, 0, 0), (-1, 0, 0), (-1, 0, 0), (-1, 0, 0), (-1, 0, 0), (-1, 0, 0), (-1, 0, 0), (-1, 0, 0), (-1, 0, 0), (-1, 0, 0), (-1, 0, 0), (-1, 0, 0), (-1, 0, 0), (-1, 0, 0), (-1, 0, 0), (-1, 0, 0), (-1, 0, 0), (-1, 0, 0), (-1, 0, 0), (-1, 0, 0), (-1, 0, 0), (-1, 0, 0), (-1, 0, 0), (-1, 0, 0), (-1, 0, 0), (-1, 0, 0), (-1, 0, 0), (-1, 0, 0), (-1, 0, 0), (-1, 0, 0), (-1, 0, 0), (-1, 0, 0), (-1, 0, 0), (-1, 0, 0), (-1, 0, 0), (-1, 0, 0), (-1, 0, 0), (-1, 0, 0), (-1, 0, 0), (-1, 0, 0), (-1, 0, 0), (-1, 0, 0), (-1, 0, 0), (-1, 0, 0), (-1, 0, 0), (-1, 0, 0), (-1, 0, 0), (-1, 0, 0), (-1, 0, 0), (-1, 0, 0), (-1, 0, 0), (-1, 0, 0), (-1, 0, 0), (-1, 0, 0), (-1, 0, 0), (-1, 0, 0), (-1, 0, 0), (-1, 0, 0), (-1, 0, 0), (-1, 0, 0), (-1, 0, 0), (-1, 0, 0), (-1, 0, 0), (-1, 0, 0), (-1, 0, 0), (-1, 0, 0), (-1, 0, 0), (-1, 0, 0), (-1, 0, 0), (-1, 0, 0), (-1, 0, 0), (-1, 0, 0), (-1, 0, 0), (-1, 0, 0), (-1, 0, 0), (-1, 0, 0), (-1, 0, 0), (-1, 0, 0), (-1, 0, 0), (-1, 0, 0), (-1, 0, 0), (-1, 0, 0), (-1, 0, 0), (-1, 0, 0), (-1, 0, 0), (-1, 0, 0), (-1, 0, 0), (-1, 0, 0), (-1, 0, 0), (-1, 0, 0), (-1, 0, 0), (-1, 0, 0), (-1, 0, 0), (-1, 0, 0), (-1, 0, 0), (-1, 0, 0), (-1, 0, 0), (-1, 0, 0), (-1, 0, 0), (-1, 0, 0), (-1, 0, 0), (-1, 0, 0), (-1, 0, 0), (-1, 0, 0), (-1, 0, 0), (-1, 0, 0), (-1, 0, 0), (-1, 0, 0), (-1, 0, 0), (-1, 0, 0), (-1, 0, 0), (-1, 0, 0), (-1, 0, 0), (-1, 0, 0), (-1, 0, -6.66134e-16), (-1, 0, -6.66134e-16), (-1, 0, -6.66134e-16), (-1, 0, -6.66134e-16), (-1, 0, -6.66134e-16), (-1, 0, -6.66134e-16), (-1, 0, -6.66134e-16), (-1, 0, -6.66134e-16), (-1, 0, -6.66134e-16), (-1, 0, -6.66134e-16), (-1, 0, -6.66134e-16), (-1, 0, -6.66134e-16), (-1, 0, -6.66134e-16), (-1, 0, -6.66134e-16), (-1, 0, -6.66134e-16), (-1, 0, -6.66134e-16), (-1, 0, -6.66134e-16), (-1, 0, -6.66134e-16), (-1, 0, -6.66134e-16), (-1, 0, -6.66134e-16), (-1, 0, -6.66134e-16), (-1, 0, -6.66134e-16), (-1, 0, -6.66134e-16), (-1, 0, -6.66134e-16), (-1, 0, -6.66134e-16), (-1, 0, -6.66134e-16), (-1, 0, -6.66134e-16), (-1, 0, -6.66134e-16), (-1, 0, -6.66134e-16), (-1, 0, -6.66134e-16), (-1, 0, -6.66134e-16), (-1, 0, -6.66134e-16), (-1, 0, -6.66134e-16), (-1, 0, -6.66134e-16), (-1, 0, -6.66134e-16), (-1, 0, -6.66134e-16), (-1, 0, -6.66134e-16), (-1, 0, -6.66134e-16), (-1, 0, -6.66134e-16), (-1, 0, -6.66134e-16), (-1, 0, -6.66134e-16), (-1, 0, -6.66134e-16), (-1, 0, -6.66134e-16), (-1, 0, -6.66134e-16), (-1, 0, -6.66134e-16), (-1, 0, -6.66134e-16), (-1, 0, -6.66134e-16), (-1, 0, -6.66134e-16), (-1, 0, -6.66134e-16), (-1, 0, -6.66134e-16), (-1, 0, -6.66134e-16), (-1, 0, -6.66134e-16), (-1, 0, -6.66134e-16), (-1, 0, -6.66134e-16), (-1, 0, -6.66134e-16), (-1, 0, -6.66134e-16), (-1, 0, -6.66134e-16), (-1, 0, -6.66134e-16), (-1, 0, -6.66134e-16), (-1, 0, -6.66134e-16), (-1, 0, -6.66134e-16), (-1, 0, -6.66134e-16), (-1, 0, -6.66134e-16), (-1, 0, -6.66134e-16), (-1, 0, -6.66134e-16), (-1, 0, -6.66134e-16), (-1, 0, -6.66134e-16), (-1, 0, -6.66134e-16), (-1, 0, -6.66134e-16), (-1, 0, -6.66134e-16), (-1, 0, -6.66134e-16), (-1, 0, -6.66134e-16), (-1, 0, -6.66134e-16), (-1, 0, -6.66134e-16), (-1, 0, -6.66134e-16), (-1, 0, -6.66134e-16), (-1, 0, -6.66134e-16), (-1, 0, -6.66134e-16), (-1, 0, -6.66134e-16), (-1, 0, -6.66134e-16), (-1, 0, -6.66134e-16), (-1, 0, -6.66134e-16), (-1, 0, -6.66134e-16), (-1, 0, -6.66134e-16), (-1, 0, -6.66134e-16), (-1, 0, -6.66134e-16), (-1, 0, -6.66134e-16), (-1, 0, -6.66134e-16), (-1, 0, -6.66134e-16), (-1, 0, -6.66134e-16), (-1, 0, -6.66134e-16), (-1, 0, -6.66134e-16), (-1, 0, -6.66134e-16), (-1, 0, -6.66134e-16), (-1, 0, -6.66134e-16), (-1, 0, -6.66134e-16), (-1, 0, -6.66134e-16), (-1, 0, -6.66134e-16), (-1, 0, -6.66134e-16), (-1, 0, -6.66134e-16), (-1, 0, -6.66134e-16), (-1, 0, -6.66134e-16), (-1, 0, -6.66134e-16), (-1, 0, -6.66134e-16), (-1, 0, -6.66134e-16), (-1, 0, -6.66134e-16), (-1, 0, -6.66134e-16), (-1, 0, -6.66134e-16), (-1, 0, -6.66134e-16), (-1, 0, -6.66134e-16), (-1, 0, -6.66134e-16), (-1, 0, -6.66134e-16), (-1, 0, -6.66134e-16), (-1, 0, -6.66134e-16), (-1, 0, -6.66134e-16), (-1, 0, -6.66134e-16), (-1, 0, -6.66134e-16), (-1, 0, -6.66134e-16), (-1, 0, -6.66134e-16), (-1, 0, -6.66134e-16), (-1, 0, -6.66134e-16), (-1, 0, -6.66134e-16), (-1, 0, -6.66134e-16), (-1, 0, -6.66134e-16), (-1, 0, -6.66134e-16), (-1, 0, -6.66134e-16), (-1, 0, -6.66134e-16), (-1, 0, -6.66134e-16), (-1, 0, -6.66134e-16), (-1, 0, -6.66134e-16), (-1, 0, -6.66134e-16), (-1, 0, -6.66134e-16), (-1, 0, -6.66134e-16), (-1, 0, -6.66134e-16), (-1, 0, -6.66134e-16), (-1, 0, -6.66134e-16), (-1, 0, -6.66134e-16), (-1, 0, -6.66134e-16), (-1, 0, -6.66134e-16), (-1, 0, -6.66134e-16), (-1, 0, -6.66134e-16), (-1, 0, -6.66134e-16), (-1, 0, -6.66134e-16), (-1, 0, -6.66134e-16), (-0.516, -0.827401, -0.221701), (-0.516, -0.856588, 0), (-0.516, -0.827401, -0.221701), (-0.516, -0.856588, 0), (-0.516, -0.827401, -0.221701), (-0.516, -0.856588, 0), (-0.516, 0.827401, -0.221701), (-0.516, 0.741827, -0.428294), (-0.516, 0.827401, -0.221701), (-0.516, 0.741827, -0.428294), (-0.516, 0.827401, -0.221701), (-0.516, 0.741827, -0.428294), (-0.516, 0.605699, 0.605699), (-0.516, 0.741827, 0.428294), (-0.516, 0.605699, 0.605699), (-0.516, 0.741827, 0.428294), (-0.516, 0.605699, 0.605699), (-0.516, 0.741827, 0.428294), (-0.516, 0, -0.856588), (-0.516, 0.221701, -0.827401), (-0.516, 0.221701, -0.827401), (-0.516, 0.221701, -0.827401), (-0.516, 0, -0.856588), (-0.516, 0, -0.856588), (-0.516, 0.856588, 0), (-0.516, 0.827401, -0.221701), (-0.516, 0.827401, -0.221701), (-0.516, 0.827401, -0.221701), (-0.516, 0.856588, 0), (-0.516, 0.856588, 0), (-0.516, -0.428294, 0.741827), (-0.516, -0.221701, 0.827401), (-0.516, -0.221701, 0.827401), (-0.516, -0.221701, 0.827401), (-0.516, -0.428294, 0.741827), (-0.516, -0.428294, 0.741827), (-0.516, 0, -0.856588), (-0.516, -0.221701, -0.827401), (-0.516, 0, -0.856588), (-0.516, -0.221701, -0.827401), (-0.516, 0, -0.856588), (-0.516, -0.221701, -0.827401), (-0.516, 0.741827, -0.428294), (-0.516, 0.605699, -0.605699), (-0.516, 0.741827, -0.428294), (-0.516, 0.605699, -0.605699), (-0.516, 0.741827, -0.428294), (-0.516, 0.605699, -0.605699), (-0.516, -0.221701, 0.827401), (-0.516, 0, 0.856588), (-0.516, 0, 0.856588), (-0.516, 0, 0.856588), (-0.516, -0.221701, 0.827401), (-0.516, -0.221701, 0.827401), (-0.516, 0.827401, 0.221701), (-0.516, 0.856588, 0), (-0.516, 0.827401, 0.221701), (-0.516, 0.856588, 0), (-0.516, 0.827401, 0.221701), (-0.516, 0.856588, 0), (-0.516, 0.428294, 0.741827), (-0.516, 0.221701, 0.827401), (-0.516, 0.428294, 0.741827), (-0.516, 0.221701, 0.827401), (-0.516, 0.428294, 0.741827), (-0.516, 0.221701, 0.827401), (-0.516, -0.605699, -0.605699), (-0.516, -0.741827, -0.428294), (-0.516, -0.605699, -0.605699), (-0.516, -0.741827, -0.428294), (-0.516, -0.605699, -0.605699), (-0.516, -0.741827, -0.428294), (-0.516, 0.741827, 0.428294), (-0.516, 0.827401, 0.221701), (-0.516, 0.827401, 0.221701), (-0.516, 0.827401, 0.221701), (-0.516, 0.741827, 0.428294), (-0.516, 0.741827, 0.428294), (-0.516, -0.741827, -0.428294), (-0.516, -0.827401, -0.221701), (-0.516, -0.741827, -0.428294), (-0.516, -0.827401, -0.221701), (-0.516, -0.741827, -0.428294), (-0.516, -0.827401, -0.221701), (-0.516, -0.605699, 0.605699), (-0.516, -0.428294, 0.741827), (-0.516, -0.428294, 0.741827), (-0.516, -0.428294, 0.741827), (-0.516, -0.605699, 0.605699), (-0.516, -0.605699, 0.605699), (-0.516, 0.221701, -0.827401), (-0.516, 0.428294, -0.741827), (-0.516, 0.428294, -0.741827), (-0.516, 0.428294, -0.741827), (-0.516, 0.221701, -0.827401), (-0.516, 0.221701, -0.827401), (-1, 0, 0), (-1, 0, 0), (-1, 0, 0), (-1, 0, 0), (-1, 0, 0), (-1, 0, 0), (-1, 0, 0), (-1, 0, 0), (-1, 0, 0), (-1, 0, 0), (-1, 0, 0), (-1, 0, 0), (-1, 0, 0), (-1, 0, 0), (-1, 0, 0), (-1, 0, 0), (-1, 0, 0), (-1, 0, 0), (-1, 0, 0), (-1, 0, 0), (-1, 0, 0), (-1, 0, 0), (-1, 0, 0), (-1, 0, 0), (-1, 0, 0), (-1, 0, 0), (-1, 0, 0), (-1, 0, 0), (-1, 0, 0), (-1, 0, 0), (-1, 0, 0), (-1, 0, 0), (-1, 0, 0), (-1, 0, 0), (-1, 0, 0), (-1, 0, 0), (-1, 0, 0), (-1, 0, 0), (-1, 0, 0), (-1, 0, 0), (-1, 0, 0), (-1, 0, 0), (-1, 0, 0), (-1, 0, 0), (-1, 0, 0), (-1, 0, 0), (-1, 0, 0), (-1, 0, 0), (-1, 0, 0), (-1, 0, 0), (-1, 0, 0), (-1, 0, 0), (-1, 0, 0), (-1, 0, 0), (-1, 0, 0), (-1, 0, 0), (-1, 0, 0), (-1, 0, 0), (-1, 0, 0), (-1, 0, 0), (-1, 0, 0), (-1, 0, 0), (-1, 0, 0), (-1, 0, 0), (-1, 0, 0), (-1, 0, 0), (-0.516, -0.856588, 0), (-0.516, -0.827401, 0.221701), (-0.516, -0.856588, 0), (-0.516, -0.827401, 0.221701), (-0.516, -0.856588, 0), (-0.516, -0.827401, 0.221701), (-0.516, -0.741827, 0.428294), (-0.516, -0.605699, 0.605699), (-0.516, -0.741827, 0.428294), (-0.516, -0.605699, 0.605699), (-0.516, -0.741827, 0.428294), (-0.516, -0.605699, 0.605699), (-0.516, -0.827401, 0.221701), (-0.516, -0.741827, 0.428294), (-0.516, -0.827401, 0.221701), (-0.516, -0.741827, 0.428294), (-0.516, -0.827401, 0.221701), (-0.516, -0.741827, 0.428294), (-0.516, 0.605699, 0.605699), (-0.516, 0.428294, 0.741827), (-0.516, 0.605699, 0.605699), (-0.516, 0.428294, 0.741827), (-0.516, 0.605699, 0.605699), (-0.516, 0.428294, 0.741827), (-0.516, -0.428294, -0.741827), (-0.516, -0.605699, -0.605699), (-0.516, -0.428294, -0.741827), (-0.516, -0.605699, -0.605699), (-0.516, -0.428294, -0.741827), (-0.516, -0.605699, -0.605699), (-0.516, 0.428294, -0.741827), (-0.516, 0.605699, -0.605699), (-0.516, 0.605699, -0.605699), (-0.516, 0.605699, -0.605699), (-0.516, 0.428294, -0.741827), (-0.516, 0.428294, -0.741827), (-0.516, 0.221701, 0.827401), (-0.516, 0, 0.856588), (-0.516, 0.221701, 0.827401), (-0.516, 0, 0.856588), (-0.516, 0.221701, 0.827401), (-0.516, 0, 0.856588), (-0.516, -0.221701, -0.827401), (-0.516, -0.428294, -0.741827), (-0.516, -0.221701, -0.827401), (-0.516, -0.428294, -0.741827), (-0.516, -0.221701, -0.827401), (-0.516, -0.428294, -0.741827), (0, 0.258819, -0.965926), (0, 0.813241, -0.581927), (0, 0.75184, -0.659346), (0, 0.813241, -0.581927), (0, 0.258819, -0.965926), (0, 0.233891, -0.972263), (-1, 0, 0), (-1, 0, 0), (-1, 0, 0), (-1, 0, 0), (-1, 0, 0), (-1, 0, 0), (-1, 0, 0), (-1, 0, 0), (-1, 0, 0), (-1, 0, 0), (-1, 0, 0), (-1, 0, 0), (-1, 0, 0), (-1, 0, 0), (-1, 0, 0), (-1, 0, 0), (-1, 0, 0), (-1, 0, 0), (-1, 0, 0), (-1, 0, 0), (-1, 0, 0), (-1, 0, 0), (-1, 0, 0), (-1, 0, 0), (-1, 0, 0), (-1, 0, 0), (-1, 0, 0), (-1, 0, 0), (-1, 0, 0), (-1, 0, 0), (-1, 0, 0), (-1, 0, 0), (-1, 0, 0), (-1, 0, 0), (-1, 0, 0), (-1, 0, 0), (-1, 0, 0), (-1, 0, 0), (-1, 0, 0), (-1, 0, 0), (-1, 0, 0), (-1, 0, 0), (-1, 0, 0), (-1, 0, 0), (-1, 0, 0), (-1, 0, 0), (-1, 0, 0), (-1, 0, 0), (-1, 0, 0), (-1, 0, 0), (-1, 0, 0), (-1, 0, 0), (-1, 0, 0), (-1, 0, 0), (-1, 0, 0), (-1, 0, 0), (-1, 0, 0), (-1, 0, 0), (-1, 0, 0), (-1, 0, 0), (-1, 0, 0), (-1, 0, 0), (-1, 0, 0), (-1, 0, 0), (-1, 0, 0), (-1, 0, 0), (-1, 0, 0), (-1, 0, 0), (-1, 0, 0), (-1, 0, 0), (-1, 0, 0), (-1, 0, 0), (-1, 0, 0), (-1, 0, 0), (-1, 0, 0), (-1, 0, 0), (-1, 0, 0), (-1, 0, 0), (-1, 0, 0), (-1, 0, 0), (-1, 0, 0), (-1, 0, 0), (-1, 0, 0), (-1, 0, 0), (-1, 0, 0), (-1, 0, 0), (-1, 0, 0), (-1, 0, 0), (-1, 0, 0), (-1, 0, 0), (-1, 0, 0), (-1, 0, 0), (-1, 0, 0), (-1, 0, 0), (-1, 0, 0), (-1, 0, 0), (-1, 0, 0), (-1, 0, 0), (-1, 0, 0), (-1, 0, 0), (-1, 0, 0), (-1, 0, 0), (-1, 0, 0), (-1, 0, 0), (-1, 0, 0), (-1, 0, 0), (-1, 0, 0), (-1, 0, 0), (-1, 0, 0), (-1, 0, 0), (-1, 0, 0), (-1, 0, 0), (-1, 0, 0), (-1, 0, 0), (-1, 0, 0), (-1, 0, 0), (-1, 0, 0), (-1, 0, 0), (-1, 0, 0), (-1, 0, 0), (-1, 0, 0), (-1, 0, 0), (-1, 0, 0), (-1, 0, 0), (-1, 0, 0), (-1, 0, 0), (-1, 0, 0), (-1, 0, 0), (-1, 0, 0), (-1, 0, 0), (-1, 0, 0), (-1, 0, 0), (-1, 0, 0), (-1, 0, 0), (-1, 0, 0), (-1, 0, 0), (-1, 0, 0), (-1, 0, 0), (-1, 0, 0), (-1, 0, 0), (-1, 0, 0), (-1, 0, 0), (-1, 0, 0), (-1, 0, 0), (-1, 0, 0), (-1, 0, 0), (-1, 0, 0), (-1, 0, 0), (-1, 0, 0), (-1, 0, 0), (-1, 0, 0), (-1, 0, 0), (-1, 0, 0), (-1, 0, 0), (-1, 0, 0), (-1, 0, 0), (-1, 0, 0), (-1, 0, 0), (-1, 0, 0), (-1, 0, 0), (-1, 0, 0), (-1, 0, 0), (-1, 0, 0), (-1, 0, 0), (-1, 0, 0), (-1, 0, 0), (-1, 0, 0), (-1, 0, 0), (-1, 0, 0), (-1, 0, 0), (-1, 0, 0), (-1, 0, 0), (-1, 0, 0), (-1, 0, 0), (1, 0, 0), (1, 0, 0), (1, 0, 0), (1, 0, 0), (1, 0, 0), (1, 0, 0), (1, 0, 0), (1, 0, 0), (1, 0, 0), (1, 0, 0), (1, 0, 0), (1, 0, 0), (1, 0, 0), (1, 0, 0), (1, 0, 0), (1, 0, 0), (1, 0, 0), (1, 0, 0), (1, 0, 0), (1, 0, 0), (1, 0, 0), (1, 0, 0), (1, 0, 0), (1, 0, 0), (1, 0, 0), (1, 0, 0), (1, 0, 0), (1, 0, 0), (1, 0, 0), (1, 0, 0), (1, 0, 0), (1, 0, 0), (1, 0, 0), (1, 0, 0), (1, 0, 0), (1, 0, 0), (1, 0, 0), (1, 0, 0), (1, 0, 0), (1, 0, 0), (1, 0, 0), (1, 0, 0), (1, 0, 0), (1, 0, 0), (1, 0, 0), (1, 0, 0), (1, 0, 0), (1, 0, 0), (1, 0, 0), (1, 0, 0), (1, 0, 0), (1, 0, 0), (1, 0, 0), (1, 0, 0), (1, 0, 0), (1, 0, 0), (1, 0, 0), (1, 0, 0), (1, 0, 0), (1, 0, 0), (1, 0, 0), (1, 0, 0), (1, 0, 0), (1, 0, 0), (1, 0, 0), (1, 0, 0), (1, 0, 0), (1, 0, 0), (1, 0, 0), (1, 0, 0), (1, 0, 0), (1, 0, 0), (1, 0, 0), (1, 0, 0), (1, 0, 0), (1, 0, 0), (1, 0, 0), (1, 0, 0), (1, 0, 0), (1, 0, 0), (1, 0, 0), (1, 0, 0), (1, 0, 0), (1, 0, 0), (1, 0, 0), (1, 0, 0), (1, 0, 0), (1, 0, 0), (1, 0, 0), (1, 0, 0), (1, 0, 0), (1, 0, 0), (1, 0, 0), (1, 0, 0), (1, 0, 0), (1, 0, 0), (1, 0, 0), (1, 0, 0), (1, 0, 0), (1, 0, 0), (1, 0, 0), (1, 0, 0), (1, 0, 0), (1, 0, 0), (1, 0, 0), (1, 0, 0), (1, 0, 0), (1, 0, 0), (1, 0, 0), (1, 0, 0), (1, 0, 0), (1, 0, 0), (1, 0, 0), (1, 0, 0), (1, 0, 0), (1, 0, 0), (1, 0, 0), (1, 0, 0), (1, 0, 0), (1, 0, 0), (1, 0, 0), (1, 0, 0), (1, 0, 0), (1, 0, 0), (1, 0, 0), (1, 0, 0), (1, 0, 0), (1, 0, 0), (1, 0, 0), (1, 0, 0), (1, 0, 0), (1, 0, 0), (1, 0, 0), (1, 0, 0), (1, 0, 0), (1, 0, 0), (1, 0, 0), (1, 0, 0), (1, 0, 0), (1, 0, 0), (1, 0, 0), (1, 0, 0), (1, 0, 0), (1, 0, 0), (1, 0, 0), (1, 0, 0), (1, 0, 0), (1, 0, 0), (1, 0, 0), (1, 0, 0), (1, 0, 0), (1, 0, 0), (1, 0, 0), (1, 0, 0), (1, 0, 0), (1, 0, 0), (1, 0, 0), (1, 0, 0), (1, 0, 0), (1, 0, 0), (1, 0, 0), (1, 0, 0), (1, 0, 0), (1, 0, 0), (1, 0, 0), (1, 0, 0), (1, 0, 0), (1, 0, 0), (1, 0, 0), (1, 0, 0), (1, 0, 0), (1, 0, 0), (1, 0, 0), (1, 0, 0), (0.948683, -0.316228, 0), (0.948683, -0.316228, 0), (0.948683, -0.316228, 0), (0.948683, -0.316228, 0), (0.948683, -0.316228, 0), (0.948683, -0.316228, 0), (0.948683, -0.316228, 0), (0.948683, -0.316228, 0), (0.948683, -0.316228, 0), (0.948683, -0.316228, 0), (0.948683, -0.316228, 0), (0.948683, -0.316228, 0), (0.948683, -0.316228, 0), (0.948683, -0.316228, 0), (0.948683, -0.316228, 0), (0.948683, -0.316228, 0), (0.948683, -0.316228, 0), (0.948683, -0.316228, 0), (0.948683, -0.316228, 0), (0.948683, -0.316228, 0), (0.948683, -0.316228, 0), (0.948683, -0.316228, 0), (0.948683, -0.316228, 0), (0.948683, -0.316228, 0), (0.948683, -0.316228, 0), (0.948683, -0.316228, 0), (0.948683, -0.316228, 0), (0, 0.866025, 0.5), (0, 0.707107, 0.707107), (0, 0.866025, 0.5), (0, 0.707107, 0.707107), (0, 0.866025, 0.5), (0, 0.707107, 0.707107), (0, 0.965926, 0.258819), (0, 0.866025, 0.5), (0, 0.965926, 0.258819), (0, 0.866025, 0.5), (0, 0.965926, 0.258819), (0, 0.866025, 0.5), (0, 0.866025, -0.5), (0, 0.965926, -0.258819), (0, 0.866025, -0.5), (0, 0.965926, -0.258819), (0, 0.866025, -0.5), (0, 0.965926, -0.258819), (0, 0.965926, 0.258819), (0, 0.866025, 0.5), (0, 0.965926, 0.258819), (0, 0.866025, 0.5), (0, 0.965926, 0.258819), (0, 0.866025, 0.5), (0, 0.707107, -0.707107), (0, 0.866025, -0.5), (0, 0.707107, -0.707107), (0, 0.866025, -0.5), (0, 0.707107, -0.707107), (0, 0.866025, -0.5), (0, 0.233891, -0.972263), (0, 0.5, -0.866025), (0, 0.258819, -0.965926), (0, 0.5, -0.866025), (0, 0.233891, -0.972263), (0, 0.479903, -0.877321), (0, 0.5, 0.866025), (0, 0.608761, 0.793353), (0, 0.479903, 0.877321), (0, 0.608761, 0.793353), (0, 0.5, 0.866025), (0, 0.707107, 0.707107), (0, 0.608761, 0.793353), (0, 0.707107, 0.707107), (0, 0.707107, 0.707107), (0, 0.866025, 0.5), (0, 0.707107, 0.707107), (0, 0.866025, 0.5), (0, 0.707107, 0.707107), (0, 0.866025, 0.5), (0, 0.707107, 0.707107), (0, 0.707107, -0.707107), (0, 0.866025, -0.5), (0, 0.707107, -0.707107), (0, 0.866025, -0.5), (0, 0.707107, -0.707107), (0, 0.866025, -0.5), (0, 0.866025, 0.5), (0, 0.707107, 0.707107), (0, 0.866025, 0.5), (0, 0.707107, 0.707107), (0, 0.866025, 0.5), (0, 0.707107, 0.707107), (0, 0.965926, -0.258819), (0, 1, 0), (0, 0.965926, -0.258819), (0, 1, 0), (0, 0.965926, -0.258819), (0, 1, 0), (0, 1, 0), (0, 0.965926, 0.258819), (0, 1, 0), (0, 0.965926, 0.258819), (0, 1, 0), (0, 0.965926, 0.258819), (0, 0.866025, 0.5), (0, 0.707107, 0.707107), (0, 0.866025, 0.5), (0, 0.707107, 0.707107), (0, 0.866025, 0.5), (0, 0.707107, 0.707107), (0, 1, 0), (0, 0.965926, 0.258819), (0, 1, 0), (0, 0.965926, 0.258819), (0, 1, 0), (0, 0.965926, 0.258819), (0, 1, 0), (0, 0.965926, 0.258819), (0, 1, 0), (0, 0.965926, 0.258819), (0, 1, 0), (0, 0.965926, 0.258819), (0, 0.5, -0.866025), (0, 0.233891, -0.972263), (0, 0.258819, -0.965926), (0, 0.233891, -0.972263), (0, 0.5, -0.866025), (0, 0.479903, -0.877321), (0, 0.866025, -0.5), (0, 0.965926, -0.258819), (0, 0.866025, -0.5), (0, 0.965926, -0.258819), (0, 0.866025, -0.5), (0, 0.965926, -0.258819), (-0.948683, -0.316228, 0), (-0.948683, -0.316228, 0), (-0.948683, -0.316228, 0), (-0.948683, -0.316228, 0), (-0.948683, -0.316228, 0), (-0.948683, -0.316228, 0), (-0.948683, -0.316228, 0), (-0.948683, -0.316228, 0), (-0.948683, -0.316228, 0), (-0.948683, -0.316228, 0), (-0.948683, -0.316228, 0), (-0.948683, -0.316228, 0), (-0.948683, -0.316228, 0), (-0.948683, -0.316228, 0), (-0.948683, -0.316228, 0), (0, 0.479903, 0.877321), (0, 0.258819, 0.965926), (0, 0.233891, 0.972263), (0, 0.258819, 0.965926), (0, 0.479903, 0.877321), (0, 0.5, 0.866025), (-0.948683, -0.316228, 0), (-0.948683, -0.316228, 0), (-0.948683, -0.316228, 0), (-0.948683, -0.316228, 0), (-0.948683, -0.316228, 0), (-0.948683, -0.316228, 0), (-0.948683, -0.316228, 0), (-0.948683, -0.316228, 0), (-0.948683, -0.316228, 0), (-0.948683, -0.316228, 0), (-0.948683, -0.316228, 0), (-0.948683, -0.316228, 0), (-0.948683, -0.316228, 0), (-0.948683, -0.316228, 0), (-0.948683, -0.316228, 0), (-0.948683, -0.316228, 0), (-0.948683, -0.316228, 0), (-0.948683, -0.316228, 0), (0, 0.5, 0.866025), (0, 0.233891, 0.972263), (0, 0.258819, 0.965926), (0, 0.233891, 0.972263), (0, 0.5, 0.866025), (0, 0.479903, 0.877321), (0.948683, -0.316228, 0), (0.948683, -0.316228, 0), (0.948683, -0.316228, 0), (0.948683, -0.316228, 0), (0.948683, -0.316228, 0), (0.948683, -0.316228, 0), (0.948683, -0.316228, 0), (0.948683, -0.316228, 0), (0.948683, -0.316228, 0), (0.948683, -0.316228, 0), (0.948683, -0.316228, 0), (0.948683, -0.316228, 0), (0.948683, -0.316228, 0), (0.948683, -0.316228, 0), (0.948683, -0.316228, 0), (0.948683, -0.316228, 0), (0.948683, -0.316228, 0), (0.948683, -0.316228, 0), (0, 0.233891, 0.972263), (0, 0.5, 0.866025), (0, 0.258819, 0.965926), (0, 0.5, 0.866025), (0, 0.233891, 0.972263), (0, 0.479903, 0.877321), (0, 0.707107, -0.707107), (0, 0.866025, -0.5), (0, 0.707107, -0.707107), (0, 0.866025, -0.5), (0, 0.707107, -0.707107), (0, 0.866025, -0.5), (0, 0.965926, -0.258819), (0, 1, 0), (0, 0.965926, -0.258819), (0, 1, 0), (0, 0.965926, -0.258819), (0, 1, 0), (0, 0.5, -0.866025), (0, 0.233891, -0.972263), (0, 0.258819, -0.965926), (0, 0.233891, -0.972263), (0, 0.5, -0.866025), (0, 0.479903, -0.877321), (0, 0.258819, -0.965926), (0, 0.130526, -0.991445), (0, 0.130526, -0.991445), (0, 0.130526, -0.991445), (0, 0.258819, -0.965926), (0, 0.233891, -0.972263), (0, 0.258819, 0.965926), (0, 0.479903, 0.877321), (0, 0.233891, 0.972263), (0, 0.479903, 0.877321), (0, 0.258819, 0.965926), (0, 0.5, 0.866025), (0, 0.707107, -0.707107), (0, 0.479903, -0.877321), (0, 0.5, -0.866025), (0, 0.479903, -0.877321), (0, 0.707107, -0.707107), (0, 0.608761, -0.793353), (0, 0.608761, -0.793353), (0, 0.707107, -0.707107), (0, 0.707107, -0.707107), (0, 0.130526, 0.991445), (0, 0.233891, 0.972263), (0, 0.130526, 0.991445), (0, 0.233891, 0.972263), (0, 0.130526, 0.991445), (0, 0.258819, 0.965926), (0, 0.965926, -0.258819), (0, 1, 0), (0, 0.965926, -0.258819), (0, 1, 0), (0, 0.965926, -0.258819), (0, 1, 0), (0, 0.5, 0.866025), (0, 0.608761, 0.793353), (0, 0.479903, 0.877321), (0, 0.608761, 0.793353), (0, 0.5, 0.866025), (0, 0.707107, 0.707107), (0, 0.608761, 0.793353), (0, 0.707107, 0.707107), (0, 0.707107, 0.707107), (0, 0.608761, -0.793353), (0, 0.5, -0.866025), (0, 0.479903, -0.877321), (0, 0.5, -0.866025), (0, 0.608761, -0.793353), (0, 0.707107, -0.707107), (0, 0.707107, -0.707107), (0, 0.608761, -0.793353), (0, 0.707107, -0.707107), (0, 0.233891, -0.972263), (0, 0.130526, -0.991445), (0, 0.130526, -0.991445), (0, 0.130526, -0.991445), (0, 0.233891, -0.972263), (0, 0.258819, -0.965926), (0, 0.965926, 0.258819), (0, 0.866025, 0.5), (0, 0.965926, 0.258819), (0, 0.866025, 0.5), (0, 0.965926, 0.258819), (0, 0.866025, 0.5), (0, 0.608761, 0.793353), (0, 0.5, 0.866025), (0, 0.479903, 0.877321), (0, 0.5, 0.866025), (0, 0.608761, 0.793353), (0, 0.707107, 0.707107), (0, 0.707107, 0.707107), (0, 0.608761, 0.793353), (0, 0.707107, 0.707107), (0, 0.608761, 0.793353), (0, 0.5, 0.866025), (0, 0.479903, 0.877321), (0, 0.5, 0.866025), (0, 0.608761, 0.793353), (0, 0.707107, 0.707107), (0, 0.707107, 0.707107), (0, 0.608761, 0.793353), (0, 0.707107, 0.707107), (0, 0.965926, -0.258819), (0, 1, 0), (0, 0.965926, -0.258819), (0, 1, 0), (0, 0.965926, -0.258819), (0, 1, 0), (0, 1, 0), (0, 0.965926, 0.258819), (0, 1, 0), (0, 0.965926, 0.258819), (0, 1, 0), (0, 0.965926, 0.258819), (0, 0.233891, -0.972263), (0, 0.75184, -0.659346), (0, 0.813241, -0.581927), (0, 0.75184, -0.659346), (0, 0.233891, -0.972263), (0, 0.258819, -0.965926), (0, 1, 0), (0, 1, 0), (0, 1, 0), (0, 1, 0), (0, 1, 0), (0, 1, 0), (0, 0.866025, -0.5), (0, 0.965926, -0.258819), (0, 0.866025, -0.5), (0, 0.965926, -0.258819), (0, 0.866025, -0.5), (0, 0.965926, -0.258819), (0, 0.233891, -0.972263), (0, 0.5, -0.866025), (0, 0.258819, -0.965926), (0, 0.5, -0.866025), (0, 0.233891, -0.972263), (0, 0.479903, -0.877321), (0, 0.233891, 0.972263), (0, 0.130526, 0.991445), (0, 0.130526, 0.991445), (0, 0.130526, 0.991445), (0, 0.233891, 0.972263), (0, 0.258819, 0.965926), (0, 0.5, -0.866025), (0, 0.608761, -0.793353), (0, 0.479903, -0.877321), (0, 0.608761, -0.793353), (0, 0.5, -0.866025), (0, 0.707107, -0.707107), (0, 0.608761, -0.793353), (0, 0.707107, -0.707107), (0, 0.707107, -0.707107), (0, 0.866025, -0.5), (0, 0.965926, -0.258819), (0, 0.866025, -0.5), (0, 0.965926, -0.258819), (0, 0.866025, -0.5), (0, 0.965926, -0.258819), (0, 0.479903, -0.877321), (0, 0.707107, -0.707107), (0, 0.5, -0.866025), (0, 0.707107, -0.707107), (0, 0.479903, -0.877321), (0, 0.608761, -0.793353), (0, 0.707107, -0.707107), (0, 0.608761, -0.793353), (0, 0.707107, -0.707107), (0, 1, 0), (0, 1, 0), (0, 1, 0), (0, 1, 0), (0, 1, 0), (0, 1, 0), (0, 0.965926, 0.258819), (0, 0.866025, 0.5), (0, 0.965926, 0.258819), (0, 0.866025, 0.5), (0, 0.965926, 0.258819), (0, 0.866025, 0.5), (0, -0.316228, 0.948683), (0, -0.316228, 0.948683), (0, -0.316228, 0.948683), (0, -0.316228, 0.948683), (0, -0.316228, 0.948683), (0, -0.316228, 0.948683), (0, 0.233891, 0.972263), (0, 0.75184, 0.659346), (0, 0.813241, 0.581927), (0, 0.75184, 0.659346), (0, 0.233891, 0.972263), (0, 0.258819, 0.965926), (0, 0.707107, -0.707107), (0, 0.866025, -0.5), (0, 0.707107, -0.707107), (0, 0.866025, -0.5), (0, 0.707107, -0.707107), (0, 0.866025, -0.5), (-0.948683, -0.316228, 0), (-0.948683, -0.316228, 0), (-0.948683, -0.316228, 0), (-0.948683, -0.316228, 0), (-0.948683, -0.316228, 0), (-0.948683, -0.316228, 0), (-0.948683, -0.316228, 0), (-0.948683, -0.316228, 0), (-0.948683, -0.316228, 0), (-0.948683, -0.316228, 0), (-0.948683, -0.316228, 0), (-0.948683, -0.316228, 0), (0, 0.258819, 0.965926), (0, 0.813241, 0.581927), (0, 0.75184, 0.659346), (0, 0.813241, 0.581927), (0, 0.258819, 0.965926), (0, 0.233891, 0.972263), (0, -0.5547, -0.83205), (0, -0.5547, -0.83205), (0, -0.5547, -0.83205), (0, -0.5547, -0.83205), (0, -0.5547, -0.83205), (0, -0.5547, -0.83205), (0.707107, 0, 0.707107), (0.923879, 0, 0.382683), (0.923879, 0, 0.382683), (0.923879, 0, 0.382683), (0.707107, 0, 0.707107), (0.707107, 0, 0.707107), (0.19509, 0, 0.980785), (-0.19509, 0, 0.980785), (0.19509, 0, 0.980785), (-0.19509, 0, 0.980785), (0.19509, 0, 0.980785), (-0.19509, 0, 0.980785), (0.707107, 0, 0.707107), (0.19509, 0, 0.980785), (0.707107, 0, 0.707107), (0.19509, 0, 0.980785), (0.707107, 0, 0.707107), (0.19509, 0, 0.980785), (-0.707107, 0, 0.707107), (-0.923879, 0, 0.382683), (-0.923879, 0, 0.382683), (-0.923879, 0, 0.382683), (-0.707107, 0, 0.707107), (-0.707107, 0, 0.707107), (0, 0.75184, 0.659346), (0, 1, 0), (0, 0.813241, 0.581927), (0, 1, 0), (0, 0.75184, 0.659346), (0, 1, 0), (0, 1, 0), (0, 1, 0), (0, 1, 0), (0, 1, 0), (0, 0.75184, 0.659346), (0, 1, 0), (0, 1, 0), (0, 0.75184, 0.659346), (0, 1, 0), (0, 1, 0), (0, 1, 0), (0, 1, 0), (0, 1, 0), (0, 0.813241, 0.581927), (0, 1, 0), (0, 1, 0), (0, 0.813241, 0.581927), (0, 1, 0), (0, 1, 0), (0, 0.813241, 0.581927), (0, 1, 0), (0, 0.813241, 0.581927), (0, 1, 0), (0, 0.75184, 0.659346), (-0.923879, 0, -0.382683), (-0.707107, 0, -0.707107), (-0.707107, 0, -0.707107), (-0.707107, 0, -0.707107), (-0.923879, 0, -0.382683), (-0.923879, 0, -0.382683), (-0.19509, 0, -0.980785), (0.19509, 0, -0.980785), (-0.19509, 0, -0.980785), (0.19509, 0, -0.980785), (-0.19509, 0, -0.980785), (0.19509, 0, -0.980785), (0.923879, 0, -0.382683), (0.707107, 0, -0.707107), (0.707107, 0, -0.707107), (0.707107, 0, -0.707107), (0.923879, 0, -0.382683), (0.923879, 0, -0.382683), (-0.707107, 0, -0.707107), (-0.19509, 0, -0.980785), (-0.707107, 0, -0.707107), (-0.19509, 0, -0.980785), (-0.707107, 0, -0.707107), (-0.19509, 0, -0.980785), (0, 0.75184, -0.659346), (0, 1, 0), (0, 1, 0), (0, 0.75184, -0.659346), (0, 1, 0), (0, 1, 0), (0, 0.813241, -0.581927), (0, 1, 0), (0, 0.75184, -0.659346), (0, 1, 0), (0, 1, 0), (0, 0.813241, -0.581927), (0, 1, 0), (0, 1, 0), (0, 1, 0), (0, 1, 0), (0, 1, 0), (0, 1, 0), (0, 0.813241, -0.581927), (0, 1, 0), (0, 1, 0), (0, 0.813241, -0.581927), (0, 1, 0), (0, 1, 0), (0, 0.75184, -0.659346), (0, 1, 0), (0, 0.813241, -0.581927), (0, 1, 0), (0, 0.75184, -0.659346), (0, 1, 0), (0.19509, 0, -0.980785), (0.707107, 0, -0.707107), (0.19509, 0, -0.980785), (0.707107, 0, -0.707107), (0.19509, 0, -0.980785), (0.707107, 0, -0.707107), (0, -1, 0), (0, -1, 0), (0, -1, 0), (0, -1, 0), (0, -1, 0), (0, -1, 0), (0, -1, 0), (0, -1, 0), (0, -1, 0), (0, -1, 0), (0, -1, 0), (0, -1, 0), (0, -1, 0), (0, -1, 0), (0, -1, 0), (0, -1, 0), (0, -1, 0), (0, -1, 0), (0, -1, 0), (0, -1, 0), (0, -1, 0), (0, -1, 0), (0, -1, 0), (0, -1, 0), (0, -1, 0), (0, -1, 0), (0, -1, 0), (0, -1, 0), (0, -1, 0), (0, -1, 0), (0, -1, 0), (0, -1, 0), (0, -1, 0), (0, -1, 0), (0, -1, 0), (0, -1, 0), (0, -1, 0), (0, -1, 0), (0, -1, 0), (0, -1, 0), (0, -1, 0), (0, -1, 0), (0, -1, 0), (0, -1, 0), (0, -1, 0), (0, -1, 0), (0, -1, 0), (0, -1, 0), (0, -1, 0), (0, -1, 0), (0, -1, 0), (0, -1, 0), (0, -1, 0), (0, -1, 0), (0, -1, 0), (0, -1, 0), (0, -1, 0), (0, -1, 0), (0, -1, 0), (0, -1, 0), (0, -1, 0), (0, -1, 0), (0, -1, 0), (0, -1, 0), (0, -1, 0), (0, -1, 0), (0, -1, 0), (0, -1, 0), (0, -1, 0), (0, -1, 0), (0, -1, 0), (0, -1, 0), (0, -1, 0), (0, -1, 0), (0, -1, 0), (0, -1, 0), (0, -1, 0), (0, -1, 0), (-0.19509, 0, 0.980785), (-0.707107, 0, 0.707107), (-0.19509, 0, 0.980785), (-0.707107, 0, 0.707107), (-0.19509, 0, 0.980785), (-0.707107, 0, 0.707107), (0.382683, -0.923879, -3.66445e-15), (0.923879, -0.382683, -8.84677e-15), (0.382683, -0.923879, -3.66445e-15), (0.923879, -0.382683, -8.84677e-15), (0.382683, -0.923879, -3.66445e-15), (0.923879, -0.382683, -8.84677e-15), (-0.382683, -0.923879, 3.66445e-15), (0.382683, -0.923879, -3.66445e-15), (-0.382683, -0.923879, 3.66445e-15), (0.382683, -0.923879, -3.66445e-15), (-0.382683, -0.923879, 3.66445e-15), (0.382683, -0.923879, -3.66445e-15), (-0.923879, -0.382683, 8.84677e-15), (-0.382683, -0.923879, 3.66445e-15), (-0.923879, -0.382683, 8.84677e-15), (-0.382683, -0.923879, 3.66445e-15), (-0.923879, -0.382683, 8.84677e-15), (-0.382683, -0.923879, 3.66445e-15), (0.923879, 0.382683, -8.84677e-15), (0.382683, 0.923879, -3.66445e-15), (0.382683, 0.923879, -3.66445e-15), (0.382683, 0.923879, -3.66445e-15), (0.923879, 0.382683, -8.84677e-15), (0.923879, 0.382683, -8.84677e-15), (0.923879, -0.382683, -8.84677e-15), (0.923879, 0.382683, -8.84677e-15), (0.923879, -0.382683, -8.84677e-15), (0.923879, 0.382683, -8.84677e-15), (0.923879, -0.382683, -8.84677e-15), (0.923879, 0.382683, -8.84677e-15), (-9.57567e-15, 0, -1), (-9.57567e-15, 0, -1), (-9.57567e-15, 0, -1), (-9.57567e-15, 0, -1), (-9.57567e-15, 0, -1), (-9.57567e-15, 0, -1), (-9.57567e-15, 0, -1), (-9.57567e-15, 0, -1), (-9.57567e-15, 0, -1), (-9.57567e-15, 0, -1), (-9.57567e-15, 0, -1), (-9.57567e-15, 0, -1), (-9.57567e-15, 0, -1), (-9.57567e-15, 0, -1), (-9.57567e-15, 0, -1), (-9.57567e-15, 0, -1), (-9.57567e-15, 0, -1), (-9.57567e-15, 0, -1), (0.382683, 0.923879, -3.66445e-15), (-0.382683, 0.923879, 3.66445e-15), (-0.382683, 0.923879, 3.66445e-15), (-0.382683, 0.923879, 3.66445e-15), (0.382683, 0.923879, -3.66445e-15), (0.382683, 0.923879, -3.66445e-15), (-0.923879, 0.382683, 8.84677e-15), (-0.923879, -0.382683, 8.84677e-15), (-0.923879, 0.382683, 8.84677e-15), (-0.923879, -0.382683, 8.84677e-15), (-0.923879, 0.382683, 8.84677e-15), (-0.923879, -0.382683, 8.84677e-15), (-0.382683, 0.923879, 3.66445e-15), (-0.923879, 0.382683, 8.84677e-15), (-0.923879, 0.382683, 8.84677e-15), (-0.923879, 0.382683, 8.84677e-15), (-0.382683, 0.923879, 3.66445e-15), (-0.382683, 0.923879, 3.66445e-15), (-0.382683, -0.923879, 0), (-0.923879, -0.382683, 0), (-0.382683, -0.923879, 0), (-0.923879, -0.382683, 0), (-0.382683, -0.923879, 0), (-0.923879, -0.382683, 0), (0.382683, -0.923879, 0), (-0.382683, -0.923879, 0), (0.382683, -0.923879, 0), (-0.382683, -0.923879, 0), (0.382683, -0.923879, 0), (-0.382683, -0.923879, 0), (0.923879, -0.382683, 0), (0.382683, -0.923879, 0), (0.923879, -0.382683, 0), (0.382683, -0.923879, 0), (0.923879, -0.382683, 0), (0.382683, -0.923879, 0), (-0.923879, 0.382683, 0), (-0.382683, 0.923879, 0), (-0.382683, 0.923879, 0), (-0.382683, 0.923879, 0), (-0.923879, 0.382683, 0), (-0.923879, 0.382683, 0), (-0.923879, -0.382683, 0), (-0.923879, 0.382683, 0), (-0.923879, -0.382683, 0), (-0.923879, 0.382683, 0), (-0.923879, -0.382683, 0), (-0.923879, 0.382683, 0), (0, 0, 1), (0, 0, 1), (0, 0, 1), (0, 0, 1), (0, 0, 1), (0, 0, 1), (0, 0, 1), (0, 0, 1), (0, 0, 1), (0, 0, 1), (0, 0, 1), (0, 0, 1), (0, 0, 1), (0, 0, 1), (0, 0, 1), (0, 0, 1), (0, 0, 1), (0, 0, 1), (-0.382683, 0.923879, 0), (0.382683, 0.923879, 0), (0.382683, 0.923879, 0), (0.382683, 0.923879, 0), (-0.382683, 0.923879, 0), (-0.382683, 0.923879, 0), (0.923879, 0.382683, 0), (0.923879, -0.382683, 0), (0.923879, 0.382683, 0), (0.923879, -0.382683, 0), (0.923879, 0.382683, 0), (0.923879, -0.382683, 0), (0.382683, 0.923879, 0), (0.923879, 0.382683, 0), (0.923879, 0.382683, 0), (0.923879, 0.382683, 0), (0.382683, 0.923879, 0), (0.382683, 0.923879, 0), (0, -0.5, -0.866025), (0, -0.707107, -0.707107), (0, -0.5, -0.866025), (0, -0.707107, -0.707107), (0, -0.5, -0.866025), (0, -0.707107, -0.707107), (0, -0.866025, -0.5), (0, -0.965926, -0.258819), (0, -0.866025, -0.5), (0, -0.965926, -0.258819), (0, -0.866025, -0.5), (0, -0.965926, -0.258819), (0, -0.5, 0.866025), (0, -0.258819, 0.965926), (0, -0.258819, 0.965926), (0, -0.258819, 0.965926), (0, -0.5, 0.866025), (0, -0.5, 0.866025), (0, -0.866025, -0.5), (0, -0.965926, -0.258819), (0, -0.866025, -0.5), (0, -0.965926, -0.258819), (0, -0.866025, -0.5), (0, -0.965926, -0.258819), (0, -0.5, -0.866025), (0, -0.707107, -0.707107), (0, -0.5, -0.866025), (0, -0.707107, -0.707107), (0, -0.5, -0.866025), (0, -0.707107, -0.707107), (0, -0.0654031, -0.997859), (0, 0, -1), (0, 0, -1), (0, 0, -1), (0, -0.0654031, -0.997859), (0, -0.0654031, -0.997859), (0, -1, 0), (0, -0.965926, 0.258819), (0, -1, 0), (0, -0.965926, 0.258819), (0, -1, 0), (0, -0.965926, 0.258819), (0, -0.0654031, 0.997859), (0, 0, 1), (0, 0, 1), (0, 0, 1), (0, -0.0654031, 0.997859), (0, -0.0654031, 0.997859), (0, -0.0654031, 0.997859), (0, 0, 1), (0, 0, 1), (0, 0, 1), (0, -0.0654031, 0.997859), (0, -0.0654031, 0.997859), (0, -0.707107, -0.707107), (0, -0.866025, -0.5), (0, -0.707107, -0.707107), (0, -0.866025, -0.5), (0, -0.707107, -0.707107), (0, -0.866025, -0.5), (0, -0.866025, 0.5), (0, -0.707107, 0.707107), (0, -0.866025, 0.5), (0, -0.707107, 0.707107), (0, -0.866025, 0.5), (0, -0.707107, 0.707107), (0, -0.866025, 0.5), (0, -0.707107, 0.707107), (0, -0.866025, 0.5), (0, -0.707107, 0.707107), (0, -0.866025, 0.5), (0, -0.707107, 0.707107), (0, -0.965926, -0.258819), (0, -1, 0), (0, -0.965926, -0.258819), (0, -1, 0), (0, -0.965926, -0.258819), (0, -1, 0), (0, -0.965926, 0.258819), (0, -0.866025, 0.5), (0, -0.965926, 0.258819), (0, -0.866025, 0.5), (0, -0.965926, 0.258819), (0, -0.866025, 0.5), (0, -0.707107, 0.707107), (0, -0.5, 0.866025), (0, -0.5, 0.866025), (0, -0.5, 0.866025), (0, -0.707107, 0.707107), (0, -0.707107, 0.707107), (0, -0.707107, -0.707107), (0, -0.866025, -0.5), (0, -0.707107, -0.707107), (0, -0.866025, -0.5), (0, -0.707107, -0.707107), (0, -0.866025, -0.5), (0, -0.258819, 0.965926), (0, -0.0654031, 0.997859), (0, -0.0654031, 0.997859), (0, -0.0654031, 0.997859), (0, -0.258819, 0.965926), (0, -0.258819, 0.965926), (0, -0.258819, -0.965926), (0, -0.5, -0.866025), (0, -0.258819, -0.965926), (0, -0.5, -0.866025), (0, -0.258819, -0.965926), (0, -0.5, -0.866025), (0, -0.0654031, -0.997859), (0, -0.258819, -0.965926), (0, -0.0654031, -0.997859), (0, -0.258819, -0.965926), (0, -0.0654031, -0.997859), (0, -0.258819, -0.965926), (0, -0.258819, 0.965926), (0, -0.0654031, 0.997859), (0, -0.0654031, 0.997859), (0, -0.0654031, 0.997859), (0, -0.258819, 0.965926), (0, -0.258819, 0.965926), (0, -0.965926, 0.258819), (0, -0.866025, 0.5), (0, -0.965926, 0.258819), (0, -0.866025, 0.5), (0, -0.965926, 0.258819), (0, -0.866025, 0.5), (0, -0.5, 0.866025), (0, -0.258819, 0.965926), (0, -0.258819, 0.965926), (0, -0.258819, 0.965926), (0, -0.5, 0.866025), (0, -0.5, 0.866025), (0, -0.0654031, -0.997859), (0, -0.258819, -0.965926), (0, -0.0654031, -0.997859), (0, -0.258819, -0.965926), (0, -0.0654031, -0.997859), (0, -0.258819, -0.965926), (0, -0.707107, 0.707107), (0, -0.5, 0.866025), (0, -0.5, 0.866025), (0, -0.5, 0.866025), (0, -0.707107, 0.707107), (0, -0.707107, 0.707107), (0, -0.258819, -0.965926), (0, -0.5, -0.866025), (0, -0.258819, -0.965926), (0, -0.5, -0.866025), (0, -0.258819, -0.965926), (0, -0.5, -0.866025), (0, -0.965926, -0.258819), (0, -1, 0), (0, -0.965926, -0.258819), (0, -1, 0), (0, -0.965926, -0.258819), (0, -1, 0), (0, -0.0654031, -0.997859), (0, 0, -1), (0, 0, -1), (0, 0, -1), (0, -0.0654031, -0.997859), (0, -0.0654031, -0.997859), (0, -1, 0), (0, -0.965926, 0.258819), (0, -1, 0), (0, -0.965926, 0.258819), (0, -1, 0), (0, -0.965926, 0.258819), (0, -0.258819, -0.965926), (0, -0.0654031, -0.997859), (0, -0.0654031, -0.997859), (0, -0.0654031, -0.997859), (0, -0.258819, -0.965926), (0, -0.258819, -0.965926), (0, -0.0654031, 0.997859), (0, 0, 1), (0, 0, 1), (0, 0, 1), (0, -0.0654031, 0.997859), (0, -0.0654031, 0.997859), (0, -1, 0), (0, -0.965926, 0.258819), (0, -1, 0), (0, -0.965926, 0.258819), (0, -1, 0), (0, -0.965926, 0.258819), (0, -0.965926, 0.258819), (0, -0.866025, 0.5), (0, -0.965926, 0.258819), (0, -0.866025, 0.5), (0, -0.965926, 0.258819), (0, -0.866025, 0.5), (0, -0.707107, -0.707107), (0, -0.5, -0.866025), (0, -0.5, -0.866025), (0, -0.5, -0.866025), (0, -0.707107, -0.707107), (0, -0.707107, -0.707107), (0, -0.258819, 0.965926), (0, -0.0654031, 0.997859), (0, -0.0654031, 0.997859), (0, -0.0654031, 0.997859), (0, -0.258819, 0.965926), (0, -0.258819, 0.965926), (0, -0.707107, 0.707107), (0, -0.5, 0.866025), (0, -0.5, 0.866025), (0, -0.5, 0.866025), (0, -0.707107, 0.707107), (0, -0.707107, 0.707107), (0, -0.5, 0.866025), (0, -0.258819, 0.965926), (0, -0.258819, 0.965926), (0, -0.258819, 0.965926), (0, -0.5, 0.866025), (0, -0.5, 0.866025), (0, -0.866025, 0.5), (0, -0.707107, 0.707107), (0, -0.866025, 0.5), (0, -0.707107, 0.707107), (0, -0.866025, 0.5), (0, -0.707107, 0.707107), (0, -0.707107, -0.707107), (0, -0.866025, -0.5), (0, -0.707107, -0.707107), (0, -0.866025, -0.5), (0, -0.707107, -0.707107), (0, -0.866025, -0.5), (0, -0.965926, -0.258819), (0, -1, 0), (0, -0.965926, -0.258819), (0, -1, 0), (0, -0.965926, -0.258819), (0, -1, 0), (0, -0.5, -0.866025), (0, -0.258819, -0.965926), (0, -0.258819, -0.965926), (0, -0.258819, -0.965926), (0, -0.5, -0.866025), (0, -0.5, -0.866025), (0, -0.866025, -0.5), (0, -0.965926, -0.258819), (0, -0.866025, -0.5), (0, -0.965926, -0.258819), (0, -0.866025, -0.5), (0, -0.965926, -0.258819), (-1, 0, 0), (-1, 0, 0), (-1, 0, 0), (-1, 0, 0), (-1, 0, 0), (-1, 0, 0), (-1, 0, 0), (-1, 0, 0), (-1, 0, 0), (-1, 0, 0), (-1, 0, 0), (-1, 0, 0), (-1, 0, 0), (-1, 0, 0), (-1, 0, 0), (-1, 0, 0), (-1, 0, 0), (-1, 0, 0), (-1, 0, 0), (-1, 0, 0), (-1, 0, 0), (-1, 0, 0), (-1, 0, 0), (-1, 0, 0), (-1, 0, 0), (-1, 0, 0), (-1, 0, 0), (-1, 0, 0), (-1, 0, 0), (-1, 0, 0), (-1, 0, 0), (-1, 0, 0), (-1, 0, 0), (-1, 0, 0), (-1, 0, 0), (-1, 0, 0), (-1, 0, 0), (-1, 0, 0), (-1, 0, 0), (1, 0, 0), (1, 0, 0), (1, 0, 0), (1, 0, 0), (1, 0, 0), (1, 0, 0), (1, 0, 0), (1, 0, 0), (1, 0, 0), (1, 0, 0), (1, 0, 0), (1, 0, 0), (1, 0, 0), (1, 0, 0), (1, 0, 0), (1, 0, 0), (1, 0, 0), (1, 0, 0), (1, 0, 0), (1, 0, 0), (1, 0, 0), (1, 0, 0), (1, 0, 0), (1, 0, 0), (1, 0, 0), (1, 0, 0), (1, 0, 0), (1, 0, 0), (1, 0, 0), (1, 0, 0), (1, 0, 0), (1, 0, 0), (1, 0, 0), (1, 0, 0), (1, 0, 0), (1, 0, 0), (1, 0, 0), (1, 0, 0), (1, 0, 0), (0, -0.0654031, -0.997859), (0, 0, -1), (0, 0, -1), (0, 0, -1), (0, -0.0654031, -0.997859), (0, -0.0654031, -0.997859), (1, 0, 0), (1, 0, 0), (1, 0, 0), (1, 0, 0), (1, 0, 0), (1, 0, 0), (1, 0, 0), (1, 0, 0), (1, 0, 0), (1, 0, 0), (1, 0, 0), (1, 0, 0), (1, 0, 0), (1, 0, 0), (1, 0, 0), (1, 0, 0), (1, 0, 0), (1, 0, 0), (1, 0, 0), (1, 0, 0), (1, 0, 0), (1, 0, 0), (1, 0, 0), (1, 0, 0), (1, 0, 0), (1, 0, 0), (1, 0, 0), (1, 0, 0), (1, 0, 0), (1, 0, 0), (1, 0, 0), (1, 0, 0), (1, 0, 0), (1, 0, 0), (1, 0, 0), (1, 0, 0), (1, 0, 0), (1, 0, 0), (1, 0, 0), (-1, 0, 0), (-1, 0, 0), (-1, 0, 0), (-1, 0, 0), (-1, 0, 0), (-1, 0, 0), (-1, 0, 0), (-1, 0, 0), (-1, 0, 0), (-1, 0, 0), (-1, 0, 0), (-1, 0, 0), (-1, 0, 0), (-1, 0, 0), (-1, 0, 0), (-1, 0, 0), (-1, 0, 0), (-1, 0, 0), (-1, 0, 0), (-1, 0, 0), (-1, 0, 0), (-1, 0, 0), (-1, 0, 0), (-1, 0, 0), (-1, 0, 0), (-1, 0, 0), (-1, 0, 0), (-1, 0, 0), (-1, 0, 0), (-1, 0, 0), (-1, 0, 0), (-1, 0, 0), (-1, 0, 0), (-1, 0, 0), (-1, 0, 0), (-1, 0, 0), (-1, 0, 0), (-1, 0, 0), (-1, 0, 0), (0, -0.0654031, -0.997859), (0, 0, -1), (0, 0, -1), (0, 0, -1), (0, -0.0654031, -0.997859), (0, -0.0654031, -0.997859), (0, -0.258819, -0.965926), (0, -0.0654031, -0.997859), (0, -0.0654031, -0.997859), (0, -0.0654031, -0.997859), (0, -0.258819, -0.965926), (0, -0.258819, -0.965926), (0, -0.0654031, 0.997859), (0, 0, 1), (0, 0, 1), (0, 0, 1), (0, -0.0654031, 0.997859), (0, -0.0654031, 0.997859), (0, -1, 0), (0, -0.965926, 0.258819), (0, -1, 0), (0, -0.965926, 0.258819), (0, -1, 0), (0, -0.965926, 0.258819), (0, -0.965926, 0.258819), (0, -0.866025, 0.5), (0, -0.965926, 0.258819), (0, -0.866025, 0.5), (0, -0.965926, 0.258819), (0, -0.866025, 0.5), (0, -0.5, -0.866025), (0, -0.707107, -0.707107), (0, -0.5, -0.866025), (0, -0.707107, -0.707107), (0, -0.5, -0.866025), (0, -0.707107, -0.707107), (0, -0.258819, 0.965926), (0, -0.0654031, 0.997859), (0, -0.0654031, 0.997859), (0, -0.0654031, 0.997859), (0, -0.258819, 0.965926), (0, -0.258819, 0.965926), (0, -0.707107, 0.707107), (0, -0.5, 0.866025), (0, -0.5, 0.866025), (0, -0.5, 0.866025), (0, -0.707107, 0.707107), (0, -0.707107, 0.707107), (0, -0.5, 0.866025), (0, -0.258819, 0.965926), (0, -0.258819, 0.965926), (0, -0.258819, 0.965926), (0, -0.5, 0.866025), (0, -0.5, 0.866025), (0, -0.707107, -0.707107), (0, -0.866025, -0.5), (0, -0.707107, -0.707107), (0, -0.866025, -0.5), (0, -0.707107, -0.707107), (0, -0.866025, -0.5), (0, -0.965926, -0.258819), (0, -1, 0), (0, -0.965926, -0.258819), (0, -1, 0), (0, -0.965926, -0.258819), (0, -1, 0), (0, -0.866025, 0.5), (0, -0.707107, 0.707107), (0, -0.866025, 0.5), (0, -0.707107, 0.707107), (0, -0.866025, 0.5), (0, -0.707107, 0.707107), (0, -0.5, -0.866025), (0, -0.258819, -0.965926), (0, -0.258819, -0.965926), (0, -0.258819, -0.965926), (0, -0.5, -0.866025), (0, -0.5, -0.866025), (0, -0.866025, -0.5), (0, -0.965926, -0.258819), (0, -0.866025, -0.5), (0, -0.965926, -0.258819), (0, -0.866025, -0.5), (0, -0.965926, -0.258819), (0, 0, 1), (0, 0, 1), (0, 0, 1), (0, 0, 1), (0, 0, 1), (0, 0, 1), (0, 0, 1), (0, 0, 1), (0, 0, 1), (0, 0, 1), (0, 0, 1), (0, 0, 1), (0, 0, 1), (0, 0, 1), (0, 0, 1), (0, 0, 1), (0, 0, 1), (0, 0, 1), (0, 1, 0), (0.707107, 0.707107, 0), (0.707107, 0.707107, 0), (0.707107, 0.707107, 0), (0, 1, 0), (0, 1, 0), (0, 1, 0), (0, 1, 0), (0, 1, 0), (-1, 0, 0), (-1, 0, 0), (-1, 0, 0), (-1, 0, 0), (-1, 0, 0), (-1, 0, 0), (-1, 0, 0), (-1, 0, 0), (-1, 0, 0), (-1, 0, 0), (-1, 0, 0), (-1, 0, 0), (-1, 0, 0), (-1, 0, 0), (-1, 0, 0), (-1, 0, 0), (-1, 0, 0), (-1, 0, 0), (-1, 0, 0), (-1, 0, 0), (-1, 0, 0), (-1, 0, 0), (-1, 0, 0), (-1, 0, 0), (-1, 0, 0), (-1, 0, 0), (-1, 0, 0), (-1, 0, 0), (-1, 0, 0), (-1, 0, 0), (-1, 0, 0), (-1, 0, 0), (-1, 0, 0), (-1, 0, 0), (-1, 0, 0), (-1, 0, 0), (-1, 0, 0), (-1, 0, 0), (-1, 0, 0), (-1, 0, 0), (-1, 0, 0), (-1, 0, 0), (-1, 0, 0), (-1, 0, 0), (-1, 0, 0), (-1, 0, 0), (-1, 0, 0), (-1, 0, 0), (-1, 0, 0), (-1, 0, 0), (-1, 0, 0), (-1, 0, 0), (-1, 0, 0), (-1, 0, 0), (-1, 0, 0), (-1, 0, 0), (-1, 0, 0), (-1, 0, 0), (-1, 0, 0), (-1, 0, 0), (-1, 0, 0), (-1, 0, 0), (-1, 0, 0), (-1, 0, 0), (-1, 0, 0), (-1, 0, 0), (-1, 0, 0), (-1, 0, 0), (-1, 0, 0), (-1, 0, 0), (-1, 0, 0), (-1, 0, 0), (-1, 0, 0), (-1, 0, 0), (-1, 0, 0), (-1, 0, 0), (-1, 0, 0), (-1, 0, 0), (-1, 0, 0), (-1, 0, 0), (-1, 0, 0), (-1, 0, 0), (-1, 0, 0), (-1, 0, 0), (-1, 0, 0), (-1, 0, 0), (-1, 0, 0), (-1, 0, 0), (-1, 0, 0), (-1, 0, 0), (-1, 0, 0), (-1, 0, 0), (-1, 0, 0), (0, -1, 0), (0, -1, 0), (0, -1, 0), (0, -1, 0), (0, -1, 0), (0, -1, 0), (0, 0.942269, 0.334858), (0, 0.8, 0.6), (0, 0.8, 0.6), (0, 0.8, 0.6), (0, 0.942269, 0.334858), (0, 0.8, 0.6), (0, 0.8, 0.6), (0, 0.942269, 0.334858), (0, 0.942269, 0.334858), (0, 0.8, 0.6), (0, 0.942269, 0.334858), (0, 0.8, 0.6), (0, 0.8, 0.6), (0, 0.942269, 0.334858), (0, 0.8, 0.6), (0, 0.8, 0.6), (0, 0.942269, 0.334858), (0, 0.8, 0.6), (0, 0, -1), (0, 0, -1), (0, 0, -1), (0, 0, -1), (0, 0, -1), (0, 0, -1), (0, 0, -1), (0, 0, -1), (0, 0, -1), (0, 0, -1), (0, 0, -1), (0, 0, -1), (0, 0.894427, -0.447214), (0, 0.894427, -0.447214), (0, 0.894427, -0.447214), (0, 0.894427, -0.447214), (0, 0.894427, -0.447214), (0, 0.894427, -0.447214), (0, 0.894427, -0.447214), (0, 0.894427, -0.447214), (0, 0.894427, -0.447214), (0, 0.894427, -0.447214), (0, 0.894427, -0.447214), (0, 0.894427, -0.447214), (0, 0.894427, -0.447214), (0, 0.894427, -0.447214), (0, 0.894427, -0.447214), (0, 0.894427, -0.447214), (0, 0.894427, -0.447214), (0, 0.894427, -0.447214), (0, -1, 0), (0, -1, 0), (0, -1, 0), (0, -1, 0), (0, -1, 0), (0, -1, 0), (0, 0.98995, 0.141421), (0, 0.942368, 0.334579), (0, 0.98995, 0.141421), (0, 0.942368, 0.334579), (0, 0.98995, 0.141421), (0, 0.942368, 0.334579), (0, 0.942368, 0.334579), (0, 0.98995, 0.141421), (0, 0.98995, 0.141421), (0, 0.942368, 0.334579), (0, 0.98995, 0.141421), (0, 0.98995, 0.141421), (-0.948683, 0.316228, 0), (-0.948683, 0.316228, 0), (-0.948683, 0.316228, 0), (-0.948683, 0.316228, 0), (-0.948683, 0.316228, 0), (-0.948683, 0.316228, 0), (-0.948683, 0.316228, 0), (-0.948683, 0.316228, 0), (-0.948683, 0.316228, 0), (-0.948683, 0.316228, 0), (-0.948683, 0.316228, 0), (-0.948683, 0.316228, 0), (-0.948683, 0.316228, 0), (-0.948683, 0.316228, 0), (-0.948683, 0.316228, 0), (-0.948683, 0.316228, 0), (-0.948683, 0.316228, 0), (-0.948683, 0.316228, 0), (-0.948683, 0.316228, 0), (-0.948683, 0.316228, 0), (-0.948683, 0.316228, 0), (-0.707107, 0.707107, 0), (0, 1, 0), (0, 1, 0), (0, 1, 0), (-0.707107, 0.707107, 0), (0, 1, 0), (0, 1, 0), (-0.707107, 0.707107, 0), (-0.707107, 0.707107, 0), (0, 0, 1), (0, 0, 1), (0, 0, 1), (0, 0, 1), (0, 0, 1), (0, 0, 1), (-1, 0, 0), (-0.707107, 0.707107, 0), (-1, 0, 0), (-0.707107, 0.707107, 0), (-1, 0, 0), (-0.707107, 0.707107, 0), (1, 0, 0), (1, 0, 0), (1, 0, 0), (1, 0, 0), (1, 0, 0), (1, 0, 0), (1, 0, 0), (1, 0, 0), (1, 0, 0), (1, 0, 0), (1, 0, 0), (1, 0, 0), (1, 0, 0), (1, 0, 0), (1, 0, 0), (1, 0, 0), (1, 0, 0), (1, 0, 0), (1, 0, 0), (1, 0, 0), (1, 0, 0), (1, 0, 0), (1, 0, 0), (1, 0, 0), (1, 0, 0), (1, 0, 0), (1, 0, 0), (1, 0, 0), (1, 0, 0), (1, 0, 0), (1, 0, 0), (1, 0, 0), (1, 0, 0), (1, 0, 0), (1, 0, 0), (1, 0, 0), (1, 0, 0), (1, 0, 0), (1, 0, 0), (1, 0, 0), (1, 0, 0), (1, 0, 0), (1, 0, 0), (1, 0, 0), (1, 0, 0), (1, 0, 0), (1, 0, 0), (1, 0, 0), (1, 0, 0), (1, 0, 0), (1, 0, 0), (1, 0, 0), (1, 0, 0), (1, 0, 0), (1, 0, 0), (1, 0, 0), (1, 0, 0), (1, 0, 0), (1, 0, 0), (1, 0, 0), (1, 0, 0), (1, 0, 0), (1, 0, 0), (1, 0, 0), (1, 0, 0), (1, 0, 0), (1, 0, 0), (1, 0, 0), (1, 0, 0), (1, 0, 0), (1, 0, 0), (1, 0, 0), (1, 0, 0), (1, 0, 0), (1, 0, 0), (1, 0, 0), (1, 0, 0), (1, 0, 0), (1, 0, 0), (1, 0, 0), (1, 0, 0), (1, 0, 0), (1, 0, 0), (1, 0, 0), (1, 0, 0), (1, 0, 0), (1, 0, 0), (1, 0, 0), (1, 0, 0), (1, 0, 0), (1, 0, 0), (1, 0, 0), (1, 0, 0), (0.707107, 0.707107, 0), (1, 0, 0), (0.707107, 0.707107, 0), (1, 0, 0), (0.707107, 0.707107, 0), (1, 0, 0), (0.948683, 0.316228, 0), (0.948683, 0.316228, 0), (0.948683, 0.316228, 0), (0.948683, 0.316228, 0), (0.948683, 0.316228, 0), (0.948683, 0.316228, 0), (0.948683, 0.316228, 0), (0.948683, 0.316228, 0), (0.948683, 0.316228, 0), (0.948683, 0.316228, 0), (0.948683, 0.316228, 0), (0.948683, 0.316228, 0), (0.948683, 0.316228, 0), (0.948683, 0.316228, 0), (0.948683, 0.316228, 0), (0.948683, 0.316228, 0), (0.948683, 0.316228, 0), (0.948683, 0.316228, 0), (0.948683, 0.316228, 0), (0.948683, 0.316228, 0), (0.948683, 0.316228, 0), (0, 0.942368, 0.334579), (0, 0.857493, 0.514496), (0, 0.942368, 0.334579), (0, 0.857493, 0.514496), (0, 0.942368, 0.334579), (0, 0.857493, 0.514496), (0, 0.857493, 0.514496), (0, 0.942368, 0.334579), (0, 0.857493, 0.514496), (0, 0.857493, 0.514496), (0, 0.942368, 0.334579), (0, 0.857493, 0.514496), (0, 0.857493, 0.514496), (0, 0.942368, 0.334579), (0, 0.857493, 0.514496), (0, 0.857493, 0.514496), (0, 0.857493, 0.514496), (0, 0.857493, 0.514496), (0, 1, 0), (0, 0.942269, 0.334858), (0, 1, 0), (0, 0.942269, 0.334858), (0, 1, 0), (0, 0.942269, 0.334858), (0, 0.707107, -0.707107), (0, 0.707107, -0.707107), (0, 0.707107, -0.707107), (0, 0.707107, -0.707107), (0, 0.707107, -0.707107), (0, 0.707107, -0.707107), (0, 0.707107, -0.707107), (0, 0.707107, -0.707107), (0, 0.707107, -0.707107), (0, 0.707107, -0.707107), (0, 0.707107, -0.707107), (0, 0.707107, -0.707107), (0, 0.707107, -0.707107), (0, 0.707107, -0.707107), (0, 0.707107, -0.707107), (0, 0.707107, -0.707107), (0, 0.707107, -0.707107), (0, 0.707107, -0.707107), (0, 0.707107, -0.707107), (0, 0.707107, -0.707107), (0, 0.707107, -0.707107), (0, 0.707107, -0.707107), (0, 0.707107, -0.707107), (0, 0.707107, -0.707107), (0, 0, -1), (0, 0, -1), (0, 0, -1), (0, 0, -1), (0, 0, -1), (0, 0, -1), (0, 0, -1), (0, 0, -1), (0, 0, -1), (0, 0, -1), (0, 0, -1), (0, 0, -1), (0, 1, 0), (0, 1, 0), (0, 1, 0), (0, 1, 0), (0, 1, 0), (0, 1, 0), (0, 1, 0), (0, 1, 0), (0, 1, 0), (0, 1, 0), (0, 1, 0), (0, 1, 0), (0, 1, 0), (0, 1, 0), (0, 1, 0), (0, 1, 0), (0, 1, 0), (0, 1, 0), (0, 1, 0), (0, 1, 0), (0, 1, 0), (0, 1, 0), (0, 1, 0), (0, 1, 0), (0, 1, 0), (0, 1, 0), (0, 1, 0), (0, 1, 0), (0, 1, 0), (0, 1, 0), (0, 1, 0), (0, 1, 0), (0, 1, 0), (0, 1, 0), (0, 1, 0), (0, 1, 0), (9.57567e-15, 0, 1), (9.57567e-15, 0, 1), (9.57567e-15, 0, 1), (9.57567e-15, 0, 1), (9.57567e-15, 0, 1), (9.57567e-15, 0, 1), (9.57567e-15, 0, 1), (9.57567e-15, 0, 1), (9.57567e-15, 0, 1), (9.57567e-15, 0, 1), (9.57567e-15, 0, 1), (9.57567e-15, 0, 1), (9.57567e-15, 0, 1), (9.57567e-15, 0, 1), (9.57567e-15, 0, 1), (9.57567e-15, 0, 1), (9.57567e-15, 0, 1), (9.57567e-15, 0, 1), (0, 0, -1), (0, 0, -1), (0, 0, -1), (0, 0, -1), (0, 0, -1), (0, 0, -1), (0, 0, -1), (0, 0, -1), (0, 0, -1), (0, 0, -1), (0, 0, -1), (0, 0, -1), (0, 0, -1), (0, 0, -1), (0, 0, -1), (0, 0, -1), (0, 0, -1), (0, 0, -1), (0, 0.894427, -0.447214), (0, 0.894427, -0.447214), (0, 0.894427, -0.447214), (0, 0.894427, -0.447214), (0, 0.894427, -0.447214), (0, 0.894427, -0.447214), (0, 0.894427, -0.447214), (0, 0.894427, -0.447214), (0, 0.894427, -0.447214), (0, 0.894427, -0.447214), (0, 0.894427, -0.447214), (0, 0.894427, -0.447214), (0, 0.8, 0.6), (0, 0.8, 0.6), (0, 0.8, 0.6), (0, 0.8, 0.6), (0, 0.8, 0.6), (0, 0.8, 0.6), (0.948683, 0.316228, 0), (0.948683, 0.316228, 0), (0.948683, 0.316228, 0), (0.948683, 0.316228, 0), (0.948683, 0.316228, 0), (0.948683, 0.316228, 0), (0.948683, 0.316228, 0), (0.948683, 0.316228, 0), (0.948683, 0.316228, 0), (0, 0.707107, -0.707107), (0, 0.707107, -0.707107), (0, 0.707107, -0.707107), (0, 0.707107, -0.707107), (0, 0.707107, -0.707107), (0, 0.707107, -0.707107), (-0.948683, 0.316228, 0), (-0.948683, 0.316228, 0), (-0.948683, 0.316228, 0), (-0.948683, 0.316228, 0), (-0.948683, 0.316228, 0), (-0.948683, 0.316228, 0), (-0.948683, 0.316228, 0), (-0.948683, 0.316228, 0), (-0.948683, 0.316228, 0), (0, 0.857493, 0.514496), (0, 0.857493, 0.514496), (0, 0.857493, 0.514496), (0, 0.857493, 0.514496), (0, 0.857493, 0.514496), (0, 0.857493, 0.514496), (0, 0.857493, 0.514496), (0, 0.857493, 0.514496), (0, 0.857493, 0.514496), (0, 0.857493, 0.514496), (0, 0.857493, 0.514496), (0, 0.857493, 0.514496), (-1, 0, 0), (-1, 0, 0), (-1, 0, 0), (-1, 0, 0), (-1, 0, 0), (-1, 0, 0), (0, -1, 0), (0, -1, 0), (0, -1, 0), (0, -1, 0), (0, -1, 0), (0, -1, 0), (0, 0, 1), (0, 0, 1), (0, 0, 1), (0, 0, 1), (0, 0, 1), (0, 0, 1), (0, 0, -1), (0, 0, -1), (0, 0, -1), (0, 0, -1), (0, 0, -1), (0, 0, -1), (1, 0, 0), (1, 0, 0), (1, 0, 0), (1, 0, 0), (1, 0, 0), (1, 0, 0), (0, -1, 0), (0, -1, 0), (0, -1, 0), (0, -1, 0), (0, -1, 0), (0, -1, 0), (0, 0, -1), (0, 0, -1), (0, 0, -1), (0, 0, -1), (0, 0, -1), (0, 0, -1), (0, 0, 1), (0, 0, 1), (0, 0, 1), (0, 0, 1), (0, 0, 1), (0, 0, 1), (1, 0, 0), (1, 0, 0), (1, 0, 0), (1, 0, 0), (1, 0, 0), (1, 0, 0), (-1, 0, 0), (-1, 0, 0), (-1, 0, 0), (-1, 0, 0), (-1, 0, 0), (-1, 0, 0), (-1, 0, 0), (-1, 0, 0), (-1, 0, 0), (-1, 0, 0), (-1, 0, 0), (-1, 0, 0), (-1, 0, 0), (-1, 0, 0), (-1, 0, 0), (0, 0, -1), (0, 0, -1), (0, 0, -1), (0, 0, -1), (0, 0, -1), (0, 0, -1), (0, 0, 1), (0, 0, 1), (0, 0, 1), (0, 0, 1), (0, 0, 1), (0, 0, 1), (0, 0.980194, 0.198039), (0, 0.921561, 0.388234), (0, 0.980194, 0.198039), (0, 0.921561, 0.388234), (0, 0.980194, 0.198039), (0, 0.921561, 0.388234), (1, 0, 0), (1, 0, 0), (1, 0, 0), (1, 0, 0), (1, 0, 0), (1, 0, 0), (1, 0, 0), (1, 0, 0), (1, 0, 0), (0, 1, 0), (0, 0.980194, 0.198039), (0, 0.980194, 0.198039), (0, 0.980194, 0.198039), (0, 1, 0), (0, 1, 0), (0, -1, 0), (0, -1, 0), (0, -1, 0), (0, -1, 0), (0, -1, 0), (0, -1, 0), (0, -1, 0), (0, -1, 0), (0, -1, 0), (0, -1, 0), (0, -1, 0), (0, -1, 0), (0, -1, 0), (0, -1, 0), (0, -1, 0), (0, -1, 0), (0, -1, 0), (0, -1, 0), (0, -1, 0), (0, -1, 0), (0, -1, 0), (0, -1, 0), (0, -1, 0), (0, -1, 0), (0, -1, 0), (0, -1, 0), (0, -1, 0), (0, -1, 0), (0, -1, 0), (0, -1, 0), (0, -1, 0), (0, -1, 0), (0, -1, 0), (0, -1, 0), (0, -1, 0), (0, -1, 0), (0, -1, 0), (0, -1, 0), (0, -1, 0), (0, -1, 0), (0, -1, 0), (0, -1, 0), (1, 0, 0), (1, 0, 0), (1, 0, 0), (1, 0, 0), (1, 0, 0), (1, 0, 0), (1, 0, 0), (1, 0, 0), (1, 0, 0), (1, 0, 0), (1, 0, 0), (1, 0, 0), (1, 0, 0), (1, 0, 0), (1, 0, 0), (1, 0, 0), (1, 0, 0), (1, 0, 0), (1, 0, 0), (1, 0, 0), (1, 0, 0), (1, 0, 0), (1, 0, 0), (1, 0, 0), (1, 0, 0), (1, 0, 0), (1, 0, 0), (1, 0, 0), (1, 0, 0), (1, 0, 0), (1, 0, 0), (1, 0, 0), (1, 0, 0), (1, 0, 0), (1, 0, 0), (1, 0, 0), (1, 0, 0), (1, 0, 0), (1, 0, 0), (1, 0, 0), (1, 0, 0), (1, 0, 0), (1, 0, 0), (1, 0, 0), (1, 0, 0), (1, 0, 0), (1, 0, 0), (1, 0, 0), (1, 0, 0), (1, 0, 0), (1, 0, 0), (1, 0, 0), (1, 0, 0), (1, 0, 0), (1, 0, 0), (1, 0, 0), (1, 0, 0), (1, 0, 0), (1, 0, 0), (1, 0, 0), (1, 0, 0), (1, 0, 0), (1, 0, 0), (1, 0, 0), (1, 0, 0), (1, 0, 0), (1, 0, 0), (1, 0, 0), (1, 0, 0), (1, 0, 0), (1, 0, 0), (1, 0, 0), (1, 0, 0), (1, 0, 0), (1, 0, 0), (1, 0, 0), (1, 0, 0), (1, 0, 0), (1, 0, 0), (1, 0, 0), (1, 0, 0), (1, 0, 0), (1, 0, 0), (1, 0, 0), (1, 0, 0), (1, 0, 0), (1, 0, 0), (1, 0, 0), (1, 0, 0), (1, 0, 0), (1, 0, 0), (1, 0, 0), (1, 0, 0), (1, 0, 0), (1, 0, 0), (1, 0, 0), (1, 0, 0), (1, 0, 0), (1, 0, 0), (1, 0, 0), (1, 0, 0), (1, 0, 0), (1, 0, 0), (1, 0, 0), (1, 0, 0), (1, 0, 0), (1, 0, 0), (1, 0, 0), (1, 0, 0), (1, 0, 0), (1, 0, 0), (1, 0, 0), (1, 0, 0), (1, 0, 0), (1, 0, 0), (1, 0, 0), (1, 0, 0), (1, 0, 0), (1, 0, 0), (1, 0, 0), (1, 0, 0), (1, 0, 0), (1, 0, 0), (1, 0, 0), (1, 0, 0), (1, 0, 0), (1, 0, 0), (1, 0, 0), (1, 0, 0), (1, 0, 0), (1, 0, 0), (1, 0, 0), (1, 0, 0), (1, 0, 0), (1, 0, 0), (1, 0, 0), (1, 0, 0), (1, 0, 0), (1, 0, 0), (1, 0, 0), (1, 0, 0), (1, 0, 0), (1, 0, 0), (1, 0, 0), (-0.206363, 0.489238, 0.847385), (-0.410365, 0.455961, 0.789747), (-0.206363, 0.253248, 0.945135), (-0.410365, 0.236023, 0.880849), (-0.206363, 0.253248, 0.945135), (-0.410365, 0.455961, 0.789747), (-0.206363, -0.847385, -0.489238), (-0.206363, -0.945135, -0.253248), (-0.410365, -0.789747, -0.455961), (-0.410365, -0.880849, -0.236023), (-0.410365, -0.789747, -0.455961), (-0.206363, -0.945135, -0.253248), (-1, 0, 0), (-1, 0, 0), (-1, 0, 0), (-1, 0, 0), (-1, 0, 0), (-1, 0, 0), (-1, 0, 0), (-1, 0, 0), (-1, 0, 0), (-1, 0, 0), (-1, 0, 0), (-1, 0, 0), (-1, 0, 0), (-1, 0, 0), (-1, 0, 0), (-1, 0, 0), (-1, 0, 0), (-1, 0, 0), (-1, 0, 0), (-1, 0, 0), (-1, 0, 0), (-1, 0, 0), (-1, 0, 0), (-1, 0, 0), (-1, 0, 0), (-1, 0, 0), (-1, 0, 0), (-1, 0, 0), (-1, 0, 0), (-1, 0, 0), (-1, 0, 0), (-1, 0, 0), (-1, 0, 0), (-1, 0, 0), (-1, 0, 0), (-1, 0, 0), (-1, 0, 0), (-1, 0, 0), (-1, 0, 0), (-1, 0, 0), (-1, 0, 0), (-1, 0, 0), (-1, 0, 0), (-1, 0, 0), (-1, 0, 0), (-1, 0, 0), (-1, 0, 0), (-1, 0, 0), (-1, 0, 0), (-1, 0, 0), (-1, 0, 0), (-1, 0, 0), (-1, 0, 0), (-1, 0, 0), (-1, 0, 0), (-1, 0, 0), (-1, 0, 0), (-1, 0, 0), (-1, 0, 0), (-1, 0, 0), (-1, 0, 0), (-1, 0, 0), (-1, 0, 0), (-1, 0, 0), (-1, 0, 0), (-1, 0, 0), (-0.410365, 0.236023, -0.880849), (-0.206363, 0.253248, -0.945135), (-0.410365, 0, -0.911922), (-0.206363, 0, -0.978476), (-0.410365, 0, -0.911922), (-0.206363, 0.253248, -0.945135), (-0.206363, -0.691887, -0.691887), (-0.206363, -0.847385, -0.489238), (-0.410365, -0.644826, -0.644826), (-0.410365, -0.789747, -0.455961), (-0.410365, -0.644826, -0.644826), (-0.206363, -0.847385, -0.489238), (-0.410365, -0.236023, -0.880849), (-0.206363, -0.253248, -0.945135), (-0.410365, -0.455961, -0.789747), (-0.206363, -0.489238, -0.847385), (-0.410365, -0.455961, -0.789747), (-0.206363, -0.253248, -0.945135), (-0.206363, 0.945135, -0.253248), (-0.410365, 0.880849, -0.236023), (-0.206363, 0.978476, 0), (-0.410365, 0.911922, 0), (-0.206363, 0.978476, 0), (-0.410365, 0.880849, -0.236023), (-0.206363, 0.691887, -0.691887), (-0.410365, 0.644826, -0.644826), (-0.206363, 0.847385, -0.489238), (-0.410365, 0.789747, -0.455961), (-0.206363, 0.847385, -0.489238), (-0.410365, 0.644826, -0.644826), (-0.206363, -0.945135, -0.253248), (-0.206363, -0.978476, 0), (-0.410365, -0.880849, -0.236023), (-0.410365, -0.911922, 0), (-0.410365, -0.880849, -0.236023), (-0.206363, -0.978476, 0), (-0.410365, 0, -0.911922), (-0.206363, 0, -0.978476), (-0.410365, -0.236023, -0.880849), (-0.206363, -0.253248, -0.945135), (-0.410365, -0.236023, -0.880849), (-0.206363, 0, -0.978476), (-0.410365, -0.455961, -0.789747), (-0.206363, -0.489238, -0.847385), (-0.410365, -0.644826, -0.644826), (-0.206363, -0.691887, -0.691887), (-0.410365, -0.644826, -0.644826), (-0.206363, -0.489238, -0.847385), (-0.206363, 0.691887, -0.691887), (-0.206363, 0.489238, -0.847385), (-0.410365, 0.644826, -0.644826), (-0.410365, 0.455961, -0.789747), (-0.410365, 0.644826, -0.644826), (-0.206363, 0.489238, -0.847385), (-0.410365, -0.455961, 0.789747), (-0.410365, -0.644826, 0.644826), (-0.206363, -0.489238, 0.847385), (-0.206363, -0.691887, 0.691887), (-0.206363, -0.489238, 0.847385), (-0.410365, -0.644826, 0.644826), (-0.410365, 0, 0.911922), (-0.410365, -0.236023, 0.880849), (-0.206363, 0, 0.978476), (-0.206363, -0.253248, 0.945135), (-0.206363, 0, 0.978476), (-0.410365, -0.236023, 0.880849), (-0.206363, -0.978476, 0), (-0.206363, -0.945135, 0.253248), (-0.410365, -0.911922, 0), (-0.410365, -0.880849, 0.236023), (-0.410365, -0.911922, 0), (-0.206363, -0.945135, 0.253248), (-0.206363, -0.847385, 0.489238), (-0.206363, -0.691887, 0.691887), (-0.410365, -0.789747, 0.455961), (-0.410365, -0.644826, 0.644826), (-0.410365, -0.789747, 0.455961), (-0.206363, -0.691887, 0.691887), (-0.206363, 0.691887, 0.691887), (-0.410365, 0.644826, 0.644826), (-0.206363, 0.489238, 0.847385), (-0.410365, 0.455961, 0.789747), (-0.206363, 0.489238, 0.847385), (-0.410365, 0.644826, 0.644826), (-0.410365, -0.236023, 0.880849), (-0.410365, -0.455961, 0.789747), (-0.206363, -0.253248, 0.945135), (-0.206363, -0.489238, 0.847385), (-0.206363, -0.253248, 0.945135), (-0.410365, -0.455961, 0.789747), (-0.206363, 0.253248, 0.945135), (-0.410365, 0.236023, 0.880849), (-0.206363, 0, 0.978476), (-0.410365, 0, 0.911922), (-0.206363, 0, 0.978476), (-0.410365, 0.236023, 0.880849), (-0.206363, 0.489238, -0.847385), (-0.206363, 0.253248, -0.945135), (-0.410365, 0.455961, -0.789747), (-0.410365, 0.236023, -0.880849), (-0.410365, 0.455961, -0.789747), (-0.206363, 0.253248, -0.945135), (-0.206363, 0.945135, 0.253248), (-0.410365, 0.880849, 0.236023), (-0.206363, 0.847385, 0.489238), (-0.410365, 0.789747, 0.455961), (-0.206363, 0.847385, 0.489238), (-0.410365, 0.880849, 0.236023), (-0.206363, 0.978476, 0), (-0.410365, 0.911922, 0), (-0.206363, 0.945135, 0.253248), (-0.410365, 0.880849, 0.236023), (-0.206363, 0.945135, 0.253248), (-0.410365, 0.911922, 0), (-0.206363, -0.945135, 0.253248), (-0.206363, -0.847385, 0.489238), (-0.410365, -0.880849, 0.236023), (-0.410365, -0.789747, 0.455961), (-0.410365, -0.880849, 0.236023), (-0.206363, -0.847385, 0.489238), (-0.206363, 0.847385, 0.489238), (-0.410365, 0.789747, 0.455961), (-0.206363, 0.691887, 0.691887), (-0.410365, 0.644826, 0.644826), (-0.206363, 0.691887, 0.691887), (-0.410365, 0.789747, 0.455961), (0.206363, 0.978476, 0), (-0.206363, 0.978476, 0), (0.206363, 0.945135, 0.253248), (-0.206363, 0.945135, 0.253248), (0.206363, 0.945135, 0.253248), (-0.206363, 0.978476, 0), (0.410365, -0.236023, -0.880849), (0.410365, -0.455961, -0.789747), (0.206363, -0.253248, -0.945135), (0.206363, -0.489238, -0.847385), (0.206363, -0.253248, -0.945135), (0.410365, -0.455961, -0.789747), (0.206363, -0.945135, 0.253248), (0.206363, -0.847385, 0.489238), (-0.206363, -0.945135, 0.253248), (-0.206363, -0.847385, 0.489238), (-0.206363, -0.945135, 0.253248), (0.206363, -0.847385, 0.489238), (0.206363, 0.945135, 0.253248), (-0.206363, 0.945135, 0.253248), (0.206363, 0.847385, 0.489238), (-0.206363, 0.847385, 0.489238), (0.206363, 0.847385, 0.489238), (-0.206363, 0.945135, 0.253248), (0.410365, -0.911922, 0), (0.410365, -0.880849, 0.236023), (0.206363, -0.978476, 0), (0.206363, -0.945135, 0.253248), (0.206363, -0.978476, 0), (0.410365, -0.880849, 0.236023), (0.410365, -0.880849, -0.236023), (0.410365, -0.911922, 0), (0.206363, -0.945135, -0.253248), (0.206363, -0.978476, 0), (0.206363, -0.945135, -0.253248), (0.410365, -0.911922, 0), (0.410365, 0, -0.911922), (0.410365, -0.236023, -0.880849), (0.206363, 0, -0.978476), (0.206363, -0.253248, -0.945135), (0.206363, 0, -0.978476), (0.410365, -0.236023, -0.880849), (-0.206363, 0, -0.978476), (0.206363, 0, -0.978476), (-0.206363, -0.253248, -0.945135), (0.206363, -0.253248, -0.945135), (-0.206363, -0.253248, -0.945135), (0.206363, 0, -0.978476), (-0.206363, 0.489238, -0.847385), (0.206363, 0.489238, -0.847385), (-0.206363, 0.253248, -0.945135), (0.206363, 0.253248, -0.945135), (-0.206363, 0.253248, -0.945135), (0.206363, 0.489238, -0.847385), (0.410365, -0.880849, 0.236023), (0.410365, -0.789747, 0.455961), (0.206363, -0.945135, 0.253248), (0.206363, -0.847385, 0.489238), (0.206363, -0.945135, 0.253248), (0.410365, -0.789747, 0.455961), (-0.206363, 0.847385, -0.489238), (-0.410365, 0.789747, -0.455961), (-0.206363, 0.945135, -0.253248), (-0.410365, 0.880849, -0.236023), (-0.206363, 0.945135, -0.253248), (-0.410365, 0.789747, -0.455961), (0.410365, -0.455961, -0.789747), (0.410365, -0.644826, -0.644826), (0.206363, -0.489238, -0.847385), (0.206363, -0.691887, -0.691887), (0.206363, -0.489238, -0.847385), (0.410365, -0.644826, -0.644826), (0.410365, -0.789747, -0.455961), (0.410365, -0.880849, -0.236023), (0.206363, -0.847385, -0.489238), (0.206363, -0.945135, -0.253248), (0.206363, -0.847385, -0.489238), (0.410365, -0.880849, -0.236023), (-0.206363, 0.253248, -0.945135), (0.206363, 0.253248, -0.945135), (-0.206363, 0, -0.978476), (0.206363, 0, -0.978476), (-0.206363, 0, -0.978476), (0.206363, 0.253248, -0.945135), (0.206363, 0.847385, 0.489238), (-0.206363, 0.847385, 0.489238), (0.206363, 0.691887, 0.691887), (-0.206363, 0.691887, 0.691887), (0.206363, 0.691887, 0.691887), (-0.206363, 0.847385, 0.489238), (0.410365, 0.236023, 0.880849), (0.206363, 0.253248, 0.945135), (0.410365, 0, 0.911922), (0.206363, 0, 0.978476), (0.410365, 0, 0.911922), (0.206363, 0.253248, 0.945135), (0.206363, 0.489238, -0.847385), (0.410365, 0.455961, -0.789747), (0.206363, 0.253248, -0.945135), (0.410365, 0.236023, -0.880849), (0.206363, 0.253248, -0.945135), (0.410365, 0.455961, -0.789747), (0.206363, 0.253248, 0.945135), (-0.206363, 0.253248, 0.945135), (0.206363, 0, 0.978476), (-0.206363, 0, 0.978476), (0.206363, 0, 0.978476), (-0.206363, 0.253248, 0.945135), (-0.206363, 0.691887, -0.691887), (0.206363, 0.691887, -0.691887), (-0.206363, 0.489238, -0.847385), (0.206363, 0.489238, -0.847385), (-0.206363, 0.489238, -0.847385), (0.206363, 0.691887, -0.691887), (0.410365, 0.880849, -0.236023), (0.206363, 0.945135, -0.253248), (0.410365, 0.911922, 0), (0.206363, 0.978476, 0), (0.410365, 0.911922, 0), (0.206363, 0.945135, -0.253248), (0.206363, 0.489238, 0.847385), (0.206363, 0.253248, 0.945135), (0.410365, 0.455961, 0.789747), (0.410365, 0.236023, 0.880849), (0.410365, 0.455961, 0.789747), (0.206363, 0.253248, 0.945135), (0.410365, 0.911922, 0), (0.206363, 0.978476, 0), (0.410365, 0.880849, 0.236023), (0.206363, 0.945135, 0.253248), (0.410365, 0.880849, 0.236023), (0.206363, 0.978476, 0), (0.206363, 0.847385, -0.489238), (-0.206363, 0.847385, -0.489238), (0.206363, 0.945135, -0.253248), (-0.206363, 0.945135, -0.253248), (0.206363, 0.945135, -0.253248), (-0.206363, 0.847385, -0.489238), (0.206363, -0.847385, 0.489238), (0.206363, -0.691887, 0.691887), (-0.206363, -0.847385, 0.489238), (-0.206363, -0.691887, 0.691887), (-0.206363, -0.847385, 0.489238), (0.206363, -0.691887, 0.691887), (0.206363, 0.691887, 0.691887), (0.206363, 0.489238, 0.847385), (0.410365, 0.644826, 0.644826), (0.410365, 0.455961, 0.789747), (0.410365, 0.644826, 0.644826), (0.206363, 0.489238, 0.847385), (0.206363, -0.945135, -0.253248), (0.206363, -0.978476, 0), (-0.206363, -0.945135, -0.253248), (-0.206363, -0.978476, 0), (-0.206363, -0.945135, -0.253248), (0.206363, -0.978476, 0), (0.206363, -0.253248, 0.945135), (-0.206363, -0.253248, 0.945135), (0.206363, -0.489238, 0.847385), (-0.206363, -0.489238, 0.847385), (0.206363, -0.489238, 0.847385), (-0.206363, -0.253248, 0.945135), (0.206363, -0.847385, -0.489238), (0.206363, -0.945135, -0.253248), (-0.206363, -0.847385, -0.489238), (-0.206363, -0.945135, -0.253248), (-0.206363, -0.847385, -0.489238), (0.206363, -0.945135, -0.253248), (0.206363, -0.691887, -0.691887), (0.206363, -0.847385, -0.489238), (-0.206363, -0.691887, -0.691887), (-0.206363, -0.847385, -0.489238), (-0.206363, -0.691887, -0.691887), (0.206363, -0.847385, -0.489238), (0.410365, 0, 0.911922), (0.206363, 0, 0.978476), (0.410365, -0.236023, 0.880849), (0.206363, -0.253248, 0.945135), (0.410365, -0.236023, 0.880849), (0.206363, 0, 0.978476), (-0.206363, -0.253248, -0.945135), (0.206363, -0.253248, -0.945135), (-0.206363, -0.489238, -0.847385), (0.206363, -0.489238, -0.847385), (-0.206363, -0.489238, -0.847385), (0.206363, -0.253248, -0.945135), (0.206363, 0.945135, -0.253248), (-0.206363, 0.945135, -0.253248), (0.206363, 0.978476, 0), (-0.206363, 0.978476, 0), (0.206363, 0.978476, 0), (-0.206363, 0.945135, -0.253248), (0.206363, -0.978476, 0), (0.206363, -0.945135, 0.253248), (-0.206363, -0.978476, 0), (-0.206363, -0.945135, 0.253248), (-0.206363, -0.978476, 0), (0.206363, -0.945135, 0.253248), (0.206363, 0.691887, 0.691887), (-0.206363, 0.691887, 0.691887), (0.206363, 0.489238, 0.847385), (-0.206363, 0.489238, 0.847385), (0.206363, 0.489238, 0.847385), (-0.206363, 0.691887, 0.691887), (-0.206363, -0.489238, -0.847385), (0.206363, -0.489238, -0.847385), (-0.206363, -0.691887, -0.691887), (0.206363, -0.691887, -0.691887), (-0.206363, -0.691887, -0.691887), (0.206363, -0.489238, -0.847385), (0.410365, 0.789747, -0.455961), (0.206363, 0.847385, -0.489238), (0.410365, 0.880849, -0.236023), (0.206363, 0.945135, -0.253248), (0.410365, 0.880849, -0.236023), (0.206363, 0.847385, -0.489238), (0.206363, 0.489238, 0.847385), (-0.206363, 0.489238, 0.847385), (0.206363, 0.253248, 0.945135), (-0.206363, 0.253248, 0.945135), (0.206363, 0.253248, 0.945135), (-0.206363, 0.489238, 0.847385), (0.410365, -0.236023, 0.880849), (0.206363, -0.253248, 0.945135), (0.410365, -0.455961, 0.789747), (0.206363, -0.489238, 0.847385), (0.410365, -0.455961, 0.789747), (0.206363, -0.253248, 0.945135), (0.410365, 0.789747, 0.455961), (0.206363, 0.847385, 0.489238), (0.410365, 0.644826, 0.644826), (0.206363, 0.691887, 0.691887), (0.410365, 0.644826, 0.644826), (0.206363, 0.847385, 0.489238), (0.410365, 0.880849, 0.236023), (0.206363, 0.945135, 0.253248), (0.410365, 0.789747, 0.455961), (0.206363, 0.847385, 0.489238), (0.410365, 0.789747, 0.455961), (0.206363, 0.945135, 0.253248), (0.410365, -0.789747, 0.455961), (0.410365, -0.644826, 0.644826), (0.206363, -0.847385, 0.489238), (0.206363, -0.691887, 0.691887), (0.206363, -0.847385, 0.489238), (0.410365, -0.644826, 0.644826), (0.410365, -0.644826, -0.644826), (0.410365, -0.789747, -0.455961), (0.206363, -0.691887, -0.691887), (0.206363, -0.847385, -0.489238), (0.206363, -0.691887, -0.691887), (0.410365, -0.789747, -0.455961), (0.410365, 0.644826, -0.644826), (0.206363, 0.691887, -0.691887), (0.410365, 0.789747, -0.455961), (0.206363, 0.847385, -0.489238), (0.410365, 0.789747, -0.455961), (0.206363, 0.691887, -0.691887), (0.206363, 0, 0.978476), (-0.206363, 0, 0.978476), (0.206363, -0.253248, 0.945135), (-0.206363, -0.253248, 0.945135), (0.206363, -0.253248, 0.945135), (-0.206363, 0, 0.978476), (0.206363, -0.489238, 0.847385), (-0.206363, -0.489238, 0.847385), (0.206363, -0.691887, 0.691887), (-0.206363, -0.691887, 0.691887), (0.206363, -0.691887, 0.691887), (-0.206363, -0.489238, 0.847385), (0.206363, 0.691887, -0.691887), (0.410365, 0.644826, -0.644826), (0.206363, 0.489238, -0.847385), (0.410365, 0.455961, -0.789747), (0.206363, 0.489238, -0.847385), (0.410365, 0.644826, -0.644826), (0.410365, -0.455961, 0.789747), (0.206363, -0.489238, 0.847385), (0.410365, -0.644826, 0.644826), (0.206363, -0.691887, 0.691887), (0.410365, -0.644826, 0.644826), (0.206363, -0.489238, 0.847385), (0.206363, 0.253248, -0.945135), (0.410365, 0.236023, -0.880849), (0.206363, 0, -0.978476), (0.410365, 0, -0.911922), (0.206363, 0, -0.978476), (0.410365, 0.236023, -0.880849), (0.206363, 0.691887, -0.691887), (-0.206363, 0.691887, -0.691887), (0.206363, 0.847385, -0.489238), (-0.206363, 0.847385, -0.489238), (0.206363, 0.847385, -0.489238), (-0.206363, 0.691887, -0.691887), (1, 0, -6.66134e-16), (1, 0, -6.66134e-16), (1, 0, -6.66134e-16), (1, 0, -6.66134e-16), (1, 0, -6.66134e-16), (1, 0, -6.66134e-16), (1, 0, -6.66134e-16), (1, 0, -6.66134e-16), (1, 0, -6.66134e-16), (1, 0, -6.66134e-16), (1, 0, -6.66134e-16), (1, 0, -6.66134e-16), (1, 0, -6.66134e-16), (1, 0, -6.66134e-16), (1, 0, -6.66134e-16), (1, 0, -6.66134e-16), (1, 0, -6.66134e-16), (1, 0, -6.66134e-16), (1, 0, -6.66134e-16), (1, 0, -6.66134e-16), (1, 0, -6.66134e-16), (1, 0, -6.66134e-16), (1, 0, -6.66134e-16), (1, 0, -6.66134e-16), (1, 0, -6.66134e-16), (1, 0, -6.66134e-16), (1, 0, -6.66134e-16), (1, 0, -6.66134e-16), (1, 0, -6.66134e-16), (1, 0, -6.66134e-16), (1, 0, -6.66134e-16), (1, 0, -6.66134e-16), (1, 0, -6.66134e-16), (1, 0, -6.66134e-16), (1, 0, -6.66134e-16), (1, 0, -6.66134e-16), (1, 0, -6.66134e-16), (1, 0, -6.66134e-16), (1, 0, -6.66134e-16), (1, 0, -6.66134e-16), (1, 0, -6.66134e-16), (1, 0, -6.66134e-16), (1, 0, -6.66134e-16), (1, 0, -6.66134e-16), (1, 0, -6.66134e-16), (1, 0, -6.66134e-16), (1, 0, -6.66134e-16), (1, 0, -6.66134e-16), (1, 0, -6.66134e-16), (1, 0, -6.66134e-16), (1, 0, -6.66134e-16), (1, 0, -6.66134e-16), (1, 0, -6.66134e-16), (1, 0, -6.66134e-16), (1, 0, -6.66134e-16), (1, 0, -6.66134e-16), (1, 0, -6.66134e-16), (1, 0, -6.66134e-16), (1, 0, -6.66134e-16), (1, 0, -6.66134e-16), (1, 0, -6.66134e-16), (1, 0, -6.66134e-16), (1, 0, -6.66134e-16), (1, 0, -6.66134e-16), (1, 0, -6.66134e-16), (1, 0, -6.66134e-16), (1, 0, -6.66134e-16), (1, 0, -6.66134e-16), (1, 0, -6.66134e-16), (1, 0, -6.66134e-16), (1, 0, -6.66134e-16), (1, 0, -6.66134e-16), (1, 0, -6.66134e-16), (1, 0, -6.66134e-16), (1, 0, -6.66134e-16), (1, 0, -6.66134e-16), (1, 0, -6.66134e-16), (1, 0, -6.66134e-16), (1, 0, -6.66134e-16), (1, 0, -6.66134e-16), (1, 0, -6.66134e-16), (1, 0, -6.66134e-16), (1, 0, -6.66134e-16), (1, 0, -6.66134e-16), (1, 0, -6.66134e-16), (1, 0, -6.66134e-16), (1, 0, -6.66134e-16), (1, 0, -6.66134e-16), (1, 0, -6.66134e-16), (1, 0, -6.66134e-16), (1, 0, -6.66134e-16), (1, 0, -6.66134e-16), (1, 0, -6.66134e-16), (1, 0, -6.66134e-16), (1, 0, -6.66134e-16), (1, 0, -6.66134e-16), (1, 0, -6.66134e-16), (1, 0, -6.66134e-16), (1, 0, -6.66134e-16), (1, 0, -6.66134e-16), (1, 0, -6.66134e-16), (1, 0, -6.66134e-16), (1, 0, -6.66134e-16), (1, 0, -6.66134e-16), (1, 0, -6.66134e-16), (1, 0, -6.66134e-16), (1, 0, -6.66134e-16), (1, 0, -6.66134e-16), (1, 0, -6.66134e-16), (1, 0, -6.66134e-16), (1, 0, -6.66134e-16), (1, 0, -6.66134e-16), (1, 0, -6.66134e-16), (1, 0, -6.66134e-16), (1, 0, -6.66134e-16), (1, 0, -6.66134e-16), (1, 0, -6.66134e-16), (1, 0, -6.66134e-16), (1, 0, -6.66134e-16), (1, 0, -6.66134e-16), (1, 0, -6.66134e-16), (1, 0, -6.66134e-16), (1, 0, -6.66134e-16), (1, 0, -6.66134e-16), (1, 0, -6.66134e-16), (1, 0, -6.66134e-16), (1, 0, -6.66134e-16), (1, 0, -6.66134e-16), (1, 0, -6.66134e-16), (1, 0, -6.66134e-16), (1, 0, -6.66134e-16), (1, 0, -6.66134e-16), (1, 0, -6.66134e-16), (1, 0, -6.66134e-16), (1, 0, -6.66134e-16), (1, 0, -6.66134e-16), (1, 0, -6.66134e-16), (1, 0, -6.66134e-16), (1, 0, -6.66134e-16), (1, 0, -6.66134e-16), (1, 0, -6.66134e-16), (1, 0, -6.66134e-16), (1, 0, -6.66134e-16), (1, 0, -6.66134e-16), (0.516, -0.428294, -0.741827), (0.516, -0.221701, -0.827401), (0.516, -0.428294, -0.741827), (0.516, -0.221701, -0.827401), (0.516, -0.428294, -0.741827), (0.516, -0.221701, -0.827401), (0.516, 0, 0.856588), (0.516, 0.221701, 0.827401), (0.516, 0, 0.856588), (0.516, 0.221701, 0.827401), (0.516, 0, 0.856588), (0.516, 0.221701, 0.827401), (0.516, 0.428294, -0.741827), (0.516, 0.428294, -0.741827), (0.516, 0.605699, -0.605699), (0.516, 0.605699, -0.605699), (0.516, 0.605699, -0.605699), (0.516, 0.428294, -0.741827), (0.516, -0.605699, -0.605699), (0.516, -0.428294, -0.741827), (0.516, -0.605699, -0.605699), (0.516, -0.428294, -0.741827), (0.516, -0.605699, -0.605699), (0.516, -0.428294, -0.741827), (0.516, 0.428294, 0.741827), (0.516, 0.605699, 0.605699), (0.516, 0.428294, 0.741827), (0.516, 0.605699, 0.605699), (0.516, 0.428294, 0.741827), (0.516, 0.605699, 0.605699), (0.516, -0.741827, 0.428294), (0.516, -0.827401, 0.221701), (0.516, -0.741827, 0.428294), (0.516, -0.827401, 0.221701), (0.516, -0.741827, 0.428294), (0.516, -0.827401, 0.221701), (0.516, -0.605699, 0.605699), (0.516, -0.741827, 0.428294), (0.516, -0.605699, 0.605699), (0.516, -0.741827, 0.428294), (0.516, -0.605699, 0.605699), (0.516, -0.741827, 0.428294), (0.516, -0.827401, 0.221701), (0.516, -0.856588, 0), (0.516, -0.827401, 0.221701), (0.516, -0.856588, 0), (0.516, -0.827401, 0.221701), (0.516, -0.856588, 0), (1, 0, 0), (1, 0, 0), (1, 0, 0), (1, 0, 0), (1, 0, 0), (1, 0, 0), (1, 0, 0), (1, 0, 0), (1, 0, 0), (1, 0, 0), (1, 0, 0), (1, 0, 0), (1, 0, 0), (1, 0, 0), (1, 0, 0), (1, 0, 0), (1, 0, 0), (1, 0, 0), (1, 0, 0), (1, 0, 0), (1, 0, 0), (1, 0, 0), (1, 0, 0), (1, 0, 0), (1, 0, 0), (1, 0, 0), (1, 0, 0), (1, 0, 0), (1, 0, 0), (1, 0, 0), (1, 0, 0), (1, 0, 0), (1, 0, 0), (1, 0, 0), (1, 0, 0), (1, 0, 0), (1, 0, 0), (1, 0, 0), (1, 0, 0), (1, 0, 0), (1, 0, 0), (1, 0, 0), (1, 0, 0), (1, 0, 0), (1, 0, 0), (1, 0, 0), (1, 0, 0), (1, 0, 0), (1, 0, 0), (1, 0, 0), (1, 0, 0), (1, 0, 0), (1, 0, 0), (1, 0, 0), (1, 0, 0), (1, 0, 0), (1, 0, 0), (1, 0, 0), (1, 0, 0), (1, 0, 0), (1, 0, 0), (1, 0, 0), (1, 0, 0), (1, 0, 0), (1, 0, 0), (1, 0, 0), (0.516, 0.221701, -0.827401), (0.516, 0.221701, -0.827401), (0.516, 0.428294, -0.741827), (0.516, 0.428294, -0.741827), (0.516, 0.428294, -0.741827), (0.516, 0.221701, -0.827401), (0.516, -0.605699, 0.605699), (0.516, -0.605699, 0.605699), (0.516, -0.428294, 0.741827), (0.516, -0.428294, 0.741827), (0.516, -0.428294, 0.741827), (0.516, -0.605699, 0.605699), (0.516, -0.827401, -0.221701), (0.516, -0.741827, -0.428294), (0.516, -0.827401, -0.221701), (0.516, -0.741827, -0.428294), (0.516, -0.827401, -0.221701), (0.516, -0.741827, -0.428294), (0.516, 0.741827, 0.428294), (0.516, 0.741827, 0.428294), (0.516, 0.827401, 0.221701), (0.516, 0.827401, 0.221701), (0.516, 0.827401, 0.221701), (0.516, 0.741827, 0.428294), (0.516, -0.741827, -0.428294), (0.516, -0.605699, -0.605699), (0.516, -0.741827, -0.428294), (0.516, -0.605699, -0.605699), (0.516, -0.741827, -0.428294), (0.516, -0.605699, -0.605699), (0.516, 0.221701, 0.827401), (0.516, 0.428294, 0.741827), (0.516, 0.221701, 0.827401), (0.516, 0.428294, 0.741827), (0.516, 0.221701, 0.827401), (0.516, 0.428294, 0.741827), (0.516, 0.856588, 0), (0.516, 0.827401, 0.221701), (0.516, 0.856588, 0), (0.516, 0.827401, 0.221701), (0.516, 0.856588, 0), (0.516, 0.827401, 0.221701), (0.516, -0.221701, 0.827401), (0.516, -0.221701, 0.827401), (0.516, 0, 0.856588), (0.516, 0, 0.856588), (0.516, 0, 0.856588), (0.516, -0.221701, 0.827401), (0.516, 0.605699, -0.605699), (0.516, 0.741827, -0.428294), (0.516, 0.605699, -0.605699), (0.516, 0.741827, -0.428294), (0.516, 0.605699, -0.605699), (0.516, 0.741827, -0.428294), (0.516, -0.221701, -0.827401), (0.516, 0, -0.856588), (0.516, -0.221701, -0.827401), (0.516, 0, -0.856588), (0.516, -0.221701, -0.827401), (0.516, 0, -0.856588), (0.516, -0.428294, 0.741827), (0.516, -0.428294, 0.741827), (0.516, -0.221701, 0.827401), (0.516, -0.221701, 0.827401), (0.516, -0.221701, 0.827401), (0.516, -0.428294, 0.741827), (0.516, 0.856588, 0), (0.516, 0.856588, 0), (0.516, 0.827401, -0.221701), (0.516, 0.827401, -0.221701), (0.516, 0.827401, -0.221701), (0.516, 0.856588, 0), (0.516, 0, -0.856588), (0.516, 0, -0.856588), (0.516, 0.221701, -0.827401), (0.516, 0.221701, -0.827401), (0.516, 0.221701, -0.827401), (0.516, 0, -0.856588), (0.516, 0.741827, 0.428294), (0.516, 0.605699, 0.605699), (0.516, 0.741827, 0.428294), (0.516, 0.605699, 0.605699), (0.516, 0.741827, 0.428294), (0.516, 0.605699, 0.605699), (0.516, 0.741827, -0.428294), (0.516, 0.827401, -0.221701), (0.516, 0.741827, -0.428294), (0.516, 0.827401, -0.221701), (0.516, 0.741827, -0.428294), (0.516, 0.827401, -0.221701), (0.516, -0.856588, 0), (0.516, -0.827401, -0.221701), (0.516, -0.856588, 0), (0.516, -0.827401, -0.221701), (0.516, -0.856588, 0), (0.516, -0.827401, -0.221701), (1, 0, 0), (1, 0, 0), (1, 0, 0), (1, 0, 0), (1, 0, 0), (1, 0, 0), (1, 0, 0), (1, 0, 0), (1, 0, 0), (1, 0, 0), (1, 0, 0), (1, 0, 0), (1, 0, 0), (1, 0, 0), (1, 0, 0), (1, 0, 0), (1, 0, 0), (1, 0, 0), (1, 0, 0), (1, 0, 0), (1, 0, 0), (1, 0, 0), (1, 0, 0), (1, 0, 0), (1, 0, 0), (1, 0, 0), (1, 0, 0), (1, 0, 0), (1, 0, 0), (1, 0, 0), (1, 0, 0), (1, 0, 0), (1, 0, 0), (1, 0, 0), (1, 0, 0), (1, 0, 0), (1, 0, 0), (1, 0, 0), (1, 0, 0), (1, 0, 0), (1, 0, 0), (1, 0, 0), (1, 0, 0), (1, 0, 0), (1, 0, 0), (1, 0, 0), (1, 0, 0), (1, 0, 0), (1, 0, 0), (1, 0, 0), (1, 0, 0), (1, 0, 0), (1, 0, 0), (1, 0, 0), (1, 0, 0), (1, 0, 0), (1, 0, 0), (1, 0, 0), (1, 0, 0), (1, 0, 0), (1, 0, 0), (1, 0, 0), (1, 0, 0), (1, 0, 0), (1, 0, 0), (1, 0, 0), (1, 0, 0), (1, 0, 0), (1, 0, 0), (1, 0, 0), (1, 0, 0), (1, 0, 0), (1, 0, 0), (1, 0, 0), (1, 0, 0), (1, 0, 0), (1, 0, 0), (1, 0, 0), (1, 0, 0), (1, 0, 0), (1, 0, 0), (1, 0, 0), (1, 0, 0), (1, 0, 0), (1, 0, 0), (1, 0, 0), (1, 0, 0), (1, 0, 0), (1, 0, 0), (1, 0, 0), (1, 0, 0), (1, 0, 0), (1, 0, 0), (1, 0, 0), (1, 0, 0), (1, 0, 0), (1, 0, 0), (1, 0, 0), (1, 0, 0), (1, 0, 0), (1, 0, 0), (1, 0, 0), (1, 0, 0), (1, 0, 0), (1, 0, 0), (1, 0, 0), (1, 0, 0), (1, 0, 0), (1, 0, 0), (1, 0, 0), (1, 0, 0), (1, 0, 0), (1, 0, 0), (1, 0, 0), (1, 0, 0), (1, 0, 0), (1, 0, 0), (1, 0, 0), (1, 0, 0), (1, 0, 0), (1, 0, 0), (1, 0, 0), (1, 0, 0), (1, 0, 0), (1, 0, 0), (1, 0, 0), (1, 0, 0), (1, 0, 0), (1, 0, 0), (1, 0, 0), (1, 0, 0), (1, 0, 0), (1, 0, 0), (1, 0, 0), (1, 0, 0), (1, 0, 0), (1, 0, 0), (1, 0, 0), (1, 0, 0), (1, 0, 0), (1, 0, 0), (1, 0, 0), (1, 0, 0), (1, 0, 0), (-0.206363, 0.489238, 0.847385), (-0.410365, 0.455961, 0.789747), (-0.206363, 0.253248, 0.945135), (-0.410365, 0.236023, 0.880849), (-0.206363, 0.253248, 0.945135), (-0.410365, 0.455961, 0.789747), (-0.206363, -0.847385, -0.489238), (-0.206363, -0.945135, -0.253248), (-0.410365, -0.789747, -0.455961), (-0.410365, -0.880849, -0.236023), (-0.410365, -0.789747, -0.455961), (-0.206363, -0.945135, -0.253248), (-1, 0, 0), (-1, 0, 0), (-1, 0, 0), (-1, 0, 0), (-1, 0, 0), (-1, 0, 0), (-1, 0, 0), (-1, 0, 0), (-1, 0, 0), (-1, 0, 0), (-1, 0, 0), (-1, 0, 0), (-1, 0, 0), (-1, 0, 0), (-1, 0, 0), (-1, 0, 0), (-1, 0, 0), (-1, 0, 0), (-1, 0, 0), (-1, 0, 0), (-1, 0, 0), (-1, 0, 0), (-1, 0, 0), (-1, 0, 0), (-1, 0, 0), (-1, 0, 0), (-1, 0, 0), (-1, 0, 0), (-1, 0, 0), (-1, 0, 0), (-1, 0, 0), (-1, 0, 0), (-1, 0, 0), (-1, 0, 0), (-1, 0, 0), (-1, 0, 0), (-1, 0, 0), (-1, 0, 0), (-1, 0, 0), (-1, 0, 0), (-1, 0, 0), (-1, 0, 0), (-1, 0, 0), (-1, 0, 0), (-1, 0, 0), (-1, 0, 0), (-1, 0, 0), (-1, 0, 0), (-1, 0, 0), (-1, 0, 0), (-1, 0, 0), (-1, 0, 0), (-1, 0, 0), (-1, 0, 0), (-1, 0, 0), (-1, 0, 0), (-1, 0, 0), (-1, 0, 0), (-1, 0, 0), (-1, 0, 0), (-1, 0, 0), (-1, 0, 0), (-1, 0, 0), (-1, 0, 0), (-1, 0, 0), (-1, 0, 0), (-0.410365, 0.236023, -0.880849), (-0.206363, 0.253248, -0.945135), (-0.410365, 0, -0.911922), (-0.206363, 0, -0.978476), (-0.410365, 0, -0.911922), (-0.206363, 0.253248, -0.945135), (-0.206363, -0.691887, -0.691887), (-0.206363, -0.847385, -0.489238), (-0.410365, -0.644826, -0.644826), (-0.410365, -0.789747, -0.455961), (-0.410365, -0.644826, -0.644826), (-0.206363, -0.847385, -0.489238), (-0.410365, -0.236023, -0.880849), (-0.206363, -0.253248, -0.945135), (-0.410365, -0.455961, -0.789747), (-0.206363, -0.489238, -0.847385), (-0.410365, -0.455961, -0.789747), (-0.206363, -0.253248, -0.945135), (-0.206363, 0.945135, -0.253248), (-0.410365, 0.880849, -0.236023), (-0.206363, 0.978476, 0), (-0.410365, 0.911922, 0), (-0.206363, 0.978476, 0), (-0.410365, 0.880849, -0.236023), (-0.206363, 0.691887, -0.691887), (-0.410365, 0.644826, -0.644826), (-0.206363, 0.847385, -0.489238), (-0.410365, 0.789747, -0.455961), (-0.206363, 0.847385, -0.489238), (-0.410365, 0.644826, -0.644826), (-0.206363, -0.945135, -0.253248), (-0.206363, -0.978476, 0), (-0.410365, -0.880849, -0.236023), (-0.410365, -0.911922, 0), (-0.410365, -0.880849, -0.236023), (-0.206363, -0.978476, 0), (-0.410365, 0, -0.911922), (-0.206363, 0, -0.978476), (-0.410365, -0.236023, -0.880849), (-0.206363, -0.253248, -0.945135), (-0.410365, -0.236023, -0.880849), (-0.206363, 0, -0.978476), (-0.410365, -0.455961, -0.789747), (-0.206363, -0.489238, -0.847385), (-0.410365, -0.644826, -0.644826), (-0.206363, -0.691887, -0.691887), (-0.410365, -0.644826, -0.644826), (-0.206363, -0.489238, -0.847385), (-0.206363, 0.691887, -0.691887), (-0.206363, 0.489238, -0.847385), (-0.410365, 0.644826, -0.644826), (-0.410365, 0.455961, -0.789747), (-0.410365, 0.644826, -0.644826), (-0.206363, 0.489238, -0.847385), (-0.410365, -0.455961, 0.789747), (-0.410365, -0.644826, 0.644826), (-0.206363, -0.489238, 0.847385), (-0.206363, -0.691887, 0.691887), (-0.206363, -0.489238, 0.847385), (-0.410365, -0.644826, 0.644826), (-0.410365, 0, 0.911922), (-0.410365, -0.236023, 0.880849), (-0.206363, 0, 0.978476), (-0.206363, -0.253248, 0.945135), (-0.206363, 0, 0.978476), (-0.410365, -0.236023, 0.880849), (-0.206363, -0.978476, 0), (-0.206363, -0.945135, 0.253248), (-0.410365, -0.911922, 0), (-0.410365, -0.880849, 0.236023), (-0.410365, -0.911922, 0), (-0.206363, -0.945135, 0.253248), (-0.206363, -0.847385, 0.489238), (-0.206363, -0.691887, 0.691887), (-0.410365, -0.789747, 0.455961), (-0.410365, -0.644826, 0.644826), (-0.410365, -0.789747, 0.455961), (-0.206363, -0.691887, 0.691887), (-0.206363, 0.691887, 0.691887), (-0.410365, 0.644826, 0.644826), (-0.206363, 0.489238, 0.847385), (-0.410365, 0.455961, 0.789747), (-0.206363, 0.489238, 0.847385), (-0.410365, 0.644826, 0.644826), (-0.410365, -0.236023, 0.880849), (-0.410365, -0.455961, 0.789747), (-0.206363, -0.253248, 0.945135), (-0.206363, -0.489238, 0.847385), (-0.206363, -0.253248, 0.945135), (-0.410365, -0.455961, 0.789747), (-0.206363, 0.253248, 0.945135), (-0.410365, 0.236023, 0.880849), (-0.206363, 0, 0.978476), (-0.410365, 0, 0.911922), (-0.206363, 0, 0.978476), (-0.410365, 0.236023, 0.880849), (-0.206363, 0.489238, -0.847385), (-0.206363, 0.253248, -0.945135), (-0.410365, 0.455961, -0.789747), (-0.410365, 0.236023, -0.880849), (-0.410365, 0.455961, -0.789747), (-0.206363, 0.253248, -0.945135), (-0.206363, 0.945135, 0.253248), (-0.410365, 0.880849, 0.236023), (-0.206363, 0.847385, 0.489238), (-0.410365, 0.789747, 0.455961), (-0.206363, 0.847385, 0.489238), (-0.410365, 0.880849, 0.236023), (-0.206363, 0.978476, 0), (-0.410365, 0.911922, 0), (-0.206363, 0.945135, 0.253248), (-0.410365, 0.880849, 0.236023), (-0.206363, 0.945135, 0.253248), (-0.410365, 0.911922, 0), (-0.206363, -0.945135, 0.253248), (-0.206363, -0.847385, 0.489238), (-0.410365, -0.880849, 0.236023), (-0.410365, -0.789747, 0.455961), (-0.410365, -0.880849, 0.236023), (-0.206363, -0.847385, 0.489238), (-0.206363, 0.847385, 0.489238), (-0.410365, 0.789747, 0.455961), (-0.206363, 0.691887, 0.691887), (-0.410365, 0.644826, 0.644826), (-0.206363, 0.691887, 0.691887), (-0.410365, 0.789747, 0.455961), (0.206363, 0.978476, 0), (-0.206363, 0.978476, 0), (0.206363, 0.945135, 0.253248), (-0.206363, 0.945135, 0.253248), (0.206363, 0.945135, 0.253248), (-0.206363, 0.978476, 0), (0.410365, -0.236023, -0.880849), (0.410365, -0.455961, -0.789747), (0.206363, -0.253248, -0.945135), (0.206363, -0.489238, -0.847385), (0.206363, -0.253248, -0.945135), (0.410365, -0.455961, -0.789747), (0.206363, -0.945135, 0.253248), (0.206363, -0.847385, 0.489238), (-0.206363, -0.945135, 0.253248), (-0.206363, -0.847385, 0.489238), (-0.206363, -0.945135, 0.253248), (0.206363, -0.847385, 0.489238), (0.206363, 0.945135, 0.253248), (-0.206363, 0.945135, 0.253248), (0.206363, 0.847385, 0.489238), (-0.206363, 0.847385, 0.489238), (0.206363, 0.847385, 0.489238), (-0.206363, 0.945135, 0.253248), (0.410365, -0.911922, 0), (0.410365, -0.880849, 0.236023), (0.206363, -0.978476, 0), (0.206363, -0.945135, 0.253248), (0.206363, -0.978476, 0), (0.410365, -0.880849, 0.236023), (0.410365, -0.880849, -0.236023), (0.410365, -0.911922, 0), (0.206363, -0.945135, -0.253248), (0.206363, -0.978476, 0), (0.206363, -0.945135, -0.253248), (0.410365, -0.911922, 0), (0.410365, 0, -0.911922), (0.410365, -0.236023, -0.880849), (0.206363, 0, -0.978476), (0.206363, -0.253248, -0.945135), (0.206363, 0, -0.978476), (0.410365, -0.236023, -0.880849), (-0.206363, 0, -0.978476), (0.206363, 0, -0.978476), (-0.206363, -0.253248, -0.945135), (0.206363, -0.253248, -0.945135), (-0.206363, -0.253248, -0.945135), (0.206363, 0, -0.978476), (-0.206363, 0.489238, -0.847385), (0.206363, 0.489238, -0.847385), (-0.206363, 0.253248, -0.945135), (0.206363, 0.253248, -0.945135), (-0.206363, 0.253248, -0.945135), (0.206363, 0.489238, -0.847385), (0.410365, -0.880849, 0.236023), (0.410365, -0.789747, 0.455961), (0.206363, -0.945135, 0.253248), (0.206363, -0.847385, 0.489238), (0.206363, -0.945135, 0.253248), (0.410365, -0.789747, 0.455961), (-0.206363, 0.847385, -0.489238), (-0.410365, 0.789747, -0.455961), (-0.206363, 0.945135, -0.253248), (-0.410365, 0.880849, -0.236023), (-0.206363, 0.945135, -0.253248), (-0.410365, 0.789747, -0.455961), (0.410365, -0.455961, -0.789747), (0.410365, -0.644826, -0.644826), (0.206363, -0.489238, -0.847385), (0.206363, -0.691887, -0.691887), (0.206363, -0.489238, -0.847385), (0.410365, -0.644826, -0.644826), (0.410365, -0.789747, -0.455961), (0.410365, -0.880849, -0.236023), (0.206363, -0.847385, -0.489238), (0.206363, -0.945135, -0.253248), (0.206363, -0.847385, -0.489238), (0.410365, -0.880849, -0.236023), (-0.206363, 0.253248, -0.945135), (0.206363, 0.253248, -0.945135), (-0.206363, 0, -0.978476), (0.206363, 0, -0.978476), (-0.206363, 0, -0.978476), (0.206363, 0.253248, -0.945135), (0.206363, 0.847385, 0.489238), (-0.206363, 0.847385, 0.489238), (0.206363, 0.691887, 0.691887), (-0.206363, 0.691887, 0.691887), (0.206363, 0.691887, 0.691887), (-0.206363, 0.847385, 0.489238), (0.410365, 0.236023, 0.880849), (0.206363, 0.253248, 0.945135), (0.410365, 0, 0.911922), (0.206363, 0, 0.978476), (0.410365, 0, 0.911922), (0.206363, 0.253248, 0.945135), (0.206363, 0.489238, -0.847385), (0.410365, 0.455961, -0.789747), (0.206363, 0.253248, -0.945135), (0.410365, 0.236023, -0.880849), (0.206363, 0.253248, -0.945135), (0.410365, 0.455961, -0.789747), (0.206363, 0.253248, 0.945135), (-0.206363, 0.253248, 0.945135), (0.206363, 0, 0.978476), (-0.206363, 0, 0.978476), (0.206363, 0, 0.978476), (-0.206363, 0.253248, 0.945135), (-0.206363, 0.691887, -0.691887), (0.206363, 0.691887, -0.691887), (-0.206363, 0.489238, -0.847385), (0.206363, 0.489238, -0.847385), (-0.206363, 0.489238, -0.847385), (0.206363, 0.691887, -0.691887), (0.410365, 0.880849, -0.236023), (0.206363, 0.945135, -0.253248), (0.410365, 0.911922, 0), (0.206363, 0.978476, 0), (0.410365, 0.911922, 0), (0.206363, 0.945135, -0.253248), (0.206363, 0.489238, 0.847385), (0.206363, 0.253248, 0.945135), (0.410365, 0.455961, 0.789747), (0.410365, 0.236023, 0.880849), (0.410365, 0.455961, 0.789747), (0.206363, 0.253248, 0.945135), (0.410365, 0.911922, 0), (0.206363, 0.978476, 0), (0.410365, 0.880849, 0.236023), (0.206363, 0.945135, 0.253248), (0.410365, 0.880849, 0.236023), (0.206363, 0.978476, 0), (0.206363, 0.847385, -0.489238), (-0.206363, 0.847385, -0.489238), (0.206363, 0.945135, -0.253248), (-0.206363, 0.945135, -0.253248), (0.206363, 0.945135, -0.253248), (-0.206363, 0.847385, -0.489238), (0.206363, -0.847385, 0.489238), (0.206363, -0.691887, 0.691887), (-0.206363, -0.847385, 0.489238), (-0.206363, -0.691887, 0.691887), (-0.206363, -0.847385, 0.489238), (0.206363, -0.691887, 0.691887), (0.206363, 0.691887, 0.691887), (0.206363, 0.489238, 0.847385), (0.410365, 0.644826, 0.644826), (0.410365, 0.455961, 0.789747), (0.410365, 0.644826, 0.644826), (0.206363, 0.489238, 0.847385), (0.206363, -0.945135, -0.253248), (0.206363, -0.978476, 0), (-0.206363, -0.945135, -0.253248), (-0.206363, -0.978476, 0), (-0.206363, -0.945135, -0.253248), (0.206363, -0.978476, 0), (0.206363, -0.253248, 0.945135), (-0.206363, -0.253248, 0.945135), (0.206363, -0.489238, 0.847385), (-0.206363, -0.489238, 0.847385), (0.206363, -0.489238, 0.847385), (-0.206363, -0.253248, 0.945135), (0.206363, -0.847385, -0.489238), (0.206363, -0.945135, -0.253248), (-0.206363, -0.847385, -0.489238), (-0.206363, -0.945135, -0.253248), (-0.206363, -0.847385, -0.489238), (0.206363, -0.945135, -0.253248), (0.206363, -0.691887, -0.691887), (0.206363, -0.847385, -0.489238), (-0.206363, -0.691887, -0.691887), (-0.206363, -0.847385, -0.489238), (-0.206363, -0.691887, -0.691887), (0.206363, -0.847385, -0.489238), (0.410365, 0, 0.911922), (0.206363, 0, 0.978476), (0.410365, -0.236023, 0.880849), (0.206363, -0.253248, 0.945135), (0.410365, -0.236023, 0.880849), (0.206363, 0, 0.978476), (-0.206363, -0.253248, -0.945135), (0.206363, -0.253248, -0.945135), (-0.206363, -0.489238, -0.847385), (0.206363, -0.489238, -0.847385), (-0.206363, -0.489238, -0.847385), (0.206363, -0.253248, -0.945135), (0.206363, 0.945135, -0.253248), (-0.206363, 0.945135, -0.253248), (0.206363, 0.978476, 0), (-0.206363, 0.978476, 0), (0.206363, 0.978476, 0), (-0.206363, 0.945135, -0.253248), (0.206363, -0.978476, 0), (0.206363, -0.945135, 0.253248), (-0.206363, -0.978476, 0), (-0.206363, -0.945135, 0.253248), (-0.206363, -0.978476, 0), (0.206363, -0.945135, 0.253248), (0.206363, 0.691887, 0.691887), (-0.206363, 0.691887, 0.691887), (0.206363, 0.489238, 0.847385), (-0.206363, 0.489238, 0.847385), (0.206363, 0.489238, 0.847385), (-0.206363, 0.691887, 0.691887), (-0.206363, -0.489238, -0.847385), (0.206363, -0.489238, -0.847385), (-0.206363, -0.691887, -0.691887), (0.206363, -0.691887, -0.691887), (-0.206363, -0.691887, -0.691887), (0.206363, -0.489238, -0.847385), (0.410365, 0.789747, -0.455961), (0.206363, 0.847385, -0.489238), (0.410365, 0.880849, -0.236023), (0.206363, 0.945135, -0.253248), (0.410365, 0.880849, -0.236023), (0.206363, 0.847385, -0.489238), (0.206363, 0.489238, 0.847385), (-0.206363, 0.489238, 0.847385), (0.206363, 0.253248, 0.945135), (-0.206363, 0.253248, 0.945135), (0.206363, 0.253248, 0.945135), (-0.206363, 0.489238, 0.847385), (0.410365, -0.236023, 0.880849), (0.206363, -0.253248, 0.945135), (0.410365, -0.455961, 0.789747), (0.206363, -0.489238, 0.847385), (0.410365, -0.455961, 0.789747), (0.206363, -0.253248, 0.945135), (0.410365, 0.789747, 0.455961), (0.206363, 0.847385, 0.489238), (0.410365, 0.644826, 0.644826), (0.206363, 0.691887, 0.691887), (0.410365, 0.644826, 0.644826), (0.206363, 0.847385, 0.489238), (0.410365, 0.880849, 0.236023), (0.206363, 0.945135, 0.253248), (0.410365, 0.789747, 0.455961), (0.206363, 0.847385, 0.489238), (0.410365, 0.789747, 0.455961), (0.206363, 0.945135, 0.253248), (0.410365, -0.789747, 0.455961), (0.410365, -0.644826, 0.644826), (0.206363, -0.847385, 0.489238), (0.206363, -0.691887, 0.691887), (0.206363, -0.847385, 0.489238), (0.410365, -0.644826, 0.644826), (0.410365, -0.644826, -0.644826), (0.410365, -0.789747, -0.455961), (0.206363, -0.691887, -0.691887), (0.206363, -0.847385, -0.489238), (0.206363, -0.691887, -0.691887), (0.410365, -0.789747, -0.455961), (0.410365, 0.644826, -0.644826), (0.206363, 0.691887, -0.691887), (0.410365, 0.789747, -0.455961), (0.206363, 0.847385, -0.489238), (0.410365, 0.789747, -0.455961), (0.206363, 0.691887, -0.691887), (0.206363, 0, 0.978476), (-0.206363, 0, 0.978476), (0.206363, -0.253248, 0.945135), (-0.206363, -0.253248, 0.945135), (0.206363, -0.253248, 0.945135), (-0.206363, 0, 0.978476), (0.206363, -0.489238, 0.847385), (-0.206363, -0.489238, 0.847385), (0.206363, -0.691887, 0.691887), (-0.206363, -0.691887, 0.691887), (0.206363, -0.691887, 0.691887), (-0.206363, -0.489238, 0.847385), (0.206363, 0.691887, -0.691887), (0.410365, 0.644826, -0.644826), (0.206363, 0.489238, -0.847385), (0.410365, 0.455961, -0.789747), (0.206363, 0.489238, -0.847385), (0.410365, 0.644826, -0.644826), (0.410365, -0.455961, 0.789747), (0.206363, -0.489238, 0.847385), (0.410365, -0.644826, 0.644826), (0.206363, -0.691887, 0.691887), (0.410365, -0.644826, 0.644826), (0.206363, -0.489238, 0.847385), (0.206363, 0.253248, -0.945135), (0.410365, 0.236023, -0.880849), (0.206363, 0, -0.978476), (0.410365, 0, -0.911922), (0.206363, 0, -0.978476), (0.410365, 0.236023, -0.880849), (0.206363, 0.691887, -0.691887), (-0.206363, 0.691887, -0.691887), (0.206363, 0.847385, -0.489238), (-0.206363, 0.847385, -0.489238), (0.206363, 0.847385, -0.489238), (-0.206363, 0.691887, -0.691887), (1, 0, -6.66134e-16), (1, 0, -6.66134e-16), (1, 0, -6.66134e-16), (1, 0, -6.66134e-16), (1, 0, -6.66134e-16), (1, 0, -6.66134e-16), (1, 0, -6.66134e-16), (1, 0, -6.66134e-16), (1, 0, -6.66134e-16), (1, 0, -6.66134e-16), (1, 0, -6.66134e-16), (1, 0, -6.66134e-16), (1, 0, -6.66134e-16), (1, 0, -6.66134e-16), (1, 0, -6.66134e-16), (1, 0, -6.66134e-16), (1, 0, -6.66134e-16), (1, 0, -6.66134e-16), (1, 0, -6.66134e-16), (1, 0, -6.66134e-16), (1, 0, -6.66134e-16), (1, 0, -6.66134e-16), (1, 0, -6.66134e-16), (1, 0, -6.66134e-16), (1, 0, -6.66134e-16), (1, 0, -6.66134e-16), (1, 0, -6.66134e-16), (1, 0, -6.66134e-16), (1, 0, -6.66134e-16), (1, 0, -6.66134e-16), (1, 0, -6.66134e-16), (1, 0, -6.66134e-16), (1, 0, -6.66134e-16), (1, 0, -6.66134e-16), (1, 0, -6.66134e-16), (1, 0, -6.66134e-16), (1, 0, -6.66134e-16), (1, 0, -6.66134e-16), (1, 0, -6.66134e-16), (1, 0, -6.66134e-16), (1, 0, -6.66134e-16), (1, 0, -6.66134e-16), (1, 0, -6.66134e-16), (1, 0, -6.66134e-16), (1, 0, -6.66134e-16), (1, 0, -6.66134e-16), (1, 0, -6.66134e-16), (1, 0, -6.66134e-16), (1, 0, -6.66134e-16), (1, 0, -6.66134e-16), (1, 0, -6.66134e-16), (1, 0, -6.66134e-16), (1, 0, -6.66134e-16), (1, 0, -6.66134e-16), (1, 0, -6.66134e-16), (1, 0, -6.66134e-16), (1, 0, -6.66134e-16), (1, 0, -6.66134e-16), (1, 0, -6.66134e-16), (1, 0, -6.66134e-16), (1, 0, -6.66134e-16), (1, 0, -6.66134e-16), (1, 0, -6.66134e-16), (1, 0, -6.66134e-16), (1, 0, -6.66134e-16), (1, 0, -6.66134e-16), (1, 0, -6.66134e-16), (1, 0, -6.66134e-16), (1, 0, -6.66134e-16), (1, 0, -6.66134e-16), (1, 0, -6.66134e-16), (1, 0, -6.66134e-16), (1, 0, -6.66134e-16), (1, 0, -6.66134e-16), (1, 0, -6.66134e-16), (1, 0, -6.66134e-16), (1, 0, -6.66134e-16), (1, 0, -6.66134e-16), (1, 0, -6.66134e-16), (1, 0, -6.66134e-16), (1, 0, -6.66134e-16), (1, 0, -6.66134e-16), (1, 0, -6.66134e-16), (1, 0, -6.66134e-16), (1, 0, -6.66134e-16), (1, 0, -6.66134e-16), (1, 0, -6.66134e-16), (1, 0, -6.66134e-16), (1, 0, -6.66134e-16), (1, 0, -6.66134e-16), (1, 0, -6.66134e-16), (1, 0, -6.66134e-16), (1, 0, -6.66134e-16), (1, 0, -6.66134e-16), (1, 0, -6.66134e-16), (1, 0, -6.66134e-16), (1, 0, -6.66134e-16), (1, 0, -6.66134e-16), (1, 0, -6.66134e-16), (1, 0, -6.66134e-16), (1, 0, -6.66134e-16), (1, 0, -6.66134e-16), (1, 0, -6.66134e-16), (1, 0, -6.66134e-16), (1, 0, -6.66134e-16), (1, 0, -6.66134e-16), (1, 0, -6.66134e-16), (1, 0, -6.66134e-16), (1, 0, -6.66134e-16), (1, 0, -6.66134e-16), (1, 0, -6.66134e-16), (1, 0, -6.66134e-16), (1, 0, -6.66134e-16), (1, 0, -6.66134e-16), (1, 0, -6.66134e-16), (1, 0, -6.66134e-16), (1, 0, -6.66134e-16), (1, 0, -6.66134e-16), (1, 0, -6.66134e-16), (1, 0, -6.66134e-16), (1, 0, -6.66134e-16), (1, 0, -6.66134e-16), (1, 0, -6.66134e-16), (1, 0, -6.66134e-16), (1, 0, -6.66134e-16), (1, 0, -6.66134e-16), (1, 0, -6.66134e-16), (1, 0, -6.66134e-16), (1, 0, -6.66134e-16), (1, 0, -6.66134e-16), (1, 0, -6.66134e-16), (1, 0, -6.66134e-16), (1, 0, -6.66134e-16), (1, 0, -6.66134e-16), (1, 0, -6.66134e-16), (1, 0, -6.66134e-16), (1, 0, -6.66134e-16), (1, 0, -6.66134e-16), (1, 0, -6.66134e-16), (1, 0, -6.66134e-16), (1, 0, -6.66134e-16), (1, 0, -6.66134e-16), (1, 0, -6.66134e-16), (1, 0, -6.66134e-16), (0.516, -0.428294, -0.741827), (0.516, -0.221701, -0.827401), (0.516, -0.428294, -0.741827), (0.516, -0.221701, -0.827401), (0.516, -0.428294, -0.741827), (0.516, -0.221701, -0.827401), (0.516, 0, 0.856588), (0.516, 0.221701, 0.827401), (0.516, 0, 0.856588), (0.516, 0.221701, 0.827401), (0.516, 0, 0.856588), (0.516, 0.221701, 0.827401), (0.516, 0.428294, -0.741827), (0.516, 0.428294, -0.741827), (0.516, 0.605699, -0.605699), (0.516, 0.605699, -0.605699), (0.516, 0.605699, -0.605699), (0.516, 0.428294, -0.741827), (0.516, -0.605699, -0.605699), (0.516, -0.428294, -0.741827), (0.516, -0.605699, -0.605699), (0.516, -0.428294, -0.741827), (0.516, -0.605699, -0.605699), (0.516, -0.428294, -0.741827), (0.516, 0.428294, 0.741827), (0.516, 0.605699, 0.605699), (0.516, 0.428294, 0.741827), (0.516, 0.605699, 0.605699), (0.516, 0.428294, 0.741827), (0.516, 0.605699, 0.605699), (0.516, -0.741827, 0.428294), (0.516, -0.827401, 0.221701), (0.516, -0.741827, 0.428294), (0.516, -0.827401, 0.221701), (0.516, -0.741827, 0.428294), (0.516, -0.827401, 0.221701), (0.516, -0.605699, 0.605699), (0.516, -0.741827, 0.428294), (0.516, -0.605699, 0.605699), (0.516, -0.741827, 0.428294), (0.516, -0.605699, 0.605699), (0.516, -0.741827, 0.428294), (0.516, -0.827401, 0.221701), (0.516, -0.856588, 0), (0.516, -0.827401, 0.221701), (0.516, -0.856588, 0), (0.516, -0.827401, 0.221701), (0.516, -0.856588, 0), (1, 0, 0), (1, 0, 0), (1, 0, 0), (1, 0, 0), (1, 0, 0), (1, 0, 0), (1, 0, 0), (1, 0, 0), (1, 0, 0), (1, 0, 0), (1, 0, 0), (1, 0, 0), (1, 0, 0), (1, 0, 0), (1, 0, 0), (1, 0, 0), (1, 0, 0), (1, 0, 0), (1, 0, 0), (1, 0, 0), (1, 0, 0), (1, 0, 0), (1, 0, 0), (1, 0, 0), (1, 0, 0), (1, 0, 0), (1, 0, 0), (1, 0, 0), (1, 0, 0), (1, 0, 0), (1, 0, 0), (1, 0, 0), (1, 0, 0), (1, 0, 0), (1, 0, 0), (1, 0, 0), (1, 0, 0), (1, 0, 0), (1, 0, 0), (1, 0, 0), (1, 0, 0), (1, 0, 0), (1, 0, 0), (1, 0, 0), (1, 0, 0), (1, 0, 0), (1, 0, 0), (1, 0, 0), (1, 0, 0), (1, 0, 0), (1, 0, 0), (1, 0, 0), (1, 0, 0), (1, 0, 0), (1, 0, 0), (1, 0, 0), (1, 0, 0), (1, 0, 0), (1, 0, 0), (1, 0, 0), (1, 0, 0), (1, 0, 0), (1, 0, 0), (1, 0, 0), (1, 0, 0), (1, 0, 0), (0.516, 0.221701, -0.827401), (0.516, 0.221701, -0.827401), (0.516, 0.428294, -0.741827), (0.516, 0.428294, -0.741827), (0.516, 0.428294, -0.741827), (0.516, 0.221701, -0.827401), (0.516, -0.605699, 0.605699), (0.516, -0.605699, 0.605699), (0.516, -0.428294, 0.741827), (0.516, -0.428294, 0.741827), (0.516, -0.428294, 0.741827), (0.516, -0.605699, 0.605699), (0.516, -0.827401, -0.221701), (0.516, -0.741827, -0.428294), (0.516, -0.827401, -0.221701), (0.516, -0.741827, -0.428294), (0.516, -0.827401, -0.221701), (0.516, -0.741827, -0.428294), (0.516, 0.741827, 0.428294), (0.516, 0.741827, 0.428294), (0.516, 0.827401, 0.221701), (0.516, 0.827401, 0.221701), (0.516, 0.827401, 0.221701), (0.516, 0.741827, 0.428294), (0.516, -0.741827, -0.428294), (0.516, -0.605699, -0.605699), (0.516, -0.741827, -0.428294), (0.516, -0.605699, -0.605699), (0.516, -0.741827, -0.428294), (0.516, -0.605699, -0.605699), (0.516, 0.221701, 0.827401), (0.516, 0.428294, 0.741827), (0.516, 0.221701, 0.827401), (0.516, 0.428294, 0.741827), (0.516, 0.221701, 0.827401), (0.516, 0.428294, 0.741827), (0.516, 0.856588, 0), (0.516, 0.827401, 0.221701), (0.516, 0.856588, 0), (0.516, 0.827401, 0.221701), (0.516, 0.856588, 0), (0.516, 0.827401, 0.221701), (0.516, -0.221701, 0.827401), (0.516, -0.221701, 0.827401), (0.516, 0, 0.856588), (0.516, 0, 0.856588), (0.516, 0, 0.856588), (0.516, -0.221701, 0.827401), (0.516, 0.605699, -0.605699), (0.516, 0.741827, -0.428294), (0.516, 0.605699, -0.605699), (0.516, 0.741827, -0.428294), (0.516, 0.605699, -0.605699), (0.516, 0.741827, -0.428294), (0.516, -0.221701, -0.827401), (0.516, 0, -0.856588), (0.516, -0.221701, -0.827401), (0.516, 0, -0.856588), (0.516, -0.221701, -0.827401), (0.516, 0, -0.856588), (0.516, -0.428294, 0.741827), (0.516, -0.428294, 0.741827), (0.516, -0.221701, 0.827401), (0.516, -0.221701, 0.827401), (0.516, -0.221701, 0.827401), (0.516, -0.428294, 0.741827), (0.516, 0.856588, 0), (0.516, 0.856588, 0), (0.516, 0.827401, -0.221701), (0.516, 0.827401, -0.221701), (0.516, 0.827401, -0.221701), (0.516, 0.856588, 0), (0.516, 0, -0.856588), (0.516, 0, -0.856588), (0.516, 0.221701, -0.827401), (0.516, 0.221701, -0.827401), (0.516, 0.221701, -0.827401), (0.516, 0, -0.856588), (0.516, 0.741827, 0.428294), (0.516, 0.605699, 0.605699), (0.516, 0.741827, 0.428294), (0.516, 0.605699, 0.605699), (0.516, 0.741827, 0.428294), (0.516, 0.605699, 0.605699), (0.516, 0.741827, -0.428294), (0.516, 0.827401, -0.221701), (0.516, 0.741827, -0.428294), (0.516, 0.827401, -0.221701), (0.516, 0.741827, -0.428294), (0.516, 0.827401, -0.221701), (0.516, -0.856588, 0), (0.516, -0.827401, -0.221701), (0.516, -0.856588, 0), (0.516, -0.827401, -0.221701), (0.516, -0.856588, 0), (0.516, -0.827401, -0.221701), (0.206363, 0.691887, -0.691887), (-0.206363, 0.847385, -0.489238), (0.206363, 0.847385, -0.489238), (-0.206363, 0.847385, -0.489238), (0.206363, 0.691887, -0.691887), (-0.206363, 0.691887, -0.691887), (-0.410365, 0.236023, -0.880849), (-0.206363, 0, -0.978476), (-0.410365, 0, -0.911922), (-0.206363, 0, -0.978476), (-0.410365, 0.236023, -0.880849), (-0.206363, 0.253248, -0.945135), (-0.206363, -0.489238, 0.847385), (-0.410365, -0.644826, 0.644826), (-0.206363, -0.691887, 0.691887), (-0.410365, -0.644826, 0.644826), (-0.206363, -0.489238, 0.847385), (-0.410365, -0.455961, 0.789747), (-0.410365, 0.644826, -0.644826), (-0.206363, 0.489238, -0.847385), (-0.410365, 0.455961, -0.789747), (-0.206363, 0.489238, -0.847385), (-0.410365, 0.644826, -0.644826), (-0.206363, 0.691887, -0.691887), (0.206363, -0.489238, 0.847385), (-0.206363, -0.691887, 0.691887), (0.206363, -0.691887, 0.691887), (-0.206363, -0.691887, 0.691887), (0.206363, -0.489238, 0.847385), (-0.206363, -0.489238, 0.847385), (0.206363, 0, 0.978476), (-0.206363, -0.253248, 0.945135), (0.206363, -0.253248, 0.945135), (-0.206363, -0.253248, 0.945135), (0.206363, 0, 0.978476), (-0.206363, 0, 0.978476), (-0.206363, 0.691887, -0.691887), (-0.410365, 0.789747, -0.455961), (-0.206363, 0.847385, -0.489238), (-0.410365, 0.789747, -0.455961), (-0.206363, 0.691887, -0.691887), (-0.410365, 0.644826, -0.644826), (-0.410365, -0.789747, -0.455961), (-0.206363, -0.691887, -0.691887), (-0.206363, -0.847385, -0.489238), (-0.206363, -0.691887, -0.691887), (-0.410365, -0.789747, -0.455961), (-0.410365, -0.644826, -0.644826), (-0.410365, -0.644826, 0.644826), (-0.206363, -0.847385, 0.489238), (-0.206363, -0.691887, 0.691887), (-0.206363, -0.847385, 0.489238), (-0.410365, -0.644826, 0.644826), (-0.410365, -0.789747, 0.455961), (-0.206363, 0.945135, 0.253248), (-0.410365, 0.789747, 0.455961), (-0.206363, 0.847385, 0.489238), (-0.410365, 0.789747, 0.455961), (-0.206363, 0.945135, 0.253248), (-0.410365, 0.880849, 0.236023), (-0.206363, 0.847385, 0.489238), (-0.410365, 0.644826, 0.644826), (-0.206363, 0.691887, 0.691887), (-0.410365, 0.644826, 0.644826), (-0.206363, 0.847385, 0.489238), (-0.410365, 0.789747, 0.455961), (-0.206363, -0.253248, 0.945135), (-0.410365, -0.455961, 0.789747), (-0.206363, -0.489238, 0.847385), (-0.410365, -0.455961, 0.789747), (-0.206363, -0.253248, 0.945135), (-0.410365, -0.236023, 0.880849), (0.206363, 0.489238, 0.847385), (-0.206363, 0.253248, 0.945135), (0.206363, 0.253248, 0.945135), (-0.206363, 0.253248, 0.945135), (0.206363, 0.489238, 0.847385), (-0.206363, 0.489238, 0.847385), (-0.206363, 0.847385, -0.489238), (-0.410365, 0.880849, -0.236023), (-0.206363, 0.945135, -0.253248), (-0.410365, 0.880849, -0.236023), (-0.206363, 0.847385, -0.489238), (-0.410365, 0.789747, -0.455961), (-0.206363, -0.489238, -0.847385), (0.206363, -0.691887, -0.691887), (-0.206363, -0.691887, -0.691887), (0.206363, -0.691887, -0.691887), (-0.206363, -0.489238, -0.847385), (0.206363, -0.489238, -0.847385), (0.206363, 0.691887, 0.691887), (-0.206363, 0.489238, 0.847385), (0.206363, 0.489238, 0.847385), (-0.206363, 0.489238, 0.847385), (0.206363, 0.691887, 0.691887), (-0.206363, 0.691887, 0.691887), (-0.206363, -0.945135, 0.253248), (0.206363, -0.978476, 0), (0.206363, -0.945135, 0.253248), (0.206363, -0.978476, 0), (-0.206363, -0.945135, 0.253248), (-0.206363, -0.978476, 0), (0.206363, 0.945135, -0.253248), (-0.206363, 0.978476, 0), (0.206363, 0.978476, 0), (-0.206363, 0.978476, 0), (0.206363, 0.945135, -0.253248), (-0.206363, 0.945135, -0.253248), (-0.206363, -0.253248, -0.945135), (0.206363, -0.489238, -0.847385), (-0.206363, -0.489238, -0.847385), (0.206363, -0.489238, -0.847385), (-0.206363, -0.253248, -0.945135), (0.206363, -0.253248, -0.945135), (-0.206363, 0, 0.978476), (-0.410365, -0.236023, 0.880849), (-0.206363, -0.253248, 0.945135), (-0.410365, -0.236023, 0.880849), (-0.206363, 0, 0.978476), (-0.410365, 0, 0.911922), (-0.206363, -0.847385, -0.489238), (0.206363, -0.691887, -0.691887), (0.206363, -0.847385, -0.489238), (0.206363, -0.691887, -0.691887), (-0.206363, -0.847385, -0.489238), (-0.206363, -0.691887, -0.691887), (-0.206363, -0.945135, -0.253248), (0.206363, -0.847385, -0.489238), (0.206363, -0.945135, -0.253248), (0.206363, -0.847385, -0.489238), (-0.206363, -0.945135, -0.253248), (-0.206363, -0.847385, -0.489238), (0.206363, -0.253248, 0.945135), (-0.206363, -0.489238, 0.847385), (0.206363, -0.489238, 0.847385), (-0.206363, -0.489238, 0.847385), (0.206363, -0.253248, 0.945135), (-0.206363, -0.253248, 0.945135), (-0.206363, -0.978476, 0), (0.206363, -0.945135, -0.253248), (0.206363, -0.978476, 0), (0.206363, -0.945135, -0.253248), (-0.206363, -0.978476, 0), (-0.206363, -0.945135, -0.253248), (-0.206363, 0.489238, 0.847385), (-0.410365, 0.644826, 0.644826), (-0.410365, 0.455961, 0.789747), (-0.410365, 0.644826, 0.644826), (-0.206363, 0.489238, 0.847385), (-0.206363, 0.691887, 0.691887), (-0.206363, -0.691887, 0.691887), (0.206363, -0.847385, 0.489238), (0.206363, -0.691887, 0.691887), (0.206363, -0.847385, 0.489238), (-0.206363, -0.691887, 0.691887), (-0.206363, -0.847385, 0.489238), (0.206363, 0.847385, -0.489238), (-0.206363, 0.945135, -0.253248), (0.206363, 0.945135, -0.253248), (-0.206363, 0.945135, -0.253248), (0.206363, 0.847385, -0.489238), (-0.206363, 0.847385, -0.489238), (-0.206363, 0.978476, 0), (-0.410365, 0.880849, 0.236023), (-0.206363, 0.945135, 0.253248), (-0.410365, 0.880849, 0.236023), (-0.206363, 0.978476, 0), (-0.410365, 0.911922, 0), (-0.206363, 0.253248, 0.945135), (-0.410365, 0.455961, 0.789747), (-0.410365, 0.236023, 0.880849), (-0.410365, 0.455961, 0.789747), (-0.206363, 0.253248, 0.945135), (-0.206363, 0.489238, 0.847385), (-0.206363, 0.945135, -0.253248), (-0.410365, 0.911922, 0), (-0.206363, 0.978476, 0), (-0.410365, 0.911922, 0), (-0.206363, 0.945135, -0.253248), (-0.410365, 0.880849, -0.236023), (-0.206363, 0.691887, -0.691887), (0.206363, 0.489238, -0.847385), (-0.206363, 0.489238, -0.847385), (0.206363, 0.489238, -0.847385), (-0.206363, 0.691887, -0.691887), (0.206363, 0.691887, -0.691887), (0.206363, 0.253248, 0.945135), (-0.206363, 0, 0.978476), (0.206363, 0, 0.978476), (-0.206363, 0, 0.978476), (0.206363, 0.253248, 0.945135), (-0.206363, 0.253248, 0.945135), (-0.410365, 0.455961, -0.789747), (-0.206363, 0.253248, -0.945135), (-0.410365, 0.236023, -0.880849), (-0.206363, 0.253248, -0.945135), (-0.410365, 0.455961, -0.789747), (-0.206363, 0.489238, -0.847385), (-0.206363, 0.253248, 0.945135), (-0.410365, 0, 0.911922), (-0.206363, 0, 0.978476), (-0.410365, 0, 0.911922), (-0.206363, 0.253248, 0.945135), (-0.410365, 0.236023, 0.880849), (0.206363, 0.847385, 0.489238), (-0.206363, 0.691887, 0.691887), (0.206363, 0.691887, 0.691887), (-0.206363, 0.691887, 0.691887), (0.206363, 0.847385, 0.489238), (-0.206363, 0.847385, 0.489238), (-0.206363, 0.253248, -0.945135), (0.206363, 0, -0.978476), (-0.206363, 0, -0.978476), (0.206363, 0, -0.978476), (-0.206363, 0.253248, -0.945135), (0.206363, 0.253248, -0.945135), (-0.410365, -0.880849, -0.236023), (-0.206363, -0.847385, -0.489238), (-0.206363, -0.945135, -0.253248), (-0.206363, -0.847385, -0.489238), (-0.410365, -0.880849, -0.236023), (-0.410365, -0.789747, -0.455961), (-0.410365, -0.644826, -0.644826), (-0.206363, -0.489238, -0.847385), (-0.206363, -0.691887, -0.691887), (-0.206363, -0.489238, -0.847385), (-0.410365, -0.644826, -0.644826), (-0.410365, -0.455961, -0.789747), (0.410365, 0.789747, -0.455961), (0.206363, 0.945135, -0.253248), (0.410365, 0.880849, -0.236023), (0.206363, 0.945135, -0.253248), (0.410365, 0.789747, -0.455961), (0.206363, 0.847385, -0.489238), (-0.410365, -0.789747, 0.455961), (-0.206363, -0.945135, 0.253248), (-0.206363, -0.847385, 0.489238), (-0.206363, -0.945135, 0.253248), (-0.410365, -0.789747, 0.455961), (-0.410365, -0.880849, 0.236023), (-0.206363, 0.489238, -0.847385), (0.206363, 0.253248, -0.945135), (-0.206363, 0.253248, -0.945135), (0.206363, 0.253248, -0.945135), (-0.206363, 0.489238, -0.847385), (0.206363, 0.489238, -0.847385), (-0.206363, 0, -0.978476), (0.206363, -0.253248, -0.945135), (-0.206363, -0.253248, -0.945135), (0.206363, -0.253248, -0.945135), (-0.206363, 0, -0.978476), (0.206363, 0, -0.978476), (-0.410365, -0.236023, -0.880849), (-0.206363, 0, -0.978476), (-0.206363, -0.253248, -0.945135), (-0.206363, 0, -0.978476), (-0.410365, -0.236023, -0.880849), (-0.410365, 0, -0.911922), (-0.410365, -0.911922, 0), (-0.206363, -0.945135, -0.253248), (-0.206363, -0.978476, 0), (-0.206363, -0.945135, -0.253248), (-0.410365, -0.911922, 0), (-0.410365, -0.880849, -0.236023), (-0.410365, -0.880849, 0.236023), (-0.206363, -0.978476, 0), (-0.206363, -0.945135, 0.253248), (-0.206363, -0.978476, 0), (-0.410365, -0.880849, 0.236023), (-0.410365, -0.911922, 0), (0.206363, 0.945135, 0.253248), (-0.206363, 0.847385, 0.489238), (0.206363, 0.847385, 0.489238), (-0.206363, 0.847385, 0.489238), (0.206363, 0.945135, 0.253248), (-0.206363, 0.945135, 0.253248), (-0.206363, -0.847385, 0.489238), (0.206363, -0.945135, 0.253248), (0.206363, -0.847385, 0.489238), (0.206363, -0.945135, 0.253248), (-0.206363, -0.847385, 0.489238), (-0.206363, -0.945135, 0.253248), (-0.410365, -0.455961, -0.789747), (-0.206363, -0.253248, -0.945135), (-0.206363, -0.489238, -0.847385), (-0.206363, -0.253248, -0.945135), (-0.410365, -0.455961, -0.789747), (-0.410365, -0.236023, -0.880849), (0.206363, 0.978476, 0), (-0.206363, 0.945135, 0.253248), (0.206363, 0.945135, 0.253248), (-0.206363, 0.945135, 0.253248), (0.206363, 0.978476, 0), (-0.206363, 0.978476, 0), (0.410365, 0.789747, 0.455961), (0.206363, 0.691887, 0.691887), (0.410365, 0.644826, 0.644826), (0.206363, 0.691887, 0.691887), (0.410365, 0.789747, 0.455961), (0.206363, 0.847385, 0.489238), (0.206363, -0.847385, 0.489238), (0.410365, -0.880849, 0.236023), (0.410365, -0.789747, 0.455961), (0.410365, -0.880849, 0.236023), (0.206363, -0.847385, 0.489238), (0.206363, -0.945135, 0.253248), (0.410365, 0.911922, 0), (0.206363, 0.945135, 0.253248), (0.410365, 0.880849, 0.236023), (0.206363, 0.945135, 0.253248), (0.410365, 0.911922, 0), (0.206363, 0.978476, 0), (0.410365, 0.880849, 0.236023), (0.206363, 0.847385, 0.489238), (0.410365, 0.789747, 0.455961), (0.206363, 0.847385, 0.489238), (0.410365, 0.880849, 0.236023), (0.206363, 0.945135, 0.253248), (0.206363, 0.253248, -0.945135), (0.410365, 0.455961, -0.789747), (0.410365, 0.236023, -0.880849), (0.410365, 0.455961, -0.789747), (0.206363, 0.253248, -0.945135), (0.206363, 0.489238, -0.847385), (0.410365, 0.236023, 0.880849), (0.206363, 0, 0.978476), (0.410365, 0, 0.911922), (0.206363, 0, 0.978476), (0.410365, 0.236023, 0.880849), (0.206363, 0.253248, 0.945135), (0.410365, -0.455961, 0.789747), (0.206363, -0.253248, 0.945135), (0.206363, -0.489238, 0.847385), (0.206363, -0.253248, 0.945135), (0.410365, -0.455961, 0.789747), (0.410365, -0.236023, 0.880849), (0.410365, 0.644826, 0.644826), (0.206363, 0.489238, 0.847385), (0.410365, 0.455961, 0.789747), (0.206363, 0.489238, 0.847385), (0.410365, 0.644826, 0.644826), (0.206363, 0.691887, 0.691887), (0.206363, -0.691887, 0.691887), (0.410365, -0.789747, 0.455961), (0.410365, -0.644826, 0.644826), (0.410365, -0.789747, 0.455961), (0.206363, -0.691887, 0.691887), (0.206363, -0.847385, 0.489238), (0.206363, -0.945135, 0.253248), (0.410365, -0.911922, 0), (0.410365, -0.880849, 0.236023), (0.410365, -0.911922, 0), (0.206363, -0.945135, 0.253248), (0.206363, -0.978476, 0), (0.410365, -0.236023, 0.880849), (0.206363, 0, 0.978476), (0.206363, -0.253248, 0.945135), (0.206363, 0, 0.978476), (0.410365, -0.236023, 0.880849), (0.410365, 0, 0.911922), (0.410365, -0.644826, 0.644826), (0.206363, -0.489238, 0.847385), (0.206363, -0.691887, 0.691887), (0.206363, -0.489238, 0.847385), (0.410365, -0.644826, 0.644826), (0.410365, -0.455961, 0.789747), (0.206363, 0.489238, -0.847385), (0.410365, 0.644826, -0.644826), (0.410365, 0.455961, -0.789747), (0.410365, 0.644826, -0.644826), (0.206363, 0.489238, -0.847385), (0.206363, 0.691887, -0.691887), (0.206363, -0.489238, -0.847385), (0.410365, -0.644826, -0.644826), (0.206363, -0.691887, -0.691887), (0.410365, -0.644826, -0.644826), (0.206363, -0.489238, -0.847385), (0.410365, -0.455961, -0.789747), (0.206363, 0, -0.978476), (0.410365, -0.236023, -0.880849), (0.206363, -0.253248, -0.945135), (0.410365, -0.236023, -0.880849), (0.206363, 0, -0.978476), (0.410365, 0, -0.911922), (0.206363, -0.978476, 0), (0.410365, -0.880849, -0.236023), (0.410365, -0.911922, 0), (0.410365, -0.880849, -0.236023), (0.206363, -0.978476, 0), (0.206363, -0.945135, -0.253248), (0.410365, 0.644826, -0.644826), (0.206363, 0.847385, -0.489238), (0.410365, 0.789747, -0.455961), (0.206363, 0.847385, -0.489238), (0.410365, 0.644826, -0.644826), (0.206363, 0.691887, -0.691887), (0.410365, 0.880849, -0.236023), (0.206363, 0.978476, 0), (0.410365, 0.911922, 0), (0.206363, 0.978476, 0), (0.410365, 0.880849, -0.236023), (0.206363, 0.945135, -0.253248), (0.206363, -0.253248, -0.945135), (0.410365, -0.455961, -0.789747), (0.206363, -0.489238, -0.847385), (0.410365, -0.455961, -0.789747), (0.206363, -0.253248, -0.945135), (0.410365, -0.236023, -0.880849), (0.206363, -0.847385, -0.489238), (0.410365, -0.644826, -0.644826), (0.410365, -0.789747, -0.455961), (0.410365, -0.644826, -0.644826), (0.206363, -0.847385, -0.489238), (0.206363, -0.691887, -0.691887), (0.206363, 0.253248, -0.945135), (0.410365, 0, -0.911922), (0.206363, 0, -0.978476), (0.410365, 0, -0.911922), (0.206363, 0.253248, -0.945135), (0.410365, 0.236023, -0.880849), (1, 0, 0), (1, 0, 0), (1, 0, 0), (1, 0, 0), (1, 0, 0), (1, 0, 0), (1, 0, 0), (1, 0, 0), (1, 0, 0), (1, 0, 0), (1, 0, 0), (1, 0, 0), (1, 0, 0), (1, 0, 0), (1, 0, 0), (1, 0, 0), (1, 0, 0), (1, 0, 0), (1, 0, 0), (1, 0, 0), (1, 0, 0), (1, 0, 0), (1, 0, 0), (1, 0, 0), (1, 0, 0), (1, 0, 0), (1, 0, 0), (1, 0, 0), (1, 0, 0), (1, 0, 0), (1, 0, 0), (1, 0, 0), (1, 0, 0), (1, 0, 0), (1, 0, 0), (1, 0, 0), (1, 0, 0), (1, 0, 0), (1, 0, 0), (1, 0, 0), (1, 0, 0), (1, 0, 0), (1, 0, 0), (1, 0, 0), (1, 0, 0), (1, 0, 0), (1, 0, 0), (1, 0, 0), (1, 0, 0), (1, 0, 0), (1, 0, 0), (1, 0, 0), (1, 0, 0), (1, 0, 0), (1, 0, 0), (1, 0, 0), (1, 0, 0), (1, 0, 0), (1, 0, 0), (1, 0, 0), (1, 0, 0), (1, 0, 0), (1, 0, 0), (1, 0, 0), (1, 0, 0), (1, 0, 0), (0.206363, -0.945135, -0.253248), (0.410365, -0.789747, -0.455961), (0.410365, -0.880849, -0.236023), (0.410365, -0.789747, -0.455961), (0.206363, -0.945135, -0.253248), (0.206363, -0.847385, -0.489238), (0.410365, 0.455961, 0.789747), (0.206363, 0.253248, 0.945135), (0.410365, 0.236023, 0.880849), (0.206363, 0.253248, 0.945135), (0.410365, 0.455961, 0.789747), (0.206363, 0.489238, 0.847385), (-1, 0, 0), (-1, 0, 0), (-1, 0, 0), (-1, 0, 0), (-1, 0, 0), (-1, 0, 0), (-1, 0, 0), (-1, 0, 0), (-1, 0, 0), (-1, 0, 0), (-1, 0, 0), (-1, 0, 0), (-1, 0, 0), (-1, 0, 0), (-1, 0, 0), (-1, 0, 0), (-1, 0, 0), (-1, 0, 0), (-1, 0, 0), (-1, 0, 0), (-1, 0, 0), (-1, 0, 0), (-1, 0, 0), (-1, 0, 0), (-1, 0, 0), (-1, 0, 0), (-1, 0, 0), (-1, 0, 0), (-1, 0, 0), (-1, 0, 0), (-1, 0, 0), (-1, 0, 0), (-1, 0, 0), (-1, 0, 0), (-1, 0, 0), (-1, 0, 0), (-1, 0, 0), (-1, 0, 0), (-1, 0, 0), (-1, 0, 0), (-1, 0, 0), (-1, 0, 0), (-1, 0, 0), (-1, 0, 0), (-1, 0, 0), (-1, 0, 0), (-1, 0, 0), (-1, 0, 0), (-1, 0, 0), (-1, 0, 0), (-1, 0, 0), (-1, 0, 0), (-1, 0, 0), (-1, 0, 0), (-1, 0, 0), (-1, 0, 0), (-1, 0, 0), (-1, 0, 0), (-1, 0, 0), (-1, 0, 0), (-1, 0, 0), (-1, 0, 0), (-1, 0, 0), (-1, 0, 0), (-1, 0, 0), (-1, 0, 0), (-1, 0, 0), (-1, 0, 0), (-1, 0, 0), (-1, 0, 0), (-1, 0, 0), (-1, 0, 0), (-1, 0, 0), (-1, 0, 0), (-1, 0, 0), (-1, 0, 0), (-1, 0, 0), (-1, 0, 0), (-1, 0, 0), (-1, 0, 0), (-1, 0, 0), (-1, 0, 0), (-1, 0, 0), (-1, 0, 0), (-1, 0, 0), (-1, 0, 0), (-1, 0, 0), (-1, 0, 0), (-1, 0, 0), (-1, 0, 0), (-1, 0, 0), (-1, 0, 0), (-1, 0, 0), (-1, 0, 0), (-1, 0, 0), (-1, 0, 0), (-1, 0, 0), (-1, 0, 0), (-1, 0, 0), (-1, 0, 0), (-1, 0, 0), (-1, 0, 0), (-1, 0, 0), (-1, 0, 0), (-1, 0, 0), (-1, 0, 0), (-1, 0, 0), (-1, 0, 0), (-1, 0, 0), (-1, 0, 0), (-1, 0, 0), (-1, 0, 0), (-1, 0, 0), (-1, 0, 0), (-1, 0, 0), (-1, 0, 0), (-1, 0, 0), (-1, 0, 0), (-1, 0, 0), (-1, 0, 0), (-1, 0, 0), (-1, 0, 0), (-1, 0, 0), (-1, 0, 0), (-1, 0, 0), (-1, 0, 0), (-1, 0, 0), (-1, 0, 0), (-1, 0, 0), (-1, 0, 0), (-1, 0, 0), (-1, 0, 0), (-1, 0, 0), (-1, 0, 0), (-1, 0, 0), (-1, 0, 0), (-1, 0, 0), (-1, 0, 0), (-1, 0, 0), (-1, 0, 0), (-1, 0, 0), (-1, 0, 0), (-1, 0, 0), (-1, 0, 0), (-1, 0, -6.66134e-16), (-1, 0, -6.66134e-16), (-1, 0, -6.66134e-16), (-1, 0, -6.66134e-16), (-1, 0, -6.66134e-16), (-1, 0, -6.66134e-16), (-1, 0, -6.66134e-16), (-1, 0, -6.66134e-16), (-1, 0, -6.66134e-16), (-1, 0, -6.66134e-16), (-1, 0, -6.66134e-16), (-1, 0, -6.66134e-16), (-1, 0, -6.66134e-16), (-1, 0, -6.66134e-16), (-1, 0, -6.66134e-16), (-1, 0, -6.66134e-16), (-1, 0, -6.66134e-16), (-1, 0, -6.66134e-16), (-1, 0, -6.66134e-16), (-1, 0, -6.66134e-16), (-1, 0, -6.66134e-16), (-1, 0, -6.66134e-16), (-1, 0, -6.66134e-16), (-1, 0, -6.66134e-16), (-1, 0, -6.66134e-16), (-1, 0, -6.66134e-16), (-1, 0, -6.66134e-16), (-1, 0, -6.66134e-16), (-1, 0, -6.66134e-16), (-1, 0, -6.66134e-16), (-1, 0, -6.66134e-16), (-1, 0, -6.66134e-16), (-1, 0, -6.66134e-16), (-1, 0, -6.66134e-16), (-1, 0, -6.66134e-16), (-1, 0, -6.66134e-16), (-1, 0, -6.66134e-16), (-1, 0, -6.66134e-16), (-1, 0, -6.66134e-16), (-1, 0, -6.66134e-16), (-1, 0, -6.66134e-16), (-1, 0, -6.66134e-16), (-1, 0, -6.66134e-16), (-1, 0, -6.66134e-16), (-1, 0, -6.66134e-16), (-1, 0, -6.66134e-16), (-1, 0, -6.66134e-16), (-1, 0, -6.66134e-16), (-1, 0, -6.66134e-16), (-1, 0, -6.66134e-16), (-1, 0, -6.66134e-16), (-1, 0, -6.66134e-16), (-1, 0, -6.66134e-16), (-1, 0, -6.66134e-16), (-1, 0, -6.66134e-16), (-1, 0, -6.66134e-16), (-1, 0, -6.66134e-16), (-1, 0, -6.66134e-16), (-1, 0, -6.66134e-16), (-1, 0, -6.66134e-16), (-1, 0, -6.66134e-16), (-1, 0, -6.66134e-16), (-1, 0, -6.66134e-16), (-1, 0, -6.66134e-16), (-1, 0, -6.66134e-16), (-1, 0, -6.66134e-16), (-1, 0, -6.66134e-16), (-1, 0, -6.66134e-16), (-1, 0, -6.66134e-16), (-1, 0, -6.66134e-16), (-1, 0, -6.66134e-16), (-1, 0, -6.66134e-16), (-1, 0, -6.66134e-16), (-1, 0, -6.66134e-16), (-1, 0, -6.66134e-16), (-1, 0, -6.66134e-16), (-1, 0, -6.66134e-16), (-1, 0, -6.66134e-16), (-1, 0, -6.66134e-16), (-1, 0, -6.66134e-16), (-1, 0, -6.66134e-16), (-1, 0, -6.66134e-16), (-1, 0, -6.66134e-16), (-1, 0, -6.66134e-16), (-1, 0, -6.66134e-16), (-1, 0, -6.66134e-16), (-1, 0, -6.66134e-16), (-1, 0, -6.66134e-16), (-1, 0, -6.66134e-16), (-1, 0, -6.66134e-16), (-1, 0, -6.66134e-16), (-1, 0, -6.66134e-16), (-1, 0, -6.66134e-16), (-1, 0, -6.66134e-16), (-1, 0, -6.66134e-16), (-1, 0, -6.66134e-16), (-1, 0, -6.66134e-16), (-1, 0, -6.66134e-16), (-1, 0, -6.66134e-16), (-1, 0, -6.66134e-16), (-1, 0, -6.66134e-16), (-1, 0, -6.66134e-16), (-1, 0, -6.66134e-16), (-1, 0, -6.66134e-16), (-1, 0, -6.66134e-16), (-1, 0, -6.66134e-16), (-1, 0, -6.66134e-16), (-1, 0, -6.66134e-16), (-1, 0, -6.66134e-16), (-1, 0, -6.66134e-16), (-1, 0, -6.66134e-16), (-1, 0, -6.66134e-16), (-1, 0, -6.66134e-16), (-1, 0, -6.66134e-16), (-1, 0, -6.66134e-16), (-1, 0, -6.66134e-16), (-1, 0, -6.66134e-16), (-1, 0, -6.66134e-16), (-1, 0, -6.66134e-16), (-1, 0, -6.66134e-16), (-1, 0, -6.66134e-16), (-1, 0, -6.66134e-16), (-1, 0, -6.66134e-16), (-1, 0, -6.66134e-16), (-1, 0, -6.66134e-16), (-1, 0, -6.66134e-16), (-1, 0, -6.66134e-16), (-1, 0, -6.66134e-16), (-1, 0, -6.66134e-16), (-1, 0, -6.66134e-16), (-1, 0, -6.66134e-16), (-1, 0, -6.66134e-16), (-1, 0, -6.66134e-16), (-1, 0, -6.66134e-16), (-1, 0, -6.66134e-16), (-1, 0, -6.66134e-16), (-1, 0, -6.66134e-16), (-1, 0, -6.66134e-16), (-1, 0, -6.66134e-16), (-1, 0, -6.66134e-16), (-1, 0, -6.66134e-16), (-1, 0, -6.66134e-16), (-1, 0, -6.66134e-16), (-1, 0, -6.66134e-16), (-0.516, -0.827401, -0.221701), (-0.516, -0.856588, 0), (-0.516, -0.827401, -0.221701), (-0.516, -0.856588, 0), (-0.516, -0.827401, -0.221701), (-0.516, -0.856588, 0), (-0.516, 0.827401, -0.221701), (-0.516, 0.741827, -0.428294), (-0.516, 0.827401, -0.221701), (-0.516, 0.741827, -0.428294), (-0.516, 0.827401, -0.221701), (-0.516, 0.741827, -0.428294), (-0.516, 0.605699, 0.605699), (-0.516, 0.741827, 0.428294), (-0.516, 0.605699, 0.605699), (-0.516, 0.741827, 0.428294), (-0.516, 0.605699, 0.605699), (-0.516, 0.741827, 0.428294), (-0.516, 0, -0.856588), (-0.516, 0.221701, -0.827401), (-0.516, 0.221701, -0.827401), (-0.516, 0.221701, -0.827401), (-0.516, 0, -0.856588), (-0.516, 0, -0.856588), (-0.516, 0.856588, 0), (-0.516, 0.827401, -0.221701), (-0.516, 0.827401, -0.221701), (-0.516, 0.827401, -0.221701), (-0.516, 0.856588, 0), (-0.516, 0.856588, 0), (-0.516, -0.428294, 0.741827), (-0.516, -0.221701, 0.827401), (-0.516, -0.221701, 0.827401), (-0.516, -0.221701, 0.827401), (-0.516, -0.428294, 0.741827), (-0.516, -0.428294, 0.741827), (-0.516, 0, -0.856588), (-0.516, -0.221701, -0.827401), (-0.516, 0, -0.856588), (-0.516, -0.221701, -0.827401), (-0.516, 0, -0.856588), (-0.516, -0.221701, -0.827401), (-0.516, 0.741827, -0.428294), (-0.516, 0.605699, -0.605699), (-0.516, 0.741827, -0.428294), (-0.516, 0.605699, -0.605699), (-0.516, 0.741827, -0.428294), (-0.516, 0.605699, -0.605699), (-0.516, -0.221701, 0.827401), (-0.516, 0, 0.856588), (-0.516, 0, 0.856588), (-0.516, 0, 0.856588), (-0.516, -0.221701, 0.827401), (-0.516, -0.221701, 0.827401), (-0.516, 0.827401, 0.221701), (-0.516, 0.856588, 0), (-0.516, 0.827401, 0.221701), (-0.516, 0.856588, 0), (-0.516, 0.827401, 0.221701), (-0.516, 0.856588, 0), (-0.516, 0.428294, 0.741827), (-0.516, 0.221701, 0.827401), (-0.516, 0.428294, 0.741827), (-0.516, 0.221701, 0.827401), (-0.516, 0.428294, 0.741827), (-0.516, 0.221701, 0.827401), (-0.516, -0.605699, -0.605699), (-0.516, -0.741827, -0.428294), (-0.516, -0.605699, -0.605699), (-0.516, -0.741827, -0.428294), (-0.516, -0.605699, -0.605699), (-0.516, -0.741827, -0.428294), (-0.516, 0.741827, 0.428294), (-0.516, 0.827401, 0.221701), (-0.516, 0.827401, 0.221701), (-0.516, 0.827401, 0.221701), (-0.516, 0.741827, 0.428294), (-0.516, 0.741827, 0.428294), (-0.516, -0.741827, -0.428294), (-0.516, -0.827401, -0.221701), (-0.516, -0.741827, -0.428294), (-0.516, -0.827401, -0.221701), (-0.516, -0.741827, -0.428294), (-0.516, -0.827401, -0.221701), (-0.516, -0.605699, 0.605699), (-0.516, -0.428294, 0.741827), (-0.516, -0.428294, 0.741827), (-0.516, -0.428294, 0.741827), (-0.516, -0.605699, 0.605699), (-0.516, -0.605699, 0.605699), (-0.516, 0.221701, -0.827401), (-0.516, 0.428294, -0.741827), (-0.516, 0.428294, -0.741827), (-0.516, 0.428294, -0.741827), (-0.516, 0.221701, -0.827401), (-0.516, 0.221701, -0.827401), (-1, 0, 0), (-1, 0, 0), (-1, 0, 0), (-1, 0, 0), (-1, 0, 0), (-1, 0, 0), (-1, 0, 0), (-1, 0, 0), (-1, 0, 0), (-1, 0, 0), (-1, 0, 0), (-1, 0, 0), (-1, 0, 0), (-1, 0, 0), (-1, 0, 0), (-1, 0, 0), (-1, 0, 0), (-1, 0, 0), (-1, 0, 0), (-1, 0, 0), (-1, 0, 0), (-1, 0, 0), (-1, 0, 0), (-1, 0, 0), (-1, 0, 0), (-1, 0, 0), (-1, 0, 0), (-1, 0, 0), (-1, 0, 0), (-1, 0, 0), (-1, 0, 0), (-1, 0, 0), (-1, 0, 0), (-1, 0, 0), (-1, 0, 0), (-1, 0, 0), (-1, 0, 0), (-1, 0, 0), (-1, 0, 0), (-1, 0, 0), (-1, 0, 0), (-1, 0, 0), (-1, 0, 0), (-1, 0, 0), (-1, 0, 0), (-1, 0, 0), (-1, 0, 0), (-1, 0, 0), (-1, 0, 0), (-1, 0, 0), (-1, 0, 0), (-1, 0, 0), (-1, 0, 0), (-1, 0, 0), (-1, 0, 0), (-1, 0, 0), (-1, 0, 0), (-1, 0, 0), (-1, 0, 0), (-1, 0, 0), (-1, 0, 0), (-1, 0, 0), (-1, 0, 0), (-1, 0, 0), (-1, 0, 0), (-1, 0, 0), (-0.516, -0.856588, 0), (-0.516, -0.827401, 0.221701), (-0.516, -0.856588, 0), (-0.516, -0.827401, 0.221701), (-0.516, -0.856588, 0), (-0.516, -0.827401, 0.221701), (-0.516, -0.741827, 0.428294), (-0.516, -0.605699, 0.605699), (-0.516, -0.741827, 0.428294), (-0.516, -0.605699, 0.605699), (-0.516, -0.741827, 0.428294), (-0.516, -0.605699, 0.605699), (-0.516, -0.827401, 0.221701), (-0.516, -0.741827, 0.428294), (-0.516, -0.827401, 0.221701), (-0.516, -0.741827, 0.428294), (-0.516, -0.827401, 0.221701), (-0.516, -0.741827, 0.428294), (-0.516, 0.605699, 0.605699), (-0.516, 0.428294, 0.741827), (-0.516, 0.605699, 0.605699), (-0.516, 0.428294, 0.741827), (-0.516, 0.605699, 0.605699), (-0.516, 0.428294, 0.741827), (-0.516, -0.428294, -0.741827), (-0.516, -0.605699, -0.605699), (-0.516, -0.428294, -0.741827), (-0.516, -0.605699, -0.605699), (-0.516, -0.428294, -0.741827), (-0.516, -0.605699, -0.605699), (-0.516, 0.428294, -0.741827), (-0.516, 0.605699, -0.605699), (-0.516, 0.605699, -0.605699), (-0.516, 0.605699, -0.605699), (-0.516, 0.428294, -0.741827), (-0.516, 0.428294, -0.741827), (-0.516, 0.221701, 0.827401), (-0.516, 0, 0.856588), (-0.516, 0.221701, 0.827401), (-0.516, 0, 0.856588), (-0.516, 0.221701, 0.827401), (-0.516, 0, 0.856588), (-0.516, -0.221701, -0.827401), (-0.516, -0.428294, -0.741827), (-0.516, -0.221701, -0.827401), (-0.516, -0.428294, -0.741827), (-0.516, -0.221701, -0.827401), (-0.516, -0.428294, -0.741827)] (interpolation = "faceVarying")
        texCoord2f[] primvars:st = [(0.34375, 0.416421), (0.34375, 0.448205), (0.34375, 0.448205), (0.34375, 0.448205), (0.34375, 0.416421), (0.34375, 0.416421), (0.34375, 0.318999), (0.34375, 0.275), (0.34375, 0.275), (0.34375, 0.275), (0.34375, 0.318999), (0.34375, 0.326764), (0.34375, 0.275), (0.34375, 0.275), (0.34375, 0.275), (0.34375, 0.275), (0.34375, 0.275), (0.34375, 0.275), (0.34375, 0.395208), (0.34375, 0.375), (0.34375, 0.36), (0.34375, 0.375), (0.34375, 0.395208), (0.34375, 0.416421), (0.34375, 0.275), (0.34375, 0.275), (0.34375, 0.275), (0.34375, 0.275), (0.34375, 0.275), (0.34375, 0.275), (0.34375, 0.275), (0.34375, 0.275), (0.34375, 0.275), (0.34375, 0.275), (0.34375, 0.275), (0.34375, 0.275), (0.34375, 0.416421), (0.34375, 0.422224), (0.34375, 0.448205), (0.34375, 0.422224), (0.34375, 0.416421), (0.34375, 0.395208), (0.34375, 0.275), (0.34375, 0.275), (0.34375, 0.275), (0.34375, 0.275), (0.34375, 0.275), (0.34375, 0.275), (0.34375, 0.275), (0.34375, 0.275), (0.34375, 0.275), (0.34375, 0.275), (0.34375, 0.275), (0.34375, 0.275), (0.34375, 0.468185), (0.34375, 0.422224), (0.34375, 0.448205), (0.34375, 0.422224), (0.34375, 0.468185), (0.34375, 0.439207), (0.34375, 0.448205), (0.34375, 0.395208), (0.34375, 0.416421), (0.34375, 0.395208), (0.34375, 0.448205), (0.34375, 0.422224), (0.34375, 0.275), (0.34375, 0.275), (0.34375, 0.275), (0.34375, 0.275), (0.34375, 0.275), (0.34375, 0.275), (0.34375, 0.375), (0.34375, 0.326764), (0.34375, 0.326764), (0.34375, 0.326764), (0.34375, 0.375), (0.34375, 0.375), (0.34375, 0.448205), (0.34375, 0.439207), (0.34375, 0.468185), (0.34375, 0.439207), (0.34375, 0.448205), (0.34375, 0.422224), (0.34375, 0.275), (0.34375, 0.275), (0.34375, 0.275), (0.34375, 0.275), (0.34375, 0.275), (0.34375, 0.275), (0.34375, 0.416421), (0.34375, 0.375), (0.34375, 0.375), (0.34375, 0.375), (0.34375, 0.416421), (0.34375, 0.416421), (0.34375, 0.275), (0.34375, 0.275), (0.34375, 0.275), (0.34375, 0.275), (0.34375, 0.275), (0.34375, 0.275), (0.34375, 0.468185), (0.34375, 0.475), (0.34375, 0.475), (0.34375, 0.475), (0.34375, 0.468185), (0.34375, 0.468185), (0.34375, 0.275), (0.34375, 0.275), (0.34375, 0.275), (0.34375, 0.275), (0.34375, 0.275), (0.34375, 0.275), (0.34375, 0.275), (0.34375, 0.275), (0.34375, 0.275), (0.34375, 0.275), (0.34375, 0.275), (0.34375, 0.275), (0.34375, 0.275), (0.34375, 0.275), (0.34375, 0.275), (0.34375, 0.275), (0.34375, 0.275), (0.34375, 0.275), (0.34375, 0.275), (0.34375, 0.275), (0.34375, 0.275), (0.34375, 0.275), (0.34375, 0.275), (0.34375, 0.275), (0.34375, 0.275), (0.34375, 0.275), (0.34375, 0.275), (0.34375, 0.275), (0.34375, 0.275), (0.34375, 0.275), (0.34375, 0.275), (0.34375, 0.275), (0.34375, 0.275), (0.34375, 0.275), (0.34375, 0.275), (0.34375, 0.275), (0.34375, 0.375), (0.34375, 0.395208), (0.34375, 0.36), (0.34375, 0.395208), (0.34375, 0.375), (0.34375, 0.416421), (0.34375, 0.275), (0.34375, 0.275), (0.34375, 0.275), (0.34375, 0.275), (0.34375, 0.275), (0.34375, 0.275), (0.34375, 0.448205), (0.34375, 0.468185), (0.34375, 0.468185), (0.34375, 0.468185), (0.34375, 0.448205), (0.34375, 0.448205), (0.34375, 0.475), (0.34375, 0.439207), (0.34375, 0.468185), (0.34375, 0.439207), (0.34375, 0.475), (0.34375, 0.445), (0.34375, 0.326764), (0.34375, 0.36), (0.34375, 0.318999), (0.34375, 0.36), (0.34375, 0.326764), (0.34375, 0.375), (0.34375, 0.468185), (0.34375, 0.445), (0.34375, 0.475), (0.34375, 0.445), (0.34375, 0.468185), (0.34375, 0.439207), (0.34375, 0.416421), (0.34375, 0.375), (0.34375, 0.375), (0.34375, 0.375), (0.34375, 0.416421), (0.34375, 0.416421), (0.34375, 0.326764), (0.34375, 0.275), (0.34375, 0.275), (0.34375, 0.275), (0.34375, 0.326764), (0.34375, 0.326764), (0.34375, 0.36), (0.34375, 0.326764), (0.34375, 0.318999), (0.34375, 0.326764), (0.34375, 0.36), (0.34375, 0.375), (0.34375, 0.326764), (0.34375, 0.275), (0.34375, 0.275), (0.34375, 0.275), (0.34375, 0.326764), (0.34375, 0.318999), (0.34375, 0.448205), (0.34375, 0.416421), (0.34375, 0.416421), (0.34375, 0.416421), (0.34375, 0.448205), (0.34375, 0.448205), (0.34375, 0.326764), (0.34375, 0.275), (0.34375, 0.275), (0.34375, 0.275), (0.34375, 0.326764), (0.34375, 0.326764), (0.34375, 0.275), (0.34375, 0.275), (0.34375, 0.275), (0.34375, 0.275), (0.34375, 0.275), (0.34375, 0.275), (0.34375, 0.275), (0.34375, 0.275), (0.34375, 0.275), (0.34375, 0.275), (0.34375, 0.275), (0.34375, 0.275), (0.34375, 0.422224), (0.34375, 0.468185), (0.34375, 0.439207), (0.34375, 0.468185), (0.34375, 0.422224), (0.34375, 0.448205), (0.34375, 0.275), (0.34375, 0.275), (0.34375, 0.275), (0.34375, 0.275), (0.34375, 0.275), (0.34375, 0.275), (0.34375, 0.375), (0.34375, 0.326764), (0.34375, 0.326764), (0.34375, 0.326764), (0.34375, 0.375), (0.34375, 0.375), (0.34375, 0.275), (0.34375, 0.275), (0.34375, 0.275), (0.34375, 0.275), (0.34375, 0.275), (0.34375, 0.275), (0.34375, 0.275), (0.34375, 0.275), (0.34375, 0.275), (0.34375, 0.275), (0.34375, 0.275), (0.34375, 0.275), (0.34375, 0.275), (0.34375, 0.275), (0.34375, 0.275), (0.34375, 0.275), (0.34375, 0.275), (0.34375, 0.275), (0.34375, 0.275), (0.34375, 0.275), (0.34375, 0.275), (0.34375, 0.275), (0.34375, 0.275), (0.34375, 0.275), (0.34375, 0.468185), (0.34375, 0.448205), (0.34375, 0.448205), (0.34375, 0.448205), (0.34375, 0.468185), (0.34375, 0.468185), (0.34375, 0.275), (0.34375, 0.275), (0.34375, 0.275), (0.34375, 0.275), (0.34375, 0.275), (0.34375, 0.275), (0.34375, 0.275), (0.34375, 0.275), (0.34375, 0.275), (0.34375, 0.275), (0.34375, 0.275), (0.34375, 0.275), (0.34375, 0.475), (0.34375, 0.468185), (0.34375, 0.468185), (0.34375, 0.468185), (0.34375, 0.475), (0.34375, 0.475), (0.34375, 0.422224), (0.34375, 0.416421), (0.34375, 0.395208), (0.34375, 0.416421), (0.34375, 0.422224), (0.34375, 0.448205), (0.34375, 0.275), (0.34375, 0.275), (0.34375, 0.275), (0.34375, 0.275), (0.34375, 0.275), (0.34375, 0.275), (0.34375, 0.445), (0.34375, 0.468185), (0.34375, 0.439207), (0.34375, 0.468185), (0.34375, 0.445), (0.34375, 0.475), (0.34375, 0.439207), (0.34375, 0.448205), (0.34375, 0.422224), (0.34375, 0.448205), (0.34375, 0.439207), (0.34375, 0.468185), (0.34375, 0.326764), (0.34375, 0.36), (0.34375, 0.318999), (0.34375, 0.36), (0.34375, 0.326764), (0.34375, 0.375), (0.34375, 0.318999), (0.34375, 0.275), (0.34375, 0.275), (0.34375, 0.275), (0.34375, 0.318999), (0.34375, 0.326764), (0.34375, 0.275), (0.34375, 0.275), (0.34375, 0.275), (0.34375, 0.275), (0.34375, 0.275), (0.34375, 0.275), (0.34375, 0.395208), (0.34375, 0.375), (0.34375, 0.36), (0.34375, 0.375), (0.34375, 0.395208), (0.34375, 0.416421), (0.34375, 0.275), (0.34375, 0.275), (0.34375, 0.275), (0.34375, 0.275), (0.34375, 0.275), (0.34375, 0.275), (0.34375, 0.275), (0.34375, 0.275), (0.34375, 0.275), (0.34375, 0.275), (0.34375, 0.275), (0.34375, 0.275), (0.34375, 0.275), (0.34375, 0.275), (0.34375, 0.275), (0.34375, 0.275), (0.34375, 0.275), (0.34375, 0.275), (0.34375, 0.275), (0.34375, 0.275), (0.34375, 0.275), (0.34375, 0.275), (0.34375, 0.275), (0.34375, 0.275), (0.34375, 0.375), (0.34375, 0.395208), (0.34375, 0.36), (0.34375, 0.395208), (0.34375, 0.375), (0.34375, 0.416421), (0.34375, 0.275), (0.34375, 0.275), (0.34375, 0.275), (0.34375, 0.275), (0.34375, 0.275), (0.34375, 0.275), (0.34375, 0.275), (0.34375, 0.275), (0.34375, 0.275), (0.34375, 0.275), (0.34375, 0.275), (0.34375, 0.275), (0.34375, 0.275), (0.34375, 0.275), (0.34375, 0.275), (0.34375, 0.275), (0.34375, 0.275), (0.34375, 0.275), (0.34375, 0.395208), (0.34375, 0.448205), (0.34375, 0.422224), (0.34375, 0.448205), (0.34375, 0.395208), (0.34375, 0.416421), (0.34375, 0.439207), (0.34375, 0.475), (0.34375, 0.445), (0.34375, 0.475), (0.34375, 0.439207), (0.34375, 0.468185), (0.34375, 0.275), (0.34375, 0.275), (0.34375, 0.275), (0.34375, 0.275), (0.34375, 0.275), (0.34375, 0.275), (0.34375, 0.275), (0.34375, 0.275), (0.34375, 0.275), (0.34375, 0.275), (0.34375, 0.275), (0.34375, 0.275), (0.34375, 0.326764), (0.34375, 0.275), (0.34375, 0.275), (0.34375, 0.275), (0.34375, 0.326764), (0.34375, 0.318999), (0.34375, 0.318999), (0.34375, 0.275), (0.34375, 0.275), (0.34375, 0.275), (0.34375, 0.318999), (0.34375, 0.275), (0.34375, 0.275), (0.34375, 0.318999), (0.34375, 0.36), (0.34375, 0.275), (0.34375, 0.36), (0.34375, 0.395208), (0.34375, 0.275), (0.34375, 0.395208), (0.34375, 0.275), (0.34375, 0.275), (0.34375, 0.395208), (0.34375, 0.422224), (0.34375, 0.275), (0.34375, 0.422224), (0.34375, 0.275), (0.34375, 0.275), (0.34375, 0.422224), (0.34375, 0.439207), (0.34375, 0.275), (0.34375, 0.439207), (0.34375, 0.275), (0.34375, 0.275), (0.34375, 0.439207), (0.34375, 0.445), (0.34375, 0.275), (0.34375, 0.445), (0.34375, 0.275), (0.34375, 0.275), (0.34375, 0.445), (0.34375, 0.439207), (0.34375, 0.275), (0.34375, 0.439207), (0.34375, 0.275), (0.34375, 0.275), (0.34375, 0.439207), (0.34375, 0.422224), (0.34375, 0.275), (0.34375, 0.422224), (0.34375, 0.275), (0.34375, 0.275), (0.34375, 0.422224), (0.34375, 0.395208), (0.34375, 0.275), (0.34375, 0.395208), (0.34375, 0.275), (0.34375, 0.275), (0.34375, 0.395208), (0.34375, 0.36), (0.34375, 0.275), (0.34375, 0.36), (0.34375, 0.275), (0.34375, 0.275), (0.34375, 0.36), (0.34375, 0.318999), (0.34375, 0.275), (0.34375, 0.318999), (0.34375, 0.275), (0.34375, 0.275), (0.34375, 0.318999), (0.34375, 0.275), (0.34375, 0.275), (0.34375, 0.275), (0.34375, 0.275), (0.34375, 0.275), (0.34375, 0.275), (0.34375, 0.275), (0.34375, 0.36), (0.34375, 0.326764), (0.34375, 0.318999), (0.34375, 0.326764), (0.34375, 0.36), (0.34375, 0.375), (0.34375, 0.275), (0.34375, 0.318999), (0.34375, 0.275), (0.34375, 0.318999), (0.34375, 0.275), (0.34375, 0.275), (0.34375, 0.318999), (0.34375, 0.275), (0.34375, 0.36), (0.34375, 0.36), (0.34375, 0.275), (0.34375, 0.275), (0.34375, 0.36), (0.34375, 0.275), (0.34375, 0.275), (0.34375, 0.275), (0.34375, 0.395208), (0.34375, 0.36), (0.34375, 0.275), (0.34375, 0.275), (0.34375, 0.275), (0.34375, 0.395208), (0.34375, 0.275), (0.34375, 0.306294), (0.34375, 0.275), (0.34375, 0.275), (0.34375, 0.275), (0.34375, 0.395208), (0.34375, 0.306294), (0.34375, 0.422224), (0.34375, 0.275), (0.34375, 0.275), (0.34375, 0.275), (0.34375, 0.275), (0.34375, 0.275), (0.34375, 0.275), (0.34375, 0.275), (0.34375, 0.275), (0.34375, 0.275), (0.34375, 0.275), (0.34375, 0.275), (0.34375, 0.275), (0.34375, 0.275), (0.34375, 0.275), (0.34375, 0.275), (0.34375, 0.275), (0.34375, 0.275), (0.34375, 0.275), (0.34375, 0.275), (0.34375, 0.275), (0.34375, 0.275), (0.34375, 0.422224), (0.34375, 0.306294), (0.34375, 0.335456), (0.34375, 0.422224), (0.34375, 0.335456), (0.34375, 0.360498), (0.34375, 0.422224), (0.34375, 0.360498), (0.34375, 0.379713), (0.34375, 0.422224), (0.34375, 0.379713), (0.34375, 0.439207), (0.34375, 0.439207), (0.34375, 0.379713), (0.34375, 0.391792), (0.34375, 0.275), (0.34375, 0.275), (0.34375, 0.275), (0.34375, 0.275), (0.34375, 0.275), (0.34375, 0.275), (0.34375, 0.275), (0.34375, 0.275), (0.34375, 0.275), (0.34375, 0.275), (0.34375, 0.275), (0.34375, 0.275), (0.34375, 0.275), (0.34375, 0.275), (0.34375, 0.275), (0.34375, 0.439207), (0.34375, 0.391792), (0.34375, 0.445), (0.34375, 0.445), (0.34375, 0.391792), (0.34375, 0.395912), (0.34375, 0.445), (0.34375, 0.395912), (0.34375, 0.391792), (0.34375, 0.445), (0.34375, 0.391792), (0.34375, 0.439207), (0.34375, 0.439207), (0.34375, 0.391792), (0.34375, 0.379713), (0.34375, 0.439207), (0.34375, 0.379713), (0.34375, 0.422224), (0.34375, 0.422224), (0.34375, 0.379713), (0.34375, 0.360498), (0.34375, 0.275), (0.34375, 0.275), (0.34375, 0.275), (0.34375, 0.422224), (0.34375, 0.360498), (0.34375, 0.395208), (0.34375, 0.275), (0.34375, 0.275), (0.34375, 0.275), (0.34375, 0.275), (0.34375, 0.275), (0.34375, 0.275), (0.34375, 0.395208), (0.34375, 0.360498), (0.34375, 0.335456), (0.34375, 0.395208), (0.34375, 0.335456), (0.34375, 0.306294), (0.34375, 0.275), (0.34375, 0.275), (0.34375, 0.275), (0.34375, 0.395208), (0.34375, 0.306294), (0.34375, 0.275), (0.34375, 0.275), (0.34375, 0.275), (0.34375, 0.275), (0.34375, 0.395208), (0.34375, 0.275), (0.34375, 0.36), (0.34375, 0.36), (0.34375, 0.275), (0.34375, 0.275), (0.34375, 0.36), (0.34375, 0.275), (0.34375, 0.275), (0.34375, 0.36), (0.34375, 0.275), (0.34375, 0.318999), (0.34375, 0.318999), (0.34375, 0.275), (0.34375, 0.275), (0.71875, 0.400882), (0.71875, 0.349118), (0.71875, 0.375), (0.71875, 0.349118), (0.71875, 0.400882), (0.71875, 0.425), (0.71875, 0.349118), (0.71875, 0.425), (0.71875, 0.325), (0.71875, 0.325), (0.71875, 0.425), (0.71875, 0.445711), (0.71875, 0.325), (0.71875, 0.445711), (0.71875, 0.304289), (0.71875, 0.304289), (0.71875, 0.445711), (0.71875, 0.375), (0.71875, 0.445711), (0.71875, 0.392193), (0.71875, 0.375), (0.71875, 0.304289), (0.71875, 0.375), (0.71875, 0.357807), (0.71875, 0.392193), (0.71875, 0.445711), (0.71875, 0.461603), (0.71875, 0.392193), (0.71875, 0.461603), (0.71875, 0.408214), (0.71875, 0.408214), (0.71875, 0.461603), (0.71875, 0.421971), (0.71875, 0.304289), (0.71875, 0.357807), (0.71875, 0.288397), (0.71875, 0.288397), (0.71875, 0.357807), (0.71875, 0.341786), (0.71875, 0.288397), (0.71875, 0.341786), (0.71875, 0.328029), (0.71875, 0.421971), (0.71875, 0.461603), (0.71875, 0.471593), (0.71875, 0.421971), (0.71875, 0.471593), (0.71875, 0.432528), (0.71875, 0.432528), (0.71875, 0.471593), (0.71875, 0.439164), (0.71875, 0.439164), (0.71875, 0.471593), (0.71875, 0.475), (0.71875, 0.439164), (0.71875, 0.475), (0.71875, 0.441427), (0.71875, 0.288397), (0.71875, 0.328029), (0.71875, 0.278407), (0.71875, 0.278407), (0.71875, 0.328029), (0.71875, 0.317472), (0.71875, 0.278407), (0.71875, 0.317472), (0.71875, 0.310836), (0.71875, 0.441427), (0.71875, 0.475), (0.71875, 0.471593), (0.71875, 0.441427), (0.71875, 0.471593), (0.71875, 0.439164), (0.71875, 0.439164), (0.71875, 0.471593), (0.71875, 0.432528), (0.71875, 0.278407), (0.71875, 0.310836), (0.71875, 0.275), (0.71875, 0.275), (0.71875, 0.310836), (0.71875, 0.308573), (0.71875, 0.275), (0.71875, 0.308573), (0.71875, 0.310836), (0.71875, 0.275), (0.71875, 0.310836), (0.71875, 0.278407), (0.71875, 0.278407), (0.71875, 0.310836), (0.71875, 0.317472), (0.71875, 0.432528), (0.71875, 0.471593), (0.71875, 0.461603), (0.71875, 0.432528), (0.71875, 0.461603), (0.71875, 0.421971), (0.71875, 0.421971), (0.71875, 0.461603), (0.71875, 0.408214), (0.71875, 0.278407), (0.71875, 0.317472), (0.71875, 0.288397), (0.71875, 0.288397), (0.71875, 0.317472), (0.71875, 0.328029), (0.71875, 0.288397), (0.71875, 0.328029), (0.71875, 0.341786), (0.71875, 0.408214), (0.71875, 0.461603), (0.71875, 0.445711), (0.71875, 0.288397), (0.71875, 0.341786), (0.71875, 0.304289), (0.71875, 0.408214), (0.71875, 0.445711), (0.71875, 0.392193), (0.71875, 0.304289), (0.71875, 0.341786), (0.71875, 0.357807), (0.71875, 0.392193), (0.71875, 0.445711), (0.71875, 0.375), (0.71875, 0.304289), (0.71875, 0.357807), (0.71875, 0.375), (0.71875, 0.304289), (0.71875, 0.375), (0.71875, 0.445711), (0.71875, 0.304289), (0.71875, 0.445711), (0.71875, 0.425), (0.71875, 0.304289), (0.71875, 0.425), (0.71875, 0.325), (0.71875, 0.325), (0.71875, 0.425), (0.71875, 0.400882), (0.71875, 0.325), (0.71875, 0.400882), (0.71875, 0.349118), (0.71875, 0.349118), (0.71875, 0.400882), (0.71875, 0.375), (0.71875, 0.353637), (0.71875, 0.345), (0.71875, 0.343978), (0.71875, 0.345), (0.71875, 0.353637), (0.71875, 0.355), (0.71875, 0.276363), (0.71875, 0.289019), (0.71875, 0.286022), (0.71875, 0.289019), (0.71875, 0.276363), (0.71875, 0.280359), (0.71875, 0.286716), (0.71875, 0.289019), (0.71875, 0.293787), (0.71875, 0.289019), (0.71875, 0.286716), (0.71875, 0.280359), (0.71875, 0.315), (0.71875, 0.307235), (0.71875, 0.304647), (0.71875, 0.307235), (0.71875, 0.315), (0.71875, 0.315), (0.71875, 0.285), (0.71875, 0.276363), (0.71875, 0.286022), (0.71875, 0.276363), (0.71875, 0.285), (0.71875, 0.275), (0.71875, 0.33), (0.71875, 0.325353), (0.71875, 0.322765), (0.71875, 0.325353), (0.71875, 0.33), (0.71875, 0.335), (0.71875, 0.315), (0.71875, 0.322765), (0.71875, 0.315), (0.71875, 0.322765), (0.71875, 0.315), (0.71875, 0.325353), (0.71875, 0.280359), (0.71875, 0.293787), (0.71875, 0.289019), (0.71875, 0.293787), (0.71875, 0.280359), (0.71875, 0.286716), (0.71875, 0.322765), (0.71875, 0.315), (0.71875, 0.315), (0.71875, 0.315), (0.71875, 0.322765), (0.71875, 0.325353), (0.71875, 0.276363), (0.71875, 0.285), (0.71875, 0.286022), (0.71875, 0.285), (0.71875, 0.276363), (0.71875, 0.275), (0.71875, 0.3), (0.71875, 0.304647), (0.71875, 0.295), (0.71875, 0.304647), (0.71875, 0.3), (0.71875, 0.307235), (0.71875, 0.343284), (0.71875, 0.340981), (0.71875, 0.336213), (0.71875, 0.340981), (0.71875, 0.343284), (0.71875, 0.349641), (0.71875, 0.289019), (0.71875, 0.276363), (0.71875, 0.286022), (0.71875, 0.276363), (0.71875, 0.289019), (0.71875, 0.280359), (0.71875, 0.349641), (0.71875, 0.343978), (0.71875, 0.340981), (0.71875, 0.343978), (0.71875, 0.349641), (0.71875, 0.353637), (0.71875, 0.336213), (0.71875, 0.335), (0.71875, 0.33), (0.71875, 0.335), (0.71875, 0.336213), (0.71875, 0.343284), (0.71875, 0.304647), (0.71875, 0.3), (0.71875, 0.295), (0.71875, 0.3), (0.71875, 0.304647), (0.71875, 0.307235), (0.71875, 0.307235), (0.71875, 0.322765), (0.71875, 0.315), (0.71875, 0.322765), (0.71875, 0.307235), (0.71875, 0.3), (0.71875, 0.322765), (0.71875, 0.3), (0.71875, 0.33), (0.71875, 0.33), (0.71875, 0.3), (0.71875, 0.293787), (0.71875, 0.33), (0.71875, 0.293787), (0.71875, 0.336213), (0.71875, 0.336213), (0.71875, 0.293787), (0.71875, 0.289019), (0.71875, 0.336213), (0.71875, 0.289019), (0.71875, 0.340981), (0.71875, 0.340981), (0.71875, 0.289019), (0.71875, 0.286022), (0.71875, 0.340981), (0.71875, 0.286022), (0.71875, 0.343978), (0.71875, 0.343978), (0.71875, 0.286022), (0.71875, 0.285), (0.71875, 0.343978), (0.71875, 0.285), (0.71875, 0.345), (0.71875, 0.345), (0.71875, 0.285), (0.71875, 0.286022), (0.71875, 0.345), (0.71875, 0.286022), (0.71875, 0.343978), (0.71875, 0.343978), (0.71875, 0.286022), (0.71875, 0.289019), (0.71875, 0.343978), (0.71875, 0.289019), (0.71875, 0.340981), (0.71875, 0.340981), (0.71875, 0.289019), (0.71875, 0.293787), (0.71875, 0.340981), (0.71875, 0.293787), (0.71875, 0.336213), (0.71875, 0.336213), (0.71875, 0.293787), (0.71875, 0.3), (0.71875, 0.336213), (0.71875, 0.3), (0.71875, 0.33), (0.71875, 0.33), (0.71875, 0.3), (0.71875, 0.307235), (0.71875, 0.33), (0.71875, 0.307235), (0.71875, 0.322765), (0.71875, 0.322765), (0.71875, 0.307235), (0.71875, 0.315), (0.71875, 0.355), (0.71875, 0.343978), (0.71875, 0.345), (0.71875, 0.343978), (0.71875, 0.355), (0.71875, 0.353637), (0.71875, 0.349641), (0.71875, 0.336213), (0.71875, 0.340981), (0.71875, 0.336213), (0.71875, 0.349641), (0.71875, 0.343284), (0.71875, 0.353637), (0.71875, 0.340981), (0.71875, 0.343978), (0.71875, 0.340981), (0.71875, 0.353637), (0.71875, 0.349641), (0.71875, 0.293787), (0.71875, 0.295), (0.71875, 0.286716), (0.71875, 0.295), (0.71875, 0.293787), (0.71875, 0.3), (0.71875, 0.335), (0.71875, 0.336213), (0.71875, 0.33), (0.71875, 0.336213), (0.71875, 0.335), (0.71875, 0.343284), (0.71875, 0.295), (0.71875, 0.293787), (0.71875, 0.286716), (0.71875, 0.293787), (0.71875, 0.295), (0.71875, 0.3), (0.71875, 0.307235), (0.71875, 0.315), (0.71875, 0.304647), (0.71875, 0.315), (0.71875, 0.307235), (0.71875, 0.315), (0.71875, 0.325353), (0.71875, 0.33), (0.71875, 0.322765), (0.71875, 0.33), (0.71875, 0.325353), (0.71875, 0.335), (0.46875, 0.327829), (0.46875, 0.327632), (0.46875, 0.327632), (0.46875, 0.327632), (0.46875, 0.327829), (0.46875, 0.327829), (0.46875, 0.285526), (0.46875, 0.327632), (0.46875, 0.285526), (0.46875, 0.327632), (0.46875, 0.285526), (0.46875, 0.327632), (0.46875, 0.327632), (0.46875, 0.285526), (0.46875, 0.327829), (0.46875, 0.327829), (0.46875, 0.285526), (0.46875, 0.347632), (0.46875, 0.347632), (0.46875, 0.285526), (0.46875, 0.306579), (0.46875, 0.347632), (0.46875, 0.306579), (0.46875, 0.364636), (0.46875, 0.364636), (0.46875, 0.306579), (0.46875, 0.322925), (0.46875, 0.364636), (0.46875, 0.322925), (0.46875, 0.338158), (0.46875, 0.364636), (0.46875, 0.338158), (0.46875, 0.377684), (0.46875, 0.377684), (0.46875, 0.338158), (0.46875, 0.351238), (0.46875, 0.377684), (0.46875, 0.351238), (0.46875, 0.361275), (0.46875, 0.377684), (0.46875, 0.361275), (0.46875, 0.385887), (0.46875, 0.385887), (0.46875, 0.361275), (0.46875, 0.367585), (0.46875, 0.385887), (0.46875, 0.367585), (0.46875, 0.388684), (0.46875, 0.388684), (0.46875, 0.367585), (0.46875, 0.369737), (0.46875, 0.388684), (0.46875, 0.369737), (0.46875, 0.367585), (0.46875, 0.388684), (0.46875, 0.367585), (0.46875, 0.385887), (0.46875, 0.385887), (0.46875, 0.367585), (0.46875, 0.361275), (0.46875, 0.385887), (0.46875, 0.361275), (0.46875, 0.377684), (0.46875, 0.377684), (0.46875, 0.361275), (0.46875, 0.351238), (0.46875, 0.377684), (0.46875, 0.351238), (0.46875, 0.364636), (0.46875, 0.364636), (0.46875, 0.351238), (0.46875, 0.338158), (0.46875, 0.364636), (0.46875, 0.338158), (0.46875, 0.322925), (0.46875, 0.364636), (0.46875, 0.322925), (0.46875, 0.347632), (0.46875, 0.347632), (0.46875, 0.322925), (0.46875, 0.306579), (0.46875, 0.347632), (0.46875, 0.306579), (0.46875, 0.285526), (0.46875, 0.347632), (0.46875, 0.285526), (0.46875, 0.306579), (0.46875, 0.347632), (0.46875, 0.306579), (0.46875, 0.327829), (0.46875, 0.306579), (0.46875, 0.285526), (0.46875, 0.285526), (0.46875, 0.306579), (0.46875, 0.285526), (0.46875, 0.306579), (0.46875, 0.306579), (0.46875, 0.285526), (0.46875, 0.327829), (0.46875, 0.327829), (0.46875, 0.285526), (0.46875, 0.347632), (0.46875, 0.347632), (0.46875, 0.285526), (0.46875, 0.306579), (0.46875, 0.347632), (0.46875, 0.306579), (0.46875, 0.364636), (0.46875, 0.364636), (0.46875, 0.306579), (0.46875, 0.322925), (0.46875, 0.364636), (0.46875, 0.322925), (0.46875, 0.338158), (0.46875, 0.364636), (0.46875, 0.338158), (0.46875, 0.377684), (0.46875, 0.377684), (0.46875, 0.338158), (0.46875, 0.351238), (0.46875, 0.377684), (0.46875, 0.351238), (0.46875, 0.361275), (0.46875, 0.377684), (0.46875, 0.361275), (0.46875, 0.385887), (0.46875, 0.385887), (0.46875, 0.361275), (0.46875, 0.367585), (0.46875, 0.385887), (0.46875, 0.367585), (0.46875, 0.388684), (0.46875, 0.388684), (0.46875, 0.367585), (0.46875, 0.369737), (0.46875, 0.388684), (0.46875, 0.369737), (0.46875, 0.367585), (0.46875, 0.388684), (0.46875, 0.367585), (0.46875, 0.385887), (0.46875, 0.385887), (0.46875, 0.367585), (0.46875, 0.361275), (0.46875, 0.385887), (0.46875, 0.361275), (0.46875, 0.377684), (0.46875, 0.377684), (0.46875, 0.361275), (0.46875, 0.351238), (0.46875, 0.377684), (0.46875, 0.351238), (0.46875, 0.364636), (0.46875, 0.364636), (0.46875, 0.351238), (0.46875, 0.338158), (0.46875, 0.364636), (0.46875, 0.338158), (0.46875, 0.322925), (0.46875, 0.364636), (0.46875, 0.322925), (0.46875, 0.347632), (0.46875, 0.347632), (0.46875, 0.322925), (0.46875, 0.306579), (0.46875, 0.347632), (0.46875, 0.306579), (0.46875, 0.285526), (0.46875, 0.347632), (0.46875, 0.285526), (0.46875, 0.285526), (0.46875, 0.347632), (0.46875, 0.285526), (0.46875, 0.327632), (0.46875, 0.347632), (0.46875, 0.327632), (0.46875, 0.327829), (0.46875, 0.327632), (0.46875, 0.285526), (0.46875, 0.327632), (0.46875, 0.327632), (0.46875, 0.347632), (0.46875, 0.327829), (0.46875, 0.285526), (0.46875, 0.347632), (0.46875, 0.327632), (0.46875, 0.285526), (0.46875, 0.327632), (0.46875, 0.327632), (0.46875, 0.285526), (0.46875, 0.347632), (0.46875, 0.285526), (0.46875, 0.306579), (0.46875, 0.347632), (0.46875, 0.285526), (0.46875, 0.322925), (0.46875, 0.347632), (0.46875, 0.306579), (0.46875, 0.322925), (0.46875, 0.364636), (0.46875, 0.347632), (0.46875, 0.338158), (0.46875, 0.364636), (0.46875, 0.322925), (0.46875, 0.351238), (0.46875, 0.364636), (0.46875, 0.338158), (0.46875, 0.351238), (0.46875, 0.377684), (0.46875, 0.364636), (0.46875, 0.361275), (0.46875, 0.377684), (0.46875, 0.351238), (0.46875, 0.361275), (0.46875, 0.385887), (0.46875, 0.377684), (0.46875, 0.367585), (0.46875, 0.385887), (0.46875, 0.361275), (0.46875, 0.369737), (0.46875, 0.385887), (0.46875, 0.367585), (0.46875, 0.369737), (0.46875, 0.388684), (0.46875, 0.385887), (0.46875, 0.367585), (0.46875, 0.388684), (0.46875, 0.369737), (0.46875, 0.367585), (0.46875, 0.385887), (0.46875, 0.388684), (0.46875, 0.361275), (0.46875, 0.385887), (0.46875, 0.367585), (0.46875, 0.361275), (0.46875, 0.377684), (0.46875, 0.385887), (0.46875, 0.351238), (0.46875, 0.377684), (0.46875, 0.361275), (0.46875, 0.338158), (0.46875, 0.377684), (0.46875, 0.351238), (0.46875, 0.338158), (0.46875, 0.364636), (0.46875, 0.377684), (0.46875, 0.322925), (0.46875, 0.364636), (0.46875, 0.338158), (0.46875, 0.306579), (0.46875, 0.364636), (0.46875, 0.322925), (0.46875, 0.364636), (0.46875, 0.306579), (0.46875, 0.347632), (0.46875, 0.285526), (0.46875, 0.347632), (0.46875, 0.306579), (0.46875, 0.285526), (0.46875, 0.327829), (0.46875, 0.347632), (0.46875, 0.285526), (0.46875, 0.306579), (0.46875, 0.327829), (0.46875, 0.285526), (0.46875, 0.306579), (0.46875, 0.306579), (0.46875, 0.285526), (0.46875, 0.306579), (0.46875, 0.285526), (0.46875, 0.285526), (0.46875, 0.347632), (0.46875, 0.306579), (0.46875, 0.306579), (0.46875, 0.347632), (0.46875, 0.327829), (0.46875, 0.306579), (0.46875, 0.347632), (0.46875, 0.285526), (0.46875, 0.322925), (0.46875, 0.347632), (0.46875, 0.306579), (0.46875, 0.322925), (0.46875, 0.364636), (0.46875, 0.347632), (0.46875, 0.338158), (0.46875, 0.364636), (0.46875, 0.322925), (0.46875, 0.351238), (0.46875, 0.364636), (0.46875, 0.338158), (0.46875, 0.351238), (0.46875, 0.377684), (0.46875, 0.364636), (0.46875, 0.361275), (0.46875, 0.377684), (0.46875, 0.351238), (0.46875, 0.361275), (0.46875, 0.385887), (0.46875, 0.377684), (0.46875, 0.367585), (0.46875, 0.385887), (0.46875, 0.361275), (0.46875, 0.369737), (0.46875, 0.385887), (0.46875, 0.367585), (0.46875, 0.369737), (0.46875, 0.388684), (0.46875, 0.385887), (0.46875, 0.367585), (0.46875, 0.388684), (0.46875, 0.369737), (0.46875, 0.367585), (0.46875, 0.385887), (0.46875, 0.388684), (0.46875, 0.361275), (0.46875, 0.385887), (0.46875, 0.367585), (0.46875, 0.361275), (0.46875, 0.377684), (0.46875, 0.385887), (0.46875, 0.351238), (0.46875, 0.377684), (0.46875, 0.361275), (0.46875, 0.338158), (0.46875, 0.377684), (0.46875, 0.351238), (0.46875, 0.338158), (0.46875, 0.364636), (0.46875, 0.377684), (0.46875, 0.322925), (0.46875, 0.364636), (0.46875, 0.338158), (0.46875, 0.306579), (0.46875, 0.364636), (0.46875, 0.322925), (0.46875, 0.364636), (0.46875, 0.306579), (0.46875, 0.347632), (0.46875, 0.285526), (0.46875, 0.347632), (0.46875, 0.306579), (0.46875, 0.285526), (0.46875, 0.327829), (0.46875, 0.347632), (0.46875, 0.285526), (0.46875, 0.327632), (0.46875, 0.327829), (0.46875, 0.285526), (0.46875, 0.327632), (0.46875, 0.285526), (0.46875, 0.327632), (0.46875, 0.285526), (0.46875, 0.327632), (0.46875, 0.348684), (0.46875, 0.347632), (0.46875, 0.348684), (0.46875, 0.347632), (0.46875, 0.348684), (0.46875, 0.327829), (0.46875, 0.327829), (0.46875, 0.348684), (0.46875, 0.327632), (0.46875, 0.327632), (0.46875, 0.348684), (0.46875, 0.327632), (0.46875, 0.348684), (0.46875, 0.327632), (0.46875, 0.348684), (0.46875, 0.327632), (0.46875, 0.348684), (0.46875, 0.327632), (0.46875, 0.327632), (0.46875, 0.348684), (0.46875, 0.327829), (0.46875, 0.327829), (0.46875, 0.348684), (0.46875, 0.347632), (0.46875, 0.347632), (0.46875, 0.348684), (0.46875, 0.348684), (0.46875, 0.377684), (0.46875, 0.364636), (0.46875, 0.377684), (0.46875, 0.364636), (0.46875, 0.377684), (0.46875, 0.364636), (0.46875, 0.385887), (0.46875, 0.377684), (0.46875, 0.385887), (0.46875, 0.377684), (0.46875, 0.385887), (0.46875, 0.377684), (0.46875, 0.377684), (0.46875, 0.385887), (0.46875, 0.377684), (0.46875, 0.385887), (0.46875, 0.377684), (0.46875, 0.385887), (0.46875, 0.385887), (0.46875, 0.377684), (0.46875, 0.385887), (0.46875, 0.377684), (0.46875, 0.385887), (0.46875, 0.377684), (0.46875, 0.364636), (0.46875, 0.377684), (0.46875, 0.364636), (0.46875, 0.377684), (0.46875, 0.364636), (0.46875, 0.377684), (0.46875, 0.327829), (0.46875, 0.347632), (0.46875, 0.327829), (0.46875, 0.347632), (0.46875, 0.327829), (0.46875, 0.347632), (0.46875, 0.347632), (0.46875, 0.348684), (0.46875, 0.347632), (0.46875, 0.348684), (0.46875, 0.347632), (0.46875, 0.364636), (0.46875, 0.348684), (0.46875, 0.364636), (0.46875, 0.364636), (0.46875, 0.377684), (0.46875, 0.364636), (0.46875, 0.377684), (0.46875, 0.364636), (0.46875, 0.377684), (0.46875, 0.364636), (0.46875, 0.364636), (0.46875, 0.377684), (0.46875, 0.364636), (0.46875, 0.377684), (0.46875, 0.364636), (0.46875, 0.377684), (0.46875, 0.377684), (0.46875, 0.364636), (0.46875, 0.377684), (0.46875, 0.364636), (0.46875, 0.377684), (0.46875, 0.364636), (0.46875, 0.385887), (0.46875, 0.388684), (0.46875, 0.385887), (0.46875, 0.388684), (0.46875, 0.385887), (0.46875, 0.388684), (0.46875, 0.388684), (0.46875, 0.385887), (0.46875, 0.388684), (0.46875, 0.385887), (0.46875, 0.388684), (0.46875, 0.385887), (0.46875, 0.377684), (0.46875, 0.364636), (0.46875, 0.377684), (0.46875, 0.364636), (0.46875, 0.377684), (0.46875, 0.364636), (0.46875, 0.388684), (0.46875, 0.385887), (0.46875, 0.388684), (0.46875, 0.385887), (0.46875, 0.388684), (0.46875, 0.385887), (0.46875, 0.388684), (0.46875, 0.385887), (0.46875, 0.388684), (0.46875, 0.385887), (0.46875, 0.388684), (0.46875, 0.385887), (0.46875, 0.347632), (0.46875, 0.327829), (0.46875, 0.327829), (0.46875, 0.327829), (0.46875, 0.347632), (0.46875, 0.347632), (0.46875, 0.377684), (0.46875, 0.385887), (0.46875, 0.377684), (0.46875, 0.385887), (0.46875, 0.377684), (0.46875, 0.385887), (0.46875, 0.327632), (0.46875, 0.348684), (0.46875, 0.348684), (0.46875, 0.348684), (0.46875, 0.327632), (0.46875, 0.327632), (0.46875, 0.348684), (0.46875, 0.327632), (0.46875, 0.327829), (0.46875, 0.348684), (0.46875, 0.327829), (0.46875, 0.347632), (0.46875, 0.348684), (0.46875, 0.347632), (0.46875, 0.348684), (0.46875, 0.347632), (0.46875, 0.327829), (0.46875, 0.327829), (0.46875, 0.327829), (0.46875, 0.347632), (0.46875, 0.347632), (0.46875, 0.347632), (0.46875, 0.348684), (0.46875, 0.348684), (0.46875, 0.348684), (0.46875, 0.347632), (0.46875, 0.327829), (0.46875, 0.348684), (0.46875, 0.327829), (0.46875, 0.306579), (0.46875, 0.348684), (0.46875, 0.306579), (0.46875, 0.347632), (0.46875, 0.347632), (0.46875, 0.306579), (0.46875, 0.327829), (0.46875, 0.327829), (0.46875, 0.306579), (0.46875, 0.306579), (0.46875, 0.347632), (0.46875, 0.327829), (0.46875, 0.327829), (0.46875, 0.327829), (0.46875, 0.347632), (0.46875, 0.347632), (0.46875, 0.348684), (0.46875, 0.347632), (0.46875, 0.348684), (0.46875, 0.347632), (0.46875, 0.348684), (0.46875, 0.327829), (0.46875, 0.327829), (0.46875, 0.348684), (0.46875, 0.306579), (0.46875, 0.306579), (0.46875, 0.348684), (0.46875, 0.347632), (0.46875, 0.306579), (0.46875, 0.347632), (0.46875, 0.327829), (0.46875, 0.306579), (0.46875, 0.327829), (0.46875, 0.306579), (0.46875, 0.327829), (0.46875, 0.347632), (0.46875, 0.327829), (0.46875, 0.347632), (0.46875, 0.327829), (0.46875, 0.347632), (0.46875, 0.364636), (0.46875, 0.377684), (0.46875, 0.364636), (0.46875, 0.377684), (0.46875, 0.364636), (0.46875, 0.377684), (0.46875, 0.385887), (0.46875, 0.388684), (0.46875, 0.385887), (0.46875, 0.388684), (0.46875, 0.385887), (0.46875, 0.388684), (0.46875, 0.347632), (0.46875, 0.327829), (0.46875, 0.327829), (0.46875, 0.327829), (0.46875, 0.347632), (0.46875, 0.347632), (0.46875, 0.327829), (0.46875, 0.306579), (0.46875, 0.306579), (0.46875, 0.306579), (0.46875, 0.327829), (0.46875, 0.327829), (0.46875, 0.327829), (0.46875, 0.347632), (0.46875, 0.327829), (0.46875, 0.347632), (0.46875, 0.327829), (0.46875, 0.347632), (0.46875, 0.364636), (0.46875, 0.347632), (0.46875, 0.347632), (0.46875, 0.347632), (0.46875, 0.364636), (0.46875, 0.348684), (0.46875, 0.348684), (0.46875, 0.364636), (0.46875, 0.364636), (0.46875, 0.306579), (0.46875, 0.327829), (0.46875, 0.306579), (0.46875, 0.327829), (0.46875, 0.306579), (0.46875, 0.327829), (0.46875, 0.385887), (0.46875, 0.388684), (0.46875, 0.385887), (0.46875, 0.388684), (0.46875, 0.385887), (0.46875, 0.388684), (0.46875, 0.347632), (0.46875, 0.348684), (0.46875, 0.347632), (0.46875, 0.348684), (0.46875, 0.347632), (0.46875, 0.364636), (0.46875, 0.348684), (0.46875, 0.364636), (0.46875, 0.364636), (0.46875, 0.348684), (0.46875, 0.347632), (0.46875, 0.347632), (0.46875, 0.347632), (0.46875, 0.348684), (0.46875, 0.364636), (0.46875, 0.364636), (0.46875, 0.348684), (0.46875, 0.364636), (0.46875, 0.327829), (0.46875, 0.306579), (0.46875, 0.306579), (0.46875, 0.306579), (0.46875, 0.327829), (0.46875, 0.327829), (0.46875, 0.385887), (0.46875, 0.377684), (0.46875, 0.385887), (0.46875, 0.377684), (0.46875, 0.385887), (0.46875, 0.377684), (0.46875, 0.348684), (0.46875, 0.347632), (0.46875, 0.347632), (0.46875, 0.347632), (0.46875, 0.348684), (0.46875, 0.364636), (0.46875, 0.364636), (0.46875, 0.348684), (0.46875, 0.364636), (0.46875, 0.348684), (0.46875, 0.347632), (0.46875, 0.347632), (0.46875, 0.347632), (0.46875, 0.348684), (0.46875, 0.364636), (0.46875, 0.364636), (0.46875, 0.348684), (0.46875, 0.364636), (0.46875, 0.385887), (0.46875, 0.388684), (0.46875, 0.385887), (0.46875, 0.388684), (0.46875, 0.385887), (0.46875, 0.388684), (0.46875, 0.388684), (0.46875, 0.385887), (0.46875, 0.388684), (0.46875, 0.385887), (0.46875, 0.388684), (0.46875, 0.385887), (0.46875, 0.327829), (0.46875, 0.327632), (0.46875, 0.327632), (0.46875, 0.327632), (0.46875, 0.327829), (0.46875, 0.327829), (0.46875, 0.306579), (0.46875, 0.306579), (0.46875, 0.306579), (0.46875, 0.306579), (0.46875, 0.306579), (0.46875, 0.306579), (0.46875, 0.377684), (0.46875, 0.385887), (0.46875, 0.377684), (0.46875, 0.385887), (0.46875, 0.377684), (0.46875, 0.385887), (0.46875, 0.327829), (0.46875, 0.347632), (0.46875, 0.327829), (0.46875, 0.347632), (0.46875, 0.327829), (0.46875, 0.347632), (0.46875, 0.327829), (0.46875, 0.306579), (0.46875, 0.306579), (0.46875, 0.306579), (0.46875, 0.327829), (0.46875, 0.327829), (0.46875, 0.347632), (0.46875, 0.348684), (0.46875, 0.347632), (0.46875, 0.348684), (0.46875, 0.347632), (0.46875, 0.364636), (0.46875, 0.348684), (0.46875, 0.364636), (0.46875, 0.364636), (0.46875, 0.377684), (0.46875, 0.385887), (0.46875, 0.377684), (0.46875, 0.385887), (0.46875, 0.377684), (0.46875, 0.385887), (0.46875, 0.347632), (0.46875, 0.364636), (0.46875, 0.347632), (0.46875, 0.364636), (0.46875, 0.347632), (0.46875, 0.348684), (0.46875, 0.364636), (0.46875, 0.348684), (0.46875, 0.364636), (0.46875, 0.306579), (0.46875, 0.306579), (0.46875, 0.306579), (0.46875, 0.306579), (0.46875, 0.306579), (0.46875, 0.306579), (0.46875, 0.385887), (0.46875, 0.377684), (0.46875, 0.385887), (0.46875, 0.377684), (0.46875, 0.385887), (0.46875, 0.377684), (0.46875, 0.348684), (0.46875, 0.327632), (0.46875, 0.327632), (0.46875, 0.327632), (0.46875, 0.348684), (0.46875, 0.348684), (0.46875, 0.327829), (0.46875, 0.327632), (0.46875, 0.327632), (0.46875, 0.327632), (0.46875, 0.327829), (0.46875, 0.327829), (0.46875, 0.364636), (0.46875, 0.377684), (0.46875, 0.364636), (0.46875, 0.377684), (0.46875, 0.364636), (0.46875, 0.377684), (0.46875, 0.347632), (0.46875, 0.348684), (0.46875, 0.348684), (0.46875, 0.348684), (0.46875, 0.347632), (0.46875, 0.327829), (0.46875, 0.348684), (0.46875, 0.327829), (0.46875, 0.327632), (0.46875, 0.348684), (0.46875, 0.327632), (0.46875, 0.327632), (0.46875, 0.327829), (0.46875, 0.327632), (0.46875, 0.327632), (0.46875, 0.327632), (0.46875, 0.327829), (0.46875, 0.327829), (0.46875, 0.348684), (0.46875, 0.327632), (0.46875, 0.327632), (0.46875, 0.327632), (0.46875, 0.348684), (0.46875, 0.348684), (0.46875, 0.327632), (0.46875, 0.285526), (0.46875, 0.327632), (0.46875, 0.285526), (0.46875, 0.327632), (0.46875, 0.285526), (0.46875, 0.327632), (0.46875, 0.285526), (0.46875, 0.285526), (0.46875, 0.285526), (0.46875, 0.327632), (0.46875, 0.327632), (0.46875, 0.327632), (0.46875, 0.285526), (0.46875, 0.285526), (0.46875, 0.285526), (0.46875, 0.327632), (0.46875, 0.327632), (0.46875, 0.285526), (0.46875, 0.327632), (0.46875, 0.285526), (0.46875, 0.327632), (0.46875, 0.285526), (0.46875, 0.327632), (0.46875, 0.327632), (0.46875, 0.327632), (0.46875, 0.327632), (0.46875, 0.327632), (0.46875, 0.327632), (0.46875, 0.327632), (0.46875, 0.327632), (0.46875, 0.327632), (0.46875, 0.327632), (0.46875, 0.327632), (0.46875, 0.327632), (0.46875, 0.327632), (0.46875, 0.327632), (0.46875, 0.327632), (0.46875, 0.327632), (0.46875, 0.327632), (0.46875, 0.327632), (0.46875, 0.327632), (0.46875, 0.327632), (0.46875, 0.327632), (0.46875, 0.327632), (0.46875, 0.327632), (0.46875, 0.327632), (0.46875, 0.327632), (0.46875, 0.327632), (0.46875, 0.327632), (0.46875, 0.327632), (0.46875, 0.327632), (0.46875, 0.327632), (0.46875, 0.327632), (0.46875, 0.285526), (0.46875, 0.327632), (0.46875, 0.285526), (0.46875, 0.327632), (0.46875, 0.285526), (0.46875, 0.327632), (0.46875, 0.327632), (0.46875, 0.285526), (0.46875, 0.285526), (0.46875, 0.285526), (0.46875, 0.327632), (0.46875, 0.327632), (0.46875, 0.327632), (0.46875, 0.285526), (0.46875, 0.327632), (0.46875, 0.285526), (0.46875, 0.327632), (0.46875, 0.285526), (0.46875, 0.327632), (0.46875, 0.285526), (0.46875, 0.285526), (0.46875, 0.285526), (0.46875, 0.327632), (0.46875, 0.327632), (0.46875, 0.327632), (0.46875, 0.327632), (0.46875, 0.327632), (0.46875, 0.327632), (0.46875, 0.327632), (0.46875, 0.327632), (0.46875, 0.327632), (0.46875, 0.327632), (0.46875, 0.327632), (0.46875, 0.327632), (0.46875, 0.327632), (0.46875, 0.327632), (0.46875, 0.327632), (0.46875, 0.327632), (0.46875, 0.327632), (0.46875, 0.327632), (0.46875, 0.327632), (0.46875, 0.327632), (0.46875, 0.327632), (0.46875, 0.327632), (0.46875, 0.327632), (0.46875, 0.327632), (0.46875, 0.327632), (0.46875, 0.327632), (0.46875, 0.327632), (0.46875, 0.327632), (0.46875, 0.327632), (0.46875, 0.327632), (0.46875, 0.327632), (0.46875, 0.327632), (0.46875, 0.327632), (0.46875, 0.285526), (0.46875, 0.285526), (0.46875, 0.285526), (0.46875, 0.327632), (0.46875, 0.327632), (0.46875, 0.285526), (0.46875, 0.285526), (0.46875, 0.285526), (0.46875, 0.285526), (0.46875, 0.285526), (0.46875, 0.285526), (0.46875, 0.285526), (0.46875, 0.285526), (0.46875, 0.285526), (0.46875, 0.285526), (0.46875, 0.285526), (0.46875, 0.285526), (0.46875, 0.285526), (0.46875, 0.285526), (0.46875, 0.285526), (0.46875, 0.285526), (0.46875, 0.285526), (0.46875, 0.285526), (0.46875, 0.285526), (0.46875, 0.285526), (0.46875, 0.285526), (0.46875, 0.285526), (0.46875, 0.285526), (0.46875, 0.285526), (0.46875, 0.285526), (0.46875, 0.285526), (0.46875, 0.285526), (0.46875, 0.285526), (0.46875, 0.285526), (0.46875, 0.285526), (0.46875, 0.285526), (0.46875, 0.285526), (0.46875, 0.285526), (0.46875, 0.285526), (0.46875, 0.285526), (0.46875, 0.285526), (0.46875, 0.285526), (0.46875, 0.285526), (0.46875, 0.285526), (0.46875, 0.285526), (0.46875, 0.285526), (0.46875, 0.285526), (0.46875, 0.285526), (0.46875, 0.285526), (0.46875, 0.285526), (0.46875, 0.285526), (0.46875, 0.285526), (0.46875, 0.285526), (0.46875, 0.285526), (0.46875, 0.285526), (0.46875, 0.285526), (0.46875, 0.285526), (0.46875, 0.285526), (0.46875, 0.285526), (0.46875, 0.285526), (0.46875, 0.285526), (0.46875, 0.285526), (0.46875, 0.285526), (0.46875, 0.285526), (0.46875, 0.285526), (0.46875, 0.285526), (0.46875, 0.285526), (0.46875, 0.285526), (0.46875, 0.285526), (0.46875, 0.285526), (0.46875, 0.285526), (0.46875, 0.285526), (0.46875, 0.285526), (0.46875, 0.285526), (0.46875, 0.285526), (0.46875, 0.285526), (0.46875, 0.285526), (0.46875, 0.285526), (0.46875, 0.285526), (0.46875, 0.285526), (0.46875, 0.285526), (0.46875, 0.285526), (0.46875, 0.285526), (0.46875, 0.327632), (0.46875, 0.285526), (0.46875, 0.285526), (0.46875, 0.285526), (0.46875, 0.327632), (0.46875, 0.327632), (0.46875, 0.275), (0.46875, 0.332143), (0.46875, 0.275), (0.46875, 0.332143), (0.46875, 0.275), (0.46875, 0.332143), (0.46875, 0.275), (0.46875, 0.275), (0.46875, 0.275), (0.46875, 0.275), (0.46875, 0.275), (0.46875, 0.275), (0.46875, 0.332143), (0.46875, 0.275), (0.46875, 0.332143), (0.46875, 0.275), (0.46875, 0.332143), (0.46875, 0.275), (0.46875, 0.417857), (0.46875, 0.475), (0.46875, 0.475), (0.46875, 0.475), (0.46875, 0.417857), (0.46875, 0.417857), (0.46875, 0.332143), (0.46875, 0.417857), (0.46875, 0.332143), (0.46875, 0.417857), (0.46875, 0.332143), (0.46875, 0.417857), (0.46875, 0.332143), (0.46875, 0.275), (0.46875, 0.275), (0.46875, 0.275), (0.46875, 0.332143), (0.46875, 0.332143), (0.46875, 0.332143), (0.46875, 0.332143), (0.46875, 0.417857), (0.46875, 0.332143), (0.46875, 0.417857), (0.46875, 0.417857), (0.46875, 0.417857), (0.46875, 0.417857), (0.46875, 0.475), (0.46875, 0.417857), (0.46875, 0.475), (0.46875, 0.475), (0.46875, 0.475), (0.46875, 0.475), (0.46875, 0.475), (0.46875, 0.475), (0.46875, 0.475), (0.46875, 0.475), (0.46875, 0.417857), (0.46875, 0.332143), (0.46875, 0.417857), (0.46875, 0.332143), (0.46875, 0.417857), (0.46875, 0.332143), (0.46875, 0.475), (0.46875, 0.417857), (0.46875, 0.417857), (0.46875, 0.417857), (0.46875, 0.475), (0.46875, 0.475), (0.46875, 0.275), (0.46875, 0.332143), (0.46875, 0.275), (0.46875, 0.332143), (0.46875, 0.275), (0.46875, 0.332143), (0.46875, 0.275), (0.46875, 0.275), (0.46875, 0.275), (0.46875, 0.275), (0.46875, 0.275), (0.46875, 0.275), (0.46875, 0.332143), (0.46875, 0.275), (0.46875, 0.332143), (0.46875, 0.275), (0.46875, 0.332143), (0.46875, 0.275), (0.46875, 0.417857), (0.46875, 0.475), (0.46875, 0.475), (0.46875, 0.475), (0.46875, 0.417857), (0.46875, 0.417857), (0.46875, 0.332143), (0.46875, 0.417857), (0.46875, 0.332143), (0.46875, 0.417857), (0.46875, 0.332143), (0.46875, 0.417857), (0.46875, 0.332143), (0.46875, 0.275), (0.46875, 0.275), (0.46875, 0.275), (0.46875, 0.332143), (0.46875, 0.332143), (0.46875, 0.332143), (0.46875, 0.332143), (0.46875, 0.417857), (0.46875, 0.332143), (0.46875, 0.417857), (0.46875, 0.417857), (0.46875, 0.417857), (0.46875, 0.417857), (0.46875, 0.475), (0.46875, 0.417857), (0.46875, 0.475), (0.46875, 0.475), (0.46875, 0.475), (0.46875, 0.475), (0.46875, 0.475), (0.46875, 0.475), (0.46875, 0.475), (0.46875, 0.475), (0.46875, 0.417857), (0.46875, 0.332143), (0.46875, 0.417857), (0.46875, 0.332143), (0.46875, 0.417857), (0.46875, 0.332143), (0.46875, 0.475), (0.46875, 0.417857), (0.46875, 0.417857), (0.46875, 0.417857), (0.46875, 0.475), (0.46875, 0.475), (0.34375, 0.338158), (0.34375, 0.351238), (0.34375, 0.338158), (0.34375, 0.351238), (0.34375, 0.338158), (0.34375, 0.351238), (0.34375, 0.361275), (0.34375, 0.367585), (0.34375, 0.361275), (0.34375, 0.367585), (0.34375, 0.361275), (0.34375, 0.367585), (0.34375, 0.338158), (0.34375, 0.322925), (0.34375, 0.322925), (0.34375, 0.322925), (0.34375, 0.338158), (0.34375, 0.338158), (0.34375, 0.361275), (0.34375, 0.367585), (0.34375, 0.361275), (0.34375, 0.367585), (0.34375, 0.361275), (0.34375, 0.367585), (0.34375, 0.338158), (0.34375, 0.351238), (0.34375, 0.338158), (0.34375, 0.351238), (0.34375, 0.338158), (0.34375, 0.351238), (0.34375, 0.306579), (0.34375, 0.285526), (0.34375, 0.285526), (0.34375, 0.285526), (0.34375, 0.306579), (0.34375, 0.306579), (0.34375, 0.369737), (0.34375, 0.367585), (0.34375, 0.369737), (0.34375, 0.367585), (0.34375, 0.369737), (0.34375, 0.367585), (0.34375, 0.306579), (0.34375, 0.285526), (0.34375, 0.285526), (0.34375, 0.285526), (0.34375, 0.306579), (0.34375, 0.306579), (0.34375, 0.306579), (0.34375, 0.285526), (0.34375, 0.285526), (0.34375, 0.285526), (0.34375, 0.306579), (0.34375, 0.306579), (0.34375, 0.351238), (0.34375, 0.361275), (0.34375, 0.351238), (0.34375, 0.361275), (0.34375, 0.351238), (0.34375, 0.361275), (0.34375, 0.361275), (0.34375, 0.351238), (0.34375, 0.361275), (0.34375, 0.351238), (0.34375, 0.361275), (0.34375, 0.351238), (0.34375, 0.361275), (0.34375, 0.351238), (0.34375, 0.361275), (0.34375, 0.351238), (0.34375, 0.361275), (0.34375, 0.351238), (0.34375, 0.367585), (0.34375, 0.369737), (0.34375, 0.367585), (0.34375, 0.369737), (0.34375, 0.367585), (0.34375, 0.369737), (0.34375, 0.367585), (0.34375, 0.361275), (0.34375, 0.367585), (0.34375, 0.361275), (0.34375, 0.367585), (0.34375, 0.361275), (0.34375, 0.351238), (0.34375, 0.338158), (0.34375, 0.338158), (0.34375, 0.338158), (0.34375, 0.351238), (0.34375, 0.351238), (0.34375, 0.351238), (0.34375, 0.361275), (0.34375, 0.351238), (0.34375, 0.361275), (0.34375, 0.351238), (0.34375, 0.361275), (0.34375, 0.322925), (0.34375, 0.306579), (0.34375, 0.306579), (0.34375, 0.306579), (0.34375, 0.322925), (0.34375, 0.322925), (0.34375, 0.322925), (0.34375, 0.338158), (0.34375, 0.322925), (0.34375, 0.338158), (0.34375, 0.322925), (0.34375, 0.338158), (0.34375, 0.306579), (0.34375, 0.322925), (0.34375, 0.306579), (0.34375, 0.322925), (0.34375, 0.306579), (0.34375, 0.322925), (0.34375, 0.322925), (0.34375, 0.306579), (0.34375, 0.306579), (0.34375, 0.306579), (0.34375, 0.322925), (0.34375, 0.322925), (0.34375, 0.367585), (0.34375, 0.361275), (0.34375, 0.367585), (0.34375, 0.361275), (0.34375, 0.367585), (0.34375, 0.361275), (0.34375, 0.338158), (0.34375, 0.322925), (0.34375, 0.322925), (0.34375, 0.322925), (0.34375, 0.338158), (0.34375, 0.338158), (0.34375, 0.306579), (0.34375, 0.322925), (0.34375, 0.306579), (0.34375, 0.322925), (0.34375, 0.306579), (0.34375, 0.322925), (0.34375, 0.351238), (0.34375, 0.338158), (0.34375, 0.338158), (0.34375, 0.338158), (0.34375, 0.351238), (0.34375, 0.351238), (0.34375, 0.322925), (0.34375, 0.338158), (0.34375, 0.322925), (0.34375, 0.338158), (0.34375, 0.322925), (0.34375, 0.338158), (0.34375, 0.367585), (0.34375, 0.369737), (0.34375, 0.367585), (0.34375, 0.369737), (0.34375, 0.367585), (0.34375, 0.369737), (0.34375, 0.306579), (0.34375, 0.285526), (0.34375, 0.285526), (0.34375, 0.285526), (0.34375, 0.306579), (0.34375, 0.306579), (0.34375, 0.369737), (0.34375, 0.367585), (0.34375, 0.369737), (0.34375, 0.367585), (0.34375, 0.369737), (0.34375, 0.367585), (0.34375, 0.322925), (0.34375, 0.306579), (0.34375, 0.306579), (0.34375, 0.306579), (0.34375, 0.322925), (0.34375, 0.322925), (0.34375, 0.306579), (0.34375, 0.285526), (0.34375, 0.285526), (0.34375, 0.285526), (0.34375, 0.306579), (0.34375, 0.306579), (0.34375, 0.369737), (0.34375, 0.367585), (0.34375, 0.369737), (0.34375, 0.367585), (0.34375, 0.369737), (0.34375, 0.367585), (0.34375, 0.367585), (0.34375, 0.361275), (0.34375, 0.367585), (0.34375, 0.361275), (0.34375, 0.367585), (0.34375, 0.361275), (0.34375, 0.351238), (0.34375, 0.338158), (0.34375, 0.338158), (0.34375, 0.338158), (0.34375, 0.351238), (0.34375, 0.351238), (0.34375, 0.322925), (0.34375, 0.306579), (0.34375, 0.306579), (0.34375, 0.306579), (0.34375, 0.322925), (0.34375, 0.322925), (0.34375, 0.351238), (0.34375, 0.338158), (0.34375, 0.338158), (0.34375, 0.338158), (0.34375, 0.351238), (0.34375, 0.351238), (0.34375, 0.338158), (0.34375, 0.322925), (0.34375, 0.322925), (0.34375, 0.322925), (0.34375, 0.338158), (0.34375, 0.338158), (0.34375, 0.361275), (0.34375, 0.351238), (0.34375, 0.361275), (0.34375, 0.351238), (0.34375, 0.361275), (0.34375, 0.351238), (0.34375, 0.351238), (0.34375, 0.361275), (0.34375, 0.351238), (0.34375, 0.361275), (0.34375, 0.351238), (0.34375, 0.361275), (0.34375, 0.367585), (0.34375, 0.369737), (0.34375, 0.367585), (0.34375, 0.369737), (0.34375, 0.367585), (0.34375, 0.369737), (0.34375, 0.338158), (0.34375, 0.322925), (0.34375, 0.322925), (0.34375, 0.322925), (0.34375, 0.338158), (0.34375, 0.338158), (0.34375, 0.361275), (0.34375, 0.367585), (0.34375, 0.361275), (0.34375, 0.367585), (0.34375, 0.361275), (0.34375, 0.367585), (0.34375, 0.285526), (0.34375, 0.306579), (0.34375, 0.285526), (0.34375, 0.306579), (0.34375, 0.285526), (0.34375, 0.322925), (0.34375, 0.322925), (0.34375, 0.285526), (0.34375, 0.338158), (0.34375, 0.338158), (0.34375, 0.285526), (0.34375, 0.351238), (0.34375, 0.351238), (0.34375, 0.285526), (0.34375, 0.361275), (0.34375, 0.361275), (0.34375, 0.285526), (0.34375, 0.367585), (0.34375, 0.367585), (0.34375, 0.285526), (0.34375, 0.369737), (0.34375, 0.369737), (0.34375, 0.285526), (0.34375, 0.367585), (0.34375, 0.367585), (0.34375, 0.285526), (0.34375, 0.361275), (0.34375, 0.361275), (0.34375, 0.285526), (0.34375, 0.351238), (0.34375, 0.351238), (0.34375, 0.285526), (0.34375, 0.338158), (0.34375, 0.338158), (0.34375, 0.285526), (0.34375, 0.322925), (0.34375, 0.322925), (0.34375, 0.285526), (0.34375, 0.306579), (0.34375, 0.322925), (0.34375, 0.285526), (0.34375, 0.306579), (0.34375, 0.285526), (0.34375, 0.322925), (0.34375, 0.285526), (0.34375, 0.285526), (0.34375, 0.322925), (0.34375, 0.338158), (0.34375, 0.285526), (0.34375, 0.338158), (0.34375, 0.351238), (0.34375, 0.285526), (0.34375, 0.351238), (0.34375, 0.361275), (0.34375, 0.285526), (0.34375, 0.361275), (0.34375, 0.367585), (0.34375, 0.285526), (0.34375, 0.367585), (0.34375, 0.369737), (0.34375, 0.285526), (0.34375, 0.369737), (0.34375, 0.367585), (0.34375, 0.285526), (0.34375, 0.367585), (0.34375, 0.361275), (0.34375, 0.285526), (0.34375, 0.361275), (0.34375, 0.351238), (0.34375, 0.285526), (0.34375, 0.351238), (0.34375, 0.338158), (0.34375, 0.285526), (0.34375, 0.338158), (0.34375, 0.322925), (0.34375, 0.285526), (0.34375, 0.322925), (0.34375, 0.306579), (0.34375, 0.306579), (0.34375, 0.285526), (0.34375, 0.285526), (0.34375, 0.285526), (0.34375, 0.306579), (0.34375, 0.306579), (0.34375, 0.322925), (0.34375, 0.285526), (0.34375, 0.306579), (0.34375, 0.285526), (0.34375, 0.322925), (0.34375, 0.285526), (0.34375, 0.285526), (0.34375, 0.322925), (0.34375, 0.338158), (0.34375, 0.285526), (0.34375, 0.338158), (0.34375, 0.351238), (0.34375, 0.285526), (0.34375, 0.351238), (0.34375, 0.361275), (0.34375, 0.285526), (0.34375, 0.361275), (0.34375, 0.367585), (0.34375, 0.285526), (0.34375, 0.367585), (0.34375, 0.369737), (0.34375, 0.285526), (0.34375, 0.369737), (0.34375, 0.367585), (0.34375, 0.285526), (0.34375, 0.367585), (0.34375, 0.361275), (0.34375, 0.285526), (0.34375, 0.361275), (0.34375, 0.351238), (0.34375, 0.285526), (0.34375, 0.351238), (0.34375, 0.338158), (0.34375, 0.285526), (0.34375, 0.338158), (0.34375, 0.322925), (0.34375, 0.285526), (0.34375, 0.322925), (0.34375, 0.306579), (0.34375, 0.285526), (0.34375, 0.306579), (0.34375, 0.285526), (0.34375, 0.306579), (0.34375, 0.285526), (0.34375, 0.322925), (0.34375, 0.322925), (0.34375, 0.285526), (0.34375, 0.338158), (0.34375, 0.338158), (0.34375, 0.285526), (0.34375, 0.351238), (0.34375, 0.351238), (0.34375, 0.285526), (0.34375, 0.361275), (0.34375, 0.361275), (0.34375, 0.285526), (0.34375, 0.367585), (0.34375, 0.367585), (0.34375, 0.285526), (0.34375, 0.369737), (0.34375, 0.369737), (0.34375, 0.285526), (0.34375, 0.367585), (0.34375, 0.367585), (0.34375, 0.285526), (0.34375, 0.361275), (0.34375, 0.361275), (0.34375, 0.285526), (0.34375, 0.351238), (0.34375, 0.351238), (0.34375, 0.285526), (0.34375, 0.338158), (0.34375, 0.338158), (0.34375, 0.285526), (0.34375, 0.322925), (0.34375, 0.322925), (0.34375, 0.285526), (0.34375, 0.306579), (0.34375, 0.306579), (0.34375, 0.285526), (0.34375, 0.285526), (0.34375, 0.285526), (0.34375, 0.306579), (0.34375, 0.306579), (0.34375, 0.322925), (0.34375, 0.306579), (0.34375, 0.306579), (0.34375, 0.306579), (0.34375, 0.322925), (0.34375, 0.322925), (0.34375, 0.306579), (0.34375, 0.285526), (0.34375, 0.285526), (0.34375, 0.285526), (0.34375, 0.306579), (0.34375, 0.306579), (0.34375, 0.369737), (0.34375, 0.367585), (0.34375, 0.369737), (0.34375, 0.367585), (0.34375, 0.369737), (0.34375, 0.367585), (0.34375, 0.367585), (0.34375, 0.361275), (0.34375, 0.367585), (0.34375, 0.361275), (0.34375, 0.367585), (0.34375, 0.361275), (0.34375, 0.338158), (0.34375, 0.351238), (0.34375, 0.338158), (0.34375, 0.351238), (0.34375, 0.338158), (0.34375, 0.351238), (0.34375, 0.322925), (0.34375, 0.306579), (0.34375, 0.306579), (0.34375, 0.306579), (0.34375, 0.322925), (0.34375, 0.322925), (0.34375, 0.351238), (0.34375, 0.338158), (0.34375, 0.338158), (0.34375, 0.338158), (0.34375, 0.351238), (0.34375, 0.351238), (0.34375, 0.338158), (0.34375, 0.322925), (0.34375, 0.322925), (0.34375, 0.322925), (0.34375, 0.338158), (0.34375, 0.338158), (0.34375, 0.351238), (0.34375, 0.361275), (0.34375, 0.351238), (0.34375, 0.361275), (0.34375, 0.351238), (0.34375, 0.361275), (0.34375, 0.367585), (0.34375, 0.369737), (0.34375, 0.367585), (0.34375, 0.369737), (0.34375, 0.367585), (0.34375, 0.369737), (0.34375, 0.361275), (0.34375, 0.351238), (0.34375, 0.361275), (0.34375, 0.351238), (0.34375, 0.361275), (0.34375, 0.351238), (0.34375, 0.338158), (0.34375, 0.322925), (0.34375, 0.322925), (0.34375, 0.322925), (0.34375, 0.338158), (0.34375, 0.338158), (0.34375, 0.361275), (0.34375, 0.367585), (0.34375, 0.361275), (0.34375, 0.367585), (0.34375, 0.361275), (0.34375, 0.367585), (0.84375, 0.661842), (0.84375, 0.64079), (0.84375, 0.64079), (0.84375, 0.64079), (0.84375, 0.661842), (0.84375, 0.661842), (0.84375, 0.619737), (0.84375, 0.598684), (0.84375, 0.598684), (0.84375, 0.598684), (0.84375, 0.619737), (0.84375, 0.619737), (0.84375, 0.619737), (0.84375, 0.619737), (0.84375, 0.619737), (0.84375, 0.619737), (0.84375, 0.619737), (0.84375, 0.619737), (0.84375, 0.661842), (0.84375, 0.661842), (0.84375, 0.661842), (0.84375, 0.661842), (0.84375, 0.661842), (0.84375, 0.661842), (0.84375, 0.661842), (0.84375, 0.661842), (0.84375, 0.661842), (0.84375, 0.598684), (0.84375, 0.619737), (0.84375, 0.598684), (0.84375, 0.619737), (0.84375, 0.598684), (0.84375, 0.64079), (0.84375, 0.64079), (0.84375, 0.598684), (0.84375, 0.598684), (0.84375, 0.64079), (0.84375, 0.598684), (0.84375, 0.661842), (0.84375, 0.661842), (0.84375, 0.598684), (0.84375, 0.614636), (0.84375, 0.661842), (0.84375, 0.614636), (0.84375, 0.627684), (0.84375, 0.661842), (0.84375, 0.627684), (0.84375, 0.635887), (0.84375, 0.661842), (0.84375, 0.635887), (0.84375, 0.661842), (0.84375, 0.661842), (0.84375, 0.635887), (0.84375, 0.638684), (0.84375, 0.661842), (0.84375, 0.638684), (0.84375, 0.635887), (0.84375, 0.661842), (0.84375, 0.635887), (0.84375, 0.627684), (0.84375, 0.661842), (0.84375, 0.627684), (0.84375, 0.614636), (0.84375, 0.661842), (0.84375, 0.614636), (0.84375, 0.598684), (0.84375, 0.661842), (0.84375, 0.598684), (0.84375, 0.598684), (0.84375, 0.661842), (0.84375, 0.598684), (0.84375, 0.64079), (0.84375, 0.661842), (0.84375, 0.661842), (0.84375, 0.64079), (0.84375, 0.64079), (0.84375, 0.598684), (0.84375, 0.64079), (0.84375, 0.64079), (0.84375, 0.598684), (0.84375, 0.614636), (0.84375, 0.64079), (0.84375, 0.614636), (0.84375, 0.627684), (0.84375, 0.64079), (0.84375, 0.627684), (0.84375, 0.661842), (0.84375, 0.661842), (0.84375, 0.627684), (0.84375, 0.661842), (0.84375, 0.661842), (0.84375, 0.627684), (0.84375, 0.635887), (0.84375, 0.661842), (0.84375, 0.635887), (0.84375, 0.651316), (0.84375, 0.651316), (0.84375, 0.635887), (0.84375, 0.638684), (0.84375, 0.651316), (0.84375, 0.638684), (0.84375, 0.635887), (0.84375, 0.651316), (0.84375, 0.635887), (0.84375, 0.627684), (0.84375, 0.651316), (0.84375, 0.627684), (0.84375, 0.614636), (0.84375, 0.651316), (0.84375, 0.614636), (0.84375, 0.635526), (0.84375, 0.635526), (0.84375, 0.614636), (0.84375, 0.598684), (0.84375, 0.635526), (0.84375, 0.598684), (0.84375, 0.598684), (0.84375, 0.635526), (0.84375, 0.598684), (0.84375, 0.619737), (0.84375, 0.64079), (0.84375, 0.64079), (0.84375, 0.64079), (0.84375, 0.64079), (0.84375, 0.64079), (0.84375, 0.64079), (0.84375, 0.725), (0.84375, 0.661842), (0.84375, 0.661842), (0.84375, 0.661842), (0.84375, 0.725), (0.84375, 0.712368), (0.84375, 0.712368), (0.84375, 0.725), (0.84375, 0.725), (0.84375, 0.712368), (0.84375, 0.725), (0.84375, 0.712368), (0.84375, 0.712368), (0.84375, 0.725), (0.84375, 0.661842), (0.84375, 0.661842), (0.84375, 0.725), (0.84375, 0.661842), (0.84375, 0.619737), (0.84375, 0.598684), (0.84375, 0.598684), (0.84375, 0.598684), (0.84375, 0.619737), (0.84375, 0.619737), (0.84375, 0.619737), (0.84375, 0.619737), (0.84375, 0.619737), (0.84375, 0.619737), (0.84375, 0.619737), (0.84375, 0.619737), (0.84375, 0.619737), (0.84375, 0.64079), (0.84375, 0.619737), (0.84375, 0.64079), (0.84375, 0.64079), (0.84375, 0.619737), (0.84375, 0.661842), (0.84375, 0.64079), (0.84375, 0.64079), (0.84375, 0.661842), (0.84375, 0.64079), (0.84375, 0.64079), (0.84375, 0.661842), (0.84375, 0.64079), (0.84375, 0.661842), (0.84375, 0.64079), (0.84375, 0.661842), (0.84375, 0.64079), (0.84375, 0.64079), (0.84375, 0.64079), (0.84375, 0.64079), (0.84375, 0.64079), (0.84375, 0.64079), (0.84375, 0.64079), (0.84375, 0.661842), (0.84375, 0.651316), (0.84375, 0.661842), (0.84375, 0.651316), (0.84375, 0.661842), (0.84375, 0.651316), (0.84375, 0.651316), (0.84375, 0.661842), (0.84375, 0.661842), (0.84375, 0.651316), (0.84375, 0.661842), (0.84375, 0.661842), (0.84375, 0.661842), (0.84375, 0.725), (0.84375, 0.661842), (0.84375, 0.725), (0.84375, 0.661842), (0.84375, 0.705028), (0.84375, 0.725), (0.84375, 0.705028), (0.84375, 0.725), (0.84375, 0.725), (0.84375, 0.705028), (0.84375, 0.705028), (0.84375, 0.725), (0.84375, 0.705028), (0.84375, 0.661842), (0.84375, 0.725), (0.84375, 0.661842), (0.84375, 0.661842), (0.84375, 0.661842), (0.84375, 0.661842), (0.84375, 0.661842), (0.84375, 0.661842), (0.84375, 0.661842), (0.84375, 0.661842), (0.84375, 0.661842), (0.84375, 0.661842), (0.84375, 0.661842), (0.84375, 0.661842), (0.84375, 0.661842), (0.84375, 0.661842), (0.84375, 0.661842), (0.84375, 0.64079), (0.84375, 0.64079), (0.84375, 0.64079), (0.84375, 0.661842), (0.84375, 0.661842), (0.84375, 0.64079), (0.84375, 0.661842), (0.84375, 0.64079), (0.84375, 0.661842), (0.84375, 0.64079), (0.84375, 0.661842), (0.84375, 0.661842), (0.84375, 0.64079), (0.84375, 0.661842), (0.84375, 0.64079), (0.84375, 0.661842), (0.84375, 0.627684), (0.84375, 0.627684), (0.84375, 0.661842), (0.84375, 0.635887), (0.84375, 0.614636), (0.84375, 0.64079), (0.84375, 0.627684), (0.84375, 0.635887), (0.84375, 0.661842), (0.84375, 0.651316), (0.84375, 0.598684), (0.84375, 0.64079), (0.84375, 0.614636), (0.84375, 0.635887), (0.84375, 0.651316), (0.84375, 0.638684), (0.84375, 0.638684), (0.84375, 0.651316), (0.84375, 0.635887), (0.84375, 0.635887), (0.84375, 0.651316), (0.84375, 0.627684), (0.84375, 0.627684), (0.84375, 0.651316), (0.84375, 0.614636), (0.84375, 0.614636), (0.84375, 0.651316), (0.84375, 0.635526), (0.84375, 0.614636), (0.84375, 0.635526), (0.84375, 0.598684), (0.84375, 0.598684), (0.84375, 0.635526), (0.84375, 0.598684), (0.84375, 0.598684), (0.84375, 0.635526), (0.84375, 0.619737), (0.84375, 0.598684), (0.84375, 0.64079), (0.84375, 0.64079), (0.84375, 0.598684), (0.84375, 0.661842), (0.84375, 0.64079), (0.84375, 0.64079), (0.84375, 0.661842), (0.84375, 0.661842), (0.84375, 0.598684), (0.84375, 0.661842), (0.84375, 0.598684), (0.84375, 0.614636), (0.84375, 0.661842), (0.84375, 0.598684), (0.84375, 0.627684), (0.84375, 0.661842), (0.84375, 0.614636), (0.84375, 0.635887), (0.84375, 0.661842), (0.84375, 0.627684), (0.84375, 0.638684), (0.84375, 0.661842), (0.84375, 0.635887), (0.84375, 0.635887), (0.84375, 0.661842), (0.84375, 0.638684), (0.84375, 0.635887), (0.84375, 0.661842), (0.84375, 0.661842), (0.84375, 0.627684), (0.84375, 0.661842), (0.84375, 0.635887), (0.84375, 0.614636), (0.84375, 0.661842), (0.84375, 0.627684), (0.84375, 0.598684), (0.84375, 0.661842), (0.84375, 0.614636), (0.84375, 0.598684), (0.84375, 0.64079), (0.84375, 0.661842), (0.84375, 0.598684), (0.84375, 0.64079), (0.84375, 0.598684), (0.84375, 0.598684), (0.84375, 0.64079), (0.84375, 0.598684), (0.84375, 0.64079), (0.84375, 0.598684), (0.84375, 0.619737), (0.84375, 0.661842), (0.84375, 0.64079), (0.84375, 0.661842), (0.84375, 0.64079), (0.84375, 0.661842), (0.84375, 0.64079), (0.84375, 0.661842), (0.84375, 0.661842), (0.84375, 0.661842), (0.84375, 0.661842), (0.84375, 0.725), (0.84375, 0.661842), (0.84375, 0.705028), (0.84375, 0.725), (0.84375, 0.661842), (0.84375, 0.705028), (0.84375, 0.725), (0.84375, 0.705028), (0.84375, 0.725), (0.84375, 0.705028), (0.84375, 0.725), (0.84375, 0.661842), (0.84375, 0.725), (0.84375, 0.705028), (0.84375, 0.725), (0.84375, 0.661842), (0.84375, 0.661842), (0.84375, 0.651316), (0.84375, 0.635526), (0.84375, 0.651316), (0.84375, 0.635526), (0.84375, 0.651316), (0.84375, 0.635526), (0.84375, 0.635526), (0.84375, 0.651316), (0.84375, 0.619737), (0.84375, 0.619737), (0.84375, 0.651316), (0.84375, 0.635526), (0.84375, 0.635526), (0.84375, 0.651316), (0.84375, 0.635526), (0.84375, 0.619737), (0.84375, 0.619737), (0.84375, 0.635526), (0.84375, 0.725), (0.84375, 0.725), (0.84375, 0.725), (0.84375, 0.725), (0.84375, 0.725), (0.84375, 0.725), (0.84375, 0.661842), (0.84375, 0.676728), (0.84375, 0.661842), (0.84375, 0.676728), (0.84375, 0.661842), (0.84375, 0.725), (0.84375, 0.676728), (0.84375, 0.661842), (0.84375, 0.676728), (0.84375, 0.676728), (0.84375, 0.725), (0.84375, 0.710113), (0.84375, 0.661842), (0.84375, 0.676728), (0.84375, 0.725), (0.84375, 0.710113), (0.84375, 0.725), (0.84375, 0.710113), (0.84375, 0.725), (0.84375, 0.676728), (0.84375, 0.710113), (0.84375, 0.725), (0.84375, 0.710113), (0.84375, 0.725), (0.84375, 0.411842), (0.84375, 0.39079), (0.84375, 0.39079), (0.84375, 0.39079), (0.84375, 0.411842), (0.84375, 0.411842), (0.84375, 0.411842), (0.84375, 0.39079), (0.84375, 0.39079), (0.84375, 0.39079), (0.84375, 0.411842), (0.84375, 0.411842), (0.84375, 0.411842), (0.84375, 0.411842), (0.84375, 0.411842), (0.84375, 0.411842), (0.84375, 0.411842), (0.84375, 0.411842), (0.84375, 0.411842), (0.84375, 0.411842), (0.84375, 0.411842), (0.84375, 0.411842), (0.84375, 0.411842), (0.84375, 0.411842), (0.84375, 0.411842), (0.84375, 0.411842), (0.84375, 0.411842), (0.84375, 0.411842), (0.84375, 0.411842), (0.84375, 0.411842), (0.84375, 0.411842), (0.84375, 0.411842), (0.84375, 0.411842), (0.84375, 0.411842), (0.84375, 0.411842), (0.84375, 0.411842), (0.84375, 0.411842), (0.84375, 0.411842), (0.84375, 0.411842), (0.84375, 0.411842), (0.84375, 0.411842), (0.84375, 0.411842), (0.84375, 0.411842), (0.84375, 0.411842), (0.84375, 0.411842), (0.84375, 0.411842), (0.84375, 0.411842), (0.84375, 0.411842), (0.84375, 0.332143), (0.84375, 0.275), (0.84375, 0.275), (0.84375, 0.275), (0.84375, 0.332143), (0.84375, 0.332143), (0.84375, 0.332143), (0.84375, 0.332143), (0.84375, 0.417857), (0.84375, 0.332143), (0.84375, 0.417857), (0.84375, 0.417857), (0.84375, 0.417857), (0.84375, 0.417857), (0.84375, 0.475), (0.84375, 0.417857), (0.84375, 0.475), (0.84375, 0.475), (0.84375, 0.332143), (0.84375, 0.275), (0.84375, 0.275), (0.84375, 0.275), (0.84375, 0.332143), (0.84375, 0.332143), (0.84375, 0.332143), (0.84375, 0.332143), (0.84375, 0.417857), (0.84375, 0.332143), (0.84375, 0.417857), (0.84375, 0.417857), (0.84375, 0.417857), (0.84375, 0.417857), (0.84375, 0.475), (0.84375, 0.417857), (0.84375, 0.475), (0.84375, 0.475), (0.34375, 0.025), (0.34375, 0.225), (0.34375, 0.025), (0.34375, 0.225), (0.34375, 0.025), (0.34375, 0.225), (0.34375, 0.025), (0.34375, 0.225), (0.34375, 0.025), (0.34375, 0.225), (0.34375, 0.025), (0.34375, 0.225), (0.09375, 0.225), (0.09375, 0.025), (0.09375, 0.025), (0.09375, 0.025), (0.09375, 0.225), (0.09375, 0.225), (0.09375, 0.195943), (0.09375, 0.025), (0.09375, 0.195943), (0.09375, 0.025), (0.09375, 0.195943), (0.09375, 0.025), (0.09375, 0.025), (0.09375, 0.195943), (0.09375, 0.025), (0.09375, 0.216074), (0.09375, 0.0839256), (0.09375, 0.0839256), (0.09375, 0.0839256), (0.09375, 0.216074), (0.09375, 0.216074), (0.09375, 0.025), (0.09375, 0.195943), (0.09375, 0.025), (0.09375, 0.195943), (0.09375, 0.025), (0.09375, 0.195943), (0.09375, 0.195943), (0.09375, 0.025), (0.09375, 0.025), (0.21875, 0.225), (0.21875, 0.025), (0.21875, 0.225), (0.21875, 0.025), (0.21875, 0.225), (0.21875, 0.025), (0.21875, 0.225), (0.21875, 0.025), (0.21875, 0.225), (0.21875, 0.025), (0.21875, 0.225), (0.21875, 0.025), (0.34375, 0.275), (0.34375, 0.408333), (0.34375, 0.275), (0.34375, 0.408333), (0.34375, 0.275), (0.34375, 0.408333), (0.34375, 0.275), (0.34375, 0.275), (0.34375, 0.275), (0.34375, 0.275), (0.34375, 0.275), (0.34375, 0.275), (0.34375, 0.408333), (0.34375, 0.275), (0.34375, 0.275), (0.34375, 0.275), (0.34375, 0.408333), (0.34375, 0.408333), (0.34375, 0.408333), (0.34375, 0.275), (0.34375, 0.275), (0.34375, 0.275), (0.34375, 0.408333), (0.34375, 0.408333), (0.34375, 0.408333), (0.34375, 0.275), (0.34375, 0.408333), (0.34375, 0.275), (0.34375, 0.408333), (0.34375, 0.275), (0.34375, 0.275), (0.34375, 0.275), (0.34375, 0.275), (0.34375, 0.275), (0.34375, 0.275), (0.34375, 0.275), (0.34375, 0.408333), (0.34375, 0.275), (0.34375, 0.275), (0.34375, 0.275), (0.34375, 0.408333), (0.34375, 0.408333), (0.34375, 0.408333), (0.34375, 0.275), (0.34375, 0.275), (0.34375, 0.275), (0.34375, 0.408333), (0.34375, 0.408333), (0.34375, 0.408333), (0.34375, 0.275), (0.34375, 0.408333), (0.34375, 0.275), (0.34375, 0.408333), (0.34375, 0.275), (0.34375, 0.275), (0.34375, 0.408333), (0.34375, 0.275), (0.34375, 0.408333), (0.34375, 0.275), (0.34375, 0.408333), (0.84375, 0.658333), (0.84375, 0.725), (0.84375, 0.658333), (0.84375, 0.725), (0.84375, 0.658333), (0.84375, 0.725), (0.84375, 0.725), (0.84375, 0.658333), (0.84375, 0.691667), (0.84375, 0.725), (0.84375, 0.658333), (0.84375, 0.658333), (0.84375, 0.658333), (0.84375, 0.725), (0.84375, 0.725), (0.84375, 0.691667), (0.84375, 0.658333), (0.84375, 0.658333), (0.84375, 0.658333), (0.84375, 0.691667), (0.84375, 0.691667), (0.84375, 0.725), (0.84375, 0.691667), (0.84375, 0.725), (0.84375, 0.691667), (0.84375, 0.725), (0.84375, 0.691667), (0.84375, 0.725), (0.84375, 0.658333), (0.84375, 0.725), (0.84375, 0.658333), (0.84375, 0.725), (0.84375, 0.658333), (0.84375, 0.658333), (0.84375, 0.725), (0.84375, 0.691667), (0.84375, 0.725), (0.84375, 0.725), (0.84375, 0.725), (0.84375, 0.725), (0.84375, 0.725), (0.84375, 0.725), (0.84375, 0.658333), (0.84375, 0.658333), (0.84375, 0.658333), (0.84375, 0.658333), (0.84375, 0.658333), (0.84375, 0.658333), (0.84375, 0.658333), (0.84375, 0.658333), (0.84375, 0.658333), (0.84375, 0.658333), (0.84375, 0.658333), (0.84375, 0.658333), (0.84375, 0.658333), (0.84375, 0.658333), (0.84375, 0.658333), (0.84375, 0.658333), (0.84375, 0.658333), (0.84375, 0.658333), (0.84375, 0.658333), (0.84375, 0.658333), (0.84375, 0.658333), (0.84375, 0.658333), (0.84375, 0.658333), (0.84375, 0.658333), (0.84375, 0.658333), (0.84375, 0.658333), (0.84375, 0.658333), (0.84375, 0.658333), (0.84375, 0.658333), (0.84375, 0.658333), (0.84375, 0.658333), (0.84375, 0.658333), (0.84375, 0.658333), (0.84375, 0.658333), (0.84375, 0.658333), (0.84375, 0.658333), (0.84375, 0.658333), (0.84375, 0.658333), (0.84375, 0.658333), (0.84375, 0.658333), (0.84375, 0.658333), (0.84375, 0.658333), (0.34375, 0.275), (0.34375, 0.275), (0.34375, 0.318999), (0.34375, 0.318999), (0.34375, 0.275), (0.34375, 0.36), (0.34375, 0.275), (0.34375, 0.275), (0.34375, 0.36), (0.34375, 0.275), (0.34375, 0.275), (0.34375, 0.36), (0.34375, 0.36), (0.34375, 0.275), (0.34375, 0.395208), (0.34375, 0.275), (0.34375, 0.275), (0.34375, 0.275), (0.34375, 0.275), (0.34375, 0.306294), (0.34375, 0.395208), (0.34375, 0.275), (0.34375, 0.275), (0.34375, 0.275), (0.34375, 0.306294), (0.34375, 0.335456), (0.34375, 0.395208), (0.34375, 0.335456), (0.34375, 0.360498), (0.34375, 0.395208), (0.34375, 0.275), (0.34375, 0.275), (0.34375, 0.275), (0.34375, 0.275), (0.34375, 0.275), (0.34375, 0.275), (0.34375, 0.395208), (0.34375, 0.360498), (0.34375, 0.422224), (0.34375, 0.275), (0.34375, 0.275), (0.34375, 0.275), (0.34375, 0.360498), (0.34375, 0.379713), (0.34375, 0.422224), (0.34375, 0.422224), (0.34375, 0.379713), (0.34375, 0.439207), (0.34375, 0.379713), (0.34375, 0.391792), (0.34375, 0.439207), (0.34375, 0.439207), (0.34375, 0.391792), (0.34375, 0.445), (0.34375, 0.391792), (0.34375, 0.395912), (0.34375, 0.445), (0.34375, 0.395912), (0.34375, 0.391792), (0.34375, 0.445), (0.34375, 0.445), (0.34375, 0.391792), (0.34375, 0.439207), (0.34375, 0.275), (0.34375, 0.275), (0.34375, 0.275), (0.34375, 0.275), (0.34375, 0.275), (0.34375, 0.275), (0.34375, 0.275), (0.34375, 0.275), (0.34375, 0.275), (0.34375, 0.275), (0.34375, 0.275), (0.34375, 0.275), (0.34375, 0.275), (0.34375, 0.275), (0.34375, 0.275), (0.34375, 0.391792), (0.34375, 0.379713), (0.34375, 0.439207), (0.34375, 0.439207), (0.34375, 0.379713), (0.34375, 0.422224), (0.34375, 0.379713), (0.34375, 0.360498), (0.34375, 0.422224), (0.34375, 0.360498), (0.34375, 0.335456), (0.34375, 0.422224), (0.34375, 0.335456), (0.34375, 0.306294), (0.34375, 0.422224), (0.34375, 0.275), (0.34375, 0.275), (0.34375, 0.275), (0.34375, 0.275), (0.34375, 0.275), (0.34375, 0.275), (0.34375, 0.275), (0.34375, 0.275), (0.34375, 0.275), (0.34375, 0.275), (0.34375, 0.275), (0.34375, 0.275), (0.34375, 0.275), (0.34375, 0.275), (0.34375, 0.275), (0.34375, 0.275), (0.34375, 0.275), (0.34375, 0.275), (0.34375, 0.275), (0.34375, 0.275), (0.34375, 0.275), (0.34375, 0.422224), (0.34375, 0.306294), (0.34375, 0.395208), (0.34375, 0.275), (0.34375, 0.275), (0.34375, 0.275), (0.34375, 0.306294), (0.34375, 0.275), (0.34375, 0.395208), (0.34375, 0.275), (0.34375, 0.275), (0.34375, 0.275), (0.34375, 0.36), (0.34375, 0.395208), (0.34375, 0.275), (0.34375, 0.275), (0.34375, 0.275), (0.34375, 0.36), (0.34375, 0.275), (0.34375, 0.275), (0.34375, 0.36), (0.34375, 0.36), (0.34375, 0.275), (0.34375, 0.318999), (0.34375, 0.275), (0.34375, 0.275), (0.34375, 0.318999), (0.34375, 0.275), (0.34375, 0.318999), (0.34375, 0.275), (0.34375, 0.375), (0.34375, 0.36), (0.34375, 0.326764), (0.34375, 0.318999), (0.34375, 0.326764), (0.34375, 0.36), (0.34375, 0.275), (0.34375, 0.275), (0.34375, 0.275), (0.34375, 0.275), (0.34375, 0.275), (0.34375, 0.275), (0.34375, 0.275), (0.34375, 0.318999), (0.34375, 0.275), (0.34375, 0.275), (0.34375, 0.318999), (0.34375, 0.275), (0.34375, 0.318999), (0.34375, 0.36), (0.34375, 0.275), (0.34375, 0.275), (0.34375, 0.36), (0.34375, 0.275), (0.34375, 0.36), (0.34375, 0.395208), (0.34375, 0.275), (0.34375, 0.275), (0.34375, 0.395208), (0.34375, 0.275), (0.34375, 0.395208), (0.34375, 0.422224), (0.34375, 0.275), (0.34375, 0.275), (0.34375, 0.422224), (0.34375, 0.275), (0.34375, 0.422224), (0.34375, 0.439207), (0.34375, 0.275), (0.34375, 0.275), (0.34375, 0.439207), (0.34375, 0.275), (0.34375, 0.439207), (0.34375, 0.445), (0.34375, 0.275), (0.34375, 0.275), (0.34375, 0.445), (0.34375, 0.275), (0.34375, 0.445), (0.34375, 0.439207), (0.34375, 0.275), (0.34375, 0.275), (0.34375, 0.439207), (0.34375, 0.275), (0.34375, 0.439207), (0.34375, 0.422224), (0.34375, 0.275), (0.34375, 0.275), (0.34375, 0.422224), (0.34375, 0.275), (0.34375, 0.422224), (0.34375, 0.395208), (0.34375, 0.275), (0.34375, 0.275), (0.34375, 0.395208), (0.34375, 0.275), (0.34375, 0.395208), (0.34375, 0.36), (0.34375, 0.275), (0.34375, 0.36), (0.34375, 0.318999), (0.34375, 0.275), (0.34375, 0.275), (0.34375, 0.318999), (0.34375, 0.275), (0.34375, 0.275), (0.34375, 0.275), (0.34375, 0.318999), (0.34375, 0.318999), (0.34375, 0.326764), (0.34375, 0.275), (0.34375, 0.275), (0.34375, 0.275), (0.34375, 0.326764), (0.34375, 0.275), (0.34375, 0.275), (0.34375, 0.275), (0.34375, 0.275), (0.34375, 0.275), (0.34375, 0.275), (0.34375, 0.275), (0.34375, 0.275), (0.34375, 0.275), (0.34375, 0.275), (0.34375, 0.275), (0.34375, 0.275), (0.34375, 0.468185), (0.34375, 0.439207), (0.34375, 0.475), (0.34375, 0.445), (0.34375, 0.475), (0.34375, 0.439207), (0.34375, 0.416421), (0.34375, 0.395208), (0.34375, 0.448205), (0.34375, 0.422224), (0.34375, 0.448205), (0.34375, 0.395208), (0.34375, 0.275), (0.34375, 0.275), (0.34375, 0.275), (0.34375, 0.275), (0.34375, 0.275), (0.34375, 0.275), (0.34375, 0.275), (0.34375, 0.275), (0.34375, 0.275), (0.34375, 0.275), (0.34375, 0.275), (0.34375, 0.275), (0.34375, 0.275), (0.34375, 0.275), (0.34375, 0.275), (0.34375, 0.275), (0.34375, 0.275), (0.34375, 0.275), (0.34375, 0.416421), (0.34375, 0.375), (0.34375, 0.395208), (0.34375, 0.36), (0.34375, 0.395208), (0.34375, 0.375), (0.34375, 0.275), (0.34375, 0.275), (0.34375, 0.275), (0.34375, 0.275), (0.34375, 0.275), (0.34375, 0.275), (0.34375, 0.275), (0.34375, 0.275), (0.34375, 0.275), (0.34375, 0.275), (0.34375, 0.275), (0.34375, 0.275), (0.34375, 0.275), (0.34375, 0.275), (0.34375, 0.275), (0.34375, 0.275), (0.34375, 0.275), (0.34375, 0.275), (0.34375, 0.275), (0.34375, 0.275), (0.34375, 0.275), (0.34375, 0.275), (0.34375, 0.275), (0.34375, 0.275), (0.34375, 0.416421), (0.34375, 0.395208), (0.34375, 0.375), (0.34375, 0.36), (0.34375, 0.375), (0.34375, 0.395208), (0.34375, 0.275), (0.34375, 0.275), (0.34375, 0.275), (0.34375, 0.275), (0.34375, 0.275), (0.34375, 0.275), (0.34375, 0.326764), (0.34375, 0.318999), (0.34375, 0.275), (0.34375, 0.275), (0.34375, 0.275), (0.34375, 0.318999), (0.34375, 0.375), (0.34375, 0.326764), (0.34375, 0.36), (0.34375, 0.318999), (0.34375, 0.36), (0.34375, 0.326764), (0.34375, 0.468185), (0.34375, 0.439207), (0.34375, 0.448205), (0.34375, 0.422224), (0.34375, 0.448205), (0.34375, 0.439207), (0.34375, 0.475), (0.34375, 0.445), (0.34375, 0.468185), (0.34375, 0.439207), (0.34375, 0.468185), (0.34375, 0.445), (0.34375, 0.275), (0.34375, 0.275), (0.34375, 0.275), (0.34375, 0.275), (0.34375, 0.275), (0.34375, 0.275), (0.34375, 0.448205), (0.34375, 0.422224), (0.34375, 0.416421), (0.34375, 0.395208), (0.34375, 0.416421), (0.34375, 0.422224), (0.34375, 0.475), (0.34375, 0.475), (0.34375, 0.468185), (0.34375, 0.468185), (0.34375, 0.468185), (0.34375, 0.475), (0.34375, 0.275), (0.34375, 0.275), (0.34375, 0.275), (0.34375, 0.275), (0.34375, 0.275), (0.34375, 0.275), (0.34375, 0.275), (0.34375, 0.275), (0.34375, 0.275), (0.34375, 0.275), (0.34375, 0.275), (0.34375, 0.275), (0.34375, 0.468185), (0.34375, 0.468185), (0.34375, 0.448205), (0.34375, 0.448205), (0.34375, 0.448205), (0.34375, 0.468185), (0.34375, 0.275), (0.34375, 0.275), (0.34375, 0.275), (0.34375, 0.275), (0.34375, 0.275), (0.34375, 0.275), (0.34375, 0.275), (0.34375, 0.275), (0.34375, 0.275), (0.34375, 0.275), (0.34375, 0.275), (0.34375, 0.275), (0.34375, 0.275), (0.34375, 0.275), (0.34375, 0.275), (0.34375, 0.275), (0.34375, 0.275), (0.34375, 0.275), (0.34375, 0.275), (0.34375, 0.275), (0.34375, 0.275), (0.34375, 0.275), (0.34375, 0.275), (0.34375, 0.275), (0.34375, 0.375), (0.34375, 0.375), (0.34375, 0.326764), (0.34375, 0.326764), (0.34375, 0.326764), (0.34375, 0.375), (0.34375, 0.275), (0.34375, 0.275), (0.34375, 0.275), (0.34375, 0.275), (0.34375, 0.275), (0.34375, 0.275), (0.34375, 0.448205), (0.34375, 0.422224), (0.34375, 0.468185), (0.34375, 0.439207), (0.34375, 0.468185), (0.34375, 0.422224), (0.34375, 0.275), (0.34375, 0.275), (0.34375, 0.275), (0.34375, 0.275), (0.34375, 0.275), (0.34375, 0.275), (0.34375, 0.275), (0.34375, 0.275), (0.34375, 0.275), (0.34375, 0.275), (0.34375, 0.275), (0.34375, 0.275), (0.34375, 0.326764), (0.34375, 0.326764), (0.34375, 0.275), (0.34375, 0.275), (0.34375, 0.275), (0.34375, 0.326764), (0.34375, 0.448205), (0.34375, 0.448205), (0.34375, 0.416421), (0.34375, 0.416421), (0.34375, 0.416421), (0.34375, 0.448205), (0.34375, 0.318999), (0.34375, 0.326764), (0.34375, 0.275), (0.34375, 0.275), (0.34375, 0.275), (0.34375, 0.326764), (0.34375, 0.375), (0.34375, 0.36), (0.34375, 0.326764), (0.34375, 0.318999), (0.34375, 0.326764), (0.34375, 0.36), (0.34375, 0.326764), (0.34375, 0.326764), (0.34375, 0.275), (0.34375, 0.275), (0.34375, 0.275), (0.34375, 0.326764), (0.34375, 0.416421), (0.34375, 0.416421), (0.34375, 0.375), (0.34375, 0.375), (0.34375, 0.375), (0.34375, 0.416421), (0.34375, 0.439207), (0.34375, 0.468185), (0.34375, 0.445), (0.34375, 0.475), (0.34375, 0.445), (0.34375, 0.468185), (0.34375, 0.375), (0.34375, 0.326764), (0.34375, 0.36), (0.34375, 0.318999), (0.34375, 0.36), (0.34375, 0.326764), (0.34375, 0.445), (0.34375, 0.475), (0.34375, 0.439207), (0.34375, 0.468185), (0.34375, 0.439207), (0.34375, 0.475), (0.34375, 0.448205), (0.34375, 0.448205), (0.34375, 0.468185), (0.34375, 0.468185), (0.34375, 0.468185), (0.34375, 0.448205), (0.34375, 0.275), (0.34375, 0.275), (0.34375, 0.275), (0.34375, 0.275), (0.34375, 0.275), (0.34375, 0.275), (0.34375, 0.416421), (0.34375, 0.375), (0.34375, 0.395208), (0.34375, 0.36), (0.34375, 0.395208), (0.34375, 0.375), (0.34375, 0.275), (0.34375, 0.275), (0.34375, 0.275), (0.34375, 0.275), (0.34375, 0.275), (0.34375, 0.275), (0.34375, 0.275), (0.34375, 0.275), (0.34375, 0.275), (0.34375, 0.275), (0.34375, 0.275), (0.34375, 0.275), (0.34375, 0.275), (0.34375, 0.275), (0.34375, 0.275), (0.34375, 0.275), (0.34375, 0.275), (0.34375, 0.275), (0.34375, 0.275), (0.34375, 0.275), (0.34375, 0.275), (0.34375, 0.275), (0.34375, 0.275), (0.34375, 0.275), (0.34375, 0.275), (0.34375, 0.275), (0.34375, 0.275), (0.34375, 0.275), (0.34375, 0.275), (0.34375, 0.275), (0.34375, 0.275), (0.34375, 0.275), (0.34375, 0.275), (0.34375, 0.275), (0.34375, 0.275), (0.34375, 0.275), (0.34375, 0.468185), (0.34375, 0.468185), (0.34375, 0.475), (0.34375, 0.475), (0.34375, 0.475), (0.34375, 0.468185), (0.34375, 0.275), (0.34375, 0.275), (0.34375, 0.275), (0.34375, 0.275), (0.34375, 0.275), (0.34375, 0.275), (0.34375, 0.416421), (0.34375, 0.416421), (0.34375, 0.375), (0.34375, 0.375), (0.34375, 0.375), (0.34375, 0.416421), (0.34375, 0.275), (0.34375, 0.275), (0.34375, 0.275), (0.34375, 0.275), (0.34375, 0.275), (0.34375, 0.275), (0.34375, 0.422224), (0.34375, 0.448205), (0.34375, 0.439207), (0.34375, 0.468185), (0.34375, 0.439207), (0.34375, 0.448205), (0.34375, 0.375), (0.34375, 0.375), (0.34375, 0.326764), (0.34375, 0.326764), (0.34375, 0.326764), (0.34375, 0.375), (0.34375, 0.275), (0.34375, 0.275), (0.34375, 0.275), (0.34375, 0.275), (0.34375, 0.275), (0.34375, 0.275), (0.34375, 0.422224), (0.34375, 0.448205), (0.34375, 0.395208), (0.34375, 0.416421), (0.34375, 0.395208), (0.34375, 0.448205), (0.34375, 0.439207), (0.34375, 0.468185), (0.34375, 0.422224), (0.34375, 0.448205), (0.34375, 0.422224), (0.34375, 0.468185), (0.34375, 0.275), (0.34375, 0.275), (0.34375, 0.275), (0.34375, 0.275), (0.34375, 0.275), (0.34375, 0.275), (0.34375, 0.275), (0.34375, 0.275), (0.34375, 0.275), (0.34375, 0.275), (0.34375, 0.275), (0.34375, 0.275), (0.34375, 0.395208), (0.34375, 0.416421), (0.34375, 0.422224), (0.34375, 0.448205), (0.34375, 0.422224), (0.34375, 0.416421), (0.34375, 0.275), (0.34375, 0.275), (0.34375, 0.275), (0.34375, 0.275), (0.34375, 0.275), (0.34375, 0.275), (0.34375, 0.275), (0.34375, 0.275), (0.34375, 0.275), (0.34375, 0.275), (0.34375, 0.275), (0.34375, 0.275), (0.34375, 0.416421), (0.34375, 0.395208), (0.34375, 0.375), (0.34375, 0.36), (0.34375, 0.375), (0.34375, 0.395208), (0.34375, 0.275), (0.34375, 0.275), (0.34375, 0.275), (0.34375, 0.275), (0.34375, 0.275), (0.34375, 0.275), (0.34375, 0.326764), (0.34375, 0.318999), (0.34375, 0.275), (0.34375, 0.275), (0.34375, 0.275), (0.34375, 0.318999), (0.34375, 0.416421), (0.34375, 0.416421), (0.34375, 0.448205), (0.34375, 0.448205), (0.34375, 0.448205), (0.34375, 0.416421), (0.71875, 0.375), (0.71875, 0.400882), (0.71875, 0.349118), (0.71875, 0.349118), (0.71875, 0.400882), (0.71875, 0.325), (0.71875, 0.400882), (0.71875, 0.425), (0.71875, 0.325), (0.71875, 0.325), (0.71875, 0.425), (0.71875, 0.304289), (0.71875, 0.425), (0.71875, 0.445711), (0.71875, 0.304289), (0.71875, 0.445711), (0.71875, 0.375), (0.71875, 0.304289), (0.71875, 0.375), (0.71875, 0.357807), (0.71875, 0.304289), (0.71875, 0.375), (0.71875, 0.445711), (0.71875, 0.392193), (0.71875, 0.357807), (0.71875, 0.341786), (0.71875, 0.304289), (0.71875, 0.392193), (0.71875, 0.445711), (0.71875, 0.408214), (0.71875, 0.304289), (0.71875, 0.341786), (0.71875, 0.288397), (0.71875, 0.445711), (0.71875, 0.461603), (0.71875, 0.408214), (0.71875, 0.341786), (0.71875, 0.328029), (0.71875, 0.288397), (0.71875, 0.328029), (0.71875, 0.317472), (0.71875, 0.288397), (0.71875, 0.288397), (0.71875, 0.317472), (0.71875, 0.278407), (0.71875, 0.408214), (0.71875, 0.461603), (0.71875, 0.421971), (0.71875, 0.421971), (0.71875, 0.461603), (0.71875, 0.432528), (0.71875, 0.461603), (0.71875, 0.471593), (0.71875, 0.432528), (0.71875, 0.317472), (0.71875, 0.310836), (0.71875, 0.278407), (0.71875, 0.278407), (0.71875, 0.310836), (0.71875, 0.275), (0.71875, 0.310836), (0.71875, 0.308573), (0.71875, 0.275), (0.71875, 0.308573), (0.71875, 0.310836), (0.71875, 0.275), (0.71875, 0.275), (0.71875, 0.310836), (0.71875, 0.278407), (0.71875, 0.432528), (0.71875, 0.471593), (0.71875, 0.439164), (0.71875, 0.439164), (0.71875, 0.471593), (0.71875, 0.441427), (0.71875, 0.471593), (0.71875, 0.475), (0.71875, 0.441427), (0.71875, 0.310836), (0.71875, 0.317472), (0.71875, 0.278407), (0.71875, 0.317472), (0.71875, 0.328029), (0.71875, 0.278407), (0.71875, 0.278407), (0.71875, 0.328029), (0.71875, 0.288397), (0.71875, 0.441427), (0.71875, 0.475), (0.71875, 0.439164), (0.71875, 0.475), (0.71875, 0.471593), (0.71875, 0.439164), (0.71875, 0.439164), (0.71875, 0.471593), (0.71875, 0.432528), (0.71875, 0.432528), (0.71875, 0.471593), (0.71875, 0.421971), (0.71875, 0.471593), (0.71875, 0.461603), (0.71875, 0.421971), (0.71875, 0.328029), (0.71875, 0.341786), (0.71875, 0.288397), (0.71875, 0.341786), (0.71875, 0.357807), (0.71875, 0.288397), (0.71875, 0.288397), (0.71875, 0.357807), (0.71875, 0.304289), (0.71875, 0.421971), (0.71875, 0.461603), (0.71875, 0.408214), (0.71875, 0.408214), (0.71875, 0.461603), (0.71875, 0.392193), (0.71875, 0.461603), (0.71875, 0.445711), (0.71875, 0.392193), (0.71875, 0.357807), (0.71875, 0.375), (0.71875, 0.304289), (0.71875, 0.375), (0.71875, 0.392193), (0.71875, 0.445711), (0.71875, 0.375), (0.71875, 0.445711), (0.71875, 0.304289), (0.71875, 0.304289), (0.71875, 0.445711), (0.71875, 0.325), (0.71875, 0.445711), (0.71875, 0.425), (0.71875, 0.325), (0.71875, 0.325), (0.71875, 0.425), (0.71875, 0.349118), (0.71875, 0.425), (0.71875, 0.400882), (0.71875, 0.349118), (0.71875, 0.375), (0.71875, 0.349118), (0.71875, 0.400882), (0.71875, 0.335), (0.71875, 0.325353), (0.71875, 0.33), (0.71875, 0.322765), (0.71875, 0.33), (0.71875, 0.325353), (0.71875, 0.315), (0.71875, 0.307235), (0.71875, 0.315), (0.71875, 0.304647), (0.71875, 0.315), (0.71875, 0.307235), (0.71875, 0.3), (0.71875, 0.295), (0.71875, 0.293787), (0.71875, 0.286716), (0.71875, 0.293787), (0.71875, 0.295), (0.71875, 0.343284), (0.71875, 0.335), (0.71875, 0.336213), (0.71875, 0.33), (0.71875, 0.336213), (0.71875, 0.335), (0.71875, 0.3), (0.71875, 0.293787), (0.71875, 0.295), (0.71875, 0.286716), (0.71875, 0.295), (0.71875, 0.293787), (0.71875, 0.349641), (0.71875, 0.353637), (0.71875, 0.340981), (0.71875, 0.343978), (0.71875, 0.340981), (0.71875, 0.353637), (0.71875, 0.343284), (0.71875, 0.349641), (0.71875, 0.336213), (0.71875, 0.340981), (0.71875, 0.336213), (0.71875, 0.349641), (0.71875, 0.353637), (0.71875, 0.355), (0.71875, 0.343978), (0.71875, 0.345), (0.71875, 0.343978), (0.71875, 0.355), (0.71875, 0.315), (0.71875, 0.307235), (0.71875, 0.322765), (0.71875, 0.322765), (0.71875, 0.307235), (0.71875, 0.33), (0.71875, 0.307235), (0.71875, 0.3), (0.71875, 0.33), (0.71875, 0.33), (0.71875, 0.3), (0.71875, 0.336213), (0.71875, 0.3), (0.71875, 0.293787), (0.71875, 0.336213), (0.71875, 0.336213), (0.71875, 0.293787), (0.71875, 0.340981), (0.71875, 0.293787), (0.71875, 0.289019), (0.71875, 0.340981), (0.71875, 0.340981), (0.71875, 0.289019), (0.71875, 0.343978), (0.71875, 0.289019), (0.71875, 0.286022), (0.71875, 0.343978), (0.71875, 0.343978), (0.71875, 0.286022), (0.71875, 0.345), (0.71875, 0.286022), (0.71875, 0.285), (0.71875, 0.345), (0.71875, 0.345), (0.71875, 0.285), (0.71875, 0.343978), (0.71875, 0.285), (0.71875, 0.286022), (0.71875, 0.343978), (0.71875, 0.343978), (0.71875, 0.286022), (0.71875, 0.340981), (0.71875, 0.286022), (0.71875, 0.289019), (0.71875, 0.340981), (0.71875, 0.340981), (0.71875, 0.289019), (0.71875, 0.336213), (0.71875, 0.289019), (0.71875, 0.293787), (0.71875, 0.336213), (0.71875, 0.336213), (0.71875, 0.293787), (0.71875, 0.33), (0.71875, 0.293787), (0.71875, 0.3), (0.71875, 0.33), (0.71875, 0.33), (0.71875, 0.3), (0.71875, 0.322765), (0.71875, 0.3), (0.71875, 0.307235), (0.71875, 0.322765), (0.71875, 0.315), (0.71875, 0.322765), (0.71875, 0.307235), (0.71875, 0.307235), (0.71875, 0.304647), (0.71875, 0.3), (0.71875, 0.295), (0.71875, 0.3), (0.71875, 0.304647), (0.71875, 0.343284), (0.71875, 0.336213), (0.71875, 0.335), (0.71875, 0.33), (0.71875, 0.335), (0.71875, 0.336213), (0.71875, 0.353637), (0.71875, 0.349641), (0.71875, 0.343978), (0.71875, 0.340981), (0.71875, 0.343978), (0.71875, 0.349641), (0.71875, 0.280359), (0.71875, 0.289019), (0.71875, 0.276363), (0.71875, 0.286022), (0.71875, 0.276363), (0.71875, 0.289019), (0.71875, 0.349641), (0.71875, 0.343284), (0.71875, 0.340981), (0.71875, 0.336213), (0.71875, 0.340981), (0.71875, 0.343284), (0.71875, 0.307235), (0.71875, 0.3), (0.71875, 0.304647), (0.71875, 0.295), (0.71875, 0.304647), (0.71875, 0.3), (0.71875, 0.275), (0.71875, 0.276363), (0.71875, 0.285), (0.71875, 0.286022), (0.71875, 0.285), (0.71875, 0.276363), (0.71875, 0.325353), (0.71875, 0.322765), (0.71875, 0.315), (0.71875, 0.315), (0.71875, 0.315), (0.71875, 0.322765), (0.71875, 0.286716), (0.71875, 0.280359), (0.71875, 0.293787), (0.71875, 0.289019), (0.71875, 0.293787), (0.71875, 0.280359), (0.71875, 0.325353), (0.71875, 0.315), (0.71875, 0.322765), (0.71875, 0.315), (0.71875, 0.322765), (0.71875, 0.315), (0.71875, 0.335), (0.71875, 0.33), (0.71875, 0.325353), (0.71875, 0.322765), (0.71875, 0.325353), (0.71875, 0.33), (0.71875, 0.275), (0.71875, 0.285), (0.71875, 0.276363), (0.71875, 0.286022), (0.71875, 0.276363), (0.71875, 0.285), (0.71875, 0.315), (0.71875, 0.315), (0.71875, 0.307235), (0.71875, 0.304647), (0.71875, 0.307235), (0.71875, 0.315), (0.71875, 0.280359), (0.71875, 0.286716), (0.71875, 0.289019), (0.71875, 0.293787), (0.71875, 0.289019), (0.71875, 0.286716), (0.71875, 0.280359), (0.71875, 0.276363), (0.71875, 0.289019), (0.71875, 0.286022), (0.71875, 0.289019), (0.71875, 0.276363), (0.71875, 0.355), (0.71875, 0.353637), (0.71875, 0.345), (0.71875, 0.343978), (0.71875, 0.345), (0.71875, 0.353637), (0.34375, 0.275), (0.34375, 0.275), (0.34375, 0.318999), (0.34375, 0.318999), (0.34375, 0.275), (0.34375, 0.36), (0.34375, 0.275), (0.34375, 0.275), (0.34375, 0.36), (0.34375, 0.275), (0.34375, 0.275), (0.34375, 0.36), (0.34375, 0.36), (0.34375, 0.275), (0.34375, 0.395208), (0.34375, 0.275), (0.34375, 0.275), (0.34375, 0.275), (0.34375, 0.275), (0.34375, 0.306294), (0.34375, 0.395208), (0.34375, 0.275), (0.34375, 0.275), (0.34375, 0.275), (0.34375, 0.306294), (0.34375, 0.335456), (0.34375, 0.395208), (0.34375, 0.335456), (0.34375, 0.360498), (0.34375, 0.395208), (0.34375, 0.275), (0.34375, 0.275), (0.34375, 0.275), (0.34375, 0.275), (0.34375, 0.275), (0.34375, 0.275), (0.34375, 0.395208), (0.34375, 0.360498), (0.34375, 0.422224), (0.34375, 0.275), (0.34375, 0.275), (0.34375, 0.275), (0.34375, 0.360498), (0.34375, 0.379713), (0.34375, 0.422224), (0.34375, 0.422224), (0.34375, 0.379713), (0.34375, 0.439207), (0.34375, 0.379713), (0.34375, 0.391792), (0.34375, 0.439207), (0.34375, 0.439207), (0.34375, 0.391792), (0.34375, 0.445), (0.34375, 0.391792), (0.34375, 0.395912), (0.34375, 0.445), (0.34375, 0.395912), (0.34375, 0.391792), (0.34375, 0.445), (0.34375, 0.445), (0.34375, 0.391792), (0.34375, 0.439207), (0.34375, 0.275), (0.34375, 0.275), (0.34375, 0.275), (0.34375, 0.275), (0.34375, 0.275), (0.34375, 0.275), (0.34375, 0.275), (0.34375, 0.275), (0.34375, 0.275), (0.34375, 0.275), (0.34375, 0.275), (0.34375, 0.275), (0.34375, 0.275), (0.34375, 0.275), (0.34375, 0.275), (0.34375, 0.391792), (0.34375, 0.379713), (0.34375, 0.439207), (0.34375, 0.439207), (0.34375, 0.379713), (0.34375, 0.422224), (0.34375, 0.379713), (0.34375, 0.360498), (0.34375, 0.422224), (0.34375, 0.360498), (0.34375, 0.335456), (0.34375, 0.422224), (0.34375, 0.335456), (0.34375, 0.306294), (0.34375, 0.422224), (0.34375, 0.275), (0.34375, 0.275), (0.34375, 0.275), (0.34375, 0.275), (0.34375, 0.275), (0.34375, 0.275), (0.34375, 0.275), (0.34375, 0.275), (0.34375, 0.275), (0.34375, 0.275), (0.34375, 0.275), (0.34375, 0.275), (0.34375, 0.275), (0.34375, 0.275), (0.34375, 0.275), (0.34375, 0.275), (0.34375, 0.275), (0.34375, 0.275), (0.34375, 0.275), (0.34375, 0.275), (0.34375, 0.275), (0.34375, 0.422224), (0.34375, 0.306294), (0.34375, 0.395208), (0.34375, 0.275), (0.34375, 0.275), (0.34375, 0.275), (0.34375, 0.306294), (0.34375, 0.275), (0.34375, 0.395208), (0.34375, 0.275), (0.34375, 0.275), (0.34375, 0.275), (0.34375, 0.36), (0.34375, 0.395208), (0.34375, 0.275), (0.34375, 0.275), (0.34375, 0.275), (0.34375, 0.36), (0.34375, 0.275), (0.34375, 0.275), (0.34375, 0.36), (0.34375, 0.36), (0.34375, 0.275), (0.34375, 0.318999), (0.34375, 0.275), (0.34375, 0.275), (0.34375, 0.318999), (0.34375, 0.275), (0.34375, 0.318999), (0.34375, 0.275), (0.34375, 0.375), (0.34375, 0.36), (0.34375, 0.326764), (0.34375, 0.318999), (0.34375, 0.326764), (0.34375, 0.36), (0.34375, 0.275), (0.34375, 0.275), (0.34375, 0.275), (0.34375, 0.275), (0.34375, 0.275), (0.34375, 0.275), (0.34375, 0.275), (0.34375, 0.318999), (0.34375, 0.275), (0.34375, 0.275), (0.34375, 0.318999), (0.34375, 0.275), (0.34375, 0.318999), (0.34375, 0.36), (0.34375, 0.275), (0.34375, 0.275), (0.34375, 0.36), (0.34375, 0.275), (0.34375, 0.36), (0.34375, 0.395208), (0.34375, 0.275), (0.34375, 0.275), (0.34375, 0.395208), (0.34375, 0.275), (0.34375, 0.395208), (0.34375, 0.422224), (0.34375, 0.275), (0.34375, 0.275), (0.34375, 0.422224), (0.34375, 0.275), (0.34375, 0.422224), (0.34375, 0.439207), (0.34375, 0.275), (0.34375, 0.275), (0.34375, 0.439207), (0.34375, 0.275), (0.34375, 0.439207), (0.34375, 0.445), (0.34375, 0.275), (0.34375, 0.275), (0.34375, 0.445), (0.34375, 0.275), (0.34375, 0.445), (0.34375, 0.439207), (0.34375, 0.275), (0.34375, 0.275), (0.34375, 0.439207), (0.34375, 0.275), (0.34375, 0.439207), (0.34375, 0.422224), (0.34375, 0.275), (0.34375, 0.275), (0.34375, 0.422224), (0.34375, 0.275), (0.34375, 0.422224), (0.34375, 0.395208), (0.34375, 0.275), (0.34375, 0.275), (0.34375, 0.395208), (0.34375, 0.275), (0.34375, 0.395208), (0.34375, 0.36), (0.34375, 0.275), (0.34375, 0.36), (0.34375, 0.318999), (0.34375, 0.275), (0.34375, 0.275), (0.34375, 0.318999), (0.34375, 0.275), (0.34375, 0.275), (0.34375, 0.275), (0.34375, 0.318999), (0.34375, 0.318999), (0.34375, 0.326764), (0.34375, 0.275), (0.34375, 0.275), (0.34375, 0.275), (0.34375, 0.326764), (0.34375, 0.275), (0.34375, 0.275), (0.34375, 0.275), (0.34375, 0.275), (0.34375, 0.275), (0.34375, 0.275), (0.34375, 0.275), (0.34375, 0.275), (0.34375, 0.275), (0.34375, 0.275), (0.34375, 0.275), (0.34375, 0.275), (0.34375, 0.468185), (0.34375, 0.439207), (0.34375, 0.475), (0.34375, 0.445), (0.34375, 0.475), (0.34375, 0.439207), (0.34375, 0.416421), (0.34375, 0.395208), (0.34375, 0.448205), (0.34375, 0.422224), (0.34375, 0.448205), (0.34375, 0.395208), (0.34375, 0.275), (0.34375, 0.275), (0.34375, 0.275), (0.34375, 0.275), (0.34375, 0.275), (0.34375, 0.275), (0.34375, 0.275), (0.34375, 0.275), (0.34375, 0.275), (0.34375, 0.275), (0.34375, 0.275), (0.34375, 0.275), (0.34375, 0.275), (0.34375, 0.275), (0.34375, 0.275), (0.34375, 0.275), (0.34375, 0.275), (0.34375, 0.275), (0.34375, 0.416421), (0.34375, 0.375), (0.34375, 0.395208), (0.34375, 0.36), (0.34375, 0.395208), (0.34375, 0.375), (0.34375, 0.275), (0.34375, 0.275), (0.34375, 0.275), (0.34375, 0.275), (0.34375, 0.275), (0.34375, 0.275), (0.34375, 0.275), (0.34375, 0.275), (0.34375, 0.275), (0.34375, 0.275), (0.34375, 0.275), (0.34375, 0.275), (0.34375, 0.275), (0.34375, 0.275), (0.34375, 0.275), (0.34375, 0.275), (0.34375, 0.275), (0.34375, 0.275), (0.34375, 0.275), (0.34375, 0.275), (0.34375, 0.275), (0.34375, 0.275), (0.34375, 0.275), (0.34375, 0.275), (0.34375, 0.416421), (0.34375, 0.395208), (0.34375, 0.375), (0.34375, 0.36), (0.34375, 0.375), (0.34375, 0.395208), (0.34375, 0.275), (0.34375, 0.275), (0.34375, 0.275), (0.34375, 0.275), (0.34375, 0.275), (0.34375, 0.275), (0.34375, 0.326764), (0.34375, 0.318999), (0.34375, 0.275), (0.34375, 0.275), (0.34375, 0.275), (0.34375, 0.318999), (0.34375, 0.375), (0.34375, 0.326764), (0.34375, 0.36), (0.34375, 0.318999), (0.34375, 0.36), (0.34375, 0.326764), (0.34375, 0.468185), (0.34375, 0.439207), (0.34375, 0.448205), (0.34375, 0.422224), (0.34375, 0.448205), (0.34375, 0.439207), (0.34375, 0.475), (0.34375, 0.445), (0.34375, 0.468185), (0.34375, 0.439207), (0.34375, 0.468185), (0.34375, 0.445), (0.34375, 0.275), (0.34375, 0.275), (0.34375, 0.275), (0.34375, 0.275), (0.34375, 0.275), (0.34375, 0.275), (0.34375, 0.448205), (0.34375, 0.422224), (0.34375, 0.416421), (0.34375, 0.395208), (0.34375, 0.416421), (0.34375, 0.422224), (0.34375, 0.475), (0.34375, 0.475), (0.34375, 0.468185), (0.34375, 0.468185), (0.34375, 0.468185), (0.34375, 0.475), (0.34375, 0.275), (0.34375, 0.275), (0.34375, 0.275), (0.34375, 0.275), (0.34375, 0.275), (0.34375, 0.275), (0.34375, 0.275), (0.34375, 0.275), (0.34375, 0.275), (0.34375, 0.275), (0.34375, 0.275), (0.34375, 0.275), (0.34375, 0.468185), (0.34375, 0.468185), (0.34375, 0.448205), (0.34375, 0.448205), (0.34375, 0.448205), (0.34375, 0.468185), (0.34375, 0.275), (0.34375, 0.275), (0.34375, 0.275), (0.34375, 0.275), (0.34375, 0.275), (0.34375, 0.275), (0.34375, 0.275), (0.34375, 0.275), (0.34375, 0.275), (0.34375, 0.275), (0.34375, 0.275), (0.34375, 0.275), (0.34375, 0.275), (0.34375, 0.275), (0.34375, 0.275), (0.34375, 0.275), (0.34375, 0.275), (0.34375, 0.275), (0.34375, 0.275), (0.34375, 0.275), (0.34375, 0.275), (0.34375, 0.275), (0.34375, 0.275), (0.34375, 0.275), (0.34375, 0.375), (0.34375, 0.375), (0.34375, 0.326764), (0.34375, 0.326764), (0.34375, 0.326764), (0.34375, 0.375), (0.34375, 0.275), (0.34375, 0.275), (0.34375, 0.275), (0.34375, 0.275), (0.34375, 0.275), (0.34375, 0.275), (0.34375, 0.448205), (0.34375, 0.422224), (0.34375, 0.468185), (0.34375, 0.439207), (0.34375, 0.468185), (0.34375, 0.422224), (0.34375, 0.275), (0.34375, 0.275), (0.34375, 0.275), (0.34375, 0.275), (0.34375, 0.275), (0.34375, 0.275), (0.34375, 0.275), (0.34375, 0.275), (0.34375, 0.275), (0.34375, 0.275), (0.34375, 0.275), (0.34375, 0.275), (0.34375, 0.326764), (0.34375, 0.326764), (0.34375, 0.275), (0.34375, 0.275), (0.34375, 0.275), (0.34375, 0.326764), (0.34375, 0.448205), (0.34375, 0.448205), (0.34375, 0.416421), (0.34375, 0.416421), (0.34375, 0.416421), (0.34375, 0.448205), (0.34375, 0.318999), (0.34375, 0.326764), (0.34375, 0.275), (0.34375, 0.275), (0.34375, 0.275), (0.34375, 0.326764), (0.34375, 0.375), (0.34375, 0.36), (0.34375, 0.326764), (0.34375, 0.318999), (0.34375, 0.326764), (0.34375, 0.36), (0.34375, 0.326764), (0.34375, 0.326764), (0.34375, 0.275), (0.34375, 0.275), (0.34375, 0.275), (0.34375, 0.326764), (0.34375, 0.416421), (0.34375, 0.416421), (0.34375, 0.375), (0.34375, 0.375), (0.34375, 0.375), (0.34375, 0.416421), (0.34375, 0.439207), (0.34375, 0.468185), (0.34375, 0.445), (0.34375, 0.475), (0.34375, 0.445), (0.34375, 0.468185), (0.34375, 0.375), (0.34375, 0.326764), (0.34375, 0.36), (0.34375, 0.318999), (0.34375, 0.36), (0.34375, 0.326764), (0.34375, 0.445), (0.34375, 0.475), (0.34375, 0.439207), (0.34375, 0.468185), (0.34375, 0.439207), (0.34375, 0.475), (0.34375, 0.448205), (0.34375, 0.448205), (0.34375, 0.468185), (0.34375, 0.468185), (0.34375, 0.468185), (0.34375, 0.448205), (0.34375, 0.275), (0.34375, 0.275), (0.34375, 0.275), (0.34375, 0.275), (0.34375, 0.275), (0.34375, 0.275), (0.34375, 0.416421), (0.34375, 0.375), (0.34375, 0.395208), (0.34375, 0.36), (0.34375, 0.395208), (0.34375, 0.375), (0.34375, 0.275), (0.34375, 0.275), (0.34375, 0.275), (0.34375, 0.275), (0.34375, 0.275), (0.34375, 0.275), (0.34375, 0.275), (0.34375, 0.275), (0.34375, 0.275), (0.34375, 0.275), (0.34375, 0.275), (0.34375, 0.275), (0.34375, 0.275), (0.34375, 0.275), (0.34375, 0.275), (0.34375, 0.275), (0.34375, 0.275), (0.34375, 0.275), (0.34375, 0.275), (0.34375, 0.275), (0.34375, 0.275), (0.34375, 0.275), (0.34375, 0.275), (0.34375, 0.275), (0.34375, 0.275), (0.34375, 0.275), (0.34375, 0.275), (0.34375, 0.275), (0.34375, 0.275), (0.34375, 0.275), (0.34375, 0.275), (0.34375, 0.275), (0.34375, 0.275), (0.34375, 0.275), (0.34375, 0.275), (0.34375, 0.275), (0.34375, 0.468185), (0.34375, 0.468185), (0.34375, 0.475), (0.34375, 0.475), (0.34375, 0.475), (0.34375, 0.468185), (0.34375, 0.275), (0.34375, 0.275), (0.34375, 0.275), (0.34375, 0.275), (0.34375, 0.275), (0.34375, 0.275), (0.34375, 0.416421), (0.34375, 0.416421), (0.34375, 0.375), (0.34375, 0.375), (0.34375, 0.375), (0.34375, 0.416421), (0.34375, 0.275), (0.34375, 0.275), (0.34375, 0.275), (0.34375, 0.275), (0.34375, 0.275), (0.34375, 0.275), (0.34375, 0.422224), (0.34375, 0.448205), (0.34375, 0.439207), (0.34375, 0.468185), (0.34375, 0.439207), (0.34375, 0.448205), (0.34375, 0.375), (0.34375, 0.375), (0.34375, 0.326764), (0.34375, 0.326764), (0.34375, 0.326764), (0.34375, 0.375), (0.34375, 0.275), (0.34375, 0.275), (0.34375, 0.275), (0.34375, 0.275), (0.34375, 0.275), (0.34375, 0.275), (0.34375, 0.422224), (0.34375, 0.448205), (0.34375, 0.395208), (0.34375, 0.416421), (0.34375, 0.395208), (0.34375, 0.448205), (0.34375, 0.439207), (0.34375, 0.468185), (0.34375, 0.422224), (0.34375, 0.448205), (0.34375, 0.422224), (0.34375, 0.468185), (0.34375, 0.275), (0.34375, 0.275), (0.34375, 0.275), (0.34375, 0.275), (0.34375, 0.275), (0.34375, 0.275), (0.34375, 0.275), (0.34375, 0.275), (0.34375, 0.275), (0.34375, 0.275), (0.34375, 0.275), (0.34375, 0.275), (0.34375, 0.395208), (0.34375, 0.416421), (0.34375, 0.422224), (0.34375, 0.448205), (0.34375, 0.422224), (0.34375, 0.416421), (0.34375, 0.275), (0.34375, 0.275), (0.34375, 0.275), (0.34375, 0.275), (0.34375, 0.275), (0.34375, 0.275), (0.34375, 0.275), (0.34375, 0.275), (0.34375, 0.275), (0.34375, 0.275), (0.34375, 0.275), (0.34375, 0.275), (0.34375, 0.416421), (0.34375, 0.395208), (0.34375, 0.375), (0.34375, 0.36), (0.34375, 0.375), (0.34375, 0.395208), (0.34375, 0.275), (0.34375, 0.275), (0.34375, 0.275), (0.34375, 0.275), (0.34375, 0.275), (0.34375, 0.275), (0.34375, 0.326764), (0.34375, 0.318999), (0.34375, 0.275), (0.34375, 0.275), (0.34375, 0.275), (0.34375, 0.318999), (0.34375, 0.416421), (0.34375, 0.416421), (0.34375, 0.448205), (0.34375, 0.448205), (0.34375, 0.448205), (0.34375, 0.416421), (0.71875, 0.375), (0.71875, 0.400882), (0.71875, 0.349118), (0.71875, 0.349118), (0.71875, 0.400882), (0.71875, 0.325), (0.71875, 0.400882), (0.71875, 0.425), (0.71875, 0.325), (0.71875, 0.325), (0.71875, 0.425), (0.71875, 0.304289), (0.71875, 0.425), (0.71875, 0.445711), (0.71875, 0.304289), (0.71875, 0.445711), (0.71875, 0.375), (0.71875, 0.304289), (0.71875, 0.375), (0.71875, 0.357807), (0.71875, 0.304289), (0.71875, 0.375), (0.71875, 0.445711), (0.71875, 0.392193), (0.71875, 0.357807), (0.71875, 0.341786), (0.71875, 0.304289), (0.71875, 0.392193), (0.71875, 0.445711), (0.71875, 0.408214), (0.71875, 0.304289), (0.71875, 0.341786), (0.71875, 0.288397), (0.71875, 0.445711), (0.71875, 0.461603), (0.71875, 0.408214), (0.71875, 0.341786), (0.71875, 0.328029), (0.71875, 0.288397), (0.71875, 0.328029), (0.71875, 0.317472), (0.71875, 0.288397), (0.71875, 0.288397), (0.71875, 0.317472), (0.71875, 0.278407), (0.71875, 0.408214), (0.71875, 0.461603), (0.71875, 0.421971), (0.71875, 0.421971), (0.71875, 0.461603), (0.71875, 0.432528), (0.71875, 0.461603), (0.71875, 0.471593), (0.71875, 0.432528), (0.71875, 0.317472), (0.71875, 0.310836), (0.71875, 0.278407), (0.71875, 0.278407), (0.71875, 0.310836), (0.71875, 0.275), (0.71875, 0.310836), (0.71875, 0.308573), (0.71875, 0.275), (0.71875, 0.308573), (0.71875, 0.310836), (0.71875, 0.275), (0.71875, 0.275), (0.71875, 0.310836), (0.71875, 0.278407), (0.71875, 0.432528), (0.71875, 0.471593), (0.71875, 0.439164), (0.71875, 0.439164), (0.71875, 0.471593), (0.71875, 0.441427), (0.71875, 0.471593), (0.71875, 0.475), (0.71875, 0.441427), (0.71875, 0.310836), (0.71875, 0.317472), (0.71875, 0.278407), (0.71875, 0.317472), (0.71875, 0.328029), (0.71875, 0.278407), (0.71875, 0.278407), (0.71875, 0.328029), (0.71875, 0.288397), (0.71875, 0.441427), (0.71875, 0.475), (0.71875, 0.439164), (0.71875, 0.475), (0.71875, 0.471593), (0.71875, 0.439164), (0.71875, 0.439164), (0.71875, 0.471593), (0.71875, 0.432528), (0.71875, 0.432528), (0.71875, 0.471593), (0.71875, 0.421971), (0.71875, 0.471593), (0.71875, 0.461603), (0.71875, 0.421971), (0.71875, 0.328029), (0.71875, 0.341786), (0.71875, 0.288397), (0.71875, 0.341786), (0.71875, 0.357807), (0.71875, 0.288397), (0.71875, 0.288397), (0.71875, 0.357807), (0.71875, 0.304289), (0.71875, 0.421971), (0.71875, 0.461603), (0.71875, 0.408214), (0.71875, 0.408214), (0.71875, 0.461603), (0.71875, 0.392193), (0.71875, 0.461603), (0.71875, 0.445711), (0.71875, 0.392193), (0.71875, 0.357807), (0.71875, 0.375), (0.71875, 0.304289), (0.71875, 0.375), (0.71875, 0.392193), (0.71875, 0.445711), (0.71875, 0.375), (0.71875, 0.445711), (0.71875, 0.304289), (0.71875, 0.304289), (0.71875, 0.445711), (0.71875, 0.325), (0.71875, 0.445711), (0.71875, 0.425), (0.71875, 0.325), (0.71875, 0.325), (0.71875, 0.425), (0.71875, 0.349118), (0.71875, 0.425), (0.71875, 0.400882), (0.71875, 0.349118), (0.71875, 0.375), (0.71875, 0.349118), (0.71875, 0.400882), (0.71875, 0.335), (0.71875, 0.325353), (0.71875, 0.33), (0.71875, 0.322765), (0.71875, 0.33), (0.71875, 0.325353), (0.71875, 0.315), (0.71875, 0.307235), (0.71875, 0.315), (0.71875, 0.304647), (0.71875, 0.315), (0.71875, 0.307235), (0.71875, 0.3), (0.71875, 0.295), (0.71875, 0.293787), (0.71875, 0.286716), (0.71875, 0.293787), (0.71875, 0.295), (0.71875, 0.343284), (0.71875, 0.335), (0.71875, 0.336213), (0.71875, 0.33), (0.71875, 0.336213), (0.71875, 0.335), (0.71875, 0.3), (0.71875, 0.293787), (0.71875, 0.295), (0.71875, 0.286716), (0.71875, 0.295), (0.71875, 0.293787), (0.71875, 0.349641), (0.71875, 0.353637), (0.71875, 0.340981), (0.71875, 0.343978), (0.71875, 0.340981), (0.71875, 0.353637), (0.71875, 0.343284), (0.71875, 0.349641), (0.71875, 0.336213), (0.71875, 0.340981), (0.71875, 0.336213), (0.71875, 0.349641), (0.71875, 0.353637), (0.71875, 0.355), (0.71875, 0.343978), (0.71875, 0.345), (0.71875, 0.343978), (0.71875, 0.355), (0.71875, 0.315), (0.71875, 0.307235), (0.71875, 0.322765), (0.71875, 0.322765), (0.71875, 0.307235), (0.71875, 0.33), (0.71875, 0.307235), (0.71875, 0.3), (0.71875, 0.33), (0.71875, 0.33), (0.71875, 0.3), (0.71875, 0.336213), (0.71875, 0.3), (0.71875, 0.293787), (0.71875, 0.336213), (0.71875, 0.336213), (0.71875, 0.293787), (0.71875, 0.340981), (0.71875, 0.293787), (0.71875, 0.289019), (0.71875, 0.340981), (0.71875, 0.340981), (0.71875, 0.289019), (0.71875, 0.343978), (0.71875, 0.289019), (0.71875, 0.286022), (0.71875, 0.343978), (0.71875, 0.343978), (0.71875, 0.286022), (0.71875, 0.345), (0.71875, 0.286022), (0.71875, 0.285), (0.71875, 0.345), (0.71875, 0.345), (0.71875, 0.285), (0.71875, 0.343978), (0.71875, 0.285), (0.71875, 0.286022), (0.71875, 0.343978), (0.71875, 0.343978), (0.71875, 0.286022), (0.71875, 0.340981), (0.71875, 0.286022), (0.71875, 0.289019), (0.71875, 0.340981), (0.71875, 0.340981), (0.71875, 0.289019), (0.71875, 0.336213), (0.71875, 0.289019), (0.71875, 0.293787), (0.71875, 0.336213), (0.71875, 0.336213), (0.71875, 0.293787), (0.71875, 0.33), (0.71875, 0.293787), (0.71875, 0.3), (0.71875, 0.33), (0.71875, 0.33), (0.71875, 0.3), (0.71875, 0.322765), (0.71875, 0.3), (0.71875, 0.307235), (0.71875, 0.322765), (0.71875, 0.315), (0.71875, 0.322765), (0.71875, 0.307235), (0.71875, 0.307235), (0.71875, 0.304647), (0.71875, 0.3), (0.71875, 0.295), (0.71875, 0.3), (0.71875, 0.304647), (0.71875, 0.343284), (0.71875, 0.336213), (0.71875, 0.335), (0.71875, 0.33), (0.71875, 0.335), (0.71875, 0.336213), (0.71875, 0.353637), (0.71875, 0.349641), (0.71875, 0.343978), (0.71875, 0.340981), (0.71875, 0.343978), (0.71875, 0.349641), (0.71875, 0.280359), (0.71875, 0.289019), (0.71875, 0.276363), (0.71875, 0.286022), (0.71875, 0.276363), (0.71875, 0.289019), (0.71875, 0.349641), (0.71875, 0.343284), (0.71875, 0.340981), (0.71875, 0.336213), (0.71875, 0.340981), (0.71875, 0.343284), (0.71875, 0.307235), (0.71875, 0.3), (0.71875, 0.304647), (0.71875, 0.295), (0.71875, 0.304647), (0.71875, 0.3), (0.71875, 0.275), (0.71875, 0.276363), (0.71875, 0.285), (0.71875, 0.286022), (0.71875, 0.285), (0.71875, 0.276363), (0.71875, 0.325353), (0.71875, 0.322765), (0.71875, 0.315), (0.71875, 0.315), (0.71875, 0.315), (0.71875, 0.322765), (0.71875, 0.286716), (0.71875, 0.280359), (0.71875, 0.293787), (0.71875, 0.289019), (0.71875, 0.293787), (0.71875, 0.280359), (0.71875, 0.325353), (0.71875, 0.315), (0.71875, 0.322765), (0.71875, 0.315), (0.71875, 0.322765), (0.71875, 0.315), (0.71875, 0.335), (0.71875, 0.33), (0.71875, 0.325353), (0.71875, 0.322765), (0.71875, 0.325353), (0.71875, 0.33), (0.71875, 0.275), (0.71875, 0.285), (0.71875, 0.276363), (0.71875, 0.286022), (0.71875, 0.276363), (0.71875, 0.285), (0.71875, 0.315), (0.71875, 0.315), (0.71875, 0.307235), (0.71875, 0.304647), (0.71875, 0.307235), (0.71875, 0.315), (0.71875, 0.280359), (0.71875, 0.286716), (0.71875, 0.289019), (0.71875, 0.293787), (0.71875, 0.289019), (0.71875, 0.286716), (0.71875, 0.280359), (0.71875, 0.276363), (0.71875, 0.289019), (0.71875, 0.286022), (0.71875, 0.289019), (0.71875, 0.276363), (0.71875, 0.355), (0.71875, 0.353637), (0.71875, 0.345), (0.71875, 0.343978), (0.71875, 0.345), (0.71875, 0.353637), (0.34375, 0.416421), (0.34375, 0.448205), (0.34375, 0.448205), (0.34375, 0.448205), (0.34375, 0.416421), (0.34375, 0.416421), (0.34375, 0.318999), (0.34375, 0.275), (0.34375, 0.275), (0.34375, 0.275), (0.34375, 0.318999), (0.34375, 0.326764), (0.34375, 0.275), (0.34375, 0.275), (0.34375, 0.275), (0.34375, 0.275), (0.34375, 0.275), (0.34375, 0.275), (0.34375, 0.395208), (0.34375, 0.375), (0.34375, 0.36), (0.34375, 0.375), (0.34375, 0.395208), (0.34375, 0.416421), (0.34375, 0.275), (0.34375, 0.275), (0.34375, 0.275), (0.34375, 0.275), (0.34375, 0.275), (0.34375, 0.275), (0.34375, 0.275), (0.34375, 0.275), (0.34375, 0.275), (0.34375, 0.275), (0.34375, 0.275), (0.34375, 0.275), (0.34375, 0.416421), (0.34375, 0.422224), (0.34375, 0.448205), (0.34375, 0.422224), (0.34375, 0.416421), (0.34375, 0.395208), (0.34375, 0.275), (0.34375, 0.275), (0.34375, 0.275), (0.34375, 0.275), (0.34375, 0.275), (0.34375, 0.275), (0.34375, 0.275), (0.34375, 0.275), (0.34375, 0.275), (0.34375, 0.275), (0.34375, 0.275), (0.34375, 0.275), (0.34375, 0.468185), (0.34375, 0.422224), (0.34375, 0.448205), (0.34375, 0.422224), (0.34375, 0.468185), (0.34375, 0.439207), (0.34375, 0.448205), (0.34375, 0.395208), (0.34375, 0.416421), (0.34375, 0.395208), (0.34375, 0.448205), (0.34375, 0.422224), (0.34375, 0.275), (0.34375, 0.275), (0.34375, 0.275), (0.34375, 0.275), (0.34375, 0.275), (0.34375, 0.275), (0.34375, 0.375), (0.34375, 0.326764), (0.34375, 0.326764), (0.34375, 0.326764), (0.34375, 0.375), (0.34375, 0.375), (0.34375, 0.448205), (0.34375, 0.439207), (0.34375, 0.468185), (0.34375, 0.439207), (0.34375, 0.448205), (0.34375, 0.422224), (0.34375, 0.275), (0.34375, 0.275), (0.34375, 0.275), (0.34375, 0.275), (0.34375, 0.275), (0.34375, 0.275), (0.34375, 0.416421), (0.34375, 0.375), (0.34375, 0.375), (0.34375, 0.375), (0.34375, 0.416421), (0.34375, 0.416421), (0.34375, 0.275), (0.34375, 0.275), (0.34375, 0.275), (0.34375, 0.275), (0.34375, 0.275), (0.34375, 0.275), (0.34375, 0.468185), (0.34375, 0.475), (0.34375, 0.475), (0.34375, 0.475), (0.34375, 0.468185), (0.34375, 0.468185), (0.34375, 0.275), (0.34375, 0.275), (0.34375, 0.275), (0.34375, 0.275), (0.34375, 0.275), (0.34375, 0.275), (0.34375, 0.275), (0.34375, 0.275), (0.34375, 0.275), (0.34375, 0.275), (0.34375, 0.275), (0.34375, 0.275), (0.34375, 0.275), (0.34375, 0.275), (0.34375, 0.275), (0.34375, 0.275), (0.34375, 0.275), (0.34375, 0.275), (0.34375, 0.275), (0.34375, 0.275), (0.34375, 0.275), (0.34375, 0.275), (0.34375, 0.275), (0.34375, 0.275), (0.34375, 0.275), (0.34375, 0.275), (0.34375, 0.275), (0.34375, 0.275), (0.34375, 0.275), (0.34375, 0.275), (0.34375, 0.275), (0.34375, 0.275), (0.34375, 0.275), (0.34375, 0.275), (0.34375, 0.275), (0.34375, 0.275), (0.34375, 0.375), (0.34375, 0.395208), (0.34375, 0.36), (0.34375, 0.395208), (0.34375, 0.375), (0.34375, 0.416421), (0.34375, 0.275), (0.34375, 0.275), (0.34375, 0.275), (0.34375, 0.275), (0.34375, 0.275), (0.34375, 0.275), (0.34375, 0.448205), (0.34375, 0.468185), (0.34375, 0.468185), (0.34375, 0.468185), (0.34375, 0.448205), (0.34375, 0.448205), (0.34375, 0.475), (0.34375, 0.439207), (0.34375, 0.468185), (0.34375, 0.439207), (0.34375, 0.475), (0.34375, 0.445), (0.34375, 0.326764), (0.34375, 0.36), (0.34375, 0.318999), (0.34375, 0.36), (0.34375, 0.326764), (0.34375, 0.375), (0.34375, 0.468185), (0.34375, 0.445), (0.34375, 0.475), (0.34375, 0.445), (0.34375, 0.468185), (0.34375, 0.439207), (0.34375, 0.416421), (0.34375, 0.375), (0.34375, 0.375), (0.34375, 0.375), (0.34375, 0.416421), (0.34375, 0.416421), (0.34375, 0.326764), (0.34375, 0.275), (0.34375, 0.275), (0.34375, 0.275), (0.34375, 0.326764), (0.34375, 0.326764), (0.34375, 0.36), (0.34375, 0.326764), (0.34375, 0.318999), (0.34375, 0.326764), (0.34375, 0.36), (0.34375, 0.375), (0.34375, 0.326764), (0.34375, 0.275), (0.34375, 0.275), (0.34375, 0.275), (0.34375, 0.326764), (0.34375, 0.318999), (0.34375, 0.448205), (0.34375, 0.416421), (0.34375, 0.416421), (0.34375, 0.416421), (0.34375, 0.448205), (0.34375, 0.448205), (0.34375, 0.326764), (0.34375, 0.275), (0.34375, 0.275), (0.34375, 0.275), (0.34375, 0.326764), (0.34375, 0.326764), (0.34375, 0.275), (0.34375, 0.275), (0.34375, 0.275), (0.34375, 0.275), (0.34375, 0.275), (0.34375, 0.275), (0.34375, 0.275), (0.34375, 0.275), (0.34375, 0.275), (0.34375, 0.275), (0.34375, 0.275), (0.34375, 0.275), (0.34375, 0.422224), (0.34375, 0.468185), (0.34375, 0.439207), (0.34375, 0.468185), (0.34375, 0.422224), (0.34375, 0.448205), (0.34375, 0.275), (0.34375, 0.275), (0.34375, 0.275), (0.34375, 0.275), (0.34375, 0.275), (0.34375, 0.275), (0.34375, 0.375), (0.34375, 0.326764), (0.34375, 0.326764), (0.34375, 0.326764), (0.34375, 0.375), (0.34375, 0.375), (0.34375, 0.275), (0.34375, 0.275), (0.34375, 0.275), (0.34375, 0.275), (0.34375, 0.275), (0.34375, 0.275), (0.34375, 0.275), (0.34375, 0.275), (0.34375, 0.275), (0.34375, 0.275), (0.34375, 0.275), (0.34375, 0.275), (0.34375, 0.275), (0.34375, 0.275), (0.34375, 0.275), (0.34375, 0.275), (0.34375, 0.275), (0.34375, 0.275), (0.34375, 0.275), (0.34375, 0.275), (0.34375, 0.275), (0.34375, 0.275), (0.34375, 0.275), (0.34375, 0.275), (0.34375, 0.468185), (0.34375, 0.448205), (0.34375, 0.448205), (0.34375, 0.448205), (0.34375, 0.468185), (0.34375, 0.468185), (0.34375, 0.275), (0.34375, 0.275), (0.34375, 0.275), (0.34375, 0.275), (0.34375, 0.275), (0.34375, 0.275), (0.34375, 0.275), (0.34375, 0.275), (0.34375, 0.275), (0.34375, 0.275), (0.34375, 0.275), (0.34375, 0.275), (0.34375, 0.475), (0.34375, 0.468185), (0.34375, 0.468185), (0.34375, 0.468185), (0.34375, 0.475), (0.34375, 0.475), (0.34375, 0.422224), (0.34375, 0.416421), (0.34375, 0.395208), (0.34375, 0.416421), (0.34375, 0.422224), (0.34375, 0.448205), (0.34375, 0.275), (0.34375, 0.275), (0.34375, 0.275), (0.34375, 0.275), (0.34375, 0.275), (0.34375, 0.275), (0.34375, 0.445), (0.34375, 0.468185), (0.34375, 0.439207), (0.34375, 0.468185), (0.34375, 0.445), (0.34375, 0.475), (0.34375, 0.439207), (0.34375, 0.448205), (0.34375, 0.422224), (0.34375, 0.448205), (0.34375, 0.439207), (0.34375, 0.468185), (0.34375, 0.326764), (0.34375, 0.36), (0.34375, 0.318999), (0.34375, 0.36), (0.34375, 0.326764), (0.34375, 0.375), (0.34375, 0.318999), (0.34375, 0.275), (0.34375, 0.275), (0.34375, 0.275), (0.34375, 0.318999), (0.34375, 0.326764), (0.34375, 0.275), (0.34375, 0.275), (0.34375, 0.275), (0.34375, 0.275), (0.34375, 0.275), (0.34375, 0.275), (0.34375, 0.395208), (0.34375, 0.375), (0.34375, 0.36), (0.34375, 0.375), (0.34375, 0.395208), (0.34375, 0.416421), (0.34375, 0.275), (0.34375, 0.275), (0.34375, 0.275), (0.34375, 0.275), (0.34375, 0.275), (0.34375, 0.275), (0.34375, 0.275), (0.34375, 0.275), (0.34375, 0.275), (0.34375, 0.275), (0.34375, 0.275), (0.34375, 0.275), (0.34375, 0.275), (0.34375, 0.275), (0.34375, 0.275), (0.34375, 0.275), (0.34375, 0.275), (0.34375, 0.275), (0.34375, 0.275), (0.34375, 0.275), (0.34375, 0.275), (0.34375, 0.275), (0.34375, 0.275), (0.34375, 0.275), (0.34375, 0.375), (0.34375, 0.395208), (0.34375, 0.36), (0.34375, 0.395208), (0.34375, 0.375), (0.34375, 0.416421), (0.34375, 0.275), (0.34375, 0.275), (0.34375, 0.275), (0.34375, 0.275), (0.34375, 0.275), (0.34375, 0.275), (0.34375, 0.275), (0.34375, 0.275), (0.34375, 0.275), (0.34375, 0.275), (0.34375, 0.275), (0.34375, 0.275), (0.34375, 0.275), (0.34375, 0.275), (0.34375, 0.275), (0.34375, 0.275), (0.34375, 0.275), (0.34375, 0.275), (0.34375, 0.395208), (0.34375, 0.448205), (0.34375, 0.422224), (0.34375, 0.448205), (0.34375, 0.395208), (0.34375, 0.416421), (0.34375, 0.439207), (0.34375, 0.475), (0.34375, 0.445), (0.34375, 0.475), (0.34375, 0.439207), (0.34375, 0.468185), (0.34375, 0.275), (0.34375, 0.275), (0.34375, 0.275), (0.34375, 0.275), (0.34375, 0.275), (0.34375, 0.275), (0.34375, 0.275), (0.34375, 0.275), (0.34375, 0.275), (0.34375, 0.275), (0.34375, 0.275), (0.34375, 0.275), (0.34375, 0.326764), (0.34375, 0.275), (0.34375, 0.275), (0.34375, 0.275), (0.34375, 0.326764), (0.34375, 0.318999), (0.34375, 0.318999), (0.34375, 0.275), (0.34375, 0.275), (0.34375, 0.275), (0.34375, 0.318999), (0.34375, 0.275), (0.34375, 0.275), (0.34375, 0.318999), (0.34375, 0.36), (0.34375, 0.275), (0.34375, 0.36), (0.34375, 0.395208), (0.34375, 0.275), (0.34375, 0.395208), (0.34375, 0.275), (0.34375, 0.275), (0.34375, 0.395208), (0.34375, 0.422224), (0.34375, 0.275), (0.34375, 0.422224), (0.34375, 0.275), (0.34375, 0.275), (0.34375, 0.422224), (0.34375, 0.439207), (0.34375, 0.275), (0.34375, 0.439207), (0.34375, 0.275), (0.34375, 0.275), (0.34375, 0.439207), (0.34375, 0.445), (0.34375, 0.275), (0.34375, 0.445), (0.34375, 0.275), (0.34375, 0.275), (0.34375, 0.445), (0.34375, 0.439207), (0.34375, 0.275), (0.34375, 0.439207), (0.34375, 0.275), (0.34375, 0.275), (0.34375, 0.439207), (0.34375, 0.422224), (0.34375, 0.275), (0.34375, 0.422224), (0.34375, 0.275), (0.34375, 0.275), (0.34375, 0.422224), (0.34375, 0.395208), (0.34375, 0.275), (0.34375, 0.395208), (0.34375, 0.275), (0.34375, 0.275), (0.34375, 0.395208), (0.34375, 0.36), (0.34375, 0.275), (0.34375, 0.36), (0.34375, 0.275), (0.34375, 0.275), (0.34375, 0.36), (0.34375, 0.318999), (0.34375, 0.275), (0.34375, 0.318999), (0.34375, 0.275), (0.34375, 0.275), (0.34375, 0.318999), (0.34375, 0.275), (0.34375, 0.275), (0.34375, 0.275), (0.34375, 0.275), (0.34375, 0.275), (0.34375, 0.275), (0.34375, 0.275), (0.34375, 0.36), (0.34375, 0.326764), (0.34375, 0.318999), (0.34375, 0.326764), (0.34375, 0.36), (0.34375, 0.375), (0.34375, 0.275), (0.34375, 0.318999), (0.34375, 0.275), (0.34375, 0.318999), (0.34375, 0.275), (0.34375, 0.275), (0.34375, 0.318999), (0.34375, 0.275), (0.34375, 0.36), (0.34375, 0.36), (0.34375, 0.275), (0.34375, 0.275), (0.34375, 0.36), (0.34375, 0.275), (0.34375, 0.275), (0.34375, 0.275), (0.34375, 0.395208), (0.34375, 0.36), (0.34375, 0.275), (0.34375, 0.275), (0.34375, 0.275), (0.34375, 0.395208), (0.34375, 0.275), (0.34375, 0.306294), (0.34375, 0.275), (0.34375, 0.275), (0.34375, 0.275), (0.34375, 0.395208), (0.34375, 0.306294), (0.34375, 0.422224), (0.34375, 0.275), (0.34375, 0.275), (0.34375, 0.275), (0.34375, 0.275), (0.34375, 0.275), (0.34375, 0.275), (0.34375, 0.275), (0.34375, 0.275), (0.34375, 0.275), (0.34375, 0.275), (0.34375, 0.275), (0.34375, 0.275), (0.34375, 0.275), (0.34375, 0.275), (0.34375, 0.275), (0.34375, 0.275), (0.34375, 0.275), (0.34375, 0.275), (0.34375, 0.275), (0.34375, 0.275), (0.34375, 0.275), (0.34375, 0.422224), (0.34375, 0.306294), (0.34375, 0.335456), (0.34375, 0.422224), (0.34375, 0.335456), (0.34375, 0.360498), (0.34375, 0.422224), (0.34375, 0.360498), (0.34375, 0.379713), (0.34375, 0.422224), (0.34375, 0.379713), (0.34375, 0.439207), (0.34375, 0.439207), (0.34375, 0.379713), (0.34375, 0.391792), (0.34375, 0.275), (0.34375, 0.275), (0.34375, 0.275), (0.34375, 0.275), (0.34375, 0.275), (0.34375, 0.275), (0.34375, 0.275), (0.34375, 0.275), (0.34375, 0.275), (0.34375, 0.275), (0.34375, 0.275), (0.34375, 0.275), (0.34375, 0.275), (0.34375, 0.275), (0.34375, 0.275), (0.34375, 0.439207), (0.34375, 0.391792), (0.34375, 0.445), (0.34375, 0.445), (0.34375, 0.391792), (0.34375, 0.395912), (0.34375, 0.445), (0.34375, 0.395912), (0.34375, 0.391792), (0.34375, 0.445), (0.34375, 0.391792), (0.34375, 0.439207), (0.34375, 0.439207), (0.34375, 0.391792), (0.34375, 0.379713), (0.34375, 0.439207), (0.34375, 0.379713), (0.34375, 0.422224), (0.34375, 0.422224), (0.34375, 0.379713), (0.34375, 0.360498), (0.34375, 0.275), (0.34375, 0.275), (0.34375, 0.275), (0.34375, 0.422224), (0.34375, 0.360498), (0.34375, 0.395208), (0.34375, 0.275), (0.34375, 0.275), (0.34375, 0.275), (0.34375, 0.275), (0.34375, 0.275), (0.34375, 0.275), (0.34375, 0.395208), (0.34375, 0.360498), (0.34375, 0.335456), (0.34375, 0.395208), (0.34375, 0.335456), (0.34375, 0.306294), (0.34375, 0.275), (0.34375, 0.275), (0.34375, 0.275), (0.34375, 0.395208), (0.34375, 0.306294), (0.34375, 0.275), (0.34375, 0.275), (0.34375, 0.275), (0.34375, 0.275), (0.34375, 0.395208), (0.34375, 0.275), (0.34375, 0.36), (0.34375, 0.36), (0.34375, 0.275), (0.34375, 0.275), (0.34375, 0.36), (0.34375, 0.275), (0.34375, 0.275), (0.34375, 0.36), (0.34375, 0.275), (0.34375, 0.318999), (0.34375, 0.318999), (0.34375, 0.275), (0.34375, 0.275), (0.71875, 0.400882), (0.71875, 0.349118), (0.71875, 0.375), (0.71875, 0.349118), (0.71875, 0.400882), (0.71875, 0.425), (0.71875, 0.349118), (0.71875, 0.425), (0.71875, 0.325), (0.71875, 0.325), (0.71875, 0.425), (0.71875, 0.445711), (0.71875, 0.325), (0.71875, 0.445711), (0.71875, 0.304289), (0.71875, 0.304289), (0.71875, 0.445711), (0.71875, 0.375), (0.71875, 0.445711), (0.71875, 0.392193), (0.71875, 0.375), (0.71875, 0.304289), (0.71875, 0.375), (0.71875, 0.357807), (0.71875, 0.392193), (0.71875, 0.445711), (0.71875, 0.461603), (0.71875, 0.392193), (0.71875, 0.461603), (0.71875, 0.408214), (0.71875, 0.408214), (0.71875, 0.461603), (0.71875, 0.421971), (0.71875, 0.304289), (0.71875, 0.357807), (0.71875, 0.288397), (0.71875, 0.288397), (0.71875, 0.357807), (0.71875, 0.341786), (0.71875, 0.288397), (0.71875, 0.341786), (0.71875, 0.328029), (0.71875, 0.421971), (0.71875, 0.461603), (0.71875, 0.471593), (0.71875, 0.421971), (0.71875, 0.471593), (0.71875, 0.432528), (0.71875, 0.432528), (0.71875, 0.471593), (0.71875, 0.439164), (0.71875, 0.439164), (0.71875, 0.471593), (0.71875, 0.475), (0.71875, 0.439164), (0.71875, 0.475), (0.71875, 0.441427), (0.71875, 0.288397), (0.71875, 0.328029), (0.71875, 0.278407), (0.71875, 0.278407), (0.71875, 0.328029), (0.71875, 0.317472), (0.71875, 0.278407), (0.71875, 0.317472), (0.71875, 0.310836), (0.71875, 0.441427), (0.71875, 0.475), (0.71875, 0.471593), (0.71875, 0.441427), (0.71875, 0.471593), (0.71875, 0.439164), (0.71875, 0.439164), (0.71875, 0.471593), (0.71875, 0.432528), (0.71875, 0.278407), (0.71875, 0.310836), (0.71875, 0.275), (0.71875, 0.275), (0.71875, 0.310836), (0.71875, 0.308573), (0.71875, 0.275), (0.71875, 0.308573), (0.71875, 0.310836), (0.71875, 0.275), (0.71875, 0.310836), (0.71875, 0.278407), (0.71875, 0.278407), (0.71875, 0.310836), (0.71875, 0.317472), (0.71875, 0.432528), (0.71875, 0.471593), (0.71875, 0.461603), (0.71875, 0.432528), (0.71875, 0.461603), (0.71875, 0.421971), (0.71875, 0.421971), (0.71875, 0.461603), (0.71875, 0.408214), (0.71875, 0.278407), (0.71875, 0.317472), (0.71875, 0.288397), (0.71875, 0.288397), (0.71875, 0.317472), (0.71875, 0.328029), (0.71875, 0.288397), (0.71875, 0.328029), (0.71875, 0.341786), (0.71875, 0.408214), (0.71875, 0.461603), (0.71875, 0.445711), (0.71875, 0.288397), (0.71875, 0.341786), (0.71875, 0.304289), (0.71875, 0.408214), (0.71875, 0.445711), (0.71875, 0.392193), (0.71875, 0.304289), (0.71875, 0.341786), (0.71875, 0.357807), (0.71875, 0.392193), (0.71875, 0.445711), (0.71875, 0.375), (0.71875, 0.304289), (0.71875, 0.357807), (0.71875, 0.375), (0.71875, 0.304289), (0.71875, 0.375), (0.71875, 0.445711), (0.71875, 0.304289), (0.71875, 0.445711), (0.71875, 0.425), (0.71875, 0.304289), (0.71875, 0.425), (0.71875, 0.325), (0.71875, 0.325), (0.71875, 0.425), (0.71875, 0.400882), (0.71875, 0.325), (0.71875, 0.400882), (0.71875, 0.349118), (0.71875, 0.349118), (0.71875, 0.400882), (0.71875, 0.375), (0.71875, 0.353637), (0.71875, 0.345), (0.71875, 0.343978), (0.71875, 0.345), (0.71875, 0.353637), (0.71875, 0.355), (0.71875, 0.276363), (0.71875, 0.289019), (0.71875, 0.286022), (0.71875, 0.289019), (0.71875, 0.276363), (0.71875, 0.280359), (0.71875, 0.286716), (0.71875, 0.289019), (0.71875, 0.293787), (0.71875, 0.289019), (0.71875, 0.286716), (0.71875, 0.280359), (0.71875, 0.315), (0.71875, 0.307235), (0.71875, 0.304647), (0.71875, 0.307235), (0.71875, 0.315), (0.71875, 0.315), (0.71875, 0.285), (0.71875, 0.276363), (0.71875, 0.286022), (0.71875, 0.276363), (0.71875, 0.285), (0.71875, 0.275), (0.71875, 0.33), (0.71875, 0.325353), (0.71875, 0.322765), (0.71875, 0.325353), (0.71875, 0.33), (0.71875, 0.335), (0.71875, 0.315), (0.71875, 0.322765), (0.71875, 0.315), (0.71875, 0.322765), (0.71875, 0.315), (0.71875, 0.325353), (0.71875, 0.280359), (0.71875, 0.293787), (0.71875, 0.289019), (0.71875, 0.293787), (0.71875, 0.280359), (0.71875, 0.286716), (0.71875, 0.322765), (0.71875, 0.315), (0.71875, 0.315), (0.71875, 0.315), (0.71875, 0.322765), (0.71875, 0.325353), (0.71875, 0.276363), (0.71875, 0.285), (0.71875, 0.286022), (0.71875, 0.285), (0.71875, 0.276363), (0.71875, 0.275), (0.71875, 0.3), (0.71875, 0.304647), (0.71875, 0.295), (0.71875, 0.304647), (0.71875, 0.3), (0.71875, 0.307235), (0.71875, 0.343284), (0.71875, 0.340981), (0.71875, 0.336213), (0.71875, 0.340981), (0.71875, 0.343284), (0.71875, 0.349641), (0.71875, 0.289019), (0.71875, 0.276363), (0.71875, 0.286022), (0.71875, 0.276363), (0.71875, 0.289019), (0.71875, 0.280359), (0.71875, 0.349641), (0.71875, 0.343978), (0.71875, 0.340981), (0.71875, 0.343978), (0.71875, 0.349641), (0.71875, 0.353637), (0.71875, 0.336213), (0.71875, 0.335), (0.71875, 0.33), (0.71875, 0.335), (0.71875, 0.336213), (0.71875, 0.343284), (0.71875, 0.304647), (0.71875, 0.3), (0.71875, 0.295), (0.71875, 0.3), (0.71875, 0.304647), (0.71875, 0.307235), (0.71875, 0.307235), (0.71875, 0.322765), (0.71875, 0.315), (0.71875, 0.322765), (0.71875, 0.307235), (0.71875, 0.3), (0.71875, 0.322765), (0.71875, 0.3), (0.71875, 0.33), (0.71875, 0.33), (0.71875, 0.3), (0.71875, 0.293787), (0.71875, 0.33), (0.71875, 0.293787), (0.71875, 0.336213), (0.71875, 0.336213), (0.71875, 0.293787), (0.71875, 0.289019), (0.71875, 0.336213), (0.71875, 0.289019), (0.71875, 0.340981), (0.71875, 0.340981), (0.71875, 0.289019), (0.71875, 0.286022), (0.71875, 0.340981), (0.71875, 0.286022), (0.71875, 0.343978), (0.71875, 0.343978), (0.71875, 0.286022), (0.71875, 0.285), (0.71875, 0.343978), (0.71875, 0.285), (0.71875, 0.345), (0.71875, 0.345), (0.71875, 0.285), (0.71875, 0.286022), (0.71875, 0.345), (0.71875, 0.286022), (0.71875, 0.343978), (0.71875, 0.343978), (0.71875, 0.286022), (0.71875, 0.289019), (0.71875, 0.343978), (0.71875, 0.289019), (0.71875, 0.340981), (0.71875, 0.340981), (0.71875, 0.289019), (0.71875, 0.293787), (0.71875, 0.340981), (0.71875, 0.293787), (0.71875, 0.336213), (0.71875, 0.336213), (0.71875, 0.293787), (0.71875, 0.3), (0.71875, 0.336213), (0.71875, 0.3), (0.71875, 0.33), (0.71875, 0.33), (0.71875, 0.3), (0.71875, 0.307235), (0.71875, 0.33), (0.71875, 0.307235), (0.71875, 0.322765), (0.71875, 0.322765), (0.71875, 0.307235), (0.71875, 0.315), (0.71875, 0.355), (0.71875, 0.343978), (0.71875, 0.345), (0.71875, 0.343978), (0.71875, 0.355), (0.71875, 0.353637), (0.71875, 0.349641), (0.71875, 0.336213), (0.71875, 0.340981), (0.71875, 0.336213), (0.71875, 0.349641), (0.71875, 0.343284), (0.71875, 0.353637), (0.71875, 0.340981), (0.71875, 0.343978), (0.71875, 0.340981), (0.71875, 0.353637), (0.71875, 0.349641), (0.71875, 0.293787), (0.71875, 0.295), (0.71875, 0.286716), (0.71875, 0.295), (0.71875, 0.293787), (0.71875, 0.3), (0.71875, 0.335), (0.71875, 0.336213), (0.71875, 0.33), (0.71875, 0.336213), (0.71875, 0.335), (0.71875, 0.343284), (0.71875, 0.295), (0.71875, 0.293787), (0.71875, 0.286716), (0.71875, 0.293787), (0.71875, 0.295), (0.71875, 0.3), (0.71875, 0.307235), (0.71875, 0.315), (0.71875, 0.304647), (0.71875, 0.315), (0.71875, 0.307235), (0.71875, 0.315), (0.71875, 0.325353), (0.71875, 0.33), (0.71875, 0.322765), (0.71875, 0.33), (0.71875, 0.325353), (0.71875, 0.335)] (interpolation = "faceVarying")
        uniform token subdivisionScheme = "none"
        rel material:binding = </Vehicle/Materials/colormap>
    }
    def Scope "Materials" {
        def Material "colormap" {
            token outputs:surface.connect = </Vehicle/Materials/colormap/surface.outputs:surface>
            def Shader "surface" {
                uniform token info:id = "UsdPreviewSurface"
                float inputs:roughness = 0.7
                float inputs:metallic = 0
                color3f inputs:diffuseColor.connect = </Vehicle/Materials/colormap/texture.outputs:rgb>
                token outputs:surface
            }
            def Shader "stReader" {
                uniform token info:id = "UsdPrimvarReader_float2"
                token inputs:varname = "st"
                float2 outputs:result
            }
            def Shader "texture" {
                uniform token info:id = "UsdUVTexture"
                asset inputs:file = @kenney-car-colormap.png@
                float2 inputs:st.connect = </Vehicle/Materials/colormap/stReader.outputs:result>
                token inputs:wrapS = "repeat"
                token inputs:wrapT = "repeat"
                float3 outputs:rgb
            }
        }
    }
}
